unixtime,hour_utc,hour_dk,area,temp_mean_past1h,radia_glob_past1h,wind_speed_past1h,precip_past1h,pressure,humidity_past1h,cloud_cover
1767232800,2026-01-01 02:00:00,2026-01-01 03:00:00,fyn,4.975,0.0,7.675,0.1,994.088,68.0,90.0
1767236400,2026-01-01 03:00:00,2026-01-01 04:00:00,fyn,4.95,0.0,8.55,0.1,991.992,67.75,90.0
1767240000,2026-01-01 04:00:00,2026-01-01 05:00:00,fyn,4.825,0.0,8.975,0.0333333,989.888,68.25,90.0
1767243600,2026-01-01 05:00:00,2026-01-01 06:00:00,fyn,5.0,0.0,9.15,0.0666667,988.058,68.0,90.0
1767247200,2026-01-01 06:00:00,2026-01-01 07:00:00,fyn,4.425,0.0,9.175,2.43333,986.608,68.0,90.0
1767250800,2026-01-01 07:00:00,2026-01-01 08:00:00,fyn,3.475,0.0,6.875,0.366667,985.188,68.75,63.3333
1767254400,2026-01-01 08:00:00,2026-01-01 09:00:00,fyn,3.275,0.0,7.275,0.0666667,984.088,69.25,76.6667
1767258000,2026-01-01 09:00:00,2026-01-01 10:00:00,fyn,3.7,8.0,8.05,0.4,982.808,68.5,68.3333
1767261600,2026-01-01 10:00:00,2026-01-01 11:00:00,fyn,3.675,36.5,8.625,0.233333,981.562,66.5,41.6667
1767265200,2026-01-01 11:00:00,2026-01-01 12:00:00,fyn,4.1,107.0,8.2,0.2,980.688,65.25,85.0
1767268800,2026-01-01 12:00:00,2026-01-01 13:00:00,fyn,4.025,83.5,7.925,0.0666667,980.075,63.25,66.6667
1767272400,2026-01-01 13:00:00,2026-01-01 14:00:00,fyn,3.775,87.5,7.4,0.0333333,979.575,63.5,6.66667
1767276000,2026-01-01 14:00:00,2026-01-01 15:00:00,fyn,3.55,55.5,6.8,0.5,979.017,64.75,38.3333
1767279600,2026-01-01 15:00:00,2026-01-01 16:00:00,fyn,3.775,9.0,7.45,0.5,978.713,64.25,75.0
1767283200,2026-01-01 16:00:00,2026-01-01 17:00:00,fyn,3.675,0.0,7.35,0.366667,978.754,65.0,86.6667
1767286800,2026-01-01 17:00:00,2026-01-01 18:00:00,fyn,3.3,0.0,7.25,0.233333,978.475,66.0,90.0
1767290400,2026-01-01 18:00:00,2026-01-01 19:00:00,fyn,3.1,0.0,7.35,0.0,977.958,65.75,66.6667
1767294000,2026-01-01 19:00:00,2026-01-01 20:00:00,fyn,3.225,0.0,7.3,0.0,977.358,63.75,38.3333
1767297600,2026-01-01 20:00:00,2026-01-01 21:00:00,fyn,3.3,0.0,8.025,0.0,976.562,61.75,41.6667
1767301200,2026-01-01 21:00:00,2026-01-01 22:00:00,fyn,3.1,0.0,9.175,0.0333333,975.062,61.25,45.0
1767304800,2026-01-01 22:00:00,2026-01-01 23:00:00,fyn,2.75,0.0,9.8,0.533333,973.708,64.0,90.0
1767308400,2026-01-01 23:00:00,2026-01-02 00:00:00,fyn,2.3,0.0,9.825,1.13333,972.554,69.5,93.3333
1767312000,2026-01-02 00:00:00,2026-01-02 01:00:00,fyn,3.1,0.0,8.3,0.233333,972.525,70.5,91.6667
1767315600,2026-01-02 01:00:00,2026-01-02 02:00:00,fyn,3.5,0.0,7.975,0.0666667,974.071,68.75,98.3333
1767319200,2026-01-02 02:00:00,2026-01-02 03:00:00,fyn,2.55,0.0,7.75,0.0,975.754,65.75,91.6667
1767322800,2026-01-02 03:00:00,2026-01-02 04:00:00,fyn,1.2,0.0,6.525,0.0,976.917,63.5,33.3333
1767326400,2026-01-02 04:00:00,2026-01-02 05:00:00,fyn,0.5,0.0,4.775,0.0,977.433,63.25,46.6667
1767330000,2026-01-02 05:00:00,2026-01-02 06:00:00,fyn,0.375,0.0,4.025,0.0,977.862,64.0,93.3333
1767333600,2026-01-02 06:00:00,2026-01-02 07:00:00,fyn,0.4,0.0,3.925,0.0,978.654,64.75,85.0
1767337200,2026-01-02 07:00:00,2026-01-02 08:00:00,fyn,0.275,0.0,3.625,0.0,979.25,65.75,70.0
1767340800,2026-01-02 08:00:00,2026-01-02 09:00:00,fyn,-0.05,0.0,2.925,0.0,979.817,66.25,85.0
1767344400,2026-01-02 09:00:00,2026-01-02 10:00:00,fyn,-0.275,15.5,2.6,0.0,980.317,65.75,90.0
1767348000,2026-01-02 10:00:00,2026-01-02 11:00:00,fyn,-0.175,36.5,2.975,0.0,980.492,64.5,68.3333
1767351600,2026-01-02 11:00:00,2026-01-02 12:00:00,fyn,0.525,102.5,3.025,0.0,980.379,60.5,0.0
1767355200,2026-01-02 12:00:00,2026-01-02 13:00:00,fyn,0.85,72.0,3.7,0.0,980.533,56.5,23.3333
1767358800,2026-01-02 13:00:00,2026-01-02 14:00:00,fyn,0.325,62.5,4.175,0.0,980.771,62.5,81.6667
1767362400,2026-01-02 14:00:00,2026-01-02 15:00:00,fyn,0.25,53.5,5.25,0.0,981.45,61.25,36.6667
1767366000,2026-01-02 15:00:00,2026-01-02 16:00:00,fyn,-0.15,21.0,6.925,0.166667,982.275,61.25,65.0
1767369600,2026-01-02 16:00:00,2026-01-02 17:00:00,fyn,-0.75,0.0,7.325,0.0333333,983.312,65.25,76.6667
1767373200,2026-01-02 17:00:00,2026-01-02 18:00:00,fyn,-1.025,0.0,7.85,0.0,984.292,63.75,90.0
1767376800,2026-01-02 18:00:00,2026-01-02 19:00:00,fyn,-1.325,0.0,7.975,0.0,985.308,60.5,90.0
1767380400,2026-01-02 19:00:00,2026-01-02 20:00:00,fyn,-1.525,0.0,7.875,0.0,986.229,59.75,96.6667
1767384000,2026-01-02 20:00:00,2026-01-02 21:00:00,fyn,-1.525,0.0,7.3,0.1,986.975,60.5,90.0
1767387600,2026-01-02 21:00:00,2026-01-02 22:00:00,fyn,-1.65,0.0,7.35,0.0,987.596,60.75,90.0
1767391200,2026-01-02 22:00:00,2026-01-02 23:00:00,fyn,-1.825,0.0,6.8,0.0,988.192,57.25,98.3333
1767394800,2026-01-02 23:00:00,2026-01-03 00:00:00,fyn,-2.075,0.0,5.975,0.0,988.75,52.75,18.3333
1767398400,2026-01-03 00:00:00,2026-01-03 01:00:00,fyn,-2.975,0.0,4.85,0.0,989.162,54.75,5.0
1767402000,2026-01-03 01:00:00,2026-01-03 02:00:00,fyn,-3.45,0.0,4.8,0.0,989.483,55.75,18.3333
1767405600,2026-01-03 02:00:00,2026-01-03 03:00:00,fyn,-3.75,0.0,4.45,0.0,989.929,56.25,58.3333
1767409200,2026-01-03 03:00:00,2026-01-03 04:00:00,fyn,-3.975,0.0,3.975,0.0,990.179,58.0,71.6667
1767412800,2026-01-03 04:00:00,2026-01-03 05:00:00,fyn,-4.35,0.0,3.8,0.0,990.263,56.75,3.33333
1767416400,2026-01-03 05:00:00,2026-01-03 06:00:00,fyn,-4.875,0.0,3.475,0.0,990.513,55.75,0.0
1767420000,2026-01-03 06:00:00,2026-01-03 07:00:00,fyn,-5.125,0.0,3.75,0.0,990.754,54.0,0.0
1767423600,2026-01-03 07:00:00,2026-01-03 08:00:00,fyn,-5.325,0.0,3.375,0.0,990.888,52.0,0.0
1767427200,2026-01-03 08:00:00,2026-01-03 09:00:00,fyn,-5.675,0.5,2.725,0.0,991.221,53.25,0.0
1767430800,2026-01-03 09:00:00,2026-01-03 10:00:00,fyn,-5.55,33.5,2.775,0.0,991.467,54.25,0.0
1767434400,2026-01-03 10:00:00,2026-01-03 11:00:00,fyn,-4.325,111.5,2.03333,0.0,991.625,53.5,0.0
1767438000,2026-01-03 11:00:00,2026-01-03 12:00:00,fyn,-3.5,115.0,2.5,0.0,991.608,52.0,6.66667
1767441600,2026-01-03 12:00:00,2026-01-03 13:00:00,fyn,-2.95,110.5,2.875,0.0,991.379,50.0,5.0
1767445200,2026-01-03 13:00:00,2026-01-03 14:00:00,fyn,-2.875,103.0,2.4,0.0,991.396,48.75,6.66667
1767448800,2026-01-03 14:00:00,2026-01-03 15:00:00,fyn,-3.325,67.0,2.025,0.0,991.546,50.25,1.66667
1767452400,2026-01-03 15:00:00,2026-01-03 16:00:00,fyn,-4.0,16.0,1.925,0.0,991.692,52.75,6.66667
1767456000,2026-01-03 16:00:00,2026-01-03 17:00:00,fyn,-5.1,0.0,2.4,0.0,991.912,57.5,0.0
1767459600,2026-01-03 17:00:00,2026-01-03 18:00:00,fyn,-5.6,0.0,2.95,0.0,992.079,60.0,0.0
1767463200,2026-01-03 18:00:00,2026-01-03 19:00:00,fyn,-5.225,0.0,3.75,0.0,992.537,61.75,1.66667
1767466800,2026-01-03 19:00:00,2026-01-03 20:00:00,fyn,-4.85,0.0,4.675,0.0,993.121,64.0,0.0
1767470400,2026-01-03 20:00:00,2026-01-03 21:00:00,fyn,-4.8,0.0,4.675,0.0,993.579,62.25,0.0
1767474000,2026-01-03 21:00:00,2026-01-03 22:00:00,fyn,-4.975,0.0,4.375,0.0,994.196,64.0,3.33333
1767477600,2026-01-03 22:00:00,2026-01-03 23:00:00,fyn,-4.8,0.0,4.3,0.0,994.75,65.25,30.0
1767481200,2026-01-03 23:00:00,2026-01-04 00:00:00,fyn,-4.725,0.0,4.175,0.0,995.213,65.75,63.3333
1767484800,2026-01-04 00:00:00,2026-01-04 01:00:00,fyn,-5.025,0.0,3.95,0.0,995.596,66.75,70.0
1767488400,2026-01-04 01:00:00,2026-01-04 02:00:00,fyn,-5.1,0.0,3.925,0.0,995.967,67.0,41.6667
1767492000,2026-01-04 02:00:00,2026-01-04 03:00:00,fyn,-4.85,0.0,3.875,0.0,996.15,66.25,86.6667
1767495600,2026-01-04 03:00:00,2026-01-04 04:00:00,fyn,-4.95,0.0,3.675,0.0,996.275,65.25,80.0
1767499200,2026-01-04 04:00:00,2026-01-04 05:00:00,fyn,-5.225,0.0,3.825,0.0,996.662,64.75,90.0
1767502800,2026-01-04 05:00:00,2026-01-04 06:00:00,fyn,-5.35,0.0,3.425,0.0,997.0,64.5,91.6667
1767506400,2026-01-04 06:00:00,2026-01-04 07:00:00,fyn,-5.625,0.0,3.35,0.0,997.367,63.5,95.0
1767510000,2026-01-04 07:00:00,2026-01-04 08:00:00,fyn,-5.775,0.0,3.475,0.0,997.967,62.75,90.0
1767513600,2026-01-04 08:00:00,2026-01-04 09:00:00,fyn,-5.775,0.5,3.075,0.0,998.596,62.75,43.3333
1767517200,2026-01-04 09:00:00,2026-01-04 10:00:00,fyn,-5.625,30.0,3.025,0.0,999.188,61.5,50.0
1767520800,2026-01-04 10:00:00,2026-01-04 11:00:00,fyn,-4.775,71.0,2.825,0.0,999.554,58.0,10.0
1767524400,2026-01-04 11:00:00,2026-01-04 12:00:00,fyn,-3.275,154.0,3.125,0.0,999.696,54.25,70.0
1767528000,2026-01-04 12:00:00,2026-01-04 13:00:00,fyn,-2.275,200.5,3.325,0.0,999.8,51.5,63.3333
1767531600,2026-01-04 13:00:00,2026-01-04 14:00:00,fyn,-1.9,164.0,3.25,0.0,1000.01,50.0,0.0
1767535200,2026-01-04 14:00:00,2026-01-04 15:00:00,fyn,-2.0,110.0,3.0,0.0,1000.65,49.75,35.0
1767538800,2026-01-04 15:00:00,2026-01-04 16:00:00,fyn,-2.6,34.0,2.45,0.0,1001.12,50.5,20.0
1767542400,2026-01-04 16:00:00,2026-01-04 17:00:00,fyn,-4.075,0.0,2.0,0.0,1001.39,53.0,3.33333
1767546000,2026-01-04 17:00:00,2026-01-04 18:00:00,fyn,-5.4,0.0,1.55,0.0,1001.75,55.75,0.0
1767549600,2026-01-04 18:00:00,2026-01-04 19:00:00,fyn,-6.15,0.0,1.3,0.0,1002.08,58.25,0.0
1767553200,2026-01-04 19:00:00,2026-01-04 20:00:00,fyn,-7.1,0.0,1.125,0.0,1002.45,63.0,0.0
1767556800,2026-01-04 20:00:00,2026-01-04 21:00:00,fyn,-7.875,0.0,1.3,0.0,1002.83,63.0,0.0
1767560400,2026-01-04 21:00:00,2026-01-04 22:00:00,fyn,-8.25,0.0,1.05,0.0,1003.16,63.25,0.0
1767564000,2026-01-04 22:00:00,2026-01-04 23:00:00,fyn,-8.85,0.0,1.025,0.0,1003.39,64.75,0.0
1767567600,2026-01-04 23:00:00,2026-01-05 00:00:00,fyn,-8.925,0.0,1.625,0.0,1003.47,64.5,0.0
1767571200,2026-01-05 00:00:00,2026-01-05 01:00:00,fyn,-8.15,0.0,1.75,0.0,1003.46,63.5,0.0
1767574800,2026-01-05 01:00:00,2026-01-05 02:00:00,fyn,-8.075,0.0,1.65,0.0,1003.4,64.25,11.6667
1767578400,2026-01-05 02:00:00,2026-01-05 03:00:00,fyn,-7.525,0.0,2.1,0.0,1003.27,63.5,85.0
1767582000,2026-01-05 03:00:00,2026-01-05 04:00:00,fyn,-6.375,0.0,2.55,0.0,1003.36,64.0,85.0
1767585600,2026-01-05 04:00:00,2026-01-05 05:00:00,fyn,-5.825,0.0,2.325,0.0,1003.47,65.0,95.0
1767589200,2026-01-05 05:00:00,2026-01-05 06:00:00,fyn,-5.25,0.0,2.4,0.0,1003.62,68.75,96.6667
1767592800,2026-01-05 06:00:00,2026-01-05 07:00:00,fyn,-4.075,0.0,2.65,0.0333333,1003.71,70.25,96.6667
1767596400,2026-01-05 07:00:00,2026-01-05 08:00:00,fyn,-2.925,0.0,3.525,0.133333,1004.06,72.0,91.6667
1767600000,2026-01-05 08:00:00,2026-01-05 09:00:00,fyn,-1.975,0.0,3.75,0.2,1004.52,78.0,95.0
1767603600,2026-01-05 09:00:00,2026-01-05 10:00:00,fyn,-0.366667,7.0,3.25,0.0666667,1004.8,95.0,91.6667
1767607200,2026-01-05 10:00:00,2026-01-05 11:00:00,fyn,-0.6,23.5,3.175,0.333333,1004.9,93.75,96.6667
1767610800,2026-01-05 11:00:00,2026-01-05 12:00:00,fyn,-0.3,53.5,3.05,0.466667,1004.97,93.75,93.3333
1767614400,2026-01-05 12:00:00,2026-01-05 13:00:00,fyn,-0.05,41.0,2.9,0.533333,1004.89,93.75,96.6667
1767618000,2026-01-05 13:00:00,2026-01-05 14:00:00,fyn,0.1,56.0,3.05,0.3,1004.88,94.25,96.6667
1767621600,2026-01-05 14:00:00,2026-01-05 15:00:00,fyn,0.225,41.0,2.85,0.3,1005.11,93.0,98.3333
1767625200,2026-01-05 15:00:00,2026-01-05 16:00:00,fyn,0.125,11.0,2.8,0.266667,1005.58,93.0,91.6667
1767628800,2026-01-05 16:00:00,2026-01-05 17:00:00,fyn,-0.1,0.0,2.75,0.166667,1005.97,92.75,95.0
1767632400,2026-01-05 17:00:00,2026-01-05 18:00:00,fyn,-0.4,0.0,2.9,0.366667,1006.2,93.5,98.3333
1767636000,2026-01-05 18:00:00,2026-01-05 19:00:00,fyn,-0.825,0.0,2.85,0.6,1006.47,96.25,98.3333
1767639600,2026-01-05 19:00:00,2026-01-05 20:00:00,fyn,-1.025,0.0,2.425,0.366667,1006.75,96.75,98.3333
1767643200,2026-01-05 20:00:00,2026-01-05 21:00:00,fyn,-1.025,0.0,2.1,0.3,1007.09,96.5,93.3333
1767646800,2026-01-05 21:00:00,2026-01-05 22:00:00,fyn,-1.25,0.0,2.125,0.1,1007.38,94.75,95.0
1767650400,2026-01-05 22:00:00,2026-01-05 23:00:00,fyn,-1.25,0.0,2.1,0.133333,1007.57,93.5,91.6667
1767654000,2026-01-05 23:00:00,2026-01-06 00:00:00,fyn,-1.275,0.0,2.05,0.0333333,1007.76,93.5,93.3333
1767657600,2026-01-06 00:00:00,2026-01-06 01:00:00,fyn,-1.425,0.0,1.875,0.0,1007.79,93.25,95.0
1767661200,2026-01-06 01:00:00,2026-01-06 02:00:00,fyn,-1.625,0.0,1.4,0.0,1007.75,93.5,96.6667
1767664800,2026-01-06 02:00:00,2026-01-06 03:00:00,fyn,-1.8,0.0,1.15,0.0333333,1007.69,94.0,71.6667
1767668400,2026-01-06 03:00:00,2026-01-06 04:00:00,fyn,-1.875,0.0,1.325,0.0,1007.94,94.5,63.3333
1767672000,2026-01-06 04:00:00,2026-01-06 05:00:00,fyn,-2.225,0.0,1.45,0.0,1008.1,94.5,93.3333
1767675600,2026-01-06 05:00:00,2026-01-06 06:00:00,fyn,-2.275,0.0,1.05,0.0,1008.17,95.0,95.0
1767679200,2026-01-06 06:00:00,2026-01-06 07:00:00,fyn,-2.3,0.0,1.175,0.0,1008.2,95.5,63.3333
1767682800,2026-01-06 07:00:00,2026-01-06 08:00:00,fyn,-2.75,0.0,0.725,0.0,1008.53,96.0,75.0
1767686400,2026-01-06 08:00:00,2026-01-06 09:00:00,fyn,-2.925,0.5,0.95,0.0,1008.66,95.0,96.6667
1767690000,2026-01-06 09:00:00,2026-01-06 10:00:00,fyn,-2.45,23.0,1.6,0.0,1008.7,94.0,55.0
1767693600,2026-01-06 10:00:00,2026-01-06 11:00:00,fyn,-2.375,50.0,2.575,0.0,1008.57,90.75,25.0
1767697200,2026-01-06 11:00:00,2026-01-06 12:00:00,fyn,-1.9,144.0,2.9,0.0,1008.27,85.75,10.0
1767700800,2026-01-06 12:00:00,2026-01-06 13:00:00,fyn,-1.4,136.5,3.3,0.0,1008.03,85.25,48.3333
1767704400,2026-01-06 13:00:00,2026-01-06 14:00:00,fyn,-1.65,79.0,3.725,0.0,1007.46,89.5,75.0
1767708000,2026-01-06 14:00:00,2026-01-06 15:00:00,fyn,-1.4,50.0,3.75,0.0,1007.01,89.75,95.0
1767711600,2026-01-06 15:00:00,2026-01-06 16:00:00,fyn,-0.625,14.0,4.7,0.0,1006.97,90.75,91.6667
1767715200,2026-01-06 16:00:00,2026-01-06 17:00:00,fyn,-0.45,0.0,4.55,0.0,1006.92,92.25,95.0
1767718800,2026-01-06 17:00:00,2026-01-06 18:00:00,fyn,-0.35,0.0,3.725,0.1,1006.85,93.75,95.0
1767722400,2026-01-06 18:00:00,2026-01-06 19:00:00,fyn,-0.275,0.0,4.3,0.233333,1006.75,94.5,75.0
1767726000,2026-01-06 19:00:00,2026-01-06 20:00:00,fyn,-0.35,0.0,4.725,0.1,1006.66,95.75,90.0
1767729600,2026-01-06 20:00:00,2026-01-06 21:00:00,fyn,-0.3,0.0,5.425,0.0333333,1006.65,96.0,91.6667
1767733200,2026-01-06 21:00:00,2026-01-06 22:00:00,fyn,2.08167e-17,0.0,5.825,0.0,1006.47,95.75,96.6667
1767736800,2026-01-06 22:00:00,2026-01-06 23:00:00,fyn,0.15,0.0,5.775,0.0,1006.2,96.0,93.3333
1767740400,2026-01-06 23:00:00,2026-01-07 00:00:00,fyn,0.275,0.0,6.225,0.0333333,1005.98,96.75,96.6667
1767744000,2026-01-07 00:00:00,2026-01-07 01:00:00,fyn,0.4,0.0,6.225,0.0666667,1005.85,95.25,96.6667
1767747600,2026-01-07 01:00:00,2026-01-07 02:00:00,fyn,0.575,0.0,6.175,0.8,1005.72,94.75,96.6667
1767751200,2026-01-07 02:00:00,2026-01-07 03:00:00,fyn,0.7,0.0,6.9,0.233333,1005.64,93.25,98.3333
1767754800,2026-01-07 03:00:00,2026-01-07 04:00:00,fyn,0.575,0.0,6.9,0.1,1005.61,90.25,50.0
1767758400,2026-01-07 04:00:00,2026-01-07 05:00:00,fyn,0.125,0.0,6.225,0.0333333,1005.47,87.75,90.0
1767762000,2026-01-07 05:00:00,2026-01-07 06:00:00,fyn,-0.275,0.0,6.25,0.0,1005.21,87.25,90.0
1767765600,2026-01-07 06:00:00,2026-01-07 07:00:00,fyn,-0.35,0.0,5.4,0.0,1004.98,87.25,95.0
1767769200,2026-01-07 07:00:00,2026-01-07 08:00:00,fyn,-0.45,0.0,5.375,0.0,1004.91,86.5,91.6667
1767772800,2026-01-07 08:00:00,2026-01-07 09:00:00,fyn,-0.625,1.0,5.15,0.0,1004.73,85.5,90.0
1767776400,2026-01-07 09:00:00,2026-01-07 10:00:00,fyn,-0.8,12.5,5.1,0.0,1004.25,86.0,95.0
1767780000,2026-01-07 10:00:00,2026-01-07 11:00:00,fyn,-0.9,31.5,5.575,0.0,1003.59,89.0,90.0
1767783600,2026-01-07 11:00:00,2026-01-07 12:00:00,fyn,-0.875,36.0,5.625,0.1,1002.8,92.25,96.6667
1767787200,2026-01-07 12:00:00,2026-01-07 13:00:00,fyn,-0.95,50.5,6.025,0.1,1002.03,93.5,76.6667
1767790800,2026-01-07 13:00:00,2026-01-07 14:00:00,fyn,-0.875,50.5,6.425,0.1,1001.58,93.25,60.0
1767794400,2026-01-07 14:00:00,2026-01-07 15:00:00,fyn,-0.775,27.0,6.325,0.1,1001.32,93.0,15.0
1767798000,2026-01-07 15:00:00,2026-01-07 16:00:00,fyn,-0.75,9.0,5.925,0.0666667,1001.17,91.5,90.0
1767801600,2026-01-07 16:00:00,2026-01-07 17:00:00,fyn,-0.675,0.0,5.85,0.1,1001.16,89.5,90.0
1767805200,2026-01-07 17:00:00,2026-01-07 18:00:00,fyn,-0.675,0.0,5.6,0.0333333,1000.97,86.5,90.0
1767808800,2026-01-07 18:00:00,2026-01-07 19:00:00,fyn,-0.8,0.0,5.8,0.0333333,1000.87,86.0,90.0
1767812400,2026-01-07 19:00:00,2026-01-07 20:00:00,fyn,-1.025,0.0,6.2,0.0333333,1000.72,86.0,96.6667
1767816000,2026-01-07 20:00:00,2026-01-07 21:00:00,fyn,-1.35,0.0,5.975,0.133333,1000.67,89.5,16.6667
1767819600,2026-01-07 21:00:00,2026-01-07 22:00:00,fyn,-1.5,0.0,5.8,0.1,1000.68,91.25,45.0
1767823200,2026-01-07 22:00:00,2026-01-07 23:00:00,fyn,-1.65,0.0,5.3,0.0666667,1000.77,92.75,90.0
1767826800,2026-01-07 23:00:00,2026-01-08 00:00:00,fyn,-1.65,0.0,5.25,0.0333333,1000.82,92.5,98.3333
1767830400,2026-01-08 00:00:00,2026-01-08 01:00:00,fyn,-1.475,0.0,4.8,0.0,1000.7,91.25,91.6667
1767834000,2026-01-08 01:00:00,2026-01-08 02:00:00,fyn,-1.375,0.0,4.425,0.0,1000.87,90.25,91.6667
1767837600,2026-01-08 02:00:00,2026-01-08 03:00:00,fyn,-1.325,0.0,4.125,0.0,1001.12,90.25,91.6667
1767841200,2026-01-08 03:00:00,2026-01-08 04:00:00,fyn,-1.3,0.0,4.325,0.0,1001.33,89.75,95.0
1767844800,2026-01-08 04:00:00,2026-01-08 05:00:00,fyn,-1.3,0.0,3.75,0.0,1001.65,89.75,95.0
1767848400,2026-01-08 05:00:00,2026-01-08 06:00:00,fyn,-1.3,0.0,3.375,0.0,1002.0,89.5,93.3333
1767852000,2026-01-08 06:00:00,2026-01-08 07:00:00,fyn,-1.25,0.0,2.775,0.0,1002.35,90.0,98.3333
1767855600,2026-01-08 07:00:00,2026-01-08 08:00:00,fyn,-1.25,0.0,2.45,0.0,1002.69,90.75,96.6667
1767859200,2026-01-08 08:00:00,2026-01-08 09:00:00,fyn,-1.15,0.0,2.4,0.0,1002.97,90.75,98.3333
1767862800,2026-01-08 09:00:00,2026-01-08 10:00:00,fyn,-0.975,8.0,2.475,0.0,1003.33,91.0,90.0
1767866400,2026-01-08 10:00:00,2026-01-08 11:00:00,fyn,-0.975,18.5,2.5,0.0,1003.53,91.25,95.0
1767870000,2026-01-08 11:00:00,2026-01-08 12:00:00,fyn,-0.85,31.5,2.55,0.0,1003.43,91.25,93.3333
1767873600,2026-01-08 12:00:00,2026-01-08 13:00:00,fyn,-0.7,48.0,2.8,0.0,1003.46,90.5,93.3333
1767877200,2026-01-08 13:00:00,2026-01-08 14:00:00,fyn,-0.725,41.0,4.05,0.0,1003.67,91.0,91.6667
1767880800,2026-01-08 14:00:00,2026-01-08 15:00:00,fyn,-0.725,29.5,3.475,0.0,1003.79,91.0,90.0
1767884400,2026-01-08 15:00:00,2026-01-08 16:00:00,fyn,-0.85,9.5,3.125,0.0,1003.91,90.5,91.6667
1767888000,2026-01-08 16:00:00,2026-01-08 17:00:00,fyn,-0.95,0.0,2.975,0.0,1004.05,91.25,91.6667
1767891600,2026-01-08 17:00:00,2026-01-08 18:00:00,fyn,-1.025,0.0,2.775,0.0,1004.12,91.75,93.3333
1767895200,2026-01-08 18:00:00,2026-01-08 19:00:00,fyn,-1.025,0.0,3.375,0.0,1004.05,92.0,95.0
1767898800,2026-01-08 19:00:00,2026-01-08 20:00:00,fyn,-1.225,0.0,3.8,0.0,1003.89,91.25,95.0
1767902400,2026-01-08 20:00:00,2026-01-08 21:00:00,fyn,-1.375,0.0,3.825,0.0,1003.85,90.5,93.3333
1767906000,2026-01-08 21:00:00,2026-01-08 22:00:00,fyn,-1.45,0.0,4.125,0.0,1003.55,90.5,91.6667
1767909600,2026-01-08 22:00:00,2026-01-08 23:00:00,fyn,-1.5,0.0,4.4,0.0,1003.22,90.0,90.0
1767913200,2026-01-08 23:00:00,2026-01-09 00:00:00,fyn,-1.6,0.0,4.675,0.0,1002.84,89.25,93.3333
1767916800,2026-01-09 00:00:00,2026-01-09 01:00:00,fyn,-1.625,0.0,4.625,0.0333333,1002.48,88.75,93.3333
1767920400,2026-01-09 01:00:00,2026-01-09 02:00:00,fyn,-1.7,0.0,4.75,0.0666667,1002.09,88.5,90.0
1767924000,2026-01-09 02:00:00,2026-01-09 03:00:00,fyn,-1.6,0.0,5.15,0.0,1001.59,88.0,98.3333
1767927600,2026-01-09 03:00:00,2026-01-09 04:00:00,fyn,-1.425,0.0,6.625,0.0333333,1001.2,86.75,93.3333
1767931200,2026-01-09 04:00:00,2026-01-09 05:00:00,fyn,-1.175,0.0,7.275,0.0333333,1001.01,84.75,95.0
1767934800,2026-01-09 05:00:00,2026-01-09 06:00:00,fyn,-1.1,0.0,8.0,0.0333333,1000.95,81.75,36.6667
1767938400,2026-01-09 06:00:00,2026-01-09 07:00:00,fyn,-1.25,0.0,8.5,0.0,1001.18,77.5,38.3333
1767942000,2026-01-09 07:00:00,2026-01-09 08:00:00,fyn,-1.4,0.0,9.05,0.0333333,1001.52,75.25,85.0
1767945600,2026-01-09 08:00:00,2026-01-09 09:00:00,fyn,-1.175,0.5,9.275,0.0,1001.82,72.5,85.0
1767949200,2026-01-09 09:00:00,2026-01-09 10:00:00,fyn,-0.825,29.0,8.525,0.0666667,1001.88,72.25,58.3333
1767952800,2026-01-09 10:00:00,2026-01-09 11:00:00,fyn,-0.325,74.0,9.125,0.0,1001.85,70.25,61.6667
1767956400,2026-01-09 11:00:00,2026-01-09 12:00:00,fyn,-0.025,99.5,9.4,0.0,1001.58,68.5,65.0
1767960000,2026-01-09 12:00:00,2026-01-09 13:00:00,fyn,0.3,151.0,9.55,0.0,1001.39,66.75,90.0
1767963600,2026-01-09 13:00:00,2026-01-09 14:00:00,fyn,0.35,122.0,9.2,0.0,1001.47,68.25,93.3333
1767967200,2026-01-09 14:00:00,2026-01-09 15:00:00,fyn,0.25,64.5,9.45,0.0,1001.82,69.75,86.6667
1767970800,2026-01-09 15:00:00,2026-01-09 16:00:00,fyn,-1.38778e-17,13.5,9.45,0.0,1002.24,70.0,51.6667
1767974400,2026-01-09 16:00:00,2026-01-09 17:00:00,fyn,-0.125,0.0,9.65,0.0,1002.71,69.0,91.6667
1767978000,2026-01-09 17:00:00,2026-01-09 18:00:00,fyn,-0.2,0.0,9.525,0.0,1003.15,68.75,90.0
1767981600,2026-01-09 18:00:00,2026-01-09 19:00:00,fyn,-0.475,0.0,9.65,0.0,1003.65,70.0,46.6667
1767985200,2026-01-09 19:00:00,2026-01-09 20:00:00,fyn,-0.775,0.0,9.525,0.0,1004.22,72.0,90.0
1767988800,2026-01-09 20:00:00,2026-01-09 21:00:00,fyn,-0.85,0.0,9.5,0.0,1004.89,71.0,93.3333
1767992400,2026-01-09 21:00:00,2026-01-09 22:00:00,fyn,-0.825,0.0,9.225,0.0,1005.42,70.5,95.0
1767996000,2026-01-09 22:00:00,2026-01-09 23:00:00,fyn,-0.85,0.0,9.4,0.0,1005.92,69.75,95.0
1767999600,2026-01-09 23:00:00,2026-01-10 00:00:00,fyn,-0.9,0.0,9.275,0.0,1006.38,69.25,96.6667
1768003200,2026-01-10 00:00:00,2026-01-10 01:00:00,fyn,-0.925,0.0,9.5,0.0,1006.83,69.5,90.0
1768006800,2026-01-10 01:00:00,2026-01-10 02:00:00,fyn,-1.05,0.0,9.125,0.0,1007.55,71.0,91.6667
1768010400,2026-01-10 02:00:00,2026-01-10 03:00:00,fyn,-0.9,0.0,8.3,0.0,1008.33,69.25,95.0
1768014000,2026-01-10 03:00:00,2026-01-10 04:00:00,fyn,-0.925,0.0,8.1,0.0,1009.12,69.25,96.6667
1768017600,2026-01-10 04:00:00,2026-01-10 05:00:00,fyn,-0.85,0.0,8.2,0.0,1009.8,68.25,96.6667
1768021200,2026-01-10 05:00:00,2026-01-10 06:00:00,fyn,-0.825,0.0,8.5,0.0,1010.49,67.25,96.6667
1768024800,2026-01-10 06:00:00,2026-01-10 07:00:00,fyn,-0.875,0.0,8.175,0.0,1011.27,68.25,96.6667
1768028400,2026-01-10 07:00:00,2026-01-10 08:00:00,fyn,-0.95,0.0,8.325,0.0,1012.22,69.5,86.6667
1768032000,2026-01-10 08:00:00,2026-01-10 09:00:00,fyn,-1.05,0.5,7.55,0.0,1013.15,69.75,30.0
1768035600,2026-01-10 09:00:00,2026-01-10 10:00:00,fyn,-1.125,29.5,6.8,0.0,1014.13,69.0,0.0
1768039200,2026-01-10 10:00:00,2026-01-10 11:00:00,fyn,-1.05,80.5,6.575,0.0,1014.8,68.5,0.0
1768042800,2026-01-10 11:00:00,2026-01-10 12:00:00,fyn,-0.675,178.0,6.375,0.0,1015.3,65.5,0.0
1768046400,2026-01-10 12:00:00,2026-01-10 13:00:00,fyn,-0.55,203.5,5.5,0.0,1015.76,62.5,0.0
1768050000,2026-01-10 13:00:00,2026-01-10 14:00:00,fyn,-0.7,184.0,4.65,0.0,1016.31,62.0,0.0
1768053600,2026-01-10 14:00:00,2026-01-10 15:00:00,fyn,-1.0,120.0,4.15,0.0,1016.96,61.0,0.0
1768057200,2026-01-10 15:00:00,2026-01-10 16:00:00,fyn,-1.9,37.5,3.525,0.0,1017.78,64.0,0.0
1768060800,2026-01-10 16:00:00,2026-01-10 17:00:00,fyn,-3.125,0.5,3.225,0.0,1018.32,70.25,0.0
1768064400,2026-01-10 17:00:00,2026-01-10 18:00:00,fyn,-4.15,0.0,3.075,0.0,1018.81,73.0,0.0
1768068000,2026-01-10 18:00:00,2026-01-10 19:00:00,fyn,-4.875,0.0,3.45,0.0,1019.31,75.75,0.0
1768071600,2026-01-10 19:00:00,2026-01-10 20:00:00,fyn,-5.075,0.0,3.25,0.0,1019.75,79.5,0.0
1768075200,2026-01-10 20:00:00,2026-01-10 21:00:00,fyn,-5.375,0.0,3.2,0.0,1020.27,83.0,0.0
1768078800,2026-01-10 21:00:00,2026-01-10 22:00:00,fyn,-5.925,0.0,2.875,0.0,1020.61,85.75,0.0
1768082400,2026-01-10 22:00:00,2026-01-10 23:00:00,fyn,-6.0,0.0,2.825,0.0,1020.92,85.0,0.0
1768086000,2026-01-10 23:00:00,2026-01-11 00:00:00,fyn,-6.625,0.0,2.625,0.0,1021.11,84.5,0.0
1768089600,2026-01-11 00:00:00,2026-01-11 01:00:00,fyn,-6.775,0.0,2.575,0.0,1021.37,87.75,0.0
1768093200,2026-01-11 01:00:00,2026-01-11 02:00:00,fyn,-7.575,0.0,2.825,0.0,1021.66,89.75,0.0
1768096800,2026-01-11 02:00:00,2026-01-11 03:00:00,fyn,-7.9,0.0,2.125,0.0,1021.86,89.5,0.0
1768100400,2026-01-11 03:00:00,2026-01-11 04:00:00,fyn,-8.225,0.0,2.25,0.0,1021.95,89.5,0.0
1768104000,2026-01-11 04:00:00,2026-01-11 05:00:00,fyn,-9.125,0.0,2.05,0.0,1021.82,90.75,0.0
1768107600,2026-01-11 05:00:00,2026-01-11 06:00:00,fyn,-9.55,0.0,1.95,0.0,1021.79,90.0,0.0
1768111200,2026-01-11 06:00:00,2026-01-11 07:00:00,fyn,-9.925,0.0,1.75,0.0,1021.69,89.25,6.66667
1768114800,2026-01-11 07:00:00,2026-01-11 08:00:00,fyn,-10.575,0.0,1.3,0.0,1021.83,87.5,0.0
1768118400,2026-01-11 08:00:00,2026-01-11 09:00:00,fyn,-11.5,1.0,1.3,0.0,1022.23,87.75,0.0
1768122000,2026-01-11 09:00:00,2026-01-11 10:00:00,fyn,-10.35,47.5,1.325,0.0,1022.35,88.5,63.3333
1768125600,2026-01-11 10:00:00,2026-01-11 11:00:00,fyn,-8.35,129.5,1.625,0.0,1022.3,86.75,90.0
1768129200,2026-01-11 11:00:00,2026-01-11 12:00:00,fyn,-6.15,187.5,1.75,0.0,1021.8,85.25,93.3333
1768132800,2026-01-11 12:00:00,2026-01-11 13:00:00,fyn,-4.85,181.5,0.975,0.0,1021.34,84.25,50.0
1768136400,2026-01-11 13:00:00,2026-01-11 14:00:00,fyn,-4.25,147.5,0.775,0.0,1021.23,82.5,1.66667
1768140000,2026-01-11 14:00:00,2026-01-11 15:00:00,fyn,-4.45,91.0,0.875,0.0,1020.89,82.25,5.0
1768143600,2026-01-11 15:00:00,2026-01-11 16:00:00,fyn,-5.275,29.5,0.85,0.0,1020.34,84.75,0.0
1768147200,2026-01-11 16:00:00,2026-01-11 17:00:00,fyn,-6.675,0.5,1.425,0.0,1019.98,87.25,0.0
1768150800,2026-01-11 17:00:00,2026-01-11 18:00:00,fyn,-7.6,0.0,1.45,0.0,1019.47,88.25,6.66667
1768154400,2026-01-11 18:00:00,2026-01-11 19:00:00,fyn,-7.45,0.0,1.525,0.0,1019.05,87.5,23.3333
1768158000,2026-01-11 19:00:00,2026-01-11 20:00:00,fyn,-7.675,0.0,1.975,0.0,1018.65,87.75,85.0
1768161600,2026-01-11 20:00:00,2026-01-11 21:00:00,fyn,-7.375,0.0,2.125,0.0,1018.2,87.0,11.6667
1768165200,2026-01-11 21:00:00,2026-01-11 22:00:00,fyn,-6.825,0.0,2.3,0.0,1017.68,88.5,31.6667
1768168800,2026-01-11 22:00:00,2026-01-11 23:00:00,fyn,-4.85,0.0,3.5,0.0,1016.8,83.75,80.0
1768172400,2026-01-11 23:00:00,2026-01-12 00:00:00,fyn,-3.875,0.0,4.275,0.0,1015.73,83.0,91.6667
1768176000,2026-01-12 00:00:00,2026-01-12 01:00:00,fyn,-2.7,0.0,5.05,0.0,1014.92,79.5,91.6667
1768179600,2026-01-12 01:00:00,2026-01-12 02:00:00,fyn,-2.075,0.0,5.9,0.0,1013.89,75.5,90.0
1768183200,2026-01-12 02:00:00,2026-01-12 03:00:00,fyn,-2.275,0.0,5.525,0.0,1012.83,75.5,90.0
1768186800,2026-01-12 03:00:00,2026-01-12 04:00:00,fyn,-1.85,0.0,5.8,0.0,1011.92,74.25,93.3333
1768190400,2026-01-12 04:00:00,2026-01-12 05:00:00,fyn,-1.4,0.0,6.0,0.0,1010.77,70.25,91.6667
1768194000,2026-01-12 05:00:00,2026-01-12 06:00:00,fyn,-1.1,0.0,6.975,0.0,1009.92,68.0,93.3333
1768197600,2026-01-12 06:00:00,2026-01-12 07:00:00,fyn,-0.725,0.0,7.4,0.0,1009.46,66.5,95.0
1768201200,2026-01-12 07:00:00,2026-01-12 08:00:00,fyn,-0.625,0.0,6.75,0.0,1008.98,64.0,91.6667
1768204800,2026-01-12 08:00:00,2026-01-12 09:00:00,fyn,-0.825,0.0,7.05,0.0333333,1008.6,68.75,98.3333
1768208400,2026-01-12 09:00:00,2026-01-12 10:00:00,fyn,-0.55,17.0,6.95,0.0,1007.96,64.0,90.0
1768212000,2026-01-12 10:00:00,2026-01-12 11:00:00,fyn,-0.625,36.0,7.725,0.0,1007.46,67.75,93.3333
1768215600,2026-01-12 11:00:00,2026-01-12 12:00:00,fyn,-1.15,37.5,7.575,0.0666667,1006.6,79.75,81.6667
1768219200,2026-01-12 12:00:00,2026-01-12 13:00:00,fyn,-1.475,43.0,6.525,0.366667,1005.92,89.25,95.0
1768222800,2026-01-12 13:00:00,2026-01-12 14:00:00,fyn,-1.075,37.0,6.5,0.0333333,1005.52,90.75,98.3333
1768226400,2026-01-12 14:00:00,2026-01-12 15:00:00,fyn,-0.775,21.5,6.1,0.0666667,1005.31,91.0,95.0
1768230000,2026-01-12 15:00:00,2026-01-12 16:00:00,fyn,-0.7,6.0,5.95,0.0,1005.21,90.75,96.6667
1768233600,2026-01-12 16:00:00,2026-01-12 17:00:00,fyn,-0.65,0.0,5.15,0.0333333,1004.86,93.5,96.6667
1768237200,2026-01-12 17:00:00,2026-01-12 18:00:00,fyn,-0.525,0.0,4.9,0.0666667,1004.25,95.25,96.6667
1768240800,2026-01-12 18:00:00,2026-01-12 19:00:00,fyn,-0.35,0.0,5.4,0.0333333,1004.06,96.25,96.6667
1768244400,2026-01-12 19:00:00,2026-01-12 20:00:00,fyn,-0.175,0.0,5.6,0.0666667,1003.78,97.25,95.0
1768248000,2026-01-12 20:00:00,2026-01-12 21:00:00,fyn,0.025,0.0,5.6,0.1,1003.73,97.5,96.6667
1768251600,2026-01-12 21:00:00,2026-01-12 22:00:00,fyn,0.225,0.0,5.3,0.0666667,1003.55,98.25,96.6667
1768255200,2026-01-12 22:00:00,2026-01-12 23:00:00,fyn,0.325,0.0,4.55,0.1,1003.44,99.0,95.0
1768258800,2026-01-12 23:00:00,2026-01-13 00:00:00,fyn,0.5,0.0,4.3,0.2,1003.36,99.0,95.0
1768262400,2026-01-13 00:00:00,2026-01-13 01:00:00,fyn,0.725,0.0,4.225,0.666667,1003.34,99.0,96.6667
1768266000,2026-01-13 01:00:00,2026-01-13 02:00:00,fyn,0.85,0.0,3.775,0.366667,1003.33,99.0,98.3333
1768269600,2026-01-13 02:00:00,2026-01-13 03:00:00,fyn,0.975,0.0,3.525,0.1,1003.37,99.0,98.3333
1768273200,2026-01-13 03:00:00,2026-01-13 04:00:00,fyn,1.15,0.0,3.4,0.1,1003.42,99.25,98.3333
1768276800,2026-01-13 04:00:00,2026-01-13 05:00:00,fyn,1.35,0.0,3.175,0.166667,1003.52,99.75,0.0
1768280400,2026-01-13 05:00:00,2026-01-13 06:00:00,fyn,1.6,0.0,3.05,0.0666667,1003.7,99.75,0.0
1768284000,2026-01-13 06:00:00,2026-01-13 07:00:00,fyn,1.75,0.0,3.1,0.566667,1004.01,99.75,0.0
1768287600,2026-01-13 07:00:00,2026-01-13 08:00:00,fyn,1.9,0.0,3.1,0.5,1004.38,99.75,33.3333
1768291200,2026-01-13 08:00:00,2026-01-13 09:00:00,fyn,1.975,0.0,2.85,0.2,1005.17,99.75,0.0
1768294800,2026-01-13 09:00:00,2026-01-13 10:00:00,fyn,2.3,5.0,2.875,0.0333333,1005.48,99.75,0.0
1768298400,2026-01-13 10:00:00,2026-01-13 11:00:00,fyn,2.675,20.0,3.375,0.0333333,1005.35,99.75,0.0
1768302000,2026-01-13 11:00:00,2026-01-13 12:00:00,fyn,2.9,39.5,3.325,0.0333333,1005.24,99.75,0.0
1768305600,2026-01-13 12:00:00,2026-01-13 13:00:00,fyn,3.15,52.0,3.05,0.0666667,1005.0,99.75,0.0
1768309200,2026-01-13 13:00:00,2026-01-13 14:00:00,fyn,3.35,46.0,3.1,0.0333333,1005.01,99.75,0.0
1768312800,2026-01-13 14:00:00,2026-01-13 15:00:00,fyn,3.4,27.5,3.15,0.0333333,1005.22,99.75,0.0
1768316400,2026-01-13 15:00:00,2026-01-13 16:00:00,fyn,3.5,8.0,3.05,0.0333333,1005.26,99.6667,0.0
1768320000,2026-01-13 16:00:00,2026-01-13 17:00:00,fyn,3.45,0.0,3.3,0.0333333,1005.06,99.75,0.0
1768323600,2026-01-13 17:00:00,2026-01-13 18:00:00,fyn,3.475,0.0,3.425,0.0333333,1004.83,99.75,15.0
1768327200,2026-01-13 18:00:00,2026-01-13 19:00:00,fyn,3.475,0.0,3.875,0.0333333,1004.45,99.75,0.0
1768330800,2026-01-13 19:00:00,2026-01-13 20:00:00,fyn,3.625,0.0,4.475,0.0666667,1003.86,99.75,0.0
1768334400,2026-01-13 20:00:00,2026-01-13 21:00:00,fyn,3.75,0.0,4.6,0.3,1003.11,99.6667,65.0
1768338000,2026-01-13 21:00:00,2026-01-13 22:00:00,fyn,3.775,0.0,4.6,0.6,1002.6,100.0,98.3333
1768341600,2026-01-13 22:00:00,2026-01-13 23:00:00,fyn,3.85,0.0,4.95,1.96667,1001.97,100.0,96.6667
1768345200,2026-01-13 23:00:00,2026-01-14 00:00:00,fyn,4.0,0.0,5.0,1.26667,1001.25,100.0,98.3333
1768348800,2026-01-14 00:00:00,2026-01-14 01:00:00,fyn,4.175,0.0,5.125,0.866667,1000.57,99.75,96.6667
1768352400,2026-01-14 01:00:00,2026-01-14 02:00:00,fyn,4.25,0.0,4.9,0.733333,1000.19,99.75,98.3333
1768356000,2026-01-14 02:00:00,2026-01-14 03:00:00,fyn,4.425,0.0,5.075,0.566667,999.933,99.75,96.6667
1768359600,2026-01-14 03:00:00,2026-01-14 04:00:00,fyn,4.525,0.0,4.825,0.1,1000.11,99.75,98.3333
1768363200,2026-01-14 04:00:00,2026-01-14 05:00:00,fyn,4.675,0.0,4.65,0.0666667,1000.49,100.0,96.6667
1768366800,2026-01-14 05:00:00,2026-01-14 06:00:00,fyn,4.65,0.0,4.375,0.0333333,1000.94,99.75,95.0
1768370400,2026-01-14 06:00:00,2026-01-14 07:00:00,fyn,4.275,0.0,3.75,0.0333333,1001.59,99.75,91.6667
1768374000,2026-01-14 07:00:00,2026-01-14 08:00:00,fyn,3.925,0.0,3.5,0.0,1002.61,99.5,90.0
1768377600,2026-01-14 08:00:00,2026-01-14 09:00:00,fyn,3.225,0.0,3.5,0.0,1003.6,98.25,35.0
1768381200,2026-01-14 09:00:00,2026-01-14 10:00:00,fyn,2.8,27.5,3.55,0.0,1004.47,97.5,6.66667
1768384800,2026-01-14 10:00:00,2026-01-14 11:00:00,fyn,3.525,113.5,4.025,0.0,1005.18,95.5,0.0
1768388400,2026-01-14 11:00:00,2026-01-14 12:00:00,fyn,4.425,176.0,4.425,0.0,1005.63,91.5,0.0
1768392000,2026-01-14 12:00:00,2026-01-14 13:00:00,fyn,4.8,169.0,4.775,0.0,1006.03,88.25,0.0
1768395600,2026-01-14 13:00:00,2026-01-14 14:00:00,fyn,5.05,157.5,4.6,0.0,1006.49,86.5,1.66667
1768399200,2026-01-14 14:00:00,2026-01-14 15:00:00,fyn,4.975,105.0,4.4,0.0,1007.12,85.5,3.33333
1768402800,2026-01-14 15:00:00,2026-01-14 16:00:00,fyn,4.5,50.0,4.0,0.0,1007.72,85.75,0.0
1768406400,2026-01-14 16:00:00,2026-01-14 17:00:00,fyn,3.4,0.5,3.75,0.0,1008.33,89.75,0.0
1768410000,2026-01-14 17:00:00,2026-01-14 18:00:00,fyn,2.5,0.0,3.675,0.0,1008.79,92.5,0.0
1768413600,2026-01-14 18:00:00,2026-01-14 19:00:00,fyn,2.175,0.0,3.9,0.0,1008.89,93.5,0.0
1768417200,2026-01-14 19:00:00,2026-01-14 20:00:00,fyn,1.7,0.0,3.425,0.0,1009.16,94.5,0.0
1768420800,2026-01-14 20:00:00,2026-01-14 21:00:00,fyn,1.45,0.0,3.6,0.0,1009.49,95.25,0.0
1768424400,2026-01-14 21:00:00,2026-01-14 22:00:00,fyn,1.4,0.0,3.675,0.0,1009.89,96.0,0.0
1768428000,2026-01-14 22:00:00,2026-01-14 23:00:00,fyn,1.125,0.0,3.675,0.0,1009.99,96.0,21.6667
1768431600,2026-01-14 23:00:00,2026-01-15 00:00:00,fyn,1.425,0.0,3.425,0.0,1010.02,96.25,53.3333
1768435200,2026-01-15 00:00:00,2026-01-15 01:00:00,fyn,1.4,0.0,3.4,0.0,1009.85,96.5,75.0
1768438800,2026-01-15 01:00:00,2026-01-15 02:00:00,fyn,1.575,0.0,3.475,0.0,1009.65,96.75,80.0
1768442400,2026-01-15 02:00:00,2026-01-15 03:00:00,fyn,1.45,0.0,3.5,0.0,1009.43,96.5,70.0
1768446000,2026-01-15 03:00:00,2026-01-15 04:00:00,fyn,1.075,0.0,3.375,0.0,1009.01,96.75,46.6667
1768449600,2026-01-15 04:00:00,2026-01-15 05:00:00,fyn,1.0,0.0,3.8,0.0,1008.53,97.25,13.3333
1768453200,2026-01-15 05:00:00,2026-01-15 06:00:00,fyn,1.3,0.0,4.375,0.0333333,1007.9,95.75,10.0
1768456800,2026-01-15 06:00:00,2026-01-15 07:00:00,fyn,1.25,0.0,4.5,0.0,1007.19,96.0,50.0
1768460400,2026-01-15 07:00:00,2026-01-15 08:00:00,fyn,1.6,0.0,5.25,0.0333333,1006.7,94.25,91.6667
1768464000,2026-01-15 08:00:00,2026-01-15 09:00:00,fyn,2.125,0.0,5.95,0.0666667,1006.52,94.0,96.6667
1768467600,2026-01-15 09:00:00,2026-01-15 10:00:00,fyn,2.5,3.0,5.15,0.0333333,1006.34,96.25,96.6667
1768471200,2026-01-15 10:00:00,2026-01-15 11:00:00,fyn,2.775,15.0,5.775,0.0666667,1006.15,97.0,96.6667
1768474800,2026-01-15 11:00:00,2026-01-15 12:00:00,fyn,3.2,24.0,5.575,0.0333333,1006.1,98.0,98.3333
1768478400,2026-01-15 12:00:00,2026-01-15 13:00:00,fyn,3.775,29.5,5.8,0.133333,1005.91,98.0,93.3333
1768482000,2026-01-15 13:00:00,2026-01-15 14:00:00,fyn,4.125,30.5,5.25,0.0666667,1005.69,98.5,98.3333
1768485600,2026-01-15 14:00:00,2026-01-15 15:00:00,fyn,4.375,25.0,4.6,0.0333333,1006.06,99.0,98.3333
1768489200,2026-01-15 15:00:00,2026-01-15 16:00:00,fyn,4.525,2.0,4.625,0.0666667,1006.16,98.5,91.6667
1768492800,2026-01-15 16:00:00,2026-01-15 17:00:00,fyn,4.55,0.0,4.15,0.0666667,1006.19,99.5,98.3333
1768496400,2026-01-15 17:00:00,2026-01-15 18:00:00,fyn,4.725,0.0,4.4,0.0666667,1006.39,99.5,95.0
1768500000,2026-01-15 18:00:00,2026-01-15 19:00:00,fyn,4.925,0.0,4.625,0.1,1006.67,99.25,96.6667
1768503600,2026-01-15 19:00:00,2026-01-15 20:00:00,fyn,5.05,0.0,4.4,0.133333,1006.7,99.25,98.3333
1768507200,2026-01-15 20:00:00,2026-01-15 21:00:00,fyn,5.225,0.0,4.475,0.166667,1006.59,98.75,95.0
1768510800,2026-01-15 21:00:00,2026-01-15 22:00:00,fyn,5.425,0.0,4.8,0.3,1006.48,99.25,93.3333
1768514400,2026-01-15 22:00:00,2026-01-15 23:00:00,fyn,5.525,0.0,5.3,0.333333,1006.15,99.0,90.0
1768518000,2026-01-15 23:00:00,2026-01-16 00:00:00,fyn,5.675,0.0,5.325,0.0666667,1006.15,98.0,91.6667
1768521600,2026-01-16 00:00:00,2026-01-16 01:00:00,fyn,5.675,0.0,5.53333,0.0666667,1005.78,97.0,93.3333
1768525200,2026-01-16 01:00:00,2026-01-16 02:00:00,fyn,5.7,0.0,5.75,0.0333333,1005.66,96.0,96.6667
1768528800,2026-01-16 02:00:00,2026-01-16 03:00:00,fyn,5.4,0.0,5.55,0.0333333,1005.46,95.5,90.0
1768532400,2026-01-16 03:00:00,2026-01-16 04:00:00,fyn,5.25,0.0,5.65,0.0333333,1004.92,95.0,93.3333
1768536000,2026-01-16 04:00:00,2026-01-16 05:00:00,fyn,5.125,0.0,5.625,0.0,1004.62,94.5,80.0
1768539600,2026-01-16 05:00:00,2026-01-16 06:00:00,fyn,4.8,0.0,5.5,0.0333333,1004.51,93.75,36.6667
1768543200,2026-01-16 06:00:00,2026-01-16 07:00:00,fyn,4.675,0.0,5.225,0.0666667,1004.55,94.0,50.0
1768546800,2026-01-16 07:00:00,2026-01-16 08:00:00,fyn,4.975,0.0,6.025,0.0333333,1004.8,92.5,90.0
1768550400,2026-01-16 08:00:00,2026-01-16 09:00:00,fyn,5.4,0.0,6.3,0.0333333,1005.35,91.0,91.6667
1768554000,2026-01-16 09:00:00,2026-01-16 10:00:00,fyn,5.85,11.5,6.45,0.0333333,1006.08,89.75,93.3333
1768557600,2026-01-16 10:00:00,2026-01-16 11:00:00,fyn,6.225,33.5,6.25,0.0333333,1006.82,90.25,91.6667
1768561200,2026-01-16 11:00:00,2026-01-16 12:00:00,fyn,6.8,45.0,6.9,0.0333333,1007.65,88.75,85.0
1768564800,2026-01-16 12:00:00,2026-01-16 13:00:00,fyn,6.925,13.5,6.75,0.0333333,1008.76,87.5,96.6667
1768568400,2026-01-16 13:00:00,2026-01-16 14:00:00,fyn,6.725,37.5,7.3,0.0333333,1009.84,87.0,96.6667
1768572000,2026-01-16 14:00:00,2026-01-16 15:00:00,fyn,6.075,46.5,7.1,0.0,1011.15,88.5,95.0
1768575600,2026-01-16 15:00:00,2026-01-16 16:00:00,fyn,5.75,15.0,5.6,0.0,1012.28,90.75,96.6667
1768579200,2026-01-16 16:00:00,2026-01-16 17:00:00,fyn,5.5,0.5,4.425,0.0,1013.2,92.0,95.0
1768582800,2026-01-16 17:00:00,2026-01-16 18:00:00,fyn,5.35,0.0,3.775,0.0333333,1014.11,92.5,81.6667
1768586400,2026-01-16 18:00:00,2026-01-16 19:00:00,fyn,5.125,0.0,3.125,0.0,1015.01,93.5,80.0
1768590000,2026-01-16 19:00:00,2026-01-16 20:00:00,fyn,5.175,0.0,2.4,0.0,1015.76,93.0,96.6667
1768593600,2026-01-16 20:00:00,2026-01-16 21:00:00,fyn,4.775,0.0,2.025,0.0,1016.5,93.75,96.6667
1768597200,2026-01-16 21:00:00,2026-01-16 22:00:00,fyn,4.85,0.0,2.425,0.0,1017.3,93.0,93.3333
1768600800,2026-01-16 22:00:00,2026-01-16 23:00:00,fyn,4.6,0.0,2.6,0.0,1017.72,93.25,90.0
1768604400,2026-01-16 23:00:00,2026-01-17 00:00:00,fyn,4.375,0.0,2.425,0.0,1017.91,93.5,91.6667
1768608000,2026-01-17 00:00:00,2026-01-17 01:00:00,fyn,4.275,0.0,1.825,0.0,1018.18,93.0,91.6667
1768611600,2026-01-17 01:00:00,2026-01-17 02:00:00,fyn,4.275,0.0,1.9,0.0,1018.45,93.25,93.3333
1768615200,2026-01-17 02:00:00,2026-01-17 03:00:00,fyn,4.4,0.0,2.575,0.0333333,1018.44,92.5,93.3333
1768618800,2026-01-17 03:00:00,2026-01-17 04:00:00,fyn,4.325,0.0,2.875,0.0,1018.47,93.0,95.0
1768622400,2026-01-17 04:00:00,2026-01-17 05:00:00,fyn,4.5,0.0,3.275,0.0333333,1018.69,92.75,96.6667
1768626000,2026-01-17 05:00:00,2026-01-17 06:00:00,fyn,4.325,0.0,3.275,0.0666667,1018.91,93.75,96.6667
1768629600,2026-01-17 06:00:00,2026-01-17 07:00:00,fyn,4.45,0.0,3.6,0.0333333,1019.16,94.0,91.6667
1768633200,2026-01-17 07:00:00,2026-01-17 08:00:00,fyn,4.325,0.0,3.425,0.0666667,1019.69,94.0,91.6667
1768636800,2026-01-17 08:00:00,2026-01-17 09:00:00,fyn,3.975,0.5,3.625,0.0333333,1020.44,94.0,93.3333
1768640400,2026-01-17 09:00:00,2026-01-17 10:00:00,fyn,3.4,16.0,4.25,0.0,1020.92,95.0,95.0
1768644000,2026-01-17 10:00:00,2026-01-17 11:00:00,fyn,3.4,81.0,4.5,0.0,1021.2,94.25,98.3333
1768647600,2026-01-17 11:00:00,2026-01-17 12:00:00,fyn,3.075,95.0,5.1,0.0,1021.58,95.0,95.0
1768651200,2026-01-17 12:00:00,2026-01-17 13:00:00,fyn,2.375,49.0,5.025,0.0,1021.83,97.5,95.0
1768654800,2026-01-17 13:00:00,2026-01-17 14:00:00,fyn,2.125,51.5,4.6,0.0,1022.04,98.75,96.6667
1768658400,2026-01-17 14:00:00,2026-01-17 15:00:00,fyn,1.775,32.0,4.4,0.0,1022.38,98.75,46.6667
1768662000,2026-01-17 15:00:00,2026-01-17 16:00:00,fyn,1.55,8.5,4.725,0.0,1022.94,99.0,63.3333
1768665600,2026-01-17 16:00:00,2026-01-17 17:00:00,fyn,1.375,0.0,4.85,0.0,1023.51,99.0,95.0
1768669200,2026-01-17 17:00:00,2026-01-17 18:00:00,fyn,1.35,0.0,4.8,0.0,1023.84,99.25,31.6667
1768672800,2026-01-17 18:00:00,2026-01-17 19:00:00,fyn,1.375,0.0,4.7,0.0,1024.18,99.5,80.0
1768676400,2026-01-17 19:00:00,2026-01-17 20:00:00,fyn,1.425,0.0,5.275,0.0,1024.42,99.5,95.0
1768680000,2026-01-17 20:00:00,2026-01-17 21:00:00,fyn,1.475,0.0,5.125,0.0,1024.8,99.5,93.3333
1768683600,2026-01-17 21:00:00,2026-01-17 22:00:00,fyn,1.5,0.0,5.25,0.0333333,1024.91,99.5,93.3333
1768687200,2026-01-17 22:00:00,2026-01-17 23:00:00,fyn,1.55,0.0,4.6,0.0,1025.03,99.25,90.0
1768690800,2026-01-17 23:00:00,2026-01-18 00:00:00,fyn,1.6,0.0,4.1,0.0,1025.1,99.25,91.6667
1768694400,2026-01-18 00:00:00,2026-01-18 01:00:00,fyn,1.85,0.0,3.9,0.0,1024.85,99.25,93.3333
1768698000,2026-01-18 01:00:00,2026-01-18 02:00:00,fyn,2.2,0.0,4.275,0.0,1024.91,98.5,98.3333
1768701600,2026-01-18 02:00:00,2026-01-18 03:00:00,fyn,2.45,0.0,4.2,0.0333333,1024.95,98.0,98.3333
1768705200,2026-01-18 03:00:00,2026-01-18 04:00:00,fyn,2.525,0.0,4.175,0.0,1024.69,97.75,96.6667
1768708800,2026-01-18 04:00:00,2026-01-18 05:00:00,fyn,2.525,0.0,4.525,0.0,1024.32,98.0,98.3333
1768712400,2026-01-18 05:00:00,2026-01-18 06:00:00,fyn,2.5,0.0,5.025,0.0333333,1024.3,97.5,48.3333
1768716000,2026-01-18 06:00:00,2026-01-18 07:00:00,fyn,2.3,0.0,4.825,0.0,1024.4,98.25,93.3333
1768719600,2026-01-18 07:00:00,2026-01-18 08:00:00,fyn,2.225,0.0,4.575,0.0333333,1024.67,98.25,91.6667
1768723200,2026-01-18 08:00:00,2026-01-18 09:00:00,fyn,2.225,0.0,4.45,0.0333333,1024.75,98.5,98.3333
1768726800,2026-01-18 09:00:00,2026-01-18 10:00:00,fyn,2.25,3.0,4.475,0.0333333,1024.49,98.5,98.3333
1768730400,2026-01-18 10:00:00,2026-01-18 11:00:00,fyn,2.275,16.0,5.2,0.0333333,1024.18,97.75,95.0
1768734000,2026-01-18 11:00:00,2026-01-18 12:00:00,fyn,2.3,34.5,5.325,0.0,1023.73,96.0,96.6667
1768737600,2026-01-18 12:00:00,2026-01-18 13:00:00,fyn,2.375,42.0,5.45,0.0,1023.28,94.25,93.3333
1768741200,2026-01-18 13:00:00,2026-01-18 14:00:00,fyn,2.35,39.0,5.425,0.0,1022.84,93.75,95.0
1768744800,2026-01-18 14:00:00,2026-01-18 15:00:00,fyn,2.3,30.0,5.15,0.0,1022.52,92.75,93.3333
1768748400,2026-01-18 15:00:00,2026-01-18 16:00:00,fyn,2.15,12.5,5.025,0.0,1022.23,92.5,91.6667
1768752000,2026-01-18 16:00:00,2026-01-18 17:00:00,fyn,1.85,0.5,4.725,0.0,1022.18,92.75,93.3333
1768755600,2026-01-18 17:00:00,2026-01-18 18:00:00,fyn,1.675,0.0,5.25,0.0,1022.1,93.25,91.6667
1768759200,2026-01-18 18:00:00,2026-01-18 19:00:00,fyn,1.5,0.0,5.275,0.0,1022.03,93.5,90.0
1768762800,2026-01-18 19:00:00,2026-01-18 20:00:00,fyn,1.4,0.0,5.325,0.0,1021.98,92.75,91.6667
1768766400,2026-01-18 20:00:00,2026-01-18 21:00:00,fyn,1.325,0.0,4.925,0.0,1022.06,92.5,36.6667
1768770000,2026-01-18 21:00:00,2026-01-18 22:00:00,fyn,1.225,0.0,4.225,0.0,1022.08,92.75,5.0
1768773600,2026-01-18 22:00:00,2026-01-18 23:00:00,fyn,1.075,0.0,3.5,0.0,1021.89,92.25,0.0
1768777200,2026-01-18 23:00:00,2026-01-19 00:00:00,fyn,0.7,0.0,3.25,0.0,1021.65,92.25,0.0
1768780800,2026-01-19 00:00:00,2026-01-19 01:00:00,fyn,0.2,,3.0,0.0,1021.25,92.75,0.0
1768784400,2026-01-19 01:00:00,2026-01-19 02:00:00,fyn,-0.15,0.0,3.175,0.0,1021.0,93.25,0.0
1768788000,2026-01-19 02:00:00,2026-01-19 03:00:00,fyn,-0.1,0.0,3.35,0.0,1020.83,92.25,0.0
1768791600,2026-01-19 03:00:00,2026-01-19 04:00:00,fyn,-0.075,0.0,3.425,0.0,1020.57,90.75,0.0
1768795200,2026-01-19 04:00:00,2026-01-19 05:00:00,fyn,-0.3,0.0,3.325,0.0,1020.53,90.5,0.0
1768798800,2026-01-19 05:00:00,2026-01-19 06:00:00,fyn,-0.475,0.0,3.125,0.0,1020.48,90.0,0.0
1768802400,2026-01-19 06:00:00,2026-01-19 07:00:00,fyn,-0.4,0.0,3.45,0.0,1020.55,89.0,0.0
1768806000,2026-01-19 07:00:00,2026-01-19 08:00:00,fyn,-0.575,0.0,2.925,0.0,1020.65,89.0,0.0
1768809600,2026-01-19 08:00:00,2026-01-19 09:00:00,fyn,-0.75,1.5,3.175,0.0,1020.75,89.0,0.0
1768813200,2026-01-19 09:00:00,2026-01-19 10:00:00,fyn,-0.2,49.5,3.4,0.0,1020.72,87.0,0.0
1768816800,2026-01-19 10:00:00,2026-01-19 11:00:00,fyn,0.725,133.5,3.6,0.0,1020.58,82.75,0.0
1768820400,2026-01-19 11:00:00,2026-01-19 12:00:00,fyn,1.475,192.5,4.45,0.0,1020.39,78.0,0.0
1768824000,2026-01-19 12:00:00,2026-01-19 13:00:00,fyn,1.825,213.5,4.725,0.0,1019.94,74.5,1.66667
1768827600,2026-01-19 13:00:00,2026-01-19 14:00:00,fyn,2.0,194.0,4.75,0.0,1019.61,73.0,5.0
1768831200,2026-01-19 14:00:00,2026-01-19 15:00:00,fyn,1.875,136.5,4.075,0.0,1019.49,73.25,0.0
1768834800,2026-01-19 15:00:00,2026-01-19 16:00:00,fyn,1.35,57.5,3.5,0.0,1019.5,75.75,0.0
1768838400,2026-01-19 16:00:00,2026-01-19 17:00:00,fyn,0.425,3.0,2.875,0.0,1019.52,79.75,0.0
1768842000,2026-01-19 17:00:00,2026-01-19 18:00:00,fyn,-0.175,0.0,2.625,0.0,1019.42,81.75,0.0
1768845600,2026-01-19 18:00:00,2026-01-19 19:00:00,fyn,-0.7,0.0,2.75,0.0,1019.3,83.5,0.0
1768849200,2026-01-19 19:00:00,2026-01-19 20:00:00,fyn,-0.675,0.0,2.875,0.0,1019.21,85.0,0.0
1768852800,2026-01-19 20:00:00,2026-01-19 21:00:00,fyn,-0.65,0.0,2.95,0.0,1019.21,86.75,0.0
1768856400,2026-01-19 21:00:00,2026-01-19 22:00:00,fyn,-0.775,0.0,2.425,0.0,1019.17,89.0,0.0
1768860000,2026-01-19 22:00:00,2026-01-19 23:00:00,fyn,-0.9,0.0,2.05,0.0,1019.06,89.5,0.0
1768863600,2026-01-19 23:00:00,2026-01-20 00:00:00,fyn,-1.05,0.0,1.975,0.0,1019.03,89.75,0.0
1768867200,2026-01-20 00:00:00,2026-01-20 01:00:00,fyn,-1.575,0.0,1.9,0.0,1018.92,91.25,0.0
1768870800,2026-01-20 01:00:00,2026-01-20 02:00:00,fyn,-1.85,0.0,1.85,0.0,1018.85,92.25,0.0
1768874400,2026-01-20 02:00:00,2026-01-20 03:00:00,fyn,-2.25,0.0,1.475,0.0,1018.8,93.75,0.0
1768878000,2026-01-20 03:00:00,2026-01-20 04:00:00,fyn,-2.55,0.0,1.175,0.0,1018.71,94.5,0.0
1768881600,2026-01-20 04:00:00,2026-01-20 05:00:00,fyn,-3.05,0.0,1.025,0.0,1018.78,95.0,0.0
1768885200,2026-01-20 05:00:00,2026-01-20 06:00:00,fyn,-3.45,0.0,0.95,0.0,1018.61,95.0,0.0
1768888800,2026-01-20 06:00:00,2026-01-20 07:00:00,fyn,-3.35,0.0,1.05,0.0,1018.54,95.25,0.0
1768892400,2026-01-20 07:00:00,2026-01-20 08:00:00,fyn,-3.575,0.0,1.125,0.0,1018.63,95.0,0.0
1768896000,2026-01-20 08:00:00,2026-01-20 09:00:00,fyn,-3.475,2.0,0.7,0.0,1018.75,93.75,5.0
1768899600,2026-01-20 09:00:00,2026-01-20 10:00:00,fyn,-2.8,50.5,0.925,0.0,1018.69,94.0,3.33333
1768903200,2026-01-20 10:00:00,2026-01-20 11:00:00,fyn,-0.9,129.0,1.225,0.0,1018.64,93.25,3.33333
1768906800,2026-01-20 11:00:00,2026-01-20 12:00:00,fyn,0.55,184.5,1.25,0.0,1018.54,89.0,3.33333
1768910400,2026-01-20 12:00:00,2026-01-20 13:00:00,fyn,1.65,205.0,1.3,0.0,1018.16,83.25,6.66667
1768914000,2026-01-20 13:00:00,2026-01-20 14:00:00,fyn,2.1,187.0,1.875,0.0,1017.79,79.75,13.3333
1768917600,2026-01-20 14:00:00,2026-01-20 15:00:00,fyn,2.225,132.5,2.1,0.0,1017.8,79.75,1.66667
1768921200,2026-01-20 15:00:00,2026-01-20 16:00:00,fyn,1.625,49.0,1.925,0.0,1017.49,83.25,10.0
1768924800,2026-01-20 16:00:00,2026-01-20 17:00:00,fyn,0.65,2.5,2.25,0.0,1017.1,88.75,1.66667
1768928400,2026-01-20 17:00:00,2026-01-20 18:00:00,fyn,-0.225,0.0,2.125,0.0,1016.75,92.0,0.0
1768932000,2026-01-20 18:00:00,2026-01-20 19:00:00,fyn,-0.55,0.0,2.25,0.0,1016.28,94.25,0.0
1768935600,2026-01-20 19:00:00,2026-01-20 20:00:00,fyn,-0.675,0.0,2.825,0.0,1015.71,94.5,0.0
1768939200,2026-01-20 20:00:00,2026-01-20 21:00:00,fyn,-0.725,0.0,2.825,0.0,1015.15,94.75,0.0
1768942800,2026-01-20 21:00:00,2026-01-20 22:00:00,fyn,-0.725,0.0,2.775,0.0,1014.75,94.5,0.0
1768946400,2026-01-20 22:00:00,2026-01-20 23:00:00,fyn,-0.95,0.0,2.6,0.0,1014.37,93.5,0.0
1768950000,2026-01-20 23:00:00,2026-01-21 00:00:00,fyn,-0.8,0.0,2.8,0.0,1014.03,93.25,0.0
1768953600,2026-01-21 00:00:00,2026-01-21 01:00:00,fyn,-0.85,0.0,2.775,0.0,1013.65,93.5,0.0
1768957200,2026-01-21 01:00:00,2026-01-21 02:00:00,fyn,-0.8,0.0,3.05,0.0,1013.01,93.5,0.0
1768960800,2026-01-21 02:00:00,2026-01-21 03:00:00,fyn,-0.925,0.0,3.4,0.0,1012.31,93.75,21.6667
1768964400,2026-01-21 03:00:00,2026-01-21 04:00:00,fyn,-0.65,0.0,4.85,0.0,1011.54,93.25,33.3333
1768968000,2026-01-21 04:00:00,2026-01-21 05:00:00,fyn,-0.675,0.0,5.5,0.0,1011.09,93.25,38.3333
1768971600,2026-01-21 05:00:00,2026-01-21 06:00:00,fyn,-0.7,0.0,5.425,0.0,1010.74,91.5,0.0
1768975200,2026-01-21 06:00:00,2026-01-21 07:00:00,fyn,-0.975,0.0,4.875,0.0,1010.54,91.25,1.66667
1768978800,2026-01-21 07:00:00,2026-01-21 08:00:00,fyn,-1.075,0.0,4.55,0.0,1010.44,90.0,13.3333
1768982400,2026-01-21 08:00:00,2026-01-21 09:00:00,fyn,-1.075,2.0,5.05,0.0,1009.99,89.5,10.0
1768986000,2026-01-21 09:00:00,2026-01-21 10:00:00,fyn,-0.85,23.0,4.85,0.0,1009.66,88.5,53.3333
1768989600,2026-01-21 10:00:00,2026-01-21 11:00:00,fyn,-0.475,45.5,5.025,0.0,1009.23,88.0,90.0
1768993200,2026-01-21 11:00:00,2026-01-21 12:00:00,fyn,-0.275,84.5,5.175,0.0,1008.87,88.0,91.6667
1768996800,2026-01-21 12:00:00,2026-01-21 13:00:00,fyn,-1.38778e-17,132.5,4.925,0.0,1008.38,86.0,91.6667
1769000400,2026-01-21 13:00:00,2026-01-21 14:00:00,fyn,0.225,66.5,5.2,0.0,1008.12,83.0,95.0
1769004000,2026-01-21 14:00:00,2026-01-21 15:00:00,fyn,0.35,53.0,5.7,0.0,1007.66,81.5,98.3333
1769007600,2026-01-21 15:00:00,2026-01-21 16:00:00,fyn,0.35,21.5,5.35,0.0,1007.4,81.75,98.3333
1769011200,2026-01-21 16:00:00,2026-01-21 17:00:00,fyn,0.35,2.0,5.8,0.0,1007.12,81.0,93.3333
1769014800,2026-01-21 17:00:00,2026-01-21 18:00:00,fyn,0.35,0.0,6.125,0.0,1006.98,81.75,98.3333
1769018400,2026-01-21 18:00:00,2026-01-21 19:00:00,fyn,0.225,0.0,5.95,0.0,1006.85,82.0,96.6667
1769022000,2026-01-21 19:00:00,2026-01-21 20:00:00,fyn,0.075,0.0,6.075,0.0,1006.66,81.25,98.3333
1769025600,2026-01-21 20:00:00,2026-01-21 21:00:00,fyn,0.05,0.0,5.925,0.0,1006.55,80.0,96.6667
1769029200,2026-01-21 21:00:00,2026-01-21 22:00:00,fyn,0.125,0.0,5.45,0.0,1006.39,81.75,90.0
1769032800,2026-01-21 22:00:00,2026-01-21 23:00:00,fyn,0.15,0.0,5.825,0.0,1006.17,84.25,93.3333
1769036400,2026-01-21 23:00:00,2026-01-22 00:00:00,fyn,0.25,0.0,6.05,0.0,1005.97,85.0,93.3333
1769040000,2026-01-22 00:00:00,2026-01-22 01:00:00,fyn,0.35,0.0,6.0,0.0,1005.67,85.0,91.6667
1769043600,2026-01-22 01:00:00,2026-01-22 02:00:00,fyn,0.4,0.0,6.1,0.0,1005.41,84.0,90.0
1769047200,2026-01-22 02:00:00,2026-01-22 03:00:00,fyn,0.3,0.0,6.0,0.0,1005.25,85.0,95.0
1769050800,2026-01-22 03:00:00,2026-01-22 04:00:00,fyn,0.25,0.0,6.4,0.0,1005.13,84.5,95.0
1769054400,2026-01-22 04:00:00,2026-01-22 05:00:00,fyn,0.125,0.0,6.575,0.0,1005.16,84.25,96.6667
1769058000,2026-01-22 05:00:00,2026-01-22 06:00:00,fyn,0.025,0.0,6.6,0.0,1005.15,83.5,98.3333
1769061600,2026-01-22 06:00:00,2026-01-22 07:00:00,fyn,-0.3,0.0,6.975,0.0,1005.3,83.5,98.3333
1769065200,2026-01-22 07:00:00,2026-01-22 08:00:00,fyn,-0.575,0.0,7.6,0.0,1005.59,79.25,95.0
1769068800,2026-01-22 08:00:00,2026-01-22 09:00:00,fyn,-0.825,0.0,7.3,0.0,1005.66,76.25,95.0
1769072400,2026-01-22 09:00:00,2026-01-22 10:00:00,fyn,-0.95,2.5,7.125,0.0,1005.49,74.5,91.6667
1769076000,2026-01-22 10:00:00,2026-01-22 11:00:00,fyn,-1.0,7.5,7.075,0.0,1005.25,75.75,91.6667
1769079600,2026-01-22 11:00:00,2026-01-22 12:00:00,fyn,-1.0,10.5,6.7,0.0,1004.9,78.75,90.0
1769083200,2026-01-22 12:00:00,2026-01-22 13:00:00,fyn,-1.0,12.0,7.2,0.0,1004.55,81.0,91.6667
1769086800,2026-01-22 13:00:00,2026-01-22 14:00:00,fyn,-0.875,13.0,7.325,0.0,1004.18,81.0,96.6667
1769090400,2026-01-22 14:00:00,2026-01-22 15:00:00,fyn,-0.725,10.0,7.425,0.0,1003.92,80.0,95.0
1769094000,2026-01-22 15:00:00,2026-01-22 16:00:00,fyn,-0.65,2.5,7.175,0.0,1003.72,81.0,93.3333
1769097600,2026-01-22 16:00:00,2026-01-22 17:00:00,fyn,-0.65,0.0,7.525,0.0,1003.51,81.75,93.3333
1769101200,2026-01-22 17:00:00,2026-01-22 18:00:00,fyn,-0.575,0.0,7.325,0.0,1003.32,81.75,91.6667
1769104800,2026-01-22 18:00:00,2026-01-22 19:00:00,fyn,-0.4,0.0,7.425,0.0,1003.18,81.75,90.0
1769108400,2026-01-22 19:00:00,2026-01-22 20:00:00,fyn,-0.325,0.0,7.175,0.0,1003.25,81.5,95.0
1769112000,2026-01-22 20:00:00,2026-01-22 21:00:00,fyn,-0.075,0.0,6.9,0.0,1003.22,80.25,95.0
1769115600,2026-01-22 21:00:00,2026-01-22 22:00:00,fyn,-0.025,0.0,7.075,0.0,1003.17,79.5,93.3333
1769119200,2026-01-22 22:00:00,2026-01-22 23:00:00,fyn,0.1,0.0,6.95,0.0,1003.01,80.5,95.0
1769122800,2026-01-22 23:00:00,2026-01-23 00:00:00,fyn,0.275,0.0,6.725,0.0,1003.04,81.25,90.0
1769126400,2026-01-23 00:00:00,2026-01-23 01:00:00,fyn,0.375,0.0,6.025,0.0,1003.0,82.5,95.0
1769130000,2026-01-23 01:00:00,2026-01-23 02:00:00,fyn,0.65,0.0,6.675,0.0,1003.08,80.5,91.6667
1769133600,2026-01-23 02:00:00,2026-01-23 03:00:00,fyn,0.7,0.0,6.8,0.0,1002.92,79.0,93.3333
1769137200,2026-01-23 03:00:00,2026-01-23 04:00:00,fyn,0.675,0.0,7.05,0.0,1002.79,77.5,90.0
1769140800,2026-01-23 04:00:00,2026-01-23 05:00:00,fyn,0.475,0.0,7.275,0.0,1002.85,75.75,95.0
1769144400,2026-01-23 05:00:00,2026-01-23 06:00:00,fyn,0.35,0.0,7.325,0.0,1002.86,75.0,98.3333
1769148000,2026-01-23 06:00:00,2026-01-23 07:00:00,fyn,0.2,0.0,8.075,0.0333333,1003.36,75.75,98.3333
1769151600,2026-01-23 07:00:00,2026-01-23 08:00:00,fyn,0.05,0.0,8.625,0.0,1003.91,76.5,95.0
1769155200,2026-01-23 08:00:00,2026-01-23 09:00:00,fyn,-0.15,0.5,7.625,0.0,1004.28,76.5,96.6667
1769158800,2026-01-23 09:00:00,2026-01-23 10:00:00,fyn,-0.325,10.5,7.96667,0.0,1004.61,76.5,95.0
1769162400,2026-01-23 10:00:00,2026-01-23 11:00:00,fyn,-0.375,25.0,7.975,0.0,1004.92,76.75,96.6667
1769166000,2026-01-23 11:00:00,2026-01-23 12:00:00,fyn,-0.5,37.5,8.1,0.0333333,1004.85,76.75,95.0
1769169600,2026-01-23 12:00:00,2026-01-23 13:00:00,fyn,-0.65,49.0,7.725,0.0,1005.03,78.0,95.0
1769173200,2026-01-23 13:00:00,2026-01-23 14:00:00,fyn,-1.175,32.5,7.975,0.0,1005.02,79.0,96.6667
1769176800,2026-01-23 14:00:00,2026-01-23 15:00:00,fyn,-1.15,26.5,8.15,0.0,1005.02,78.0,96.6667
1769180400,2026-01-23 15:00:00,2026-01-23 16:00:00,fyn,-0.975,10.0,8.425,0.0333333,1005.25,77.5,96.6667
1769184000,2026-01-23 16:00:00,2026-01-23 17:00:00,fyn,-0.875,1.0,7.925,0.0,1005.52,78.0,95.0
1769187600,2026-01-23 17:00:00,2026-01-23 18:00:00,fyn,-0.875,0.0,8.35,0.0333333,1005.76,78.5,95.0
1769191200,2026-01-23 18:00:00,2026-01-23 19:00:00,fyn,-0.825,0.0,8.6,0.0333333,1005.83,77.25,96.6667
1769194800,2026-01-23 19:00:00,2026-01-23 20:00:00,fyn,-0.8,0.0,8.3,0.0333333,1006.2,78.0,96.6667
1769198400,2026-01-23 20:00:00,2026-01-23 21:00:00,fyn,-0.775,0.0,7.975,0.0,1006.6,78.25,96.6667
1769202000,2026-01-23 21:00:00,2026-01-23 22:00:00,fyn,-0.725,0.0,8.2,0.0,1006.9,77.0,98.3333
1769205600,2026-01-23 22:00:00,2026-01-23 23:00:00,fyn,-0.6,0.0,7.65,0.0,1007.1,76.75,98.3333
1769209200,2026-01-23 23:00:00,2026-01-24 00:00:00,fyn,-0.5,0.0,7.075,0.0,1007.1,76.75,98.3333
1769212800,2026-01-24 00:00:00,2026-01-24 01:00:00,fyn,-0.475,0.0,6.575,0.0,1007.11,77.0,98.3333
1769216400,2026-01-24 01:00:00,2026-01-24 02:00:00,fyn,-0.35,0.0,6.3,0.0,1007.14,77.0,98.3333
1769220000,2026-01-24 02:00:00,2026-01-24 03:00:00,fyn,-0.25,0.0,5.75,0.0,1006.96,77.25,98.3333
1769223600,2026-01-24 03:00:00,2026-01-24 04:00:00,fyn,-0.175,0.0,5.75,0.0,1006.95,76.25,98.3333
1769227200,2026-01-24 04:00:00,2026-01-24 05:00:00,fyn,-0.2,0.0,5.9,0.0,1007.03,77.25,98.3333
1769230800,2026-01-24 05:00:00,2026-01-24 06:00:00,fyn,-0.175,0.0,6.15,0.0,1006.95,77.75,96.6667
1769234400,2026-01-24 06:00:00,2026-01-24 07:00:00,fyn,-0.2,0.0,6.0,0.0,1007.03,79.25,96.6667
1769238000,2026-01-24 07:00:00,2026-01-24 08:00:00,fyn,-0.175,0.0,5.675,0.0,1007.28,79.75,98.3333
1769241600,2026-01-24 08:00:00,2026-01-24 09:00:00,fyn,-0.275,0.0,5.175,0.0,1007.57,82.25,95.0
1769245200,2026-01-24 09:00:00,2026-01-24 10:00:00,fyn,-0.275,5.5,5.075,0.0,1007.48,82.0,95.0
1769248800,2026-01-24 10:00:00,2026-01-24 11:00:00,fyn,-0.025,17.0,5.45,0.0,1007.44,79.75,93.3333
1769252400,2026-01-24 11:00:00,2026-01-24 12:00:00,fyn,0.175,18.5,5.675,0.0,1007.46,81.0,93.3333
1769256000,2026-01-24 12:00:00,2026-01-24 13:00:00,fyn,0.075,22.0,6.1,0.0,1007.44,83.0,96.6667
1769259600,2026-01-24 13:00:00,2026-01-24 14:00:00,fyn,-0.025,32.5,5.75,0.0333333,1007.32,83.75,93.3333
1769263200,2026-01-24 14:00:00,2026-01-24 15:00:00,fyn,-1.38778e-17,28.0,5.325,0.0,1007.3,84.0,95.0
1769266800,2026-01-24 15:00:00,2026-01-24 16:00:00,fyn,0.175,8.0,5.15,0.0,1007.34,85.75,93.3333
1769270400,2026-01-24 16:00:00,2026-01-24 17:00:00,fyn,0.35,1.0,5.2,0.0,1007.3,86.0,91.6667
1769274000,2026-01-24 17:00:00,2026-01-24 18:00:00,fyn,0.55,0.0,5.1,0.0,1007.28,84.25,91.6667
1769277600,2026-01-24 18:00:00,2026-01-24 19:00:00,fyn,0.65,,6.2,0.0,1007.16,83.0,93.3333
1769281200,2026-01-24 19:00:00,2026-01-24 20:00:00,fyn,0.65,0.0,5.625,0.0,1007.41,81.0,90.0
1769284800,2026-01-24 20:00:00,2026-01-24 21:00:00,fyn,0.55,0.0,5.9,0.0,1007.42,82.5,96.6667
1769288400,2026-01-24 21:00:00,2026-01-24 22:00:00,fyn,0.425,0.0,5.525,0.0,1007.24,82.75,95.0
1769292000,2026-01-24 22:00:00,2026-01-24 23:00:00,fyn,0.225,0.0,5.225,0.0,1006.99,85.25,98.3333
1769295600,2026-01-24 23:00:00,2026-01-25 00:00:00,fyn,0.0,0.0,4.925,0.0,1006.85,87.0,96.6667
1769299200,2026-01-25 00:00:00,2026-01-25 01:00:00,fyn,-0.025,0.0,5.4,0.0,1006.63,87.0,98.3333
1769302800,2026-01-25 01:00:00,2026-01-25 02:00:00,fyn,-0.1,0.0,5.125,0.0,1006.4,88.75,93.3333
1769306400,2026-01-25 02:00:00,2026-01-25 03:00:00,fyn,-0.15,0.0,4.825,0.0333333,1005.85,91.0,93.3333
1769310000,2026-01-25 03:00:00,2026-01-25 04:00:00,fyn,-0.2,0.0,5.225,0.133333,1005.36,91.25,93.3333
1769313600,2026-01-25 04:00:00,2026-01-25 05:00:00,fyn,-0.275,0.0,4.675,0.0333333,1005.26,92.0,91.6667
1769317200,2026-01-25 05:00:00,2026-01-25 06:00:00,fyn,-0.225,0.0,4.625,0.0,1005.4,92.75,96.6667
1769320800,2026-01-25 06:00:00,2026-01-25 07:00:00,fyn,-0.2,0.0,4.775,0.0,1005.46,92.0,95.0
1769324400,2026-01-25 07:00:00,2026-01-25 08:00:00,fyn,-0.225,0.0,4.625,0.0,1005.65,91.5,95.0
1769328000,2026-01-25 08:00:00,2026-01-25 09:00:00,fyn,-0.2,1.5,4.275,0.0,1005.53,91.75,91.6667
1769331600,2026-01-25 09:00:00,2026-01-25 10:00:00,fyn,-0.175,10.5,4.225,0.0,1005.42,91.75,95.0
1769335200,2026-01-25 10:00:00,2026-01-25 11:00:00,fyn,-0.225,16.0,4.575,0.0,1005.21,91.5,93.3333
1769338800,2026-01-25 11:00:00,2026-01-25 12:00:00,fyn,-0.2,22.5,4.525,0.0,1004.95,90.25,90.0
1769342400,2026-01-25 12:00:00,2026-01-25 13:00:00,fyn,-0.2,29.0,4.425,0.0,1004.5,91.0,96.6667
1769346000,2026-01-25 13:00:00,2026-01-25 14:00:00,fyn,-0.05,29.0,4.625,0.0,1004.29,90.0,91.6667
1769349600,2026-01-25 14:00:00,2026-01-25 15:00:00,fyn,-0.1,18.0,4.275,0.0666667,1004.2,92.5,95.0
1769353200,2026-01-25 15:00:00,2026-01-25 16:00:00,fyn,-0.125,5.5,5.075,0.0333333,1003.91,92.75,91.6667
1769356800,2026-01-25 16:00:00,2026-01-25 17:00:00,fyn,-0.025,0.5,5.45,0.0333333,1003.72,92.75,93.3333
1769360400,2026-01-25 17:00:00,2026-01-25 18:00:00,fyn,0.275,0.0,5.8,0.0,1003.7,91.0,98.3333
1769364000,2026-01-25 18:00:00,2026-01-25 19:00:00,fyn,0.525,0.0,5.55,0.0,1003.68,89.25,98.3333
1769367600,2026-01-25 19:00:00,2026-01-25 20:00:00,fyn,0.675,0.0,5.375,0.0,1003.53,88.0,95.0
1769371200,2026-01-25 20:00:00,2026-01-25 21:00:00,fyn,0.775,0.0,5.45,0.0,1003.4,86.75,75.0
1769374800,2026-01-25 21:00:00,2026-01-25 22:00:00,fyn,0.6,0.0,5.4,0.0,1003.3,85.5,90.0
1769378400,2026-01-25 22:00:00,2026-01-25 23:00:00,fyn,0.425,0.0,5.55,0.0,1003.25,84.25,68.3333
1769382000,2026-01-25 23:00:00,2026-01-26 00:00:00,fyn,0.075,0.0,6.05,0.0,1003.35,84.5,63.3333
1769385600,2026-01-26 00:00:00,2026-01-26 01:00:00,fyn,-0.25,0.0,5.75,0.0,1003.06,83.5,58.3333
1769389200,2026-01-26 01:00:00,2026-01-26 02:00:00,fyn,-0.55,0.0,5.225,0.0,1002.7,83.0,18.3333
1769392800,2026-01-26 02:00:00,2026-01-26 03:00:00,fyn,-0.675,0.0,5.275,0.0,1002.21,83.75,0.0
1769396400,2026-01-26 03:00:00,2026-01-26 04:00:00,fyn,-0.775,0.0,5.5,0.0,1002.0,83.25,46.6667
1769400000,2026-01-26 04:00:00,2026-01-26 05:00:00,fyn,-0.95,0.0,6.4,0.0,1001.85,82.25,85.0
1769403600,2026-01-26 05:00:00,2026-01-26 06:00:00,fyn,-0.8,0.0,7.1,0.0,1001.59,81.5,76.6667
1769407200,2026-01-26 06:00:00,2026-01-26 07:00:00,fyn,-0.775,0.0,8.0,0.0,1001.33,81.0,85.0
1769410800,2026-01-26 07:00:00,2026-01-26 08:00:00,fyn,-0.8,0.0,8.175,0.0,1001.43,79.0,90.0
1769414400,2026-01-26 08:00:00,2026-01-26 09:00:00,fyn,-1.1,2.0,8.3,0.0,1001.7,79.5,90.0
1769418000,2026-01-26 09:00:00,2026-01-26 10:00:00,fyn,-1.325,19.0,8.8,0.0,1002.03,76.5,85.0
1769421600,2026-01-26 10:00:00,2026-01-26 11:00:00,fyn,-1.85,36.0,8.775,0.0,1001.95,77.0,93.3333
1769425200,2026-01-26 11:00:00,2026-01-26 12:00:00,fyn,-2.0,50.0,8.8,0.0,1001.5,78.5,95.0
1769428800,2026-01-26 12:00:00,2026-01-26 13:00:00,fyn,-1.725,44.5,8.05,0.0,1001.33,81.0,98.3333
1769432400,2026-01-26 13:00:00,2026-01-26 14:00:00,fyn,-1.425,35.0,7.15,0.0,1001.42,82.5,93.3333
1769436000,2026-01-26 14:00:00,2026-01-26 15:00:00,fyn,-1.25,17.5,7.425,0.0,1001.67,84.5,95.0
1769439600,2026-01-26 15:00:00,2026-01-26 16:00:00,fyn,-1.15,6.0,7.15,0.0,1001.82,87.5,98.3333
1769443200,2026-01-26 16:00:00,2026-01-26 17:00:00,fyn,-1.05,0.5,6.425,0.0,1002.15,91.75,98.3333
1769446800,2026-01-26 17:00:00,2026-01-26 18:00:00,fyn,-1.125,0.0,6.075,0.0666667,1002.39,92.25,81.6667
1769450400,2026-01-26 18:00:00,2026-01-26 19:00:00,fyn,-1.075,0.0,6.525,0.1,1002.56,92.0,31.6667
1769454000,2026-01-26 19:00:00,2026-01-26 20:00:00,fyn,-0.975,0.0,6.675,0.0333333,1003.07,91.0,95.0
1769457600,2026-01-26 20:00:00,2026-01-26 21:00:00,fyn,-0.775,0.0,6.525,0.0,1003.61,89.25,98.3333
1769461200,2026-01-26 21:00:00,2026-01-26 22:00:00,fyn,-0.625,0.0,6.5,0.0,1003.78,87.75,93.3333
1769464800,2026-01-26 22:00:00,2026-01-26 23:00:00,fyn,-0.625,0.0,6.25,0.0,1003.88,88.5,91.6667
1769468400,2026-01-26 23:00:00,2026-01-27 00:00:00,fyn,-0.6,0.0,6.35,0.0,1003.95,89.25,96.6667
1769472000,2026-01-27 00:00:00,2026-01-27 01:00:00,fyn,-0.55,0.0,6.05,0.0,1003.6,89.5,90.0
1769475600,2026-01-27 01:00:00,2026-01-27 02:00:00,fyn,-0.3,0.0,6.275,0.0,1003.45,88.25,91.6667
1769479200,2026-01-27 02:00:00,2026-01-27 03:00:00,fyn,-0.15,0.0,6.325,0.0,1003.61,87.0,96.6667
1769482800,2026-01-27 03:00:00,2026-01-27 04:00:00,fyn,-0.1,0.0,6.125,0.0,1003.35,86.25,96.6667
1769486400,2026-01-27 04:00:00,2026-01-27 05:00:00,fyn,-0.15,0.0,6.4,0.0,1003.11,85.75,96.6667
1769490000,2026-01-27 05:00:00,2026-01-27 06:00:00,fyn,-0.2,0.0,6.525,0.0,1003.04,85.5,96.6667
1769493600,2026-01-27 06:00:00,2026-01-27 07:00:00,fyn,-0.225,0.0,6.575,0.0,1003.02,83.75,98.3333
1769497200,2026-01-27 07:00:00,2026-01-27 08:00:00,fyn,-0.275,0.0,6.675,0.0,1003.23,83.25,98.3333
1769500800,2026-01-27 08:00:00,2026-01-27 09:00:00,fyn,-0.375,2.0,6.75,0.0,1003.19,83.25,95.0
1769504400,2026-01-27 09:00:00,2026-01-27 10:00:00,fyn,-0.425,25.5,6.925,0.0,1002.73,82.75,98.3333
1769508000,2026-01-27 10:00:00,2026-01-27 11:00:00,fyn,-0.3,78.5,7.375,0.0,1002.27,83.5,91.6667
1769511600,2026-01-27 11:00:00,2026-01-27 12:00:00,fyn,-0.225,98.5,7.25,0.0,1001.88,84.0,98.3333
1769515200,2026-01-27 12:00:00,2026-01-27 13:00:00,fyn,-0.175,84.0,6.875,0.0,1001.61,84.0,98.3333
1769518800,2026-01-27 13:00:00,2026-01-27 14:00:00,fyn,-0.15,99.5,6.35,0.0,1001.44,84.25,98.3333
1769522400,2026-01-27 14:00:00,2026-01-27 15:00:00,fyn,-0.125,32.0,5.65,0.0,1001.52,84.25,98.3333
1769526000,2026-01-27 15:00:00,2026-01-27 16:00:00,fyn,-0.175,10.0,5.625,0.0,1001.32,84.5,98.3333
1769529600,2026-01-27 16:00:00,2026-01-27 17:00:00,fyn,-0.25,0.5,5.65,0.0,1000.91,85.5,98.3333
1769533200,2026-01-27 17:00:00,2026-01-27 18:00:00,fyn,-0.3,0.0,6.15,0.0,1000.7,85.5,96.6667
1769536800,2026-01-27 18:00:00,2026-01-27 19:00:00,fyn,-0.35,0.0,6.075,0.0,1000.74,86.5,96.6667
1769540400,2026-01-27 19:00:00,2026-01-27 20:00:00,fyn,-0.275,0.0,6.075,0.0,1000.83,86.25,93.3333
1769544000,2026-01-27 20:00:00,2026-01-27 21:00:00,fyn,-0.25,0.0,6.125,0.0,1000.87,86.25,90.0
1769547600,2026-01-27 21:00:00,2026-01-27 22:00:00,fyn,-0.325,0.0,6.225,0.0,1001.07,87.5,90.0
1769551200,2026-01-27 22:00:00,2026-01-27 23:00:00,fyn,-0.4,0.0,6.15,0.0,1001.11,88.25,93.3333
1769554800,2026-01-27 23:00:00,2026-01-28 00:00:00,fyn,-0.45,0.0,5.9,0.0,1000.95,88.5,96.6667
1769558400,2026-01-28 00:00:00,2026-01-28 01:00:00,fyn,-0.575,0.0,5.675,0.0,1000.76,88.75,93.3333
1769562000,2026-01-28 01:00:00,2026-01-28 02:00:00,fyn,-0.55,0.0,5.35,0.0,1000.86,88.75,93.3333
1769565600,2026-01-28 02:00:00,2026-01-28 03:00:00,fyn,-0.575,0.0,5.7,0.0,1000.77,89.0,95.0
1769569200,2026-01-28 03:00:00,2026-01-28 04:00:00,fyn,-0.675,0.0,6.1,0.0,1000.48,89.5,98.3333
1769572800,2026-01-28 04:00:00,2026-01-28 05:00:00,fyn,-0.675,0.0,6.5,0.0,1000.33,89.75,98.3333
1769576400,2026-01-28 05:00:00,2026-01-28 06:00:00,fyn,-0.75,0.0,6.3,0.0,1000.52,89.5,98.3333
1769580000,2026-01-28 06:00:00,2026-01-28 07:00:00,fyn,-0.75,0.0,6.1,0.0,1000.76,89.0,98.3333
1769583600,2026-01-28 07:00:00,2026-01-28 08:00:00,fyn,-0.7,0.0,5.95,0.0,1001.14,88.5,98.3333
1769587200,2026-01-28 08:00:00,2026-01-28 09:00:00,fyn,-0.725,2.0,6.15,0.0,1001.55,88.0,98.3333
1769590800,2026-01-28 09:00:00,2026-01-28 10:00:00,fyn,-0.675,9.5,6.0,0.0,1001.93,87.25,98.3333
1769594400,2026-01-28 10:00:00,2026-01-28 11:00:00,fyn,-0.75,13.0,5.775,0.0,1002.07,88.5,98.3333
1769598000,2026-01-28 11:00:00,2026-01-28 12:00:00,fyn,-0.775,38.0,6.025,0.0,1002.08,89.75,96.6667
1769601600,2026-01-28 12:00:00,2026-01-28 13:00:00,fyn,-0.725,43.5,6.1,0.0,1002.12,88.0,95.0
1769605200,2026-01-28 13:00:00,2026-01-28 14:00:00,fyn,-0.7,26.0,5.8,0.0,1002.3,88.0,95.0
1769608800,2026-01-28 14:00:00,2026-01-28 15:00:00,fyn,-0.6,23.5,5.7,0.0,1002.57,85.75,96.6667
1769612400,2026-01-28 15:00:00,2026-01-28 16:00:00,fyn,-0.775,7.0,6.625,0.0,1002.94,85.25,93.3333
1769616000,2026-01-28 16:00:00,2026-01-28 17:00:00,fyn,-0.95,1.5,7.05,0.0,1003.1,86.0,95.0
1769619600,2026-01-28 17:00:00,2026-01-28 18:00:00,fyn,-1.125,0.0,7.325,0.0,1003.56,85.75,95.0
1769623200,2026-01-28 18:00:00,2026-01-28 19:00:00,fyn,-1.075,0.0,6.725,0.0,1003.86,83.25,96.6667
1769626800,2026-01-28 19:00:00,2026-01-28 20:00:00,fyn,-1.025,0.0,6.875,0.0,1004.09,80.5,96.6667
1769630400,2026-01-28 20:00:00,2026-01-28 21:00:00,fyn,-0.975,0.0,6.95,0.0,1004.33,77.75,96.6667
1769634000,2026-01-28 21:00:00,2026-01-28 22:00:00,fyn,-1.0,0.0,6.975,0.0,1004.48,77.25,96.6667
1769637600,2026-01-28 22:00:00,2026-01-28 23:00:00,fyn,-1.05,0.0,6.9,0.0,1004.47,79.25,98.3333
1769641200,2026-01-28 23:00:00,2026-01-29 00:00:00,fyn,-1.175,0.0,7.2,0.0,1004.41,79.25,98.3333
1769644800,2026-01-29 00:00:00,2026-01-29 01:00:00,fyn,-1.25,0.0,7.45,0.0,1004.45,77.25,98.3333
1769648400,2026-01-29 01:00:00,2026-01-29 02:00:00,fyn,-1.275,0.0,7.325,0.0,1004.67,75.75,98.3333
1769652000,2026-01-29 02:00:00,2026-01-29 03:00:00,fyn,-1.4,0.0,7.125,0.0,1004.88,75.5,98.3333
1769655600,2026-01-29 03:00:00,2026-01-29 04:00:00,fyn,-1.525,0.0,6.875,0.0,1005.01,76.0,98.3333
1769659200,2026-01-29 04:00:00,2026-01-29 05:00:00,fyn,-1.6,0.0,6.9,0.0,1004.95,75.75,98.3333
1769662800,2026-01-29 05:00:00,2026-01-29 06:00:00,fyn,-1.65,0.0,7.125,0.0,1004.95,75.75,98.3333
1769666400,2026-01-29 06:00:00,2026-01-29 07:00:00,fyn,-1.6,0.0,7.4,0.0,1005.2,75.25,98.3333
1769670000,2026-01-29 07:00:00,2026-01-29 08:00:00,fyn,-1.6,0.0,7.1,0.0,1005.67,74.75,98.3333
1769673600,2026-01-29 08:00:00,2026-01-29 09:00:00,fyn,-1.65,0.5,6.8,0.0,1005.9,74.5,98.3333
1769677200,2026-01-29 09:00:00,2026-01-29 10:00:00,fyn,-1.625,11.0,6.375,0.0,1006.07,74.75,96.6667
1769680800,2026-01-29 10:00:00,2026-01-29 11:00:00,fyn,-1.625,23.0,6.45,0.0,1006.08,75.0,96.6667
1769684400,2026-01-29 11:00:00,2026-01-29 12:00:00,fyn,-1.575,34.0,6.8,0.0,1005.92,75.0,93.3333
1769688000,2026-01-29 12:00:00,2026-01-29 13:00:00,fyn,-1.575,37.0,6.925,0.0,1005.51,76.5,96.6667
1769691600,2026-01-29 13:00:00,2026-01-29 14:00:00,fyn,-1.55,34.0,6.6,0.0,1005.33,76.75,93.3333
1769695200,2026-01-29 14:00:00,2026-01-29 15:00:00,fyn,-1.4,30.5,6.575,0.0,1005.33,76.0,96.6667
1769698800,2026-01-29 15:00:00,2026-01-29 16:00:00,fyn,-1.325,19.5,6.375,0.0,1005.41,75.5,96.6667
1769702400,2026-01-29 16:00:00,2026-01-29 17:00:00,fyn,-1.275,2.5,6.425,0.0,1005.44,75.5,96.6667
1769706000,2026-01-29 17:00:00,2026-01-29 18:00:00,fyn,-1.1,0.0,6.55,0.0,1005.62,75.0,96.6667
1769709600,2026-01-29 18:00:00,2026-01-29 19:00:00,fyn,-0.95,0.0,6.975,0.0,1005.65,74.5,93.3333
1769713200,2026-01-29 19:00:00,2026-01-29 20:00:00,fyn,-0.95,0.0,7.225,0.0,1005.76,73.75,98.3333
1769716800,2026-01-29 20:00:00,2026-01-29 21:00:00,fyn,-0.95,0.0,7.325,0.0333333,1005.95,74.5,95.0
1769720400,2026-01-29 21:00:00,2026-01-29 22:00:00,fyn,-1.0,0.0,6.8,0.0333333,1005.78,75.5,96.6667
1769724000,2026-01-29 22:00:00,2026-01-29 23:00:00,fyn,-1.05,0.0,7.15,0.0333333,1005.6,76.5,93.3333
1769727600,2026-01-29 23:00:00,2026-01-30 00:00:00,fyn,-1.1,0.0,7.075,0.0,1005.37,76.75,96.6667
1769731200,2026-01-30 00:00:00,2026-01-30 01:00:00,fyn,-1.15,0.0,7.425,0.0,1005.11,76.75,98.3333
1769734800,2026-01-30 01:00:00,2026-01-30 02:00:00,fyn,-1.25,0.0,7.675,0.0,1005.06,78.75,98.3333
1769738400,2026-01-30 02:00:00,2026-01-30 03:00:00,fyn,-1.25,0.0,7.35,0.0,1004.85,79.5,98.3333
1769742000,2026-01-30 03:00:00,2026-01-30 04:00:00,fyn,-1.125,0.0,6.95,0.0,1004.55,80.5,98.3333
1769745600,2026-01-30 04:00:00,2026-01-30 05:00:00,fyn,-1.05,0.0,7.225,0.0,1004.51,79.25,95.0
1769749200,2026-01-30 05:00:00,2026-01-30 06:00:00,fyn,-1.075,0.0,6.5,0.0333333,1004.52,79.25,93.3333
1769752800,2026-01-30 06:00:00,2026-01-30 07:00:00,fyn,-1.2,0.0,6.425,0.0,1004.58,80.25,95.0
1769756400,2026-01-30 07:00:00,2026-01-30 08:00:00,fyn,-1.125,0.0,6.35,0.0333333,1004.72,80.5,90.0
1769760000,2026-01-30 08:00:00,2026-01-30 09:00:00,fyn,-1.0,0.5,6.55,0.0333333,1004.75,80.5,96.6667
1769763600,2026-01-30 09:00:00,2026-01-30 10:00:00,fyn,-0.775,4.0,7.0,0.0,1004.7,78.75,96.6667
1769767200,2026-01-30 10:00:00,2026-01-30 11:00:00,fyn,-0.575,9.5,7.25,0.0,1004.56,77.5,96.6667
1769770800,2026-01-30 11:00:00,2026-01-30 12:00:00,fyn,-0.35,18.5,7.2,0.0,1004.48,76.75,96.6667
1769774400,2026-01-30 12:00:00,2026-01-30 13:00:00,fyn,-0.25,20.5,6.85,0.0,1004.14,76.75,96.6667
1769778000,2026-01-30 13:00:00,2026-01-30 14:00:00,fyn,-0.025,32.0,6.975,0.0,1003.83,77.25,96.6667
1769781600,2026-01-30 14:00:00,2026-01-30 15:00:00,fyn,0.025,22.0,7.35,0.0,1003.93,81.0,95.0
1769785200,2026-01-30 15:00:00,2026-01-30 16:00:00,fyn,0.15,9.0,7.85,0.0333333,1004.15,81.0,95.0
1769788800,2026-01-30 16:00:00,2026-01-30 17:00:00,fyn,0.225,1.0,7.475,0.0,1004.34,81.25,95.0
1769792400,2026-01-30 17:00:00,2026-01-30 18:00:00,fyn,0.25,0.0,7.4,0.0,1004.4,82.25,98.3333
1769796000,2026-01-30 18:00:00,2026-01-30 19:00:00,fyn,0.175,0.0,7.825,0.0,1004.45,81.75,95.0
1769799600,2026-01-30 19:00:00,2026-01-30 20:00:00,fyn,0.075,0.0,8.05,0.0,1004.61,81.0,95.0
1769803200,2026-01-30 20:00:00,2026-01-30 21:00:00,fyn,-0.1,0.0,7.925,0.0333333,1004.89,81.25,96.6667
1769806800,2026-01-30 21:00:00,2026-01-30 22:00:00,fyn,-0.225,0.0,7.15,0.0,1004.96,82.75,95.0
1769810400,2026-01-30 22:00:00,2026-01-30 23:00:00,fyn,-0.125,0.0,7.125,0.0333333,1005.1,84.0,98.3333
1769814000,2026-01-30 23:00:00,2026-01-31 00:00:00,fyn,0.075,0.0,6.925,0.0666667,1005.2,83.25,98.3333
1769817600,2026-01-31 00:00:00,2026-01-31 01:00:00,fyn,0.175,0.0,7.05,0.0333333,1005.12,83.0,98.3333
1769821200,2026-01-31 01:00:00,2026-01-31 02:00:00,fyn,0.175,0.0,6.725,0.0,1005.37,82.25,95.0
1769824800,2026-01-31 02:00:00,2026-01-31 03:00:00,fyn,0.275,0.0,7.0,0.0,1005.54,81.75,96.6667
1769828400,2026-01-31 03:00:00,2026-01-31 04:00:00,fyn,0.3,0.0,7.3,0.0,1005.77,79.0,93.3333
1769832000,2026-01-31 04:00:00,2026-01-31 05:00:00,fyn,0.15,0.0,7.3,0.0,1005.99,80.25,91.6667
1769835600,2026-01-31 05:00:00,2026-01-31 06:00:00,fyn,0.025,0.0,7.2,0.0,1006.38,80.75,95.0
1769839200,2026-01-31 06:00:00,2026-01-31 07:00:00,fyn,-0.15,0.0,7.125,0.0333333,1006.99,83.0,93.3333
1769842800,2026-01-31 07:00:00,2026-01-31 08:00:00,fyn,-0.275,0.0,7.55,0.0333333,1007.58,82.75,91.6667
1769846400,2026-01-31 08:00:00,2026-01-31 09:00:00,fyn,-0.4,1.5,7.525,0.0,1008.15,79.75,95.0
1769850000,2026-01-31 09:00:00,2026-01-31 10:00:00,fyn,-0.625,20.5,8.025,0.0,1008.61,77.25,81.6667
1769853600,2026-01-31 10:00:00,2026-01-31 11:00:00,fyn,-0.6,66.0,7.8,0.0333333,1008.95,75.25,80.0
1769857200,2026-01-31 11:00:00,2026-01-31 12:00:00,fyn,-0.35,145.5,8.25,0.0,1009.29,73.0,96.6667
1769860800,2026-01-31 12:00:00,2026-01-31 13:00:00,fyn,-0.65,107.5,8.175,0.0,1009.58,74.25,91.6667
1769864400,2026-01-31 13:00:00,2026-01-31 14:00:00,fyn,-0.9,73.5,7.65,0.0,1009.75,75.25,93.3333
1769868000,2026-01-31 14:00:00,2026-01-31 15:00:00,fyn,-1.2,39.0,7.675,0.0,1010.22,75.5,91.6667
1769871600,2026-01-31 15:00:00,2026-01-31 16:00:00,fyn,-1.5,25.5,7.5,0.0,1010.7,78.0,85.0
1769875200,2026-01-31 16:00:00,2026-01-31 17:00:00,fyn,-1.775,7.0,7.9,0.0,1011.15,79.0,91.6667
1769878800,2026-01-31 17:00:00,2026-01-31 18:00:00,fyn,-1.975,0.0,7.35,0.0,1011.47,78.5,90.0
1769882400,2026-01-31 18:00:00,2026-01-31 19:00:00,fyn,-2.275,0.0,7.7,0.0,1011.78,78.0,93.3333
1769886000,2026-01-31 19:00:00,2026-01-31 20:00:00,fyn,-2.375,0.0,6.725,0.0,1012.05,78.75,95.0
1769889600,2026-01-31 20:00:00,2026-01-31 21:00:00,fyn,-2.4,0.0,7.075,0.0,1012.42,79.25,98.3333
1769893200,2026-01-31 21:00:00,2026-01-31 22:00:00,fyn,-2.525,0.0,6.9,0.0,1012.79,79.25,98.3333
1769896800,2026-01-31 22:00:00,2026-01-31 23:00:00,fyn,-2.775,0.0,7.575,0.0,1013.09,78.75,93.3333
1769900400,2026-01-31 23:00:00,2026-02-01 00:00:00,fyn,-3.175,0.0,7.525,0.0333333,1013.33,78.75,95.0
1769904000,2026-02-01 00:00:00,2026-02-01 01:00:00,fyn,-3.725,0.0,7.175,0.0,1013.3,78.5,93.3333
1769907600,2026-02-01 01:00:00,2026-02-01 02:00:00,fyn,-4.175,0.0,7.175,0.0,1013.25,78.0,90.0
1769911200,2026-02-01 02:00:00,2026-02-01 03:00:00,fyn,-4.5,0.0,6.95,0.0,1013.17,77.5,90.0
1769914800,2026-02-01 03:00:00,2026-02-01 04:00:00,fyn,-4.875,0.0,6.95,0.0,1013.09,77.0,93.3333
1769918400,2026-02-01 04:00:00,2026-02-01 05:00:00,fyn,-5.15,0.0,7.2,0.0,1012.98,77.0,95.0
1769922000,2026-02-01 05:00:00,2026-02-01 06:00:00,fyn,-5.3,0.0,6.875,0.0,1012.95,77.5,95.0
1769925600,2026-02-01 06:00:00,2026-02-01 07:00:00,fyn,-5.25,0.0,7.275,0.0,1013.15,78.0,91.6667
1769929200,2026-02-01 07:00:00,2026-02-01 08:00:00,fyn,-5.225,0.0,6.9,0.0,1013.33,78.25,91.6667
1769932800,2026-02-01 08:00:00,2026-02-01 09:00:00,fyn,-5.15,2.5,7.125,0.0,1013.4,79.0,96.6667
1769936400,2026-02-01 09:00:00,2026-02-01 10:00:00,fyn,-5.0,15.0,6.775,0.0,1013.35,80.25,95.0
1769940000,2026-02-01 10:00:00,2026-02-01 11:00:00,fyn,-4.725,40.5,7.1,0.0,1013.42,79.5,91.6667
1769943600,2026-02-01 11:00:00,2026-02-01 12:00:00,fyn,-4.375,65.5,7.325,0.0,1013.29,78.0,96.6667
1769947200,2026-02-01 12:00:00,2026-02-01 13:00:00,fyn,-4.0,95.0,7.575,0.0333333,1013.13,77.0,95.0
1769950800,2026-02-01 13:00:00,2026-02-01 14:00:00,fyn,-3.75,80.5,7.35,0.0333333,1012.92,76.5,93.3333
1769954400,2026-02-01 14:00:00,2026-02-01 15:00:00,fyn,-3.725,44.5,7.45,0.0,1012.72,76.5,96.6667
1769958000,2026-02-01 15:00:00,2026-02-01 16:00:00,fyn,-3.75,22.5,7.5,0.0,1012.75,77.0,95.0
1769961600,2026-02-01 16:00:00,2026-02-01 17:00:00,fyn,-3.95,4.0,7.7,0.0,1012.8,76.5,98.3333
1769965200,2026-02-01 17:00:00,2026-02-01 18:00:00,fyn,-3.95,0.0,7.5,0.0,1012.82,73.25,98.3333
1769968800,2026-02-01 18:00:00,2026-02-01 19:00:00,fyn,-4.0,0.0,7.725,0.0,1012.91,70.25,96.6667
1769972400,2026-02-01 19:00:00,2026-02-01 20:00:00,fyn,-3.95,0.0,7.8,0.0,1013.03,69.0,96.6667
1769976000,2026-02-01 20:00:00,2026-02-01 21:00:00,fyn,-4.0,0.0,7.525,0.0333333,1013.04,66.25,96.6667
1769979600,2026-02-01 21:00:00,2026-02-01 22:00:00,fyn,-4.15,0.0,7.4,0.0,1013.25,65.5,96.6667
1769983200,2026-02-01 22:00:00,2026-02-01 23:00:00,fyn,-4.275,0.0,7.425,0.0,1013.32,66.5,93.3333
1769986800,2026-02-01 23:00:00,2026-02-02 00:00:00,fyn,-4.425,0.0,7.2,0.0,1013.22,67.5,53.3333
1769990400,2026-02-02 00:00:00,2026-02-02 01:00:00,fyn,-4.725,0.0,7.2,0.0,1012.9,67.25,0.0
1769994000,2026-02-02 01:00:00,2026-02-02 02:00:00,fyn,-4.875,0.0,7.175,0.0,1012.53,67.75,0.0
1769997600,2026-02-02 02:00:00,2026-02-02 03:00:00,fyn,-4.975,0.0,7.1,0.0,1012.28,67.5,0.0
1770001200,2026-02-02 03:00:00,2026-02-02 04:00:00,fyn,-5.125,0.0,7.35,0.0,1012.08,69.0,0.0
1770004800,2026-02-02 04:00:00,2026-02-02 05:00:00,fyn,-5.3,0.0,6.625,0.0,1011.85,71.25,0.0
1770008400,2026-02-02 05:00:00,2026-02-02 06:00:00,fyn,-5.3,0.0,6.475,0.0,1011.8,72.5,0.0
1770012000,2026-02-02 06:00:00,2026-02-02 07:00:00,fyn,-5.35,0.0,6.75,0.0,1011.98,72.25,0.0
1770015600,2026-02-02 07:00:00,2026-02-02 08:00:00,fyn,-5.35,0.0,6.4,0.0,1012.29,72.5,3.33333
1770019200,2026-02-02 08:00:00,2026-02-02 09:00:00,fyn,-5.25,13.0,6.775,0.0,1012.55,72.0,1.66667
1770022800,2026-02-02 09:00:00,2026-02-02 10:00:00,fyn,-4.875,81.5,7.475,0.0,1012.61,68.0,0.0
1770026400,2026-02-02 10:00:00,2026-02-02 11:00:00,fyn,-4.375,167.5,8.15,0.0,1012.62,65.0,0.0
1770030000,2026-02-02 11:00:00,2026-02-02 12:00:00,fyn,-3.8,279.5,8.675,0.0333333,1012.58,60.5,0.0
1770033600,2026-02-02 12:00:00,2026-02-02 13:00:00,fyn,-3.35,294.0,9.1,0.0333333,1012.4,52.5,0.0
1770037200,2026-02-02 13:00:00,2026-02-02 14:00:00,fyn,-2.925,262.5,9.225,0.0333333,1012.15,48.75,0.0
1770040800,2026-02-02 14:00:00,2026-02-02 15:00:00,fyn,-2.975,193.5,9.25,0.0,1012.01,48.75,0.0
1770044400,2026-02-02 15:00:00,2026-02-02 16:00:00,fyn,-3.325,98.0,8.725,0.0,1012.15,51.25,1.66667
1770048000,2026-02-02 16:00:00,2026-02-02 17:00:00,fyn,-3.85,21.0,8.0,0.0,1012.21,55.75,6.66667
1770051600,2026-02-02 17:00:00,2026-02-02 18:00:00,fyn,-4.225,0.0,7.925,0.0,1012.32,59.25,25.0
1770055200,2026-02-02 18:00:00,2026-02-02 19:00:00,fyn,-4.35,0.0,7.925,0.0,1012.27,62.75,58.3333
1770058800,2026-02-02 19:00:00,2026-02-02 20:00:00,fyn,-4.325,0.0,8.1,0.0,1012.19,64.5,70.0
1770062400,2026-02-02 20:00:00,2026-02-02 21:00:00,fyn,-4.1,0.0,7.65,0.0,1012.04,66.5,91.6667
1770066000,2026-02-02 21:00:00,2026-02-02 22:00:00,fyn,-3.725,0.0,8.0,0.0,1012.04,65.25,93.3333
1770069600,2026-02-02 22:00:00,2026-02-02 23:00:00,fyn,-3.425,0.0,7.775,0.0,1011.95,63.75,96.6667
1770073200,2026-02-02 23:00:00,2026-02-03 00:00:00,fyn,-3.225,0.0,7.95,0.0333333,1011.69,63.25,98.3333
1770076800,2026-02-03 00:00:00,2026-02-03 01:00:00,fyn,-3.03333,0.0,9.23333,0.0,1011.51,60.3333,98.3333
1770080400,2026-02-03 01:00:00,2026-02-03 02:00:00,fyn,-3.0,0.0,8.875,0.0,1011.83,58.0,63.3333
1770084000,2026-02-03 02:00:00,2026-02-03 03:00:00,fyn,-3.075,0.0,8.5,0.0,1011.9,56.0,35.0
1770087600,2026-02-03 03:00:00,2026-02-03 04:00:00,fyn,-2.95,0.0,8.7,0.0,1011.65,54.25,96.6667
1770091200,2026-02-03 04:00:00,2026-02-03 05:00:00,fyn,-2.775,0.0,9.1,0.0,1011.52,52.0,95.0
1770094800,2026-02-03 05:00:00,2026-02-03 06:00:00,fyn,-2.75,0.0,9.35,0.0,1011.27,51.25,98.3333
1770098400,2026-02-03 06:00:00,2026-02-03 07:00:00,fyn,-2.7,0.0,9.775,0.0,1011.3,51.0,98.3333
1770102000,2026-02-03 07:00:00,2026-02-03 08:00:00,fyn,-2.725,0.0,10.025,0.0,1011.63,50.25,98.3333
1770105600,2026-02-03 08:00:00,2026-02-03 09:00:00,fyn,-2.7,6.5,9.625,0.0,1011.53,50.25,98.3333
1770109200,2026-02-03 09:00:00,2026-02-03 10:00:00,fyn,-2.55,78.5,10.05,0.0,1011.58,51.75,93.3333
1770112800,2026-02-03 10:00:00,2026-02-03 11:00:00,fyn,-2.05,142.5,9.85,0.0,1011.6,50.5,58.3333
1770116400,2026-02-03 11:00:00,2026-02-03 12:00:00,fyn,-1.475,204.5,9.9,0.0,1011.56,49.75,0.0
1770120000,2026-02-03 12:00:00,2026-02-03 13:00:00,fyn,-1.075,244.5,10.275,0.0333333,1011.26,48.0,0.0
1770123600,2026-02-03 13:00:00,2026-02-03 14:00:00,fyn,-0.7,281.0,10.575,0.0,1010.9,45.25,0.0
1770127200,2026-02-03 14:00:00,2026-02-03 15:00:00,fyn,-0.575,222.5,10.65,0.0,1010.82,46.75,0.0
1770130800,2026-02-03 15:00:00,2026-02-03 16:00:00,fyn,-0.8,87.5,10.025,0.0333333,1010.48,49.0,0.0
1770134400,2026-02-03 16:00:00,2026-02-03 17:00:00,fyn,-1.2,21.0,9.825,,1010.19,54.5,0.0
1770138000,2026-02-03 17:00:00,2026-02-03 18:00:00,fyn,-1.4,0.0,9.625,0.0,1010.0,58.25,0.0
1770141600,2026-02-03 18:00:00,2026-02-03 19:00:00,fyn,-1.45,0.0,9.375,0.0,1009.75,62.75,0.0
1770145200,2026-02-03 19:00:00,2026-02-03 20:00:00,fyn,-1.55,0.0,9.55,0.0,1009.31,64.5,1.66667
1770148800,2026-02-03 20:00:00,2026-02-03 21:00:00,fyn,-1.5,0.0,9.775,0.0,1009.03,67.25,45.0
1770152400,2026-02-03 21:00:00,2026-02-03 22:00:00,fyn,-1.575,0.0,9.75,0.0,1008.79,69.0,58.3333
1770156000,2026-02-03 22:00:00,2026-02-03 23:00:00,fyn,-1.625,0.0,9.7,0.0,1008.68,69.0,88.3333
1770159600,2026-02-03 23:00:00,2026-02-04 00:00:00,fyn,-1.575,0.0,9.925,0.0333333,1008.48,67.25,86.6667
1770163200,2026-02-04 00:00:00,2026-02-04 01:00:00,fyn,-1.725,0.0,9.725,0.0333333,1008.25,69.25,23.3333
1770166800,2026-02-04 01:00:00,2026-02-04 02:00:00,fyn,-1.975,0.0,9.7,0.0,1008.15,69.75,53.3333
1770170400,2026-02-04 02:00:00,2026-02-04 03:00:00,fyn,-2.4,0.0,9.325,0.0,1007.83,68.75,3.33333
1770174000,2026-02-04 03:00:00,2026-02-04 04:00:00,fyn,-2.725,0.0,8.8,0.0,1007.4,69.25,5.0
1770177600,2026-02-04 04:00:00,2026-02-04 05:00:00,fyn,-2.95,0.0,8.9,0.0,1007.06,70.25,5.0
1770181200,2026-02-04 05:00:00,2026-02-04 06:00:00,fyn,-3.075,0.0,9.45,0.0,1006.83,70.25,20.0
1770184800,2026-02-04 06:00:00,2026-02-04 07:00:00,fyn,-3.1,0.0,9.45,0.0,1007.03,69.75,61.6667
1770188400,2026-02-04 07:00:00,2026-02-04 08:00:00,fyn,-2.925,0.0,9.225,0.0,1007.42,70.75,95.0
1770192000,2026-02-04 08:00:00,2026-02-04 09:00:00,fyn,-2.5,5.5,9.0,0.0,1007.71,71.5,96.6667
1770195600,2026-02-04 09:00:00,2026-02-04 10:00:00,fyn,-2.025,19.5,8.95,0.0,1007.69,73.0,96.6667
1770199200,2026-02-04 10:00:00,2026-02-04 11:00:00,fyn,-1.875,36.5,8.925,0.0,1007.46,74.5,96.6667
1770202800,2026-02-04 11:00:00,2026-02-04 12:00:00,fyn,-1.7,61.5,9.0,0.0,1007.38,74.5,93.3333
1770206400,2026-02-04 12:00:00,2026-02-04 13:00:00,fyn,-1.5,70.0,8.675,0.0,1007.18,74.25,96.6667
1770210000,2026-02-04 13:00:00,2026-02-04 14:00:00,fyn,-1.45,51.5,8.875,0.0,1006.79,74.0,96.6667
1770213600,2026-02-04 14:00:00,2026-02-04 15:00:00,fyn,-1.375,30.5,9.0,0.0,1006.75,75.0,96.6667
1770217200,2026-02-04 15:00:00,2026-02-04 16:00:00,fyn,-1.325,11.0,8.325,0.0,1006.8,76.25,98.3333
1770220800,2026-02-04 16:00:00,2026-02-04 17:00:00,fyn,-1.325,1.0,8.325,0.0,1006.67,77.25,98.3333
1770224400,2026-02-04 17:00:00,2026-02-04 18:00:00,fyn,-1.325,0.0,8.475,0.0,1006.52,77.0,98.3333
1770228000,2026-02-04 18:00:00,2026-02-04 19:00:00,fyn,-1.425,0.0,9.025,0.0333333,1006.51,76.0,98.3333
1770231600,2026-02-04 19:00:00,2026-02-04 20:00:00,fyn,-1.55,0.0,8.4,0.0,1006.4,75.25,96.6667
1770235200,2026-02-04 20:00:00,2026-02-04 21:00:00,fyn,-1.7,0.0,8.05,0.0,1006.28,74.75,95.0
1770238800,2026-02-04 21:00:00,2026-02-04 22:00:00,fyn,-1.825,0.0,7.775,0.0,1006.17,75.0,98.3333
1770242400,2026-02-04 22:00:00,2026-02-04 23:00:00,fyn,-1.875,0.0,7.6,0.0,1005.72,76.25,98.3333
1770246000,2026-02-04 23:00:00,2026-02-05 00:00:00,fyn,-1.85,0.0,7.75,0.0,1005.44,77.25,98.3333
1770249600,2026-02-05 00:00:00,2026-02-05 01:00:00,fyn,-1.75,0.0,7.55,0.0,1005.15,78.25,98.3333
1770253200,2026-02-05 01:00:00,2026-02-05 02:00:00,fyn,-1.65,0.0,7.25,0.0,1004.72,79.5,98.3333
1770256800,2026-02-05 02:00:00,2026-02-05 03:00:00,fyn,-1.625,0.0,7.55,0.0,1004.06,81.25,96.6667
1770260400,2026-02-05 03:00:00,2026-02-05 04:00:00,fyn,-1.725,0.0,7.775,0.0,1003.27,83.0,96.6667
1770264000,2026-02-05 04:00:00,2026-02-05 05:00:00,fyn,-1.8,0.0,7.65,0.0,1002.68,84.25,96.6667
1770267600,2026-02-05 05:00:00,2026-02-05 06:00:00,fyn,-1.925,0.0,7.575,0.0,1002.11,85.75,96.6667
1770271200,2026-02-05 06:00:00,2026-02-05 07:00:00,fyn,-1.975,0.0,7.675,0.0,1001.85,87.0,95.0
1770274800,2026-02-05 07:00:00,2026-02-05 08:00:00,fyn,-1.95,0.0,7.5,0.0,1001.64,88.25,96.6667
1770278400,2026-02-05 08:00:00,2026-02-05 09:00:00,fyn,-2.05,0.0,7.6,0.1,1001.38,90.75,93.3333
1770282000,2026-02-05 09:00:00,2026-02-05 10:00:00,fyn,-2.125,3.0,7.9,0.0666667,1001.09,91.0,96.6667
1770285600,2026-02-05 10:00:00,2026-02-05 11:00:00,fyn,-2.2,10.5,7.725,0.0333333,1000.6,92.0,96.6667
1770289200,2026-02-05 11:00:00,2026-02-05 12:00:00,fyn,-2.05,20.5,8.075,0.0,1000.06,92.0,96.6667
1770292800,2026-02-05 12:00:00,2026-02-05 13:00:00,fyn,-1.9,21.0,7.925,0.0,999.271,92.25,95.0
1770296400,2026-02-05 13:00:00,2026-02-05 14:00:00,fyn,-1.775,36.0,7.925,0.1,998.537,92.5,96.6667
1770300000,2026-02-05 14:00:00,2026-02-05 15:00:00,fyn,-1.625,30.5,7.725,0.266667,998.062,93.0,96.6667
1770303600,2026-02-05 15:00:00,2026-02-05 16:00:00,fyn,-1.525,26.0,7.825,0.3,997.667,93.0,95.0
1770307200,2026-02-05 16:00:00,2026-02-05 17:00:00,fyn,-1.5,11.5,7.05,0.5,997.471,94.75,98.3333
1770310800,2026-02-05 17:00:00,2026-02-05 18:00:00,fyn,-1.475,0.0,6.625,0.666667,997.079,96.0,98.3333
1770314400,2026-02-05 18:00:00,2026-02-05 19:00:00,fyn,-1.4,0.0,6.825,0.7,996.562,96.0,75.0
1770318000,2026-02-05 19:00:00,2026-02-05 20:00:00,fyn,-1.45,0.0,7.25,0.433333,996.213,94.75,91.6667
1770321600,2026-02-05 20:00:00,2026-02-05 21:00:00,fyn,-1.4,0.0,7.05,0.233333,996.004,94.25,96.6667
1770325200,2026-02-05 21:00:00,2026-02-05 22:00:00,fyn,-1.425,0.0,7.025,0.2,995.733,94.75,98.3333
1770328800,2026-02-05 22:00:00,2026-02-05 23:00:00,fyn,-1.425,0.0,6.45,0.166667,995.325,94.5,98.3333
1770332400,2026-02-05 23:00:00,2026-02-06 00:00:00,fyn,-1.4,0.0,6.45,0.333333,994.975,95.25,96.6667
1770336000,2026-02-06 00:00:00,2026-02-06 01:00:00,fyn,-1.275,0.0,6.225,0.366667,994.517,95.5,96.6667
1770339600,2026-02-06 01:00:00,2026-02-06 02:00:00,fyn,-1.3,0.0,6.65,0.466667,994.388,95.75,96.6667
1770343200,2026-02-06 02:00:00,2026-02-06 03:00:00,fyn,-1.275,0.0,6.325,0.5,994.283,96.25,96.6667
1770346800,2026-02-06 03:00:00,2026-02-06 04:00:00,fyn,-1.2,0.0,5.85,0.666667,994.567,96.25,96.6667
1770350400,2026-02-06 04:00:00,2026-02-06 05:00:00,fyn,-1.15,0.0,5.275,0.666667,994.729,96.5,96.6667
1770354000,2026-02-06 05:00:00,2026-02-06 06:00:00,fyn,-1.15,0.0,5.025,0.633333,994.667,96.75,96.6667
1770357600,2026-02-06 06:00:00,2026-02-06 07:00:00,fyn,-1.1,0.0,5.475,0.333333,994.667,97.0,96.6667
1770361200,2026-02-06 07:00:00,2026-02-06 08:00:00,fyn,-0.95,0.0,5.575,0.1,994.771,96.75,95.0
1770364800,2026-02-06 08:00:00,2026-02-06 09:00:00,fyn,-0.7,5.5,5.625,0.1,995.083,95.5,91.6667
1770368400,2026-02-06 09:00:00,2026-02-06 10:00:00,fyn,-0.425,19.5,5.475,0.0666667,995.371,95.25,90.0
1770372000,2026-02-06 10:00:00,2026-02-06 11:00:00,fyn,-0.3,36.0,5.325,0.0333333,995.567,95.0,93.3333
1770375600,2026-02-06 11:00:00,2026-02-06 12:00:00,fyn,-0.25,41.5,5.15,0.0,995.692,95.5,96.6667
1770379200,2026-02-06 12:00:00,2026-02-06 13:00:00,fyn,-0.1,46.0,4.75,0.0,995.748,95.25,96.6667
1770382800,2026-02-06 13:00:00,2026-02-06 14:00:00,fyn,1.38778e-17,37.5,4.475,0.0333333,995.904,96.0,95.0
1770386400,2026-02-06 14:00:00,2026-02-06 15:00:00,fyn,0.05,26.0,4.2,0.0,996.321,96.5,93.3333
1770390000,2026-02-06 15:00:00,2026-02-06 16:00:00,fyn,0.125,10.5,4.175,0.0333333,996.654,97.0,98.3333
1770393600,2026-02-06 16:00:00,2026-02-06 17:00:00,fyn,0.225,0.0,3.95,0.233333,996.95,97.25,96.6667
1770397200,2026-02-06 17:00:00,2026-02-06 18:00:00,fyn,0.325,0.0,4.55,0.166667,997.45,97.0,98.3333
1770400800,2026-02-06 18:00:00,2026-02-06 19:00:00,fyn,0.425,0.0,4.775,0.0,997.983,97.0,98.3333
1770404400,2026-02-06 19:00:00,2026-02-06 20:00:00,fyn,0.475,0.0,5.0,0.1,998.496,97.25,96.6667
1770408000,2026-02-06 20:00:00,2026-02-06 21:00:00,fyn,0.55,0.0,4.85,0.0666667,998.829,97.5,96.6667
1770411600,2026-02-06 21:00:00,2026-02-06 22:00:00,fyn,0.7,0.0,5.175,0.1,999.388,96.25,96.6667
1770415200,2026-02-06 22:00:00,2026-02-06 23:00:00,fyn,0.7,0.0,5.05,0.0,999.779,96.0,96.6667
1770418800,2026-02-06 23:00:00,2026-02-07 00:00:00,fyn,0.675,0.0,4.925,0.0,1000.17,96.5,96.6667
1770422400,2026-02-07 00:00:00,2026-02-07 01:00:00,fyn,0.55,0.0,4.65,0.0,1000.43,96.25,96.6667
1770426000,2026-02-07 01:00:00,2026-02-07 02:00:00,fyn,0.575,0.0,5.25,0.0,1000.8,96.0,96.6667
1770429600,2026-02-07 02:00:00,2026-02-07 03:00:00,fyn,0.525,0.0,4.875,0.0,1001.16,96.25,91.6667
1770433200,2026-02-07 03:00:00,2026-02-07 04:00:00,fyn,0.5,0.0,4.85,0.0,1001.47,96.75,95.0
1770436800,2026-02-07 04:00:00,2026-02-07 05:00:00,fyn,0.45,0.0,4.7,0.0,1001.87,97.0,98.3333
1770440400,2026-02-07 05:00:00,2026-02-07 06:00:00,fyn,0.4,0.0,4.6,0.0,1002.26,97.0,96.6667
1770444000,2026-02-07 06:00:00,2026-02-07 07:00:00,fyn,0.425,0.0,4.85,0.0,1002.72,96.75,98.3333
1770447600,2026-02-07 07:00:00,2026-02-07 08:00:00,fyn,0.325,0.0,4.875,0.0,1003.27,96.5,98.3333
1770451200,2026-02-07 08:00:00,2026-02-07 09:00:00,fyn,0.3,3.0,4.85,0.1,1003.96,97.0,96.6667
1770454800,2026-02-07 09:00:00,2026-02-07 10:00:00,fyn,0.35,15.5,4.825,0.233333,1004.7,96.25,96.6667
1770458400,2026-02-07 10:00:00,2026-02-07 11:00:00,fyn,0.425,24.5,4.7,0.0333333,1005.33,95.75,96.6667
1770462000,2026-02-07 11:00:00,2026-02-07 12:00:00,fyn,0.475,34.5,4.425,0.166667,1005.76,96.0,98.3333
1770465600,2026-02-07 12:00:00,2026-02-07 13:00:00,fyn,0.425,51.5,4.55,0.2,1006.06,95.75,93.3333
1770469200,2026-02-07 13:00:00,2026-02-07 14:00:00,fyn,0.375,49.0,4.425,0.266667,1006.32,96.5,95.0
1770472800,2026-02-07 14:00:00,2026-02-07 15:00:00,fyn,0.275,27.5,4.725,0.233333,1006.86,96.5,91.6667
1770476400,2026-02-07 15:00:00,2026-02-07 16:00:00,fyn,0.175,14.0,5.05,0.1,1007.37,96.5,93.3333
1770480000,2026-02-07 16:00:00,2026-02-07 17:00:00,fyn,0.025,2.5,4.8,0.0666667,1007.81,96.5,96.6667
1770483600,2026-02-07 17:00:00,2026-02-07 18:00:00,fyn,-0.025,0.0,4.975,0.0333333,1008.3,95.75,100.0
1770487200,2026-02-07 18:00:00,2026-02-07 19:00:00,fyn,-0.075,0.0,5.1,0.0333333,1008.77,96.0,98.3333
1770490800,2026-02-07 19:00:00,2026-02-07 20:00:00,fyn,-0.125,0.0,4.925,0.0333333,1009.29,96.25,96.6667
1770494400,2026-02-07 20:00:00,2026-02-07 21:00:00,fyn,-1.38778e-17,0.0,4.8,0.0666667,1009.75,94.75,96.6667
1770498000,2026-02-07 21:00:00,2026-02-07 22:00:00,fyn,0.075,0.0,4.675,0.0333333,1010.15,94.0,96.6667
1770501600,2026-02-07 22:00:00,2026-02-07 23:00:00,fyn,0.025,0.0,5.0,0.0666667,1010.5,93.5,95.0
1770505200,2026-02-07 23:00:00,2026-02-08 00:00:00,fyn,-0.025,0.0,4.675,0.0333333,1010.8,94.25,93.3333
1770508800,2026-02-08 00:00:00,2026-02-08 01:00:00,fyn,-0.075,0.0,4.4,0.0,1011.08,94.5,98.3333
1770512400,2026-02-08 01:00:00,2026-02-08 02:00:00,fyn,-0.1,0.0,4.575,0.0,1011.27,94.0,96.6667
1770516000,2026-02-08 02:00:00,2026-02-08 03:00:00,fyn,-0.15,0.0,4.525,0.0,1011.54,94.0,98.3333
1770519600,2026-02-08 03:00:00,2026-02-08 04:00:00,fyn,-0.325,0.0,4.975,0.0,1011.79,93.75,96.6667
1770523200,2026-02-08 04:00:00,2026-02-08 05:00:00,fyn,-0.525,0.0,5.3,0.0,1011.92,91.25,98.3333
1770526800,2026-02-08 05:00:00,2026-02-08 06:00:00,fyn,-0.75,0.0,5.3,0.0,1012.07,89.0,98.3333
1770530400,2026-02-08 06:00:00,2026-02-08 07:00:00,fyn,-0.975,0.0,5.225,0.0,1012.39,86.5,98.3333
1770534000,2026-02-08 07:00:00,2026-02-08 08:00:00,fyn,-1.05,0.0,5.25,0.0,1012.77,86.0,98.3333
1770537600,2026-02-08 08:00:00,2026-02-08 09:00:00,fyn,-1.15,9.5,5.175,0.0,1013.09,86.25,96.6667
1770541200,2026-02-08 09:00:00,2026-02-08 10:00:00,fyn,-1.15,45.0,4.825,0.0,1013.19,86.25,98.3333
1770544800,2026-02-08 10:00:00,2026-02-08 11:00:00,fyn,-1.05,76.0,5.0,0.0,1013.33,86.75,98.3333
1770548400,2026-02-08 11:00:00,2026-02-08 12:00:00,fyn,-0.9,108.5,5.275,0.0333333,1013.49,86.25,96.6667
1770552000,2026-02-08 12:00:00,2026-02-08 13:00:00,fyn,-0.775,122.5,5.325,0.0,1013.47,86.0,95.0
1770555600,2026-02-08 13:00:00,2026-02-08 14:00:00,fyn,-0.725,108.5,5.15,0.0,1013.4,85.75,93.3333
1770559200,2026-02-08 14:00:00,2026-02-08 15:00:00,fyn,-0.65,81.5,4.925,0.0,1013.48,86.25,96.6667
1770562800,2026-02-08 15:00:00,2026-02-08 16:00:00,fyn,-0.575,34.0,4.8,0.0,1013.43,87.0,96.6667
1770566400,2026-02-08 16:00:00,2026-02-08 17:00:00,fyn,-0.55,11.0,4.85,0.0,1013.45,89.0,96.6667
1770570000,2026-02-08 17:00:00,2026-02-08 18:00:00,fyn,-0.5,0.5,4.85,0.0,1013.53,91.25,96.6667
1770573600,2026-02-08 18:00:00,2026-02-08 19:00:00,fyn,-0.3,0.0,4.75,0.0,1013.55,92.25,95.0
1770577200,2026-02-08 19:00:00,2026-02-08 20:00:00,fyn,-0.075,0.0,5.025,0.0,1013.54,92.25,93.3333
1770580800,2026-02-08 20:00:00,2026-02-08 21:00:00,fyn,-0.025,0.0,4.925,0.0,1013.46,92.0,96.6667
1770584400,2026-02-08 21:00:00,2026-02-08 22:00:00,fyn,-0.075,0.0,4.725,0.0,1013.45,92.0,93.3333
1770588000,2026-02-08 22:00:00,2026-02-08 23:00:00,fyn,-0.075,0.0,4.725,0.0,1013.35,91.5,95.0
1770591600,2026-02-08 23:00:00,2026-02-09 00:00:00,fyn,-0.225,0.0,4.6,0.0,1013.2,93.25,95.0
1770595200,2026-02-09 00:00:00,2026-02-09 01:00:00,fyn,-0.325,0.0,4.175,0.0,1012.82,93.0,98.3333
1770598800,2026-02-09 01:00:00,2026-02-09 02:00:00,fyn,-0.375,0.0,3.875,0.0,1012.25,93.75,98.3333
1770602400,2026-02-09 02:00:00,2026-02-09 03:00:00,fyn,-0.35,0.0,3.975,0.0333333,1011.82,92.25,95.0
1770606000,2026-02-09 03:00:00,2026-02-09 04:00:00,fyn,-0.45,0.0,4.025,0.0333333,1011.35,93.5,96.6667
1770609600,2026-02-09 04:00:00,2026-02-09 05:00:00,fyn,-0.45,0.0,4.075,0.0,1011.1,93.0,96.6667
1770613200,2026-02-09 05:00:00,2026-02-09 06:00:00,fyn,-0.475,0.0,4.05,0.0,1010.78,91.75,91.6667
1770616800,2026-02-09 06:00:00,2026-02-09 07:00:00,fyn,-0.6,0.0,3.95,0.0,1010.7,91.5,90.0
1770620400,2026-02-09 07:00:00,2026-02-09 08:00:00,fyn,-0.7,0.0,3.5,0.0,1010.48,92.25,90.0
1770624000,2026-02-09 08:00:00,2026-02-09 09:00:00,fyn,-0.675,3.0,3.75,0.0,1010.37,92.25,90.0
1770627600,2026-02-09 09:00:00,2026-02-09 10:00:00,fyn,-0.575,20.0,3.75,0.0,1010.14,92.75,90.0
1770631200,2026-02-09 10:00:00,2026-02-09 11:00:00,fyn,-0.45,38.5,3.9,0.0,1009.87,91.5,90.0
1770634800,2026-02-09 11:00:00,2026-02-09 12:00:00,fyn,-0.35,54.5,4.35,,1009.31,91.0,93.3333
1770638400,2026-02-09 12:00:00,2026-02-09 13:00:00,fyn,-0.275,58.0,4.375,,1008.76,90.0,90.0
1770642000,2026-02-09 13:00:00,2026-02-09 14:00:00,fyn,-0.25,48.5,4.2,,1008.4,89.75,93.3333
1770645600,2026-02-09 14:00:00,2026-02-09 15:00:00,fyn,-0.3,32.0,4.0,,1008.04,89.75,95.0
1770649200,2026-02-09 15:00:00,2026-02-09 16:00:00,fyn,-0.45,13.0,3.45,,1007.7,91.5,96.6667
1770652800,2026-02-09 16:00:00,2026-02-09 17:00:00,fyn,-0.575,2.5,3.25,,1007.27,93.0,90.0
1770656400,2026-02-09 17:00:00,2026-02-09 18:00:00,fyn,-0.725,0.0,3.4,,1006.83,94.5,91.6667
1770660000,2026-02-09 18:00:00,2026-02-09 19:00:00,fyn,-0.75,0.0,3.275,,1006.53,95.0,93.3333
1770663600,2026-02-09 19:00:00,2026-02-09 20:00:00,fyn,-0.75,0.0,3.125,,1006.15,94.75,90.0
1770667200,2026-02-09 20:00:00,2026-02-09 21:00:00,fyn,-0.75,0.0,2.85,,1005.74,94.25,96.6667
1770670800,2026-02-09 21:00:00,2026-02-09 22:00:00,fyn,-0.8,0.0,2.6,,1005.24,95.5,90.0
1770674400,2026-02-09 22:00:00,2026-02-09 23:00:00,fyn,-0.8,0.0,2.775,,1004.75,96.5,93.3333
1770678000,2026-02-09 23:00:00,2026-02-10 00:00:00,fyn,-0.825,0.0,2.575,,1004.39,96.5,91.6667
1770681600,2026-02-10 00:00:00,2026-02-10 01:00:00,fyn,-0.75,0.0,2.825,,1003.7,97.0,90.0
1770685200,2026-02-10 01:00:00,2026-02-10 02:00:00,fyn,-0.65,0.0,3.125,0.3,1003.03,97.5,90.0
1770688800,2026-02-10 02:00:00,2026-02-10 03:00:00,fyn,-0.55,0.0,3.35,0.1,1002.3,97.75,91.6667
1770692400,2026-02-10 03:00:00,2026-02-10 04:00:00,fyn,-0.525,0.0,3.2,0.1,1001.65,97.75,98.3333
1770696000,2026-02-10 04:00:00,2026-02-10 05:00:00,fyn,-0.475,0.0,3.25,0.1,1001.09,98.25,96.6667
1770699600,2026-02-10 05:00:00,2026-02-10 06:00:00,fyn,-0.425,0.0,3.425,0.0,1000.56,98.25,96.6667
1770703200,2026-02-10 06:00:00,2026-02-10 07:00:00,fyn,-0.425,0.0,3.625,0.0,1000.08,98.25,93.3333
1770706800,2026-02-10 07:00:00,2026-02-10 08:00:00,fyn,-0.425,0.0,3.575,0.0,999.75,98.5,95.0
1770710400,2026-02-10 08:00:00,2026-02-10 09:00:00,fyn,-0.375,3.5,3.9,0.0,999.3,98.25,96.6667
1770714000,2026-02-10 09:00:00,2026-02-10 10:00:00,fyn,-0.25,30.0,4.15,,998.75,97.5,96.6667
1770717600,2026-02-10 10:00:00,2026-02-10 11:00:00,fyn,-0.05,53.0,4.175,0.0,998.267,97.0,96.6667
1770721200,2026-02-10 11:00:00,2026-02-10 12:00:00,fyn,0.05,66.0,3.925,0.0333333,997.721,96.5,95.0
1770724800,2026-02-10 12:00:00,2026-02-10 13:00:00,fyn,0.175,78.0,3.53333,0.0,996.888,95.5,93.3333
1770728400,2026-02-10 13:00:00,2026-02-10 14:00:00,fyn,0.15,52.5,3.55,0.0,995.833,95.25,95.0
1770732000,2026-02-10 14:00:00,2026-02-10 15:00:00,fyn,0.1,55.5,3.975,0.0,995.117,95.25,95.0
1770735600,2026-02-10 15:00:00,2026-02-10 16:00:00,fyn,-0.0666667,24.0,3.83333,0.0,995.25,95.3333,93.3333
1770739200,2026-02-10 16:00:00,2026-02-10 17:00:00,fyn,-0.1,9.0,4.36667,0.0,994.656,95.0,93.3333
1770742800,2026-02-10 17:00:00,2026-02-10 18:00:00,fyn,-0.166667,0.0,4.63333,0.0,994.156,95.6667,91.6667
1770746400,2026-02-10 18:00:00,2026-02-10 19:00:00,fyn,-0.05,0.0,4.33333,0.0,992.479,95.0,91.6667
1770750000,2026-02-10 19:00:00,2026-02-10 20:00:00,fyn,-0.025,0.0,4.775,0.0,991.758,95.0,96.6667
1770753600,2026-02-10 20:00:00,2026-02-10 21:00:00,fyn,-0.025,0.0,4.75,0.0,991.067,94.5,91.6667
1770757200,2026-02-10 21:00:00,2026-02-10 22:00:00,fyn,-0.05,0.0,4.75,0.0,990.396,94.5,95.0
1770760800,2026-02-10 22:00:00,2026-02-10 23:00:00,fyn,-0.05,0.0,5.075,0.0,989.679,94.5,95.0
1770764400,2026-02-10 23:00:00,2026-02-11 00:00:00,fyn,6.93889e-18,0.0,4.95,0.0,989.158,95.0,98.3333
1770768000,2026-02-11 00:00:00,2026-02-11 01:00:00,fyn,-0.025,0.0,4.925,0.0,988.525,94.5,95.0
1770771600,2026-02-11 01:00:00,2026-02-11 02:00:00,fyn,-0.1,0.0,5.15,0.0,987.975,95.25,91.6667
1770775200,2026-02-11 02:00:00,2026-02-11 03:00:00,fyn,-0.1,0.0,5.225,0.0,987.45,95.75,91.6667
1770778800,2026-02-11 03:00:00,2026-02-11 04:00:00,fyn,-0.175,0.0,4.825,0.0,987.138,96.0,96.6667
1770782400,2026-02-11 04:00:00,2026-02-11 05:00:00,fyn,-0.25,0.0,5.025,0.0,986.917,96.25,91.6667
1770786000,2026-02-11 05:00:00,2026-02-11 06:00:00,fyn,-0.275,0.0,4.75,0.0,986.733,95.5,93.3333
1770789600,2026-02-11 06:00:00,2026-02-11 07:00:00,fyn,-0.35,0.0,4.725,0.0333333,986.546,95.5,96.6667
1770793200,2026-02-11 07:00:00,2026-02-11 08:00:00,fyn,-0.3,0.0,5.0,0.0,986.404,94.5,93.3333
1770796800,2026-02-11 08:00:00,2026-02-11 09:00:00,fyn,-0.25,15.0,5.25,0.0,986.396,94.25,95.0
1770800400,2026-02-11 09:00:00,2026-02-11 10:00:00,fyn,-0.025,47.0,5.7,0.0,986.429,94.25,91.6667
1770804000,2026-02-11 10:00:00,2026-02-11 11:00:00,fyn,0.1,64.0,5.55,0.0,986.412,93.75,96.6667
1770807600,2026-02-11 11:00:00,2026-02-11 12:00:00,fyn,0.175,73.5,5.15,0.0,986.05,93.25,98.3333
1770811200,2026-02-11 12:00:00,2026-02-11 13:00:00,fyn,0.2,53.0,5.225,0.0,985.763,93.25,95.0
1770814800,2026-02-11 13:00:00,2026-02-11 14:00:00,fyn,0.2,50.0,4.925,0.0,985.475,93.75,93.3333
1770818400,2026-02-11 14:00:00,2026-02-11 15:00:00,fyn,0.225,40.5,4.975,0.0,985.433,94.0,90.0
1770822000,2026-02-11 15:00:00,2026-02-11 16:00:00,fyn,0.225,30.0,5.025,0.0,985.329,93.5,90.0
1770825600,2026-02-11 16:00:00,2026-02-11 17:00:00,fyn,0.175,19.0,4.75,0.0,985.367,93.25,91.6667
1770829200,2026-02-11 17:00:00,2026-02-11 18:00:00,fyn,0.05,1.0,4.475,0.0,985.396,93.5,95.0
1770832800,2026-02-11 18:00:00,2026-02-11 19:00:00,fyn,0.1,0.0,4.2,0.0,985.104,93.5,96.6667
1770836400,2026-02-11 19:00:00,2026-02-11 20:00:00,fyn,0.225,0.0,4.5,0.0,984.7,93.25,91.6667
1770840000,2026-02-11 20:00:00,2026-02-11 21:00:00,fyn,0.325,0.0,4.525,0.0,984.383,93.5,90.0
1770843600,2026-02-11 21:00:00,2026-02-11 22:00:00,fyn,0.4,0.0,4.75,0.0,984.154,94.0,90.0
1770847200,2026-02-11 22:00:00,2026-02-11 23:00:00,fyn,0.4,0.0,4.8,0.0,983.612,94.0,90.0
1770850800,2026-02-11 23:00:00,2026-02-12 00:00:00,fyn,0.3,0.0,5.225,0.0,983.204,93.5,90.0
1770854400,2026-02-12 00:00:00,2026-02-12 01:00:00,fyn,0.2,0.0,5.45,0.0,982.675,92.75,93.3333
1770858000,2026-02-12 01:00:00,2026-02-12 02:00:00,fyn,-0.05,0.0,5.925,0.0,982.333,92.75,91.6667
1770861600,2026-02-12 02:00:00,2026-02-12 03:00:00,fyn,-0.3,0.0,6.125,0.0,981.846,91.5,91.6667
1770865200,2026-02-12 03:00:00,2026-02-12 04:00:00,fyn,-0.575,0.0,5.85,0.0,981.354,92.0,95.0
1770868800,2026-02-12 04:00:00,2026-02-12 05:00:00,fyn,-0.775,0.0,6.25,0.0333333,981.225,93.25,96.6667
1770872400,2026-02-12 05:00:00,2026-02-12 06:00:00,fyn,-0.775,0.0,6.45,0.0333333,981.112,94.25,96.6667
1770876000,2026-02-12 06:00:00,2026-02-12 07:00:00,fyn,-0.775,0.0,6.675,0.1,981.162,94.75,98.3333
1770879600,2026-02-12 07:00:00,2026-02-12 08:00:00,fyn,-0.8,0.0,6.725,0.1,981.312,95.0,95.0
1770883200,2026-02-12 08:00:00,2026-02-12 09:00:00,fyn,-0.75,8.5,6.95,0.133333,981.513,94.5,90.0
1770886800,2026-02-12 09:00:00,2026-02-12 10:00:00,fyn,-0.625,27.5,6.975,0.0666667,981.646,94.75,90.0
1770890400,2026-02-12 10:00:00,2026-02-12 11:00:00,fyn,-0.6,67.0,7.175,0.166667,981.879,95.0,95.0
1770894000,2026-02-12 11:00:00,2026-02-12 12:00:00,fyn,-0.45,98.5,7.425,0.133333,982.0,94.25,90.0
1770897600,2026-02-12 12:00:00,2026-02-12 13:00:00,fyn,-0.35,91.5,7.575,0.166667,982.158,93.0,90.0
1770901200,2026-02-12 13:00:00,2026-02-12 14:00:00,fyn,-0.425,86.0,7.15,0.0333333,982.392,93.0,90.0
1770904800,2026-02-12 14:00:00,2026-02-12 15:00:00,fyn,-0.525,78.0,7.1,0.0666667,982.883,93.0,91.6667
1770908400,2026-02-12 15:00:00,2026-02-12 16:00:00,fyn,-0.55,54.0,7.05,0.133333,983.322,92.75,90.0
1770912000,2026-02-12 16:00:00,2026-02-12 17:00:00,fyn,-0.525,23.0,6.9,0.1,983.958,92.75,91.6667
1770915600,2026-02-12 17:00:00,2026-02-12 18:00:00,fyn,-0.55,0.5,6.925,0.1,984.779,93.25,91.6667
1770919200,2026-02-12 18:00:00,2026-02-12 19:00:00,fyn,-0.55,0.0,6.75,0.0,985.504,93.0,91.6667
1770922800,2026-02-12 19:00:00,2026-02-12 20:00:00,fyn,-0.55,0.0,6.425,0.0,986.229,92.25,93.3333
1770926400,2026-02-12 20:00:00,2026-02-12 21:00:00,fyn,-0.575,0.0,6.0,0.0333333,986.85,92.0,93.3333
1770930000,2026-02-12 21:00:00,2026-02-12 22:00:00,fyn,-0.65,0.0,5.825,0.0333333,987.392,91.25,96.6667
1770933600,2026-02-12 22:00:00,2026-02-12 23:00:00,fyn,-0.675,0.0,6.05,0.0,987.783,89.75,95.0
1770937200,2026-02-12 23:00:00,2026-02-13 00:00:00,fyn,-0.675,0.0,6.125,0.0,988.263,88.5,93.3333
1770940800,2026-02-13 00:00:00,2026-02-13 01:00:00,fyn,-0.675,0.0,6.225,0.0,988.771,87.5,95.0
1770944400,2026-02-13 01:00:00,2026-02-13 02:00:00,fyn,-0.75,0.0,6.15,0.0,989.321,86.25,98.3333
1770948000,2026-02-13 02:00:00,2026-02-13 03:00:00,fyn,-0.95,0.0,6.2,0.0,989.892,81.5,98.3333
1770951600,2026-02-13 03:00:00,2026-02-13 04:00:00,fyn,-1.3,0.0,5.775,0.0,990.508,79.5,98.3333
1770955200,2026-02-13 04:00:00,2026-02-13 05:00:00,fyn,-1.575,0.0,5.6,0.0,991.058,79.5,96.6667
1770958800,2026-02-13 05:00:00,2026-02-13 06:00:00,fyn,-1.75,0.0,5.775,0.0,991.513,80.25,95.0
1770962400,2026-02-13 06:00:00,2026-02-13 07:00:00,fyn,-2.025,0.0,5.725,0.0,992.196,81.0,93.3333
1770966000,2026-02-13 07:00:00,2026-02-13 08:00:00,fyn,-2.325,0.0,5.45,0.0,992.708,82.0,95.0
1770969600,2026-02-13 08:00:00,2026-02-13 09:00:00,fyn,-2.4,19.0,6.175,0.0,993.183,82.25,98.3333
1770973200,2026-02-13 09:00:00,2026-02-13 10:00:00,fyn,-2.375,54.5,5.925,0.0,993.662,82.0,98.3333
1770976800,2026-02-13 10:00:00,2026-02-13 11:00:00,fyn,-2.3,73.5,6.1,0.0,994.158,77.25,96.6667
1770980400,2026-02-13 11:00:00,2026-02-13 12:00:00,fyn,-2.5,133.0,5.875,0.0,994.638,75.75,93.3333
1770984000,2026-02-13 12:00:00,2026-02-13 13:00:00,fyn,-2.7,194.0,5.55,0.0,994.938,75.75,96.6667
1770987600,2026-02-13 13:00:00,2026-02-13 14:00:00,fyn,-2.575,191.0,5.825,0.0,995.463,77.0,93.3333
1770991200,2026-02-13 14:00:00,2026-02-13 15:00:00,fyn,-2.55,122.5,5.525,0.0,996.062,78.0,95.0
1770994800,2026-02-13 15:00:00,2026-02-13 16:00:00,fyn,-2.625,88.0,5.5,0.0,996.683,78.25,96.6667
1770998400,2026-02-13 16:00:00,2026-02-13 17:00:00,fyn,-3.0,43.0,5.15,0.0,997.421,79.5,96.6667
1771002000,2026-02-13 17:00:00,2026-02-13 18:00:00,fyn,-3.325,1.0,4.9,0.0,998.342,80.5,90.0
1771005600,2026-02-13 18:00:00,2026-02-13 19:00:00,fyn,-3.65,0.0,4.9,0.0,999.088,80.25,90.0
1771009200,2026-02-13 19:00:00,2026-02-13 20:00:00,fyn,-3.95,0.0,4.375,0.0,999.692,81.5,55.0
1771012800,2026-02-13 20:00:00,2026-02-13 21:00:00,fyn,-4.3,0.0,4.125,0.0,1000.28,83.0,80.0
1771016400,2026-02-13 21:00:00,2026-02-13 22:00:00,fyn,-4.625,0.0,3.9,0.0,1000.92,84.5,86.6667
1771020000,2026-02-13 22:00:00,2026-02-13 23:00:00,fyn,-4.575,0.0,3.875,0.0,1001.44,85.0,96.6667
1771023600,2026-02-13 23:00:00,2026-02-14 00:00:00,fyn,-4.4,0.0,4.0,0.0,1002.05,85.5,98.3333
1771027200,2026-02-14 00:00:00,2026-02-14 01:00:00,fyn,-4.25,0.0,4.05,0.0,1002.66,84.5,96.6667
1771030800,2026-02-14 01:00:00,2026-02-14 02:00:00,fyn,-4.35,0.0,3.85,0.0,1003.42,85.0,93.3333
1771034400,2026-02-14 02:00:00,2026-02-14 03:00:00,fyn,-4.325,0.0,3.525,0.0,1004.03,83.0,80.0
1771038000,2026-02-14 03:00:00,2026-02-14 04:00:00,fyn,-4.4,0.0,4.075,0.0,1004.7,84.0,91.6667
1771041600,2026-02-14 04:00:00,2026-02-14 05:00:00,fyn,-4.35,0.0,4.0,0.0,1005.36,84.5,80.0
1771045200,2026-02-14 05:00:00,2026-02-14 06:00:00,fyn,-4.825,0.0,3.5,0.0,1006.0,85.25,80.0
1771048800,2026-02-14 06:00:00,2026-02-14 07:00:00,fyn,-5.025,0.0,3.5,0.0,1007.08,87.0,90.0
1771052400,2026-02-14 07:00:00,2026-02-14 08:00:00,fyn,-5.45,0.5,3.1,0.0,1008.1,86.0,75.0
1771056000,2026-02-14 08:00:00,2026-02-14 09:00:00,fyn,-5.925,26.0,3.1,0.0,1008.88,87.25,50.0
1771059600,2026-02-14 09:00:00,2026-02-14 10:00:00,fyn,-5.225,148.0,3.0,0.0,1009.6,86.75,36.6667
1771063200,2026-02-14 10:00:00,2026-02-14 11:00:00,fyn,-3.65,271.0,2.95,0.0,1010.24,80.75,6.66667
1771066800,2026-02-14 11:00:00,2026-02-14 12:00:00,fyn,-2.55,333.0,3.025,0.0,1010.75,74.0,5.0
1771070400,2026-02-14 12:00:00,2026-02-14 13:00:00,fyn,-1.925,353.5,2.875,0.0,1011.21,71.0,0.0
1771074000,2026-02-14 13:00:00,2026-02-14 14:00:00,fyn,-1.625,295.0,2.625,0.0,1011.7,70.25,15.0
1771077600,2026-02-14 14:00:00,2026-02-14 15:00:00,fyn,-1.6,259.5,2.525,0.0,1012.36,70.75,50.0
1771081200,2026-02-14 15:00:00,2026-02-14 16:00:00,fyn,-1.525,165.5,2.125,0.0,1012.97,67.25,13.3333
1771084800,2026-02-14 16:00:00,2026-02-14 17:00:00,fyn,-2.25,74.5,1.625,0.0,1013.67,67.75,0.0
1771088400,2026-02-14 17:00:00,2026-02-14 18:00:00,fyn,-3.85,2.0,1.025,0.0,1014.28,73.25,0.0
1771092000,2026-02-14 18:00:00,2026-02-14 19:00:00,fyn,-5.55,0.0,0.975,0.0,1014.76,80.25,0.0
1771095600,2026-02-14 19:00:00,2026-02-14 20:00:00,fyn,-7.125,0.0,1.075,0.0,1015.26,85.5,0.0
1771099200,2026-02-14 20:00:00,2026-02-14 21:00:00,fyn,-7.275,0.0,1.2,0.0,1015.54,86.5,0.0
1771102800,2026-02-14 21:00:00,2026-02-14 22:00:00,fyn,-7.025,0.0,1.0,0.0,1015.63,85.75,21.6667
1771106400,2026-02-14 22:00:00,2026-02-14 23:00:00,fyn,-6.9,0.0,1.275,0.0,1015.94,85.5,3.33333
1771110000,2026-02-14 23:00:00,2026-02-15 00:00:00,fyn,-6.9,0.0,1.225,0.0,1016.27,85.0,33.3333
1771113600,2026-02-15 00:00:00,2026-02-15 01:00:00,fyn,-7.075,0.0,1.4,0.0,1016.38,84.75,41.6667
1771117200,2026-02-15 01:00:00,2026-02-15 02:00:00,fyn,-6.925,0.0,1.575,0.0,1016.41,85.5,41.6667
1771120800,2026-02-15 02:00:00,2026-02-15 03:00:00,fyn,-6.475,0.0,2.275,0.0,1016.09,84.5,70.0
1771124400,2026-02-15 03:00:00,2026-02-15 04:00:00,fyn,-6.05,0.0,2.625,0.0,1016.03,84.75,38.3333
1771128000,2026-02-15 04:00:00,2026-02-15 05:00:00,fyn,-6.275,0.0,2.425,0.0,1016.06,86.25,66.6667
1771131600,2026-02-15 05:00:00,2026-02-15 06:00:00,fyn,-5.75,0.0,2.5,0.0,1015.85,87.75,85.0
1771135200,2026-02-15 06:00:00,2026-02-15 07:00:00,fyn,-5.175,0.0,3.375,0.0,1015.65,85.5,93.3333
1771138800,2026-02-15 07:00:00,2026-02-15 08:00:00,fyn,-4.35,0.5,3.375,0.0,1015.42,84.0,95.0
1771142400,2026-02-15 08:00:00,2026-02-15 09:00:00,fyn,-3.825,40.5,3.85,0.0,1014.99,82.5,93.3333
1771146000,2026-02-15 09:00:00,2026-02-15 10:00:00,fyn,-3.125,142.5,4.275,0.0,1014.6,80.5,40.0
1771149600,2026-02-15 10:00:00,2026-02-15 11:00:00,fyn,-2.575,217.5,4.875,0.0,1013.95,77.25,0.0
1771153200,2026-02-15 11:00:00,2026-02-15 12:00:00,fyn,-2.1,296.5,6.025,0.0,1013.31,73.25,0.0
1771156800,2026-02-15 12:00:00,2026-02-15 13:00:00,fyn,-2.15,309.0,7.05,0.0,1012.45,72.5,3.33333
1771160400,2026-02-15 13:00:00,2026-02-15 14:00:00,fyn,-2.275,259.5,6.975,0.0,1011.47,73.5,36.6667
1771164000,2026-02-15 14:00:00,2026-02-15 15:00:00,fyn,-2.35,229.5,7.15,0.0,1010.24,72.75,11.6667
1771167600,2026-02-15 15:00:00,2026-02-15 16:00:00,fyn,-2.65,116.5,6.575,0.0,1009.0,73.0,50.0
1771171200,2026-02-15 16:00:00,2026-02-15 17:00:00,fyn,-2.85,48.0,7.325,0.0,1008.08,73.5,36.6667
1771174800,2026-02-15 17:00:00,2026-02-15 18:00:00,fyn,-3.15,3.0,7.575,0.0,1007.19,74.75,36.6667
1771178400,2026-02-15 18:00:00,2026-02-15 19:00:00,fyn,-3.275,0.0,7.625,0.0,1005.74,76.25,5.0
1771182000,2026-02-15 19:00:00,2026-02-15 20:00:00,fyn,-3.35,0.0,7.85,0.0333333,1004.7,77.5,18.3333
1771185600,2026-02-15 20:00:00,2026-02-15 21:00:00,fyn,-3.225,0.0,8.275,0.0333333,1003.6,77.0,25.0
1771189200,2026-02-15 21:00:00,2026-02-15 22:00:00,fyn,-2.975,0.0,8.4,0.0,1002.57,77.0,76.6667
1771192800,2026-02-15 22:00:00,2026-02-15 23:00:00,fyn,-2.8,0.0,8.175,0.0,1001.72,76.75,85.0
1771196400,2026-02-15 23:00:00,2026-02-16 00:00:00,fyn,-2.65,0.0,8.025,0.0,1000.83,76.25,75.0
1771200000,2026-02-16 00:00:00,2026-02-16 01:00:00,fyn,-2.6,0.0,8.125,0.0,999.696,76.25,91.6667
1771203600,2026-02-16 01:00:00,2026-02-16 02:00:00,fyn,-2.675,0.0,7.975,0.0,998.8,75.5,96.6667
1771207200,2026-02-16 02:00:00,2026-02-16 03:00:00,fyn,-2.825,0.0,8.225,0.0,997.562,75.75,95.0
1771210800,2026-02-16 03:00:00,2026-02-16 04:00:00,fyn,-2.975,0.0,8.175,0.0333333,996.8,75.25,96.6667
1771214400,2026-02-16 04:00:00,2026-02-16 05:00:00,fyn,-3.075,0.0,8.55,0.0333333,996.188,75.25,90.0
1771218000,2026-02-16 05:00:00,2026-02-16 06:00:00,fyn,-3.175,0.0,9.325,0.0333333,995.642,75.75,93.3333
1771221600,2026-02-16 06:00:00,2026-02-16 07:00:00,fyn,-3.425,0.0,8.95,0.0333333,995.471,76.25,90.0
1771225200,2026-02-16 07:00:00,2026-02-16 08:00:00,fyn,-3.7,0.0,8.6,0.0,995.125,76.5,90.0
1771228800,2026-02-16 08:00:00,2026-02-16 09:00:00,fyn,-3.775,24.5,8.0,0.0,994.8,79.5,90.0
1771232400,2026-02-16 09:00:00,2026-02-16 10:00:00,fyn,-3.525,66.0,7.775,0.0,994.471,79.75,90.0
1771236000,2026-02-16 10:00:00,2026-02-16 11:00:00,fyn,-3.3,113.5,8.075,0.0,994.346,78.5,90.0
1771239600,2026-02-16 11:00:00,2026-02-16 12:00:00,fyn,-3.35,99.5,7.9,0.0,994.258,79.25,91.6667
1771243200,2026-02-16 12:00:00,2026-02-16 13:00:00,fyn,-3.45,138.0,8.05,0.0,994.088,79.0,90.0
1771246800,2026-02-16 13:00:00,2026-02-16 14:00:00,fyn,-3.575,137.5,7.8,0.0,993.867,79.25,90.0
1771250400,2026-02-16 14:00:00,2026-02-16 15:00:00,fyn,-3.525,142.5,7.475,0.0333333,993.821,78.5,91.6667
1771254000,2026-02-16 15:00:00,2026-02-16 16:00:00,fyn,-3.6,82.0,7.3,0.0333333,993.933,78.25,90.0
1771257600,2026-02-16 16:00:00,2026-02-16 17:00:00,fyn,-3.675,37.0,6.9,0.0,994.308,78.0,90.0
1771261200,2026-02-16 17:00:00,2026-02-16 18:00:00,fyn,-3.725,1.5,6.425,0.0,994.763,78.0,90.0
1771264800,2026-02-16 18:00:00,2026-02-16 19:00:00,fyn,-3.65,0.0,6.425,0.0,995.167,77.5,91.6667
1771268400,2026-02-16 19:00:00,2026-02-16 20:00:00,fyn,-3.55,0.0,6.25,0.0,995.425,76.0,91.6667
1771272000,2026-02-16 20:00:00,2026-02-16 21:00:00,fyn,-3.5,0.0,5.75,0.0,995.7,76.0,95.0
1771275600,2026-02-16 21:00:00,2026-02-16 22:00:00,fyn,-3.5,0.0,5.225,0.0,996.017,76.5,90.0
1771279200,2026-02-16 22:00:00,2026-02-16 23:00:00,fyn,-3.45,0.0,5.025,0.0,996.504,76.5,90.0
1771282800,2026-02-16 23:00:00,2026-02-17 00:00:00,fyn,-3.45,0.0,4.6,0.0,996.908,76.75,91.6667
1771286400,2026-02-17 00:00:00,2026-02-17 01:00:00,fyn,-3.475,0.0,4.55,0.0,997.292,77.5,90.0
1771290000,2026-02-17 01:00:00,2026-02-17 02:00:00,fyn,-3.475,0.0,4.7,0.0,997.579,78.0,90.0
1771293600,2026-02-17 02:00:00,2026-02-17 03:00:00,fyn,-3.575,0.0,4.325,0.0,997.629,78.5,90.0
1771297200,2026-02-17 03:00:00,2026-02-17 04:00:00,fyn,-3.625,0.0,4.375,0.0,997.771,78.5,96.6667
1771300800,2026-02-17 04:00:00,2026-02-17 05:00:00,fyn,-3.725,0.0,4.425,0.0,998.179,77.75,91.6667
1771304400,2026-02-17 05:00:00,2026-02-17 06:00:00,fyn,-3.85,0.0,4.225,0.0,998.504,77.0,90.0
1771308000,2026-02-17 06:00:00,2026-02-17 07:00:00,fyn,-3.9,0.0,4.325,0.0,999.062,77.0,93.3333
1771311600,2026-02-17 07:00:00,2026-02-17 08:00:00,fyn,-3.875,1.0,4.5,0.0,999.817,77.5,95.0
1771315200,2026-02-17 08:00:00,2026-02-17 09:00:00,fyn,-3.825,27.0,4.225,0.0,1000.28,79.25,96.6667
1771318800,2026-02-17 09:00:00,2026-02-17 10:00:00,fyn,-3.65,63.0,4.65,0.0,1000.9,81.75,90.0
1771322400,2026-02-17 10:00:00,2026-02-17 11:00:00,fyn,-3.325,110.0,5.0,0.0333333,1001.54,82.5,90.0
1771326000,2026-02-17 11:00:00,2026-02-17 12:00:00,fyn,-2.975,118.5,5.1,0.05,1001.92,81.75,91.6667
1771329600,2026-02-17 12:00:00,2026-02-17 13:00:00,fyn,-2.875,130.5,5.025,,1002.29,83.5,95.0
1771333200,2026-02-17 13:00:00,2026-02-17 14:00:00,fyn,-2.675,127.5,4.725,0.0666667,1002.78,83.75,50.0
1771336800,2026-02-17 14:00:00,2026-02-17 15:00:00,fyn,-2.65,84.0,4.2,0.0,1003.25,84.5,66.6667
1771340400,2026-02-17 15:00:00,2026-02-17 16:00:00,fyn,-2.725,45.0,4.025,0.0333333,1003.87,86.5,98.3333
1771344000,2026-02-17 16:00:00,2026-02-17 17:00:00,fyn,-2.65,17.0,3.575,0.0333333,1004.69,86.5,48.3333
1771347600,2026-02-17 17:00:00,2026-02-17 18:00:00,fyn,-2.75,1.5,3.175,0.0333333,1005.4,87.75,80.0
1771351200,2026-02-17 18:00:00,2026-02-17 19:00:00,fyn,-2.95,0.0,2.775,0.133333,1006.28,91.0,96.6667
1771354800,2026-02-17 19:00:00,2026-02-17 20:00:00,fyn,-2.775,0.0,2.625,0.1,1007.15,90.0,96.6667
1771358400,2026-02-17 20:00:00,2026-02-17 21:00:00,fyn,-2.65,0.0,2.525,0.0666667,1007.74,86.5,95.0
1771362000,2026-02-17 21:00:00,2026-02-17 22:00:00,fyn,-2.875,0.0,2.275,0.0,1008.17,87.5,96.6667
1771365600,2026-02-17 22:00:00,2026-02-17 23:00:00,fyn,-3.4,0.0,1.975,0.0,1008.7,88.25,93.3333
1771369200,2026-02-17 23:00:00,2026-02-18 00:00:00,fyn,-3.725,0.0,1.875,0.0,1009.1,87.25,90.0
1771372800,2026-02-18 00:00:00,2026-02-18 01:00:00,fyn,-3.925,0.0,1.85,0.0,1009.47,87.0,93.3333
1771376400,2026-02-18 01:00:00,2026-02-18 02:00:00,fyn,-4.1,0.0,1.825,0.0,1010.1,86.0,95.0
1771380000,2026-02-18 02:00:00,2026-02-18 03:00:00,fyn,-4.275,0.0,1.875,0.0,1010.4,85.5,96.6667
1771383600,2026-02-18 03:00:00,2026-02-18 04:00:00,fyn,-4.875,0.0,2.15,0.0,1010.64,87.0,90.0
1771387200,2026-02-18 04:00:00,2026-02-18 05:00:00,fyn,-5.975,0.0,2.1,0.0,1010.83,86.5,90.0
1771390800,2026-02-18 05:00:00,2026-02-18 06:00:00,fyn,-6.775,0.0,2.125,0.0,1010.97,85.5,13.3333
1771394400,2026-02-18 06:00:00,2026-02-18 07:00:00,fyn,-7.675,0.0,1.425,0.0,1011.41,88.0,66.6667
1771398000,2026-02-18 07:00:00,2026-02-18 08:00:00,fyn,-7.375,1.5,1.425,0.0,1011.64,89.75,98.3333
1771401600,2026-02-18 08:00:00,2026-02-18 09:00:00,fyn,-5.925,25.5,1.775,0.0,1011.77,88.25,95.0
1771405200,2026-02-18 09:00:00,2026-02-18 10:00:00,fyn,-4.975,65.0,1.725,0.0,1011.92,86.0,96.6667
1771408800,2026-02-18 10:00:00,2026-02-18 11:00:00,fyn,-4.075,171.5,2.45,0.0,1011.9,81.75,80.0
1771412400,2026-02-18 11:00:00,2026-02-18 12:00:00,fyn,-3.05,267.5,2.4,0.0,1011.77,78.0,1.66667
1771416000,2026-02-18 12:00:00,2026-02-18 13:00:00,fyn,-2.1,373.0,3.525,0.0,1011.7,72.75,8.33333
1771419600,2026-02-18 13:00:00,2026-02-18 14:00:00,fyn,-1.35,395.0,4.175,0.0,1011.51,69.5,58.3333
1771423200,2026-02-18 14:00:00,2026-02-18 15:00:00,fyn,-1.1,319.5,4.025,0.0,1011.41,68.5,10.0
1771426800,2026-02-18 15:00:00,2026-02-18 16:00:00,fyn,-1.225,196.0,3.725,0.0,1011.15,69.5,1.66667
1771430400,2026-02-18 16:00:00,2026-02-18 17:00:00,fyn,-1.775,67.5,3.55,0.0,1011.11,73.5,0.0
1771434000,2026-02-18 17:00:00,2026-02-18 18:00:00,fyn,-2.85,7.0,3.175,0.0,1011.22,77.0,0.0
1771437600,2026-02-18 18:00:00,2026-02-18 19:00:00,fyn,-4.075,0.0,2.8,0.0,1011.16,81.5,0.0
1771441200,2026-02-18 19:00:00,2026-02-18 20:00:00,fyn,-5.15,0.0,2.65,0.0,1011.21,84.0,0.0
1771444800,2026-02-18 20:00:00,2026-02-18 21:00:00,fyn,-5.775,0.0,2.8,0.0,1010.97,87.0,0.0
1771448400,2026-02-18 21:00:00,2026-02-18 22:00:00,fyn,-6.275,0.0,1.8,0.0,1010.58,89.75,0.0
1771452000,2026-02-18 22:00:00,2026-02-18 23:00:00,fyn,-7.425,0.0,1.15,0.0,1010.49,91.75,6.66667
1771455600,2026-02-18 23:00:00,2026-02-19 00:00:00,fyn,-8.325,0.0,0.875,0.0,1010.53,93.0,1.66667
1771459200,2026-02-19 00:00:00,2026-02-19 01:00:00,fyn,-9.1,0.0,0.825,0.0,1010.58,93.0,65.0
1771462800,2026-02-19 01:00:00,2026-02-19 02:00:00,fyn,-9.175,0.0,0.925,0.0,1010.42,93.25,98.3333
1771466400,2026-02-19 02:00:00,2026-02-19 03:00:00,fyn,-8.15,0.0,0.75,0.0,1010.08,93.5,98.3333
1771470000,2026-02-19 03:00:00,2026-02-19 04:00:00,fyn,-7.925,0.0,0.75,0.0,1009.9,92.5,91.6667
1771473600,2026-02-19 04:00:00,2026-02-19 05:00:00,fyn,-7.4,0.0,0.5,0.0,1010.02,92.5,65.0
1771477200,2026-02-19 05:00:00,2026-02-19 06:00:00,fyn,-7.7,0.0,0.6,0.0,1010.13,93.25,93.3333
1771480800,2026-02-19 06:00:00,2026-02-19 07:00:00,fyn,-7.05,0.0,1.725,0.0,1010.45,93.25,96.6667
1771484400,2026-02-19 07:00:00,2026-02-19 08:00:00,fyn,-5.85,2.5,1.9,0.0,1011.0,91.5,86.6667
1771488000,2026-02-19 08:00:00,2026-02-19 09:00:00,fyn,-4.025,42.0,2.725,0.0,1011.32,92.75,63.3333
1771491600,2026-02-19 09:00:00,2026-02-19 10:00:00,fyn,-3.15,70.0,3.25,0.0,1011.79,94.0,21.6667
1771495200,2026-02-19 10:00:00,2026-02-19 11:00:00,fyn,-2.55,166.5,3.55,0.0,1012.17,89.0,3.33333
1771498800,2026-02-19 11:00:00,2026-02-19 12:00:00,fyn,-1.975,260.5,3.325,0.0,1012.4,86.5,63.3333
1771502400,2026-02-19 12:00:00,2026-02-19 13:00:00,fyn,-1.6,357.5,3.8,0.0,1012.71,83.5,63.3333
1771506000,2026-02-19 13:00:00,2026-02-19 14:00:00,fyn,-1.45,388.0,3.5,0.0,1013.0,80.25,6.66667
1771509600,2026-02-19 14:00:00,2026-02-19 15:00:00,fyn,-1.25,329.5,3.5,0.0,1013.33,77.25,0.0
1771513200,2026-02-19 15:00:00,2026-02-19 16:00:00,fyn,-1.55,228.0,3.875,0.0,1013.56,74.0,5.0
1771516800,2026-02-19 16:00:00,2026-02-19 17:00:00,fyn,-2.45,79.5,3.15,0.0,1013.96,76.0,10.0
1771520400,2026-02-19 17:00:00,2026-02-19 18:00:00,fyn,-3.85,3.5,2.15,0.0,1014.75,81.0,6.66667
1771524000,2026-02-19 18:00:00,2026-02-19 19:00:00,fyn,-5.375,0.0,1.975,0.0,1015.64,87.25,8.33333
1771527600,2026-02-19 19:00:00,2026-02-19 20:00:00,fyn,-6.1,0.0,2.4,0.0,1016.51,90.75,0.0
1771531200,2026-02-19 20:00:00,2026-02-19 21:00:00,fyn,-7.125,0.0,1.475,0.0,1017.19,92.5,0.0
1771534800,2026-02-19 21:00:00,2026-02-19 22:00:00,fyn,-7.775,0.0,1.025,0.0,1017.48,94.0,5.0
1771538400,2026-02-19 22:00:00,2026-02-19 23:00:00,fyn,-8.175,0.0,1.65,0.0,1017.61,94.5,8.33333
1771542000,2026-02-19 23:00:00,2026-02-20 00:00:00,fyn,-8.375,0.0,2.275,0.0,1018.08,93.0,66.6667
1771545600,2026-02-20 00:00:00,2026-02-20 01:00:00,fyn,-7.85,0.0,1.925,0.0,1018.41,92.75,90.0
1771549200,2026-02-20 01:00:00,2026-02-20 02:00:00,fyn,-7.875,0.0,2.1,0.0,1018.55,92.75,90.0
1771552800,2026-02-20 02:00:00,2026-02-20 03:00:00,fyn,-7.15,0.0,2.325,0.0,1018.49,93.75,90.0
1771556400,2026-02-20 03:00:00,2026-02-20 04:00:00,fyn,-6.275,0.0,2.5,0.0,1018.45,94.0,90.0
1771560000,2026-02-20 04:00:00,2026-02-20 05:00:00,fyn,-5.875,0.0,3.25,0.0,1018.46,93.5,90.0
1771563600,2026-02-20 05:00:00,2026-02-20 06:00:00,fyn,-5.6,0.0,3.625,0.0,1018.36,93.5,90.0
1771567200,2026-02-20 06:00:00,2026-02-20 07:00:00,fyn,-4.55,0.0,4.575,0.0,1018.26,91.5,90.0
1771570800,2026-02-20 07:00:00,2026-02-20 08:00:00,fyn,-3.55,1.0,5.225,0.0333333,1018.55,89.25,90.0
1771574400,2026-02-20 08:00:00,2026-02-20 09:00:00,fyn,-2.875,39.0,6.525,0.0333333,1018.49,84.25,90.0
1771578000,2026-02-20 09:00:00,2026-02-20 10:00:00,fyn,-2.25,138.0,7.825,0.0,1017.72,79.0,90.0
1771581600,2026-02-20 10:00:00,2026-02-20 11:00:00,fyn,-1.8,201.0,9.0,0.0333333,1016.62,73.25,90.0
1771585200,2026-02-20 11:00:00,2026-02-20 12:00:00,fyn,-1.6,231.5,9.75,0.0666667,1015.74,69.75,90.0
1771588800,2026-02-20 12:00:00,2026-02-20 13:00:00,fyn,-1.35,256.5,9.975,0.0666667,1014.66,67.25,90.0
1771592400,2026-02-20 13:00:00,2026-02-20 14:00:00,fyn,-1.275,206.0,9.35,0.0,1013.67,67.5,90.0
1771596000,2026-02-20 14:00:00,2026-02-20 15:00:00,fyn,-1.05,112.0,9.025,0.0333333,1013.13,67.5,90.0
1771599600,2026-02-20 15:00:00,2026-02-20 16:00:00,fyn,-1.2,47.5,7.975,0.0333333,1012.29,74.75,95.0
1771603200,2026-02-20 16:00:00,2026-02-20 17:00:00,fyn,-1.275,15.5,7.35,0.0,1011.48,79.75,91.6667
1771606800,2026-02-20 17:00:00,2026-02-20 18:00:00,fyn,-1.25,1.0,7.2,0.0333333,1010.79,83.75,96.6667
1771610400,2026-02-20 18:00:00,2026-02-20 19:00:00,fyn,-0.975,0.0,7.225,0.0,1009.96,88.75,95.0
1771614000,2026-02-20 19:00:00,2026-02-20 20:00:00,fyn,-0.475,0.0,7.125,0.0333333,1009.15,89.5,91.6667
1771617600,2026-02-20 20:00:00,2026-02-20 21:00:00,fyn,-0.05,0.0,6.95,0.0,1008.44,90.25,95.0
1771621200,2026-02-20 21:00:00,2026-02-20 22:00:00,fyn,0.125,0.0,6.2,0.1,1007.36,93.5,93.3333
1771624800,2026-02-20 22:00:00,2026-02-20 23:00:00,fyn,0.45,0.0,5.825,0.0666667,1006.25,96.0,95.0
1771628400,2026-02-20 23:00:00,2026-02-21 00:00:00,fyn,0.825,0.0,6.525,0.1,1005.11,96.25,90.0
1771632000,2026-02-21 00:00:00,2026-02-21 01:00:00,fyn,1.05,0.0,6.725,0.2,1004.02,97.25,96.6667
1771635600,2026-02-21 01:00:00,2026-02-21 02:00:00,fyn,1.3,0.0,6.775,0.266667,1002.9,97.25,96.6667
1771639200,2026-02-21 02:00:00,2026-02-21 03:00:00,fyn,1.45,0.0,5.95,0.333333,1001.88,97.5,98.3333
1771642800,2026-02-21 03:00:00,2026-02-21 04:00:00,fyn,1.575,0.0,5.3,0.366667,1001.31,98.0,98.3333
1771646400,2026-02-21 04:00:00,2026-02-21 05:00:00,fyn,1.575,0.0,4.2,0.5,1001.28,98.5,98.3333
1771650000,2026-02-21 05:00:00,2026-02-21 06:00:00,fyn,1.675,0.0,4.2,0.133333,1001.55,99.0,98.3333
1771653600,2026-02-21 06:00:00,2026-02-21 07:00:00,fyn,1.875,0.0,4.375,0.2,1002.22,99.5,98.3333
1771657200,2026-02-21 07:00:00,2026-02-21 08:00:00,fyn,2.425,0.0,5.2,0.0666667,1003.13,99.5,98.3333
1771660800,2026-02-21 08:00:00,2026-02-21 09:00:00,fyn,2.75,27.0,4.8,0.0333333,1003.85,99.25,98.3333
1771664400,2026-02-21 09:00:00,2026-02-21 10:00:00,fyn,2.725,89.0,5.6,0.0333333,1004.48,99.25,98.3333
1771668000,2026-02-21 10:00:00,2026-02-21 11:00:00,fyn,2.875,112.5,5.625,0.0666667,1004.93,99.0,98.3333
1771671600,2026-02-21 11:00:00,2026-02-21 12:00:00,fyn,3.275,122.5,5.85,0.0333333,1005.25,98.5,98.3333
1771675200,2026-02-21 12:00:00,2026-02-21 13:00:00,fyn,3.7,127.0,6.425,0.0666667,1005.49,97.0,95.0
1771678800,2026-02-21 13:00:00,2026-02-21 14:00:00,fyn,4.05,150.5,7.325,0.0666667,1006.03,95.25,96.6667
1771682400,2026-02-21 14:00:00,2026-02-21 15:00:00,fyn,3.825,100.0,7.3,0.0333333,1006.85,94.5,96.6667
1771686000,2026-02-21 15:00:00,2026-02-21 16:00:00,fyn,3.575,64.0,6.275,0.0666667,1007.6,93.5,96.6667
1771689600,2026-02-21 16:00:00,2026-02-21 17:00:00,fyn,3.45,55.0,5.575,0.0333333,1008.3,90.25,80.0
1771693200,2026-02-21 17:00:00,2026-02-21 18:00:00,fyn,2.65,8.5,5.1,0.0,1009.15,91.0,40.0
1771696800,2026-02-21 18:00:00,2026-02-21 19:00:00,fyn,2.25,0.0,5.075,0.0,1009.77,92.0,1.66667
1771700400,2026-02-21 19:00:00,2026-02-21 20:00:00,fyn,1.975,0.0,5.1,0.0,1009.97,92.75,1.66667
1771704000,2026-02-21 20:00:00,2026-02-21 21:00:00,fyn,1.725,0.0,4.625,0.0,1010.34,93.5,23.3333
1771707600,2026-02-21 21:00:00,2026-02-21 22:00:00,fyn,1.425,0.0,4.05,0.0,1010.84,95.25,91.6667
1771711200,2026-02-21 22:00:00,2026-02-21 23:00:00,fyn,1.2,0.0,2.55,0.0,1010.97,95.75,90.0
1771714800,2026-02-21 23:00:00,2026-02-22 00:00:00,fyn,1.25,0.0,2.45,0.0,1010.61,96.75,100.0
1771718400,2026-02-22 00:00:00,2026-02-22 01:00:00,fyn,1.275,0.0,1.125,0.0,1010.11,97.75,100.0
1771722000,2026-02-22 01:00:00,2026-02-22 02:00:00,fyn,1.25,0.0,1.5,0.0,1009.67,98.5,100.0
1771725600,2026-02-22 02:00:00,2026-02-22 03:00:00,fyn,1.4,0.0,1.925,0.3,1008.94,98.75,96.6667
1771729200,2026-02-22 03:00:00,2026-02-22 04:00:00,fyn,1.475,0.0,2.375,0.3,1008.32,99.25,100.0
1771732800,2026-02-22 04:00:00,2026-02-22 05:00:00,fyn,1.375,0.0,2.4,0.966667,1007.63,99.5,98.3333
1771736400,2026-02-22 05:00:00,2026-02-22 06:00:00,fyn,1.325,0.0,2.925,1.66667,1007.06,99.75,80.0
1771740000,2026-02-22 06:00:00,2026-02-22 07:00:00,fyn,1.325,0.0,3.525,1.36667,1006.65,99.75,98.3333
1771743600,2026-02-22 07:00:00,2026-02-22 08:00:00,fyn,1.325,0.0,3.775,0.366667,1006.36,100.0,98.3333
1771747200,2026-02-22 08:00:00,2026-02-22 09:00:00,fyn,1.375,19.0,3.825,0.166667,1005.93,99.75,93.3333
1771750800,2026-02-22 09:00:00,2026-02-22 10:00:00,fyn,1.725,44.0,3.9,0.0333333,1005.6,99.75,96.6667
1771754400,2026-02-22 10:00:00,2026-02-22 11:00:00,fyn,1.95,47.5,3.775,0.0,1005.26,99.5,96.6667
1771758000,2026-02-22 11:00:00,2026-02-22 12:00:00,fyn,2.05,71.0,3.4,0.0333333,1004.69,99.5,93.3333
1771761600,2026-02-22 12:00:00,2026-02-22 13:00:00,fyn,2.2,62.0,2.925,0.0333333,1003.85,99.75,16.6667
1771765200,2026-02-22 13:00:00,2026-02-22 14:00:00,fyn,2.375,52.5,2.875,0.0,1002.94,100.0,0.0
1771768800,2026-02-22 14:00:00,2026-02-22 15:00:00,fyn,2.8,27.0,2.85,0.3,1002.4,100.0,45.0
1771772400,2026-02-22 15:00:00,2026-02-22 16:00:00,fyn,2.875,22.0,2.75,2.63333,1001.85,100.0,50.0
1771776000,2026-02-22 16:00:00,2026-02-22 17:00:00,fyn,2.95,29.5,2.325,1.23333,1001.8,100.0,78.3333
1771779600,2026-02-22 17:00:00,2026-02-22 18:00:00,fyn,2.925,0.5,2.45,1.3,1001.97,100.0,90.0
1771783200,2026-02-22 18:00:00,2026-02-22 19:00:00,fyn,3.05,0.0,2.625,0.366667,1002.53,100.0,90.0
1771786800,2026-02-22 19:00:00,2026-02-22 20:00:00,fyn,3.675,0.0,4.175,0.0666667,1002.98,100.0,96.6667
1771790400,2026-02-22 20:00:00,2026-02-22 21:00:00,fyn,3.6,0.0,5.15,0.0666667,1003.53,100.0,98.3333
1771794000,2026-02-22 21:00:00,2026-02-22 22:00:00,fyn,3.05,0.0,5.625,0.0,1003.65,100.0,96.6667
1771797600,2026-02-22 22:00:00,2026-02-22 23:00:00,fyn,2.95,0.0,5.15,0.0,1003.36,100.0,81.6667
1771801200,2026-02-22 23:00:00,2026-02-23 00:00:00,fyn,2.825,0.0,5.225,0.0,1003.33,100.0,96.6667
1771804800,2026-02-23 00:00:00,2026-02-23 01:00:00,fyn,3.0,0.0,4.7,0.0333333,1003.2,99.75,96.6667
1771808400,2026-02-23 01:00:00,2026-02-23 02:00:00,fyn,3.2,0.0,4.45,0.0333333,1002.62,99.5,93.3333
1771812000,2026-02-23 02:00:00,2026-02-23 03:00:00,fyn,3.15,0.0,4.25,0.0,1002.25,99.5,98.3333
1771815600,2026-02-23 03:00:00,2026-02-23 04:00:00,fyn,3.15,0.0,4.15,0.0333333,1001.86,99.5,98.3333
1771819200,2026-02-23 04:00:00,2026-02-23 05:00:00,fyn,2.875,0.0,3.95,0.0,1001.42,99.5,90.0
1771822800,2026-02-23 05:00:00,2026-02-23 06:00:00,fyn,2.7,0.0,3.925,0.0,1001.22,99.75,90.0
1771826400,2026-02-23 06:00:00,2026-02-23 07:00:00,fyn,3.125,0.0,4.75,1.33333,1001.05,99.5,90.0
1771830000,2026-02-23 07:00:00,2026-02-23 08:00:00,fyn,3.3,0.5,4.575,0.0333333,1000.93,99.5,86.6667
1771833600,2026-02-23 08:00:00,2026-02-23 09:00:00,fyn,3.575,35.0,5.05,0.0333333,1000.99,99.75,96.6667
1771837200,2026-02-23 09:00:00,2026-02-23 10:00:00,fyn,4.025,60.5,5.625,0.0333333,1001.13,98.75,96.6667
1771840800,2026-02-23 10:00:00,2026-02-23 11:00:00,fyn,4.96667,88.0,5.73333,0.0333333,1000.92,97.0,95.0
1771844400,2026-02-23 11:00:00,2026-02-23 12:00:00,fyn,4.625,128.0,4.925,0.0,1001.12,97.0,95.0
1771848000,2026-02-23 12:00:00,2026-02-23 13:00:00,fyn,4.9,162.0,5.275,0.0666667,1001.15,96.0,91.6667
1771851600,2026-02-23 13:00:00,2026-02-23 14:00:00,fyn,5.0,129.0,5.075,0.133333,1001.2,95.5,91.6667
1771855200,2026-02-23 14:00:00,2026-02-23 15:00:00,fyn,4.925,147.0,4.8,0.0666667,1001.3,96.0,75.0
1771858800,2026-02-23 15:00:00,2026-02-23 16:00:00,fyn,4.725,52.0,4.55,0.0,1001.5,96.25,75.0
1771862400,2026-02-23 16:00:00,2026-02-23 17:00:00,fyn,4.275,36.0,3.825,0.0,1001.81,97.25,96.6667
1771866000,2026-02-23 17:00:00,2026-02-23 18:00:00,fyn,4.175,1.5,3.775,0.0333333,1002.24,98.0,95.0
1771869600,2026-02-23 18:00:00,2026-02-23 19:00:00,fyn,4.1,0.0,3.7,0.0,1002.8,97.75,96.6667
1771873200,2026-02-23 19:00:00,2026-02-23 20:00:00,fyn,3.875,0.0,3.675,0.0,1003.4,98.5,98.3333
1771876800,2026-02-23 20:00:00,2026-02-23 21:00:00,fyn,3.775,0.0,3.7,0.0,1004.22,99.0,98.3333
1771880400,2026-02-23 21:00:00,2026-02-23 22:00:00,fyn,3.775,0.0,3.55,0.0333333,1004.83,99.5,98.3333
1771884000,2026-02-23 22:00:00,2026-02-23 23:00:00,fyn,3.65,0.0,2.85,0.0,1005.64,99.0,98.3333
1771887600,2026-02-23 23:00:00,2026-02-24 00:00:00,fyn,3.475,0.0,2.925,0.0,1006.45,99.5,98.3333
1771891200,2026-02-24 00:00:00,2026-02-24 01:00:00,fyn,3.5,0.0,2.7,0.0,1007.24,99.75,98.3333
1771894800,2026-02-24 01:00:00,2026-02-24 02:00:00,fyn,3.525,0.0,2.15,0.0,1008.17,100.0,96.6667
1771898400,2026-02-24 02:00:00,2026-02-24 03:00:00,fyn,3.05,0.0,2.275,0.0,1008.92,100.0,96.6667
1771902000,2026-02-24 03:00:00,2026-02-24 04:00:00,fyn,3.025,0.0,2.175,0.0,1009.68,100.0,96.6667
1771905600,2026-02-24 04:00:00,2026-02-24 05:00:00,fyn,3.075,0.0,2.1,0.0,1010.75,99.5,96.6667
1771909200,2026-02-24 05:00:00,2026-02-24 06:00:00,fyn,2.975,0.0,2.375,0.0,1011.58,99.5,96.6667
1771912800,2026-02-24 06:00:00,2026-02-24 07:00:00,fyn,2.65,0.0,1.95,0.0,1012.62,99.5,96.6667
1771916400,2026-02-24 07:00:00,2026-02-24 08:00:00,fyn,2.425,0.5,1.975,0.0,1013.5,99.75,96.6667
1771920000,2026-02-24 08:00:00,2026-02-24 09:00:00,fyn,2.4,32.5,1.875,0.0,1014.08,99.75,96.6667
1771923600,2026-02-24 09:00:00,2026-02-24 10:00:00,fyn,2.375,58.5,1.675,0.0,1014.72,100.0,96.6667
1771927200,2026-02-24 10:00:00,2026-02-24 11:00:00,fyn,2.275,107.5,1.3,0.0,1015.24,100.0,98.3333
1771930800,2026-02-24 11:00:00,2026-02-24 12:00:00,fyn,2.375,147.0,0.925,0.0,1015.57,100.0,98.3333
1771934400,2026-02-24 12:00:00,2026-02-24 13:00:00,fyn,2.525,163.0,0.975,0.0,1016.0,100.0,98.3333
1771938000,2026-02-24 13:00:00,2026-02-24 14:00:00,fyn,2.625,153.5,1.15,0.0,1016.52,99.25,98.3333
1771941600,2026-02-24 14:00:00,2026-02-24 15:00:00,fyn,2.95,112.0,1.05,0.0,1016.93,97.75,98.3333
1771945200,2026-02-24 15:00:00,2026-02-24 16:00:00,fyn,3.25,64.5,1.15,0.0,1017.25,98.5,48.3333
1771948800,2026-02-24 16:00:00,2026-02-24 17:00:00,fyn,3.05,27.5,1.25,0.0,1017.45,99.5,0.0
1771952400,2026-02-24 17:00:00,2026-02-24 18:00:00,fyn,2.8,4.0,1.975,0.0,1017.68,99.75,0.0
1771956000,2026-02-24 18:00:00,2026-02-24 19:00:00,fyn,2.2,0.0,2.35,0.0,1018.03,99.75,0.0
1771959600,2026-02-24 19:00:00,2026-02-24 20:00:00,fyn,1.75,0.0,2.775,0.0,1018.48,100.0,0.0
1771963200,2026-02-24 20:00:00,2026-02-24 21:00:00,fyn,1.8,0.0,2.625,0.0,1018.67,100.333,0.0
1771966800,2026-02-24 21:00:00,2026-02-24 22:00:00,fyn,1.75,0.0,2.95,0.0,1018.89,100.667,0.0
1771970400,2026-02-24 22:00:00,2026-02-24 23:00:00,fyn,1.675,0.0,2.75,0.0,1018.87,100.667,0.0
1771974000,2026-02-24 23:00:00,2026-02-25 00:00:00,fyn,1.55,0.0,3.075,0.0,1018.71,100.333,0.0
1771977600,2026-02-25 00:00:00,2026-02-25 01:00:00,fyn,1.075,0.0,3.6,0.0,1018.66,100.667,0.0
1771981200,2026-02-25 01:00:00,2026-02-25 02:00:00,fyn,1.15,0.0,3.75,0.0,1018.65,100.667,63.3333
1771984800,2026-02-25 02:00:00,2026-02-25 03:00:00,fyn,1.325,0.0,3.925,0.0333333,1018.35,100.667,16.6667
1771988400,2026-02-25 03:00:00,2026-02-25 04:00:00,fyn,1.325,0.0,4.55,0.133333,1018.12,100.667,81.6667
1771992000,2026-02-25 04:00:00,2026-02-25 05:00:00,fyn,1.3,0.0,4.7,0.1,1018.08,100.667,96.6667
1771995600,2026-02-25 05:00:00,2026-02-25 06:00:00,fyn,1.25,0.0,4.65,0.133333,1018.12,100.5,96.6667
1771999200,2026-02-25 06:00:00,2026-02-25 07:00:00,fyn,1.2,0.0,4.55,0.2,1018.1,100.5,96.6667
1772002800,2026-02-25 07:00:00,2026-02-25 08:00:00,fyn,1.275,0.5,4.325,0.1,1018.18,100.25,98.3333
1772006400,2026-02-25 08:00:00,2026-02-25 09:00:00,fyn,1.475,13.0,4.25,0.2,1018.21,100.25,96.6667
1772010000,2026-02-25 09:00:00,2026-02-25 10:00:00,fyn,1.875,32.0,3.95,0.0666667,1018.34,100.25,98.3333
1772013600,2026-02-25 10:00:00,2026-02-25 11:00:00,fyn,2.425,61.0,3.65,0.0333333,1018.27,100.25,98.3333
1772017200,2026-02-25 11:00:00,2026-02-25 12:00:00,fyn,3.025,90.0,3.8,0.0333333,1018.08,100.0,98.3333
1772020800,2026-02-25 12:00:00,2026-02-25 13:00:00,fyn,3.5,91.5,3.875,0.0333333,1017.63,100.0,98.0
1772024400,2026-02-25 13:00:00,2026-02-25 14:00:00,fyn,4.425,118.0,4.475,0.0333333,1017.37,99.75,98.3333
1772028000,2026-02-25 14:00:00,2026-02-25 15:00:00,fyn,4.775,97.0,4.5,0.0666667,1017.07,99.0,98.3333
1772031600,2026-02-25 15:00:00,2026-02-25 16:00:00,fyn,4.85,65.5,4.175,0.0333333,1016.88,99.0,95.0
1772035200,2026-02-25 16:00:00,2026-02-25 17:00:00,fyn,5.1,47.5,4.15,0.0333333,1016.75,98.25,85.0
1772038800,2026-02-25 17:00:00,2026-02-25 18:00:00,fyn,5.125,6.0,4.025,0.0333333,1016.83,98.25,80.0
1772042400,2026-02-25 18:00:00,2026-02-25 19:00:00,fyn,4.95,0.0,4.5,0.0333333,1016.7,98.5,65.0
1772046000,2026-02-25 19:00:00,2026-02-25 20:00:00,fyn,4.7,0.0,4.1,0.0333333,1016.26,98.5,63.3333
1772049600,2026-02-25 20:00:00,2026-02-25 21:00:00,fyn,4.775,0.0,4.775,0.0333333,1015.76,97.5,0.0
1772053200,2026-02-25 21:00:00,2026-02-25 22:00:00,fyn,4.8,0.0,4.825,0.0333333,1015.47,97.0,1.66667
1772056800,2026-02-25 22:00:00,2026-02-25 23:00:00,fyn,4.425,0.0,4.525,0.0333333,1015.1,97.25,20.0
1772060400,2026-02-25 23:00:00,2026-02-26 00:00:00,fyn,3.95,0.0,4.65,0.0333333,1014.52,97.75,41.6667
1772064000,2026-02-26 00:00:00,2026-02-26 01:00:00,fyn,4.225,0.0,5.175,0.0333333,1014.03,98.5,10.0
1772067600,2026-02-26 01:00:00,2026-02-26 02:00:00,fyn,4.475,0.0,5.15,0.0333333,1013.47,98.75,33.3333
1772071200,2026-02-26 02:00:00,2026-02-26 03:00:00,fyn,4.8,0.0,5.05,0.0333333,1012.9,99.0,23.3333
1772074800,2026-02-26 03:00:00,2026-02-26 04:00:00,fyn,4.825,0.0,4.675,0.0666667,1012.46,99.25,20.0
1772078400,2026-02-26 04:00:00,2026-02-26 05:00:00,fyn,4.825,0.0,4.825,0.0666667,1012.19,99.5,75.0
1772082000,2026-02-26 05:00:00,2026-02-26 06:00:00,fyn,5.25,0.0,5.025,0.0666667,1011.65,99.25,71.6667
1772085600,2026-02-26 06:00:00,2026-02-26 07:00:00,fyn,5.9,0.0,5.7,0.0333333,1011.48,98.5,76.6667
1772089200,2026-02-26 07:00:00,2026-02-26 08:00:00,fyn,6.25,2.0,5.85,0.0666667,1011.26,97.75,85.0
1772092800,2026-02-26 08:00:00,2026-02-26 09:00:00,fyn,6.775,27.0,5.9,0.1,1011.1,97.75,98.3333
1772096400,2026-02-26 09:00:00,2026-02-26 10:00:00,fyn,7.55,55.0,6.275,0.0333333,1011.07,97.75,95.0
1772100000,2026-02-26 10:00:00,2026-02-26 11:00:00,fyn,7.825,85.5,5.825,0.1,1011.34,96.0,95.0
1772103600,2026-02-26 11:00:00,2026-02-26 12:00:00,fyn,7.9,147.0,6.65,0.0333333,1011.38,95.25,98.3333
1772107200,2026-02-26 12:00:00,2026-02-26 13:00:00,fyn,7.8,139.0,5.725,0.0333333,1011.34,95.0,95.0
1772110800,2026-02-26 13:00:00,2026-02-26 14:00:00,fyn,8.075,162.0,6.4,0.0333333,1011.22,93.75,91.6667
1772114400,2026-02-26 14:00:00,2026-02-26 15:00:00,fyn,8.425,210.0,5.875,0.0,1011.12,91.75,50.0
1772118000,2026-02-26 15:00:00,2026-02-26 16:00:00,fyn,8.375,111.0,5.45,0.0,1011.09,90.75,15.0
1772121600,2026-02-26 16:00:00,2026-02-26 17:00:00,fyn,8.025,52.5,5.75,0.0,1011.2,91.75,53.3333
1772125200,2026-02-26 17:00:00,2026-02-26 18:00:00,fyn,7.525,4.5,6.025,0.0333333,1011.25,92.75,93.3333
1772128800,2026-02-26 18:00:00,2026-02-26 19:00:00,fyn,7.25,0.0,6.175,0.0,1010.9,93.5,91.6667
1772132400,2026-02-26 19:00:00,2026-02-26 20:00:00,fyn,7.175,0.0,5.5,0.0333333,1010.9,93.75,73.3333
1772136000,2026-02-26 20:00:00,2026-02-26 21:00:00,fyn,7.125,0.0,5.8,0.0333333,1010.73,93.25,95.0
1772139600,2026-02-26 21:00:00,2026-02-26 22:00:00,fyn,7.2,0.0,5.45,0.0,1010.39,92.0,95.0
1772143200,2026-02-26 22:00:00,2026-02-26 23:00:00,fyn,7.3,0.0,5.325,0.133333,1010.22,92.75,93.3333
1772146800,2026-02-26 23:00:00,2026-02-27 00:00:00,fyn,7.125,0.0,5.575,0.266667,1009.98,94.0,98.3333
1772150400,2026-02-27 00:00:00,2026-02-27 01:00:00,fyn,7.35,0.0,6.625,0.2,1009.66,93.25,96.6667
1772154000,2026-02-27 01:00:00,2026-02-27 02:00:00,fyn,7.3,0.0,6.6,0.266667,1009.28,93.0,96.6667
1772157600,2026-02-27 02:00:00,2026-02-27 03:00:00,fyn,6.9,0.0,6.175,0.0666667,1008.83,94.25,98.3333
1772161200,2026-02-27 03:00:00,2026-02-27 04:00:00,fyn,6.625,0.0,5.75,0.0333333,1008.63,94.25,98.3333
1772164800,2026-02-27 04:00:00,2026-02-27 05:00:00,fyn,6.65,0.0,5.85,0.2,1008.55,95.5,98.3333
1772168400,2026-02-27 05:00:00,2026-02-27 06:00:00,fyn,6.6,0.0,5.9,0.366667,1008.5,97.0,98.3333
1772172000,2026-02-27 06:00:00,2026-02-27 07:00:00,fyn,6.8,0.0,5.8,0.166667,1008.45,97.75,96.6667
1772175600,2026-02-27 07:00:00,2026-02-27 08:00:00,fyn,6.7,1.5,5.5,0.233333,1008.48,98.5,98.3333
1772179200,2026-02-27 08:00:00,2026-02-27 09:00:00,fyn,6.925,23.0,5.75,0.266667,1008.6,98.5,96.6667
1772182800,2026-02-27 09:00:00,2026-02-27 10:00:00,fyn,7.1,47.5,6.35,0.166667,1008.82,98.25,96.6667
1772186400,2026-02-27 10:00:00,2026-02-27 11:00:00,fyn,7.3,79.5,6.85,0.2,1009.05,98.0,96.6667
1772190000,2026-02-27 11:00:00,2026-02-27 12:00:00,fyn,7.375,86.5,6.65,0.0333333,1009.27,97.75,93.3333
1772193600,2026-02-27 12:00:00,2026-02-27 13:00:00,fyn,7.375,87.5,6.225,0.0,1009.43,97.25,96.6667
1772197200,2026-02-27 13:00:00,2026-02-27 14:00:00,fyn,7.475,113.0,5.6,0.0333333,1009.47,96.75,90.0
1772200800,2026-02-27 14:00:00,2026-02-27 15:00:00,fyn,7.475,81.0,5.0,0.0,1009.57,95.75,91.6667
1772204400,2026-02-27 15:00:00,2026-02-27 16:00:00,fyn,7.425,43.5,4.3,0.0333333,1009.62,96.75,96.6667
1772208000,2026-02-27 16:00:00,2026-02-27 17:00:00,fyn,7.55,12.5,3.475,0.0333333,1009.86,98.0,95.0
1772211600,2026-02-27 17:00:00,2026-02-27 18:00:00,fyn,7.95,0.0,3.075,0.166667,1010.26,98.5,95.0
1772215200,2026-02-27 18:00:00,2026-02-27 19:00:00,fyn,7.7,0.0,3.025,0.366667,1010.26,99.0,95.0
1772218800,2026-02-27 19:00:00,2026-02-27 20:00:00,fyn,7.75,0.0,2.55,0.3,1010.12,99.5,96.6667
1772222400,2026-02-27 20:00:00,2026-02-27 21:00:00,fyn,7.65,0.0,2.8,0.166667,1010.08,99.5,98.3333
1772226000,2026-02-27 21:00:00,2026-02-27 22:00:00,fyn,7.65,0.0,2.675,0.1,1010.13,99.5,96.6667
1772229600,2026-02-27 22:00:00,2026-02-27 23:00:00,fyn,7.525,0.0,2.6,0.2,1010.05,99.75,96.6667
1772233200,2026-02-27 23:00:00,2026-02-28 00:00:00,fyn,7.25,0.0,2.6,0.0666667,1010.05,99.75,95.0
1772236800,2026-02-28 00:00:00,2026-02-28 01:00:00,fyn,6.9,0.0,2.2,0.0666667,1010.05,100.0,96.6667
1772240400,2026-02-28 01:00:00,2026-02-28 02:00:00,fyn,7.025,0.0,2.15,0.0,1009.9,100.25,93.3333
1772244000,2026-02-28 02:00:00,2026-02-28 03:00:00,fyn,6.975,0.0,2.375,0.0,1009.73,100.25,95.0
1772247600,2026-02-28 03:00:00,2026-02-28 04:00:00,fyn,7.15,0.0,2.55,0.0,1009.71,100.25,30.0
1772251200,2026-02-28 04:00:00,2026-02-28 05:00:00,fyn,7.225,0.0,2.55,0.0666667,1009.63,100.5,95.0
1772254800,2026-02-28 05:00:00,2026-02-28 06:00:00,fyn,7.325,0.0,2.625,0.166667,1009.57,100.5,96.6667
1772258400,2026-02-28 06:00:00,2026-02-28 07:00:00,fyn,7.1,0.0,2.85,0.0666667,1009.61,100.5,96.6667
1772262000,2026-02-28 07:00:00,2026-02-28 08:00:00,fyn,7.16667,5.0,3.1,0.05,1009.65,100.667,91.6667
1772265600,2026-02-28 08:00:00,2026-02-28 09:00:00,fyn,7.625,26.5,3.325,0.0333333,1009.68,100.5,95.0
1772269200,2026-02-28 09:00:00,2026-02-28 10:00:00,fyn,7.975,39.5,3.575,0.333333,1009.5,100.5,90.0
1772272800,2026-02-28 10:00:00,2026-02-28 11:00:00,fyn,8.65,50.0,3.675,0.9,1009.5,100.5,90.0
1772380800,2026-03-01 16:00:00,2026-03-01 17:00:00,fyn,6.45,62.0,4.35,0.0,1016.79,76.75,95.0
1772384400,2026-03-01 17:00:00,2026-03-01 18:00:00,fyn,6.075,13.0,3.5,0.0,1016.85,81.5,90.0
1772388000,2026-03-01 18:00:00,2026-03-01 19:00:00,fyn,5.925,0.0,3.45,0.0,1016.8,83.25,90.0
1772391600,2026-03-01 19:00:00,2026-03-01 20:00:00,fyn,6.1,0.0,4.025,0.0333333,1016.53,83.75,91.6667
1772395200,2026-03-01 20:00:00,2026-03-01 21:00:00,fyn,5.925,0.0,3.875,0.0,1016.45,84.0,91.6667
1772398800,2026-03-01 21:00:00,2026-03-01 22:00:00,fyn,5.675,0.0,3.875,0.0,1016.33,85.5,96.6667
1772402400,2026-03-01 22:00:00,2026-03-01 23:00:00,fyn,5.825,0.0,3.675,0.0,1016.33,84.75,93.3333
1772406000,2026-03-01 23:00:00,2026-03-02 00:00:00,fyn,5.95,0.0,3.4,0.0,1016.3,84.25,91.6667
1772409600,2026-03-02 00:00:00,2026-03-02 01:00:00,fyn,5.85,0.0,3.325,0.0333333,1016.38,86.25,85.0
1772413200,2026-03-02 01:00:00,2026-03-02 02:00:00,fyn,5.475,0.0,3.475,0.0,1016.45,89.25,91.6667
1772416800,2026-03-02 02:00:00,2026-03-02 03:00:00,fyn,5.55,0.0,3.9,0.0,1016.33,91.75,96.6667
1772420400,2026-03-02 03:00:00,2026-03-02 04:00:00,fyn,5.725,0.0,4.25,0.0,1016.31,94.5,95.0
1772424000,2026-03-02 04:00:00,2026-03-02 05:00:00,fyn,6.0,0.0,4.025,0.0666667,1016.46,97.75,96.6667
1772427600,2026-03-02 05:00:00,2026-03-02 06:00:00,fyn,6.15,0.0,3.95,0.1,1016.6,97.75,93.3333
1772431200,2026-03-02 06:00:00,2026-03-02 07:00:00,fyn,6.375,0.0,3.475,0.166667,1017.05,98.0,90.0
1772434800,2026-03-02 07:00:00,2026-03-02 08:00:00,fyn,6.4,0.5,3.3,0.1,1017.52,98.5,95.0
1772438400,2026-03-02 08:00:00,2026-03-02 09:00:00,fyn,6.7,37.5,3.425,0.0333333,1017.86,97.25,90.0
1772442000,2026-03-02 09:00:00,2026-03-02 10:00:00,fyn,7.425,88.5,3.55,0.0,1018.21,94.5,93.3333
1772445600,2026-03-02 10:00:00,2026-03-02 11:00:00,fyn,8.65,284.0,4.2,0.0,1018.53,88.5,18.3333
1772449200,2026-03-02 11:00:00,2026-03-02 12:00:00,fyn,9.9,379.5,4.8,0.0,1018.68,81.25,1.66667
1772452800,2026-03-02 12:00:00,2026-03-02 13:00:00,fyn,10.475,449.0,4.9,0.0,1018.59,76.0,68.3333
1772456400,2026-03-02 13:00:00,2026-03-02 14:00:00,fyn,10.975,368.0,5.425,0.0,1018.53,72.0,15.0
1772460000,2026-03-02 14:00:00,2026-03-02 15:00:00,fyn,11.1,335.0,5.625,0.0,1018.45,69.5,11.6667
1772463600,2026-03-02 15:00:00,2026-03-02 16:00:00,fyn,11.1,244.5,5.425,,1018.42,69.0,10.0
1772467200,2026-03-02 16:00:00,2026-03-02 17:00:00,fyn,10.275,94.0,4.425,0.0,1018.59,71.0,50.0
1772470800,2026-03-02 17:00:00,2026-03-02 18:00:00,fyn,9.2,19.5,3.175,0.0,1018.95,75.25,90.0
1772474400,2026-03-02 18:00:00,2026-03-02 19:00:00,fyn,8.3,0.0,2.825,0.0,1019.2,78.75,80.0
1772478000,2026-03-02 19:00:00,2026-03-02 20:00:00,fyn,7.75,0.0,3.125,0.0,1019.3,80.0,60.0
1772481600,2026-03-02 20:00:00,2026-03-02 21:00:00,fyn,6.975,0.0,3.275,0.0,1019.37,82.25,68.3333
1772485200,2026-03-02 21:00:00,2026-03-02 22:00:00,fyn,6.8,0.0,3.45,0.0,1019.3,82.0,46.6667
1772488800,2026-03-02 22:00:00,2026-03-02 23:00:00,fyn,6.575,0.0,3.725,0.0,1019.28,82.25,30.0
1772492400,2026-03-02 23:00:00,2026-03-03 00:00:00,fyn,6.425,0.0,4.05,,1019.25,81.75,35.0
1772496000,2026-03-03 00:00:00,2026-03-03 01:00:00,fyn,6.325,0.0,4.275,0.0,1019.25,80.5,6.66667
1772499600,2026-03-03 01:00:00,2026-03-03 02:00:00,fyn,5.85,0.0,3.85,0.0,1019.1,81.75,8.33333
1772503200,2026-03-03 02:00:00,2026-03-03 03:00:00,fyn,5.325,0.0,3.775,0.0,1018.9,82.75,15.0
1772506800,2026-03-03 03:00:00,2026-03-03 04:00:00,fyn,4.85,0.0,3.775,0.0,1018.81,84.0,8.33333
1772510400,2026-03-03 04:00:00,2026-03-03 05:00:00,fyn,4.625,0.0,3.8,0.0,1018.73,84.5,0.0
1772514000,2026-03-03 05:00:00,2026-03-03 06:00:00,fyn,4.45,0.0,3.175,0.0,1018.75,84.75,6.66667
1772517600,2026-03-03 06:00:00,2026-03-03 07:00:00,fyn,4.275,0.0,3.45,0.0,1019.08,85.0,58.3333
1772521200,2026-03-03 07:00:00,2026-03-03 08:00:00,fyn,4.5,12.5,3.2,0.0,1019.38,84.75,50.0
1772524800,2026-03-03 08:00:00,2026-03-03 09:00:00,fyn,5.825,103.5,3.3,0.0,1019.84,82.75,0.0
1772528400,2026-03-03 09:00:00,2026-03-03 10:00:00,fyn,7.35,246.5,4.025,0.0,1020.33,79.25,1.66667
1772532000,2026-03-03 10:00:00,2026-03-03 11:00:00,fyn,8.175,350.0,4.325,0.0,1020.96,78.0,0.0
1772535600,2026-03-03 11:00:00,2026-03-03 12:00:00,fyn,9.0,418.0,4.65,0.0,1021.45,75.75,1.66667
1772539200,2026-03-03 12:00:00,2026-03-03 13:00:00,fyn,10.45,437.0,5.075,0.0,1021.86,70.5,10.0
1772542800,2026-03-03 13:00:00,2026-03-03 14:00:00,fyn,10.0,418.0,4.75,0.0,1022.32,69.25,20.0
1772546400,2026-03-03 14:00:00,2026-03-03 15:00:00,fyn,10.4,349.5,5.45,0.0,1022.67,62.0,6.66667
1772550000,2026-03-03 15:00:00,2026-03-03 16:00:00,fyn,9.9,282.0,5.0,0.0,1023.15,58.5,5.0
1772553600,2026-03-03 16:00:00,2026-03-03 17:00:00,fyn,8.75,137.0,4.95,0.0,1023.77,57.5,0.0
1772557200,2026-03-03 17:00:00,2026-03-03 18:00:00,fyn,7.0,31.0,4.0,0.0,1024.46,64.0,33.3333
1772560800,2026-03-03 18:00:00,2026-03-03 19:00:00,fyn,5.425,0.0,3.575,0.0,1024.95,70.5,33.3333
1772564400,2026-03-03 19:00:00,2026-03-03 20:00:00,fyn,4.3,0.0,3.2,0.0,1025.28,78.0,23.3333
1772568000,2026-03-03 20:00:00,2026-03-03 21:00:00,fyn,3.475,0.0,3.225,0.0,1025.59,84.0,6.66667
1772571600,2026-03-03 21:00:00,2026-03-03 22:00:00,fyn,3.05,0.0,3.075,0.0,1025.76,87.5,0.0
1772575200,2026-03-03 22:00:00,2026-03-03 23:00:00,fyn,2.25,0.0,2.925,0.0,1025.9,91.25,0.0
1772578800,2026-03-03 23:00:00,2026-03-04 00:00:00,fyn,1.7,0.0,3.025,0.0,1026.03,94.5,5.0
1772582400,2026-03-04 00:00:00,2026-03-04 01:00:00,fyn,1.3,0.0,2.65,0.0,1026.04,95.75,10.0
1772586000,2026-03-04 01:00:00,2026-03-04 02:00:00,fyn,1.0,0.0,2.725,0.0,1026.06,97.0,10.0
1772589600,2026-03-04 02:00:00,2026-03-04 03:00:00,fyn,0.7,0.0,2.45,0.0,1026.1,97.5,6.66667
1772593200,2026-03-04 03:00:00,2026-03-04 04:00:00,fyn,0.625,0.0,1.925,0.0,1026.0,98.25,10.0
1772596800,2026-03-04 04:00:00,2026-03-04 05:00:00,fyn,0.45,0.0,2.175,0.0,1026.0,99.0,5.0
1772600400,2026-03-04 05:00:00,2026-03-04 06:00:00,fyn,0.5,0.0,2.875,0.0,1026.1,99.0,10.0
1772604000,2026-03-04 06:00:00,2026-03-04 07:00:00,fyn,0.575,0.0,2.8,0.0,1026.38,99.5,10.0
1772607600,2026-03-04 07:00:00,2026-03-04 08:00:00,fyn,0.4,9.5,2.425,0.0,1026.63,100.25,0.0
1772611200,2026-03-04 08:00:00,2026-03-04 09:00:00,fyn,0.6,63.0,2.9,0.0,1026.84,100.25,30.0
1772614800,2026-03-04 09:00:00,2026-03-04 10:00:00,fyn,1.325,140.5,3.15,0.0,1026.89,100.25,43.3333
1772618400,2026-03-04 10:00:00,2026-03-04 11:00:00,fyn,2.825,276.5,2.675,0.0,1026.86,98.75,6.66667
1772622000,2026-03-04 11:00:00,2026-03-04 12:00:00,fyn,4.575,356.0,2.825,0.0,1026.67,92.0,0.0
1772625600,2026-03-04 12:00:00,2026-03-04 13:00:00,fyn,5.75,415.0,3.1,0.0,1026.28,85.5,1.66667
1772629200,2026-03-04 13:00:00,2026-03-04 14:00:00,fyn,7.075,447.5,3.275,0.0,1025.94,79.25,6.66667
1772632800,2026-03-04 14:00:00,2026-03-04 15:00:00,fyn,8.0,388.5,3.025,0.0,1025.64,71.75,10.0
1772636400,2026-03-04 15:00:00,2026-03-04 16:00:00,fyn,8.4,283.0,2.75,0.0,1025.38,68.25,10.0
1772640000,2026-03-04 16:00:00,2026-03-04 17:00:00,fyn,8.275,159.0,2.65,0.0,1025.26,68.5,10.0
1772643600,2026-03-04 17:00:00,2026-03-04 18:00:00,fyn,7.2,39.5,2.35,0.0,1025.21,71.75,1.66667
1772647200,2026-03-04 18:00:00,2026-03-04 19:00:00,fyn,5.35,0.0,2.25,0.0,1025.2,79.75,5.0
1772650800,2026-03-04 19:00:00,2026-03-04 20:00:00,fyn,3.9,0.0,1.85,0.0,1025.27,86.0,0.0
1772654400,2026-03-04 20:00:00,2026-03-04 21:00:00,fyn,2.825,0.0,1.775,0.0,1025.38,90.5,0.0
1772658000,2026-03-04 21:00:00,2026-03-04 22:00:00,fyn,1.775,0.0,1.45,0.0,1025.38,92.0,1.66667
1772661600,2026-03-04 22:00:00,2026-03-04 23:00:00,fyn,0.7,0.0,0.85,0.0,1025.28,94.5,0.0
1772665200,2026-03-04 23:00:00,2026-03-05 00:00:00,fyn,-0.1,0.0,0.775,0.0,1025.03,96.75,0.0
1772668800,2026-03-05 00:00:00,2026-03-05 01:00:00,fyn,-0.625,0.0,1.125,0.0,1024.73,97.75,0.0
1772672400,2026-03-05 01:00:00,2026-03-05 02:00:00,fyn,-0.525,0.0,1.225,0.0,1024.49,97.0,0.0
1772676000,2026-03-05 02:00:00,2026-03-05 03:00:00,fyn,-0.1,0.0,1.4,0.0,1024.15,94.0,5.0
1772679600,2026-03-05 03:00:00,2026-03-05 04:00:00,fyn,-0.325,0.0,1.725,0.0,1023.76,93.25,1.66667
1772683200,2026-03-05 04:00:00,2026-03-05 05:00:00,fyn,-0.625,0.0,1.9,0.0,1023.52,94.0,0.0
1772686800,2026-03-05 05:00:00,2026-03-05 06:00:00,fyn,-0.875,0.0,1.75,0.0,1023.35,94.75,0.0
1772690400,2026-03-05 06:00:00,2026-03-05 07:00:00,fyn,-0.975,0.0,1.95,0.0,1023.22,94.5,0.0
1772694000,2026-03-05 07:00:00,2026-03-05 08:00:00,fyn,-0.475,27.5,2.375,0.0,1023.17,93.0,0.0
1772697600,2026-03-05 08:00:00,2026-03-05 09:00:00,fyn,1.5,144.0,2.4,0.0,1023.09,89.25,0.0
1772701200,2026-03-05 09:00:00,2026-03-05 10:00:00,fyn,4.0,279.0,2.875,0.0,1022.97,81.25,0.0
1772704800,2026-03-05 10:00:00,2026-03-05 11:00:00,fyn,6.525,381.5,4.175,0.0,1022.75,67.25,0.0
1772708400,2026-03-05 11:00:00,2026-03-05 12:00:00,fyn,8.1,448.0,4.425,0.0,1022.37,59.75,3.33333
1772712000,2026-03-05 12:00:00,2026-03-05 13:00:00,fyn,9.0,469.0,4.125,0.0,1021.86,58.5,15.0
1772715600,2026-03-05 13:00:00,2026-03-05 14:00:00,fyn,9.25,445.5,3.975,0.0,1021.38,61.0,30.0
1772719200,2026-03-05 14:00:00,2026-03-05 15:00:00,fyn,9.6,380.0,4.125,0.0,1020.85,62.0,10.0
1772722800,2026-03-05 15:00:00,2026-03-05 16:00:00,fyn,9.3,278.5,4.125,0.0,1020.62,64.5,10.0
1772726400,2026-03-05 16:00:00,2026-03-05 17:00:00,fyn,8.125,151.5,3.825,0.0,1020.27,70.25,8.33333
1772730000,2026-03-05 17:00:00,2026-03-05 18:00:00,fyn,6.825,35.5,3.4,0.0,1020.19,76.0,8.33333
1772733600,2026-03-05 18:00:00,2026-03-05 19:00:00,fyn,5.875,0.0,3.025,0.0,1020.2,78.5,5.0
1772737200,2026-03-05 19:00:00,2026-03-05 20:00:00,fyn,5.025,0.0,3.125,0.0,1020.04,80.5,3.33333
1772740800,2026-03-05 20:00:00,2026-03-05 21:00:00,fyn,4.35,0.0,3.175,0.0,1020.08,82.25,8.33333
1772744400,2026-03-05 21:00:00,2026-03-05 22:00:00,fyn,3.825,0.0,2.95,0.0,1020.24,83.0,1.66667
1772748000,2026-03-05 22:00:00,2026-03-05 23:00:00,fyn,3.55,0.0,2.75,0.0,1020.31,83.5,0.0
1772751600,2026-03-05 23:00:00,2026-03-06 00:00:00,fyn,3.05,0.0,2.575,0.0,1020.35,85.0,0.0
1772755200,2026-03-06 00:00:00,2026-03-06 01:00:00,fyn,2.4,0.0,2.475,0.0,1020.36,87.25,0.0
1772758800,2026-03-06 01:00:00,2026-03-06 02:00:00,fyn,1.95,0.0,2.15,0.0,1020.22,86.25,0.0
1772762400,2026-03-06 02:00:00,2026-03-06 03:00:00,fyn,1.75,0.0,2.275,0.0,1019.86,85.75,0.0
1772766000,2026-03-06 03:00:00,2026-03-06 04:00:00,fyn,1.65,0.0,2.35,0.0,1019.7,85.5,0.0
1772769600,2026-03-06 04:00:00,2026-03-06 05:00:00,fyn,1.475,0.0,2.1,0.0,1019.54,85.5,0.0
1772773200,2026-03-06 05:00:00,2026-03-06 06:00:00,fyn,1.35,0.0,2.45,0.0,1019.55,84.75,0.0
1772776800,2026-03-06 06:00:00,2026-03-06 07:00:00,fyn,1.125,0.0,2.35,0.0,1019.68,84.25,0.0
1772780400,2026-03-06 07:00:00,2026-03-06 08:00:00,fyn,1.275,28.0,2.325,0.0,1019.92,85.0,0.0
1772784000,2026-03-06 08:00:00,2026-03-06 09:00:00,fyn,3.0,145.5,2.55,0.0,1020.25,81.25,0.0
1772787600,2026-03-06 09:00:00,2026-03-06 10:00:00,fyn,5.3,274.5,2.825,0.0,1020.37,73.75,0.0
1772791200,2026-03-06 10:00:00,2026-03-06 11:00:00,fyn,7.5,377.0,2.85,0.0,1020.5,64.5,0.0
1772794800,2026-03-06 11:00:00,2026-03-06 12:00:00,fyn,9.175,447.0,2.775,0.0,1020.46,59.75,0.0
1772798400,2026-03-06 12:00:00,2026-03-06 13:00:00,fyn,9.925,426.0,3.05,0.0,1020.37,59.25,1.66667
1772802000,2026-03-06 13:00:00,2026-03-06 14:00:00,fyn,10.425,395.0,2.9,0.0,1020.15,59.5,8.33333
1772805600,2026-03-06 14:00:00,2026-03-06 15:00:00,fyn,10.85,383.5,3.175,0.0,1019.89,57.5,3.33333
1772809200,2026-03-06 15:00:00,2026-03-06 16:00:00,fyn,10.675,242.0,3.075,0.0,1019.83,60.25,5.0
1772812800,2026-03-06 16:00:00,2026-03-06 17:00:00,fyn,9.9,126.5,2.725,0.0,1020.04,64.5,6.66667
1772816400,2026-03-06 17:00:00,2026-03-06 18:00:00,fyn,8.725,45.0,2.25,0.0,1020.41,68.75,35.0
1772820000,2026-03-06 18:00:00,2026-03-06 19:00:00,fyn,7.56667,,2.43333,0.0,1020.71,74.6667,10.0
1772823600,2026-03-06 19:00:00,2026-03-06 20:00:00,fyn,5.725,0.0,1.95,0.0,1021.0,80.25,0.0
1772827200,2026-03-06 20:00:00,2026-03-06 21:00:00,fyn,4.85,0.0,1.525,0.0,1021.22,81.75,1.66667
1772830800,2026-03-06 21:00:00,2026-03-06 22:00:00,fyn,3.9,0.0,1.45,0.0,1021.29,84.75,3.33333
1772834400,2026-03-06 22:00:00,2026-03-06 23:00:00,fyn,3.5,0.0,1.275,0.0,1021.5,86.0,0.0
1772838000,2026-03-06 23:00:00,2026-03-07 00:00:00,fyn,2.725,0.0,1.125,0.0,1021.49,88.0,5.0
1772841600,2026-03-07 00:00:00,2026-03-07 01:00:00,fyn,2.425,0.0,0.775,0.0,1021.47,89.25,45.0
1772845200,2026-03-07 01:00:00,2026-03-07 02:00:00,fyn,1.975,0.0,0.675,0.0,1021.39,91.25,70.0
1772848800,2026-03-07 02:00:00,2026-03-07 03:00:00,fyn,1.5,,0.55,0.0,1021.05,93.5,80.0
1772852400,2026-03-07 03:00:00,2026-03-07 04:00:00,fyn,1.425,0.0,0.85,0.0,1021.11,93.5,65.0
1772856000,2026-03-07 04:00:00,2026-03-07 05:00:00,fyn,1.4,0.0,0.975,0.0,1021.21,93.5,53.3333
1772859600,2026-03-07 05:00:00,2026-03-07 06:00:00,fyn,1.725,0.0,0.725,0.0,1021.28,92.5,25.0
1772863200,2026-03-07 06:00:00,2026-03-07 07:00:00,fyn,1.825,0.0,0.65,0.0,1021.47,93.0,50.0
1772866800,2026-03-07 07:00:00,2026-03-07 08:00:00,fyn,2.275,16.0,0.75,0.0,1021.8,93.5,90.0
1772870400,2026-03-07 08:00:00,2026-03-07 09:00:00,fyn,3.35,55.5,1.1,0.0,1022.18,92.5,90.0
1772874000,2026-03-07 09:00:00,2026-03-07 10:00:00,fyn,5.025,100.5,1.05,0.0,1022.54,87.75,75.0
1772877600,2026-03-07 10:00:00,2026-03-07 11:00:00,fyn,5.9,104.5,1.0,0.0,1022.9,86.75,75.0
1772881200,2026-03-07 11:00:00,2026-03-07 12:00:00,fyn,6.925,131.5,0.8,0.0,1023.04,83.75,85.0
1772884800,2026-03-07 12:00:00,2026-03-07 13:00:00,fyn,7.75,151.0,0.85,0.0,1022.97,82.0,75.0
1772888400,2026-03-07 13:00:00,2026-03-07 14:00:00,fyn,8.35,168.0,1.0,0.0,1022.79,79.75,90.0
1772892000,2026-03-07 14:00:00,2026-03-07 15:00:00,fyn,8.575,150.5,1.225,0.0,1022.7,79.75,60.0
1772895600,2026-03-07 15:00:00,2026-03-07 16:00:00,fyn,8.325,88.0,1.15,0.0333333,1022.78,79.75,65.0
1772899200,2026-03-07 16:00:00,2026-03-07 17:00:00,fyn,8.275,47.0,0.625,0.0,1022.9,79.75,90.0
1772902800,2026-03-07 17:00:00,2026-03-07 18:00:00,fyn,7.975,10.0,0.725,0.0,1023.03,83.0,91.6667
1772906400,2026-03-07 18:00:00,2026-03-07 19:00:00,fyn,7.275,0.0,1.3,0.0,1023.37,85.75,70.0
1772910000,2026-03-07 19:00:00,2026-03-07 20:00:00,fyn,6.3,0.0,0.925,0.0,1023.7,89.75,90.0
1772913600,2026-03-07 20:00:00,2026-03-07 21:00:00,fyn,6.0,0.0,0.675,0.0,1023.88,92.75,88.3333
1772917200,2026-03-07 21:00:00,2026-03-07 22:00:00,fyn,5.425,0.0,1.175,0.0,1024.13,94.0,71.6667
1772920800,2026-03-07 22:00:00,2026-03-07 23:00:00,fyn,5.025,0.0,0.825,0.0,1024.31,94.0,41.6667
1772924400,2026-03-07 23:00:00,2026-03-08 00:00:00,fyn,4.7,0.0,0.55,0.0,1024.25,95.25,90.0
1772928000,2026-03-08 00:00:00,2026-03-08 01:00:00,fyn,4.75,0.0,0.8,0.0,1024.16,95.0,90.0
1772931600,2026-03-08 01:00:00,2026-03-08 02:00:00,fyn,5.05,0.0,0.85,0.0,1024.14,95.25,96.6667
1772935200,2026-03-08 02:00:00,2026-03-08 03:00:00,fyn,4.7,0.0,1.375,0.0333333,1024.15,95.25,95.0
1772938800,2026-03-08 03:00:00,2026-03-08 04:00:00,fyn,4.775,0.0,1.525,0.0,1024.13,95.75,96.6667
1772942400,2026-03-08 04:00:00,2026-03-08 05:00:00,fyn,4.95,0.0,1.425,0.533333,1024.05,96.5,96.6667
1772946000,2026-03-08 05:00:00,2026-03-08 06:00:00,fyn,5.225,0.0,0.8,1.7,1024.02,97.0,98.3333
1772949600,2026-03-08 06:00:00,2026-03-08 07:00:00,fyn,5.5,0.0,1.05,1.13333,1024.22,96.0,95.0
1772953200,2026-03-08 07:00:00,2026-03-08 08:00:00,fyn,5.05,9.5,0.875,0.0666667,1024.4,97.5,75.0
1772956800,2026-03-08 08:00:00,2026-03-08 09:00:00,fyn,5.3,43.5,1.325,0.0,1024.7,97.0,43.3333
1772960400,2026-03-08 09:00:00,2026-03-08 10:00:00,fyn,5.825,109.0,0.475,0.0,1024.85,96.5,56.6667
1772964000,2026-03-08 10:00:00,2026-03-08 11:00:00,fyn,6.8,104.0,0.9,0.0,1024.86,94.5,68.3333
1772967600,2026-03-08 11:00:00,2026-03-08 12:00:00,fyn,7.725,196.0,0.95,0.0,1025.11,92.75,58.3333
1772971200,2026-03-08 12:00:00,2026-03-08 13:00:00,fyn,8.175,230.0,1.075,0.0,1024.93,89.5,85.0
1772974800,2026-03-08 13:00:00,2026-03-08 14:00:00,fyn,9.325,251.5,1.925,0.0,1024.52,84.75,66.6667
1772978400,2026-03-08 14:00:00,2026-03-08 15:00:00,fyn,9.9,216.5,0.975,0.0,1024.09,81.25,1.66667
1772982000,2026-03-08 15:00:00,2026-03-08 16:00:00,fyn,10.325,211.5,1.075,0.0,1023.73,79.25,6.66667
1772985600,2026-03-08 16:00:00,2026-03-08 17:00:00,fyn,9.9,105.5,2.35,0.0,1023.52,81.0,21.6667
1772989200,2026-03-08 17:00:00,2026-03-08 18:00:00,fyn,8.2,30.5,1.9,0.0,1023.53,86.75,90.0
1772992800,2026-03-08 18:00:00,2026-03-08 19:00:00,fyn,6.925,0.5,1.45,0.0,1023.41,91.25,50.0
1772996400,2026-03-08 19:00:00,2026-03-08 20:00:00,fyn,6.175,0.0,1.4,0.0,1023.27,94.0,26.6667
1773000000,2026-03-08 20:00:00,2026-03-08 21:00:00,fyn,5.45,0.0,1.275,0.0,1023.2,94.5,75.0
1773003600,2026-03-08 21:00:00,2026-03-08 22:00:00,fyn,5.025,0.0,1.475,0.0,1022.86,95.75,80.0
1773007200,2026-03-08 22:00:00,2026-03-08 23:00:00,fyn,5.175,0.0,1.4,0.0,1022.47,94.25,85.0
1773010800,2026-03-08 23:00:00,2026-03-09 00:00:00,fyn,4.825,0.0,1.475,0.0,1022.12,93.5,90.0
1773014400,2026-03-09 00:00:00,2026-03-09 01:00:00,fyn,4.775,0.0,1.975,0.0,1021.75,93.75,90.0
1773018000,2026-03-09 01:00:00,2026-03-09 02:00:00,fyn,5.2,0.0,2.125,0.0,1021.39,90.75,63.3333
1773021600,2026-03-09 02:00:00,2026-03-09 03:00:00,fyn,5.05,0.0,2.125,0.0,1020.83,88.0,68.3333
1773025200,2026-03-09 03:00:00,2026-03-09 04:00:00,fyn,4.35,0.0,1.875,0.0,1020.37,90.5,31.6667
1773028800,2026-03-09 04:00:00,2026-03-09 05:00:00,fyn,3.45,0.0,1.725,0.0,1020.05,91.75,61.6667
1773032400,2026-03-09 05:00:00,2026-03-09 06:00:00,fyn,3.15,0.0,2.275,0.0,1019.85,90.5,3.33333
1773036000,2026-03-09 06:00:00,2026-03-09 07:00:00,fyn,2.8,0.0,1.9,0.0,1019.69,90.0,0.0
1773039600,2026-03-09 07:00:00,2026-03-09 08:00:00,fyn,2.775,31.5,1.9,0.0,1019.67,89.25,0.0
1773043200,2026-03-09 08:00:00,2026-03-09 09:00:00,fyn,3.7,124.0,2.3,0.0,1019.49,86.25,0.0
1773046800,2026-03-09 09:00:00,2026-03-09 10:00:00,fyn,5.875,251.5,2.425,0.0,1019.12,81.5,0.0
1773050400,2026-03-09 10:00:00,2026-03-09 11:00:00,fyn,7.9,367.0,2.6,0.0,1018.69,72.75,0.0
1773054000,2026-03-09 11:00:00,2026-03-09 12:00:00,fyn,9.025,437.5,2.55,0.0,1018.15,70.0,0.0
1773057600,2026-03-09 12:00:00,2026-03-09 13:00:00,fyn,9.725,462.5,2.725,0.0,1017.4,67.75,0.0
1773061200,2026-03-09 13:00:00,2026-03-09 14:00:00,fyn,10.375,444.5,3.325,0.0,1016.78,65.0,0.0
1773064800,2026-03-09 14:00:00,2026-03-09 15:00:00,fyn,10.325,378.0,3.225,,1016.31,65.25,0.0
1773068400,2026-03-09 15:00:00,2026-03-09 16:00:00,fyn,10.275,280.5,3.05,0.0,1015.73,64.0,5.0
1773072000,2026-03-09 16:00:00,2026-03-09 17:00:00,fyn,9.65,157.5,2.925,0.0,1015.46,67.5,8.33333
1773075600,2026-03-09 17:00:00,2026-03-09 18:00:00,fyn,8.2,43.5,2.575,0.0,1015.47,73.75,1.66667
1773079200,2026-03-09 18:00:00,2026-03-09 19:00:00,fyn,6.425,0.5,1.75,0.0,1015.53,80.25,0.0
1773082800,2026-03-09 19:00:00,2026-03-09 20:00:00,fyn,5.375,0.0,1.325,0.0,1015.2,83.75,0.0
1773086400,2026-03-09 20:00:00,2026-03-09 21:00:00,fyn,3.95,0.0,1.075,0.0,1015.12,90.0,0.0
1773090000,2026-03-09 21:00:00,2026-03-09 22:00:00,fyn,3.475,0.0,0.8,0.0,1014.9,92.25,0.0
1773093600,2026-03-09 22:00:00,2026-03-09 23:00:00,fyn,2.625,0.0,0.7,0.0,1014.32,94.5,6.66667
1773097200,2026-03-09 23:00:00,2026-03-10 00:00:00,fyn,2.05,0.0,1.125,0.0,1013.95,96.5,3.33333
1773100800,2026-03-10 00:00:00,2026-03-10 01:00:00,fyn,1.45,0.0,1.4,0.0,1013.73,97.5,1.66667
1773104400,2026-03-10 01:00:00,2026-03-10 02:00:00,fyn,1.05,0.0,1.3,0.0,1013.48,98.0,8.33333
1773108000,2026-03-10 02:00:00,2026-03-10 03:00:00,fyn,0.75,0.0,0.95,0.0,1013.2,98.75,1.66667
1773111600,2026-03-10 03:00:00,2026-03-10 04:00:00,fyn,0.55,0.0,1.6,0.0,1013.0,98.5,0.0
1773115200,2026-03-10 04:00:00,2026-03-10 05:00:00,fyn,0.775,0.0,1.975,0.0,1012.78,98.75,0.0
1773118800,2026-03-10 05:00:00,2026-03-10 06:00:00,fyn,1.125,0.0,2.25,0.0,1012.71,99.25,1.66667
1773122400,2026-03-10 06:00:00,2026-03-10 07:00:00,fyn,1.7,0.0,2.675,0.0,1012.72,99.75,6.66667
1773126000,2026-03-10 07:00:00,2026-03-10 08:00:00,fyn,2.075,9.5,3.1,0.0,1012.81,100.25,0.0
1773129600,2026-03-10 08:00:00,2026-03-10 09:00:00,fyn,2.375,41.5,3.475,0.0,1012.85,100.25,15.0
1773133200,2026-03-10 09:00:00,2026-03-10 10:00:00,fyn,2.9,84.0,3.35,0.0,1012.96,100.25,90.0
1773136800,2026-03-10 10:00:00,2026-03-10 11:00:00,fyn,3.55,112.5,3.3,0.0,1012.84,100.0,95.0
1773140400,2026-03-10 11:00:00,2026-03-10 12:00:00,fyn,4.1,152.0,2.85,0.0,1012.4,99.5,96.6667
1773144000,2026-03-10 12:00:00,2026-03-10 13:00:00,fyn,4.55,179.5,2.425,0.0,1011.98,99.0,93.3333
1773147600,2026-03-10 13:00:00,2026-03-10 14:00:00,fyn,5.35,187.0,2.8,0.0,1011.71,96.5,18.3333
1773151200,2026-03-10 14:00:00,2026-03-10 15:00:00,fyn,5.96667,172.0,2.86667,0.0,1011.69,95.0,1.66667
1773154800,2026-03-10 15:00:00,2026-03-10 16:00:00,fyn,6.66667,98.0,2.36667,0.0,1011.31,94.6667,5.0
1773158400,2026-03-10 16:00:00,2026-03-10 17:00:00,fyn,6.6,48.0,3.1,0.05,1010.96,96.0,40.0
1773162000,2026-03-10 17:00:00,2026-03-10 18:00:00,fyn,6.53333,13.0,2.86667,0.0,1010.83,97.6667,90.0
1773165600,2026-03-10 18:00:00,2026-03-10 19:00:00,fyn,6.26667,0.0,2.83333,0.0,1010.69,99.3333,66.6667
1773169200,2026-03-10 19:00:00,2026-03-10 20:00:00,fyn,6.0,0.0,3.06667,0.05,1010.49,99.3333,0.0
1773172800,2026-03-10 20:00:00,2026-03-10 21:00:00,fyn,5.53333,0.0,3.3,0.0,1010.27,99.0,0.0
1773176400,2026-03-10 21:00:00,2026-03-10 22:00:00,fyn,5.2,0.0,3.33333,0.0,1009.85,99.6667,30.0
1773180000,2026-03-10 22:00:00,2026-03-10 23:00:00,fyn,5.3,0.0,3.13333,0.0,1009.55,100.0,90.0
1773183600,2026-03-10 23:00:00,2026-03-11 00:00:00,fyn,5.56667,0.0,4.23333,0.05,1009.27,99.5,90.0
1773187200,2026-03-11 00:00:00,2026-03-11 01:00:00,fyn,5.8,0.0,3.6,0.0,1008.95,99.6667,90.0
1773190800,2026-03-11 01:00:00,2026-03-11 02:00:00,fyn,5.86667,0.0,3.63333,0.0,1008.59,100.0,95.0
1773194400,2026-03-11 02:00:00,2026-03-11 03:00:00,fyn,6.13333,0.0,4.63333,0.0,1008.13,100.0,96.6667
1773198000,2026-03-11 03:00:00,2026-03-11 04:00:00,fyn,6.0,0.0,5.5,0.0,1007.58,100.0,93.3333
1773201600,2026-03-11 04:00:00,2026-03-11 05:00:00,fyn,6.03333,0.0,4.4,0.0,1007.04,100.333,91.6667
1773205200,2026-03-11 05:00:00,2026-03-11 06:00:00,fyn,6.43333,0.0,3.96667,0.05,1006.56,99.6667,90.0
1773208800,2026-03-11 06:00:00,2026-03-11 07:00:00,fyn,6.66667,0.0,4.56667,0.95,1006.32,100.0,91.6667
1773212400,2026-03-11 07:00:00,2026-03-11 08:00:00,fyn,6.8,13.0,5.8,0.05,1006.21,99.0,90.0
1773216000,2026-03-11 08:00:00,2026-03-11 09:00:00,fyn,7.03333,110.0,5.46667,0.0,1005.82,97.6667,90.0
1773219600,2026-03-11 09:00:00,2026-03-11 10:00:00,fyn,7.73333,247.0,6.06667,0.0,1005.43,92.3333,68.3333
1773223200,2026-03-11 10:00:00,2026-03-11 11:00:00,fyn,8.5,412.0,6.56667,0.0,1005.02,87.0,25.0
1773226800,2026-03-11 11:00:00,2026-03-11 12:00:00,fyn,8.63333,198.0,6.86667,0.0,1004.62,85.3333,85.0
1773230400,2026-03-11 12:00:00,2026-03-11 13:00:00,fyn,8.56667,148.0,7.4,0.0,1004.08,86.6667,90.0
1773234000,2026-03-11 13:00:00,2026-03-11 14:00:00,fyn,8.73333,127.0,6.56667,0.0,1003.61,86.6667,90.0
1773237600,2026-03-11 14:00:00,2026-03-11 15:00:00,fyn,8.73333,80.0,6.73333,0.05,1003.37,88.6667,90.0
1773241200,2026-03-11 15:00:00,2026-03-11 16:00:00,fyn,8.16667,66.0,5.76667,0.3,1002.96,93.3333,91.6667
1773244800,2026-03-11 16:00:00,2026-03-11 17:00:00,fyn,7.9,36.0,5.56667,0.05,1003.01,96.3333,95.0
1773248400,2026-03-11 17:00:00,2026-03-11 18:00:00,fyn,7.46667,4.0,6.26667,0.35,1003.62,97.3333,90.0
1773252000,2026-03-11 18:00:00,2026-03-11 19:00:00,fyn,7.06667,0.0,5.6,0.2,1004.49,98.3333,95.0
1773255600,2026-03-11 19:00:00,2026-03-11 20:00:00,fyn,7.4,0.0,5.35,,1005.53,96.0,90.0
1773259200,2026-03-11 20:00:00,2026-03-11 21:00:00,fyn,6.06667,0.0,5.03333,0.0,1006.47,95.6667,91.6667
1773262800,2026-03-11 21:00:00,2026-03-11 22:00:00,fyn,5.5,0.0,5.06667,0.0,1007.32,95.0,80.0
1773266400,2026-03-11 22:00:00,2026-03-11 23:00:00,fyn,4.86667,0.0,4.73333,0.0,1008.11,95.6667,66.6667
1773270000,2026-03-11 23:00:00,2026-03-12 00:00:00,fyn,4.33333,0.0,4.63333,0.0,1008.76,96.3333,33.3333
1773273600,2026-03-12 00:00:00,2026-03-12 01:00:00,fyn,4.0,0.0,4.56667,0.0,1009.26,96.3333,0.0
1773277200,2026-03-12 01:00:00,2026-03-12 02:00:00,fyn,3.56667,0.0,4.33333,0.0,1009.87,97.3333,0.0
1773280800,2026-03-12 02:00:00,2026-03-12 03:00:00,fyn,3.6,0.0,4.76667,0.0,1010.32,96.6667,0.0
1773284400,2026-03-12 03:00:00,2026-03-12 04:00:00,fyn,3.6,0.0,4.7,0.0,1010.4,96.3333,5.0
1773288000,2026-03-12 04:00:00,2026-03-12 05:00:00,fyn,3.43333,0.0,4.36667,0.0,1010.67,96.6667,6.66667
1773291600,2026-03-12 05:00:00,2026-03-12 06:00:00,fyn,3.23333,0.0,4.16667,0.0,1011.22,96.6667,0.0
1773295200,2026-03-12 06:00:00,2026-03-12 07:00:00,fyn,3.46667,2.0,4.96667,0.0,1011.72,96.0,36.6667
1773298800,2026-03-12 07:00:00,2026-03-12 08:00:00,fyn,4.3,50.0,5.26667,0.0,1011.95,93.3333,65.0
1773302400,2026-03-12 08:00:00,2026-03-12 09:00:00,fyn,4.93333,134.0,5.5,0.0,1011.87,91.0,70.0
1773306000,2026-03-12 09:00:00,2026-03-12 10:00:00,fyn,5.66667,188.0,5.9,,1011.52,87.6667,15.0
1773309600,2026-03-12 10:00:00,2026-03-12 11:00:00,fyn,7.06667,323.0,7.33333,0.0,1011.21,81.6667,1.66667
1773313200,2026-03-12 11:00:00,2026-03-12 12:00:00,fyn,8.2,496.0,8.56667,0.0,1010.99,75.6667,5.0
1773316800,2026-03-12 12:00:00,2026-03-12 13:00:00,fyn,8.66667,414.0,10.0667,0.0,1010.78,71.0,6.66667
1773320400,2026-03-12 13:00:00,2026-03-12 14:00:00,fyn,8.66667,409.0,10.3,,1010.44,69.3333,10.0
1773324000,2026-03-12 14:00:00,2026-03-12 15:00:00,fyn,8.7,318.0,9.86667,0.0,1009.54,69.6667,35.0
1773327600,2026-03-12 15:00:00,2026-03-12 16:00:00,fyn,8.63333,203.0,9.86667,0.0,1008.78,69.6667,15.0
1773331200,2026-03-12 16:00:00,2026-03-12 17:00:00,fyn,8.76667,101.0,10.4333,0.0,1008.76,69.0,36.6667
1773334800,2026-03-12 17:00:00,2026-03-12 18:00:00,fyn,8.36667,28.0,9.3,0.0,1008.08,69.6667,53.3333
1773338400,2026-03-12 18:00:00,2026-03-12 19:00:00,fyn,8.0,0.0,8.6,0.0,1007.28,71.6667,5.0
1773342000,2026-03-12 19:00:00,2026-03-12 20:00:00,fyn,7.93333,0.0,9.6,0.0,1006.5,70.6667,11.6667
1773345600,2026-03-12 20:00:00,2026-03-12 21:00:00,fyn,7.76667,0.0,9.66667,0.0,1005.72,70.6667,28.3333
1773349200,2026-03-12 21:00:00,2026-03-12 22:00:00,fyn,7.93333,0.0,10.3333,0.0,1005.13,70.0,76.6667
1773352800,2026-03-12 22:00:00,2026-03-12 23:00:00,fyn,8.03333,0.0,10.5667,0.0,1004.37,70.3333,93.3333
1773356400,2026-03-12 23:00:00,2026-03-13 00:00:00,fyn,7.93333,0.0,10.2,0.0,1003.48,71.6667,96.6667
1773360000,2026-03-13 00:00:00,2026-03-13 01:00:00,fyn,8.03333,0.0,10.4,0.0,1002.44,71.6667,91.6667
1773363600,2026-03-13 01:00:00,2026-03-13 02:00:00,fyn,7.96667,0.0,9.96667,0.0,1001.29,72.3333,96.6667
1773367200,2026-03-13 02:00:00,2026-03-13 03:00:00,fyn,7.9,0.0,9.56667,0.0,1000.03,73.3333,96.6667
1773370800,2026-03-13 03:00:00,2026-03-13 04:00:00,fyn,7.63333,0.0,9.63333,0.0,998.817,74.6667,91.6667
1773374400,2026-03-13 04:00:00,2026-03-13 05:00:00,fyn,7.36667,0.0,9.46667,0.0,997.522,76.3333,93.3333
1773378000,2026-03-13 05:00:00,2026-03-13 06:00:00,fyn,7.36667,0.0,9.96667,0.0,996.511,77.0,81.6667
1773381600,2026-03-13 06:00:00,2026-03-13 07:00:00,fyn,7.2,1.0,9.7,0.0,995.817,78.6667,85.0
1773385200,2026-03-13 07:00:00,2026-03-13 08:00:00,fyn,7.2,12.0,10.0,0.0,995.117,79.6667,80.0
1773388800,2026-03-13 08:00:00,2026-03-13 09:00:00,fyn,7.4,33.0,10.8667,0.5,994.767,80.3333,90.0
1773392400,2026-03-13 09:00:00,2026-03-13 10:00:00,fyn,7.2,54.0,10.8667,0.4,994.961,87.0,93.3333
1773396000,2026-03-13 10:00:00,2026-03-13 11:00:00,fyn,7.33333,40.0,10.5,0.2,995.75,85.6667,95.0
1773399600,2026-03-13 11:00:00,2026-03-13 12:00:00,fyn,6.66667,34.0,7.93333,0.55,996.561,89.0,91.6667
1773403200,2026-03-13 12:00:00,2026-03-13 13:00:00,fyn,6.13333,130.0,6.83333,,996.867,87.0,91.6667
1773406800,2026-03-13 13:00:00,2026-03-13 14:00:00,fyn,6.26667,131.0,7.06667,0.0,997.278,86.3333,90.0
1773410400,2026-03-13 14:00:00,2026-03-13 15:00:00,fyn,6.46667,,7.13333,0.0,997.578,84.3333,90.0
1773414000,2026-03-13 15:00:00,2026-03-13 16:00:00,fyn,6.33333,,6.3,0.0,997.528,83.0,90.0
1773417600,2026-03-13 16:00:00,2026-03-13 17:00:00,fyn,6.16667,,5.73333,0.0,997.789,82.6667,90.0
1773421200,2026-03-13 17:00:00,2026-03-13 18:00:00,fyn,5.8,,5.2,0.0,998.172,84.6667,90.0
1773424800,2026-03-13 18:00:00,2026-03-13 19:00:00,fyn,5.46667,,4.23333,0.0,998.367,85.3333,93.3333
1773428400,2026-03-13 19:00:00,2026-03-13 20:00:00,fyn,5.1,,3.43333,0.0,998.261,88.3333,90.0
1773432000,2026-03-13 20:00:00,2026-03-13 21:00:00,fyn,4.83333,,4.36667,0.0,998.233,89.6667,95.0
1773435600,2026-03-13 21:00:00,2026-03-13 22:00:00,fyn,4.63333,,4.83333,0.0,998.094,88.0,91.6667
1773439200,2026-03-13 22:00:00,2026-03-13 23:00:00,fyn,4.23333,,4.46667,0.0,997.828,90.0,90.0
1773442800,2026-03-13 23:00:00,2026-03-14 00:00:00,fyn,3.9,,3.83333,0.0,997.606,91.3333,90.0
1773446400,2026-03-14 00:00:00,2026-03-14 01:00:00,fyn,3.63333,,3.7,0.0,997.289,91.6667,93.3333
1773450000,2026-03-14 01:00:00,2026-03-14 02:00:00,fyn,3.43333,,3.36667,0.0,996.833,92.0,91.6667
1773453600,2026-03-14 02:00:00,2026-03-14 03:00:00,fyn,3.26667,,2.83333,0.0,996.522,92.3333,91.6667
1773457200,2026-03-14 03:00:00,2026-03-14 04:00:00,fyn,3.16667,,2.9,0.0,996.4,93.0,96.6667
1773460800,2026-03-14 04:00:00,2026-03-14 05:00:00,fyn,2.96667,,2.6,0.0,996.361,95.3333,95.0
1773464400,2026-03-14 05:00:00,2026-03-14 06:00:00,fyn,2.86667,,2.93333,0.0,996.278,97.0,90.0
1773468000,2026-03-14 06:00:00,2026-03-14 07:00:00,fyn,2.83333,,2.43333,0.0,996.422,98.0,90.0
1773471600,2026-03-14 07:00:00,2026-03-14 08:00:00,fyn,2.93333,,2.36667,0.0,996.756,99.0,85.0
1773475200,2026-03-14 08:00:00,2026-03-14 09:00:00,fyn,3.53333,,2.6,0.0,997.194,98.3333,80.0
1773478800,2026-03-14 09:00:00,2026-03-14 10:00:00,fyn,4.03333,,2.3,0.0,997.606,96.3333,93.3333
1773482400,2026-03-14 10:00:00,2026-03-14 11:00:00,fyn,4.5,,2.23333,0.0,997.8,93.3333,96.6667
1773486000,2026-03-14 11:00:00,2026-03-14 12:00:00,fyn,5.23333,,1.83333,0.0,998.217,88.0,73.3333
1773489600,2026-03-14 12:00:00,2026-03-14 13:00:00,fyn,6.06667,,2.06667,0.0,998.489,82.3333,41.6667
1773493200,2026-03-14 13:00:00,2026-03-14 14:00:00,fyn,6.46667,,3.06667,0.0,998.75,78.6667,53.3333
1773496800,2026-03-14 14:00:00,2026-03-14 15:00:00,fyn,6.4,,3.16667,0.0,999.311,79.6667,68.3333
1773500400,2026-03-14 15:00:00,2026-03-14 16:00:00,fyn,6.06667,,3.5,0.0,999.878,82.3333,90.0
1773504000,2026-03-14 16:00:00,2026-03-14 17:00:00,fyn,5.46667,,3.5,0.0,1000.62,87.3333,90.0
1773507600,2026-03-14 17:00:00,2026-03-14 18:00:00,fyn,5.03333,,3.23333,0.0,1001.55,89.0,85.0
1773511200,2026-03-14 18:00:00,2026-03-14 19:00:00,fyn,4.83333,,1.93333,0.05,1002.31,89.0,80.0
1773514800,2026-03-14 19:00:00,2026-03-14 20:00:00,fyn,4.4,,2.36667,0.05,1002.92,92.0,86.6667
1773518400,2026-03-14 20:00:00,2026-03-14 21:00:00,fyn,4.3,,2.23333,0.0,1003.43,93.0,95.0
1773522000,2026-03-14 21:00:00,2026-03-14 22:00:00,fyn,4.0,,2.23333,0.0,1003.99,94.3333,96.6667
1773525600,2026-03-14 22:00:00,2026-03-14 23:00:00,fyn,4.13333,,2.23333,0.0,1004.51,94.0,96.6667
1773529200,2026-03-14 23:00:00,2026-03-15 00:00:00,fyn,3.93333,,2.8,0.0,1004.94,95.3333,91.6667
1773532800,2026-03-15 00:00:00,2026-03-15 01:00:00,fyn,4.23333,,2.83333,0.0,1005.5,95.6667,95.0
1773536400,2026-03-15 01:00:00,2026-03-15 02:00:00,fyn,4.26667,,2.76667,0.0,1006.04,94.6667,98.3333
1773540000,2026-03-15 02:00:00,2026-03-15 03:00:00,fyn,4.33333,,2.96667,0.0,1006.62,93.6667,98.3333
1773543600,2026-03-15 03:00:00,2026-03-15 04:00:00,fyn,4.0,,2.66667,0.0,1007.16,93.3333,98.3333
1773547200,2026-03-15 04:00:00,2026-03-15 05:00:00,fyn,3.8,,2.33333,0.0,1007.67,93.6667,98.3333
1773550800,2026-03-15 05:00:00,2026-03-15 06:00:00,fyn,3.53333,,2.6,0.0,1008.13,94.0,98.3333
1773554400,2026-03-15 06:00:00,2026-03-15 07:00:00,fyn,3.5,,2.43333,0.0,1008.68,93.0,98.3333
1773558000,2026-03-15 07:00:00,2026-03-15 08:00:00,fyn,3.66667,,2.93333,0.0,1009.22,90.6667,98.3333
1773561600,2026-03-15 08:00:00,2026-03-15 09:00:00,fyn,4.03333,,2.86667,0.0,1009.65,88.3333,96.6667
1773565200,2026-03-15 09:00:00,2026-03-15 10:00:00,fyn,4.26667,,3.26667,0.0,1009.84,88.3333,96.6667
1773568800,2026-03-15 10:00:00,2026-03-15 11:00:00,fyn,5.03333,,3.76667,0.0,1009.86,84.6667,90.0
1773572400,2026-03-15 11:00:00,2026-03-15 12:00:00,fyn,5.76667,,4.43333,0.0,1009.98,81.0,85.0
1773576000,2026-03-15 12:00:00,2026-03-15 13:00:00,fyn,6.63333,,4.7,0.0,1009.83,77.0,60.0
1773579600,2026-03-15 13:00:00,2026-03-15 14:00:00,fyn,7.3,,5.26667,0.0,1009.7,72.0,71.6667
1773583200,2026-03-15 14:00:00,2026-03-15 15:00:00,fyn,7.66667,,5.9,0.0,1009.48,68.6667,41.6667
1773586800,2026-03-15 15:00:00,2026-03-15 16:00:00,fyn,7.66667,,6.06667,0.0,1009.3,67.6667,20.0
1773590400,2026-03-15 16:00:00,2026-03-15 17:00:00,fyn,7.26667,,6.4,0.0,1009.22,68.0,10.0
1773594000,2026-03-15 17:00:00,2026-03-15 18:00:00,fyn,6.3,,5.83333,0.0,1009.11,73.0,3.33333
1773597600,2026-03-15 18:00:00,2026-03-15 19:00:00,fyn,5.23333,,4.6,0.0,1008.88,79.0,0.0
1773601200,2026-03-15 19:00:00,2026-03-15 20:00:00,fyn,4.53333,,4.7,0.0,1008.31,85.6667,16.6667
1773604800,2026-03-15 20:00:00,2026-03-15 21:00:00,fyn,4.6,,5.73333,0.0,1007.77,86.0,95.0
1773608400,2026-03-15 21:00:00,2026-03-15 22:00:00,fyn,4.93333,,6.93333,0.0,1007.14,85.0,93.3333
1773612000,2026-03-15 22:00:00,2026-03-15 23:00:00,fyn,4.83333,,6.56667,0.0,1006.16,84.6667,93.3333
1773615600,2026-03-15 23:00:00,2026-03-16 00:00:00,fyn,4.73333,,6.73333,0.0,1005.19,84.6667,93.3333
1773619200,2026-03-16 00:00:00,2026-03-16 01:00:00,fyn,4.63333,,7.03333,0.0,1004.27,83.3333,90.0
1773622800,2026-03-16 01:00:00,2026-03-16 02:00:00,fyn,4.56667,,7.36667,,1002.96,82.0,90.0
1773626400,2026-03-16 02:00:00,2026-03-16 03:00:00,fyn,4.53333,,7.46667,0.0,1001.84,81.6667,90.0
1773630000,2026-03-16 03:00:00,2026-03-16 04:00:00,fyn,4.36667,,7.5,0.0,1001.32,82.3333,90.0
1773633600,2026-03-16 04:00:00,2026-03-16 05:00:00,fyn,4.13333,,6.4,0.0,1001.11,85.6667,91.6667
1773637200,2026-03-16 05:00:00,2026-03-16 06:00:00,fyn,4.1,,6.26667,0.05,1001.16,86.6667,95.0
1773640800,2026-03-16 06:00:00,2026-03-16 07:00:00,fyn,3.73333,,6.16667,0.3,1001.29,90.3333,90.0
1773644400,2026-03-16 07:00:00,2026-03-16 08:00:00,fyn,3.33333,,4.93333,0.6,1001.51,93.3333,91.6667
1773648000,2026-03-16 08:00:00,2026-03-16 09:00:00,fyn,3.43333,,4.93333,0.85,1001.9,93.6667,91.6667
1773651600,2026-03-16 09:00:00,2026-03-16 10:00:00,fyn,3.63333,,3.63333,1.6,1002.68,95.3333,91.6667
1773655200,2026-03-16 10:00:00,2026-03-16 11:00:00,fyn,4.1,,3.8,0.6,1003.61,94.6667,95.0
1773658800,2026-03-16 11:00:00,2026-03-16 12:00:00,fyn,5.2,,3.96667,0.05,1004.59,91.0,93.3333
1773662400,2026-03-16 12:00:00,2026-03-16 13:00:00,fyn,6.36667,,4.6,0.35,1005.23,84.3333,80.0
1773666000,2026-03-16 13:00:00,2026-03-16 14:00:00,fyn,7.03333,,5.9,0.45,1006.14,76.6667,75.0
1773669600,2026-03-16 14:00:00,2026-03-16 15:00:00,fyn,7.33333,,6.2,0.0,1007.17,71.6667,45.0
1773673200,2026-03-16 15:00:00,2026-03-16 16:00:00,fyn,7.5,,6.66667,0.0,1008.15,68.3333,10.0
1773676800,2026-03-16 16:00:00,2026-03-16 17:00:00,fyn,7.33333,,6.76667,0.0,1009.25,67.3333,0.0
1773680400,2026-03-16 17:00:00,2026-03-16 18:00:00,fyn,6.3,,5.93333,0.0,1010.16,70.6667,0.0
1773684000,2026-03-16 18:00:00,2026-03-16 19:00:00,fyn,5.23333,,4.6,0.0,1011.2,77.0,5.0
1773687600,2026-03-16 19:00:00,2026-03-16 20:00:00,fyn,4.1,,3.73333,0.0,1012.01,83.6667,0.0
1773691200,2026-03-16 20:00:00,2026-03-16 21:00:00,fyn,3.36667,,3.66667,0.0,1012.57,88.6667,0.0
1773694800,2026-03-16 21:00:00,2026-03-16 22:00:00,fyn,2.83333,,3.5,0.0,1013.17,92.6667,0.0
1773698400,2026-03-16 22:00:00,2026-03-16 23:00:00,fyn,2.2,,3.1,0.0,1013.72,94.6667,0.0
1773702000,2026-03-16 23:00:00,2026-03-17 00:00:00,fyn,2.0,,2.86667,0.0,1014.09,96.0,8.33333
1773705600,2026-03-17 00:00:00,2026-03-17 01:00:00,fyn,1.86667,,3.06667,0.0,1014.6,97.0,50.0
1773709200,2026-03-17 01:00:00,2026-03-17 02:00:00,fyn,1.76667,,2.56667,0.0,1014.96,97.3333,6.66667
1773712800,2026-03-17 02:00:00,2026-03-17 03:00:00,fyn,1.66667,,2.73333,0.0,1015.23,97.6667,10.0
1773716400,2026-03-17 03:00:00,2026-03-17 04:00:00,fyn,1.5,,2.8,0.0,1015.51,98.3333,76.6667
1773720000,2026-03-17 04:00:00,2026-03-17 05:00:00,fyn,1.83333,,3.36667,0.0,1015.9,98.6667,95.0
1773723600,2026-03-17 05:00:00,2026-03-17 06:00:00,fyn,2.26667,,3.26667,0.0,1016.09,98.3333,90.0
1773727200,2026-03-17 06:00:00,2026-03-17 07:00:00,fyn,2.73333,,3.6,0.0,1016.46,98.0,91.6667
1773730800,2026-03-17 07:00:00,2026-03-17 08:00:00,fyn,3.43333,,3.86667,0.05,1016.99,96.3333,70.0
1773734400,2026-03-17 08:00:00,2026-03-17 09:00:00,fyn,4.3,,4.4,0.0,1017.39,93.6667,90.0
1773738000,2026-03-17 09:00:00,2026-03-17 10:00:00,fyn,5.7,,4.66667,0.0,1017.73,87.3333,90.0
1773741600,2026-03-17 10:00:00,2026-03-17 11:00:00,fyn,6.76667,,5.03333,0.0,1017.9,82.0,25.0
1773745200,2026-03-17 11:00:00,2026-03-17 12:00:00,fyn,7.8,,6.06667,0.0,1018.32,77.0,76.6667
1773748800,2026-03-17 12:00:00,2026-03-17 13:00:00,fyn,8.06667,,6.26667,0.0,1018.51,77.0,68.3333
1773752400,2026-03-17 13:00:00,2026-03-17 14:00:00,fyn,8.0,,6.66667,0.0,1018.56,76.6667,10.0
1773756000,2026-03-17 14:00:00,2026-03-17 15:00:00,fyn,8.3,,6.16667,0.0,1018.65,75.3333,3.33333
1773759600,2026-03-17 15:00:00,2026-03-17 16:00:00,fyn,8.3,,5.83333,0.0,1018.71,75.6667,11.6667
1773763200,2026-03-17 16:00:00,2026-03-17 17:00:00,fyn,8.13333,79.0,5.375,0.0,1018.6,76.0,61.6667
1773766800,2026-03-17 17:00:00,2026-03-17 18:00:00,fyn,8.06667,22.0,5.125,0.0,1019.14,75.3333,98.3333
1773770400,2026-03-17 18:00:00,2026-03-17 19:00:00,fyn,7.9,1.0,5.275,0.0,1019.75,75.0,96.6667
1773774000,2026-03-17 19:00:00,2026-03-17 20:00:00,fyn,7.66667,0.0,4.95,0.0,1020.37,77.0,35.0
1773777600,2026-03-17 20:00:00,2026-03-17 21:00:00,fyn,7.23333,0.0,4.85,0.0,1020.95,77.3333,76.6667
1773781200,2026-03-17 21:00:00,2026-03-17 22:00:00,fyn,6.96667,0.0,4.575,0.0,1021.36,78.0,35.0
1773784800,2026-03-17 22:00:00,2026-03-17 23:00:00,fyn,6.33333,0.0,4.1,0.0,1021.55,79.6667,0.0
1773788400,2026-03-17 23:00:00,2026-03-18 00:00:00,fyn,5.66667,0.0,4.275,0.0,1021.67,80.6667,0.0
1773792000,2026-03-18 00:00:00,2026-03-18 01:00:00,fyn,5.4,0.0,4.425,0.0,1022.01,82.0,0.0
1773795600,2026-03-18 01:00:00,2026-03-18 02:00:00,fyn,5.4,0.0,4.225,0.0,1022.22,81.3333,0.0
1773799200,2026-03-18 02:00:00,2026-03-18 03:00:00,fyn,5.26667,0.0,4.375,0.0,1022.36,81.6667,0.0
1773802800,2026-03-18 03:00:00,2026-03-18 04:00:00,fyn,4.83333,0.0,4.225,0.0,1022.72,81.3333,0.0
1773806400,2026-03-18 04:00:00,2026-03-18 05:00:00,fyn,4.56667,0.0,4.475,0.0,1023.4,81.0,0.0
1773810000,2026-03-18 05:00:00,2026-03-18 06:00:00,fyn,4.36667,0.0,4.35,0.0,1023.9,80.6667,0.0
1773813600,2026-03-18 06:00:00,2026-03-18 07:00:00,fyn,4.16667,5.0,4.875,0.0,1024.62,81.3333,0.0
1773817200,2026-03-18 07:00:00,2026-03-18 08:00:00,fyn,4.9,53.0,5.15,0.0,1025.28,78.3333,0.0
1773820800,2026-03-18 08:00:00,2026-03-18 09:00:00,fyn,6.43333,127.0,5.675,0.0,1025.89,70.3333,0.0
1773824400,2026-03-18 09:00:00,2026-03-18 10:00:00,fyn,8.06667,261.0,6.2,0.0,1026.29,62.6667,0.0
1773828000,2026-03-18 10:00:00,2026-03-18 11:00:00,fyn,9.33333,240.0,6.675,0.0,1026.4,57.3333,1.66667
1773831600,2026-03-18 11:00:00,2026-03-18 12:00:00,fyn,10.5667,300.0,6.2,0.0,1026.5,54.3333,6.66667
1773835200,2026-03-18 12:00:00,2026-03-18 13:00:00,fyn,11.0667,297.0,6.425,0.0,1026.38,53.3333,0.0
1773838800,2026-03-18 13:00:00,2026-03-18 14:00:00,fyn,11.4,483.5,6.0,0.0,1026.15,53.6667,28.3333
1773842400,2026-03-18 14:00:00,2026-03-18 15:00:00,fyn,11.6667,467.5,5.775,0.0,1026.18,51.3333,8.33333
1773846000,2026-03-18 15:00:00,2026-03-18 16:00:00,fyn,11.8,347.0,5.65,,1026.0,49.3333,3.33333
1773849600,2026-03-18 16:00:00,2026-03-18 17:00:00,fyn,11.65,229.5,5.3,0.0,1026.18,51.75,8.33333
1773853200,2026-03-18 17:00:00,2026-03-18 18:00:00,fyn,10.4,92.0,4.55,0.0,1026.52,55.25,0.0
1773856800,2026-03-18 18:00:00,2026-03-18 19:00:00,fyn,8.3,7.5,3.15,0.0,1026.86,63.25,0.0
1773860400,2026-03-18 19:00:00,2026-03-18 20:00:00,fyn,6.8,0.0,2.575,0.0,1026.96,66.5,0.0
1773864000,2026-03-18 20:00:00,2026-03-18 21:00:00,fyn,5.65,0.0,2.625,0.0,1027.13,71.0,0.0
1773867600,2026-03-18 21:00:00,2026-03-18 22:00:00,fyn,4.725,0.0,2.075,0.0,1027.19,77.25,0.0
1773871200,2026-03-18 22:00:00,2026-03-18 23:00:00,fyn,3.975,0.0,1.825,0.0,1027.03,80.0,0.0
1773874800,2026-03-18 23:00:00,2026-03-19 00:00:00,fyn,2.825,0.0,1.875,0.0,1026.85,84.25,0.0
1773878400,2026-03-19 00:00:00,2026-03-19 01:00:00,fyn,2.325,0.0,1.775,0.0,1026.7,86.5,0.0
1773882000,2026-03-19 01:00:00,2026-03-19 02:00:00,fyn,1.95,0.0,1.525,0.0,1026.4,87.0,3.33333
1773885600,2026-03-19 02:00:00,2026-03-19 03:00:00,fyn,1.8,0.0,1.55,0.0,1025.99,88.25,0.0
1773889200,2026-03-19 03:00:00,2026-03-19 04:00:00,fyn,1.525,0.0,1.15,0.0,1025.58,88.25,0.0
1773892800,2026-03-19 04:00:00,2026-03-19 05:00:00,fyn,1.15,0.0,1.25,0.0,1025.28,89.25,0.0
1773896400,2026-03-19 05:00:00,2026-03-19 06:00:00,fyn,0.775,0.0,1.325,0.0,1025.03,91.0,0.0
1773900000,2026-03-19 06:00:00,2026-03-19 07:00:00,fyn,0.675,6.0,1.525,0.0,1024.83,91.5,0.0
1773903600,2026-03-19 07:00:00,2026-03-19 08:00:00,fyn,2.45,74.0,1.45,0.0,1024.89,87.25,6.66667
1773907200,2026-03-19 08:00:00,2026-03-19 09:00:00,fyn,5.65,228.5,1.825,0.0,1024.76,77.5,86.6667
1773910800,2026-03-19 09:00:00,2026-03-19 10:00:00,fyn,8.1,279.0,2.775,,1024.41,68.0,90.0
1773914400,2026-03-19 10:00:00,2026-03-19 11:00:00,fyn,10.35,284.0,3.25,0.0,1024.11,58.0,90.0
1773918000,2026-03-19 11:00:00,2026-03-19 12:00:00,fyn,11.1333,252.5,3.075,0.0,1023.31,57.0,91.6667
1773921600,2026-03-19 12:00:00,2026-03-19 13:00:00,fyn,11.9333,291.0,3.575,0.0,1022.89,56.3333,93.3333
1773925200,2026-03-19 13:00:00,2026-03-19 14:00:00,fyn,11.1,124.0,3.3,,1022.7,59.3333,96.6667
1773928800,2026-03-19 14:00:00,2026-03-19 15:00:00,fyn,10.15,84.0,3.2,0.0,1022.33,70.75,96.6667
1773932400,2026-03-19 15:00:00,2026-03-19 16:00:00,fyn,9.85,81.5,3.6,0.0,1021.85,72.75,95.0
1773936000,2026-03-19 16:00:00,2026-03-19 17:00:00,fyn,9.8,142.0,3.5,0.0,1021.56,71.0,85.0
1773939600,2026-03-19 17:00:00,2026-03-19 18:00:00,fyn,9.625,74.0,3.075,0.0,1021.6,68.5,30.0
1773943200,2026-03-19 18:00:00,2026-03-19 19:00:00,fyn,8.175,6.0,2.875,0.0,1021.6,69.25,10.0
1773946800,2026-03-19 19:00:00,2026-03-19 20:00:00,fyn,6.825,0.0,2.825,0.0,1021.53,72.25,6.66667
1773950400,2026-03-19 20:00:00,2026-03-19 21:00:00,fyn,5.85,0.0,3.275,0.0,1021.55,76.0,3.33333
1773954000,2026-03-19 21:00:00,2026-03-19 22:00:00,fyn,4.625,0.0,2.975,0.0,1021.56,81.25,13.3333
1773957600,2026-03-19 22:00:00,2026-03-19 23:00:00,fyn,3.875,0.0,2.85,0.0,1021.45,86.75,10.0
1773961200,2026-03-19 23:00:00,2026-03-20 00:00:00,fyn,3.175,0.0,2.375,0.0,1021.21,92.25,5.0
1773964800,2026-03-20 00:00:00,2026-03-20 01:00:00,fyn,2.55,0.0,2.225,0.0,1021.0,95.75,13.3333
1773968400,2026-03-20 01:00:00,2026-03-20 02:00:00,fyn,2.65,0.0,2.425,0.0,1020.72,97.25,30.0
1773972000,2026-03-20 02:00:00,2026-03-20 03:00:00,fyn,2.6,0.0,2.95,0.0,1020.55,98.75,20.0
1773975600,2026-03-20 03:00:00,2026-03-20 04:00:00,fyn,2.175,0.0,3.125,0.0,1020.55,99.75,23.3333
1773979200,2026-03-20 04:00:00,2026-03-20 05:00:00,fyn,1.875,0.0,3.15,0.0,1020.71,100.0,0.0
1773982800,2026-03-20 05:00:00,2026-03-20 06:00:00,fyn,1.8,0.0,3.0,0.0,1020.71,100.0,0.0
1773986400,2026-03-20 06:00:00,2026-03-20 07:00:00,fyn,1.575,1.5,2.825,0.0,1020.85,100.0,0.0
1773990000,2026-03-20 07:00:00,2026-03-20 08:00:00,fyn,1.425,54.5,2.65,0.0,1021.01,100.0,0.0
1773993600,2026-03-20 08:00:00,2026-03-20 09:00:00,fyn,1.9,166.0,2.575,0.0,1021.07,100.0,60.0
1773997200,2026-03-20 09:00:00,2026-03-20 10:00:00,fyn,2.925,264.0,1.975,0.0,1021.15,99.6667,50.0
1774000800,2026-03-20 10:00:00,2026-03-20 11:00:00,fyn,4.75,374.0,1.675,0.0,1021.02,95.0,1.66667
1774004400,2026-03-20 11:00:00,2026-03-20 12:00:00,fyn,6.9,489.0,1.8,0.0,1020.63,82.75,0.0
1774008000,2026-03-20 12:00:00,2026-03-20 13:00:00,fyn,8.85,559.0,1.75,0.0,1020.23,67.5,5.0
1774011600,2026-03-20 13:00:00,2026-03-20 14:00:00,fyn,10.4,469.0,1.875,0.0,1019.94,55.5,13.3333
1774015200,2026-03-20 14:00:00,2026-03-20 15:00:00,fyn,10.875,483.0,2.325,0.0,1019.65,52.0,0.0
1774018800,2026-03-20 15:00:00,2026-03-20 16:00:00,fyn,11.175,373.5,2.625,0.0,1019.47,51.0,18.3333
1774022400,2026-03-20 16:00:00,2026-03-20 17:00:00,fyn,10.925,244.0,2.6,0.0,1019.3,54.5,30.0
1774026000,2026-03-20 17:00:00,2026-03-20 18:00:00,fyn,9.0,109.0,2.975,0.0,1019.48,65.5,10.0
1774029600,2026-03-20 18:00:00,2026-03-20 19:00:00,fyn,7.2,7.0,2.7,0.0,1019.58,73.0,8.33333
1774033200,2026-03-20 19:00:00,2026-03-20 20:00:00,fyn,5.35,0.0,2.525,0.0,1019.62,80.0,8.33333
1774036800,2026-03-20 20:00:00,2026-03-20 21:00:00,fyn,4.325,0.0,2.425,0.0,1019.78,86.25,8.33333
1774040400,2026-03-20 21:00:00,2026-03-20 22:00:00,fyn,3.8,0.0,2.575,0.0,1019.82,91.5,0.0
1774044000,2026-03-20 22:00:00,2026-03-20 23:00:00,fyn,3.35,0.0,2.4,0.0,1019.94,95.5,0.0
1774047600,2026-03-20 23:00:00,2026-03-21 00:00:00,fyn,2.825,0.0,2.325,0.0,1019.83,97.75,0.0
1774051200,2026-03-21 00:00:00,2026-03-21 01:00:00,fyn,2.825,0.0,1.775,0.0,1019.69,98.3333,0.0
1774054800,2026-03-21 01:00:00,2026-03-21 02:00:00,fyn,2.8,0.0,1.9,0.0,1019.55,99.0,0.0
1774058400,2026-03-21 02:00:00,2026-03-21 03:00:00,fyn,2.575,0.0,2.025,0.0,1019.39,99.6667,0.0
1774062000,2026-03-21 03:00:00,2026-03-21 04:00:00,fyn,2.725,0.0,1.925,0.0,1019.37,100.0,0.0
1774065600,2026-03-21 04:00:00,2026-03-21 05:00:00,fyn,2.75,0.0,2.1,0.0,1019.34,100.0,76.6667
1774069200,2026-03-21 05:00:00,2026-03-21 06:00:00,fyn,2.65,0.0,1.925,0.0,1019.52,100.0,90.0
1774072800,2026-03-21 06:00:00,2026-03-21 07:00:00,fyn,2.575,0.0,1.75,0.0,1019.78,100.0,91.6667
1774076400,2026-03-21 07:00:00,2026-03-21 08:00:00,fyn,2.9,18.0,1.7,0.0,1020.01,100.0,96.6667
1774080000,2026-03-21 08:00:00,2026-03-21 09:00:00,fyn,2.95,43.0,1.925,0.0,1020.14,99.75,96.6667
1774083600,2026-03-21 09:00:00,2026-03-21 10:00:00,fyn,3.275,86.5,2.075,0.0,1020.19,97.75,93.3333
1774087200,2026-03-21 10:00:00,2026-03-21 11:00:00,fyn,3.325,101.5,2.275,0.0,1020.26,96.75,95.0
1774090800,2026-03-21 11:00:00,2026-03-21 12:00:00,fyn,3.6,140.5,2.3,0.0,1020.05,95.25,95.0
1774094400,2026-03-21 12:00:00,2026-03-21 13:00:00,fyn,4.2,202.5,2.65,0.0,1019.85,92.0,90.0
1774098000,2026-03-21 13:00:00,2026-03-21 14:00:00,fyn,4.725,192.5,2.625,0.0,1019.79,86.75,95.0
1774101600,2026-03-21 14:00:00,2026-03-21 15:00:00,fyn,4.8,114.0,2.4,0.0,1019.59,85.25,96.6667
1774105200,2026-03-21 15:00:00,2026-03-21 16:00:00,fyn,4.8,99.5,2.35,0.0,1019.24,85.75,88.3333
1774108800,2026-03-21 16:00:00,2026-03-21 17:00:00,fyn,4.675,71.0,1.4,0.0,1019.17,85.75,98.3333
1774112400,2026-03-21 17:00:00,2026-03-21 18:00:00,fyn,4.425,38.0,2.025,0.0,1019.37,88.0,95.0
1774116000,2026-03-21 18:00:00,2026-03-21 19:00:00,fyn,3.975,3.5,2.25,0.0,1019.54,91.5,8.33333
1774119600,2026-03-21 19:00:00,2026-03-21 20:00:00,fyn,3.575,0.0,1.9,0.0,1019.75,93.25,20.0
1774123200,2026-03-21 20:00:00,2026-03-21 21:00:00,fyn,3.375,0.0,1.525,0.0,1019.88,94.5,31.6667
1774126800,2026-03-21 21:00:00,2026-03-21 22:00:00,fyn,3.375,0.0,2.625,0.0,1019.87,94.5,0.0
1774130400,2026-03-21 22:00:00,2026-03-21 23:00:00,fyn,3.05,0.0,2.725,0.0,1019.66,95.5,0.0
1774134000,2026-03-21 23:00:00,2026-03-22 00:00:00,fyn,2.6,0.0,2.95,0.0,1019.46,94.3333,0.0
1774137600,2026-03-22 00:00:00,2026-03-22 01:00:00,fyn,1.775,0.0,2.375,0.0,1019.37,97.0,0.0
1774141200,2026-03-22 01:00:00,2026-03-22 02:00:00,fyn,1.2,0.0,1.8,0.0,1019.2,97.3333,0.0
1774144800,2026-03-22 02:00:00,2026-03-22 03:00:00,fyn,1.4,0.0,0.95,0.0,1019.05,97.3333,0.0
1774148400,2026-03-22 03:00:00,2026-03-22 04:00:00,fyn,1.26667,0.0,1.25,0.0,1019.05,98.0,15.0
1774152000,2026-03-22 04:00:00,2026-03-22 05:00:00,fyn,1.2,0.0,1.65,0.0,1019.07,98.3333,16.6667
1774155600,2026-03-22 05:00:00,2026-03-22 06:00:00,fyn,0.9,0.0,1.175,0.0,1019.09,99.3333,16.6667
1774159200,2026-03-22 06:00:00,2026-03-22 07:00:00,fyn,-0.2,5.0,1.2,0.0,1019.3,99.3333,1.66667
1774162800,2026-03-22 07:00:00,2026-03-22 08:00:00,fyn,0.175,40.0,1.55,0.0,1019.42,100.0,0.0
1774166400,2026-03-22 08:00:00,2026-03-22 09:00:00,fyn,1.15,110.5,2.05,0.0,1019.18,100.0,0.0
1774170000,2026-03-22 09:00:00,2026-03-22 10:00:00,fyn,2.9,287.0,2.525,0.0,1018.83,97.5,3.33333
1774173600,2026-03-22 10:00:00,2026-03-22 11:00:00,fyn,5.575,481.5,3.15,0.0,1018.51,83.5,0.0
1774177200,2026-03-22 11:00:00,2026-03-22 12:00:00,fyn,7.75,548.5,3.575,0.0,1018.12,69.0,0.0
1774180800,2026-03-22 12:00:00,2026-03-22 13:00:00,fyn,9.525,587.0,4.775,0.0,1017.58,57.75,0.0
1774184400,2026-03-22 13:00:00,2026-03-22 14:00:00,fyn,10.325,563.5,4.975,0.0,1016.97,53.75,0.0
1774188000,2026-03-22 14:00:00,2026-03-22 15:00:00,fyn,10.425,491.0,4.525,0.0,1016.37,55.0,0.0
1774191600,2026-03-22 15:00:00,2026-03-22 16:00:00,fyn,10.475,381.5,3.975,0.0,1015.83,55.0,0.0
1774195200,2026-03-22 16:00:00,2026-03-22 17:00:00,fyn,10.5,247.0,4.2,0.0,1015.51,53.0,1.66667
1774198800,2026-03-22 17:00:00,2026-03-22 18:00:00,fyn,9.575,105.0,3.7,0.0,1015.37,56.5,6.66667
1774202400,2026-03-22 18:00:00,2026-03-22 19:00:00,fyn,8.175,9.5,3.225,0.0,1015.35,61.25,5.0
1774206000,2026-03-22 19:00:00,2026-03-22 20:00:00,fyn,6.85,0.0,2.65,0.0,1015.28,63.75,0.0
1774209600,2026-03-22 20:00:00,2026-03-22 21:00:00,fyn,5.35,0.0,2.15,0.0,1015.13,69.25,5.0
1774213200,2026-03-22 21:00:00,2026-03-22 22:00:00,fyn,4.375,0.0,1.65,0.0,1014.88,74.5,1.66667
1774216800,2026-03-22 22:00:00,2026-03-22 23:00:00,fyn,3.925,0.0,1.975,0.0,1014.73,77.0,10.0
1774220400,2026-03-22 23:00:00,2026-03-23 00:00:00,fyn,3.225,0.0,2.15,0.0,1014.67,79.75,0.0
1774224000,2026-03-23 00:00:00,2026-03-23 01:00:00,fyn,2.85,0.0,1.4,0.0,1014.36,83.75,0.0
1774227600,2026-03-23 01:00:00,2026-03-23 02:00:00,fyn,2.1,0.0,1.225,0.0,1013.92,86.5,0.0
1774231200,2026-03-23 02:00:00,2026-03-23 03:00:00,fyn,1.65,0.0,1.4,0.0,1013.47,87.75,0.0
1774234800,2026-03-23 03:00:00,2026-03-23 04:00:00,fyn,1.4,0.0,1.475,0.0,1013.2,89.25,3.33333
1774238400,2026-03-23 04:00:00,2026-03-23 05:00:00,fyn,1.175,0.0,1.475,0.0,1013.5,91.25,65.0
1774242000,2026-03-23 05:00:00,2026-03-23 06:00:00,fyn,1.55,0.0,1.375,0.0,1014.22,92.0,41.6667
1774245600,2026-03-23 06:00:00,2026-03-23 07:00:00,fyn,2.1,5.5,1.375,0.0,1014.77,90.75,85.0
1774249200,2026-03-23 07:00:00,2026-03-23 08:00:00,fyn,3.5,32.0,1.775,0.0,1015.21,90.25,85.0
1774252800,2026-03-23 08:00:00,2026-03-23 09:00:00,fyn,4.625,135.0,2.675,0.0,1015.43,91.0,70.0
1774256400,2026-03-23 09:00:00,2026-03-23 10:00:00,fyn,5.225,218.5,3.2,0.0,1015.51,89.75,96.6667
1774260000,2026-03-23 10:00:00,2026-03-23 11:00:00,fyn,6.15,404.0,2.825,0.0,1016.01,86.0,46.6667
1774263600,2026-03-23 11:00:00,2026-03-23 12:00:00,fyn,7.25,416.0,2.4,0.0,1016.17,79.75,20.0
1774267200,2026-03-23 12:00:00,2026-03-23 13:00:00,fyn,8.575,502.0,2.375,0.0,1015.9,71.75,10.0
1774270800,2026-03-23 13:00:00,2026-03-23 14:00:00,fyn,9.325,397.5,2.25,0.0,1015.85,67.0,8.33333
1774274400,2026-03-23 14:00:00,2026-03-23 15:00:00,fyn,9.65,303.5,2.375,0.0,1015.57,61.0,10.0
1774278000,2026-03-23 15:00:00,2026-03-23 16:00:00,fyn,9.75,318.5,1.925,0.0,1015.41,57.5,48.3333
1774281600,2026-03-23 16:00:00,2026-03-23 17:00:00,fyn,9.775,212.5,1.4,0.0,1015.5,55.5,45.0
1774285200,2026-03-23 17:00:00,2026-03-23 18:00:00,fyn,8.85,61.0,1.3,0.0,1015.5,59.75,8.33333
1774288800,2026-03-23 18:00:00,2026-03-23 19:00:00,fyn,7.6,5.0,0.775,0.0,1015.53,67.25,71.6667
1774292400,2026-03-23 19:00:00,2026-03-23 20:00:00,fyn,6.4,0.0,1.75,0.0,1015.47,73.5,60.0
1774296000,2026-03-23 20:00:00,2026-03-23 21:00:00,fyn,5.225,0.0,1.975,0.0,1015.27,81.5,50.0
1774299600,2026-03-23 21:00:00,2026-03-23 22:00:00,fyn,5.225,0.0,2.5,0.0,1014.95,85.0,85.0
1774303200,2026-03-23 22:00:00,2026-03-23 23:00:00,fyn,5.1,0.0,3.0,0.0,1014.5,89.0,75.0
1774306800,2026-03-23 23:00:00,2026-03-24 00:00:00,fyn,4.9,0.0,3.025,0.0,1013.79,90.0,90.0
1774310400,2026-03-24 00:00:00,2026-03-24 01:00:00,fyn,4.75,0.0,4.4,0.0,1013.67,92.75,81.6667
1774314000,2026-03-24 01:00:00,2026-03-24 02:00:00,fyn,4.8,0.0,4.05,0.0,1013.21,93.75,91.6667
1774317600,2026-03-24 02:00:00,2026-03-24 03:00:00,fyn,4.8,0.0,4.375,0.0,1012.23,94.0,96.6667
1774321200,2026-03-24 03:00:00,2026-03-24 04:00:00,fyn,4.925,0.0,4.9,0.0,1011.51,93.75,93.3333
1774324800,2026-03-24 04:00:00,2026-03-24 05:00:00,fyn,5.05,0.0,4.875,0.0,1010.66,94.0,90.0
1774328400,2026-03-24 05:00:00,2026-03-24 06:00:00,fyn,5.025,0.0,4.65,0.0,1010.07,93.75,90.0
1774332000,2026-03-24 06:00:00,2026-03-24 07:00:00,fyn,5.0,2.0,4.825,0.0,1009.6,94.0,90.0
1774335600,2026-03-24 07:00:00,2026-03-24 08:00:00,fyn,5.4,27.5,5.25,0.0,1008.75,93.25,90.0
1774339200,2026-03-24 08:00:00,2026-03-24 09:00:00,fyn,6.125,71.5,5.425,0.0,1008.25,91.0,80.0
1774342800,2026-03-24 09:00:00,2026-03-24 10:00:00,fyn,7.175,106.0,5.75,0.0,1007.03,88.25,90.0
1774346400,2026-03-24 10:00:00,2026-03-24 11:00:00,fyn,7.925,203.0,7.05,0.0,1006.7,86.0,36.6667
1774350000,2026-03-24 11:00:00,2026-03-24 12:00:00,fyn,8.65,250.5,7.625,0.0,1006.23,82.0,63.3333
1774353600,2026-03-24 12:00:00,2026-03-24 13:00:00,fyn,8.925,199.5,8.25,0.0,1005.5,81.0,90.0
1774357200,2026-03-24 13:00:00,2026-03-24 14:00:00,fyn,8.575,148.0,8.975,0.0,1004.69,84.25,91.6667
1774360800,2026-03-24 14:00:00,2026-03-24 15:00:00,fyn,8.125,95.0,8.7,0.0,1004.02,89.0,96.6667
1774364400,2026-03-24 15:00:00,2026-03-24 16:00:00,fyn,7.9,45.5,8.225,0.0,1003.12,92.25,95.0
1774368000,2026-03-24 16:00:00,2026-03-24 17:00:00,fyn,7.6,28.0,8.1,0.0,1002.16,95.75,95.0
1774371600,2026-03-24 17:00:00,2026-03-24 18:00:00,fyn,7.45,11.5,7.65,0.0666667,1001.09,96.75,96.6667
1774375200,2026-03-24 18:00:00,2026-03-24 19:00:00,fyn,7.45,0.5,7.325,0.533333,999.967,96.5,96.6667
1774378800,2026-03-24 19:00:00,2026-03-24 20:00:00,fyn,7.575,0.0,7.375,0.433333,998.454,96.75,96.6667
1774382400,2026-03-24 20:00:00,2026-03-24 21:00:00,fyn,7.85,0.0,8.675,0.133333,996.696,97.25,95.0
1774386000,2026-03-24 21:00:00,2026-03-24 22:00:00,fyn,8.125,0.0,9.3,0.133333,994.95,94.5,91.6667
1774389600,2026-03-24 22:00:00,2026-03-24 23:00:00,fyn,8.225,0.0,9.375,0.0,993.463,92.5,90.0
1774393200,2026-03-24 23:00:00,2026-03-25 00:00:00,fyn,8.275,0.0,10.15,0.0,992.054,91.25,93.3333
1774396800,2026-03-25 00:00:00,2026-03-25 01:00:00,fyn,8.125,0.0,10.575,0.0333333,990.325,92.25,95.0
1774400400,2026-03-25 01:00:00,2026-03-25 02:00:00,fyn,7.925,0.0,10.525,0.0,988.246,93.75,93.3333
1774404000,2026-03-25 02:00:00,2026-03-25 03:00:00,fyn,8.0,0.0,10.475,0.0333333,985.904,93.5,90.0
1774407600,2026-03-25 03:00:00,2026-03-25 04:00:00,fyn,7.825,0.0,10.175,0.766667,984.042,94.0,93.3333
1774411200,2026-03-25 04:00:00,2026-03-25 05:00:00,fyn,7.85,0.0,10.3,1.36667,982.446,94.5,91.6667
1774414800,2026-03-25 05:00:00,2026-03-25 06:00:00,fyn,7.75,0.0,10.375,0.866667,981.596,92.5,91.6667
1774418400,2026-03-25 06:00:00,2026-03-25 07:00:00,fyn,7.275,2.5,10.85,0.4,981.104,89.25,90.0
1774422000,2026-03-25 07:00:00,2026-03-25 08:00:00,fyn,6.6,35.5,10.275,0.666667,980.904,89.0,41.6667
1774425600,2026-03-25 08:00:00,2026-03-25 09:00:00,fyn,6.05,120.0,9.575,0.733333,981.487,88.25,90.0
1774429200,2026-03-25 09:00:00,2026-03-25 10:00:00,fyn,5.05,120.5,9.0,0.8,983.071,89.75,91.6667
1774432800,2026-03-25 10:00:00,2026-03-25 11:00:00,fyn,4.5,147.5,8.45,0.666667,984.604,89.75,90.0
1774436400,2026-03-25 11:00:00,2026-03-25 12:00:00,fyn,5.575,270.5,8.575,0.0666667,986.037,86.5,90.0
1774440000,2026-03-25 12:00:00,2026-03-25 13:00:00,fyn,6.55,287.5,9.725,0.0333333,987.325,78.5,80.0
1774443600,2026-03-25 13:00:00,2026-03-25 14:00:00,fyn,6.675,246.0,10.45,0.0333333,988.367,73.75,58.3333
1774447200,2026-03-25 14:00:00,2026-03-25 15:00:00,fyn,6.85,349.0,9.8,0.166667,989.487,73.25,38.3333
1774450800,2026-03-25 15:00:00,2026-03-25 16:00:00,fyn,6.625,258.0,10.25,0.0,990.496,69.75,15.0
1774454400,2026-03-25 16:00:00,2026-03-25 17:00:00,fyn,6.675,215.0,9.75,0.1,991.425,67.5,15.0
1774458000,2026-03-25 17:00:00,2026-03-25 18:00:00,fyn,5.625,89.0,9.225,0.1,992.071,72.75,15.0
1774461600,2026-03-25 18:00:00,2026-03-25 19:00:00,fyn,4.95,11.5,8.575,0.0,992.604,76.5,50.0
1774465200,2026-03-25 19:00:00,2026-03-25 20:00:00,fyn,4.575,0.0,8.75,0.0,993.121,79.5,71.6667
1774468800,2026-03-25 20:00:00,2026-03-25 21:00:00,fyn,4.275,0.0,9.1,0.0333333,993.629,81.5,85.0
1774472400,2026-03-25 21:00:00,2026-03-25 22:00:00,fyn,4.2,0.0,9.3,0.0,994.013,83.25,66.6667
1774476000,2026-03-25 22:00:00,2026-03-25 23:00:00,fyn,4.15,0.0,9.05,0.133333,994.425,84.75,93.3333
1774479600,2026-03-25 23:00:00,2026-03-26 00:00:00,fyn,4.225,0.0,8.95,0.0666667,995.088,86.25,93.3333
1774483200,2026-03-26 00:00:00,2026-03-26 01:00:00,fyn,4.425,0.0,8.85,0.0,995.608,83.5,93.3333
1774486800,2026-03-26 01:00:00,2026-03-26 02:00:00,fyn,4.625,0.0,8.65,0.0,996.108,80.5,93.3333
1774490400,2026-03-26 02:00:00,2026-03-26 03:00:00,fyn,4.65,0.0,8.7,0.0,996.625,78.5,93.3333
1774494000,2026-03-26 03:00:00,2026-03-26 04:00:00,fyn,4.45,0.0,8.5,0.0333333,997.258,78.25,93.3333
1774497600,2026-03-26 04:00:00,2026-03-26 05:00:00,fyn,4.4,0.0,8.475,0.0333333,998.008,77.75,93.3333
1774501200,2026-03-26 05:00:00,2026-03-26 06:00:00,fyn,4.175,0.0,8.8,0.0333333,998.854,75.5,93.3333
1774504800,2026-03-26 06:00:00,2026-03-26 07:00:00,fyn,4.075,15.5,8.4,0.0,999.871,72.75,80.0
1774508400,2026-03-26 07:00:00,2026-03-26 08:00:00,fyn,4.075,104.0,8.525,0.0333333,1000.9,70.25,71.6667
1774512000,2026-03-26 08:00:00,2026-03-26 09:00:00,fyn,4.45,226.0,8.425,0.0333333,1001.78,64.0,75.0
1774515600,2026-03-26 09:00:00,2026-03-26 10:00:00,fyn,4.775,267.5,8.75,0.0333333,1002.42,61.0,68.3333
1774519200,2026-03-26 10:00:00,2026-03-26 11:00:00,fyn,5.05,295.0,8.8,0.0333333,1003.05,62.0,50.0
1774522800,2026-03-26 11:00:00,2026-03-26 12:00:00,fyn,5.4,404.0,8.75,0.0,1003.71,60.0,76.6667
1774526400,2026-03-26 12:00:00,2026-03-26 13:00:00,fyn,5.675,461.5,8.575,,1004.07,56.75,46.6667
1774530000,2026-03-26 13:00:00,2026-03-26 14:00:00,fyn,6.0,432.5,8.275,0.0333333,1004.62,58.5,20.0
1774533600,2026-03-26 14:00:00,2026-03-26 15:00:00,fyn,5.4,297.0,7.7,0.0,1005.06,66.5,50.0
1774537200,2026-03-26 15:00:00,2026-03-26 16:00:00,fyn,5.425,202.0,7.6,0.0,1005.33,67.25,66.6667
1774540800,2026-03-26 16:00:00,2026-03-26 17:00:00,fyn,5.425,172.5,7.175,0.0,1005.89,68.0,86.6667
1774544400,2026-03-26 17:00:00,2026-03-26 18:00:00,fyn,4.875,74.5,6.875,0.0,1006.55,73.25,71.6667
1774548000,2026-03-26 18:00:00,2026-03-26 19:00:00,fyn,4.15,9.0,5.525,0.0,1007.09,81.0,76.6667
1774551600,2026-03-26 19:00:00,2026-03-26 20:00:00,fyn,4.175,0.0,5.2,0.0,1007.89,81.75,36.6667
1774555200,2026-03-26 20:00:00,2026-03-26 21:00:00,fyn,3.9,0.0,4.75,0.0,1008.68,79.5,18.3333
1774558800,2026-03-26 21:00:00,2026-03-26 22:00:00,fyn,3.175,0.0,4.425,0.0,1009.49,80.0,0.0
1774562400,2026-03-26 22:00:00,2026-03-26 23:00:00,fyn,2.775,0.0,4.675,0.0,1010.13,80.75,10.0
1774566000,2026-03-26 23:00:00,2026-03-27 00:00:00,fyn,2.45,0.0,4.525,0.0,1010.85,82.0,11.6667
1774569600,2026-03-27 00:00:00,2026-03-27 01:00:00,fyn,2.375,0.0,4.55,0.0,1011.43,83.0,0.0
1774573200,2026-03-27 01:00:00,2026-03-27 02:00:00,fyn,1.95,0.0,4.525,0.0,1011.97,85.75,0.0
1774576800,2026-03-27 02:00:00,2026-03-27 03:00:00,fyn,1.625,0.0,3.975,0.0,1012.37,87.5,5.0
1774580400,2026-03-27 03:00:00,2026-03-27 04:00:00,fyn,1.25,0.0,4.175,0.0,1012.94,88.75,6.66667
1774584000,2026-03-27 04:00:00,2026-03-27 05:00:00,fyn,1.375,0.0,4.325,0.0,1013.63,87.75,6.66667
1774587600,2026-03-27 05:00:00,2026-03-27 06:00:00,fyn,1.275,0.0,3.9,0.0,1014.36,88.0,0.0
1774591200,2026-03-27 06:00:00,2026-03-27 07:00:00,fyn,1.475,24.5,4.05,0.0,1014.97,87.75,8.33333
1774594800,2026-03-27 07:00:00,2026-03-27 08:00:00,fyn,2.7,76.5,4.075,0.0,1015.48,84.25,86.6667
1774598400,2026-03-27 08:00:00,2026-03-27 09:00:00,fyn,4.1,231.5,4.225,0.0,1016.04,77.75,41.6667
1774602000,2026-03-27 09:00:00,2026-03-27 10:00:00,fyn,5.35,386.0,4.95,0.0,1016.42,68.5,70.0
1774605600,2026-03-27 10:00:00,2026-03-27 11:00:00,fyn,5.975,515.5,5.5,0.0,1016.4,62.0,53.3333
1774609200,2026-03-27 11:00:00,2026-03-27 12:00:00,fyn,6.725,618.0,5.625,0.0333333,1016.2,59.25,15.0
1774612800,2026-03-27 12:00:00,2026-03-27 13:00:00,fyn,7.25,588.0,6.025,0.0,1015.97,56.25,20.0
1774616400,2026-03-27 13:00:00,2026-03-27 14:00:00,fyn,7.725,596.5,6.375,0.0,1015.74,55.75,25.0
1774620000,2026-03-27 14:00:00,2026-03-27 15:00:00,fyn,7.75,544.0,6.525,0.0,1015.37,55.0,33.3333
1774623600,2026-03-27 15:00:00,2026-03-27 16:00:00,fyn,7.525,412.5,6.775,0.0,1014.83,55.0,26.6667
1774627200,2026-03-27 16:00:00,2026-03-27 17:00:00,fyn,7.3,266.5,6.375,0.0,1014.46,58.0,6.66667
1774630800,2026-03-27 17:00:00,2026-03-27 18:00:00,fyn,6.8,120.5,6.0,0.0,1014.09,63.5,0.0
1774634400,2026-03-27 18:00:00,2026-03-27 19:00:00,fyn,6.05,12.0,5.25,0.0,1013.58,70.0,63.3333
1774638000,2026-03-27 19:00:00,2026-03-27 20:00:00,fyn,5.8,0.0,5.1,0.0,1013.2,73.0,76.6667
1774641600,2026-03-27 20:00:00,2026-03-27 21:00:00,fyn,5.725,0.0,5.85,0.0,1012.49,74.25,95.0
1774645200,2026-03-27 21:00:00,2026-03-27 22:00:00,fyn,5.6,0.0,6.8,0.0,1011.76,77.25,93.3333
1774648800,2026-03-27 22:00:00,2026-03-27 23:00:00,fyn,5.45,0.0,7.575,0.0,1011.11,80.5,95.0
1774652400,2026-03-27 23:00:00,2026-03-28 00:00:00,fyn,5.225,0.0,7.975,0.0,1010.69,83.5,96.6667
1774656000,2026-03-28 00:00:00,2026-03-28 01:00:00,fyn,5.05,0.0,8.175,0.1,1010.14,87.5,96.6667
1774659600,2026-03-28 01:00:00,2026-03-28 02:00:00,fyn,4.775,0.0,7.775,0.333333,1009.41,92.25,96.6667
1774663200,2026-03-28 02:00:00,2026-03-28 03:00:00,fyn,4.775,0.0,7.3,0.233333,1008.93,94.0,96.6667
1774666800,2026-03-28 03:00:00,2026-03-28 04:00:00,fyn,4.75,0.0,6.675,0.0,1008.63,96.0,95.0
1774670400,2026-03-28 04:00:00,2026-03-28 05:00:00,fyn,4.825,0.0,5.875,0.0666667,1008.5,97.25,96.6667
1774674000,2026-03-28 05:00:00,2026-03-28 06:00:00,fyn,4.975,0.0,4.85,0.1,1008.75,98.0,93.3333
1774677600,2026-03-28 06:00:00,2026-03-28 07:00:00,fyn,4.85,9.5,4.4,0.0666667,1009.17,96.75,93.3333
1774681200,2026-03-28 07:00:00,2026-03-28 08:00:00,fyn,4.775,64.5,3.475,0.0,1009.52,96.75,90.0
1774684800,2026-03-28 08:00:00,2026-03-28 09:00:00,fyn,5.4,243.0,3.325,0.0,1009.98,94.0,90.0
1774688400,2026-03-28 09:00:00,2026-03-28 10:00:00,fyn,6.275,315.0,3.3,0.0,1010.33,88.5,58.3333
1774692000,2026-03-28 10:00:00,2026-03-28 11:00:00,fyn,6.975,411.5,3.9,0.0,1010.54,83.75,45.0
1774695600,2026-03-28 11:00:00,2026-03-28 12:00:00,fyn,7.675,351.0,4.65,0.0,1010.89,77.75,75.0
1774699200,2026-03-28 12:00:00,2026-03-28 13:00:00,fyn,7.95,397.5,4.85,0.0,1011.17,72.25,85.0
1774702800,2026-03-28 13:00:00,2026-03-28 14:00:00,fyn,8.475,478.5,5.425,0.0,1011.37,64.5,75.0
1774706400,2026-03-28 14:00:00,2026-03-28 15:00:00,fyn,8.75,354.0,5.525,0.0,1011.56,58.0,80.0
1774710000,2026-03-28 15:00:00,2026-03-28 16:00:00,fyn,8.6,295.5,5.4,0.0,1011.87,58.5,75.0
1774713600,2026-03-28 16:00:00,2026-03-28 17:00:00,fyn,8.175,208.0,5.35,0.0,1012.48,60.0,66.6667
1774717200,2026-03-28 17:00:00,2026-03-28 18:00:00,fyn,7.575,141.5,5.275,0.0,1013.37,62.0,35.0
1774720800,2026-03-28 18:00:00,2026-03-28 19:00:00,fyn,6.45,29.0,4.775,0.0,1014.39,68.5,90.0
1774724400,2026-03-28 19:00:00,2026-03-28 20:00:00,fyn,4.925,0.0,3.95,0.0,1015.05,77.0,13.3333
1774728000,2026-03-28 20:00:00,2026-03-28 21:00:00,fyn,3.7,0.0,3.075,0.0,1015.57,83.0,0.0
1774731600,2026-03-28 21:00:00,2026-03-28 22:00:00,fyn,3.1,0.0,2.6,0.0,1016.12,86.75,0.0
1774735200,2026-03-28 22:00:00,2026-03-28 23:00:00,fyn,2.625,0.0,2.6,0.0,1016.55,89.75,0.0
1774738800,2026-03-28 23:00:00,2026-03-29 00:00:00,fyn,2.4,0.0,2.7,0.0,1016.98,92.5,31.6667
1774742400,2026-03-29 00:00:00,2026-03-29 01:00:00,fyn,2.775,0.0,2.6,0.0,1017.28,94.0,28.3333
1774746000,2026-03-29 01:00:00,2026-03-29 03:00:00,fyn,3.15,0.0,2.725,0.0,1017.75,95.25,83.3333
1774749600,2026-03-29 02:00:00,2026-03-29 04:00:00,fyn,3.125,0.0,2.9,0.0,1018.1,95.75,95.0
1774753200,2026-03-29 03:00:00,2026-03-29 05:00:00,fyn,3.65,0.0,2.7,0.0,1018.45,95.75,66.6667
1774756800,2026-03-29 04:00:00,2026-03-29 06:00:00,fyn,3.2,0.0,3.075,0.0,1018.93,94.5,85.0
1774760400,2026-03-29 05:00:00,2026-03-29 07:00:00,fyn,2.55,0.0,2.575,0.0,1019.12,95.75,33.3333
1774764000,2026-03-29 06:00:00,2026-03-29 08:00:00,fyn,1.775,30.0,2.575,0.0,1019.56,96.5,0.0
1774767600,2026-03-29 07:00:00,2026-03-29 09:00:00,fyn,3.325,117.0,3.4,0.0,1019.87,94.5,1.66667
1774771200,2026-03-29 08:00:00,2026-03-29 10:00:00,fyn,5.225,294.5,5.0,0.0,1019.89,87.0,8.33333
1774774800,2026-03-29 09:00:00,2026-03-29 11:00:00,fyn,6.25,323.5,5.625,0.0,1019.45,81.75,85.0
1774778400,2026-03-29 10:00:00,2026-03-29 12:00:00,fyn,6.875,287.5,6.475,0.0,1019.11,76.5,90.0
1774782000,2026-03-29 11:00:00,2026-03-29 13:00:00,fyn,7.025,337.0,6.625,0.0666667,1018.73,75.0,68.3333
1774785600,2026-03-29 12:00:00,2026-03-29 14:00:00,fyn,7.625,499.0,7.575,0.166667,1018.28,70.25,41.6667
1774789200,2026-03-29 13:00:00,2026-03-29 15:00:00,fyn,7.65,429.0,7.95,0.0666667,1017.43,69.75,85.0
1774792800,2026-03-29 14:00:00,2026-03-29 16:00:00,fyn,7.45,189.0,8.225,0.0,1016.47,67.25,93.3333
1774796400,2026-03-29 15:00:00,2026-03-29 17:00:00,fyn,6.95,110.5,8.45,0.0,1015.45,68.0,90.0
1774800000,2026-03-29 16:00:00,2026-03-29 18:00:00,fyn,6.55,79.5,8.45,0.0,1014.13,69.5,90.0
1774803600,2026-03-29 17:00:00,2026-03-29 19:00:00,fyn,6.2,31.5,7.95,0.0,1012.91,70.5,90.0
1774807200,2026-03-29 18:00:00,2026-03-29 20:00:00,fyn,5.975,4.5,7.825,0.0,1011.66,73.5,91.6667
1774810800,2026-03-29 19:00:00,2026-03-29 21:00:00,fyn,5.7,0.0,9.45,0.0333333,1010.13,72.75,90.0
1774814400,2026-03-29 20:00:00,2026-03-29 22:00:00,fyn,4.7,0.0,10.55,0.633333,1008.36,81.25,91.6667
1774818000,2026-03-29 21:00:00,2026-03-29 23:00:00,fyn,3.925,0.0,10.6,0.666667,1006.65,88.25,93.3333
1774821600,2026-03-29 22:00:00,2026-03-30 00:00:00,fyn,3.525,0.0,9.975,0.633333,1004.83,91.0,96.6667
1774825200,2026-03-29 23:00:00,2026-03-30 01:00:00,fyn,3.575,0.0,10.425,0.566667,1003.3,92.5,96.6667
1774828800,2026-03-30 00:00:00,2026-03-30 02:00:00,fyn,3.6,0.0,10.125,1.03333,1002.22,92.75,91.6667
1774832400,2026-03-30 01:00:00,2026-03-30 03:00:00,fyn,3.6,0.0,9.025,1.23333,1001.59,92.75,95.0
1774836000,2026-03-30 02:00:00,2026-03-30 04:00:00,fyn,3.575,0.0,4.875,1.03333,1001.22,94.5,96.6667
1774839600,2026-03-30 03:00:00,2026-03-30 05:00:00,fyn,3.775,0.0,3.5,0.0,1001.14,95.25,90.0
1774843200,2026-03-30 04:00:00,2026-03-30 06:00:00,fyn,3.5,0.0,3.05,0.1,1001.53,96.25,91.6667
1774846800,2026-03-30 05:00:00,2026-03-30 07:00:00,fyn,3.625,0.0,3.375,0.0,1002.03,95.5,76.6667
1774850400,2026-03-30 06:00:00,2026-03-30 08:00:00,fyn,3.5,23.5,3.65,0.0,1002.75,94.0,36.6667
1774854000,2026-03-30 07:00:00,2026-03-30 09:00:00,fyn,4.175,90.5,4.625,0.0,1003.53,90.75,33.3333
1774857600,2026-03-30 08:00:00,2026-03-30 10:00:00,fyn,5.275,287.0,5.475,0.0,1004.27,85.75,35.0
1774861200,2026-03-30 09:00:00,2026-03-30 11:00:00,fyn,6.1,359.0,6.1,0.0,1004.78,79.75,38.3333
1774864800,2026-03-30 10:00:00,2026-03-30 12:00:00,fyn,6.825,384.0,5.975,0.0,1005.18,73.75,25.0
1774868400,2026-03-30 11:00:00,2026-03-30 13:00:00,fyn,7.1,375.0,6.125,0.233333,1005.65,73.75,66.6667
1774872000,2026-03-30 12:00:00,2026-03-30 14:00:00,fyn,7.375,519.5,6.625,0.0,1006.08,74.0,50.0
1774875600,2026-03-30 13:00:00,2026-03-30 15:00:00,fyn,7.475,435.5,7.125,0.0666667,1006.78,73.75,45.0
1774879200,2026-03-30 14:00:00,2026-03-30 16:00:00,fyn,6.825,327.5,7.15,0.2,1007.29,78.75,48.3333
1774882800,2026-03-30 15:00:00,2026-03-30 17:00:00,fyn,7.025,249.5,6.75,0.0,1007.94,78.0,56.6667
1774886400,2026-03-30 16:00:00,2026-03-30 18:00:00,fyn,7.125,137.5,6.15,0.133333,1008.78,76.5,43.3333
1774890000,2026-03-30 17:00:00,2026-03-30 19:00:00,fyn,6.9,90.5,6.15,0.0,1009.61,76.25,66.6667
1774893600,2026-03-30 18:00:00,2026-03-30 20:00:00,fyn,6.2,20.0,5.575,0.0,1010.66,77.0,6.66667
1774897200,2026-03-30 19:00:00,2026-03-30 21:00:00,fyn,5.675,0.0,5.0,0.0,1011.4,80.5,26.6667
1774900800,2026-03-30 20:00:00,2026-03-30 22:00:00,fyn,5.475,0.0,4.55,0.0,1012.01,83.5,56.6667
1774904400,2026-03-30 21:00:00,2026-03-30 23:00:00,fyn,5.5,0.0,4.775,0.0,1012.41,85.75,90.0
1774908000,2026-03-30 22:00:00,2026-03-31 00:00:00,fyn,5.525,0.0,4.975,0.0,1012.88,86.75,90.0
1774911600,2026-03-30 23:00:00,2026-03-31 01:00:00,fyn,5.5,0.0,5.05,0.0,1013.17,87.75,93.3333
1774915200,2026-03-31 00:00:00,2026-03-31 02:00:00,fyn,5.525,0.0,4.925,0.0,1013.51,87.5,91.6667
1774918800,2026-03-31 01:00:00,2026-03-31 03:00:00,fyn,5.5,0.0,5.0,0.0,1013.59,87.25,76.6667
1774922400,2026-03-31 02:00:00,2026-03-31 04:00:00,fyn,5.65,0.0,5.575,0.0,1013.59,87.0,90.0
1774926000,2026-03-31 03:00:00,2026-03-31 05:00:00,fyn,5.725,0.0,6.15,0.0,1013.75,86.75,91.6667
1774929600,2026-03-31 04:00:00,2026-03-31 06:00:00,fyn,5.8,0.0,6.35,0.0666667,1013.91,88.25,96.6667
1774933200,2026-03-31 05:00:00,2026-03-31 07:00:00,fyn,5.775,0.0,6.025,0.0,1014.24,88.25,90.0
1774936800,2026-03-31 06:00:00,2026-03-31 08:00:00,fyn,5.875,22.5,6.5,0.0666667,1014.74,86.75,15.0
1774940400,2026-03-31 07:00:00,2026-03-31 09:00:00,fyn,6.175,93.0,6.95,0.0,1015.32,84.75,71.6667
1774944000,2026-03-31 08:00:00,2026-03-31 10:00:00,fyn,6.8,156.5,7.475,0.0,1015.9,79.0,36.6667
1774947600,2026-03-31 09:00:00,2026-03-31 11:00:00,fyn,7.475,256.5,7.75,0.0,1016.31,74.0,53.3333
1774951200,2026-03-31 10:00:00,2026-03-31 12:00:00,fyn,8.2,388.5,7.8,0.0,1016.91,70.0,85.0
1774954800,2026-03-31 11:00:00,2026-03-31 13:00:00,fyn,8.775,423.0,6.825,0.0,1017.39,68.0,10.0
1774958400,2026-03-31 12:00:00,2026-03-31 14:00:00,fyn,9.825,597.5,6.675,0.0,1017.9,62.0,10.0
1774962000,2026-03-31 13:00:00,2026-03-31 15:00:00,fyn,10.4,515.5,6.2,0.0,1018.2,59.25,23.3333
1774965600,2026-03-31 14:00:00,2026-03-31 16:00:00,fyn,10.9,551.0,5.975,0.0,1018.53,55.25,3.33333
1774969200,2026-03-31 15:00:00,2026-03-31 17:00:00,fyn,11.175,450.0,6.0,0.0,1018.78,52.75,1.66667
1774972800,2026-03-31 16:00:00,2026-03-31 18:00:00,fyn,10.85,307.5,5.7,0.0,1019.33,52.0,1.66667
1774976400,2026-03-31 17:00:00,2026-03-31 19:00:00,fyn,10.35,160.0,4.925,0.0,1020.05,54.25,30.0
1774980000,2026-03-31 18:00:00,2026-03-31 20:00:00,fyn,8.875,31.5,3.975,0.0,1021.01,62.5,8.33333
1774983600,2026-03-31 19:00:00,2026-03-31 21:00:00,fyn,6.75,0.0,3.225,0.0,1021.77,75.75,10.0
1774987200,2026-03-31 20:00:00,2026-03-31 22:00:00,fyn,5.75,0.0,3.125,0.0,1022.34,83.75,10.0
1774990800,2026-03-31 21:00:00,2026-03-31 23:00:00,fyn,4.9,0.0,2.625,0.0,1022.55,86.5,10.0
1774994400,2026-03-31 22:00:00,2026-04-01 00:00:00,fyn,4.15,0.0,2.275,0.0,1022.85,90.25,13.3333
1774998000,2026-03-31 23:00:00,2026-04-01 01:00:00,fyn,3.25,0.0,2.2,0.0,1023.14,93.75,0.0
1775001600,2026-04-01 00:00:00,2026-04-01 02:00:00,fyn,2.85,0.0,1.9,0.0,1023.28,95.75,0.0
1775005200,2026-04-01 01:00:00,2026-04-01 03:00:00,fyn,2.45,0.0,2.125,0.0,1023.2,96.75,8.33333
1775008800,2026-04-01 02:00:00,2026-04-01 04:00:00,fyn,2.3,0.0,2.275,0.0,1022.98,98.5,1.66667
1775012400,2026-04-01 03:00:00,2026-04-01 05:00:00,fyn,2.075,0.0,2.875,0.0,1022.75,99.5,20.0
1775016000,2026-04-01 04:00:00,2026-04-01 06:00:00,fyn,1.975,0.0,2.275,0.0,1022.81,99.75,1.66667
1775019600,2026-04-01 05:00:00,2026-04-01 07:00:00,fyn,1.825,0.0,2.25,0.0,1023.1,100.0,0.0
1775023200,2026-04-01 06:00:00,2026-04-01 08:00:00,fyn,1.725,14.5,2.175,0.0,1023.24,100.0,0.0
1775026800,2026-04-01 07:00:00,2026-04-01 09:00:00,fyn,1.9,73.5,1.775,0.0,1023.14,100.0,0.0
1775030400,2026-04-01 08:00:00,2026-04-01 10:00:00,fyn,2.45,152.0,1.625,0.0,1023.06,100.0,31.6667
1775034000,2026-04-01 09:00:00,2026-04-01 11:00:00,fyn,3.375,269.0,2.05,0.0,1022.9,99.75,20.0
1775037600,2026-04-01 10:00:00,2026-04-01 12:00:00,fyn,5.55,436.5,2.375,0.0,1022.55,94.5,0.0
1775041200,2026-04-01 11:00:00,2026-04-01 13:00:00,fyn,7.5,420.0,3.125,0.0,1022.01,77.0,3.33333
1775044800,2026-04-01 12:00:00,2026-04-01 14:00:00,fyn,8.6,437.5,3.675,0.0,1021.47,71.75,3.33333
1775048400,2026-04-01 13:00:00,2026-04-01 15:00:00,fyn,9.3,487.5,3.925,0.0,1020.74,68.75,0.0
1775052000,2026-04-01 14:00:00,2026-04-01 16:00:00,fyn,9.875,414.5,4.35,0.0,1020.04,65.0,6.66667
1775055600,2026-04-01 15:00:00,2026-04-01 17:00:00,fyn,9.875,331.5,4.325,0.0,1019.38,66.5,1.66667
1775059200,2026-04-01 16:00:00,2026-04-01 18:00:00,fyn,9.625,208.5,4.7,0.0,1018.89,69.5,0.0
1775062800,2026-04-01 17:00:00,2026-04-01 19:00:00,fyn,8.925,87.5,4.7,0.0,1018.51,70.75,18.3333
1775066400,2026-04-01 18:00:00,2026-04-01 20:00:00,fyn,7.725,19.5,3.4,0.0,1018.43,76.5,1.66667
1775070000,2026-04-01 19:00:00,2026-04-01 21:00:00,fyn,6.375,0.0,2.525,0.0,1018.2,82.5,10.0
1775073600,2026-04-01 20:00:00,2026-04-01 22:00:00,fyn,5.475,0.0,2.075,0.0,1017.65,86.0,15.0
1775077200,2026-04-01 21:00:00,2026-04-01 23:00:00,fyn,4.825,0.0,2.15,0.0,1017.08,87.25,30.0
1775080800,2026-04-01 22:00:00,2026-04-02 00:00:00,fyn,4.3,0.0,2.325,0.0,1016.44,89.75,10.0
1775084400,2026-04-01 23:00:00,2026-04-02 01:00:00,fyn,3.8,0.0,2.075,0.0,1015.76,92.0,5.0
1775088000,2026-04-02 00:00:00,2026-04-02 02:00:00,fyn,3.675,0.0,2.7,0.0,1015.0,91.75,5.0
1775091600,2026-04-02 01:00:00,2026-04-02 03:00:00,fyn,3.75,0.0,3.025,0.0,1014.17,90.5,0.0
1775095200,2026-04-02 02:00:00,2026-04-02 04:00:00,fyn,3.875,0.0,2.7,0.0,1013.28,90.5,0.0
1775098800,2026-04-02 03:00:00,2026-04-02 05:00:00,fyn,4.0,0.0,2.55,0.0,1012.56,90.75,31.6667
1775102400,2026-04-02 04:00:00,2026-04-02 06:00:00,fyn,4.125,0.0,2.975,0.0,1011.85,90.25,65.0
1775106000,2026-04-02 05:00:00,2026-04-02 07:00:00,fyn,4.575,0.0,3.475,0.0,1011.49,90.25,85.0
1775109600,2026-04-02 06:00:00,2026-04-02 08:00:00,fyn,4.975,9.0,3.025,0.0,1011.14,89.25,96.6667
1775113200,2026-04-02 07:00:00,2026-04-02 09:00:00,fyn,5.425,27.0,3.45,0.0,1010.99,88.0,91.6667
1775116800,2026-04-02 08:00:00,2026-04-02 10:00:00,fyn,5.875,31.5,3.925,0.0,1010.9,88.0,91.6667
1775120400,2026-04-02 09:00:00,2026-04-02 11:00:00,fyn,6.4,97.0,3.975,0.0,1010.71,88.25,91.6667
1775124000,2026-04-02 10:00:00,2026-04-02 12:00:00,fyn,7.05,179.5,3.925,0.0,1010.42,87.0,91.6667
1775127600,2026-04-02 11:00:00,2026-04-02 13:00:00,fyn,7.775,203.5,4.225,0.0,1009.84,85.5,90.0
1775131200,2026-04-02 12:00:00,2026-04-02 14:00:00,fyn,8.275,206.5,4.875,0.0,1009.45,86.0,90.0
1775134800,2026-04-02 13:00:00,2026-04-02 15:00:00,fyn,8.25,102.0,4.8,0.0,1009.24,87.0,90.0
1775138400,2026-04-02 14:00:00,2026-04-02 16:00:00,fyn,7.475,106.5,5.625,0.5,1009.21,90.0,90.0
1775142000,2026-04-02 15:00:00,2026-04-02 17:00:00,fyn,7.225,124.5,5.7,0.0333333,1009.25,86.5,95.0
1775145600,2026-04-02 16:00:00,2026-04-02 18:00:00,fyn,7.1,200.0,5.95,0.0,1009.45,75.25,91.6667
1775149200,2026-04-02 17:00:00,2026-04-02 19:00:00,fyn,6.85,149.5,5.825,0.0,1009.86,67.25,8.33333
1775152800,2026-04-02 18:00:00,2026-04-02 20:00:00,fyn,5.575,32.5,5.65,0.0,1010.43,64.25,1.66667
1775156400,2026-04-02 19:00:00,2026-04-02 21:00:00,fyn,4.525,0.0,5.2,0.0,1010.81,66.5,36.6667
1775160000,2026-04-02 20:00:00,2026-04-02 22:00:00,fyn,4.0,0.0,4.95,0.0,1010.84,67.75,85.0
1775163600,2026-04-02 21:00:00,2026-04-02 23:00:00,fyn,3.775,0.0,5.0,0.0,1010.77,71.5,61.6667
1775167200,2026-04-02 22:00:00,2026-04-03 00:00:00,fyn,3.6,0.0,4.725,0.0,1010.64,73.25,96.6667
1775170800,2026-04-02 23:00:00,2026-04-03 01:00:00,fyn,3.875,0.0,5.1,0.0,1010.53,70.0,96.6667
1775174400,2026-04-03 00:00:00,2026-04-03 02:00:00,fyn,3.95,0.0,6.375,0.0,1010.49,66.75,96.6667
1775178000,2026-04-03 01:00:00,2026-04-03 03:00:00,fyn,3.95,0.0,6.6,0.0,1010.28,62.75,96.6667
1775181600,2026-04-03 02:00:00,2026-04-03 04:00:00,fyn,3.8,0.0,5.775,0.0,1010.17,64.75,95.0
1775185200,2026-04-03 03:00:00,2026-04-03 05:00:00,fyn,3.6,0.0,5.8,0.0,1010.09,66.0,93.3333
1775188800,2026-04-03 04:00:00,2026-04-03 06:00:00,fyn,3.55,0.0,5.8,0.0333333,1010.15,66.25,96.6667
1775192400,2026-04-03 05:00:00,2026-04-03 07:00:00,fyn,3.5,0.0,5.525,0.0,1010.24,67.25,96.6667
1775196000,2026-04-03 06:00:00,2026-04-03 08:00:00,fyn,3.475,23.5,5.475,0.0,1010.45,69.0,98.3333
1775199600,2026-04-03 07:00:00,2026-04-03 09:00:00,fyn,3.8,83.0,5.15,0.0,1010.78,68.0,98.3333
1775203200,2026-04-03 08:00:00,2026-04-03 10:00:00,fyn,4.3,168.0,5.0,0.0,1010.89,66.75,96.6667
1775206800,2026-04-03 09:00:00,2026-04-03 11:00:00,fyn,5.0,217.5,5.35,0.0,1010.73,63.5,95.0
1775210400,2026-04-03 10:00:00,2026-04-03 12:00:00,fyn,5.65,320.0,5.75,0.0,1010.12,63.25,93.3333
1775214000,2026-04-03 11:00:00,2026-04-03 13:00:00,fyn,6.625,491.5,5.1,0.0,1009.45,61.75,90.0
1775217600,2026-04-03 12:00:00,2026-04-03 14:00:00,fyn,7.4,545.0,5.0,0.0,1008.95,61.75,90.0
1775221200,2026-04-03 13:00:00,2026-04-03 15:00:00,fyn,8.15,554.5,5.475,0.0,1008.35,60.75,60.0
1775224800,2026-04-03 14:00:00,2026-04-03 16:00:00,fyn,8.25,307.0,6.575,0.0,1007.49,62.75,90.0
1775228400,2026-04-03 15:00:00,2026-04-03 17:00:00,fyn,8.125,276.5,7.0,0.0,1006.57,61.75,66.6667
1775232000,2026-04-03 16:00:00,2026-04-03 18:00:00,fyn,7.775,144.5,6.35,0.0,1005.86,62.75,91.6667
1775235600,2026-04-03 17:00:00,2026-04-03 19:00:00,fyn,7.525,41.5,6.2,0.0,1005.09,63.25,96.6667
1775239200,2026-04-03 18:00:00,2026-04-03 20:00:00,fyn,7.125,5.5,6.725,0.0,1004.23,71.25,96.6667
1775242800,2026-04-03 19:00:00,2026-04-03 21:00:00,fyn,6.675,0.0,6.675,0.0666667,1003.14,78.0,95.0
1775246400,2026-04-03 20:00:00,2026-04-03 22:00:00,fyn,6.35,0.0,7.225,0.533333,1001.59,85.0,91.6667
1775250000,2026-04-03 21:00:00,2026-04-03 23:00:00,fyn,6.275,0.0,8.575,0.1,1000.44,89.5,91.6667
1775253600,2026-04-03 22:00:00,2026-04-04 00:00:00,fyn,6.475,0.0,8.975,0.366667,999.438,93.5,91.6667
1775257200,2026-04-03 23:00:00,2026-04-04 01:00:00,fyn,7.05,0.0,9.25,0.633333,999.029,95.25,95.0
1775260800,2026-04-04 00:00:00,2026-04-04 02:00:00,fyn,7.875,0.0,8.825,0.166667,999.304,94.75,95.0
1775264400,2026-04-04 01:00:00,2026-04-04 03:00:00,fyn,8.3,0.0,8.775,0.0,1000.05,91.0,93.3333
1775268000,2026-04-04 02:00:00,2026-04-04 04:00:00,fyn,7.675,0.0,8.95,0.0,1000.95,88.0,71.6667
1775271600,2026-04-04 03:00:00,2026-04-04 05:00:00,fyn,7.075,0.0,8.6,0.0,1001.73,84.75,60.0
1775275200,2026-04-04 04:00:00,2026-04-04 06:00:00,fyn,6.5,0.0,8.725,0.0333333,1002.72,83.75,75.0
1775278800,2026-04-04 05:00:00,2026-04-04 07:00:00,fyn,6.05,0.0,9.35,0.2,1004.26,82.75,91.6667
1775282400,2026-04-04 06:00:00,2026-04-04 08:00:00,fyn,5.75,30.5,9.325,0.0333333,1005.88,81.25,40.0
1775286000,2026-04-04 07:00:00,2026-04-04 09:00:00,fyn,6.075,91.0,8.725,0.0,1006.85,77.75,23.3333
1775289600,2026-04-04 08:00:00,2026-04-04 10:00:00,fyn,6.85,218.5,9.025,0.0,1007.9,75.25,60.0
1775293200,2026-04-04 09:00:00,2026-04-04 11:00:00,fyn,7.425,317.0,9.625,0.0333333,1008.91,68.75,35.0
1775296800,2026-04-04 10:00:00,2026-04-04 12:00:00,fyn,7.975,467.0,9.35,0.0,1009.67,64.5,15.0
1775300400,2026-04-04 11:00:00,2026-04-04 13:00:00,fyn,8.725,605.5,9.6,0.0333333,1010.28,58.25,28.3333
1775304000,2026-04-04 12:00:00,2026-04-04 14:00:00,fyn,8.675,481.0,8.9,0.0,1010.9,57.75,63.3333
1775307600,2026-04-04 13:00:00,2026-04-04 15:00:00,fyn,9.2,603.0,9.475,0.0,1011.39,57.25,70.0
1775311200,2026-04-04 14:00:00,2026-04-04 16:00:00,fyn,8.975,505.0,9.05,0.0,1011.73,58.5,68.3333
1775314800,2026-04-04 15:00:00,2026-04-04 17:00:00,fyn,8.75,400.0,8.525,0.0,1011.8,59.0,31.6667
1775318400,2026-04-04 16:00:00,2026-04-04 18:00:00,fyn,8.475,318.5,7.65,0.0,1011.9,60.5,3.33333
1775322000,2026-04-04 17:00:00,2026-04-04 19:00:00,fyn,7.85,164.0,6.675,0.0,1011.64,64.0,0.0
1775325600,2026-04-04 18:00:00,2026-04-04 20:00:00,fyn,6.775,36.0,5.15,0.0,1011.37,71.0,8.33333
1775329200,2026-04-04 19:00:00,2026-04-04 21:00:00,fyn,5.375,0.0,3.025,0.0,1011.04,79.75,1.66667
1775332800,2026-04-04 20:00:00,2026-04-04 22:00:00,fyn,4.6,0.0,2.475,0.0,1009.98,84.75,16.6667
1775336400,2026-04-04 21:00:00,2026-04-04 23:00:00,fyn,4.7,0.0,2.875,0.0,1008.62,87.0,91.6667
1775340000,2026-04-04 22:00:00,2026-04-05 00:00:00,fyn,5.6,0.0,4.275,0.0,1007.23,84.75,95.0
1775343600,2026-04-04 23:00:00,2026-04-05 01:00:00,fyn,6.275,0.0,5.375,0.0,1005.53,78.75,61.6667
1775347200,2026-04-05 00:00:00,2026-04-05 02:00:00,fyn,6.875,0.0,6.925,0.0,1003.95,75.5,90.0
1775350800,2026-04-05 01:00:00,2026-04-05 03:00:00,fyn,7.775,0.0,7.15,0.0333333,1002.01,77.5,93.3333
1775354400,2026-04-05 02:00:00,2026-04-05 04:00:00,fyn,8.55,0.0,8.1,0.0,1000.59,80.0,66.6667
1775358000,2026-04-05 03:00:00,2026-04-05 05:00:00,fyn,8.975,0.0,8.1,0.0,998.983,82.75,71.6667
1775361600,2026-04-05 04:00:00,2026-04-05 06:00:00,fyn,9.775,0.0,9.275,0.0,997.3,83.0,75.0
1775365200,2026-04-05 05:00:00,2026-04-05 07:00:00,fyn,10.35,0.0,10.65,0.0333333,996.417,81.5,90.0
1775368800,2026-04-05 06:00:00,2026-04-05 08:00:00,fyn,10.575,4.5,12.675,0.266667,996.438,81.0,85.0
1775372400,2026-04-05 07:00:00,2026-04-05 09:00:00,fyn,10.275,61.0,14.025,0.0666667,997.071,75.75,70.0
1775376000,2026-04-05 08:00:00,2026-04-05 10:00:00,fyn,9.6,179.5,14.775,0.0333333,998.475,67.75,63.3333
1775379600,2026-04-05 09:00:00,2026-04-05 11:00:00,fyn,8.8,307.0,15.075,0.0333333,999.746,61.0,43.3333
1775383200,2026-04-05 10:00:00,2026-04-05 12:00:00,fyn,8.975,443.0,14.925,0.0666667,1001.12,59.25,20.0
1775386800,2026-04-05 11:00:00,2026-04-05 13:00:00,fyn,9.3,568.0,14.725,0.0,1001.96,57.25,3.33333
1775390400,2026-04-05 12:00:00,2026-04-05 14:00:00,fyn,9.6,644.5,14.075,0.0,1002.81,55.0,0.0
1775394000,2026-04-05 13:00:00,2026-04-05 15:00:00,fyn,9.65,600.5,13.85,0.0333333,1003.8,52.25,0.0
1775397600,2026-04-05 14:00:00,2026-04-05 16:00:00,fyn,9.35,491.5,13.8,0.0,1004.92,53.5,10.0
1775401200,2026-04-05 15:00:00,2026-04-05 17:00:00,fyn,8.625,334.0,13.5,0.0,1005.86,58.0,45.0
1775404800,2026-04-05 16:00:00,2026-04-05 18:00:00,fyn,8.0,199.5,12.875,0.0,1006.18,61.5,46.6667
1775408400,2026-04-05 17:00:00,2026-04-05 19:00:00,fyn,7.575,110.0,12.125,0.0,1006.68,63.25,15.0
1775412000,2026-04-05 18:00:00,2026-04-05 20:00:00,fyn,7.025,27.0,10.65,0.0,1007.37,66.0,38.3333
1775415600,2026-04-05 19:00:00,2026-04-05 21:00:00,fyn,6.5,,9.0,,1008.03,69.5,35.0
1775419200,2026-04-05 20:00:00,2026-04-05 22:00:00,fyn,6.25,0.0,8.85,0.0,1008.49,71.5,18.3333
1775422800,2026-04-05 21:00:00,2026-04-05 23:00:00,fyn,5.8,0.0,8.15,0.0,1009.08,75.75,6.66667
1775426400,2026-04-05 22:00:00,2026-04-06 00:00:00,fyn,5.675,0.0,8.7,0.0,1009.7,76.5,18.3333
1775430000,2026-04-05 23:00:00,2026-04-06 01:00:00,fyn,5.575,0.0,8.4,0.0,1010.38,77.75,25.0
1775433600,2026-04-06 00:00:00,2026-04-06 02:00:00,fyn,5.5,0.0,8.6,0.0,1010.82,76.75,15.0
1775437200,2026-04-06 01:00:00,2026-04-06 03:00:00,fyn,5.375,0.0,8.225,0.0,1011.48,76.25,58.3333
1775440800,2026-04-06 02:00:00,2026-04-06 04:00:00,fyn,5.2,0.0,8.9,0.0333333,1012.1,75.75,11.6667
1775444400,2026-04-06 03:00:00,2026-04-06 05:00:00,fyn,4.65,0.0,8.225,0.0333333,1012.64,76.5,16.6667
1775448000,2026-04-06 04:00:00,2026-04-06 06:00:00,fyn,4.675,0.0,8.175,0.0,1013.28,79.75,0.0
1775451600,2026-04-06 05:00:00,2026-04-06 07:00:00,fyn,4.725,1.5,8.1,0.0,1014.06,79.75,0.0
1775455200,2026-04-06 06:00:00,2026-04-06 08:00:00,fyn,5.275,65.0,8.175,0.0,1014.72,76.5,1.66667
1775458800,2026-04-06 07:00:00,2026-04-06 09:00:00,fyn,6.125,140.5,9.15,0.0,1015.35,72.0,36.6667
1775462400,2026-04-06 08:00:00,2026-04-06 10:00:00,fyn,6.825,231.5,10.275,0.0,1016.21,67.0,85.0
1775466000,2026-04-06 09:00:00,2026-04-06 11:00:00,fyn,7.3,311.5,10.6,0.0,1016.7,67.25,76.6667
1775469600,2026-04-06 10:00:00,2026-04-06 12:00:00,fyn,7.95,318.5,10.875,0.0333333,1017.22,64.0,71.6667
1775473200,2026-04-06 11:00:00,2026-04-06 13:00:00,fyn,8.775,409.5,11.225,0.0,1017.82,59.0,90.0
1775476800,2026-04-06 12:00:00,2026-04-06 14:00:00,fyn,9.125,486.0,11.3,0.0,1018.43,58.75,85.0
1775480400,2026-04-06 13:00:00,2026-04-06 15:00:00,fyn,9.3,418.0,10.55,0.0,1018.87,58.75,48.3333
1775484000,2026-04-06 14:00:00,2026-04-06 16:00:00,fyn,9.4,387.0,10.05,0.0,1019.47,58.75,10.0
1775487600,2026-04-06 15:00:00,2026-04-06 17:00:00,fyn,9.275,339.0,9.55,0.0,1019.92,57.5,5.0
1775491200,2026-04-06 16:00:00,2026-04-06 18:00:00,fyn,9.15,285.5,9.05,0.0,1020.38,56.0,5.0
1775494800,2026-04-06 17:00:00,2026-04-06 19:00:00,fyn,8.525,170.0,8.25,0.0,1020.75,58.25,0.0
1775498400,2026-04-06 18:00:00,2026-04-06 20:00:00,fyn,7.425,37.5,7.825,0.0,1021.11,64.25,0.0
1775502000,2026-04-06 19:00:00,2026-04-06 21:00:00,fyn,6.325,0.0,6.5,0.0,1021.45,73.5,0.0
1775505600,2026-04-06 20:00:00,2026-04-06 22:00:00,fyn,5.55,0.0,5.75,0.0,1021.59,79.5,6.66667
1775509200,2026-04-06 21:00:00,2026-04-06 23:00:00,fyn,5.125,0.0,5.525,0.0,1021.61,82.5,40.0
1775512800,2026-04-06 22:00:00,2026-04-07 00:00:00,fyn,4.975,0.0,4.975,0.0,1021.78,85.0,86.6667
1775516400,2026-04-06 23:00:00,2026-04-07 01:00:00,fyn,5.2,0.0,5.55,0.0,1022.03,85.0,30.0
1775520000,2026-04-07 00:00:00,2026-04-07 02:00:00,fyn,5.175,0.0,5.5,0.0,1022.05,85.5,5.0
1775523600,2026-04-07 01:00:00,2026-04-07 03:00:00,fyn,5.0,0.0,5.4,0.0,1022.03,86.5,30.0
1775527200,2026-04-07 02:00:00,2026-04-07 04:00:00,fyn,4.6,0.0,4.9,0.0,1022.2,89.25,10.0
1775530800,2026-04-07 03:00:00,2026-04-07 05:00:00,fyn,4.25,0.0,4.625,0.0,1022.42,90.25,8.33333
1775534400,2026-04-07 04:00:00,2026-04-07 06:00:00,fyn,3.85,0.0,4.625,0.0,1022.76,90.75,3.33333
1775538000,2026-04-07 05:00:00,2026-04-07 07:00:00,fyn,3.375,1.5,4.2,0.0,1023.28,91.5,0.0
1775541600,2026-04-07 06:00:00,2026-04-07 08:00:00,fyn,3.7,75.5,4.0,0.0,1023.93,89.75,0.0
1775545200,2026-04-07 07:00:00,2026-04-07 09:00:00,fyn,4.95,159.5,3.925,0.0,1024.4,84.25,0.0
1775548800,2026-04-07 08:00:00,2026-04-07 10:00:00,fyn,6.325,359.0,4.025,0.0,1024.88,73.75,5.0
1775552400,2026-04-07 09:00:00,2026-04-07 11:00:00,fyn,7.45,506.5,3.475,0.0,1025.29,65.0,10.0
1775556000,2026-04-07 10:00:00,2026-04-07 12:00:00,fyn,8.575,611.0,3.1,0.0,1025.46,56.25,10.0
1775559600,2026-04-07 11:00:00,2026-04-07 13:00:00,fyn,9.5,670.5,3.275,0.0,1025.72,46.5,5.0
1775563200,2026-04-07 12:00:00,2026-04-07 14:00:00,fyn,10.3,676.0,3.2,0.0,1025.78,40.75,1.66667
1775566800,2026-04-07 13:00:00,2026-04-07 15:00:00,fyn,10.925,626.0,2.8,0.0,1025.75,38.5,8.33333
1775570400,2026-04-07 14:00:00,2026-04-07 16:00:00,fyn,11.475,546.5,2.35,0.0,1025.79,37.75,1.66667
1775574000,2026-04-07 15:00:00,2026-04-07 17:00:00,fyn,11.75,441.0,2.325,0.0,1025.79,36.25,1.66667
1775577600,2026-04-07 16:00:00,2026-04-07 18:00:00,fyn,11.5,321.0,2.85,0.0,1025.85,37.0,3.33333
1775581200,2026-04-07 17:00:00,2026-04-07 19:00:00,fyn,10.85,191.0,2.85,0.0,1025.92,40.5,20.0
1775584800,2026-04-07 18:00:00,2026-04-07 20:00:00,fyn,9.35,56.5,1.775,0.0,1026.22,47.75,10.0
1775588400,2026-04-07 19:00:00,2026-04-07 21:00:00,fyn,7.7,0.0,1.175,0.0,1026.79,52.5,10.0
1775592000,2026-04-07 20:00:00,2026-04-07 22:00:00,fyn,5.95,0.0,1.35,0.0,1027.11,57.0,10.0
1775595600,2026-04-07 21:00:00,2026-04-07 23:00:00,fyn,4.55,0.0,1.325,0.0,1027.46,63.75,8.33333
1775599200,2026-04-07 22:00:00,2026-04-08 00:00:00,fyn,3.85,0.0,1.05,0.0,1027.94,67.25,1.66667
1775602800,2026-04-07 23:00:00,2026-04-08 01:00:00,fyn,2.975,0.0,0.9,0.0,1028.17,72.0,8.33333
1775606400,2026-04-08 00:00:00,2026-04-08 02:00:00,fyn,2.1,0.0,1.05,0.0,1028.17,77.25,0.0
1775610000,2026-04-08 01:00:00,2026-04-08 03:00:00,fyn,1.325,0.0,0.925,0.0,1028.06,79.75,1.66667
1775613600,2026-04-08 02:00:00,2026-04-08 04:00:00,fyn,0.725,0.0,0.65,0.0,1028.01,82.0,0.0
1775617200,2026-04-08 03:00:00,2026-04-08 05:00:00,fyn,0.2,0.0,0.425,0.0,1028.1,87.25,0.0
1775620800,2026-04-08 04:00:00,2026-04-08 06:00:00,fyn,-0.225,0.0,0.9,0.0,1028.17,89.0,3.33333
1775624400,2026-04-08 05:00:00,2026-04-08 07:00:00,fyn,-0.4,2.5,0.325,0.0,1028.4,90.5,8.33333
1775628000,2026-04-08 06:00:00,2026-04-08 08:00:00,fyn,0.45,86.5,0.675,0.0,1028.62,89.5,0.0
1775631600,2026-04-08 07:00:00,2026-04-08 09:00:00,fyn,4.125,170.0,0.85,0.0,1028.69,82.75,0.0
1775635200,2026-04-08 08:00:00,2026-04-08 10:00:00,fyn,7.3,363.0,2.175,0.0,1028.85,73.0,0.0
1775638800,2026-04-08 09:00:00,2026-04-08 11:00:00,fyn,8.55,508.0,2.575,0.0,1028.89,68.0,1.66667
1775642400,2026-04-08 10:00:00,2026-04-08 12:00:00,fyn,9.825,613.0,3.025,0.0,1028.75,57.0,3.33333
1775646000,2026-04-08 11:00:00,2026-04-08 13:00:00,fyn,10.65,671.0,3.25,0.0,1028.56,51.0,0.0
1775649600,2026-04-08 12:00:00,2026-04-08 14:00:00,fyn,10.95,658.0,3.55,0.0,1028.32,48.25,0.0
1775653200,2026-04-08 13:00:00,2026-04-08 15:00:00,fyn,11.3,618.5,3.55,0.0,1027.78,47.5,0.0
1775656800,2026-04-08 14:00:00,2026-04-08 16:00:00,fyn,11.2,504.0,3.925,0.0,1027.32,46.0,0.0
1775660400,2026-04-08 15:00:00,2026-04-08 17:00:00,fyn,11.0,413.0,4.225,0.0,1027.05,46.75,1.66667
1775664000,2026-04-08 16:00:00,2026-04-08 18:00:00,fyn,10.75,267.0,3.675,0.0,1026.83,47.5,5.0
1775667600,2026-04-08 17:00:00,2026-04-08 19:00:00,fyn,9.9,122.5,3.3,0.0,1026.68,52.0,0.0
1775671200,2026-04-08 18:00:00,2026-04-08 20:00:00,fyn,8.725,34.5,3.15,0.0,1026.86,57.75,10.0
1775674800,2026-04-08 19:00:00,2026-04-08 21:00:00,fyn,7.575,0.0,2.375,0.0,1027.01,62.25,33.3333
1775678400,2026-04-08 20:00:00,2026-04-08 22:00:00,fyn,6.775,0.0,1.825,0.0,1026.89,65.5,50.0
1775682000,2026-04-08 21:00:00,2026-04-08 23:00:00,fyn,6.175,0.0,1.675,0.0,1026.6,68.75,80.0
1775685600,2026-04-08 22:00:00,2026-04-09 00:00:00,fyn,5.725,0.0,2.3,0.0,1026.28,72.0,90.0
1775689200,2026-04-08 23:00:00,2026-04-09 01:00:00,fyn,5.65,0.0,2.85,0.0,1026.11,71.75,80.0
1775692800,2026-04-09 00:00:00,2026-04-09 02:00:00,fyn,5.6,0.0,3.25,0.0,1025.9,72.25,90.0
1775696400,2026-04-09 01:00:00,2026-04-09 03:00:00,fyn,5.5,0.0,3.4,0.0,1025.58,74.5,61.6667
1775700000,2026-04-09 02:00:00,2026-04-09 04:00:00,fyn,5.0,0.0,3.675,0.0,1025.18,81.25,40.0
1775703600,2026-04-09 03:00:00,2026-04-09 05:00:00,fyn,4.55,0.0,3.2,0.0,1024.92,86.0,15.0
1775707200,2026-04-09 04:00:00,2026-04-09 06:00:00,fyn,4.325,0.0,3.625,0.0,1024.7,86.0,8.33333
1775710800,2026-04-09 05:00:00,2026-04-09 07:00:00,fyn,4.2,3.0,4.175,0.0,1024.53,83.25,6.66667
1775714400,2026-04-09 06:00:00,2026-04-09 08:00:00,fyn,4.55,63.0,4.125,0.0,1024.66,78.0,5.0
1775718000,2026-04-09 07:00:00,2026-04-09 09:00:00,fyn,5.675,122.0,4.825,0.0,1024.64,68.75,5.0
1775721600,2026-04-09 08:00:00,2026-04-09 10:00:00,fyn,7.3,365.5,6.15,0.0,1024.34,57.5,0.0
1775725200,2026-04-09 09:00:00,2026-04-09 11:00:00,fyn,8.35,495.5,6.625,0.0,1024.06,49.75,0.0
1775728800,2026-04-09 10:00:00,2026-04-09 12:00:00,fyn,9.15,615.5,6.925,0.0,1023.52,47.0,0.0
1775732400,2026-04-09 11:00:00,2026-04-09 13:00:00,fyn,9.65,676.0,7.625,0.0,1022.76,44.0,0.0
1775736000,2026-04-09 12:00:00,2026-04-09 14:00:00,fyn,9.875,685.0,7.4,0.0,1022.15,43.0,0.0
1775739600,2026-04-09 13:00:00,2026-04-09 15:00:00,fyn,9.75,634.5,7.7,0.0,1021.45,44.5,0.0
1775743200,2026-04-09 14:00:00,2026-04-09 16:00:00,fyn,9.575,550.0,8.025,0.0,1020.78,47.5,0.0
1775746800,2026-04-09 15:00:00,2026-04-09 17:00:00,fyn,9.15,450.0,8.325,0.0,1020.1,47.0,0.0
1775750400,2026-04-09 16:00:00,2026-04-09 18:00:00,fyn,8.45,308.0,8.35,0.0,1019.48,43.0,0.0
1775754000,2026-04-09 17:00:00,2026-04-09 19:00:00,fyn,7.675,127.5,7.675,0.0,1018.79,41.25,0.0
1775757600,2026-04-09 18:00:00,2026-04-09 20:00:00,fyn,6.65,38.5,6.9,0.0,1018.31,43.75,10.0
1775761200,2026-04-09 19:00:00,2026-04-09 21:00:00,fyn,5.45,0.0,6.825,0.0,1017.64,50.0,5.0
1775764800,2026-04-09 20:00:00,2026-04-09 22:00:00,fyn,4.475,0.0,6.725,0.0,1016.89,55.25,1.66667
1775768400,2026-04-09 21:00:00,2026-04-09 23:00:00,fyn,4.025,0.0,7.525,0.0,1016.1,56.5,0.0
1775772000,2026-04-09 22:00:00,2026-04-10 00:00:00,fyn,3.825,0.0,7.5,0.0,1015.32,60.5,10.0
1775775600,2026-04-09 23:00:00,2026-04-10 01:00:00,fyn,3.675,0.0,8.05,0.0,1014.31,63.25,11.6667
1775779200,2026-04-10 00:00:00,2026-04-10 02:00:00,fyn,3.575,,8.55,0.0,1012.86,66.75,50.0
1775782800,2026-04-10 01:00:00,2026-04-10 03:00:00,fyn,3.575,0.0,9.15,0.0,1012.0,67.75,90.0
1775786400,2026-04-10 02:00:00,2026-04-10 04:00:00,fyn,3.8,0.0,9.925,0.0,1010.89,67.75,90.0
1775790000,2026-04-10 03:00:00,2026-04-10 05:00:00,fyn,3.875,0.0,9.375,0.0333333,1010.76,71.0,95.0
1775793600,2026-04-10 04:00:00,2026-04-10 06:00:00,fyn,3.675,0.0,8.125,0.233333,1011.19,75.5,98.3333
1775797200,2026-04-10 05:00:00,2026-04-10 07:00:00,fyn,2.6,0.0,8.025,2.23333,1011.08,87.75,81.6667
1775800800,2026-04-10 06:00:00,2026-04-10 08:00:00,fyn,2.075,1.5,8.1,2.23333,1011.02,94.0,96.6667
1775804400,2026-04-10 07:00:00,2026-04-10 09:00:00,fyn,2.6,12.0,8.125,2.0,1010.92,94.25,91.6667
1775808000,2026-04-10 08:00:00,2026-04-10 10:00:00,fyn,3.325,66.5,7.0,,1010.75,94.25,91.6667
1775811600,2026-04-10 09:00:00,2026-04-10 11:00:00,fyn,4.825,271.5,6.0,0.0,1010.78,94.0,96.6667
1775815200,2026-04-10 10:00:00,2026-04-10 12:00:00,fyn,6.5,276.5,5.925,0.0,1010.86,89.25,95.0
1775818800,2026-04-10 11:00:00,2026-04-10 13:00:00,fyn,7.55,422.0,5.2,0.1,1011.16,83.25,85.0
1775822400,2026-04-10 12:00:00,2026-04-10 14:00:00,fyn,8.075,416.5,5.725,0.5,1011.66,79.75,85.0
1775826000,2026-04-10 13:00:00,2026-04-10 15:00:00,fyn,8.45,419.0,5.75,0.0,1012.28,76.5,90.0
1775829600,2026-04-10 14:00:00,2026-04-10 16:00:00,fyn,8.425,254.5,5.5,0.4,1012.86,76.25,90.0
1775833200,2026-04-10 15:00:00,2026-04-10 17:00:00,fyn,7.5,243.0,4.675,0.0333333,1013.31,81.0,85.0
1775836800,2026-04-10 16:00:00,2026-04-10 18:00:00,fyn,7.4,198.0,4.15,0.133333,1013.66,80.5,90.0
1775840400,2026-04-10 17:00:00,2026-04-10 19:00:00,fyn,7.25,124.0,4.25,0.0,1014.11,81.25,91.6667
1775844000,2026-04-10 18:00:00,2026-04-10 20:00:00,fyn,6.8,47.5,3.15,0.0,1014.72,82.75,96.6667
1775847600,2026-04-10 19:00:00,2026-04-10 21:00:00,fyn,6.075,0.5,3.05,0.0,1015.35,86.0,96.6667
1775851200,2026-04-10 20:00:00,2026-04-10 22:00:00,fyn,5.125,0.0,2.4,0.0,1015.77,90.75,30.0
1775854800,2026-04-10 21:00:00,2026-04-10 23:00:00,fyn,4.5,0.0,2.15,0.0,1015.86,91.5,0.0
1775858400,2026-04-10 22:00:00,2026-04-11 00:00:00,fyn,3.3,0.0,1.35,0.0,1015.97,94.25,0.0
1775862000,2026-04-10 23:00:00,2026-04-11 01:00:00,fyn,2.45,0.0,0.925,0.0,1016.07,96.75,0.0
1775865600,2026-04-11 00:00:00,2026-04-11 02:00:00,fyn,1.7,0.0,0.875,0.0,1015.92,97.75,1.66667
1775869200,2026-04-11 01:00:00,2026-04-11 03:00:00,fyn,0.975,0.0,0.875,0.0,1015.79,98.5,1.66667
1775872800,2026-04-11 02:00:00,2026-04-11 04:00:00,fyn,0.6,0.0,1.5,0.0,1015.88,98.75,3.33333
1775876400,2026-04-11 03:00:00,2026-04-11 05:00:00,fyn,0.2,0.0,1.3,0.0,1015.86,99.25,0.0
1775880000,2026-04-11 04:00:00,2026-04-11 06:00:00,fyn,0.275,0.0,1.425,0.0,1015.93,98.6667,0.0
1775883600,2026-04-11 05:00:00,2026-04-11 07:00:00,fyn,0.4,2.5,1.4,0.0,1016.02,98.6667,0.0
1775887200,2026-04-11 06:00:00,2026-04-11 08:00:00,fyn,1.25,69.5,1.85,0.0,1016.2,98.25,0.0
1775890800,2026-04-11 07:00:00,2026-04-11 09:00:00,fyn,3.725,185.0,2.275,0.0,1016.3,96.5,0.0
1775894400,2026-04-11 08:00:00,2026-04-11 10:00:00,fyn,6.55,382.5,4.475,0.0,1015.96,88.75,6.66667
1775898000,2026-04-11 09:00:00,2026-04-11 11:00:00,fyn,8.25,541.0,5.575,0.0,1015.45,76.0,20.0
1775901600,2026-04-11 10:00:00,2026-04-11 12:00:00,fyn,9.075,610.0,6.35,0.0,1014.92,69.5,25.0
1775905200,2026-04-11 11:00:00,2026-04-11 13:00:00,fyn,9.475,657.0,6.375,0.0,1014.56,69.25,20.0
1775908800,2026-04-11 12:00:00,2026-04-11 14:00:00,fyn,9.875,693.5,7.125,0.0,1013.97,66.25,20.0
1775912400,2026-04-11 13:00:00,2026-04-11 15:00:00,fyn,10.5,650.5,7.45,0.0,1013.47,61.5,5.0
1775916000,2026-04-11 14:00:00,2026-04-11 16:00:00,fyn,10.65,583.5,8.225,0.0,1012.8,61.5,0.0
1775919600,2026-04-11 15:00:00,2026-04-11 17:00:00,fyn,10.475,441.0,8.525,0.0,1012.07,62.25,0.0
1775923200,2026-04-11 16:00:00,2026-04-11 18:00:00,fyn,10.075,293.0,8.925,0.0,1011.58,60.25,1.66667
1775926800,2026-04-11 17:00:00,2026-04-11 19:00:00,fyn,9.4,143.0,8.35,0.0,1011.15,60.0,5.0
1775930400,2026-04-11 18:00:00,2026-04-11 20:00:00,fyn,8.425,47.5,7.575,0.0,1010.96,63.25,6.66667
1775934000,2026-04-11 19:00:00,2026-04-11 21:00:00,fyn,7.15,0.0,7.55,0.0,1010.8,65.75,5.0
1775937600,2026-04-11 20:00:00,2026-04-11 22:00:00,fyn,6.525,0.0,7.95,0.0,1010.51,64.0,48.3333
1775941200,2026-04-11 21:00:00,2026-04-11 23:00:00,fyn,6.575,0.0,8.425,0.0,1010.02,63.5,96.6667
1775944800,2026-04-11 22:00:00,2026-04-12 00:00:00,fyn,6.725,0.0,8.95,0.0,1009.77,64.0,95.0
1775948400,2026-04-11 23:00:00,2026-04-12 01:00:00,fyn,6.65,0.0,8.175,0.0,1009.71,66.5,93.3333
1775952000,2026-04-12 00:00:00,2026-04-12 02:00:00,fyn,6.6,0.0,7.375,0.0,1009.74,70.0,98.3333
1775955600,2026-04-12 01:00:00,2026-04-12 03:00:00,fyn,6.3,0.0,6.45,0.233333,1009.47,76.75,91.6667
1775959200,2026-04-12 02:00:00,2026-04-12 04:00:00,fyn,5.9,0.0,6.025,0.7,1009.47,82.75,95.0
1775962800,2026-04-12 03:00:00,2026-04-12 05:00:00,fyn,5.6,0.0,5.4,1.16667,1009.8,87.5,96.6667
1775966400,2026-04-12 04:00:00,2026-04-12 06:00:00,fyn,5.35,0.0,5.0,0.966667,1010.18,91.75,96.6667
1775970000,2026-04-12 05:00:00,2026-04-12 07:00:00,fyn,5.25,0.0,3.875,0.3,1010.7,93.5,90.0
1775973600,2026-04-12 06:00:00,2026-04-12 08:00:00,fyn,5.3,20.0,2.85,0.0333333,1011.35,94.5,90.0
1775977200,2026-04-12 07:00:00,2026-04-12 09:00:00,fyn,5.775,136.5,2.425,0.0,1011.93,94.75,91.6667
1775980800,2026-04-12 08:00:00,2026-04-12 10:00:00,fyn,6.525,306.5,2.475,0.0,1012.33,92.0,90.0
1775984400,2026-04-12 09:00:00,2026-04-12 11:00:00,fyn,7.725,517.5,1.625,0.0,1012.67,85.75,66.6667
1775988000,2026-04-12 10:00:00,2026-04-12 12:00:00,fyn,8.925,629.5,1.35,0.0,1012.83,79.0,11.6667
1775991600,2026-04-12 11:00:00,2026-04-12 13:00:00,fyn,10.2,698.5,2.125,0.0,1012.7,72.75,0.0
1775995200,2026-04-12 12:00:00,2026-04-12 14:00:00,fyn,10.7,606.0,3.0,0.0,1012.9,69.75,1.66667
1775998800,2026-04-12 13:00:00,2026-04-12 15:00:00,fyn,11.2,539.0,3.325,0.0,1013.04,68.25,5.0
1776002400,2026-04-12 14:00:00,2026-04-12 16:00:00,fyn,11.4,494.0,3.9,0.0,1013.11,68.25,0.0
1776006000,2026-04-12 15:00:00,2026-04-12 17:00:00,fyn,11.375,439.5,4.325,0.0,1013.33,69.25,0.0
1776009600,2026-04-12 16:00:00,2026-04-12 18:00:00,fyn,11.075,333.0,4.225,0.0,1013.72,69.5,1.66667
1776013200,2026-04-12 17:00:00,2026-04-12 19:00:00,fyn,10.2,185.5,4.175,0.0,1014.24,71.25,3.33333
1776016800,2026-04-12 18:00:00,2026-04-12 20:00:00,fyn,9.175,48.0,3.8,0.0,1014.84,75.0,0.0
1776020400,2026-04-12 19:00:00,2026-04-12 21:00:00,fyn,8.2,1.5,3.125,0.0,1015.39,80.0,0.0
1776024000,2026-04-12 20:00:00,2026-04-12 22:00:00,fyn,7.375,0.0,2.65,0.0,1015.6,84.0,0.0
1776027600,2026-04-12 21:00:00,2026-04-12 23:00:00,fyn,6.7,0.0,2.95,0.0,1015.59,88.0,0.0
1776031200,2026-04-12 22:00:00,2026-04-13 00:00:00,fyn,6.225,0.0,2.175,0.0,1015.57,90.5,0.0
1776034800,2026-04-12 23:00:00,2026-04-13 01:00:00,fyn,5.375,0.0,1.95,0.0,1015.42,93.75,0.0
1776038400,2026-04-13 00:00:00,2026-04-13 02:00:00,fyn,4.825,0.0,2.025,0.0,1015.13,94.75,8.33333
1776042000,2026-04-13 01:00:00,2026-04-13 03:00:00,fyn,4.475,0.0,1.625,0.0,1015.2,95.5,25.0
1776045600,2026-04-13 02:00:00,2026-04-13 04:00:00,fyn,3.85,0.0,1.55,0.0,1015.34,95.75,25.0
1776049200,2026-04-13 03:00:00,2026-04-13 05:00:00,fyn,3.35,0.0,1.45,0.0,1015.32,97.25,35.0
1776052800,2026-04-13 04:00:00,2026-04-13 06:00:00,fyn,3.525,0.0,1.925,0.0,1015.33,97.5,91.6667
1776056400,2026-04-13 05:00:00,2026-04-13 07:00:00,fyn,3.675,3.5,2.05,0.0,1015.42,96.0,76.6667
1776060000,2026-04-13 06:00:00,2026-04-13 08:00:00,fyn,3.8,50.5,1.975,0.0,1015.42,95.75,90.0
1776063600,2026-04-13 07:00:00,2026-04-13 09:00:00,fyn,5.425,86.5,2.325,0.0,1015.34,91.25,85.0
1776067200,2026-04-13 08:00:00,2026-04-13 10:00:00,fyn,6.875,161.0,2.875,0.0,1015.2,83.75,93.3333
1776070800,2026-04-13 09:00:00,2026-04-13 11:00:00,fyn,7.65,172.0,3.35,0.0,1015.1,78.25,98.3333
1776074400,2026-04-13 10:00:00,2026-04-13 12:00:00,fyn,8.15,127.0,3.35,0.0,1015.02,75.75,98.3333
1776078000,2026-04-13 11:00:00,2026-04-13 13:00:00,fyn,8.65,136.5,3.6,0.0,1014.97,73.0,93.3333
1776081600,2026-04-13 12:00:00,2026-04-13 14:00:00,fyn,8.675,100.5,3.8,0.0,1014.84,72.75,93.3333
1776085200,2026-04-13 13:00:00,2026-04-13 15:00:00,fyn,8.95,91.5,3.65,0.0,1014.62,72.25,91.6667
1776088800,2026-04-13 14:00:00,2026-04-13 16:00:00,fyn,9.4,101.5,3.85,0.0,1014.31,70.5,96.6667
1776092400,2026-04-13 15:00:00,2026-04-13 17:00:00,fyn,9.5,86.0,4.5,0.0,1014.1,68.5,91.6667
1776096000,2026-04-13 16:00:00,2026-04-13 18:00:00,fyn,8.975,39.5,4.7,0.0,1014.06,69.75,96.6667
1776099600,2026-04-13 17:00:00,2026-04-13 19:00:00,fyn,8.5,25.5,4.5,0.0333333,1014.24,72.25,91.6667
1776103200,2026-04-13 18:00:00,2026-04-13 20:00:00,fyn,8.075,7.0,5.025,0.0666667,1014.49,77.0,96.6667
1776106800,2026-04-13 19:00:00,2026-04-13 21:00:00,fyn,7.45,0.0,5.15,0.1,1014.77,81.75,96.6667
1776110400,2026-04-13 20:00:00,2026-04-13 22:00:00,fyn,6.975,0.0,4.775,0.233333,1014.75,86.0,96.6667
1776114000,2026-04-13 21:00:00,2026-04-13 23:00:00,fyn,6.55,0.0,4.5,0.766667,1014.46,90.5,96.6667
1776117600,2026-04-13 22:00:00,2026-04-14 00:00:00,fyn,6.3,0.0,4.6,0.666667,1014.0,91.5,96.6667
1776121200,2026-04-13 23:00:00,2026-04-14 01:00:00,fyn,6.125,0.0,4.7,0.6,1013.77,92.25,96.6667
1776124800,2026-04-14 00:00:00,2026-04-14 02:00:00,fyn,6.0,0.0,4.5,0.766667,1013.38,92.5,96.6667
1776128400,2026-04-14 01:00:00,2026-04-14 03:00:00,fyn,5.95,0.0,4.475,0.9,1013.06,92.0,90.0
1776132000,2026-04-14 02:00:00,2026-04-14 04:00:00,fyn,6.025,0.0,4.375,0.466667,1012.95,91.0,93.3333
1776135600,2026-04-14 03:00:00,2026-04-14 05:00:00,fyn,6.05,0.0,3.95,0.4,1012.83,89.0,96.6667
1776139200,2026-04-14 04:00:00,2026-04-14 06:00:00,fyn,5.9,0.0,3.75,0.733333,1012.9,90.75,95.0
1776142800,2026-04-14 05:00:00,2026-04-14 07:00:00,fyn,5.85,0.0,3.4,0.933333,1013.17,92.75,93.3333
1776146400,2026-04-14 06:00:00,2026-04-14 08:00:00,fyn,5.875,5.5,3.175,0.8,1013.48,94.25,96.6667
1776150000,2026-04-14 07:00:00,2026-04-14 09:00:00,fyn,5.9,15.0,2.975,1.3,1013.85,95.5,98.3333
1776153600,2026-04-14 08:00:00,2026-04-14 10:00:00,fyn,6.125,33.0,3.05,1.43333,1014.18,95.5,91.6667
1776157200,2026-04-14 09:00:00,2026-04-14 11:00:00,fyn,6.3,65.0,2.825,1.16667,1014.6,95.75,95.0
1776160800,2026-04-14 10:00:00,2026-04-14 12:00:00,fyn,6.725,116.0,3.075,1.3,1015.07,95.25,90.0
1776164400,2026-04-14 11:00:00,2026-04-14 13:00:00,fyn,7.475,245.5,3.35,0.2,1015.47,92.5,90.0
1776168000,2026-04-14 12:00:00,2026-04-14 14:00:00,fyn,8.15,187.5,3.35,0.0,1015.96,88.75,95.0
1776171600,2026-04-14 13:00:00,2026-04-14 15:00:00,fyn,8.875,210.0,3.325,0.0,1016.39,84.5,90.0
1776175200,2026-04-14 14:00:00,2026-04-14 16:00:00,fyn,10.025,333.5,4.075,0.0,1016.65,77.75,75.0
1776178800,2026-04-14 15:00:00,2026-04-14 17:00:00,fyn,10.725,497.0,5.175,0.0,1017.1,70.25,65.0
1776182400,2026-04-14 16:00:00,2026-04-14 18:00:00,fyn,10.625,331.0,4.775,0.0,1017.52,68.5,51.6667
1776186000,2026-04-14 17:00:00,2026-04-14 19:00:00,fyn,10.25,192.5,4.45,0.0,1018.04,68.75,5.0
1776189600,2026-04-14 18:00:00,2026-04-14 20:00:00,fyn,9.2,69.0,3.725,0.0,1018.59,73.75,15.0
1776193200,2026-04-14 19:00:00,2026-04-14 21:00:00,fyn,7.725,1.5,2.85,0.0,1019.12,80.75,10.0
1776196800,2026-04-14 20:00:00,2026-04-14 22:00:00,fyn,6.575,0.0,2.6,0.0,1019.52,86.0,3.33333
1776200400,2026-04-14 21:00:00,2026-04-14 23:00:00,fyn,5.725,0.0,2.3,0.0,1019.88,90.0,0.0
1776204000,2026-04-14 22:00:00,2026-04-15 00:00:00,fyn,4.95,0.0,1.975,0.0,1020.12,93.75,0.0
1776207600,2026-04-14 23:00:00,2026-04-15 01:00:00,fyn,4.15,0.0,1.775,0.0,1020.32,95.75,0.0
1776211200,2026-04-15 00:00:00,2026-04-15 02:00:00,fyn,3.6,0.0,1.625,0.0,1020.26,98.0,0.0
1776214800,2026-04-15 01:00:00,2026-04-15 03:00:00,fyn,3.5,0.0,1.625,0.0,1020.24,98.5,10.0
1776218400,2026-04-15 02:00:00,2026-04-15 04:00:00,fyn,3.075,0.0,1.525,0.0,1020.37,99.0,8.33333
1776222000,2026-04-15 03:00:00,2026-04-15 05:00:00,fyn,2.9,0.0,1.5,0.0,1020.37,99.25,91.6667
1776225600,2026-04-15 04:00:00,2026-04-15 06:00:00,fyn,2.2,0.0,1.125,0.0,1020.26,99.0,40.0
1776229200,2026-04-15 05:00:00,2026-04-15 07:00:00,fyn,2.475,7.5,0.975,0.0,1020.46,99.6667,0.0
1776232800,2026-04-15 06:00:00,2026-04-15 08:00:00,fyn,3.175,46.0,1.1,0.0,1020.73,99.3333,0.0
1776236400,2026-04-15 07:00:00,2026-04-15 09:00:00,fyn,4.55,137.5,1.0,0.0,1020.77,99.0,30.0
1776240000,2026-04-15 08:00:00,2026-04-15 10:00:00,fyn,5.675,197.0,1.2,0.0,1020.84,97.6667,70.0
1776243600,2026-04-15 09:00:00,2026-04-15 11:00:00,fyn,7.075,267.5,1.35,0.0,1020.58,96.75,90.0
1776247200,2026-04-15 10:00:00,2026-04-15 12:00:00,fyn,8.025,287.5,2.2,0.0,1020.39,90.5,80.0
1776250800,2026-04-15 11:00:00,2026-04-15 13:00:00,fyn,8.725,326.0,2.225,0.0,1020.17,86.0,90.0
1776254400,2026-04-15 12:00:00,2026-04-15 14:00:00,fyn,9.275,400.5,2.7,0.0,1020.02,80.75,90.0
1776258000,2026-04-15 13:00:00,2026-04-15 15:00:00,fyn,9.75,397.0,2.3,0.0,1019.67,79.0,90.0
1776261600,2026-04-15 14:00:00,2026-04-15 16:00:00,fyn,10.425,345.5,2.35,0.0,1019.39,75.25,90.0
1776265200,2026-04-15 15:00:00,2026-04-15 17:00:00,fyn,10.3,248.5,2.65,0.0,1019.2,76.0,90.0
1776268800,2026-04-15 16:00:00,2026-04-15 18:00:00,fyn,10.05,148.5,2.55,0.0,1019.0,75.0,90.0
1776272400,2026-04-15 17:00:00,2026-04-15 19:00:00,fyn,9.675,73.5,2.125,0.0,1018.78,78.5,90.0
1776276000,2026-04-15 18:00:00,2026-04-15 20:00:00,fyn,9.35,20.5,2.0,0.0,1018.7,79.25,90.0
1776279600,2026-04-15 19:00:00,2026-04-15 21:00:00,fyn,8.3,0.5,2.35,0.0,1018.77,83.25,91.6667
1776283200,2026-04-15 20:00:00,2026-04-15 22:00:00,fyn,7.95,0.0,1.925,0.0,1018.72,84.0,95.0
1776286800,2026-04-15 21:00:00,2026-04-15 23:00:00,fyn,7.725,0.0,2.075,0.0,1018.38,83.75,98.3333
1776290400,2026-04-15 22:00:00,2026-04-16 00:00:00,fyn,7.725,0.0,2.325,0.0,1018.15,82.5,91.6667
1776294000,2026-04-15 23:00:00,2026-04-16 01:00:00,fyn,7.7,0.0,2.95,0.0,1017.9,81.0,90.0
1776297600,2026-04-16 00:00:00,2026-04-16 02:00:00,fyn,7.475,0.0,3.425,0.0,1017.57,81.75,93.3333
1776301200,2026-04-16 01:00:00,2026-04-16 03:00:00,fyn,7.3,0.0,2.925,0.0333333,1017.03,84.0,98.3333
1776304800,2026-04-16 02:00:00,2026-04-16 04:00:00,fyn,7.05,0.0,3.075,0.0,1016.65,86.5,98.3333
1776308400,2026-04-16 03:00:00,2026-04-16 05:00:00,fyn,7.125,0.0,3.45,0.0333333,1016.35,85.75,96.6667
1776312000,2026-04-16 04:00:00,2026-04-16 06:00:00,fyn,7.0,0.0,3.625,0.0666667,1016.26,86.0,96.6667
1776315600,2026-04-16 05:00:00,2026-04-16 07:00:00,fyn,6.825,0.5,3.5,0.266667,1016.22,87.0,96.6667
1776319200,2026-04-16 06:00:00,2026-04-16 08:00:00,fyn,6.925,13.0,4.1,0.1,1016.29,86.0,93.3333
1776322800,2026-04-16 07:00:00,2026-04-16 09:00:00,fyn,6.95,37.5,3.95,0.0333333,1016.38,87.0,90.0
1776326400,2026-04-16 08:00:00,2026-04-16 10:00:00,fyn,7.65,106.0,3.75,0.0,1016.49,84.5,96.6667
1776330000,2026-04-16 09:00:00,2026-04-16 11:00:00,fyn,8.25,263.5,4.45,0.0,1016.7,82.75,90.0
1776333600,2026-04-16 10:00:00,2026-04-16 12:00:00,fyn,9.15,336.5,4.375,0.0,1016.83,80.0,90.0
1776337200,2026-04-16 11:00:00,2026-04-16 13:00:00,fyn,10.375,421.5,4.125,0.0,1016.8,76.5,58.3333
1776340800,2026-04-16 12:00:00,2026-04-16 14:00:00,fyn,11.725,563.5,3.15,0.0,1016.95,73.0,6.66667
1776344400,2026-04-16 13:00:00,2026-04-16 15:00:00,fyn,12.85,513.0,2.85,0.0,1017.09,70.0,30.0
1776348000,2026-04-16 14:00:00,2026-04-16 16:00:00,fyn,13.025,523.5,2.975,0.0,1017.16,68.75,20.0
1776351600,2026-04-16 15:00:00,2026-04-16 17:00:00,fyn,12.85,396.0,3.525,0.0,1017.42,68.75,48.3333
1776355200,2026-04-16 16:00:00,2026-04-16 18:00:00,fyn,12.725,260.0,3.225,0.0,1017.73,69.25,30.0
1776358800,2026-04-16 17:00:00,2026-04-16 19:00:00,fyn,12.6,196.0,2.625,0.0,1017.98,68.5,6.66667
1776362400,2026-04-16 18:00:00,2026-04-16 20:00:00,fyn,11.575,64.0,2.25,0.0,1018.41,73.5,0.0
1776366000,2026-04-16 19:00:00,2026-04-16 21:00:00,fyn,10.375,3.0,2.225,0.0,1019.03,80.75,0.0
1776369600,2026-04-16 20:00:00,2026-04-16 22:00:00,fyn,8.875,0.0,1.625,0.0,1019.44,85.5,0.0
1776373200,2026-04-16 21:00:00,2026-04-16 23:00:00,fyn,7.3,0.0,1.5,0.0,1019.66,91.5,0.0
1776376800,2026-04-16 22:00:00,2026-04-17 00:00:00,fyn,6.675,0.0,1.15,0.0,1019.9,94.25,3.33333
1776380400,2026-04-16 23:00:00,2026-04-17 01:00:00,fyn,5.95,0.0,0.625,0.0,1020.11,96.5,13.3333
1776384000,2026-04-17 00:00:00,2026-04-17 02:00:00,fyn,5.7,0.0,1.65,0.0,1020.34,98.25,5.0
1776387600,2026-04-17 01:00:00,2026-04-17 03:00:00,fyn,6.375,0.0,2.225,0.0,1020.41,98.5,1.66667
1776391200,2026-04-17 02:00:00,2026-04-17 04:00:00,fyn,6.85,0.0,1.75,0.0,1020.47,98.25,0.0
1776394800,2026-04-17 03:00:00,2026-04-17 05:00:00,fyn,7.125,0.0,1.625,0.0,1020.56,98.25,0.0
1776398400,2026-04-17 04:00:00,2026-04-17 06:00:00,fyn,6.85,0.0,1.375,0.0,1020.74,98.5,0.0
1776402000,2026-04-17 05:00:00,2026-04-17 07:00:00,fyn,6.625,1.5,1.15,0.0,1021.01,99.0,0.0
1776405600,2026-04-17 06:00:00,2026-04-17 08:00:00,fyn,6.6,29.5,0.75,0.0,1021.22,99.3333,0.0
1776409200,2026-04-17 07:00:00,2026-04-17 09:00:00,fyn,6.65,78.5,1.125,0.0,1021.42,99.3333,0.0
1776412800,2026-04-17 08:00:00,2026-04-17 10:00:00,fyn,6.85,141.0,1.2,0.0,1021.83,99.3333,96.6667
1776416400,2026-04-17 09:00:00,2026-04-17 11:00:00,fyn,7.425,223.0,1.65,0.0,1022.08,98.3333,93.3333
1776420000,2026-04-17 10:00:00,2026-04-17 12:00:00,fyn,8.575,277.0,1.2,0.0,1022.03,95.0,70.0
1776423600,2026-04-17 11:00:00,2026-04-17 13:00:00,fyn,10.025,405.0,1.15,0.0,1021.7,85.75,10.0
1776427200,2026-04-17 12:00:00,2026-04-17 14:00:00,fyn,11.0,492.5,1.325,0.0,1021.49,80.75,20.0
1776430800,2026-04-17 13:00:00,2026-04-17 15:00:00,fyn,11.65,581.0,2.1,0.0,1021.16,80.25,20.0
1776434400,2026-04-17 14:00:00,2026-04-17 16:00:00,fyn,11.675,581.5,2.925,0.0,1020.72,81.25,53.3333
1776438000,2026-04-17 15:00:00,2026-04-17 17:00:00,fyn,11.375,379.5,2.9,0.0,1020.42,82.25,50.0
1776441600,2026-04-17 16:00:00,2026-04-17 18:00:00,fyn,11.725,244.0,2.9,0.0,1020.33,79.75,8.33333
1776445200,2026-04-17 17:00:00,2026-04-17 19:00:00,fyn,11.35,102.5,2.85,0.0,1020.12,80.5,0.0
1776448800,2026-04-17 18:00:00,2026-04-17 20:00:00,fyn,10.25,38.5,2.625,0.0,1020.1,84.5,6.66667
1776452400,2026-04-17 19:00:00,2026-04-17 21:00:00,fyn,9.3,1.5,2.375,0.0,1020.3,87.5,50.0
1776456000,2026-04-17 20:00:00,2026-04-17 22:00:00,fyn,8.85,0.0,2.275,0.0,1020.39,89.5,75.0
1776459600,2026-04-17 21:00:00,2026-04-17 23:00:00,fyn,8.55,0.0,2.025,0.0,1020.27,90.5,85.0
1776463200,2026-04-17 22:00:00,2026-04-18 00:00:00,fyn,8.375,0.0,2.225,0.0,1020.12,92.0,65.0
1776466800,2026-04-17 23:00:00,2026-04-18 01:00:00,fyn,8.25,0.0,2.425,0.0,1019.92,91.25,90.0
1776470400,2026-04-18 00:00:00,2026-04-18 02:00:00,fyn,8.275,0.0,2.6,0.0,1019.55,89.5,61.6667
1776474000,2026-04-18 01:00:00,2026-04-18 03:00:00,fyn,8.2,0.0,2.85,0.0,1018.98,88.75,66.6667
1776477600,2026-04-18 02:00:00,2026-04-18 04:00:00,fyn,8.3,0.0,2.8,0.0,1018.58,87.5,75.0
1776481200,2026-04-18 03:00:00,2026-04-18 05:00:00,fyn,8.425,0.0,2.975,0.0,1018.19,85.25,90.0
1776484800,2026-04-18 04:00:00,2026-04-18 06:00:00,fyn,8.45,0.0,3.05,0.0,1017.83,84.25,85.0
1776488400,2026-04-18 05:00:00,2026-04-18 07:00:00,fyn,8.625,3.0,3.1,0.0,1017.63,81.0,90.0
1776492000,2026-04-18 06:00:00,2026-04-18 08:00:00,fyn,9.125,67.0,3.5,0.0,1017.53,77.25,90.0
1776495600,2026-04-18 07:00:00,2026-04-18 09:00:00,fyn,9.475,161.5,3.9,0.0,1017.17,77.25,63.3333
1776499200,2026-04-18 08:00:00,2026-04-18 10:00:00,fyn,10.275,174.5,4.225,0.0,1016.97,74.5,28.3333
1776502800,2026-04-18 09:00:00,2026-04-18 11:00:00,fyn,10.825,87.5,4.1,0.0,1016.92,73.25,85.0
1776506400,2026-04-18 10:00:00,2026-04-18 12:00:00,fyn,11.425,199.0,3.8,0.0,1016.7,71.75,90.0
1776510000,2026-04-18 11:00:00,2026-04-18 13:00:00,fyn,11.4,298.0,3.9,0.0,1016.39,72.0,56.6667
1776513600,2026-04-18 12:00:00,2026-04-18 14:00:00,fyn,11.625,283.0,3.55,0.0,1016.18,73.5,85.0
1776517200,2026-04-18 13:00:00,2026-04-18 15:00:00,fyn,11.9,200.0,3.15,0.0666667,1016.0,76.5,90.0
1776520800,2026-04-18 14:00:00,2026-04-18 16:00:00,fyn,12.0,134.5,3.0,0.133333,1015.74,78.0,90.0
1776524400,2026-04-18 15:00:00,2026-04-18 17:00:00,fyn,11.575,121.5,2.675,0.0,1015.53,82.0,91.6667
1776528000,2026-04-18 16:00:00,2026-04-18 18:00:00,fyn,11.325,61.0,2.85,0.0333333,1015.43,85.25,90.0
1776531600,2026-04-18 17:00:00,2026-04-18 19:00:00,fyn,11.375,99.5,2.1,0.3,1015.26,85.5,93.3333
1776535200,2026-04-18 18:00:00,2026-04-18 20:00:00,fyn,11.125,33.5,1.575,0.0,1015.35,87.0,93.3333
1776538800,2026-04-18 19:00:00,2026-04-18 21:00:00,fyn,10.375,3.0,1.925,0.0,1015.58,90.75,95.0
1776542400,2026-04-18 20:00:00,2026-04-18 22:00:00,fyn,9.8,0.0,2.525,0.0,1015.54,94.25,91.6667
1776546000,2026-04-18 21:00:00,2026-04-18 23:00:00,fyn,10.025,0.0,3.275,0.166667,1015.55,94.25,95.0
1776549600,2026-04-18 22:00:00,2026-04-19 00:00:00,fyn,9.45,0.0,3.05,0.0,1015.69,94.75,96.6667
1776553200,2026-04-18 23:00:00,2026-04-19 01:00:00,fyn,8.425,0.0,3.4,0.0,1015.7,94.5,90.0
1776556800,2026-04-19 00:00:00,2026-04-19 02:00:00,fyn,7.3,0.0,3.5,0.0,1015.43,94.75,23.3333
1776560400,2026-04-19 01:00:00,2026-04-19 03:00:00,fyn,6.625,0.0,3.5,0.0,1015.36,96.75,78.3333
1776564000,2026-04-19 02:00:00,2026-04-19 04:00:00,fyn,6.85,0.0,3.75,0.0,1015.5,96.0,96.6667
1776567600,2026-04-19 03:00:00,2026-04-19 05:00:00,fyn,6.875,0.0,3.6,0.0,1015.47,95.0,96.6667
1776571200,2026-04-19 04:00:00,2026-04-19 06:00:00,fyn,6.95,0.0,2.825,0.0,1015.43,93.0,95.0
1776574800,2026-04-19 05:00:00,2026-04-19 07:00:00,fyn,7.0,6.5,3.125,0.0,1015.49,91.25,91.6667
1776578400,2026-04-19 06:00:00,2026-04-19 08:00:00,fyn,7.175,62.0,3.35,0.0,1015.56,89.25,91.6667
1776582000,2026-04-19 07:00:00,2026-04-19 09:00:00,fyn,7.475,103.5,3.25,0.0,1015.6,88.0,91.6667
1776585600,2026-04-19 08:00:00,2026-04-19 10:00:00,fyn,8.0,219.0,3.35,0.0,1015.99,85.0,93.3333
1776589200,2026-04-19 09:00:00,2026-04-19 11:00:00,fyn,8.925,384.5,3.2,0.0,1015.9,80.75,71.6667
1776592800,2026-04-19 10:00:00,2026-04-19 12:00:00,fyn,10.025,409.5,3.35,0.0,1015.93,73.0,46.6667
1776596400,2026-04-19 11:00:00,2026-04-19 13:00:00,fyn,10.425,333.0,3.25,0.0,1015.92,71.75,43.3333
1776600000,2026-04-19 12:00:00,2026-04-19 14:00:00,fyn,10.925,355.5,3.3,0.0,1015.95,68.75,43.3333
1776603600,2026-04-19 13:00:00,2026-04-19 15:00:00,fyn,11.3,436.5,3.425,0.0,1015.9,67.75,15.0
1776607200,2026-04-19 14:00:00,2026-04-19 16:00:00,fyn,11.35,409.5,3.475,0.0,1015.89,67.5,60.0
1776610800,2026-04-19 15:00:00,2026-04-19 17:00:00,fyn,11.0,224.0,3.25,0.0,1015.96,70.25,60.0
1776614400,2026-04-19 16:00:00,2026-04-19 18:00:00,fyn,10.275,166.0,3.825,0.0,1016.07,75.75,70.0
1776618000,2026-04-19 17:00:00,2026-04-19 19:00:00,fyn,9.525,96.5,3.85,0.0,1016.2,81.5,85.0
1776621600,2026-04-19 18:00:00,2026-04-19 20:00:00,fyn,8.825,33.5,3.975,0.0,1016.6,86.5,95.0
1776625200,2026-04-19 19:00:00,2026-04-19 21:00:00,fyn,8.275,2.5,3.25,0.0333333,1017.1,90.25,93.3333
1776628800,2026-04-19 20:00:00,2026-04-19 22:00:00,fyn,7.8,0.0,3.25,0.0,1017.38,91.5,90.0
1776632400,2026-04-19 21:00:00,2026-04-19 23:00:00,fyn,7.475,0.0,2.75,0.0,1017.71,90.25,96.6667
1776636000,2026-04-19 22:00:00,2026-04-20 00:00:00,fyn,7.275,0.0,3.475,0.0,1018.16,86.5,91.6667
1776639600,2026-04-19 23:00:00,2026-04-20 01:00:00,fyn,6.725,0.0,4.325,0.166667,1018.64,84.5,90.0
1776643200,2026-04-20 00:00:00,2026-04-20 02:00:00,fyn,6.0,0.0,3.125,0.766667,1018.65,86.0,93.3333
1776646800,2026-04-20 01:00:00,2026-04-20 03:00:00,fyn,5.2,0.0,2.375,0.433333,1018.7,89.5,93.3333
1776650400,2026-04-20 02:00:00,2026-04-20 04:00:00,fyn,4.975,0.0,1.4,0.366667,1018.72,92.75,86.6667
1776654000,2026-04-20 03:00:00,2026-04-20 05:00:00,fyn,5.075,0.0,1.775,0.0333333,1018.7,93.5,91.6667
1776657600,2026-04-20 04:00:00,2026-04-20 06:00:00,fyn,5.1,0.0,3.2,0.0,1018.71,91.25,90.0
1776661200,2026-04-20 05:00:00,2026-04-20 07:00:00,fyn,5.075,10.0,4.35,0.0,1019.2,88.0,90.0
1776664800,2026-04-20 06:00:00,2026-04-20 08:00:00,fyn,5.225,84.0,4.675,0.0,1019.69,84.75,73.3333
1776668400,2026-04-20 07:00:00,2026-04-20 09:00:00,fyn,5.6,181.0,6.075,0.0,1020.11,81.5,58.3333
1776672000,2026-04-20 08:00:00,2026-04-20 10:00:00,fyn,6.2,318.5,6.575,0.0,1020.64,79.0,5.0
1776675600,2026-04-20 09:00:00,2026-04-20 11:00:00,fyn,7.125,496.0,6.475,0.0,1020.98,75.75,0.0
1776679200,2026-04-20 10:00:00,2026-04-20 12:00:00,fyn,8.5,665.0,6.3,0.0,1021.23,69.75,5.0
1776682800,2026-04-20 11:00:00,2026-04-20 13:00:00,fyn,9.8,734.0,7.4,0.0,1021.67,60.3333,16.6667
1776686400,2026-04-20 12:00:00,2026-04-20 14:00:00,fyn,10.15,701.0,6.825,0.0,1022.08,58.5,3.33333
1776690000,2026-04-20 13:00:00,2026-04-20 15:00:00,fyn,10.35,710.0,7.375,0.0,1022.27,55.5,0.0
1776693600,2026-04-20 14:00:00,2026-04-20 16:00:00,fyn,10.275,604.0,7.3,0.0,1022.34,55.75,0.0
1776697200,2026-04-20 15:00:00,2026-04-20 17:00:00,fyn,10.375,480.0,6.825,0.0,1022.62,54.0,0.0
1776700800,2026-04-20 16:00:00,2026-04-20 18:00:00,fyn,10.475,342.0,6.075,0.0,1022.94,52.5,0.0
1776704400,2026-04-20 17:00:00,2026-04-20 19:00:00,fyn,10.275,226.0,5.6,0.0,1023.1,52.0,1.66667
1776708000,2026-04-20 18:00:00,2026-04-20 20:00:00,fyn,9.65,103.5,4.675,0.0,1023.51,55.25,23.3333
1776711600,2026-04-20 19:00:00,2026-04-20 21:00:00,fyn,8.2,7.5,2.7,0.0,1024.03,63.0,10.0
1776715200,2026-04-20 20:00:00,2026-04-20 22:00:00,fyn,6.875,0.0,1.95,0.0,1024.52,70.25,1.66667
1776718800,2026-04-20 21:00:00,2026-04-20 23:00:00,fyn,5.925,0.0,2.05,0.0,1024.9,74.0,0.0
1776722400,2026-04-20 22:00:00,2026-04-21 00:00:00,fyn,4.925,0.0,1.525,0.0,1025.31,78.75,0.0
1776726000,2026-04-20 23:00:00,2026-04-21 01:00:00,fyn,4.125,0.0,1.075,0.0,1025.6,80.25,0.0
1776729600,2026-04-21 00:00:00,2026-04-21 02:00:00,fyn,2.925,0.0,0.9,0.0,1025.65,84.5,0.0
1776733200,2026-04-21 01:00:00,2026-04-21 03:00:00,fyn,2.225,0.0,0.875,0.0,1025.76,86.75,1.66667
1776736800,2026-04-21 02:00:00,2026-04-21 04:00:00,fyn,1.7,0.0,1.05,0.0,1025.87,86.5,5.0
1776740400,2026-04-21 03:00:00,2026-04-21 05:00:00,fyn,1.85,0.0,0.975,0.0,1025.7,86.5,3.33333
1776744000,2026-04-21 04:00:00,2026-04-21 06:00:00,fyn,2.15,0.0,1.375,0.0,1025.72,88.0,10.0
1776747600,2026-04-21 05:00:00,2026-04-21 07:00:00,fyn,2.8,28.5,1.475,0.0,1025.97,90.25,0.0
1776751200,2026-04-21 06:00:00,2026-04-21 08:00:00,fyn,4.55,153.0,1.575,0.0,1026.18,90.25,0.0
1776754800,2026-04-21 07:00:00,2026-04-21 09:00:00,fyn,7.475,238.5,2.775,0.0,1026.36,77.5,0.0
1776758400,2026-04-21 08:00:00,2026-04-21 10:00:00,fyn,9.2,412.0,3.4,0.0,1026.48,60.25,1.66667
1776762000,2026-04-21 09:00:00,2026-04-21 11:00:00,fyn,10.2,587.5,4.325,0.0,1026.54,48.25,5.0
1776765600,2026-04-21 10:00:00,2026-04-21 12:00:00,fyn,10.825,691.5,4.9,0.0,1026.57,40.25,0.0
1776769200,2026-04-21 11:00:00,2026-04-21 13:00:00,fyn,11.4,753.5,5.425,0.0,1026.57,37.75,0.0
1776772800,2026-04-21 12:00:00,2026-04-21 14:00:00,fyn,11.825,770.0,5.4,0.0,1026.49,36.25,0.0
1776776400,2026-04-21 13:00:00,2026-04-21 15:00:00,fyn,12.125,740.0,5.2,0.0,1026.19,34.0,0.0
1776780000,2026-04-21 14:00:00,2026-04-21 16:00:00,fyn,12.2,664.5,4.175,0.0,1025.75,34.75,8.33333
1776783600,2026-04-21 15:00:00,2026-04-21 17:00:00,fyn,11.9,549.0,3.625,0.0,1025.35,39.5,20.0
1776787200,2026-04-21 16:00:00,2026-04-21 18:00:00,fyn,11.8,409.5,3.2,0.0,1025.03,39.5,6.66667
1776790800,2026-04-21 17:00:00,2026-04-21 19:00:00,fyn,11.525,260.5,2.625,0.0,1024.8,41.25,20.0
1776794400,2026-04-21 18:00:00,2026-04-21 20:00:00,fyn,10.85,111.5,1.825,0.0,1024.9,44.25,45.0
1776798000,2026-04-21 19:00:00,2026-04-21 21:00:00,fyn,9.325,8.5,0.8,0.0,1025.07,49.0,10.0
1776801600,2026-04-21 20:00:00,2026-04-21 22:00:00,fyn,6.825,0.0,0.55,0.0,1025.16,62.0,20.0
1776805200,2026-04-21 21:00:00,2026-04-21 23:00:00,fyn,5.0,0.0,1.275,0.0,1025.26,71.0,10.0
1776808800,2026-04-21 22:00:00,2026-04-22 00:00:00,fyn,3.95,0.0,1.225,0.0,1025.36,74.0,3.33333
1776812400,2026-04-21 23:00:00,2026-04-22 01:00:00,fyn,3.15,0.0,1.225,0.0,1025.45,77.75,0.0
1776816000,2026-04-22 00:00:00,2026-04-22 02:00:00,fyn,3.3,0.0,0.975,0.0,1025.27,80.0,5.0
1776819600,2026-04-22 01:00:00,2026-04-22 03:00:00,fyn,2.825,0.0,1.1,0.0,1025.05,82.0,6.66667
1776823200,2026-04-22 02:00:00,2026-04-22 04:00:00,fyn,2.25,0.0,1.225,0.0,1024.93,83.75,1.66667
1776826800,2026-04-22 03:00:00,2026-04-22 05:00:00,fyn,2.15,0.0,1.15,0.0,1024.79,85.25,0.0
1776830400,2026-04-22 04:00:00,2026-04-22 06:00:00,fyn,1.9,0.0,1.175,0.0,1024.83,87.75,8.33333
1776834000,2026-04-22 05:00:00,2026-04-22 07:00:00,fyn,2.325,33.0,1.625,0.0,1025.0,88.0,0.0
1776837600,2026-04-22 06:00:00,2026-04-22 08:00:00,fyn,4.375,164.0,2.1,0.0,1024.89,81.5,3.33333
1776841200,2026-04-22 07:00:00,2026-04-22 09:00:00,fyn,7.525,249.0,2.625,0.0,1024.8,70.5,1.66667
1776844800,2026-04-22 08:00:00,2026-04-22 10:00:00,fyn,10.025,424.5,3.8,0.0,1024.67,58.25,1.66667
1776848400,2026-04-22 09:00:00,2026-04-22 11:00:00,fyn,11.825,606.5,4.175,0.0,1024.44,48.0,10.0
1776852000,2026-04-22 10:00:00,2026-04-22 12:00:00,fyn,13.375,703.5,4.55,0.0,1024.14,41.0,0.0
1776855600,2026-04-22 11:00:00,2026-04-22 13:00:00,fyn,14.8,760.5,4.85,0.0,1023.79,36.25,0.0
1776859200,2026-04-22 12:00:00,2026-04-22 14:00:00,fyn,15.8,773.5,4.575,0.0,1023.7,35.0,5.0
1776862800,2026-04-22 13:00:00,2026-04-22 15:00:00,fyn,16.55,742.0,4.675,,1023.39,33.25,0.0
1776866400,2026-04-22 14:00:00,2026-04-22 16:00:00,fyn,16.925,668.0,5.025,,1023.08,31.25,0.0
1776870000,2026-04-22 15:00:00,2026-04-22 17:00:00,fyn,16.8,554.0,5.4,0.0,1022.76,32.0,3.33333
1776873600,2026-04-22 16:00:00,2026-04-22 18:00:00,fyn,16.1,405.0,5.925,0.0,1022.25,32.25,15.0
1776877200,2026-04-22 17:00:00,2026-04-22 19:00:00,fyn,14.625,267.0,6.375,0.0,1021.9,41.25,16.6667
1776880800,2026-04-22 18:00:00,2026-04-22 20:00:00,fyn,12.3,118.0,6.0,0.0,1021.99,48.5,66.6667
1776884400,2026-04-22 19:00:00,2026-04-22 21:00:00,fyn,9.6,11.0,5.675,0.0,1022.3,65.5,10.0
1776888000,2026-04-22 20:00:00,2026-04-22 22:00:00,fyn,7.425,0.0,5.375,0.0,1022.28,80.0,28.3333
1776891600,2026-04-22 21:00:00,2026-04-22 23:00:00,fyn,6.0,0.0,5.325,0.0,1022.14,88.25,35.0
1776895200,2026-04-22 22:00:00,2026-04-23 00:00:00,fyn,5.45,0.0,5.25,0.0,1022.07,91.5,25.0
1776898800,2026-04-22 23:00:00,2026-04-23 01:00:00,fyn,5.05,0.0,5.0,0.0,1021.84,93.0,35.0
1776902400,2026-04-23 00:00:00,2026-04-23 02:00:00,fyn,5.0,0.0,4.925,0.0,1021.4,93.0,38.3333
1776906000,2026-04-23 01:00:00,2026-04-23 03:00:00,fyn,4.85,0.0,4.5,0.0,1021.26,93.75,50.0
1776909600,2026-04-23 02:00:00,2026-04-23 04:00:00,fyn,4.725,0.0,4.075,0.0,1021.13,93.75,30.0
1776913200,2026-04-23 03:00:00,2026-04-23 05:00:00,fyn,4.525,0.0,3.725,0.0,1020.86,94.0,38.3333
1776916800,2026-04-23 04:00:00,2026-04-23 06:00:00,fyn,4.6,0.0,3.725,0.0,1020.93,95.0,33.3333
1776920400,2026-04-23 05:00:00,2026-04-23 07:00:00,fyn,4.875,25.5,4.1,0.0,1021.48,95.75,0.0
1776924000,2026-04-23 06:00:00,2026-04-23 08:00:00,fyn,5.9,84.0,3.825,0.0,1021.83,94.75,0.0
1776927600,2026-04-23 07:00:00,2026-04-23 09:00:00,fyn,6.8,176.0,3.825,0.0,1021.92,91.75,0.0
1776931200,2026-04-23 08:00:00,2026-04-23 10:00:00,fyn,8.15,337.5,3.05,0.0,1022.07,86.25,8.33333
1776934800,2026-04-23 09:00:00,2026-04-23 11:00:00,fyn,9.875,566.0,2.2,0.0,1021.92,78.5,3.33333
1776938400,2026-04-23 10:00:00,2026-04-23 12:00:00,fyn,11.5,688.5,2.025,0.0,1021.57,72.0,5.0
1776942000,2026-04-23 11:00:00,2026-04-23 13:00:00,fyn,12.975,748.5,2.5,0.0,1021.03,67.0,0.0
1776945600,2026-04-23 12:00:00,2026-04-23 14:00:00,fyn,14.825,765.0,3.1,0.0,1020.31,59.75,8.33333
1776949200,2026-04-23 13:00:00,2026-04-23 15:00:00,fyn,16.15,734.5,4.1,0.0,1019.43,53.75,3.33333
1776952800,2026-04-23 14:00:00,2026-04-23 16:00:00,fyn,16.7,641.5,4.575,0.0,1018.58,49.75,0.0
1776956400,2026-04-23 15:00:00,2026-04-23 17:00:00,fyn,16.875,553.0,5.6,0.0,1018.0,48.25,0.0
1776960000,2026-04-23 16:00:00,2026-04-23 18:00:00,fyn,16.1,414.0,6.7,0.0,1017.66,47.5,1.66667
1776963600,2026-04-23 17:00:00,2026-04-23 19:00:00,fyn,14.375,250.0,6.925,0.0,1017.45,49.75,10.0
1776967200,2026-04-23 18:00:00,2026-04-23 20:00:00,fyn,12.45,103.5,6.1,0.0,1017.35,56.75,33.3333
1776970800,2026-04-23 19:00:00,2026-04-23 21:00:00,fyn,10.2,13.5,6.175,0.0,1017.17,63.5,6.66667
1776974400,2026-04-23 20:00:00,2026-04-23 22:00:00,fyn,8.5,0.0,6.075,0.0,1017.13,72.5,1.66667
1776978000,2026-04-23 21:00:00,2026-04-23 23:00:00,fyn,7.425,0.0,5.95,0.0,1016.95,80.75,0.0
1776981600,2026-04-23 22:00:00,2026-04-24 00:00:00,fyn,6.9,0.0,4.875,0.0,1016.88,86.0,23.3333
1776985200,2026-04-23 23:00:00,2026-04-24 01:00:00,fyn,6.65,0.0,4.7,0.0,1016.6,88.5,10.0
1776988800,2026-04-24 00:00:00,2026-04-24 02:00:00,fyn,6.55,0.0,4.45,0.0,1016.29,89.75,25.0
1776992400,2026-04-24 01:00:00,2026-04-24 03:00:00,fyn,6.325,0.0,3.925,0.0,1016.12,90.75,40.0
1776996000,2026-04-24 02:00:00,2026-04-24 04:00:00,fyn,6.175,0.0,3.75,0.0,1015.9,91.25,40.0
1776999600,2026-04-24 03:00:00,2026-04-24 05:00:00,fyn,5.975,0.0,3.475,0.0,1015.66,92.5,40.0
1777003200,2026-04-24 04:00:00,2026-04-24 06:00:00,fyn,5.625,0.0,4.15,0.0,1015.66,93.5,46.6667
1777006800,2026-04-24 05:00:00,2026-04-24 07:00:00,fyn,5.7,36.5,3.925,0.0,1015.82,93.75,18.3333
1777010400,2026-04-24 06:00:00,2026-04-24 08:00:00,fyn,6.675,144.0,4.125,0.0,1015.64,91.25,5.0
1777014000,2026-04-24 07:00:00,2026-04-24 09:00:00,fyn,8.2,185.0,4.56667,0.0,1015.3,85.3333,0.0
1777017600,2026-04-24 08:00:00,2026-04-24 10:00:00,fyn,9.825,410.0,4.775,0.0,1015.5,78.75,0.0
1777021200,2026-04-24 09:00:00,2026-04-24 11:00:00,fyn,11.4,591.0,4.725,0.0,1015.52,72.5,3.33333
1777024800,2026-04-24 10:00:00,2026-04-24 12:00:00,fyn,13.05,688.0,4.1,0.0,1015.31,65.5,10.0
1777028400,2026-04-24 11:00:00,2026-04-24 13:00:00,fyn,14.525,746.0,3.95,0.0,1015.09,60.0,10.0
1777032000,2026-04-24 12:00:00,2026-04-24 14:00:00,fyn,15.325,761.0,3.775,0.0,1014.78,57.5,5.0
1777035600,2026-04-24 13:00:00,2026-04-24 15:00:00,fyn,15.35,731.5,4.0,0.0,1014.36,59.0,0.0
1777039200,2026-04-24 14:00:00,2026-04-24 16:00:00,fyn,15.925,656.5,4.75,0.0,1014.03,56.25,0.0
1777042800,2026-04-24 15:00:00,2026-04-24 17:00:00,fyn,15.675,541.5,6.05,0.0,1013.76,55.0,0.0
1777046400,2026-04-24 16:00:00,2026-04-24 18:00:00,fyn,14.2,405.5,6.8,0.0,1013.4,59.75,6.66667
1777050000,2026-04-24 17:00:00,2026-04-24 19:00:00,fyn,12.5,255.0,7.2,0.0,1013.1,64.5,45.0
1777053600,2026-04-24 18:00:00,2026-04-24 20:00:00,fyn,10.625,111.5,7.125,0.0,1012.95,70.75,6.66667
1777057200,2026-04-24 19:00:00,2026-04-24 21:00:00,fyn,8.725,13.5,6.9,0.0,1012.77,77.5,26.6667
1777060800,2026-04-24 20:00:00,2026-04-24 22:00:00,fyn,7.225,0.0,6.8,0.0,1012.55,82.75,8.33333
1777064400,2026-04-24 21:00:00,2026-04-24 23:00:00,fyn,6.35,0.0,6.425,0.0,1012.38,85.5,45.0
1777068000,2026-04-24 22:00:00,2026-04-25 00:00:00,fyn,6.025,0.0,6.575,0.0,1012.04,86.0,20.0
1777071600,2026-04-24 23:00:00,2026-04-25 01:00:00,fyn,5.9,0.0,6.775,0.0,1011.52,86.75,45.0
1777075200,2026-04-25 00:00:00,2026-04-25 02:00:00,fyn,5.925,0.0,7.0,0.0,1010.87,85.75,31.6667
1777078800,2026-04-25 01:00:00,2026-04-25 03:00:00,fyn,5.975,0.0,6.825,0.0,1010.41,84.5,53.3333
1777082400,2026-04-25 02:00:00,2026-04-25 04:00:00,fyn,6.125,0.0,7.75,0.0333333,1010.33,83.75,25.0
1777086000,2026-04-25 03:00:00,2026-04-25 05:00:00,fyn,6.375,0.0,7.775,0.0,1010.05,83.25,30.0
1777089600,2026-04-25 04:00:00,2026-04-25 06:00:00,fyn,6.5,0.0,7.65,0.0,1010.09,81.75,18.3333
1777093200,2026-04-25 05:00:00,2026-04-25 07:00:00,fyn,6.75,25.5,8.5,0.0,1010.3,79.0,35.0
1777096800,2026-04-25 06:00:00,2026-04-25 08:00:00,fyn,7.075,95.0,8.725,0.0,1010.43,75.75,53.3333
1777100400,2026-04-25 07:00:00,2026-04-25 09:00:00,fyn,7.63333,153.0,9.6,0.0,1010.34,72.3333,90.0
1777104000,2026-04-25 08:00:00,2026-04-25 10:00:00,fyn,7.975,274.0,8.825,0.0,1010.14,70.0,85.0
1777107600,2026-04-25 09:00:00,2026-04-25 11:00:00,fyn,8.375,291.5,9.225,0.0333333,1009.84,67.75,85.0
1777111200,2026-04-25 10:00:00,2026-04-25 12:00:00,fyn,9.225,366.5,9.275,0.0,1009.6,64.75,75.0
1777114800,2026-04-25 11:00:00,2026-04-25 13:00:00,fyn,9.725,304.0,9.675,0.0,1009.46,62.75,90.0
1777118400,2026-04-25 12:00:00,2026-04-25 14:00:00,fyn,9.55,365.0,10.3,0.0,1009.22,64.3333,88.3333
1777122000,2026-04-25 13:00:00,2026-04-25 15:00:00,fyn,9.525,421.5,10.325,0.0333333,1008.62,65.25,35.0
1777125600,2026-04-25 14:00:00,2026-04-25 16:00:00,fyn,10.35,602.5,11.0,0.0,1008.55,59.25,6.66667
1777129200,2026-04-25 15:00:00,2026-04-25 17:00:00,fyn,10.425,541.0,11.5,0.0,1008.99,54.5,3.33333
1777132800,2026-04-25 16:00:00,2026-04-25 18:00:00,fyn,9.825,399.5,11.425,0.0333333,1009.55,52.75,10.0
1777136400,2026-04-25 17:00:00,2026-04-25 19:00:00,fyn,9.3,258.5,10.5,0.0,1010.28,53.5,5.0
1777140000,2026-04-25 18:00:00,2026-04-25 20:00:00,fyn,8.45,118.0,9.125,0.0,1011.29,55.25,0.0
1777143600,2026-04-25 19:00:00,2026-04-25 21:00:00,fyn,7.325,15.5,7.825,0.0,1012.47,61.0,0.0
1777147200,2026-04-25 20:00:00,2026-04-25 22:00:00,fyn,6.4,0.0,6.1,0.0,1013.48,67.75,5.0
1777150800,2026-04-25 21:00:00,2026-04-25 23:00:00,fyn,5.7,0.0,4.925,0.0,1014.51,73.5,20.0
1777154400,2026-04-25 22:00:00,2026-04-26 00:00:00,fyn,4.7,0.0,3.95,0.0,1015.58,79.25,3.33333
1777158000,2026-04-25 23:00:00,2026-04-26 01:00:00,fyn,4.1,0.0,3.475,0.0,1016.48,82.0,0.0
1777161600,2026-04-26 00:00:00,2026-04-26 02:00:00,fyn,3.5,0.0,3.5,0.0,1017.43,84.75,21.6667
1777165200,2026-04-26 01:00:00,2026-04-26 03:00:00,fyn,2.975,0.0,3.475,0.0,1018.24,87.75,1.66667
1777168800,2026-04-26 02:00:00,2026-04-26 04:00:00,fyn,2.8,0.0,2.725,0.0,1018.92,89.0,0.0
1777172400,2026-04-26 03:00:00,2026-04-26 05:00:00,fyn,2.275,0.0,2.05,0.0,1019.64,89.0,0.0
1777176000,2026-04-26 04:00:00,2026-04-26 06:00:00,fyn,1.275,0.0,1.55,0.0,1020.41,91.5,0.0
1777179600,2026-04-26 05:00:00,2026-04-26 07:00:00,fyn,1.2,48.0,1.45,0.0,1021.3,92.5,0.0
1777183200,2026-04-26 06:00:00,2026-04-26 08:00:00,fyn,3.625,185.5,1.075,0.0,1021.86,87.0,0.0
1777186800,2026-04-26 07:00:00,2026-04-26 09:00:00,fyn,6.4,277.0,0.95,0.0,1022.15,73.0,0.0
1777190400,2026-04-26 08:00:00,2026-04-26 10:00:00,fyn,8.225,421.5,1.475,0.0,1022.46,55.75,0.0
1777194000,2026-04-26 09:00:00,2026-04-26 11:00:00,fyn,9.0,614.5,1.9,0.0,1022.69,49.5,0.0
1777197600,2026-04-26 10:00:00,2026-04-26 12:00:00,fyn,9.725,713.0,2.4,0.0,1022.6,47.5,0.0
1777201200,2026-04-26 11:00:00,2026-04-26 13:00:00,fyn,10.675,768.0,3.15,0.0,1022.6,42.75,11.6667
1777204800,2026-04-26 12:00:00,2026-04-26 14:00:00,fyn,11.375,784.0,4.075,0.0,1022.39,42.75,0.0
1777208400,2026-04-26 13:00:00,2026-04-26 15:00:00,fyn,11.65,679.0,4.175,0.0,1021.94,43.5,6.66667
1777212000,2026-04-26 14:00:00,2026-04-26 16:00:00,fyn,11.8,580.5,4.5,0.0,1021.57,46.25,18.3333
1777215600,2026-04-26 15:00:00,2026-04-26 17:00:00,fyn,11.875,535.5,5.3,0.0,1021.42,49.25,15.0
1777219200,2026-04-26 16:00:00,2026-04-26 18:00:00,fyn,11.925,399.5,5.425,0.0,1021.28,44.25,30.0
1777222800,2026-04-26 17:00:00,2026-04-26 19:00:00,fyn,11.175,264.0,5.65,0.0,1021.16,46.5,5.0
1777226400,2026-04-26 18:00:00,2026-04-26 20:00:00,fyn,9.93333,122.0,4.76667,0.0,1021.04,49.0,0.0
1777230000,2026-04-26 19:00:00,2026-04-26 21:00:00,fyn,8.175,18.5,3.55,0.0,1021.66,59.0,10.0
1777233600,2026-04-26 20:00:00,2026-04-26 22:00:00,fyn,6.425,0.0,3.55,0.0,1021.9,64.0,3.33333
1777237200,2026-04-26 21:00:00,2026-04-26 23:00:00,fyn,5.025,0.0,3.725,0.0,1021.93,70.25,0.0
1777240800,2026-04-26 22:00:00,2026-04-27 00:00:00,fyn,3.925,0.0,3.55,0.0,1022.23,77.0,5.0
1777244400,2026-04-26 23:00:00,2026-04-27 01:00:00,fyn,3.225,0.0,3.45,0.0,1022.38,80.5,0.0
1777248000,2026-04-27 00:00:00,2026-04-27 02:00:00,fyn,2.525,0.0,2.725,0.0,1022.36,83.25,0.0
1777251600,2026-04-27 01:00:00,2026-04-27 03:00:00,fyn,2.125,0.0,1.8,0.0,1022.37,84.75,25.0
1777255200,2026-04-27 02:00:00,2026-04-27 04:00:00,fyn,1.5,0.0,1.9,0.0,1022.25,88.0,40.0
1777258800,2026-04-27 03:00:00,2026-04-27 05:00:00,fyn,1.125,0.0,1.825,0.0,1022.35,89.75,5.0
1777262400,2026-04-27 04:00:00,2026-04-27 06:00:00,fyn,1.075,0.5,1.425,0.0,1022.57,91.5,6.66667
1777266000,2026-04-27 05:00:00,2026-04-27 07:00:00,fyn,1.825,51.0,1.55,0.0,1022.8,90.0,0.0
1777269600,2026-04-27 06:00:00,2026-04-27 08:00:00,fyn,3.8,115.5,2.05,0.0,1022.98,84.75,21.6667
1777273200,2026-04-27 07:00:00,2026-04-27 09:00:00,fyn,5.525,193.5,2.3,0.0,1023.05,77.75,31.6667
1777276800,2026-04-27 08:00:00,2026-04-27 10:00:00,fyn,6.725,392.0,2.35,0.0,1023.13,66.0,8.33333
1777280400,2026-04-27 09:00:00,2026-04-27 11:00:00,fyn,7.675,619.0,2.075,0.0,1023.25,64.25,30.0
1777284000,2026-04-27 10:00:00,2026-04-27 12:00:00,fyn,8.7,702.5,2.475,0.0,1023.34,56.75,16.6667
1777287600,2026-04-27 11:00:00,2026-04-27 13:00:00,fyn,9.45,738.5,3.15,0.0,1023.24,58.5,20.0
1777291200,2026-04-27 12:00:00,2026-04-27 14:00:00,fyn,10.1,793.0,3.3,0.0,1023.15,56.0,15.0
1777294800,2026-04-27 13:00:00,2026-04-27 15:00:00,fyn,10.65,741.5,3.15,0.0,1022.97,54.25,1.66667
1777298400,2026-04-27 14:00:00,2026-04-27 16:00:00,fyn,11.1,667.0,3.425,0.0,1022.74,50.75,0.0
1777302000,2026-04-27 15:00:00,2026-04-27 17:00:00,fyn,11.425,548.0,3.725,0.0,1022.46,46.25,0.0
1777305600,2026-04-27 16:00:00,2026-04-27 18:00:00,fyn,11.2,426.5,3.975,0.0,1022.55,44.5,1.66667
1777309200,2026-04-27 17:00:00,2026-04-27 19:00:00,fyn,10.875,219.0,3.7,0.0,1022.82,44.75,0.0
1777312800,2026-04-27 18:00:00,2026-04-27 20:00:00,fyn,9.925,126.5,3.825,0.0,1023.08,46.25,5.0
1777316400,2026-04-27 19:00:00,2026-04-27 21:00:00,fyn,8.525,18.5,2.875,0.0,1023.57,53.5,10.0
1777320000,2026-04-27 20:00:00,2026-04-27 22:00:00,fyn,6.675,0.0,1.9,0.0,1023.99,61.75,10.0
1777323600,2026-04-27 21:00:00,2026-04-27 23:00:00,fyn,5.35,0.0,1.875,0.0,1024.25,71.5,10.0
1777327200,2026-04-27 22:00:00,2026-04-28 00:00:00,fyn,4.7,0.0,1.725,0.0,1024.39,74.75,5.0
1777330800,2026-04-27 23:00:00,2026-04-28 01:00:00,fyn,3.575,0.0,1.475,0.0,1024.45,79.75,5.0
1777334400,2026-04-28 00:00:00,2026-04-28 02:00:00,fyn,2.7,0.0,1.2,0.0,1024.81,82.5,0.0
1777338000,2026-04-28 01:00:00,2026-04-28 03:00:00,fyn,2.475,0.0,1.375,0.0,1025.2,84.25,6.66667
1777341600,2026-04-28 02:00:00,2026-04-28 04:00:00,fyn,2.45,0.0,1.35,0.0,1025.45,86.0,10.0
1777345200,2026-04-28 03:00:00,2026-04-28 05:00:00,fyn,2.55,0.0,1.55,0.0,1025.59,87.25,5.0
1777348800,2026-04-28 04:00:00,2026-04-28 06:00:00,fyn,2.525,0.5,1.975,0.0,1025.87,90.0,8.33333
1777352400,2026-04-28 05:00:00,2026-04-28 07:00:00,fyn,3.2,50.0,1.375,0.0,1026.18,89.25,0.0
1777356000,2026-04-28 06:00:00,2026-04-28 08:00:00,fyn,5.625,175.5,1.975,0.0,1026.57,81.25,0.0
1777359600,2026-04-28 07:00:00,2026-04-28 09:00:00,fyn,7.925,265.0,2.825,0.0,1026.88,69.75,0.0
1777363200,2026-04-28 08:00:00,2026-04-28 10:00:00,fyn,9.575,415.5,3.875,0.0,1027.14,58.75,5.0
1777366800,2026-04-28 09:00:00,2026-04-28 11:00:00,fyn,10.85,608.5,3.875,0.0,1027.16,51.75,0.0
1777370400,2026-04-28 10:00:00,2026-04-28 12:00:00,fyn,11.975,687.5,4.25,0.0,1027.09,45.5,0.0
1777374000,2026-04-28 11:00:00,2026-04-28 13:00:00,fyn,12.675,748.5,4.75,0.0,1027.05,42.5,0.0
1777377600,2026-04-28 12:00:00,2026-04-28 14:00:00,fyn,13.075,766.5,4.7,0.0,1027.02,39.75,0.0
1777381200,2026-04-28 13:00:00,2026-04-28 15:00:00,fyn,13.35,752.0,4.75,0.0,1026.94,40.25,0.0
1777384800,2026-04-28 14:00:00,2026-04-28 16:00:00,fyn,13.225,683.5,4.625,0.0,1026.66,40.0,0.0
1777388400,2026-04-28 15:00:00,2026-04-28 17:00:00,fyn,13.325,565.0,4.525,0.0,1026.26,38.0,0.0
1777392000,2026-04-28 16:00:00,2026-04-28 18:00:00,fyn,13.15,415.5,4.55,0.0,1026.0,36.5,6.66667
1777395600,2026-04-28 17:00:00,2026-04-28 19:00:00,fyn,12.8,271.0,4.1,0.0,1025.88,37.25,1.66667
1777399200,2026-04-28 18:00:00,2026-04-28 20:00:00,fyn,12.075,139.5,3.575,0.0,1026.01,38.75,25.0
1777402800,2026-04-28 19:00:00,2026-04-28 21:00:00,fyn,10.675,24.0,2.625,0.0,1026.45,43.75,15.0
1777406400,2026-04-28 20:00:00,2026-04-28 22:00:00,fyn,8.7,0.0,1.375,0.0,1026.82,54.5,10.0
1777410000,2026-04-28 21:00:00,2026-04-28 23:00:00,fyn,6.925,0.0,1.275,0.0,1027.11,63.0,10.0
1777413600,2026-04-28 22:00:00,2026-04-29 00:00:00,fyn,5.925,0.0,1.05,0.0,1027.49,66.5,10.0
1777417200,2026-04-28 23:00:00,2026-04-29 01:00:00,fyn,4.925,0.0,0.875,0.0,1027.62,70.25,6.66667
1777420800,2026-04-29 00:00:00,2026-04-29 02:00:00,fyn,3.65,0.0,0.7,0.0,1027.69,78.5,5.0
1777424400,2026-04-29 01:00:00,2026-04-29 03:00:00,fyn,2.45,0.0,0.75,0.0,1027.8,84.0,0.0
1777428000,2026-04-29 02:00:00,2026-04-29 04:00:00,fyn,2.35,0.0,0.975,0.0,1027.83,86.25,1.66667
1777431600,2026-04-29 03:00:00,2026-04-29 05:00:00,fyn,2.0,0.0,0.975,0.0,1027.87,87.75,1.66667
1777435200,2026-04-29 04:00:00,2026-04-29 06:00:00,fyn,1.575,0.5,0.95,0.0,1028.12,89.75,6.66667
1777438800,2026-04-29 05:00:00,2026-04-29 07:00:00,fyn,2.175,57.5,0.85,0.0,1028.5,88.5,0.0
1777442400,2026-04-29 06:00:00,2026-04-29 08:00:00,fyn,5.275,195.0,0.95,0.0,1028.68,81.5,0.0
1777446000,2026-04-29 07:00:00,2026-04-29 09:00:00,fyn,8.925,289.0,1.3,0.0,1028.85,65.25,1.66667
1777449600,2026-04-29 08:00:00,2026-04-29 10:00:00,fyn,10.55,417.5,1.775,0.0,1028.99,53.5,0.0
1777453200,2026-04-29 09:00:00,2026-04-29 11:00:00,fyn,12.05,613.0,1.425,0.0,1029.08,46.5,0.0
1777456800,2026-04-29 10:00:00,2026-04-29 12:00:00,fyn,13.05,708.0,1.65,0.0,1029.0,41.0,0.0
1777460400,2026-04-29 11:00:00,2026-04-29 13:00:00,fyn,13.725,764.0,1.875,0.0,1028.84,37.25,0.0
1777464000,2026-04-29 12:00:00,2026-04-29 14:00:00,fyn,14.225,778.5,1.8,0.0,1028.71,41.5,0.0
1777467600,2026-04-29 13:00:00,2026-04-29 15:00:00,fyn,14.725,751.5,2.0,0.0,1028.57,37.5,0.0
1777471200,2026-04-29 14:00:00,2026-04-29 16:00:00,fyn,15.1,677.0,2.125,0.0,1028.34,39.5,5.0
1777474800,2026-04-29 15:00:00,2026-04-29 17:00:00,fyn,15.025,561.5,2.6,0.0,1028.18,38.75,1.66667
1777478400,2026-04-29 16:00:00,2026-04-29 18:00:00,fyn,15.175,415.0,2.525,0.0,1028.01,39.75,10.0
1777482000,2026-04-29 17:00:00,2026-04-29 19:00:00,fyn,14.975,269.5,2.475,0.0,1027.86,41.75,8.33333
1777485600,2026-04-29 18:00:00,2026-04-29 20:00:00,fyn,13.975,132.5,2.7,0.0,1028.04,44.75,36.6667
1777489200,2026-04-29 19:00:00,2026-04-29 21:00:00,fyn,12.425,22.5,2.5,0.0,1028.58,50.75,5.0
1777492800,2026-04-29 20:00:00,2026-04-29 22:00:00,fyn,10.65,0.0,2.15,0.0,1028.92,56.5,6.66667
1777496400,2026-04-29 21:00:00,2026-04-29 23:00:00,fyn,9.475,0.0,1.575,0.0,1029.06,60.5,5.0
1777500000,2026-04-29 22:00:00,2026-04-30 00:00:00,fyn,7.95,0.0,1.6,0.0,1029.28,67.0,5.0
1777503600,2026-04-29 23:00:00,2026-04-30 01:00:00,fyn,6.75,0.0,1.25,0.0,1029.53,69.25,0.0
1777507200,2026-04-30 00:00:00,2026-04-30 02:00:00,fyn,5.925,0.0,1.1,0.0,1029.57,76.0,0.0
1777510800,2026-04-30 01:00:00,2026-04-30 03:00:00,fyn,4.8,0.0,0.825,0.0,1029.76,82.75,0.0
1777514400,2026-04-30 02:00:00,2026-04-30 04:00:00,fyn,4.15,0.0,0.875,0.0,1029.83,86.25,0.0
1777518000,2026-04-30 03:00:00,2026-04-30 05:00:00,fyn,3.775,0.0,0.775,0.0,1029.77,87.5,6.66667
1777521600,2026-04-30 04:00:00,2026-04-30 06:00:00,fyn,3.475,1.0,1.25,0.0,1030.01,86.75,0.0
1777525200,2026-04-30 05:00:00,2026-04-30 07:00:00,fyn,4.25,60.0,1.55,0.0,1030.08,87.0,0.0
1777528800,2026-04-30 06:00:00,2026-04-30 08:00:00,fyn,7.05,196.5,2.0,0.0,1030.14,80.75,0.0
1777532400,2026-04-30 07:00:00,2026-04-30 09:00:00,fyn,9.8,292.0,2.225,0.0,1030.09,65.0,0.0
1777536000,2026-04-30 08:00:00,2026-04-30 10:00:00,fyn,11.8,418.0,2.775,0.0,1029.9,52.5,1.66667
1777539600,2026-04-30 09:00:00,2026-04-30 11:00:00,fyn,13.5,615.0,3.625,0.0,1029.71,49.25,0.0
1777543200,2026-04-30 10:00:00,2026-04-30 12:00:00,fyn,14.975,714.0,4.6,0.0,1029.47,45.0,0.0
1777546800,2026-04-30 11:00:00,2026-04-30 13:00:00,fyn,16.0,772.0,4.125,0.0,1029.2,42.25,0.0
1777550400,2026-04-30 12:00:00,2026-04-30 14:00:00,fyn,16.725,787.0,3.925,0.0,1028.89,40.75,1.66667
1777554000,2026-04-30 13:00:00,2026-04-30 15:00:00,fyn,17.525,757.5,3.975,0.0,1028.44,39.0,0.0
1777557600,2026-04-30 14:00:00,2026-04-30 16:00:00,fyn,17.65,684.0,4.1,0.0,1027.95,40.5,1.66667
1777561200,2026-04-30 15:00:00,2026-04-30 17:00:00,fyn,17.875,566.5,4.15,0.0,1027.61,40.5,1.66667
1777564800,2026-04-30 16:00:00,2026-04-30 18:00:00,fyn,17.55,418.0,3.975,0.0,1027.29,41.5,6.66667
1777568400,2026-04-30 17:00:00,2026-04-30 19:00:00,fyn,17.125,273.0,3.6,0.0,1027.08,43.25,6.66667
1777572000,2026-04-30 18:00:00,2026-04-30 20:00:00,fyn,16.575,138.5,3.25,0.0,1027.11,40.5,6.66667
1777575600,2026-04-30 19:00:00,2026-04-30 21:00:00,fyn,14.925,26.0,2.825,0.0,1027.44,44.25,0.0
1777579200,2026-04-30 20:00:00,2026-04-30 22:00:00,fyn,12.3,0.0,2.2,0.0,1027.56,52.25,1.66667
1777582800,2026-04-30 21:00:00,2026-04-30 23:00:00,fyn,10.15,0.0,1.425,0.0,1027.55,65.5,0.0
1777586400,2026-04-30 22:00:00,2026-05-01 00:00:00,fyn,8.525,0.0,0.975,0.0,1027.45,74.0,0.0
1777590000,2026-04-30 23:00:00,2026-05-01 01:00:00,fyn,6.9,0.0,1.1,0.0,1027.35,81.5,0.0
1777593600,2026-05-01 00:00:00,2026-05-01 02:00:00,fyn,5.75,0.0,1.025,0.0,1027.2,83.75,0.0
1777597200,2026-05-01 01:00:00,2026-05-01 03:00:00,fyn,5.25,0.0,0.8,0.0,1027.18,83.0,8.33333
1777600800,2026-05-01 02:00:00,2026-05-01 04:00:00,fyn,4.575,0.0,0.55,0.0,1027.03,85.25,6.66667
1777604400,2026-05-01 03:00:00,2026-05-01 05:00:00,fyn,4.05,0.0,0.675,0.0,1026.81,86.75,0.0
1777608000,2026-05-01 04:00:00,2026-05-01 06:00:00,fyn,3.75,1.5,0.5,0.0,1026.82,87.5,0.0
1777611600,2026-05-01 05:00:00,2026-05-01 07:00:00,fyn,4.7,65.0,0.75,0.0,1026.9,85.25,0.0
1777615200,2026-05-01 06:00:00,2026-05-01 08:00:00,fyn,8.25,201.5,0.7,0.0,1026.98,77.25,0.0
1777618800,2026-05-01 07:00:00,2026-05-01 09:00:00,fyn,12.05,297.5,1.65,0.0,1026.78,64.0,0.0
1777622400,2026-05-01 08:00:00,2026-05-01 10:00:00,fyn,14.55,419.5,2.925,0.0,1026.6,56.5,3.33333
1777626000,2026-05-01 09:00:00,2026-05-01 11:00:00,fyn,16.375,624.0,3.675,0.0,1026.34,50.75,5.0
1777629600,2026-05-01 10:00:00,2026-05-01 12:00:00,fyn,17.325,721.0,3.925,0.0,1025.85,47.25,3.33333
1777633200,2026-05-01 11:00:00,2026-05-01 13:00:00,fyn,18.2,779.0,3.9,0.0,1025.43,45.25,0.0
1777636800,2026-05-01 12:00:00,2026-05-01 14:00:00,fyn,19.0,792.5,3.55,0.0,1024.91,43.5,1.66667
1777640400,2026-05-01 13:00:00,2026-05-01 15:00:00,fyn,19.725,761.0,3.625,0.0,1024.28,41.0,8.33333
1777644000,2026-05-01 14:00:00,2026-05-01 16:00:00,fyn,20.0,688.5,3.65,0.0,1023.51,40.75,10.0
1777647600,2026-05-01 15:00:00,2026-05-01 17:00:00,fyn,20.025,568.5,3.975,0.0,1022.77,42.25,1.66667
1777651200,2026-05-01 16:00:00,2026-05-01 18:00:00,fyn,19.65,422.5,4.375,0.0,1022.15,44.0,3.33333
1777654800,2026-05-01 17:00:00,2026-05-01 19:00:00,fyn,19.0,277.5,4.25,0.0,1021.56,44.5,15.0
1777658400,2026-05-01 18:00:00,2026-05-01 20:00:00,fyn,17.55,141.0,3.925,0.0,1021.24,49.5,45.0
1777662000,2026-05-01 19:00:00,2026-05-01 21:00:00,fyn,15.65,28.5,3.55,0.0,1020.95,55.0,13.3333
1777665600,2026-05-01 20:00:00,2026-05-01 22:00:00,fyn,13.825,0.0,3.2,0.0,1020.63,61.25,3.33333
1777669200,2026-05-01 21:00:00,2026-05-01 23:00:00,fyn,12.55,0.0,2.825,0.0,1020.25,66.25,8.33333
1777672800,2026-05-01 22:00:00,2026-05-02 00:00:00,fyn,11.75,0.0,2.0,0.0,1019.78,68.25,3.33333
1777676400,2026-05-01 23:00:00,2026-05-02 01:00:00,fyn,10.775,0.0,2.575,0.0,1019.22,73.5,5.0
1777680000,2026-05-02 00:00:00,2026-05-02 02:00:00,fyn,10.6,0.0,2.925,0.0,1018.62,73.25,1.66667
1777683600,2026-05-02 01:00:00,2026-05-02 03:00:00,fyn,10.55,0.0,2.8,0.0,1017.93,73.5,3.33333
1777687200,2026-05-02 02:00:00,2026-05-02 04:00:00,fyn,10.65,0.0,2.675,0.0,1017.17,73.5,6.66667
1777690800,2026-05-02 03:00:00,2026-05-02 05:00:00,fyn,10.025,0.0,2.6,0.0,1016.44,76.0,5.0
1777694400,2026-05-02 04:00:00,2026-05-02 06:00:00,fyn,9.475,1.0,2.725,0.0,1015.83,79.0,3.33333
1777698000,2026-05-02 05:00:00,2026-05-02 07:00:00,fyn,10.25,66.0,3.175,0.0,1015.51,78.5,0.0
1777701600,2026-05-02 06:00:00,2026-05-02 08:00:00,fyn,12.85,202.5,3.975,0.0,1015.33,70.0,0.0
1777705200,2026-05-02 07:00:00,2026-05-02 09:00:00,fyn,14.675,301.0,4.7,0.0,1015.14,64.0,0.0
1777708800,2026-05-02 08:00:00,2026-05-02 10:00:00,fyn,16.675,417.0,4.725,0.0,1014.76,57.0,10.0
1777712400,2026-05-02 09:00:00,2026-05-02 11:00:00,fyn,18.55,622.5,4.6,0.0,1014.3,51.5,0.0
1777716000,2026-05-02 10:00:00,2026-05-02 12:00:00,fyn,20.075,720.5,4.95,0.0,1013.85,45.5,0.0
1777719600,2026-05-02 11:00:00,2026-05-02 13:00:00,fyn,20.9667,788.0,5.66667,0.0,1013.16,42.3333,0.0
1777723200,2026-05-02 12:00:00,2026-05-02 14:00:00,fyn,21.7,789.5,5.625,0.0,1012.65,40.0,0.0
1777726800,2026-05-02 13:00:00,2026-05-02 15:00:00,fyn,22.05,760.5,5.825,0.0,1012.04,38.5,0.0
1777730400,2026-05-02 14:00:00,2026-05-02 16:00:00,fyn,22.05,692.0,6.6,0.0,1011.62,36.75,0.0
1777734000,2026-05-02 15:00:00,2026-05-02 17:00:00,fyn,21.425,516.5,6.55,0.0,1011.35,36.25,0.0
1777737600,2026-05-02 16:00:00,2026-05-02 18:00:00,fyn,19.925,318.5,7.025,0.0,1011.2,37.75,31.6667
1777741200,2026-05-02 17:00:00,2026-05-02 19:00:00,fyn,18.25,89.5,5.2,0.0,1010.88,46.5,80.0
1777744800,2026-05-02 18:00:00,2026-05-02 20:00:00,fyn,16.925,38.5,3.6,0.0,1010.64,53.75,90.0
1777748400,2026-05-02 19:00:00,2026-05-02 21:00:00,fyn,15.925,21.0,2.325,0.0,1010.78,64.5,61.6667
1777752000,2026-05-02 20:00:00,2026-05-02 22:00:00,fyn,14.6,0.0,3.225,0.0,1010.75,73.75,11.6667
1777755600,2026-05-02 21:00:00,2026-05-02 23:00:00,fyn,13.5,0.0,3.05,0.0,1010.52,81.5,6.66667
1777759200,2026-05-02 22:00:00,2026-05-03 00:00:00,fyn,12.525,0.0,2.65,0.0,1010.22,87.5,3.33333
1777762800,2026-05-02 23:00:00,2026-05-03 01:00:00,fyn,11.35,0.0,2.95,0.0,1010.16,92.5,3.33333
1777766400,2026-05-03 00:00:00,2026-05-03 02:00:00,fyn,10.725,0.0,3.7,0.0,1010.03,95.25,15.0
1777770000,2026-05-03 01:00:00,2026-05-03 03:00:00,fyn,10.025,0.0,3.925,0.0,1009.91,95.75,55.0
1777773600,2026-05-03 02:00:00,2026-05-03 04:00:00,fyn,9.925,0.0,3.675,0.0,1009.7,97.0,93.3333
1777777200,2026-05-03 03:00:00,2026-05-03 05:00:00,fyn,9.725,0.0,3.1,0.0,1009.56,97.0,96.6667
1777780800,2026-05-03 04:00:00,2026-05-03 06:00:00,fyn,9.6,0.5,3.05,0.0,1009.4,97.0,93.3333
1777784400,2026-05-03 05:00:00,2026-05-03 07:00:00,fyn,9.525,12.0,2.525,0.0,1009.27,96.5,96.6667
1777788000,2026-05-03 06:00:00,2026-05-03 08:00:00,fyn,9.525,56.0,2.525,0.0,1009.48,96.0,96.6667
1777791600,2026-05-03 07:00:00,2026-05-03 09:00:00,fyn,9.75,110.5,2.125,0.0,1009.59,93.75,93.3333
1777795200,2026-05-03 08:00:00,2026-05-03 10:00:00,fyn,10.375,129.0,2.125,0.0,1009.69,90.5,75.0
1777798800,2026-05-03 09:00:00,2026-05-03 11:00:00,fyn,11.325,195.5,1.825,0.0,1009.56,86.5,90.0
1777802400,2026-05-03 10:00:00,2026-05-03 12:00:00,fyn,12.175,396.5,1.775,0.0,1009.33,83.75,90.0
1777806000,2026-05-03 11:00:00,2026-05-03 13:00:00,fyn,13.325,495.5,1.6,0.0,1008.84,79.5,75.0
1777809600,2026-05-03 12:00:00,2026-05-03 14:00:00,fyn,14.475,520.5,1.275,0.0,1008.45,74.0,85.0
1777813200,2026-05-03 13:00:00,2026-05-03 15:00:00,fyn,15.15,498.0,1.2,0.0,1007.95,70.25,80.0
1777816800,2026-05-03 14:00:00,2026-05-03 16:00:00,fyn,15.675,394.0,1.425,0.0,1007.34,68.0,90.0
1777820400,2026-05-03 15:00:00,2026-05-03 17:00:00,fyn,15.4,201.5,2.175,0.0,1006.75,73.25,90.0
1777824000,2026-05-03 16:00:00,2026-05-03 18:00:00,fyn,14.9,171.5,2.2,0.0,1006.37,78.25,75.0
1777827600,2026-05-03 17:00:00,2026-05-03 19:00:00,fyn,14.475,52.0,2.075,0.0666667,1005.67,79.25,90.0
1777831200,2026-05-03 18:00:00,2026-05-03 20:00:00,fyn,13.675,23.5,2.2,0.766667,1005.4,82.75,93.3333
1777834800,2026-05-03 19:00:00,2026-05-03 21:00:00,fyn,12.85,1.5,1.875,0.5,1006.18,88.0,95.0
1777838400,2026-05-03 20:00:00,2026-05-03 22:00:00,fyn,11.975,0.0,1.5,3.2,1005.65,94.75,91.6667
1777842000,2026-05-03 21:00:00,2026-05-03 23:00:00,fyn,11.55,0.0,2.0,2.2,1005.33,97.0,93.3333
1777845600,2026-05-03 22:00:00,2026-05-04 00:00:00,fyn,11.375,0.0,1.175,0.966667,1004.88,97.5,93.3333
1777849200,2026-05-03 23:00:00,2026-05-04 01:00:00,fyn,11.225,0.0,1.65,0.4,1004.62,98.25,95.0
1777852800,2026-05-04 00:00:00,2026-05-04 02:00:00,fyn,11.35,0.0,2.025,0.9,1004.48,98.0,90.0
1777856400,2026-05-04 01:00:00,2026-05-04 03:00:00,fyn,11.875,0.0,3.9,0.1,1004.53,97.5,93.3333
1777860000,2026-05-04 02:00:00,2026-05-04 04:00:00,fyn,11.3,0.0,4.85,0.0,1004.95,96.25,93.3333
1777863600,2026-05-04 03:00:00,2026-05-04 05:00:00,fyn,10.6,0.0,4.925,0.0,1005.64,96.5,96.6667
1777867200,2026-05-04 04:00:00,2026-05-04 06:00:00,fyn,9.5,0.0,4.975,0.0,1006.23,95.75,95.0
1777870800,2026-05-04 05:00:00,2026-05-04 07:00:00,fyn,8.75,33.5,4.65,0.0,1006.98,93.75,95.0
1777874400,2026-05-04 06:00:00,2026-05-04 08:00:00,fyn,8.275,126.5,5.0,0.0,1007.53,91.25,65.0
1777878000,2026-05-04 07:00:00,2026-05-04 09:00:00,fyn,8.925,308.0,5.125,0.0,1008.22,83.75,3.33333
1777881600,2026-05-04 08:00:00,2026-05-04 10:00:00,fyn,9.8,414.5,5.225,0.0,1008.82,74.5,0.0
1777885200,2026-05-04 09:00:00,2026-05-04 11:00:00,fyn,10.9,565.0,5.125,0.0,1009.28,67.25,48.3333
1777888800,2026-05-04 10:00:00,2026-05-04 12:00:00,fyn,11.625,598.5,5.2,0.0,1009.5,64.75,71.6667
1777892400,2026-05-04 11:00:00,2026-05-04 13:00:00,fyn,12.375,678.5,5.225,0.0,1009.64,62.0,20.0
1777896000,2026-05-04 12:00:00,2026-05-04 14:00:00,fyn,13.0,690.0,5.275,0.0,1009.83,59.5,38.3333
1777899600,2026-05-04 13:00:00,2026-05-04 15:00:00,fyn,13.425,686.0,4.825,0.0,1009.89,55.75,10.0
1777903200,2026-05-04 14:00:00,2026-05-04 16:00:00,fyn,14.075,692.5,4.425,0.0,1009.8,52.0,6.66667
1777906800,2026-05-04 15:00:00,2026-05-04 17:00:00,fyn,14.325,578.5,4.7,0.0,1009.71,47.0,0.0
1777910400,2026-05-04 16:00:00,2026-05-04 18:00:00,fyn,14.15,444.5,4.45,0.0,1009.66,48.5,0.0
1777914000,2026-05-04 17:00:00,2026-05-04 19:00:00,fyn,13.65,293.0,4.4,0.0,1009.75,51.75,6.66667
1777917600,2026-05-04 18:00:00,2026-05-04 20:00:00,fyn,12.45,149.0,4.55,0.0,1010.01,56.5,8.33333
1777921200,2026-05-04 19:00:00,2026-05-04 21:00:00,fyn,10.725,33.5,4.2,0.0,1010.41,64.0,10.0
1777924800,2026-05-04 20:00:00,2026-05-04 22:00:00,fyn,9.0,0.0,3.55,0.0,1010.65,73.0,8.33333
1777928400,2026-05-04 21:00:00,2026-05-04 23:00:00,fyn,7.75,0.0,3.15,0.0,1010.72,80.25,8.33333
1777932000,2026-05-04 22:00:00,2026-05-05 00:00:00,fyn,6.925,0.0,2.95,0.0,1010.67,85.0,0.0
1777935600,2026-05-04 23:00:00,2026-05-05 01:00:00,fyn,6.325,0.0,2.925,0.0,1010.69,87.75,1.66667
1777939200,2026-05-05 00:00:00,2026-05-05 02:00:00,fyn,5.925,0.0,2.9,0.0,1010.57,90.0,0.0
1777942800,2026-05-05 01:00:00,2026-05-05 03:00:00,fyn,5.425,0.0,2.55,0.0,1010.33,91.25,0.0
1777946400,2026-05-05 02:00:00,2026-05-05 04:00:00,fyn,5.125,0.0,2.4,0.0,1010.05,93.5,5.0
1777950000,2026-05-05 03:00:00,2026-05-05 05:00:00,fyn,4.7,0.0,2.45,0.0,1009.87,95.25,5.0
1777953600,2026-05-05 04:00:00,2026-05-05 06:00:00,fyn,4.45,4.5,2.125,0.0,1009.9,96.25,5.0
1777957200,2026-05-05 05:00:00,2026-05-05 07:00:00,fyn,4.825,65.5,1.275,0.0,1010.04,96.25,1.66667
1777960800,2026-05-05 06:00:00,2026-05-05 08:00:00,fyn,6.6,165.0,1.5,0.0,1010.07,93.5,10.0
1777964400,2026-05-05 07:00:00,2026-05-05 09:00:00,fyn,8.325,280.0,2.45,0.0,1010.07,85.0,66.6667
1777968000,2026-05-05 08:00:00,2026-05-05 10:00:00,fyn,9.475,451.5,2.75,0.0,1010.0,77.25,68.3333
1777971600,2026-05-05 09:00:00,2026-05-05 11:00:00,fyn,10.375,588.0,2.775,0.0,1009.94,71.25,61.6667
1777975200,2026-05-05 10:00:00,2026-05-05 12:00:00,fyn,11.325,739.0,2.3,0.0,1009.73,62.5,18.3333
1777978800,2026-05-05 11:00:00,2026-05-05 13:00:00,fyn,12.225,803.5,1.725,0.0,1009.4,57.0,16.6667
1777982400,2026-05-05 12:00:00,2026-05-05 14:00:00,fyn,12.7,656.0,1.825,0.0,1009.21,53.75,18.3333
1777986000,2026-05-05 13:00:00,2026-05-05 15:00:00,fyn,13.525,827.0,2.275,0.0,1009.04,49.5,15.0
1777989600,2026-05-05 14:00:00,2026-05-05 16:00:00,fyn,13.525,535.0,2.65,0.0,1008.78,48.5,10.0
1777993200,2026-05-05 15:00:00,2026-05-05 17:00:00,fyn,13.5,414.5,2.925,0.0,1008.72,46.5,1.66667
1777996800,2026-05-05 16:00:00,2026-05-05 18:00:00,fyn,13.45,319.5,2.975,0.0,1008.69,43.25,15.0
1778000400,2026-05-05 17:00:00,2026-05-05 19:00:00,fyn,13.05,182.0,2.575,0.0,1008.68,41.5,55.0
1778004000,2026-05-05 18:00:00,2026-05-05 20:00:00,fyn,11.925,93.0,2.025,0.0,1008.85,47.75,90.0
1778007600,2026-05-05 19:00:00,2026-05-05 21:00:00,fyn,11.05,29.0,2.375,0.0,1009.14,52.0,65.0
1778011200,2026-05-05 20:00:00,2026-05-05 22:00:00,fyn,9.4,0.0,2.225,0.0,1009.38,57.75,55.0
1778014800,2026-05-05 21:00:00,2026-05-05 23:00:00,fyn,8.1,0.0,2.25,0.0,1009.52,66.25,8.33333
1778018400,2026-05-05 22:00:00,2026-05-06 00:00:00,fyn,6.725,0.0,1.85,0.0,1009.32,72.0,15.0
1778022000,2026-05-05 23:00:00,2026-05-06 01:00:00,fyn,6.05,0.0,2.3,0.0,1009.19,75.25,10.0
1778025600,2026-05-06 00:00:00,2026-05-06 02:00:00,fyn,5.325,0.0,2.35,0.0,1009.19,78.75,0.0
1778029200,2026-05-06 01:00:00,2026-05-06 03:00:00,fyn,4.95,0.0,1.75,0.0,1009.43,80.75,3.33333
1778032800,2026-05-06 02:00:00,2026-05-06 04:00:00,fyn,4.25,0.0,1.525,0.0,1009.43,83.5,0.0
1778036400,2026-05-06 03:00:00,2026-05-06 05:00:00,fyn,4.175,0.0,2.3,0.0,1009.03,86.75,0.0
1778040000,2026-05-06 04:00:00,2026-05-06 06:00:00,fyn,4.275,5.0,2.4,0.0,1008.9,88.75,0.0
1778043600,2026-05-06 05:00:00,2026-05-06 07:00:00,fyn,5.15,78.0,1.675,0.0,1008.83,87.75,0.0
1778047200,2026-05-06 06:00:00,2026-05-06 08:00:00,fyn,7.575,207.5,2.625,0.0,1008.75,77.75,0.0
1778050800,2026-05-06 07:00:00,2026-05-06 09:00:00,fyn,9.6,320.5,3.525,0.0,1008.8,67.0,0.0
1778054400,2026-05-06 08:00:00,2026-05-06 10:00:00,fyn,10.9,413.5,3.95,0.0,1008.87,57.75,5.0
1778058000,2026-05-06 09:00:00,2026-05-06 11:00:00,fyn,11.7,609.5,3.975,0.0,1008.9,52.0,11.6667
1778061600,2026-05-06 10:00:00,2026-05-06 12:00:00,fyn,12.325,720.5,4.4,0.0,1008.73,50.25,8.33333
1778065200,2026-05-06 11:00:00,2026-05-06 13:00:00,fyn,12.825,818.0,4.475,0.0,1008.46,49.25,3.33333
1778068800,2026-05-06 12:00:00,2026-05-06 14:00:00,fyn,13.475,845.5,4.55,0.0,1008.33,44.75,3.33333
1778072400,2026-05-06 13:00:00,2026-05-06 15:00:00,fyn,13.9,778.0,4.4,0.0,1008.33,43.5,0.0
1778076000,2026-05-06 14:00:00,2026-05-06 16:00:00,fyn,13.825,546.0,4.425,0.0,1008.45,41.5,0.0
1778079600,2026-05-06 15:00:00,2026-05-06 17:00:00,fyn,13.9,403.0,4.175,0.0,1008.3,39.0,11.6667
1778083200,2026-05-06 16:00:00,2026-05-06 18:00:00,fyn,13.6,275.0,4.2,0.0,1008.4,37.5,28.3333
1778086800,2026-05-06 17:00:00,2026-05-06 19:00:00,fyn,12.975,202.5,4.1,0.0,1008.6,39.0,80.0
1778090400,2026-05-06 18:00:00,2026-05-06 20:00:00,fyn,12.075,86.5,3.3,0.0,1009.01,45.5,40.0
1778094000,2026-05-06 19:00:00,2026-05-06 21:00:00,fyn,11.125,27.0,2.775,0.0,1009.61,55.75,53.3333
1778097600,2026-05-06 20:00:00,2026-05-06 22:00:00,fyn,9.925,1.0,2.625,0.0,1010.08,63.5,65.0
1778101200,2026-05-06 21:00:00,2026-05-06 23:00:00,fyn,8.95,0.0,1.95,0.0,1010.46,69.0,46.6667
1778104800,2026-05-06 22:00:00,2026-05-07 00:00:00,fyn,7.925,0.0,2.05,0.0,1010.81,74.0,90.0
1778108400,2026-05-06 23:00:00,2026-05-07 01:00:00,fyn,7.15,0.0,1.875,0.0,1011.09,80.0,45.0
1778112000,2026-05-07 00:00:00,2026-05-07 02:00:00,fyn,6.625,0.0,1.625,0.0,1011.23,84.5,85.0
1778115600,2026-05-07 01:00:00,2026-05-07 03:00:00,fyn,6.86667,0.0,1.76667,0.0,1011.39,84.6667,22.0
1778119200,2026-05-07 02:00:00,2026-05-07 04:00:00,fyn,5.375,0.0,1.075,0.0,1011.78,89.75,58.3333
1778122800,2026-05-07 03:00:00,2026-05-07 05:00:00,fyn,4.425,0.0,0.9,0.0,1012.12,93.75,55.0
1778126400,2026-05-07 04:00:00,2026-05-07 06:00:00,fyn,3.8,6.5,1.125,0.0,1012.52,96.0,90.0
1778130000,2026-05-07 05:00:00,2026-05-07 07:00:00,fyn,4.675,54.5,0.975,0.0,1012.83,96.0,90.0
1778133600,2026-05-07 06:00:00,2026-05-07 08:00:00,fyn,7.16667,176.5,1.43333,0.0,1013.33,88.6667,90.0
1778137200,2026-05-07 07:00:00,2026-05-07 09:00:00,fyn,8.925,342.5,1.45,0.0,1013.81,77.5,90.0
1778140800,2026-05-07 08:00:00,2026-05-07 10:00:00,fyn,10.15,445.5,1.625,0.0,1014.11,68.5,90.0
1778144400,2026-05-07 09:00:00,2026-05-07 11:00:00,fyn,10.925,540.0,1.475,0.0,1014.39,62.5,48.3333
1778148000,2026-05-07 10:00:00,2026-05-07 12:00:00,fyn,12.0,741.0,1.3,0.0,1014.6,53.5,0.0
1778151600,2026-05-07 11:00:00,2026-05-07 13:00:00,fyn,13.075,809.5,1.625,0.0,1014.6,46.25,0.0
1778155200,2026-05-07 12:00:00,2026-05-07 14:00:00,fyn,13.65,865.5,2.2,0.0,1014.64,43.5,6.66667
1778158800,2026-05-07 13:00:00,2026-05-07 15:00:00,fyn,14.25,695.0,2.15,0.0,1014.77,41.75,15.0
1778162400,2026-05-07 14:00:00,2026-05-07 16:00:00,fyn,14.125,456.5,2.625,0.0,1014.77,43.25,23.3333
1778166000,2026-05-07 15:00:00,2026-05-07 17:00:00,fyn,14.375,427.5,2.75,0.0,1014.94,45.75,50.0
1778169600,2026-05-07 16:00:00,2026-05-07 18:00:00,fyn,14.4,374.0,2.75,0.0,1015.03,44.5,75.0
1778173200,2026-05-07 17:00:00,2026-05-07 19:00:00,fyn,13.65,173.0,2.675,0.0,1015.37,46.25,75.0
1778176800,2026-05-07 18:00:00,2026-05-07 20:00:00,fyn,13.15,71.0,2.5,0.0,1015.76,51.5,33.3333
1778180400,2026-05-07 19:00:00,2026-05-07 21:00:00,fyn,11.925,32.0,2.85,0.0,1016.33,61.0,10.0
1778184000,2026-05-07 20:00:00,2026-05-07 22:00:00,fyn,10.525,0.0,2.65,0.0,1016.89,65.75,50.0
1778187600,2026-05-07 21:00:00,2026-05-07 23:00:00,fyn,8.95,0.0,2.15,0.0,1017.22,72.25,70.0
1778191200,2026-05-07 22:00:00,2026-05-08 00:00:00,fyn,8.1,0.0,1.4,0.0,1017.46,77.25,75.0
1778194800,2026-05-07 23:00:00,2026-05-08 01:00:00,fyn,7.05,0.0,0.675,0.0,1017.68,82.5,11.6667
1778198400,2026-05-08 00:00:00,2026-05-08 02:00:00,fyn,5.85,0.0,0.6,0.0,1017.76,88.75,53.3333
1778202000,2026-05-08 01:00:00,2026-05-08 03:00:00,fyn,5.775,0.0,0.675,0.0,1017.95,90.0,33.3333
1778205600,2026-05-08 02:00:00,2026-05-08 04:00:00,fyn,5.725,0.0,0.45,0.0,1018.09,89.0,16.0
1778209200,2026-05-08 03:00:00,2026-05-08 05:00:00,fyn,6.03333,0.0,0.4,0.0,1018.28,89.6667,0.0
1778212800,2026-05-08 04:00:00,2026-05-08 06:00:00,fyn,5.625,10.0,0.3,0.0,1018.5,90.75,0.0
1778216400,2026-05-08 05:00:00,2026-05-08 07:00:00,fyn,7.53333,84.5,0.133333,0.0,1018.68,84.3333,0.0
1778220000,2026-05-08 06:00:00,2026-05-08 08:00:00,fyn,9.525,196.0,0.675,0.0,1019.17,74.75,0.0
1778223600,2026-05-08 07:00:00,2026-05-08 09:00:00,fyn,12.05,,2.3,0.0,1019.55,60.5,0.0
1778227200,2026-05-08 08:00:00,2026-05-08 10:00:00,fyn,13.1,424.5,2.85,0.0,1019.75,57.75,0.0
1778230800,2026-05-08 09:00:00,2026-05-08 11:00:00,fyn,13.7,646.0,3.475,0.0,1019.84,53.0,1.66667
1778234400,2026-05-08 10:00:00,2026-05-08 12:00:00,fyn,14.075,745.5,3.725,0.0,1019.85,49.25,0.0
1778238000,2026-05-08 11:00:00,2026-05-08 13:00:00,fyn,14.575,805.0,4.175,0.0,1019.87,46.5,0.0
1778241600,2026-05-08 12:00:00,2026-05-08 14:00:00,fyn,14.825,818.5,5.05,0.0,1019.88,46.5,0.0
1778245200,2026-05-08 13:00:00,2026-05-08 15:00:00,fyn,14.875,789.0,5.075,0.0,1019.81,45.0,0.0
1778248800,2026-05-08 14:00:00,2026-05-08 16:00:00,fyn,14.85,709.0,4.9,0.0,1019.67,44.75,0.0
1778252400,2026-05-08 15:00:00,2026-05-08 17:00:00,fyn,14.6,596.0,4.725,0.0,1019.6,45.0,0.0
1778256000,2026-05-08 16:00:00,2026-05-08 18:00:00,fyn,14.05,463.5,4.35,0.0,1019.62,45.0,0.0
1778259600,2026-05-08 17:00:00,2026-05-08 19:00:00,fyn,13.975,323.0,4.475,0.0,1019.8,33.75,0.0
1778263200,2026-05-08 18:00:00,2026-05-08 20:00:00,fyn,13.125,175.5,4.575,0.0,1020.18,33.75,6.66667
1778266800,2026-05-08 19:00:00,2026-05-08 21:00:00,fyn,11.625,47.5,3.25,0.0,1020.67,38.25,25.0
1778270400,2026-05-08 20:00:00,2026-05-08 22:00:00,fyn,9.8,0.0,2.475,0.0,1020.99,46.25,8.33333
1778274000,2026-05-08 21:00:00,2026-05-08 23:00:00,fyn,8.375,0.0,2.6,0.0,1021.22,54.0,5.0
1778277600,2026-05-08 22:00:00,2026-05-09 00:00:00,fyn,7.525,0.0,2.15,0.0,1021.33,60.5,10.0
1778281200,2026-05-08 23:00:00,2026-05-09 01:00:00,fyn,6.625,0.0,2.2,0.0,1021.18,68.0,8.33333
1778284800,2026-05-09 00:00:00,2026-05-09 02:00:00,fyn,6.15,0.0,2.55,0.0,1021.03,73.0,8.33333
1778288400,2026-05-09 01:00:00,2026-05-09 03:00:00,fyn,5.5,0.0,2.3,0.0,1021.05,78.0,3.33333
1778292000,2026-05-09 02:00:00,2026-05-09 04:00:00,fyn,4.85,0.0,2.075,0.0,1021.02,82.25,3.33333
1778295600,2026-05-09 03:00:00,2026-05-09 05:00:00,fyn,4.0,0.0,1.0,0.0,1020.93,85.75,8.33333
1778299200,2026-05-09 04:00:00,2026-05-09 06:00:00,fyn,2.975,6.0,1.3,0.0,1020.79,90.0,22.0
1778302800,2026-05-09 05:00:00,2026-05-09 07:00:00,fyn,4.35,100.0,1.5,0.0,1022.25,89.0,23.3333
1778306400,2026-05-09 06:00:00,2026-05-09 08:00:00,fyn,7.775,242.0,2.575,0.0,1020.88,77.25,1.66667
1778310000,2026-05-09 07:00:00,2026-05-09 09:00:00,fyn,10.05,355.5,3.35,0.0,1020.76,63.25,6.66667
1778313600,2026-05-09 08:00:00,2026-05-09 10:00:00,fyn,11.35,429.0,2.95,0.0,1020.64,51.5,0.0
1778317200,2026-05-09 09:00:00,2026-05-09 11:00:00,fyn,12.2,657.5,3.225,0.0,1020.62,47.25,0.0
1778320800,2026-05-09 10:00:00,2026-05-09 12:00:00,fyn,12.7,753.5,3.625,0.0,1020.48,45.25,1.66667
1778324400,2026-05-09 11:00:00,2026-05-09 13:00:00,fyn,13.0,809.0,3.675,0.0,1020.0,42.0,0.0
1778328000,2026-05-09 12:00:00,2026-05-09 14:00:00,fyn,13.4,827.0,4.25,0.0,1019.38,43.0,3.33333
1778331600,2026-05-09 13:00:00,2026-05-09 15:00:00,fyn,14.05,770.0,3.85,0.0,1018.72,42.5,0.0
1778335200,2026-05-09 14:00:00,2026-05-09 16:00:00,fyn,14.25,725.5,4.2,0.0,1018.06,43.25,0.0
1778338800,2026-05-09 15:00:00,2026-05-09 17:00:00,fyn,14.35,600.5,4.4,0.0,1017.51,44.5,6.66667
1778342400,2026-05-09 16:00:00,2026-05-09 18:00:00,fyn,14.25,468.5,4.0,0.0,1016.97,45.5,0.0
1778346000,2026-05-09 17:00:00,2026-05-09 19:00:00,fyn,13.95,317.5,3.65,0.0,1016.61,49.75,5.0
1778349600,2026-05-09 18:00:00,2026-05-09 20:00:00,fyn,13.5,170.5,3.125,0.0,1016.65,51.5,0.0
1778353200,2026-05-09 19:00:00,2026-05-09 21:00:00,fyn,12.65,47.5,2.3,0.0,1016.87,55.25,30.0
1778356800,2026-05-09 20:00:00,2026-05-09 22:00:00,fyn,11.0,0.0,2.125,0.0,1016.94,65.0,3.33333
1778360400,2026-05-09 21:00:00,2026-05-09 23:00:00,fyn,9.7,0.0,1.525,0.0,1016.76,70.5,5.0
1778364000,2026-05-09 22:00:00,2026-05-10 00:00:00,fyn,8.275,0.0,1.075,0.0,1016.33,76.0,11.6667
1778367600,2026-05-09 23:00:00,2026-05-10 01:00:00,fyn,6.975,0.0,1.1,0.0,1015.61,82.0,63.3333
1778371200,2026-05-10 00:00:00,2026-05-10 02:00:00,fyn,6.575,0.0,1.25,0.0,1014.88,85.0,58.3333
1778374800,2026-05-10 01:00:00,2026-05-10 03:00:00,fyn,6.65,0.0,1.525,0.0,1014.33,86.75,90.0
1778378400,2026-05-10 02:00:00,2026-05-10 04:00:00,fyn,6.46667,0.0,1.06667,0.0,1013.87,88.0,90.0
1778382000,2026-05-10 03:00:00,2026-05-10 05:00:00,fyn,6.6,0.0,1.025,0.0,1013.51,90.5,90.0
1778385600,2026-05-10 04:00:00,2026-05-10 06:00:00,fyn,6.875,2.0,0.6,0.0,1013.05,91.5,93.3333
1778389200,2026-05-10 05:00:00,2026-05-10 07:00:00,fyn,7.425,22.0,1.175,0.0,1012.65,91.75,95.0
1778392800,2026-05-10 06:00:00,2026-05-10 08:00:00,fyn,8.56667,76.0,1.5,0.0,1012.53,84.6667,90.0
1778396400,2026-05-10 07:00:00,2026-05-10 09:00:00,fyn,9.925,133.5,1.325,0.0,1012.52,78.75,85.0
1778400000,2026-05-10 08:00:00,2026-05-10 10:00:00,fyn,11.275,315.5,3.125,0.0,1012.35,71.0,71.6667
1778403600,2026-05-10 09:00:00,2026-05-10 11:00:00,fyn,12.225,523.0,3.2,0.0,1011.97,62.0,58.3333
1778407200,2026-05-10 10:00:00,2026-05-10 12:00:00,fyn,13.125,601.5,3.775,0.0,1011.54,58.25,3.33333
1778410800,2026-05-10 11:00:00,2026-05-10 13:00:00,fyn,13.45,692.0,4.15,0.0,1011.16,56.5,28.3333
1778414400,2026-05-10 12:00:00,2026-05-10 14:00:00,fyn,13.6,674.5,3.95,0.0,1010.69,53.75,75.0
1778418000,2026-05-10 13:00:00,2026-05-10 15:00:00,fyn,13.55,642.5,4.625,0.0,1010.24,55.0,66.6667
1778421600,2026-05-10 14:00:00,2026-05-10 16:00:00,fyn,13.175,381.0,4.3,0.0,1009.85,56.5,76.6667
1778425200,2026-05-10 15:00:00,2026-05-10 17:00:00,fyn,13.325,507.5,4.5,0.0,1009.27,53.0,76.6667
1778428800,2026-05-10 16:00:00,2026-05-10 18:00:00,fyn,13.1,386.0,4.5,0.0,1008.68,50.75,50.0
1778432400,2026-05-10 17:00:00,2026-05-10 19:00:00,fyn,12.5,274.0,4.6,0.0,1008.12,49.75,33.3333
1778436000,2026-05-10 18:00:00,2026-05-10 20:00:00,fyn,11.575,161.5,4.45,0.0,1007.89,49.75,31.6667
1778439600,2026-05-10 19:00:00,2026-05-10 21:00:00,fyn,9.925,51.5,4.225,0.0,1007.96,54.5,31.6667
1778443200,2026-05-10 20:00:00,2026-05-10 22:00:00,fyn,8.0,0.0,4.0,0.0,1007.78,61.25,36.6667
1778446800,2026-05-10 21:00:00,2026-05-10 23:00:00,fyn,6.45,0.0,3.65,0.0,1007.24,67.0,1.66667
1778450400,2026-05-10 22:00:00,2026-05-11 00:00:00,fyn,5.175,0.0,3.4,0.0,1006.73,73.25,0.0
1778454000,2026-05-10 23:00:00,2026-05-11 01:00:00,fyn,4.375,0.0,2.45,0.0,1006.38,76.0,23.3333
1778457600,2026-05-11 00:00:00,2026-05-11 02:00:00,fyn,3.425,0.0,2.625,0.0,1005.72,81.0,25.0
1778461200,2026-05-11 01:00:00,2026-05-11 03:00:00,fyn,2.675,0.0,1.95,0.0,1004.84,84.25,80.0
1778464800,2026-05-11 02:00:00,2026-05-11 04:00:00,fyn,2.35,0.0,1.675,0.0,1003.96,86.0,65.0
1778468400,2026-05-11 03:00:00,2026-05-11 05:00:00,fyn,1.925,0.0,1.65,0.0,1003.04,87.75,60.0
1778472000,2026-05-11 04:00:00,2026-05-11 06:00:00,fyn,1.575,8.5,1.4,0.0,1002.22,89.5,90.0
1778475600,2026-05-11 05:00:00,2026-05-11 07:00:00,fyn,2.675,80.5,1.075,0.0,1001.61,88.75,68.3333
1778479200,2026-05-11 06:00:00,2026-05-11 08:00:00,fyn,4.7,174.5,1.125,0.0,1001.02,82.0,66.6667
1778482800,2026-05-11 07:00:00,2026-05-11 09:00:00,fyn,6.8,223.5,1.85,0.0,1000.45,71.75,56.6667
1778486400,2026-05-11 08:00:00,2026-05-11 10:00:00,fyn,7.65,256.0,2.425,0.0,999.675,64.75,85.0
1778490000,2026-05-11 09:00:00,2026-05-11 11:00:00,fyn,8.375,352.0,2.775,0.0,998.996,61.5,90.0
1778493600,2026-05-11 10:00:00,2026-05-11 12:00:00,fyn,8.825,316.5,2.85,0.0,998.562,60.75,98.3333
1778497200,2026-05-11 11:00:00,2026-05-11 13:00:00,fyn,9.175,303.0,2.85,0.0,998.029,62.5,95.0
1778500800,2026-05-11 12:00:00,2026-05-11 14:00:00,fyn,9.7,387.5,2.95,0.0,997.537,64.5,96.6667
1778504400,2026-05-11 13:00:00,2026-05-11 15:00:00,fyn,9.875,323.0,3.2,0.0,997.246,67.0,96.6667
1778508000,2026-05-11 14:00:00,2026-05-11 16:00:00,fyn,10.125,373.5,2.65,0.0,996.954,67.25,95.0
1778511600,2026-05-11 15:00:00,2026-05-11 17:00:00,fyn,10.2,396.5,2.8,0.0,996.842,68.75,90.0
1778515200,2026-05-11 16:00:00,2026-05-11 18:00:00,fyn,10.35,355.5,3.575,0.0,996.829,69.25,90.0
1778518800,2026-05-11 17:00:00,2026-05-11 19:00:00,fyn,10.075,210.5,3.625,0.0,997.1,71.25,90.0
1778522400,2026-05-11 18:00:00,2026-05-11 20:00:00,fyn,9.55,55.5,3.575,0.0,997.367,74.25,90.0
1778526000,2026-05-11 19:00:00,2026-05-11 21:00:00,fyn,8.975,15.5,3.025,0.0,997.746,78.5,85.0
1778529600,2026-05-11 20:00:00,2026-05-11 22:00:00,fyn,7.9,0.0,3.4,0.0,998.092,82.25,90.0
1778533200,2026-05-11 21:00:00,2026-05-11 23:00:00,fyn,7.7,0.0,2.825,0.0,998.275,83.0,90.0
1778536800,2026-05-11 22:00:00,2026-05-12 00:00:00,fyn,7.525,0.0,3.325,0.0333333,998.554,83.5,93.3333
1778540400,2026-05-11 23:00:00,2026-05-12 01:00:00,fyn,7.25,0.0,3.375,0.166667,998.617,82.75,96.6667
1778544000,2026-05-12 00:00:00,2026-05-12 02:00:00,fyn,7.1,0.0,3.45,0.0333333,998.862,80.5,96.6667
1778547600,2026-05-12 01:00:00,2026-05-12 03:00:00,fyn,6.875,0.0,4.05,0.0,999.117,78.5,91.6667
1778551200,2026-05-12 02:00:00,2026-05-12 04:00:00,fyn,6.775,0.0,4.575,0.0,999.283,77.5,90.0
1778554800,2026-05-12 03:00:00,2026-05-12 05:00:00,fyn,6.475,0.0,4.575,0.0,999.642,77.0,53.3333
1778558400,2026-05-12 04:00:00,2026-05-12 06:00:00,fyn,5.775,9.5,4.25,0.0,1000.02,82.0,1.66667
1778562000,2026-05-12 05:00:00,2026-05-12 07:00:00,fyn,6.0,101.0,3.875,0.0,1000.56,83.5,0.0
1778565600,2026-05-12 06:00:00,2026-05-12 08:00:00,fyn,7.4,229.5,4.45,0.0,1001.09,79.25,5.0
1778569200,2026-05-12 07:00:00,2026-05-12 09:00:00,fyn,8.85,359.0,4.775,0.0,1001.52,75.75,15.0
1778572800,2026-05-12 08:00:00,2026-05-12 10:00:00,fyn,10.5,351.5,4.475,0.0,1001.84,71.75,45.0
1778576400,2026-05-12 09:00:00,2026-05-12 11:00:00,fyn,11.4,536.5,3.825,0.0,1001.88,63.25,31.6667
1778580000,2026-05-12 10:00:00,2026-05-12 12:00:00,fyn,11.925,683.5,3.825,0.0,1001.84,56.5,31.6667
1778583600,2026-05-12 11:00:00,2026-05-12 13:00:00,fyn,11.875,429.5,3.775,0.0,1001.74,55.75,41.6667
1778587200,2026-05-12 12:00:00,2026-05-12 14:00:00,fyn,12.1,301.0,4.1,0.0,1001.93,54.25,85.0
1778590800,2026-05-12 13:00:00,2026-05-12 15:00:00,fyn,12.2,288.5,5.275,0.0,1001.78,56.25,90.0
1778594400,2026-05-12 14:00:00,2026-05-12 16:00:00,fyn,12.175,216.5,5.775,0.0,1001.63,57.5,90.0
1778598000,2026-05-12 15:00:00,2026-05-12 17:00:00,fyn,12.125,167.5,5.6,0.0,1001.87,58.75,90.0
1778601600,2026-05-12 16:00:00,2026-05-12 18:00:00,fyn,11.425,116.0,6.6,0.0,1002.13,61.5,90.0
1778605200,2026-05-12 17:00:00,2026-05-12 19:00:00,fyn,10.5,257.5,7.125,0.0,1002.38,64.25,90.0
1778608800,2026-05-12 18:00:00,2026-05-12 20:00:00,fyn,8.95,129.5,6.325,0.0,1002.28,69.5,91.6667
1778612400,2026-05-12 19:00:00,2026-05-12 21:00:00,fyn,8.2,,5.8,0.0,1002.17,68.5,80.0
1778616000,2026-05-12 20:00:00,2026-05-12 22:00:00,fyn,7.325,3.0,4.175,0.0,1001.83,70.5,10.0
1778619600,2026-05-12 21:00:00,2026-05-12 23:00:00,fyn,6.7,0.0,2.775,0.0,1001.25,75.25,0.0
1778623200,2026-05-12 22:00:00,2026-05-13 00:00:00,fyn,6.45,0.0,2.125,0.0,1000.45,77.5,0.0
1778626800,2026-05-12 23:00:00,2026-05-13 01:00:00,fyn,6.3,0.0,2.25,0.0,999.692,80.5,0.0
1778630400,2026-05-13 00:00:00,2026-05-13 02:00:00,fyn,6.1,0.0,2.475,0.0,998.896,84.0,38.3333
1778634000,2026-05-13 01:00:00,2026-05-13 03:00:00,fyn,5.9,0.0,2.2,0.0,998.088,87.0,95.0
1778637600,2026-05-13 02:00:00,2026-05-13 04:00:00,fyn,6.125,0.0,2.6,0.0666667,997.429,88.75,96.6667
1778641200,2026-05-13 03:00:00,2026-05-13 05:00:00,fyn,6.225,0.0,2.475,0.133333,996.771,90.5,98.3333
1778644800,2026-05-13 04:00:00,2026-05-13 06:00:00,fyn,6.375,1.5,2.15,0.3,996.371,93.75,93.3333
1778648400,2026-05-13 05:00:00,2026-05-13 07:00:00,fyn,6.575,14.0,1.55,0.266667,996.096,94.0,96.6667
1778652000,2026-05-13 06:00:00,2026-05-13 08:00:00,fyn,6.825,58.0,1.275,0.2,995.858,94.0,90.0
1778655600,2026-05-13 07:00:00,2026-05-13 09:00:00,fyn,7.325,127.5,1.825,0.1,995.7,92.75,90.0
1778659200,2026-05-13 08:00:00,2026-05-13 10:00:00,fyn,7.825,168.5,1.825,0.233333,995.525,86.75,91.6667
1778662800,2026-05-13 09:00:00,2026-05-13 11:00:00,fyn,8.325,246.0,2.2,0.0,995.517,83.25,95.0
1778666400,2026-05-13 10:00:00,2026-05-13 12:00:00,fyn,8.425,307.0,2.7,0.0666667,995.283,82.75,91.6667
1778670000,2026-05-13 11:00:00,2026-05-13 13:00:00,fyn,8.625,369.5,3.175,0.233333,995.179,82.25,93.3333
1778673600,2026-05-13 12:00:00,2026-05-13 14:00:00,fyn,8.9,174.5,3.15,0.2,995.054,80.0,96.6667
1778677200,2026-05-13 13:00:00,2026-05-13 15:00:00,fyn,9.175,487.0,2.7,0.4,994.987,78.75,95.0
1778680800,2026-05-13 14:00:00,2026-05-13 16:00:00,fyn,8.95,334.0,2.8,0.0333333,995.004,79.0,90.0
1778684400,2026-05-13 15:00:00,2026-05-13 17:00:00,fyn,7.775,183.5,2.025,0.9,994.867,86.5,58.3333
1778688000,2026-05-13 16:00:00,2026-05-13 18:00:00,fyn,8.625,321.5,1.775,0.0,994.55,82.5,90.0
1778691600,2026-05-13 17:00:00,2026-05-13 19:00:00,fyn,9.45,278.0,2.15,0.0,994.254,76.25,63.3333
1778695200,2026-05-13 18:00:00,2026-05-13 20:00:00,fyn,9.025,48.5,3.175,0.0,994.108,75.0,36.6667
1778698800,2026-05-13 19:00:00,2026-05-13 21:00:00,fyn,8.15,44.0,3.5,0.566667,994.083,79.75,85.0
1778702400,2026-05-13 20:00:00,2026-05-13 22:00:00,fyn,7.375,4.0,3.0,0.0,993.871,83.25,51.6667
1778706000,2026-05-13 21:00:00,2026-05-13 23:00:00,fyn,6.25,0.0,1.8,0.0,993.529,89.25,8.33333
1778709600,2026-05-13 22:00:00,2026-05-14 00:00:00,fyn,5.55,0.0,2.075,0.0,993.125,91.75,6.66667
1778713200,2026-05-13 23:00:00,2026-05-14 01:00:00,fyn,5.175,0.0,2.85,0.0,992.65,91.75,6.66667
1778716800,2026-05-14 00:00:00,2026-05-14 02:00:00,fyn,4.55,0.0,2.75,0.0,992.263,93.25,1.66667
1778720400,2026-05-14 01:00:00,2026-05-14 03:00:00,fyn,4.1,0.0,2.575,0.0,991.879,94.25,25.0
1778724000,2026-05-14 02:00:00,2026-05-14 04:00:00,fyn,4.0,0.0,2.625,0.0,991.442,94.5,6.66667
1778727600,2026-05-14 03:00:00,2026-05-14 05:00:00,fyn,3.825,0.0,2.575,0.0,991.104,95.25,0.0
1778731200,2026-05-14 04:00:00,2026-05-14 06:00:00,fyn,3.45,14.5,2.525,0.0,990.883,95.25,5.0
1778734800,2026-05-14 05:00:00,2026-05-14 07:00:00,fyn,4.575,99.5,3.05,0.0,990.654,94.0,0.0
1778738400,2026-05-14 06:00:00,2026-05-14 08:00:00,fyn,6.875,194.0,4.1,0.0,990.412,87.0,8.33333
1778742000,2026-05-14 07:00:00,2026-05-14 09:00:00,fyn,7.9,346.0,4.375,0.0,990.429,80.75,63.3333
1778745600,2026-05-14 08:00:00,2026-05-14 10:00:00,fyn,8.925,478.0,5.125,0.0666667,990.383,75.75,58.3333
1778749200,2026-05-14 09:00:00,2026-05-14 11:00:00,fyn,9.725,501.5,5.275,0.0,990.408,69.25,80.0
1778752800,2026-05-14 10:00:00,2026-05-14 12:00:00,fyn,9.975,606.5,5.475,0.0,990.362,68.5,36.6667
1778756400,2026-05-14 11:00:00,2026-05-14 13:00:00,fyn,10.7,601.0,6.7,0.0,990.675,65.25,63.3333
1778760000,2026-05-14 12:00:00,2026-05-14 14:00:00,fyn,10.375,550.0,6.025,0.0,990.987,68.5,46.6667
1778763600,2026-05-14 13:00:00,2026-05-14 15:00:00,fyn,10.225,474.5,5.675,0.433333,991.117,70.25,43.3333
1778767200,2026-05-14 14:00:00,2026-05-14 16:00:00,fyn,10.9,543.0,6.95,0.0,991.479,67.25,70.0
1778770800,2026-05-14 15:00:00,2026-05-14 17:00:00,fyn,10.4,344.0,6.375,0.0333333,991.737,68.25,85.0
1778774400,2026-05-14 16:00:00,2026-05-14 18:00:00,fyn,10.1,268.0,5.95,0.0,991.946,71.25,50.0
1778778000,2026-05-14 17:00:00,2026-05-14 19:00:00,fyn,10.35,227.0,6.425,0.0,992.196,66.75,15.0
1778781600,2026-05-14 18:00:00,2026-05-14 20:00:00,fyn,10.0,133.0,5.875,0.0,992.675,66.5,10.0
1778785200,2026-05-14 19:00:00,2026-05-14 21:00:00,fyn,8.95,47.0,5.225,0.0,993.133,70.0,0.0
1778788800,2026-05-14 20:00:00,2026-05-14 22:00:00,fyn,7.625,1.0,4.875,0.0,993.533,75.75,5.0
1778792400,2026-05-14 21:00:00,2026-05-14 23:00:00,fyn,6.6,0.0,4.325,0.0,993.875,82.25,0.0
1778796000,2026-05-14 22:00:00,2026-05-15 00:00:00,fyn,6.1,0.0,4.325,0.0,994.013,85.5,0.0
1778799600,2026-05-14 23:00:00,2026-05-15 01:00:00,fyn,5.85,0.0,4.225,0.0,994.008,87.5,1.66667
1778803200,2026-05-15 00:00:00,2026-05-15 02:00:00,fyn,5.575,0.0,4.0,0.0,994.037,89.25,0.0
1778806800,2026-05-15 01:00:00,2026-05-15 03:00:00,fyn,5.65,0.0,4.3,0.0,994.079,89.5,0.0
1778810400,2026-05-15 02:00:00,2026-05-15 04:00:00,fyn,5.5,0.0,4.25,0.0,994.067,89.75,5.0
1778814000,2026-05-15 03:00:00,2026-05-15 05:00:00,fyn,5.2,0.0,4.5,0.0,994.158,90.75,3.33333
1778817600,2026-05-15 04:00:00,2026-05-15 06:00:00,fyn,5.5,19.0,4.325,0.0,994.5,89.75,13.3333
1778821200,2026-05-15 05:00:00,2026-05-15 07:00:00,fyn,6.425,91.5,4.5,0.0,994.617,87.75,8.33333
1778824800,2026-05-15 06:00:00,2026-05-15 08:00:00,fyn,7.575,251.0,5.875,0.0,994.85,83.25,5.0
1778828400,2026-05-15 07:00:00,2026-05-15 09:00:00,fyn,8.4,237.0,6.425,0.0,994.946,78.0,43.3333
1778832000,2026-05-15 08:00:00,2026-05-15 10:00:00,fyn,9.075,433.0,6.825,0.0,995.117,74.5,40.0
1778835600,2026-05-15 09:00:00,2026-05-15 11:00:00,fyn,9.45,432.5,6.875,0.0,995.338,73.25,35.0
1778839200,2026-05-15 10:00:00,2026-05-15 12:00:00,fyn,9.925,429.0,7.425,0.733333,995.379,71.75,50.0
1778842800,2026-05-15 11:00:00,2026-05-15 13:00:00,fyn,10.475,509.5,8.125,0.4,995.479,71.0,70.0
1778846400,2026-05-15 12:00:00,2026-05-15 14:00:00,fyn,10.55,510.5,8.925,0.133333,995.662,68.75,41.6667
1778850000,2026-05-15 13:00:00,2026-05-15 15:00:00,fyn,10.775,538.5,7.975,0.433333,995.675,68.75,15.0
1778853600,2026-05-15 14:00:00,2026-05-15 16:00:00,fyn,11.225,512.5,8.425,0.166667,995.925,66.75,66.6667
1778857200,2026-05-15 15:00:00,2026-05-15 17:00:00,fyn,10.925,492.0,8.25,0.0,995.921,68.0,25.0
1778860800,2026-05-15 16:00:00,2026-05-15 18:00:00,fyn,10.775,297.5,8.05,0.0666667,996.033,69.25,40.0
1778864400,2026-05-15 17:00:00,2026-05-15 19:00:00,fyn,10.05,190.0,7.7,0.0,996.188,75.0,56.6667
1778868000,2026-05-15 18:00:00,2026-05-15 20:00:00,fyn,9.625,85.0,7.275,0.2,996.358,78.5,85.0
1778871600,2026-05-15 19:00:00,2026-05-15 21:00:00,fyn,8.8,32.5,6.45,0.0,996.425,85.0,90.0
1778875200,2026-05-15 20:00:00,2026-05-15 22:00:00,fyn,8.2,3.0,6.175,0.0,996.487,88.5,85.0
1778878800,2026-05-15 21:00:00,2026-05-15 23:00:00,fyn,8.075,0.0,6.175,0.0,996.421,90.25,90.0
1778882400,2026-05-15 22:00:00,2026-05-16 00:00:00,fyn,8.0,0.0,6.075,0.0,996.246,91.0,90.0
1778886000,2026-05-15 23:00:00,2026-05-16 01:00:00,fyn,8.025,0.0,5.95,0.366667,996.112,91.5,90.0
1778889600,2026-05-16 00:00:00,2026-05-16 02:00:00,fyn,8.025,0.0,6.075,0.433333,995.983,92.75,90.0
1778893200,2026-05-16 01:00:00,2026-05-16 03:00:00,fyn,7.975,0.0,5.925,0.333333,995.879,93.25,90.0
1778896800,2026-05-16 02:00:00,2026-05-16 04:00:00,fyn,7.85,0.0,5.8,0.566667,995.817,93.25,90.0
1778900400,2026-05-16 03:00:00,2026-05-16 05:00:00,fyn,7.75,0.0,5.625,0.4,995.883,93.5,91.6667
1778904000,2026-05-16 04:00:00,2026-05-16 06:00:00,fyn,7.6,7.0,5.675,0.133333,996.167,93.0,75.0
1778907600,2026-05-16 05:00:00,2026-05-16 07:00:00,fyn,7.65,37.0,5.875,0.333333,996.454,92.75,83.3333
1778911200,2026-05-16 06:00:00,2026-05-16 08:00:00,fyn,7.75,110.0,5.875,0.2,996.858,90.25,85.0
1778914800,2026-05-16 07:00:00,2026-05-16 09:00:00,fyn,8.0,168.0,5.625,0.0,997.054,88.25,80.0
1778918400,2026-05-16 08:00:00,2026-05-16 10:00:00,fyn,8.525,233.5,6.325,0.0,997.083,85.25,85.0
1778922000,2026-05-16 09:00:00,2026-05-16 11:00:00,fyn,9.2,364.5,7.225,0.266667,997.317,80.5,80.0
1778925600,2026-05-16 10:00:00,2026-05-16 12:00:00,fyn,9.3,355.5,8.4,0.2,997.513,79.75,85.0
1778929200,2026-05-16 11:00:00,2026-05-16 13:00:00,fyn,9.325,329.0,9.0,0.0,997.779,83.0,90.0
1778932800,2026-05-16 12:00:00,2026-05-16 14:00:00,fyn,9.675,318.5,9.425,0.1,998.246,84.0,90.0
1778936400,2026-05-16 13:00:00,2026-05-16 15:00:00,fyn,10.275,474.0,9.4,0.0666667,998.992,81.0,71.6667
1778940000,2026-05-16 14:00:00,2026-05-16 16:00:00,fyn,10.15,350.0,8.65,0.0666667,999.625,79.25,53.3333
1778943600,2026-05-16 15:00:00,2026-05-16 17:00:00,fyn,10.8,297.0,8.45,0.0,1000.2,75.25,35.0
1778947200,2026-05-16 16:00:00,2026-05-16 18:00:00,fyn,10.525,313.5,8.4,0.0333333,1000.84,74.0,41.6667
1778950800,2026-05-16 17:00:00,2026-05-16 19:00:00,fyn,10.125,143.5,8.125,0.266667,1001.66,76.75,68.3333
1778954400,2026-05-16 18:00:00,2026-05-16 20:00:00,fyn,9.725,103.0,7.925,0.0,1002.31,79.25,38.3333
1778958000,2026-05-16 19:00:00,2026-05-16 21:00:00,fyn,9.125,36.5,6.925,0.466667,1003.22,82.75,46.6667
1778961600,2026-05-16 20:00:00,2026-05-16 22:00:00,fyn,8.55,3.0,6.4,0.0666667,1004.1,87.0,65.0
1778965200,2026-05-16 21:00:00,2026-05-16 23:00:00,fyn,8.4,0.0,6.075,0.0,1004.78,88.75,88.3333
1778968800,2026-05-16 22:00:00,2026-05-17 00:00:00,fyn,8.275,0.0,6.3,0.0333333,1005.21,88.75,95.0
1778972400,2026-05-16 23:00:00,2026-05-17 01:00:00,fyn,8.225,0.0,5.9,0.0666667,1005.64,88.25,95.0
1778976000,2026-05-17 00:00:00,2026-05-17 02:00:00,fyn,8.125,0.0,5.9,0.0,1006.02,86.75,91.6667
1778979600,2026-05-17 01:00:00,2026-05-17 03:00:00,fyn,7.675,0.0,5.225,0.0333333,1006.44,87.25,90.0
1778983200,2026-05-17 02:00:00,2026-05-17 04:00:00,fyn,7.125,0.0,4.9,0.0,1006.89,87.25,10.0
1778986800,2026-05-17 03:00:00,2026-05-17 05:00:00,fyn,6.325,0.0,3.95,0.0333333,1007.3,89.75,1.66667
1778990400,2026-05-17 04:00:00,2026-05-17 06:00:00,fyn,5.825,14.0,3.425,0.0,1007.69,90.5,1.66667
1778994000,2026-05-17 05:00:00,2026-05-17 07:00:00,fyn,6.6,95.0,3.525,0.0,1008.15,90.0,0.0
1778997600,2026-05-17 06:00:00,2026-05-17 08:00:00,fyn,8.05,259.5,3.875,0.0,1008.49,86.5,5.0
1779001200,2026-05-17 07:00:00,2026-05-17 09:00:00,fyn,9.575,411.5,4.4,0.0,1008.87,80.75,28.3333
1779004800,2026-05-17 08:00:00,2026-05-17 10:00:00,fyn,10.625,531.5,4.725,0.0,1009.19,72.5,25.0
1779008400,2026-05-17 09:00:00,2026-05-17 11:00:00,fyn,11.7,673.5,4.875,0.0,1009.43,65.75,41.6667
1779012000,2026-05-17 10:00:00,2026-05-17 12:00:00,fyn,12.0,635.0,5.275,0.0,1009.7,61.0,15.0
1779015600,2026-05-17 11:00:00,2026-05-17 13:00:00,fyn,12.575,499.5,5.5,0.0,1009.88,59.75,65.0
1779019200,2026-05-17 12:00:00,2026-05-17 14:00:00,fyn,13.15,578.0,5.475,0.0,1009.99,58.25,60.0
1779022800,2026-05-17 13:00:00,2026-05-17 15:00:00,fyn,13.35,404.0,4.975,0.0,1010.13,56.5,90.0
1779026400,2026-05-17 14:00:00,2026-05-17 16:00:00,fyn,13.4,266.5,4.95,0.0,1010.24,57.5,90.0
1779030000,2026-05-17 15:00:00,2026-05-17 17:00:00,fyn,13.25,219.0,4.975,0.0,1010.29,60.5,90.0
1779033600,2026-05-17 16:00:00,2026-05-17 18:00:00,fyn,12.8,155.0,5.125,0.0,1010.42,68.25,90.0
1779037200,2026-05-17 17:00:00,2026-05-17 19:00:00,fyn,12.55,90.0,4.05,0.0,1010.67,72.25,90.0
1779040800,2026-05-17 18:00:00,2026-05-17 20:00:00,fyn,12.1,74.0,2.8,0.0,1010.88,79.25,90.0
1779044400,2026-05-17 19:00:00,2026-05-17 21:00:00,fyn,12.15,36.5,2.9,0.0,1011.2,78.25,93.3333
1779048000,2026-05-17 20:00:00,2026-05-17 22:00:00,fyn,11.8,4.0,2.725,0.0,1011.5,79.0,50.0
1779051600,2026-05-17 21:00:00,2026-05-17 23:00:00,fyn,11.275,0.0,2.375,0.0,1011.61,80.5,95.0
1779055200,2026-05-17 22:00:00,2026-05-18 00:00:00,fyn,10.95,0.0,2.475,0.0333333,1011.62,81.75,81.6667
1779058800,2026-05-17 23:00:00,2026-05-18 01:00:00,fyn,10.925,0.0,2.925,0.0,1011.47,81.75,70.0
1779062400,2026-05-18 00:00:00,2026-05-18 02:00:00,fyn,10.8,0.0,3.2,0.0,1011.39,81.5,83.3333
1779066000,2026-05-18 01:00:00,2026-05-18 03:00:00,fyn,10.625,0.0,3.05,0.0,1011.32,81.5,93.3333
1779069600,2026-05-18 02:00:00,2026-05-18 04:00:00,fyn,10.575,0.0,2.725,0.0,1011.18,80.75,98.3333
1779073200,2026-05-18 03:00:00,2026-05-18 05:00:00,fyn,10.925,0.0,2.95,0.0,1011.23,80.0,96.6667
1779076800,2026-05-18 04:00:00,2026-05-18 06:00:00,fyn,11.05,5.5,3.0,0.0,1011.35,80.75,90.0
1779080400,2026-05-18 05:00:00,2026-05-18 07:00:00,fyn,11.175,28.5,2.75,0.0,1011.38,82.5,90.0
1779084000,2026-05-18 06:00:00,2026-05-18 08:00:00,fyn,11.875,103.0,3.2,0.0,1011.47,81.5,68.3333
1779087600,2026-05-18 07:00:00,2026-05-18 09:00:00,fyn,13.1,316.5,4.25,0.0,1011.5,75.75,0.0
1779091200,2026-05-18 08:00:00,2026-05-18 10:00:00,fyn,14.35,383.5,5.025,0.0,1011.59,69.5,8.33333
1779094800,2026-05-18 09:00:00,2026-05-18 11:00:00,fyn,15.05,442.5,5.1,0.0,1011.58,64.25,21.6667
1779098400,2026-05-18 10:00:00,2026-05-18 12:00:00,fyn,15.9,624.5,5.475,0.0,1011.73,60.0,13.3333
1779102000,2026-05-18 11:00:00,2026-05-18 13:00:00,fyn,15.8333,525.0,6.73333,0.0,1012.04,59.3333,41.6667
1779105600,2026-05-18 12:00:00,2026-05-18 14:00:00,fyn,14.925,361.0,5.0,0.0,1011.69,65.25,90.0
1779109200,2026-05-18 13:00:00,2026-05-18 15:00:00,fyn,14.95,352.0,4.95,0.233333,1011.67,63.5,90.0
1779112800,2026-05-18 14:00:00,2026-05-18 16:00:00,fyn,14.825,258.0,4.7,0.333333,1011.56,60.75,90.0
1779116400,2026-05-18 15:00:00,2026-05-18 17:00:00,fyn,15.55,227.0,5.1,0.0,1011.74,59.25,75.0
1779120000,2026-05-18 16:00:00,2026-05-18 18:00:00,fyn,14.975,126.5,4.725,0.0,1012.05,63.75,91.6667
1779123600,2026-05-18 17:00:00,2026-05-18 19:00:00,fyn,14.325,88.5,3.175,0.0,1012.29,68.0,90.0
1779127200,2026-05-18 18:00:00,2026-05-18 20:00:00,fyn,13.5,42.0,1.975,0.166667,1012.53,72.5,91.6667
1779130800,2026-05-18 19:00:00,2026-05-18 21:00:00,fyn,13.025,16.5,2.4,0.0666667,1012.97,74.75,93.3333
1779134400,2026-05-18 20:00:00,2026-05-18 22:00:00,fyn,12.55,2.5,2.4,0.0,1013.3,77.0,90.0
1779138000,2026-05-18 21:00:00,2026-05-18 23:00:00,fyn,12.1,0.0,1.95,0.0333333,1013.38,80.0,90.0
1779141600,2026-05-18 22:00:00,2026-05-19 00:00:00,fyn,11.65,0.0,1.95,0.0,1013.29,82.25,91.6667
1779145200,2026-05-18 23:00:00,2026-05-19 01:00:00,fyn,11.15,0.0,2.125,0.0333333,1013.3,83.75,90.0
1779148800,2026-05-19 00:00:00,2026-05-19 02:00:00,fyn,10.9333,0.0,2.4,0.0,1013.32,86.6667,90.0
1779152400,2026-05-19 01:00:00,2026-05-19 03:00:00,fyn,10.8,0.0,2.43333,0.0,1013.27,84.3333,85.0
1779156000,2026-05-19 02:00:00,2026-05-19 04:00:00,fyn,10.4333,0.0,2.16667,0.0,1013.25,84.0,91.6667
1779159600,2026-05-19 03:00:00,2026-05-19 05:00:00,fyn,10.2333,0.0,1.76667,0.0,1013.32,83.6667,91.6667
1779163200,2026-05-19 04:00:00,2026-05-19 06:00:00,fyn,10.0667,7.0,2.03333,0.0,1013.51,86.6667,90.0
1779166800,2026-05-19 05:00:00,2026-05-19 07:00:00,fyn,10.3667,32.0,1.7,0.0,1013.58,87.6667,90.0
1779170400,2026-05-19 06:00:00,2026-05-19 08:00:00,fyn,11.2,150.0,2.36667,0.0,1013.99,84.3333,90.0
1779174000,2026-05-19 07:00:00,2026-05-19 09:00:00,fyn,11.7,191.0,2.6,0.0,1014.24,81.6667,91.6667
1779177600,2026-05-19 08:00:00,2026-05-19 10:00:00,fyn,11.9,210.0,2.46667,0.0,1014.53,84.0,90.0
1779181200,2026-05-19 09:00:00,2026-05-19 11:00:00,fyn,12.4,314.0,2.26667,0.0,1014.66,86.0,90.0
1779184800,2026-05-19 10:00:00,2026-05-19 12:00:00,fyn,13.2333,621.0,2.2,0.0,1014.75,81.6667,90.0
1779188400,2026-05-19 11:00:00,2026-05-19 13:00:00,fyn,13.5333,336.0,2.7,0.0,1014.7,80.6667,90.0
1779192000,2026-05-19 12:00:00,2026-05-19 14:00:00,fyn,13.975,479.0,2.75,0.0,1014.6,78.0,91.6667
1779195600,2026-05-19 13:00:00,2026-05-19 15:00:00,fyn,14.875,655.0,2.925,0.05,1014.45,74.75,90.0
1779199200,2026-05-19 14:00:00,2026-05-19 16:00:00,fyn,15.15,575.5,3.475,0.0,1014.26,71.0,70.0
1779202800,2026-05-19 15:00:00,2026-05-19 17:00:00,fyn,15.15,561.0,3.525,0.0,1013.99,73.0,50.0
1779206400,2026-05-19 16:00:00,2026-05-19 18:00:00,fyn,15.35,423.5,3.3,0.0,1013.84,69.0,8.33333
1779210000,2026-05-19 17:00:00,2026-05-19 19:00:00,fyn,15.475,309.0,3.35,0.0,1013.95,67.75,5.0
1779213600,2026-05-19 18:00:00,2026-05-19 20:00:00,fyn,15.125,189.5,3.025,0.0,1013.97,70.75,0.0
1779217200,2026-05-19 19:00:00,2026-05-19 21:00:00,fyn,13.95,58.5,2.85,0.0,1014.15,76.0,20.0
1779220800,2026-05-19 20:00:00,2026-05-19 22:00:00,fyn,12.725,4.5,2.6,0.0,1014.22,79.5,38.3333
1779224400,2026-05-19 21:00:00,2026-05-19 23:00:00,fyn,11.725,0.0,2.8,0.0,1014.05,83.5,33.3333
1779228000,2026-05-19 22:00:00,2026-05-20 00:00:00,fyn,11.3,0.0,3.025,0.0,1013.88,86.75,91.6667
1779231600,2026-05-19 23:00:00,2026-05-20 01:00:00,fyn,11.725,0.0,3.75,0.0,1013.53,86.5,90.0
1779235200,2026-05-20 00:00:00,2026-05-20 02:00:00,fyn,12.025,0.0,3.725,0.0,1013.24,83.5,90.0
1779238800,2026-05-20 01:00:00,2026-05-20 03:00:00,fyn,11.925,0.0,3.725,0.0,1012.9,83.5,90.0
1779242400,2026-05-20 02:00:00,2026-05-20 04:00:00,fyn,11.675,0.0,3.65,0.0,1012.71,85.5,90.0
1779246000,2026-05-20 03:00:00,2026-05-20 05:00:00,fyn,11.275,0.0,2.975,0.0,1012.76,88.5,88.3333
1779249600,2026-05-20 04:00:00,2026-05-20 06:00:00,fyn,11.4,8.5,2.675,0.0,1012.75,90.0,75.0
1779253200,2026-05-20 05:00:00,2026-05-20 07:00:00,fyn,11.625,29.5,2.825,0.266667,1012.85,91.5,90.0
1779256800,2026-05-20 06:00:00,2026-05-20 08:00:00,fyn,11.85,57.0,3.075,0.133333,1012.91,93.0,95.0
1779260400,2026-05-20 07:00:00,2026-05-20 09:00:00,fyn,12.275,83.5,3.75,0.0333333,1013.0,93.25,90.0
1779264000,2026-05-20 08:00:00,2026-05-20 10:00:00,fyn,12.675,117.5,4.25,0.2,1013.16,93.5,90.0
1779267600,2026-05-20 09:00:00,2026-05-20 11:00:00,fyn,13.025,150.5,4.825,0.1,1013.36,93.5,91.6667
1779271200,2026-05-20 10:00:00,2026-05-20 12:00:00,fyn,13.2,144.0,4.575,0.0333333,1013.51,94.25,85.0
1779274800,2026-05-20 11:00:00,2026-05-20 13:00:00,fyn,13.475,172.0,4.6,0.0,1013.8,94.0,90.0
1779278400,2026-05-20 12:00:00,2026-05-20 14:00:00,fyn,13.75,143.0,4.9,1.23333,1014.1,92.5,91.6667
1779282000,2026-05-20 13:00:00,2026-05-20 15:00:00,fyn,13.675,145.5,3.875,0.8,1014.4,92.0,90.0
1779285600,2026-05-20 14:00:00,2026-05-20 16:00:00,fyn,14.3,261.5,4.2,0.633333,1014.59,86.75,61.6667
1779289200,2026-05-20 15:00:00,2026-05-20 17:00:00,fyn,14.575,244.5,4.075,0.0,1014.72,84.75,50.0
1779292800,2026-05-20 16:00:00,2026-05-20 18:00:00,fyn,15.025,309.5,4.55,0.0,1014.98,81.0,70.0
1779296400,2026-05-20 17:00:00,2026-05-20 19:00:00,fyn,14.85,201.5,5.25,0.733333,1015.58,78.25,70.0
1779300000,2026-05-20 18:00:00,2026-05-20 20:00:00,fyn,14.3,130.5,5.6,0.0,1016.25,79.0,36.6667
1779303600,2026-05-20 19:00:00,2026-05-20 21:00:00,fyn,13.275,32.5,4.525,0.0,1016.88,83.25,71.6667
1779307200,2026-05-20 20:00:00,2026-05-20 22:00:00,fyn,12.7,4.5,4.25,0.0,1017.46,86.25,6.66667
1779310800,2026-05-20 21:00:00,2026-05-20 23:00:00,fyn,11.825,0.0,4.3,0.0,1017.77,89.5,71.6667
1779314400,2026-05-20 22:00:00,2026-05-21 00:00:00,fyn,11.75,0.0,4.225,0.0,1018.13,90.75,93.3333
1779318000,2026-05-20 23:00:00,2026-05-21 01:00:00,fyn,11.7,0.0,4.125,0.0,1018.3,92.0,96.6667
1779321600,2026-05-21 00:00:00,2026-05-21 02:00:00,fyn,11.725,0.0,4.575,0.0,1018.48,92.0,96.6667
1779325200,2026-05-21 01:00:00,2026-05-21 03:00:00,fyn,11.6,0.0,4.475,0.0,1018.81,92.75,96.6667
1779328800,2026-05-21 02:00:00,2026-05-21 04:00:00,fyn,11.65,0.0,4.35,0.0,1018.94,93.5,96.6667
1779332400,2026-05-21 03:00:00,2026-05-21 05:00:00,fyn,11.6,0.0,4.525,0.0,1019.19,93.5,98.3333
1779336000,2026-05-21 04:00:00,2026-05-21 06:00:00,fyn,11.575,12.0,3.95,0.0,1019.43,94.0,90.0
1779339600,2026-05-21 05:00:00,2026-05-21 07:00:00,fyn,11.85,65.5,3.825,0.0,1019.71,93.75,90.0
1779343200,2026-05-21 06:00:00,2026-05-21 08:00:00,fyn,12.445,171.19,3.8975,0.0,1020.03,91.41,38.3333
1779346800,2026-05-21 07:00:00,2026-05-21 09:00:00,fyn,13.66,386.87,4.6375,0.0,1020.4,85.71,15.0
1779350400,2026-05-21 08:00:00,2026-05-21 10:00:00,fyn,14.67,484.86,5.0525,0.0,1020.51,81.0625,76.6667
1779354000,2026-05-21 09:00:00,2026-05-21 11:00:00,fyn,15.4425,578.98,5.53,0.0,1020.6,76.22,71.6667
1779357600,2026-05-21 10:00:00,2026-05-21 12:00:00,fyn,15.78,449.985,5.92,0.0,1020.73,74.7775,53.3333
1779361200,2026-05-21 11:00:00,2026-05-21 13:00:00,fyn,16.1975,451.995,6.205,0.0,1020.79,72.7275,45.0
1779364800,2026-05-21 12:00:00,2026-05-21 14:00:00,fyn,16.9925,661.97,6.7125,0.0,1020.91,64.0425,10.0
1779368400,2026-05-21 13:00:00,2026-05-21 15:00:00,fyn,17.3775,749.015,7.805,0.0,1021.13,56.1925,15.0
1779372000,2026-05-21 14:00:00,2026-05-21 16:00:00,fyn,17.48,729.53,7.315,0.0,1021.51,51.93,31.6667
1779375600,2026-05-21 15:00:00,2026-05-21 17:00:00,fyn,17.4275,555.435,6.67,0.0,1021.78,50.095,10.0
1779379200,2026-05-21 16:00:00,2026-05-21 18:00:00,fyn,16.975,395.3,6.2675,0.0,1021.83,52.395,28.3333
1779382800,2026-05-21 17:00:00,2026-05-21 19:00:00,fyn,16.56,316.905,5.92,0.0,1022.06,56.96,3.33333
1779386400,2026-05-21 18:00:00,2026-05-21 20:00:00,fyn,15.5875,185.875,5.6275,0.0,1022.39,63.675,0.0
1779390000,2026-05-21 19:00:00,2026-05-21 21:00:00,fyn,14.435,65.21,4.685,0.0,1022.85,72.4825,21.6667
1779393600,2026-05-21 20:00:00,2026-05-21 22:00:00,fyn,13.485,4.84,3.7975,0.0,1023.13,81.68,86.6667
1779397200,2026-05-21 21:00:00,2026-05-21 23:00:00,fyn,12.825,0.0,3.74,0.0,1023.31,86.125,88.3333
1779400800,2026-05-21 22:00:00,2026-05-22 00:00:00,fyn,12.2625,0.0,3.665,0.0,1023.3,89.34,91.6667
1779404400,2026-05-21 23:00:00,2026-05-22 01:00:00,fyn,11.7875,0.0,3.2975,0.0,1023.33,91.305,80.0
1779408000,2026-05-22 00:00:00,2026-05-22 02:00:00,fyn,11.11,0.0,2.84,0.0,1023.37,93.3575,80.0
1779411600,2026-05-22 01:00:00,2026-05-22 03:00:00,fyn,10.61,0.0,2.425,0.0,1023.4,94.8575,28.3333
1779415200,2026-05-22 02:00:00,2026-05-22 04:00:00,fyn,10.24,0.0,2.535,0.0,1023.52,96.0575,1.66667
1779418800,2026-05-22 03:00:00,2026-05-22 05:00:00,fyn,10.39,0.195,2.965,0.0,1023.63,96.665,71.6667
1779422400,2026-05-22 04:00:00,2026-05-22 06:00:00,fyn,10.9525,8.615,2.755,0.0,1023.97,97.3125,95.0
1779426000,2026-05-22 05:00:00,2026-05-22 07:00:00,fyn,11.72,25.155,2.8625,0.0,1024.3,96.7675,95.0
1779429600,2026-05-22 06:00:00,2026-05-22 08:00:00,fyn,12.3425,52.49,3.025,0.0,1024.7,96.8125,96.6667
1779433200,2026-05-22 07:00:00,2026-05-22 09:00:00,fyn,13.02,107.695,3.1525,0.0,1025.03,79.9425,95.0
1779436800,2026-05-22 08:00:00,2026-05-22 10:00:00,fyn,13.8475,160.245,3.3325,0.0,1025.28,69.4375,98.3333
1779440400,2026-05-22 09:00:00,2026-05-22 11:00:00,fyn,14.645,208.12,3.445,0.0,1025.41,67.5325,91.6667
1779444000,2026-05-22 10:00:00,2026-05-22 12:00:00,fyn,15.5825,300.96,3.5025,0.0,1025.36,66.5025,90.0
1779447600,2026-05-22 11:00:00,2026-05-22 13:00:00,fyn,16.6925,456.82,3.87,0.0,1025.29,63.4625,90.0
1779451200,2026-05-22 12:00:00,2026-05-22 14:00:00,fyn,17.79,546.28,3.87,0.0,1025.24,59.5125,60.0
1779454800,2026-05-22 13:00:00,2026-05-22 15:00:00,fyn,18.53,454.11,3.945,0.0,1025.35,57.8625,80.0
1779458400,2026-05-22 14:00:00,2026-05-22 16:00:00,fyn,18.9825,295.36,3.41,0.0,1025.4,56.4425,80.0
1779462000,2026-05-22 15:00:00,2026-05-22 17:00:00,fyn,19.4,371.085,3.5275,0.0,1025.31,55.0,85.0
1779465600,2026-05-22 16:00:00,2026-05-22 18:00:00,fyn,19.6575,366.6,3.4475,0.0,1025.17,53.52,65.0
1779469200,2026-05-22 17:00:00,2026-05-22 19:00:00,fyn,19.665,251.08,3.33,0.0,1025.02,52.99,10.0
1779472800,2026-05-22 18:00:00,2026-05-22 20:00:00,fyn,19.145,161.605,2.5925,0.0,1025.06,54.765,15.0
1779476400,2026-05-22 19:00:00,2026-05-22 21:00:00,fyn,18.11,69.245,2.23,0.0,1025.19,57.48,5.0
1779480000,2026-05-22 20:00:00,2026-05-22 22:00:00,fyn,16.28,5.63,1.9925,0.0,1025.34,62.3475,5.0
1779483600,2026-05-22 21:00:00,2026-05-22 23:00:00,fyn,14.66,0.0,1.8475,0.0,1025.37,66.655,5.0
1779487200,2026-05-22 22:00:00,2026-05-23 00:00:00,fyn,13.59,0.0,1.2425,0.0,1025.28,69.9675,0.0
1779490800,2026-05-22 23:00:00,2026-05-23 01:00:00,fyn,12.9625,0.0,1.335,0.0,1025.19,71.46,1.66667
1779494400,2026-05-23 00:00:00,2026-05-23 02:00:00,fyn,12.26,0.0,1.4825,0.0,1024.93,72.29,26.6667
1779498000,2026-05-23 01:00:00,2026-05-23 03:00:00,fyn,11.815,0.0,1.0025,0.0,1024.74,72.9,23.3333
1779501600,2026-05-23 02:00:00,2026-05-23 04:00:00,fyn,11.4575,0.0,1.3975,0.0,1024.6,73.7875,6.66667
1779505200,2026-05-23 03:00:00,2026-05-23 05:00:00,fyn,11.0775,0.19,1.345,0.0,1024.29,73.91,8.33333
1779508800,2026-05-23 04:00:00,2026-05-23 06:00:00,fyn,11.2625,23.595,1.745,0.0,1024.03,73.735,6.66667
1779512400,2026-05-23 05:00:00,2026-05-23 07:00:00,fyn,12.8375,119.19,2.115,0.0,1023.88,73.0575,15.0
1779516000,2026-05-23 06:00:00,2026-05-23 08:00:00,fyn,15.49,244.7,2.85,0.0,1023.93,69.1975,0.0
1779519600,2026-05-23 07:00:00,2026-05-23 09:00:00,fyn,17.4725,398.305,4.345,0.0,1024.0,62.01,0.0
1779523200,2026-05-23 08:00:00,2026-05-23 10:00:00,fyn,18.94,518.315,4.9575,0.0,1023.96,58.3225,8.33333
1779526800,2026-05-23 09:00:00,2026-05-23 11:00:00,fyn,20.0275,518.145,5.38,0.0,1023.79,55.56,45.0
1779530400,2026-05-23 10:00:00,2026-05-23 12:00:00,fyn,20.8625,555.165,5.58,0.0,1023.56,54.0975,10.0
1779534000,2026-05-23 11:00:00,2026-05-23 13:00:00,fyn,21.155,539.85,5.5325,0.0,1023.03,52.2875,20.0
1779537600,2026-05-23 12:00:00,2026-05-23 14:00:00,fyn,21.7775,766.19,4.3575,0.0,1023.02,49.6525,56.6667
1779541200,2026-05-23 13:00:00,2026-05-23 15:00:00,fyn,21.7725,559.86,4.3475,0.0,1022.75,48.8325,63.3333
1779544800,2026-05-23 14:00:00,2026-05-23 16:00:00,fyn,21.935,565.455,4.785,0.0,1022.97,48.255,10.0
1779548400,2026-05-23 15:00:00,2026-05-23 17:00:00,fyn,21.84,348.575,5.255,0.0,1022.68,48.6575,33.3333
1779552000,2026-05-23 16:00:00,2026-05-23 18:00:00,fyn,21.865,407.085,5.27,0.0,1022.66,47.5925,15.0
1779555600,2026-05-23 17:00:00,2026-05-23 19:00:00,fyn,21.1975,341.575,4.615,0.0,1022.71,49.3025,6.66667
1779559200,2026-05-23 18:00:00,2026-05-23 20:00:00,fyn,20.5925,198.17,3.61,0.0,1022.7,50.7525,5.0
1779562800,2026-05-23 19:00:00,2026-05-23 21:00:00,fyn,18.895,73.435,3.42,0.0,1022.9,57.35,6.66667
1779566400,2026-05-23 20:00:00,2026-05-23 22:00:00,fyn,17.29,8.23,2.8475,0.0,1023.16,62.085,0.0
1779570000,2026-05-23 21:00:00,2026-05-23 23:00:00,fyn,15.965,0.0,2.645,0.0,1023.3,64.875,1.66667
1779573600,2026-05-23 22:00:00,2026-05-24 00:00:00,fyn,14.9525,0.0,2.9125,0.0,1023.64,65.2725,30.0
1779577200,2026-05-23 23:00:00,2026-05-24 01:00:00,fyn,13.7025,0.0,2.7675,0.0,1024.0,68.285,1.66667
1779580800,2026-05-24 00:00:00,2026-05-24 02:00:00,fyn,12.915,0.0,2.845,0.0,1024.29,69.51,8.33333
1779584400,2026-05-24 01:00:00,2026-05-24 03:00:00,fyn,12.085,0.0,2.8125,0.0,1024.67,69.59,0.0
1779588000,2026-05-24 02:00:00,2026-05-24 04:00:00,fyn,11.38,0.0,2.675,0.0,1024.81,70.24,1.66667
1779591600,2026-05-24 03:00:00,2026-05-24 05:00:00,fyn,11.0875,0.275,3.095,0.0,1025.02,71.3175,10.0
1779595200,2026-05-24 04:00:00,2026-05-24 06:00:00,fyn,10.925,38.565,2.8225,0.0,1025.43,71.7725,20.0
1779598800,2026-05-24 05:00:00,2026-05-24 07:00:00,fyn,11.375,143.375,3.32,0.0,1026.05,71.0925,25.0
1779602400,2026-05-24 06:00:00,2026-05-24 08:00:00,fyn,12.125,208.33,3.9825,0.0,1026.33,67.9475,6.66667
1779606000,2026-05-24 07:00:00,2026-05-24 09:00:00,fyn,13.2025,333.86,3.92,0.0,1026.8,63.06,3.33333
1779609600,2026-05-24 08:00:00,2026-05-24 10:00:00,fyn,14.4675,523.335,3.6,0.0,1027.09,57.1975,0.0
1779613200,2026-05-24 09:00:00,2026-05-24 11:00:00,fyn,15.6275,651.505,3.46,0.0,1027.39,52.32,0.0
1779616800,2026-05-24 10:00:00,2026-05-24 12:00:00,fyn,16.7325,744.34,3.885,0.0,1027.69,48.3375,10.0
1779620400,2026-05-24 11:00:00,2026-05-24 13:00:00,fyn,17.445,786.2,4.1775,0.0,1027.88,46.65,3.33333
1779624000,2026-05-24 12:00:00,2026-05-24 14:00:00,fyn,18.585,821.985,4.9075,0.0,1027.95,42.455,1.66667
1779627600,2026-05-24 13:00:00,2026-05-24 15:00:00,fyn,19.4825,797.29,5.5275,0.0,1027.87,39.3225,0.0
1779631200,2026-05-24 14:00:00,2026-05-24 16:00:00,fyn,19.815,731.455,5.505,0.0,1027.8,37.965,0.0
1779634800,2026-05-24 15:00:00,2026-05-24 17:00:00,fyn,19.8475,612.645,5.5775,0.0,1027.72,38.12,1.66667
1779638400,2026-05-24 16:00:00,2026-05-24 18:00:00,fyn,19.625,499.435,5.505,0.0,1027.62,38.3075,0.0
1779642000,2026-05-24 17:00:00,2026-05-24 19:00:00,fyn,19.2675,354.26,5.095,0.0,1027.52,40.5325,30.0
1779645600,2026-05-24 18:00:00,2026-05-24 20:00:00,fyn,18.48,211.41,4.7225,0.0,1027.55,44.965,10.0
1779649200,2026-05-24 19:00:00,2026-05-24 21:00:00,fyn,16.9925,86.595,4.3075,0.0,1027.79,51.1975,8.33333
1779652800,2026-05-24 20:00:00,2026-05-24 22:00:00,fyn,15.2575,9.535,3.4675,0.0,1028.24,57.1675,5.0
1779656400,2026-05-24 21:00:00,2026-05-24 23:00:00,fyn,13.745,0.0,3.2975,0.0,1028.63,62.7625,5.0
1779660000,2026-05-24 22:00:00,2026-05-25 00:00:00,fyn,12.99,0.0,3.6,0.0,1028.66,66.4975,0.0
1779663600,2026-05-24 23:00:00,2026-05-25 01:00:00,fyn,12.335,0.0,3.225,0.0,1028.47,70.36,1.66667
1779667200,2026-05-25 00:00:00,2026-05-25 02:00:00,fyn,11.7675,0.0,2.665,0.0,1028.47,72.4425,5.0
1779670800,2026-05-25 01:00:00,2026-05-25 03:00:00,fyn,11.325,0.0,2.2325,0.0,1028.48,73.1075,5.0
1779674400,2026-05-25 02:00:00,2026-05-25 04:00:00,fyn,10.84,0.0,2.0025,0.0,1028.41,73.6925,8.33333
1779678000,2026-05-25 03:00:00,2026-05-25 05:00:00,fyn,10.3125,0.5,2.345,0.0,1028.56,74.04,35.0
1779681600,2026-05-25 04:00:00,2026-05-25 06:00:00,fyn,10.35,29.305,2.1675,0.0,1028.75,74.1225,10.0
1779685200,2026-05-25 05:00:00,2026-05-25 07:00:00,fyn,11.24,140.245,1.9425,0.0,1029.06,72.395,6.66667
1779688800,2026-05-25 06:00:00,2026-05-25 08:00:00,fyn,12.7825,284.15,2.435,0.0,1029.21,66.7175,3.33333
1779692400,2026-05-25 07:00:00,2026-05-25 09:00:00,fyn,14.835,419.725,3.16,0.0,1029.26,60.915,0.0
1779696000,2026-05-25 08:00:00,2026-05-25 10:00:00,fyn,16.6025,562.125,4.2625,0.0,1029.22,54.8975,1.66667
1779699600,2026-05-25 09:00:00,2026-05-25 11:00:00,fyn,17.8675,682.295,5.0225,0.0,1029.09,52.1175,3.33333
1779703200,2026-05-25 10:00:00,2026-05-25 12:00:00,fyn,18.795,764.935,5.57,0.0,1028.74,49.7575,0.0
1779706800,2026-05-25 11:00:00,2026-05-25 13:00:00,fyn,19.84,832.47,6.2575,0.0,1028.39,47.7825,5.0
1779710400,2026-05-25 12:00:00,2026-05-25 14:00:00,fyn,20.795,842.005,6.75,0.0,1027.85,43.095,1.66667
1779714000,2026-05-25 13:00:00,2026-05-25 15:00:00,fyn,21.4025,821.175,6.925,0.0,1027.37,41.46,5.0
1779717600,2026-05-25 14:00:00,2026-05-25 16:00:00,fyn,21.735,741.065,7.11,0.0,1027.12,40.0625,1.66667
1779721200,2026-05-25 15:00:00,2026-05-25 17:00:00,fyn,21.6725,630.84,7.7875,0.0,1026.73,41.8775,0.0
1779724800,2026-05-25 16:00:00,2026-05-25 18:00:00,fyn,21.4175,499.275,7.3975,0.0,1026.47,42.49,5.0
1779728400,2026-05-25 17:00:00,2026-05-25 19:00:00,fyn,20.5975,353.035,6.815,0.0,1026.41,43.2325,0.0
1779732000,2026-05-25 18:00:00,2026-05-25 20:00:00,fyn,19.605,211.33,5.9875,0.0,1026.37,44.66,0.0
1779735600,2026-05-25 19:00:00,2026-05-25 21:00:00,fyn,18.2025,84.385,4.345,0.0,1026.41,50.1225,8.33333
1779739200,2026-05-25 20:00:00,2026-05-25 22:00:00,fyn,16.2725,9.915,3.43,0.0,1026.59,57.6225,8.33333
1779742800,2026-05-25 21:00:00,2026-05-25 23:00:00,fyn,14.73,0.0,3.1975,0.0,1026.54,62.855,8.33333
1779746400,2026-05-25 22:00:00,2026-05-26 00:00:00,fyn,13.87,0.0,2.935,0.0,1026.45,65.1025,6.66667
1779750000,2026-05-25 23:00:00,2026-05-26 01:00:00,fyn,13.21,0.0,2.8,0.0,1026.2,67.3625,40.0
1779753600,2026-05-26 00:00:00,2026-05-26 02:00:00,fyn,12.8,0.0,2.63,0.0,1025.8,68.905,53.3333
1779757200,2026-05-26 01:00:00,2026-05-26 03:00:00,fyn,12.3125,0.0,2.6375,0.0,1025.46,69.695,85.0
1779760800,2026-05-26 02:00:00,2026-05-26 04:00:00,fyn,11.78,0.0,2.135,0.0,1025.2,70.085,58.3333
1779764400,2026-05-26 03:00:00,2026-05-26 05:00:00,fyn,11.4025,0.5,1.9825,0.0,1024.97,69.8775,36.6667
1779768000,2026-05-26 04:00:00,2026-05-26 06:00:00,fyn,11.2125,30.175,2.1875,0.0,1024.91,70.0175,3.33333
1779771600,2026-05-26 05:00:00,2026-05-26 07:00:00,fyn,12.4575,129.145,1.6775,0.0,1024.83,67.895,0.0
1779775200,2026-05-26 06:00:00,2026-05-26 08:00:00,fyn,14.15,248.275,2.5275,0.0,1024.37,63.6275,8.33333
1779778800,2026-05-26 07:00:00,2026-05-26 09:00:00,fyn,15.655,322.065,2.5875,0.0,1023.82,59.97,38.3333
1779782400,2026-05-26 08:00:00,2026-05-26 10:00:00,fyn,17.42,489.195,2.895,0.0,1023.37,58.9675,58.3333
1779786000,2026-05-26 09:00:00,2026-05-26 11:00:00,fyn,18.63,442.505,3.62,0.516667,1022.95,73.7575,85.0
1779789600,2026-05-26 10:00:00,2026-05-26 12:00:00,fyn,19.9625,631.86,4.17,0.0,1022.3,66.81,61.6667
1779793200,2026-05-26 11:00:00,2026-05-26 13:00:00,fyn,21.045,710.245,4.6925,0.123333,1021.43,64.41,35.0
1779796800,2026-05-26 12:00:00,2026-05-26 14:00:00,fyn,21.9,778.84,5.5925,0.0,1020.67,59.8175,25.0
1779800400,2026-05-26 13:00:00,2026-05-26 15:00:00,fyn,22.1825,768.895,5.4025,0.0,1020.09,59.96,20.0
1779804000,2026-05-26 14:00:00,2026-05-26 16:00:00,fyn,22.5125,678.94,5.5425,0.0,1019.74,60.4775,3.33333
1779807600,2026-05-26 15:00:00,2026-05-26 17:00:00,fyn,22.71,600.355,5.52,0.0,1019.56,59.645,1.66667
1779811200,2026-05-26 16:00:00,2026-05-26 18:00:00,fyn,22.635,482.53,5.63,0.0,1019.43,56.515,0.0
1779814800,2026-05-26 17:00:00,2026-05-26 19:00:00,fyn,21.7125,353.105,5.915,0.0,1019.51,56.2775,1.66667
1779818400,2026-05-26 18:00:00,2026-05-26 20:00:00,fyn,20.09,212.825,5.89,0.0,1019.89,57.6025,13.3333
1779822000,2026-05-26 19:00:00,2026-05-26 21:00:00,fyn,17.6625,90.44,6.0425,0.0,1020.27,62.0825,15.0
1779825600,2026-05-26 20:00:00,2026-05-26 22:00:00,fyn,15.255,10.28,5.865,0.0,1020.52,65.27,1.66667
1779829200,2026-05-26 21:00:00,2026-05-26 23:00:00,fyn,13.505,0.0,5.2525,0.0,1020.67,67.655,11.6667
1779832800,2026-05-26 22:00:00,2026-05-27 00:00:00,fyn,12.1925,0.0,5.5225,0.0,1020.72,70.0125,35.0
1779836400,2026-05-26 23:00:00,2026-05-27 01:00:00,fyn,11.115,0.0,5.8225,0.0,1021.0,75.2475,1.66667
1779840000,2026-05-27 00:00:00,2026-05-27 02:00:00,fyn,10.72,0.0,6.02333,0.0,1021.21,78.8533,5.0
1779843600,2026-05-27 01:00:00,2026-05-27 03:00:00,fyn,10.44,0.0,6.43667,0.0,1021.46,78.79,5.0
1779847200,2026-05-27 02:00:00,2026-05-27 04:00:00,fyn,9.87333,0.0,6.32667,0.0,1021.58,80.9367,18.3333
1779850800,2026-05-27 03:00:00,2026-05-27 05:00:00,fyn,9.43,0.0,6.34,0.0,1021.76,83.8367,10.0
1779854400,2026-05-27 04:00:00,2026-05-27 06:00:00,fyn,9.28667,39.02,6.24333,0.0,1022.0,84.3867,8.33333
1779858000,2026-05-27 05:00:00,2026-05-27 07:00:00,fyn,9.85333,156.42,6.18667,0.0,1022.31,81.5633,6.66667
1779861600,2026-05-27 06:00:00,2026-05-27 08:00:00,fyn,10.71,291.41,5.99,0.0,1022.51,77.2133,10.0
1779865200,2026-05-27 07:00:00,2026-05-27 09:00:00,fyn,11.8967,444.48,6.23333,0.0,1022.83,71.72,1.66667
1779868800,2026-05-27 08:00:00,2026-05-27 10:00:00,fyn,13.1667,592.06,5.20667,0.0,1023.02,65.4467,3.33333
1779872400,2026-05-27 09:00:00,2026-05-27 11:00:00,fyn,14.3533,720.21,4.76667,0.0,1023.04,58.8867,1.66667
1779876000,2026-05-27 10:00:00,2026-05-27 12:00:00,fyn,15.41,810.08,4.46,0.0,1023.02,55.27,8.33333
1779879600,2026-05-27 11:00:00,2026-05-27 13:00:00,fyn,16.4567,862.69,4.51667,0.0,1022.83,51.6367,10.0
1779883200,2026-05-27 12:00:00,2026-05-27 14:00:00,fyn,17.2667,874.58,5.01,0.0,1022.74,47.5667,10.0
1779886800,2026-05-27 13:00:00,2026-05-27 15:00:00,fyn,17.9567,846.6,5.29667,0.0,1022.44,45.3067,5.0
1779890400,2026-05-27 14:00:00,2026-05-27 16:00:00,fyn,17.87,741.18,6.1475,0.0,1022.35,42.5675,1.66667
1779894000,2026-05-27 15:00:00,2026-05-27 17:00:00,fyn,17.3175,583.57,6.73,0.0,1022.14,42.1425,0.0
1779897600,2026-05-27 16:00:00,2026-05-27 18:00:00,fyn,16.75,531.18,6.61,0.0,1021.92,46.0875,8.33333
1779901200,2026-05-27 17:00:00,2026-05-27 19:00:00,fyn,15.795,377.66,6.65,0.0,1021.8,50.4825,5.0
1779904800,2026-05-27 18:00:00,2026-05-27 20:00:00,fyn,14.55,223.835,6.075,0.0,1021.69,56.81,10.0
1779908400,2026-05-27 19:00:00,2026-05-27 21:00:00,fyn,13.1525,95.91,5.645,0.0,1021.7,62.6075,10.0
1779912000,2026-05-27 20:00:00,2026-05-27 22:00:00,fyn,11.495,12.735,5.0625,0.0,1021.98,68.7325,3.33333
1779915600,2026-05-27 21:00:00,2026-05-27 23:00:00,fyn,10.15,0.0,4.335,0.0,1022.14,75.41,6.66667
1779919200,2026-05-27 22:00:00,2026-05-28 00:00:00,fyn,9.15,0.0,4.1225,0.0,1021.99,81.0675,0.0
1779922800,2026-05-27 23:00:00,2026-05-28 01:00:00,fyn,8.5475,0.0,3.93,0.0,1021.73,84.9525,0.0
1779926400,2026-05-28 00:00:00,2026-05-28 02:00:00,fyn,7.92,0.0,3.69,0.0,1021.5,88.45,3.33333
1779930000,2026-05-28 01:00:00,2026-05-28 03:00:00,fyn,7.4175,0.0,3.4125,0.0,1021.46,91.18,6.66667
1779933600,2026-05-28 02:00:00,2026-05-28 04:00:00,fyn,6.87,0.0,3.4325,0.0,1021.4,93.0525,8.33333
1779937200,2026-05-28 03:00:00,2026-05-28 05:00:00,fyn,6.615,0.715,3.285,0.0,1021.46,94.125,5.0
1779940800,2026-05-28 04:00:00,2026-05-28 06:00:00,fyn,6.79,35.515,3.1475,0.0,1021.63,94.19,6.66667
1779944400,2026-05-28 05:00:00,2026-05-28 07:00:00,fyn,8.145,140.79,2.94,0.0,1021.91,92.505,6.66667
1779948000,2026-05-28 06:00:00,2026-05-28 08:00:00,fyn,10.0875,284.965,3.5025,0.0,1022.32,87.7175,5.0
1779951600,2026-05-28 07:00:00,2026-05-28 09:00:00,fyn,11.9825,443.645,3.2275,0.0,1022.58,79.8325,0.0
1779955200,2026-05-28 08:00:00,2026-05-28 10:00:00,fyn,13.6375,584.135,2.785,0.0,1022.72,72.5425,0.0
1779958800,2026-05-28 09:00:00,2026-05-28 11:00:00,fyn,15.38,703.565,2.7475,0.0,1022.67,64.685,5.0
1779962400,2026-05-28 10:00:00,2026-05-28 12:00:00,fyn,16.865,790.26,2.6475,0.0,1022.56,55.7525,0.0
1779966000,2026-05-28 11:00:00,2026-05-28 13:00:00,fyn,18.1175,856.205,2.5625,0.0,1022.49,47.9875,0.0
1779969600,2026-05-28 12:00:00,2026-05-28 14:00:00,fyn,18.8775,869.625,2.4425,0.0,1022.41,42.75,0.0
1779973200,2026-05-28 13:00:00,2026-05-28 15:00:00,fyn,19.3,839.17,2.3225,0.0,1022.13,42.2175,21.6667
1779976800,2026-05-28 14:00:00,2026-05-28 16:00:00,fyn,19.875,758.02,2.2275,0.0,1021.84,40.545,3.33333
1779980400,2026-05-28 15:00:00,2026-05-28 17:00:00,fyn,20.39,649.21,2.49,0.0,1021.62,39.8575,0.0
1779984000,2026-05-28 16:00:00,2026-05-28 18:00:00,fyn,19.83,518.285,3.09,0.0,1021.21,46.0225,0.0
1779987600,2026-05-28 17:00:00,2026-05-28 19:00:00,fyn,19.26,371.665,3.4125,0.0,1021.08,51.13,0.0
1779991200,2026-05-28 18:00:00,2026-05-28 20:00:00,fyn,18.3125,228.35,3.5625,0.0,1021.1,54.27,6.66667
1779994800,2026-05-28 19:00:00,2026-05-28 21:00:00,fyn,17.1225,97.545,2.395,0.0,1021.25,58.845,35.0
1779998400,2026-05-28 20:00:00,2026-05-28 22:00:00,fyn,15.655,14.69,2.0575,0.0,1021.48,61.7925,10.0
1780002000,2026-05-28 21:00:00,2026-05-28 23:00:00,fyn,13.5775,0.0,2.0275,0.0,1021.51,71.2625,8.33333
1780005600,2026-05-28 22:00:00,2026-05-29 00:00:00,fyn,11.8125,0.0,1.91,0.0,1021.32,77.89,6.66667
1780009200,2026-05-28 23:00:00,2026-05-29 01:00:00,fyn,10.73,0.0,1.4075,0.0,1021.0,83.0375,10.0
1780012800,2026-05-29 00:00:00,2026-05-29 02:00:00,fyn,9.42,0.0,1.47,0.0,1020.86,87.5875,3.33333
1780016400,2026-05-29 01:00:00,2026-05-29 03:00:00,fyn,8.795,0.0,1.11,0.0,1020.65,89.1725,3.33333
1780020000,2026-05-29 02:00:00,2026-05-29 04:00:00,fyn,8.3525,0.0,0.79,0.0,1020.56,91.0375,5.0
1780023600,2026-05-29 03:00:00,2026-05-29 05:00:00,fyn,7.285,0.845,0.7975,0.0,1020.24,93.975,5.0
1780027200,2026-05-29 04:00:00,2026-05-29 06:00:00,fyn,7.425,38.99,1.565,0.0,1020.05,94.1925,8.33333
1780030800,2026-05-29 05:00:00,2026-05-29 07:00:00,fyn,10.0825,149.5,1.62,0.0,1019.93,90.7175,5.0
1780034400,2026-05-29 06:00:00,2026-05-29 08:00:00,fyn,13.2625,290.74,2.8075,0.0,1019.8,76.505,8.33333
1780038000,2026-05-29 07:00:00,2026-05-29 09:00:00,fyn,15.265,435.565,4.435,0.0,1019.5,67.89,5.0
1780041600,2026-05-29 08:00:00,2026-05-29 10:00:00,fyn,16.75,572.465,4.125,0.0,1018.91,59.4075,20.0
1780045200,2026-05-29 09:00:00,2026-05-29 11:00:00,fyn,17.8475,393.57,3.3875,0.0,1018.47,52.025,76.6667
1780048800,2026-05-29 10:00:00,2026-05-29 12:00:00,fyn,18.6925,487.815,4.0375,0.0,1018.12,50.3425,33.3333
1780052400,2026-05-29 11:00:00,2026-05-29 13:00:00,fyn,19.5875,449.395,5.185,0.0,1017.65,55.8125,43.3333
1780056000,2026-05-29 12:00:00,2026-05-29 14:00:00,fyn,20.7025,731.97,5.7775,0.0,1016.71,55.4625,36.6667
1780059600,2026-05-29 13:00:00,2026-05-29 15:00:00,fyn,21.9125,708.195,6.465,0.0,1015.86,52.715,13.3333
1780063200,2026-05-29 14:00:00,2026-05-29 16:00:00,fyn,22.305,596.57,6.9675,0.0,1015.61,52.2775,3.33333
1780066800,2026-05-29 15:00:00,2026-05-29 17:00:00,fyn,22.08,519.95,6.72,0.0,1015.18,54.05,0.0
1780070400,2026-05-29 16:00:00,2026-05-29 18:00:00,fyn,21.465,435.115,5.6,0.0,1014.85,57.0225,45.0
1780074000,2026-05-29 17:00:00,2026-05-29 19:00:00,fyn,20.76,318.07,5.795,0.0,1014.68,61.9425,10.0
1780077600,2026-05-29 18:00:00,2026-05-29 20:00:00,fyn,19.6125,197.085,5.1775,0.0,1014.44,66.11,10.0
1780081200,2026-05-29 19:00:00,2026-05-29 21:00:00,fyn,18.3325,93.525,4.65,0.0,1014.74,70.4475,13.3333
1780084800,2026-05-29 20:00:00,2026-05-29 22:00:00,fyn,16.55,13.045,3.6475,0.0,1015.41,77.365,85.0
1780088400,2026-05-29 21:00:00,2026-05-29 23:00:00,fyn,15.8725,0.025,4.49,0.0,1015.69,80.15,90.0
1780092000,2026-05-29 22:00:00,2026-05-30 00:00:00,fyn,14.83,0.0,4.6375,0.0,1015.31,82.875,86.6667
1780095600,2026-05-29 23:00:00,2026-05-30 01:00:00,fyn,13.635,0.0,3.8275,0.0,1015.13,88.6025,13.3333
1780099200,2026-05-30 00:00:00,2026-05-30 02:00:00,fyn,12.715,0.0,3.5425,0.0,1015.07,92.2725,10.0
1780102800,2026-05-30 01:00:00,2026-05-30 03:00:00,fyn,11.9125,0.0,3.6075,0.0,1015.02,94.5975,10.0
1780106400,2026-05-30 02:00:00,2026-05-30 04:00:00,fyn,11.7675,0.0,3.62,0.0,1014.81,96.0375,15.0
1780110000,2026-05-30 03:00:00,2026-05-30 05:00:00,fyn,11.92,0.51,3.78,0.0,1014.45,96.2075,58.3333
1780113600,2026-05-30 04:00:00,2026-05-30 06:00:00,fyn,12.5725,16.45,4.0775,0.0,1014.23,95.12,48.3333
1780117200,2026-05-30 05:00:00,2026-05-30 07:00:00,fyn,13.4425,78.765,4.67,0.0,1014.21,92.0325,35.0
1780120800,2026-05-30 06:00:00,2026-05-30 08:00:00,fyn,14.31,220.65,5.74,0.0,1014.28,87.47,66.6667
1780124400,2026-05-30 07:00:00,2026-05-30 09:00:00,fyn,15.1075,234.43,5.5375,0.0,1014.47,82.785,95.0
1780128000,2026-05-30 08:00:00,2026-05-30 10:00:00,fyn,15.71,330.685,6.08,0.0,1014.59,78.7725,95.0
1780131600,2026-05-30 09:00:00,2026-05-30 11:00:00,fyn,16.335,375.53,5.83,0.0,1014.58,75.1725,91.6667
1780135200,2026-05-30 10:00:00,2026-05-30 12:00:00,fyn,16.8475,325.13,5.8975,0.0,1014.6,71.7875,90.0
1780138800,2026-05-30 11:00:00,2026-05-30 13:00:00,fyn,17.0475,257.985,5.8425,0.0,1014.69,68.98,96.6667
1780142400,2026-05-30 12:00:00,2026-05-30 14:00:00,fyn,17.2,299.59,6.245,0.0,1014.5,65.6225,91.6667
1780146000,2026-05-30 13:00:00,2026-05-30 15:00:00,fyn,17.29,276.9,6.485,0.0,1014.45,64.66,91.6667
1780149600,2026-05-30 14:00:00,2026-05-30 16:00:00,fyn,17.1375,309.395,6.515,0.0,1014.35,66.1225,93.3333
1780153200,2026-05-30 15:00:00,2026-05-30 17:00:00,fyn,16.7775,240.04,6.7525,0.0,1014.2,67.0125,91.6667
1780156800,2026-05-30 16:00:00,2026-05-30 18:00:00,fyn,16.4,207.21,6.7725,0.0,1014.0,68.725,93.3333
1780160400,2026-05-30 17:00:00,2026-05-30 19:00:00,fyn,15.62,112.35,6.43,,1013.75,72.78,93.3333
1780164000,2026-05-30 18:00:00,2026-05-30 20:00:00,fyn,15.095,74.015,6.03,0.0,1013.35,74.365,98.3333
1780167600,2026-05-30 19:00:00,2026-05-30 21:00:00,fyn,14.6175,42.86,5.475,0.0,1013.08,75.5,93.3333
1780171200,2026-05-30 20:00:00,2026-05-30 22:00:00,fyn,13.975,7.255,4.59,0.0,1013.12,76.6225,93.3333
1780174800,2026-05-30 21:00:00,2026-05-30 23:00:00,fyn,13.4175,0.0,4.69,0.0,1013.0,78.92,96.6667
1780178400,2026-05-30 22:00:00,2026-05-31 00:00:00,fyn,13.015,0.0,4.3075,0.0,1012.7,82.155,93.3333
1780182000,2026-05-30 23:00:00,2026-05-31 01:00:00,fyn,12.67,0.0,4.0125,0.0,1012.3,83.7575,96.6667
1780185600,2026-05-31 00:00:00,2026-05-31 02:00:00,fyn,12.425,0.0,3.765,0.0,1012.07,84.9625,96.6667
1780189200,2026-05-31 01:00:00,2026-05-31 03:00:00,fyn,12.3525,0.0,3.4,0.0,1011.84,84.885,96.6667
1780192800,2026-05-31 02:00:00,2026-05-31 04:00:00,fyn,12.2,0.0,3.1425,0.0,1011.66,85.645,96.6667
1780196400,2026-05-31 03:00:00,2026-05-31 05:00:00,fyn,12.1325,0.255,2.6775,0.0,1011.47,85.605,96.6667
1780200000,2026-05-31 04:00:00,2026-05-31 06:00:00,fyn,12.07,10.33,2.6425,,1011.25,86.875,96.6667
1780203600,2026-05-31 05:00:00,2026-05-31 07:00:00,fyn,12.08,27.65,2.94,0.0,1011.04,87.0075,98.3333
1780207200,2026-05-31 06:00:00,2026-05-31 08:00:00,fyn,12.1275,43.14,2.7975,0.0,1010.87,87.3925,98.3333
1780210800,2026-05-31 07:00:00,2026-05-31 09:00:00,fyn,12.2225,81.13,3.2775,0.0,1010.65,87.31,98.3333
1780214400,2026-05-31 08:00:00,2026-05-31 10:00:00,fyn,12.6175,124.24,2.84,,1010.74,83.8325,98.3333
1780218000,2026-05-31 09:00:00,2026-05-31 11:00:00,fyn,12.94,124.42,2.40667,,1010.94,82.88,98.3333
1780221600,2026-05-31 10:00:00,2026-05-31 12:00:00,fyn,12.85,135.225,1.615,,1010.71,84.48,100.0
1780225200,2026-05-31 11:00:00,2026-05-31 13:00:00,fyn,13.3525,180.25,1.84,,1010.56,80.6775,98.3333
1780228800,2026-05-31 12:00:00,2026-05-31 14:00:00,fyn,13.6525,168.805,1.7875,,1010.42,79.61,95.0
1780232400,2026-05-31 13:00:00,2026-05-31 15:00:00,fyn,14.0225,190.82,1.9625,,1010.27,78.215,98.3333
1780236000,2026-05-31 14:00:00,2026-05-31 16:00:00,fyn,14.0275,146.74,2.2225,,1010.22,78.46,98.3333
1780239600,2026-05-31 15:00:00,2026-05-31 17:00:00,fyn,14.05,,2.415,,1009.92,78.9,98.3333
1780243200,2026-05-31 16:00:00,2026-05-31 18:00:00,fyn,14.0325,112.54,2.475,,1010.09,80.0425,96.6667
1780246800,2026-05-31 17:00:00,2026-05-31 19:00:00,fyn,14.01,68.12,2.67,,1010.05,80.66,96.6667
1780250400,2026-05-31 18:00:00,2026-05-31 20:00:00,fyn,13.8375,48.93,2.585,,1010.16,82.04,95.0
1780254000,2026-05-31 19:00:00,2026-05-31 21:00:00,fyn,13.595,22.905,2.415,0.0,1010.31,83.96,91.6667
1780257600,2026-05-31 20:00:00,2026-05-31 22:00:00,fyn,13.39,4.175,1.915,0.0,1010.53,84.965,90.0
1780261200,2026-05-31 21:00:00,2026-05-31 23:00:00,fyn,12.9125,0.085,2.095,0.0,1010.71,84.8975,23.3333
1780264800,2026-05-31 22:00:00,2026-06-01 00:00:00,fyn,12.08,0.0,2.1575,0.0,1010.73,87.92,20.0
1780268400,2026-05-31 23:00:00,2026-06-01 01:00:00,fyn,11.42,0.0,2.14,0.0,1010.71,89.4625,36.6667
1780272000,2026-06-01 00:00:00,2026-06-01 02:00:00,fyn,10.695,0.0,1.8425,0.0,1010.71,91.1525,61.6667
1780275600,2026-06-01 01:00:00,2026-06-01 03:00:00,fyn,10.5025,0.0,1.075,0.0,1010.84,92.48,96.6667
1780279200,2026-06-01 02:00:00,2026-06-01 04:00:00,fyn,10.675,0.0,1.1875,0.0,1010.98,94.9675,98.3333
1780282800,2026-06-01 03:00:00,2026-06-01 05:00:00,fyn,10.53,1.565,1.275,0.0,1011.19,95.53,98.3333
1780286400,2026-06-01 04:00:00,2026-06-01 06:00:00,fyn,10.2475,35.205,0.9375,0.0,1011.33,96.515,75.0
1780290000,2026-06-01 05:00:00,2026-06-01 07:00:00,fyn,11.085,103.015,0.66,0.0,1011.5,95.585,63.3333
1780293600,2026-06-01 06:00:00,2026-06-01 08:00:00,fyn,12.495,223.07,0.9675,0.0,1011.71,89.9425,40.0
1780297200,2026-06-01 07:00:00,2026-06-01 09:00:00,fyn,13.57,319.625,2.105,0.0,1011.7,83.485,11.6667
1780300800,2026-06-01 08:00:00,2026-06-01 10:00:00,fyn,14.7125,419.75,2.6,,1011.78,78.9175,41.6667
1780304400,2026-06-01 09:00:00,2026-06-01 11:00:00,fyn,15.5375,470.555,2.89,0.0,1011.73,75.615,35.0
1780308000,2026-06-01 10:00:00,2026-06-01 12:00:00,fyn,16.5275,567.075,2.8575,0.0,1011.79,71.9525,71.6667
1780311600,2026-06-01 11:00:00,2026-06-01 13:00:00,fyn,17.5275,736.66,3.17,0.0,1011.77,67.3725,85.0
1780315200,2026-06-01 12:00:00,2026-06-01 14:00:00,fyn,18.3575,523.465,3.6425,0.0,1011.71,64.535,28.3333
1780318800,2026-06-01 13:00:00,2026-06-01 15:00:00,fyn,18.9675,524.665,3.8575,0.0,1011.58,59.4475,48.3333
1780322400,2026-06-01 14:00:00,2026-06-01 16:00:00,fyn,19.045,548.855,4.4175,0.0,1011.3,59.3575,76.6667
1780326000,2026-06-01 15:00:00,2026-06-01 17:00:00,fyn,19.35,511.415,4.605,0.0,1011.12,58.2925,26.6667
1780329600,2026-06-01 16:00:00,2026-06-01 18:00:00,fyn,19.25,398.35,4.56,0.0,1010.86,57.9075,25.0
1780333200,2026-06-01 17:00:00,2026-06-01 19:00:00,fyn,18.8775,242.855,3.78,0.0,1010.64,58.8275,8.33333
1780336800,2026-06-01 18:00:00,2026-06-01 20:00:00,fyn,18.235,160.61,3.53,0.0,1010.35,59.8875,3.33333
1780340400,2026-06-01 19:00:00,2026-06-01 21:00:00,fyn,16.895,73.795,2.2375,0.0,1010.32,67.6875,28.3333
1780344000,2026-06-01 20:00:00,2026-06-01 22:00:00,fyn,15.5975,12.19,1.9525,0.0,1010.26,75.6025,36.6667
1780347600,2026-06-01 21:00:00,2026-06-01 23:00:00,fyn,14.1725,0.0,2.12,0.0,1010.1,82.705,85.0
1780351200,2026-06-01 22:00:00,2026-06-02 00:00:00,fyn,14.0775,0.0,2.375,0.0,1009.72,85.125,53.3333
1780354800,2026-06-01 23:00:00,2026-06-02 01:00:00,fyn,14.0375,0.0,2.2675,0.0,1009.35,86.335,80.0
1780358400,2026-06-02 00:00:00,2026-06-02 02:00:00,fyn,14.165,0.0,2.1825,0.0,1008.95,85.675,90.0
1780362000,2026-06-02 01:00:00,2026-06-02 03:00:00,fyn,14.34,0.0,2.5925,0.0,1008.42,83.5225,93.3333
1780365600,2026-06-02 02:00:00,2026-06-02 04:00:00,fyn,14.6275,0.0,3.085,0.0,1007.91,83.0625,90.0
1780369200,2026-06-02 03:00:00,2026-06-02 05:00:00,fyn,15.095,0.245,3.6025,0.0,1007.44,80.1625,93.3333
1780372800,2026-06-02 04:00:00,2026-06-02 06:00:00,fyn,15.21,12.345,3.94,0.0,1007.07,78.245,93.3333
1780376400,2026-06-02 05:00:00,2026-06-02 07:00:00,fyn,15.8,65.81,4.305,0.0,1006.87,73.87,90.0
1780380000,2026-06-02 06:00:00,2026-06-02 08:00:00,fyn,16.6175,89.045,4.5125,0.0,1006.47,69.605,90.0
1780383600,2026-06-02 07:00:00,2026-06-02 09:00:00,fyn,17.4875,165.78,4.66,0.0,1006.2,67.88,90.0
1780387200,2026-06-02 08:00:00,2026-06-02 10:00:00,fyn,18.455,399.635,5.055,0.0,1006.06,65.0775,91.6667
1780390800,2026-06-02 09:00:00,2026-06-02 11:00:00,fyn,19.9225,499.225,5.2125,0.0,1005.72,61.2925,40.0
1780394400,2026-06-02 10:00:00,2026-06-02 12:00:00,fyn,20.9425,623.505,5.915,0.0,1005.41,58.5125,3.33333
1780398000,2026-06-02 11:00:00,2026-06-02 13:00:00,fyn,21.685,718.08,6.09,0.0,1005.05,54.1975,5.0
1780401600,2026-06-02 12:00:00,2026-06-02 14:00:00,fyn,22.1625,665.935,6.4425,0.0,1004.71,52.1775,0.0
1780405200,2026-06-02 13:00:00,2026-06-02 15:00:00,fyn,21.8375,490.105,6.3625,0.0,1004.26,52.3825,6.66667
1780408800,2026-06-02 14:00:00,2026-06-02 16:00:00,fyn,21.7425,469.605,6.1675,0.0,1003.64,51.7575,36.6667
1780412400,2026-06-02 15:00:00,2026-06-02 17:00:00,fyn,21.8025,384.075,5.8725,0.0,1003.08,50.61,10.0
1780416000,2026-06-02 16:00:00,2026-06-02 18:00:00,fyn,21.6425,291.875,5.405,0.0,1002.77,50.255,50.0
1780419600,2026-06-02 17:00:00,2026-06-02 19:00:00,fyn,20.8925,146.005,4.98,0.0,1002.36,56.705,5.0
1780423200,2026-06-02 18:00:00,2026-06-02 20:00:00,fyn,20.595,91.745,4.61,0.0,1002.0,58.535,21.6667
1780426800,2026-06-02 19:00:00,2026-06-02 21:00:00,fyn,20.1025,55.405,4.7775,0.0,1001.86,61.4675,50.0
1780430400,2026-06-02 20:00:00,2026-06-02 22:00:00,fyn,19.105,12.635,5.09,0.0,1001.72,66.8075,58.3333
1780434000,2026-06-02 21:00:00,2026-06-02 23:00:00,fyn,18.03,0.0,4.75,0.0,1001.32,72.43,51.6667
1780437600,2026-06-02 22:00:00,2026-06-03 00:00:00,fyn,17.355,0.0,4.7,0.0,1000.88,75.715,55.0
1780441200,2026-06-02 23:00:00,2026-06-03 01:00:00,fyn,16.935,0.0,4.6275,0.0,1000.61,76.9125,66.6667
1780444800,2026-06-03 00:00:00,2026-06-03 02:00:00,fyn,16.8875,0.0,4.505,0.0,1000.14,76.895,80.0
1780448400,2026-06-03 01:00:00,2026-06-03 03:00:00,fyn,16.7475,0.0,4.2225,0.0,999.97,79.4,58.3333
1780452000,2026-06-03 02:00:00,2026-06-03 04:00:00,fyn,16.38,0.0,3.43,0.0,999.705,83.7,85.0
1780455600,2026-06-03 03:00:00,2026-06-03 05:00:00,fyn,16.0375,0.47,3.0525,0.0,999.578,87.645,85.0
1780459200,2026-06-03 04:00:00,2026-06-03 06:00:00,fyn,15.7175,6.115,2.8125,0.183333,999.727,91.1725,90.0
1780462800,2026-06-03 05:00:00,2026-06-03 07:00:00,fyn,15.5275,28.04,2.595,0.846667,999.902,93.4975,90.0
1780466400,2026-06-03 06:00:00,2026-06-03 08:00:00,fyn,15.43,35.245,3.635,0.29,1000.13,95.56,90.0
1780470000,2026-06-03 07:00:00,2026-06-03 09:00:00,fyn,15.2375,73.14,3.5,0.916667,1000.58,95.5925,91.6667
1780473600,2026-06-03 08:00:00,2026-06-03 10:00:00,fyn,15.28,155.995,4.155,0.586667,1001.08,94.0875,90.0
1780477200,2026-06-03 09:00:00,2026-06-03 11:00:00,fyn,15.7925,251.61,4.3025,0.0,1001.34,90.19,90.0
1780480800,2026-06-03 10:00:00,2026-06-03 12:00:00,fyn,16.6525,353.87,4.4025,0.0,1001.49,86.5025,80.0
1780484400,2026-06-03 11:00:00,2026-06-03 13:00:00,fyn,17.2975,310.675,5.065,0.0,1001.62,82.0025,70.0
1780488000,2026-06-03 12:00:00,2026-06-03 14:00:00,fyn,17.155,164.81,5.05,0.0,1001.78,82.485,90.0
1780491600,2026-06-03 13:00:00,2026-06-03 15:00:00,fyn,17.5,451.74,4.7825,0.686667,1001.75,82.705,90.0
1780495200,2026-06-03 14:00:00,2026-06-03 16:00:00,fyn,18.26,584.27,4.9575,0.0,1001.5,77.43,66.6667
1780498800,2026-06-03 15:00:00,2026-06-03 17:00:00,fyn,18.965,533.635,5.05,0.0,1001.28,71.8375,20.0
1780502400,2026-06-03 16:00:00,2026-06-03 18:00:00,fyn,18.6475,353.47,4.7925,0.0,1001.27,71.715,20.0
1780506000,2026-06-03 17:00:00,2026-06-03 19:00:00,fyn,18.375,329.84,5.165,0.0,1001.16,71.1,35.0
1780509600,2026-06-03 18:00:00,2026-06-03 20:00:00,fyn,18.1275,271.89,5.1475,0.0866667,1001.23,71.0825,73.3333
1780513200,2026-06-03 19:00:00,2026-06-03 21:00:00,fyn,16.415,84.49,4.4175,0.0,1001.09,77.31,20.0
1780516800,2026-06-03 20:00:00,2026-06-03 22:00:00,fyn,15.415,15.36,3.2425,0.0,1000.88,84.2525,41.6667
1780520400,2026-06-03 21:00:00,2026-06-03 23:00:00,fyn,14.63,0.075,3.1825,0.0,1000.39,87.795,85.0
1780524000,2026-06-03 22:00:00,2026-06-04 00:00:00,fyn,14.485,0.0,3.615,0.0,999.815,89.2425,76.6667
1780527600,2026-06-03 23:00:00,2026-06-04 01:00:00,fyn,14.6525,0.0,4.4975,0.0,999.026,89.2675,93.3333
1780531200,2026-06-04 00:00:00,2026-06-04 02:00:00,fyn,15.0175,0.0,5.02,0.0,998.258,87.1275,58.3333
1780534800,2026-06-04 01:00:00,2026-06-04 03:00:00,fyn,15.0575,0.0,5.355,0.0,997.494,85.2725,93.3333
1780538400,2026-06-04 02:00:00,2026-06-04 04:00:00,fyn,15.1625,0.0,5.7725,0.0,996.86,84.91,85.0
1780542000,2026-06-04 03:00:00,2026-06-04 05:00:00,fyn,15.27,0.04,5.975,0.0,996.668,84.3075,91.6667
1780545600,2026-06-04 04:00:00,2026-06-04 06:00:00,fyn,15.265,5.685,6.2625,0.04,996.445,84.085,85.0
1780549200,2026-06-04 05:00:00,2026-06-04 07:00:00,fyn,15.345,45.795,6.44,0.0,996.414,84.15,85.0
1780552800,2026-06-04 06:00:00,2026-06-04 08:00:00,fyn,15.4525,120.315,6.615,0.0,996.414,84.9025,93.3333
1780556400,2026-06-04 07:00:00,2026-06-04 09:00:00,fyn,15.745,278.535,7.0275,0.0,996.291,84.325,63.3333
1780560000,2026-06-04 08:00:00,2026-06-04 10:00:00,fyn,16.4325,391.505,7.03,0.0,996.32,81.495,53.3333
1780563600,2026-06-04 09:00:00,2026-06-04 11:00:00,fyn,16.8225,355.72,7.2625,0.0,996.328,78.875,53.3333
1780567200,2026-06-04 10:00:00,2026-06-04 12:00:00,fyn,17.02,351.71,6.4175,0.436667,996.562,76.9775,90.0
1780570800,2026-06-04 11:00:00,2026-06-04 13:00:00,fyn,16.8575,246.5,5.4625,0.0366667,996.595,76.845,43.3333
1780574400,2026-06-04 12:00:00,2026-06-04 14:00:00,fyn,17.0925,337.98,6.7525,0.03,996.565,72.965,20.0
1780578000,2026-06-04 13:00:00,2026-06-04 15:00:00,fyn,17.295,415.69,6.77,0.0,996.387,72.4825,25.0
1780581600,2026-06-04 14:00:00,2026-06-04 16:00:00,fyn,17.34,357.105,6.22,0.0333333,996.22,75.355,53.3333
1780585200,2026-06-04 15:00:00,2026-06-04 17:00:00,fyn,17.165,312.86,6.505,0.163333,996.127,75.6825,65.0
1780588800,2026-06-04 16:00:00,2026-06-04 18:00:00,fyn,16.345,144.03,5.9,1.22,996.425,79.21,46.6667
1780592400,2026-06-04 17:00:00,2026-06-04 19:00:00,fyn,14.6525,57.105,4.535,2.31333,996.163,85.1775,71.6667
1780596000,2026-06-04 18:00:00,2026-06-04 20:00:00,fyn,14.305,97.53,4.155,0.176667,996.584,86.625,58.3333
1780599600,2026-06-04 19:00:00,2026-06-04 21:00:00,fyn,14.2925,69.14,4.4475,0.0,997.02,87.045,90.0
1780603200,2026-06-04 20:00:00,2026-06-04 22:00:00,fyn,13.8875,11.235,3.6175,0.0,997.185,88.405,20.0
1780606800,2026-06-04 21:00:00,2026-06-04 23:00:00,fyn,13.2475,0.11,3.74,0.0,997.523,91.5525,76.6667
1780610400,2026-06-04 22:00:00,2026-06-05 00:00:00,fyn,13.165,0.0,4.695,0.106667,997.665,91.7825,81.6667
1780614000,2026-06-04 23:00:00,2026-06-05 01:00:00,fyn,13.0075,0.0,5.07,0.0,998.071,91.1175,20.0
1780617600,2026-06-05 00:00:00,2026-06-05 02:00:00,fyn,12.5925,0.0,5.2925,0.0,998.45,91.4125,21.6667
1780621200,2026-06-05 01:00:00,2026-06-05 03:00:00,fyn,12.4275,0.0,5.12,0.313333,998.798,92.105,68.3333
1780624800,2026-06-05 02:00:00,2026-06-05 04:00:00,fyn,12.545,0.0,4.895,0.23,999.054,93.165,15.0
1780628400,2026-06-05 03:00:00,2026-06-05 05:00:00,fyn,12.425,0.535,4.945,0.0,999.718,94.08,61.6667
1780632000,2026-06-05 04:00:00,2026-06-05 06:00:00,fyn,12.8,21.245,4.55,0.0,1000.41,93.9375,20.0
1780635600,2026-06-05 05:00:00,2026-06-05 07:00:00,fyn,13.2475,88.975,4.7475,0.0,1001.0,92.9125,15.0
1780639200,2026-06-05 06:00:00,2026-06-05 08:00:00,fyn,14.335,227.28,5.64,0.0,1001.76,89.0875,50.0
1780642800,2026-06-05 07:00:00,2026-06-05 09:00:00,fyn,15.4367,357.33,6.79,0.0,1002.71,85.0167,58.3333
1780646400,2026-06-05 08:00:00,2026-06-05 10:00:00,fyn,16.0375,342.285,6.295,0.0,1003.27,81.165,35.0
1780650000,2026-06-05 09:00:00,2026-06-05 11:00:00,fyn,16.64,457.685,6.9575,0.0,1003.78,77.4875,50.0
1780653600,2026-06-05 10:00:00,2026-06-05 12:00:00,fyn,16.815,460.755,7.075,0.333333,1004.38,75.2625,56.6667
1780657200,2026-06-05 11:00:00,2026-06-05 13:00:00,fyn,17.21,578.025,7.3825,0.0,1005.13,70.535,45.0
1780660800,2026-06-05 12:00:00,2026-06-05 14:00:00,fyn,17.395,495.91,7.015,0.0,1005.78,68.07,43.3333
1780664400,2026-06-05 13:00:00,2026-06-05 15:00:00,fyn,17.93,848.51,6.9,0.0,1006.41,64.4975,25.0
1780668000,2026-06-05 14:00:00,2026-06-05 16:00:00,fyn,17.855,615.455,6.4975,0.0,1007.1,64.46,10.0
1780671600,2026-06-05 15:00:00,2026-06-05 17:00:00,fyn,17.77,518.995,6.72,0.0,1007.78,63.4125,10.0
1780675200,2026-06-05 16:00:00,2026-06-05 18:00:00,fyn,17.26,410.09,6.445,0.0,1008.52,64.42,8.33333
1780678800,2026-06-05 17:00:00,2026-06-05 19:00:00,fyn,16.6425,252.74,5.9025,0.0,1009.19,66.77,0.0
1780682400,2026-06-05 18:00:00,2026-06-05 20:00:00,fyn,16.05,142.49,5.3975,0.0,1009.76,69.2525,0.0
1780686000,2026-06-05 19:00:00,2026-06-05 21:00:00,fyn,15.1325,51.86,4.7775,0.0,1010.39,72.6475,3.33333
1780689600,2026-06-05 20:00:00,2026-06-05 22:00:00,fyn,14.2,21.435,4.0075,0.0,1010.91,76.9625,3.33333
1780693200,2026-06-05 21:00:00,2026-06-05 23:00:00,fyn,12.8525,0.195,3.3625,0.0,1011.39,82.7575,10.0
1780696800,2026-06-05 22:00:00,2026-06-06 00:00:00,fyn,11.605,0.0,2.86,0.0,1011.74,86.625,10.0
1780700400,2026-06-05 23:00:00,2026-06-06 01:00:00,fyn,10.9775,0.0,2.38,0.0,1011.98,89.14,30.0
1780704000,2026-06-06 00:00:00,2026-06-06 02:00:00,fyn,10.3675,0.0,2.2425,0.0,1012.36,91.4375,3.33333
1780707600,2026-06-06 01:00:00,2026-06-06 03:00:00,fyn,9.8375,0.0,2.35,0.0,1012.78,92.7025,0.0
1780711200,2026-06-06 02:00:00,2026-06-06 04:00:00,fyn,9.3525,0.0,2.0725,0.0,1012.96,94.04,0.0
1780714800,2026-06-06 03:00:00,2026-06-06 05:00:00,fyn,9.1225,1.94,1.61,0.0,1013.08,94.4375,0.0
1780718400,2026-06-06 04:00:00,2026-06-06 06:00:00,fyn,8.97,41.225,1.38,0.0,1013.17,94.73,0.0
1780722000,2026-06-06 05:00:00,2026-06-06 07:00:00,fyn,10.5025,156.155,1.075,0.0,1013.28,93.765,0.0
1780725600,2026-06-06 06:00:00,2026-06-06 08:00:00,fyn,12.485,280.85,1.3175,0.0,1013.43,86.9425,23.3333
1780729200,2026-06-06 07:00:00,2026-06-06 09:00:00,fyn,13.8575,384.27,1.7625,0.0,1013.54,77.345,41.6667
1780732800,2026-06-06 08:00:00,2026-06-06 10:00:00,fyn,14.9575,565.26,2.715,0.0,1013.54,69.6875,41.6667
1780736400,2026-06-06 09:00:00,2026-06-06 11:00:00,fyn,15.865,554.48,2.6625,0.0,1013.48,66.37,50.0
1780740000,2026-06-06 10:00:00,2026-06-06 12:00:00,fyn,16.3475,421.995,3.0225,0.0,1013.46,65.74,90.0
1780743600,2026-06-06 11:00:00,2026-06-06 13:00:00,fyn,17.05,651.775,3.3275,0.0,1013.46,64.37,90.0
1780747200,2026-06-06 12:00:00,2026-06-06 14:00:00,fyn,17.6325,670.11,3.2325,0.0,1013.08,61.8725,45.0
1780750800,2026-06-06 13:00:00,2026-06-06 15:00:00,fyn,18.175,694.625,3.9575,0.0,1012.88,62.4375,85.0
1780754400,2026-06-06 14:00:00,2026-06-06 16:00:00,fyn,18.4275,478.65,3.745,0.0,1012.62,60.88,61.6667
1780758000,2026-06-06 15:00:00,2026-06-06 17:00:00,fyn,18.765,439.81,4.2,0.0,1012.34,56.7575,85.0
1780761600,2026-06-06 16:00:00,2026-06-06 18:00:00,fyn,18.41,310.625,4.1725,0.0,1012.14,59.9525,53.3333
1780765200,2026-06-06 17:00:00,2026-06-06 19:00:00,fyn,17.975,174.91,4.2325,0.0,1011.97,62.46,16.6667
1780768800,2026-06-06 18:00:00,2026-06-06 20:00:00,fyn,17.59,56.125,3.14,0.0,1012.02,65.67,80.0
1780772400,2026-06-06 19:00:00,2026-06-06 21:00:00,fyn,16.5525,23.135,3.465,0.763333,1012.15,72.8725,93.3333
1780776000,2026-06-06 20:00:00,2026-06-06 22:00:00,fyn,14.8975,4.065,2.9575,1.34667,1012.02,84.005,90.0
1780779600,2026-06-06 21:00:00,2026-06-06 23:00:00,fyn,14.3275,0.0,2.735,0.0766667,1011.81,88.1175,80.0
1780783200,2026-06-06 22:00:00,2026-06-07 00:00:00,fyn,14.03,0.0,2.635,0.0,1011.59,89.98,70.0
1780786800,2026-06-06 23:00:00,2026-06-07 01:00:00,fyn,13.81,0.0,2.23,0.0,1011.35,92.6825,85.0
1780790400,2026-06-07 00:00:00,2026-06-07 02:00:00,fyn,13.8725,0.0,2.1675,0.0333333,1011.15,94.5325,93.3333
1780794000,2026-06-07 01:00:00,2026-06-07 03:00:00,fyn,14.0425,0.0,2.1925,0.04,1011.0,94.5025,96.6667
1780797600,2026-06-07 02:00:00,2026-06-07 04:00:00,fyn,14.185,0.0,2.3075,0.0,1010.89,95.085,93.3333
1780801200,2026-06-07 03:00:00,2026-06-07 05:00:00,fyn,14.32,0.11,2.6025,0.193333,1010.8,94.1275,93.3333
1780804800,2026-06-07 04:00:00,2026-06-07 06:00:00,fyn,14.235,7.925,2.445,0.33,1010.94,94.72,63.3333
1780808400,2026-06-07 05:00:00,2026-06-07 07:00:00,fyn,14.3825,68.075,2.805,0.106667,1011.07,94.2525,31.6667
1780812000,2026-06-07 06:00:00,2026-06-07 08:00:00,fyn,15.095,210.24,3.47,0.0,1011.23,91.075,50.0
1780815600,2026-06-07 07:00:00,2026-06-07 09:00:00,fyn,16.045,330.38,4.1925,0.0,1011.39,86.7825,48.3333
1780819200,2026-06-07 08:00:00,2026-06-07 10:00:00,fyn,16.5275,362.39,4.435,0.0,1011.63,82.65,70.0
1780822800,2026-06-07 09:00:00,2026-06-07 11:00:00,fyn,16.62,443.075,4.8025,0.0,1011.82,80.6875,90.0
1780826400,2026-06-07 10:00:00,2026-06-07 12:00:00,fyn,16.79,332.745,5.345,1.42,1012.16,78.6525,75.0
1780830000,2026-06-07 11:00:00,2026-06-07 13:00:00,fyn,16.3375,228.985,5.1225,0.266667,1012.41,81.91,90.0
1780833600,2026-06-07 12:00:00,2026-06-07 14:00:00,fyn,16.475,234.115,4.7675,0.05,1012.49,81.09,90.0
1780837200,2026-06-07 13:00:00,2026-06-07 15:00:00,fyn,16.02,255.545,5.075,1.26667,1012.9,85.875,90.0
1780840800,2026-06-07 14:00:00,2026-06-07 16:00:00,fyn,16.005,328.535,5.2925,1.42667,1013.37,86.1875,90.0
1780844400,2026-06-07 15:00:00,2026-06-07 17:00:00,fyn,16.235,340.62,6.1475,1.19333,1013.77,83.8525,85.0
1780848000,2026-06-07 16:00:00,2026-06-07 18:00:00,fyn,16.4175,307.625,6.6625,0.0,1013.99,78.6275,85.0
1780851600,2026-06-07 17:00:00,2026-06-07 19:00:00,fyn,16.135,149.885,6.595,0.0,1014.47,78.975,75.0
1780855200,2026-06-07 18:00:00,2026-06-07 20:00:00,fyn,15.575,78.78,6.76,0.0,1015.03,80.9425,91.6667
1780858800,2026-06-07 19:00:00,2026-06-07 21:00:00,fyn,15.0175,22.97,6.5475,0.0,1015.58,82.27,93.3333
1780862400,2026-06-07 20:00:00,2026-06-07 22:00:00,fyn,14.5725,5.37,6.27,0.0,1015.94,83.58,96.6667
1780866000,2026-06-07 21:00:00,2026-06-07 23:00:00,fyn,14.075,0.0,5.705,0.0,1016.27,85.87,93.3333
1780869600,2026-06-07 22:00:00,2026-06-08 00:00:00,fyn,13.4975,0.0,4.7525,0.0,1016.35,87.535,30.0
1780873200,2026-06-07 23:00:00,2026-06-08 01:00:00,fyn,12.845,0.0,4.075,0.0,1016.34,90.5175,18.3333
1780876800,2026-06-08 00:00:00,2026-06-08 02:00:00,fyn,12.745,0.0,3.6025,0.0,1016.4,91.44,38.3333
1780880400,2026-06-08 01:00:00,2026-06-08 03:00:00,fyn,12.5875,0.0,3.2525,0.0,1016.25,92.58,91.6667
1780884000,2026-06-08 02:00:00,2026-06-08 04:00:00,fyn,12.475,0.0,2.6225,0.0,1016.17,94.02,95.0
1780887600,2026-06-08 03:00:00,2026-06-08 05:00:00,fyn,12.3775,1.6,2.205,0.0,1016.03,94.2875,93.3333
1780891200,2026-06-08 04:00:00,2026-06-08 06:00:00,fyn,12.5475,41.3,2.2425,0.0,1015.95,94.5025,33.3333
1780894800,2026-06-08 05:00:00,2026-06-08 07:00:00,fyn,13.09,104.835,2.815,0.0,1015.92,94.065,15.0
1780898400,2026-06-08 06:00:00,2026-06-08 08:00:00,fyn,13.96,179.645,2.835,0.0,1015.74,90.8,41.6667
1780902000,2026-06-08 07:00:00,2026-06-08 09:00:00,fyn,14.96,327.59,3.6825,0.0,1015.57,85.9575,76.6667
1780905600,2026-06-08 08:00:00,2026-06-08 10:00:00,fyn,15.7575,376.81,3.9275,0.0,1015.32,82.3175,68.3333
1780909200,2026-06-08 09:00:00,2026-06-08 11:00:00,fyn,16.4833,319.56,4.3475,0.0,1014.95,78.17,71.6667
1780912800,2026-06-08 10:00:00,2026-06-08 12:00:00,fyn,16.8,409.23,4.3325,,1014.6,75.9625,90.0
1780916400,2026-06-08 11:00:00,2026-06-08 13:00:00,fyn,17.03,266.985,4.655,0.0,1014.17,75.5125,91.6667
1780920000,2026-06-08 12:00:00,2026-06-08 14:00:00,fyn,17.0975,255.58,4.5925,,1013.66,74.905,78.3333
1780923600,2026-06-08 13:00:00,2026-06-08 15:00:00,fyn,17.1475,224.3,4.4275,0.0,1012.98,74.7125,45.0
1780927200,2026-06-08 14:00:00,2026-06-08 16:00:00,fyn,17.485,229.815,4.46,0.0,1012.63,73.33,81.6667
1780930800,2026-06-08 15:00:00,2026-06-08 17:00:00,fyn,17.4125,181.575,4.2725,0.0,1011.95,73.7725,80.0
1780934400,2026-06-08 16:00:00,2026-06-08 18:00:00,fyn,17.315,113.055,4.1675,0.0,1011.27,74.7525,30.0
1780938000,2026-06-08 17:00:00,2026-06-08 19:00:00,fyn,17.0467,95.09,4.1975,0.0,1010.63,77.2867,5.0
1780941600,2026-06-08 18:00:00,2026-06-08 20:00:00,fyn,17.0533,100.965,4.02,0.0,1009.66,77.1833,30.0
1780945200,2026-06-08 19:00:00,2026-06-08 21:00:00,fyn,16.79,32.515,3.7575,0.0,1008.8,78.4233,15.0
1780948800,2026-06-08 20:00:00,2026-06-08 22:00:00,fyn,16.3867,3.65,3.9675,0.0,1008.01,80.4033,56.6667
1780952400,2026-06-08 21:00:00,2026-06-08 23:00:00,fyn,16.26,0.0,4.47,0.0,1007.09,82.5933,65.0
1780956000,2026-06-08 22:00:00,2026-06-09 00:00:00,fyn,16.2433,0.0,4.575,0.0,1006.26,84.6667,90.0
1780959600,2026-06-08 23:00:00,2026-06-09 01:00:00,fyn,16.0867,0.0,4.405,0.0,1005.22,86.43,40.0
1780963200,2026-06-09 00:00:00,2026-06-09 02:00:00,fyn,15.73,0.0,3.6975,0.0433333,1003.93,90.1467,53.3333
1780966800,2026-06-09 01:00:00,2026-06-09 03:00:00,fyn,15.7633,0.0,3.885,0.0,1002.78,91.1567,85.0
1780970400,2026-06-09 02:00:00,2026-06-09 04:00:00,fyn,15.4067,0.0,4.57,0.0166667,1002.22,93.0,90.0
1780974000,2026-06-09 03:00:00,2026-06-09 05:00:00,fyn,14.3267,0.0,4.4425,4.96,1002.14,94.68,90.0
1780977600,2026-06-09 04:00:00,2026-06-09 06:00:00,fyn,13.5233,8.185,3.8525,1.82333,1002.31,94.2333,83.3333
1780981200,2026-06-09 05:00:00,2026-06-09 07:00:00,fyn,13.3,40.19,5.33,0.123333,1002.43,92.5433,56.6667
1780984800,2026-06-09 06:00:00,2026-06-09 08:00:00,fyn,13.51,99.48,5.1025,,1002.61,91.5733,46.6667
1780988400,2026-06-09 07:00:00,2026-06-09 09:00:00,fyn,13.6667,136.835,5.3525,0.0433333,1003.03,90.44,85.0
1780992000,2026-06-09 08:00:00,2026-06-09 10:00:00,fyn,13.46,224.88,5.2875,0.286667,1003.48,90.0067,90.0
1780995600,2026-06-09 09:00:00,2026-06-09 11:00:00,fyn,13.9433,352.85,6.18,0.0,1004.02,85.66,71.6667
1780999200,2026-06-09 10:00:00,2026-06-09 12:00:00,fyn,13.8433,313.275,6.4875,0.32,1004.64,86.1333,66.6667
1781002800,2026-06-09 11:00:00,2026-06-09 13:00:00,fyn,14.0333,562.765,7.29,2.51,1005.31,83.6767,85.0
1781006400,2026-06-09 12:00:00,2026-06-09 14:00:00,fyn,14.9667,622.4,8.3575,,1005.87,70.8,90.0
1781010000,2026-06-09 13:00:00,2026-06-09 15:00:00,fyn,15.26,724.76,8.685,0.0,1006.36,63.3733,56.6667
1781013600,2026-06-09 14:00:00,2026-06-09 16:00:00,fyn,15.76,595.06,8.3975,0.0,1006.86,59.07,50.0
1781017200,2026-06-09 15:00:00,2026-06-09 17:00:00,fyn,15.16,550.59,8.32,0.0,1007.27,58.81,61.6667
1781020800,2026-06-09 16:00:00,2026-06-09 18:00:00,fyn,15.3567,465.46,7.285,0.0,1007.54,59.8333,40.0
1781024400,2026-06-09 17:00:00,2026-06-09 19:00:00,fyn,15.3367,287.625,7.2425,0.0,1007.93,61.4267,10.0
1781028000,2026-06-09 18:00:00,2026-06-09 20:00:00,fyn,14.2233,209.77,6.895,0.0,1008.2,65.3867,71.6667
1781031600,2026-06-09 19:00:00,2026-06-09 21:00:00,fyn,13.8933,99.875,5.48,0.0,1008.58,68.4,1.66667
1781035200,2026-06-09 20:00:00,2026-06-09 22:00:00,fyn,12.88,19.9,4.4525,0.0,1008.83,74.75,0.0
1781038800,2026-06-09 21:00:00,2026-06-09 23:00:00,fyn,11.6433,0.105,3.7675,0.0,1008.93,80.8633,3.33333
1781042400,2026-06-09 22:00:00,2026-06-10 00:00:00,fyn,11.0033,0.0,3.4225,0.0,1008.79,82.8833,1.66667
1781046000,2026-06-09 23:00:00,2026-06-10 01:00:00,fyn,10.65,0.0,3.51,0.0,1008.78,85.0333,23.3333
1781049600,2026-06-10 00:00:00,2026-06-10 02:00:00,fyn,10.6633,0.0,4.1225,0.0,1008.65,86.9733,90.0
1781053200,2026-06-10 01:00:00,2026-06-10 03:00:00,fyn,10.5067,0.0,4.3225,0.233333,1008.58,88.9767,90.0
1781056800,2026-06-10 02:00:00,2026-06-10 04:00:00,fyn,10.3233,0.0,4.395,0.363333,1008.53,89.2933,68.3333
1781060400,2026-06-10 03:00:00,2026-06-10 05:00:00,fyn,10.0967,2.34,4.11,0.0,1008.6,90.4,5.0
1781064000,2026-06-10 04:00:00,2026-06-10 06:00:00,fyn,10.17,44.24,4.3925,0.0,1008.48,90.2367,8.33333
1781067600,2026-06-10 05:00:00,2026-06-10 07:00:00,fyn,10.7733,142.035,4.585,0.0,1008.68,88.0,6.66667
1781071200,2026-06-10 06:00:00,2026-06-10 08:00:00,fyn,11.9567,266.56,5.91,0.0833333,1008.99,85.1033,23.3333
1781074800,2026-06-10 07:00:00,2026-06-10 09:00:00,fyn,13.56,452.45,6.47333,0.105,1010.89,82.16,30.0
1781078400,2026-06-10 08:00:00,2026-06-10 10:00:00,fyn,13.4833,361.77,6.3325,1.19,1009.08,75.9867,20.0
1781082000,2026-06-10 09:00:00,2026-06-10 11:00:00,fyn,14.4167,633.92,7.1025,0.703333,1009.18,69.95,15.0
1781085600,2026-06-10 10:00:00,2026-06-10 12:00:00,fyn,14.1533,401.42,7.5525,0.633333,1009.6,69.2667,55.0
1781089200,2026-06-10 11:00:00,2026-06-10 13:00:00,fyn,14.1633,616.945,7.4025,0.93,1009.73,69.9833,15.0
1781092800,2026-06-10 12:00:00,2026-06-10 14:00:00,fyn,15.2433,767.48,8.24,0.0,1009.99,63.7767,10.0
1781096400,2026-06-10 13:00:00,2026-06-10 15:00:00,fyn,15.2233,651.83,7.68,0.0,1010.35,65.3833,40.0
1781100000,2026-06-10 14:00:00,2026-06-10 16:00:00,fyn,15.6167,549.48,7.4125,0.0,1010.55,63.2433,25.0
1781103600,2026-06-10 15:00:00,2026-06-10 17:00:00,fyn,15.0733,365.61,6.6925,0.0,1010.73,66.1067,20.0
1781107200,2026-06-10 16:00:00,2026-06-10 18:00:00,fyn,15.6367,529.16,5.9875,0.0,1011.0,62.07,25.0
1781110800,2026-06-10 17:00:00,2026-06-10 19:00:00,fyn,15.3767,342.82,5.605,0.0,1011.3,60.47,10.0
1781114400,2026-06-10 18:00:00,2026-06-10 20:00:00,fyn,14.84,227.205,5.2025,0.0,1011.7,62.76,0.0
1781118000,2026-06-10 19:00:00,2026-06-10 21:00:00,fyn,13.82,51.325,3.9625,0.0,1012.13,67.71,0.0
1781121600,2026-06-10 20:00:00,2026-06-10 22:00:00,fyn,12.8767,25.28,3.0975,0.0,1012.62,73.42,0.0
1781125200,2026-06-10 21:00:00,2026-06-10 23:00:00,fyn,12.06,0.93,2.7175,0.0,1012.96,78.8367,0.0
1781128800,2026-06-10 22:00:00,2026-06-11 00:00:00,fyn,11.4067,0.0,2.1675,0.0,1012.94,82.77,0.0
1781132400,2026-06-10 23:00:00,2026-06-11 01:00:00,fyn,10.4467,0.0,1.685,0.0,1013.14,86.8033,0.0
1781136000,2026-06-11 00:00:00,2026-06-11 02:00:00,fyn,9.64667,0.0,1.585,0.0,1013.33,89.5233,0.0
1781139600,2026-06-11 01:00:00,2026-06-11 03:00:00,fyn,8.68,0.0,1.0925,0.0,1013.36,91.0033,0.0
1781143200,2026-06-11 02:00:00,2026-06-11 04:00:00,fyn,8.15667,0.0,1.21,0.0,1013.36,92.4733,0.0
1781146800,2026-06-11 03:00:00,2026-06-11 05:00:00,fyn,7.73,1.75,1.0175,0.0,1013.35,93.22,0.0
1781150400,2026-06-11 04:00:00,2026-06-11 06:00:00,fyn,7.94,47.035,0.9675,0.0,1013.5,93.3333,0.0
1781154000,2026-06-11 05:00:00,2026-06-11 07:00:00,fyn,9.96667,165.285,1.29,0.0,1013.77,91.98,0.0
1781157600,2026-06-11 06:00:00,2026-06-11 08:00:00,fyn,11.29,289.22,0.935,0.0,1014.03,87.14,8.33333
1781161200,2026-06-11 07:00:00,2026-06-11 09:00:00,fyn,13.0767,393.415,0.695,0.0,1014.05,74.5567,45.0
1781164800,2026-06-11 08:00:00,2026-06-11 10:00:00,fyn,13.93,606.4,1.425,0.0,1014.0,67.7633,46.6667
1781168400,2026-06-11 09:00:00,2026-06-11 11:00:00,fyn,14.49,695.565,2.495,0.0,1014.23,63.24,80.0
1781172000,2026-06-11 10:00:00,2026-06-11 12:00:00,fyn,13.9733,276.585,3.2175,0.0,1014.25,65.2333,80.0
1781175600,2026-06-11 11:00:00,2026-06-11 13:00:00,fyn,13.9533,549.37,3.5625,0.54,1014.28,67.6533,81.6667
1781179200,2026-06-11 12:00:00,2026-06-11 14:00:00,fyn,14.35,624.25,3.6575,0.13,1014.45,65.1267,85.0
1781182800,2026-06-11 13:00:00,2026-06-11 15:00:00,fyn,14.1167,610.825,2.16,0.08,1014.33,67.8567,85.0
1781186400,2026-06-11 14:00:00,2026-06-11 16:00:00,fyn,14.5633,584.865,1.8775,0.34,1014.14,64.9467,66.6667
1781190000,2026-06-11 15:00:00,2026-06-11 17:00:00,fyn,15.7067,519.4,2.6925,0.0,1013.98,57.8433,50.0
1781193600,2026-06-11 16:00:00,2026-06-11 18:00:00,fyn,15.3733,279.665,3.1375,0.0,1013.84,59.34,68.3333
1781197200,2026-06-11 17:00:00,2026-06-11 19:00:00,fyn,15.38,316.725,3.445,0.0,1013.89,58.7933,60.0
1781200800,2026-06-11 18:00:00,2026-06-11 20:00:00,fyn,15.2167,228.08,3.665,0.0,1014.05,58.53,56.6667
1781204400,2026-06-11 19:00:00,2026-06-11 21:00:00,fyn,14.0733,133.47,3.505,0.0,1014.12,65.67,35.0
1781208000,2026-06-11 20:00:00,2026-06-11 22:00:00,fyn,12.78,22.175,2.4775,0.0,1014.21,74.9267,6.66667
1781211600,2026-06-11 21:00:00,2026-06-11 23:00:00,fyn,11.53,0.265,2.0425,0.0,1014.17,81.57,5.0
1781215200,2026-06-11 22:00:00,2026-06-12 00:00:00,fyn,10.0967,0.0,1.8975,0.0,1013.99,85.38,10.0
1781218800,2026-06-11 23:00:00,2026-06-12 01:00:00,fyn,10.0,0.0,1.5575,0.0,1013.43,86.65,52.0
1781222400,2026-06-12 00:00:00,2026-06-12 02:00:00,fyn,9.96,0.0,1.65,0.0,1012.95,87.4033,61.6667
1781226000,2026-06-12 01:00:00,2026-06-12 03:00:00,fyn,10.1167,0.0,2.2225,0.0,1012.42,87.7767,90.0
1781229600,2026-06-12 02:00:00,2026-06-12 04:00:00,fyn,10.3067,0.0,2.1875,0.0,1012.16,87.67,91.6667
1781233200,2026-06-12 03:00:00,2026-06-12 05:00:00,fyn,10.29,5.47,2.3425,0.0,1011.77,88.78,90.0
1781236800,2026-06-12 04:00:00,2026-06-12 06:00:00,fyn,10.9833,38.73,2.15,0.0,1011.54,89.6933,90.0
1781240400,2026-06-12 05:00:00,2026-06-12 07:00:00,fyn,11.7367,55.2,2.7775,0.0,1011.48,89.4167,90.0
1781244000,2026-06-12 06:00:00,2026-06-12 08:00:00,fyn,12.2633,103.615,3.0575,0.0,1011.12,88.3233,90.0
1781247600,2026-06-12 07:00:00,2026-06-12 09:00:00,fyn,12.9367,221.755,3.9225,0.0,1011.09,85.3433,90.0
1781251200,2026-06-12 08:00:00,2026-06-12 10:00:00,fyn,13.58,314.105,4.29,0.0,1010.9,81.0067,80.0
1781254800,2026-06-12 09:00:00,2026-06-12 11:00:00,fyn,14.09,445.05,5.0375,0.0,1010.36,76.92,90.0
1781258400,2026-06-12 10:00:00,2026-06-12 12:00:00,fyn,14.7867,573.91,5.5975,0.0,1010.16,73.24,90.0
1781262000,2026-06-12 11:00:00,2026-06-12 13:00:00,fyn,14.8,496.775,5.9875,0.0,1009.89,73.6633,91.6667
1781265600,2026-06-12 12:00:00,2026-06-12 14:00:00,fyn,14.5833,307.84,6.0725,0.0,1009.58,77.2033,91.6667
1781269200,2026-06-12 13:00:00,2026-06-12 15:00:00,fyn,14.2367,225.64,6.0375,0.0,1009.27,83.8433,90.0
1781272800,2026-06-12 14:00:00,2026-06-12 16:00:00,fyn,14.2633,241.905,5.9,0.0,1008.83,88.51,90.0
1781276400,2026-06-12 15:00:00,2026-06-12 17:00:00,fyn,14.4633,212.8,5.61,0.0,1008.54,91.7133,90.0
1781280000,2026-06-12 16:00:00,2026-06-12 18:00:00,fyn,14.3533,165.89,5.5475,1.0,1008.52,90.5867,90.0
1781283600,2026-06-12 17:00:00,2026-06-12 19:00:00,fyn,14.3133,183.33,5.5725,0.5,1008.72,84.1233,91.6667
1781287200,2026-06-12 18:00:00,2026-06-12 20:00:00,fyn,14.31,112.99,6.33,0.0,1008.92,83.1067,90.0
1781290800,2026-06-12 19:00:00,2026-06-12 21:00:00,fyn,13.8367,55.545,6.175,0.0,1009.27,86.0333,91.6667
1781294400,2026-06-12 20:00:00,2026-06-12 22:00:00,fyn,13.5533,12.33,5.0825,0.03,1009.45,85.8333,91.6667
1781298000,2026-06-12 21:00:00,2026-06-12 23:00:00,fyn,12.8667,0.33,4.1325,0.0,1009.37,87.9,41.6667
1781301600,2026-06-12 22:00:00,2026-06-13 00:00:00,fyn,12.1,0.0,3.4675,0.0,1009.16,90.01,3.33333
1781305200,2026-06-12 23:00:00,2026-06-13 01:00:00,fyn,11.68,0.0,3.4375,0.0,1008.76,90.7633,10.0
1781308800,2026-06-13 00:00:00,2026-06-13 02:00:00,fyn,11.54,0.0,3.4675,0.0,1008.43,91.5233,40.0
1781312400,2026-06-13 01:00:00,2026-06-13 03:00:00,fyn,11.4733,0.0,3.395,0.0,1008.19,91.7433,85.0
1781316000,2026-06-13 02:00:00,2026-06-13 04:00:00,fyn,11.29,0.0,3.425,0.0,1007.78,92.8033,41.6667
1781319600,2026-06-13 03:00:00,2026-06-13 05:00:00,fyn,11.2533,3.15,3.605,0.0,1007.15,93.6133,55.0
1781323200,2026-06-13 04:00:00,2026-06-13 06:00:00,fyn,11.84,19.01,3.415,0.0866667,1006.69,93.82,91.6667
1781326800,2026-06-13 05:00:00,2026-06-13 07:00:00,fyn,12.51,29.57,5.065,1.22333,1006.39,93.85,93.3333
1781330400,2026-06-13 06:00:00,2026-06-13 08:00:00,fyn,13.3433,238.845,5.1675,0.0,1006.18,89.23,15.0
1781334000,2026-06-13 07:00:00,2026-06-13 09:00:00,fyn,13.95,299.15,6.25333,0.0,1005.86,83.1933,72.0
1781337600,2026-06-13 08:00:00,2026-06-13 10:00:00,fyn,13.7833,239.235,7.06667,1.90667,1005.52,80.6467,90.0
1781341200,2026-06-13 09:00:00,2026-06-13 11:00:00,fyn,13.9233,332.725,7.045,0.0333333,1005.37,77.1333,85.0
1781344800,2026-06-13 10:00:00,2026-06-13 12:00:00,fyn,13.3367,313.555,7.5375,0.37,1005.25,80.6233,90.0
1781348400,2026-06-13 11:00:00,2026-06-13 13:00:00,fyn,13.3933,280.195,7.5875,0.306667,1005.11,80.9633,70.0
1781352000,2026-06-13 12:00:00,2026-06-13 14:00:00,fyn,13.13,442.41,7.2975,1.54,1005.12,83.1367,65.0
1781355600,2026-06-13 13:00:00,2026-06-13 15:00:00,fyn,14.27,668.575,8.1425,0.0,1005.06,75.8,31.6667
1781359200,2026-06-13 14:00:00,2026-06-13 16:00:00,fyn,14.9233,718.14,7.8275,0.0766667,1005.23,71.7,10.0
1781362800,2026-06-13 15:00:00,2026-06-13 17:00:00,fyn,14.86,552.145,7.67,0.706667,1005.44,70.3567,61.6667
1781366400,2026-06-13 16:00:00,2026-06-13 18:00:00,fyn,14.4,294.68,7.5975,0.0833333,1005.56,71.6867,63.3333
1781370000,2026-06-13 17:00:00,2026-06-13 19:00:00,fyn,13.91,248.19,6.475,0.373333,1005.57,75.5267,50.0
1781373600,2026-06-13 18:00:00,2026-06-13 20:00:00,fyn,14.0033,231.76,7.21,0.0,1005.64,72.9567,10.0
1781377200,2026-06-13 19:00:00,2026-06-13 21:00:00,fyn,12.8933,82.62,7.005,0.06,1005.5,80.79,16.6667
1781380800,2026-06-13 20:00:00,2026-06-13 22:00:00,fyn,12.1233,12.49,5.7175,0.0,1005.47,86.6333,80.0
1781384400,2026-06-13 21:00:00,2026-06-13 23:00:00,fyn,11.8433,0.045,5.255,0.0,1005.26,88.5967,85.0
1781388000,2026-06-13 22:00:00,2026-06-14 00:00:00,fyn,11.29,0.0,5.245,0.0566667,1004.95,91.3167,90.0
1781391600,2026-06-13 23:00:00,2026-06-14 01:00:00,fyn,11.0333,0.0,5.435,0.166667,1004.51,91.3233,90.0
1781395200,2026-06-14 00:00:00,2026-06-14 02:00:00,fyn,10.6033,0.0,5.14,0.206667,1004.03,91.1967,85.0
1781398800,2026-06-14 01:00:00,2026-06-14 03:00:00,fyn,10.25,0.0,4.9475,0.0366667,1003.5,91.1633,25.0
1781402400,2026-06-14 02:00:00,2026-06-14 04:00:00,fyn,10.3067,0.0,4.9925,0.0,1003.01,91.6533,46.6667
1781406000,2026-06-14 03:00:00,2026-06-14 05:00:00,fyn,10.4767,0.075,5.2925,1.11,1002.58,92.5767,86.6667
1781409600,2026-06-14 04:00:00,2026-06-14 06:00:00,fyn,11.0433,8.24,5.815,1.13,1002.48,92.2867,91.6667
1781413200,2026-06-14 05:00:00,2026-06-14 07:00:00,fyn,11.72,65.235,6.155,0.36,1002.48,89.3433,93.3333
1781416800,2026-06-14 06:00:00,2026-06-14 08:00:00,fyn,11.97,106.415,6.29,0.0,1002.75,89.96,93.3333
1781420400,2026-06-14 07:00:00,2026-06-14 09:00:00,fyn,12.7233,207.095,5.99333,0.0,1002.94,88.7767,84.0
1781424000,2026-06-14 08:00:00,2026-06-14 10:00:00,fyn,13.7267,332.385,5.78,0.0,1003.15,84.66,72.0
1781427600,2026-06-14 09:00:00,2026-06-14 11:00:00,fyn,14.7867,474.365,5.5775,0.133333,1003.41,79.2333,58.3333
1781431200,2026-06-14 10:00:00,2026-06-14 12:00:00,fyn,15.1867,454.485,5.5125,0.0,1003.66,78.1533,80.0
1781434800,2026-06-14 11:00:00,2026-06-14 13:00:00,fyn,15.68,648.16,5.485,0.0433333,1003.83,77.1433,63.3333
1781438400,2026-06-14 12:00:00,2026-06-14 14:00:00,fyn,16.01,587.31,6.9525,0.0,1003.95,76.0233,25.0
1781442000,2026-06-14 13:00:00,2026-06-14 15:00:00,fyn,15.86,611.425,7.06,0.0,1004.05,75.74,50.0
1781445600,2026-06-14 14:00:00,2026-06-14 16:00:00,fyn,16.4767,578.885,6.9225,0.0,1004.13,69.64,70.0
1781449200,2026-06-14 15:00:00,2026-06-14 17:00:00,fyn,16.6167,346.765,7.1225,0.0,1004.45,67.1667,91.6667
1781452800,2026-06-14 16:00:00,2026-06-14 18:00:00,fyn,16.3667,334.54,5.7725,0.19,1004.6,68.3967,90.0
1781456400,2026-06-14 17:00:00,2026-06-14 19:00:00,fyn,16.2133,354.13,6.815,0.0,1004.74,68.5533,31.6667
1781460000,2026-06-14 18:00:00,2026-06-14 20:00:00,fyn,15.4033,237.015,7.2075,0.0,1004.86,70.6367,0.0
1781463600,2026-06-14 19:00:00,2026-06-14 21:00:00,fyn,14.4967,115.405,6.405,0.0,1004.95,74.09,6.66667
1781467200,2026-06-14 20:00:00,2026-06-14 22:00:00,fyn,13.3533,25.7,5.7425,0.0,1004.95,80.0,20.0
1781470800,2026-06-14 21:00:00,2026-06-14 23:00:00,fyn,12.5667,0.41,5.0525,0.0,1004.71,82.8433,3.33333
1781474400,2026-06-14 22:00:00,2026-06-15 00:00:00,fyn,11.8933,0.0,4.5875,0.0,1004.38,85.99,56.6667
1781478000,2026-06-14 23:00:00,2026-06-15 01:00:00,fyn,11.8967,0.0,5.1325,0.0,1003.97,86.6833,70.0
1781481600,2026-06-15 00:00:00,2026-06-15 02:00:00,fyn,12.0633,0.0,5.575,0.0,1003.41,86.1033,80.0
1781485200,2026-06-15 01:00:00,2026-06-15 03:00:00,fyn,12.2567,0.0,6.2375,0.0,1002.84,85.2133,90.0
1781488800,2026-06-15 02:00:00,2026-06-15 04:00:00,fyn,12.2233,0.0,6.865,0.0,1002.51,85.2667,96.6667
1781492400,2026-06-15 03:00:00,2026-06-15 05:00:00,fyn,12.2267,1.195,6.6775,0.0,1002.22,86.27,96.6667
1781496000,2026-06-15 04:00:00,2026-06-15 06:00:00,fyn,12.28,11.535,6.56,0.0,1002.18,85.5233,96.6667
1781499600,2026-06-15 05:00:00,2026-06-15 07:00:00,fyn,12.2533,32.745,6.5325,0.0,1002.38,85.9633,96.6667
1781503200,2026-06-15 06:00:00,2026-06-15 08:00:00,fyn,12.2667,77.83,6.28,0.0,1002.8,87.18,96.6667
1781506800,2026-06-15 07:00:00,2026-06-15 09:00:00,fyn,12.5867,160.785,5.99667,0.0,1003.31,87.2933,93.3333
1781510400,2026-06-15 08:00:00,2026-06-15 10:00:00,fyn,12.3,500.17,6.14,0.0,1005.12,88.01,75.0
1781514000,2026-06-15 09:00:00,2026-06-15 11:00:00,fyn,14.4733,355.955,6.045,0.0,1004.04,79.6567,80.0
1781517600,2026-06-15 10:00:00,2026-06-15 12:00:00,fyn,15.7033,453.185,5.9275,0.0,1004.4,72.3267,80.0
1781521200,2026-06-15 11:00:00,2026-06-15 13:00:00,fyn,16.9933,785.325,6.1925,0.0,1004.76,64.89,80.0
1781524800,2026-06-15 12:00:00,2026-06-15 14:00:00,fyn,17.4833,777.39,6.3825,0.0,1005.13,62.37,90.0
1781528400,2026-06-15 13:00:00,2026-06-15 15:00:00,fyn,17.56,710.0,6.5275,0.0,1005.62,61.2667,63.3333
1781532000,2026-06-15 14:00:00,2026-06-15 16:00:00,fyn,17.23,562.12,6.3675,0.0,1006.19,62.4867,80.0
1781535600,2026-06-15 15:00:00,2026-06-15 17:00:00,fyn,16.9133,521.295,6.6425,0.0,1006.55,63.8967,85.0
1781539200,2026-06-15 16:00:00,2026-06-15 18:00:00,fyn,16.3667,356.83,6.5475,0.0,1006.86,67.4767,66.6667
1781542800,2026-06-15 17:00:00,2026-06-15 19:00:00,fyn,15.6867,307.095,6.6125,0.0,1007.29,69.19,48.3333
1781546400,2026-06-15 18:00:00,2026-06-15 20:00:00,fyn,14.7067,238.545,6.9225,0.0,1007.83,72.1433,5.0
1781550000,2026-06-15 19:00:00,2026-06-15 21:00:00,fyn,13.4533,129.185,6.4975,0.0,1008.32,74.3167,6.66667
1781553600,2026-06-15 20:00:00,2026-06-15 22:00:00,fyn,12.28,27.105,5.4525,0.0,1008.83,77.69,1.66667
1781557200,2026-06-15 21:00:00,2026-06-15 23:00:00,fyn,11.83,0.4,4.6875,0.0,1009.03,77.71,8.33333
1781560800,2026-06-15 22:00:00,2026-06-16 00:00:00,fyn,11.2667,0.0,4.4525,0.0,1009.14,78.81,5.0
1781564400,2026-06-15 23:00:00,2026-06-16 01:00:00,fyn,10.67,0.0,4.2375,0.0,1009.2,80.6,8.33333
1781568000,2026-06-16 00:00:00,2026-06-16 02:00:00,fyn,10.62,0.0,3.905,0.0,1009.31,79.4267,86.6667
1781571600,2026-06-16 01:00:00,2026-06-16 03:00:00,fyn,10.5633,0.0,3.3675,0.0,1009.2,78.67,95.0
1781575200,2026-06-16 02:00:00,2026-06-16 04:00:00,fyn,10.93,0.0,3.955,0.0,1009.09,74.2367,96.6667
1781578800,2026-06-16 03:00:00,2026-06-16 05:00:00,fyn,10.8567,0.695,3.8375,0.0,1009.1,72.8833,96.6667
1781582400,2026-06-16 04:00:00,2026-06-16 06:00:00,fyn,10.8033,11.775,3.655,0.0,1009.22,73.3133,96.6667
1781586000,2026-06-16 05:00:00,2026-06-16 07:00:00,fyn,10.8967,36.535,3.735,0.0,1009.59,73.1767,98.3333
1781589600,2026-06-16 06:00:00,2026-06-16 08:00:00,fyn,11.1667,89.88,3.885,0.0,1009.84,72.3467,98.3333
1781593200,2026-06-16 07:00:00,2026-06-16 09:00:00,fyn,11.5233,129.79,4.2975,0.0,1010.02,70.1933,98.3333
1781596800,2026-06-16 08:00:00,2026-06-16 10:00:00,fyn,11.8267,163.525,4.4725,0.0,1010.25,69.34,96.6667
1781600400,2026-06-16 09:00:00,2026-06-16 11:00:00,fyn,12.41,207.37,4.78,,1009.66,68.5,98.3333
1781604000,2026-06-16 10:00:00,2026-06-16 12:00:00,fyn,12.63,247.755,4.985,0.0,1010.83,68.7567,98.3333
1781607600,2026-06-16 11:00:00,2026-06-16 13:00:00,fyn,12.7533,311.75,5.24,0.0,1011.13,67.7967,98.3333
1781611200,2026-06-16 12:00:00,2026-06-16 14:00:00,fyn,13.125,310.295,5.105,0.0,1011.36,65.5675,98.3333
1781614800,2026-06-16 13:00:00,2026-06-16 15:00:00,fyn,13.475,350.685,5.5125,,1011.55,64.0425,95.0
1781618400,2026-06-16 14:00:00,2026-06-16 16:00:00,fyn,13.6325,300.83,5.065,0.0,1011.64,63.895,91.6667
1781622000,2026-06-16 15:00:00,2026-06-16 17:00:00,fyn,13.675,300.36,4.6225,0.0,1011.6,64.95,80.0
1781625600,2026-06-16 16:00:00,2026-06-16 18:00:00,fyn,13.675,254.89,4.57,0.0,1011.75,63.895,80.0
1781629200,2026-06-16 17:00:00,2026-06-16 19:00:00,fyn,13.4625,221.96,4.7875,0.0,1011.95,64.7925,91.6667
1781632800,2026-06-16 18:00:00,2026-06-16 20:00:00,fyn,13.2125,159.34,4.545,0.0,1012.34,64.63,90.0
1781636400,2026-06-16 19:00:00,2026-06-16 21:00:00,fyn,12.485,63.725,4.3775,0.0,1012.75,67.15,76.6667
1781640000,2026-06-16 20:00:00,2026-06-16 22:00:00,fyn,11.835,14.065,3.8275,0.0,1013.11,69.515,91.6667
1781643600,2026-06-16 21:00:00,2026-06-16 23:00:00,fyn,11.3525,0.305,3.94,0.0,1013.22,70.295,90.0
1781647200,2026-06-16 22:00:00,2026-06-17 00:00:00,fyn,10.7675,0.0,3.1425,0.0,1013.42,73.33,95.0
1781650800,2026-06-16 23:00:00,2026-06-17 01:00:00,fyn,10.4825,0.0,2.7525,0.0,1013.62,76.0875,96.6667
1781654400,2026-06-17 00:00:00,2026-06-17 02:00:00,fyn,10.505,0.0,3.025,0.0,1013.7,75.055,96.6667
1781658000,2026-06-17 01:00:00,2026-06-17 03:00:00,fyn,10.3175,0.0,2.62,0.0,1013.56,75.005,93.3333
1781661600,2026-06-17 02:00:00,2026-06-17 04:00:00,fyn,9.8525,0.0,2.2375,0.0,1013.59,78.1625,91.6667
1781665200,2026-06-17 03:00:00,2026-06-17 05:00:00,fyn,9.3425,2.5,2.26,0.0,1013.9,82.1025,91.6667
1781668800,2026-06-17 04:00:00,2026-06-17 06:00:00,fyn,9.3525,22.955,2.155,0.0,1014.0,82.9025,93.3333
1781672400,2026-06-17 05:00:00,2026-06-17 07:00:00,fyn,10.36,92.41,2.1225,0.0,1014.16,80.4725,90.0
1781676000,2026-06-17 06:00:00,2026-06-17 08:00:00,fyn,11.1625,147.39,2.565,0.0,1014.32,77.5125,56.6667
1781679600,2026-06-17 07:00:00,2026-06-17 09:00:00,fyn,11.8325,224.365,2.7025,0.0,1014.47,75.2775,53.3333
1781683200,2026-06-17 08:00:00,2026-06-17 10:00:00,fyn,13.0067,376.68,3.42667,0.0,1014.97,73.2,48.3333
1781686800,2026-06-17 09:00:00,2026-06-17 11:00:00,fyn,13.8525,506.465,4.005,0.0,1014.57,71.4375,28.3333
1781690400,2026-06-17 10:00:00,2026-06-17 12:00:00,fyn,14.6775,581.735,3.78,0.0,1014.58,69.07,80.0
1781694000,2026-06-17 11:00:00,2026-06-17 13:00:00,fyn,15.495,567.95,3.9,0.0,1013.51,64.25,90.0
1781697600,2026-06-17 12:00:00,2026-06-17 14:00:00,fyn,16.31,363.98,3.965,0.0,1014.2,64.69,80.0
1781701200,2026-06-17 13:00:00,2026-06-17 15:00:00,fyn,16.66,352.96,3.8075,0.0,1014.11,67.6025,85.0
1781704800,2026-06-17 14:00:00,2026-06-17 16:00:00,fyn,16.7125,212.18,3.83,0.0,1013.89,70.4575,91.6667
1781708400,2026-06-17 15:00:00,2026-06-17 17:00:00,fyn,16.5775,174.135,3.945,0.0,1013.64,73.1125,95.0
1781712000,2026-06-17 16:00:00,2026-06-17 18:00:00,fyn,16.01,119.295,3.9275,0.146667,1013.2,79.145,93.3333
1781715600,2026-06-17 17:00:00,2026-06-17 19:00:00,fyn,15.635,89.565,3.945,0.0466667,1012.97,86.1825,93.3333
1781719200,2026-06-17 18:00:00,2026-06-17 20:00:00,fyn,15.5875,38.065,4.0875,0.0,1012.69,87.725,95.0
1781722800,2026-06-17 19:00:00,2026-06-17 21:00:00,fyn,15.6425,27.195,4.4675,0.0,1012.58,91.225,96.6667
1781726400,2026-06-17 20:00:00,2026-06-17 22:00:00,fyn,15.5875,7.49,4.675,0.0,1012.57,94.175,96.6667
1781730000,2026-06-17 21:00:00,2026-06-17 23:00:00,fyn,15.525,0.0,4.555,0.0166667,1012.69,96.9575,98.3333
1781733600,2026-06-17 22:00:00,2026-06-18 00:00:00,fyn,15.3225,0.0,4.995,0.0,1012.82,97.765,98.3333
1781737200,2026-06-17 23:00:00,2026-06-18 01:00:00,fyn,15.1475,0.0,4.615,0.0,1013.08,97.41,96.6667
1781740800,2026-06-18 00:00:00,2026-06-18 02:00:00,fyn,14.9475,0.0,4.375,0.0,1013.36,97.1475,93.3333
1781744400,2026-06-18 01:00:00,2026-06-18 03:00:00,fyn,14.71,0.0,3.855,0.0,1013.34,96.7525,36.6667
1781748000,2026-06-18 02:00:00,2026-06-18 04:00:00,fyn,14.4575,0.0,3.37,0.0,1013.43,96.23,88.3333
1781751600,2026-06-18 03:00:00,2026-06-18 05:00:00,fyn,14.4275,0.68,3.43,0.0,1013.75,95.805,93.3333
1781755200,2026-06-18 04:00:00,2026-06-18 06:00:00,fyn,14.3775,17.55,3.055,0.0,1013.9,95.2725,90.0
1781758800,2026-06-18 05:00:00,2026-06-18 07:00:00,fyn,14.5425,84.7,3.4775,0.0,1014.09,93.9325,60.0
1781762400,2026-06-18 06:00:00,2026-06-18 08:00:00,fyn,15.025,176.025,3.5025,0.0,1014.48,91.815,46.6667
1781766000,2026-06-18 07:00:00,2026-06-18 09:00:00,fyn,15.8425,314.325,3.195,0.0,1014.71,89.2525,8.33333
1781769600,2026-06-18 08:00:00,2026-06-18 10:00:00,fyn,16.7225,324.025,3.4925,0.0,1014.91,86.9775,63.3333
1781773200,2026-06-18 09:00:00,2026-06-18 11:00:00,fyn,17.815,491.895,3.5775,0.0,1015.01,84.44,70.0
1781776800,2026-06-18 10:00:00,2026-06-18 12:00:00,fyn,19.1875,639.04,4.0725,0.0,1015.06,78.8325,80.0
1781780400,2026-06-18 11:00:00,2026-06-18 13:00:00,fyn,19.845,517.49,4.7075,0.0,1014.96,76.03,70.0
1781784000,2026-06-18 12:00:00,2026-06-18 14:00:00,fyn,20.81,749.59,4.715,0.0,1014.89,71.8525,75.0
1781787600,2026-06-18 13:00:00,2026-06-18 15:00:00,fyn,21.0375,467.795,4.6625,0.0,1014.78,70.8325,56.6667
1781791200,2026-06-18 14:00:00,2026-06-18 16:00:00,fyn,21.4075,467.805,4.43,0.0,1014.74,69.6375,56.6667
1781794800,2026-06-18 15:00:00,2026-06-18 17:00:00,fyn,21.6625,427.335,4.33,0.0,1014.52,68.7425,31.6667
1781798400,2026-06-18 16:00:00,2026-06-18 18:00:00,fyn,21.6675,444.86,4.175,0.0,1014.49,69.09,15.0
1781802000,2026-06-18 17:00:00,2026-06-18 19:00:00,fyn,21.765,398.57,3.6725,0.0,1014.32,67.8225,15.0
1781805600,2026-06-18 18:00:00,2026-06-18 20:00:00,fyn,20.9425,243.825,3.795,0.0,1014.35,71.43,6.66667
1781809200,2026-06-18 19:00:00,2026-06-18 21:00:00,fyn,20.035,113.04,3.07,0.0,1014.44,76.7375,8.33333
1781812800,2026-06-18 20:00:00,2026-06-18 22:00:00,fyn,18.5225,21.22,2.065,0.0,1014.68,84.015,0.0
1781816400,2026-06-18 21:00:00,2026-06-18 23:00:00,fyn,17.2625,0.57,1.5675,0.0,1014.55,89.895,6.66667
1781820000,2026-06-18 22:00:00,2026-06-19 00:00:00,fyn,16.2275,0.0,0.9925,0.0,1014.47,92.98,11.6667
1781823600,2026-06-18 23:00:00,2026-06-19 01:00:00,fyn,15.3,0.0,1.1725,0.0,1014.16,95.4225,36.6667
1781827200,2026-06-19 00:00:00,2026-06-19 02:00:00,fyn,15.3425,0.0,1.6225,0.0,1013.89,96.92,90.0
1781830800,2026-06-19 01:00:00,2026-06-19 03:00:00,fyn,15.3075,0.0,1.3925,0.0,1013.59,97.2125,66.6667
1781834400,2026-06-19 02:00:00,2026-06-19 04:00:00,fyn,15.16,0.0,1.4225,0.0,1013.58,97.48,90.0
1781838000,2026-06-19 03:00:00,2026-06-19 05:00:00,fyn,15.1675,2.015,1.505,0.0,1013.72,97.4975,90.0
1781841600,2026-06-19 04:00:00,2026-06-19 06:00:00,fyn,15.635,31.14,1.7575,0.0,1013.57,96.8675,70.0
1781845200,2026-06-19 05:00:00,2026-06-19 07:00:00,fyn,17.065,93.735,2.14,0.0,1013.47,94.8275,85.0
1781848800,2026-06-19 06:00:00,2026-06-19 08:00:00,fyn,18.59,186.325,2.605,0.0,1013.6,89.5625,60.0
1781852400,2026-06-19 07:00:00,2026-06-19 09:00:00,fyn,20.41,326.385,3.195,0.0,1013.58,82.1825,16.6667
1781856000,2026-06-19 08:00:00,2026-06-19 10:00:00,fyn,21.84,414.83,3.11,0.0,1013.63,78.2475,35.0
1781859600,2026-06-19 09:00:00,2026-06-19 11:00:00,fyn,22.62,490.215,3.01,0.0,1013.56,75.7125,60.0
1781863200,2026-06-19 10:00:00,2026-06-19 12:00:00,fyn,24.47,774.75,2.7475,0.0,1013.64,69.1875,35.0
1781866800,2026-06-19 11:00:00,2026-06-19 13:00:00,fyn,24.7725,822.45,3.565,0.0,1013.53,68.62,20.0
1781870400,2026-06-19 12:00:00,2026-06-19 14:00:00,fyn,25.2725,840.905,4.285,0.0,1013.35,65.98,11.6667
1781874000,2026-06-19 13:00:00,2026-06-19 15:00:00,fyn,25.655,816.84,4.42,0.0,1013.27,64.3525,3.33333
1781877600,2026-06-19 14:00:00,2026-06-19 16:00:00,fyn,25.585,754.18,4.5675,0.0,1013.07,64.3025,3.33333
1781881200,2026-06-19 15:00:00,2026-06-19 17:00:00,fyn,25.5725,652.85,4.4425,0.0,1012.82,65.7,0.0
1781884800,2026-06-19 16:00:00,2026-06-19 18:00:00,fyn,25.5375,524.445,4.025,0.0,1012.68,66.81,1.66667
1781888400,2026-06-19 17:00:00,2026-06-19 19:00:00,fyn,25.0625,381.495,4.185,0.0,1012.38,70.5425,1.66667
1781892000,2026-06-19 18:00:00,2026-06-19 20:00:00,fyn,24.5125,209.98,4.2225,0.0,1012.21,73.12,0.0
1781895600,2026-06-19 19:00:00,2026-06-19 21:00:00,fyn,24.135,107.25,3.4175,0.0,1012.38,73.6925,0.0
1781899200,2026-06-19 20:00:00,2026-06-19 22:00:00,fyn,22.5425,25.535,3.2425,0.0,1012.65,78.8025,0.0
1781902800,2026-06-19 21:00:00,2026-06-19 23:00:00,fyn,21.335,0.48,3.155,0.0,1012.83,84.51,0.0
1781906400,2026-06-19 22:00:00,2026-06-20 00:00:00,fyn,20.535,0.0,3.38,0.0,1012.45,88.2175,0.0
1781910000,2026-06-19 23:00:00,2026-06-20 01:00:00,fyn,20.365,0.0,3.1725,0.0,1011.88,88.5675,1.66667
1781913600,2026-06-20 00:00:00,2026-06-20 02:00:00,fyn,19.8725,0.0,2.9325,0.0,1011.8,90.5925,25.0
1781917200,2026-06-20 01:00:00,2026-06-20 03:00:00,fyn,19.7675,0.0,3.065,0.0,1011.79,91.93,5.0
1781920800,2026-06-20 02:00:00,2026-06-20 04:00:00,fyn,20.305,0.0,4.4475,0.0,1013.39,90.43,71.6667
1781924400,2026-06-20 03:00:00,2026-06-20 05:00:00,fyn,19.9925,0.83,8.6175,0.22,1013.81,89.6575,90.0
1781928000,2026-06-20 04:00:00,2026-06-20 06:00:00,fyn,18.9925,0.085,5.4375,1.38,1012.13,92.79,91.6667
1781931600,2026-06-20 05:00:00,2026-06-20 07:00:00,fyn,18.645,21.82,3.0175,1.5,1011.36,93.8525,90.0
1781935200,2026-06-20 06:00:00,2026-06-20 08:00:00,fyn,18.9425,100.54,2.08,0.0,1012.73,94.575,75.0
1781938800,2026-06-20 07:00:00,2026-06-20 09:00:00,fyn,19.5625,283.91,4.5825,0.0,1013.64,91.105,20.0
1781942400,2026-06-20 08:00:00,2026-06-20 10:00:00,fyn,20.97,489.77,4.5675,0.0,1014.1,85.0075,8.33333
1781946000,2026-06-20 09:00:00,2026-06-20 11:00:00,fyn,21.8725,598.43,4.4475,0.0,1014.47,80.8325,1.66667
1781949600,2026-06-20 10:00:00,2026-06-20 12:00:00,fyn,23.0025,634.1,4.475,0.0,1014.82,77.4225,0.0
1781953200,2026-06-20 11:00:00,2026-06-20 13:00:00,fyn,23.4325,638.17,4.84,0.0,1014.94,74.9475,0.0
1781956800,2026-06-20 12:00:00,2026-06-20 14:00:00,fyn,24.3925,670.87,4.455,0.0,1014.91,70.8825,0.0
1781960400,2026-06-20 13:00:00,2026-06-20 15:00:00,fyn,25.4,748.68,4.195,0.0,1014.85,67.7925,0.0
1781964000,2026-06-20 14:00:00,2026-06-20 16:00:00,fyn,25.755,755.47,5.125,0.0,1014.82,64.0325,0.0
1781967600,2026-06-20 15:00:00,2026-06-20 17:00:00,fyn,25.5575,650.305,5.0325,0.0,1015.13,64.0525,0.0
1781971200,2026-06-20 16:00:00,2026-06-20 18:00:00,fyn,24.98,507.935,4.8625,0.0,1015.66,64.9525,5.0
1781974800,2026-06-20 17:00:00,2026-06-20 19:00:00,fyn,24.495,386.535,4.67,0.0,1016.27,67.0475,6.66667
1781978400,2026-06-20 18:00:00,2026-06-20 20:00:00,fyn,23.745,244.625,4.4375,0.0,1016.98,72.1725,8.33333
1781982000,2026-06-20 19:00:00,2026-06-20 21:00:00,fyn,22.685,113.25,3.5275,0.0,1017.58,75.755,8.33333
1781985600,2026-06-20 20:00:00,2026-06-20 22:00:00,fyn,21.225,29.08,2.935,0.0,1018.26,81.4275,0.0
1781989200,2026-06-20 21:00:00,2026-06-20 23:00:00,fyn,19.47,0.555,3.0125,0.0,1018.61,86.435,0.0
1781992800,2026-06-20 22:00:00,2026-06-21 00:00:00,fyn,18.42,0.0,2.7475,0.0,1019.06,88.3425,0.0
1781996400,2026-06-20 23:00:00,2026-06-21 01:00:00,fyn,17.52,0.0,2.1525,0.0,1019.54,90.7525,0.0
1782000000,2026-06-21 00:00:00,2026-06-21 02:00:00,fyn,16.7525,0.0,2.3375,0.0,1019.91,92.9825,3.33333
1782003600,2026-06-21 01:00:00,2026-06-21 03:00:00,fyn,16.205,0.0,2.7775,0.0,1020.09,93.43,48.3333
1782007200,2026-06-21 02:00:00,2026-06-21 04:00:00,fyn,15.8375,0.0,2.6775,0.0,1020.69,94.8175,50.0
1782010800,2026-06-21 03:00:00,2026-06-21 05:00:00,fyn,15.575,1.465,2.6975,0.0,1021.57,95.695,10.0
1782014400,2026-06-21 04:00:00,2026-06-21 06:00:00,fyn,15.29,28.065,2.44,0.0,1022.11,95.9275,3.33333
1782018000,2026-06-21 05:00:00,2026-06-21 07:00:00,fyn,15.6525,121.765,3.1525,0.0,1022.72,93.6525,8.33333
1782021600,2026-06-21 06:00:00,2026-06-21 08:00:00,fyn,16.3525,253.715,3.6375,0.0,1023.2,86.7125,0.0
1782025200,2026-06-21 07:00:00,2026-06-21 09:00:00,fyn,17.26,432.375,3.48,0.0,1023.9,77.4,0.0
1782028800,2026-06-21 08:00:00,2026-06-21 10:00:00,fyn,18.1475,559.625,3.36,0.0,1024.53,68.1725,1.66667
1782032400,2026-06-21 09:00:00,2026-06-21 11:00:00,fyn,19.11,690.675,3.32,0.0,1024.69,61.605,3.33333
1782036000,2026-06-21 10:00:00,2026-06-21 12:00:00,fyn,20.0025,789.28,3.2575,0.0,1024.58,57.0975,0.0
1782039600,2026-06-21 11:00:00,2026-06-21 13:00:00,fyn,20.855,845.775,3.1575,0.0,1024.44,52.1225,0.0
1782043200,2026-06-21 12:00:00,2026-06-21 14:00:00,fyn,21.42,854.92,3.1325,0.0,1024.25,48.5075,5.0
1782046800,2026-06-21 13:00:00,2026-06-21 15:00:00,fyn,21.9825,843.275,3.0025,0.0,1024.29,47.0225,0.0
1782050400,2026-06-21 14:00:00,2026-06-21 16:00:00,fyn,22.475,786.72,2.73,0.0,1024.37,44.6375,0.0
1782054000,2026-06-21 15:00:00,2026-06-21 17:00:00,fyn,22.74,683.225,2.8175,0.0,1024.36,44.4925,0.0
1782057600,2026-06-21 16:00:00,2026-06-21 18:00:00,fyn,22.335,553.065,2.8525,0.0,1024.38,47.765,0.0
1782061200,2026-06-21 17:00:00,2026-06-21 19:00:00,fyn,21.73,412.755,3.3125,0.0,1024.67,53.59,0.0
1782064800,2026-06-21 18:00:00,2026-06-21 20:00:00,fyn,20.79,268.25,3.67,0.0,1024.83,57.1025,0.0
1782068400,2026-06-21 19:00:00,2026-06-21 21:00:00,fyn,19.5325,128.695,3.46,0.0,1025.17,57.5775,0.0
1782072000,2026-06-21 20:00:00,2026-06-21 22:00:00,fyn,17.4225,28.565,2.7725,0.0,1025.89,64.62,0.0
1782075600,2026-06-21 21:00:00,2026-06-21 23:00:00,fyn,15.8675,0.755,2.6225,0.0,1026.25,68.3025,0.0
1782079200,2026-06-21 22:00:00,2026-06-22 00:00:00,fyn,14.5625,0.0,2.565,0.0,1026.36,70.8,0.0
1782082800,2026-06-21 23:00:00,2026-06-22 01:00:00,fyn,13.2925,0.0,2.035,0.0,1026.48,74.575,0.0
1782086400,2026-06-22 00:00:00,2026-06-22 02:00:00,fyn,12.385,0.0,2.455,,1026.2,80.0525,0.0
1782090000,2026-06-22 01:00:00,2026-06-22 03:00:00,fyn,11.7175,0.0,2.7125,0.0,1026.06,84.66,0.0
1782093600,2026-06-22 02:00:00,2026-06-22 04:00:00,fyn,11.39,0.0,2.865,0.0,1026.07,86.6175,0.0
1782097200,2026-06-22 03:00:00,2026-06-22 05:00:00,fyn,10.7575,2.455,2.855,0.0,1026.08,88.935,0.0
1782100800,2026-06-22 04:00:00,2026-06-22 06:00:00,fyn,10.85,52.78,2.8875,0.0,1026.16,89.3875,0.0
1782104400,2026-06-22 05:00:00,2026-06-22 07:00:00,fyn,12.1825,170.85,2.9825,0.0,1026.3,86.1525,0.0
1782108000,2026-06-22 06:00:00,2026-06-22 08:00:00,fyn,13.665,311.7,3.5075,0.0,1026.38,77.885,0.0
1782111600,2026-06-22 07:00:00,2026-06-22 09:00:00,fyn,14.945,460.5,4.1425,0.0,1026.24,68.635,0.0
1782115200,2026-06-22 08:00:00,2026-06-22 10:00:00,fyn,16.045,601.995,4.2625,0.0,1026.08,61.8925,0.0
1782118800,2026-06-22 09:00:00,2026-06-22 11:00:00,fyn,17.0775,716.065,4.2325,0.0,1025.75,57.185,0.0
1782122400,2026-06-22 10:00:00,2026-06-22 12:00:00,fyn,18.2175,810.62,3.625,0.0,1025.57,54.3875,1.66667
1782126000,2026-06-22 11:00:00,2026-06-22 13:00:00,fyn,19.035,843.475,3.6625,0.0,1025.38,53.2,5.0
1782129600,2026-06-22 12:00:00,2026-06-22 14:00:00,fyn,19.6575,821.44,3.7075,0.0,1025.06,52.86,3.33333
1782133200,2026-06-22 13:00:00,2026-06-22 15:00:00,fyn,19.6475,727.77,3.69,0.0,1024.63,53.54,5.0
1782136800,2026-06-22 14:00:00,2026-06-22 16:00:00,fyn,19.7875,616.78,3.6975,0.0,1024.41,53.825,5.0
1782140400,2026-06-22 15:00:00,2026-06-22 17:00:00,fyn,19.925,638.605,3.8225,0.0,1024.01,53.645,5.0
1782144000,2026-06-22 16:00:00,2026-06-22 18:00:00,fyn,20.0575,551.83,4.0175,0.0,1023.61,53.56,0.0
1782147600,2026-06-22 17:00:00,2026-06-22 19:00:00,fyn,19.79,417.36,4.065,0.0,1023.31,52.895,8.33333
1782151200,2026-06-22 18:00:00,2026-06-22 20:00:00,fyn,19.01,272.325,3.5525,0.0,1023.14,54.6175,10.0
1782154800,2026-06-22 19:00:00,2026-06-22 21:00:00,fyn,17.845,129.495,3.205,0.0,1023.02,60.9275,8.33333
1782158400,2026-06-22 20:00:00,2026-06-22 22:00:00,fyn,15.9875,21.43,2.6675,0.0,1023.32,68.7825,8.33333
1782162000,2026-06-22 21:00:00,2026-06-22 23:00:00,fyn,14.315,0.57,2.815,0.0,1023.21,76.15,21.6667
1782165600,2026-06-22 22:00:00,2026-06-23 00:00:00,fyn,13.2575,0.0,2.6175,0.0,1023.2,79.6975,91.6667
1782169200,2026-06-22 23:00:00,2026-06-23 01:00:00,fyn,12.8225,0.0,2.9,0.0,1022.9,82.15,90.0
1782172800,2026-06-23 00:00:00,2026-06-23 02:00:00,fyn,12.475,0.0,2.765,0.0,1022.5,84.8175,90.0
1782176400,2026-06-23 01:00:00,2026-06-23 03:00:00,fyn,12.025,0.0,2.555,0.0,1022.42,86.32,91.6667
1782180000,2026-06-23 02:00:00,2026-06-23 04:00:00,fyn,11.49,0.0,2.7175,0.0,1022.18,88.2925,85.0
1782183600,2026-06-23 03:00:00,2026-06-23 05:00:00,fyn,11.3975,1.935,2.145,0.0,1022.06,89.265,90.0
1782187200,2026-06-23 04:00:00,2026-06-23 06:00:00,fyn,11.335,22.5,1.545,0.0,1021.84,90.4375,90.0
1782190800,2026-06-23 05:00:00,2026-06-23 07:00:00,fyn,12.0725,64.305,1.7275,0.0,1021.65,89.7175,90.0
1782194400,2026-06-23 06:00:00,2026-06-23 08:00:00,fyn,13.0575,155.96,2.42,0.0,1021.39,85.97,90.0
1782198000,2026-06-23 07:00:00,2026-06-23 09:00:00,fyn,14.5775,376.2,2.8025,0.0,1021.08,79.1875,31.6667
1782201600,2026-06-23 08:00:00,2026-06-23 10:00:00,fyn,16.115,609.195,2.9125,,1020.93,71.555,5.0
1782205200,2026-06-23 09:00:00,2026-06-23 11:00:00,fyn,17.5,734.93,3.2075,0.0,1020.85,64.37,5.0
1782208800,2026-06-23 10:00:00,2026-06-23 12:00:00,fyn,18.8275,772.335,3.21,0.0,1020.49,60.2433,10.0
1782212400,2026-06-23 11:00:00,2026-06-23 13:00:00,fyn,20.105,848.595,3.27,0.0,1020.15,56.465,6.66667
1782216000,2026-06-23 12:00:00,2026-06-23 14:00:00,fyn,21.27,859.725,3.1475,0.0,1019.79,53.275,3.33333
1782219600,2026-06-23 13:00:00,2026-06-23 15:00:00,fyn,22.11,828.93,3.525,0.0,1019.31,52.2,10.0
1782223200,2026-06-23 14:00:00,2026-06-23 16:00:00,fyn,22.8025,762.94,3.1175,0.0,1018.95,53.6025,8.33333
1782226800,2026-06-23 15:00:00,2026-06-23 17:00:00,fyn,23.1825,659.24,2.8525,0.0,1018.55,55.2725,10.0
1782230400,2026-06-23 16:00:00,2026-06-23 18:00:00,fyn,23.31,538.105,3.0625,0.0,1018.31,55.7,13.3333
1782234000,2026-06-23 17:00:00,2026-06-23 19:00:00,fyn,23.2025,392.545,2.4225,0.0,1018.06,57.0825,5.0
1782237600,2026-06-23 18:00:00,2026-06-23 20:00:00,fyn,22.89,249.075,2.04,0.0,1017.9,60.115,15.0
1782241200,2026-06-23 19:00:00,2026-06-23 21:00:00,fyn,22.0825,116.24,1.68,0.0,1017.75,62.6325,0.0
1782244800,2026-06-23 20:00:00,2026-06-23 22:00:00,fyn,20.4225,29.045,1.3175,0.0,1017.68,70.4275,11.6667
1782248400,2026-06-23 21:00:00,2026-06-23 23:00:00,fyn,19.135,1.565,0.9275,0.0,1017.53,73.65,0.0
1782252000,2026-06-23 22:00:00,2026-06-24 00:00:00,fyn,17.27,0.0,0.945,0.0,1017.41,83.1525,1.66667
1782255600,2026-06-23 23:00:00,2026-06-24 01:00:00,fyn,16.075,0.0,1.2025,0.0,1017.31,89.0225,10.0
1782259200,2026-06-24 00:00:00,2026-06-24 02:00:00,fyn,15.4625,0.0,1.4125,0.0,1017.15,92.975,3.33333
1782262800,2026-06-24 01:00:00,2026-06-24 03:00:00,fyn,15.0275,0.0,1.33,0.0,1016.97,94.47,1.66667
1782266400,2026-06-24 02:00:00,2026-06-24 04:00:00,fyn,14.6025,0.0,1.2025,0.0,1016.73,94.7575,8.33333
1782270000,2026-06-24 03:00:00,2026-06-24 05:00:00,fyn,14.41,1.075,1.32,0.0,1016.65,94.5875,38.3333
1782273600,2026-06-24 04:00:00,2026-06-24 06:00:00,fyn,14.7525,26.735,1.1475,0.0,1016.6,93.535,30.0
1782277200,2026-06-24 05:00:00,2026-06-24 07:00:00,fyn,16.6475,128.74,1.5975,0.0,1016.55,87.1625,28.3333
1782280800,2026-06-24 06:00:00,2026-06-24 08:00:00,fyn,18.8625,224.235,2.205,0.0,1016.48,72.1575,46.6667
1782284400,2026-06-24 07:00:00,2026-06-24 09:00:00,fyn,20.2767,363.54,3.38333,0.0,1016.65,62.3033,3.33333
1782288000,2026-06-24 08:00:00,2026-06-24 10:00:00,fyn,21.3575,424.015,3.7875,0.0,1016.16,58.8525,53.3333
1782291600,2026-06-24 09:00:00,2026-06-24 11:00:00,fyn,22.3975,533.64,3.895,0.0,1015.97,53.1275,18.3333
1782295200,2026-06-24 10:00:00,2026-06-24 12:00:00,fyn,23.2125,677.565,3.705,0.0,1015.8,51.485,11.6667
1782298800,2026-06-24 11:00:00,2026-06-24 13:00:00,fyn,24.2,718.99,3.82,0.0,1015.61,48.96,65.0
1782302400,2026-06-24 12:00:00,2026-06-24 14:00:00,fyn,24.915,839.97,3.975,0.0,1015.49,49.145,61.6667
1782306000,2026-06-24 13:00:00,2026-06-24 15:00:00,fyn,25.3225,800.57,4.18,0.0,1015.24,50.7975,40.0
1782309600,2026-06-24 14:00:00,2026-06-24 16:00:00,fyn,25.85,724.21,4.4175,0.0,1015.1,51.225,10.0
1782313200,2026-06-24 15:00:00,2026-06-24 17:00:00,fyn,26.375,602.685,4.555,0.0,1014.9,49.37,1.66667
1782316800,2026-06-24 16:00:00,2026-06-24 18:00:00,fyn,26.165,501.755,4.2425,0.0,1014.71,51.3525,10.0
1782320400,2026-06-24 17:00:00,2026-06-24 19:00:00,fyn,25.8675,344.96,3.5575,0.0,1014.65,54.3425,10.0
1782324000,2026-06-24 18:00:00,2026-06-24 20:00:00,fyn,25.5625,246.785,3.5625,0.0,1014.6,54.7525,0.0
1782327600,2026-06-24 19:00:00,2026-06-24 21:00:00,fyn,24.3975,114.605,3.3625,0.0,1014.76,60.5425,20.0
1782331200,2026-06-24 20:00:00,2026-06-24 22:00:00,fyn,22.36,30.165,3.0775,0.0,1014.96,69.62,20.0
1782334800,2026-06-24 21:00:00,2026-06-24 23:00:00,fyn,20.39,0.655,2.9425,0.0,1015.06,77.995,0.0
1782338400,2026-06-24 22:00:00,2026-06-25 00:00:00,fyn,18.8725,0.0,2.7925,0.0,1015.34,85.1075,6.66667
1782342000,2026-06-24 23:00:00,2026-06-25 01:00:00,fyn,17.845,0.0,2.8,0.0,1015.59,89.66,11.6667
1782345600,2026-06-25 00:00:00,2026-06-25 02:00:00,fyn,17.0225,0.0,2.6125,0.0,1015.89,92.505,0.0
1782349200,2026-06-25 01:00:00,2026-06-25 03:00:00,fyn,16.4525,0.0,3.29,0.0,1016.09,94.81,0.0
1782352800,2026-06-25 02:00:00,2026-06-25 04:00:00,fyn,15.705,0.0,3.425,0.0,1016.19,96.1925,0.0
1782356400,2026-06-25 03:00:00,2026-06-25 05:00:00,fyn,14.95,2.375,3.515,0.0,1016.44,95.43,10.0
1782360000,2026-06-25 04:00:00,2026-06-25 06:00:00,fyn,14.66,47.805,3.5325,0.0,1016.79,90.785,10.0
1782363600,2026-06-25 05:00:00,2026-06-25 07:00:00,fyn,15.06,160.62,3.855,0.0,1016.94,86.255,36.6667
1782367200,2026-06-25 06:00:00,2026-06-25 08:00:00,fyn,15.9025,298.835,4.5475,,1017.01,80.62,13.3333
1782370800,2026-06-25 07:00:00,2026-06-25 09:00:00,fyn,17.1525,441.645,4.6875,0.0,1017.07,74.385,5.0
1782374400,2026-06-25 08:00:00,2026-06-25 10:00:00,fyn,18.44,578.26,4.1575,,1017.16,69.9975,10.0
1782378000,2026-06-25 09:00:00,2026-06-25 11:00:00,fyn,19.9275,695.625,4.185,0.0,1017.38,65.645,3.33333
1782381600,2026-06-25 10:00:00,2026-06-25 12:00:00,fyn,21.3675,783.295,4.5125,0.0,1017.39,61.265,6.66667
1782385200,2026-06-25 11:00:00,2026-06-25 13:00:00,fyn,22.62,838.65,4.265,0.0,1017.35,56.78,6.66667
1782388800,2026-06-25 12:00:00,2026-06-25 14:00:00,fyn,23.685,857.38,4.11,0.0,1017.2,53.6225,10.0
1782392400,2026-06-25 13:00:00,2026-06-25 15:00:00,fyn,24.47,834.445,4.0375,0.0,1017.27,51.755,1.66667
1782396000,2026-06-25 14:00:00,2026-06-25 16:00:00,fyn,25.03,768.53,4.34,0.0,1017.38,50.535,10.0
1782399600,2026-06-25 15:00:00,2026-06-25 17:00:00,fyn,25.33,666.19,4.35,0.0,1017.31,48.8975,6.66667
1782403200,2026-06-25 16:00:00,2026-06-25 18:00:00,fyn,25.415,538.895,4.3325,0.0,1017.24,48.1875,0.0
1782406800,2026-06-25 17:00:00,2026-06-25 19:00:00,fyn,25.1325,398.705,4.355,0.0,1017.24,48.7575,0.0
1782410400,2026-06-25 18:00:00,2026-06-25 20:00:00,fyn,24.4325,256.835,3.925,0.0,1017.32,51.7425,0.0
1782414000,2026-06-25 19:00:00,2026-06-25 21:00:00,fyn,22.895,123.285,3.1,0.0,1017.5,59.47,0.0
1782417600,2026-06-25 20:00:00,2026-06-25 22:00:00,fyn,20.5875,29.59,2.4775,0.0,1017.85,68.805,0.0
1782421200,2026-06-25 21:00:00,2026-06-25 23:00:00,fyn,18.5975,0.66,2.9125,0.0,1017.78,76.2025,6.66667
1782424800,2026-06-25 22:00:00,2026-06-26 00:00:00,fyn,17.055,0.0,2.055,0.0,1017.66,82.4875,0.0
1782428400,2026-06-25 23:00:00,2026-06-26 01:00:00,fyn,15.8825,0.0,1.91,0.0,1017.7,86.7825,0.0
1782432000,2026-06-26 00:00:00,2026-06-26 02:00:00,fyn,15.1175,0.0,1.9525,0.0,1017.55,88.715,8.33333
1782435600,2026-06-26 01:00:00,2026-06-26 03:00:00,fyn,14.005,0.0,1.6675,0.0,1017.53,91.58,0.0
1782439200,2026-06-26 02:00:00,2026-06-26 04:00:00,fyn,13.175,0.0,1.6975,0.0,1017.35,92.8675,0.0
1782442800,2026-06-26 03:00:00,2026-06-26 05:00:00,fyn,12.665,2.625,1.215,0.0,1017.4,94.32,3.33333
1782446400,2026-06-26 04:00:00,2026-06-26 06:00:00,fyn,12.5475,45.045,0.6825,0.0,1017.7,94.345,33.3333
1782450000,2026-06-26 05:00:00,2026-06-26 07:00:00,fyn,14.435,149.265,0.6025,0.0,1017.78,90.995,8.33333
1782453600,2026-06-26 06:00:00,2026-06-26 08:00:00,fyn,17.6375,281.14,1.3075,0.0,1017.75,79.855,10.0
1782457200,2026-06-26 07:00:00,2026-06-26 09:00:00,fyn,20.07,424.58,2.5625,0.0,1017.44,70.845,8.33333
1782460800,2026-06-26 08:00:00,2026-06-26 10:00:00,fyn,22.2775,562.87,3.485,0.0,1017.34,62.98,1.66667
1782464400,2026-06-26 09:00:00,2026-06-26 11:00:00,fyn,23.825,679.535,3.845,0.0,1017.22,57.8875,0.0
1782468000,2026-06-26 10:00:00,2026-06-26 12:00:00,fyn,25.0325,769.035,3.81,0.0,1016.72,55.4025,0.0
1782471600,2026-06-26 11:00:00,2026-06-26 13:00:00,fyn,26.2975,826.57,4.3475,0.0,1016.17,49.0725,3.33333
1782475200,2026-06-26 12:00:00,2026-06-26 14:00:00,fyn,27.0975,847.275,4.9775,0.0,1015.7,46.7775,0.0
1782478800,2026-06-26 13:00:00,2026-06-26 15:00:00,fyn,27.6775,822.485,4.9425,0.0,1015.95,45.53,0.0
1782482400,2026-06-26 14:00:00,2026-06-26 16:00:00,fyn,28.08,759.495,4.465,0.0,1016.1,44.1575,10.0
1782486000,2026-06-26 15:00:00,2026-06-26 17:00:00,fyn,28.445,663.235,3.78,0.0,1015.21,43.2675,5.0
1782489600,2026-06-26 16:00:00,2026-06-26 18:00:00,fyn,28.345,536.47,4.49,0.0,1014.52,44.12,0.0
1782493200,2026-06-26 17:00:00,2026-06-26 19:00:00,fyn,27.9525,363.625,4.54,0.0,1014.11,46.6475,0.0
1782496800,2026-06-26 18:00:00,2026-06-26 20:00:00,fyn,27.2525,231.09,3.9375,0.0,1013.9,50.8025,6.66667
1782500400,2026-06-26 19:00:00,2026-06-26 21:00:00,fyn,26.04,118.625,3.5,0.0,1013.18,47.0,10.0
1782504000,2026-06-26 20:00:00,2026-06-26 22:00:00,fyn,24.29,30.655,2.57,0.0,1011.33,68.445,5.0
1782507600,2026-06-26 21:00:00,2026-06-26 23:00:00,fyn,21.5,0.655,2.57,0.0,1016.22,77.325,0.0
1782511200,2026-06-26 22:00:00,2026-06-27 00:00:00,fyn,20.8,0.0,1.03,0.0,1016.08,80.905,0.0
1782514800,2026-06-26 23:00:00,2026-06-27 01:00:00,fyn,20.0633,0.0,2.55333,0.0,1013.76,85.0,0.0
1782518400,2026-06-27 00:00:00,2026-06-27 02:00:00,fyn,22.25,0.0,2.48333,0.0,1013.37,79.205,3.33333
1782522000,2026-06-27 01:00:00,2026-06-27 03:00:00,fyn,18.8,0.0,1.54,0.0,1013.97,86.8933,8.33333
1782525600,2026-06-27 02:00:00,2026-06-27 04:00:00,fyn,17.7,0.0,0.07,0.0,1012.86,95.26,10.0
1782529200,2026-06-27 03:00:00,2026-06-27 05:00:00,fyn,19.025,2.695,1.7725,0.0,1012.98,87.665,3.33333
1782532800,2026-06-27 04:00:00,2026-06-27 06:00:00,fyn,19.9425,43.775,2.1475,0.0,1012.96,85.455,0.0
1782536400,2026-06-27 05:00:00,2026-06-27 07:00:00,fyn,21.9275,129.15,1.94,0.0,1013.09,79.17,3.33333
1782540000,2026-06-27 06:00:00,2026-06-27 08:00:00,fyn,24.245,277.405,2.31,0.0,1013.16,69.985,0.0
1782543600,2026-06-27 07:00:00,2026-06-27 09:00:00,fyn,26.145,386.96,3.0325,0.0,1013.31,63.155,0.0
1782547200,2026-06-27 08:00:00,2026-06-27 10:00:00,fyn,27.445,507.62,2.89,0.0,1013.46,62.5425,0.0
1782550800,2026-06-27 09:00:00,2026-06-27 11:00:00,fyn,28.515,657.515,2.775,0.0,1013.49,63.6325,0.0
1782554400,2026-06-27 10:00:00,2026-06-27 12:00:00,fyn,30.0175,630.87,3.3675,0.0,1013.21,58.5625,1.66667
1782558000,2026-06-27 11:00:00,2026-06-27 13:00:00,fyn,31.26,750.775,3.6025,0.0,1013.09,54.085,1.66667
1782561600,2026-06-27 12:00:00,2026-06-27 14:00:00,fyn,32.0375,816.255,3.4375,0.0,1013.2,50.795,6.66667
1782565200,2026-06-27 13:00:00,2026-06-27 15:00:00,fyn,32.0625,665.71,3.5525,0.0,1013.65,50.6025,10.0
1782568800,2026-06-27 14:00:00,2026-06-27 16:00:00,fyn,29.5225,215.975,6.1825,0.0,1013.94,56.0225,46.0
1782572400,2026-06-27 15:00:00,2026-06-27 17:00:00,fyn,26.13,137.09,3.6875,0.0,1013.59,70.0525,76.6667
1782576000,2026-06-27 16:00:00,2026-06-27 18:00:00,fyn,25.9675,243.055,2.57,0.0,1013.16,75.9075,10.0
1782579600,2026-06-27 17:00:00,2026-06-27 19:00:00,fyn,26.8725,254.125,1.8125,0.0,1012.93,71.8575,36.6667
1782583200,2026-06-27 18:00:00,2026-06-27 20:00:00,fyn,26.965,133.475,1.24,0.0,1013.09,72.4225,70.0
1782586800,2026-06-27 19:00:00,2026-06-27 21:00:00,fyn,25.6725,52.125,1.4675,0.0,1013.08,79.18,48.3333
1782590400,2026-06-27 20:00:00,2026-06-27 22:00:00,fyn,24.4325,18.285,1.73,0.0,1013.62,83.48,41.6667
1782594000,2026-06-27 21:00:00,2026-06-27 23:00:00,fyn,23.455,0.935,2.1025,0.0,1013.61,87.9125,90.0
1782597600,2026-06-27 22:00:00,2026-06-28 00:00:00,fyn,22.8375,0.0,1.76,0.0,1013.24,89.7725,75.0
1782601200,2026-06-27 23:00:00,2026-06-28 01:00:00,fyn,22.1225,0.0,2.135,0.0,1012.91,91.2625,85.0
1782604800,2026-06-28 00:00:00,2026-06-28 02:00:00,fyn,22.085,0.0,2.125,0.0,1012.61,90.755,90.0
1782608400,2026-06-28 01:00:00,2026-06-28 03:00:00,fyn,21.5525,0.0,2.085,0.0,1013.23,93.73,91.6667
1782612000,2026-06-28 02:00:00,2026-06-28 04:00:00,fyn,21.3625,0.0,2.85,0.03,1014.53,93.3825,91.6667
1782615600,2026-06-28 03:00:00,2026-06-28 05:00:00,fyn,21.28,0.0,4.115,2.22,1012.68,93.6775,98.3333
1782619200,2026-06-28 04:00:00,2026-06-28 06:00:00,fyn,20.765,0.585,4.19,2.95,1011.15,93.2625,86.6667
1782622800,2026-06-28 05:00:00,2026-06-28 07:00:00,fyn,20.4875,35.535,3.59,0.06,1012.58,94.545,66.6667
1782626400,2026-06-28 06:00:00,2026-06-28 08:00:00,fyn,20.725,133.25,4.4125,0.0,1013.24,94.0625,66.6667
1782630000,2026-06-28 07:00:00,2026-06-28 09:00:00,fyn,21.12,152.07,2.9375,0.0,1011.47,92.3425,75.0
1782633600,2026-06-28 08:00:00,2026-06-28 10:00:00,fyn,21.645,185.565,1.825,0.0,1011.83,89.5025,85.0
1782637200,2026-06-28 09:00:00,2026-06-28 11:00:00,fyn,22.2025,247.77,2.4225,0.0766667,1013.23,87.0675,23.3333
1782640800,2026-06-28 10:00:00,2026-06-28 12:00:00,fyn,23.4075,722.09,4.6125,0.0166667,1013.34,79.04,5.0
1782644400,2026-06-28 11:00:00,2026-06-28 13:00:00,fyn,24.6175,760.835,4.0075,0.0,1013.39,70.975,1.66667
1782648000,2026-06-28 12:00:00,2026-06-28 14:00:00,fyn,25.1475,813.37,4.2775,0.0,1013.81,69.39,10.0
1782651600,2026-06-28 13:00:00,2026-06-28 15:00:00,fyn,25.3225,643.995,4.8075,0.0,1014.06,68.8475,25.0
1782655200,2026-06-28 14:00:00,2026-06-28 16:00:00,fyn,25.5475,732.49,4.86,0.0,1014.28,68.885,0.0
1782658800,2026-06-28 15:00:00,2026-06-28 17:00:00,fyn,25.8675,638.575,4.1075,0.0,1014.35,67.495,0.0
1782662400,2026-06-28 16:00:00,2026-06-28 18:00:00,fyn,26.24,511.8,3.93,0.0,1014.33,64.65,0.0
1782666000,2026-06-28 17:00:00,2026-06-28 19:00:00,fyn,25.9925,382.335,4.4275,0.0,1014.36,63.5575,0.0
1782669600,2026-06-28 18:00:00,2026-06-28 20:00:00,fyn,25.49,242.29,3.7975,0.0,1014.69,65.825,0.0
1782673200,2026-06-28 19:00:00,2026-06-28 21:00:00,fyn,24.3425,113.425,3.7125,0.0,1015.21,71.9925,0.0
1782676800,2026-06-28 20:00:00,2026-06-28 22:00:00,fyn,22.79,24.145,4.01,0.0,1015.55,78.5025,0.0
1782680400,2026-06-28 21:00:00,2026-06-28 23:00:00,fyn,21.37,0.73,3.9125,0.0,1015.98,84.205,61.6667
1782684000,2026-06-28 22:00:00,2026-06-29 00:00:00,fyn,20.57,0.0,3.48,0.0,1016.2,87.5,90.0
1782687600,2026-06-28 23:00:00,2026-06-29 01:00:00,fyn,19.7425,0.0,3.4625,0.0,1016.2,89.78,76.6667
1782691200,2026-06-29 00:00:00,2026-06-29 02:00:00,fyn,19.185,0.0,3.66,0.0,1016.3,90.27,28.3333
1782694800,2026-06-29 01:00:00,2026-06-29 03:00:00,fyn,18.335,0.0,3.965,0.0,1016.34,92.5725,1.66667
1782698400,2026-06-29 02:00:00,2026-06-29 04:00:00,fyn,17.825,0.0,3.4275,0.0,1016.81,94.255,21.6667
1782702000,2026-06-29 03:00:00,2026-06-29 05:00:00,fyn,17.475,1.895,2.8425,0.0,1017.02,95.035,63.3333
1782705600,2026-06-29 04:00:00,2026-06-29 06:00:00,fyn,17.27,22.355,2.1925,0.0,1017.15,95.3325,23.3333
1782709200,2026-06-29 05:00:00,2026-06-29 07:00:00,fyn,17.8925,103.64,2.385,0.0,1017.52,94.1775,90.0
1782712800,2026-06-29 06:00:00,2026-06-29 08:00:00,fyn,18.66,171.595,3.1725,0.0,1018.12,91.8875,75.0
1782716400,2026-06-29 07:00:00,2026-06-29 09:00:00,fyn,19.23,158.735,3.7825,0.0,1018.53,88.5675,70.0
1782720000,2026-06-29 08:00:00,2026-06-29 10:00:00,fyn,20.1825,309.26,3.7425,0.0,1019.06,82.0775,46.6667
1782723600,2026-06-29 09:00:00,2026-06-29 11:00:00,fyn,21.0375,471.475,4.3125,0.0,1019.48,74.44,36.6667
1782727200,2026-06-29 10:00:00,2026-06-29 12:00:00,fyn,21.9025,678.045,4.8275,0.0,1019.72,63.84,23.3333
1782730800,2026-06-29 11:00:00,2026-06-29 13:00:00,fyn,22.5375,817.005,5.0275,0.0,1019.89,52.8625,20.0
1782734400,2026-06-29 12:00:00,2026-06-29 14:00:00,fyn,22.7475,837.78,5.1925,0.0,1020.03,46.4867,8.33333
1782738000,2026-06-29 13:00:00,2026-06-29 15:00:00,fyn,22.85,812.93,5.17333,0.0,1019.4,44.2367,5.0
1782741600,2026-06-29 14:00:00,2026-06-29 16:00:00,fyn,22.6225,743.125,5.065,0.0,1019.73,44.83,0.0
1782745200,2026-06-29 15:00:00,2026-06-29 17:00:00,fyn,22.4975,681.975,5.0275,0.0,1020.71,43.285,3.33333
1782748800,2026-06-29 16:00:00,2026-06-29 18:00:00,fyn,22.0975,554.325,4.9225,0.0,1020.91,43.8125,0.0
1782752400,2026-06-29 17:00:00,2026-06-29 19:00:00,fyn,21.65,410.86,4.67,0.0,1021.19,45.2025,0.0
1782756000,2026-06-29 18:00:00,2026-06-29 20:00:00,fyn,20.8475,266.955,4.6925,0.0,1021.67,46.88,0.0
1782759600,2026-06-29 19:00:00,2026-06-29 21:00:00,fyn,19.7375,132.515,4.415,0.0,1021.84,50.62,3.33333
1782763200,2026-06-29 20:00:00,2026-06-29 22:00:00,fyn,17.6825,26.535,3.125,0.0,1022.18,59.725,5.0
1782766800,2026-06-29 21:00:00,2026-06-29 23:00:00,fyn,15.9625,0.625,3.1625,0.0,1022.43,68.685,0.0
1782770400,2026-06-29 22:00:00,2026-06-30 00:00:00,fyn,14.5225,0.0,2.5375,0.0,1022.46,76.985,0.0
1782774000,2026-06-29 23:00:00,2026-06-30 01:00:00,fyn,13.4775,0.0,1.9925,0.0,1022.64,83.55,0.0
1782777600,2026-06-30 00:00:00,2026-06-30 02:00:00,fyn,12.84,0.0,1.7575,0.0,1022.75,86.4225,0.0
1782781200,2026-06-30 01:00:00,2026-06-30 03:00:00,fyn,12.19,0.0,1.7925,0.0,1022.82,89.8775,8.33333
1782784800,2026-06-30 02:00:00,2026-06-30 04:00:00,fyn,12.075,0.0,1.2425,0.0,1022.87,91.07,5.0
1782788400,2026-06-30 03:00:00,2026-06-30 05:00:00,fyn,12.315,1.85,1.42,0.0,1022.84,90.455,51.6667
1782792000,2026-06-30 04:00:00,2026-06-30 06:00:00,fyn,12.8175,31.705,0.6825,0.0,1022.77,90.565,80.0
1782795600,2026-06-30 05:00:00,2026-06-30 07:00:00,fyn,14.3375,124.525,0.425,0.0,1022.72,88.625,80.0
1782799200,2026-06-30 06:00:00,2026-06-30 08:00:00,fyn,15.795,207.015,1.04,0.0,1022.71,83.9575,76.6667
1782802800,2026-06-30 07:00:00,2026-06-30 09:00:00,fyn,17.4775,374.405,1.565,0.0,1022.78,75.1775,36.6667
1782806400,2026-06-30 08:00:00,2026-06-30 10:00:00,fyn,18.3025,445.87,1.845,0.0,1022.79,68.26,40.0
1782810000,2026-06-30 09:00:00,2026-06-30 11:00:00,fyn,18.995,512.085,2.1025,0.0,1022.68,65.625,25.0
1782813600,2026-06-30 10:00:00,2026-06-30 12:00:00,fyn,19.5775,577.375,2.19,,1022.48,62.5175,60.0
1782817200,2026-06-30 11:00:00,2026-06-30 13:00:00,fyn,20.14,678.95,1.9425,0.0,1021.96,60.195,20.0
1782820800,2026-06-30 12:00:00,2026-06-30 14:00:00,fyn,20.6425,771.005,1.8675,0.0,1021.35,57.7125,80.0
1782824400,2026-06-30 13:00:00,2026-06-30 15:00:00,fyn,21.1025,637.795,1.9325,0.0,1020.7,55.31,61.6667
1782828000,2026-06-30 14:00:00,2026-06-30 16:00:00,fyn,21.265,438.14,2.13,0.0,1020.17,55.37,71.6667
1782831600,2026-06-30 15:00:00,2026-06-30 17:00:00,fyn,20.81,350.895,2.79,0.0,1019.94,62.4675,80.0
1782835200,2026-06-30 16:00:00,2026-06-30 18:00:00,fyn,20.5,228.025,2.7025,0.0,1019.65,63.7975,85.0
1782838800,2026-06-30 17:00:00,2026-06-30 19:00:00,fyn,20.1575,87.6,2.275,0.0,1019.12,65.5125,90.0
1782842400,2026-06-30 18:00:00,2026-06-30 20:00:00,fyn,19.5225,73.7,2.0725,0.0,1019.05,69.35,85.0
1782846000,2026-06-30 19:00:00,2026-06-30 21:00:00,fyn,19.0825,27.975,1.39,0.0,1018.67,72.9525,90.0
1782849600,2026-06-30 20:00:00,2026-06-30 22:00:00,fyn,18.345,5.14,1.57,0.0,1018.7,76.415,90.0
1782853200,2026-06-30 21:00:00,2026-06-30 23:00:00,fyn,17.8175,0.045,1.4025,0.0,1018.55,78.2025,90.0
1782856800,2026-06-30 22:00:00,2026-07-01 00:00:00,fyn,17.0325,0.0,0.9175,0.0,1018.41,83.6,90.0
1782860400,2026-06-30 23:00:00,2026-07-01 01:00:00,fyn,16.89,0.0,0.8925,0.0,1018.12,84.88,90.0
1782864000,2026-07-01 00:00:00,2026-07-01 02:00:00,fyn,16.24,0.0,1.3975,0.0,1017.87,88.655,90.0
1782867600,2026-07-01 01:00:00,2026-07-01 03:00:00,fyn,15.905,0.0,1.1525,0.0,1017.68,91.1375,90.0
1782871200,2026-07-01 02:00:00,2026-07-01 04:00:00,fyn,15.8525,0.0,1.4425,0.0,1017.38,91.0675,95.0
1782874800,2026-07-01 03:00:00,2026-07-01 05:00:00,fyn,15.5725,0.675,1.42,0.0,1017.12,91.0025,93.3333
1782878400,2026-07-01 04:00:00,2026-07-01 06:00:00,fyn,15.5025,17.86,1.5375,0.0,1016.93,90.4275,90.0
1782882000,2026-07-01 05:00:00,2026-07-01 07:00:00,fyn,15.93,61.155,1.13,0.0,1016.8,88.2075,90.0
1782885600,2026-07-01 06:00:00,2026-07-01 08:00:00,fyn,16.535,70.11,1.3275,0.0,1017.02,86.045,90.0
1782889200,2026-07-01 07:00:00,2026-07-01 09:00:00,fyn,17.085,77.54,2.3225,0.0,1017.43,81.505,90.0
1782892800,2026-07-01 08:00:00,2026-07-01 10:00:00,fyn,17.445,109.865,2.11,0.0,1017.38,78.86,90.0
1782896400,2026-07-01 09:00:00,2026-07-01 11:00:00,fyn,18.155,288.575,2.635,0.0,1017.22,77.8975,90.0
1782900000,2026-07-01 10:00:00,2026-07-01 12:00:00,fyn,18.9875,428.2,2.935,0.0,1017.15,78.5475,90.0
1782903600,2026-07-01 11:00:00,2026-07-01 13:00:00,fyn,19.99,492.74,2.015,0.0,1017.07,73.4525,55.0
1782907200,2026-07-01 12:00:00,2026-07-01 14:00:00,fyn,20.7875,565.42,2.3275,0.0,1016.94,67.9825,46.6667
1782910800,2026-07-01 13:00:00,2026-07-01 15:00:00,fyn,21.4775,579.785,2.875,0.0,1016.91,62.55,80.0
1782914400,2026-07-01 14:00:00,2026-07-01 16:00:00,fyn,21.855,575.58,2.245,0.0,1016.58,56.835,46.6667
1782918000,2026-07-01 15:00:00,2026-07-01 17:00:00,fyn,22.3625,582.71,2.1125,0.0,1016.36,53.55,66.6667
1782921600,2026-07-01 16:00:00,2026-07-01 18:00:00,fyn,22.19,348.92,2.745,0.0,1016.19,55.1725,8.33333
1782925200,2026-07-01 17:00:00,2026-07-01 19:00:00,fyn,21.88,303.825,3.9175,0.0,1016.11,57.3075,51.6667
1782928800,2026-07-01 18:00:00,2026-07-01 20:00:00,fyn,20.875,212.015,4.4625,0.0,1016.25,62.5,50.0
1782932400,2026-07-01 19:00:00,2026-07-01 21:00:00,fyn,19.92,133.17,4.425,0.0,1016.52,64.5775,45.0
1782936000,2026-07-01 20:00:00,2026-07-01 22:00:00,fyn,18.42,28.915,3.915,0.0,1016.77,67.57,18.3333
1782939600,2026-07-01 21:00:00,2026-07-01 23:00:00,fyn,16.5625,0.27,3.51,0.0,1016.85,74.985,1.66667
1782943200,2026-07-01 22:00:00,2026-07-02 00:00:00,fyn,15.07,0.0,3.2125,0.0,1016.71,82.0,0.0
1782946800,2026-07-01 23:00:00,2026-07-02 01:00:00,fyn,14.03,0.0,2.4925,0.0,1016.42,86.6025,0.0
1782950400,2026-07-02 00:00:00,2026-07-02 02:00:00,fyn,12.8975,0.0,2.3725,0.0,1015.77,91.3625,0.0
1782954000,2026-07-02 01:00:00,2026-07-02 03:00:00,fyn,12.475,0.0,1.6475,0.0,1015.26,92.93,3.33333
1782957600,2026-07-02 02:00:00,2026-07-02 04:00:00,fyn,12.3025,0.0,1.705,0.0,1014.5,93.25,8.33333
1782961200,2026-07-02 03:00:00,2026-07-02 05:00:00,fyn,12.7425,2.335,2.305,0.0,1013.59,92.6375,25.0
1782964800,2026-07-02 04:00:00,2026-07-02 06:00:00,fyn,13.455,37.57,2.88,0.0,1012.73,92.66,50.0
1782968400,2026-07-02 05:00:00,2026-07-02 07:00:00,fyn,14.675,73.665,3.7875,0.0,1012.14,90.91,80.0
1782972000,2026-07-02 06:00:00,2026-07-02 08:00:00,fyn,15.6925,91.155,4.57,0.0,1011.54,88.8575,90.0
1782975600,2026-07-02 07:00:00,2026-07-02 09:00:00,fyn,16.355,72.535,5.155,0.416667,1010.57,88.1475,90.0
1782979200,2026-07-02 08:00:00,2026-07-02 10:00:00,fyn,16.39,72.49,5.2375,2.41,1009.46,89.955,93.3333
1782982800,2026-07-02 09:00:00,2026-07-02 11:00:00,fyn,16.505,74.845,5.855,1.38,1008.19,92.5575,90.0
1782986400,2026-07-02 10:00:00,2026-07-02 12:00:00,fyn,16.84,106.225,6.79,1.22,1007.47,92.2925,91.6667
1782990000,2026-07-02 11:00:00,2026-07-02 13:00:00,fyn,17.0175,120.875,8.3225,1.08667,1007.0,93.0575,95.0
1782993600,2026-07-02 12:00:00,2026-07-02 14:00:00,fyn,17.2425,211.665,7.655,0.166667,1006.71,94.92,91.6667
1782997200,2026-07-02 13:00:00,2026-07-02 15:00:00,fyn,17.9425,325.055,7.8525,0.383333,1006.67,91.8025,85.0
1783000800,2026-07-02 14:00:00,2026-07-02 16:00:00,fyn,18.38,382.915,8.7275,0.183333,1006.97,85.465,61.6667
1783004400,2026-07-02 15:00:00,2026-07-02 17:00:00,fyn,18.46,395.89,9.7575,0.0,1007.24,77.325,53.3333
1783008000,2026-07-02 16:00:00,2026-07-02 18:00:00,fyn,18.37,322.375,9.8225,0.0,1007.44,72.8625,55.0
1783011600,2026-07-02 17:00:00,2026-07-02 19:00:00,fyn,17.87,257.245,9.8075,0.0,1007.82,75.635,70.0
1783015200,2026-07-02 18:00:00,2026-07-02 20:00:00,fyn,16.7625,181.215,9.555,0.103333,1008.37,78.965,28.3333
1783018800,2026-07-02 19:00:00,2026-07-02 21:00:00,fyn,16.1625,99.035,9.44,0.0,1009.18,76.22,30.0
1783022400,2026-07-02 20:00:00,2026-07-02 22:00:00,fyn,14.905,13.11,9.2275,0.186667,1009.94,82.13,80.0
1783026000,2026-07-02 21:00:00,2026-07-02 23:00:00,fyn,14.25,0.105,8.2725,0.0,1010.26,82.3325,55.0
1783029600,2026-07-02 22:00:00,2026-07-03 00:00:00,fyn,13.83,0.0,8.2375,0.0,1010.39,79.9475,90.0
1783033200,2026-07-02 23:00:00,2026-07-03 01:00:00,fyn,13.7225,0.0,8.3075,0.0,1010.61,79.6975,91.6667
1783036800,2026-07-03 00:00:00,2026-07-03 02:00:00,fyn,13.6025,0.0,8.965,0.0,1010.74,80.155,90.0
1783040400,2026-07-03 01:00:00,2026-07-03 03:00:00,fyn,13.7175,0.0,8.98,0.0,1010.78,78.82,90.0
1783044000,2026-07-03 02:00:00,2026-07-03 04:00:00,fyn,13.7075,0.0,9.285,0.0,1010.95,78.395,96.6667
1783047600,2026-07-03 03:00:00,2026-07-03 05:00:00,fyn,13.75,0.0,10.1775,0.293333,1011.19,77.48,95.0
1783051200,2026-07-03 04:00:00,2026-07-03 06:00:00,fyn,13.6875,7.485,10.3025,0.0,1011.48,77.23,95.0
1783054800,2026-07-03 05:00:00,2026-07-03 07:00:00,fyn,13.5975,38.305,10.2325,0.0,1012.04,78.18,90.0
1783058400,2026-07-03 06:00:00,2026-07-03 08:00:00,fyn,13.3,86.125,9.92,0.0,1012.69,83.3675,90.0
1783062000,2026-07-03 07:00:00,2026-07-03 09:00:00,fyn,13.625,166.12,10.0175,0.0,1013.38,80.6975,91.6667
1783065600,2026-07-03 08:00:00,2026-07-03 10:00:00,fyn,14.165,238.895,10.405,0.02,1013.88,74.3725,93.3333
1783069200,2026-07-03 09:00:00,2026-07-03 11:00:00,fyn,14.6475,319.705,10.73,0.0266667,1014.32,70.2725,98.3333
1783072800,2026-07-03 10:00:00,2026-07-03 12:00:00,fyn,14.935,344.625,11.075,0.0,1014.8,68.68,95.0
1783076400,2026-07-03 11:00:00,2026-07-03 13:00:00,fyn,15.6,426.45,10.9925,0.0,1015.28,66.105,65.0
1783080000,2026-07-03 12:00:00,2026-07-03 14:00:00,fyn,16.33,523.88,11.2625,0.0,1015.69,62.0475,51.6667
1783083600,2026-07-03 13:00:00,2026-07-03 15:00:00,fyn,16.6275,579.905,10.555,0.0,1016.01,60.325,60.0
1783087200,2026-07-03 14:00:00,2026-07-03 16:00:00,fyn,16.6525,585.5,11.1,0.0,1016.39,57.965,60.0
1783090800,2026-07-03 15:00:00,2026-07-03 17:00:00,fyn,16.57,550.37,10.935,0.0,1016.64,57.5725,38.3333
1783094400,2026-07-03 16:00:00,2026-07-03 18:00:00,fyn,16.3125,458.42,11.01,0.0,1016.84,57.7775,25.0
1783098000,2026-07-03 17:00:00,2026-07-03 19:00:00,fyn,16.045,388.555,10.4925,0.0,1017.12,58.5575,41.6667
1783101600,2026-07-03 18:00:00,2026-07-03 20:00:00,fyn,15.3525,215.865,9.71,0.0,1017.48,64.815,70.0
1783105200,2026-07-03 19:00:00,2026-07-03 21:00:00,fyn,14.6325,95.94,8.915,0.0,1017.81,68.3325,80.0
1783108800,2026-07-03 20:00:00,2026-07-03 22:00:00,fyn,14.1325,14.515,8.4525,0.0,1018.27,71.0975,60.0
1783112400,2026-07-03 21:00:00,2026-07-03 23:00:00,fyn,13.7825,0.05,7.5275,0.0,1018.35,72.56,90.0
1783116000,2026-07-03 22:00:00,2026-07-04 00:00:00,fyn,13.4525,0.0,6.67,0.0,1018.32,74.6725,28.3333
1783119600,2026-07-03 23:00:00,2026-07-04 01:00:00,fyn,12.785,0.0,6.0725,0.0,1018.2,76.5275,10.0
1783123200,2026-07-04 00:00:00,2026-07-04 02:00:00,fyn,12.395,0.0,5.605,0.0,1017.88,78.3525,36.6667
1783126800,2026-07-04 01:00:00,2026-07-04 03:00:00,fyn,12.1225,0.0,4.72,0.0,1017.62,81.04,61.6667
1783130400,2026-07-04 02:00:00,2026-07-04 04:00:00,fyn,11.9775,0.0,4.5875,0.0,1017.36,83.445,58.3333
1783134000,2026-07-04 03:00:00,2026-07-04 05:00:00,fyn,11.96,0.99,4.31,0.0,1017.22,85.05,41.6667
1783137600,2026-07-04 04:00:00,2026-07-04 06:00:00,fyn,12.23,34.375,4.62,0.0,1017.12,85.9775,15.0
1783141200,2026-07-04 05:00:00,2026-07-04 07:00:00,fyn,13.015,127.13,4.47,0.0,1017.04,83.72,10.0
1783144800,2026-07-04 06:00:00,2026-07-04 08:00:00,fyn,14.0425,241.425,4.815,0.0,1016.96,79.8925,23.3333
1783148400,2026-07-04 07:00:00,2026-07-04 09:00:00,fyn,15.225,376.795,5.8,0.0,1016.87,73.505,10.0
1783152000,2026-07-04 08:00:00,2026-07-04 10:00:00,fyn,16.5875,473.91,6.255,0.0,1016.53,67.8225,25.0
1783155600,2026-07-04 09:00:00,2026-07-04 11:00:00,fyn,17.665,618.59,6.26,0.0,1016.28,64.06,40.0
1783159200,2026-07-04 10:00:00,2026-07-04 12:00:00,fyn,18.3725,560.985,5.46,0.0,1015.97,62.145,65.0
1783162800,2026-07-04 11:00:00,2026-07-04 13:00:00,fyn,18.8975,706.025,4.82,0.0,1015.68,61.2125,65.0
1783166400,2026-07-04 12:00:00,2026-07-04 14:00:00,fyn,19.03,557.08,5.065,0.0,1015.38,63.3625,58.3333
1783170000,2026-07-04 13:00:00,2026-07-04 15:00:00,fyn,19.0425,594.015,5.855,0.0,1015.02,64.0925,33.3333
1783173600,2026-07-04 14:00:00,2026-07-04 16:00:00,fyn,19.215,475.945,5.23,0.0,1014.59,64.4825,50.0
1783177200,2026-07-04 15:00:00,2026-07-04 17:00:00,fyn,18.9,288.275,5.15,0.0,1014.09,68.22,90.0
1783180800,2026-07-04 16:00:00,2026-07-04 18:00:00,fyn,18.5625,329.75,5.8975,0.0,1013.72,70.905,56.6667
1783184400,2026-07-04 17:00:00,2026-07-04 19:00:00,fyn,17.9725,122.18,5.1425,0.0,1013.33,74.96,46.6667
1783188000,2026-07-04 18:00:00,2026-07-04 20:00:00,fyn,17.3275,64.865,4.8175,0.0,1013.03,79.3225,85.0
1783191600,2026-07-04 19:00:00,2026-07-04 21:00:00,fyn,16.8225,32.74,5.06,0.0,1012.83,81.845,93.3333
1783195200,2026-07-04 20:00:00,2026-07-04 22:00:00,fyn,16.12,8.365,4.51,0.0,1012.67,84.74,91.6667
1783198800,2026-07-04 21:00:00,2026-07-04 23:00:00,fyn,15.7375,0.12,4.2725,0.0,1012.4,86.3075,90.0
1783202400,2026-07-04 22:00:00,2026-07-05 00:00:00,fyn,15.3275,0.0,4.5625,0.0,1011.96,89.995,90.0
1783206000,2026-07-04 23:00:00,2026-07-05 01:00:00,fyn,14.9925,0.0,4.5425,0.0,1011.32,91.35,91.6667
1783209600,2026-07-05 00:00:00,2026-07-05 02:00:00,fyn,14.695,0.0,3.9325,0.0,1010.94,93.1825,90.0
1783213200,2026-07-05 01:00:00,2026-07-05 03:00:00,fyn,14.5475,0.0,3.92,0.0,1010.74,95.2625,63.3333
1783216800,2026-07-05 02:00:00,2026-07-05 04:00:00,fyn,14.2,0.0,4.3725,0.0466667,1010.7,94.96,85.0
1783220400,2026-07-05 03:00:00,2026-07-05 05:00:00,fyn,14.0775,0.405,5.1675,0.0,1010.78,92.91,81.6667
1783224000,2026-07-05 04:00:00,2026-07-05 06:00:00,fyn,14.0525,13.805,5.6025,0.0,1010.95,91.2825,91.6667
1783227600,2026-07-05 05:00:00,2026-07-05 07:00:00,fyn,14.1625,79.24,5.97,0.0,1011.41,89.3775,85.0
1783231200,2026-07-05 06:00:00,2026-07-05 08:00:00,fyn,14.43,133.335,6.2525,0.0,1011.66,86.325,36.6667
1783234800,2026-07-05 07:00:00,2026-07-05 09:00:00,fyn,14.965,196.77,6.635,0.0,1011.6,83.2425,15.0
1783238400,2026-07-05 08:00:00,2026-07-05 10:00:00,fyn,15.99,334.66,7.1675,0.0,1011.71,76.4325,20.0
1783242000,2026-07-05 09:00:00,2026-07-05 11:00:00,fyn,17.085,571.37,7.925,0.0,1011.82,66.66,15.0
1783245600,2026-07-05 10:00:00,2026-07-05 12:00:00,fyn,17.975,723.32,9.095,0.0,1012.0,57.9425,20.0
1783249200,2026-07-05 11:00:00,2026-07-05 13:00:00,fyn,18.2725,782.735,9.1025,0.0,1012.09,53.88,15.0
1783252800,2026-07-05 12:00:00,2026-07-05 14:00:00,fyn,18.2425,801.625,9.2575,0.0,1012.25,51.13,5.0
1783256400,2026-07-05 13:00:00,2026-07-05 15:00:00,fyn,18.3425,834.795,9.0725,0.0,1012.41,49.7275,0.0
1783260000,2026-07-05 14:00:00,2026-07-05 16:00:00,fyn,18.2,764.965,8.8275,0.0,1012.58,50.025,5.0
1783263600,2026-07-05 15:00:00,2026-07-05 17:00:00,fyn,18.015,651.6,8.5375,0.0,1012.6,50.02,1.66667
1783267200,2026-07-05 16:00:00,2026-07-05 18:00:00,fyn,17.39,521.015,8.5525,0.0,1012.54,51.1325,1.66667
1783270800,2026-07-05 17:00:00,2026-07-05 19:00:00,fyn,16.7025,375.415,8.015,0.0,1012.57,53.0025,0.0
1783274400,2026-07-05 18:00:00,2026-07-05 20:00:00,fyn,15.88,234.77,7.515,0.0,1012.62,54.3075,0.0
1783278000,2026-07-05 19:00:00,2026-07-05 21:00:00,fyn,14.6575,105.915,6.7775,0.0,1012.57,59.34,1.66667
1783281600,2026-07-05 20:00:00,2026-07-05 22:00:00,fyn,13.335,20.195,6.35,0.0,1012.6,67.5325,36.6667
1783285200,2026-07-05 21:00:00,2026-07-05 23:00:00,fyn,12.2225,0.0,5.615,0.0,1012.6,73.3525,0.0
1783288800,2026-07-05 22:00:00,2026-07-06 00:00:00,fyn,11.3275,0.0,4.8275,0.0,1012.45,78.98,5.0
1783292400,2026-07-05 23:00:00,2026-07-06 01:00:00,fyn,11.02,0.0,4.59,0.0,1012.17,81.115,23.3333
1783296000,2026-07-06 00:00:00,2026-07-06 02:00:00,fyn,11.0625,0.0,4.44,0.0,1011.71,80.4825,90.0
1783299600,2026-07-06 01:00:00,2026-07-06 03:00:00,fyn,10.915,0.0,3.85,0.0,1011.14,81.57,80.0
1783303200,2026-07-06 02:00:00,2026-07-06 04:00:00,fyn,10.835,0.0,3.49,0.0,1010.59,83.58,80.0
1783306800,2026-07-06 03:00:00,2026-07-06 05:00:00,fyn,11.0075,0.665,3.13,0.0,1009.97,85.265,90.0
1783310400,2026-07-06 04:00:00,2026-07-06 06:00:00,fyn,11.4425,10.29,2.87,0.0,1009.36,87.175,90.0
1783314000,2026-07-06 05:00:00,2026-07-06 07:00:00,fyn,12.09,27.575,2.3825,0.0,1008.63,88.8,96.6667
1783317600,2026-07-06 06:00:00,2026-07-06 08:00:00,fyn,12.715,58.21,2.2525,0.306667,1008.04,90.6025,93.3333
1783321200,2026-07-06 07:00:00,2026-07-06 09:00:00,fyn,13.0075,69.13,2.4325,1.09667,1007.28,94.835,90.0
1783324800,2026-07-06 08:00:00,2026-07-06 10:00:00,fyn,13.5325,100.9,2.635,1.27667,1006.55,96.6775,93.3333
1783328400,2026-07-06 09:00:00,2026-07-06 11:00:00,fyn,14.2875,151.33,2.5525,0.52,1005.83,96.915,91.6667
1783332000,2026-07-06 10:00:00,2026-07-06 12:00:00,fyn,15.17,185.46,3.0925,0.0566667,1005.39,96.3475,96.6667
1783335600,2026-07-06 11:00:00,2026-07-06 13:00:00,fyn,15.635,279.215,3.625,0.16,1004.96,95.765,91.6667
1783339200,2026-07-06 12:00:00,2026-07-06 14:00:00,fyn,16.4775,371.03,3.605,0.153333,1004.79,92.605,90.0
1783342800,2026-07-06 13:00:00,2026-07-06 15:00:00,fyn,16.7425,227.03,4.9825,0.313333,1004.76,90.085,91.6667
1783346400,2026-07-06 14:00:00,2026-07-06 16:00:00,fyn,16.81,163.525,6.3,0.193333,1004.74,88.1775,91.6667
1783350000,2026-07-06 15:00:00,2026-07-06 17:00:00,fyn,15.9875,97.475,6.84,0.716667,1004.59,90.62,90.0
1783353600,2026-07-06 16:00:00,2026-07-06 18:00:00,fyn,15.3825,98.11,6.59,0.286667,1004.41,92.96,90.0
1783357200,2026-07-06 17:00:00,2026-07-06 19:00:00,fyn,15.0425,110.81,6.385,0.07,1004.11,94.18,90.0
1783360800,2026-07-06 18:00:00,2026-07-06 20:00:00,fyn,15.1975,103.965,6.365,0.0,1004.04,92.97,91.6667
1783364400,2026-07-06 19:00:00,2026-07-06 21:00:00,fyn,15.025,29.765,6.115,0.1,1004.0,93.1725,91.6667
1783368000,2026-07-06 20:00:00,2026-07-06 22:00:00,fyn,14.8325,5.94,5.985,0.0,1003.93,94.6525,90.0
1783371600,2026-07-06 21:00:00,2026-07-06 23:00:00,fyn,14.9275,0.0,6.635,0.0,1003.84,92.7675,91.6667
1783375200,2026-07-06 22:00:00,2026-07-07 00:00:00,fyn,14.9075,0.0,6.1875,0.0333333,1003.68,93.765,93.3333
1783378800,2026-07-06 23:00:00,2026-07-07 01:00:00,fyn,15.035,0.0,6.05,0.02,1003.41,92.675,95.0
1783382400,2026-07-07 00:00:00,2026-07-07 02:00:00,fyn,14.9225,0.0,5.46,0.0,1003.0,93.3525,91.6667
1783386000,2026-07-07 01:00:00,2026-07-07 03:00:00,fyn,14.8975,0.0,5.4825,0.0333333,1002.31,94.7,95.0
1783389600,2026-07-07 02:00:00,2026-07-07 04:00:00,fyn,14.9525,0.0,5.765,0.166667,1001.77,95.545,93.3333
1783393200,2026-07-07 03:00:00,2026-07-07 05:00:00,fyn,14.9225,0.0,5.55,1.04,1001.45,95.1525,91.6667
1783396800,2026-07-07 04:00:00,2026-07-07 06:00:00,fyn,14.88,3.21,6.1275,0.146667,1001.19,94.82,90.0
1783400400,2026-07-07 05:00:00,2026-07-07 07:00:00,fyn,14.69,8.93,5.5325,1.20667,1000.96,95.565,90.0
1783404000,2026-07-07 06:00:00,2026-07-07 08:00:00,fyn,14.7675,47.26,6.0025,0.26,1000.56,95.66,90.0
1783407600,2026-07-07 07:00:00,2026-07-07 09:00:00,fyn,15.0975,81.415,6.3275,0.446667,1000.32,95.51,96.6667
1783411200,2026-07-07 08:00:00,2026-07-07 10:00:00,fyn,15.7425,193.87,7.24,0.0666667,1000.17,91.4825,90.0
1783414800,2026-07-07 09:00:00,2026-07-07 11:00:00,fyn,16.11,269.785,7.245,0.206667,1000.11,89.815,91.6667
1783418400,2026-07-07 10:00:00,2026-07-07 12:00:00,fyn,16.27,308.425,8.2075,0.0966667,1000.15,87.1925,90.0
1783422000,2026-07-07 11:00:00,2026-07-07 13:00:00,fyn,16.4,344.155,8.725,0.2,1000.34,85.5825,90.0
1783425600,2026-07-07 12:00:00,2026-07-07 14:00:00,fyn,15.6575,249.895,8.6575,0.0933333,1000.47,87.0725,90.0
1783429200,2026-07-07 13:00:00,2026-07-07 15:00:00,fyn,16.1,514.12,8.885,0.0,1000.9,81.9075,40.0
1783432800,2026-07-07 14:00:00,2026-07-07 16:00:00,fyn,16.8475,595.215,10.1925,0.0,1001.5,70.5675,10.0
1783436400,2026-07-07 15:00:00,2026-07-07 17:00:00,fyn,17.05,671.65,10.73,0.0,1002.19,58.615,0.0
1783440000,2026-07-07 16:00:00,2026-07-07 18:00:00,fyn,16.5275,506.795,10.385,0.0,1002.84,55.3875,5.0
1783443600,2026-07-07 17:00:00,2026-07-07 19:00:00,fyn,15.9875,383.535,10.0575,0.0,1003.5,58.7575,13.3333
1783447200,2026-07-07 18:00:00,2026-07-07 20:00:00,fyn,15.03,215.005,9.2625,0.0,1004.45,61.6875,53.3333
1783450800,2026-07-07 19:00:00,2026-07-07 21:00:00,fyn,14.325,102.195,8.4875,0.0,1005.07,66.295,3.33333
1783454400,2026-07-07 20:00:00,2026-07-07 22:00:00,fyn,13.5325,24.72,6.995,0.0,1005.76,71.7,18.3333
1783458000,2026-07-07 21:00:00,2026-07-07 23:00:00,fyn,12.61,0.095,5.86,0.0,1006.42,77.3775,20.0
1783461600,2026-07-07 22:00:00,2026-07-08 00:00:00,fyn,12.275,0.0,5.595,0.0,1006.81,80.425,10.0
1783465200,2026-07-07 23:00:00,2026-07-08 01:00:00,fyn,11.845,0.0,5.155,0.0,1006.85,83.24,1.66667
1783468800,2026-07-08 00:00:00,2026-07-08 02:00:00,fyn,11.305,0.0,4.5375,0.0,1007.1,86.0275,28.3333
1783472400,2026-07-08 01:00:00,2026-07-08 03:00:00,fyn,10.9825,0.0,4.445,0.0,1007.27,87.5925,1.66667
1783476000,2026-07-08 02:00:00,2026-07-08 04:00:00,fyn,11.0525,0.0,4.29,0.0,1007.5,87.3675,5.0
1783479600,2026-07-08 03:00:00,2026-07-08 05:00:00,fyn,10.6475,0.69,4.475,0.0,1007.91,88.535,13.3333
1783483200,2026-07-08 04:00:00,2026-07-08 06:00:00,fyn,10.715,34.125,4.04,0.0,1008.21,88.5275,5.0
1783486800,2026-07-08 05:00:00,2026-07-08 07:00:00,fyn,11.7175,105.9,4.1825,0.0,1008.56,86.81,31.6667
1783490400,2026-07-08 06:00:00,2026-07-08 08:00:00,fyn,13.15,156.235,5.485,0.0,1008.83,80.9925,43.3333
1783494000,2026-07-08 07:00:00,2026-07-08 09:00:00,fyn,14.1575,285.765,6.9925,0.0,1009.17,75.795,28.3333
1783497600,2026-07-08 08:00:00,2026-07-08 10:00:00,fyn,15.465,502.535,7.0625,0.0,1009.31,71.3825,3.33333
1783501200,2026-07-08 09:00:00,2026-07-08 11:00:00,fyn,16.8225,683.92,6.8225,0.0,1009.46,68.2025,10.0
1783504800,2026-07-08 10:00:00,2026-07-08 12:00:00,fyn,17.8325,751.885,6.8925,0.0,1009.56,65.92,6.66667
1783508400,2026-07-08 11:00:00,2026-07-08 13:00:00,fyn,18.9975,825.7,6.91,0.0,1009.69,63.005,1.66667
1783512000,2026-07-08 12:00:00,2026-07-08 14:00:00,fyn,19.8975,868.71,7.305,0.0,1009.91,60.245,1.66667
1783515600,2026-07-08 13:00:00,2026-07-08 15:00:00,fyn,20.63,839.19,7.7625,0.0,1010.12,57.2825,0.0
1783519200,2026-07-08 14:00:00,2026-07-08 16:00:00,fyn,21.02,775.195,7.5375,0.0,1010.41,55.28,0.0
1783522800,2026-07-08 15:00:00,2026-07-08 17:00:00,fyn,20.915,656.18,7.4775,0.0,1010.81,53.6925,0.0
1783526400,2026-07-08 16:00:00,2026-07-08 18:00:00,fyn,20.6675,538.72,7.2725,0.0,1011.14,54.3025,6.66667
1783530000,2026-07-08 17:00:00,2026-07-08 19:00:00,fyn,19.965,343.845,6.6375,0.0,1011.27,57.045,38.3333
1783533600,2026-07-08 18:00:00,2026-07-08 20:00:00,fyn,18.6375,170.28,6.0175,0.0,1011.4,63.1075,20.0
1783537200,2026-07-08 19:00:00,2026-07-08 21:00:00,fyn,17.32,114.815,5.81,0.0,1011.88,69.19,6.66667
1783540800,2026-07-08 20:00:00,2026-07-08 22:00:00,fyn,15.61,25.88,5.645,0.0,1012.24,75.0525,1.66667
1783544400,2026-07-08 21:00:00,2026-07-08 23:00:00,fyn,14.0175,0.165,4.1575,0.0,1012.29,81.7475,6.66667
1783548000,2026-07-08 22:00:00,2026-07-09 00:00:00,fyn,13.305,0.0,4.08,0.0,1012.39,85.95,0.0
1783551600,2026-07-08 23:00:00,2026-07-09 01:00:00,fyn,13.3025,0.0,4.2525,0.0,1012.36,88.8025,30.0
1783555200,2026-07-09 00:00:00,2026-07-09 02:00:00,fyn,13.48,0.0,4.2375,0.0,1012.28,90.7775,66.6667
1783558800,2026-07-09 01:00:00,2026-07-09 03:00:00,fyn,13.525,0.0,4.35,0.0,1012.2,91.3075,10.0
1783562400,2026-07-09 02:00:00,2026-07-09 04:00:00,fyn,13.615,0.0,4.0925,0.0,1012.07,90.885,1.66667
1783566000,2026-07-09 03:00:00,2026-07-09 05:00:00,fyn,13.185,0.56,3.7575,0.0,1012.12,91.9525,10.0
1783569600,2026-07-09 04:00:00,2026-07-09 06:00:00,fyn,13.205,25.415,3.965,0.0,1012.13,91.6525,5.0
1783573200,2026-07-09 05:00:00,2026-07-09 07:00:00,fyn,14.01,125.21,4.34,0.0,1012.41,88.72,50.0
1783576800,2026-07-09 06:00:00,2026-07-09 08:00:00,fyn,14.6475,113.815,4.5,0.0,1012.72,86.395,90.0
1783580400,2026-07-09 07:00:00,2026-07-09 09:00:00,fyn,15.18,194.825,4.51,0.0,1013.02,83.5,90.0
1783584000,2026-07-09 08:00:00,2026-07-09 10:00:00,fyn,16.3625,496.92,3.9075,0.0,1013.2,78.92,36.6667
1783587600,2026-07-09 09:00:00,2026-07-09 11:00:00,fyn,17.77,671.075,3.08,0.0,1013.35,74.3675,15.0
1783591200,2026-07-09 10:00:00,2026-07-09 12:00:00,fyn,18.995,764.4,3.0325,0.0,1013.32,69.895,8.33333
1783594800,2026-07-09 11:00:00,2026-07-09 13:00:00,fyn,20.235,820.14,3.18,0.0,1013.14,67.1075,0.0
1783598400,2026-07-09 12:00:00,2026-07-09 14:00:00,fyn,21.105,838.765,3.105,0.0,1013.09,64.605,0.0
1783602000,2026-07-09 13:00:00,2026-07-09 15:00:00,fyn,21.91,815.925,3.0325,0.0,1013.13,62.565,0.0
1783605600,2026-07-09 14:00:00,2026-07-09 16:00:00,fyn,22.445,753.375,3.055,0.0,1013.1,60.9,0.0
1783609200,2026-07-09 15:00:00,2026-07-09 17:00:00,fyn,22.9825,654.24,2.9475,0.0,1013.06,59.3675,8.33333
1783612800,2026-07-09 16:00:00,2026-07-09 18:00:00,fyn,23.1475,522.965,3.285,0.0,1013.02,58.895,8.33333
1783616400,2026-07-09 17:00:00,2026-07-09 19:00:00,fyn,23.095,379.095,4.185,0.0,1013.04,58.4875,0.0
1783620000,2026-07-09 18:00:00,2026-07-09 20:00:00,fyn,22.0525,239.67,4.5475,0.0,1013.18,62.6,0.0
1783623600,2026-07-09 19:00:00,2026-07-09 21:00:00,fyn,20.3025,119.12,4.405,0.0,1013.42,70.11,0.0
1783627200,2026-07-09 20:00:00,2026-07-09 22:00:00,fyn,18.17,25.35,4.0425,0.0,1013.74,79.5425,0.0
1783630800,2026-07-09 21:00:00,2026-07-09 23:00:00,fyn,16.2575,0.225,3.7,0.0,1014.18,87.23,0.0
1783634400,2026-07-09 22:00:00,2026-07-10 00:00:00,fyn,15.1475,0.0,3.1175,0.0,1014.42,91.545,0.0
1783638000,2026-07-09 23:00:00,2026-07-10 01:00:00,fyn,14.385,0.0,2.875,0.0,1014.57,93.89,0.0
1783641600,2026-07-10 00:00:00,2026-07-10 02:00:00,fyn,13.7475,0.0,2.9975,0.0,1014.67,95.8025,0.0
1783645200,2026-07-10 01:00:00,2026-07-10 03:00:00,fyn,13.5125,0.0,2.9775,0.0,1014.71,96.63,0.0
1783648800,2026-07-10 02:00:00,2026-07-10 04:00:00,fyn,13.125,0.0,3.0025,0.0,1014.63,97.3675,3.33333
1783652400,2026-07-10 03:00:00,2026-07-10 05:00:00,fyn,12.8775,0.695,2.32,0.0,1014.81,97.935,10.0
1783656000,2026-07-10 04:00:00,2026-07-10 06:00:00,fyn,13.06,27.86,2.6025,0.0,1015.0,98.4225,1.66667
1783659600,2026-07-10 05:00:00,2026-07-10 07:00:00,fyn,13.8525,113.4,2.765,0.0,1015.22,97.9825,10.0
1783663200,2026-07-10 06:00:00,2026-07-10 08:00:00,fyn,14.9425,246.545,3.0875,0.0,1015.54,95.405,8.33333
1783666800,2026-07-10 07:00:00,2026-07-10 09:00:00,fyn,16.29,389.855,3.0075,0.0,1015.62,88.8575,8.33333
1783670400,2026-07-10 08:00:00,2026-07-10 10:00:00,fyn,17.94,544.265,2.6575,0.0,1015.65,82.0675,5.0
1783674000,2026-07-10 09:00:00,2026-07-10 11:00:00,fyn,19.3225,665.77,2.95,0.0,1015.85,76.5325,15.0
1783677600,2026-07-10 10:00:00,2026-07-10 12:00:00,fyn,20.635,758.7,2.655,0.0,1015.87,72.0175,0.0
1783681200,2026-07-10 11:00:00,2026-07-10 13:00:00,fyn,21.935,812.1,2.44,0.0,1015.81,67.3625,0.0
1783684800,2026-07-10 12:00:00,2026-07-10 14:00:00,fyn,22.77,842.0,2.03,0.0,1015.7,63.8575,0.0
1783688400,2026-07-10 13:00:00,2026-07-10 15:00:00,fyn,22.97,815.745,2.7,0.0,1015.83,63.9775,0.0
1783692000,2026-07-10 14:00:00,2026-07-10 16:00:00,fyn,23.4525,753.94,3.005,0.0,1015.92,60.245,0.0
1783695600,2026-07-10 15:00:00,2026-07-10 17:00:00,fyn,23.9825,656.81,2.85,0.0,1015.98,56.1125,0.0
1783699200,2026-07-10 16:00:00,2026-07-10 18:00:00,fyn,24.23,530.915,2.9975,0.0,1015.96,53.37,0.0
1783702800,2026-07-10 17:00:00,2026-07-10 19:00:00,fyn,24.7675,383.79,2.235,0.0,1016.19,47.81,0.0
1783706400,2026-07-10 18:00:00,2026-07-10 20:00:00,fyn,24.6075,242.895,1.895,0.0,1016.37,45.5925,3.33333
1783710000,2026-07-10 19:00:00,2026-07-10 21:00:00,fyn,23.4325,116.25,1.5375,0.0,1016.38,50.935,10.0
1783713600,2026-07-10 20:00:00,2026-07-10 22:00:00,fyn,21.335,23.395,1.215,0.0,1016.79,60.4275,0.0
1783717200,2026-07-10 21:00:00,2026-07-10 23:00:00,fyn,18.2475,0.085,0.94,0.0,1017.14,75.475,0.0
1783720800,2026-07-10 22:00:00,2026-07-11 00:00:00,fyn,16.565,0.0,1.2125,0.0,1017.45,83.5175,0.0
1783724400,2026-07-10 23:00:00,2026-07-11 01:00:00,fyn,15.4625,0.0,1.205,0.0,1017.55,89.2525,0.0
1783728000,2026-07-11 00:00:00,2026-07-11 02:00:00,fyn,14.8225,0.0,1.2825,0.0,1017.5,92.075,0.0
1783731600,2026-07-11 01:00:00,2026-07-11 03:00:00,fyn,14.425,0.0,1.46,0.0,1017.61,92.17,0.0
1783735200,2026-07-11 02:00:00,2026-07-11 04:00:00,fyn,13.79,0.0,1.5625,0.0,1017.86,93.6075,0.0
1783738800,2026-07-11 03:00:00,2026-07-11 05:00:00,fyn,13.5775,0.375,1.6425,0.0,1018.17,95.0375,15.0
1783742400,2026-07-11 04:00:00,2026-07-11 06:00:00,fyn,13.74,29.64,1.535,0.0,1018.36,96.45,15.0
1783746000,2026-07-11 05:00:00,2026-07-11 07:00:00,fyn,15.0725,129.99,1.545,0.0,1018.7,96.0825,6.66667
1783749600,2026-07-11 06:00:00,2026-07-11 08:00:00,fyn,17.0975,263.485,1.7525,0.0,1018.73,90.7975,18.3333
1783753200,2026-07-11 07:00:00,2026-07-11 09:00:00,fyn,19.3025,417.06,1.54,0.0,1018.73,81.4725,25.0
1783756800,2026-07-11 08:00:00,2026-07-11 10:00:00,fyn,21.5675,508.94,1.4975,0.0,1018.82,70.735,0.0
1783760400,2026-07-11 09:00:00,2026-07-11 11:00:00,fyn,23.265,591.57,1.8775,0.0,1018.9,62.5,10.0
1783764000,2026-07-11 10:00:00,2026-07-11 12:00:00,fyn,24.98,738.69,2.2025,0.0,1018.91,55.2775,6.66667
1783767600,2026-07-11 11:00:00,2026-07-11 13:00:00,fyn,26.02,759.085,2.66,0.0,1018.86,49.6875,6.66667
1783771200,2026-07-11 12:00:00,2026-07-11 14:00:00,fyn,26.77,764.43,2.8825,0.0,1018.83,45.585,31.6667
1783774800,2026-07-11 13:00:00,2026-07-11 15:00:00,fyn,27.19,738.545,3.025,0.0,1018.66,43.9925,45.0
1783778400,2026-07-11 14:00:00,2026-07-11 16:00:00,fyn,27.495,721.46,3.335,0.0,1018.56,44.91,15.0
1783782000,2026-07-11 15:00:00,2026-07-11 17:00:00,fyn,26.68,633.49,3.495,0.0,1018.42,49.55,15.0
1783785600,2026-07-11 16:00:00,2026-07-11 18:00:00,fyn,26.395,491.055,4.29,0.0,1018.3,50.4575,10.0
1783789200,2026-07-11 17:00:00,2026-07-11 19:00:00,fyn,26.16,338.365,4.6325,0.0,1018.35,48.85,3.33333
1783792800,2026-07-11 18:00:00,2026-07-11 20:00:00,fyn,24.765,155.8,4.735,0.0,1018.33,49.46,3.33333
1783796400,2026-07-11 19:00:00,2026-07-11 21:00:00,fyn,22.605,62.955,4.0825,0.0,1018.34,58.485,15.0
1783800000,2026-07-11 20:00:00,2026-07-11 22:00:00,fyn,20.5275,21.48,3.085,0.0,1018.58,69.43,3.33333
1783803600,2026-07-11 21:00:00,2026-07-11 23:00:00,fyn,18.8175,0.47,2.9375,0.0,1018.75,77.9,0.0
1783807200,2026-07-11 22:00:00,2026-07-12 00:00:00,fyn,17.5475,0.0,2.805,0.0,1018.83,83.8475,0.0
1783810800,2026-07-11 23:00:00,2026-07-12 01:00:00,fyn,16.7325,0.0,2.9125,0.0,1018.87,89.14,0.0
1783814400,2026-07-12 00:00:00,2026-07-12 02:00:00,fyn,16.195,0.0,2.3825,0.0,1018.77,92.9825,0.0
1783818000,2026-07-12 01:00:00,2026-07-12 03:00:00,fyn,15.5175,0.0,2.2325,0.0,1018.87,94.995,3.33333
1783821600,2026-07-12 02:00:00,2026-07-12 04:00:00,fyn,15.1025,0.0,2.6075,0.0,1018.92,94.5275,3.33333
1783825200,2026-07-12 03:00:00,2026-07-12 05:00:00,fyn,14.715,0.46,2.9475,0.0,1018.98,92.955,10.0
1783828800,2026-07-12 04:00:00,2026-07-12 06:00:00,fyn,14.6575,21.32,3.5825,0.0,1019.01,90.495,0.0
1783832400,2026-07-12 05:00:00,2026-07-12 07:00:00,fyn,15.0275,92.855,2.9825,0.0,1019.14,88.62,28.3333
1783836000,2026-07-12 06:00:00,2026-07-12 08:00:00,fyn,15.8225,163.24,3.19,0.0,1019.23,85.0875,45.0
1783839600,2026-07-12 07:00:00,2026-07-12 09:00:00,fyn,16.4375,146.775,3.215,0.0,1019.64,82.875,90.0
1783843200,2026-07-12 08:00:00,2026-07-12 10:00:00,fyn,17.5375,214.635,2.93,0.0,1020.02,79.8725,63.3333
1783846800,2026-07-12 09:00:00,2026-07-12 11:00:00,fyn,18.7775,459.795,2.9975,0.0,1019.88,76.5775,8.33333
1783850400,2026-07-12 10:00:00,2026-07-12 12:00:00,fyn,20.8125,682.685,2.9,0.0,1019.84,66.58,26.6667
1783854000,2026-07-12 11:00:00,2026-07-12 13:00:00,fyn,21.9325,733.975,2.4325,0.0,1019.85,61.8925,90.0
1783857600,2026-07-12 12:00:00,2026-07-12 14:00:00,fyn,22.72,853.45,2.115,0.0,1019.83,60.5125,85.0
1783861200,2026-07-12 13:00:00,2026-07-12 15:00:00,fyn,23.765,818.855,1.83,0.0,1019.59,57.69,25.0
1783864800,2026-07-12 14:00:00,2026-07-12 16:00:00,fyn,24.7925,751.325,1.9275,0.0,1019.47,53.85,5.0
1783868400,2026-07-12 15:00:00,2026-07-12 17:00:00,fyn,24.845,650.88,2.2375,0.0,1019.41,55.3425,25.0
1783872000,2026-07-12 16:00:00,2026-07-12 18:00:00,fyn,25.125,521.2,2.5075,0.0,1019.45,52.945,8.33333
1783875600,2026-07-12 17:00:00,2026-07-12 19:00:00,fyn,24.525,363.51,3.2325,0.0,1019.72,60.2225,0.0
1783879200,2026-07-12 18:00:00,2026-07-12 20:00:00,fyn,23.0225,181.885,3.6025,0.0,1020.07,70.5825,0.0
1783882800,2026-07-12 19:00:00,2026-07-12 21:00:00,fyn,21.555,77.65,2.935,0.0,1020.43,77.685,6.66667
1783886400,2026-07-12 20:00:00,2026-07-12 22:00:00,fyn,20.165,14.405,2.295,0.0,1020.7,82.0825,10.0
1783890000,2026-07-12 21:00:00,2026-07-12 23:00:00,fyn,18.785,0.0,2.145,0.0,1020.93,86.96,3.33333
1783893600,2026-07-12 22:00:00,2026-07-13 00:00:00,fyn,17.68,0.0,1.8,0.0,1021.1,91.5675,3.33333
1783897200,2026-07-12 23:00:00,2026-07-13 01:00:00,fyn,16.8425,0.0,1.52,0.0,1021.01,94.2275,78.3333
1783900800,2026-07-13 00:00:00,2026-07-13 02:00:00,fyn,17.0275,0.0,2.135,0.0,1020.82,94.6675,41.6667
1783904400,2026-07-13 01:00:00,2026-07-13 03:00:00,fyn,16.8475,0.0,2.105,0.0,1020.73,93.875,33.3333
1783908000,2026-07-13 02:00:00,2026-07-13 04:00:00,fyn,16.3575,0.0,1.88,0.0,1020.82,94.8025,90.0
1783911600,2026-07-13 03:00:00,2026-07-13 05:00:00,fyn,15.94,0.17,1.7425,0.0,1020.96,95.5775,61.6667
1783915200,2026-07-13 04:00:00,2026-07-13 06:00:00,fyn,15.705,18.43,1.6725,0.0,1021.03,96.3775,20.0
1783918800,2026-07-13 05:00:00,2026-07-13 07:00:00,fyn,16.765,96.94,1.7825,0.0,1020.93,95.145,6.66667
1783922400,2026-07-13 06:00:00,2026-07-13 08:00:00,fyn,18.7025,204.595,2.35,0.0,1021.0,89.965,18.3333
1783926000,2026-07-13 07:00:00,2026-07-13 09:00:00,fyn,20.185,310.535,2.89,0.0,1021.27,84.7325,58.3333
1783929600,2026-07-13 08:00:00,2026-07-13 10:00:00,fyn,21.3475,454.345,2.3925,0.0,1021.2,81.095,36.6667
1783933200,2026-07-13 09:00:00,2026-07-13 11:00:00,fyn,22.2925,547.63,2.19,0.0,1021.21,77.4825,40.0
1783936800,2026-07-13 10:00:00,2026-07-13 12:00:00,fyn,23.2225,678.815,3.0725,0.0,1021.28,72.205,66.6667
1783940400,2026-07-13 11:00:00,2026-07-13 13:00:00,fyn,23.145,608.62,3.475,0.0,1021.2,72.52,10.0
1783944000,2026-07-13 12:00:00,2026-07-13 14:00:00,fyn,23.085,687.76,3.66,0.0,1021.07,74.0325,28.3333
1783947600,2026-07-13 13:00:00,2026-07-13 15:00:00,fyn,23.2625,612.19,3.815,0.0,1021.1,72.3,10.0
1783951200,2026-07-13 14:00:00,2026-07-13 16:00:00,fyn,23.2725,275.21,4.0075,0.0,1020.75,68.015,10.0
1783954800,2026-07-13 15:00:00,2026-07-13 17:00:00,fyn,23.7275,474.45,3.95,0.0,1020.49,65.965,15.0
1783958400,2026-07-13 16:00:00,2026-07-13 18:00:00,fyn,24.01,409.47,3.6275,0.0,1020.37,64.1325,15.0
1783962000,2026-07-13 17:00:00,2026-07-13 19:00:00,fyn,23.3075,298.845,3.3325,0.0,1020.51,68.785,40.0
1783965600,2026-07-13 18:00:00,2026-07-13 20:00:00,fyn,22.08,225.965,3.5675,0.0,1020.64,73.7275,90.0
1783969200,2026-07-13 19:00:00,2026-07-13 21:00:00,fyn,21.08,90.1,2.545,0.0,1020.77,75.3575,90.0
1783972800,2026-07-13 20:00:00,2026-07-13 22:00:00,fyn,20.2725,17.71,2.1025,0.0,1020.92,78.4025,85.0
1783976400,2026-07-13 21:00:00,2026-07-13 23:00:00,fyn,19.135,0.12,1.51,0.0,1020.93,84.085,80.0
1783980000,2026-07-13 22:00:00,2026-07-14 00:00:00,fyn,18.1225,0.0,2.135,0.0,1020.98,86.38,58.3333
1783983600,2026-07-13 23:00:00,2026-07-14 01:00:00,fyn,17.27,0.0,2.1325,0.0,1021.1,87.7175,88.3333
1783987200,2026-07-14 00:00:00,2026-07-14 02:00:00,fyn,16.805,0.0,1.47,0.0,1021.08,90.1825,75.0
1783990800,2026-07-14 01:00:00,2026-07-14 03:00:00,fyn,16.415,0.0,1.2375,0.0,1021.09,92.3375,20.0
1783994400,2026-07-14 02:00:00,2026-07-14 04:00:00,fyn,15.9125,0.0,1.03,0.0,1021.02,94.075,3.33333
1783998000,2026-07-14 03:00:00,2026-07-14 05:00:00,fyn,15.06,0.445,1.0175,0.0,1020.91,95.895,31.6667
1784001600,2026-07-14 04:00:00,2026-07-14 06:00:00,fyn,14.65,24.51,0.905,0.0,1020.91,96.58,5.0
1784005200,2026-07-14 05:00:00,2026-07-14 07:00:00,fyn,15.905,118.5,0.845,0.0,1021.04,95.5775,8.33333
1784008800,2026-07-14 06:00:00,2026-07-14 08:00:00,fyn,18.6075,246.86,1.0825,0.0,1021.31,88.4775,3.33333
1784012400,2026-07-14 07:00:00,2026-07-14 09:00:00,fyn,20.4475,394.42,1.95,0.0,1021.4,77.2175,8.33333
1784016000,2026-07-14 08:00:00,2026-07-14 10:00:00,fyn,21.9367,535.515,2.3075,0.0,1021.15,64.9967,3.33333
1784019600,2026-07-14 09:00:00,2026-07-14 11:00:00,fyn,23.3,658.885,2.6775,0.0,1021.09,54.61,3.33333
1784023200,2026-07-14 10:00:00,2026-07-14 12:00:00,fyn,24.4075,763.07,3.3925,0.0,1021.03,45.725,0.0
1784026800,2026-07-14 11:00:00,2026-07-14 13:00:00,fyn,24.9875,754.105,3.625,0.0,1020.79,43.6575,0.0
1784030400,2026-07-14 12:00:00,2026-07-14 14:00:00,fyn,25.385,633.705,3.73,0.0,1020.43,41.145,0.0
1784034000,2026-07-14 13:00:00,2026-07-14 15:00:00,fyn,26.105,795.62,3.97,0.0,1020.3,38.265,0.0
1784037600,2026-07-14 14:00:00,2026-07-14 16:00:00,fyn,25.9,723.96,3.7075,0.0,1020.08,38.8675,0.0
1784041200,2026-07-14 15:00:00,2026-07-14 17:00:00,fyn,25.87,640.365,4.325,0.0,1019.86,38.975,0.0
1784044800,2026-07-14 16:00:00,2026-07-14 18:00:00,fyn,25.3375,510.475,4.5975,0.0,1019.72,38.5425,0.0
1784048400,2026-07-14 17:00:00,2026-07-14 19:00:00,fyn,24.7175,370.785,4.485,0.0,1019.81,38.35,0.0
1784052000,2026-07-14 18:00:00,2026-07-14 20:00:00,fyn,23.9525,228.125,3.7575,0.0,1019.85,40.0275,1.66667
1784055600,2026-07-14 19:00:00,2026-07-14 21:00:00,fyn,22.56,102.77,2.5175,0.0,1020.35,46.685,13.3333
1784059200,2026-07-14 20:00:00,2026-07-14 22:00:00,fyn,20.2375,19.44,1.54,0.0,1020.74,55.7725,5.0
1784062800,2026-07-14 21:00:00,2026-07-14 23:00:00,fyn,17.3975,0.0,1.435,0.0,1021.12,69.16,0.0
1784066400,2026-07-14 22:00:00,2026-07-15 00:00:00,fyn,15.7675,0.0,0.8875,0.0,1021.44,77.55,0.0
1784070000,2026-07-14 23:00:00,2026-07-15 01:00:00,fyn,14.4825,0.0,1.01,0.0,1021.64,82.9725,0.0
1784073600,2026-07-15 00:00:00,2026-07-15 02:00:00,fyn,14.11,0.0,1.2425,0.0,1021.64,86.02,3.33333
1784077200,2026-07-15 01:00:00,2026-07-15 03:00:00,fyn,13.5275,0.0,1.345,0.0,1021.61,89.2725,3.33333
1784080800,2026-07-15 02:00:00,2026-07-15 04:00:00,fyn,13.1375,0.0,1.43,0.0,1021.28,89.6225,3.33333
1784084400,2026-07-15 03:00:00,2026-07-15 05:00:00,fyn,13.2,0.345,1.8175,0.0,1021.13,89.82,10.0
1784088000,2026-07-15 04:00:00,2026-07-15 06:00:00,fyn,13.4375,22.81,1.6825,0.0,1021.25,89.5475,10.0
1784091600,2026-07-15 05:00:00,2026-07-15 07:00:00,fyn,15.0825,104.97,1.4675,0.0,1021.41,85.325,18.3333
1784095200,2026-07-15 06:00:00,2026-07-15 08:00:00,fyn,17.8825,226.185,1.93,0.0,1021.49,73.965,5.0
1784098800,2026-07-15 07:00:00,2026-07-15 09:00:00,fyn,20.4075,388.965,2.9875,0.0,1021.53,64.4375,1.66667
1784102400,2026-07-15 08:00:00,2026-07-15 10:00:00,fyn,22.2825,530.095,3.5775,0.0,1021.6,60.6825,0.0
1784106000,2026-07-15 09:00:00,2026-07-15 11:00:00,fyn,23.8925,652.65,3.225,0.0,1021.79,58.1375,0.0
1784109600,2026-07-15 10:00:00,2026-07-15 12:00:00,fyn,25.0525,746.28,3.7575,0.0,1021.92,51.19,0.0
1784113200,2026-07-15 11:00:00,2026-07-15 13:00:00,fyn,26.025,815.57,3.94,0.0,1021.9,41.0325,0.0
1784116800,2026-07-15 12:00:00,2026-07-15 14:00:00,fyn,25.835,833.305,3.9,0.0,1021.69,43.6625,0.0
1784120400,2026-07-15 13:00:00,2026-07-15 15:00:00,fyn,25.76,814.245,4.1725,0.0,1021.45,43.3075,0.0
1784124000,2026-07-15 14:00:00,2026-07-15 16:00:00,fyn,25.8,747.175,4.125,0.0,1021.36,43.4275,0.0
1784127600,2026-07-15 15:00:00,2026-07-15 17:00:00,fyn,25.7975,638.135,4.15,0.0,1021.32,41.9775,0.0
1784131200,2026-07-15 16:00:00,2026-07-15 18:00:00,fyn,25.4,523.99,3.655,0.0,1020.94,42.4425,0.0
1784134800,2026-07-15 17:00:00,2026-07-15 19:00:00,fyn,25.34,372.585,2.885,0.0,1020.73,41.8425,0.0
1784138400,2026-07-15 18:00:00,2026-07-15 20:00:00,fyn,24.8225,232.415,2.3475,0.0,1020.56,42.105,0.0
1784142000,2026-07-15 19:00:00,2026-07-15 21:00:00,fyn,23.8025,106.925,1.5,0.0,1020.64,45.4075,1.66667
1784145600,2026-07-15 20:00:00,2026-07-15 22:00:00,fyn,21.5275,18.605,0.6375,0.0,1020.89,56.195,3.33333
1784149200,2026-07-15 21:00:00,2026-07-15 23:00:00,fyn,18.78,0.0,0.1925,0.0,1020.95,68.605,1.66667
1784152800,2026-07-15 22:00:00,2026-07-16 00:00:00,fyn,16.7425,0.0,0.4575,0.0,1020.96,78.695,1.66667
1784156400,2026-07-15 23:00:00,2026-07-16 01:00:00,fyn,15.6075,0.0,1.05,0.0,1020.93,82.9475,0.0
1784160000,2026-07-16 00:00:00,2026-07-16 02:00:00,fyn,14.92,0.0,0.9775,0.0,1020.57,85.2225,0.0
1784163600,2026-07-16 01:00:00,2026-07-16 03:00:00,fyn,14.47,0.0,1.2225,0.0,1020.37,85.7825,0.0
1784167200,2026-07-16 02:00:00,2026-07-16 04:00:00,fyn,14.315,0.0,0.845,0.0,1020.05,85.45,0.0
1784170800,2026-07-16 03:00:00,2026-07-16 05:00:00,fyn,13.635,0.215,0.8525,0.0,1019.72,88.3475,6.66667
1784174400,2026-07-16 04:00:00,2026-07-16 06:00:00,fyn,13.7625,26.85,1.0675,0.0,1019.62,88.6325,1.66667
1784178000,2026-07-16 05:00:00,2026-07-16 07:00:00,fyn,15.63,85.515,1.06,0.0,1019.53,87.235,10.0
1784181600,2026-07-16 06:00:00,2026-07-16 08:00:00,fyn,18.28,214.58,1.02,0.0,1019.45,78.61,3.33333
1784185200,2026-07-16 07:00:00,2026-07-16 09:00:00,fyn,20.465,312.615,1.8675,0.0,1019.45,70.0825,0.0
1784188800,2026-07-16 08:00:00,2026-07-16 10:00:00,fyn,22.0825,469.655,2.325,0.0,1019.49,62.9075,6.66667
1784192400,2026-07-16 09:00:00,2026-07-16 11:00:00,fyn,23.3325,646.205,2.7125,0.0,1019.44,57.72,3.33333
1784196000,2026-07-16 10:00:00,2026-07-16 12:00:00,fyn,24.535,753.16,3.4525,0.0,1019.08,52.3,8.33333
1784199600,2026-07-16 11:00:00,2026-07-16 13:00:00,fyn,24.87,779.325,3.6525,0.0,1018.74,47.1,5.0
1784203200,2026-07-16 12:00:00,2026-07-16 14:00:00,fyn,24.8525,676.49,3.96,0.0,1018.54,48.4275,3.33333
1784206800,2026-07-16 13:00:00,2026-07-16 15:00:00,fyn,24.835,549.38,3.9625,0.0,1018.22,48.8075,48.3333
1784210400,2026-07-16 14:00:00,2026-07-16 16:00:00,fyn,24.4725,611.005,3.6225,0.0,1017.72,50.0325,90.0
1784214000,2026-07-16 15:00:00,2026-07-16 17:00:00,fyn,24.1975,611.51,3.055,0.0,1017.05,51.775,55.0
1784217600,2026-07-16 16:00:00,2026-07-16 18:00:00,fyn,24.44,473.065,2.61,0.0,1016.5,52.1275,6.66667
1784221200,2026-07-16 17:00:00,2026-07-16 19:00:00,fyn,24.305,221.685,2.8,0.0,1016.08,53.76,8.33333
1784224800,2026-07-16 18:00:00,2026-07-16 20:00:00,fyn,23.9425,153.705,1.8,0.0,1015.55,54.99,6.66667
1784228400,2026-07-16 19:00:00,2026-07-16 21:00:00,fyn,23.38,85.115,1.69,0.0,1015.42,58.6525,20.0
1784232000,2026-07-16 20:00:00,2026-07-16 22:00:00,fyn,21.7625,15.705,1.815,0.0,1015.33,66.1725,36.6667
1784235600,2026-07-16 21:00:00,2026-07-16 23:00:00,fyn,20.725,0.045,1.8775,0.0,1015.05,70.3225,10.0
1784239200,2026-07-16 22:00:00,2026-07-17 00:00:00,fyn,19.78,0.0,1.715,0.0,1014.72,72.545,10.0
1784242800,2026-07-16 23:00:00,2026-07-17 01:00:00,fyn,18.615,0.0,1.05,0.0,1014.14,78.63,10.0
1784246400,2026-07-17 00:00:00,2026-07-17 02:00:00,fyn,16.98,0.0,1.295,0.0,1013.65,84.4825,76.6667
1784250000,2026-07-17 01:00:00,2026-07-17 03:00:00,fyn,16.0375,0.0,1.1625,0.0,1013.1,88.8675,85.0
1784253600,2026-07-17 02:00:00,2026-07-17 04:00:00,fyn,16.0475,0.0,1.7025,0.0,1012.66,89.625,66.6667
1784257200,2026-07-17 03:00:00,2026-07-17 05:00:00,fyn,15.99,0.325,1.61,0.0,1012.24,90.6225,90.0
1784260800,2026-07-17 04:00:00,2026-07-17 06:00:00,fyn,16.3,16.05,1.5575,0.0,1011.7,89.7475,23.3333
1784264400,2026-07-17 05:00:00,2026-07-17 07:00:00,fyn,17.33,108.86,1.1325,0.0,1011.31,87.4175,1.66667
1784268000,2026-07-17 06:00:00,2026-07-17 08:00:00,fyn,19.1025,214.355,1.05,0.0,1011.01,81.24,25.0
1784271600,2026-07-17 07:00:00,2026-07-17 09:00:00,fyn,19.855,319.045,1.6525,0.0,1010.5,77.9375,8.33333
1784275200,2026-07-17 08:00:00,2026-07-17 10:00:00,fyn,20.6875,369.47,1.0975,0.0,1010.06,76.155,0.0
1784278800,2026-07-17 09:00:00,2026-07-17 11:00:00,fyn,21.9375,482.605,1.5525,0.0,1009.69,71.4875,0.0
1784282400,2026-07-17 10:00:00,2026-07-17 12:00:00,fyn,23.0925,663.365,2.005,0.0,1009.27,66.2425,0.0
1784286000,2026-07-17 11:00:00,2026-07-17 13:00:00,fyn,24.0925,761.87,2.465,0.0,1008.88,60.9275,35.0
1784289600,2026-07-17 12:00:00,2026-07-17 14:00:00,fyn,24.5825,730.635,2.5625,0.0,1008.4,59.25,58.3333
1784293200,2026-07-17 13:00:00,2026-07-17 15:00:00,fyn,24.5025,509.725,2.6025,0.0,1007.81,60.8875,46.6667
1784296800,2026-07-17 14:00:00,2026-07-17 16:00:00,fyn,24.165,378.23,2.975,0.0,1007.27,65.4,56.6667
1784300400,2026-07-17 15:00:00,2026-07-17 17:00:00,fyn,24.0375,138.14,3.685,0.0,1007.22,64.375,43.3333
1784304000,2026-07-17 16:00:00,2026-07-17 18:00:00,fyn,23.2,342.6,4.0425,0.0,1006.81,62.31,6.66667
1784307600,2026-07-17 17:00:00,2026-07-17 19:00:00,fyn,23.4475,365.945,3.85,0.0,1006.78,61.21,10.0
1784311200,2026-07-17 18:00:00,2026-07-17 20:00:00,fyn,22.6525,224.655,4.02,0.0,1006.84,63.4625,5.0
1784314800,2026-07-17 19:00:00,2026-07-17 21:00:00,fyn,21.4075,100.145,3.815,0.0,1006.96,61.325,5.0
1784318400,2026-07-17 20:00:00,2026-07-17 22:00:00,fyn,19.2875,14.89,3.9725,0.0,1007.18,69.09,10.0
1784322000,2026-07-17 21:00:00,2026-07-17 23:00:00,fyn,17.2975,0.0,3.8025,0.0,1007.07,77.475,1.66667
1784325600,2026-07-17 22:00:00,2026-07-18 00:00:00,fyn,15.925,0.0,3.565,0.0,1006.94,83.91,33.3333
1784329200,2026-07-17 23:00:00,2026-07-18 01:00:00,fyn,15.185,0.0,3.1925,0.0,1006.43,87.3425,20.0
1784332800,2026-07-18 00:00:00,2026-07-18 02:00:00,fyn,15.005,0.0,3.195,0.0,1005.74,88.56,8.33333
1784336400,2026-07-18 01:00:00,2026-07-18 03:00:00,fyn,14.8125,0.0,3.5375,0.0,1005.29,90.165,55.0
1784340000,2026-07-18 02:00:00,2026-07-18 04:00:00,fyn,15.36,0.0,3.7825,0.0,1005.14,90.0525,78.3333
1784343600,2026-07-18 03:00:00,2026-07-18 05:00:00,fyn,15.7325,0.08,3.96,0.0,1005.14,88.7,73.3333
1784347200,2026-07-18 04:00:00,2026-07-18 06:00:00,fyn,15.83,7.385,4.0275,0.0,1005.18,87.5775,81.6667
1784350800,2026-07-18 05:00:00,2026-07-18 07:00:00,fyn,15.8825,21.545,4.9225,0.0,1005.23,86.5675,98.3333
1784354400,2026-07-18 06:00:00,2026-07-18 08:00:00,fyn,15.9725,55.875,5.76,0.0,1005.38,80.6925,95.0
1784358000,2026-07-18 07:00:00,2026-07-18 09:00:00,fyn,16.2075,170.02,6.0925,0.0,1005.45,74.1225,96.6667
1784361600,2026-07-18 08:00:00,2026-07-18 10:00:00,fyn,16.77,340.735,7.0175,0.0,1005.51,68.4575,50.0
1784365200,2026-07-18 09:00:00,2026-07-18 11:00:00,fyn,17.385,464.195,7.67,0.0,1005.47,64.39,8.33333
1784368800,2026-07-18 10:00:00,2026-07-18 12:00:00,fyn,18.0725,583.79,7.795,0.0,1005.28,61.785,26.6667
1784372400,2026-07-18 11:00:00,2026-07-18 13:00:00,fyn,18.9275,702.44,8.1525,0.0,1005.39,59.42,6.66667
1784376000,2026-07-18 12:00:00,2026-07-18 14:00:00,fyn,19.33,744.615,8.5775,0.0,1005.61,57.5775,5.0
1784379600,2026-07-18 13:00:00,2026-07-18 15:00:00,fyn,19.1825,699.455,8.42,0.0,1005.71,57.1175,20.0
1784383200,2026-07-18 14:00:00,2026-07-18 16:00:00,fyn,19.2225,571.89,8.3575,0.0,1005.87,57.0625,18.3333
1784386800,2026-07-18 15:00:00,2026-07-18 17:00:00,fyn,18.735,424.4,8.5625,0.0,1006.16,58.425,58.3333
1784390400,2026-07-18 16:00:00,2026-07-18 18:00:00,fyn,17.9025,288.225,8.4225,0.0,1006.39,59.885,85.0
1784394000,2026-07-18 17:00:00,2026-07-18 19:00:00,fyn,17.1025,155.185,7.68,0.0,1006.47,63.5675,93.3333
1784397600,2026-07-18 18:00:00,2026-07-18 20:00:00,fyn,16.5375,89.01,6.79,0.0,1006.58,67.36,88.3333
1784401200,2026-07-18 19:00:00,2026-07-18 21:00:00,fyn,15.9325,45.015,6.1325,0.0,1006.68,74.345,90.0
1784404800,2026-07-18 20:00:00,2026-07-18 22:00:00,fyn,15.12,6.89,4.9825,0.0,1006.73,82.09,85.0
1784408400,2026-07-18 21:00:00,2026-07-18 23:00:00,fyn,14.72,0.0,4.4775,0.0,1006.89,87.5225,66.6667
1784412000,2026-07-18 22:00:00,2026-07-19 00:00:00,fyn,14.6075,0.0,4.45,0.0,1006.99,91.485,91.6667
1784415600,2026-07-18 23:00:00,2026-07-19 01:00:00,fyn,14.4325,0.0,3.7625,0.0,1007.06,91.4725,85.0
1784419200,2026-07-19 00:00:00,2026-07-19 02:00:00,fyn,14.21,0.0,3.71,0.0,1007.24,89.94,70.0
1784422800,2026-07-19 01:00:00,2026-07-19 03:00:00,fyn,13.6675,0.0,4.075,0.0,1007.52,87.03,98.3333
1784426400,2026-07-19 02:00:00,2026-07-19 04:00:00,fyn,13.74,0.0,4.375,0.0,1007.55,84.235,95.0
1784430000,2026-07-19 03:00:00,2026-07-19 05:00:00,fyn,13.445,0.13,4.6775,0.0,1007.53,83.715,81.6667
1784433600,2026-07-19 04:00:00,2026-07-19 06:00:00,fyn,13.125,19.24,4.3425,0.0,1007.59,84.2375,10.0
1784437200,2026-07-19 05:00:00,2026-07-19 07:00:00,fyn,13.41,113.235,4.5725,0.0,1007.75,83.985,15.0
1784440800,2026-07-19 06:00:00,2026-07-19 08:00:00,fyn,14.45,204.15,5.7475,0.0,1008.01,79.5925,58.3333
1784444400,2026-07-19 07:00:00,2026-07-19 09:00:00,fyn,15.3425,296.395,6.495,0.0,1008.42,74.8775,91.6667
1784448000,2026-07-19 08:00:00,2026-07-19 10:00:00,fyn,15.8075,315.36,6.7675,0.0,1008.94,71.9075,96.6667
1784451600,2026-07-19 09:00:00,2026-07-19 11:00:00,fyn,15.885,284.18,6.2,0.233333,1009.41,72.445,93.3333
1784455200,2026-07-19 10:00:00,2026-07-19 12:00:00,fyn,15.66,235.115,5.53,0.0633333,1009.78,77.1625,91.6667
1784458800,2026-07-19 11:00:00,2026-07-19 13:00:00,fyn,15.9675,332.53,5.8225,0.316667,1010.36,77.8675,91.6667
1784462400,2026-07-19 12:00:00,2026-07-19 14:00:00,fyn,15.2525,348.98,5.91,0.24,1010.82,83.5425,90.0
1784466000,2026-07-19 13:00:00,2026-07-19 15:00:00,fyn,15.1875,285.09,6.53,0.03,1011.21,84.17,90.0
1784469600,2026-07-19 14:00:00,2026-07-19 16:00:00,fyn,15.325,217.155,6.6825,0.0,1011.47,80.275,93.3333
1784473200,2026-07-19 15:00:00,2026-07-19 17:00:00,fyn,15.4525,219.93,6.7825,0.0,1011.77,74.815,90.0
1784476800,2026-07-19 16:00:00,2026-07-19 18:00:00,fyn,15.5175,177.61,6.63,0.0,1012.07,73.3575,93.3333
1784480400,2026-07-19 17:00:00,2026-07-19 19:00:00,fyn,14.915,131.785,6.1825,0.0,1012.29,78.54,91.6667
1784484000,2026-07-19 18:00:00,2026-07-19 20:00:00,fyn,14.0875,70.005,5.495,0.0,1012.52,86.4875,90.0
1784487600,2026-07-19 19:00:00,2026-07-19 21:00:00,fyn,13.6975,22.68,5.0275,0.0,1012.83,88.1475,93.3333
1784491200,2026-07-19 20:00:00,2026-07-19 22:00:00,fyn,13.515,1.4,5.715,0.15,1013.19,87.655,98.3333
1784494800,2026-07-19 21:00:00,2026-07-19 23:00:00,fyn,13.14,0.0,6.1025,0.583333,1013.39,89.345,96.6667
1784498400,2026-07-19 22:00:00,2026-07-20 00:00:00,fyn,13.1125,0.0,6.52,0.526667,1013.51,89.775,96.6667
1784502000,2026-07-19 23:00:00,2026-07-20 01:00:00,fyn,13.135,0.0,6.1825,0.29,1013.53,89.0475,98.3333
1784505600,2026-07-20 00:00:00,2026-07-20 02:00:00,fyn,13.365,0.0,6.21,0.0933333,1013.6,87.3275,98.3333
1784509200,2026-07-20 01:00:00,2026-07-20 03:00:00,fyn,13.75,0.0,6.345,0.0,1013.63,83.8375,98.3333
1784512800,2026-07-20 02:00:00,2026-07-20 04:00:00,fyn,13.9,0.0,5.9625,0.283333,1013.74,82.685,85.0
1784516400,2026-07-20 03:00:00,2026-07-20 05:00:00,fyn,14.005,0.0,6.185,0.0,1014.15,81.6,93.3333
1784520000,2026-07-20 04:00:00,2026-07-20 06:00:00,fyn,14.2,4.81,5.965,0.0,1014.51,80.395,96.6667
1784523600,2026-07-20 05:00:00,2026-07-20 07:00:00,fyn,14.475,25.635,5.775,0.0,1014.71,78.895,90.0
1784527200,2026-07-20 06:00:00,2026-07-20 08:00:00,fyn,15.175,151.885,6.5375,0.0,1015.04,75.4575,75.0
1784530800,2026-07-20 07:00:00,2026-07-20 09:00:00,fyn,15.9975,299.145,6.8675,0.0,1015.44,72.1925,20.0
1784534400,2026-07-20 08:00:00,2026-07-20 10:00:00,fyn,17.09,407.99,7.62,0.0,1015.87,65.775,26.6667
1784538000,2026-07-20 09:00:00,2026-07-20 11:00:00,fyn,18.1975,540.985,7.2325,0.0,1016.19,57.5525,5.0
1784541600,2026-07-20 10:00:00,2026-07-20 12:00:00,fyn,19.1575,568.385,6.995,0.0,1016.49,50.4425,0.0
1784545200,2026-07-20 11:00:00,2026-07-20 13:00:00,fyn,19.765,669.24,7.005,0.0,1016.61,46.215,1.66667
1784548800,2026-07-20 12:00:00,2026-07-20 14:00:00,fyn,20.3225,674.525,6.7525,0.0,1016.73,43.0525,0.0
1784552400,2026-07-20 13:00:00,2026-07-20 15:00:00,fyn,20.8375,733.955,6.6025,0.0,1016.87,40.1525,0.0
1784556000,2026-07-20 14:00:00,2026-07-20 16:00:00,fyn,21.2,670.21,6.065,0.0,1017.01,38.31,0.0
1784559600,2026-07-20 15:00:00,2026-07-20 17:00:00,fyn,21.455,639.15,5.68,0.0,1017.18,37.4825,0.0
1784563200,2026-07-20 16:00:00,2026-07-20 18:00:00,fyn,21.3675,546.15,5.4375,0.0,1017.43,37.71,0.0
1784566800,2026-07-20 17:00:00,2026-07-20 19:00:00,fyn,21.06,355.07,4.9825,0.0,1017.61,38.47,0.0
1784570400,2026-07-20 18:00:00,2026-07-20 20:00:00,fyn,20.4425,236.465,4.41,0.0,1017.84,41.2425,0.0
1784574000,2026-07-20 19:00:00,2026-07-20 21:00:00,fyn,19.4475,104.685,3.58,0.0,1018.47,45.3175,0.0
1784577600,2026-07-20 20:00:00,2026-07-20 22:00:00,fyn,17.445,15.91,2.7425,0.0,1019.16,50.7575,0.0
1784581200,2026-07-20 21:00:00,2026-07-20 23:00:00,fyn,15.5275,0.0,2.505,0.0,1019.38,59.685,0.0
1784584800,2026-07-20 22:00:00,2026-07-21 00:00:00,fyn,14.6775,0.0,3.3,0.0,1019.6,63.9275,0.0
1784588400,2026-07-20 23:00:00,2026-07-21 01:00:00,fyn,13.69,0.0,3.535,0.0,1019.59,69.3675,0.0
1784592000,2026-07-21 00:00:00,2026-07-21 02:00:00,fyn,12.7225,0.0,3.2025,0.0,1019.49,74.9275,0.0
1784595600,2026-07-21 01:00:00,2026-07-21 03:00:00,fyn,11.82,0.0,3.1725,0.0,1019.36,81.23,0.0
1784599200,2026-07-21 02:00:00,2026-07-21 04:00:00,fyn,10.9975,0.0,2.8625,0.0,1019.43,87.4675,0.0
1784602800,2026-07-21 03:00:00,2026-07-21 05:00:00,fyn,10.6375,0.0,2.5475,0.0,1019.51,91.7425,0.0
1784606400,2026-07-21 04:00:00,2026-07-21 06:00:00,fyn,10.85,16.455,2.7925,0.0,1019.51,94.1475,0.0
1784610000,2026-07-21 05:00:00,2026-07-21 07:00:00,fyn,12.36,111.87,2.9725,0.0,1019.67,94.53,0.0
1784613600,2026-07-21 06:00:00,2026-07-21 08:00:00,fyn,14.35,248.035,3.705,0.0,1019.73,88.755,0.0
1784617200,2026-07-21 07:00:00,2026-07-21 09:00:00,fyn,15.9725,395.215,4.41,0.0,1019.6,78.52,0.0
1784620800,2026-07-21 08:00:00,2026-07-21 10:00:00,fyn,17.53,536.665,3.42,0.0,1019.55,68.085,0.0
1784624400,2026-07-21 09:00:00,2026-07-21 11:00:00,fyn,19.035,643.735,3.3475,0.0,1019.42,58.33,0.0
1784628000,2026-07-21 10:00:00,2026-07-21 12:00:00,fyn,20.275,719.735,3.4075,0.0,1019.18,53.55,6.66667
1784631600,2026-07-21 11:00:00,2026-07-21 13:00:00,fyn,20.9175,801.95,3.3575,0.0,1018.87,49.6,10.0
1784635200,2026-07-21 12:00:00,2026-07-21 14:00:00,fyn,21.625,786.925,3.62,0.0,1018.47,47.64,5.0
1784638800,2026-07-21 13:00:00,2026-07-21 15:00:00,fyn,22.2875,705.62,3.9175,0.0,1018.13,45.2075,20.0
1784642400,2026-07-21 14:00:00,2026-07-21 16:00:00,fyn,22.3875,678.085,4.275,0.0,1017.94,45.525,36.6667
1784646000,2026-07-21 15:00:00,2026-07-21 17:00:00,fyn,22.3825,645.01,5.465,0.0,1017.85,44.7825,1.66667
1784649600,2026-07-21 16:00:00,2026-07-21 18:00:00,fyn,21.8625,511.365,6.43,0.0,1017.68,47.035,0.0
1784653200,2026-07-21 17:00:00,2026-07-21 19:00:00,fyn,20.6425,368.035,6.5525,0.0,1017.49,51.715,0.0
1784656800,2026-07-21 18:00:00,2026-07-21 20:00:00,fyn,19.115,225.28,6.5275,0.0,1017.42,57.035,0.0
1784660400,2026-07-21 19:00:00,2026-07-21 21:00:00,fyn,17.2575,92.46,6.4325,0.0,1017.39,64.495,5.0
1784664000,2026-07-21 20:00:00,2026-07-21 22:00:00,fyn,15.7325,7.54,5.8875,0.0,1017.17,71.4325,20.0
1784667600,2026-07-21 21:00:00,2026-07-21 23:00:00,fyn,14.9575,0.0,5.71,0.0,1016.75,74.3925,83.3333
1784671200,2026-07-21 22:00:00,2026-07-22 00:00:00,fyn,14.74,0.0,5.775,0.0,1016.15,76.8425,96.6667
1784674800,2026-07-21 23:00:00,2026-07-22 01:00:00,fyn,14.4225,0.0,5.2675,0.0,1015.46,79.945,93.3333
1784678400,2026-07-22 00:00:00,2026-07-22 02:00:00,fyn,14.0675,0.0,5.0175,0.0,1014.79,85.2575,90.0
1784682000,2026-07-22 01:00:00,2026-07-22 03:00:00,fyn,13.835,0.0,5.135,0.0,1013.95,89.86,90.0
1784685600,2026-07-22 02:00:00,2026-07-22 04:00:00,fyn,13.7125,0.0,5.2225,0.0233333,1013.14,92.2675,90.0
1784689200,2026-07-22 03:00:00,2026-07-22 05:00:00,fyn,13.75,0.0,5.2575,0.0166667,1012.51,92.625,93.3333
1784692800,2026-07-22 04:00:00,2026-07-22 06:00:00,fyn,13.825,5.135,5.4325,0.0633333,1011.93,92.3075,91.6667
1784696400,2026-07-22 05:00:00,2026-07-22 07:00:00,fyn,13.925,34.275,5.87,0.0,1011.35,92.15,91.6667
1784700000,2026-07-22 06:00:00,2026-07-22 08:00:00,fyn,14.225,76.93,6.38,0.0,1010.89,90.2475,90.0
1784703600,2026-07-22 07:00:00,2026-07-22 09:00:00,fyn,14.63,129.975,6.815,0.0233333,1010.58,88.795,90.0
1784707200,2026-07-22 08:00:00,2026-07-22 10:00:00,fyn,15.1975,220.26,6.905,0.38,1010.22,87.1875,85.0
1784710800,2026-07-22 09:00:00,2026-07-22 11:00:00,fyn,16.2275,347.52,7.6575,0.0,1009.89,80.4275,75.0
1784714400,2026-07-22 10:00:00,2026-07-22 12:00:00,fyn,17.6875,472.115,7.72,0.0,1009.79,71.7525,53.3333
1784718000,2026-07-22 11:00:00,2026-07-22 13:00:00,fyn,19.0225,467.135,7.8,0.0,1009.72,64.695,38.3333
1784721600,2026-07-22 12:00:00,2026-07-22 14:00:00,fyn,20.045,438.07,7.7375,0.0,1009.53,60.3875,56.6667
1784725200,2026-07-22 13:00:00,2026-07-22 15:00:00,fyn,20.295,494.315,7.2625,0.0,1009.53,60.7475,70.0
1784728800,2026-07-22 14:00:00,2026-07-22 16:00:00,fyn,19.2675,354.165,6.13,0.0,1009.53,70.275,90.0
1784732400,2026-07-22 15:00:00,2026-07-22 17:00:00,fyn,20.2325,371.66,7.135,0.0,1009.75,64.7425,63.3333
1784736000,2026-07-22 16:00:00,2026-07-22 18:00:00,fyn,20.73,397.52,7.055,0.0,1010.08,60.9375,75.0
1784739600,2026-07-22 17:00:00,2026-07-22 19:00:00,fyn,19.7025,340.475,7.48,0.0,1010.39,63.3675,68.3333
1784743200,2026-07-22 18:00:00,2026-07-22 20:00:00,fyn,18.75,225.745,6.99,0.0,1010.66,64.27,76.6667
1784746800,2026-07-22 19:00:00,2026-07-22 21:00:00,fyn,17.7375,92.645,5.5325,0.0,1011.14,68.5275,90.0
1784750400,2026-07-22 20:00:00,2026-07-22 22:00:00,fyn,16.49,11.42,5.4675,0.0,1011.72,75.315,70.0
1784754000,2026-07-22 21:00:00,2026-07-22 23:00:00,fyn,15.26,0.0,5.3425,0.0,1012.2,81.2875,18.3333
1784757600,2026-07-22 22:00:00,2026-07-23 00:00:00,fyn,14.245,0.0,5.5125,0.0,1012.41,84.7475,3.33333
1784761200,2026-07-22 23:00:00,2026-07-23 01:00:00,fyn,13.36,0.0,4.97,0.0,1012.37,87.175,0.0
1784764800,2026-07-23 00:00:00,2026-07-23 02:00:00,fyn,12.6825,0.0,4.77,0.0,1012.47,88.4475,0.0
1784768400,2026-07-23 01:00:00,2026-07-23 03:00:00,fyn,12.055,0.0,4.11,0.0,1012.46,89.6025,5.0
1784772000,2026-07-23 02:00:00,2026-07-23 04:00:00,fyn,11.48,0.0,3.91,0.0,1012.52,90.8175,0.0
1784775600,2026-07-23 03:00:00,2026-07-23 05:00:00,fyn,11.035,0.0,3.5175,0.0,1012.66,91.8475,6.66667
1784779200,2026-07-23 04:00:00,2026-07-23 06:00:00,fyn,10.9725,14.055,3.49,0.0,1012.91,92.01,40.0
1784782800,2026-07-23 05:00:00,2026-07-23 07:00:00,fyn,11.8125,55.275,3.7025,0.0,1013.09,90.2225,71.6667
1784786400,2026-07-23 06:00:00,2026-07-23 08:00:00,fyn,13.01,162.885,3.8925,0.0,1013.2,86.405,20.0
1784790000,2026-07-23 07:00:00,2026-07-23 09:00:00,fyn,14.8975,380.08,4.8125,0.0,1013.24,78.325,20.0
1784793600,2026-07-23 08:00:00,2026-07-23 10:00:00,fyn,16.3775,515.56,4.455,0.0,1013.36,71.545,10.0
1784797200,2026-07-23 09:00:00,2026-07-23 11:00:00,fyn,18.04,651.985,4.0,0.0,1013.47,64.45,1.66667
1784800800,2026-07-23 10:00:00,2026-07-23 12:00:00,fyn,19.4425,734.62,3.475,0.0,1013.45,57.64,8.33333
1784804400,2026-07-23 11:00:00,2026-07-23 13:00:00,fyn,20.675,798.56,3.36,0.0,1013.37,52.0225,3.33333
1784808000,2026-07-23 12:00:00,2026-07-23 14:00:00,fyn,21.42,819.22,3.33,0.0,1013.23,50.0625,30.0
1784811600,2026-07-23 13:00:00,2026-07-23 15:00:00,fyn,22.0275,803.325,4.52,0.0,1013.13,48.32,15.0
1784815200,2026-07-23 14:00:00,2026-07-23 16:00:00,fyn,22.195,729.325,5.0275,0.0,1013.1,48.735,20.0
1784818800,2026-07-23 15:00:00,2026-07-23 17:00:00,fyn,21.9975,633.065,5.49,0.0,1013.18,50.01,13.3333
1784822400,2026-07-23 16:00:00,2026-07-23 18:00:00,fyn,21.415,507.27,6.2525,0.0,1013.2,52.61,6.66667
1784826000,2026-07-23 17:00:00,2026-07-23 19:00:00,fyn,20.305,366.655,6.5725,0.0,1013.15,56.5125,0.0
1784829600,2026-07-23 18:00:00,2026-07-23 20:00:00,fyn,18.86,211.92,6.4425,0.0,1013.43,61.8825,0.0
1784833200,2026-07-23 19:00:00,2026-07-23 21:00:00,fyn,17.1575,38.625,6.03,0.0,1013.63,68.7875,1.66667
1784836800,2026-07-23 20:00:00,2026-07-23 22:00:00,fyn,15.7125,6.12,5.2375,0.0,1013.73,75.8975,10.0
1784840400,2026-07-23 21:00:00,2026-07-23 23:00:00,fyn,15.015,0.0,4.785,0.0,1013.86,79.5575,85.0
1784844000,2026-07-23 22:00:00,2026-07-24 00:00:00,fyn,15.1275,0.0,5.0675,0.0,1013.89,79.05,91.6667
1784847600,2026-07-23 23:00:00,2026-07-24 01:00:00,fyn,15.0025,0.0,4.795,0.0,1013.87,79.5375,90.0
1784851200,2026-07-24 00:00:00,2026-07-24 02:00:00,fyn,14.58,0.0,4.52,0.0,1013.56,80.2775,90.0
1784854800,2026-07-24 01:00:00,2026-07-24 03:00:00,fyn,13.89,0.0,4.195,0.0,1013.49,82.3375,85.0
1784858400,2026-07-24 02:00:00,2026-07-24 04:00:00,fyn,13.105,0.0,4.1325,0.0,1013.37,85.2,45.0
1784862000,2026-07-24 03:00:00,2026-07-24 05:00:00,fyn,12.5275,0.0,3.5725,0.0,1013.16,87.7,28.3333
1784865600,2026-07-24 04:00:00,2026-07-24 06:00:00,fyn,12.885,8.425,3.625,0.0,1012.95,87.95,90.0
1784869200,2026-07-24 05:00:00,2026-07-24 07:00:00,fyn,13.7675,33.135,4.095,0.0,1013.06,88.14,98.3333
1784872800,2026-07-24 06:00:00,2026-07-24 08:00:00,fyn,14.31,65.74,4.92,0.0,1013.04,87.93,98.3333
1784876400,2026-07-24 07:00:00,2026-07-24 09:00:00,fyn,14.7525,128.385,5.26,0.0,1013.07,84.3675,98.3333
1784880000,2026-07-24 08:00:00,2026-07-24 10:00:00,fyn,15.415,157.86,5.265,0.0,1013.07,78.2975,96.6667
1784883600,2026-07-24 09:00:00,2026-07-24 11:00:00,fyn,16.1875,204.725,5.3675,0.0,1012.99,72.1725,93.3333
1784887200,2026-07-24 10:00:00,2026-07-24 12:00:00,fyn,16.8525,228.09,5.245,0.0,1012.9,68.9275,96.6667
1784890800,2026-07-24 11:00:00,2026-07-24 13:00:00,fyn,17.415,291.675,5.32,0.0,1012.67,66.445,96.6667
1784894400,2026-07-24 12:00:00,2026-07-24 14:00:00,fyn,18.085,262.12,4.89,0.0,1012.3,63.9075,93.3333
1784898000,2026-07-24 13:00:00,2026-07-24 15:00:00,fyn,18.885,325.325,4.85,0.0,1011.84,61.36,91.6667
1784901600,2026-07-24 14:00:00,2026-07-24 16:00:00,fyn,19.6675,415.595,4.7725,0.0,1011.44,59.9025,66.6667
1784905200,2026-07-24 15:00:00,2026-07-24 17:00:00,fyn,19.64,330.685,5.145,0.0,1011.05,61.5325,85.0
1784908800,2026-07-24 16:00:00,2026-07-24 18:00:00,fyn,19.5425,289.3,5.5875,0.0,1010.66,61.305,85.0
1784912400,2026-07-24 17:00:00,2026-07-24 19:00:00,fyn,18.85,204.255,6.3425,0.0,1010.26,64.915,90.0
1784916000,2026-07-24 18:00:00,2026-07-24 20:00:00,fyn,18.1475,118.225,6.12,0.0,1009.97,68.8975,95.0
1784919600,2026-07-24 19:00:00,2026-07-24 21:00:00,fyn,17.485,31.98,5.9225,0.0,1009.6,73.5325,96.6667
1784923200,2026-07-24 20:00:00,2026-07-24 22:00:00,fyn,16.9425,2.545,5.4325,0.0,1009.18,77.5425,98.3333
1784926800,2026-07-24 21:00:00,2026-07-24 23:00:00,fyn,16.495,0.0,5.1825,0.0,1008.53,80.1,95.0
1784930400,2026-07-24 22:00:00,2026-07-25 00:00:00,fyn,16.12,0.0,4.8025,0.0,1008.07,83.11,80.0
1784934000,2026-07-24 23:00:00,2026-07-25 01:00:00,fyn,15.8475,0.0,4.5425,0.0,1007.41,84.9475,46.6667
1784937600,2026-07-25 00:00:00,2026-07-25 02:00:00,fyn,15.6125,0.0,4.7925,0.0,1006.7,87.62,68.3333
1784941200,2026-07-25 01:00:00,2026-07-25 03:00:00,fyn,15.5925,0.0,4.8625,0.0,1006.05,89.0575,55.0
1784944800,2026-07-25 02:00:00,2026-07-25 04:00:00,fyn,15.755,0.0,5.175,0.0,1005.48,87.605,55.0
1784948400,2026-07-25 03:00:00,2026-07-25 05:00:00,fyn,15.58,0.0,4.81,0.0,1005.13,89.0225,80.0
1784952000,2026-07-25 04:00:00,2026-07-25 06:00:00,fyn,15.5725,4.3,4.6175,0.0,1004.77,88.5575,95.0
1784955600,2026-07-25 05:00:00,2026-07-25 07:00:00,fyn,15.6825,75.845,4.4225,0.0,1004.44,86.14,50.0
1784959200,2026-07-25 06:00:00,2026-07-25 08:00:00,fyn,16.09,154.105,5.115,0.0,1004.1,81.1325,93.3333
1784962800,2026-07-25 07:00:00,2026-07-25 09:00:00,fyn,16.565,237.655,5.1575,0.0,1003.66,78.435,90.0
1784966400,2026-07-25 08:00:00,2026-07-25 10:00:00,fyn,17.5875,323.03,5.2675,0.0,1003.07,72.8825,66.6667
1784970000,2026-07-25 09:00:00,2026-07-25 11:00:00,fyn,18.665,430.895,5.8875,0.0,1002.51,67.1875,55.0
1784973600,2026-07-25 10:00:00,2026-07-25 12:00:00,fyn,19.2475,358.195,5.67,0.0,1001.98,64.965,46.6667
1784977200,2026-07-25 11:00:00,2026-07-25 13:00:00,fyn,19.805,302.43,5.45333,0.0,1001.17,65.0,65.0
1784980800,2026-07-25 12:00:00,2026-07-25 14:00:00,fyn,20.065,288.71,6.5125,0.0,1000.62,66.385,90.0
1784984400,2026-07-25 13:00:00,2026-07-25 15:00:00,fyn,20.1525,235.865,7.5275,0.0,1000.35,67.5475,90.0
1784988000,2026-07-25 14:00:00,2026-07-25 16:00:00,fyn,20.0225,283.32,7.3625,0.0,1000.13,69.1375,90.0
1784991600,2026-07-25 15:00:00,2026-07-25 17:00:00,fyn,19.5025,195.485,7.4075,0.0,999.832,69.5225,90.0
1784995200,2026-07-25 16:00:00,2026-07-25 18:00:00,fyn,19.12,167.66,7.4975,0.0,999.4,70.305,75.0
1784998800,2026-07-25 17:00:00,2026-07-25 19:00:00,fyn,18.965,122.14,7.8725,0.0266667,998.9,70.3725,80.0
1785002400,2026-07-25 18:00:00,2026-07-25 20:00:00,fyn,18.2025,106.555,6.835,0.0,998.681,74.9175,65.0
1785006000,2026-07-25 19:00:00,2026-07-25 21:00:00,fyn,17.54,40.855,6.975,0.05,998.596,77.935,90.0
1785009600,2026-07-25 20:00:00,2026-07-25 22:00:00,fyn,16.67,1.495,6.625,0.0166667,998.51,84.74,91.6667
1785013200,2026-07-25 21:00:00,2026-07-25 23:00:00,fyn,15.985,0.0,5.6375,0.106667,998.26,90.98,91.6667
1785016800,2026-07-25 22:00:00,2026-07-26 00:00:00,fyn,15.685,0.0,5.2225,0.116667,998.088,94.705,91.6667
1785020400,2026-07-25 23:00:00,2026-07-26 01:00:00,fyn,15.685,0.0,5.42,0.123333,998.135,94.7425,93.3333
1785024000,2026-07-26 00:00:00,2026-07-26 02:00:00,fyn,15.24,0.0,4.5575,0.0833333,998.044,93.8925,90.0
1785027600,2026-07-26 01:00:00,2026-07-26 03:00:00,fyn,14.7025,0.0,3.7875,0.0166667,998.045,94.6125,96.6667
1785031200,2026-07-26 02:00:00,2026-07-26 04:00:00,fyn,14.465,0.0,3.2025,0.0,998.14,94.6975,85.0
1785034800,2026-07-26 03:00:00,2026-07-26 05:00:00,fyn,13.82,0.0,2.5775,0.0,998.098,92.7,33.3333
1785038400,2026-07-26 04:00:00,2026-07-26 06:00:00,fyn,13.0225,7.1,2.0975,0.0,998.083,93.93,46.6667
1785042000,2026-07-26 05:00:00,2026-07-26 07:00:00,fyn,13.1275,48.44,1.5425,0.0,998.102,93.975,66.6667
1785045600,2026-07-26 06:00:00,2026-07-26 08:00:00,fyn,13.965,128.23,1.5775,0.0,997.989,91.935,10.0
1785049200,2026-07-26 07:00:00,2026-07-26 09:00:00,fyn,15.315,307.07,2.42,0.0,997.833,83.6575,10.0
1785052800,2026-07-26 08:00:00,2026-07-26 10:00:00,fyn,16.1525,378.63,2.415,0.0,997.703,75.7775,20.0
1785056400,2026-07-26 09:00:00,2026-07-26 11:00:00,fyn,16.5975,388.815,2.185,0.0,997.768,70.0225,45.0
1785060000,2026-07-26 10:00:00,2026-07-26 12:00:00,fyn,16.7475,208.565,2.4075,0.0,997.437,68.7125,53.3333
1785063600,2026-07-26 11:00:00,2026-07-26 13:00:00,fyn,17.0375,261.225,1.9675,0.0,997.042,69.9925,90.0
1785067200,2026-07-26 12:00:00,2026-07-26 14:00:00,fyn,18.0225,415.85,2.1825,0.0,996.887,66.4425,70.0
1785070800,2026-07-26 13:00:00,2026-07-26 15:00:00,fyn,18.38,317.73,2.9575,0.0,996.501,64.79,91.6667
1785074400,2026-07-26 14:00:00,2026-07-26 16:00:00,fyn,18.385,253.25,2.9925,0.0,996.267,66.515,93.3333
1785078000,2026-07-26 15:00:00,2026-07-26 17:00:00,fyn,17.4175,155.575,3.76,0.186667,995.957,78.4075,90.0
1785081600,2026-07-26 16:00:00,2026-07-26 18:00:00,fyn,16.415,43.92,3.2975,1.97667,995.499,84.6675,90.0
1785085200,2026-07-26 17:00:00,2026-07-26 19:00:00,fyn,15.3875,29.785,3.5325,2.66,995.06,91.8425,93.3333
1785088800,2026-07-26 18:00:00,2026-07-26 20:00:00,fyn,15.0075,22.375,2.985,3.76,994.785,95.9325,91.6667
1785092400,2026-07-26 19:00:00,2026-07-26 21:00:00,fyn,14.7975,48.725,2.4125,0.733333,994.911,96.385,91.6667
1785096000,2026-07-26 20:00:00,2026-07-26 22:00:00,fyn,14.625,2.52,2.4,0.176667,995.269,97.245,91.6667
1785099600,2026-07-26 21:00:00,2026-07-26 23:00:00,fyn,13.9075,0.0,2.745,0.92,995.867,96.52,93.3333
1785103200,2026-07-26 22:00:00,2026-07-27 00:00:00,fyn,13.7525,0.0,3.0625,1.45333,996.61,96.515,95.0
1785106800,2026-07-26 23:00:00,2026-07-27 01:00:00,fyn,13.355,0.0,4.995,1.83333,997.715,96.9475,90.0
1785110400,2026-07-27 00:00:00,2026-07-27 02:00:00,fyn,12.945,0.0,5.3525,0.4,998.621,96.725,93.3333
1785114000,2026-07-27 01:00:00,2026-07-27 03:00:00,fyn,12.9075,0.0,5.1225,0.0233333,999.418,95.1125,91.6667
1785117600,2026-07-27 02:00:00,2026-07-27 04:00:00,fyn,12.99,0.0,4.5675,0.0,1000.32,92.1425,91.6667
1785121200,2026-07-27 03:00:00,2026-07-27 05:00:00,fyn,12.675,0.0,4.185,0.0,1001.18,91.6725,20.0
1785124800,2026-07-27 04:00:00,2026-07-27 06:00:00,fyn,12.2675,7.435,4.2025,0.0,1001.97,91.6,25.0
1785128400,2026-07-27 05:00:00,2026-07-27 07:00:00,fyn,12.1575,64.76,4.5,0.0,1002.69,88.7525,15.0
1785132000,2026-07-27 06:00:00,2026-07-27 08:00:00,fyn,12.895,180.815,4.8625,0.0,1003.47,84.5275,50.0
1785135600,2026-07-27 07:00:00,2026-07-27 09:00:00,fyn,14.0375,337.525,5.4675,0.0,1004.27,79.335,58.3333
1785139200,2026-07-27 08:00:00,2026-07-27 10:00:00,fyn,15.115,400.555,6.5925,0.0,1004.89,74.69,50.0
1785142800,2026-07-27 09:00:00,2026-07-27 11:00:00,fyn,15.955,397.675,7.6225,0.0,1005.43,69.315,63.3333
1785146400,2026-07-27 10:00:00,2026-07-27 12:00:00,fyn,16.6625,534.93,7.915,0.0,1006.01,65.025,60.0
1785150000,2026-07-27 11:00:00,2026-07-27 13:00:00,fyn,17.385,594.58,8.36,0.0,1006.65,61.13,80.0
1785153600,2026-07-27 12:00:00,2026-07-27 14:00:00,fyn,17.665,496.05,8.7925,0.0,1007.17,59.615,46.6667
1785157200,2026-07-27 13:00:00,2026-07-27 15:00:00,fyn,17.6925,465.825,8.8,0.0,1007.71,61.0025,31.6667
1785160800,2026-07-27 14:00:00,2026-07-27 16:00:00,fyn,17.54,490.88,9.09,0.0,1008.32,60.975,70.0
1785164400,2026-07-27 15:00:00,2026-07-27 17:00:00,fyn,16.8625,331.445,8.655,0.0,1008.93,63.51,90.0
1785168000,2026-07-27 16:00:00,2026-07-27 18:00:00,fyn,16.57,287.99,8.4175,0.0,1009.52,64.1825,90.0
1785171600,2026-07-27 17:00:00,2026-07-27 19:00:00,fyn,16.345,160.33,8.0725,0.0,1009.98,64.375,90.0
1785175200,2026-07-27 18:00:00,2026-07-27 20:00:00,fyn,16.0125,146.97,7.385,0.0,1010.46,66.105,90.0
1785178800,2026-07-27 19:00:00,2026-07-27 21:00:00,fyn,15.445,44.835,6.6375,0.0,1010.89,68.64,28.3333
1785182400,2026-07-27 20:00:00,2026-07-27 22:00:00,fyn,14.32,6.22,5.7125,0.0,1011.36,73.6925,58.3333
1785186000,2026-07-27 21:00:00,2026-07-27 23:00:00,fyn,13.675,0.0,4.685,0.0,1011.92,77.0675,63.3333
1785189600,2026-07-27 22:00:00,2026-07-28 00:00:00,fyn,12.9475,0.0,4.1525,0.0,1012.3,81.5775,1.66667
1785193200,2026-07-27 23:00:00,2026-07-28 01:00:00,fyn,11.995,0.0,3.795,0.0,1012.72,86.27,0.0
1785196800,2026-07-28 00:00:00,2026-07-28 02:00:00,fyn,11.65,0.0,3.695,0.0,1013.03,88.73,0.0
1785200400,2026-07-28 01:00:00,2026-07-28 03:00:00,fyn,11.32,0.0,3.7175,0.0,1013.31,90.0575,5.0
1785204000,2026-07-28 02:00:00,2026-07-28 04:00:00,fyn,11.2925,0.0,3.7125,0.0,1013.46,89.6975,0.0
1785207600,2026-07-28 03:00:00,2026-07-28 05:00:00,fyn,10.95,0.0,3.2525,0.0,1013.49,89.4825,0.0
1785211200,2026-07-28 04:00:00,2026-07-28 06:00:00,fyn,10.8325,7.415,3.1175,0.0,1013.78,89.53,0.0
1785214800,2026-07-28 05:00:00,2026-07-28 07:00:00,fyn,11.775,82.715,3.36,0.0,1014.02,89.08,36.6667
1785218400,2026-07-28 06:00:00,2026-07-28 08:00:00,fyn,13.775,196.28,3.82,0.0,1014.27,84.09,6.66667
1785222000,2026-07-28 07:00:00,2026-07-28 09:00:00,fyn,15.575,363.76,4.64,0.0,1014.48,78.81,10.0
1785225600,2026-07-28 08:00:00,2026-07-28 10:00:00,fyn,16.9,408.775,5.3075,0.0,1014.53,74.04,10.0
1785229200,2026-07-28 09:00:00,2026-07-28 11:00:00,fyn,17.98,361.745,5.3125,0.0,1014.78,69.29,76.6667
1785232800,2026-07-28 10:00:00,2026-07-28 12:00:00,fyn,18.1725,252.16,4.835,0.0,1015.11,70.7525,90.0
1785236400,2026-07-28 11:00:00,2026-07-28 13:00:00,fyn,19.0075,270.305,5.1525,0.0,1015.33,66.9375,90.0
1785240000,2026-07-28 12:00:00,2026-07-28 14:00:00,fyn,19.955,377.38,5.4975,0.0,1015.53,60.445,90.0
1785243600,2026-07-28 13:00:00,2026-07-28 15:00:00,fyn,20.4775,418.275,6.0725,0.0,1015.53,58.15,71.6667
1785247200,2026-07-28 14:00:00,2026-07-28 16:00:00,fyn,20.98,449.235,6.67,0.0,1015.57,57.7075,68.3333
1785250800,2026-07-28 15:00:00,2026-07-28 17:00:00,fyn,20.755,230.865,6.54,0.0,1015.53,59.3775,90.0
1785254400,2026-07-28 16:00:00,2026-07-28 18:00:00,fyn,20.215,158.85,6.7775,0.0,1015.5,60.9,90.0
1785258000,2026-07-28 17:00:00,2026-07-28 19:00:00,fyn,19.3625,92.65,5.5025,0.0,1015.19,65.24,90.0
1785261600,2026-07-28 18:00:00,2026-07-28 20:00:00,fyn,19.0475,40.55,5.1825,0.0,1014.99,67.985,95.0
1785265200,2026-07-28 19:00:00,2026-07-28 21:00:00,fyn,18.91,21.535,4.8425,0.0,1015.0,71.9575,95.0
1785268800,2026-07-28 20:00:00,2026-07-28 22:00:00,fyn,18.92,3.12,4.8675,0.0,1015.14,74.1075,95.0
1785272400,2026-07-28 21:00:00,2026-07-28 23:00:00,fyn,18.7275,0.0,5.115,0.0,1015.36,77.68,85.0
1785276000,2026-07-28 22:00:00,2026-07-29 00:00:00,fyn,18.205,0.0,4.5175,0.0,1015.44,82.3975,8.33333
1785279600,2026-07-28 23:00:00,2026-07-29 01:00:00,fyn,17.5725,0.0,3.705,0.0,1015.44,86.73,10.0
1785283200,2026-07-29 00:00:00,2026-07-29 02:00:00,fyn,17.0725,0.0,3.5725,0.0,1015.39,89.2975,15.0
1785286800,2026-07-29 01:00:00,2026-07-29 03:00:00,fyn,16.7975,0.0,3.2075,0.0,1015.43,90.9775,85.0
1785290400,2026-07-29 02:00:00,2026-07-29 04:00:00,fyn,16.725,0.0,3.0375,0.0,1015.39,91.8525,75.0
1785294000,2026-07-29 03:00:00,2026-07-29 05:00:00,fyn,16.5825,0.0,2.0975,0.0,1015.29,93.12,33.3333
1785297600,2026-07-29 04:00:00,2026-07-29 06:00:00,fyn,16.2375,6.7,1.9575,0.0,1015.25,94.49,13.3333
1785301200,2026-07-29 05:00:00,2026-07-29 07:00:00,fyn,16.6025,38.755,1.96,0.0,1015.17,94.3975,63.3333
1785304800,2026-07-29 06:00:00,2026-07-29 08:00:00,fyn,17.7375,103.355,2.4575,0.0,1015.16,91.3325,85.0
1785308400,2026-07-29 07:00:00,2026-07-29 09:00:00,fyn,19.15,204.345,3.4425,0.0,1015.17,84.415,66.6667
1785312000,2026-07-29 08:00:00,2026-07-29 10:00:00,fyn,21.185,441.265,3.825,0.0,1015.23,73.23,28.3333
1785315600,2026-07-29 09:00:00,2026-07-29 11:00:00,fyn,23.135,625.96,4.2825,0.0,1015.28,63.545,15.0
1785319200,2026-07-29 10:00:00,2026-07-29 12:00:00,fyn,24.3625,678.265,4.56,0.0,1015.14,59.365,13.3333
1785322800,2026-07-29 11:00:00,2026-07-29 13:00:00,fyn,25.3725,743.255,4.6975,0.0,1014.87,56.9625,33.3333
1785326400,2026-07-29 12:00:00,2026-07-29 14:00:00,fyn,25.9125,620.905,4.74,0.0,1014.52,55.5675,21.6667
1785330000,2026-07-29 13:00:00,2026-07-29 15:00:00,fyn,26.52,657.57,4.7875,0.0,1013.99,52.9325,18.3333
1785333600,2026-07-29 14:00:00,2026-07-29 16:00:00,fyn,27.2575,677.695,4.905,0.0,1013.7,50.0925,1.66667
1785337200,2026-07-29 15:00:00,2026-07-29 17:00:00,fyn,27.3075,512.585,4.8375,0.0,1013.36,49.2125,0.0
1785340800,2026-07-29 16:00:00,2026-07-29 18:00:00,fyn,27.2525,424.815,4.625,0.0,1012.89,48.8275,0.0
1785344400,2026-07-29 17:00:00,2026-07-29 19:00:00,fyn,26.91,270.585,4.5825,0.0,1012.65,48.8,5.0
1785348000,2026-07-29 18:00:00,2026-07-29 20:00:00,fyn,26.255,152.485,4.16,0.0,1012.6,50.6875,6.66667
1785351600,2026-07-29 19:00:00,2026-07-29 21:00:00,fyn,24.9675,66.835,3.5775,0.0,1012.52,54.8125,30.0
1785355200,2026-07-29 20:00:00,2026-07-29 22:00:00,fyn,22.89,4.57,2.9075,0.0,1012.61,61.645,15.0
1785358800,2026-07-29 21:00:00,2026-07-29 23:00:00,fyn,21.565,0.0,2.9125,0.0,1012.33,66.745,0.0
1785362400,2026-07-29 22:00:00,2026-07-30 00:00:00,fyn,20.3175,0.0,3.0,0.0,1012.0,72.6775,0.0
1785366000,2026-07-29 23:00:00,2026-07-30 01:00:00,fyn,19.635,0.0,2.625,0.0,1011.52,76.555,0.0
1785369600,2026-07-30 00:00:00,2026-07-30 02:00:00,fyn,18.5275,0.0,2.2175,0.0,1011.17,82.9775,0.0
1785373200,2026-07-30 01:00:00,2026-07-30 03:00:00,fyn,17.5775,0.0,1.975,0.0,1010.84,87.2975,8.33333
1785376800,2026-07-30 02:00:00,2026-07-30 04:00:00,fyn,17.6175,0.0,2.1925,0.0,1010.49,87.6975,0.0
1785380400,2026-07-30 03:00:00,2026-07-30 05:00:00,fyn,17.0075,0.0,1.565,0.0,1010.21,89.145,15.0
1785384000,2026-07-30 04:00:00,2026-07-30 06:00:00,fyn,16.6225,6.4,1.45,0.0,1010.08,90.11,1.66667
1785387600,2026-07-30 05:00:00,2026-07-30 07:00:00,fyn,17.205,71.985,1.41,0.0,1009.82,89.575,0.0
1785391200,2026-07-30 06:00:00,2026-07-30 08:00:00,fyn,20.0275,204.055,2.0925,0.0,1009.64,81.1475,0.0
1785394800,2026-07-30 07:00:00,2026-07-30 09:00:00,fyn,22.6325,344.92,2.805,0.0,1009.42,70.23,0.0
1785398400,2026-07-30 08:00:00,2026-07-30 10:00:00,fyn,24.7225,482.5,3.065,0.0,1008.97,62.595,0.0
1785402000,2026-07-30 09:00:00,2026-07-30 11:00:00,fyn,26.3525,601.95,3.9575,0.0,1008.38,56.635,0.0
1785405600,2026-07-30 10:00:00,2026-07-30 12:00:00,fyn,28.415,689.49,4.93,,1007.63,48.08,3.33333
1785409200,2026-07-30 11:00:00,2026-07-30 13:00:00,fyn,29.175,747.79,6.0925,0.0,1007.02,45.8175,10.0
1785412800,2026-07-30 12:00:00,2026-07-30 14:00:00,fyn,29.885,716.625,7.7225,0.0,1007.07,42.3075,1.66667
1785416400,2026-07-30 13:00:00,2026-07-30 15:00:00,fyn,29.4225,674.37,7.8125,0.0,1007.22,44.0175,1.66667
1785420000,2026-07-30 14:00:00,2026-07-30 16:00:00,fyn,28.8725,637.965,7.285,0.0,1007.62,43.0125,8.33333
1785423600,2026-07-30 15:00:00,2026-07-30 17:00:00,fyn,27.3475,489.775,6.87,0.0,1007.89,46.6125,10.0
1785427200,2026-07-30 16:00:00,2026-07-30 18:00:00,fyn,25.6725,273.01,6.1225,0.0,1008.27,56.2625,6.66667
1785430800,2026-07-30 17:00:00,2026-07-30 19:00:00,fyn,24.215,163.86,6.03,0.0,1009.02,63.76,10.0
1785434400,2026-07-30 18:00:00,2026-07-30 20:00:00,fyn,22.3875,74.03,6.2825,0.0,1010.01,69.3525,23.3333
1785438000,2026-07-30 19:00:00,2026-07-30 21:00:00,fyn,20.65,22.175,5.6,0.0,1010.67,76.4675,90.0
1785441600,2026-07-30 20:00:00,2026-07-30 22:00:00,fyn,19.4925,2.165,4.93,0.0,1011.32,78.9325,90.0
1785445200,2026-07-30 21:00:00,2026-07-30 23:00:00,fyn,18.5125,0.0,3.685,0.0,1012.02,81.7525,96.6667
1785448800,2026-07-30 22:00:00,2026-07-31 00:00:00,fyn,17.4475,0.0,3.9575,0.0,1012.47,83.74,91.6667
1785452400,2026-07-30 23:00:00,2026-07-31 01:00:00,fyn,16.435,0.0,3.8,0.0,1012.86,83.8925,35.0
1785456000,2026-07-31 00:00:00,2026-07-31 02:00:00,fyn,15.345,0.0,3.3775,0.0,1013.12,84.485,18.3333
1785459600,2026-07-31 01:00:00,2026-07-31 03:00:00,fyn,14.55,0.0,3.01,0.0,1013.18,87.09,43.3333
1785463200,2026-07-31 02:00:00,2026-07-31 04:00:00,fyn,13.73,0.0,2.6175,0.0,1013.11,89.0275,8.33333
1785466800,2026-07-31 03:00:00,2026-07-31 05:00:00,fyn,13.0475,0.0,2.75,0.0,1013.54,90.6875,8.33333
1785470400,2026-07-31 04:00:00,2026-07-31 06:00:00,fyn,12.6475,6.66,2.8425,0.0,1013.9,91.38,8.33333
1785474000,2026-07-31 05:00:00,2026-07-31 07:00:00,fyn,12.82,82.47,2.1375,0.0,1014.2,91.2075,0.0
1785477600,2026-07-31 06:00:00,2026-07-31 08:00:00,fyn,14.415,212.63,2.205,0.0,1014.34,86.1725,0.0
1785481200,2026-07-31 07:00:00,2026-07-31 09:00:00,fyn,16.1175,348.495,2.58,0.0,1014.43,76.29,6.66667
1785484800,2026-07-31 08:00:00,2026-07-31 10:00:00,fyn,17.415,471.205,2.235,0.0,1014.68,64.6325,8.33333
1785488400,2026-07-31 09:00:00,2026-07-31 11:00:00,fyn,18.0275,358.95,2.61,0.0,1014.86,58.765,76.6667
1785492000,2026-07-31 10:00:00,2026-07-31 12:00:00,fyn,17.3825,143.975,2.69,0.133333,1014.75,63.24,75.0
1785495600,2026-07-31 11:00:00,2026-07-31 13:00:00,fyn,16.715,207.58,2.0725,0.386667,1014.26,71.55,90.0
1785499200,2026-07-31 12:00:00,2026-07-31 14:00:00,fyn,16.7775,337.44,3.0325,0.0,1014.23,72.935,90.0
1785502800,2026-07-31 13:00:00,2026-07-31 15:00:00,fyn,16.2175,169.895,3.04,0.136667,1014.32,73.98,96.6667
1785506400,2026-07-31 14:00:00,2026-07-31 16:00:00,fyn,15.4875,158.005,2.9975,0.12,1014.18,82.44,98.3333
1785510000,2026-07-31 15:00:00,2026-07-31 17:00:00,fyn,15.49,152.965,3.55,0.0166667,1014.03,82.595,93.3333
1785513600,2026-07-31 16:00:00,2026-07-31 18:00:00,fyn,15.275,106.7,3.0925,0.0833333,1014.07,82.58,91.6667
1785517200,2026-07-31 17:00:00,2026-07-31 19:00:00,fyn,14.74,64.945,2.735,0.286667,1013.99,87.94,96.6667
1785520800,2026-07-31 18:00:00,2026-07-31 20:00:00,fyn,14.7525,70.11,2.535,0.593333,1013.76,89.1275,95.0
1785524400,2026-07-31 19:00:00,2026-07-31 21:00:00,fyn,14.7,38.03,2.375,0.0,1013.72,88.6475,98.3333
1785528000,2026-07-31 20:00:00,2026-07-31 22:00:00,fyn,14.03,3.91,2.16,0.0,1013.81,90.0025,95.0
1785531600,2026-07-31 21:00:00,2026-07-31 23:00:00,fyn,13.695,0.0,2.42,0.0,1014.07,92.1525,96.6667
1785535200,2026-07-31 22:00:00,2026-08-01 00:00:00,fyn,13.345,0.0,2.48,0.0,1014.3,93.04,51.6667
1785538800,2026-07-31 23:00:00,2026-08-01 01:00:00,fyn,12.3575,0.0,2.0425,0.0,1014.31,94.79,0.0
1785542400,2026-08-01 00:00:00,2026-08-01 02:00:00,fyn,11.655,0.0,2.11,0.0,1014.18,95.835,0.0
1785546000,2026-08-01 01:00:00,2026-08-01 03:00:00,fyn,11.1525,0.0,2.0425,0.0,1014.3,96.24,0.0
1785549600,2026-08-01 02:00:00,2026-08-01 04:00:00,fyn,10.8875,0.0,1.94,0.0,1014.22,95.94,0.0
1785553200,2026-08-01 03:00:00,2026-08-01 05:00:00,fyn,10.5325,0.0,2.045,0.0,1014.14,95.905,0.0
1785556800,2026-08-01 04:00:00,2026-08-01 06:00:00,fyn,10.3775,5.305,1.945,0.0,1014.34,96.2325,0.0
1785560400,2026-08-01 05:00:00,2026-08-01 07:00:00,fyn,11.1125,70.025,1.77,0.0,1014.35,95.6075,1.66667
1785564000,2026-08-01 06:00:00,2026-08-01 08:00:00,fyn,12.8325,161.275,1.815,0.0,1014.65,92.8975,10.0
1785567600,2026-08-01 07:00:00,2026-08-01 09:00:00,fyn,14.255,239.81,2.27,0.0,1014.89,86.9175,25.0
1785571200,2026-08-01 08:00:00,2026-08-01 10:00:00,fyn,15.39,371.135,2.9875,0.0,1015.11,78.0775,23.3333
1785574800,2026-08-01 09:00:00,2026-08-01 11:00:00,fyn,16.4975,456.9,3.635,0.0,1015.22,67.91,33.3333
1785578400,2026-08-01 10:00:00,2026-08-01 12:00:00,fyn,17.365,598.595,3.7375,0.0,1015.09,61.515,28.3333
1785582000,2026-08-01 11:00:00,2026-08-01 13:00:00,fyn,18.305,653.615,3.8675,0.0,1015.06,55.37,15.0
1785585600,2026-08-01 12:00:00,2026-08-01 14:00:00,fyn,19.0075,650.035,4.3125,0.0,1015.02,51.115,53.3333
1785589200,2026-08-01 13:00:00,2026-08-01 15:00:00,fyn,19.435,538.415,4.44,0.0,1014.86,49.815,65.0
1785592800,2026-08-01 14:00:00,2026-08-01 16:00:00,fyn,19.7525,568.765,4.9725,0.0,1014.92,49.3175,71.6667
1785596400,2026-08-01 15:00:00,2026-08-01 17:00:00,fyn,19.7025,525.415,5.5575,0.0,1015.06,51.4725,81.6667
1785600000,2026-08-01 16:00:00,2026-08-01 18:00:00,fyn,19.2525,308.93,5.7175,0.0,1015.09,53.7225,25.0
1785603600,2026-08-01 17:00:00,2026-08-01 19:00:00,fyn,18.6175,180.345,5.925,0.0,1015.1,57.36,36.6667
1785607200,2026-08-01 18:00:00,2026-08-01 20:00:00,fyn,18.0325,145.84,5.6525,0.0,1015.17,60.23,63.3333
1785610800,2026-08-01 19:00:00,2026-08-01 21:00:00,fyn,17.2375,64.59,4.985,0.0,1015.33,64.8375,25.0
1785614400,2026-08-01 20:00:00,2026-08-01 22:00:00,fyn,15.5025,2.53,3.81,0.0,1015.52,74.8575,1.66667
1785618000,2026-08-01 21:00:00,2026-08-01 23:00:00,fyn,14.3775,0.0,3.3225,0.0,1015.73,80.965,0.0
1785621600,2026-08-01 22:00:00,2026-08-02 00:00:00,fyn,13.735,0.0,2.72,0.0,1015.8,85.2125,5.0
1785625200,2026-08-01 23:00:00,2026-08-02 01:00:00,fyn,13.605,0.0,2.2325,0.0,1015.7,87.6025,50.0
1785628800,2026-08-02 00:00:00,2026-08-02 02:00:00,fyn,13.55,0.0,3.0675,0.0,1015.82,89.9925,36.6667
1785632400,2026-08-02 01:00:00,2026-08-02 03:00:00,fyn,13.305,0.0,3.125,0.0,1015.98,91.4575,91.6667
1785636000,2026-08-02 02:00:00,2026-08-02 04:00:00,fyn,12.895,0.0,2.525,0.0,1016.03,92.015,15.0
1785639600,2026-08-02 03:00:00,2026-08-02 05:00:00,fyn,12.67,0.0,2.6675,0.0,1016.16,92.845,76.6667
1785643200,2026-08-02 04:00:00,2026-08-02 06:00:00,fyn,12.9875,2.875,2.8625,0.0,1016.26,91.5825,46.6667
1785646800,2026-08-02 05:00:00,2026-08-02 07:00:00,fyn,12.96,74.05,2.83,0.0,1016.62,91.845,1.66667
1785650400,2026-08-02 06:00:00,2026-08-02 08:00:00,fyn,14.6075,204.97,2.8775,0.0,1016.8,86.17,6.66667
1785654000,2026-08-02 07:00:00,2026-08-02 09:00:00,fyn,16.315,340.48,3.99,0.0,1016.86,76.3225,0.0
1785657600,2026-08-02 08:00:00,2026-08-02 10:00:00,fyn,17.2425,359.28,4.6125,0.0,1017.03,70.675,48.3333
1785661200,2026-08-02 09:00:00,2026-08-02 11:00:00,fyn,17.38,505.115,5.0575,0.0,1017.36,68.5875,90.0
1785664800,2026-08-02 10:00:00,2026-08-02 12:00:00,fyn,17.1775,264.595,4.18,0.0366667,1017.62,67.63,91.6667
1785668400,2026-08-02 11:00:00,2026-08-02 13:00:00,fyn,17.6075,402.625,3.6575,0.0,1017.71,68.8975,93.3333
1785672000,2026-08-02 12:00:00,2026-08-02 14:00:00,fyn,18.6,298.41,4.135,0.0,1017.76,63.085,93.3333
1785675600,2026-08-02 13:00:00,2026-08-02 15:00:00,fyn,19.18,293.945,4.03,0.0,1017.5,59.8175,58.3333
1785679200,2026-08-02 14:00:00,2026-08-02 16:00:00,fyn,20.195,378.17,4.685,0.0,1017.45,52.7925,55.0
1785682800,2026-08-02 15:00:00,2026-08-02 17:00:00,fyn,20.6825,498.75,4.87,0.0,1017.35,50.2075,16.6667
1785686400,2026-08-02 16:00:00,2026-08-02 18:00:00,fyn,20.5975,402.685,4.8275,0.0,1017.15,49.77,3.33333
1785690000,2026-08-02 17:00:00,2026-08-02 19:00:00,fyn,20.2475,301.485,4.34,0.0,1016.99,50.8775,8.33333
1785693600,2026-08-02 18:00:00,2026-08-02 20:00:00,fyn,19.49,170.285,3.775,0.0,1016.82,53.0225,0.0
1785697200,2026-08-02 19:00:00,2026-08-02 21:00:00,fyn,18.055,63.685,2.5575,0.0,1017.1,59.12,5.0
1785700800,2026-08-02 20:00:00,2026-08-02 22:00:00,fyn,16.0025,3.45,1.92,0.0,1017.5,66.83,5.0
1785704400,2026-08-02 21:00:00,2026-08-02 23:00:00,fyn,14.0225,0.0,1.245,0.0,1017.64,75.0825,5.0
1785708000,2026-08-02 22:00:00,2026-08-03 00:00:00,fyn,12.215,0.0,1.005,0.0,1017.7,83.3625,1.66667
1785711600,2026-08-02 23:00:00,2026-08-03 01:00:00,fyn,11.3675,0.0,0.655,0.0,1017.62,87.365,3.33333
1785715200,2026-08-03 00:00:00,2026-08-03 02:00:00,fyn,10.45,0.0,1.065,0.0,1017.48,90.6375,3.33333
1785718800,2026-08-03 01:00:00,2026-08-03 03:00:00,fyn,9.7375,0.0,1.125,0.0,1017.38,92.8175,6.66667
1785722400,2026-08-03 02:00:00,2026-08-03 04:00:00,fyn,9.4175,0.0,0.975,0.0,1017.09,93.5175,5.0
1785726000,2026-08-03 03:00:00,2026-08-03 05:00:00,fyn,9.195,0.0,1.3075,0.0,1017.05,94.495,21.6667
1785729600,2026-08-03 04:00:00,2026-08-03 06:00:00,fyn,9.33,5.37,1.45,0.0,1016.95,95.0925,68.3333
1785733200,2026-08-03 05:00:00,2026-08-03 07:00:00,fyn,10.32,43.32,1.615,0.0,1016.83,95.1975,76.6667
1785736800,2026-08-03 06:00:00,2026-08-03 08:00:00,fyn,13.375,147.14,2.0375,0.0,1016.69,91.155,90.0
1785740400,2026-08-03 07:00:00,2026-08-03 09:00:00,fyn,15.775,234.08,3.1925,0.0,1016.72,82.09,36.6667
1785744000,2026-08-03 08:00:00,2026-08-03 10:00:00,fyn,17.88,366.23,3.295,0.0,1016.73,71.805,50.0
1785747600,2026-08-03 09:00:00,2026-08-03 11:00:00,fyn,19.5925,570.605,3.14,0.0,1016.65,61.8475,8.33333
1785751200,2026-08-03 10:00:00,2026-08-03 12:00:00,fyn,20.37,625.91,3.2725,0.0,1016.37,60.505,8.33333
1785754800,2026-08-03 11:00:00,2026-08-03 13:00:00,fyn,20.86,552.55,3.2,0.0,1015.98,59.6275,0.0
1785758400,2026-08-03 12:00:00,2026-08-03 14:00:00,fyn,21.415,778.565,3.78,,1015.52,59.685,23.3333
1785762000,2026-08-03 13:00:00,2026-08-03 15:00:00,fyn,22.19,746.1,3.83,0.0,1015.13,57.055,8.33333
1785765600,2026-08-03 14:00:00,2026-08-03 16:00:00,fyn,22.2875,671.285,3.88,0.0,1014.83,56.295,0.0
1785769200,2026-08-03 15:00:00,2026-08-03 17:00:00,fyn,22.605,589.875,3.885,0.0,1014.35,54.4325,6.66667
1785772800,2026-08-03 16:00:00,2026-08-03 18:00:00,fyn,22.435,462.78,4.135,0.0,1013.86,55.53,0.0
1785776400,2026-08-03 17:00:00,2026-08-03 19:00:00,fyn,21.715,303.075,4.5575,0.0,1013.65,61.985,1.66667
1785780000,2026-08-03 18:00:00,2026-08-03 20:00:00,fyn,20.4225,123.515,3.6475,0.0,1013.71,68.18,43.3333
1785783600,2026-08-03 19:00:00,2026-08-03 21:00:00,fyn,19.41,47.05,3.2125,0.0,1013.86,71.9825,46.6667
1785787200,2026-08-03 20:00:00,2026-08-03 22:00:00,fyn,18.4,1.15,3.1225,0.0,1013.84,74.395,36.6667
1785790800,2026-08-03 21:00:00,2026-08-03 23:00:00,fyn,17.6175,0.0,3.03,0.0,1013.7,79.245,38.3333
1785794400,2026-08-03 22:00:00,2026-08-04 00:00:00,fyn,17.08,0.0,2.6625,0.0,1013.62,79.6675,38.3333
1785798000,2026-08-03 23:00:00,2026-08-04 01:00:00,fyn,16.41,0.0,2.5075,0.0,1013.16,80.7225,8.33333
1785801600,2026-08-04 00:00:00,2026-08-04 02:00:00,fyn,16.14,0.0,2.93,0.0,1012.83,81.2975,31.6667
1785805200,2026-08-04 01:00:00,2026-08-04 03:00:00,fyn,15.8125,0.0,2.66,0.0,1012.58,82.4975,43.3333
1785808800,2026-08-04 02:00:00,2026-08-04 04:00:00,fyn,15.855,0.0,2.63,0.0,1012.24,82.5125,50.0
1785812400,2026-08-04 03:00:00,2026-08-04 05:00:00,fyn,15.7525,0.0,3.175,0.0,1011.9,84.495,53.3333
1785816000,2026-08-04 04:00:00,2026-08-04 06:00:00,fyn,15.765,4.975,3.3175,0.0,1011.59,85.44,31.6667
1785819600,2026-08-04 05:00:00,2026-08-04 07:00:00,fyn,16.605,45.345,3.7125,0.0,1011.67,83.58,15.0
1785823200,2026-08-04 06:00:00,2026-08-04 08:00:00,fyn,17.745,95.225,3.7175,0.0,1011.57,80.5225,8.33333
1785826800,2026-08-04 07:00:00,2026-08-04 09:00:00,fyn,18.9075,175.63,4.34,0.0,1011.1,76.69,23.3333
1785830400,2026-08-04 08:00:00,2026-08-04 10:00:00,fyn,19.835,191.825,4.985,0.0,1011.16,73.67,65.0
1785834000,2026-08-04 09:00:00,2026-08-04 11:00:00,fyn,19.9075,146.085,4.7825,0.0,1011.26,76.97,75.0
1785837600,2026-08-04 10:00:00,2026-08-04 12:00:00,fyn,20.395,310.01,5.22,0.0266667,1011.27,79.6175,90.0
1785841200,2026-08-04 11:00:00,2026-08-04 13:00:00,fyn,21.56,396.935,5.5275,0.13,1011.15,77.74,85.0
1785844800,2026-08-04 12:00:00,2026-08-04 14:00:00,fyn,22.63,624.075,5.855,0.05,1011.02,74.63,50.0
1785848400,2026-08-04 13:00:00,2026-08-04 15:00:00,fyn,23.3325,683.28,6.0025,0.0,1010.58,71.8125,5.0
1785852000,2026-08-04 14:00:00,2026-08-04 16:00:00,fyn,24.525,657.335,6.5825,0.0,1010.36,65.0875,0.0
1785855600,2026-08-04 15:00:00,2026-08-04 17:00:00,fyn,24.8725,553.045,6.845,0.0,1010.09,63.105,0.0
1785859200,2026-08-04 16:00:00,2026-08-04 18:00:00,fyn,24.9575,414.63,6.875,0.0,1009.86,62.5575,6.66667
1785862800,2026-08-04 17:00:00,2026-08-04 19:00:00,fyn,24.3475,253.195,6.4325,0.0,1009.73,65.92,10.0
1785866400,2026-08-04 18:00:00,2026-08-04 20:00:00,fyn,23.4175,120.585,6.2925,0.0,1009.67,69.115,10.0
1785870000,2026-08-04 19:00:00,2026-08-04 21:00:00,fyn,22.1775,31.095,4.8425,0.0,1009.66,74.8775,36.6667
1785873600,2026-08-04 20:00:00,2026-08-04 22:00:00,fyn,21.05,0.305,4.8225,0.0,1009.61,78.9575,6.66667
1785877200,2026-08-04 21:00:00,2026-08-04 23:00:00,fyn,20.345,0.0,4.8425,0.0,1009.3,82.3725,3.33333
1785880800,2026-08-04 22:00:00,2026-08-05 00:00:00,fyn,19.795,0.0,4.9425,0.0,1008.66,84.86,43.3333
1785884400,2026-08-04 23:00:00,2026-08-05 01:00:00,fyn,19.535,0.0,5.035,0.0,1007.83,85.3475,71.6667
1785888000,2026-08-05 00:00:00,2026-08-05 02:00:00,fyn,19.33,0.0,4.915,0.0,1007.46,84.805,75.0
1785891600,2026-08-05 01:00:00,2026-08-05 03:00:00,fyn,19.255,0.0,4.59,4.11667,1007.72,87.2825,93.3333
1785895200,2026-08-05 02:00:00,2026-08-05 04:00:00,fyn,18.82,0.0,2.115,14.36,1007.31,94.505,90.0
1785898800,2026-08-05 03:00:00,2026-08-05 05:00:00,fyn,18.5775,0.0,2.3675,1.43,1006.96,97.425,90.0
1785902400,2026-08-05 04:00:00,2026-08-05 06:00:00,fyn,18.4375,0.37,2.4675,0.146667,1006.54,98.17,90.0
1785906000,2026-08-05 05:00:00,2026-08-05 07:00:00,fyn,18.5075,14.38,2.59,0.07,1006.38,98.52,90.0
1785909600,2026-08-05 06:00:00,2026-08-05 08:00:00,fyn,18.9425,61.025,2.455,0.0,1006.31,98.5,90.0
1785913200,2026-08-05 07:00:00,2026-08-05 09:00:00,fyn,20.06,183.25,3.495,0.0,1006.34,95.32,58.3333
1785916800,2026-08-05 08:00:00,2026-08-05 10:00:00,fyn,21.5125,408.645,4.98,0.0,1006.47,87.7175,6.66667
1785920400,2026-08-05 09:00:00,2026-08-05 11:00:00,fyn,22.795,572.445,6.9225,0.0,1006.68,79.0575,10.0
1785924000,2026-08-05 10:00:00,2026-08-05 12:00:00,fyn,23.46,633.765,8.245,0.0,1006.94,73.7275,25.0
1785927600,2026-08-05 11:00:00,2026-08-05 13:00:00,fyn,23.865,686.76,8.68,0.0,1007.32,70.31,61.6667
1785931200,2026-08-05 12:00:00,2026-08-05 14:00:00,fyn,23.58,609.465,8.7525,0.0,1007.72,68.09,31.6667
1785934800,2026-08-05 13:00:00,2026-08-05 15:00:00,fyn,23.6825,625.5,9.445,0.0,1008.07,64.6825,25.0
1785938400,2026-08-05 14:00:00,2026-08-05 16:00:00,fyn,23.375,643.935,9.725,0.0,1008.43,63.6175,20.0
1785942000,2026-08-05 15:00:00,2026-08-05 17:00:00,fyn,23.235,548.41,9.45,0.0,1008.76,62.455,8.33333
1785945600,2026-08-05 16:00:00,2026-08-05 18:00:00,fyn,22.735,391.265,8.8175,0.0,1008.98,64.0075,6.66667
1785949200,2026-08-05 17:00:00,2026-08-05 19:00:00,fyn,21.98,278.58,7.855,0.0,1009.23,66.4375,6.66667
1785952800,2026-08-05 18:00:00,2026-08-05 20:00:00,fyn,21.0425,126.41,6.9075,0.0,1009.49,70.39,6.66667
1785956400,2026-08-05 19:00:00,2026-08-05 21:00:00,fyn,20.0775,41.165,5.4425,0.0,1009.76,75.545,30.0
1785960000,2026-08-05 20:00:00,2026-08-05 22:00:00,fyn,19.0225,0.86,4.605,0.0,1009.98,81.2225,13.3333
1785963600,2026-08-05 21:00:00,2026-08-05 23:00:00,fyn,18.0625,0.0,3.7075,0.0,1010.03,86.495,33.3333
1785967200,2026-08-05 22:00:00,2026-08-06 00:00:00,fyn,17.44,0.0,3.44,0.0,1010.03,89.1525,10.0
1785970800,2026-08-05 23:00:00,2026-08-06 01:00:00,fyn,17.0875,0.0,3.7675,0.0,1010.07,91.67,8.33333
1785974400,2026-08-06 00:00:00,2026-08-06 02:00:00,fyn,17.015,0.0,4.075,0.396667,1009.97,93.085,6.66667
1785978000,2026-08-06 01:00:00,2026-08-06 03:00:00,fyn,16.6625,0.0,4.17,0.0,1010.02,93.4325,0.0
1785981600,2026-08-06 02:00:00,2026-08-06 04:00:00,fyn,16.3375,0.0,3.9025,0.0,1010.0,92.0075,56.6667
1785985200,2026-08-06 03:00:00,2026-08-06 05:00:00,fyn,16.2,0.0,3.9,0.0,1009.84,89.8725,93.3333
1785988800,2026-08-06 04:00:00,2026-08-06 06:00:00,fyn,16.1575,1.71,3.9925,0.0,1009.71,89.865,91.6667
1785992400,2026-08-06 05:00:00,2026-08-06 07:00:00,fyn,16.565,36.335,4.685,0.0,1009.76,87.31,18.3333
1785996000,2026-08-06 06:00:00,2026-08-06 08:00:00,fyn,17.2825,173.545,5.85,0.0,1009.85,83.49,11.6667
1785999600,2026-08-06 07:00:00,2026-08-06 09:00:00,fyn,18.2175,323.63,7.3025,0.0,1010.26,76.1775,16.6667
1786003200,2026-08-06 08:00:00,2026-08-06 10:00:00,fyn,18.28,319.23,8.86,0.0,1010.14,70.235,10.0
1786006800,2026-08-06 09:00:00,2026-08-06 11:00:00,fyn,18.96,418.69,9.625,0.0,1010.42,62.685,36.6667
1786010400,2026-08-06 10:00:00,2026-08-06 12:00:00,fyn,19.1725,519.465,10.1325,0.0,1010.72,61.265,40.0
1786014000,2026-08-06 11:00:00,2026-08-06 13:00:00,fyn,19.275,434.575,10.94,0.0,1011.11,61.0375,41.6667
1786017600,2026-08-06 12:00:00,2026-08-06 14:00:00,fyn,19.045,523.96,10.555,0.0,1011.46,62.515,76.6667
1786021200,2026-08-06 13:00:00,2026-08-06 15:00:00,fyn,18.775,497.51,10.4925,0.0533333,1011.62,66.12,58.3333
1786024800,2026-08-06 14:00:00,2026-08-06 16:00:00,fyn,18.2275,524.865,9.6725,0.383333,1011.65,75.1,76.6667
1786028400,2026-08-06 15:00:00,2026-08-06 17:00:00,fyn,17.8225,303.875,9.8125,0.0366667,1011.86,77.2525,60.0
1786032000,2026-08-06 16:00:00,2026-08-06 18:00:00,fyn,17.4,265.68,9.025,0.25,1012.02,81.38,75.0
1786035600,2026-08-06 17:00:00,2026-08-06 19:00:00,fyn,16.7975,157.92,8.2475,0.0,1012.26,82.3375,80.0
1786039200,2026-08-06 18:00:00,2026-08-06 20:00:00,fyn,16.6,74.41,7.7225,0.0,1012.61,79.1275,48.3333
1786042800,2026-08-06 19:00:00,2026-08-06 21:00:00,fyn,16.0225,29.47,6.95,0.0633333,1013.14,81.4875,75.0
1786046400,2026-08-06 20:00:00,2026-08-06 22:00:00,fyn,15.2325,0.385,6.2525,0.0,1013.72,86.095,73.3333
1786050000,2026-08-06 21:00:00,2026-08-06 23:00:00,fyn,14.8175,0.0,6.035,0.0,1014.34,88.1625,93.3333
1786053600,2026-08-06 22:00:00,2026-08-07 00:00:00,fyn,14.62,0.0,5.67,0.0266667,1014.75,88.405,90.0
1786057200,2026-08-06 23:00:00,2026-08-07 01:00:00,fyn,14.51,0.0,5.6475,0.0,1014.9,85.3725,91.6667
1786060800,2026-08-07 00:00:00,2026-08-07 02:00:00,fyn,14.2125,0.0,4.9575,0.0,1015.04,84.72,86.6667
1786064400,2026-08-07 01:00:00,2026-08-07 03:00:00,fyn,13.945,0.0,5.085,0.0,1015.26,83.84,75.0
1786068000,2026-08-07 02:00:00,2026-08-07 04:00:00,fyn,13.73,0.0,4.6225,0.0,1015.47,83.0875,96.6667
1786071600,2026-08-07 03:00:00,2026-08-07 05:00:00,fyn,13.4575,0.0,4.73,0.0,1015.73,80.8475,53.3333
1786075200,2026-08-07 04:00:00,2026-08-07 06:00:00,fyn,13.135,1.375,4.59,0.0,1015.95,77.4075,66.6667
1786078800,2026-08-07 05:00:00,2026-08-07 07:00:00,fyn,13.5075,24.8,4.6575,0.0,1016.26,73.86,95.0
1786082400,2026-08-07 06:00:00,2026-08-07 08:00:00,fyn,13.905,61.775,4.9875,0.0,1016.5,72.6725,96.6667
1786086000,2026-08-07 07:00:00,2026-08-07 09:00:00,fyn,14.5325,140.53,5.3075,0.0,1016.82,70.385,96.6667
1786089600,2026-08-07 08:00:00,2026-08-07 10:00:00,fyn,15.0275,219.995,5.9425,0.0,1017.12,67.7525,98.3333
1786093200,2026-08-07 09:00:00,2026-08-07 11:00:00,fyn,15.65,263.895,6.68,0.0,1017.52,62.9575,90.0
1786096800,2026-08-07 10:00:00,2026-08-07 12:00:00,fyn,16.22,289.87,6.8125,0.0,1017.55,59.4875,88.3333
1786100400,2026-08-07 11:00:00,2026-08-07 13:00:00,fyn,16.8875,352.825,7.145,0.0,1017.52,58.565,75.0
1786104000,2026-08-07 12:00:00,2026-08-07 14:00:00,fyn,17.66,424.235,7.1375,0.0,1017.76,54.08,85.0
1786107600,2026-08-07 13:00:00,2026-08-07 15:00:00,fyn,17.9925,490.44,7.3,0.0,1017.94,51.6725,70.0
1786111200,2026-08-07 14:00:00,2026-08-07 16:00:00,fyn,18.595,579.94,7.21,0.0,1017.94,50.7725,43.3333
1786114800,2026-08-07 15:00:00,2026-08-07 17:00:00,fyn,18.4575,539.08,7.22,0.0,1018.03,51.925,15.0
1786118400,2026-08-07 16:00:00,2026-08-07 18:00:00,fyn,18.4125,408.625,7.0475,0.0,1018.24,52.5275,10.0
1786122000,2026-08-07 17:00:00,2026-08-07 19:00:00,fyn,17.83,299.0,6.81,0.0,1018.35,55.09,3.33333
1786125600,2026-08-07 18:00:00,2026-08-07 20:00:00,fyn,17.3,144.885,6.145,0.0,1018.45,56.3575,0.0
1786129200,2026-08-07 19:00:00,2026-08-07 21:00:00,fyn,16.1875,45.37,4.6025,0.0,1018.52,60.74,0.0
1786132800,2026-08-07 20:00:00,2026-08-07 22:00:00,fyn,14.48,0.63,3.405,0.0,1018.71,72.085,0.0
1786136400,2026-08-07 21:00:00,2026-08-07 23:00:00,fyn,13.52,0.0,3.4375,0.0,1018.89,78.665,0.0
1786140000,2026-08-07 22:00:00,2026-08-08 00:00:00,fyn,13.2925,0.0,3.0175,0.0,1019.03,82.3675,8.33333
1786143600,2026-08-07 23:00:00,2026-08-08 01:00:00,fyn,12.6375,0.0,2.965,0.0,1019.29,86.2775,85.0
1786147200,2026-08-08 00:00:00,2026-08-08 02:00:00,fyn,12.305,0.0,2.895,0.0,1019.45,89.905,51.6667
1786150800,2026-08-08 01:00:00,2026-08-08 03:00:00,fyn,12.2225,0.0,2.695,0.0,1019.45,92.03,3.33333
1786154400,2026-08-08 02:00:00,2026-08-08 04:00:00,fyn,12.0,0.0,2.5575,0.0,1019.54,93.3425,0.0
1786158000,2026-08-08 03:00:00,2026-08-08 05:00:00,fyn,11.82,0.0,2.5875,0.0,1019.53,94.2925,10.0
1786161600,2026-08-08 04:00:00,2026-08-08 06:00:00,fyn,11.5825,1.735,2.4075,0.0,1019.65,94.6375,63.3333
1786165200,2026-08-08 05:00:00,2026-08-08 07:00:00,fyn,12.1475,46.745,2.2125,0.0,1019.77,94.3925,33.3333
1786168800,2026-08-08 06:00:00,2026-08-08 08:00:00,fyn,13.8575,165.535,2.61,0.0,1019.96,91.5975,3.33333
1786172400,2026-08-08 07:00:00,2026-08-08 09:00:00,fyn,16.0125,328.93,3.7525,0.0,1020.13,81.8825,20.0
1786176000,2026-08-08 08:00:00,2026-08-08 10:00:00,fyn,17.5025,437.8,5.08,0.0,1020.11,70.7575,20.0
1786179600,2026-08-08 09:00:00,2026-08-08 11:00:00,fyn,18.3625,534.035,5.2825,0.0,1020.1,63.2125,20.0
1786183200,2026-08-08 10:00:00,2026-08-08 12:00:00,fyn,19.1425,623.61,4.9675,0.0,1020.19,58.3475,25.0
1786186800,2026-08-08 11:00:00,2026-08-08 13:00:00,fyn,19.5775,471.47,4.9025,0.0,1019.96,56.5925,45.0
1786190400,2026-08-08 12:00:00,2026-08-08 14:00:00,fyn,20.16,553.39,4.9275,0.0,1019.6,53.27,76.6667
1786194000,2026-08-08 13:00:00,2026-08-08 15:00:00,fyn,20.8075,667.04,4.7675,0.0,1019.31,49.22,38.3333
1786197600,2026-08-08 14:00:00,2026-08-08 16:00:00,fyn,20.905,475.72,4.46,0.0,1019.05,49.24,53.3333
1786201200,2026-08-08 15:00:00,2026-08-08 17:00:00,fyn,20.9425,413.695,4.4525,0.0,1018.9,49.9125,91.6667
1786204800,2026-08-08 16:00:00,2026-08-08 18:00:00,fyn,20.7325,379.195,4.1875,0.0,1018.72,51.0475,76.6667
1786208400,2026-08-08 17:00:00,2026-08-08 19:00:00,fyn,20.785,288.845,3.955,0.0,1018.5,50.075,66.6667
1786212000,2026-08-08 18:00:00,2026-08-08 20:00:00,fyn,20.275,159.015,3.73,0.0,1018.38,52.98,5.0
1786215600,2026-08-08 19:00:00,2026-08-08 21:00:00,fyn,19.0725,44.94,2.7375,0.0,1018.31,59.165,5.0
1786219200,2026-08-08 20:00:00,2026-08-08 22:00:00,fyn,16.5175,0.415,1.91,0.0,1018.36,69.9625,25.0
1786222800,2026-08-08 21:00:00,2026-08-08 23:00:00,fyn,14.6875,0.0,1.625,0.0,1018.14,79.6275,1.66667
1786226400,2026-08-08 22:00:00,2026-08-09 00:00:00,fyn,13.25,0.0,1.42,0.0,1017.91,85.515,10.0
1786230000,2026-08-08 23:00:00,2026-08-09 01:00:00,fyn,12.6175,0.0,1.1925,0.0,1017.6,88.2275,25.0
1786233600,2026-08-09 00:00:00,2026-08-09 02:00:00,fyn,11.9375,0.0,0.8675,0.0,1016.95,92.0275,6.66667
1786237200,2026-08-09 01:00:00,2026-08-09 03:00:00,fyn,11.665,0.0,1.495,0.0,1016.23,93.8975,0.0
1786240800,2026-08-09 02:00:00,2026-08-09 04:00:00,fyn,11.945,0.0,1.4825,0.0,1015.6,96.1325,3.33333
1786244400,2026-08-09 03:00:00,2026-08-09 05:00:00,fyn,12.2775,0.0,1.795,0.0,1015.21,95.7125,5.0
1786248000,2026-08-09 04:00:00,2026-08-09 06:00:00,fyn,12.385,4.56,1.7975,0.0,1014.91,94.6275,1.66667
1786251600,2026-08-09 05:00:00,2026-08-09 07:00:00,fyn,13.5125,51.15,2.08,0.0,1014.39,91.4,0.0
1786255200,2026-08-09 06:00:00,2026-08-09 08:00:00,fyn,15.98,131.69,2.8225,0.0,1013.95,85.315,1.66667
1786258800,2026-08-09 07:00:00,2026-08-09 09:00:00,fyn,18.445,260.555,4.2825,0.0,1013.53,72.8575,1.66667
1786262400,2026-08-09 08:00:00,2026-08-09 10:00:00,fyn,20.3,388.575,5.235,0.0,1013.05,61.815,6.66667
1786266000,2026-08-09 09:00:00,2026-08-09 11:00:00,fyn,21.8425,495.44,5.64,0.0,1012.62,54.08,8.33333
1786269600,2026-08-09 10:00:00,2026-08-09 12:00:00,fyn,22.8125,566.055,5.7,0.0,1011.97,50.125,5.0
1786273200,2026-08-09 11:00:00,2026-08-09 13:00:00,fyn,23.435,644.445,5.7325,0.0,1011.32,47.655,0.0
1786276800,2026-08-09 12:00:00,2026-08-09 14:00:00,fyn,24.335,705.37,5.3925,0.0,1010.52,45.34,0.0
1786280400,2026-08-09 13:00:00,2026-08-09 15:00:00,fyn,25.105,739.155,5.9825,0.0,1009.91,43.3425,0.0
1786284000,2026-08-09 14:00:00,2026-08-09 16:00:00,fyn,25.3525,671.975,6.29,0.0,1009.21,42.3225,1.66667
1786287600,2026-08-09 15:00:00,2026-08-09 17:00:00,fyn,25.525,560.555,5.575,0.0,1008.89,43.685,5.0
1786291200,2026-08-09 16:00:00,2026-08-09 18:00:00,fyn,25.0225,395.57,5.6075,0.0,1008.66,46.8475,8.33333
1786294800,2026-08-09 17:00:00,2026-08-09 19:00:00,fyn,24.3625,309.905,5.3475,0.0,1008.6,50.0075,16.6667
1786298400,2026-08-09 18:00:00,2026-08-09 20:00:00,fyn,23.3375,141.375,5.345,0.0,1008.62,48.3075,46.6667
1786302000,2026-08-09 19:00:00,2026-08-09 21:00:00,fyn,21.34,21.565,4.2825,0.0,1008.73,54.0525,71.6667
1786305600,2026-08-09 20:00:00,2026-08-09 22:00:00,fyn,19.335,0.22,3.475,0.0,1008.43,61.8175,5.0
1786309200,2026-08-09 21:00:00,2026-08-09 23:00:00,fyn,17.9075,0.0,2.53,0.0,1008.1,68.935,6.66667
1786312800,2026-08-09 22:00:00,2026-08-10 00:00:00,fyn,17.0125,0.0,2.6325,0.0,1007.83,73.805,13.3333
1786316400,2026-08-09 23:00:00,2026-08-10 01:00:00,fyn,16.4425,0.0,2.3675,0.0,1007.34,78.455,5.0
1786320000,2026-08-10 00:00:00,2026-08-10 02:00:00,fyn,16.385,0.0,3.24,0.0,1007.16,81.14,66.6667
1786323600,2026-08-10 01:00:00,2026-08-10 03:00:00,fyn,16.67,0.0,4.1225,0.0,1007.4,86.0275,90.0
1786327200,2026-08-10 02:00:00,2026-08-10 04:00:00,fyn,16.705,0.0,4.1475,0.0,1007.71,88.165,96.6667
1786330800,2026-08-10 03:00:00,2026-08-10 05:00:00,fyn,16.2275,0.0,3.93,0.0666667,1007.7,89.0575,93.3333
1786334400,2026-08-10 04:00:00,2026-08-10 06:00:00,fyn,15.6825,0.0,3.415,0.123333,1007.85,90.495,91.6667
1786338000,2026-08-10 05:00:00,2026-08-10 07:00:00,fyn,15.4375,5.505,3.635,0.183333,1008.02,93.4125,93.3333
1786341600,2026-08-10 06:00:00,2026-08-10 08:00:00,fyn,15.245,31.52,3.6,0.26,1008.27,94.87,90.0
1786345200,2026-08-10 07:00:00,2026-08-10 09:00:00,fyn,15.4125,75.515,3.3675,0.0166667,1008.41,93.735,90.0
1786348800,2026-08-10 08:00:00,2026-08-10 10:00:00,fyn,15.7,157.04,3.3525,0.0,1008.59,90.5775,85.0
1786352400,2026-08-10 09:00:00,2026-08-10 11:00:00,fyn,16.5625,292.99,3.54,0.0,1009.07,86.335,85.0
1786356000,2026-08-10 10:00:00,2026-08-10 12:00:00,fyn,17.665,435.315,4.385,0.0,1009.39,75.9925,68.3333
1786359600,2026-08-10 11:00:00,2026-08-10 13:00:00,fyn,18.58,707.065,4.3225,0.0,1009.76,68.6575,46.6667
1786363200,2026-08-10 12:00:00,2026-08-10 14:00:00,fyn,19.18,562.315,5.035,0.0,1010.17,62.5225,15.0
1786366800,2026-08-10 13:00:00,2026-08-10 15:00:00,fyn,20.025,689.3,6.685,0.0,1010.61,53.34,8.33333
1786370400,2026-08-10 14:00:00,2026-08-10 16:00:00,fyn,19.97,584.45,8.01,0.0,1011.12,50.0,8.33333
1786374000,2026-08-10 15:00:00,2026-08-10 17:00:00,fyn,19.1875,445.38,8.44,0.0,1011.75,50.445,3.33333
1786377600,2026-08-10 16:00:00,2026-08-10 18:00:00,fyn,18.4325,317.32,7.9575,0.0,1012.27,53.2475,16.6667
1786381200,2026-08-10 17:00:00,2026-08-10 19:00:00,fyn,17.6225,246.54,7.735,0.0,1012.62,56.4825,6.66667
1786384800,2026-08-10 18:00:00,2026-08-10 20:00:00,fyn,16.9325,138.07,7.245,0.0,1013.06,59.21,5.0
1786388400,2026-08-10 19:00:00,2026-08-10 21:00:00,fyn,15.62,35.29,7.0525,0.0,1013.71,65.285,8.33333
1786392000,2026-08-10 20:00:00,2026-08-10 22:00:00,fyn,14.525,0.0,5.615,0.0,1014.22,71.685,18.3333
1786395600,2026-08-10 21:00:00,2026-08-10 23:00:00,fyn,13.645,0.0,5.115,0.0,1014.61,76.495,3.33333
1786399200,2026-08-10 22:00:00,2026-08-11 00:00:00,fyn,12.91,0.0,4.885,0.0,1014.92,80.41,1.66667
1786402800,2026-08-10 23:00:00,2026-08-11 01:00:00,fyn,12.6825,0.0,5.01,0.0,1015.24,82.3775,11.6667
1786406400,2026-08-11 00:00:00,2026-08-11 02:00:00,fyn,12.5275,0.0,4.905,0.0,1015.66,83.5,68.3333
1786410000,2026-08-11 01:00:00,2026-08-11 03:00:00,fyn,12.225,0.0,4.8075,0.0,1016.03,84.6525,5.0
1786413600,2026-08-11 02:00:00,2026-08-11 04:00:00,fyn,11.68,0.0,4.585,0.0,1016.34,85.415,0.0
1786417200,2026-08-11 03:00:00,2026-08-11 05:00:00,fyn,11.3925,0.0,4.5725,0.0,1016.61,85.0075,0.0
1786420800,2026-08-11 04:00:00,2026-08-11 06:00:00,fyn,11.5875,0.71,4.8825,0.0,1017.13,83.3,0.0
1786424400,2026-08-11 05:00:00,2026-08-11 07:00:00,fyn,12.1325,48.715,5.4475,0.0,1017.74,82.3425,0.0
1786428000,2026-08-11 06:00:00,2026-08-11 08:00:00,fyn,13.185,179.035,5.335,0.0,1018.48,79.4375,1.66667
1786431600,2026-08-11 07:00:00,2026-08-11 09:00:00,fyn,14.4275,328.3,7.27333,0.0,1019.43,71.7,6.66667
1786435200,2026-08-11 08:00:00,2026-08-11 10:00:00,fyn,15.6167,459.205,7.8,0.0,1020.1,64.57,10.0
1786438800,2026-08-11 09:00:00,2026-08-11 11:00:00,fyn,16.5067,546.32,7.30667,0.0,1020.6,60.57,10.0
1786442400,2026-08-11 10:00:00,2026-08-11 12:00:00,fyn,16.705,532.8,7.02333,0.0,1020.58,59.415,13.3333
1786446000,2026-08-11 11:00:00,2026-08-11 13:00:00,fyn,16.9475,491.875,7.02,0.0266667,1020.92,57.1125,31.6667
1786449600,2026-08-11 12:00:00,2026-08-11 14:00:00,fyn,17.0775,482.18,6.3375,0.0,1021.23,56.1575,66.6667
1786453200,2026-08-11 13:00:00,2026-08-11 15:00:00,fyn,17.3925,483.88,6.3375,0.0,1021.42,53.985,15.0
1786456800,2026-08-11 14:00:00,2026-08-11 16:00:00,fyn,17.845,540.595,6.405,0.0,1021.74,50.2175,28.3333
1786460400,2026-08-11 15:00:00,2026-08-11 17:00:00,fyn,17.61,409.125,6.1525,0.0,1022.01,50.0625,35.0
1786464000,2026-08-11 16:00:00,2026-08-11 18:00:00,fyn,17.3025,336.945,5.95,0.0,1022.19,50.28,8.33333
1786467600,2026-08-11 17:00:00,2026-08-11 19:00:00,fyn,16.705,230.045,5.6225,0.0,1022.43,51.9925,8.33333
1786471200,2026-08-11 18:00:00,2026-08-11 20:00:00,fyn,16.1,125.205,5.13,0.0,1022.82,53.91,0.0
1786474800,2026-08-11 19:00:00,2026-08-11 21:00:00,fyn,14.92,29.105,4.5975,0.0,1023.18,59.2025,0.0
1786478400,2026-08-11 20:00:00,2026-08-11 22:00:00,fyn,13.5625,0.06,3.5525,0.0,1023.45,66.0875,0.0
1786482000,2026-08-11 21:00:00,2026-08-11 23:00:00,fyn,12.485,0.0,2.9875,0.0,1023.89,70.8625,3.33333
1786485600,2026-08-11 22:00:00,2026-08-12 00:00:00,fyn,11.79,0.0,2.81,0.0,1024.23,75.7475,1.66667
1786489200,2026-08-11 23:00:00,2026-08-12 01:00:00,fyn,11.0975,0.0,2.3325,0.0,1024.52,78.8875,0.0
1786492800,2026-08-12 00:00:00,2026-08-12 02:00:00,fyn,10.1875,0.0,2.0625,0.0,1024.76,82.7925,10.0
1786496400,2026-08-12 01:00:00,2026-08-12 03:00:00,fyn,9.965,0.0,1.9375,0.0,1025.04,85.3225,76.6667
1786500000,2026-08-12 02:00:00,2026-08-12 04:00:00,fyn,10.36,0.0,1.8375,0.0,1025.18,84.3125,93.3333
1786503600,2026-08-12 03:00:00,2026-08-12 05:00:00,fyn,11.185,0.0,1.6975,0.0,1025.31,82.895,93.3333
1786507200,2026-08-12 04:00:00,2026-08-12 06:00:00,fyn,11.5975,0.8,1.7,0.0,1025.69,82.16,96.6667
1786510800,2026-08-12 05:00:00,2026-08-12 07:00:00,fyn,11.94,25.885,1.6075,0.0,1025.95,81.595,96.6667
1786514400,2026-08-12 06:00:00,2026-08-12 08:00:00,fyn,12.9,99.81,1.58,0.0,1026.2,77.715,95.0
1786518000,2026-08-12 07:00:00,2026-08-12 09:00:00,fyn,14.0475,220.74,2.02,0.0,1026.52,70.265,61.6667
1786521600,2026-08-12 08:00:00,2026-08-12 10:00:00,fyn,14.885,389.355,2.315,0.0,1026.66,66.6625,15.0
1786525200,2026-08-12 09:00:00,2026-08-12 11:00:00,fyn,15.89,564.695,2.325,0.0,1026.59,63.03,3.33333
1786528800,2026-08-12 10:00:00,2026-08-12 12:00:00,fyn,16.88,685.485,1.99,0.0,1026.65,59.29,6.66667
1786532400,2026-08-12 11:00:00,2026-08-12 13:00:00,fyn,17.9475,722.04,2.0975,0.0,1026.59,55.65,0.0
1786536000,2026-08-12 12:00:00,2026-08-12 14:00:00,fyn,18.875,737.475,1.775,0.0,1026.39,52.8375,0.0
1786539600,2026-08-12 13:00:00,2026-08-12 15:00:00,fyn,19.9125,726.725,1.96,0.0,1026.21,49.2675,0.0
1786543200,2026-08-12 14:00:00,2026-08-12 16:00:00,fyn,20.9625,649.22,1.97,0.0,1026.06,47.04,0.0
1786546800,2026-08-12 15:00:00,2026-08-12 17:00:00,fyn,21.2325,551.255,2.175,0.0,1025.92,46.5925,0.0
1786550400,2026-08-12 16:00:00,2026-08-12 18:00:00,fyn,21.34,404.665,2.245,0.0,1025.78,46.685,0.0
1786554000,2026-08-12 17:00:00,2026-08-12 19:00:00,fyn,21.1275,278.11,2.5725,0.0,1025.71,47.76,0.0
1786557600,2026-08-12 18:00:00,2026-08-12 20:00:00,fyn,19.9425,92.86,2.45,0.0,1025.8,52.1225,3.33333
1786561200,2026-08-12 19:00:00,2026-08-12 21:00:00,fyn,18.3125,7.44,2.665,0.0,1025.9,61.16,0.0
1786564800,2026-08-12 20:00:00,2026-08-12 22:00:00,fyn,16.6075,0.0,2.26,0.0,1025.97,69.16,0.0
1786568400,2026-08-12 21:00:00,2026-08-12 23:00:00,fyn,15.305,0.0,2.1325,0.0,1026.07,74.935,1.66667
1786572000,2026-08-12 22:00:00,2026-08-13 00:00:00,fyn,15.14,0.0,2.4,0.0,1026.17,75.14,15.0
1786575600,2026-08-12 23:00:00,2026-08-13 01:00:00,fyn,14.2675,0.0,1.95,0.0,1025.87,78.5225,3.33333
1786579200,2026-08-13 00:00:00,2026-08-13 02:00:00,fyn,12.96,0.0,1.62,0.0,1025.75,84.9125,10.0
1786582800,2026-08-13 01:00:00,2026-08-13 03:00:00,fyn,12.07,0.0,1.085,0.0,1025.67,89.0675,10.0
1786586400,2026-08-13 02:00:00,2026-08-13 04:00:00,fyn,11.3775,0.0,1.1825,0.0,1025.58,92.27,20.0
1786590000,2026-08-13 03:00:00,2026-08-13 05:00:00,fyn,10.855,0.0,0.9275,0.0,1025.66,93.5475,5.0
1786593600,2026-08-13 04:00:00,2026-08-13 06:00:00,fyn,10.645,0.39,1.1525,0.0,1025.85,95.085,16.6667
1786597200,2026-08-13 05:00:00,2026-08-13 07:00:00,fyn,10.9,39.23,1.3,0.0,1025.86,95.055,10.0
1786600800,2026-08-13 06:00:00,2026-08-13 08:00:00,fyn,13.8225,161.67,1.31,0.0,1025.76,90.955,3.33333
1786604400,2026-08-13 07:00:00,2026-08-13 09:00:00,fyn,17.0475,326.675,2.4675,0.0,1025.66,80.0025,10.0
1786608000,2026-08-13 08:00:00,2026-08-13 10:00:00,fyn,19.125,432.89,3.245,0.0,1025.53,70.625,10.0
1786611600,2026-08-13 09:00:00,2026-08-13 11:00:00,fyn,20.7,539.375,3.15,0.0,1025.29,61.4,0.0
1786615200,2026-08-13 10:00:00,2026-08-13 12:00:00,fyn,21.9375,659.785,3.4275,0.0,1024.94,56.0925,0.0
1786618800,2026-08-13 11:00:00,2026-08-13 13:00:00,fyn,23.3475,707.375,3.1275,0.0,1024.52,49.4225,0.0
1786622400,2026-08-13 12:00:00,2026-08-13 14:00:00,fyn,24.25,717.465,3.7775,0.0,1024.08,45.7375,0.0
1786626000,2026-08-13 13:00:00,2026-08-13 15:00:00,fyn,24.9175,713.32,3.7725,0.0,1023.67,42.7425,0.0
1786629600,2026-08-13 14:00:00,2026-08-13 16:00:00,fyn,25.515,662.78,3.6975,0.0,1023.32,40.775,0.0
1786633200,2026-08-13 15:00:00,2026-08-13 17:00:00,fyn,25.5975,546.66,3.525,0.0,1022.78,40.95,0.0
1786636800,2026-08-13 16:00:00,2026-08-13 18:00:00,fyn,24.9,427.195,3.58,0.0,1022.27,46.9,0.0
1786640400,2026-08-13 17:00:00,2026-08-13 19:00:00,fyn,24.735,284.69,3.5525,0.0,1021.88,45.0625,0.0
1786644000,2026-08-13 18:00:00,2026-08-13 20:00:00,fyn,24.2075,145.04,3.145,0.0,1021.76,43.7375,0.0
1786647600,2026-08-13 19:00:00,2026-08-13 21:00:00,fyn,22.555,31.245,2.13,0.0,1021.65,49.14,1.66667
1786651200,2026-08-13 20:00:00,2026-08-13 22:00:00,fyn,20.3575,0.0,2.1625,0.0,1021.47,58.7725,3.33333
1786654800,2026-08-13 21:00:00,2026-08-13 23:00:00,fyn,18.4775,0.0,2.0625,0.0,1021.22,66.54,6.66667
1786658400,2026-08-13 22:00:00,2026-08-14 00:00:00,fyn,17.295,0.0,1.9825,0.0,1020.81,71.125,0.0
1786662000,2026-08-13 23:00:00,2026-08-14 01:00:00,fyn,16.5525,0.0,2.1025,0.0,1020.32,76.0225,5.0
1786665600,2026-08-14 00:00:00,2026-08-14 02:00:00,fyn,15.7925,0.0,1.7825,0.0,1019.87,81.295,10.0
1786669200,2026-08-14 01:00:00,2026-08-14 03:00:00,fyn,15.1725,0.0,1.515,0.0,1019.28,85.665,3.33333
1786672800,2026-08-14 02:00:00,2026-08-14 04:00:00,fyn,14.955,0.0,1.835,0.0,1018.77,87.635,1.66667
1786676400,2026-08-14 03:00:00,2026-08-14 05:00:00,fyn,14.4675,0.0,1.915,0.0,1018.34,89.755,5.0
1786680000,2026-08-14 04:00:00,2026-08-14 06:00:00,fyn,14.3925,0.19,2.1525,0.0,1017.87,90.38,0.0
1786683600,2026-08-14 05:00:00,2026-08-14 07:00:00,fyn,14.67,39.9,2.0725,0.0,1017.57,89.9625,0.0
1786687200,2026-08-14 06:00:00,2026-08-14 08:00:00,fyn,16.6725,152.755,2.0025,0.0,1017.31,85.0475,0.0
1786690800,2026-08-14 07:00:00,2026-08-14 09:00:00,fyn,19.6925,292.49,3.0575,0.0,1016.98,71.2775,5.0
1786694400,2026-08-14 08:00:00,2026-08-14 10:00:00,fyn,22.32,378.79,3.8575,0.0,1016.66,57.5,0.0
1786698000,2026-08-14 09:00:00,2026-08-14 11:00:00,fyn,23.8375,467.51,4.1975,0.0,1016.11,50.605,1.66667
1786701600,2026-08-14 10:00:00,2026-08-14 12:00:00,fyn,25.855,635.9,4.7125,0.0,1015.41,39.81,3.33333
1786705200,2026-08-14 11:00:00,2026-08-14 13:00:00,fyn,27.5125,728.66,5.7175,0.0,1014.71,32.585,5.0
1786708800,2026-08-14 12:00:00,2026-08-14 14:00:00,fyn,28.015,748.26,5.845,0.0,1014.11,34.2675,10.0
1786712400,2026-08-14 13:00:00,2026-08-14 15:00:00,fyn,28.3725,712.395,5.5025,0.0,1013.6,34.1125,6.66667
1786716000,2026-08-14 14:00:00,2026-08-14 16:00:00,fyn,28.6675,654.795,5.94,0.0,1013.1,32.4925,5.0
1786719600,2026-08-14 15:00:00,2026-08-14 17:00:00,fyn,28.725,528.41,5.62,0.0,1012.43,32.275,10.0
1786723200,2026-08-14 16:00:00,2026-08-14 18:00:00,fyn,28.645,399.75,5.26,0.0,1011.84,32.9025,1.66667
1786726800,2026-08-14 17:00:00,2026-08-14 19:00:00,fyn,28.235,267.765,4.72,0.0,1011.37,34.7025,0.0
1786730400,2026-08-14 18:00:00,2026-08-14 20:00:00,fyn,27.0525,129.475,3.53,0.0,1011.19,39.3625,3.33333
1786734000,2026-08-14 19:00:00,2026-08-14 21:00:00,fyn,24.5625,34.285,2.1,0.0,1011.03,50.905,5.0
1786737600,2026-08-14 20:00:00,2026-08-14 22:00:00,fyn,21.6225,0.0,1.44,0.0,1010.82,61.15,3.33333
1786741200,2026-08-14 21:00:00,2026-08-14 23:00:00,fyn,19.6175,0.0,1.4025,0.0,1010.57,67.5075,0.0
1786744800,2026-08-14 22:00:00,2026-08-15 00:00:00,fyn,18.12,0.0,1.335,0.0,1010.26,73.56,8.33333
1786748400,2026-08-14 23:00:00,2026-08-15 01:00:00,fyn,18.025,0.0,1.58,0.0,1010.0,72.3825,20.0
1786752000,2026-08-15 00:00:00,2026-08-15 02:00:00,fyn,17.7975,0.0,1.815,0.0,1009.78,74.6425,25.0
1786755600,2026-08-15 01:00:00,2026-08-15 03:00:00,fyn,17.41,0.0,1.8475,0.0,1009.66,80.5475,31.6667
1786759200,2026-08-15 02:00:00,2026-08-15 04:00:00,fyn,17.2425,0.0,2.5525,0.0,1009.5,82.81,0.0
1786762800,2026-08-15 03:00:00,2026-08-15 05:00:00,fyn,16.945,0.0,3.165,0.0,1009.6,86.905,43.3333
1786766400,2026-08-15 04:00:00,2026-08-15 06:00:00,fyn,16.4925,0.0,3.0025,0.0,1009.78,91.7475,36.6667
1786770000,2026-08-15 05:00:00,2026-08-15 07:00:00,fyn,16.625,26.01,3.5225,0.0,1009.84,92.43,75.0
1786773600,2026-08-15 06:00:00,2026-08-15 08:00:00,fyn,17.2,69.65,4.185,0.0,1010.12,90.5775,33.3333
1786777200,2026-08-15 07:00:00,2026-08-15 09:00:00,fyn,17.5775,104.52,4.9725,0.0,1010.54,91.31,56.6667
1786780800,2026-08-15 08:00:00,2026-08-15 10:00:00,fyn,17.7125,140.58,5.44,0.0,1010.87,90.1975,85.0
1786784400,2026-08-15 09:00:00,2026-08-15 11:00:00,fyn,18.39,255.15,5.6925,0.0,1010.96,82.435,53.3333
1786788000,2026-08-15 10:00:00,2026-08-15 12:00:00,fyn,19.555,478.87,5.93,0.0,1011.08,72.33,18.3333
1786791600,2026-08-15 11:00:00,2026-08-15 13:00:00,fyn,20.2725,504.535,6.2675,0.0,1011.29,65.0675,6.66667
1786795200,2026-08-15 12:00:00,2026-08-15 14:00:00,fyn,20.3425,361.805,6.71,0.0,1011.42,62.01,0.0
1786798800,2026-08-15 13:00:00,2026-08-15 15:00:00,fyn,20.4025,529.42,6.5025,0.0,1011.39,59.64,3.33333
1786802400,2026-08-15 14:00:00,2026-08-15 16:00:00,fyn,20.5625,566.285,6.56,0.0,1011.54,55.74,10.0
1786806000,2026-08-15 15:00:00,2026-08-15 17:00:00,fyn,20.235,465.125,6.5825,0.0,1011.72,55.7725,0.0
1786809600,2026-08-15 16:00:00,2026-08-15 18:00:00,fyn,19.5525,324.035,6.52,0.0,1011.91,57.55,0.0
1786813200,2026-08-15 17:00:00,2026-08-15 19:00:00,fyn,18.6375,164.94,6.795,0.0,1011.99,60.5425,60.0
1786816800,2026-08-15 18:00:00,2026-08-15 20:00:00,fyn,17.9925,108.055,5.9925,0.0,1012.08,61.05,15.0
1786820400,2026-08-15 19:00:00,2026-08-15 21:00:00,fyn,16.9725,26.0,4.695,0.0,1012.68,66.945,15.0
1786824000,2026-08-15 20:00:00,2026-08-15 22:00:00,fyn,15.8,0.0,4.2775,0.0,1012.73,73.2875,3.33333
1786827600,2026-08-15 21:00:00,2026-08-15 23:00:00,fyn,14.805,0.0,4.055,0.0,1012.66,80.27,8.33333
1786831200,2026-08-15 22:00:00,2026-08-16 00:00:00,fyn,14.005,0.0,3.9175,0.0,1012.56,85.5475,10.0
1786834800,2026-08-15 23:00:00,2026-08-16 01:00:00,fyn,13.4425,0.0,3.7175,0.0,1012.47,89.3325,25.0
1786838400,2026-08-16 00:00:00,2026-08-16 02:00:00,fyn,13.3575,0.0,3.74,0.0,1012.35,90.37,46.6667
1786842000,2026-08-16 01:00:00,2026-08-16 03:00:00,fyn,13.1275,0.0,3.5425,0.0,1012.26,90.74,1.66667
1786845600,2026-08-16 02:00:00,2026-08-16 04:00:00,fyn,12.9,0.0,3.495,0.0,1012.21,91.3425,1.66667
1786849200,2026-08-16 03:00:00,2026-08-16 05:00:00,fyn,12.7725,0.0,3.3475,0.0,1012.21,91.295,66.6667
1786852800,2026-08-16 04:00:00,2026-08-16 06:00:00,fyn,12.7975,0.105,3.39,0.0,1012.02,90.7425,63.3333
1786856400,2026-08-16 05:00:00,2026-08-16 07:00:00,fyn,13.2975,34.285,3.81,0.0,1012.02,88.7925,76.6667
1786860000,2026-08-16 06:00:00,2026-08-16 08:00:00,fyn,14.1625,139.295,4.4275,0.0,1012.09,85.435,8.33333
1786863600,2026-08-16 07:00:00,2026-08-16 09:00:00,fyn,15.4225,195.215,5.0825,0.0,1012.01,79.2075,8.33333
1786867200,2026-08-16 08:00:00,2026-08-16 10:00:00,fyn,16.4,323.775,5.385,0.0,1012.0,72.8075,80.0
1786870800,2026-08-16 09:00:00,2026-08-16 11:00:00,fyn,17.1125,475.91,5.675,0.0,1011.99,67.9875,50.0
1786874400,2026-08-16 10:00:00,2026-08-16 12:00:00,fyn,18.005,321.47,6.0325,0.0,1012.06,62.97,90.0
1786878000,2026-08-16 11:00:00,2026-08-16 13:00:00,fyn,17.89,399.335,6.04,0.0,1011.89,65.53,90.0
1786881600,2026-08-16 12:00:00,2026-08-16 14:00:00,fyn,18.4375,318.82,5.98,0.0,1011.79,62.215,55.0
1786885200,2026-08-16 13:00:00,2026-08-16 15:00:00,fyn,19.07,297.47,6.3525,0.0,1011.75,57.61,66.6667
1786888800,2026-08-16 14:00:00,2026-08-16 16:00:00,fyn,19.145,318.39,6.945,0.0,1011.8,55.545,58.3333
1786892400,2026-08-16 15:00:00,2026-08-16 17:00:00,fyn,18.91,240.545,7.275,0.0,1011.86,56.4275,13.3333
1786896000,2026-08-16 16:00:00,2026-08-16 18:00:00,fyn,18.155,148.69,6.685,0.0,1011.82,61.1325,10.0
1786899600,2026-08-16 17:00:00,2026-08-16 19:00:00,fyn,17.555,71.645,6.475,0.0,1011.53,62.9975,8.33333
1786903200,2026-08-16 18:00:00,2026-08-16 20:00:00,fyn,16.9775,29.685,5.45,0.0,1011.1,65.4675,56.6667
1786906800,2026-08-16 19:00:00,2026-08-16 21:00:00,fyn,16.1125,12.425,4.3575,0.0,1011.11,71.5825,95.0
1786910400,2026-08-16 20:00:00,2026-08-16 22:00:00,fyn,15.6025,0.0,3.9425,0.0,1010.91,76.8525,95.0
1786914000,2026-08-16 21:00:00,2026-08-16 23:00:00,fyn,15.155,0.0,3.8275,0.0,1010.86,80.8325,93.3333
1786917600,2026-08-16 22:00:00,2026-08-17 00:00:00,fyn,14.7025,0.0,4.1675,0.04,1010.64,85.045,91.6667
1786921200,2026-08-16 23:00:00,2026-08-17 01:00:00,fyn,14.25,0.0,3.9225,0.213333,1010.27,89.4025,91.6667
1786924800,2026-08-17 00:00:00,2026-08-17 02:00:00,fyn,13.755,0.0,3.3525,0.0166667,1010.01,91.5175,85.0
1786928400,2026-08-17 01:00:00,2026-08-17 03:00:00,fyn,13.4775,0.0,3.56,0.0,1009.77,92.6625,60.0
1786932000,2026-08-17 02:00:00,2026-08-17 04:00:00,fyn,13.575,0.0,3.675,0.0,1009.44,91.92,93.3333
1786935600,2026-08-17 03:00:00,2026-08-17 05:00:00,fyn,13.355,0.0,3.705,0.0,1009.12,91.9675,78.3333
1786939200,2026-08-17 04:00:00,2026-08-17 06:00:00,fyn,13.1675,0.0,3.6375,0.0,1008.69,90.66,53.3333
1786942800,2026-08-17 05:00:00,2026-08-17 07:00:00,fyn,12.8675,31.865,3.5275,0.0,1008.53,91.7325,50.0
1786946400,2026-08-17 06:00:00,2026-08-17 08:00:00,fyn,13.85,138.165,3.775,0.0,1008.39,89.065,85.0
1786950000,2026-08-17 07:00:00,2026-08-17 09:00:00,fyn,14.875,249.48,4.58,0.0,1008.16,84.68,33.3333
1786953600,2026-08-17 08:00:00,2026-08-17 10:00:00,fyn,15.98,353.25,5.5525,0.0,1007.97,75.9075,66.6667
1786957200,2026-08-17 09:00:00,2026-08-17 11:00:00,fyn,17.085,521.365,6.255,0.0,1007.94,67.18,36.6667
1786960800,2026-08-17 10:00:00,2026-08-17 12:00:00,fyn,18.2525,645.92,6.5325,0.0,1007.93,59.0825,15.0
1786964400,2026-08-17 11:00:00,2026-08-17 13:00:00,fyn,18.9275,661.055,6.31,0.0,1007.86,55.02,10.0
1786968000,2026-08-17 12:00:00,2026-08-17 14:00:00,fyn,19.49,756.11,6.4625,0.0,1007.95,54.4425,20.0
1786971600,2026-08-17 13:00:00,2026-08-17 15:00:00,fyn,19.7075,626.52,6.65,0.0,1007.95,54.455,10.0
1786975200,2026-08-17 14:00:00,2026-08-17 16:00:00,fyn,19.1875,474.62,7.035,0.0,1007.96,56.1875,15.0
1786978800,2026-08-17 15:00:00,2026-08-17 17:00:00,fyn,19.0075,460.38,7.215,0.0,1007.85,55.9775,25.0
1786982400,2026-08-17 16:00:00,2026-08-17 18:00:00,fyn,18.3325,353.18,7.2575,0.0,1007.87,56.2225,21.6667
1786986000,2026-08-17 17:00:00,2026-08-17 19:00:00,fyn,17.2225,262.96,7.595,0.0,1007.99,58.93,28.3333
1786989600,2026-08-17 18:00:00,2026-08-17 20:00:00,fyn,15.9375,109.12,6.825,0.0,1007.95,62.3125,5.0
1786993200,2026-08-17 19:00:00,2026-08-17 21:00:00,fyn,14.83,16.74,6.1825,0.0,1008.14,65.965,71.6667
1786996800,2026-08-17 20:00:00,2026-08-17 22:00:00,fyn,14.3275,0.0,5.6225,0.0,1008.17,67.6725,75.0
1787000400,2026-08-17 21:00:00,2026-08-17 23:00:00,fyn,13.9925,0.0,5.6675,0.0,1008.21,67.9525,95.0
1787004000,2026-08-17 22:00:00,2026-08-18 00:00:00,fyn,13.6975,0.0,5.085,0.0,1008.14,69.55,95.0
1787007600,2026-08-17 23:00:00,2026-08-18 01:00:00,fyn,13.5575,0.0,5.0475,0.0,1007.9,70.42,91.6667
1787011200,2026-08-18 00:00:00,2026-08-18 02:00:00,fyn,13.335,0.0,4.405,0.0,1007.65,71.4725,91.6667
1787014800,2026-08-18 01:00:00,2026-08-18 03:00:00,fyn,13.275,0.0,4.5175,0.0,1007.4,69.6,93.3333
1787018400,2026-08-18 02:00:00,2026-08-18 04:00:00,fyn,12.965,0.0,4.3925,0.0,1007.26,69.6375,86.6667
1787022000,2026-08-18 03:00:00,2026-08-18 05:00:00,fyn,12.665,0.0,4.03,0.0,1007.03,70.025,95.0
1787025600,2026-08-18 04:00:00,2026-08-18 06:00:00,fyn,12.415,0.405,3.8,0.0,1006.53,71.0125,68.3333
1787029200,2026-08-18 05:00:00,2026-08-18 07:00:00,fyn,12.32,40.26,3.2275,0.0,1006.3,72.4575,75.0
1787032800,2026-08-18 06:00:00,2026-08-18 08:00:00,fyn,12.9875,113.825,3.16,0.0,1006.15,71.1925,90.0
1787036400,2026-08-18 07:00:00,2026-08-18 09:00:00,fyn,13.6925,190.935,3.26,0.0,1005.82,69.005,93.3333
1787040000,2026-08-18 08:00:00,2026-08-18 10:00:00,fyn,14.4825,282.935,3.8,0.0,1005.61,65.6775,90.0
1787043600,2026-08-18 09:00:00,2026-08-18 11:00:00,fyn,15.3025,391.515,3.705,0.0,1005.36,63.82,30.0
1787047200,2026-08-18 10:00:00,2026-08-18 12:00:00,fyn,16.0875,414.235,4.33,0.0,1005.1,62.61,23.3333
1787050800,2026-08-18 11:00:00,2026-08-18 13:00:00,fyn,16.62,386.3,4.01,0.0,1004.64,61.5625,50.0
1787054400,2026-08-18 12:00:00,2026-08-18 14:00:00,fyn,17.4925,459.675,4.395,0.0,1004.25,59.1425,70.0
1787058000,2026-08-18 13:00:00,2026-08-18 15:00:00,fyn,17.945,366.865,4.25,0.0,1003.95,57.175,35.0
1787061600,2026-08-18 14:00:00,2026-08-18 16:00:00,fyn,18.005,302.16,3.9975,0.0,1003.49,57.345,38.3333
1787065200,2026-08-18 15:00:00,2026-08-18 17:00:00,fyn,18.2525,257.385,3.9825,0.0,1003.06,57.3175,58.3333
1787068800,2026-08-18 16:00:00,2026-08-18 18:00:00,fyn,18.0725,164.23,4.0525,0.0,1002.63,59.955,90.0
1787072400,2026-08-18 17:00:00,2026-08-18 19:00:00,fyn,17.88,115.0,3.845,0.0,1002.4,62.0225,90.0
1787076000,2026-08-18 18:00:00,2026-08-18 20:00:00,fyn,17.6325,61.0,3.65,0.0,1002.33,64.145,60.0
1787079600,2026-08-18 19:00:00,2026-08-18 21:00:00,fyn,16.8575,11.5,3.055,0.0,1002.45,69.27,33.3333
1787083200,2026-08-18 20:00:00,2026-08-18 22:00:00,fyn,16.0425,0.0,2.38,0.0,1002.36,72.295,18.3333
1787086800,2026-08-18 21:00:00,2026-08-18 23:00:00,fyn,15.0225,0.0,2.275,0.0,1002.23,77.4025,91.6667
1787090400,2026-08-18 22:00:00,2026-08-19 00:00:00,fyn,14.87,0.0,1.655,0.0,1001.85,79.93,96.6667
1787094000,2026-08-18 23:00:00,2026-08-19 01:00:00,fyn,14.9375,0.0,1.8775,0.0,1001.56,81.0425,93.3333
1787097600,2026-08-19 00:00:00,2026-08-19 02:00:00,fyn,14.9475,0.0,2.195,0.0,1001.14,83.745,93.3333
1787101200,2026-08-19 01:00:00,2026-08-19 03:00:00,fyn,14.675,0.0,2.4925,0.0666667,1000.54,87.4375,96.6667
1787104800,2026-08-19 02:00:00,2026-08-19 04:00:00,fyn,14.8875,0.0,3.4625,0.266667,999.88,89.1525,93.3333
1787108400,2026-08-19 03:00:00,2026-08-19 05:00:00,fyn,14.73,0.0,3.6425,2.50333,999.31,94.0775,91.6667
1787112000,2026-08-19 04:00:00,2026-08-19 06:00:00,fyn,14.9775,0.0,3.93,0.346667,998.741,95.4825,76.6667
1787115600,2026-08-19 05:00:00,2026-08-19 07:00:00,fyn,15.09,12.5,3.4825,0.05,998.409,95.1475,15.0
1787119200,2026-08-19 06:00:00,2026-08-19 08:00:00,fyn,15.33,46.0,3.935,0.0,998.124,93.935,43.3333
1787122800,2026-08-19 07:00:00,2026-08-19 09:00:00,fyn,15.7575,89.0,4.3825,0.0,997.824,91.855,76.6667
1787126400,2026-08-19 08:00:00,2026-08-19 10:00:00,fyn,16.0325,125.5,4.69,0.0,997.665,89.355,31.6667
1787130000,2026-08-19 09:00:00,2026-08-19 11:00:00,fyn,16.1675,139.0,5.35333,0.0566667,997.586,88.5175,80.0
1787133600,2026-08-19 10:00:00,2026-08-19 12:00:00,fyn,16.27,209.5,5.5925,0.24,997.482,88.095,90.0
1787137200,2026-08-19 11:00:00,2026-08-19 13:00:00,fyn,16.17,318.5,5.9025,0.456667,997.235,86.8325,80.0
1787140800,2026-08-19 12:00:00,2026-08-19 14:00:00,fyn,16.655,339.0,5.9475,1.14,997.107,84.0275,65.0
1787144400,2026-08-19 13:00:00,2026-08-19 15:00:00,fyn,16.5475,276.5,4.785,0.173333,996.927,82.1175,90.0
1787148000,2026-08-19 14:00:00,2026-08-19 16:00:00,fyn,17.0425,271.5,4.5475,0.77,996.633,79.3675,35.0
1787151600,2026-08-19 15:00:00,2026-08-19 17:00:00,fyn,18.005,367.0,6.21,0.0633333,996.487,74.48,15.0
1787155200,2026-08-19 16:00:00,2026-08-19 18:00:00,fyn,18.64,334.0,7.615,0.0,996.524,68.585,13.3333
1787158800,2026-08-19 17:00:00,2026-08-19 19:00:00,fyn,18.2375,227.5,7.465,0.0,996.674,69.0975,20.0
1787162400,2026-08-19 18:00:00,2026-08-19 20:00:00,fyn,17.4275,91.5,6.965,0.0,996.902,71.675,20.0
1787166000,2026-08-19 19:00:00,2026-08-19 21:00:00,fyn,16.245,13.5,5.3825,0.0,997.313,77.39,6.66667
1787169600,2026-08-19 20:00:00,2026-08-19 22:00:00,fyn,15.255,0.0,4.41,0.0,997.661,83.95,31.6667
1787173200,2026-08-19 21:00:00,2026-08-19 23:00:00,fyn,14.59,0.0,4.0075,0.0,997.898,87.8525,73.3333
1787176800,2026-08-19 22:00:00,2026-08-20 00:00:00,fyn,14.085,0.0,3.6275,0.0,998.256,88.5425,31.6667
1787180400,2026-08-19 23:00:00,2026-08-20 01:00:00,fyn,13.4825,0.0,3.315,0.0,998.738,91.605,30.0
1787184000,2026-08-20 00:00:00,2026-08-20 02:00:00,fyn,13.3175,0.0,3.0825,0.0,998.633,92.3275,51.6667
1787187600,2026-08-20 01:00:00,2026-08-20 03:00:00,fyn,13.0725,0.0,2.4175,0.0,998.833,91.8625,90.0
1787191200,2026-08-20 02:00:00,2026-08-20 04:00:00,fyn,13.135,0.0,2.445,0.0,999.285,92.14,96.6667
1787194800,2026-08-20 03:00:00,2026-08-20 05:00:00,fyn,13.3925,0.0,2.6075,0.0,999.391,91.2225,98.3333
1787198400,2026-08-20 04:00:00,2026-08-20 06:00:00,fyn,13.37,0.0,2.2025,0.0,999.714,90.75,91.6667
1787202000,2026-08-20 05:00:00,2026-08-20 07:00:00,fyn,13.3175,26.5,2.495,0.0,1000.22,90.9225,93.3333
1787205600,2026-08-20 06:00:00,2026-08-20 08:00:00,fyn,13.9625,110.0,2.48,0.0,1000.4,88.51,75.0
1787209200,2026-08-20 07:00:00,2026-08-20 09:00:00,fyn,15.0875,228.0,2.9025,0.0,1000.64,82.1875,23.3333
1787212800,2026-08-20 08:00:00,2026-08-20 10:00:00,fyn,16.13,385.0,3.275,,1000.92,76.465,25.0
1787216400,2026-08-20 09:00:00,2026-08-20 11:00:00,fyn,17.32,467.5,3.7325,0.0,1001.17,69.57,28.3333
1787220000,2026-08-20 10:00:00,2026-08-20 12:00:00,fyn,18.0,592.5,3.54,0.0,1001.14,66.495,20.0
1787223600,2026-08-20 11:00:00,2026-08-20 13:00:00,fyn,18.9275,552.5,3.7025,0.0,1001.13,61.735,76.6667
1787227200,2026-08-20 12:00:00,2026-08-20 14:00:00,fyn,18.4325,322.5,3.6275,0.0233333,1001.32,66.5025,90.0
1787230800,2026-08-20 13:00:00,2026-08-20 15:00:00,fyn,17.465,275.0,3.595,1.02333,1001.37,76.905,90.0
1787234400,2026-08-20 14:00:00,2026-08-20 16:00:00,fyn,17.795,309.5,2.8525,1.4,1001.42,78.9175,80.0
1787238000,2026-08-20 15:00:00,2026-08-20 17:00:00,fyn,18.0525,346.5,3.3925,0.0433333,1001.3,75.86,80.0
1787241600,2026-08-20 16:00:00,2026-08-20 18:00:00,fyn,18.1775,159.5,3.3525,0.276667,1001.27,75.1925,90.0
1787245200,2026-08-20 17:00:00,2026-08-20 19:00:00,fyn,18.0575,229.0,3.22,1.24,1001.04,76.6,55.0
1787248800,2026-08-20 18:00:00,2026-08-20 20:00:00,fyn,17.73,60.0,2.765,1.14667,1001.13,78.1125,80.0
1787252400,2026-08-20 19:00:00,2026-08-20 21:00:00,fyn,16.9275,9.0,3.23,0.00666667,1001.55,81.66,61.6667
1787256000,2026-08-20 20:00:00,2026-08-20 22:00:00,fyn,15.65,0.0,2.97,0.0,1001.63,86.5,46.6667
1787259600,2026-08-20 21:00:00,2026-08-20 23:00:00,fyn,14.7225,0.0,2.9125,0.0,1001.74,91.095,70.0
1787263200,2026-08-20 22:00:00,2026-08-21 00:00:00,fyn,14.1975,0.0,3.055,0.0,1001.84,93.4875,71.6667
1787266800,2026-08-20 23:00:00,2026-08-21 01:00:00,fyn,13.965,0.0,2.6,0.0,1001.83,94.7375,63.3333
1787270400,2026-08-21 00:00:00,2026-08-21 02:00:00,fyn,13.7075,0.0,2.5425,0.0,1001.76,95.3625,75.0
1787274000,2026-08-21 01:00:00,2026-08-21 03:00:00,fyn,13.5675,0.0,2.9175,0.0166667,1001.87,95.605,76.6667
1787277600,2026-08-21 02:00:00,2026-08-21 04:00:00,fyn,13.5675,0.0,2.72,0.0,1002.09,96.2525,65.0
1787281200,2026-08-21 03:00:00,2026-08-21 05:00:00,fyn,13.2875,0.0,2.49,0.0,1002.34,97.17,85.0
1787284800,2026-08-21 04:00:00,2026-08-21 06:00:00,fyn,12.7925,0.0,2.045,0.0,1002.79,96.73,28.3333
1787288400,2026-08-21 05:00:00,2026-08-21 07:00:00,fyn,12.685,17.0,1.71,0.0,1002.98,96.2125,51.6667
1787292000,2026-08-21 06:00:00,2026-08-21 08:00:00,fyn,13.4325,117.0,2.1375,0.0,1003.32,96.31,75.0
1787295600,2026-08-21 07:00:00,2026-08-21 09:00:00,fyn,14.4075,278.0,2.245,0.0,1003.63,94.3075,65.0
1787299200,2026-08-21 08:00:00,2026-08-21 10:00:00,fyn,15.87,429.5,3.08,0.0,1004.04,82.56,36.6667
1787302800,2026-08-21 09:00:00,2026-08-21 11:00:00,fyn,16.8675,561.5,3.8225,0.0,1004.47,72.685,10.0
1787306400,2026-08-21 10:00:00,2026-08-21 12:00:00,fyn,17.5675,523.5,3.92,0.0,1004.84,67.3125,8.33333
1787310000,2026-08-21 11:00:00,2026-08-21 13:00:00,fyn,18.335,651.0,4.4525,0.0,1004.97,59.9975,18.3333
1787313600,2026-08-21 12:00:00,2026-08-21 14:00:00,fyn,19.1775,635.5,4.815,0.0,1005.24,52.945,61.6667
1787317200,2026-08-21 13:00:00,2026-08-21 15:00:00,fyn,19.395,622.5,5.3075,0.0,1005.43,50.505,68.3333
1787320800,2026-08-21 14:00:00,2026-08-21 16:00:00,fyn,19.7675,570.5,5.6575,0.0433333,1005.42,48.6275,71.6667
1787324400,2026-08-21 15:00:00,2026-08-21 17:00:00,fyn,19.545,468.0,5.385,0.0,1005.51,48.225,58.3333
1787328000,2026-08-21 16:00:00,2026-08-21 18:00:00,fyn,18.87,278.5,5.1875,0.0,1006.08,53.0975,41.6667
1787331600,2026-08-21 17:00:00,2026-08-21 19:00:00,fyn,18.2225,167.0,4.535,0.0,1006.37,55.4775,20.0
1787335200,2026-08-21 18:00:00,2026-08-21 20:00:00,fyn,17.2575,77.0,4.255,0.0,1006.58,62.975,13.3333
1787338800,2026-08-21 19:00:00,2026-08-21 21:00:00,fyn,16.22,17.0,3.585,0.0,1007.02,67.915,0.0
1787342400,2026-08-21 20:00:00,2026-08-21 22:00:00,fyn,14.8525,0.0,3.4075,0.0,1007.11,73.16,0.0
1787346000,2026-08-21 21:00:00,2026-08-21 23:00:00,fyn,13.9425,0.0,3.575,0.0,1007.33,78.1475,0.0
1787349600,2026-08-21 22:00:00,2026-08-22 00:00:00,fyn,13.225,0.0,3.5125,0.0,1007.29,81.9,0.0
1787353200,2026-08-21 23:00:00,2026-08-22 01:00:00,fyn,12.4975,0.0,3.145,0.0,1007.09,86.75,0.0
1787356800,2026-08-22 00:00:00,2026-08-22 02:00:00,fyn,11.7925,0.0,2.9925,0.0,1007.02,89.8325,0.0
1787360400,2026-08-22 01:00:00,2026-08-22 03:00:00,fyn,11.3625,0.0,3.2125,0.0,1006.96,91.12,0.0
1787364000,2026-08-22 02:00:00,2026-08-22 04:00:00,fyn,11.2325,0.0,3.3325,0.0,1006.94,90.93,1.66667
1787367600,2026-08-22 03:00:00,2026-08-22 05:00:00,fyn,11.26,0.0,3.7575,0.0,1006.94,90.025,65.0
1787371200,2026-08-22 04:00:00,2026-08-22 06:00:00,fyn,11.64,0.0,3.93,0.0,1006.9,90.4025,83.3333
1787374800,2026-08-22 05:00:00,2026-08-22 07:00:00,fyn,12.1875,14.0,4.54,0.0,1006.89,90.295,63.3333
1787378400,2026-08-22 06:00:00,2026-08-22 08:00:00,fyn,12.7975,66.0,5.215,0.0,1006.85,89.475,28.3333
1787382000,2026-08-22 07:00:00,2026-08-22 09:00:00,fyn,13.9075,195.5,5.8325,0.0,1006.78,84.61,41.6667
1787385600,2026-08-22 08:00:00,2026-08-22 10:00:00,fyn,14.8525,293.0,7.045,0.0,1006.77,79.37,50.0
1787389200,2026-08-22 09:00:00,2026-08-22 11:00:00,fyn,16.1675,454.5,7.685,0.0366667,1006.85,70.6675,48.3333
1787392800,2026-08-22 10:00:00,2026-08-22 12:00:00,fyn,16.5525,454.5,7.62,0.0,1006.99,69.8275,53.3333
1787396400,2026-08-22 11:00:00,2026-08-22 13:00:00,fyn,16.9175,563.5,7.5,0.0,1007.3,68.775,63.3333
1787400000,2026-08-22 12:00:00,2026-08-22 14:00:00,fyn,17.795,456.5,7.3175,0.0,1007.63,64.125,60.0
1787403600,2026-08-22 13:00:00,2026-08-22 15:00:00,fyn,18.5425,442.5,7.14,0.0,1007.85,60.3375,90.0
1787407200,2026-08-22 14:00:00,2026-08-22 16:00:00,fyn,18.8825,511.5,7.645,0.0,1008.19,57.27,85.0
1787410800,2026-08-22 15:00:00,2026-08-22 17:00:00,fyn,18.975,477.0,8.36,0.0,1008.64,57.155,58.3333
1787414400,2026-08-22 16:00:00,2026-08-22 18:00:00,fyn,18.35,383.0,8.6025,0.0,1009.28,59.5725,20.0
1787418000,2026-08-22 17:00:00,2026-08-22 19:00:00,fyn,17.205,243.5,8.2975,0.0,1009.9,66.6675,11.6667
1787421600,2026-08-22 18:00:00,2026-08-22 20:00:00,fyn,15.845,99.0,7.9075,0.0,1010.53,73.11,3.33333
1787425200,2026-08-22 19:00:00,2026-08-22 21:00:00,fyn,14.41,8.0,7.0425,0.0,1011.15,81.18,41.6667
1787428800,2026-08-22 20:00:00,2026-08-22 22:00:00,fyn,13.91,0.0,6.4775,0.0,1011.38,83.515,25.0
1787432400,2026-08-22 21:00:00,2026-08-22 23:00:00,fyn,13.59,0.0,6.4875,0.0,1011.43,85.0325,86.6667
1787436000,2026-08-22 22:00:00,2026-08-23 00:00:00,fyn,13.5075,0.0,6.4325,0.0,1011.49,84.98,96.6667
1787439600,2026-08-22 23:00:00,2026-08-23 01:00:00,fyn,13.3175,0.0,6.36,0.0,1011.46,85.4925,91.6667
1787443200,2026-08-23 00:00:00,2026-08-23 02:00:00,fyn,13.235,0.0,6.11,0.0,1011.37,86.475,96.6667
1787446800,2026-08-23 01:00:00,2026-08-23 03:00:00,fyn,13.2025,0.0,6.1225,0.0,1011.51,87.1275,96.6667
1787450400,2026-08-23 02:00:00,2026-08-23 04:00:00,fyn,13.095,0.0,6.3675,0.0,1011.65,87.7525,96.6667
1787454000,2026-08-23 03:00:00,2026-08-23 05:00:00,fyn,12.955,0.0,6.3425,0.0,1011.72,88.22,96.6667
1787457600,2026-08-23 04:00:00,2026-08-23 06:00:00,fyn,12.8325,0.0,6.075,0.0,1011.93,89.39,90.0
1787461200,2026-08-23 05:00:00,2026-08-23 07:00:00,fyn,12.955,7.5,5.8925,0.0,1012.26,89.84,93.3333
1787464800,2026-08-23 06:00:00,2026-08-23 08:00:00,fyn,13.27,36.5,5.745,0.0,1012.66,89.9,90.0
1787468400,2026-08-23 07:00:00,2026-08-23 09:00:00,fyn,13.735,44.0,5.4475,0.39,1013.04,89.4225,91.6667
1787472000,2026-08-23 08:00:00,2026-08-23 10:00:00,fyn,14.2675,183.5,5.61,0.4,1013.34,89.755,90.0
1787475600,2026-08-23 09:00:00,2026-08-23 11:00:00,fyn,15.4225,308.0,6.42,0.0,1013.59,84.84,90.0
1787479200,2026-08-23 10:00:00,2026-08-23 12:00:00,fyn,16.6175,394.0,6.655,0.0,1013.64,77.125,61.6667
1787482800,2026-08-23 11:00:00,2026-08-23 13:00:00,fyn,16.985,338.0,6.3475,0.71,1013.86,74.4575,53.3333
1787486400,2026-08-23 12:00:00,2026-08-23 14:00:00,fyn,17.28,486.0,6.9225,0.143333,1014.23,73.0775,43.3333
1787490000,2026-08-23 13:00:00,2026-08-23 15:00:00,fyn,17.9275,398.5,7.3575,0.253333,1014.4,71.605,60.0
1787493600,2026-08-23 14:00:00,2026-08-23 16:00:00,fyn,17.64,319.5,6.9725,2.68667,1014.84,71.2575,90.0
1787497200,2026-08-23 15:00:00,2026-08-23 17:00:00,fyn,17.7325,484.0,6.7175,0.166667,1015.23,70.9025,63.3333
1787500800,2026-08-23 16:00:00,2026-08-23 18:00:00,fyn,17.46,382.5,6.3925,2.20333,1015.67,69.53,80.0
1787504400,2026-08-23 17:00:00,2026-08-23 19:00:00,fyn,16.97,267.5,5.905,5.03333,1016.21,69.95,51.6667
1787508000,2026-08-23 18:00:00,2026-08-23 20:00:00,fyn,15.5175,89.5,4.6225,4.42333,1016.51,77.48,10.0
1787511600,2026-08-23 19:00:00,2026-08-23 21:00:00,fyn,14.505,5.5,3.8875,0.0,1016.94,84.145,0.0
1787515200,2026-08-23 20:00:00,2026-08-23 22:00:00,fyn,13.9,0.0,4.195,0.0,1017.28,86.155,0.0
1787518800,2026-08-23 21:00:00,2026-08-23 23:00:00,fyn,13.3175,0.0,4.0675,0.0,1017.46,88.465,0.0
1787522400,2026-08-23 22:00:00,2026-08-24 00:00:00,fyn,12.7525,0.0,3.6225,0.0,1017.67,90.035,0.0
1787526000,2026-08-23 23:00:00,2026-08-24 01:00:00,fyn,12.3425,0.0,3.0725,0.0,1017.85,90.935,0.0
1787529600,2026-08-24 00:00:00,2026-08-24 02:00:00,fyn,11.8175,0.0,2.915,0.0,1018.07,91.7525,0.0
1787533200,2026-08-24 01:00:00,2026-08-24 03:00:00,fyn,11.3025,0.0,2.855,0.0,1018.22,92.7625,0.0
1787536800,2026-08-24 02:00:00,2026-08-24 04:00:00,fyn,11.0225,0.0,2.7925,0.0,1018.38,93.49,1.66667
1787540400,2026-08-24 03:00:00,2026-08-24 05:00:00,fyn,10.595,0.0,3.085,0.0,1018.57,94.4325,0.0
1787544000,2026-08-24 04:00:00,2026-08-24 06:00:00,fyn,10.54,0.0,3.01,0.0,1018.71,93.9075,1.66667
1787547600,2026-08-24 05:00:00,2026-08-24 07:00:00,fyn,10.5575,16.5,2.5,0.0,1018.99,93.9675,10.0
1787551200,2026-08-24 06:00:00,2026-08-24 08:00:00,fyn,11.535,109.5,2.4525,0.0,1019.32,92.165,1.66667
1787554800,2026-08-24 07:00:00,2026-08-24 09:00:00,fyn,13.3175,271.0,2.4975,0.0,1019.56,87.125,10.0
1787558400,2026-08-24 08:00:00,2026-08-24 10:00:00,fyn,14.93,418.0,3.0425,0.0,1019.68,78.955,33.3333
1787562000,2026-08-24 09:00:00,2026-08-24 11:00:00,fyn,16.1375,547.5,3.345,0.0,1019.76,72.095,35.0
1787565600,2026-08-24 10:00:00,2026-08-24 12:00:00,fyn,17.155,644.0,2.985,0.0,1019.66,66.97,46.6667
1787569200,2026-08-24 11:00:00,2026-08-24 13:00:00,fyn,18.235,703.0,2.565,0.0,1019.57,61.7675,6.66667
1787572800,2026-08-24 12:00:00,2026-08-24 14:00:00,fyn,18.91,723.0,2.4325,0.0,1019.48,56.92,0.0
1787576400,2026-08-24 13:00:00,2026-08-24 15:00:00,fyn,19.8125,697.5,2.285,0.0,1019.28,52.7125,0.0
1787580000,2026-08-24 14:00:00,2026-08-24 16:00:00,fyn,20.505,628.0,2.0125,0.0,1019.01,49.545,0.0
1787583600,2026-08-24 15:00:00,2026-08-24 17:00:00,fyn,20.82,522.5,2.165,0.0,1018.8,47.4275,0.0
1787587200,2026-08-24 16:00:00,2026-08-24 18:00:00,fyn,20.88,388.5,2.1975,0.0,1018.42,46.8525,0.0
1787590800,2026-08-24 17:00:00,2026-08-24 19:00:00,fyn,20.5725,241.5,1.8675,0.0,1018.11,48.8775,0.0
1787594400,2026-08-24 18:00:00,2026-08-24 20:00:00,fyn,19.3825,98.0,2.15,0.0,1018.21,56.555,0.0
1787598000,2026-08-24 19:00:00,2026-08-24 21:00:00,fyn,17.3325,8.5,1.3375,0.0,1018.52,66.88,0.0
1787601600,2026-08-24 20:00:00,2026-08-24 22:00:00,fyn,15.2075,0.0,1.09,0.0,1018.6,75.6675,0.0
1787605200,2026-08-24 21:00:00,2026-08-24 23:00:00,fyn,13.745,0.0,1.52,0.0,1018.61,82.4575,0.0
1787608800,2026-08-24 22:00:00,2026-08-25 00:00:00,fyn,12.6075,0.0,1.8075,0.0,1018.6,88.0575,8.33333
1787612400,2026-08-24 23:00:00,2026-08-25 01:00:00,fyn,11.8225,0.0,1.4025,0.0,1018.41,90.9025,8.33333
1787616000,2026-08-25 00:00:00,2026-08-25 02:00:00,fyn,11.1375,0.0,1.045,0.0,1018.29,92.9325,6.66667
1787619600,2026-08-25 01:00:00,2026-08-25 03:00:00,fyn,10.2825,0.0,0.9575,0.0,1018.27,94.0875,6.66667
1787623200,2026-08-25 02:00:00,2026-08-25 04:00:00,fyn,9.53,0.0,0.6675,0.0,1018.24,95.7125,6.66667
1787626800,2026-08-25 03:00:00,2026-08-25 05:00:00,fyn,9.125,0.0,0.58,0.0,1018.22,95.775,3.33333
1787630400,2026-08-25 04:00:00,2026-08-25 06:00:00,fyn,8.87,0.0,0.85,0.02,1018.19,96.13,28.3333
1787634000,2026-08-25 05:00:00,2026-08-25 07:00:00,fyn,8.8975,17.0,1.22,0.0,1018.28,95.025,18.3333
1787637600,2026-08-25 06:00:00,2026-08-25 08:00:00,fyn,10.9675,129.0,1.6475,0.0,1018.31,93.7625,0.0
1787641200,2026-08-25 07:00:00,2026-08-25 09:00:00,fyn,14.8725,274.0,1.4825,0.0,1018.38,85.9775,0.0
1787644800,2026-08-25 08:00:00,2026-08-25 10:00:00,fyn,18.135,417.5,2.2475,0.0,1018.43,67.2075,0.0
1787648400,2026-08-25 09:00:00,2026-08-25 11:00:00,fyn,19.4425,543.5,2.8175,,1018.45,58.2575,8.33333
1787652000,2026-08-25 10:00:00,2026-08-25 12:00:00,fyn,19.8825,638.5,3.45,0.0,1018.39,56.9725,5.0
1787655600,2026-08-25 11:00:00,2026-08-25 13:00:00,fyn,20.5775,651.0,3.7875,0.0,1018.27,53.7975,3.33333
1787659200,2026-08-25 12:00:00,2026-08-25 14:00:00,fyn,20.83,593.5,4.3975,0.0,1018.3,54.9675,3.33333
1787662800,2026-08-25 13:00:00,2026-08-25 15:00:00,fyn,21.085,682.5,4.3625,0.0,1018.14,53.045,8.33333
1787666400,2026-08-25 14:00:00,2026-08-25 16:00:00,fyn,21.3625,619.0,4.24,0.0,1017.97,50.665,5.0
1787670000,2026-08-25 15:00:00,2026-08-25 17:00:00,fyn,21.36,514.5,3.855,0.0,1017.88,52.41,0.0
1787673600,2026-08-25 16:00:00,2026-08-25 18:00:00,fyn,21.1875,378.5,4.2775,0.0,1017.75,54.6825,0.0
1787677200,2026-08-25 17:00:00,2026-08-25 19:00:00,fyn,20.44,231.5,4.5125,0.0,1017.88,56.64,0.0
1787680800,2026-08-25 18:00:00,2026-08-25 20:00:00,fyn,19.44,92.5,3.1275,0.0,1018.34,62.2975,0.0
1787684400,2026-08-25 19:00:00,2026-08-25 21:00:00,fyn,17.7875,6.5,2.4275,0.0,1018.81,67.5725,0.0
1787688000,2026-08-25 20:00:00,2026-08-25 22:00:00,fyn,16.11,0.0,2.55,0.0,1019.11,75.7625,0.0
1787691600,2026-08-25 21:00:00,2026-08-25 23:00:00,fyn,15.02,0.0,2.22,0.0,1019.28,82.2575,0.0
1787695200,2026-08-25 22:00:00,2026-08-26 00:00:00,fyn,13.9175,0.0,1.925,0.0,1019.54,86.39,0.0
1787698800,2026-08-25 23:00:00,2026-08-26 01:00:00,fyn,13.005,0.0,2.1825,0.0,1019.63,90.765,0.0
1787702400,2026-08-26 00:00:00,2026-08-26 02:00:00,fyn,12.58,0.0,2.0825,0.0,1019.69,91.28,0.0
1787706000,2026-08-26 01:00:00,2026-08-26 03:00:00,fyn,11.9875,0.0,1.9825,0.0,1019.78,92.7925,0.0
1787709600,2026-08-26 02:00:00,2026-08-26 04:00:00,fyn,11.6575,0.0,2.36,0.0,1019.9,92.8925,8.33333
1787713200,2026-08-26 03:00:00,2026-08-26 05:00:00,fyn,11.7325,0.0,2.4875,0.0,1019.96,92.45,1.66667
1787716800,2026-08-26 04:00:00,2026-08-26 06:00:00,fyn,11.5325,0.0,2.3025,0.0,1019.93,93.6925,23.3333
1787720400,2026-08-26 05:00:00,2026-08-26 07:00:00,fyn,11.6975,14.0,2.245,0.0,1020.08,94.18,18.3333
1787724000,2026-08-26 06:00:00,2026-08-26 08:00:00,fyn,13.7725,121.0,2.7025,0.0,1020.35,92.33,30.0
1787727600,2026-08-26 07:00:00,2026-08-26 09:00:00,fyn,16.5475,265.0,3.32,0.0,1020.59,86.5425,10.0
1787731200,2026-08-26 08:00:00,2026-08-26 10:00:00,fyn,18.4825,407.5,4.3925,0.0,1021.02,78.7125,10.0
1787734800,2026-08-26 09:00:00,2026-08-26 11:00:00,fyn,19.7475,533.0,4.275,0.0,1021.11,72.5875,10.0
1787738400,2026-08-26 10:00:00,2026-08-26 12:00:00,fyn,20.8825,622.5,4.56,0.0,1021.01,65.545,5.0
1787742000,2026-08-26 11:00:00,2026-08-26 13:00:00,fyn,21.5725,610.0,5.0075,0.0,1020.9,59.6625,6.66667
1787745600,2026-08-26 12:00:00,2026-08-26 14:00:00,fyn,21.945,622.5,5.4125,0.0,1020.61,56.675,8.33333
1787749200,2026-08-26 13:00:00,2026-08-26 15:00:00,fyn,22.44,575.0,5.31,0.0,1020.36,52.4375,6.66667
1787752800,2026-08-26 14:00:00,2026-08-26 16:00:00,fyn,22.555,544.0,5.49,0.0,1020.2,50.27,0.0
1787756400,2026-08-26 15:00:00,2026-08-26 17:00:00,fyn,22.5775,491.0,5.98,0.0,1020.0,47.8,0.0
1787760000,2026-08-26 16:00:00,2026-08-26 18:00:00,fyn,22.36,380.0,6.065,0.0,1019.92,45.7725,0.0
1787763600,2026-08-26 17:00:00,2026-08-26 19:00:00,fyn,21.5175,225.0,5.5475,0.0,1019.87,48.27,5.0
1787767200,2026-08-26 18:00:00,2026-08-26 20:00:00,fyn,20.405,80.0,5.0775,0.0,1020.07,51.6875,0.0
1787770800,2026-08-26 19:00:00,2026-08-26 21:00:00,fyn,18.755,3.0,4.255,0.0,1020.34,59.8175,0.0
1787774400,2026-08-26 20:00:00,2026-08-26 22:00:00,fyn,17.585,0.0,3.9775,0.0,1020.47,70.955,0.0
1787778000,2026-08-26 21:00:00,2026-08-26 23:00:00,fyn,16.8975,0.0,4.0525,0.0,1020.56,79.28,5.0
1787781600,2026-08-26 22:00:00,2026-08-27 00:00:00,fyn,16.255,0.0,3.73,0.0,1020.51,83.9775,5.0
1787785200,2026-08-26 23:00:00,2026-08-27 01:00:00,fyn,15.9,0.0,4.0125,0.0,1020.37,86.295,1.66667
1787788800,2026-08-27 00:00:00,2026-08-27 02:00:00,fyn,15.5175,0.0,3.71,0.0,1020.06,89.57,5.0
1787792400,2026-08-27 01:00:00,2026-08-27 03:00:00,fyn,15.2725,0.0,3.615,0.0,1019.87,91.38,3.33333
1787796000,2026-08-27 02:00:00,2026-08-27 04:00:00,fyn,15.12,0.0,3.8225,0.0,1019.67,91.905,21.6667
1787799600,2026-08-27 03:00:00,2026-08-27 05:00:00,fyn,14.95,0.0,4.14,0.0,1019.28,92.255,8.33333
1787803200,2026-08-27 04:00:00,2026-08-27 06:00:00,fyn,14.845,0.0,4.1175,0.0,1019.02,92.41,0.0
1787806800,2026-08-27 05:00:00,2026-08-27 07:00:00,fyn,14.9675,9.0,4.5775,0.0,1018.91,92.245,80.0
1787810400,2026-08-27 06:00:00,2026-08-27 08:00:00,fyn,15.5725,71.5,4.6425,0.0,1019.04,91.385,93.3333
1787814000,2026-08-27 07:00:00,2026-08-27 09:00:00,fyn,16.645,164.0,4.8575,0.0,1018.88,87.91,36.6667
1787817600,2026-08-27 08:00:00,2026-08-27 10:00:00,fyn,18.115,272.0,5.2975,0.0,1018.51,79.5825,10.0
1787821200,2026-08-27 09:00:00,2026-08-27 11:00:00,fyn,19.54,428.5,5.9475,0.0,1018.08,71.2825,10.0
1787824800,2026-08-27 10:00:00,2026-08-27 12:00:00,fyn,20.5275,525.0,6.485,0.0,1017.68,65.235,3.33333
1787828400,2026-08-27 11:00:00,2026-08-27 13:00:00,fyn,21.46,674.5,7.11,0.0,1017.04,57.7875,10.0
1787832000,2026-08-27 12:00:00,2026-08-27 14:00:00,fyn,22.0825,692.0,7.6875,0.0,1016.21,53.2725,1.66667
1787835600,2026-08-27 13:00:00,2026-08-27 15:00:00,fyn,22.3,659.5,8.07,0.0,1015.64,50.98,0.0
1787839200,2026-08-27 14:00:00,2026-08-27 16:00:00,fyn,22.385,573.0,7.9725,0.0,1015.36,50.745,0.0
1787842800,2026-08-27 15:00:00,2026-08-27 17:00:00,fyn,22.3075,468.5,7.66,0.0,1014.79,49.79,0.0
1787846400,2026-08-27 16:00:00,2026-08-27 18:00:00,fyn,21.64,314.0,7.575,0.0,1014.27,53.1,0.0
1787850000,2026-08-27 17:00:00,2026-08-27 19:00:00,fyn,20.65,122.0,7.02,0.0,1013.72,55.705,8.33333
1787853600,2026-08-27 18:00:00,2026-08-27 20:00:00,fyn,19.615,26.5,6.815,0.0,1013.37,60.7,85.0
1787857200,2026-08-27 19:00:00,2026-08-27 21:00:00,fyn,18.9925,0.5,7.1075,0.0,1012.95,64.7275,90.0
1787860800,2026-08-27 20:00:00,2026-08-27 22:00:00,fyn,18.5875,0.0,6.82,0.0,1012.72,67.9475,90.0
1787864400,2026-08-27 21:00:00,2026-08-27 23:00:00,fyn,18.3725,0.0,6.8425,0.0,1012.35,71.735,80.0
1787868000,2026-08-27 22:00:00,2026-08-28 00:00:00,fyn,18.13,0.0,6.3575,0.0,1011.82,75.265,15.0
1787871600,2026-08-27 23:00:00,2026-08-28 01:00:00,fyn,18.055,0.0,5.8975,0.0,1011.0,76.73,18.3333
1787875200,2026-08-28 00:00:00,2026-08-28 02:00:00,fyn,18.2525,0.0,5.975,0.0,1010.2,75.63,38.3333
1787878800,2026-08-28 01:00:00,2026-08-28 03:00:00,fyn,18.38,0.0,5.7825,0.0,1009.4,74.09,6.66667
1787882400,2026-08-28 02:00:00,2026-08-28 04:00:00,fyn,18.2,0.0,5.5975,0.0,1007.99,74.5533,1.66667
1787886000,2026-08-28 03:00:00,2026-08-28 05:00:00,fyn,18.705,0.0,5.5375,0.0,1007.31,67.7825,36.6667
1787889600,2026-08-28 04:00:00,2026-08-28 06:00:00,fyn,18.67,0.0,5.7025,0.0,1006.94,66.6,85.0
1787893200,2026-08-28 05:00:00,2026-08-28 07:00:00,fyn,18.6133,,6.4375,0.0,1005.32,67.9333,80.0
1787896800,2026-08-28 06:00:00,2026-08-28 08:00:00,fyn,18.575,22.5,6.7725,0.0,1004.51,70.0675,90.0
1787900400,2026-08-28 07:00:00,2026-08-28 09:00:00,fyn,18.4025,48.5,6.47,0.0,1004.3,71.6925,90.0
1787904000,2026-08-28 08:00:00,2026-08-28 10:00:00,fyn,18.135,61.0,5.5575,0.0266667,1004.67,75.97,90.0
1787907600,2026-08-28 09:00:00,2026-08-28 11:00:00,fyn,18.2675,64.0,5.125,0.0,1004.37,79.0875,90.0
1787911200,2026-08-28 10:00:00,2026-08-28 12:00:00,fyn,18.2325,44.5,5.65,0.0,1004.32,79.91,93.3333
1787914800,2026-08-28 11:00:00,2026-08-28 13:00:00,fyn,18.18,90.0,4.485,0.216667,1003.49,82.1875,60.0
1787918400,2026-08-28 12:00:00,2026-08-28 14:00:00,fyn,18.4625,168.5,4.0325,0.0,1003.33,84.235,60.0
1787922000,2026-08-28 13:00:00,2026-08-28 15:00:00,fyn,19.095,169.0,4.14,0.0,1003.68,81.7725,90.0
1787925600,2026-08-28 14:00:00,2026-08-28 16:00:00,fyn,19.245,104.5,3.305,0.0,1003.29,81.6825,90.0
1787929200,2026-08-28 15:00:00,2026-08-28 17:00:00,fyn,19.4875,87.5,3.57,0.0,1002.78,82.455,98.3333
1787932800,2026-08-28 16:00:00,2026-08-28 18:00:00,fyn,19.1975,33.0,3.57,0.0666667,1002.47,85.935,91.6667
1787936400,2026-08-28 17:00:00,2026-08-28 19:00:00,fyn,18.305,5.5,2.48,2.03333,1002.34,93.11,90.0
1787940000,2026-08-28 18:00:00,2026-08-28 20:00:00,fyn,17.9175,4.0,2.72,2.39667,1001.96,96.3125,90.0
1787943600,2026-08-28 19:00:00,2026-08-28 21:00:00,fyn,17.6725,0.5,2.2875,0.243333,1002.43,97.715,90.0
1787947200,2026-08-28 20:00:00,2026-08-28 22:00:00,fyn,17.2925,0.0,2.9025,0.0166667,1002.66,97.915,25.0
1787950800,2026-08-28 21:00:00,2026-08-28 23:00:00,fyn,16.955,0.0,2.625,0.0,1002.74,97.9175,40.0
1787954400,2026-08-28 22:00:00,2026-08-29 00:00:00,fyn,16.96,0.0,3.2925,0.0,1002.84,97.8225,75.0
1787958000,2026-08-28 23:00:00,2026-08-29 01:00:00,fyn,16.9175,0.0,4.37,0.0233333,1002.47,94.7125,61.6667
1787961600,2026-08-29 00:00:00,2026-08-29 02:00:00,fyn,16.635,0.0,4.0,0.0,1002.26,92.7575,8.33333
1787965200,2026-08-29 01:00:00,2026-08-29 03:00:00,fyn,15.8325,0.0,4.0,0.0,1002.18,90.6175,5.0
1787968800,2026-08-29 02:00:00,2026-08-29 04:00:00,fyn,15.3775,0.0,4.7625,0.0,1002.09,93.4825,48.3333
1787972400,2026-08-29 03:00:00,2026-08-29 05:00:00,fyn,15.51,0.0,5.1475,0.0,1001.62,94.8175,28.3333
1787976000,2026-08-29 04:00:00,2026-08-29 06:00:00,fyn,15.805,0.0,5.68,0.0266667,1001.5,95.0325,65.0
1787979600,2026-08-29 05:00:00,2026-08-29 07:00:00,fyn,16.28,1.5,6.06,0.273333,1001.38,94.845,93.3333
1787983200,2026-08-29 06:00:00,2026-08-29 08:00:00,fyn,16.6675,30.5,6.3275,0.546667,1001.39,94.385,90.0
1787986800,2026-08-29 07:00:00,2026-08-29 09:00:00,fyn,17.235,127.5,6.5,0.336667,1001.45,92.8275,75.0
1787990400,2026-08-29 08:00:00,2026-08-29 10:00:00,fyn,17.925,218.0,7.125,0.0433333,1001.7,89.7175,85.0
1787994000,2026-08-29 09:00:00,2026-08-29 11:00:00,fyn,18.16,141.0,7.2625,0.0766667,1001.92,89.085,90.0
1787997600,2026-08-29 10:00:00,2026-08-29 12:00:00,fyn,18.35,363.5,7.1575,3.48333,1002.19,88.77,90.0
1788001200,2026-08-29 11:00:00,2026-08-29 13:00:00,fyn,18.825,406.0,6.7475,0.44,1002.34,85.4775,70.0
1788004800,2026-08-29 12:00:00,2026-08-29 14:00:00,fyn,19.41,435.0,7.1625,1.21333,1002.62,81.2725,90.0
1788008400,2026-08-29 13:00:00,2026-08-29 15:00:00,fyn,19.38,392.5,7.05,0.0,1002.83,79.7575,90.0
1788012000,2026-08-29 14:00:00,2026-08-29 16:00:00,fyn,19.75,332.0,7.2475,0.0,1003.1,77.145,90.0
1788015600,2026-08-29 15:00:00,2026-08-29 17:00:00,fyn,19.63,264.0,7.4175,0.0,1003.39,76.4325,55.0
1788019200,2026-08-29 16:00:00,2026-08-29 18:00:00,fyn,19.6975,242.5,7.16,0.0,1003.6,75.8,30.0
1788022800,2026-08-29 17:00:00,2026-08-29 19:00:00,fyn,19.415,136.5,6.695,0.0,1003.74,76.5525,8.33333
1788026400,2026-08-29 18:00:00,2026-08-29 20:00:00,fyn,18.5525,43.5,5.3925,0.0,1003.9,81.7,5.0
1788030000,2026-08-29 19:00:00,2026-08-29 21:00:00,fyn,17.9175,1.5,4.6025,0.0,1004.01,84.105,13.3333
1788033600,2026-08-29 20:00:00,2026-08-29 22:00:00,fyn,17.45,0.0,4.3475,0.0,1003.95,88.1925,55.0
1788037200,2026-08-29 21:00:00,2026-08-29 23:00:00,fyn,17.0925,0.0,3.8875,0.0,1003.83,91.2425,63.3333
1788040800,2026-08-29 22:00:00,2026-08-30 00:00:00,fyn,16.785,0.0,3.5425,0.0,1003.53,91.4725,66.6667
1788044400,2026-08-29 23:00:00,2026-08-30 01:00:00,fyn,16.56,0.0,4.0625,0.0,1003.11,92.1825,95.0
1788048000,2026-08-30 00:00:00,2026-08-30 02:00:00,fyn,16.515,0.0,4.27,0.0,1002.47,91.71,93.3333
1788051600,2026-08-30 01:00:00,2026-08-30 03:00:00,fyn,16.475,0.0,3.9925,0.0,1001.74,93.1325,93.3333
1788055200,2026-08-30 02:00:00,2026-08-30 04:00:00,fyn,16.5225,0.0,3.9275,0.0433333,1000.99,94.7975,90.0
1788058800,2026-08-30 03:00:00,2026-08-30 05:00:00,fyn,16.5925,0.0,4.22,0.7,1000.15,95.9575,93.3333
1788062400,2026-08-30 04:00:00,2026-08-30 06:00:00,fyn,16.5975,0.0,4.4725,1.47333,999.351,96.845,95.0
1788066000,2026-08-30 05:00:00,2026-08-30 07:00:00,fyn,16.7025,1.5,4.2275,2.1,998.91,97.3125,90.0
1788069600,2026-08-30 06:00:00,2026-08-30 08:00:00,fyn,16.835,14.0,4.26,3.29667,998.61,97.5575,91.6667
1788073200,2026-08-30 07:00:00,2026-08-30 09:00:00,fyn,17.0075,20.5,4.045,2.48333,998.513,97.7175,90.0
1788076800,2026-08-30 08:00:00,2026-08-30 10:00:00,fyn,17.2125,83.0,4.28,1.36333,998.455,96.8225,98.3333
1788080400,2026-08-30 09:00:00,2026-08-30 11:00:00,fyn,17.78,215.0,3.99,1.06667,998.639,96.25,93.3333
1788084000,2026-08-30 10:00:00,2026-08-30 12:00:00,fyn,18.7225,427.0,3.9925,0.0933333,998.915,92.42,90.0
1788087600,2026-08-30 11:00:00,2026-08-30 13:00:00,fyn,19.125,425.5,3.5175,0.193333,999.383,90.4925,63.3333
1788091200,2026-08-30 12:00:00,2026-08-30 14:00:00,fyn,19.2925,270.5,4.9525,1.5,1000.39,89.9675,90.0
1788094800,2026-08-30 13:00:00,2026-08-30 15:00:00,fyn,19.1525,416.0,6.1325,2.38333,1001.75,88.4075,90.0
1788098400,2026-08-30 14:00:00,2026-08-30 16:00:00,fyn,18.755,309.5,6.615,0.0,1002.9,85.775,91.6667
1788102000,2026-08-30 15:00:00,2026-08-30 17:00:00,fyn,19.145,350.5,6.8575,0.0,1003.77,77.94,71.6667
1788105600,2026-08-30 16:00:00,2026-08-30 18:00:00,fyn,18.9625,282.0,6.7625,0.0266667,1004.52,74.1425,25.0
1788109200,2026-08-30 17:00:00,2026-08-30 19:00:00,fyn,18.355,140.5,6.16,0.0166667,1005.14,74.6425,53.3333
1788112800,2026-08-30 18:00:00,2026-08-30 20:00:00,fyn,17.5975,44.5,5.0675,0.0,1005.88,78.35,78.3333
1788116400,2026-08-30 19:00:00,2026-08-30 21:00:00,fyn,17.0625,0.5,4.5125,0.0,1006.4,81.155,95.0
1788120000,2026-08-30 20:00:00,2026-08-30 22:00:00,fyn,16.73,0.0,4.0075,0.0,1006.61,83.5725,91.6667
1788123600,2026-08-30 21:00:00,2026-08-30 23:00:00,fyn,16.3725,0.0,3.315,0.0,1006.67,87.145,88.3333
1788127200,2026-08-30 22:00:00,2026-08-31 00:00:00,fyn,15.8425,0.0,3.07,0.0,1006.49,90.0725,63.3333
1788130800,2026-08-30 23:00:00,2026-08-31 01:00:00,fyn,15.1225,0.0,2.9475,0.0,1006.49,93.4575,13.3333
1788134400,2026-08-31 00:00:00,2026-08-31 02:00:00,fyn,14.67,0.0,2.935,0.0,1006.4,95.1175,28.3333
1788138000,2026-08-31 01:00:00,2026-08-31 03:00:00,fyn,14.7725,0.0,2.99,0.0,1006.01,95.855,31.6667
1788141600,2026-08-31 02:00:00,2026-08-31 04:00:00,fyn,14.6825,0.0,2.965,0.0,1005.54,96.205,10.0
1788145200,2026-08-31 03:00:00,2026-08-31 05:00:00,fyn,14.535,0.0,2.655,0.0,1005.11,96.94,16.6667
1788148800,2026-08-31 04:00:00,2026-08-31 06:00:00,fyn,14.7775,0.0,2.8925,0.0,1004.71,96.99,15.0
1788152400,2026-08-31 05:00:00,2026-08-31 07:00:00,fyn,15.27,5.0,3.1075,0.546667,1004.34,97.32,90.0
1788156000,2026-08-31 06:00:00,2026-08-31 08:00:00,fyn,15.74,28.0,3.4275,1.2,1004.03,97.09,55.0
1788159600,2026-08-31 07:00:00,2026-08-31 09:00:00,fyn,16.4175,87.5,3.7225,0.0166667,1003.8,96.475,61.6667
1788163200,2026-08-31 08:00:00,2026-08-31 10:00:00,fyn,17.12,188.5,4.3375,0.0,1003.62,92.7475,90.0
1788166800,2026-08-31 09:00:00,2026-08-31 11:00:00,fyn,16.8025,98.5,4.795,2.75667,1003.41,90.5375,90.0
1788170400,2026-08-31 10:00:00,2026-08-31 12:00:00,fyn,16.705,215.0,4.3275,1.23667,1003.37,91.605,80.0
1788174000,2026-08-31 11:00:00,2026-08-31 13:00:00,fyn,17.2525,249.0,4.9575,0.663333,1003.45,88.6525,80.0
1788177600,2026-08-31 12:00:00,2026-08-31 14:00:00,fyn,17.2325,305.0,4.34,0.426667,1003.46,85.1775,71.6667
1788181200,2026-08-31 13:00:00,2026-08-31 15:00:00,fyn,17.205,204.5,3.7925,0.3,1003.71,86.5225,90.0
1788184800,2026-08-31 14:00:00,2026-08-31 16:00:00,fyn,17.1,195.5,4.03,0.193333,1003.79,87.68,36.6667
1788188400,2026-08-31 15:00:00,2026-08-31 17:00:00,fyn,17.0725,201.5,3.5925,0.116667,1003.76,88.55,15.0
1788192000,2026-08-31 16:00:00,2026-08-31 18:00:00,fyn,17.2,154.0,3.77,0.796667,1003.87,87.3225,50.0
1788195600,2026-08-31 17:00:00,2026-08-31 19:00:00,fyn,17.2375,127.0,3.5025,0.21,1003.97,84.415,3.33333
1788199200,2026-08-31 18:00:00,2026-08-31 20:00:00,fyn,16.8375,45.0,3.2475,0.15,1004.45,85.895,0.0
1788202800,2026-08-31 19:00:00,2026-08-31 21:00:00,fyn,15.8825,1.5,3.1425,0.106667,1004.9,90.7275,1.66667
1788206400,2026-08-31 20:00:00,2026-08-31 22:00:00,fyn,15.42,0.0,3.04,0.0,1005.28,91.555,3.33333
1788210000,2026-08-31 21:00:00,2026-08-31 23:00:00,fyn,15.085,0.0,3.34,0.0,1005.62,93.805,0.0
1788213600,2026-08-31 22:00:00,2026-09-01 00:00:00,fyn,14.8,0.0,2.855,0.0466667,1005.85,95.2825,6.66667
1788217200,2026-08-31 23:00:00,2026-09-01 01:00:00,fyn,14.39,0.0,2.7125,0.0233333,1006.03,96.5725,68.3333
1788220800,2026-09-01 00:00:00,2026-09-01 02:00:00,fyn,14.2975,0.0,2.975,0.0,1006.32,97.52,28.3333
1788224400,2026-09-01 01:00:00,2026-09-01 03:00:00,fyn,14.7525,0.0,3.395,0.0,1006.75,97.4675,85.0
1788228000,2026-09-01 02:00:00,2026-09-01 04:00:00,fyn,14.77,0.0,3.3425,0.0,1007.23,97.3225,93.3333
1788231600,2026-09-01 03:00:00,2026-09-01 05:00:00,fyn,14.41,0.0,3.1425,0.0,1007.53,97.51,71.6667
1788235200,2026-09-01 04:00:00,2026-09-01 06:00:00,fyn,14.1975,0.0,2.92,0.0,1007.85,97.6325,33.3333
1788238800,2026-09-01 05:00:00,2026-09-01 07:00:00,fyn,13.9425,5.0,2.665,0.0,1008.2,98.0175,60.0
1788242400,2026-09-01 06:00:00,2026-09-01 08:00:00,fyn,14.6325,53.0,3.145,0.0,1008.5,97.76,10.0
1788246000,2026-09-01 07:00:00,2026-09-01 09:00:00,fyn,15.52,171.5,3.55,0.0,1008.87,96.1125,8.33333
1788249600,2026-09-01 08:00:00,2026-09-01 10:00:00,fyn,16.435,272.5,4.0425,0.0,1009.22,91.56,33.3333
1788253200,2026-09-01 09:00:00,2026-09-01 11:00:00,fyn,17.5675,431.5,4.6475,0.0,1009.6,84.54,28.3333
1788256800,2026-09-01 10:00:00,2026-09-01 12:00:00,fyn,17.6275,360.0,4.5725,0.0,1009.96,82.8325,63.3333
1788260400,2026-09-01 11:00:00,2026-09-01 13:00:00,fyn,17.89,415.5,4.49,0.226667,1010.36,81.7375,90.0
1788264000,2026-09-01 12:00:00,2026-09-01 14:00:00,fyn,18.285,437.5,5.3925,0.796667,1010.55,80.4,85.0
1788267600,2026-09-01 13:00:00,2026-09-01 15:00:00,fyn,18.935,497.0,6.0125,0.0,1010.74,74.46,70.0
1788271200,2026-09-01 14:00:00,2026-09-01 16:00:00,fyn,18.8375,438.0,6.41,0.216667,1010.84,73.93,33.3333
1788274800,2026-09-01 15:00:00,2026-09-01 17:00:00,fyn,18.96,350.5,6.245,0.326667,1011.11,73.6275,33.3333
1788278400,2026-09-01 16:00:00,2026-09-01 18:00:00,fyn,18.4325,244.0,5.15,0.08,1011.55,76.6425,66.6667
1788282000,2026-09-01 17:00:00,2026-09-01 19:00:00,fyn,18.0075,182.0,5.13,0.0466667,1011.92,76.745,30.0
1788285600,2026-09-01 18:00:00,2026-09-01 20:00:00,fyn,17.1575,58.0,4.9075,0.0,1012.47,82.0675,1.66667
1788289200,2026-09-01 19:00:00,2026-09-01 21:00:00,fyn,16.01,0.5,4.1175,0.0,1013.03,86.6975,10.0
1788292800,2026-09-01 20:00:00,2026-09-01 22:00:00,fyn,15.3125,0.0,4.025,0.0,1013.34,89.34,45.0
1788296400,2026-09-01 21:00:00,2026-09-01 23:00:00,fyn,14.745,0.0,4.1025,0.0,1013.48,89.8725,25.0
1788300000,2026-09-01 22:00:00,2026-09-02 00:00:00,fyn,13.8025,0.0,3.345,0.0,1013.48,91.7875,1.66667
1788303600,2026-09-01 23:00:00,2026-09-02 01:00:00,fyn,13.7575,0.0,3.505,0.0,1013.21,91.5975,5.0
1788307200,2026-09-02 00:00:00,2026-09-02 02:00:00,fyn,13.61,0.0,3.505,0.0,1012.9,92.5,35.0
1788310800,2026-09-02 01:00:00,2026-09-02 03:00:00,fyn,13.7675,0.0,3.4525,0.0,1012.77,93.335,45.0
1788314400,2026-09-02 02:00:00,2026-09-02 04:00:00,fyn,14.3075,0.0,3.95,0.0,1012.67,92.845,86.6667
1788318000,2026-09-02 03:00:00,2026-09-02 05:00:00,fyn,15.0825,0.0,4.6675,0.0,1012.48,91.5225,91.6667
1788321600,2026-09-02 04:00:00,2026-09-02 06:00:00,fyn,15.31,0.0,4.5875,0.1,1012.37,91.5225,90.0
1788325200,2026-09-02 05:00:00,2026-09-02 07:00:00,fyn,15.4375,3.0,4.645,0.47,1012.42,91.97,90.0
1788328800,2026-09-02 06:00:00,2026-09-02 08:00:00,fyn,15.545,27.0,4.98,0.176667,1012.42,93.2125,81.6667
1788332400,2026-09-02 07:00:00,2026-09-02 09:00:00,fyn,16.01,102.5,5.365,0.0,1012.55,92.39,50.0
1788336000,2026-09-02 08:00:00,2026-09-02 10:00:00,fyn,16.5425,129.5,5.2575,0.0,1012.55,89.875,90.0
1788339600,2026-09-02 09:00:00,2026-09-02 11:00:00,fyn,17.1375,268.5,4.745,0.0,1012.54,87.955,60.0
1788343200,2026-09-02 10:00:00,2026-09-02 12:00:00,fyn,18.055,155.0,6.7725,0.626667,1012.64,82.665,85.0
1788346800,2026-09-02 11:00:00,2026-09-02 13:00:00,fyn,17.5125,307.0,7.175,2.79,1012.48,85.2,70.0
1788350400,2026-09-02 12:00:00,2026-09-02 14:00:00,fyn,17.5425,246.5,6.315,0.386667,1012.39,87.105,90.0
1788354000,2026-09-02 13:00:00,2026-09-02 15:00:00,fyn,17.22,302.0,5.765,1.36667,1012.39,88.0575,90.0
1788357600,2026-09-02 14:00:00,2026-09-02 16:00:00,fyn,17.3275,325.0,5.585,1.7,1012.47,86.86,90.0
1788361200,2026-09-02 15:00:00,2026-09-02 17:00:00,fyn,17.43,148.0,5.5775,1.34667,1012.57,85.6375,80.0
1788364800,2026-09-02 16:00:00,2026-09-02 18:00:00,fyn,17.01,187.0,4.3625,0.166667,1012.34,89.0575,36.6667
1788368400,2026-09-02 17:00:00,2026-09-02 19:00:00,fyn,17.4475,122.5,4.61,0.0233333,1012.36,85.6575,25.0
1788372000,2026-09-02 18:00:00,2026-09-02 20:00:00,fyn,16.825,29.5,4.125,0.0,1012.67,87.1875,55.0
1788375600,2026-09-02 19:00:00,2026-09-02 21:00:00,fyn,16.0925,0.5,3.8625,0.0,1012.83,89.3025,41.6667
1788379200,2026-09-02 20:00:00,2026-09-02 22:00:00,fyn,15.46,0.0,3.1575,0.0,1012.71,91.5425,66.6667
1788382800,2026-09-02 21:00:00,2026-09-02 23:00:00,fyn,15.0375,0.0,3.1775,0.0,1012.59,93.8175,50.0
1788386400,2026-09-02 22:00:00,2026-09-03 00:00:00,fyn,14.9075,0.0,3.1825,0.0366667,1012.38,96.005,85.0
1788390000,2026-09-02 23:00:00,2026-09-03 01:00:00,fyn,15.1125,0.0,3.3025,0.0,1012.07,96.33,90.0
1788393600,2026-09-03 00:00:00,2026-09-03 02:00:00,fyn,15.315,0.0,2.7025,0.18,1011.68,96.2925,90.0
1788397200,2026-09-03 01:00:00,2026-09-03 03:00:00,fyn,15.1175,0.0,2.4375,0.0,1011.12,96.305,90.0
1788400800,2026-09-03 02:00:00,2026-09-03 04:00:00,fyn,15.04,0.0,2.84,0.0,1010.49,96.5375,91.6667
1788404400,2026-09-03 03:00:00,2026-09-03 05:00:00,fyn,15.27,0.0,3.97,0.523333,1010.05,96.525,90.0
1788408000,2026-09-03 04:00:00,2026-09-03 06:00:00,fyn,15.3325,0.0,4.355,0.426667,1009.3,95.99,93.3333
1788411600,2026-09-03 05:00:00,2026-09-03 07:00:00,fyn,15.05,0.5,3.2175,0.426667,1008.77,95.9175,96.6667
1788415200,2026-09-03 06:00:00,2026-09-03 08:00:00,fyn,14.855,12.5,2.9225,0.77,1007.84,96.885,90.0
1788418800,2026-09-03 07:00:00,2026-09-03 09:00:00,fyn,15.04,43.0,3.72,0.886667,1007.09,97.6075,93.3333
1788422400,2026-09-03 08:00:00,2026-09-03 10:00:00,fyn,15.5725,64.0,3.99,0.463333,1006.68,97.1575,93.3333
1788426000,2026-09-03 09:00:00,2026-09-03 11:00:00,fyn,16.2575,107.0,4.29,0.31,1005.78,97.315,91.6667
1788429600,2026-09-03 10:00:00,2026-09-03 12:00:00,fyn,16.8925,184.5,4.1325,0.163333,1005.12,97.0975,98.3333
1788433200,2026-09-03 11:00:00,2026-09-03 13:00:00,fyn,18.125,234.5,5.4825,0.0966667,1004.55,93.805,95.0
1788436800,2026-09-03 12:00:00,2026-09-03 14:00:00,fyn,18.83,233.0,5.99,0.116667,1004.46,92.615,90.0
1788440400,2026-09-03 13:00:00,2026-09-03 15:00:00,fyn,19.3025,370.0,7.65,1.98,1004.78,89.8125,61.6667
1788444000,2026-09-03 14:00:00,2026-09-03 16:00:00,fyn,19.3075,333.0,7.8875,0.00666667,1004.74,87.4275,70.0
1788447600,2026-09-03 15:00:00,2026-09-03 17:00:00,fyn,19.26,267.0,7.4775,0.0,1004.91,86.965,90.0
1788451200,2026-09-03 16:00:00,2026-09-03 18:00:00,fyn,18.9925,159.0,7.81,0.0,1005.31,84.61,61.6667
1788454800,2026-09-03 17:00:00,2026-09-03 19:00:00,fyn,18.26,58.0,7.9075,0.0,1005.81,82.82,55.0
1788458400,2026-09-03 18:00:00,2026-09-03 20:00:00,fyn,17.49,15.5,6.8525,0.0,1006.26,84.24,53.3333
1788462000,2026-09-03 19:00:00,2026-09-03 21:00:00,fyn,16.925,0.0,5.41,0.0,1006.36,86.7625,18.3333
1788465600,2026-09-03 20:00:00,2026-09-03 22:00:00,fyn,16.61,0.0,5.5125,0.0,1006.24,87.4025,90.0
1788469200,2026-09-03 21:00:00,2026-09-03 23:00:00,fyn,16.39,0.0,6.025,0.0,1006.23,86.3475,91.6667
1788472800,2026-09-03 22:00:00,2026-09-04 00:00:00,fyn,16.2275,0.0,6.4725,0.0,1006.03,84.025,91.6667
1788476400,2026-09-03 23:00:00,2026-09-04 01:00:00,fyn,16.0,0.0,5.85,0.0,1005.99,82.8075,91.6667
1788480000,2026-09-04 00:00:00,2026-09-04 02:00:00,fyn,15.845,0.0,5.6275,0.0,1005.64,81.845,95.0
1788483600,2026-09-04 01:00:00,2026-09-04 03:00:00,fyn,15.57,0.0,5.2075,0.0233333,1005.36,82.16,95.0
1788487200,2026-09-04 02:00:00,2026-09-04 04:00:00,fyn,15.3725,0.0,4.935,0.0,1004.82,83.03,98.3333
1788490800,2026-09-04 03:00:00,2026-09-04 05:00:00,fyn,15.285,0.0,4.46,0.0,1004.1,84.215,91.6667
1788494400,2026-09-04 04:00:00,2026-09-04 06:00:00,fyn,15.025,0.0,4.2975,0.0,1003.17,86.52,95.0
1788498000,2026-09-04 05:00:00,2026-09-04 07:00:00,fyn,14.93,0.5,4.405,0.0,1002.29,89.9425,91.6667
1788501600,2026-09-04 06:00:00,2026-09-04 08:00:00,fyn,14.8175,12.0,3.6575,0.0,1001.43,93.235,91.6667
1788505200,2026-09-04 07:00:00,2026-09-04 09:00:00,fyn,15.175,36.5,4.145,0.02,1000.91,94.6375,90.0
1788508800,2026-09-04 08:00:00,2026-09-04 10:00:00,fyn,15.5925,68.5,4.685,0.19,1000.19,94.3125,90.0
1788512400,2026-09-04 09:00:00,2026-09-04 11:00:00,fyn,16.02,86.0,4.385,0.0966667,999.396,93.8275,91.6667
1788516000,2026-09-04 10:00:00,2026-09-04 12:00:00,fyn,16.0625,79.0,4.05,0.963333,998.947,94.5425,91.6667
1788519600,2026-09-04 11:00:00,2026-09-04 13:00:00,fyn,15.835,57.5,3.5975,1.97667,998.628,94.8975,90.0
1788523200,2026-09-04 12:00:00,2026-09-04 14:00:00,fyn,15.23,77.0,3.555,0.886667,998.654,94.4625,93.3333
1788526800,2026-09-04 13:00:00,2026-09-04 15:00:00,fyn,14.5475,195.5,3.71,0.26,998.266,92.86,76.6667
1788530400,2026-09-04 14:00:00,2026-09-04 16:00:00,fyn,15.3,164.5,3.26,0.0,997.988,89.665,68.3333
1788534000,2026-09-04 15:00:00,2026-09-04 17:00:00,fyn,15.4625,81.0,2.48,0.253333,997.805,90.32,90.0
1788537600,2026-09-04 16:00:00,2026-09-04 18:00:00,fyn,15.34,78.0,3.7,1.07,998.11,92.9525,90.0
1788541200,2026-09-04 17:00:00,2026-09-04 19:00:00,fyn,15.4175,78.0,5.8775,0.35,998.799,92.67,76.6667
1788544800,2026-09-04 18:00:00,2026-09-04 20:00:00,fyn,15.2975,36.5,7.43,0.12,999.531,87.8775,18.3333
1788548400,2026-09-04 19:00:00,2026-09-04 21:00:00,fyn,14.7375,0.0,7.1975,0.0,1000.21,84.8975,20.0
1788552000,2026-09-04 20:00:00,2026-09-04 22:00:00,fyn,14.555,0.0,6.805,0.0233333,1000.65,85.2,3.33333
1788555600,2026-09-04 21:00:00,2026-09-04 23:00:00,fyn,14.47,0.0,6.64,0.0166667,1000.95,86.2825,8.33333
1788559200,2026-09-04 22:00:00,2026-09-05 00:00:00,fyn,14.335,0.0,6.3,0.106667,1001.38,87.17,28.3333
1788562800,2026-09-04 23:00:00,2026-09-05 01:00:00,fyn,14.36,0.0,6.9125,0.403333,1001.95,86.48,20.0
1788566400,2026-09-05 00:00:00,2026-09-05 02:00:00,fyn,13.995,0.0,6.6375,0.0,1002.5,85.185,5.0
1788570000,2026-09-05 01:00:00,2026-09-05 03:00:00,fyn,13.865,0.0,5.5425,0.0,1002.74,84.7825,41.6667
1788573600,2026-09-05 02:00:00,2026-09-05 04:00:00,fyn,13.9525,0.0,5.2175,0.0533333,1003.15,85.3275,1.66667
1788577200,2026-09-05 03:00:00,2026-09-05 05:00:00,fyn,14.025,0.0,5.6825,0.286667,1003.67,85.7375,50.0
1788580800,2026-09-05 04:00:00,2026-09-05 06:00:00,fyn,13.825,0.0,5.68,0.356667,1003.97,86.295,90.0
1788584400,2026-09-05 05:00:00,2026-09-05 07:00:00,fyn,13.715,3.0,4.7525,0.0,1004.34,88.13,90.0
1788588000,2026-09-05 06:00:00,2026-09-05 08:00:00,fyn,14.0075,39.0,5.32,0.646667,1004.69,86.97,75.0
1788591600,2026-09-05 07:00:00,2026-09-05 09:00:00,fyn,14.3625,129.0,5.32,0.91,1005.1,85.2475,85.0
1788595200,2026-09-05 08:00:00,2026-09-05 10:00:00,fyn,14.97,194.0,5.7375,0.836667,1005.74,81.98,75.0
1788598800,2026-09-05 09:00:00,2026-09-05 11:00:00,fyn,14.19,226.5,6.8575,0.666667,1006.3,83.8275,21.6667
1788602400,2026-09-05 10:00:00,2026-09-05 12:00:00,fyn,14.3825,299.5,6.4425,0.0233333,1006.66,83.1425,33.3333
1788606000,2026-09-05 11:00:00,2026-09-05 13:00:00,fyn,15.7375,554.0,7.785,0.0,1007.15,75.435,15.0
1788609600,2026-09-05 12:00:00,2026-09-05 14:00:00,fyn,16.2775,450.5,8.4,0.636667,1007.64,72.85,31.6667
1788613200,2026-09-05 13:00:00,2026-09-05 15:00:00,fyn,16.5225,480.0,8.4975,0.12,1008.42,71.66,20.0
1788616800,2026-09-05 14:00:00,2026-09-05 16:00:00,fyn,16.485,425.0,9.3575,0.113333,1009.24,71.3,15.0
1788620400,2026-09-05 15:00:00,2026-09-05 17:00:00,fyn,15.8775,313.0,9.1175,0.0833333,1009.95,74.335,8.33333
1788624000,2026-09-05 16:00:00,2026-09-05 18:00:00,fyn,15.6275,257.5,9.34,0.243333,1010.72,74.8125,8.33333
1788627600,2026-09-05 17:00:00,2026-09-05 19:00:00,fyn,15.505,131.5,9.43,0.0,1011.47,74.3175,15.0
1788631200,2026-09-05 18:00:00,2026-09-05 20:00:00,fyn,14.935,40.0,8.4025,0.0,1012.4,75.2575,20.0
1788634800,2026-09-05 19:00:00,2026-09-05 21:00:00,fyn,14.2775,0.0,7.475,0.0,1013.14,77.67,31.6667
1788638400,2026-09-05 20:00:00,2026-09-05 22:00:00,fyn,13.85,0.0,7.3625,0.0,1013.85,79.7675,30.0
1788642000,2026-09-05 21:00:00,2026-09-05 23:00:00,fyn,13.485,0.0,6.8875,0.0,1014.59,82.0525,16.6667
1788645600,2026-09-05 22:00:00,2026-09-06 00:00:00,fyn,13.2025,0.0,7.0675,0.0,1015.31,83.5825,0.0
1788649200,2026-09-05 23:00:00,2026-09-06 01:00:00,fyn,13.0625,0.0,6.3075,0.0,1015.95,82.5425,1.66667
1788652800,2026-09-06 00:00:00,2026-09-06 02:00:00,fyn,12.7175,0.0,5.74,0.0,1016.41,83.1325,3.33333
1788656400,2026-09-06 01:00:00,2026-09-06 03:00:00,fyn,12.49,0.0,5.6675,0.0,1016.9,82.3875,0.0
1788660000,2026-09-06 02:00:00,2026-09-06 04:00:00,fyn,12.2875,0.0,5.19,0.0,1017.35,83.135,3.33333
1788663600,2026-09-06 03:00:00,2026-09-06 05:00:00,fyn,12.215,0.0,5.305,0.0,1017.85,83.095,3.33333
1788667200,2026-09-06 04:00:00,2026-09-06 06:00:00,fyn,12.155,0.0,5.1375,0.0,1018.34,82.8725,5.0
1788670800,2026-09-06 05:00:00,2026-09-06 07:00:00,fyn,12.1825,3.0,4.97,0.0,1019.0,81.255,0.0
1788674400,2026-09-06 06:00:00,2026-09-06 08:00:00,fyn,12.195,73.5,4.4225,0.0,1019.45,81.2075,0.0
1788678000,2026-09-06 07:00:00,2026-09-06 09:00:00,fyn,13.475,212.0,4.5225,0.0,1019.9,77.295,0.0
1788681600,2026-09-06 08:00:00,2026-09-06 10:00:00,fyn,14.7925,364.0,5.0625,0.0,1020.32,72.3775,3.33333
1788685200,2026-09-06 09:00:00,2026-09-06 11:00:00,fyn,15.76,485.5,5.665,0.0,1020.61,69.16,20.0
1788688800,2026-09-06 10:00:00,2026-09-06 12:00:00,fyn,16.72,534.0,6.3425,0.0,1020.97,64.305,36.6667
1788692400,2026-09-06 11:00:00,2026-09-06 13:00:00,fyn,17.32,499.5,6.1775,0.0,1021.07,61.855,58.3333
1788696000,2026-09-06 12:00:00,2026-09-06 14:00:00,fyn,17.715,467.5,5.8675,0.0,1021.09,60.9625,61.6667
1788699600,2026-09-06 13:00:00,2026-09-06 15:00:00,fyn,18.3075,495.0,6.3175,0.0266667,1020.97,57.555,75.0
1788703200,2026-09-06 14:00:00,2026-09-06 16:00:00,fyn,18.3675,349.0,6.115,0.0,1020.89,57.7225,85.0
1788706800,2026-09-06 15:00:00,2026-09-06 17:00:00,fyn,18.345,358.5,6.195,0.0233333,1020.83,58.6,68.3333
1788710400,2026-09-06 16:00:00,2026-09-06 18:00:00,fyn,18.2475,211.0,6.1475,0.0,1020.67,59.68,5.0
1788714000,2026-09-06 17:00:00,2026-09-06 19:00:00,fyn,17.835,142.0,5.4625,0.0,1020.35,63.795,3.33333
1788717600,2026-09-06 18:00:00,2026-09-06 20:00:00,fyn,16.6475,21.5,3.8525,0.0,1020.23,70.61,8.33333
1788721200,2026-09-06 19:00:00,2026-09-06 21:00:00,fyn,15.505,0.0,3.42,0.0,1019.95,78.18,0.0
1788724800,2026-09-06 20:00:00,2026-09-06 22:00:00,fyn,14.91,0.0,3.4,0.0,1019.54,81.775,63.3333
1788728400,2026-09-06 21:00:00,2026-09-06 23:00:00,fyn,15.0325,0.0,3.5,0.0,1019.25,81.4825,85.0
1788732000,2026-09-06 22:00:00,2026-09-07 00:00:00,fyn,14.955,0.0,3.6725,0.0,1019.06,81.4475,81.6667
1788735600,2026-09-06 23:00:00,2026-09-07 01:00:00,fyn,14.9725,0.0,3.63,0.0,1018.64,80.1575,85.0
1788739200,2026-09-07 00:00:00,2026-09-07 02:00:00,fyn,14.8525,0.0,3.805,0.0,1018.18,80.4625,71.6667
1788742800,2026-09-07 01:00:00,2026-09-07 03:00:00,fyn,14.8175,0.0,3.6675,0.0,1017.7,81.505,91.6667
1788746400,2026-09-07 02:00:00,2026-09-07 04:00:00,fyn,15.1425,0.0,4.025,0.0,1016.95,81.1,93.3333
1788750000,2026-09-07 03:00:00,2026-09-07 05:00:00,fyn,15.075,0.0,4.0175,0.0,1016.11,82.0425,90.0
1788753600,2026-09-07 04:00:00,2026-09-07 06:00:00,fyn,14.805,0.0,4.0875,0.0,1015.53,83.0025,20.0
1788757200,2026-09-07 05:00:00,2026-09-07 07:00:00,fyn,14.515,4.5,3.9275,0.0,1015.44,83.7775,31.6667
1788760800,2026-09-07 06:00:00,2026-09-07 08:00:00,fyn,14.7125,51.0,3.6225,0.0,1015.04,83.1625,45.0
1788764400,2026-09-07 07:00:00,2026-09-07 09:00:00,fyn,15.425,101.0,4.245,0.0,1014.72,81.14,50.0
1788782400,2026-09-07 12:00:00,2026-09-07 14:00:00,fyn,20.805,431.0,6.0025,0.0,1012.08,61.6525,10.0
1788786000,2026-09-07 13:00:00,2026-09-07 15:00:00,fyn,21.2975,498.5,6.1375,0.0,1011.29,61.575,1.66667
1788789600,2026-09-07 14:00:00,2026-09-07 16:00:00,fyn,21.705,482.0,6.005,0.0,1010.82,61.4025,0.0
1788793200,2026-09-07 15:00:00,2026-09-07 17:00:00,fyn,22.1075,395.0,5.76,0.0,1010.12,61.11,3.33333
1788796800,2026-09-07 16:00:00,2026-09-07 18:00:00,fyn,22.06,266.0,5.51,0.0,1009.64,60.82,3.33333
1788800400,2026-09-07 17:00:00,2026-09-07 19:00:00,fyn,21.0475,81.0,4.425,0.0,1009.24,65.475,0.0
1788804000,2026-09-07 18:00:00,2026-09-07 20:00:00,fyn,19.7125,14.0,3.315,0.0,1009.18,71.605,0.0
1788807600,2026-09-07 19:00:00,2026-09-07 21:00:00,fyn,19.0575,0.0,3.285,0.0,1008.7,74.675,8.33333
1788811200,2026-09-07 20:00:00,2026-09-07 22:00:00,fyn,18.2275,0.0,2.9625,0.0,1008.26,80.2725,3.33333
1788814800,2026-09-07 21:00:00,2026-09-07 23:00:00,fyn,17.835,0.0,3.3575,0.0,1008.15,84.3,31.6667
1788818400,2026-09-07 22:00:00,2026-09-08 00:00:00,fyn,17.815,0.0,3.7625,0.0,1007.79,87.1425,10.0
1788822000,2026-09-07 23:00:00,2026-09-08 01:00:00,fyn,17.515,0.0,4.1525,0.0,1007.62,90.6675,10.0
1788825600,2026-09-08 00:00:00,2026-09-08 02:00:00,fyn,17.44,0.0,4.6875,0.0,1007.33,92.1425,66.6667
1788829200,2026-09-08 01:00:00,2026-09-08 03:00:00,fyn,17.3575,0.0,4.0125,0.0,1006.82,92.43,18.3333
1788832800,2026-09-08 02:00:00,2026-09-08 04:00:00,fyn,17.145,0.0,3.5525,0.0,1006.33,93.115,58.3333
1788836400,2026-09-08 03:00:00,2026-09-08 05:00:00,fyn,16.94,0.0,3.405,0.0,1005.69,93.555,76.6667
1788840000,2026-09-08 04:00:00,2026-09-08 06:00:00,fyn,16.7225,0.0,2.8625,0.0,1004.99,94.52,61.6667
1788843600,2026-09-08 05:00:00,2026-09-08 07:00:00,fyn,16.6,0.5,2.855,0.0233333,1004.49,95.65,75.0
1788847200,2026-09-08 06:00:00,2026-09-08 08:00:00,fyn,16.595,9.0,3.525,0.873333,1004.34,96.375,93.3333
1788850800,2026-09-08 07:00:00,2026-09-08 09:00:00,fyn,16.71,51.5,3.2625,0.08,1003.88,96.805,50.0
1788854400,2026-09-08 08:00:00,2026-09-08 10:00:00,fyn,17.215,135.0,3.445,0.0,1003.59,93.8175,30.0
1788858000,2026-09-08 09:00:00,2026-09-08 11:00:00,fyn,17.9,150.5,4.4075,0.0,1003.31,87.735,71.6667
1788861600,2026-09-08 10:00:00,2026-09-08 12:00:00,fyn,17.915,112.5,4.0275,0.0,1003.22,84.0125,96.6667
1788865200,2026-09-08 11:00:00,2026-09-08 13:00:00,fyn,17.685,131.5,4.2725,0.0,1003.06,82.59,98.3333
1788868800,2026-09-08 12:00:00,2026-09-08 14:00:00,fyn,16.965,118.0,3.7925,0.0833333,1002.7,81.38,98.3333
1788872400,2026-09-08 13:00:00,2026-09-08 15:00:00,fyn,16.155,96.0,3.5375,0.956667,1002.44,84.975,98.3333
1788876000,2026-09-08 14:00:00,2026-09-08 16:00:00,fyn,15.5825,87.0,3.7525,0.903333,1002.08,89.5875,95.0
1788879600,2026-09-08 15:00:00,2026-09-08 17:00:00,fyn,15.1075,81.0,4.2025,0.413333,1001.77,92.02,90.0
1788883200,2026-09-08 16:00:00,2026-09-08 18:00:00,fyn,15.025,55.0,5.1275,0.733333,1001.24,92.53,93.3333
1788886800,2026-09-08 17:00:00,2026-09-08 19:00:00,fyn,14.5875,24.0,4.55,1.0,1000.77,93.3775,85.0
1788890400,2026-09-08 18:00:00,2026-09-08 20:00:00,fyn,14.315,4.0,3.545,0.47,1000.6,94.4375,90.0
1788894000,2026-09-08 19:00:00,2026-09-08 21:00:00,fyn,14.2375,0.0,3.4325,0.96,1000.16,95.94,93.3333
1788897600,2026-09-08 20:00:00,2026-09-08 22:00:00,fyn,14.2625,0.0,3.4875,1.18333,999.468,96.485,90.0
1788901200,2026-09-08 21:00:00,2026-09-08 23:00:00,fyn,14.1875,0.0,2.655,0.656667,998.913,96.0825,93.3333
1788904800,2026-09-08 22:00:00,2026-09-09 00:00:00,fyn,14.04,0.0,1.7,0.176667,998.425,96.13,80.0
1788908400,2026-09-08 23:00:00,2026-09-09 01:00:00,fyn,13.5125,0.0,1.675,0.213333,998.656,96.98,90.0
