unixtime,hour_utc,hour_dk,area,temp_mean_past1h,radia_glob_past1h,wind_speed_past1h,precip_past1h,pressure,humidity_past1h,cloud_cover
1767225600,2026-01-01 00:00:00,2026-01-01 01:00:00,karup,,,,,991.75,,100.0
1767229200,2026-01-01 01:00:00,2026-01-01 02:00:00,karup,5.05,0.0,6.1,0.0,989.017,91.5,90.0
1767232800,2026-01-01 02:00:00,2026-01-01 03:00:00,karup,4.9,0.0,6.6,0.3,987.025,91.0,95.0
1767236400,2026-01-01 03:00:00,2026-01-01 04:00:00,karup,4.9,0.0,6.85,0.15,985.0,90.0,100.0
1767240000,2026-01-01 04:00:00,2026-01-01 05:00:00,karup,4.8,0.0,7.05,1.1,983.308,92.0,93.3333
1767243600,2026-01-01 05:00:00,2026-01-01 06:00:00,karup,3.45,0.0,6.2,1.9,981.633,93.0,85.0
1767247200,2026-01-01 06:00:00,2026-01-01 07:00:00,karup,3.55,0.0,4.95,0.0,980.308,94.5,86.6667
1767250800,2026-01-01 07:00:00,2026-01-01 08:00:00,karup,3.1,0.0,5.95,0.3,979.033,91.5,92.5
1767254400,2026-01-01 08:00:00,2026-01-01 09:00:00,karup,2.6,0.0,5.0,0.4,977.508,92.5,81.6667
1767258000,2026-01-01 09:00:00,2026-01-01 10:00:00,karup,2.8,19.0,6.2,0.2,975.975,89.5,75.0
1767261600,2026-01-01 10:00:00,2026-01-01 11:00:00,karup,3.3,54.0,6.8,0.15,975.258,89.0,87.5
1767265200,2026-01-01 11:00:00,2026-01-01 12:00:00,karup,3.35,57.0,7.55,0.05,974.758,85.5,58.3333
1767268800,2026-01-01 12:00:00,2026-01-01 13:00:00,karup,3.5,117.0,5.95,0.05,974.117,86.0,51.6667
1767272400,2026-01-01 13:00:00,2026-01-01 14:00:00,karup,3.3,66.0,6.8,0.1,973.408,86.0,85.0
1767276000,2026-01-01 14:00:00,2026-01-01 15:00:00,karup,3.2,37.0,5.1,0.45,973.067,90.0,87.5
1767279600,2026-01-01 15:00:00,2026-01-01 16:00:00,karup,3.4,5.0,6.1,0.25,973.025,90.0,90.0
1767283200,2026-01-01 16:00:00,2026-01-01 17:00:00,karup,3.05,0.0,6.75,0.45,972.767,89.5,81.6667
1767286800,2026-01-01 17:00:00,2026-01-01 18:00:00,karup,2.9,0.0,5.4,0.05,972.167,87.5,74.1667
1767290400,2026-01-01 18:00:00,2026-01-01 19:00:00,karup,2.8,0.0,6.6,0.0,971.35,84.5,69.1667
1767294000,2026-01-01 19:00:00,2026-01-01 20:00:00,karup,2.95,0.0,6.7,0.0,970.2,85.0,89.1667
1767297600,2026-01-01 20:00:00,2026-01-01 21:00:00,karup,2.9,0.0,7.65,0.0,968.883,86.5,100.0
1767301200,2026-01-01 21:00:00,2026-01-01 22:00:00,karup,1.95,0.0,6.35,2.1,967.517,93.0,95.0
1767304800,2026-01-01 22:00:00,2026-01-01 23:00:00,karup,1.8,0.0,3.8,1.15,966.908,95.5,95.0
1767308400,2026-01-01 23:00:00,2026-01-02 00:00:00,karup,2.55,0.0,3.75,0.65,967.842,95.5,93.3333
1767312000,2026-01-02 00:00:00,2026-01-02 01:00:00,karup,2.1,0.0,6.45,0.05,969.975,95.0,85.0
1767315600,2026-01-02 01:00:00,2026-01-02 02:00:00,karup,0.75,0.0,5.25,0.0,971.3,92.0,52.5
1767319200,2026-01-02 02:00:00,2026-01-02 03:00:00,karup,0.3,0.0,4.15,0.0,972.192,91.0,69.1667
1767322800,2026-01-02 03:00:00,2026-01-02 04:00:00,karup,-0.25,0.0,3.2,0.0,972.65,90.0,95.0
1767326400,2026-01-02 04:00:00,2026-01-02 05:00:00,karup,-0.2,0.0,2.85,0.0,972.867,91.0,42.5
1767330000,2026-01-02 05:00:00,2026-01-02 06:00:00,karup,-0.5,0.0,3.2,0.0,973.508,90.5,39.1667
1767333600,2026-01-02 06:00:00,2026-01-02 07:00:00,karup,-1.3,0.0,2.85,0.0,974.242,89.0,85.0
1767337200,2026-01-02 07:00:00,2026-01-02 08:00:00,karup,-1.65,0.0,2.6,0.0,974.867,87.5,87.5
1767340800,2026-01-02 08:00:00,2026-01-02 09:00:00,karup,-1.85,0.0,2.75,0.0,975.383,87.5,92.5
1767344400,2026-01-02 09:00:00,2026-01-02 10:00:00,karup,-1.35,7.0,2.7,0.0,975.925,86.5,85.0
1767348000,2026-01-02 10:00:00,2026-01-02 11:00:00,karup,-0.55,105.0,2.45,0.0,976.1,83.0,67.5
1767351600,2026-01-02 11:00:00,2026-01-02 12:00:00,karup,0.05,126.0,4.55,0.0,976.417,81.0,90.0
1767355200,2026-01-02 12:00:00,2026-01-02 13:00:00,karup,-0.35,116.0,6.1,0.0,976.858,84.0,93.3333
1767358800,2026-01-02 13:00:00,2026-01-02 14:00:00,karup,-0.65,52.0,6.4,0.0,977.558,89.0,100.0
1767362400,2026-01-02 14:00:00,2026-01-02 15:00:00,karup,-0.95,55.0,7.4,0.0,978.683,92.5,100.0
1767366000,2026-01-02 15:00:00,2026-01-02 16:00:00,karup,-1.35,19.0,6.45,0.0,979.608,91.5,100.0
1767369600,2026-01-02 16:00:00,2026-01-02 17:00:00,karup,-1.8,0.0,5.8,0.3,980.508,93.0,100.0
1767373200,2026-01-02 17:00:00,2026-01-02 18:00:00,karup,-2.25,0.0,6.25,0.1,981.308,95.5,93.3333
1767376800,2026-01-02 18:00:00,2026-01-02 19:00:00,karup,-2.55,0.0,6.75,0.1,982.175,94.5,98.3333
1767380400,2026-01-02 19:00:00,2026-01-02 20:00:00,karup,-2.45,0.0,6.3,0.0,982.933,88.5,95.0
1767384000,2026-01-02 20:00:00,2026-01-02 21:00:00,karup,-2.25,0.0,6.0,0.0,983.5,76.5,100.0
1767387600,2026-01-02 21:00:00,2026-01-02 22:00:00,karup,-2.05,0.0,5.25,0.0,983.925,69.5,98.3333
1767391200,2026-01-02 22:00:00,2026-01-02 23:00:00,karup,-2.65,0.0,3.55,0.0,984.417,71.0,78.3333
1767394800,2026-01-02 23:00:00,2026-01-03 00:00:00,karup,-5.0,0.0,2.7,0.0,984.9,77.0,26.6667
1767398400,2026-01-03 00:00:00,2026-01-03 01:00:00,karup,-6.45,0.0,2.8,0.0,985.408,80.0,63.3333
1767402000,2026-01-03 01:00:00,2026-01-03 02:00:00,karup,-6.85,0.0,2.75,0.0,985.467,81.0,12.5
1767405600,2026-01-03 02:00:00,2026-01-03 03:00:00,karup,-7.75,0.0,2.45,0.0,985.833,84.0,0.0
1767409200,2026-01-03 03:00:00,2026-01-03 04:00:00,karup,-7.1,0.0,2.7,0.0,986.067,81.0,0.0
1767412800,2026-01-03 04:00:00,2026-01-03 05:00:00,karup,-7.8,0.0,2.25,0.0,986.167,82.0,0.0
1767416400,2026-01-03 05:00:00,2026-01-03 06:00:00,karup,-9.7,0.0,2.55,0.0,986.408,86.5,0.0
1767420000,2026-01-03 06:00:00,2026-01-03 07:00:00,karup,-9.6,0.0,1.55,0.0,986.6,87.0,0.0
1767423600,2026-01-03 07:00:00,2026-01-03 08:00:00,karup,-9.85,0.0,1.8,0.0,986.792,88.0,0.0
1767427200,2026-01-03 08:00:00,2026-01-03 09:00:00,karup,-10.0,0.0,1.4,0.0,987.05,88.0,0.0
1767430800,2026-01-03 09:00:00,2026-01-03 10:00:00,karup,-10.35,32.0,1.45,0.0,987.275,89.5,0.0
1767434400,2026-01-03 10:00:00,2026-01-03 11:00:00,karup,-8.5,103.0,1.5,0.0,987.308,88.5,0.0
1767438000,2026-01-03 11:00:00,2026-01-03 12:00:00,karup,-6.05,154.0,1.75,0.0,987.417,80.5,0.0
1767441600,2026-01-03 12:00:00,2026-01-03 13:00:00,karup,-4.45,173.0,1.6,0.0,987.25,75.0,0.0
1767445200,2026-01-03 13:00:00,2026-01-03 14:00:00,karup,-3.85,152.0,2.0,0.0,987.35,73.0,6.66667
1767448800,2026-01-03 14:00:00,2026-01-03 15:00:00,karup,-3.6,96.0,2.5,0.0,987.708,74.5,91.6667
1767452400,2026-01-03 15:00:00,2026-01-03 16:00:00,karup,-3.8,23.0,1.7,0.1,988.05,79.0,96.6667
1767456000,2026-01-03 16:00:00,2026-01-03 17:00:00,karup,-4.25,0.0,2.0,0.05,988.308,86.0,98.3333
1767459600,2026-01-03 17:00:00,2026-01-03 18:00:00,karup,-5.15,0.0,2.1,0.0,988.767,92.0,91.6667
1767463200,2026-01-03 18:00:00,2026-01-03 19:00:00,karup,-5.8,0.0,2.1,0.0,989.092,94.5,81.6667
1767466800,2026-01-03 19:00:00,2026-01-03 20:00:00,karup,-5.5,0.0,2.65,0.0,989.508,95.0,67.5
1767470400,2026-01-03 20:00:00,2026-01-03 21:00:00,karup,-5.4,0.0,3.15,0.0,989.842,93.0,75.8333
1767474000,2026-01-03 21:00:00,2026-01-03 22:00:00,karup,-5.4,0.0,3.25,0.0,990.408,91.5,92.5
1767477600,2026-01-03 22:00:00,2026-01-03 23:00:00,karup,-6.35,0.0,2.65,0.0,990.8,92.5,59.1667
1767481200,2026-01-03 23:00:00,2026-01-04 00:00:00,karup,-6.6,0.0,2.8,0.0,991.108,91.5,85.8333
1767484800,2026-01-04 00:00:00,2026-01-04 01:00:00,karup,-6.7,0.0,2.65,0.0,991.375,91.0,100.0
1767488400,2026-01-04 01:00:00,2026-01-04 02:00:00,karup,-7.1,0.0,2.55,0.0,991.725,91.0,100.0
1767492000,2026-01-04 02:00:00,2026-01-04 03:00:00,karup,-7.1,0.0,2.25,0.0,991.833,90.5,91.6667
1767495600,2026-01-04 03:00:00,2026-01-04 04:00:00,karup,-8.55,0.0,1.85,0.0,991.925,90.5,70.8333
1767499200,2026-01-04 04:00:00,2026-01-04 05:00:00,karup,-8.95,0.0,1.75,0.0,992.2,91.0,90.8333
1767502800,2026-01-04 05:00:00,2026-01-04 06:00:00,karup,-9.1,0.0,1.55,0.0,992.525,89.5,100.0
1767506400,2026-01-04 06:00:00,2026-01-04 07:00:00,karup,-9.15,0.0,1.5,0.0,992.9,88.0,100.0
1767510000,2026-01-04 07:00:00,2026-01-04 08:00:00,karup,-9.35,0.0,1.5,0.0,993.508,88.5,96.6667
1767513600,2026-01-04 08:00:00,2026-01-04 09:00:00,karup,-9.35,0.0,1.45,0.0,994.133,89.5,90.0
1767517200,2026-01-04 09:00:00,2026-01-04 10:00:00,karup,-8.55,23.0,1.8,0.0,994.692,88.5,79.1667
1767520800,2026-01-04 10:00:00,2026-01-04 11:00:00,karup,-7.65,107.0,1.7,0.0,995.142,87.0,78.3333
1767524400,2026-01-04 11:00:00,2026-01-04 12:00:00,karup,-5.65,203.0,2.1,0.0,995.275,83.0,70.0
1767528000,2026-01-04 12:00:00,2026-01-04 13:00:00,karup,-3.6,224.0,2.2,0.0,995.242,76.5,73.3333
1767531600,2026-01-04 13:00:00,2026-01-04 14:00:00,karup,-2.75,179.0,2.1,0.0,995.567,70.0,7.5
1767535200,2026-01-04 14:00:00,2026-01-04 15:00:00,karup,-3.3,104.0,2.15,0.0,996.017,69.0,5.0
1767538800,2026-01-04 15:00:00,2026-01-04 16:00:00,karup,-3.7,26.0,1.85,0.0,996.542,70.5,0.0
1767542400,2026-01-04 16:00:00,2026-01-04 17:00:00,karup,-5.7,0.0,1.4,0.0,996.767,79.0,0.0
1767546000,2026-01-04 17:00:00,2026-01-04 18:00:00,karup,-8.0,0.0,0.95,0.0,997.158,87.0,33.3333
1767549600,2026-01-04 18:00:00,2026-01-04 19:00:00,karup,-9.15,0.0,1.4,0.0,997.475,89.5,8.33333
1767553200,2026-01-04 19:00:00,2026-01-04 20:00:00,karup,-9.75,0.0,1.5,0.0,997.867,89.5,0.0
1767556800,2026-01-04 20:00:00,2026-01-04 21:00:00,karup,-10.05,0.0,1.15,0.0,998.317,89.5,0.0
1767560400,2026-01-04 21:00:00,2026-01-04 22:00:00,karup,-10.7,0.0,1.35,0.0,998.717,90.5,0.0
1767564000,2026-01-04 22:00:00,2026-01-04 23:00:00,karup,-11.2,0.0,1.05,0.0,998.867,90.0,0.0
1767567600,2026-01-04 23:00:00,2026-01-05 00:00:00,karup,-12.2,0.0,0.95,0.0,999.167,90.5,1.66667
1767571200,2026-01-05 00:00:00,2026-01-05 01:00:00,karup,-12.5,0.0,1.3,0.0,999.292,90.5,80.8333
1767574800,2026-01-05 01:00:00,2026-01-05 02:00:00,karup,-12.25,0.0,1.4,0.0,999.425,90.5,85.0
1767578400,2026-01-05 02:00:00,2026-01-05 03:00:00,karup,-12.35,0.0,1.3,0.0,999.5,90.0,10.8333
1767582000,2026-01-05 03:00:00,2026-01-05 04:00:00,karup,-12.5,0.0,1.3,0.0,999.717,89.5,85.0
1767585600,2026-01-05 04:00:00,2026-01-05 05:00:00,karup,-12.4,0.0,1.5,0.0,1000.06,89.5,48.3333
1767589200,2026-01-05 05:00:00,2026-01-05 06:00:00,karup,-11.6,0.0,1.7,0.0,1000.1,90.0,15.8333
1767592800,2026-01-05 06:00:00,2026-01-05 07:00:00,karup,-10.75,0.0,2.35,0.0,1000.29,90.0,87.5
1767596400,2026-01-05 07:00:00,2026-01-05 08:00:00,karup,-10.1,0.0,2.35,0.0,1000.77,91.0,93.3333
1767600000,2026-01-05 08:00:00,2026-01-05 09:00:00,karup,-9.4,0.0,1.75,0.0,1001.33,92.5,74.1667
1767603600,2026-01-05 09:00:00,2026-01-05 10:00:00,karup,-8.6,29.0,2.35,0.0,1001.64,91.0,81.6667
1767607200,2026-01-05 10:00:00,2026-01-05 11:00:00,karup,-7.95,46.0,2.15,0.0,1001.78,90.5,87.5
1767610800,2026-01-05 11:00:00,2026-01-05 12:00:00,karup,-6.65,34.0,2.8,0.0,1001.62,90.5,67.5
1767614400,2026-01-05 12:00:00,2026-01-05 13:00:00,karup,-5.75,46.0,3.35,0.1,1001.56,90.0,82.5
1767618000,2026-01-05 13:00:00,2026-01-05 14:00:00,karup,-5.4,48.0,3.4,0.2,1001.49,91.5,95.0
1767621600,2026-01-05 14:00:00,2026-01-05 15:00:00,karup,-5.15,33.0,3.85,0.45,1001.77,91.5,100.0
1767625200,2026-01-05 15:00:00,2026-01-05 16:00:00,karup,-4.6,13.0,3.9,0.2,1002.12,90.0,96.6667
1767628800,2026-01-05 16:00:00,2026-01-05 17:00:00,karup,-4.55,0.0,3.65,0.0,1002.46,88.0,98.3333
1767632400,2026-01-05 17:00:00,2026-01-05 18:00:00,karup,-4.6,0.0,3.4,0.0,1002.58,90.0,100.0
1767636000,2026-01-05 18:00:00,2026-01-05 19:00:00,karup,-4.4,0.0,3.15,0.0,1002.7,91.5,86.6667
1767639600,2026-01-05 19:00:00,2026-01-05 20:00:00,karup,-4.85,0.0,2.4,0.0,1003.03,92.0,75.0
1767643200,2026-01-05 20:00:00,2026-01-05 21:00:00,karup,-5.6,0.0,1.75,0.0,1003.33,93.5,90.0
1767646800,2026-01-05 21:00:00,2026-01-05 22:00:00,karup,-6.8,0.0,1.6,0.0,1003.59,94.5,89.1667
1767650400,2026-01-05 22:00:00,2026-01-05 23:00:00,karup,-7.05,0.0,1.4,0.0,1003.82,94.5,15.8333
1767654000,2026-01-05 23:00:00,2026-01-06 00:00:00,karup,-7.85,0.0,1.15,0.0,1003.97,95.0,37.5
1767657600,2026-01-06 00:00:00,2026-01-06 01:00:00,karup,-7.7,0.0,0.65,0.0,1003.45,95.5,50.0
1767661200,2026-01-06 01:00:00,2026-01-06 02:00:00,karup,-5.2,0.0,0.5,0.0,1002.94,96.0,0.0
1767664800,2026-01-06 02:00:00,2026-01-06 03:00:00,karup,-4.3,0.0,0.8,0.0,1003.44,97.0,0.0
1767668400,2026-01-06 03:00:00,2026-01-06 04:00:00,karup,-5.45,0.0,0.9,0.0,1003.81,97.5,0.0
1767672000,2026-01-06 04:00:00,2026-01-06 05:00:00,karup,-5.0,0.0,0.95,0.0,1003.64,98.0,0.0
1767675600,2026-01-06 05:00:00,2026-01-06 06:00:00,karup,-4.95,0.0,0.7,0.0,1003.53,98.0,0.0
1767679200,2026-01-06 06:00:00,2026-01-06 07:00:00,karup,-4.65,0.0,0.35,0.0,1003.7,98.5,16.6667
1767682800,2026-01-06 07:00:00,2026-01-06 08:00:00,karup,-3.9,0.0,0.5,0.0,1003.63,98.0,80.0
1767686400,2026-01-06 08:00:00,2026-01-06 09:00:00,karup,-3.8,0.0,1.95,0.0,1003.78,98.5,100.0
1767690000,2026-01-06 09:00:00,2026-01-06 10:00:00,karup,-3.85,25.0,2.25,0.0,1003.78,97.5,96.6667
1767693600,2026-01-06 10:00:00,2026-01-06 11:00:00,karup,-4.05,94.0,2.15,0.0,1003.54,97.0,52.5
1767697200,2026-01-06 11:00:00,2026-01-06 12:00:00,karup,-4.45,98.0,2.05,0.0,1003.12,96.5,25.0
1767700800,2026-01-06 12:00:00,2026-01-06 13:00:00,karup,-4.3,89.0,2.25,0.0,1002.49,96.5,16.6667
1767704400,2026-01-06 13:00:00,2026-01-06 14:00:00,karup,-3.8,52.0,3.5,0.0,1001.86,96.5,85.0
1767708000,2026-01-06 14:00:00,2026-01-06 15:00:00,karup,-3.15,53.0,3.7,0.15,1001.52,96.5,96.6667
1767711600,2026-01-06 15:00:00,2026-01-06 16:00:00,karup,-2.55,12.0,3.85,0.0,1001.26,97.0,100.0
1767715200,2026-01-06 16:00:00,2026-01-06 17:00:00,karup,-2.2,0.0,3.65,0.1,1000.99,96.0,100.0
1767718800,2026-01-06 17:00:00,2026-01-06 18:00:00,karup,-2.0,0.0,3.75,0.2,1000.88,98.0,100.0
1767722400,2026-01-06 18:00:00,2026-01-06 19:00:00,karup,-1.8,0.0,2.75,0.05,1000.91,97.5,83.3333
1767726000,2026-01-06 19:00:00,2026-01-06 20:00:00,karup,-1.85,0.0,3.1,0.0,1000.58,97.0,91.6667
1767729600,2026-01-06 20:00:00,2026-01-06 21:00:00,karup,-1.5,0.0,3.95,0.05,1000.33,97.0,100.0
1767733200,2026-01-06 21:00:00,2026-01-06 22:00:00,karup,-1.0,0.0,4.35,0.1,1000.02,95.0,54.1667
1767736800,2026-01-06 22:00:00,2026-01-06 23:00:00,karup,-1.35,0.0,4.85,0.15,999.908,95.0,50.0
1767740400,2026-01-06 23:00:00,2026-01-07 00:00:00,karup,-1.65,0.0,4.35,0.05,999.975,96.0,83.3333
1767744000,2026-01-07 00:00:00,2026-01-07 01:00:00,karup,-1.6,0.0,3.6,0.05,1000.02,96.5,78.3333
1767747600,2026-01-07 01:00:00,2026-01-07 02:00:00,karup,-1.6,0.0,3.0,0.05,1000.09,97.0,85.8333
1767751200,2026-01-07 02:00:00,2026-01-07 03:00:00,karup,-1.4,0.0,2.7,0.05,1000.11,98.5,100.0
1767754800,2026-01-07 03:00:00,2026-01-07 04:00:00,karup,-0.9,0.0,2.05,0.1,999.858,99.0,100.0
1767758400,2026-01-07 04:00:00,2026-01-07 05:00:00,karup,-0.6,0.0,2.1,0.05,999.642,98.5,100.0
1767762000,2026-01-07 05:00:00,2026-01-07 06:00:00,karup,-0.55,0.0,3.2,0.05,999.458,97.0,95.0
1767765600,2026-01-07 06:00:00,2026-01-07 07:00:00,karup,-0.7,0.0,4.0,0.05,999.283,95.5,98.3333
1767769200,2026-01-07 07:00:00,2026-01-07 08:00:00,karup,-0.45,0.0,4.1,0.05,999.242,94.5,100.0
1767772800,2026-01-07 08:00:00,2026-01-07 09:00:00,karup,-0.45,0.0,4.35,0.05,999.042,93.5,100.0
1767776400,2026-01-07 09:00:00,2026-01-07 10:00:00,karup,-1.0,14.0,4.5,0.15,998.525,95.0,100.0
1767780000,2026-01-07 10:00:00,2026-01-07 11:00:00,karup,-1.55,30.0,5.2,0.35,997.725,97.5,100.0
1767783600,2026-01-07 11:00:00,2026-01-07 12:00:00,karup,-1.6,37.0,5.55,0.25,996.773,98.0,100.0
1767787200,2026-01-07 12:00:00,2026-01-07 13:00:00,karup,-1.4,58.0,5.6,0.35,996.058,98.5,98.3333
1767790800,2026-01-07 13:00:00,2026-01-07 14:00:00,karup,-1.15,74.0,5.65,0.1,995.725,97.0,95.0
1767794400,2026-01-07 14:00:00,2026-01-07 15:00:00,karup,-1.25,38.0,5.35,0.2,995.508,97.5,100.0
1767798000,2026-01-07 15:00:00,2026-01-07 16:00:00,karup,-1.3,9.0,5.05,0.05,995.383,97.5,100.0
1767801600,2026-01-07 16:00:00,2026-01-07 17:00:00,karup,-1.4,0.0,5.25,0.05,995.317,96.5,100.0
1767805200,2026-01-07 17:00:00,2026-01-07 18:00:00,karup,-1.6,0.0,5.65,0.2,995.225,96.5,96.6667
1767808800,2026-01-07 18:00:00,2026-01-07 19:00:00,karup,-1.6,0.0,5.7,0.05,995.15,95.5,100.0
1767812400,2026-01-07 19:00:00,2026-01-07 20:00:00,karup,-1.75,0.0,5.7,0.05,995.05,95.5,100.0
1767816000,2026-01-07 20:00:00,2026-01-07 21:00:00,karup,-1.95,0.0,5.6,0.1,994.983,95.5,100.0
1767819600,2026-01-07 21:00:00,2026-01-07 22:00:00,karup,-2.05,0.0,5.1,0.05,994.942,95.0,100.0
1767823200,2026-01-07 22:00:00,2026-01-07 23:00:00,karup,-2.25,0.0,5.15,0.05,994.925,95.0,100.0
1767826800,2026-01-07 23:00:00,2026-01-08 00:00:00,karup,-2.35,0.0,4.7,0.05,995.175,95.5,100.0
1767830400,2026-01-08 00:00:00,2026-01-08 01:00:00,karup,-2.25,0.0,4.85,0.15,995.108,97.0,98.3333
1767834000,2026-01-08 01:00:00,2026-01-08 02:00:00,karup,-2.05,0.0,4.95,0.0,995.217,96.0,95.0
1767837600,2026-01-08 02:00:00,2026-01-08 03:00:00,karup,-1.95,0.0,4.55,0.0,995.833,95.5,100.0
1767841200,2026-01-08 03:00:00,2026-01-08 04:00:00,karup,-1.95,0.0,3.8,0.0,996.233,94.5,100.0
1767844800,2026-01-08 04:00:00,2026-01-08 05:00:00,karup,-1.95,0.0,3.8,0.0,996.6,94.0,100.0
1767848400,2026-01-08 05:00:00,2026-01-08 06:00:00,karup,-2.0,0.0,3.8,0.0,997.025,94.5,100.0
1767852000,2026-01-08 06:00:00,2026-01-08 07:00:00,karup,-2.05,0.0,3.95,0.0,997.392,95.0,100.0
1767855600,2026-01-08 07:00:00,2026-01-08 08:00:00,karup,-1.95,0.0,4.15,0.0,997.942,94.5,100.0
1767859200,2026-01-08 08:00:00,2026-01-08 09:00:00,karup,-1.8,1.0,3.6,0.0,998.258,93.5,100.0
1767862800,2026-01-08 09:00:00,2026-01-08 10:00:00,karup,-1.6,14.0,3.95,0.0,998.533,93.0,65.8333
1767866400,2026-01-08 10:00:00,2026-01-08 11:00:00,karup,-1.3,58.0,3.9,0.0,998.808,93.5,95.0
1767870000,2026-01-08 11:00:00,2026-01-08 12:00:00,karup,-1.0,77.0,3.95,0.0,998.867,93.5,100.0
1767873600,2026-01-08 12:00:00,2026-01-08 13:00:00,karup,-0.8,92.0,4.3,0.0,998.992,92.0,100.0
1767877200,2026-01-08 13:00:00,2026-01-08 14:00:00,karup,-0.65,74.0,3.55,0.05,999.217,91.5,100.0
1767880800,2026-01-08 14:00:00,2026-01-08 15:00:00,karup,-0.5,45.0,2.35,0.0,999.6,92.0,100.0
1767884400,2026-01-08 15:00:00,2026-01-08 16:00:00,karup,-0.6,13.0,2.2,0.0,999.825,92.0,100.0
1767888000,2026-01-08 16:00:00,2026-01-08 17:00:00,karup,-0.8,0.0,2.5,0.0,999.808,93.5,100.0
1767891600,2026-01-08 17:00:00,2026-01-08 18:00:00,karup,-0.8,0.0,3.0,0.0,999.9,93.5,100.0
1767895200,2026-01-08 18:00:00,2026-01-08 19:00:00,karup,-0.8,0.0,3.0,0.0,999.942,91.0,100.0
1767898800,2026-01-08 19:00:00,2026-01-08 20:00:00,karup,-0.8,0.0,3.55,0.0,999.575,91.0,100.0
1767902400,2026-01-08 20:00:00,2026-01-08 21:00:00,karup,-0.85,0.0,4.55,0.0,999.592,91.5,100.0
1767906000,2026-01-08 21:00:00,2026-01-08 22:00:00,karup,-1.0,0.0,5.15,0.0,999.45,92.0,100.0
1767909600,2026-01-08 22:00:00,2026-01-08 23:00:00,karup,-1.05,0.0,5.4,0.0,999.242,91.0,100.0
1767913200,2026-01-08 23:00:00,2026-01-09 00:00:00,karup,-1.25,0.0,5.6,0.0,998.967,90.5,100.0
1767916800,2026-01-09 00:00:00,2026-01-09 01:00:00,karup,-1.3,0.0,5.95,0.0,998.55,90.0,100.0
1767920400,2026-01-09 01:00:00,2026-01-09 02:00:00,karup,-1.35,0.0,6.05,0.0,998.192,88.5,100.0
1767924000,2026-01-09 02:00:00,2026-01-09 03:00:00,karup,-1.4,0.0,6.95,0.0,997.975,86.5,100.0
1767927600,2026-01-09 03:00:00,2026-01-09 04:00:00,karup,-1.35,0.0,6.5,0.0,997.775,86.0,100.0
1767931200,2026-01-09 04:00:00,2026-01-09 05:00:00,karup,-1.35,0.0,7.1,0.0,997.708,86.0,100.0
1767934800,2026-01-09 05:00:00,2026-01-09 06:00:00,karup,-1.6,0.0,7.35,0.0,997.658,83.0,96.6667
1767938400,2026-01-09 06:00:00,2026-01-09 07:00:00,karup,-1.6,0.0,8.2,0.0,998.092,78.0,79.1667
1767942000,2026-01-09 07:00:00,2026-01-09 08:00:00,karup,-1.7,0.0,8.1,0.0,998.6,78.0,8.33333
1767945600,2026-01-09 08:00:00,2026-01-09 09:00:00,karup,-1.75,0.0,7.1,0.0,998.9,76.0,70.0
1767949200,2026-01-09 09:00:00,2026-01-09 10:00:00,karup,-1.25,22.0,6.85,0.0,999.067,72.5,87.5
1767952800,2026-01-09 10:00:00,2026-01-09 11:00:00,karup,-0.75,67.0,7.75,0.0,999.3,72.0,87.5
1767956400,2026-01-09 11:00:00,2026-01-09 12:00:00,karup,-0.45,86.0,8.45,0.0,999.142,72.5,90.0
1767960000,2026-01-09 12:00:00,2026-01-09 13:00:00,karup,-0.3,130.0,8.55,0.0,999.192,70.0,90.0
1767963600,2026-01-09 13:00:00,2026-01-09 14:00:00,karup,-0.4,101.0,8.9,0.0,999.458,69.5,95.0
1767967200,2026-01-09 14:00:00,2026-01-09 15:00:00,karup,-0.6,49.0,8.75,0.0,999.933,69.5,89.1667
1767970800,2026-01-09 15:00:00,2026-01-09 16:00:00,karup,-0.75,16.0,8.35,0.0,1000.33,68.5,91.6667
1767974400,2026-01-09 16:00:00,2026-01-09 17:00:00,karup,-0.8,1.0,8.8,0.0,1000.96,67.5,100.0
1767978000,2026-01-09 17:00:00,2026-01-09 18:00:00,karup,-0.8,0.0,8.45,0.0,1001.49,68.0,100.0
1767981600,2026-01-09 18:00:00,2026-01-09 19:00:00,karup,-1.05,0.0,9.0,0.0,1002.01,69.5,100.0
1767985200,2026-01-09 19:00:00,2026-01-09 20:00:00,karup,-1.55,0.0,9.25,0.0,1002.53,70.0,100.0
1767988800,2026-01-09 20:00:00,2026-01-09 21:00:00,karup,-1.65,0.0,9.4,0.0,1003.16,67.5,100.0
1767992400,2026-01-09 21:00:00,2026-01-09 22:00:00,karup,-1.75,0.0,9.3,0.0,1003.69,67.0,100.0
1767996000,2026-01-09 22:00:00,2026-01-09 23:00:00,karup,-1.7,0.0,8.65,0.0,1004.19,68.0,100.0
1767999600,2026-01-09 23:00:00,2026-01-10 00:00:00,karup,-1.7,0.0,8.45,0.0,1004.54,67.5,100.0
1768003200,2026-01-10 00:00:00,2026-01-10 01:00:00,karup,-1.95,0.0,8.15,0.0,1005.02,67.5,100.0
1768006800,2026-01-10 01:00:00,2026-01-10 02:00:00,karup,-2.15,0.0,7.65,0.0,1005.5,67.5,96.6667
1768010400,2026-01-10 02:00:00,2026-01-10 03:00:00,karup,-2.25,0.0,7.0,0.0,1006.16,67.5,90.0
1768014000,2026-01-10 03:00:00,2026-01-10 04:00:00,karup,-2.25,0.0,6.85,0.0,1007.08,67.0,95.0
1768017600,2026-01-10 04:00:00,2026-01-10 05:00:00,karup,-1.95,0.0,6.25,0.0,1007.86,66.5,100.0
1768021200,2026-01-10 05:00:00,2026-01-10 06:00:00,karup,-2.15,0.0,6.8,0.0,1008.46,66.0,91.6667
1768024800,2026-01-10 06:00:00,2026-01-10 07:00:00,karup,-2.25,0.0,6.2,0.0,1009.11,69.0,95.0
1768028400,2026-01-10 07:00:00,2026-01-10 08:00:00,karup,-2.1,0.0,5.5,0.0,1009.95,72.5,95.0
1768032000,2026-01-10 08:00:00,2026-01-10 09:00:00,karup,-2.1,1.0,5.4,0.0,1010.83,74.0,71.6667
1768035600,2026-01-10 09:00:00,2026-01-10 10:00:00,karup,-2.8,38.0,4.05,0.0,1011.88,76.0,18.3333
1768039200,2026-01-10 10:00:00,2026-01-10 11:00:00,karup,-3.1,115.0,4.0,0.0,1012.33,77.0,0.0
1768042800,2026-01-10 11:00:00,2026-01-10 12:00:00,karup,-2.7,174.0,3.9,0.0,1012.77,74.0,0.0
1768046400,2026-01-10 12:00:00,2026-01-10 13:00:00,karup,-2.45,199.0,3.9,0.0,1013.09,66.0,0.0
1768050000,2026-01-10 13:00:00,2026-01-10 14:00:00,karup,-2.7,177.0,3.2,0.0,1013.72,63.5,0.0
1768053600,2026-01-10 14:00:00,2026-01-10 15:00:00,karup,-3.2,117.0,3.2,0.0,1014.25,64.5,0.0
1768057200,2026-01-10 15:00:00,2026-01-10 16:00:00,karup,-4.0,38.0,2.7,0.0,1014.97,69.0,0.0
1768060800,2026-01-10 16:00:00,2026-01-10 17:00:00,karup,-6.4,1.0,2.6,0.1,1015.5,78.5,0.0
1768064400,2026-01-10 17:00:00,2026-01-10 18:00:00,karup,-7.75,0.0,2.0,0.0,1015.81,86.0,0.0
1768068000,2026-01-10 18:00:00,2026-01-10 19:00:00,karup,-9.55,0.0,1.8,0.0,1016.25,91.5,0.0
1768071600,2026-01-10 19:00:00,2026-01-10 20:00:00,karup,-10.05,0.0,1.35,0.0,1016.67,93.0,56.6667
1768075200,2026-01-10 20:00:00,2026-01-10 21:00:00,karup,-10.35,0.0,1.4,0.0,1017.05,93.0,100.0
1768078800,2026-01-10 21:00:00,2026-01-10 22:00:00,karup,-10.4,0.0,1.75,0.0,1017.17,90.5,91.6667
1768082400,2026-01-10 22:00:00,2026-01-10 23:00:00,karup,-12.85,0.0,0.75,0.0,1017.66,90.5,100.0
1768086000,2026-01-10 23:00:00,2026-01-11 00:00:00,karup,-13.1,0.0,1.1,0.0,1017.53,90.0,98.0
1768089600,2026-01-11 00:00:00,2026-01-11 01:00:00,karup,-14.4,0.0,0.65,0.0,1017.71,89.5,54.0
1768093200,2026-01-11 01:00:00,2026-01-11 02:00:00,karup,-14.6,0.0,0.45,0.0,1017.74,89.0,0.0
1768096800,2026-01-11 02:00:00,2026-01-11 03:00:00,karup,-17.2,0.0,0.3,0.0,1018.07,86.0,90.0
1768100400,2026-01-11 03:00:00,2026-01-11 04:00:00,karup,-17.7,0.0,0.2,0.0,1017.95,86.0,74.0
1768104000,2026-01-11 04:00:00,2026-01-11 05:00:00,karup,-16.85,0.0,0.4,0.0,1017.76,86.0,19.1667
1768107600,2026-01-11 05:00:00,2026-01-11 06:00:00,karup,-17.1,0.0,0.45,0.0,1017.65,86.5,2.5
1768111200,2026-01-11 06:00:00,2026-01-11 07:00:00,karup,-17.8,0.0,0.3,0.0,1017.58,85.0,0.0
1768114800,2026-01-11 07:00:00,2026-01-11 08:00:00,karup,-18.0,0.0,0.35,0.0,1017.63,84.5,0.0
1768118400,2026-01-11 08:00:00,2026-01-11 09:00:00,karup,-18.25,2.0,0.35,0.0,1017.9,84.0,0.0
1768122000,2026-01-11 09:00:00,2026-01-11 10:00:00,karup,-17.05,48.0,0.35,0.0,1018.32,83.5,0.0
1768125600,2026-01-11 10:00:00,2026-01-11 11:00:00,karup,-14.6,122.0,0.3,0.0,1017.9,85.0,0.0
1768129200,2026-01-11 11:00:00,2026-01-11 12:00:00,karup,-11.1,160.0,0.75,0.0,1017.23,88.0,43.3333
1768132800,2026-01-11 12:00:00,2026-01-11 13:00:00,karup,-8.85,150.0,0.7,0.0,1016.77,90.5,35.0
1768136400,2026-01-11 13:00:00,2026-01-11 14:00:00,karup,-7.8,122.0,0.65,0.0,1016.91,91.0,7.5
1768140000,2026-01-11 14:00:00,2026-01-11 15:00:00,karup,-7.85,77.0,0.6,0.0,1016.19,90.0,0.0
1768143600,2026-01-11 15:00:00,2026-01-11 16:00:00,karup,-8.35,28.0,1.25,0.0,1015.73,90.5,60.8333
1768147200,2026-01-11 16:00:00,2026-01-11 17:00:00,karup,-9.55,1.0,1.8,0.0,1015.2,91.0,37.5
1768150800,2026-01-11 17:00:00,2026-01-11 18:00:00,karup,-8.95,0.0,2.0,0.0,1014.6,92.5,82.5
1768154400,2026-01-11 18:00:00,2026-01-11 19:00:00,karup,-8.05,0.0,2.6,0.0,1013.9,93.0,71.6667
1768158000,2026-01-11 19:00:00,2026-01-11 20:00:00,karup,-7.65,0.0,2.9,0.0,1013.5,93.5,93.3333
1768161600,2026-01-11 20:00:00,2026-01-11 21:00:00,karup,-7.4,0.0,2.8,0.0,1012.99,93.5,100.0
1768165200,2026-01-11 21:00:00,2026-01-11 22:00:00,karup,-5.95,0.0,3.25,0.0,1012.22,93.0,100.0
1768168800,2026-01-11 22:00:00,2026-01-11 23:00:00,karup,-4.95,0.0,4.65,0.0,1011.21,92.0,100.0
1768172400,2026-01-11 23:00:00,2026-01-12 00:00:00,karup,-4.25,0.0,4.6,0.0,1010.22,89.0,100.0
1768176000,2026-01-12 00:00:00,2026-01-12 01:00:00,karup,-3.7,0.0,5.35,0.05,1009.21,86.0,100.0
1768179600,2026-01-12 01:00:00,2026-01-12 02:00:00,karup,-3.3,0.0,5.35,0.0,1008.07,82.5,100.0
1768183200,2026-01-12 02:00:00,2026-01-12 03:00:00,karup,-2.85,0.0,5.85,0.0,1006.93,77.0,100.0
1768186800,2026-01-12 03:00:00,2026-01-12 04:00:00,karup,-2.5,0.0,6.5,0.0,1005.87,72.0,100.0
1768190400,2026-01-12 04:00:00,2026-01-12 05:00:00,karup,-2.2,0.0,6.75,0.0,1004.92,65.5,100.0
1768194000,2026-01-12 05:00:00,2026-01-12 06:00:00,karup,-1.85,0.0,6.7,0.0,1004.44,60.5,100.0
1768197600,2026-01-12 06:00:00,2026-01-12 07:00:00,karup,-1.6,0.0,5.95,0.0,1003.81,55.0,100.0
1768201200,2026-01-12 07:00:00,2026-01-12 08:00:00,karup,-1.55,0.0,5.7,0.0,1003.24,55.5,100.0
1768204800,2026-01-12 08:00:00,2026-01-12 09:00:00,karup,-1.25,0.0,6.5,0.0,1002.78,63.5,100.0
1768208400,2026-01-12 09:00:00,2026-01-12 10:00:00,karup,-1.0,13.0,7.15,0.0,1002.34,71.0,100.0
1768212000,2026-01-12 10:00:00,2026-01-12 11:00:00,karup,-0.65,36.0,6.9,0.0,1001.92,66.0,100.0
1768215600,2026-01-12 11:00:00,2026-01-12 12:00:00,karup,-1.25,54.0,7.5,0.0,1001.26,74.0,100.0
1768219200,2026-01-12 12:00:00,2026-01-12 13:00:00,karup,-1.95,64.0,6.6,0.1,1000.87,86.5,100.0
1768222800,2026-01-12 13:00:00,2026-01-12 14:00:00,karup,-1.85,62.0,6.0,0.05,1000.27,87.5,100.0
1768226400,2026-01-12 14:00:00,2026-01-12 15:00:00,karup,-1.5,41.0,6.15,0.0,999.933,89.0,100.0
1768230000,2026-01-12 15:00:00,2026-01-12 16:00:00,karup,-1.45,14.0,6.0,0.1,1000.01,93.5,100.0
1768233600,2026-01-12 16:00:00,2026-01-12 17:00:00,karup,-1.25,0.0,5.4,0.15,999.492,95.0,100.0
1768237200,2026-01-12 17:00:00,2026-01-12 18:00:00,karup,-1.15,0.0,5.25,0.1,998.792,95.5,100.0
1768240800,2026-01-12 18:00:00,2026-01-12 19:00:00,karup,-0.95,0.0,5.2,0.1,998.6,97.0,100.0
1768244400,2026-01-12 19:00:00,2026-01-12 20:00:00,karup,-0.65,0.0,5.2,0.05,998.392,98.0,100.0
1768248000,2026-01-12 20:00:00,2026-01-12 21:00:00,karup,-0.45,0.0,5.65,0.15,998.317,98.5,100.0
1768251600,2026-01-12 21:00:00,2026-01-12 22:00:00,karup,-0.2,0.0,5.55,0.3,998.342,98.5,100.0
1768255200,2026-01-12 22:00:00,2026-01-12 23:00:00,karup,0.05,0.0,4.8,1.7,998.2,98.0,100.0
1768258800,2026-01-12 23:00:00,2026-01-13 00:00:00,karup,0.25,0.0,4.5,1.85,998.075,98.0,100.0
1768262400,2026-01-13 00:00:00,2026-01-13 01:00:00,karup,0.35,0.0,4.05,0.7,998.092,98.0,100.0
1768266000,2026-01-13 01:00:00,2026-01-13 02:00:00,karup,0.55,0.0,3.4,0.6,998.1,98.0,100.0
1768269600,2026-01-13 02:00:00,2026-01-13 03:00:00,karup,0.65,0.0,3.3,0.4,998.117,99.0,83.3333
1768273200,2026-01-13 03:00:00,2026-01-13 04:00:00,karup,0.8,0.0,3.5,0.6,998.175,100.0,100.0
1768276800,2026-01-13 04:00:00,2026-01-13 05:00:00,karup,0.9,0.0,3.15,1.2,998.083,100.0,100.0
1768280400,2026-01-13 05:00:00,2026-01-13 06:00:00,karup,1.05,0.0,3.6,0.9,998.225,100.0,83.3333
1768284000,2026-01-13 06:00:00,2026-01-13 07:00:00,karup,1.4,0.0,3.45,0.4,998.433,100.0,83.3333
1768287600,2026-01-13 07:00:00,2026-01-13 08:00:00,karup,1.8,0.0,3.2,0.35,998.775,100.0,0.0
1768291200,2026-01-13 08:00:00,2026-01-13 09:00:00,karup,2.15,0.0,3.1,0.15,999.608,100.0,0.0
1768294800,2026-01-13 09:00:00,2026-01-13 10:00:00,karup,2.5,10.0,3.2,0.15,999.842,100.0,0.0
1768298400,2026-01-13 10:00:00,2026-01-13 11:00:00,karup,2.8,40.0,3.2,0.15,999.683,100.0,0.0
1768302000,2026-01-13 11:00:00,2026-01-13 12:00:00,karup,3.05,53.0,3.25,0.2,999.558,100.0,0.0
1768305600,2026-01-13 12:00:00,2026-01-13 13:00:00,karup,3.35,75.0,3.6,0.15,999.533,100.0,0.0
1768309200,2026-01-13 13:00:00,2026-01-13 14:00:00,karup,3.65,56.0,3.35,0.1,999.692,100.0,0.0
1768312800,2026-01-13 14:00:00,2026-01-13 15:00:00,karup,3.8,35.0,3.6,0.2,999.725,100.0,0.0
1768316400,2026-01-13 15:00:00,2026-01-13 16:00:00,karup,3.75,11.0,2.85,0.1,999.633,100.0,0.0
1768320000,2026-01-13 16:00:00,2026-01-13 17:00:00,karup,3.8,0.0,3.2,0.1,999.583,100.0,0.0
1768323600,2026-01-13 17:00:00,2026-01-13 18:00:00,karup,3.75,0.0,3.35,0.2,999.375,100.0,0.0
1768327200,2026-01-13 18:00:00,2026-01-13 19:00:00,karup,3.7,0.0,3.6,0.1,998.975,100.0,0.0
1768330800,2026-01-13 19:00:00,2026-01-13 20:00:00,karup,3.3,0.0,3.95,0.2,998.333,100.0,33.3333
1768334400,2026-01-13 20:00:00,2026-01-13 21:00:00,karup,3.4,0.0,4.5,0.5,997.667,100.0,100.0
1768338000,2026-01-13 21:00:00,2026-01-13 22:00:00,karup,3.55,0.0,4.45,0.95,997.092,100.0,100.0
1768341600,2026-01-13 22:00:00,2026-01-13 23:00:00,karup,3.7,0.0,4.75,0.8,996.575,100.0,100.0
1768345200,2026-01-13 23:00:00,2026-01-14 00:00:00,karup,3.8,0.0,4.4,1.0,995.867,100.0,100.0
1768348800,2026-01-14 00:00:00,2026-01-14 01:00:00,karup,3.75,0.0,4.15,0.85,995.15,100.0,100.0
1768352400,2026-01-14 01:00:00,2026-01-14 02:00:00,karup,3.9,0.0,3.65,0.35,995.0,100.0,100.0
1768356000,2026-01-14 02:00:00,2026-01-14 03:00:00,karup,3.85,0.0,3.35,0.25,994.825,100.0,100.0
1768359600,2026-01-14 03:00:00,2026-01-14 04:00:00,karup,3.75,0.0,2.95,0.15,995.217,100.0,50.0
1768363200,2026-01-14 04:00:00,2026-01-14 05:00:00,karup,3.95,0.0,3.25,0.2,995.683,100.0,95.0
1768366800,2026-01-14 05:00:00,2026-01-14 06:00:00,karup,3.8,0.0,2.8,0.15,996.133,100.0,90.0
1768370400,2026-01-14 06:00:00,2026-01-14 07:00:00,karup,3.5,0.0,2.85,0.0,996.783,100.0,77.5
1768374000,2026-01-14 07:00:00,2026-01-14 08:00:00,karup,3.15,0.0,2.8,0.1,997.633,100.0,18.3333
1768377600,2026-01-14 08:00:00,2026-01-14 09:00:00,karup,2.55,0.0,3.0,0.15,998.458,100.0,6.66667
1768381200,2026-01-14 09:00:00,2026-01-14 10:00:00,karup,2.2,29.0,2.95,0.05,999.308,100.0,39.1667
1768384800,2026-01-14 10:00:00,2026-01-14 11:00:00,karup,2.9,79.0,3.35,0.0,999.933,98.0,36.6667
1768388400,2026-01-14 11:00:00,2026-01-14 12:00:00,karup,3.7,152.0,3.3,0.0,1000.35,91.5,35.0
1768392000,2026-01-14 12:00:00,2026-01-14 13:00:00,karup,4.45,166.0,3.9,0.0,1000.71,86.5,47.5
1768395600,2026-01-14 13:00:00,2026-01-14 14:00:00,karup,4.75,144.0,3.55,0.05,1001.21,85.0,22.5
1768399200,2026-01-14 14:00:00,2026-01-14 15:00:00,karup,4.8,113.0,3.6,0.0,1001.71,84.5,35.0
1768402800,2026-01-14 15:00:00,2026-01-14 16:00:00,karup,4.15,40.0,3.2,0.0,1002.28,87.0,15.8333
1768406400,2026-01-14 16:00:00,2026-01-14 17:00:00,karup,3.3,2.0,3.4,0.1,1002.92,90.5,18.3333
1768410000,2026-01-14 17:00:00,2026-01-14 18:00:00,karup,2.6,0.0,2.85,0.0,1003.3,93.0,14.1667
1768413600,2026-01-14 18:00:00,2026-01-14 19:00:00,karup,1.8,0.0,2.75,0.0,1003.42,96.0,50.0
1768417200,2026-01-14 19:00:00,2026-01-14 20:00:00,karup,1.3,0.0,2.8,0.05,1003.71,97.5,8.33333
1768420800,2026-01-14 20:00:00,2026-01-14 21:00:00,karup,0.85,0.0,2.8,0.0,1003.92,98.5,0.0
1768424400,2026-01-14 21:00:00,2026-01-14 22:00:00,karup,0.65,0.0,3.0,0.0,1004.46,98.0,8.33333
1768428000,2026-01-14 22:00:00,2026-01-14 23:00:00,karup,0.65,0.0,2.75,0.0,1004.66,98.5,85.0
1768431600,2026-01-14 23:00:00,2026-01-15 00:00:00,karup,1.05,0.0,2.55,0.0,1004.63,98.5,90.0
1768435200,2026-01-15 00:00:00,2026-01-15 01:00:00,karup,1.5,0.0,2.45,0.05,1004.4,98.0,90.0
1768438800,2026-01-15 01:00:00,2026-01-15 02:00:00,karup,1.75,0.0,2.65,0.0,1004.08,98.0,93.3333
1768442400,2026-01-15 02:00:00,2026-01-15 03:00:00,karup,1.85,0.0,2.8,0.05,1003.92,98.5,91.6667
1768446000,2026-01-15 03:00:00,2026-01-15 04:00:00,karup,1.9,0.0,3.15,0.0,1003.56,98.5,100.0
1768449600,2026-01-15 04:00:00,2026-01-15 05:00:00,karup,1.6,0.0,3.9,0.1,1003.2,99.0,100.0
1768453200,2026-01-15 05:00:00,2026-01-15 06:00:00,karup,1.6,0.0,4.45,0.05,1002.48,99.0,100.0
1768456800,2026-01-15 06:00:00,2026-01-15 07:00:00,karup,1.45,0.0,4.45,0.05,1001.83,98.0,95.0
1768460400,2026-01-15 07:00:00,2026-01-15 08:00:00,karup,1.45,0.0,4.65,0.0,1000.99,97.0,95.0
1768464000,2026-01-15 08:00:00,2026-01-15 09:00:00,karup,1.7,0.0,5.45,0.0,1000.67,95.5,100.0
1768467600,2026-01-15 09:00:00,2026-01-15 10:00:00,karup,2.05,14.0,5.55,0.0,1000.25,96.0,100.0
1768471200,2026-01-15 10:00:00,2026-01-15 11:00:00,karup,2.5,14.0,5.35,0.2,1000.12,98.5,100.0
1768474800,2026-01-15 11:00:00,2026-01-15 12:00:00,karup,3.25,14.0,5.55,0.55,1000.12,99.5,100.0
1768478400,2026-01-15 12:00:00,2026-01-15 13:00:00,karup,3.8,15.0,4.75,0.3,999.942,99.5,100.0
1768482000,2026-01-15 13:00:00,2026-01-15 14:00:00,karup,4.4,28.0,4.8,0.25,1000.21,99.5,100.0
1768485600,2026-01-15 14:00:00,2026-01-15 15:00:00,karup,4.55,9.0,4.05,0.05,1000.62,99.5,83.3333
1768489200,2026-01-15 15:00:00,2026-01-15 16:00:00,karup,4.65,3.0,3.2,0.0,1000.44,100.0,0.0
1768492800,2026-01-15 16:00:00,2026-01-15 17:00:00,karup,4.7,0.0,3.3,0.0,1000.62,100.0,0.0
1768496400,2026-01-15 17:00:00,2026-01-15 18:00:00,karup,4.7,0.0,3.5,0.0,1001.15,100.0,0.0
1768500000,2026-01-15 18:00:00,2026-01-15 19:00:00,karup,4.6,0.0,3.4,0.0,1001.36,100.0,0.0
1768503600,2026-01-15 19:00:00,2026-01-15 20:00:00,karup,4.4,0.0,3.6,0.0,1001.43,100.0,0.0
1768507200,2026-01-15 20:00:00,2026-01-15 21:00:00,karup,4.45,0.0,3.7,0.05,1001.25,100.0,50.0
1768510800,2026-01-15 21:00:00,2026-01-15 22:00:00,karup,4.65,0.0,3.8,0.15,1000.87,100.0,100.0
1768514400,2026-01-15 22:00:00,2026-01-15 23:00:00,karup,5.1,0.0,4.15,0.85,1000.54,100.0,100.0
1768518000,2026-01-15 23:00:00,2026-01-16 00:00:00,karup,5.6,0.0,4.7,0.2,1000.33,100.0,100.0
1768521600,2026-01-16 00:00:00,2026-01-16 01:00:00,karup,5.95,0.0,4.95,0.15,1000.22,100.0,100.0
1768525200,2026-01-16 01:00:00,2026-01-16 02:00:00,karup,6.05,0.0,4.55,0.05,1000.14,99.5,100.0
1768528800,2026-01-16 02:00:00,2026-01-16 03:00:00,karup,6.1,0.0,4.7,0.1,999.858,99.0,96.6667
1768532400,2026-01-16 03:00:00,2026-01-16 04:00:00,karup,5.9,0.0,5.0,0.1,999.358,97.5,90.0
1768536000,2026-01-16 04:00:00,2026-01-16 05:00:00,karup,5.8,0.0,5.25,0.15,998.883,96.0,93.3333
1768539600,2026-01-16 05:00:00,2026-01-16 06:00:00,karup,5.7,0.0,5.35,0.0,998.875,95.5,93.3333
1768543200,2026-01-16 06:00:00,2026-01-16 07:00:00,karup,5.55,0.0,5.5,0.15,998.542,95.5,91.6667
1768546800,2026-01-16 07:00:00,2026-01-16 08:00:00,karup,5.6,0.0,5.85,0.05,998.783,94.5,100.0
1768550400,2026-01-16 08:00:00,2026-01-16 09:00:00,karup,5.65,0.0,5.9,0.1,999.125,93.5,100.0
1768554000,2026-01-16 09:00:00,2026-01-16 10:00:00,karup,6.1,11.0,5.7,0.05,999.683,92.0,100.0
1768557600,2026-01-16 10:00:00,2026-01-16 11:00:00,karup,6.7,16.0,6.0,0.05,1000.49,92.0,100.0
1768561200,2026-01-16 11:00:00,2026-01-16 12:00:00,karup,6.85,14.0,6.25,0.15,1001.38,95.0,100.0
1768564800,2026-01-16 12:00:00,2026-01-16 13:00:00,karup,6.85,38.0,8.15,0.05,1002.42,88.0,100.0
1768568400,2026-01-16 13:00:00,2026-01-16 14:00:00,karup,6.15,38.0,6.35,0.05,1003.41,92.0,100.0
1768572000,2026-01-16 14:00:00,2026-01-16 15:00:00,karup,5.9,34.0,6.1,0.05,1004.78,96.0,100.0
1768575600,2026-01-16 15:00:00,2026-01-16 16:00:00,karup,6.15,12.0,5.65,0.05,1006.34,92.0,100.0
1768579200,2026-01-16 16:00:00,2026-01-16 17:00:00,karup,6.1,2.0,4.5,0.05,1007.69,88.5,95.8333
1768582800,2026-01-16 17:00:00,2026-01-16 18:00:00,karup,5.3,0.0,3.0,0.0,1008.62,90.5,8.33333
1768586400,2026-01-16 18:00:00,2026-01-16 19:00:00,karup,4.4,0.0,2.6,0.0,1009.86,92.5,0.0
1768590000,2026-01-16 19:00:00,2026-01-16 20:00:00,karup,4.3,0.0,2.95,0.0,1010.78,94.0,41.6667
1768593600,2026-01-16 20:00:00,2026-01-16 21:00:00,karup,4.35,0.0,2.7,0.0,1011.61,96.0,24.1667
1768597200,2026-01-16 21:00:00,2026-01-16 22:00:00,karup,3.85,0.0,1.5,0.0,1012.61,97.5,73.3333
1768600800,2026-01-16 22:00:00,2026-01-16 23:00:00,karup,3.7,0.0,1.7,0.0,1013.23,99.0,98.3333
1768604400,2026-01-16 23:00:00,2026-01-17 00:00:00,karup,3.95,0.0,1.7,0.0,1013.72,99.0,95.0
1768608000,2026-01-17 00:00:00,2026-01-17 01:00:00,karup,3.75,0.0,1.75,0.0,1013.96,99.0,91.6667
1768611600,2026-01-17 01:00:00,2026-01-17 02:00:00,karup,3.55,0.0,1.6,0.0,1014.2,99.5,90.0
1768615200,2026-01-17 02:00:00,2026-01-17 03:00:00,karup,3.3,0.0,1.8,0.0,1014.43,100.0,91.6667
1768618800,2026-01-17 03:00:00,2026-01-17 04:00:00,karup,2.5,0.0,1.75,0.0,1014.58,100.0,96.6667
1768622400,2026-01-17 04:00:00,2026-01-17 05:00:00,karup,2.65,0.0,1.9,0.0,1014.78,100.0,100.0
1768626000,2026-01-17 05:00:00,2026-01-17 06:00:00,karup,3.3,0.0,2.85,0.0,1014.96,98.0,100.0
1768629600,2026-01-17 06:00:00,2026-01-17 07:00:00,karup,3.7,0.0,3.5,0.1,1015.35,97.0,100.0
1768633200,2026-01-17 07:00:00,2026-01-17 08:00:00,karup,4.0,0.0,3.05,0.45,1015.48,97.5,100.0
1768636800,2026-01-17 08:00:00,2026-01-17 09:00:00,karup,4.05,1.0,3.2,0.35,1016.03,97.5,100.0
1768640400,2026-01-17 09:00:00,2026-01-17 10:00:00,karup,4.25,17.0,3.1,0.05,1016.35,96.5,90.0
1768644000,2026-01-17 10:00:00,2026-01-17 11:00:00,karup,4.3,63.0,4.15,0.1,1016.65,96.0,93.3333
1768647600,2026-01-17 11:00:00,2026-01-17 12:00:00,karup,4.7,104.0,4.0,0.0,1016.93,96.0,95.0
1768651200,2026-01-17 12:00:00,2026-01-17 13:00:00,karup,4.55,89.0,3.7,0.0,1017.19,96.0,100.0
1768654800,2026-01-17 13:00:00,2026-01-17 14:00:00,karup,4.1,62.0,3.8,0.05,1017.48,96.0,100.0
1768658400,2026-01-17 14:00:00,2026-01-17 15:00:00,karup,3.4,38.0,4.1,0.0,1017.74,97.0,100.0
1768662000,2026-01-17 15:00:00,2026-01-17 16:00:00,karup,3.0,17.0,4.15,0.0,1018.33,97.5,100.0
1768665600,2026-01-17 16:00:00,2026-01-17 17:00:00,karup,2.35,1.0,4.3,0.0,1018.97,99.0,100.0
1768669200,2026-01-17 17:00:00,2026-01-17 18:00:00,karup,1.9,0.0,4.5,0.0,1019.38,99.5,100.0
1768672800,2026-01-17 18:00:00,2026-01-17 19:00:00,karup,1.65,0.0,4.55,0.0,1019.5,99.5,100.0
1768676400,2026-01-17 19:00:00,2026-01-17 20:00:00,karup,1.5,0.0,5.45,0.0,1019.92,100.0,100.0
1768680000,2026-01-17 20:00:00,2026-01-17 21:00:00,karup,1.35,0.0,5.3,0.0,1020.41,100.0,83.3333
1768683600,2026-01-17 21:00:00,2026-01-17 22:00:00,karup,1.25,0.0,5.55,0.0,1020.53,100.0,100.0
1768687200,2026-01-17 22:00:00,2026-01-17 23:00:00,karup,1.15,0.0,5.65,0.0,1020.72,100.0,100.0
1768690800,2026-01-17 23:00:00,2026-01-18 00:00:00,karup,1.1,0.0,5.25,0.0,1021.08,100.0,100.0
1768694400,2026-01-18 00:00:00,2026-01-18 01:00:00,karup,1.05,0.0,5.1,0.0,1020.88,100.0,100.0
1768698000,2026-01-18 01:00:00,2026-01-18 02:00:00,karup,1.1,0.0,4.7,0.0,1021.26,100.0,100.0
1768701600,2026-01-18 02:00:00,2026-01-18 03:00:00,karup,1.35,0.0,2.5,0.0,1021.0,100.0,100.0
1768705200,2026-01-18 03:00:00,2026-01-18 04:00:00,karup,1.6,0.0,3.5,0.0,1020.33,100.0,100.0
1768708800,2026-01-18 04:00:00,2026-01-18 05:00:00,karup,1.95,0.0,4.75,0.05,1020.12,100.0,100.0
1768712400,2026-01-18 05:00:00,2026-01-18 06:00:00,karup,2.15,0.0,4.35,0.0,1020.22,100.0,100.0
1768716000,2026-01-18 06:00:00,2026-01-18 07:00:00,karup,2.35,0.0,3.65,0.0,1020.42,99.5,100.0
1768719600,2026-01-18 07:00:00,2026-01-18 08:00:00,karup,2.4,0.0,3.9,0.05,1020.68,99.5,100.0
1768723200,2026-01-18 08:00:00,2026-01-18 09:00:00,karup,2.3,0.0,4.5,0.0,1020.81,99.0,100.0
1768726800,2026-01-18 09:00:00,2026-01-18 10:00:00,karup,2.1,2.0,4.05,0.0,1020.38,98.5,100.0
1768730400,2026-01-18 10:00:00,2026-01-18 11:00:00,karup,2.2,6.0,4.2,0.0,1020.27,98.0,100.0
1768734000,2026-01-18 11:00:00,2026-01-18 12:00:00,karup,2.25,11.0,3.95,0.0,1019.78,98.0,100.0
1768737600,2026-01-18 12:00:00,2026-01-18 13:00:00,karup,2.25,20.0,3.85,0.0,1019.28,97.0,100.0
1768741200,2026-01-18 13:00:00,2026-01-18 14:00:00,karup,2.15,17.0,3.95,0.0,1018.83,95.5,100.0
1768744800,2026-01-18 14:00:00,2026-01-18 15:00:00,karup,1.95,10.0,3.55,0.0,1018.46,95.5,100.0
1768748400,2026-01-18 15:00:00,2026-01-18 16:00:00,karup,1.85,5.0,3.75,0.0,1018.0,96.0,100.0
1768752000,2026-01-18 16:00:00,2026-01-18 17:00:00,karup,1.75,1.0,3.9,0.0,1017.88,95.0,100.0
1768755600,2026-01-18 17:00:00,2026-01-18 18:00:00,karup,1.6,0.0,4.05,0.0,1017.83,94.5,100.0
1768759200,2026-01-18 18:00:00,2026-01-18 19:00:00,karup,1.45,0.0,4.85,0.0,1017.65,94.5,100.0
1768762800,2026-01-18 19:00:00,2026-01-18 20:00:00,karup,1.25,0.0,4.55,0.0,1017.7,95.0,100.0
1768766400,2026-01-18 20:00:00,2026-01-18 21:00:00,karup,1.25,0.0,4.05,0.0,1017.8,95.0,100.0
1768770000,2026-01-18 21:00:00,2026-01-18 22:00:00,karup,1.25,0.0,3.85,0.0,1017.81,94.5,100.0
1768773600,2026-01-18 22:00:00,2026-01-18 23:00:00,karup,1.05,0.0,3.85,0.0,1017.67,94.5,100.0
1768777200,2026-01-18 23:00:00,2026-01-19 00:00:00,karup,1.05,0.0,3.2,0.0,1017.23,94.0,100.0
1768780800,2026-01-19 00:00:00,2026-01-19 01:00:00,karup,1.1,,4.6,0.0,1016.78,93.5,100.0
1768784400,2026-01-19 01:00:00,2026-01-19 02:00:00,karup,1.0,0.0,4.0,0.0,1016.58,92.5,91.6667
1768788000,2026-01-19 02:00:00,2026-01-19 03:00:00,karup,0.35,0.0,2.55,0.0,1016.64,93.5,24.1667
1768791600,2026-01-19 03:00:00,2026-01-19 04:00:00,karup,-0.35,0.0,2.3,0.0,1016.38,94.5,0.0
1768795200,2026-01-19 04:00:00,2026-01-19 05:00:00,karup,-0.9,0.0,2.25,0.0,1016.23,96.0,0.0
1768798800,2026-01-19 05:00:00,2026-01-19 06:00:00,karup,-1.15,0.0,2.5,0.0,1016.2,96.0,0.0
1768802400,2026-01-19 06:00:00,2026-01-19 07:00:00,karup,-1.35,0.0,2.4,0.0,1016.17,96.5,0.0
1768806000,2026-01-19 07:00:00,2026-01-19 08:00:00,karup,-1.45,0.0,2.3,0.0,1016.22,96.5,0.0
1768809600,2026-01-19 08:00:00,2026-01-19 09:00:00,karup,-1.65,2.0,2.55,0.0,1016.5,96.0,0.0
1768813200,2026-01-19 09:00:00,2026-01-19 10:00:00,karup,-1.3,46.0,2.3,0.0,1016.41,93.0,0.0
1768816800,2026-01-19 10:00:00,2026-01-19 11:00:00,karup,-0.05,125.0,3.45,0.0,1016.26,89.5,0.0
1768820400,2026-01-19 11:00:00,2026-01-19 12:00:00,karup,0.95,182.0,3.3,0.0,1015.96,85.5,0.0
1768824000,2026-01-19 12:00:00,2026-01-19 13:00:00,karup,1.55,204.0,3.4,0.0,1015.67,81.5,0.0
1768827600,2026-01-19 13:00:00,2026-01-19 14:00:00,karup,1.8,186.0,3.8,0.0,1015.47,79.5,0.0
1768831200,2026-01-19 14:00:00,2026-01-19 15:00:00,karup,1.75,132.0,3.85,0.0,1015.42,79.5,0.0
1768834800,2026-01-19 15:00:00,2026-01-19 16:00:00,karup,1.25,57.0,3.1,0.0,1015.56,81.5,0.0
1768838400,2026-01-19 16:00:00,2026-01-19 17:00:00,karup,0.15,5.0,2.85,0.0,1015.44,87.5,0.0
1768842000,2026-01-19 17:00:00,2026-01-19 18:00:00,karup,-0.8,0.0,2.75,0.0,1015.22,90.5,0.0
1768845600,2026-01-19 18:00:00,2026-01-19 19:00:00,karup,-1.1,0.0,2.9,0.0,1015.17,90.5,0.0
1768849200,2026-01-19 19:00:00,2026-01-19 20:00:00,karup,-1.35,0.0,2.7,0.0,1015.11,90.0,0.0
1768852800,2026-01-19 20:00:00,2026-01-19 21:00:00,karup,-1.8,0.0,2.3,0.0,1015.13,91.5,0.0
1768856400,2026-01-19 21:00:00,2026-01-19 22:00:00,karup,-2.4,0.0,1.75,0.0,1015.1,93.0,0.0
1768860000,2026-01-19 22:00:00,2026-01-19 23:00:00,karup,-2.6,0.0,2.35,0.0,1015.07,95.0,0.0
1768863600,2026-01-19 23:00:00,2026-01-20 00:00:00,karup,-2.65,0.0,1.9,0.0,1014.97,95.0,0.0
1768867200,2026-01-20 00:00:00,2026-01-20 01:00:00,karup,-2.95,0.0,1.65,0.0,1014.76,95.5,0.0
1768870800,2026-01-20 01:00:00,2026-01-20 02:00:00,karup,-3.2,0.0,1.95,0.0,1014.74,96.5,0.0
1768874400,2026-01-20 02:00:00,2026-01-20 03:00:00,karup,-3.5,0.0,1.55,0.0,1014.62,96.5,0.0
1768878000,2026-01-20 03:00:00,2026-01-20 04:00:00,karup,-3.85,0.0,1.7,0.0,1014.57,97.5,0.0
1768881600,2026-01-20 04:00:00,2026-01-20 05:00:00,karup,-3.85,0.0,1.5,0.0,1014.46,97.5,1.66667
1768885200,2026-01-20 05:00:00,2026-01-20 06:00:00,karup,-4.05,0.0,1.95,0.0,1014.39,98.0,0.0
1768888800,2026-01-20 06:00:00,2026-01-20 07:00:00,karup,-4.55,0.0,1.1,0.0,1014.52,97.5,0.0
1768892400,2026-01-20 07:00:00,2026-01-20 08:00:00,karup,-5.3,0.0,1.0,0.0,1014.64,97.5,5.0
1768896000,2026-01-20 08:00:00,2026-01-20 09:00:00,karup,-5.2,3.0,1.4,0.0,1014.73,97.0,0.0
1768899600,2026-01-20 09:00:00,2026-01-20 10:00:00,karup,-4.1,47.0,1.35,0.0,1014.73,94.5,0.0
1768903200,2026-01-20 10:00:00,2026-01-20 11:00:00,karup,-2.55,120.0,1.4,0.0,1014.78,94.0,0.0
1768906800,2026-01-20 11:00:00,2026-01-20 12:00:00,karup,-0.85,175.0,1.1,0.05,1014.47,92.5,0.0
1768910400,2026-01-20 12:00:00,2026-01-20 13:00:00,karup,0.3,196.0,2.1,0.0,1014.2,88.5,0.0
1768914000,2026-01-20 13:00:00,2026-01-20 14:00:00,karup,1.25,178.0,1.95,0.0,1013.94,84.5,0.0
1768917600,2026-01-20 14:00:00,2026-01-20 15:00:00,karup,1.2,121.0,2.7,0.0,1014.08,83.5,0.0
1768921200,2026-01-20 15:00:00,2026-01-20 16:00:00,karup,0.5,52.0,2.05,0.0,1013.9,89.5,26.6667
1768924800,2026-01-20 16:00:00,2026-01-20 17:00:00,karup,-1.0,5.0,3.05,0.0,1013.4,96.5,0.0
1768928400,2026-01-20 17:00:00,2026-01-20 18:00:00,karup,-1.35,0.0,3.05,0.0,1012.86,100.0,56.6667
1768932000,2026-01-20 18:00:00,2026-01-20 19:00:00,karup,-1.45,0.0,2.75,0.0,1012.37,100.0,4.16667
1768935600,2026-01-20 19:00:00,2026-01-20 20:00:00,karup,-1.2,0.0,3.8,0.0,1011.98,99.5,60.0
1768939200,2026-01-20 20:00:00,2026-01-20 21:00:00,karup,-0.8,0.0,4.95,0.0,1011.74,96.5,100.0
1768942800,2026-01-20 21:00:00,2026-01-20 22:00:00,karup,-0.65,0.0,4.9,0.0,1011.53,93.0,100.0
1768946400,2026-01-20 22:00:00,2026-01-20 23:00:00,karup,-0.75,0.0,5.05,0.0,1010.95,92.5,100.0
1768950000,2026-01-20 23:00:00,2026-01-21 00:00:00,karup,-0.8,0.0,5.15,0.0,1010.7,92.5,100.0
1768953600,2026-01-21 00:00:00,2026-01-21 01:00:00,karup,-0.75,0.0,4.75,0.0,1010.17,92.5,100.0
1768957200,2026-01-21 01:00:00,2026-01-21 02:00:00,karup,-0.85,0.0,5.35,0.0,1009.63,92.5,100.0
1768960800,2026-01-21 02:00:00,2026-01-21 03:00:00,karup,-1.0,0.0,6.0,0.0,1008.89,93.0,100.0
1768964400,2026-01-21 03:00:00,2026-01-21 04:00:00,karup,-1.15,0.0,6.0,0.0,1008.08,93.5,100.0
1768968000,2026-01-21 04:00:00,2026-01-21 05:00:00,karup,-1.0,0.0,6.6,0.0,1007.41,94.0,100.0
1768971600,2026-01-21 05:00:00,2026-01-21 06:00:00,karup,-0.6,0.0,6.85,0.0,1006.91,92.5,100.0
1768975200,2026-01-21 06:00:00,2026-01-21 07:00:00,karup,-0.5,0.0,7.1,0.0,1006.72,90.0,100.0
1768978800,2026-01-21 07:00:00,2026-01-21 08:00:00,karup,-0.55,0.0,7.05,0.0,1006.65,88.0,100.0
1768982400,2026-01-21 08:00:00,2026-01-21 09:00:00,karup,-0.8,1.0,7.4,0.0,1006.42,90.5,100.0
1768986000,2026-01-21 09:00:00,2026-01-21 10:00:00,karup,-0.85,11.0,6.7,0.0,1006.01,91.0,100.0
1768989600,2026-01-21 10:00:00,2026-01-21 11:00:00,karup,-0.75,32.0,7.95,0.0,1005.28,90.5,100.0
1768993200,2026-01-21 11:00:00,2026-01-21 12:00:00,karup,-0.35,61.0,7.6,0.0,1005.14,87.0,100.0
1768996800,2026-01-21 12:00:00,2026-01-21 13:00:00,karup,-0.2,49.0,6.8,0.0,1005.13,83.0,100.0
1769000400,2026-01-21 13:00:00,2026-01-21 14:00:00,karup,-0.1,41.0,6.2,0.0,1004.66,82.0,100.0
1769004000,2026-01-21 14:00:00,2026-01-21 15:00:00,karup,-0.1,21.0,6.55,0.0,1004.17,81.0,100.0
1769007600,2026-01-21 15:00:00,2026-01-21 16:00:00,karup,-0.15,13.0,6.5,0.0,1003.89,80.0,100.0
1769011200,2026-01-21 16:00:00,2026-01-21 17:00:00,karup,-0.45,1.0,7.95,0.0,1003.79,83.0,100.0
1769014800,2026-01-21 17:00:00,2026-01-21 18:00:00,karup,-0.6,0.0,8.05,0.0,1003.62,81.5,100.0
1769018400,2026-01-21 18:00:00,2026-01-21 19:00:00,karup,-0.6,0.0,7.55,0.0,1003.48,80.5,100.0
1769022000,2026-01-21 19:00:00,2026-01-21 20:00:00,karup,-0.55,0.0,6.8,0.0,1003.45,81.5,100.0
1769025600,2026-01-21 20:00:00,2026-01-21 21:00:00,karup,-0.15,0.0,6.05,0.0,1003.34,81.5,100.0
1769029200,2026-01-21 21:00:00,2026-01-21 22:00:00,karup,0.2,0.0,5.85,0.0,1003.22,80.0,100.0
1769032800,2026-01-21 22:00:00,2026-01-21 23:00:00,karup,0.35,0.0,6.0,0.0,1003.12,82.5,100.0
1769036400,2026-01-21 23:00:00,2026-01-22 00:00:00,karup,0.3,0.0,6.1,0.0,1002.91,83.5,100.0
1769040000,2026-01-22 00:00:00,2026-01-22 01:00:00,karup,0.1,0.0,6.4,0.0,1002.67,81.5,100.0
1769043600,2026-01-22 01:00:00,2026-01-22 02:00:00,karup,-0.2,0.0,6.15,0.0,1002.48,81.5,100.0
1769047200,2026-01-22 02:00:00,2026-01-22 03:00:00,karup,-0.25,0.0,6.0,0.0,1002.25,82.0,100.0
1769050800,2026-01-22 03:00:00,2026-01-22 04:00:00,karup,-0.15,0.0,6.55,0.0,1002.06,82.0,100.0
1769054400,2026-01-22 04:00:00,2026-01-22 05:00:00,karup,-0.2,0.0,6.1,0.0,1002.08,82.5,100.0
1769058000,2026-01-22 05:00:00,2026-01-22 06:00:00,karup,-0.3,0.0,5.8,0.0,1002.11,82.0,100.0
1769061600,2026-01-22 06:00:00,2026-01-22 07:00:00,karup,-0.35,0.0,6.25,0.0,1002.18,81.0,100.0
1769065200,2026-01-22 07:00:00,2026-01-22 08:00:00,karup,-0.5,0.0,6.05,0.0,1002.63,78.0,100.0
1769068800,2026-01-22 08:00:00,2026-01-22 09:00:00,karup,-0.8,0.0,6.8,0.0,1002.67,73.0,100.0
1769072400,2026-01-22 09:00:00,2026-01-22 10:00:00,karup,-1.25,3.0,7.1,0.0,1002.42,72.5,100.0
1769076000,2026-01-22 10:00:00,2026-01-22 11:00:00,karup,-1.2,8.0,6.85,0.0,1002.22,73.0,100.0
1769079600,2026-01-22 11:00:00,2026-01-22 12:00:00,karup,-1.25,13.0,6.1,0.0,1002.07,75.5,100.0
1769083200,2026-01-22 12:00:00,2026-01-22 13:00:00,karup,-1.4,15.0,6.05,0.0,1001.94,78.5,100.0
1769086800,2026-01-22 13:00:00,2026-01-22 14:00:00,karup,-1.4,19.0,5.75,0.0,1001.47,80.0,100.0
1769090400,2026-01-22 14:00:00,2026-01-22 15:00:00,karup,-1.3,39.0,6.55,0.0,1001.29,81.0,96.6667
1769094000,2026-01-22 15:00:00,2026-01-22 16:00:00,karup,-1.4,8.0,6.25,0.0,1001.15,82.5,98.3333
1769097600,2026-01-22 16:00:00,2026-01-22 17:00:00,karup,-1.45,1.0,5.75,0.0,1000.85,84.5,100.0
1769101200,2026-01-22 17:00:00,2026-01-22 18:00:00,karup,-1.25,0.0,6.2,0.0,1000.58,84.0,100.0
1769104800,2026-01-22 18:00:00,2026-01-22 19:00:00,karup,-1.05,0.0,6.9,0.0,1000.38,79.5,100.0
1769108400,2026-01-22 19:00:00,2026-01-22 20:00:00,karup,-0.65,0.0,7.4,0.0,1000.29,74.5,100.0
1769112000,2026-01-22 20:00:00,2026-01-22 21:00:00,karup,-0.45,0.0,7.55,0.0,1000.43,74.5,100.0
1769115600,2026-01-22 21:00:00,2026-01-22 22:00:00,karup,-0.45,0.0,7.4,0.0,1000.27,74.5,100.0
1769119200,2026-01-22 22:00:00,2026-01-22 23:00:00,karup,-0.55,0.0,7.4,0.0,1000.08,76.0,100.0
1769122800,2026-01-22 23:00:00,2026-01-23 00:00:00,karup,-0.4,0.0,7.5,0.0,1000.09,77.5,100.0
1769126400,2026-01-23 00:00:00,2026-01-23 01:00:00,karup,-0.3,0.0,7.5,0.0,999.975,79.5,100.0
1769130000,2026-01-23 01:00:00,2026-01-23 02:00:00,karup,-0.05,0.0,7.3,0.0,1000.02,80.0,100.0
1769133600,2026-01-23 02:00:00,2026-01-23 03:00:00,karup,0.15,0.0,6.95,0.0,999.7,79.0,100.0
1769137200,2026-01-23 03:00:00,2026-01-23 04:00:00,karup,0.3,0.0,7.7,0.0,999.542,77.0,100.0
1769140800,2026-01-23 04:00:00,2026-01-23 05:00:00,karup,0.3,0.0,7.2,0.0,999.633,76.0,100.0
1769144400,2026-01-23 05:00:00,2026-01-23 06:00:00,karup,0.3,0.0,7.75,0.0,999.558,74.0,100.0
1769148000,2026-01-23 06:00:00,2026-01-23 07:00:00,karup,0.25,0.0,8.95,0.0,999.808,72.0,100.0
1769151600,2026-01-23 07:00:00,2026-01-23 08:00:00,karup,0.2,0.0,8.15,0.0,1000.5,72.0,100.0
1769155200,2026-01-23 08:00:00,2026-01-23 09:00:00,karup,0.15,0.0,7.8,0.0,1000.9,72.0,100.0
1769158800,2026-01-23 09:00:00,2026-01-23 10:00:00,karup,0.1,9.0,7.4,0.0,1001.06,72.5,100.0
1769162400,2026-01-23 10:00:00,2026-01-23 11:00:00,karup,0.05,38.0,8.1,0.0,1001.42,71.0,100.0
1769166000,2026-01-23 11:00:00,2026-01-23 12:00:00,karup,-0.05,47.0,8.1,0.0,1001.37,71.5,100.0
1769169600,2026-01-23 12:00:00,2026-01-23 13:00:00,karup,-0.3,44.0,8.0,0.0,1001.42,73.0,100.0
1769173200,2026-01-23 13:00:00,2026-01-23 14:00:00,karup,-0.6,63.0,8.95,0.0,1001.42,73.5,100.0
1769176800,2026-01-23 14:00:00,2026-01-23 15:00:00,karup,-0.75,34.0,8.8,0.0,1001.68,74.0,100.0
1769180400,2026-01-23 15:00:00,2026-01-23 16:00:00,karup,-0.8,16.0,8.6,0.0,1001.88,73.5,100.0
1769184000,2026-01-23 16:00:00,2026-01-23 17:00:00,karup,-0.8,3.0,7.9,0.0,1002.11,73.5,100.0
1769187600,2026-01-23 17:00:00,2026-01-23 18:00:00,karup,-0.85,0.0,8.05,0.0,1002.28,74.0,100.0
1769191200,2026-01-23 18:00:00,2026-01-23 19:00:00,karup,-0.85,0.0,8.5,0.0,1002.42,74.5,100.0
1769194800,2026-01-23 19:00:00,2026-01-23 20:00:00,karup,-0.85,0.0,9.2,0.0,1002.67,74.5,100.0
1769198400,2026-01-23 20:00:00,2026-01-23 21:00:00,karup,-1.0,0.0,9.3,0.0,1003.22,74.5,100.0
1769202000,2026-01-23 21:00:00,2026-01-23 22:00:00,karup,-1.05,0.0,9.2,0.0,1003.65,75.0,100.0
1769205600,2026-01-23 22:00:00,2026-01-23 23:00:00,karup,-1.1,0.0,8.9,0.0,1003.78,74.5,100.0
1769209200,2026-01-23 23:00:00,2026-01-24 00:00:00,karup,-1.05,0.0,8.95,0.0,1003.72,73.0,100.0
1769212800,2026-01-24 00:00:00,2026-01-24 01:00:00,karup,-1.0,0.0,7.85,0.0,1003.82,73.0,100.0
1769216400,2026-01-24 01:00:00,2026-01-24 02:00:00,karup,-0.85,0.0,7.3,0.0,1003.92,73.0,100.0
1769220000,2026-01-24 02:00:00,2026-01-24 03:00:00,karup,-0.7,0.0,6.8,0.0,1003.98,72.0,100.0
1769223600,2026-01-24 03:00:00,2026-01-24 04:00:00,karup,-0.75,0.0,6.7,0.0,1003.87,72.5,100.0
1769227200,2026-01-24 04:00:00,2026-01-24 05:00:00,karup,-0.8,0.0,6.7,0.0,1003.86,72.0,100.0
1769230800,2026-01-24 05:00:00,2026-01-24 06:00:00,karup,-0.95,0.0,6.05,0.0,1003.8,74.5,100.0
1769234400,2026-01-24 06:00:00,2026-01-24 07:00:00,karup,-1.05,0.0,6.05,0.0,1003.93,77.5,100.0
1769238000,2026-01-24 07:00:00,2026-01-24 08:00:00,karup,-1.1,0.0,5.8,0.0,1004.14,81.5,100.0
1769241600,2026-01-24 08:00:00,2026-01-24 09:00:00,karup,-1.05,0.0,5.7,0.0,1004.42,84.0,100.0
1769245200,2026-01-24 09:00:00,2026-01-24 10:00:00,karup,-0.8,10.0,5.5,0.0,1004.27,83.0,100.0
1769248800,2026-01-24 10:00:00,2026-01-24 11:00:00,karup,-0.5,28.0,5.65,0.0,1004.33,80.0,100.0
1769252400,2026-01-24 11:00:00,2026-01-24 12:00:00,karup,-0.35,48.0,5.4,0.0,1004.17,81.0,100.0
1769256000,2026-01-24 12:00:00,2026-01-24 13:00:00,karup,-0.05,28.0,5.3,0.0,1003.91,81.0,100.0
1769259600,2026-01-24 13:00:00,2026-01-24 14:00:00,karup,0.1,28.0,5.3,0.0,1003.72,81.5,100.0
1769263200,2026-01-24 14:00:00,2026-01-24 15:00:00,karup,0.15,10.0,5.3,0.0,1003.69,83.0,100.0
1769266800,2026-01-24 15:00:00,2026-01-24 16:00:00,karup,0.25,4.0,5.4,0.0,1003.6,84.5,100.0
1769270400,2026-01-24 16:00:00,2026-01-24 17:00:00,karup,0.3,0.0,5.45,0.0,1003.53,85.0,100.0
1769274000,2026-01-24 17:00:00,2026-01-24 18:00:00,karup,0.4,0.0,5.75,0.0,1003.67,84.5,100.0
1769277600,2026-01-24 18:00:00,2026-01-24 19:00:00,karup,0.5,,5.1,0.0,1003.95,81.0,100.0
1769281200,2026-01-24 19:00:00,2026-01-24 20:00:00,karup,0.55,0.0,5.35,0.0,1004.02,79.0,100.0
1769284800,2026-01-24 20:00:00,2026-01-24 21:00:00,karup,0.5,0.0,5.55,0.0,1004.05,79.0,100.0
1769288400,2026-01-24 21:00:00,2026-01-24 22:00:00,karup,0.2,0.0,5.95,0.0,1004.13,78.5,100.0
1769292000,2026-01-24 22:00:00,2026-01-24 23:00:00,karup,-0.3,0.0,6.45,0.0,1003.96,81.5,100.0
1769295600,2026-01-24 23:00:00,2026-01-25 00:00:00,karup,-0.65,0.0,6.5,0.0,1003.88,81.5,100.0
1769299200,2026-01-25 00:00:00,2026-01-25 01:00:00,karup,-0.9,0.0,6.25,0.0,1003.72,82.0,100.0
1769302800,2026-01-25 01:00:00,2026-01-25 02:00:00,karup,-0.95,0.0,5.85,0.0,1003.2,83.0,100.0
1769306400,2026-01-25 02:00:00,2026-01-25 03:00:00,karup,-1.05,0.0,6.25,0.0,1002.77,85.5,100.0
1769310000,2026-01-25 03:00:00,2026-01-25 04:00:00,karup,-1.05,0.0,5.85,0.0,1002.45,88.0,100.0
1769313600,2026-01-25 04:00:00,2026-01-25 05:00:00,karup,-1.1,0.0,5.9,0.0,1002.14,88.5,100.0
1769317200,2026-01-25 05:00:00,2026-01-25 06:00:00,karup,-0.95,0.0,5.65,0.0,1002.01,89.5,100.0
1769320800,2026-01-25 06:00:00,2026-01-25 07:00:00,karup,-0.8,0.0,5.8,0.05,1002.13,91.0,100.0
1769324400,2026-01-25 07:00:00,2026-01-25 08:00:00,karup,-0.7,0.0,5.45,0.0,1002.29,92.0,100.0
1769328000,2026-01-25 08:00:00,2026-01-25 09:00:00,karup,-0.65,0.0,5.1,0.1,1002.17,95.0,100.0
1769331600,2026-01-25 09:00:00,2026-01-25 10:00:00,karup,-0.6,3.0,5.0,0.05,1001.88,96.5,100.0
1769335200,2026-01-25 10:00:00,2026-01-25 11:00:00,karup,-0.3,8.0,4.95,0.0,1001.91,97.0,100.0
1769338800,2026-01-25 11:00:00,2026-01-25 12:00:00,karup,-0.1,17.0,5.0,0.0,1001.58,96.5,100.0
1769342400,2026-01-25 12:00:00,2026-01-25 13:00:00,karup,0.05,17.0,5.15,0.0,1001.23,93.0,100.0
1769346000,2026-01-25 13:00:00,2026-01-25 14:00:00,karup,0.2,20.0,5.5,0.0,1000.9,89.0,100.0
1769349600,2026-01-25 14:00:00,2026-01-25 15:00:00,karup,0.3,16.0,5.45,0.0,1000.72,88.5,100.0
1769353200,2026-01-25 15:00:00,2026-01-25 16:00:00,karup,0.25,12.0,5.15,0.0,1000.67,89.0,100.0
1769356800,2026-01-25 16:00:00,2026-01-25 17:00:00,karup,0.2,1.0,5.0,0.0,1000.63,89.5,100.0
1769360400,2026-01-25 17:00:00,2026-01-25 18:00:00,karup,0.15,0.0,4.9,0.0,1000.54,91.5,100.0
1769364000,2026-01-25 18:00:00,2026-01-25 19:00:00,karup,0.2,0.0,4.85,0.0,1000.51,92.5,100.0
1769367600,2026-01-25 19:00:00,2026-01-25 20:00:00,karup,0.25,0.0,4.85,0.0,1000.58,91.5,100.0
1769371200,2026-01-25 20:00:00,2026-01-25 21:00:00,karup,0.2,0.0,4.3,0.0,1000.57,90.5,100.0
1769374800,2026-01-25 21:00:00,2026-01-25 22:00:00,karup,0.2,0.0,4.6,0.0,1000.53,88.5,98.3333
1769378400,2026-01-25 22:00:00,2026-01-25 23:00:00,karup,0.15,0.0,4.55,0.0,1000.52,87.0,90.0
1769382000,2026-01-25 23:00:00,2026-01-26 00:00:00,karup,-0.15,0.0,4.65,0.0,1000.65,87.0,93.3333
1769385600,2026-01-26 00:00:00,2026-01-26 01:00:00,karup,-0.15,0.0,4.45,0.0,1000.7,86.5,95.0
1769389200,2026-01-26 01:00:00,2026-01-26 02:00:00,karup,-0.2,0.0,4.75,0.0,1000.2,85.5,100.0
1769392800,2026-01-26 02:00:00,2026-01-26 03:00:00,karup,-0.2,0.0,4.95,0.0,999.933,84.5,100.0
1769396400,2026-01-26 03:00:00,2026-01-26 04:00:00,karup,-0.45,0.0,5.2,0.0,999.883,85.0,86.6667
1769400000,2026-01-26 04:00:00,2026-01-26 05:00:00,karup,-0.7,0.0,5.85,0.0,999.883,81.0,73.3333
1769403600,2026-01-26 05:00:00,2026-01-26 06:00:00,karup,-1.15,0.0,5.85,0.0,999.875,79.0,50.0
1769407200,2026-01-26 06:00:00,2026-01-26 07:00:00,karup,-1.65,0.0,5.5,0.0,999.758,81.5,90.0
1769410800,2026-01-26 07:00:00,2026-01-26 08:00:00,karup,-1.8,0.0,5.65,0.0,999.658,81.5,87.5
1769414400,2026-01-26 08:00:00,2026-01-26 09:00:00,karup,-2.0,2.0,6.7,0.0,999.808,76.5,96.6667
1769418000,2026-01-26 09:00:00,2026-01-26 10:00:00,karup,-2.1,28.0,7.45,0.0,999.925,74.5,100.0
1769421600,2026-01-26 10:00:00,2026-01-26 11:00:00,karup,-2.2,40.0,7.5,0.0,999.892,73.5,96.6667
1769425200,2026-01-26 11:00:00,2026-01-26 12:00:00,karup,-2.4,47.0,7.95,0.0,999.567,71.0,98.3333
1769428800,2026-01-26 12:00:00,2026-01-26 13:00:00,karup,-2.7,60.0,7.6,0.0,999.292,72.5,100.0
1769432400,2026-01-26 13:00:00,2026-01-26 14:00:00,karup,-2.45,56.0,6.35,0.0,999.1,73.5,100.0
1769436000,2026-01-26 14:00:00,2026-01-26 15:00:00,karup,-2.2,41.0,6.1,0.0,999.275,75.0,100.0
1769439600,2026-01-26 15:00:00,2026-01-26 16:00:00,karup,-2.15,16.0,5.6,0.0,999.45,78.5,100.0
1769443200,2026-01-26 16:00:00,2026-01-26 17:00:00,karup,-2.05,2.0,5.2,0.0,999.533,80.5,100.0
1769446800,2026-01-26 17:00:00,2026-01-26 18:00:00,karup,-1.8,0.0,5.6,0.0,999.808,82.5,100.0
1769450400,2026-01-26 18:00:00,2026-01-26 19:00:00,karup,-1.8,0.0,6.15,0.0,1000.18,82.0,100.0
1769454000,2026-01-26 19:00:00,2026-01-26 20:00:00,karup,-1.8,0.0,5.9,0.0,1000.62,81.0,100.0
1769457600,2026-01-26 20:00:00,2026-01-26 21:00:00,karup,-1.75,0.0,5.65,0.0,1001.05,81.0,100.0
1769461200,2026-01-26 21:00:00,2026-01-26 22:00:00,karup,-1.9,0.0,5.6,0.0,1001.17,82.0,100.0
1769464800,2026-01-26 22:00:00,2026-01-26 23:00:00,karup,-1.8,0.0,4.9,0.0,1001.21,83.5,100.0
1769468400,2026-01-26 23:00:00,2026-01-27 00:00:00,karup,-1.7,0.0,4.75,0.0,1001.22,85.5,100.0
1769472000,2026-01-27 00:00:00,2026-01-27 01:00:00,karup,-1.55,0.0,4.75,0.0,1000.74,86.5,100.0
1769475600,2026-01-27 01:00:00,2026-01-27 02:00:00,karup,-1.45,0.0,5.6,0.0,1000.78,87.5,100.0
1769479200,2026-01-27 02:00:00,2026-01-27 03:00:00,karup,-1.2,0.0,5.35,0.0,1000.79,86.5,100.0
1769482800,2026-01-27 03:00:00,2026-01-27 04:00:00,karup,-1.05,0.0,5.35,0.0,1000.47,85.5,100.0
1769486400,2026-01-27 04:00:00,2026-01-27 05:00:00,karup,-1.1,0.0,5.5,0.0,1000.43,85.0,100.0
1769490000,2026-01-27 05:00:00,2026-01-27 06:00:00,karup,-1.05,0.0,4.85,0.0,1000.38,84.5,100.0
1769493600,2026-01-27 06:00:00,2026-01-27 07:00:00,karup,-1.05,0.0,4.25,0.0,1000.31,85.0,100.0
1769497200,2026-01-27 07:00:00,2026-01-27 08:00:00,karup,-1.0,0.0,4.7,0.0,1000.15,85.0,100.0
1769500800,2026-01-27 08:00:00,2026-01-27 09:00:00,karup,-0.85,2.0,4.7,0.0,1000.07,84.0,100.0
1769504400,2026-01-27 09:00:00,2026-01-27 10:00:00,karup,-0.65,23.0,5.2,0.0,999.475,81.5,100.0
1769508000,2026-01-27 10:00:00,2026-01-27 11:00:00,karup,-0.4,50.0,5.9,0.0,999.033,79.5,100.0
1769511600,2026-01-27 11:00:00,2026-01-27 12:00:00,karup,-0.15,56.0,6.9,0.0,998.417,77.0,100.0
1769515200,2026-01-27 12:00:00,2026-01-27 13:00:00,karup,-0.1,59.0,7.25,0.0,998.05,77.5,100.0
1769518800,2026-01-27 13:00:00,2026-01-27 14:00:00,karup,0.05,61.0,7.05,0.0,997.867,77.0,100.0
1769522400,2026-01-27 14:00:00,2026-01-27 15:00:00,karup,-0.1,27.0,6.4,0.0,998.258,79.0,100.0
1769526000,2026-01-27 15:00:00,2026-01-27 16:00:00,karup,-0.2,9.0,5.55,0.0,997.933,79.5,100.0
1769529600,2026-01-27 16:00:00,2026-01-27 17:00:00,karup,-0.2,1.0,6.45,0.0,997.375,79.5,100.0
1769533200,2026-01-27 17:00:00,2026-01-27 18:00:00,karup,-0.35,0.0,6.0,0.0,997.242,80.0,100.0
1769536800,2026-01-27 18:00:00,2026-01-27 19:00:00,karup,-0.4,0.0,6.15,0.0,997.417,79.5,100.0
1769540400,2026-01-27 19:00:00,2026-01-27 20:00:00,karup,-0.5,0.0,6.15,0.0,997.583,79.5,100.0
1769544000,2026-01-27 20:00:00,2026-01-27 21:00:00,karup,-0.4,0.0,6.1,0.0,997.508,79.5,100.0
1769547600,2026-01-27 21:00:00,2026-01-27 22:00:00,karup,-0.4,0.0,6.75,0.0,997.742,79.5,100.0
1769551200,2026-01-27 22:00:00,2026-01-27 23:00:00,karup,-0.6,0.0,6.4,0.0,997.733,83.0,100.0
1769554800,2026-01-27 23:00:00,2026-01-28 00:00:00,karup,-0.6,0.0,6.3,0.0,997.642,81.5,100.0
1769558400,2026-01-28 00:00:00,2026-01-28 01:00:00,karup,-0.7,0.0,6.45,0.0,997.342,80.0,100.0
1769562000,2026-01-28 01:00:00,2026-01-28 02:00:00,karup,-0.9,0.0,6.45,0.0,997.558,80.0,100.0
1769565600,2026-01-28 02:00:00,2026-01-28 03:00:00,karup,-1.0,0.0,6.45,0.0,997.45,81.5,100.0
1769569200,2026-01-28 03:00:00,2026-01-28 04:00:00,karup,-1.05,0.0,7.2,0.0,997.392,81.5,100.0
1769572800,2026-01-28 04:00:00,2026-01-28 05:00:00,karup,-1.2,0.0,6.7,0.0,997.175,81.5,100.0
1769576400,2026-01-28 05:00:00,2026-01-28 06:00:00,karup,-1.2,0.0,6.95,0.0,997.167,82.5,100.0
1769580000,2026-01-28 06:00:00,2026-01-28 07:00:00,karup,-1.35,0.0,6.9,0.0,997.425,84.0,100.0
1769583600,2026-01-28 07:00:00,2026-01-28 08:00:00,karup,-1.4,0.0,6.75,0.0,997.825,82.0,100.0
1769587200,2026-01-28 08:00:00,2026-01-28 09:00:00,karup,-1.45,2.0,6.95,0.0,998.367,80.5,100.0
1769590800,2026-01-28 09:00:00,2026-01-28 10:00:00,karup,-1.3,14.0,6.4,0.0,998.642,80.0,100.0
1769594400,2026-01-28 10:00:00,2026-01-28 11:00:00,karup,-1.35,23.0,6.25,0.0,998.95,80.5,100.0
1769598000,2026-01-28 11:00:00,2026-01-28 12:00:00,karup,-1.4,46.0,6.25,0.0,999.033,80.5,100.0
1769601600,2026-01-28 12:00:00,2026-01-28 13:00:00,karup,-1.3,42.0,5.95,0.0,999.317,80.5,100.0
1769605200,2026-01-28 13:00:00,2026-01-28 14:00:00,karup,-1.3,30.0,5.8,0.0,999.283,82.0,100.0
1769608800,2026-01-28 14:00:00,2026-01-28 15:00:00,karup,-1.35,17.0,5.55,0.0,999.517,84.5,100.0
1769612400,2026-01-28 15:00:00,2026-01-28 16:00:00,karup,-1.3,4.0,5.55,0.0,999.767,85.5,100.0
1769616000,2026-01-28 16:00:00,2026-01-28 17:00:00,karup,-1.45,1.0,5.8,0.0,1000.01,86.0,100.0
1769619600,2026-01-28 17:00:00,2026-01-28 18:00:00,karup,-1.4,0.0,5.8,0.0,1000.4,84.0,100.0
1769623200,2026-01-28 18:00:00,2026-01-28 19:00:00,karup,-1.4,0.0,5.8,0.0,1000.74,83.0,100.0
1769626800,2026-01-28 19:00:00,2026-01-28 20:00:00,karup,-1.45,0.0,5.95,0.0,1001.18,80.5,100.0
1769630400,2026-01-28 20:00:00,2026-01-28 21:00:00,karup,-1.35,0.0,5.5,0.0,1001.41,73.0,100.0
1769634000,2026-01-28 21:00:00,2026-01-28 22:00:00,karup,-1.35,0.0,5.55,0.0,1001.62,69.5,100.0
1769637600,2026-01-28 22:00:00,2026-01-28 23:00:00,karup,-1.45,0.0,5.65,0.0,1001.72,67.5,100.0
1769641200,2026-01-28 23:00:00,2026-01-29 00:00:00,karup,-1.55,0.0,6.4,0.0,1001.71,66.0,100.0
1769644800,2026-01-29 00:00:00,2026-01-29 01:00:00,karup,-1.75,0.0,6.0,0.0,1001.7,68.5,100.0
1769648400,2026-01-29 01:00:00,2026-01-29 02:00:00,karup,-1.95,0.0,6.15,0.0,1001.89,68.0,100.0
1769652000,2026-01-29 02:00:00,2026-01-29 03:00:00,karup,-2.1,0.0,5.8,0.0,1002.14,68.5,100.0
1769655600,2026-01-29 03:00:00,2026-01-29 04:00:00,karup,-2.3,0.0,5.8,0.0,1002.29,68.5,100.0
1769659200,2026-01-29 04:00:00,2026-01-29 05:00:00,karup,-2.35,0.0,5.7,0.0,1002.36,68.5,100.0
1769662800,2026-01-29 05:00:00,2026-01-29 06:00:00,karup,-2.6,0.0,6.35,0.0,1002.29,67.5,100.0
1769666400,2026-01-29 06:00:00,2026-01-29 07:00:00,karup,-2.7,0.0,6.85,0.0,1002.53,66.5,100.0
1769670000,2026-01-29 07:00:00,2026-01-29 08:00:00,karup,-2.75,0.0,6.45,0.0,1003.06,66.5,100.0
1769673600,2026-01-29 08:00:00,2026-01-29 09:00:00,karup,-2.65,2.0,5.5,0.0,1003.39,66.5,100.0
1769677200,2026-01-29 09:00:00,2026-01-29 10:00:00,karup,-2.65,16.0,5.4,0.0,1003.44,65.5,96.6667
1769680800,2026-01-29 10:00:00,2026-01-29 11:00:00,karup,-2.6,25.0,5.3,0.0,1003.29,65.0,96.6667
1769684400,2026-01-29 11:00:00,2026-01-29 12:00:00,karup,-2.4,33.0,5.6,0.0,1003.1,65.5,100.0
1769688000,2026-01-29 12:00:00,2026-01-29 13:00:00,karup,-2.35,36.0,6.0,0.0,1002.59,67.5,100.0
1769691600,2026-01-29 13:00:00,2026-01-29 14:00:00,karup,-2.35,32.0,6.5,0.0,1002.25,67.5,100.0
1769695200,2026-01-29 14:00:00,2026-01-29 15:00:00,karup,-2.25,26.0,6.3,0.0,1002.08,70.5,100.0
1769698800,2026-01-29 15:00:00,2026-01-29 16:00:00,karup,-2.0,18.0,6.5,0.0,1002.17,70.5,100.0
1769702400,2026-01-29 16:00:00,2026-01-29 17:00:00,karup,-1.9,4.0,6.75,0.0,1002.16,69.5,100.0
1769706000,2026-01-29 17:00:00,2026-01-29 18:00:00,karup,-1.8,0.0,5.75,0.0,1002.3,70.0,100.0
1769709600,2026-01-29 18:00:00,2026-01-29 19:00:00,karup,-1.7,0.0,6.4,0.0,1002.25,69.5,100.0
1769713200,2026-01-29 19:00:00,2026-01-29 20:00:00,karup,-1.5,0.0,5.9,0.0,1002.38,70.0,100.0
1769716800,2026-01-29 20:00:00,2026-01-29 21:00:00,karup,-1.25,0.0,6.5,0.0,1002.47,69.0,100.0
1769720400,2026-01-29 21:00:00,2026-01-29 22:00:00,karup,-1.2,0.0,6.05,0.0,1002.35,69.5,100.0
1769724000,2026-01-29 22:00:00,2026-01-29 23:00:00,karup,-1.15,0.0,6.45,0.0,1002.13,70.5,100.0
1769727600,2026-01-29 23:00:00,2026-01-30 00:00:00,karup,-1.2,0.0,6.35,0.0,1001.87,71.5,100.0
1769731200,2026-01-30 00:00:00,2026-01-30 01:00:00,karup,-1.15,0.0,7.1,0.0,1001.53,71.5,100.0
1769734800,2026-01-30 01:00:00,2026-01-30 02:00:00,karup,-1.25,0.0,7.7,0.0,1001.5,71.5,100.0
1769738400,2026-01-30 02:00:00,2026-01-30 03:00:00,karup,-1.6,0.0,7.5,0.0,1001.3,74.5,100.0
1769742000,2026-01-30 03:00:00,2026-01-30 04:00:00,karup,-1.5,0.0,7.7,0.0,1001.12,75.5,100.0
1769745600,2026-01-30 04:00:00,2026-01-30 05:00:00,karup,-1.5,0.0,7.6,0.0,1000.99,77.0,100.0
1769749200,2026-01-30 05:00:00,2026-01-30 06:00:00,karup,-1.45,0.0,7.7,0.0,1000.96,78.0,100.0
1769752800,2026-01-30 06:00:00,2026-01-30 07:00:00,karup,-1.3,0.0,8.05,0.0,1000.96,75.5,100.0
1769756400,2026-01-30 07:00:00,2026-01-30 08:00:00,karup,-1.2,0.0,7.5,0.0,1001.08,74.5,100.0
1769760000,2026-01-30 08:00:00,2026-01-30 09:00:00,karup,-1.3,0.0,7.2,0.0,1001.2,76.5,100.0
1769763600,2026-01-30 09:00:00,2026-01-30 10:00:00,karup,-1.4,4.0,6.85,0.0,1001.15,80.5,100.0
1769767200,2026-01-30 10:00:00,2026-01-30 11:00:00,karup,-1.55,12.0,6.65,0.0,1000.99,85.0,100.0
1769770800,2026-01-30 11:00:00,2026-01-30 12:00:00,karup,-1.6,14.0,7.0,0.0,1001.06,86.5,100.0
1769774400,2026-01-30 12:00:00,2026-01-30 13:00:00,karup,-1.55,17.0,7.1,0.0,1000.86,89.0,100.0
1769778000,2026-01-30 13:00:00,2026-01-30 14:00:00,karup,-1.55,18.0,6.95,0.0,1000.53,90.5,100.0
1769781600,2026-01-30 14:00:00,2026-01-30 15:00:00,karup,-1.45,16.0,6.85,0.0,1000.33,90.5,100.0
1769785200,2026-01-30 15:00:00,2026-01-30 16:00:00,karup,-1.15,11.0,7.15,0.0,1000.48,88.5,100.0
1769788800,2026-01-30 16:00:00,2026-01-30 17:00:00,karup,-0.85,1.0,7.25,0.0,1000.63,87.5,100.0
1769792400,2026-01-30 17:00:00,2026-01-30 18:00:00,karup,-0.55,0.0,7.75,0.0,1000.72,85.5,100.0
1769796000,2026-01-30 18:00:00,2026-01-30 19:00:00,karup,-0.65,0.0,7.9,0.0,1000.73,87.0,100.0
1769799600,2026-01-30 19:00:00,2026-01-30 20:00:00,karup,-0.75,0.0,7.85,0.0,1000.81,88.5,100.0
1769803200,2026-01-30 20:00:00,2026-01-30 21:00:00,karup,-0.75,0.0,7.8,0.0,1001.01,92.0,100.0
1769806800,2026-01-30 21:00:00,2026-01-30 22:00:00,karup,-0.7,0.0,7.55,0.1,1001.19,89.5,100.0
1769810400,2026-01-30 22:00:00,2026-01-30 23:00:00,karup,-0.55,0.0,7.4,0.0,1001.48,87.5,100.0
1769814000,2026-01-30 23:00:00,2026-01-31 00:00:00,karup,-0.5,0.0,7.05,0.0,1001.4,88.0,100.0
1769817600,2026-01-31 00:00:00,2026-01-31 01:00:00,karup,-0.5,0.0,7.2,0.0,1001.25,88.5,100.0
1769821200,2026-01-31 01:00:00,2026-01-31 02:00:00,karup,-0.4,0.0,7.5,0.0,1001.53,86.5,100.0
1769824800,2026-01-31 02:00:00,2026-01-31 03:00:00,karup,-0.3,0.0,7.35,0.0,1001.8,84.5,100.0
1769828400,2026-01-31 03:00:00,2026-01-31 04:00:00,karup,-0.25,0.0,7.1,0.0,1002.18,84.5,100.0
1769832000,2026-01-31 04:00:00,2026-01-31 05:00:00,karup,-0.3,0.0,7.55,0.0,1002.25,82.0,100.0
1769835600,2026-01-31 05:00:00,2026-01-31 06:00:00,karup,-0.5,0.0,7.6,0.0,1002.64,79.0,100.0
1769839200,2026-01-31 06:00:00,2026-01-31 07:00:00,karup,-0.6,0.0,7.8,0.0,1003.11,80.0,100.0
1769842800,2026-01-31 07:00:00,2026-01-31 08:00:00,karup,-0.65,0.0,8.1,0.0,1003.72,83.0,100.0
1769846400,2026-01-31 08:00:00,2026-01-31 09:00:00,karup,-0.6,1.0,8.45,0.0,1004.22,82.5,100.0
1769850000,2026-01-31 09:00:00,2026-01-31 10:00:00,karup,-0.85,11.0,8.6,0.0,1004.54,80.5,100.0
1769853600,2026-01-31 10:00:00,2026-01-31 11:00:00,karup,-1.1,21.0,8.7,0.0,1005.07,80.0,100.0
1769857200,2026-01-31 11:00:00,2026-01-31 12:00:00,karup,-1.1,59.0,8.75,0.0,1005.42,78.0,100.0
1769860800,2026-01-31 12:00:00,2026-01-31 13:00:00,karup,-1.05,92.0,8.35,0.0,1005.38,77.0,93.3333
1769864400,2026-01-31 13:00:00,2026-01-31 14:00:00,karup,-0.8,155.0,8.7,0.0,1005.83,74.5,100.0
1769868000,2026-01-31 14:00:00,2026-01-31 15:00:00,karup,-0.9,154.0,8.4,0.0,1006.22,73.5,90.0
1769871600,2026-01-31 15:00:00,2026-01-31 16:00:00,karup,-1.4,43.0,8.5,0.0,1006.63,74.0,98.3333
1769875200,2026-01-31 16:00:00,2026-01-31 17:00:00,karup,-1.8,5.0,8.4,0.0,1006.82,76.5,96.6667
1769878800,2026-01-31 17:00:00,2026-01-31 18:00:00,karup,-1.85,0.0,8.4,0.0,1007.32,76.0,91.6667
1769882400,2026-01-31 18:00:00,2026-01-31 19:00:00,karup,-2.05,0.0,8.15,0.0,1007.58,74.5,90.0
1769886000,2026-01-31 19:00:00,2026-01-31 20:00:00,karup,-2.1,0.0,7.8,0.0,1007.89,72.5,90.0
1769889600,2026-01-31 20:00:00,2026-01-31 21:00:00,karup,-2.1,0.0,6.95,0.0,1008.11,72.5,90.0
1769893200,2026-01-31 21:00:00,2026-01-31 22:00:00,karup,-2.1,0.0,7.55,0.0,1008.33,74.0,95.0
1769896800,2026-01-31 22:00:00,2026-01-31 23:00:00,karup,-2.0,0.0,7.1,0.0,1008.59,74.5,100.0
1769900400,2026-01-31 23:00:00,2026-02-01 00:00:00,karup,-2.15,0.0,7.05,0.0,1008.83,74.0,100.0
1769904000,2026-02-01 00:00:00,2026-02-01 01:00:00,karup,-2.3,0.0,7.05,0.0,1008.78,73.0,100.0
1769907600,2026-02-01 01:00:00,2026-02-01 02:00:00,karup,-2.7,0.0,7.3,0.0,1008.77,74.5,100.0
1769911200,2026-02-01 02:00:00,2026-02-01 03:00:00,karup,-3.0,0.0,6.45,0.0,1008.63,75.5,95.0
1769914800,2026-02-01 03:00:00,2026-02-01 04:00:00,karup,-3.4,0.0,7.05,0.0,1008.61,74.0,90.0
1769918400,2026-02-01 04:00:00,2026-02-01 05:00:00,karup,-3.7,0.0,6.3,0.0,1008.53,74.5,93.3333
1769922000,2026-02-01 05:00:00,2026-02-01 06:00:00,karup,-3.9,0.0,7.05,0.0,1008.44,73.5,91.6667
1769925600,2026-02-01 06:00:00,2026-02-01 07:00:00,karup,-4.1,0.0,6.9,0.0,1008.72,74.0,95.0
1769929200,2026-02-01 07:00:00,2026-02-01 08:00:00,karup,-4.0,0.0,6.15,0.0,1008.77,76.0,100.0
1769932800,2026-02-01 08:00:00,2026-02-01 09:00:00,karup,-3.9,6.0,7.25,0.0,1008.78,76.0,100.0
1769936400,2026-02-01 09:00:00,2026-02-01 10:00:00,karup,-3.9,19.0,7.75,0.0,1008.92,77.0,100.0
1769940000,2026-02-01 10:00:00,2026-02-01 11:00:00,karup,-3.7,24.0,7.3,0.0,1009.01,77.0,100.0
1769943600,2026-02-01 11:00:00,2026-02-01 12:00:00,karup,-3.55,41.0,7.7,0.0,1008.93,76.0,100.0
1769947200,2026-02-01 12:00:00,2026-02-01 13:00:00,karup,-3.3,37.0,7.7,0.0,1008.72,74.5,91.6667
1769950800,2026-02-01 13:00:00,2026-02-01 14:00:00,karup,-3.15,60.0,8.0,0.0,1008.57,72.0,91.6667
1769954400,2026-02-01 14:00:00,2026-02-01 15:00:00,karup,-3.05,65.0,8.05,0.0,1008.56,69.5,82.5
1769958000,2026-02-01 15:00:00,2026-02-01 16:00:00,karup,-3.05,28.0,7.8,0.0,1008.54,68.0,98.3333
1769961600,2026-02-01 16:00:00,2026-02-01 17:00:00,karup,-3.25,5.0,8.0,0.0,1008.66,69.5,100.0
1769965200,2026-02-01 17:00:00,2026-02-01 18:00:00,karup,-3.4,0.0,8.1,0.0,1008.58,69.0,83.3333
1769968800,2026-02-01 18:00:00,2026-02-01 19:00:00,karup,-3.4,0.0,7.95,0.0,1008.88,58.5,69.1667
1769972400,2026-02-01 19:00:00,2026-02-01 20:00:00,karup,-3.9,0.0,7.6,0.0,1009.08,64.0,57.5
1769976000,2026-02-01 20:00:00,2026-02-01 21:00:00,karup,-4.05,0.0,7.8,0.0,1009.15,66.5,90.0
1769979600,2026-02-01 21:00:00,2026-02-01 22:00:00,karup,-4.0,0.0,7.8,0.0,1009.31,67.5,87.5
1769983200,2026-02-01 22:00:00,2026-02-01 23:00:00,karup,-4.0,0.0,7.0,0.0,1009.42,67.5,90.0
1769986800,2026-02-01 23:00:00,2026-02-02 00:00:00,karup,-4.0,0.0,6.7,0.0,1009.37,68.0,90.0
1769990400,2026-02-02 00:00:00,2026-02-02 01:00:00,karup,-4.05,0.0,6.0,0.0,1009.24,69.0,77.5
1769994000,2026-02-02 01:00:00,2026-02-02 02:00:00,karup,-4.05,0.0,6.7,0.0,1008.95,67.5,87.5
1769997600,2026-02-02 02:00:00,2026-02-02 03:00:00,karup,-4.15,0.0,6.9,0.0,1008.87,66.5,36.6667
1770001200,2026-02-02 03:00:00,2026-02-02 04:00:00,karup,-4.55,0.0,7.3,0.0,1008.56,66.5,55.8333
1770004800,2026-02-02 04:00:00,2026-02-02 05:00:00,karup,-4.8,0.0,6.4,0.0,1008.5,66.5,55.8333
1770008400,2026-02-02 05:00:00,2026-02-02 06:00:00,karup,-4.9,0.0,6.1,0.0,1008.46,69.5,90.0
1770012000,2026-02-02 06:00:00,2026-02-02 07:00:00,karup,-4.85,0.0,6.7,0.0,1008.58,69.0,87.5
1770015600,2026-02-02 07:00:00,2026-02-02 08:00:00,karup,-4.95,0.0,6.75,0.0,1008.76,69.0,87.5
1770019200,2026-02-02 08:00:00,2026-02-02 09:00:00,karup,-5.0,13.0,7.2,0.0,1009.05,68.0,85.0
1770022800,2026-02-02 09:00:00,2026-02-02 10:00:00,karup,-4.7,68.0,8.2,0.0,1009.22,66.5,40.8333
1770026400,2026-02-02 10:00:00,2026-02-02 11:00:00,karup,-4.0,210.0,8.15,0.0,1009.23,62.0,25.0
1770030000,2026-02-02 11:00:00,2026-02-02 12:00:00,karup,-3.55,259.0,9.45,0.0,1009.22,55.5,45.0
1770033600,2026-02-02 12:00:00,2026-02-02 13:00:00,karup,-3.2,282.0,9.7,0.0,1008.93,54.5,82.5
1770037200,2026-02-02 13:00:00,2026-02-02 14:00:00,karup,-3.05,263.0,9.45,0.0,1008.7,55.0,90.0
1770040800,2026-02-02 14:00:00,2026-02-02 15:00:00,karup,-3.05,191.0,9.45,0.0,1008.63,54.5,87.5
1770044400,2026-02-02 15:00:00,2026-02-02 16:00:00,karup,-3.35,128.0,8.7,0.0,1008.9,56.5,47.5
1770048000,2026-02-02 16:00:00,2026-02-02 17:00:00,karup,-4.05,28.0,8.05,0.0,1009.05,60.5,32.5
1770051600,2026-02-02 17:00:00,2026-02-02 18:00:00,karup,-4.65,0.0,6.85,0.0,1009.23,61.0,5.83333
1770055200,2026-02-02 18:00:00,2026-02-02 19:00:00,karup,-4.95,0.0,6.35,0.0,1009.22,60.5,19.1667
1770058800,2026-02-02 19:00:00,2026-02-02 20:00:00,karup,-5.05,0.0,6.4,0.0,1009.33,60.0,7.5
1770062400,2026-02-02 20:00:00,2026-02-02 21:00:00,karup,-4.9,0.0,6.75,0.0,1009.19,62.5,40.0
1770066000,2026-02-02 21:00:00,2026-02-02 22:00:00,karup,-4.85,0.0,7.15,0.0,1009.08,64.0,85.0
1770069600,2026-02-02 22:00:00,2026-02-02 23:00:00,karup,-4.5,0.0,7.4,0.0,1008.67,64.0,96.6667
1770073200,2026-02-02 23:00:00,2026-02-03 00:00:00,karup,-4.0,0.0,8.5,0.0,1008.31,63.5,95.0
1770076800,2026-02-03 00:00:00,2026-02-03 01:00:00,karup,-3.8,,9.8,0.0,1008.52,61.0,100.0
1770080400,2026-02-03 01:00:00,2026-02-03 02:00:00,karup,-3.5,0.0,8.5,0.0,1008.53,60.5,100.0
1770084000,2026-02-03 02:00:00,2026-02-03 03:00:00,karup,-3.4,0.0,8.65,0.0,1008.76,58.5,100.0
1770087600,2026-02-03 03:00:00,2026-02-03 04:00:00,karup,-3.35,0.0,8.95,0.0,1008.65,56.5,73.3333
1770091200,2026-02-03 04:00:00,2026-02-03 05:00:00,karup,-3.75,0.0,8.0,0.0,1008.35,59.0,89.1667
1770094800,2026-02-03 05:00:00,2026-02-03 06:00:00,karup,-3.55,0.0,8.15,0.0,1008.06,60.5,100.0
1770098400,2026-02-03 06:00:00,2026-02-03 07:00:00,karup,-3.35,0.0,8.7,0.0,1008.1,61.0,100.0
1770102000,2026-02-03 07:00:00,2026-02-03 08:00:00,karup,-3.2,0.0,8.9,0.0,1008.17,62.5,100.0
1770105600,2026-02-03 08:00:00,2026-02-03 09:00:00,karup,-3.15,4.0,9.45,0.0,1008.15,62.5,100.0
1770109200,2026-02-03 09:00:00,2026-02-03 10:00:00,karup,-3.0,34.0,9.55,0.0,1008.17,61.0,100.0
1770112800,2026-02-03 10:00:00,2026-02-03 11:00:00,karup,-2.6,71.0,10.0,0.0,1008.34,59.0,100.0
1770116400,2026-02-03 11:00:00,2026-02-03 12:00:00,karup,-2.15,106.0,9.5,0.0,1008.28,57.5,100.0
1770120000,2026-02-03 12:00:00,2026-02-03 13:00:00,karup,-1.55,167.0,9.2,0.0,1007.97,53.0,100.0
1770123600,2026-02-03 13:00:00,2026-02-03 14:00:00,karup,-0.9,212.0,10.0,0.0,1007.78,48.5,60.8333
1770127200,2026-02-03 14:00:00,2026-02-03 15:00:00,karup,-0.5,225.0,9.35,0.0,1007.65,46.5,5.0
1770130800,2026-02-03 15:00:00,2026-02-03 16:00:00,karup,-0.65,126.0,9.7,0.0,1007.43,52.0,0.0
1770134400,2026-02-03 16:00:00,2026-02-03 17:00:00,karup,-1.0,32.0,9.05,0.0,1007.14,55.5,0.0
1770138000,2026-02-03 17:00:00,2026-02-03 18:00:00,karup,-1.35,0.0,8.2,0.0,1006.85,57.0,0.0
1770141600,2026-02-03 18:00:00,2026-02-03 19:00:00,karup,-1.55,0.0,8.55,0.0,1006.72,58.5,0.0
1770145200,2026-02-03 19:00:00,2026-02-03 20:00:00,karup,-1.65,0.0,9.05,0.0,1006.42,59.0,0.0
1770148800,2026-02-03 20:00:00,2026-02-03 21:00:00,karup,-1.9,0.0,10.15,0.0,1006.1,60.0,50.8333
1770152400,2026-02-03 21:00:00,2026-02-03 22:00:00,karup,-2.05,0.0,10.15,0.0,1005.9,63.5,90.0
1770156000,2026-02-03 22:00:00,2026-02-03 23:00:00,karup,-1.9,0.0,9.4,0.0,1005.83,65.5,90.0
1770159600,2026-02-03 23:00:00,2026-02-04 00:00:00,karup,-1.8,0.0,9.25,0.0,1005.72,66.5,90.0
1770163200,2026-02-04 00:00:00,2026-02-04 01:00:00,karup,-1.9,0.0,9.15,0.0,1005.29,66.5,90.0
1770166800,2026-02-04 01:00:00,2026-02-04 02:00:00,karup,-2.0,0.0,9.15,0.0,1005.06,69.0,91.6667
1770170400,2026-02-04 02:00:00,2026-02-04 03:00:00,karup,-2.0,0.0,9.25,0.0,1004.43,70.0,90.0
1770174000,2026-02-04 03:00:00,2026-02-04 04:00:00,karup,-2.25,0.0,8.9,0.0,1003.83,70.5,87.5
1770177600,2026-02-04 04:00:00,2026-02-04 05:00:00,karup,-2.55,0.0,9.2,0.0,1003.54,70.5,32.5
1770181200,2026-02-04 05:00:00,2026-02-04 06:00:00,karup,-2.85,0.0,8.9,0.0,1003.28,69.5,6.66667
1770184800,2026-02-04 06:00:00,2026-02-04 07:00:00,karup,-3.05,0.0,9.35,0.0,1003.28,68.0,0.0
1770188400,2026-02-04 07:00:00,2026-02-04 08:00:00,karup,-3.05,0.0,8.95,0.0,1003.74,66.5,24.1667
1770192000,2026-02-04 08:00:00,2026-02-04 09:00:00,karup,-2.9,20.0,9.0,0.0,1004.08,67.0,90.0
1770195600,2026-02-04 09:00:00,2026-02-04 10:00:00,karup,-2.5,69.0,9.45,0.0,1004.09,67.0,90.0
1770199200,2026-02-04 10:00:00,2026-02-04 11:00:00,karup,-2.2,77.0,10.65,0.0,1004.24,66.0,90.0
1770202800,2026-02-04 11:00:00,2026-02-04 12:00:00,karup,-1.95,74.0,9.6,0.0,1004.08,66.0,100.0
1770206400,2026-02-04 12:00:00,2026-02-04 13:00:00,karup,-1.8,81.0,9.15,0.0,1003.77,67.5,100.0
1770210000,2026-02-04 13:00:00,2026-02-04 14:00:00,karup,-1.5,84.0,9.1,0.0,1003.43,70.0,100.0
1770213600,2026-02-04 14:00:00,2026-02-04 15:00:00,karup,-1.4,43.0,9.0,0.0,1003.47,71.5,100.0
1770217200,2026-02-04 15:00:00,2026-02-04 16:00:00,karup,-1.45,17.0,8.1,0.0,1003.61,74.0,100.0
1770220800,2026-02-04 16:00:00,2026-02-04 17:00:00,karup,-1.55,3.0,7.75,0.0,1003.58,76.0,100.0
1770224400,2026-02-04 17:00:00,2026-02-04 18:00:00,karup,-1.7,0.0,8.35,0.0,1003.44,77.0,100.0
1770228000,2026-02-04 18:00:00,2026-02-04 19:00:00,karup,-1.75,0.0,8.5,0.0,1003.38,76.5,100.0
1770231600,2026-02-04 19:00:00,2026-02-04 20:00:00,karup,-1.8,0.0,8.55,0.0,1003.47,75.5,100.0
1770235200,2026-02-04 20:00:00,2026-02-04 21:00:00,karup,-2.0,0.0,7.75,0.0,1003.47,74.5,100.0
1770238800,2026-02-04 21:00:00,2026-02-04 22:00:00,karup,-2.35,0.0,7.95,0.0,1003.31,74.0,100.0
1770242400,2026-02-04 22:00:00,2026-02-04 23:00:00,karup,-2.6,0.0,7.65,0.0,1003.14,74.5,100.0
1770246000,2026-02-04 23:00:00,2026-02-05 00:00:00,karup,-2.65,0.0,7.95,0.0,1002.8,75.0,100.0
1770249600,2026-02-05 00:00:00,2026-02-05 01:00:00,karup,-2.8,0.0,7.15,0.0,1002.36,76.0,100.0
1770253200,2026-02-05 01:00:00,2026-02-05 02:00:00,karup,-2.95,0.0,7.2,0.0,1002.32,77.5,100.0
1770256800,2026-02-05 02:00:00,2026-02-05 03:00:00,karup,-2.95,0.0,7.25,0.0,1001.87,78.5,100.0
1770260400,2026-02-05 03:00:00,2026-02-05 04:00:00,karup,-2.95,0.0,6.9,0.0,1000.99,80.5,100.0
1770264000,2026-02-05 04:00:00,2026-02-05 05:00:00,karup,-3.1,0.0,7.2,0.0,1000.25,80.0,100.0
1770267600,2026-02-05 05:00:00,2026-02-05 06:00:00,karup,-3.05,0.0,7.6,0.0,999.858,78.5,100.0
1770271200,2026-02-05 06:00:00,2026-02-05 07:00:00,karup,-3.05,0.0,7.2,0.0,999.55,77.0,100.0
1770274800,2026-02-05 07:00:00,2026-02-05 08:00:00,karup,-2.9,0.0,7.55,0.0,999.433,77.0,100.0
1770278400,2026-02-05 08:00:00,2026-02-05 09:00:00,karup,-2.95,1.0,7.7,0.0,999.175,77.0,100.0
1770282000,2026-02-05 09:00:00,2026-02-05 10:00:00,karup,-3.0,8.0,7.35,0.0,998.792,79.0,100.0
1770285600,2026-02-05 10:00:00,2026-02-05 11:00:00,karup,-2.9,14.0,7.4,0.0,998.358,80.0,100.0
1770289200,2026-02-05 11:00:00,2026-02-05 12:00:00,karup,-2.9,32.0,7.8,0.0,997.9,79.5,100.0
1770292800,2026-02-05 12:00:00,2026-02-05 13:00:00,karup,-2.9,42.0,7.5,0.0,997.142,80.5,100.0
1770296400,2026-02-05 13:00:00,2026-02-05 14:00:00,karup,-2.85,28.0,7.85,0.0,996.4,83.0,100.0
1770300000,2026-02-05 14:00:00,2026-02-05 15:00:00,karup,-2.6,17.0,7.75,0.0,995.917,84.0,100.0
1770303600,2026-02-05 15:00:00,2026-02-05 16:00:00,karup,-2.5,12.0,7.55,0.0,995.317,85.5,100.0
1770307200,2026-02-05 16:00:00,2026-02-05 17:00:00,karup,-2.4,3.0,7.9,0.0,994.9,87.5,100.0
1770310800,2026-02-05 17:00:00,2026-02-05 18:00:00,karup,-2.4,0.0,7.55,0.1,994.6,93.5,100.0
1770314400,2026-02-05 18:00:00,2026-02-05 19:00:00,karup,-2.35,0.0,7.3,0.1,994.308,94.5,100.0
1770318000,2026-02-05 19:00:00,2026-02-05 20:00:00,karup,-2.25,0.0,6.9,0.05,993.967,95.0,100.0
1770321600,2026-02-05 20:00:00,2026-02-05 21:00:00,karup,-2.1,0.0,6.75,0.05,993.833,94.0,100.0
1770325200,2026-02-05 21:00:00,2026-02-05 22:00:00,karup,-2.15,0.0,6.55,0.0,993.617,95.0,100.0
1770328800,2026-02-05 22:00:00,2026-02-05 23:00:00,karup,-2.1,0.0,6.15,0.15,993.142,96.0,100.0
1770332400,2026-02-05 23:00:00,2026-02-06 00:00:00,karup,-1.95,0.0,6.0,0.05,992.658,96.0,100.0
1770336000,2026-02-06 00:00:00,2026-02-06 01:00:00,karup,-1.75,0.0,6.35,0.0,992.233,96.0,100.0
1770339600,2026-02-06 01:00:00,2026-02-06 02:00:00,karup,-1.6,0.0,7.25,0.05,991.908,94.5,100.0
1770343200,2026-02-06 02:00:00,2026-02-06 03:00:00,karup,-1.55,0.0,7.55,0.0,991.75,94.0,100.0
1770346800,2026-02-06 03:00:00,2026-02-06 04:00:00,karup,-1.7,0.0,7.45,0.05,991.917,94.0,100.0
1770350400,2026-02-06 04:00:00,2026-02-06 05:00:00,karup,-1.8,0.0,6.75,0.05,992.183,94.5,100.0
1770354000,2026-02-06 05:00:00,2026-02-06 06:00:00,karup,-1.85,0.0,7.0,0.0,992.042,93.5,100.0
1770357600,2026-02-06 06:00:00,2026-02-06 07:00:00,karup,-1.85,0.0,7.55,0.05,991.858,94.0,100.0
1770361200,2026-02-06 07:00:00,2026-02-06 08:00:00,karup,-1.9,0.0,7.7,0.0,992.108,93.5,90.0
1770364800,2026-02-06 08:00:00,2026-02-06 09:00:00,karup,-1.8,9.0,7.2,0.0,992.267,93.0,93.3333
1770368400,2026-02-06 09:00:00,2026-02-06 10:00:00,karup,-1.5,63.0,7.4,0.0,992.583,90.5,100.0
1770372000,2026-02-06 10:00:00,2026-02-06 11:00:00,karup,-1.2,89.0,7.2,0.0,992.708,88.0,100.0
1770375600,2026-02-06 11:00:00,2026-02-06 12:00:00,karup,-0.95,120.0,6.95,0.0,992.817,87.0,100.0
1770379200,2026-02-06 12:00:00,2026-02-06 13:00:00,karup,-0.95,91.0,6.45,0.0,992.9,89.0,100.0
1770382800,2026-02-06 13:00:00,2026-02-06 14:00:00,karup,-0.75,62.0,6.15,0.0,992.917,88.5,100.0
1770386400,2026-02-06 14:00:00,2026-02-06 15:00:00,karup,-0.75,41.0,6.35,0.0,993.283,90.0,100.0
1770390000,2026-02-06 15:00:00,2026-02-06 16:00:00,karup,-0.85,20.0,6.0,0.0,993.567,92.5,100.0
1770393600,2026-02-06 16:00:00,2026-02-06 17:00:00,karup,-0.8,5.0,6.0,0.0,993.942,94.5,100.0
1770397200,2026-02-06 17:00:00,2026-02-06 18:00:00,karup,-0.75,0.0,5.9,0.05,994.275,95.5,100.0
1770400800,2026-02-06 18:00:00,2026-02-06 19:00:00,karup,-0.5,0.0,5.95,0.0,994.783,95.5,100.0
1770404400,2026-02-06 19:00:00,2026-02-06 20:00:00,karup,-0.25,0.0,5.9,0.0,995.167,95.5,100.0
1770408000,2026-02-06 20:00:00,2026-02-06 21:00:00,karup,-0.1,0.0,5.85,0.0,995.525,95.0,100.0
1770411600,2026-02-06 21:00:00,2026-02-06 22:00:00,karup,-0.05,0.0,5.6,0.0,996.042,94.5,100.0
1770415200,2026-02-06 22:00:00,2026-02-06 23:00:00,karup,-0.05,0.0,5.8,0.05,996.35,95.5,100.0
1770418800,2026-02-06 23:00:00,2026-02-07 00:00:00,karup,0.05,0.0,5.75,0.05,996.625,97.0,100.0
1770422400,2026-02-07 00:00:00,2026-02-07 01:00:00,karup,0.1,0.0,6.1,0.0,996.908,95.5,100.0
1770426000,2026-02-07 01:00:00,2026-02-07 02:00:00,karup,0.0,0.0,6.4,0.05,997.317,94.5,100.0
1770429600,2026-02-07 02:00:00,2026-02-07 03:00:00,karup,-0.25,0.0,6.65,0.05,997.675,95.0,100.0
1770433200,2026-02-07 03:00:00,2026-02-07 04:00:00,karup,-0.35,0.0,6.2,0.0,997.917,96.0,100.0
1770436800,2026-02-07 04:00:00,2026-02-07 05:00:00,karup,-0.35,0.0,6.25,0.0,998.325,96.0,100.0
1770440400,2026-02-07 05:00:00,2026-02-07 06:00:00,karup,-0.35,0.0,6.2,0.0,998.742,96.5,100.0
1770444000,2026-02-07 06:00:00,2026-02-07 07:00:00,karup,-0.3,0.0,6.05,0.0,999.208,96.5,100.0
1770447600,2026-02-07 07:00:00,2026-02-07 08:00:00,karup,-0.35,0.0,6.25,0.0,999.675,95.5,100.0
1770451200,2026-02-07 08:00:00,2026-02-07 09:00:00,karup,-0.4,3.0,6.25,0.0,1000.33,94.0,100.0
1770454800,2026-02-07 09:00:00,2026-02-07 10:00:00,karup,-0.3,18.0,6.45,0.0,1001.07,93.0,100.0
1770458400,2026-02-07 10:00:00,2026-02-07 11:00:00,karup,-0.1,37.0,6.65,0.0,1001.62,92.5,100.0
1770462000,2026-02-07 11:00:00,2026-02-07 12:00:00,karup,0.05,49.0,6.5,0.0,1002.11,91.5,100.0
1770465600,2026-02-07 12:00:00,2026-02-07 13:00:00,karup,0.15,69.0,6.05,0.0,1002.54,90.5,100.0
1770469200,2026-02-07 13:00:00,2026-02-07 14:00:00,karup,0.15,59.0,5.95,0.0,1002.72,89.5,100.0
1770472800,2026-02-07 14:00:00,2026-02-07 15:00:00,karup,0.1,54.0,5.85,0.0,1003.23,91.0,100.0
1770476400,2026-02-07 15:00:00,2026-02-07 16:00:00,karup,-0.3,18.0,5.4,0.15,1003.8,96.0,100.0
1770480000,2026-02-07 16:00:00,2026-02-07 17:00:00,karup,-0.35,7.0,5.15,0.05,1004.22,96.0,100.0
1770483600,2026-02-07 17:00:00,2026-02-07 18:00:00,karup,-0.4,0.0,5.8,0.0,1004.83,94.5,100.0
1770487200,2026-02-07 18:00:00,2026-02-07 19:00:00,karup,-0.6,,6.2,0.0,1005.37,95.0,100.0
1770490800,2026-02-07 19:00:00,2026-02-07 20:00:00,karup,-0.5,0.0,5.6,0.0,1005.79,94.0,100.0
1770494400,2026-02-07 20:00:00,2026-02-07 21:00:00,karup,-0.4,0.0,5.4,0.0,1006.17,92.5,100.0
1770498000,2026-02-07 21:00:00,2026-02-07 22:00:00,karup,-0.5,0.0,5.05,0.0,1006.62,95.0,100.0
1770501600,2026-02-07 22:00:00,2026-02-07 23:00:00,karup,-0.5,0.0,5.1,0.0,1006.95,97.5,100.0
1770505200,2026-02-07 23:00:00,2026-02-08 00:00:00,karup,-0.3,0.0,5.7,0.0,1007.28,96.0,100.0
1770508800,2026-02-08 00:00:00,2026-02-08 01:00:00,karup,-0.35,0.0,5.05,0.0,1007.58,96.0,100.0
1770512400,2026-02-08 01:00:00,2026-02-08 02:00:00,karup,-0.55,0.0,4.55,0.05,1007.8,96.0,100.0
1770516000,2026-02-08 02:00:00,2026-02-08 03:00:00,karup,-0.5,0.0,4.9,0.05,1008.1,94.5,100.0
1770519600,2026-02-08 03:00:00,2026-02-08 04:00:00,karup,-0.4,0.0,5.6,0.05,1008.32,92.0,100.0
1770523200,2026-02-08 04:00:00,2026-02-08 05:00:00,karup,-0.85,0.0,6.1,0.0,1008.62,90.0,100.0
1770526800,2026-02-08 05:00:00,2026-02-08 06:00:00,karup,-1.55,0.0,6.25,0.0,1008.83,88.0,100.0
1770530400,2026-02-08 06:00:00,2026-02-08 07:00:00,karup,-2.1,0.0,5.65,0.0,1009.09,86.5,100.0
1770534000,2026-02-08 07:00:00,2026-02-08 08:00:00,karup,-2.25,0.0,5.85,0.0,1009.36,86.5,100.0
1770537600,2026-02-08 08:00:00,2026-02-08 09:00:00,karup,-2.2,10.0,5.55,0.0,1009.64,87.0,100.0
1770541200,2026-02-08 09:00:00,2026-02-08 10:00:00,karup,-2.0,45.0,5.15,0.0,1009.7,87.0,100.0
1770544800,2026-02-08 10:00:00,2026-02-08 11:00:00,karup,-1.7,101.0,5.7,0.0,1009.91,84.5,100.0
1770548400,2026-02-08 11:00:00,2026-02-08 12:00:00,karup,-1.5,100.0,5.8,0.0,1009.91,85.5,100.0
1770552000,2026-02-08 12:00:00,2026-02-08 13:00:00,karup,-1.1,140.0,5.65,0.0,1009.84,85.0,100.0
1770555600,2026-02-08 13:00:00,2026-02-08 14:00:00,karup,-0.85,108.0,5.05,0.0,1009.79,84.5,100.0
1770559200,2026-02-08 14:00:00,2026-02-08 15:00:00,karup,-0.85,68.0,5.3,0.0,1009.83,82.5,100.0
1770562800,2026-02-08 15:00:00,2026-02-08 16:00:00,karup,-0.85,49.0,5.35,0.0,1009.82,82.5,100.0
1770566400,2026-02-08 16:00:00,2026-02-08 17:00:00,karup,-1.0,16.0,5.15,0.0,1009.85,86.0,100.0
1770570000,2026-02-08 17:00:00,2026-02-08 18:00:00,karup,-1.05,1.0,5.35,0.0,1009.95,87.0,100.0
1770573600,2026-02-08 18:00:00,2026-02-08 19:00:00,karup,-1.15,0.0,5.3,0.0,1009.87,87.0,100.0
1770577200,2026-02-08 19:00:00,2026-02-08 20:00:00,karup,-1.05,0.0,4.95,0.0,1009.81,86.0,100.0
1770580800,2026-02-08 20:00:00,2026-02-08 21:00:00,karup,-0.85,0.0,5.1,0.0,1009.67,85.0,100.0
1770584400,2026-02-08 21:00:00,2026-02-08 22:00:00,karup,-0.7,0.0,5.65,0.0,1009.62,84.5,100.0
1770588000,2026-02-08 22:00:00,2026-02-08 23:00:00,karup,-0.6,0.0,5.4,0.0,1009.59,85.5,100.0
1770591600,2026-02-08 23:00:00,2026-02-09 00:00:00,karup,-0.75,0.0,4.8,0.0,1009.46,87.0,100.0
1770595200,2026-02-09 00:00:00,2026-02-09 01:00:00,karup,-0.85,0.0,4.4,0.0,1009.06,88.5,100.0
1770598800,2026-02-09 01:00:00,2026-02-09 02:00:00,karup,-0.9,0.0,4.55,0.0,1008.53,89.5,100.0
1770602400,2026-02-09 02:00:00,2026-02-09 03:00:00,karup,-0.95,0.0,4.65,0.0,1007.94,89.0,100.0
1770606000,2026-02-09 03:00:00,2026-02-09 04:00:00,karup,-1.0,0.0,4.25,0.0,1007.55,89.0,100.0
1770609600,2026-02-09 04:00:00,2026-02-09 05:00:00,karup,-1.05,0.0,4.3,0.0,1007.27,89.0,100.0
1770613200,2026-02-09 05:00:00,2026-02-09 06:00:00,karup,-1.0,0.0,3.85,0.0,1007.01,89.5,100.0
1770616800,2026-02-09 06:00:00,2026-02-09 07:00:00,karup,-1.15,0.0,3.65,0.0,1006.88,92.0,100.0
1770620400,2026-02-09 07:00:00,2026-02-09 08:00:00,karup,-1.3,0.0,3.45,0.0,1006.57,93.0,100.0
1770624000,2026-02-09 08:00:00,2026-02-09 09:00:00,karup,-1.3,7.0,3.95,0.0,1006.43,93.0,100.0
1770627600,2026-02-09 09:00:00,2026-02-09 10:00:00,karup,-1.2,20.0,4.3,0.0,1006.09,95.0,100.0
1770631200,2026-02-09 10:00:00,2026-02-09 11:00:00,karup,-1.1,51.0,4.5,0.0,1005.82,95.5,100.0
1770634800,2026-02-09 11:00:00,2026-02-09 12:00:00,karup,-0.9,98.0,4.35,0.0,1005.19,94.0,100.0
1770638400,2026-02-09 12:00:00,2026-02-09 13:00:00,karup,-0.55,89.0,4.35,0.0,1004.72,92.5,100.0
1770642000,2026-02-09 13:00:00,2026-02-09 14:00:00,karup,-0.35,75.0,4.45,0.0,1004.29,91.0,100.0
1770645600,2026-02-09 14:00:00,2026-02-09 15:00:00,karup,-0.35,58.0,4.3,0.0,1003.87,90.5,100.0
1770649200,2026-02-09 15:00:00,2026-02-09 16:00:00,karup,-0.4,32.0,4.1,0.0,1003.54,90.5,100.0
1770652800,2026-02-09 16:00:00,2026-02-09 17:00:00,karup,-0.5,9.0,4.25,0.0,1003.21,91.0,100.0
1770656400,2026-02-09 17:00:00,2026-02-09 18:00:00,karup,-0.6,0.0,3.8,0.0,1002.78,90.5,100.0
1770660000,2026-02-09 18:00:00,2026-02-09 19:00:00,karup,-0.7,0.0,4.0,0.0,1002.37,91.5,100.0
1770663600,2026-02-09 19:00:00,2026-02-09 20:00:00,karup,-0.8,0.0,3.85,0.0,1002.02,93.0,100.0
1770667200,2026-02-09 20:00:00,2026-02-09 21:00:00,karup,-0.85,0.0,3.9,0.0,1001.78,93.5,100.0
1770670800,2026-02-09 21:00:00,2026-02-09 22:00:00,karup,-0.9,0.0,3.4,0.0,1001.4,94.0,100.0
1770674400,2026-02-09 22:00:00,2026-02-09 23:00:00,karup,-0.9,0.0,3.3,0.0,1000.88,93.5,100.0
1770678000,2026-02-09 23:00:00,2026-02-10 00:00:00,karup,-1.0,0.0,3.25,0.0,1000.53,93.5,100.0
1770681600,2026-02-10 00:00:00,2026-02-10 01:00:00,karup,-1.05,0.0,3.25,0.0,999.858,93.5,100.0
1770685200,2026-02-10 01:00:00,2026-02-10 02:00:00,karup,-1.1,0.0,3.15,0.0,999.242,94.5,100.0
1770688800,2026-02-10 02:00:00,2026-02-10 03:00:00,karup,-1.1,0.0,3.15,0.0,998.483,95.0,100.0
1770692400,2026-02-10 03:00:00,2026-02-10 04:00:00,karup,-1.25,0.0,2.65,0.05,997.742,97.0,100.0
1770696000,2026-02-10 04:00:00,2026-02-10 05:00:00,karup,-1.25,0.0,2.95,0.0,997.075,97.5,100.0
1770699600,2026-02-10 05:00:00,2026-02-10 06:00:00,karup,-1.15,0.0,2.85,0.0,996.558,98.0,100.0
1770703200,2026-02-10 06:00:00,2026-02-10 07:00:00,karup,-1.05,0.0,2.8,0.0,995.992,98.0,100.0
1770706800,2026-02-10 07:00:00,2026-02-10 08:00:00,karup,-1.0,0.0,3.1,0.0,995.608,98.0,100.0
1770710400,2026-02-10 08:00:00,2026-02-10 09:00:00,karup,-0.9,6.0,3.25,0.0,995.192,98.0,100.0
1770714000,2026-02-10 09:00:00,2026-02-10 10:00:00,karup,-0.8,,3.6,0.0,994.645,97.0,100.0
1770717600,2026-02-10 10:00:00,2026-02-10 11:00:00,karup,-0.4,48.0,3.65,0.0,994.092,96.5,100.0
1770721200,2026-02-10 11:00:00,2026-02-10 12:00:00,karup,-0.25,62.0,4.0,0.0,993.6,96.5,100.0
1770724800,2026-02-10 12:00:00,2026-02-10 13:00:00,karup,-0.05,72.0,3.75,0.0,992.85,96.5,100.0
1770728400,2026-02-10 13:00:00,2026-02-10 14:00:00,karup,0.05,61.0,3.65,0.0,991.783,96.0,100.0
1770732000,2026-02-10 14:00:00,2026-02-10 15:00:00,karup,0.1,53.0,4.0,0.0,990.967,96.5,100.0
1770735600,2026-02-10 15:00:00,2026-02-10 16:00:00,karup,0.05,29.0,3.75,0.0,990.392,95.5,100.0
1770739200,2026-02-10 16:00:00,2026-02-10 17:00:00,karup,-0.1,11.0,4.2,0.0,989.958,96.0,100.0
1770742800,2026-02-10 17:00:00,2026-02-10 18:00:00,karup,-0.3,0.0,4.45,0.0,989.408,96.5,100.0
1770746400,2026-02-10 18:00:00,2026-02-10 19:00:00,karup,-0.35,0.0,4.35,0.0,988.825,97.0,100.0
1770750000,2026-02-10 19:00:00,2026-02-10 20:00:00,karup,-0.45,0.0,4.1,0.0,988.083,97.5,100.0
1770753600,2026-02-10 20:00:00,2026-02-10 21:00:00,karup,-0.4,0.0,3.85,0.0,987.692,96.5,100.0
1770757200,2026-02-10 21:00:00,2026-02-10 22:00:00,karup,-0.4,0.0,3.85,0.0,987.142,96.5,100.0
1770760800,2026-02-10 22:00:00,2026-02-10 23:00:00,karup,-0.4,0.0,4.2,0.0,986.483,97.0,100.0
1770764400,2026-02-10 23:00:00,2026-02-11 00:00:00,karup,-0.5,0.0,4.55,0.0,986.033,98.0,100.0
1770768000,2026-02-11 00:00:00,2026-02-11 01:00:00,karup,-0.75,0.0,5.15,0.0,985.492,98.5,100.0
1770771600,2026-02-11 01:00:00,2026-02-11 02:00:00,karup,-0.8,0.0,4.9,0.0,985.0,98.5,100.0
1770775200,2026-02-11 02:00:00,2026-02-11 03:00:00,karup,-0.8,0.0,4.8,0.0,984.533,98.0,100.0
1770778800,2026-02-11 03:00:00,2026-02-11 04:00:00,karup,-0.9,0.0,4.7,0.0,984.192,97.0,100.0
1770782400,2026-02-11 04:00:00,2026-02-11 05:00:00,karup,-0.95,0.0,4.85,0.0,984.058,96.5,100.0
1770786000,2026-02-11 05:00:00,2026-02-11 06:00:00,karup,-0.95,0.0,5.45,0.0,983.692,96.5,100.0
1770789600,2026-02-11 06:00:00,2026-02-11 07:00:00,karup,-0.85,0.0,4.95,0.0,983.625,96.0,100.0
1770793200,2026-02-11 07:00:00,2026-02-11 08:00:00,karup,-0.7,,4.6,0.0,983.7,94.0,100.0
1770796800,2026-02-11 08:00:00,2026-02-11 09:00:00,karup,-0.7,8.0,4.7,0.0,983.642,93.5,100.0
1770800400,2026-02-11 09:00:00,2026-02-11 10:00:00,karup,-0.6,37.0,5.3,0.0,983.667,92.5,95.0
1770804000,2026-02-11 10:00:00,2026-02-11 11:00:00,karup,-0.45,53.0,4.85,0.0,983.492,92.0,100.0
1770807600,2026-02-11 11:00:00,2026-02-11 12:00:00,karup,-0.2,146.0,5.05,0.0,983.133,90.0,100.0
1770811200,2026-02-11 12:00:00,2026-02-11 13:00:00,karup,-0.15,118.0,4.7,0.0,982.833,88.5,100.0
1770814800,2026-02-11 13:00:00,2026-02-11 14:00:00,karup,-0.1,80.0,5.1,0.0,982.333,87.0,100.0
1770818400,2026-02-11 14:00:00,2026-02-11 15:00:00,karup,-0.2,56.0,5.5,0.0,982.2,86.5,100.0
1770822000,2026-02-11 15:00:00,2026-02-11 16:00:00,karup,-0.35,38.0,5.05,0.0,982.075,88.5,100.0
1770825600,2026-02-11 16:00:00,2026-02-11 17:00:00,karup,-0.5,10.0,5.0,0.0,982.017,91.0,100.0
1770829200,2026-02-11 17:00:00,2026-02-11 18:00:00,karup,-0.7,0.0,4.4,0.0,982.108,92.5,100.0
1770832800,2026-02-11 18:00:00,2026-02-11 19:00:00,karup,-0.7,0.0,3.95,0.0,981.817,93.0,100.0
1770836400,2026-02-11 19:00:00,2026-02-11 20:00:00,karup,-0.65,0.0,4.8,0.0,981.525,93.0,100.0
1770840000,2026-02-11 20:00:00,2026-02-11 21:00:00,karup,-0.6,0.0,4.75,0.0,981.167,93.5,100.0
1770843600,2026-02-11 21:00:00,2026-02-11 22:00:00,karup,-0.6,0.0,4.75,0.0,980.892,94.5,100.0
1770847200,2026-02-11 22:00:00,2026-02-11 23:00:00,karup,-0.55,0.0,5.15,0.0,980.475,96.0,100.0
1770850800,2026-02-11 23:00:00,2026-02-12 00:00:00,karup,-0.4,0.0,5.0,0.0,980.108,95.5,100.0
1770854400,2026-02-12 00:00:00,2026-02-12 01:00:00,karup,-0.25,0.0,5.4,0.0,979.717,93.5,100.0
1770858000,2026-02-12 01:00:00,2026-02-12 02:00:00,karup,-0.3,0.0,5.8,0.0,979.375,92.0,100.0
1770861600,2026-02-12 02:00:00,2026-02-12 03:00:00,karup,-0.55,0.0,6.25,0.0,979.008,89.5,100.0
1770865200,2026-02-12 03:00:00,2026-02-12 04:00:00,karup,-0.85,0.0,6.1,0.0,978.617,89.5,100.0
1770868800,2026-02-12 04:00:00,2026-02-12 05:00:00,karup,-0.95,0.0,6.1,0.0,978.625,90.5,100.0
1770872400,2026-02-12 05:00:00,2026-02-12 06:00:00,karup,-1.1,0.0,6.3,0.0,978.567,91.5,100.0
1770876000,2026-02-12 06:00:00,2026-02-12 07:00:00,karup,-1.25,0.0,6.5,0.0,978.75,92.5,100.0
1770879600,2026-02-12 07:00:00,2026-02-12 08:00:00,karup,-1.55,0.0,6.2,0.0,979.042,94.0,100.0
1770883200,2026-02-12 08:00:00,2026-02-12 09:00:00,karup,-1.85,6.0,6.05,0.0,979.275,95.0,100.0
1770886800,2026-02-12 09:00:00,2026-02-12 10:00:00,karup,-1.75,39.0,6.6,0.0,979.475,95.5,100.0
1770890400,2026-02-12 10:00:00,2026-02-12 11:00:00,karup,-1.8,90.0,6.25,0.0,979.833,95.5,100.0
1770894000,2026-02-12 11:00:00,2026-02-12 12:00:00,karup,-1.65,110.0,6.65,0.0,980.067,94.0,100.0
1770897600,2026-02-12 12:00:00,2026-02-12 13:00:00,karup,-1.6,132.0,6.55,0.0,980.108,93.0,100.0
1770901200,2026-02-12 13:00:00,2026-02-12 14:00:00,karup,-1.5,137.0,6.55,0.0,980.358,92.0,100.0
1770904800,2026-02-12 14:00:00,2026-02-12 15:00:00,karup,-1.55,105.0,6.55,0.0,980.908,90.5,100.0
1770908400,2026-02-12 15:00:00,2026-02-12 16:00:00,karup,-1.65,70.0,6.55,0.0,981.425,90.5,100.0
1770912000,2026-02-12 16:00:00,2026-02-12 17:00:00,karup,-1.8,35.0,6.35,0.0,981.992,90.5,100.0
1770915600,2026-02-12 17:00:00,2026-02-12 18:00:00,karup,-2.05,3.0,5.75,0.0,982.675,91.5,100.0
1770919200,2026-02-12 18:00:00,2026-02-12 19:00:00,karup,-2.05,0.0,5.85,0.0,983.375,91.5,100.0
1770922800,2026-02-12 19:00:00,2026-02-12 20:00:00,karup,-1.9,0.0,5.65,0.0,984.017,89.5,100.0
1770926400,2026-02-12 20:00:00,2026-02-12 21:00:00,karup,-2.0,0.0,5.2,0.0,984.617,88.5,100.0
1770930000,2026-02-12 21:00:00,2026-02-12 22:00:00,karup,-2.15,0.0,5.25,0.0,985.108,88.0,100.0
1770933600,2026-02-12 22:00:00,2026-02-12 23:00:00,karup,-2.35,0.0,5.1,0.0,985.383,89.5,100.0
1770937200,2026-02-12 23:00:00,2026-02-13 00:00:00,karup,-2.25,0.0,4.85,0.0,985.892,90.0,100.0
1770940800,2026-02-13 00:00:00,2026-02-13 01:00:00,karup,-2.1,0.0,4.95,0.0,986.367,90.0,100.0
1770944400,2026-02-13 01:00:00,2026-02-13 02:00:00,karup,-2.1,0.0,4.95,0.0,986.8,90.0,100.0
1770948000,2026-02-13 02:00:00,2026-02-13 03:00:00,karup,-2.0,0.0,5.1,0.0,987.225,82.0,100.0
1770951600,2026-02-13 03:00:00,2026-02-13 04:00:00,karup,-2.3,0.0,4.3,0.0,987.792,79.5,100.0
1770955200,2026-02-13 04:00:00,2026-02-13 05:00:00,karup,-2.75,0.0,3.4,0.0,988.408,80.0,100.0
1770958800,2026-02-13 05:00:00,2026-02-13 06:00:00,karup,-3.1,0.0,4.0,0.0,988.875,80.5,100.0
1770962400,2026-02-13 06:00:00,2026-02-13 07:00:00,karup,-3.3,0.0,4.3,0.0,989.542,82.5,100.0
1770966000,2026-02-13 07:00:00,2026-02-13 08:00:00,karup,-3.45,0.0,4.4,0.0,990.292,84.0,95.0
1770969600,2026-02-13 08:00:00,2026-02-13 09:00:00,karup,-3.9,33.0,4.1,0.0,990.675,81.0,30.8333
1770973200,2026-02-13 09:00:00,2026-02-13 10:00:00,karup,-4.15,147.0,4.65,0.0,991.317,74.5,1.66667
1770976800,2026-02-13 10:00:00,2026-02-13 11:00:00,karup,-4.2,234.0,5.25,0.0,991.767,63.5,22.5
1770980400,2026-02-13 11:00:00,2026-02-13 12:00:00,karup,-4.75,293.0,5.7,0.0,992.092,73.5,95.0
1770984000,2026-02-13 12:00:00,2026-02-13 13:00:00,karup,-4.6,251.0,5.65,0.0,992.275,76.0,95.0
1770987600,2026-02-13 13:00:00,2026-02-13 14:00:00,karup,-4.05,343.0,5.6,0.0,992.575,73.0,10.8333
1770991200,2026-02-13 14:00:00,2026-02-13 15:00:00,karup,-3.65,246.0,5.7,0.0,993.2,71.0,0.0
1770994800,2026-02-13 15:00:00,2026-02-13 16:00:00,karup,-3.95,155.0,6.4,0.0,993.883,67.0,0.0
1770998400,2026-02-13 16:00:00,2026-02-13 17:00:00,karup,-4.5,80.0,5.1,0.0,994.567,67.5,14.1667
1771002000,2026-02-13 17:00:00,2026-02-13 18:00:00,karup,-5.9,3.0,3.6,0.0,995.525,72.5,67.5
1771005600,2026-02-13 18:00:00,2026-02-13 19:00:00,karup,-7.15,0.0,2.6,0.0,996.408,76.5,67.5
1771009200,2026-02-13 19:00:00,2026-02-13 20:00:00,karup,-7.5,0.0,2.5,0.0,996.95,80.0,96.6667
1771012800,2026-02-13 20:00:00,2026-02-13 21:00:00,karup,-7.4,0.0,2.0,0.0,997.392,80.5,71.6667
1771016400,2026-02-13 21:00:00,2026-02-13 22:00:00,karup,-7.8,0.0,2.25,0.0,998.025,83.0,70.0
1771020000,2026-02-13 22:00:00,2026-02-13 23:00:00,karup,-8.65,0.0,1.65,0.0,998.558,86.5,90.0
1771023600,2026-02-13 23:00:00,2026-02-14 00:00:00,karup,-8.6,0.0,1.5,0.0,999.191,87.5,90.0
1771027200,2026-02-14 00:00:00,2026-02-14 01:00:00,karup,-8.65,0.0,1.3,0.0,999.95,89.5,93.3333
1771030800,2026-02-14 01:00:00,2026-02-14 02:00:00,karup,-8.9,0.0,1.55,0.0,1000.67,90.5,93.3333
1771034400,2026-02-14 02:00:00,2026-02-14 03:00:00,karup,-9.05,0.0,2.7,0.0,1001.23,92.0,90.0
1771038000,2026-02-14 03:00:00,2026-02-14 04:00:00,karup,-9.4,0.0,1.6,0.0,1001.66,92.5,87.5
1771041600,2026-02-14 04:00:00,2026-02-14 05:00:00,karup,-9.95,0.0,1.8,0.0,1002.22,93.0,25.8333
1771045200,2026-02-14 05:00:00,2026-02-14 06:00:00,karup,-10.45,0.0,1.2,0.0,1002.74,93.5,0.0
1771048800,2026-02-14 06:00:00,2026-02-14 07:00:00,karup,-11.5,0.0,0.65,0.0,1003.71,93.0,0.0
1771052400,2026-02-14 07:00:00,2026-02-14 08:00:00,karup,-12.5,0.0,0.95,0.0,1004.65,92.0,0.0
1771056000,2026-02-14 08:00:00,2026-02-14 09:00:00,karup,-13.4,45.0,0.2,0.0,1005.22,89.0,0.0
1771059600,2026-02-14 09:00:00,2026-02-14 10:00:00,karup,-8.9,162.0,0.2,0.0,1005.4,92.0,
1771063200,2026-02-14 10:00:00,2026-02-14 11:00:00,karup,-5.9,264.0,0.6,0.0,1006.07,85.0,
1771066800,2026-02-14 11:00:00,2026-02-14 12:00:00,karup,-3.7,328.0,1.3,0.0,1006.87,79.0,0.0
1771070400,2026-02-14 12:00:00,2026-02-14 13:00:00,karup,-3.05,359.0,1.15,0.0,1007.17,73.5,0.0
1771074000,2026-02-14 13:00:00,2026-02-14 14:00:00,karup,-1.8,346.0,1.2,0.0,1007.67,60.5,16.6667
1771077600,2026-02-14 14:00:00,2026-02-14 15:00:00,karup,-1.4,273.0,1.1,0.0,1008.06,54.0,82.5
1771081200,2026-02-14 15:00:00,2026-02-14 16:00:00,karup,-1.35,178.0,1.1,0.1,1008.58,55.5,96.6667
1771084800,2026-02-14 16:00:00,2026-02-14 17:00:00,karup,-1.8,76.0,1.45,0.0,1009.08,61.0,100.0
1771088400,2026-02-14 17:00:00,2026-02-14 18:00:00,karup,-2.4,4.0,1.55,0.0,1009.58,65.5,100.0
1771092000,2026-02-14 18:00:00,2026-02-14 19:00:00,karup,-2.75,0.0,1.8,0.0,1009.92,67.5,75.8333
1771095600,2026-02-14 19:00:00,2026-02-14 20:00:00,karup,-3.35,0.0,2.15,0.0,1010.13,71.0,39.1667
1771099200,2026-02-14 20:00:00,2026-02-14 21:00:00,karup,-3.85,0.0,2.55,0.0,1010.38,73.5,90.0
1771102800,2026-02-14 21:00:00,2026-02-14 22:00:00,karup,-3.7,0.0,2.7,0.0,1010.39,76.0,98.3333
1771106400,2026-02-14 22:00:00,2026-02-14 23:00:00,karup,-3.25,0.0,2.9,0.0,1010.72,77.5,96.6667
1771110000,2026-02-14 23:00:00,2026-02-15 00:00:00,karup,-3.15,0.0,2.8,0.0,1010.92,79.0,100.0
1771113600,2026-02-15 00:00:00,2026-02-15 01:00:00,karup,-3.15,0.0,2.7,0.05,1011.0,80.5,98.3333
1771117200,2026-02-15 01:00:00,2026-02-15 02:00:00,karup,-3.2,0.0,3.2,0.0,1010.87,80.0,96.6667
1771120800,2026-02-15 02:00:00,2026-02-15 03:00:00,karup,-3.25,0.0,2.9,0.0,1010.57,78.5,100.0
1771124400,2026-02-15 03:00:00,2026-02-15 04:00:00,karup,-3.4,0.0,3.15,0.0,1010.32,79.0,91.6667
1771128000,2026-02-15 04:00:00,2026-02-15 05:00:00,karup,-3.55,0.0,3.45,0.0,1010.13,80.0,90.0
1771131600,2026-02-15 05:00:00,2026-02-15 06:00:00,karup,-3.7,0.0,4.0,0.0,1009.83,81.5,87.5
1771135200,2026-02-15 06:00:00,2026-02-15 07:00:00,karup,-3.65,0.0,3.8,0.0,1009.6,84.0,90.0
1771138800,2026-02-15 07:00:00,2026-02-15 08:00:00,karup,-3.45,2.0,3.65,0.0,1009.3,85.0,86.6667
1771142400,2026-02-15 08:00:00,2026-02-15 09:00:00,karup,-3.15,39.0,3.95,0.0,1009.0,84.5,95.0
1771146000,2026-02-15 09:00:00,2026-02-15 10:00:00,karup,-2.7,62.0,4.55,0.0,1008.5,81.0,95.0
1771149600,2026-02-15 10:00:00,2026-02-15 11:00:00,karup,-2.25,119.0,4.7,0.0,1007.98,75.0,100.0
1771153200,2026-02-15 11:00:00,2026-02-15 12:00:00,karup,-1.7,161.0,4.85,0.0,1007.31,68.0,98.3333
1771156800,2026-02-15 12:00:00,2026-02-15 13:00:00,karup,-1.1,249.0,5.75,0.0,1006.45,63.0,73.3333
1771160400,2026-02-15 13:00:00,2026-02-15 14:00:00,karup,-0.95,240.0,5.9,0.0,1005.58,62.0,39.1667
1771164000,2026-02-15 14:00:00,2026-02-15 15:00:00,karup,-1.25,197.0,5.7,0.0,1004.33,65.0,62.5
1771167600,2026-02-15 15:00:00,2026-02-15 16:00:00,karup,-1.95,109.0,5.95,0.0,1003.23,66.5,80.0
1771171200,2026-02-15 16:00:00,2026-02-15 17:00:00,karup,-2.55,47.0,5.55,0.0,1002.49,70.0,98.3333
1771174800,2026-02-15 17:00:00,2026-02-15 18:00:00,karup,-3.2,3.0,5.75,0.0,1001.42,74.0,100.0
1771178400,2026-02-15 18:00:00,2026-02-15 19:00:00,karup,-3.8,0.0,6.75,0.0,1000.15,75.0,100.0
1771182000,2026-02-15 19:00:00,2026-02-15 20:00:00,karup,-4.15,0.0,7.6,0.0,999.225,76.5,88.3333
1771185600,2026-02-15 20:00:00,2026-02-15 21:00:00,karup,-4.25,0.0,7.3,0.0,998.233,77.5,13.3333
1771189200,2026-02-15 21:00:00,2026-02-15 22:00:00,karup,-4.15,0.0,7.5,0.0,997.275,78.0,92.5
1771192800,2026-02-15 22:00:00,2026-02-15 23:00:00,karup,-3.85,0.0,6.95,0.0,996.667,77.5,91.6667
1771196400,2026-02-15 23:00:00,2026-02-16 00:00:00,karup,-3.55,0.0,6.4,0.0,995.917,77.5,91.6667
1771200000,2026-02-16 00:00:00,2026-02-16 01:00:00,karup,-3.4,0.0,6.25,0.0,994.808,76.5,96.6667
1771203600,2026-02-16 01:00:00,2026-02-16 02:00:00,karup,-3.4,0.0,6.2,0.0,993.783,77.0,100.0
1771207200,2026-02-16 02:00:00,2026-02-16 03:00:00,karup,-3.4,0.0,6.45,0.0,992.483,77.5,100.0
1771210800,2026-02-16 03:00:00,2026-02-16 04:00:00,karup,-3.4,0.0,7.6,0.0,991.533,76.5,100.0
1771214400,2026-02-16 04:00:00,2026-02-16 05:00:00,karup,-3.4,0.0,8.4,0.0,991.25,75.0,95.0
1771218000,2026-02-16 05:00:00,2026-02-16 06:00:00,karup,-3.4,0.0,8.35,0.0,990.75,74.5,95.0
1771221600,2026-02-16 06:00:00,2026-02-16 07:00:00,karup,-3.45,0.0,7.85,0.0,990.525,75.5,98.3333
1771225200,2026-02-16 07:00:00,2026-02-16 08:00:00,karup,-3.65,1.0,7.6,0.0,990.317,76.0,93.3333
1771228800,2026-02-16 08:00:00,2026-02-16 09:00:00,karup,-3.85,25.0,7.65,0.0,989.825,76.0,98.3333
1771232400,2026-02-16 09:00:00,2026-02-16 10:00:00,karup,-3.75,72.0,7.9,0.0,989.65,76.0,90.0
1771236000,2026-02-16 10:00:00,2026-02-16 11:00:00,karup,-3.45,113.0,8.35,0.0,989.508,76.0,90.0
1771239600,2026-02-16 11:00:00,2026-02-16 12:00:00,karup,-3.05,204.0,8.3,0.0,989.408,75.0,90.0
1771243200,2026-02-16 12:00:00,2026-02-16 13:00:00,karup,-2.8,169.0,8.2,0.0,989.225,74.0,90.0
1771246800,2026-02-16 13:00:00,2026-02-16 14:00:00,karup,-3.0,187.0,7.8,0.0,989.167,75.0,90.0
1771250400,2026-02-16 14:00:00,2026-02-16 15:00:00,karup,-3.05,124.0,8.1,0.0,989.133,75.5,100.0
1771254000,2026-02-16 15:00:00,2026-02-16 16:00:00,karup,-3.2,63.0,8.4,0.0,989.133,75.0,100.0
1771257600,2026-02-16 16:00:00,2026-02-16 17:00:00,karup,-3.3,29.0,8.1,0.0,989.642,73.5,100.0
1771261200,2026-02-16 17:00:00,2026-02-16 18:00:00,karup,-3.55,2.0,7.4,0.0,990.3,72.5,100.0
1771264800,2026-02-16 18:00:00,2026-02-16 19:00:00,karup,-3.65,0.0,7.15,0.0,990.642,73.0,100.0
1771268400,2026-02-16 19:00:00,2026-02-16 20:00:00,karup,-3.65,0.0,7.05,0.0,990.975,72.0,100.0
1771272000,2026-02-16 20:00:00,2026-02-16 21:00:00,karup,-3.65,0.0,6.55,0.0,991.542,70.0,100.0
1771275600,2026-02-16 21:00:00,2026-02-16 22:00:00,karup,-3.55,0.0,5.95,0.0,991.633,71.0,98.3333
1771279200,2026-02-16 22:00:00,2026-02-16 23:00:00,karup,-3.5,0.0,6.55,0.0,991.983,71.0,91.6667
1771282800,2026-02-16 23:00:00,2026-02-17 00:00:00,karup,-3.5,0.0,5.85,0.0,992.508,71.5,100.0
1771286400,2026-02-17 00:00:00,2026-02-17 01:00:00,karup,-3.5,0.0,5.25,0.0,992.9,72.0,100.0
1771290000,2026-02-17 01:00:00,2026-02-17 02:00:00,karup,-3.5,0.0,5.1,0.0,993.117,74.0,100.0
1771293600,2026-02-17 02:00:00,2026-02-17 03:00:00,karup,-3.5,0.0,5.1,0.0,993.1,74.5,100.0
1771297200,2026-02-17 03:00:00,2026-02-17 04:00:00,karup,-3.6,0.0,5.0,0.0,993.217,75.0,91.6667
1771300800,2026-02-17 04:00:00,2026-02-17 05:00:00,karup,-3.8,0.0,5.0,0.0,993.508,75.5,95.0
1771304400,2026-02-17 05:00:00,2026-02-17 06:00:00,karup,-4.05,0.0,5.0,0.0,993.992,75.0,87.5
1771308000,2026-02-17 06:00:00,2026-02-17 07:00:00,karup,-4.3,0.0,4.75,0.0,994.642,74.5,100.0
1771311600,2026-02-17 07:00:00,2026-02-17 08:00:00,karup,-4.15,1.0,4.5,0.0,995.542,74.0,100.0
1771315200,2026-02-17 08:00:00,2026-02-17 09:00:00,karup,-4.05,26.0,4.4,0.0,996.108,75.5,98.3333
1771318800,2026-02-17 09:00:00,2026-02-17 10:00:00,karup,-3.55,76.0,4.55,0.1,996.717,80.0,96.6667
1771322400,2026-02-17 10:00:00,2026-02-17 11:00:00,karup,-2.95,88.0,5.0,0.05,997.45,77.5,100.0
1771326000,2026-02-17 11:00:00,2026-02-17 12:00:00,karup,-2.7,154.0,5.3,0.1,997.958,78.5,100.0
1771329600,2026-02-17 12:00:00,2026-02-17 13:00:00,karup,-2.5,134.0,5.2,0.0,998.425,82.5,100.0
1771333200,2026-02-17 13:00:00,2026-02-17 14:00:00,karup,-2.3,155.0,5.05,0.05,999.133,80.5,100.0
1771336800,2026-02-17 14:00:00,2026-02-17 15:00:00,karup,-2.3,100.0,4.3,0.0,999.767,84.5,100.0
1771340400,2026-02-17 15:00:00,2026-02-17 16:00:00,karup,-2.4,75.0,4.15,0.0,1000.54,87.5,100.0
1771344000,2026-02-17 16:00:00,2026-02-17 17:00:00,karup,-2.7,24.0,3.5,0.0,1001.38,90.5,100.0
1771347600,2026-02-17 17:00:00,2026-02-17 18:00:00,karup,-3.0,3.0,3.35,0.05,1002.37,91.5,100.0
1771351200,2026-02-17 18:00:00,2026-02-17 19:00:00,karup,-3.3,0.0,3.3,0.0,1003.21,88.0,100.0
1771354800,2026-02-17 19:00:00,2026-02-17 20:00:00,karup,-3.65,0.0,2.7,0.0,1003.99,89.5,100.0
1771358400,2026-02-17 20:00:00,2026-02-17 21:00:00,karup,-4.0,0.0,2.1,0.0,1004.51,88.5,90.0
1771362000,2026-02-17 21:00:00,2026-02-17 22:00:00,karup,-4.55,0.0,2.1,0.0,1004.82,89.5,90.0
1771365600,2026-02-17 22:00:00,2026-02-17 23:00:00,karup,-4.8,0.0,2.3,0.0,1005.08,88.0,100.0
1771369200,2026-02-17 23:00:00,2026-02-18 00:00:00,karup,-5.0,0.0,0.9,0.0,1005.49,89.0,90.0
1771372800,2026-02-18 00:00:00,2026-02-18 01:00:00,karup,-6.0,0.0,1.1,0.0,1005.94,91.0,91.6667
1771376400,2026-02-18 01:00:00,2026-02-18 02:00:00,karup,-7.65,0.0,1.1,0.0,1006.47,93.5,78.3333
1771380000,2026-02-18 02:00:00,2026-02-18 03:00:00,karup,-8.5,0.0,0.65,0.0,1006.51,93.5,80.8333
1771383600,2026-02-18 03:00:00,2026-02-18 04:00:00,karup,-10.5,0.0,0.85,0.0,1006.65,91.5,100.0
1771387200,2026-02-18 04:00:00,2026-02-18 05:00:00,karup,-8.8,0.0,0.95,0.0,1006.55,92.5,95.0
1771390800,2026-02-18 05:00:00,2026-02-18 06:00:00,karup,-7.45,0.0,0.65,0.0,1006.55,92.5,93.3333
1771394400,2026-02-18 06:00:00,2026-02-18 07:00:00,karup,-7.65,0.0,1.1,0.0,1006.77,91.5,96.6667
1771398000,2026-02-18 07:00:00,2026-02-18 08:00:00,karup,-5.8,,2.6,0.0,1006.78,88.0,91.6667
1771401600,2026-02-18 08:00:00,2026-02-18 09:00:00,karup,-5.85,38.0,2.45,0.0,1006.76,89.0,33.3333
1771405200,2026-02-18 09:00:00,2026-02-18 10:00:00,karup,-4.65,144.0,2.7,0.0,1006.92,85.5,53.3333
1771408800,2026-02-18 10:00:00,2026-02-18 11:00:00,karup,-3.25,275.0,3.0,0.0,1007.0,79.0,20.0
1771412400,2026-02-18 11:00:00,2026-02-18 12:00:00,karup,-1.3,358.0,3.15,0.0,1007.04,73.5,8.33333
1771416000,2026-02-18 12:00:00,2026-02-18 13:00:00,karup,-0.45,324.0,4.3,0.0,1006.69,75.0,30.8333
1771419600,2026-02-18 13:00:00,2026-02-18 14:00:00,karup,0.45,309.0,3.55,0.0,1006.43,77.0,80.8333
1771423200,2026-02-18 14:00:00,2026-02-18 15:00:00,karup,0.8,197.0,4.45,0.0,1006.48,79.5,90.0
1771426800,2026-02-18 15:00:00,2026-02-18 16:00:00,karup,0.7,102.0,4.0,0.0,1006.29,81.5,90.0
1771430400,2026-02-18 16:00:00,2026-02-18 17:00:00,karup,0.1,52.0,3.65,0.0,1006.06,83.5,40.0
1771434000,2026-02-18 17:00:00,2026-02-18 18:00:00,karup,-1.1,6.0,2.7,0.0,1006.16,87.0,25.0
1771437600,2026-02-18 18:00:00,2026-02-18 19:00:00,karup,-2.65,0.0,2.2,0.0,1006.36,90.5,1.66667
1771441200,2026-02-18 19:00:00,2026-02-18 20:00:00,karup,-4.35,0.0,2.2,0.0,1006.42,94.0,3.33333
1771444800,2026-02-18 20:00:00,2026-02-18 21:00:00,karup,-4.4,0.0,2.95,0.0,1006.22,93.5,0.0
1771448400,2026-02-18 21:00:00,2026-02-18 22:00:00,karup,-4.8,0.0,2.95,0.0,1006.04,94.5,0.0
1771452000,2026-02-18 22:00:00,2026-02-18 23:00:00,karup,-8.7,0.0,0.4,0.0,1005.76,94.0,2.0
1771455600,2026-02-18 23:00:00,2026-02-19 00:00:00,karup,-8.85,0.0,0.8,0.0,1006.01,94.5,1.66667
1771459200,2026-02-19 00:00:00,2026-02-19 01:00:00,karup,-8.65,0.0,0.9,0.0,1006.08,94.5,75.0
1771462800,2026-02-19 01:00:00,2026-02-19 02:00:00,karup,-7.3,0.0,1.15,0.0,1005.97,95.5,93.3333
1771466400,2026-02-19 02:00:00,2026-02-19 03:00:00,karup,-6.0,0.0,0.9,0.0,1005.78,95.5,96.0
1771470000,2026-02-19 03:00:00,2026-02-19 04:00:00,karup,-5.35,0.0,0.55,0.0,1005.76,95.0,95.0
1771473600,2026-02-19 04:00:00,2026-02-19 05:00:00,karup,-5.2,0.0,1.1,0.0,1005.91,95.0,100.0
1771477200,2026-02-19 05:00:00,2026-02-19 06:00:00,karup,-5.7,0.0,0.95,0.0,1005.87,94.5,93.3333
1771480800,2026-02-19 06:00:00,2026-02-19 07:00:00,karup,-6.25,0.0,2.05,0.0,1006.15,94.0,100.0
1771484400,2026-02-19 07:00:00,2026-02-19 08:00:00,karup,-4.75,3.0,3.4,0.0,1006.8,96.0,100.0
1771488000,2026-02-19 08:00:00,2026-02-19 09:00:00,karup,-4.55,33.0,3.7,0.0,1007.35,97.0,100.0
1771491600,2026-02-19 09:00:00,2026-02-19 10:00:00,karup,-3.95,87.0,3.75,0.0,1007.72,96.5,95.0
1771495200,2026-02-19 10:00:00,2026-02-19 11:00:00,karup,-3.75,140.0,4.15,0.0,1008.11,95.0,98.3333
1771498800,2026-02-19 11:00:00,2026-02-19 12:00:00,karup,-2.85,234.0,4.1,0.0,1008.31,91.0,28.3333
1771502400,2026-02-19 12:00:00,2026-02-19 13:00:00,karup,-1.2,435.0,3.75,0.0,1008.58,77.5,0.0
1771506000,2026-02-19 13:00:00,2026-02-19 14:00:00,karup,-0.25,390.0,3.5,0.0,1008.83,69.5,0.0
1771509600,2026-02-19 14:00:00,2026-02-19 15:00:00,karup,0.05,314.0,3.9,0.0,1009.18,66.5,0.0
1771513200,2026-02-19 15:00:00,2026-02-19 16:00:00,karup,-0.1,224.0,3.8,0.0,1009.33,64.5,0.0
1771516800,2026-02-19 16:00:00,2026-02-19 17:00:00,karup,-0.65,89.0,3.1,0.0,1009.81,62.5,0.0
1771520400,2026-02-19 17:00:00,2026-02-19 18:00:00,karup,-2.1,6.0,2.55,0.0,1010.68,66.5,0.0
1771524000,2026-02-19 18:00:00,2026-02-19 19:00:00,karup,-4.25,0.0,1.85,0.0,1011.55,75.0,0.0
1771527600,2026-02-19 19:00:00,2026-02-19 20:00:00,karup,-6.15,0.0,1.25,0.0,1012.17,83.5,1.66667
1771531200,2026-02-19 20:00:00,2026-02-19 21:00:00,karup,-7.25,0.0,1.55,0.0,1012.61,85.5,78.3333
1771534800,2026-02-19 21:00:00,2026-02-19 22:00:00,karup,-7.6,0.0,2.05,0.0,1012.93,90.0,90.0
1771538400,2026-02-19 22:00:00,2026-02-19 23:00:00,karup,-6.75,0.0,2.6,0.0,1013.03,91.5,98.3333
1771542000,2026-02-19 23:00:00,2026-02-20 00:00:00,karup,-6.6,0.0,2.4,0.0,1013.3,93.5,95.0
1771545600,2026-02-20 00:00:00,2026-02-20 01:00:00,karup,-6.8,0.0,2.4,0.0,1013.59,94.0,100.0
1771549200,2026-02-20 01:00:00,2026-02-20 02:00:00,karup,-6.5,0.0,2.35,0.0,1013.54,93.0,100.0
1771552800,2026-02-20 02:00:00,2026-02-20 03:00:00,karup,-5.6,0.0,3.05,0.0,1013.42,91.0,100.0
1771556400,2026-02-20 03:00:00,2026-02-20 04:00:00,karup,-5.5,0.0,3.1,0.0,1013.04,90.0,100.0
1771560000,2026-02-20 04:00:00,2026-02-20 05:00:00,karup,-5.3,0.0,3.7,0.0,1012.88,91.5,100.0
1771563600,2026-02-20 05:00:00,2026-02-20 06:00:00,karup,-5.1,0.0,3.75,0.0,1012.48,92.5,100.0
1771567200,2026-02-20 06:00:00,2026-02-20 07:00:00,karup,-4.25,0.0,4.3,0.0,1012.3,91.0,100.0
1771570800,2026-02-20 07:00:00,2026-02-20 08:00:00,karup,-3.55,2.0,5.05,0.0,1012.32,86.0,95.0
1771574400,2026-02-20 08:00:00,2026-02-20 09:00:00,karup,-2.9,37.0,5.7,0.0,1011.9,79.0,100.0
1771578000,2026-02-20 09:00:00,2026-02-20 10:00:00,karup,-2.05,120.0,6.7,0.0,1010.98,70.0,100.0
1771581600,2026-02-20 10:00:00,2026-02-20 11:00:00,karup,-1.15,162.0,7.45,0.0,1009.77,60.5,100.0
1771585200,2026-02-20 11:00:00,2026-02-20 12:00:00,karup,-0.6,204.0,7.7,0.0,1009.04,55.5,100.0
1771588800,2026-02-20 12:00:00,2026-02-20 13:00:00,karup,-0.25,207.0,7.2,0.0,1008.08,53.0,100.0
1771592400,2026-02-20 13:00:00,2026-02-20 14:00:00,karup,-0.35,152.0,6.75,0.0,1007.64,54.5,100.0
1771596000,2026-02-20 14:00:00,2026-02-20 15:00:00,karup,-1.45,81.0,6.5,0.0,1006.88,72.5,100.0
1771599600,2026-02-20 15:00:00,2026-02-20 16:00:00,karup,-2.1,48.0,5.85,0.0,1005.98,86.5,100.0
1771603200,2026-02-20 16:00:00,2026-02-20 17:00:00,karup,-2.15,21.0,5.7,0.15,1004.9,91.5,100.0
1771606800,2026-02-20 17:00:00,2026-02-20 18:00:00,karup,-2.0,3.0,5.1,0.1,1004.14,95.0,100.0
1771610400,2026-02-20 18:00:00,2026-02-20 19:00:00,karup,-1.5,0.0,5.25,0.1,1003.41,95.5,100.0
1771614000,2026-02-20 19:00:00,2026-02-20 20:00:00,karup,-0.9,0.0,5.1,0.3,1002.63,97.0,100.0
1771617600,2026-02-20 20:00:00,2026-02-20 21:00:00,karup,-0.2,0.0,4.9,0.3,1001.9,98.5,100.0
1771621200,2026-02-20 21:00:00,2026-02-20 22:00:00,karup,0.5,0.0,4.7,0.4,1000.81,99.5,100.0
1771624800,2026-02-20 22:00:00,2026-02-20 23:00:00,karup,1.0,0.0,4.45,0.4,999.683,99.5,100.0
1771628400,2026-02-20 23:00:00,2026-02-21 00:00:00,karup,1.6,0.0,4.7,0.3,998.792,99.5,100.0
1771632000,2026-02-21 00:00:00,2026-02-21 01:00:00,karup,1.75,0.0,4.65,0.6,997.95,99.5,100.0
1771635600,2026-02-21 01:00:00,2026-02-21 02:00:00,karup,2.1,0.0,4.3,0.45,997.258,99.5,100.0
1771639200,2026-02-21 02:00:00,2026-02-21 03:00:00,karup,2.25,0.0,3.9,1.2,996.575,99.0,100.0
1771642800,2026-02-21 03:00:00,2026-02-21 04:00:00,karup,2.2,0.0,3.45,1.7,996.117,99.5,100.0
1771646400,2026-02-21 04:00:00,2026-02-21 05:00:00,karup,2.1,0.0,2.9,1.0,996.142,99.5,100.0
1771650000,2026-02-21 05:00:00,2026-02-21 06:00:00,karup,1.95,0.0,2.75,0.5,996.325,99.5,16.6667
1771653600,2026-02-21 06:00:00,2026-02-21 07:00:00,karup,2.1,0.0,3.25,0.15,996.833,100.0,0.0
1771657200,2026-02-21 07:00:00,2026-02-21 08:00:00,karup,2.5,0.0,3.35,0.1,997.617,100.0,50.0
1771660800,2026-02-21 08:00:00,2026-02-21 09:00:00,karup,3.15,24.0,4.1,0.15,998.217,100.0,100.0
1771664400,2026-02-21 09:00:00,2026-02-21 10:00:00,karup,3.8,71.0,4.45,0.1,998.542,100.0,100.0
1771668000,2026-02-21 10:00:00,2026-02-21 11:00:00,karup,4.35,115.0,4.95,0.15,998.867,99.0,100.0
1771671600,2026-02-21 11:00:00,2026-02-21 12:00:00,karup,4.35,102.0,6.8,0.15,999.367,97.5,100.0
1771675200,2026-02-21 12:00:00,2026-02-21 13:00:00,karup,4.2,107.0,7.15,0.2,999.925,98.0,100.0
1771678800,2026-02-21 13:00:00,2026-02-21 14:00:00,karup,3.95,101.0,6.85,0.05,1000.7,99.0,100.0
1771682400,2026-02-21 14:00:00,2026-02-21 15:00:00,karup,4.05,85.0,6.7,0.1,1001.56,98.5,90.0
1771686000,2026-02-21 15:00:00,2026-02-21 16:00:00,karup,4.45,81.0,6.2,0.0,1002.18,92.0,8.33333
1771689600,2026-02-21 16:00:00,2026-02-21 17:00:00,karup,4.15,86.0,6.05,0.0,1003.09,86.5,40.8333
1771693200,2026-02-21 17:00:00,2026-02-21 18:00:00,karup,3.05,13.0,5.3,0.0,1003.92,88.0,72.5
1771696800,2026-02-21 18:00:00,2026-02-21 19:00:00,karup,2.15,0.0,5.0,0.0,1004.49,91.5,16.6667
1771700400,2026-02-21 19:00:00,2026-02-21 20:00:00,karup,1.65,0.0,4.55,0.05,1004.86,94.5,56.6667
1771704000,2026-02-21 20:00:00,2026-02-21 21:00:00,karup,1.35,0.0,4.2,0.05,1005.34,95.0,70.0
1771707600,2026-02-21 21:00:00,2026-02-21 22:00:00,karup,1.25,0.0,2.95,0.0,1005.79,97.0,90.0
1771711200,2026-02-21 22:00:00,2026-02-21 23:00:00,karup,0.9,0.0,1.35,0.0,1005.95,98.5,90.0
1771714800,2026-02-21 23:00:00,2026-02-22 00:00:00,karup,0.75,0.0,1.05,0.0,1005.65,98.5,93.3333
1771718400,2026-02-22 00:00:00,2026-02-22 01:00:00,karup,0.65,0.0,1.45,0.0,1005.19,99.5,100.0
1771722000,2026-02-22 01:00:00,2026-02-22 02:00:00,karup,0.7,0.0,1.15,0.0,1004.57,99.5,95.0
1771725600,2026-02-22 02:00:00,2026-02-22 03:00:00,karup,0.9,0.0,2.0,0.05,1004.1,99.5,100.0
1771729200,2026-02-22 03:00:00,2026-02-22 04:00:00,karup,1.1,0.0,1.55,0.7,1003.58,100.0,100.0
1771732800,2026-02-22 04:00:00,2026-02-22 05:00:00,karup,1.0,0.0,2.0,1.2,1002.97,99.5,100.0
1771736400,2026-02-22 05:00:00,2026-02-22 06:00:00,karup,1.15,0.0,3.2,1.25,1002.21,99.5,100.0
1771740000,2026-02-22 06:00:00,2026-02-22 07:00:00,karup,1.05,0.0,4.55,0.25,1001.79,98.5,100.0
1771743600,2026-02-22 07:00:00,2026-02-22 08:00:00,karup,1.0,0.0,5.1,0.3,1001.37,98.0,100.0
1771747200,2026-02-22 08:00:00,2026-02-22 09:00:00,karup,1.1,17.0,5.75,0.0,1000.95,97.0,100.0
1771750800,2026-02-22 09:00:00,2026-02-22 10:00:00,karup,1.3,47.0,6.2,0.0,1000.6,97.0,100.0
1771754400,2026-02-22 10:00:00,2026-02-22 11:00:00,karup,1.55,62.0,5.4,0.0,1000.19,98.0,100.0
1771758000,2026-02-22 11:00:00,2026-02-22 12:00:00,karup,1.6,71.0,5.1,0.1,999.492,98.5,100.0
1771761600,2026-02-22 12:00:00,2026-02-22 13:00:00,karup,1.7,71.0,4.15,0.0,998.608,99.5,100.0
1771765200,2026-02-22 13:00:00,2026-02-22 14:00:00,karup,1.95,28.0,3.5,0.05,997.808,100.0,100.0
1771768800,2026-02-22 14:00:00,2026-02-22 15:00:00,karup,2.05,7.0,2.9,3.75,997.125,100.0,100.0
1771772400,2026-02-22 15:00:00,2026-02-22 16:00:00,karup,2.45,7.0,2.5,2.35,996.733,100.0,100.0
1771776000,2026-02-22 16:00:00,2026-02-22 17:00:00,karup,2.95,19.0,2.25,0.3,996.825,99.5,66.6667
1771779600,2026-02-22 17:00:00,2026-02-22 18:00:00,karup,3.5,2.0,3.2,0.1,997.15,100.0,0.0
1771783200,2026-02-22 18:00:00,2026-02-22 19:00:00,karup,3.95,0.0,3.35,0.05,997.508,100.0,0.0
1771786800,2026-02-22 19:00:00,2026-02-22 20:00:00,karup,3.85,0.0,4.5,0.05,997.825,100.0,0.0
1771790400,2026-02-22 20:00:00,2026-02-22 21:00:00,karup,3.5,0.0,3.9,0.0,998.142,100.0,0.0
1771794000,2026-02-22 21:00:00,2026-02-22 22:00:00,karup,3.4,0.0,4.35,0.05,998.025,100.0,66.6667
1771797600,2026-02-22 22:00:00,2026-02-22 23:00:00,karup,3.5,0.0,3.75,0.0,997.733,100.0,100.0
1771801200,2026-02-22 23:00:00,2026-02-23 00:00:00,karup,3.7,0.0,3.65,0.0,997.808,100.0,100.0
1771804800,2026-02-23 00:00:00,2026-02-23 01:00:00,karup,3.6,0.0,3.45,0.05,997.517,100.0,100.0
1771808400,2026-02-23 01:00:00,2026-02-23 02:00:00,karup,3.4,0.0,3.3,0.0,997.058,100.0,33.3333
1771812000,2026-02-23 02:00:00,2026-02-23 03:00:00,karup,3.5,0.0,3.4,0.0,996.558,100.0,66.6667
1771815600,2026-02-23 03:00:00,2026-02-23 04:00:00,karup,3.45,0.0,3.65,0.05,996.158,100.0,16.6667
1771819200,2026-02-23 04:00:00,2026-02-23 05:00:00,karup,3.15,0.0,3.45,0.0,995.683,100.0,100.0
1771822800,2026-02-23 05:00:00,2026-02-23 06:00:00,karup,3.0,0.0,3.25,0.0,995.508,100.0,100.0
1771826400,2026-02-23 06:00:00,2026-02-23 07:00:00,karup,3.35,0.0,3.35,1.8,995.217,100.0,100.0
1771830000,2026-02-23 07:00:00,2026-02-23 08:00:00,karup,3.75,0.0,3.0,0.0,995.242,100.0,100.0
1771833600,2026-02-23 08:00:00,2026-02-23 09:00:00,karup,4.2,19.0,3.75,0.05,995.45,99.5,100.0
1771837200,2026-02-23 09:00:00,2026-02-23 10:00:00,karup,4.4,56.0,4.4,0.0,995.492,99.0,100.0
1771840800,2026-02-23 10:00:00,2026-02-23 11:00:00,karup,5.0,137.0,4.05,0.0,995.658,98.0,95.0
1771844400,2026-02-23 11:00:00,2026-02-23 12:00:00,karup,5.5,101.0,4.7,0.0,995.758,96.5,96.6667
1771848000,2026-02-23 12:00:00,2026-02-23 13:00:00,karup,5.55,73.0,4.35,0.0,995.783,95.0,98.3333
1771851600,2026-02-23 13:00:00,2026-02-23 14:00:00,karup,5.75,85.0,4.45,0.0,995.892,95.0,96.6667
1771855200,2026-02-23 14:00:00,2026-02-23 15:00:00,karup,5.45,84.0,3.85,0.4,996.117,96.0,100.0
1771858800,2026-02-23 15:00:00,2026-02-23 16:00:00,karup,5.1,47.0,3.7,0.25,996.358,98.0,100.0
1771862400,2026-02-23 16:00:00,2026-02-23 17:00:00,karup,4.75,23.0,3.25,0.15,996.708,98.0,100.0
1771866000,2026-02-23 17:00:00,2026-02-23 18:00:00,karup,4.5,4.0,3.15,0.2,997.3,98.5,100.0
1771869600,2026-02-23 18:00:00,2026-02-23 19:00:00,karup,4.25,0.0,2.3,0.3,997.9,99.5,100.0
1771873200,2026-02-23 19:00:00,2026-02-23 20:00:00,karup,4.0,0.0,2.75,0.0,998.7,99.5,33.3333
1771876800,2026-02-23 20:00:00,2026-02-23 21:00:00,karup,3.75,0.0,2.9,0.05,999.625,99.0,50.0
1771880400,2026-02-23 21:00:00,2026-02-23 22:00:00,karup,3.55,0.0,2.25,0.0,1000.43,99.5,66.6667
1771884000,2026-02-23 22:00:00,2026-02-23 23:00:00,karup,3.45,0.0,2.5,0.05,1001.3,100.0,0.0
1771887600,2026-02-23 23:00:00,2026-02-24 00:00:00,karup,3.45,0.0,2.1,0.0,1002.14,100.0,0.0
1771891200,2026-02-24 00:00:00,2026-02-24 01:00:00,karup,3.35,0.0,1.75,0.0,1002.96,100.0,0.0
1771894800,2026-02-24 01:00:00,2026-02-24 02:00:00,karup,3.15,0.0,2.1,0.0,1003.88,100.0,0.0
1771898400,2026-02-24 02:00:00,2026-02-24 03:00:00,karup,2.8,0.0,2.3,0.0,1004.66,100.0,0.0
1771902000,2026-02-24 03:00:00,2026-02-24 04:00:00,karup,2.6,0.0,1.8,0.0,1005.48,100.0,0.0
1771905600,2026-02-24 04:00:00,2026-02-24 05:00:00,karup,2.2,0.0,2.1,0.0,1006.33,101.0,0.0
1771909200,2026-02-24 05:00:00,2026-02-24 06:00:00,karup,1.9,0.0,1.3,0.0,1007.07,101.0,0.0
1771912800,2026-02-24 06:00:00,2026-02-24 07:00:00,karup,1.7,0.0,1.35,0.0,1008.11,101.0,0.0
1771916400,2026-02-24 07:00:00,2026-02-24 08:00:00,karup,1.6,4.0,2.0,0.0,1008.92,101.0,0.0
1771920000,2026-02-24 08:00:00,2026-02-24 09:00:00,karup,1.5,36.0,1.75,0.0,1009.58,101.0,0.0
1771923600,2026-02-24 09:00:00,2026-02-24 10:00:00,karup,1.35,73.0,1.55,0.0,1010.27,99.5,0.0
1771927200,2026-02-24 10:00:00,2026-02-24 11:00:00,karup,1.65,125.0,0.6,0.0,1010.59,100.5,0.0
1771930800,2026-02-24 11:00:00,2026-02-24 12:00:00,karup,2.05,157.0,0.5,0.0,1010.89,100.5,66.6667
1771934400,2026-02-24 12:00:00,2026-02-24 13:00:00,karup,2.75,166.0,1.0,0.0,1011.29,100.0,100.0
1771938000,2026-02-24 13:00:00,2026-02-24 14:00:00,karup,3.15,131.0,1.0,0.0,1011.9,98.5,100.0
1771941600,2026-02-24 14:00:00,2026-02-24 15:00:00,karup,3.6,84.0,1.15,0.0,1012.33,98.0,100.0
1771945200,2026-02-24 15:00:00,2026-02-24 16:00:00,karup,3.35,49.0,0.95,0.0,1012.61,99.0,100.0
1771948800,2026-02-24 16:00:00,2026-02-24 17:00:00,karup,3.5,40.0,1.1,0.0,1012.59,99.5,100.0
1771952400,2026-02-24 17:00:00,2026-02-24 18:00:00,karup,3.4,4.0,2.3,0.05,1012.91,99.5,100.0
1771956000,2026-02-24 18:00:00,2026-02-24 19:00:00,karup,3.2,0.0,2.3,0.05,1013.23,99.5,66.6667
1771959600,2026-02-24 19:00:00,2026-02-24 20:00:00,karup,2.65,0.0,3.25,0.0,1013.62,100.0,50.0
1771963200,2026-02-24 20:00:00,2026-02-24 21:00:00,karup,2.35,0.0,3.1,0.0,1013.86,100.5,83.3333
1771966800,2026-02-24 21:00:00,2026-02-24 22:00:00,karup,1.8,0.0,3.65,0.0,1014.02,100.5,83.3333
1771970400,2026-02-24 22:00:00,2026-02-24 23:00:00,karup,1.4,0.0,3.9,0.0,1013.91,100.0,100.0
1771974000,2026-02-24 23:00:00,2026-02-25 00:00:00,karup,1.1,0.0,4.1,0.0,1013.6,99.5,100.0
1771977600,2026-02-25 00:00:00,2026-02-25 01:00:00,karup,0.8,0.0,4.4,0.0,1013.4,99.5,100.0
1771981200,2026-02-25 01:00:00,2026-02-25 02:00:00,karup,0.75,0.0,4.25,0.05,1013.08,99.5,100.0
1771984800,2026-02-25 02:00:00,2026-02-25 03:00:00,karup,0.7,0.0,4.7,0.1,1012.79,99.5,100.0
1771988400,2026-02-25 03:00:00,2026-02-25 04:00:00,karup,0.85,0.0,4.4,0.05,1012.59,99.5,100.0
1771992000,2026-02-25 04:00:00,2026-02-25 05:00:00,karup,1.15,0.0,4.2,0.2,1012.53,99.5,100.0
1771995600,2026-02-25 05:00:00,2026-02-25 06:00:00,karup,1.55,0.0,4.25,0.15,1012.32,99.5,100.0
1771999200,2026-02-25 06:00:00,2026-02-25 07:00:00,karup,2.0,0.0,4.4,0.0,1012.27,99.0,83.3333
1772002800,2026-02-25 07:00:00,2026-02-25 08:00:00,karup,2.25,1.0,4.45,0.05,1012.4,100.0,0.0
1772006400,2026-02-25 08:00:00,2026-02-25 09:00:00,karup,2.45,13.0,4.05,0.0,1012.38,100.0,0.0
1772010000,2026-02-25 09:00:00,2026-02-25 10:00:00,karup,2.85,36.0,4.1,0.05,1012.51,100.0,66.6667
1772013600,2026-02-25 10:00:00,2026-02-25 11:00:00,karup,3.5,82.0,4.3,0.05,1012.45,100.0,100.0
1772017200,2026-02-25 11:00:00,2026-02-25 12:00:00,karup,4.3,111.0,4.25,0.05,1012.17,100.0,100.0
1772020800,2026-02-25 12:00:00,2026-02-25 13:00:00,karup,5.25,118.0,3.9,0.1,1011.97,100.0,100.0
1772024400,2026-02-25 13:00:00,2026-02-25 14:00:00,karup,5.95,112.0,4.1,0.05,1011.62,100.0,50.0
1772028000,2026-02-25 14:00:00,2026-02-25 15:00:00,karup,6.5,92.0,4.0,0.2,1011.21,100.0,100.0
1772031600,2026-02-25 15:00:00,2026-02-25 16:00:00,karup,7.0,63.0,4.2,0.1,1010.89,100.0,100.0
1772035200,2026-02-25 16:00:00,2026-02-25 17:00:00,karup,7.05,30.0,4.7,0.2,1010.81,100.0,33.3333
1772038800,2026-02-25 17:00:00,2026-02-25 18:00:00,karup,6.75,4.0,4.65,0.15,1010.86,100.0,83.3333
1772042400,2026-02-25 18:00:00,2026-02-25 19:00:00,karup,6.75,0.0,4.6,0.1,1010.43,100.0,100.0
1772046000,2026-02-25 19:00:00,2026-02-25 20:00:00,karup,7.1,0.0,4.8,0.15,1010.17,99.0,93.3333
1772049600,2026-02-25 20:00:00,2026-02-25 21:00:00,karup,7.3,0.0,4.9,0.15,1009.84,98.5,67.5
1772053200,2026-02-25 21:00:00,2026-02-25 22:00:00,karup,6.95,0.0,4.5,0.05,1009.66,97.0,60.8333
1772056800,2026-02-25 22:00:00,2026-02-25 23:00:00,karup,6.65,0.0,4.25,0.1,1008.87,97.0,95.0
1772060400,2026-02-25 23:00:00,2026-02-26 00:00:00,karup,6.9,0.0,5.05,0.1,1008.52,96.0,100.0
1772064000,2026-02-26 00:00:00,2026-02-26 01:00:00,karup,7.4,0.0,4.45,0.1,1008.08,96.5,100.0
1772067600,2026-02-26 01:00:00,2026-02-26 02:00:00,karup,7.5,0.0,3.7,0.15,1007.6,97.5,100.0
1772071200,2026-02-26 02:00:00,2026-02-26 03:00:00,karup,7.45,0.0,3.95,0.05,1007.0,97.5,100.0
1772074800,2026-02-26 03:00:00,2026-02-26 04:00:00,karup,7.1,0.0,3.7,0.1,1006.46,98.5,100.0
1772078400,2026-02-26 04:00:00,2026-02-26 05:00:00,karup,7.2,0.0,4.1,0.05,1006.12,98.5,100.0
1772082000,2026-02-26 05:00:00,2026-02-26 06:00:00,karup,7.4,0.0,4.1,0.05,1005.68,99.0,66.6667
1772085600,2026-02-26 06:00:00,2026-02-26 07:00:00,karup,7.4,0.0,4.4,0.15,1005.14,100.0,50.0
1772089200,2026-02-26 07:00:00,2026-02-26 08:00:00,karup,7.55,1.0,4.85,0.15,1004.9,100.0,100.0
1772092800,2026-02-26 08:00:00,2026-02-26 09:00:00,karup,7.7,17.0,5.45,0.15,1005.03,100.0,100.0
1772096400,2026-02-26 09:00:00,2026-02-26 10:00:00,karup,7.65,46.0,5.3,0.1,1005.06,98.5,100.0
1772100000,2026-02-26 10:00:00,2026-02-26 11:00:00,karup,7.85,50.0,5.35,0.05,1005.39,97.0,100.0
1772103600,2026-02-26 11:00:00,2026-02-26 12:00:00,karup,8.25,77.0,4.95,0.05,1005.24,96.0,100.0
1772107200,2026-02-26 12:00:00,2026-02-26 13:00:00,karup,8.8,128.0,5.05,0.1,1005.35,94.5,100.0
1772110800,2026-02-26 13:00:00,2026-02-26 14:00:00,karup,9.15,132.0,5.6,0.0,1005.15,92.0,91.6667
1772114400,2026-02-26 14:00:00,2026-02-26 15:00:00,karup,9.5,141.0,5.85,0.0,1005.12,89.5,90.0
1772118000,2026-02-26 15:00:00,2026-02-26 16:00:00,karup,9.25,97.0,5.6,0.0,1005.03,88.5,93.3333
1772121600,2026-02-26 16:00:00,2026-02-26 17:00:00,karup,8.55,24.0,4.65,0.0,1004.87,91.5,100.0
1772125200,2026-02-26 17:00:00,2026-02-26 18:00:00,karup,7.75,3.0,5.0,0.0,1004.72,94.5,100.0
1772128800,2026-02-26 18:00:00,2026-02-26 19:00:00,karup,7.45,0.0,4.85,0.0,1004.36,95.5,100.0
1772132400,2026-02-26 19:00:00,2026-02-26 20:00:00,karup,7.6,0.0,4.75,0.0,1004.57,95.0,100.0
1772136000,2026-02-26 20:00:00,2026-02-26 21:00:00,karup,7.6,0.0,5.8,0.0,1004.1,94.0,100.0
1772139600,2026-02-26 21:00:00,2026-02-26 22:00:00,karup,7.7,0.0,5.1,0.0,1003.93,93.5,100.0
1772143200,2026-02-26 22:00:00,2026-02-26 23:00:00,karup,7.8,0.0,5.1,0.25,1003.89,95.0,100.0
1772146800,2026-02-26 23:00:00,2026-02-27 00:00:00,karup,7.75,0.0,5.6,0.6,1003.49,97.0,100.0
1772150400,2026-02-27 00:00:00,2026-02-27 01:00:00,karup,7.7,0.0,5.65,0.15,1003.3,97.5,100.0
1772154000,2026-02-27 01:00:00,2026-02-27 02:00:00,karup,7.45,0.0,5.25,0.4,1002.9,97.5,100.0
1772157600,2026-02-27 02:00:00,2026-02-27 03:00:00,karup,7.35,0.0,4.8,0.85,1002.45,98.5,100.0
1772161200,2026-02-27 03:00:00,2026-02-27 04:00:00,karup,7.3,0.0,5.2,0.7,1002.34,99.0,100.0
1772164800,2026-02-27 04:00:00,2026-02-27 05:00:00,karup,7.25,0.0,4.9,1.05,1002.3,99.0,100.0
1772168400,2026-02-27 05:00:00,2026-02-27 06:00:00,karup,7.3,0.0,4.3,1.0,1002.26,99.0,100.0
1772172000,2026-02-27 06:00:00,2026-02-27 07:00:00,karup,7.1,0.0,4.0,0.75,1002.25,98.5,100.0
1772175600,2026-02-27 07:00:00,2026-02-27 08:00:00,karup,6.8,3.0,3.95,0.6,1002.43,99.0,100.0
1772179200,2026-02-27 08:00:00,2026-02-27 09:00:00,karup,6.95,23.0,4.25,0.55,1002.58,99.0,100.0
1772182800,2026-02-27 09:00:00,2026-02-27 10:00:00,karup,7.1,56.0,4.75,0.25,1003.03,98.0,100.0
1772186400,2026-02-27 10:00:00,2026-02-27 11:00:00,karup,7.05,76.0,4.9,0.65,1003.4,99.0,100.0
1772190000,2026-02-27 11:00:00,2026-02-27 12:00:00,karup,7.05,75.0,4.35,0.0,1003.86,99.0,50.0
1772193600,2026-02-27 12:00:00,2026-02-27 13:00:00,karup,7.1,88.0,3.25,0.25,1003.92,99.5,100.0
1772197200,2026-02-27 13:00:00,2026-02-27 14:00:00,karup,7.3,63.0,3.55,0.0,1004.06,99.0,83.3333
1772200800,2026-02-27 14:00:00,2026-02-27 15:00:00,karup,7.4,66.0,3.85,0.1,1004.17,99.5,100.0
1772204400,2026-02-27 15:00:00,2026-02-27 16:00:00,karup,7.55,71.0,3.85,0.05,1004.33,98.5,100.0
1772208000,2026-02-27 16:00:00,2026-02-27 17:00:00,karup,7.35,34.0,3.6,0.05,1004.62,98.5,100.0
1772211600,2026-02-27 17:00:00,2026-02-27 18:00:00,karup,7.0,3.0,2.8,0.0,1005.11,99.5,100.0
1772215200,2026-02-27 18:00:00,2026-02-27 19:00:00,karup,6.9,0.0,2.85,0.0,1005.33,99.5,66.6667
1772218800,2026-02-27 19:00:00,2026-02-27 20:00:00,karup,6.75,0.0,2.25,0.05,1005.19,100.0,83.3333
1772222400,2026-02-27 20:00:00,2026-02-27 21:00:00,karup,6.7,0.0,1.55,0.05,1005.24,100.0,95.0
1772226000,2026-02-27 21:00:00,2026-02-27 22:00:00,karup,6.65,0.0,1.75,0.0,1005.26,99.5,33.3333
1772229600,2026-02-27 22:00:00,2026-02-27 23:00:00,karup,6.6,0.0,1.85,0.0,1005.37,100.0,0.0
1772233200,2026-02-27 23:00:00,2026-02-28 00:00:00,karup,6.65,0.0,1.2,0.0,1005.51,100.0,0.0
1772236800,2026-02-28 00:00:00,2026-02-28 01:00:00,karup,6.55,0.0,0.85,0.0,1005.42,100.0,50.0
1772240400,2026-02-28 01:00:00,2026-02-28 02:00:00,karup,6.5,0.0,0.95,0.0,1005.23,100.0,50.0
1772244000,2026-02-28 02:00:00,2026-02-28 03:00:00,karup,6.5,0.0,0.6,0.1,1005.07,100.0,100.0
1772247600,2026-02-28 03:00:00,2026-02-28 04:00:00,karup,6.5,0.0,1.15,0.0,1004.99,100.5,0.0
1772251200,2026-02-28 04:00:00,2026-02-28 05:00:00,karup,6.55,0.0,1.4,0.0,1004.88,100.5,66.6667
1772254800,2026-02-28 05:00:00,2026-02-28 06:00:00,karup,6.65,0.0,1.5,0.2,1004.67,100.5,100.0
1772258400,2026-02-28 06:00:00,2026-02-28 07:00:00,karup,6.8,0.0,2.05,0.15,1004.72,100.5,100.0
1772262000,2026-02-28 07:00:00,2026-02-28 08:00:00,karup,7.05,0.0,2.0,0.2,1004.56,100.5,100.0
1772265600,2026-02-28 08:00:00,2026-02-28 09:00:00,karup,7.6,20.0,2.4,0.05,1004.45,100.5,100.0
1772269200,2026-02-28 09:00:00,2026-02-28 10:00:00,karup,8.15,33.0,2.6,0.45,1004.18,100.5,100.0
1772272800,2026-02-28 10:00:00,2026-02-28 11:00:00,karup,8.75,55.0,3.15,0.2,1004.15,100.0,100.0
1772276400,2026-02-28 11:00:00,2026-02-28 12:00:00,karup,9.25,40.0,3.4,0.25,1004.34,99.5,100.0
1772280000,2026-02-28 12:00:00,2026-02-28 13:00:00,karup,9.5,82.0,4.3,0.05,1004.4,98.0,100.0
1772283600,2026-02-28 13:00:00,2026-02-28 14:00:00,karup,9.1,65.0,4.2,0.0,1004.48,98.5,100.0
1772287200,2026-02-28 14:00:00,2026-02-28 15:00:00,karup,8.85,73.0,4.45,0.0,1004.44,98.0,100.0
1772290800,2026-02-28 15:00:00,2026-02-28 16:00:00,karup,8.55,53.0,4.1,0.0,1004.38,97.0,100.0
1772294400,2026-02-28 16:00:00,2026-02-28 17:00:00,karup,8.35,19.0,3.2,0.0,1004.08,96.5,100.0
1772298000,2026-02-28 17:00:00,2026-02-28 18:00:00,karup,8.0,5.0,2.7,0.55,1003.88,97.0,100.0
1772301600,2026-02-28 18:00:00,2026-02-28 19:00:00,karup,7.7,0.0,2.65,0.25,1003.42,97.0,100.0
1772305200,2026-02-28 19:00:00,2026-02-28 20:00:00,karup,7.45,0.0,3.25,0.05,1002.77,96.0,100.0
1772308800,2026-02-28 20:00:00,2026-02-28 21:00:00,karup,7.0,0.0,2.95,1.6,1001.92,97.5,100.0
1772312400,2026-02-28 21:00:00,2026-02-28 22:00:00,karup,7.0,0.0,3.1,0.95,1001.82,98.0,100.0
1772316000,2026-02-28 22:00:00,2026-02-28 23:00:00,karup,6.3,0.0,5.3,0.55,1002.02,98.0,100.0
1772319600,2026-02-28 23:00:00,2026-03-01 00:00:00,karup,5.8,0.0,4.7,0.4,1002.22,99.0,100.0
1772323200,2026-03-01 00:00:00,2026-03-01 01:00:00,karup,5.5,0.0,5.75,0.2,1003.11,99.0,100.0
1772326800,2026-03-01 01:00:00,2026-03-01 02:00:00,karup,3.85,0.0,8.35,0.0,1004.25,96.5,100.0
1772330400,2026-03-01 02:00:00,2026-03-01 03:00:00,karup,3.25,0.0,9.25,0.0,1005.42,92.5,100.0
1772334000,2026-03-01 03:00:00,2026-03-01 04:00:00,karup,3.2,0.0,8.95,0.0,1006.52,93.0,98.3333
1772337600,2026-03-01 04:00:00,2026-03-01 05:00:00,karup,3.0,0.0,7.75,0.0,1007.61,91.0,90.0
1772341200,2026-03-01 05:00:00,2026-03-01 06:00:00,karup,3.25,0.0,6.4,0.0,1008.38,92.5,90.0
1772344800,2026-03-01 06:00:00,2026-03-01 07:00:00,karup,3.1,0.0,6.4,0.0,1009.26,91.5,44.1667
1772348400,2026-03-01 07:00:00,2026-03-01 08:00:00,karup,2.5,15.0,5.35,0.0,1010.0,91.5,0.0
1772352000,2026-03-01 08:00:00,2026-03-01 09:00:00,karup,2.95,113.0,4.35,0.0,1010.56,90.5,3.33333
1772355600,2026-03-01 09:00:00,2026-03-01 10:00:00,karup,4.35,214.0,4.35,0.0,1010.87,86.5,20.0
1772359200,2026-03-01 10:00:00,2026-03-01 11:00:00,karup,5.2,230.0,4.6,0.0,1011.23,83.5,60.0
1772362800,2026-03-01 11:00:00,2026-03-01 12:00:00,karup,5.85,203.0,4.65,0.0,1011.38,81.5,90.0
1772366400,2026-03-01 12:00:00,2026-03-01 13:00:00,karup,6.35,290.0,5.2,0.0,1011.37,81.5,70.8333
1772370000,2026-03-01 13:00:00,2026-03-01 14:00:00,karup,7.1,420.0,5.75,0.0,1011.39,72.0,41.6667
1772373600,2026-03-01 14:00:00,2026-03-01 15:00:00,karup,7.85,369.0,5.75,0.0,1011.32,60.0,5.83333
1772377200,2026-03-01 15:00:00,2026-03-01 16:00:00,karup,8.05,242.0,4.95,0.0,1011.19,59.0,35.8333
1772380800,2026-03-01 16:00:00,2026-03-01 17:00:00,karup,7.65,82.0,3.9,0.0,1011.28,63.5,69.1667
1772384400,2026-03-01 17:00:00,2026-03-01 18:00:00,karup,6.75,19.0,3.15,0.0,1011.45,73.0,93.3333
1772388000,2026-03-01 18:00:00,2026-03-01 19:00:00,karup,6.1,,3.1,0.0,1011.35,79.0,100.0
1772391600,2026-03-01 19:00:00,2026-03-01 20:00:00,karup,5.95,0.0,2.95,0.0,1011.13,86.5,100.0
1772395200,2026-03-01 20:00:00,2026-03-01 21:00:00,karup,6.15,0.0,3.3,0.0,1011.01,86.5,100.0
1772398800,2026-03-01 21:00:00,2026-03-01 22:00:00,karup,6.3,0.0,2.85,0.0,1011.17,87.0,100.0
1772402400,2026-03-01 22:00:00,2026-03-01 23:00:00,karup,5.95,0.0,2.9,0.05,1010.94,96.5,100.0
1772406000,2026-03-01 23:00:00,2026-03-02 00:00:00,karup,6.1,0.0,2.65,0.0,1010.81,98.0,100.0
1772409600,2026-03-02 00:00:00,2026-03-02 01:00:00,karup,6.25,0.0,3.0,0.15,1010.85,98.5,100.0
1772413200,2026-03-02 01:00:00,2026-03-02 02:00:00,karup,6.35,0.0,3.1,0.2,1010.92,98.5,100.0
1772416800,2026-03-02 02:00:00,2026-03-02 03:00:00,karup,6.4,0.0,3.25,0.05,1010.75,98.5,100.0
1772420400,2026-03-02 03:00:00,2026-03-02 04:00:00,karup,6.5,0.0,2.75,0.05,1010.8,99.5,100.0
1772424000,2026-03-02 04:00:00,2026-03-02 05:00:00,karup,6.65,0.0,2.6,0.05,1010.92,99.5,66.6667
1772427600,2026-03-02 05:00:00,2026-03-02 06:00:00,karup,6.7,0.0,2.75,0.0,1011.08,100.0,0.0
1772431200,2026-03-02 06:00:00,2026-03-02 07:00:00,karup,6.6,0.0,2.75,0.05,1011.5,100.0,0.0
1772434800,2026-03-02 07:00:00,2026-03-02 08:00:00,karup,6.65,1.0,3.05,0.05,1012.03,100.0,83.3333
1772438400,2026-03-02 08:00:00,2026-03-02 09:00:00,karup,6.95,27.0,3.05,0.05,1012.47,100.0,100.0
1772442000,2026-03-02 09:00:00,2026-03-02 10:00:00,karup,7.45,86.0,3.25,0.0,1012.82,98.5,95.0
1772445600,2026-03-02 10:00:00,2026-03-02 11:00:00,karup,8.25,169.0,3.2,0.0,1013.12,95.5,91.6667
1772449200,2026-03-02 11:00:00,2026-03-02 12:00:00,karup,9.55,223.0,3.85,0.0,1013.24,89.0,85.0
1772452800,2026-03-02 12:00:00,2026-03-02 13:00:00,karup,11.3,471.0,5.25,0.0,1013.14,78.5,87.5
1772456400,2026-03-02 13:00:00,2026-03-02 14:00:00,karup,12.05,448.0,5.7,0.0,1012.97,71.5,90.0
1772460000,2026-03-02 14:00:00,2026-03-02 15:00:00,karup,12.0,307.0,6.25,0.0,1013.02,67.0,90.0
1772463600,2026-03-02 15:00:00,2026-03-02 16:00:00,karup,12.45,277.0,5.8,0.0,1013.06,62.0,90.0
1772467200,2026-03-02 16:00:00,2026-03-02 17:00:00,karup,11.75,116.0,5.05,0.0,1013.22,60.5,90.0
1772470800,2026-03-02 17:00:00,2026-03-02 18:00:00,karup,10.35,27.0,3.55,0.0,1013.59,65.0,91.6667
1772474400,2026-03-02 18:00:00,2026-03-02 19:00:00,karup,9.0,0.0,3.15,0.0,1013.74,71.5,75.8333
1772478000,2026-03-02 19:00:00,2026-03-02 20:00:00,karup,8.3,0.0,2.95,0.0,1013.86,75.5,82.5
1772481600,2026-03-02 20:00:00,2026-03-02 21:00:00,karup,8.1,0.0,3.35,0.0,1013.83,76.5,90.0
1772485200,2026-03-02 21:00:00,2026-03-02 22:00:00,karup,8.2,0.0,3.4,0.0,1013.62,76.5,72.5
1772488800,2026-03-02 22:00:00,2026-03-02 23:00:00,karup,8.1,0.0,3.5,0.0,1013.64,77.5,4.16667
1772492400,2026-03-02 23:00:00,2026-03-03 00:00:00,karup,7.95,0.0,3.65,0.0,1013.73,78.0,22.5
1772496000,2026-03-03 00:00:00,2026-03-03 01:00:00,karup,8.05,0.0,3.6,0.0,1013.81,75.5,0.0
1772499600,2026-03-03 01:00:00,2026-03-03 02:00:00,karup,7.3,0.0,3.05,0.0,1013.62,77.5,0.0
1772503200,2026-03-03 02:00:00,2026-03-03 03:00:00,karup,6.6,0.0,3.3,0.0,1013.33,80.5,0.0
1772506800,2026-03-03 03:00:00,2026-03-03 04:00:00,karup,6.45,0.0,3.55,0.0,1013.17,80.0,0.0
1772510400,2026-03-03 04:00:00,2026-03-03 05:00:00,karup,6.15,0.0,3.6,0.0,1013.05,81.0,0.0
1772514000,2026-03-03 05:00:00,2026-03-03 06:00:00,karup,5.85,0.0,3.5,0.0,1013.29,82.0,0.0
1772517600,2026-03-03 06:00:00,2026-03-03 07:00:00,karup,5.45,0.0,3.3,0.0,1013.59,84.5,0.0
1772521200,2026-03-03 07:00:00,2026-03-03 08:00:00,karup,4.95,20.0,3.2,0.0,1014.25,87.0,0.0
1772524800,2026-03-03 08:00:00,2026-03-03 09:00:00,karup,5.7,118.0,3.5,0.0,1015.04,87.5,1.66667
1772528400,2026-03-03 09:00:00,2026-03-03 10:00:00,karup,7.05,240.0,3.75,0.0,1015.8,84.0,86.6667
1772532000,2026-03-03 10:00:00,2026-03-03 11:00:00,karup,7.85,281.0,5.4,0.0,1016.72,82.5,82.5
1772535600,2026-03-03 11:00:00,2026-03-03 12:00:00,karup,8.05,246.0,5.25,0.0,1017.43,79.0,87.5
1772539200,2026-03-03 12:00:00,2026-03-03 13:00:00,karup,8.7,379.0,6.0,0.0,1017.96,66.0,61.6667
1772542800,2026-03-03 13:00:00,2026-03-03 14:00:00,karup,8.7,473.0,5.75,0.0,1018.47,58.0,29.1667
1772546400,2026-03-03 14:00:00,2026-03-03 15:00:00,karup,8.35,291.0,5.9,0.0,1018.88,58.0,3.33333
1772550000,2026-03-03 15:00:00,2026-03-03 16:00:00,karup,8.1,259.0,5.25,0.0,1019.36,59.0,15.8333
1772553600,2026-03-03 16:00:00,2026-03-03 17:00:00,karup,7.45,133.0,5.2,0.0,1019.7,63.5,12.5
1772557200,2026-03-03 17:00:00,2026-03-03 18:00:00,karup,6.1,37.0,4.6,0.0,1020.31,71.5,0.0
1772560800,2026-03-03 18:00:00,2026-03-03 19:00:00,karup,4.6,0.0,3.45,0.0,1020.55,79.5,0.0
1772564400,2026-03-03 19:00:00,2026-03-03 20:00:00,karup,3.1,0.0,2.7,0.0,1020.8,88.0,0.0
1772568000,2026-03-03 20:00:00,2026-03-03 21:00:00,karup,2.55,0.0,2.5,0.0,1021.05,92.5,0.0
1772571600,2026-03-03 21:00:00,2026-03-03 22:00:00,karup,2.25,0.0,2.8,0.0,1021.08,94.0,0.0
1772575200,2026-03-03 22:00:00,2026-03-03 23:00:00,karup,1.7,0.0,2.35,0.0,1021.2,96.5,0.0
1772578800,2026-03-03 23:00:00,2026-03-04 00:00:00,karup,1.25,0.0,2.45,0.0,1021.41,97.5,0.0
1772582400,2026-03-04 00:00:00,2026-03-04 01:00:00,karup,1.05,0.0,2.45,0.0,1021.4,98.5,24.1667
1772586000,2026-03-04 01:00:00,2026-03-04 02:00:00,karup,1.25,0.0,2.6,0.0,1021.5,99.0,41.6667
1772589600,2026-03-04 02:00:00,2026-03-04 03:00:00,karup,1.1,0.0,2.35,0.0,1021.3,99.5,7.5
1772593200,2026-03-04 03:00:00,2026-03-04 04:00:00,karup,0.75,0.0,2.55,0.0,1021.23,100.0,82.5
1772596800,2026-03-04 04:00:00,2026-03-04 05:00:00,karup,1.1,0.0,3.3,0.05,1021.41,100.0,25.0
1772600400,2026-03-04 05:00:00,2026-03-04 06:00:00,karup,1.2,0.0,2.7,0.0,1021.55,100.0,60.8333
1772604000,2026-03-04 06:00:00,2026-03-04 07:00:00,karup,0.7,0.0,2.25,0.0,1021.72,100.0,0.0
1772607600,2026-03-04 07:00:00,2026-03-04 08:00:00,karup,0.55,11.0,1.7,0.0,1022.07,100.0,16.6667
1772611200,2026-03-04 08:00:00,2026-03-04 09:00:00,karup,0.9,59.0,2.2,0.0,1022.33,100.5,0.0
1772614800,2026-03-04 09:00:00,2026-03-04 10:00:00,karup,2.4,202.0,2.1,0.0,1022.04,99.5,20.8333
1772618400,2026-03-04 10:00:00,2026-03-04 11:00:00,karup,5.1,363.0,3.2,0.0,1022.11,93.0,3.33333
1772622000,2026-03-04 11:00:00,2026-03-04 12:00:00,karup,7.4,432.0,3.9,0.0,1021.97,77.5,3.33333
1772625600,2026-03-04 12:00:00,2026-03-04 13:00:00,karup,8.6,442.0,3.8,0.0,1021.66,68.0,0.0
1772629200,2026-03-04 13:00:00,2026-03-04 14:00:00,karup,9.3,448.0,3.8,0.0,1021.38,63.0,0.0
1772632800,2026-03-04 14:00:00,2026-03-04 15:00:00,karup,9.6,384.0,3.65,0.0,1021.06,58.5,0.0
1772636400,2026-03-04 15:00:00,2026-03-04 16:00:00,karup,9.5,284.0,3.65,0.0,1020.88,56.5,0.0
1772640000,2026-03-04 16:00:00,2026-03-04 17:00:00,karup,8.95,162.0,3.5,0.0,1020.83,58.5,0.0
1772643600,2026-03-04 17:00:00,2026-03-04 18:00:00,karup,7.0,46.0,2.75,0.0,1021.05,66.5,0.0
1772647200,2026-03-04 18:00:00,2026-03-04 19:00:00,karup,4.45,0.0,1.65,0.0,1020.95,76.0,0.0
1772650800,2026-03-04 19:00:00,2026-03-04 20:00:00,karup,2.4,0.0,0.5,0.0,1020.96,85.5,0.0
1772654400,2026-03-04 20:00:00,2026-03-04 21:00:00,karup,0.25,0.0,0.4,0.0,1020.8,92.5,0.0
1772658000,2026-03-04 21:00:00,2026-03-04 22:00:00,karup,-0.75,0.0,0.5,0.0,1020.85,94.0,0.0
1772661600,2026-03-04 22:00:00,2026-03-04 23:00:00,karup,-1.65,0.0,0.55,0.0,1020.78,96.0,0.0
1772665200,2026-03-04 23:00:00,2026-03-05 00:00:00,karup,-2.1,0.0,0.85,0.0,1020.42,96.5,0.0
1772668800,2026-03-05 00:00:00,2026-03-05 01:00:00,karup,-2.25,0.0,0.55,0.0,1020.16,97.0,0.0
1772672400,2026-03-05 01:00:00,2026-03-05 02:00:00,karup,-2.55,0.0,0.75,0.0,1019.78,97.0,0.0
1772676000,2026-03-05 02:00:00,2026-03-05 03:00:00,karup,-2.1,0.0,1.5,0.0,1019.31,97.0,0.0
1772679600,2026-03-05 03:00:00,2026-03-05 04:00:00,karup,-1.75,0.0,1.05,0.0,1018.97,96.5,0.0
1772683200,2026-03-05 04:00:00,2026-03-05 05:00:00,karup,-1.35,0.0,1.65,0.0,1018.82,96.0,0.0
1772686800,2026-03-05 05:00:00,2026-03-05 06:00:00,karup,-0.9,0.0,1.75,0.0,1018.57,95.5,0.0
1772690400,2026-03-05 06:00:00,2026-03-05 07:00:00,karup,-0.5,0.0,1.85,0.0,1018.29,95.5,0.0
1772694000,2026-03-05 07:00:00,2026-03-05 08:00:00,karup,-0.05,32.0,1.85,0.0,1018.14,94.0,0.0
1772697600,2026-03-05 08:00:00,2026-03-05 09:00:00,karup,2.45,147.0,2.45,0.05,1018.19,83.0,0.0
1772701200,2026-03-05 09:00:00,2026-03-05 10:00:00,karup,5.0,299.0,2.5,0.0,1018.1,73.0,0.0
1772704800,2026-03-05 10:00:00,2026-03-05 11:00:00,karup,7.1,370.0,3.0,0.0,1017.88,64.5,0.0
1772708400,2026-03-05 11:00:00,2026-03-05 12:00:00,karup,8.95,438.0,3.45,0.0,1017.51,57.5,0.0
1772712000,2026-03-05 12:00:00,2026-03-05 13:00:00,karup,10.55,464.0,3.35,0.0,1016.97,54.0,0.0
1772715600,2026-03-05 13:00:00,2026-03-05 14:00:00,karup,11.45,444.0,3.55,0.0,1016.48,50.0,0.0
1772719200,2026-03-05 14:00:00,2026-03-05 15:00:00,karup,12.05,379.0,3.75,0.0,1015.96,49.5,0.0
1772722800,2026-03-05 15:00:00,2026-03-05 16:00:00,karup,12.15,280.0,3.75,0.0,1015.69,52.0,0.0
1772726400,2026-03-05 16:00:00,2026-03-05 17:00:00,karup,11.9,154.0,3.25,0.0,1015.39,56.0,0.0
1772730000,2026-03-05 17:00:00,2026-03-05 18:00:00,karup,10.4,41.0,2.75,0.0,1015.39,62.0,0.0
1772733600,2026-03-05 18:00:00,2026-03-05 19:00:00,karup,8.0,0.0,2.6,0.0,1015.44,70.0,0.0
1772737200,2026-03-05 19:00:00,2026-03-05 20:00:00,karup,6.05,0.0,2.5,0.0,1015.33,75.0,0.0
1772740800,2026-03-05 20:00:00,2026-03-05 21:00:00,karup,4.95,0.0,2.15,0.0,1015.34,81.5,0.0
1772744400,2026-03-05 21:00:00,2026-03-05 22:00:00,karup,4.0,0.0,1.75,0.0,1015.58,86.5,0.0
1772748000,2026-03-05 22:00:00,2026-03-05 23:00:00,karup,3.75,0.0,1.65,0.0,1015.66,88.0,0.0
1772751600,2026-03-05 23:00:00,2026-03-06 00:00:00,karup,2.95,0.0,1.25,0.0,1015.79,91.0,0.0
1772755200,2026-03-06 00:00:00,2026-03-06 01:00:00,karup,2.8,0.0,1.45,0.0,1015.84,91.0,0.0
1772758800,2026-03-06 01:00:00,2026-03-06 02:00:00,karup,2.3,0.0,1.55,0.0,1015.51,91.0,0.0
1772762400,2026-03-06 02:00:00,2026-03-06 03:00:00,karup,2.1,0.0,1.65,0.0,1015.24,90.0,0.0
1772766000,2026-03-06 03:00:00,2026-03-06 04:00:00,karup,2.05,0.0,1.75,0.0,1014.94,88.5,0.0
1772769600,2026-03-06 04:00:00,2026-03-06 05:00:00,karup,2.3,0.0,1.85,0.0,1014.73,87.0,0.0
1772773200,2026-03-06 05:00:00,2026-03-06 06:00:00,karup,2.3,0.0,2.25,0.0,1014.75,85.5,0.0
1772776800,2026-03-06 06:00:00,2026-03-06 07:00:00,karup,2.0,0.0,1.75,0.0,1014.98,85.5,0.0
1772780400,2026-03-06 07:00:00,2026-03-06 08:00:00,karup,1.45,32.0,1.2,0.0,1015.24,86.5,0.0
1772784000,2026-03-06 08:00:00,2026-03-06 09:00:00,karup,3.35,143.0,1.25,0.0,1015.37,80.0,0.0
1772787600,2026-03-06 09:00:00,2026-03-06 10:00:00,karup,6.8,267.0,1.75,0.0,1015.57,67.0,0.0
1772791200,2026-03-06 10:00:00,2026-03-06 11:00:00,karup,9.25,364.0,2.4,0.0,1015.69,61.0,0.0
1772794800,2026-03-06 11:00:00,2026-03-06 12:00:00,karup,11.4,426.0,2.05,0.0,1015.66,57.5,0.0
1772798400,2026-03-06 12:00:00,2026-03-06 13:00:00,karup,13.15,453.0,2.45,0.0,1015.43,53.5,0.0
1772802000,2026-03-06 13:00:00,2026-03-06 14:00:00,karup,14.35,426.0,2.65,0.0,1015.24,50.0,25.0
1772805600,2026-03-06 14:00:00,2026-03-06 15:00:00,karup,15.15,365.0,2.95,0.0,1015.02,47.5,59.1667
1772809200,2026-03-06 15:00:00,2026-03-06 16:00:00,karup,15.05,171.0,2.4,0.0,1015.08,48.0,39.1667
1772812800,2026-03-06 16:00:00,2026-03-06 17:00:00,karup,14.85,144.0,2.05,0.0,1015.32,49.5,15.0
1772816400,2026-03-06 17:00:00,2026-03-06 18:00:00,karup,12.85,41.0,1.2,0.0,1015.58,58.0,26.6667
1772820000,2026-03-06 18:00:00,2026-03-06 19:00:00,karup,10.2,,1.5,0.0,1016.05,66.0,12.5
1772823600,2026-03-06 19:00:00,2026-03-06 20:00:00,karup,6.4,0.0,1.35,0.0,1016.27,84.5,0.0
1772827200,2026-03-06 20:00:00,2026-03-06 21:00:00,karup,5.7,0.0,1.5,0.0,1016.42,86.0,0.0
1772830800,2026-03-06 21:00:00,2026-03-06 22:00:00,karup,5.2,0.0,1.95,0.0,1016.6,88.5,0.0
1772834400,2026-03-06 22:00:00,2026-03-06 23:00:00,karup,4.75,0.0,1.45,0.0,1016.91,89.0,0.0
1772838000,2026-03-06 23:00:00,2026-03-07 00:00:00,karup,3.9,0.0,1.45,0.0,1016.88,91.0,0.0
1772841600,2026-03-07 00:00:00,2026-03-07 01:00:00,karup,3.65,0.0,1.7,0.0,1016.79,91.0,18.3333
1772845200,2026-03-07 01:00:00,2026-03-07 02:00:00,karup,3.35,0.0,1.45,0.0,1016.5,91.5,20.8333
1772848800,2026-03-07 02:00:00,2026-03-07 03:00:00,karup,4.8,,1.5,0.0,1016.51,86.0,90.0
1772852400,2026-03-07 03:00:00,2026-03-07 04:00:00,karup,3.6,0.0,1.3,0.0,1016.54,90.5,78.3333
1772856000,2026-03-07 04:00:00,2026-03-07 05:00:00,karup,3.6,0.0,0.85,0.0,1016.58,91.0,93.3333
1772859600,2026-03-07 05:00:00,2026-03-07 06:00:00,karup,3.9,0.0,0.85,0.0,1016.52,91.0,95.0
1772863200,2026-03-07 06:00:00,2026-03-07 07:00:00,karup,4.45,0.0,1.0,0.0,1016.8,91.0,100.0
1772866800,2026-03-07 07:00:00,2026-03-07 08:00:00,karup,5.1,3.0,1.25,0.6,1017.13,92.0,100.0
1772870400,2026-03-07 08:00:00,2026-03-07 09:00:00,karup,5.7,19.0,1.45,0.0,1017.61,93.0,100.0
1772874000,2026-03-07 09:00:00,2026-03-07 10:00:00,karup,6.1,41.0,0.8,0.05,1017.83,93.5,95.0
1772877600,2026-03-07 10:00:00,2026-03-07 11:00:00,karup,6.8,72.0,1.0,0.05,1018.36,93.5,96.6667
1772881200,2026-03-07 11:00:00,2026-03-07 12:00:00,karup,7.25,95.0,0.75,0.1,1018.47,93.0,90.0
1772884800,2026-03-07 12:00:00,2026-03-07 13:00:00,karup,8.25,134.0,1.0,0.2,1018.39,93.0,86.6667
1772888400,2026-03-07 13:00:00,2026-03-07 14:00:00,karup,8.7,122.0,1.25,0.0,1018.41,94.0,80.0
1772892000,2026-03-07 14:00:00,2026-03-07 15:00:00,karup,9.25,128.0,1.2,0.0,1018.55,93.5,98.3333
1772895600,2026-03-07 15:00:00,2026-03-07 16:00:00,karup,9.45,44.0,0.85,0.1,1018.48,94.5,90.8333
1772899200,2026-03-07 16:00:00,2026-03-07 17:00:00,karup,9.1,37.0,1.15,1.25,1018.59,97.5,58.3333
1772902800,2026-03-07 17:00:00,2026-03-07 18:00:00,karup,8.85,15.0,1.0,0.15,1018.64,98.0,98.3333
1772906400,2026-03-07 18:00:00,2026-03-07 19:00:00,karup,8.15,0.0,0.7,0.0,1019.27,99.5,100.0
1772910000,2026-03-07 19:00:00,2026-03-07 20:00:00,karup,8.05,0.0,0.45,0.0,1019.55,100.0,100.0
1772913600,2026-03-07 20:00:00,2026-03-07 21:00:00,karup,7.85,0.0,0.55,0.0,1019.62,100.0,83.3333
1772917200,2026-03-07 21:00:00,2026-03-07 22:00:00,karup,7.2,0.0,1.35,0.0,1019.83,99.5,0.0
1772920800,2026-03-07 22:00:00,2026-03-07 23:00:00,karup,6.8,0.0,1.3,0.0,1019.92,100.0,16.6667
1772924400,2026-03-07 23:00:00,2026-03-08 00:00:00,karup,6.5,0.0,1.45,0.0,1019.9,100.0,100.0
1772928000,2026-03-08 00:00:00,2026-03-08 01:00:00,karup,6.15,0.0,0.8,0.0,1019.88,100.5,100.0
1772931600,2026-03-08 01:00:00,2026-03-08 02:00:00,karup,5.9,0.0,0.6,0.0,1019.71,99.0,100.0
1772935200,2026-03-08 02:00:00,2026-03-08 03:00:00,karup,5.8,0.0,1.05,0.0,1019.78,97.5,100.0
1772938800,2026-03-08 03:00:00,2026-03-08 04:00:00,karup,5.5,0.0,1.3,0.3,1019.49,97.0,100.0
1772942400,2026-03-08 04:00:00,2026-03-08 05:00:00,karup,5.3,0.0,1.1,1.55,1019.42,98.0,100.0
1772946000,2026-03-08 05:00:00,2026-03-08 06:00:00,karup,5.1,0.0,1.1,0.1,1019.67,99.0,100.0
1772949600,2026-03-08 06:00:00,2026-03-08 07:00:00,karup,4.95,0.0,1.4,0.0,1019.87,99.5,100.0
1772953200,2026-03-08 07:00:00,2026-03-08 08:00:00,karup,4.55,9.0,1.8,0.0,1020.09,99.5,16.6667
1772956800,2026-03-08 08:00:00,2026-03-08 09:00:00,karup,4.05,30.0,2.1,0.0,1020.4,100.0,0.0
1772960400,2026-03-08 09:00:00,2026-03-08 10:00:00,karup,3.75,72.0,1.75,0.0,1020.44,99.5,33.3333
1772964000,2026-03-08 10:00:00,2026-03-08 11:00:00,karup,4.55,149.0,2.0,0.0,1020.85,100.0,100.0
1772967600,2026-03-08 11:00:00,2026-03-08 12:00:00,karup,4.55,130.0,1.75,0.0,1020.82,100.0,100.0
1772971200,2026-03-08 12:00:00,2026-03-08 13:00:00,karup,5.45,173.0,1.55,0.0,1020.73,98.5,100.0
1772974800,2026-03-08 13:00:00,2026-03-08 14:00:00,karup,6.2,121.0,1.55,0.0,1020.44,96.5,100.0
1772978400,2026-03-08 14:00:00,2026-03-08 15:00:00,karup,6.6,87.0,0.85,0.1,1020.2,95.5,95.0
1772982000,2026-03-08 15:00:00,2026-03-08 16:00:00,karup,7.05,77.0,0.85,0.0,1020.12,94.5,93.3333
1772985600,2026-03-08 16:00:00,2026-03-08 17:00:00,karup,7.0,36.0,0.85,0.0,1019.44,94.0,96.6667
1772989200,2026-03-08 17:00:00,2026-03-08 18:00:00,karup,6.9,21.0,1.75,0.0,1019.37,96.0,95.0
1772992800,2026-03-08 18:00:00,2026-03-08 19:00:00,karup,6.8,0.0,1.55,0.0,1019.15,97.5,66.6667
1772996400,2026-03-08 19:00:00,2026-03-08 20:00:00,karup,7.0,0.0,1.8,0.0,1018.86,99.0,0.0
1773000000,2026-03-08 20:00:00,2026-03-08 21:00:00,karup,7.2,0.0,2.0,0.0,1018.7,100.0,0.0
1773003600,2026-03-08 21:00:00,2026-03-08 22:00:00,karup,7.25,0.0,2.1,0.0,1018.42,100.0,16.6667
1773007200,2026-03-08 22:00:00,2026-03-08 23:00:00,karup,6.9,0.0,1.3,0.0,1018.02,100.0,16.6667
1773010800,2026-03-08 23:00:00,2026-03-09 00:00:00,karup,6.15,0.0,1.25,0.0,1017.8,100.0,0.0
1773014400,2026-03-09 00:00:00,2026-03-09 01:00:00,karup,4.45,0.0,1.2,0.0,1017.61,100.0,0.0
1773018000,2026-03-09 01:00:00,2026-03-09 02:00:00,karup,3.65,0.0,1.15,0.0,1017.18,100.0,0.0
1773021600,2026-03-09 02:00:00,2026-03-09 03:00:00,karup,2.7,0.0,1.4,0.0,1016.63,100.0,0.0
1773025200,2026-03-09 03:00:00,2026-03-09 04:00:00,karup,2.1,0.0,1.35,0.0,1016.11,100.5,0.0
1773028800,2026-03-09 04:00:00,2026-03-09 05:00:00,karup,1.75,0.0,1.65,0.0,1015.78,100.5,0.0
1773032400,2026-03-09 05:00:00,2026-03-09 06:00:00,karup,1.3,0.0,2.05,0.0,1015.53,100.5,0.0
1773036000,2026-03-09 06:00:00,2026-03-09 07:00:00,karup,1.2,0.0,1.8,0.0,1015.42,100.5,0.0
1773039600,2026-03-09 07:00:00,2026-03-09 08:00:00,karup,1.0,31.0,1.75,0.0,1015.38,101.0,0.0
1773043200,2026-03-09 08:00:00,2026-03-09 09:00:00,karup,1.8,126.0,2.25,0.0,1015.2,100.0,25.0
1773046800,2026-03-09 09:00:00,2026-03-09 10:00:00,karup,4.2,244.0,1.9,0.0,1014.72,96.5,5.83333
1773050400,2026-03-09 10:00:00,2026-03-09 11:00:00,karup,7.3,357.0,1.5,0.0,1014.31,91.0,0.0
1773054000,2026-03-09 11:00:00,2026-03-09 12:00:00,karup,10.0,430.0,1.7,0.0,1013.67,85.0,0.0
1773057600,2026-03-09 12:00:00,2026-03-09 13:00:00,karup,12.15,454.0,2.55,0.0,1012.84,78.0,0.0
1773061200,2026-03-09 13:00:00,2026-03-09 14:00:00,karup,13.9,430.0,2.65,0.0,1012.18,60.5,0.0
1773064800,2026-03-09 14:00:00,2026-03-09 15:00:00,karup,14.75,367.0,2.6,0.0,1011.63,49.0,0.0
1773068400,2026-03-09 15:00:00,2026-03-09 16:00:00,karup,14.9,275.0,2.1,0.0,1011.07,47.5,0.0
1773072000,2026-03-09 16:00:00,2026-03-09 17:00:00,karup,14.6,155.0,1.7,0.0,1010.73,49.0,0.0
1773075600,2026-03-09 17:00:00,2026-03-09 18:00:00,karup,12.95,49.0,1.6,0.0,1010.72,55.5,0.0
1773079200,2026-03-09 18:00:00,2026-03-09 19:00:00,karup,10.25,1.0,2.15,0.0,1010.87,67.5,0.0
1773082800,2026-03-09 19:00:00,2026-03-09 20:00:00,karup,8.05,0.0,2.05,0.0,1010.71,75.5,0.0
1773086400,2026-03-09 20:00:00,2026-03-09 21:00:00,karup,5.85,0.0,1.8,0.0,1010.43,84.0,0.0
1773090000,2026-03-09 21:00:00,2026-03-09 22:00:00,karup,4.25,0.0,1.85,0.0,1010.23,90.0,0.0
1773093600,2026-03-09 22:00:00,2026-03-09 23:00:00,karup,3.5,0.0,1.55,0.0,1009.83,92.0,0.0
1773097200,2026-03-09 23:00:00,2026-03-10 00:00:00,karup,2.65,0.0,1.55,0.0,1009.32,93.5,0.0
1773100800,2026-03-10 00:00:00,2026-03-10 01:00:00,karup,1.75,0.0,1.35,0.0,1009.04,95.0,0.0
1773104400,2026-03-10 01:00:00,2026-03-10 02:00:00,karup,1.2,0.0,1.35,0.0,1008.72,96.5,0.0
1773108000,2026-03-10 02:00:00,2026-03-10 03:00:00,karup,0.9,0.0,1.15,0.0,1008.33,97.0,0.0
1773111600,2026-03-10 03:00:00,2026-03-10 04:00:00,karup,1.85,0.0,1.55,0.0,1008.33,98.0,6.66667
1773115200,2026-03-10 04:00:00,2026-03-10 05:00:00,karup,1.2,0.0,3.0,0.0,1008.15,100.0,0.0
1773118800,2026-03-10 05:00:00,2026-03-10 06:00:00,karup,1.3,0.0,2.55,0.0,1008.0,100.0,0.0
1773122400,2026-03-10 06:00:00,2026-03-10 07:00:00,karup,1.9,0.0,2.6,0.0,1007.88,100.5,0.0
1773126000,2026-03-10 07:00:00,2026-03-10 08:00:00,karup,2.4,8.0,3.5,0.0,1008.15,100.5,33.3333
1773129600,2026-03-10 08:00:00,2026-03-10 09:00:00,karup,2.6,30.0,3.85,0.0,1008.22,100.5,66.6667
1773133200,2026-03-10 09:00:00,2026-03-10 10:00:00,karup,3.0,55.0,3.3,0.0,1008.12,100.5,100.0
1773136800,2026-03-10 10:00:00,2026-03-10 11:00:00,karup,3.45,93.0,3.2,0.0,1007.94,100.5,16.6667
1773140400,2026-03-10 11:00:00,2026-03-10 12:00:00,karup,4.05,153.0,3.25,0.0,1007.41,100.5,50.0
1773144000,2026-03-10 12:00:00,2026-03-10 13:00:00,karup,4.7,151.0,3.4,0.0,1006.92,100.5,100.0
1773147600,2026-03-10 13:00:00,2026-03-10 14:00:00,karup,5.35,133.0,3.0,0.0,1006.49,100.0,95.0
1773151200,2026-03-10 14:00:00,2026-03-10 15:00:00,karup,6.0,124.0,3.3,0.0,1006.42,99.5,100.0
1773154800,2026-03-10 15:00:00,2026-03-10 16:00:00,karup,6.4,70.0,3.3,0.0,1006.12,98.5,100.0
1773158400,2026-03-10 16:00:00,2026-03-10 17:00:00,karup,6.5,46.0,3.25,0.0,1005.92,97.5,100.0
1773162000,2026-03-10 17:00:00,2026-03-10 18:00:00,karup,6.2,14.0,2.6,0.0,1005.58,98.0,100.0
1773165600,2026-03-10 18:00:00,2026-03-10 19:00:00,karup,6.0,1.0,2.05,0.0,1005.38,99.5,33.3333
1773169200,2026-03-10 19:00:00,2026-03-10 20:00:00,karup,6.0,0.0,3.0,0.0,1004.94,100.0,0.0
1773172800,2026-03-10 20:00:00,2026-03-10 21:00:00,karup,6.15,0.0,3.1,0.0,1004.62,100.5,0.0
1773176400,2026-03-10 21:00:00,2026-03-10 22:00:00,karup,6.4,0.0,2.85,0.0,1004.45,100.5,0.0
1773180000,2026-03-10 22:00:00,2026-03-10 23:00:00,karup,6.3,0.0,2.9,0.05,1004.23,100.5,66.6667
1773183600,2026-03-10 23:00:00,2026-03-11 00:00:00,karup,6.05,0.0,3.65,0.05,1003.85,101.0,100.0
1773187200,2026-03-11 00:00:00,2026-03-11 01:00:00,karup,5.3,0.0,3.85,0.0,1003.56,100.5,100.0
1773190800,2026-03-11 01:00:00,2026-03-11 02:00:00,karup,4.85,0.0,3.45,0.0,1002.97,100.5,100.0
1773194400,2026-03-11 02:00:00,2026-03-11 03:00:00,karup,4.65,0.0,3.25,0.0,1002.22,100.5,100.0
1773198000,2026-03-11 03:00:00,2026-03-11 04:00:00,karup,4.75,0.0,3.9,0.0,1001.74,100.0,100.0
1773201600,2026-03-11 04:00:00,2026-03-11 05:00:00,karup,4.8,0.0,3.95,0.0,1001.01,100.5,66.6667
1773205200,2026-03-11 05:00:00,2026-03-11 06:00:00,karup,5.45,0.0,4.1,0.0,1000.32,100.0,100.0
1773208800,2026-03-11 06:00:00,2026-03-11 07:00:00,karup,6.15,0.0,3.95,0.0,1000.03,99.5,100.0
1773212400,2026-03-11 07:00:00,2026-03-11 08:00:00,karup,7.1,17.0,5.05,0.05,999.608,96.5,93.3333
1773216000,2026-03-11 08:00:00,2026-03-11 09:00:00,karup,7.65,96.0,5.4,0.0,999.117,92.5,90.0
1773219600,2026-03-11 09:00:00,2026-03-11 10:00:00,karup,8.15,165.0,5.7,0.0,998.65,89.5,95.0
1773223200,2026-03-11 10:00:00,2026-03-11 11:00:00,karup,8.6,78.0,5.7,0.05,998.392,88.0,100.0
1773226800,2026-03-11 11:00:00,2026-03-11 12:00:00,karup,8.2,38.0,5.7,0.25,998.083,93.0,100.0
1773230400,2026-03-11 12:00:00,2026-03-11 13:00:00,karup,8.6,94.0,6.25,0.05,997.558,92.0,100.0
1773234000,2026-03-11 13:00:00,2026-03-11 14:00:00,karup,8.65,71.0,6.2,0.4,997.258,92.5,100.0
1773237600,2026-03-11 14:00:00,2026-03-11 15:00:00,karup,8.25,36.0,5.3,0.7,997.075,96.5,100.0
1773241200,2026-03-11 15:00:00,2026-03-11 16:00:00,karup,8.3,39.0,5.35,0.6,996.958,98.0,100.0
1773244800,2026-03-11 16:00:00,2026-03-11 17:00:00,karup,8.2,18.0,4.8,0.45,997.525,98.0,100.0
1773248400,2026-03-11 17:00:00,2026-03-11 18:00:00,karup,7.35,6.0,3.95,0.5,998.292,97.5,95.0
1773252000,2026-03-11 18:00:00,2026-03-11 19:00:00,karup,6.8,0.0,2.8,0.15,999.158,98.5,98.3333
1773255600,2026-03-11 19:00:00,2026-03-11 20:00:00,karup,6.3,0.0,3.95,0.0,1000.19,97.0,91.6667
1773259200,2026-03-11 20:00:00,2026-03-11 21:00:00,karup,5.7,0.0,3.8,0.0,1000.92,96.5,91.6667
1773262800,2026-03-11 21:00:00,2026-03-11 22:00:00,karup,4.85,0.0,3.1,0.0,1001.46,97.0,35.8333
1773266400,2026-03-11 22:00:00,2026-03-11 23:00:00,karup,4.05,0.0,3.1,0.0,1002.17,98.0,0.0
1773270000,2026-03-11 23:00:00,2026-03-12 00:00:00,karup,3.55,0.0,3.1,0.0,1002.55,98.5,0.0
1773273600,2026-03-12 00:00:00,2026-03-12 01:00:00,karup,3.05,0.0,3.35,0.0,1003.14,98.0,1.66667
1773277200,2026-03-12 01:00:00,2026-03-12 02:00:00,karup,2.85,0.0,3.25,0.0,1003.67,98.5,11.6667
1773280800,2026-03-12 02:00:00,2026-03-12 03:00:00,karup,2.7,0.0,3.6,0.0,1003.75,98.5,0.0
1773284400,2026-03-12 03:00:00,2026-03-12 04:00:00,karup,2.45,0.0,3.3,0.0,1003.97,98.5,0.0
1773288000,2026-03-12 04:00:00,2026-03-12 05:00:00,karup,2.4,0.0,3.6,0.0,1004.28,98.5,46.6667
1773291600,2026-03-12 05:00:00,2026-03-12 06:00:00,karup,2.4,0.0,3.45,0.0,1004.71,98.5,90.0
1773295200,2026-03-12 06:00:00,2026-03-12 07:00:00,karup,2.9,0.0,3.4,0.0,1005.1,98.0,93.3333
1773298800,2026-03-12 07:00:00,2026-03-12 08:00:00,karup,3.7,22.0,3.85,0.0,1004.88,97.0,30.8333
1773302400,2026-03-12 08:00:00,2026-03-12 09:00:00,karup,4.6,91.0,4.6,0.0,1004.54,93.0,3.33333
1773306000,2026-03-12 09:00:00,2026-03-12 10:00:00,karup,6.0,236.0,5.7,0.0,1004.21,88.5,0.0
1773309600,2026-03-12 10:00:00,2026-03-12 11:00:00,karup,7.95,413.0,6.9,0.0,1003.87,79.5,12.5
1773313200,2026-03-12 11:00:00,2026-03-12 12:00:00,karup,9.1,403.0,8.85,0.05,1003.53,67.5,52.5
1773316800,2026-03-12 12:00:00,2026-03-12 13:00:00,karup,8.55,330.0,9.35,0.0,1003.23,71.0,90.0
1773320400,2026-03-12 13:00:00,2026-03-12 14:00:00,karup,8.2,242.0,9.3,0.0,1002.19,76.5,95.0
1773324000,2026-03-12 14:00:00,2026-03-12 15:00:00,karup,8.1,179.0,10.0,0.0,1001.42,76.0,100.0
1773327600,2026-03-12 15:00:00,2026-03-12 16:00:00,karup,8.3,102.0,9.95,0.0,1001.29,76.5,93.3333
1773331200,2026-03-12 16:00:00,2026-03-12 17:00:00,karup,8.6,47.0,10.35,0.0,1000.31,74.0,90.0
1773334800,2026-03-12 17:00:00,2026-03-12 18:00:00,karup,8.7,34.0,10.85,0.0,999.583,69.5,91.6667
1773338400,2026-03-12 18:00:00,2026-03-12 19:00:00,karup,8.6,0.0,10.9,0.0,998.733,70.0,98.3333
1773342000,2026-03-12 19:00:00,2026-03-12 20:00:00,karup,8.5,0.0,10.1,0.0,998.083,71.0,93.3333
1773345600,2026-03-12 20:00:00,2026-03-12 21:00:00,karup,8.25,0.0,9.45,0.0,997.558,73.5,100.0
1773349200,2026-03-12 21:00:00,2026-03-12 22:00:00,karup,8.0,0.0,9.8,0.65,996.742,78.5,100.0
1773352800,2026-03-12 22:00:00,2026-03-12 23:00:00,karup,7.6,0.0,10.2,0.45,995.942,83.5,100.0
1773356400,2026-03-12 23:00:00,2026-03-13 00:00:00,karup,8.2,0.0,10.25,0.1,994.958,79.5,100.0
1773360000,2026-03-13 00:00:00,2026-03-13 01:00:00,karup,8.85,0.0,10.5,0.0,993.85,75.0,100.0
1773363600,2026-03-13 01:00:00,2026-03-13 02:00:00,karup,9.0,0.0,10.35,0.0,992.683,75.0,100.0
1773367200,2026-03-13 02:00:00,2026-03-13 03:00:00,karup,8.8,0.0,10.05,0.2,991.367,77.0,100.0
1773370800,2026-03-13 03:00:00,2026-03-13 04:00:00,karup,8.9,0.0,10.65,0.0,990.075,76.5,100.0
1773374400,2026-03-13 04:00:00,2026-03-13 05:00:00,karup,8.7,0.0,10.75,0.0,988.708,78.5,100.0
1773378000,2026-03-13 05:00:00,2026-03-13 06:00:00,karup,8.55,0.0,10.15,0.0,987.708,80.0,100.0
1773381600,2026-03-13 06:00:00,2026-03-13 07:00:00,karup,8.45,0.0,10.0,0.1,986.875,82.5,100.0
1773385200,2026-03-13 07:00:00,2026-03-13 08:00:00,karup,7.8,3.0,10.25,0.2,986.35,91.5,100.0
1773388800,2026-03-13 08:00:00,2026-03-13 09:00:00,karup,7.65,12.0,10.15,0.7,986.383,94.5,100.0
1773392400,2026-03-13 09:00:00,2026-03-13 10:00:00,karup,7.8,21.0,11.05,0.65,988.033,93.0,100.0
1773396000,2026-03-13 10:00:00,2026-03-13 11:00:00,karup,5.7,80.0,6.2,0.15,988.633,92.5,100.0
1773399600,2026-03-13 11:00:00,2026-03-13 12:00:00,karup,6.4,170.0,6.55,0.0,989.417,87.0,95.0
1773403200,2026-03-13 12:00:00,2026-03-13 13:00:00,karup,6.65,145.0,7.75,0.0,990.042,80.0,90.0
1773406800,2026-03-13 13:00:00,2026-03-13 14:00:00,karup,7.1,187.0,8.1,0.0,990.467,76.0,85.0
1773410400,2026-03-13 14:00:00,2026-03-13 15:00:00,karup,7.2,181.0,7.45,0.0,990.967,70.0,90.0
1773414000,2026-03-13 15:00:00,2026-03-13 16:00:00,karup,7.2,169.0,7.05,0.0,991.508,65.5,87.5
1773417600,2026-03-13 16:00:00,2026-03-13 17:00:00,karup,6.5,106.0,6.0,0.0,991.775,62.0,70.8333
1773421200,2026-03-13 17:00:00,2026-03-13 18:00:00,karup,6.05,25.0,5.05,0.0,992.175,68.0,90.0
1773424800,2026-03-13 18:00:00,2026-03-13 19:00:00,karup,5.55,2.0,4.05,0.0,992.45,73.0,90.0
1773428400,2026-03-13 19:00:00,2026-03-13 20:00:00,karup,4.9,0.0,3.1,0.0,992.4,79.0,93.3333
1773432000,2026-03-13 20:00:00,2026-03-13 21:00:00,karup,4.5,0.0,3.0,0.0,992.242,83.0,91.6667
1773435600,2026-03-13 21:00:00,2026-03-13 22:00:00,karup,3.75,0.0,2.95,0.0,992.308,86.5,75.8333
1773439200,2026-03-13 22:00:00,2026-03-13 23:00:00,karup,3.2,0.0,2.85,0.0,992.125,91.0,90.0
1773442800,2026-03-13 23:00:00,2026-03-14 00:00:00,karup,3.6,0.0,2.9,0.0,991.917,91.5,93.3333
1773446400,2026-03-14 00:00:00,2026-03-14 01:00:00,karup,3.65,0.0,2.9,0.0,991.742,92.5,96.6667
1773450000,2026-03-14 01:00:00,2026-03-14 02:00:00,karup,3.45,0.0,2.95,0.0,991.5,93.5,90.0
1773453600,2026-03-14 02:00:00,2026-03-14 03:00:00,karup,3.05,0.0,3.35,0.0,991.217,95.0,90.0
1773457200,2026-03-14 03:00:00,2026-03-14 04:00:00,karup,3.2,0.0,3.45,0.0,991.183,96.0,91.6667
1773460800,2026-03-14 04:00:00,2026-03-14 05:00:00,karup,3.3,0.0,3.05,0.0,991.325,96.0,96.6667
1773464400,2026-03-14 05:00:00,2026-03-14 06:00:00,karup,3.45,0.0,2.9,0.0,991.25,96.0,93.3333
1773468000,2026-03-14 06:00:00,2026-03-14 07:00:00,karup,3.45,1.0,2.25,0.0,991.45,96.5,60.0
1773471600,2026-03-14 07:00:00,2026-03-14 08:00:00,karup,3.3,21.0,1.7,0.0,991.708,96.5,61.6667
1773475200,2026-03-14 08:00:00,2026-03-14 09:00:00,karup,3.8,91.0,2.5,0.0,992.158,95.0,90.0
1773478800,2026-03-14 09:00:00,2026-03-14 10:00:00,karup,4.65,179.0,2.9,0.0,992.558,91.0,80.0
1773482400,2026-03-14 10:00:00,2026-03-14 11:00:00,karup,5.4,216.0,2.85,0.0,992.892,86.5,93.3333
1773486000,2026-03-14 11:00:00,2026-03-14 12:00:00,karup,6.25,262.0,2.65,0.0,993.042,80.0,95.0
1773489600,2026-03-14 12:00:00,2026-03-14 13:00:00,karup,7.2,322.0,2.85,0.0,993.467,75.0,93.3333
1773493200,2026-03-14 13:00:00,2026-03-14 14:00:00,karup,7.85,329.0,3.7,0.0,993.625,70.5,85.0
1773496800,2026-03-14 14:00:00,2026-03-14 15:00:00,karup,7.75,265.0,3.7,0.0,994.183,68.0,85.0
1773500400,2026-03-14 15:00:00,2026-03-14 16:00:00,karup,7.15,170.0,3.7,0.05,994.917,71.0,90.0
1773504000,2026-03-14 16:00:00,2026-03-14 17:00:00,karup,6.0,82.0,3.7,0.0,995.6,78.0,83.3333
1773507600,2026-03-14 17:00:00,2026-03-14 18:00:00,karup,5.7,30.0,2.55,0.1,996.533,83.5,88.3333
1773511200,2026-03-14 18:00:00,2026-03-14 19:00:00,karup,5.35,11.0,1.95,0.0,997.317,87.5,100.0
1773514800,2026-03-14 19:00:00,2026-03-14 20:00:00,karup,4.9,0.0,1.7,0.0,998.092,90.5,100.0
1773518400,2026-03-14 20:00:00,2026-03-14 21:00:00,karup,4.15,0.0,1.7,0.0,998.742,93.0,93.3333
1773522000,2026-03-14 21:00:00,2026-03-14 22:00:00,karup,3.6,0.0,1.8,0.0,999.317,96.5,98.3333
1773525600,2026-03-14 22:00:00,2026-03-14 23:00:00,karup,3.65,0.0,2.05,0.0,999.75,98.0,100.0
1773529200,2026-03-14 23:00:00,2026-03-15 00:00:00,karup,3.9,0.0,2.05,0.0,1000.13,98.0,96.6667
1773532800,2026-03-15 00:00:00,2026-03-15 01:00:00,karup,3.95,0.0,1.85,0.0,1000.58,97.5,95.0
1773536400,2026-03-15 01:00:00,2026-03-15 02:00:00,karup,3.9,0.0,2.15,0.0,1001.11,97.0,100.0
1773540000,2026-03-15 02:00:00,2026-03-15 03:00:00,karup,3.6,0.0,2.45,0.0,1001.75,97.5,100.0
1773543600,2026-03-15 03:00:00,2026-03-15 04:00:00,karup,3.45,0.0,2.6,0.0,1002.28,97.5,100.0
1773547200,2026-03-15 04:00:00,2026-03-15 05:00:00,karup,3.25,0.0,2.2,0.0,1002.58,96.5,100.0
1773550800,2026-03-15 05:00:00,2026-03-15 06:00:00,karup,3.25,0.0,2.3,0.0,1002.94,94.5,100.0
1773554400,2026-03-15 06:00:00,2026-03-15 07:00:00,karup,3.0,2.0,2.4,0.0,1003.34,95.5,98.3333
1773558000,2026-03-15 07:00:00,2026-03-15 08:00:00,karup,3.3,41.0,2.45,0.0,1003.72,95.0,91.6667
1773561600,2026-03-15 08:00:00,2026-03-15 09:00:00,karup,4.0,161.0,3.35,0.0,1003.99,92.5,95.0
1773565200,2026-03-15 09:00:00,2026-03-15 10:00:00,karup,5.05,282.0,4.0,0.0,1004.12,88.0,85.8333
1773568800,2026-03-15 10:00:00,2026-03-15 11:00:00,karup,5.25,210.0,4.0,0.0,1004.26,85.0,98.3333
1773572400,2026-03-15 11:00:00,2026-03-15 12:00:00,karup,5.85,304.0,4.3,0.0,1004.38,80.0,95.0
1773576000,2026-03-15 12:00:00,2026-03-15 13:00:00,karup,6.65,354.0,5.0,0.0,1004.03,74.0,48.3333
1773579600,2026-03-15 13:00:00,2026-03-15 14:00:00,karup,7.85,401.0,5.35,0.0,1003.64,65.5,55.8333
1773583200,2026-03-15 14:00:00,2026-03-15 15:00:00,karup,8.25,346.0,5.3,0.0,1003.3,60.5,53.3333
1773586800,2026-03-15 15:00:00,2026-03-15 16:00:00,karup,8.65,340.0,6.2,0.0,1003.04,57.0,14.1667
1773590400,2026-03-15 16:00:00,2026-03-15 17:00:00,karup,7.8,198.0,6.2,0.0,1002.76,60.0,11.6667
1773594000,2026-03-15 17:00:00,2026-03-15 18:00:00,karup,6.6,62.0,5.3,0.0,1002.5,65.5,48.3333
1773597600,2026-03-15 18:00:00,2026-03-15 19:00:00,karup,5.5,3.0,4.95,0.0,1002.01,69.0,100.0
1773601200,2026-03-15 19:00:00,2026-03-15 20:00:00,karup,5.3,0.0,4.95,0.0,1001.53,73.0,95.0
1773604800,2026-03-15 20:00:00,2026-03-15 21:00:00,karup,5.45,0.0,5.6,0.0,1000.97,76.0,100.0
1773608400,2026-03-15 21:00:00,2026-03-15 22:00:00,karup,5.75,0.0,6.15,0.0,1000.01,78.5,98.3333
1773612000,2026-03-15 22:00:00,2026-03-15 23:00:00,karup,5.7,0.0,6.25,0.0,999.0,80.5,91.6667
1773615600,2026-03-15 23:00:00,2026-03-16 00:00:00,karup,5.6,0.0,6.1,0.0,998.025,79.5,96.6667
1773619200,2026-03-16 00:00:00,2026-03-16 01:00:00,karup,5.75,0.0,6.4,0.0,997.083,77.0,91.6667
1773622800,2026-03-16 01:00:00,2026-03-16 02:00:00,karup,5.6,0.0,6.5,0.0,996.0,76.5,100.0
1773626400,2026-03-16 02:00:00,2026-03-16 03:00:00,karup,5.45,0.0,6.5,0.0,995.275,77.5,100.0
1773630000,2026-03-16 03:00:00,2026-03-16 04:00:00,karup,4.95,0.0,5.95,0.05,994.808,84.0,100.0
1773633600,2026-03-16 04:00:00,2026-03-16 05:00:00,karup,4.15,0.0,6.0,0.25,994.817,92.5,100.0
1773637200,2026-03-16 05:00:00,2026-03-16 06:00:00,karup,3.7,0.0,5.55,0.9,995.183,93.0,100.0
1773640800,2026-03-16 06:00:00,2026-03-16 07:00:00,karup,2.9,1.0,5.2,0.55,995.717,94.5,100.0
1773644400,2026-03-16 07:00:00,2026-03-16 08:00:00,karup,2.8,15.0,3.5,0.3,996.2,97.0,95.0
1773648000,2026-03-16 08:00:00,2026-03-16 09:00:00,karup,3.25,47.0,2.6,0.15,996.842,97.5,91.6667
1773651600,2026-03-16 09:00:00,2026-03-16 10:00:00,karup,4.0,73.0,2.45,0.0,997.633,97.5,90.0
1773655200,2026-03-16 10:00:00,2026-03-16 11:00:00,karup,5.4,172.0,3.05,0.0,998.633,94.0,90.0
1773658800,2026-03-16 11:00:00,2026-03-16 12:00:00,karup,6.6,259.0,4.0,0.0,999.508,81.5,91.6667
1773662400,2026-03-16 12:00:00,2026-03-16 13:00:00,karup,7.15,354.0,5.45,0.0,1000.2,73.0,90.0
1773666000,2026-03-16 13:00:00,2026-03-16 14:00:00,karup,7.15,449.0,5.95,0.0,1001.07,68.0,100.0
1773669600,2026-03-16 14:00:00,2026-03-16 15:00:00,karup,7.1,205.0,6.2,0.0,1002.17,66.5,75.8333
1773673200,2026-03-16 15:00:00,2026-03-16 16:00:00,karup,7.05,108.0,6.45,0.0,1003.12,65.0,51.6667
1773676800,2026-03-16 16:00:00,2026-03-16 17:00:00,karup,6.75,107.0,5.9,0.0,1004.03,65.0,49.1667
1773680400,2026-03-16 17:00:00,2026-03-16 18:00:00,karup,6.2,76.0,5.1,0.0,1004.92,68.5,12.5
1773684000,2026-03-16 18:00:00,2026-03-16 19:00:00,karup,4.85,4.0,3.85,0.0,1005.92,78.5,22.5
1773687600,2026-03-16 19:00:00,2026-03-16 20:00:00,karup,3.95,0.0,3.0,0.0,1006.64,87.0,6.66667
1773691200,2026-03-16 20:00:00,2026-03-16 21:00:00,karup,3.05,0.0,2.35,0.0,1007.03,91.5,3.33333
1773694800,2026-03-16 21:00:00,2026-03-16 22:00:00,karup,2.0,0.0,2.5,0.0,1007.54,96.0,0.0
1773698400,2026-03-16 22:00:00,2026-03-16 23:00:00,karup,1.75,0.0,2.55,0.0,1008.1,97.5,0.0
1773702000,2026-03-16 23:00:00,2026-03-17 00:00:00,karup,1.0,0.0,2.5,0.0,1008.49,99.0,35.8333
1773705600,2026-03-17 00:00:00,2026-03-17 01:00:00,karup,0.85,0.0,2.35,0.0,1008.84,99.0,25.0
1773709200,2026-03-17 01:00:00,2026-03-17 02:00:00,karup,0.9,0.0,2.5,0.0,1009.26,98.5,82.5
1773712800,2026-03-17 02:00:00,2026-03-17 03:00:00,karup,1.75,0.0,2.8,0.0,1009.54,99.0,83.3333
1773716400,2026-03-17 03:00:00,2026-03-17 04:00:00,karup,2.85,0.0,2.65,0.0,1009.67,99.5,0.0
1773720000,2026-03-17 04:00:00,2026-03-17 05:00:00,karup,3.15,0.0,3.0,0.0,1009.97,100.0,50.0
1773723600,2026-03-17 05:00:00,2026-03-17 06:00:00,karup,3.4,0.0,3.2,0.0,1010.18,100.0,95.0
1773727200,2026-03-17 06:00:00,2026-03-17 07:00:00,karup,3.8,4.0,3.3,0.0,1010.62,100.0,95.0
1773730800,2026-03-17 07:00:00,2026-03-17 08:00:00,karup,4.4,47.0,3.25,0.0,1011.04,97.5,100.0
1773734400,2026-03-17 08:00:00,2026-03-17 09:00:00,karup,5.2,115.0,3.4,0.0,1011.43,92.5,100.0
1773738000,2026-03-17 09:00:00,2026-03-17 10:00:00,karup,6.55,209.0,4.05,0.0,1011.57,87.0,98.3333
1773741600,2026-03-17 10:00:00,2026-03-17 11:00:00,karup,7.85,245.0,4.5,0.0,1012.0,81.0,90.0
1773745200,2026-03-17 11:00:00,2026-03-17 12:00:00,karup,8.6,229.0,4.65,0.0,1012.34,78.0,96.6667
1773748800,2026-03-17 12:00:00,2026-03-17 13:00:00,karup,9.4,205.0,5.25,0.0,1012.48,73.0,100.0
1773752400,2026-03-17 13:00:00,2026-03-17 14:00:00,karup,9.95,238.0,5.55,0.0,1012.64,72.0,100.0
1773756000,2026-03-17 14:00:00,2026-03-17 15:00:00,karup,10.15,191.0,5.5,0.0,1012.84,72.5,100.0
1773759600,2026-03-17 15:00:00,2026-03-17 16:00:00,karup,10.0,91.0,4.9,0.0,1012.82,74.5,100.0
1773763200,2026-03-17 16:00:00,2026-03-17 17:00:00,karup,9.4,37.0,4.6,0.0,1013.07,78.0,100.0
1773766800,2026-03-17 17:00:00,2026-03-17 18:00:00,karup,8.45,23.0,4.7,0.0,1013.65,83.0,100.0
1773770400,2026-03-17 18:00:00,2026-03-17 19:00:00,karup,8.15,4.0,4.3,0.0,1014.31,83.0,100.0
1773774000,2026-03-17 19:00:00,2026-03-17 20:00:00,karup,8.1,0.0,4.25,0.0,1014.76,81.0,100.0
1773777600,2026-03-17 20:00:00,2026-03-17 21:00:00,karup,8.1,0.0,4.7,0.0,1015.36,83.0,100.0
1773781200,2026-03-17 21:00:00,2026-03-17 22:00:00,karup,8.2,0.0,4.5,0.0,1015.66,82.5,100.0
1773784800,2026-03-17 22:00:00,2026-03-17 23:00:00,karup,8.2,0.0,4.5,0.0,1015.83,79.5,100.0
1773788400,2026-03-17 23:00:00,2026-03-18 00:00:00,karup,8.2,0.0,4.5,0.0,1016.12,78.5,100.0
1773792000,2026-03-18 00:00:00,2026-03-18 01:00:00,karup,8.1,0.0,4.3,0.0,1016.42,80.0,100.0
1773795600,2026-03-18 01:00:00,2026-03-18 02:00:00,karup,7.9,0.0,4.25,0.0,1016.66,80.5,100.0
1773799200,2026-03-18 02:00:00,2026-03-18 03:00:00,karup,7.4,0.0,3.8,0.0,1016.74,80.0,100.0
1773802800,2026-03-18 03:00:00,2026-03-18 04:00:00,karup,7.45,0.0,3.75,0.0,1017.06,78.0,100.0
1773806400,2026-03-18 04:00:00,2026-03-18 05:00:00,karup,7.7,0.0,3.65,0.0,1017.56,76.5,95.0
1773810000,2026-03-18 05:00:00,2026-03-18 06:00:00,karup,6.95,0.0,4.0,0.0,1018.05,78.0,95.0
1773813600,2026-03-18 06:00:00,2026-03-18 07:00:00,karup,6.55,4.0,4.2,0.0,1018.86,77.0,100.0
1773817200,2026-03-18 07:00:00,2026-03-18 08:00:00,karup,6.85,22.0,3.85,0.0,1019.47,75.5,100.0
1773820800,2026-03-18 08:00:00,2026-03-18 09:00:00,karup,7.6,81.0,3.95,0.0,1020.03,74.5,100.0
1773824400,2026-03-18 09:00:00,2026-03-18 10:00:00,karup,8.4,147.0,5.0,0.0,1020.53,72.0,60.8333
1773828000,2026-03-18 10:00:00,2026-03-18 11:00:00,karup,9.55,178.0,5.1,0.0,1020.76,68.5,34.1667
1773831600,2026-03-18 11:00:00,2026-03-18 12:00:00,karup,11.2,395.0,6.15,0.0,1020.88,63.0,50.8333
1773835200,2026-03-18 12:00:00,2026-03-18 13:00:00,karup,12.3,467.0,6.1,0.0,1020.9,60.5,28.3333
1773838800,2026-03-18 13:00:00,2026-03-18 14:00:00,karup,12.9,454.0,6.2,0.0,1020.92,59.5,53.3333
1773842400,2026-03-18 14:00:00,2026-03-18 15:00:00,karup,13.0,422.0,5.9,0.0,1020.93,59.0,10.8333
1773846000,2026-03-18 15:00:00,2026-03-18 16:00:00,karup,13.2,348.0,5.2,0.0,1020.94,57.0,1.66667
1773849600,2026-03-18 16:00:00,2026-03-18 17:00:00,karup,13.1,230.0,5.4,0.0,1021.33,55.5,70.8333
1773853200,2026-03-18 17:00:00,2026-03-18 18:00:00,karup,12.2,99.0,4.55,0.0,1021.61,57.5,57.5
1773856800,2026-03-18 18:00:00,2026-03-18 19:00:00,karup,10.4,9.0,2.9,0.0,1022.08,63.0,0.0
1773860400,2026-03-18 19:00:00,2026-03-18 20:00:00,karup,8.25,0.0,1.8,0.0,1022.12,71.0,0.0
1773864000,2026-03-18 20:00:00,2026-03-18 21:00:00,karup,6.65,0.0,1.95,0.0,1022.12,76.0,0.0
1773867600,2026-03-18 21:00:00,2026-03-18 22:00:00,karup,5.9,0.0,2.25,0.0,1022.22,75.0,0.0
1773871200,2026-03-18 22:00:00,2026-03-18 23:00:00,karup,5.5,0.0,2.1,0.0,1022.18,74.0,0.0
1773874800,2026-03-18 23:00:00,2026-03-19 00:00:00,karup,3.8,0.0,1.35,0.0,1022.06,81.5,0.0
1773878400,2026-03-19 00:00:00,2026-03-19 01:00:00,karup,3.55,0.0,1.6,0.0,1022.03,81.5,0.0
1773882000,2026-03-19 01:00:00,2026-03-19 02:00:00,karup,2.45,0.0,1.75,0.0,1021.59,84.5,0.0
1773885600,2026-03-19 02:00:00,2026-03-19 03:00:00,karup,2.65,0.0,2.2,0.0,1021.18,82.0,34.1667
1773889200,2026-03-19 03:00:00,2026-03-19 04:00:00,karup,2.05,0.0,2.1,0.0,1020.72,84.0,100.0
1773892800,2026-03-19 04:00:00,2026-03-19 05:00:00,karup,2.55,0.0,2.75,0.0,1020.47,82.0,84.1667
1773896400,2026-03-19 05:00:00,2026-03-19 06:00:00,karup,2.3,0.0,2.15,0.0,1020.36,82.5,1.66667
1773900000,2026-03-19 06:00:00,2026-03-19 07:00:00,karup,0.95,9.0,1.25,0.0,1020.08,88.5,54.1667
1773903600,2026-03-19 07:00:00,2026-03-19 08:00:00,karup,2.95,103.0,1.7,0.0,1020.2,84.5,90.0
1773907200,2026-03-19 08:00:00,2026-03-19 09:00:00,karup,5.05,108.0,2.0,0.0,1020.02,79.0,98.3333
1773910800,2026-03-19 09:00:00,2026-03-19 10:00:00,karup,6.25,170.0,2.55,0.0,1019.75,80.5,91.6667
1773914400,2026-03-19 10:00:00,2026-03-19 11:00:00,karup,7.6,166.0,2.55,0.0,1019.58,81.5,100.0
1773918000,2026-03-19 11:00:00,2026-03-19 12:00:00,karup,9.0,322.0,3.55,0.0,1019.47,82.5,93.3333
1773921600,2026-03-19 12:00:00,2026-03-19 13:00:00,karup,9.75,190.0,3.9,0.0,1019.17,80.5,100.0
1773925200,2026-03-19 13:00:00,2026-03-19 14:00:00,karup,9.8,208.0,3.5,0.0,1018.93,74.5,72.5
1773928800,2026-03-19 14:00:00,2026-03-19 15:00:00,karup,9.95,221.0,2.75,0.0,1018.31,69.0,0.0
1773932400,2026-03-19 15:00:00,2026-03-19 16:00:00,karup,11.1,370.0,4.55,0.0,1017.85,56.0,0.0
1773936000,2026-03-19 16:00:00,2026-03-19 17:00:00,karup,11.05,244.0,5.65,0.0,1017.77,50.0,0.0
1773939600,2026-03-19 17:00:00,2026-03-19 18:00:00,karup,9.75,106.0,5.35,0.0,1017.92,55.0,0.0
1773943200,2026-03-19 18:00:00,2026-03-19 19:00:00,karup,7.45,9.0,3.95,0.0,1017.71,67.0,0.0
1773946800,2026-03-19 19:00:00,2026-03-19 20:00:00,karup,4.7,0.0,3.05,0.0,1017.83,81.5,0.0
1773950400,2026-03-19 20:00:00,2026-03-19 21:00:00,karup,3.45,0.0,2.6,0.0,1017.7,91.5,3.33333
1773954000,2026-03-19 21:00:00,2026-03-19 22:00:00,karup,3.15,0.0,1.8,0.0,1017.56,97.5,22.5
1773957600,2026-03-19 22:00:00,2026-03-19 23:00:00,karup,2.8,0.0,1.85,0.0,1017.41,99.5,6.66667
1773961200,2026-03-19 23:00:00,2026-03-20 00:00:00,karup,2.5,0.0,1.95,0.0,1017.31,100.0,0.0
1773964800,2026-03-20 00:00:00,2026-03-20 01:00:00,karup,3.4,0.0,2.65,0.0,1017.18,100.0,0.0
1773968400,2026-03-20 01:00:00,2026-03-20 02:00:00,karup,3.3,0.0,2.35,0.0,1017.04,100.0,0.0
1773972000,2026-03-20 02:00:00,2026-03-20 03:00:00,karup,2.9,0.0,2.4,0.0,1016.75,100.0,0.0
1773975600,2026-03-20 03:00:00,2026-03-20 04:00:00,karup,2.7,0.0,2.25,0.0,1016.68,100.0,0.0
1773979200,2026-03-20 04:00:00,2026-03-20 05:00:00,karup,2.5,0.0,1.85,0.0,1016.63,100.0,0.0
1773982800,2026-03-20 05:00:00,2026-03-20 06:00:00,karup,2.4,0.0,1.0,0.0,1016.57,101.0,0.0
1773986400,2026-03-20 06:00:00,2026-03-20 07:00:00,karup,2.1,4.0,1.25,0.0,1016.95,101.0,0.0
1773990000,2026-03-20 07:00:00,2026-03-20 08:00:00,karup,2.2,43.0,1.7,0.0,1017.05,101.0,0.0
1773993600,2026-03-20 08:00:00,2026-03-20 09:00:00,karup,2.5,81.0,1.45,0.0,1017.18,101.0,0.0
1773997200,2026-03-20 09:00:00,2026-03-20 10:00:00,karup,3.2,183.0,1.15,0.0,1017.16,101.0,93.3333
1774000800,2026-03-20 10:00:00,2026-03-20 11:00:00,karup,4.7,366.0,1.2,0.0,1017.1,100.0,47.5
1774004400,2026-03-20 11:00:00,2026-03-20 12:00:00,karup,7.0,545.0,1.45,0.0,1016.65,91.0,0.0
1774008000,2026-03-20 12:00:00,2026-03-20 13:00:00,karup,9.25,573.0,1.5,0.0,1016.15,70.0,5.83333
1774011600,2026-03-20 13:00:00,2026-03-20 14:00:00,karup,10.6,547.0,1.9,0.0,1015.86,58.0,15.8333
1774015200,2026-03-20 14:00:00,2026-03-20 15:00:00,karup,10.75,475.0,2.55,0.0,1015.67,57.0,25.0
1774018800,2026-03-20 15:00:00,2026-03-20 16:00:00,karup,10.4,335.0,3.1,0.0,1015.5,62.5,12.5
1774022400,2026-03-20 16:00:00,2026-03-20 17:00:00,karup,9.35,229.0,3.75,0.0,1015.35,68.0,85.8333
1774026000,2026-03-20 17:00:00,2026-03-20 18:00:00,karup,8.35,125.0,3.7,0.0,1015.56,72.5,100.0
1774029600,2026-03-20 18:00:00,2026-03-20 19:00:00,karup,6.7,14.0,2.75,0.0,1015.72,78.5,100.0
1774033200,2026-03-20 19:00:00,2026-03-20 20:00:00,karup,5.5,0.0,1.75,0.0,1015.66,83.5,92.5
1774036800,2026-03-20 20:00:00,2026-03-20 21:00:00,karup,4.8,0.0,0.75,0.0,1015.83,87.5,35.8333
1774040400,2026-03-20 21:00:00,2026-03-20 22:00:00,karup,3.4,0.0,0.85,0.0,1015.71,94.5,0.0
1774044000,2026-03-20 22:00:00,2026-03-20 23:00:00,karup,2.4,0.0,0.7,0.0,1015.64,97.0,0.0
1774047600,2026-03-20 23:00:00,2026-03-21 00:00:00,karup,1.95,0.0,0.4,0.0,1015.49,99.5,96.6667
1774051200,2026-03-21 00:00:00,2026-03-21 01:00:00,karup,1.8,0.0,0.45,0.0,1015.31,99.0,65.0
1774054800,2026-03-21 01:00:00,2026-03-21 02:00:00,karup,1.0,0.0,0.3,0.0,1015.08,100.0,0.0
1774058400,2026-03-21 02:00:00,2026-03-21 03:00:00,karup,-0.5,0.0,0.0,0.0,1015.04,100.0,0.0
1774062000,2026-03-21 03:00:00,2026-03-21 04:00:00,karup,-1.05,0.0,0.1,0.0,1015.13,100.0,0.0
1774065600,2026-03-21 04:00:00,2026-03-21 05:00:00,karup,-1.05,0.0,0.6,0.0,1014.98,100.0,8.33333
1774069200,2026-03-21 05:00:00,2026-03-21 06:00:00,karup,-0.95,0.0,0.6,0.0,1015.08,100.5,29.1667
1774072800,2026-03-21 06:00:00,2026-03-21 07:00:00,karup,-0.7,6.0,0.75,0.0,1015.41,100.5,0.0
1774076400,2026-03-21 07:00:00,2026-03-21 08:00:00,karup,0.0,33.0,0.5,0.0,1015.62,100.5,0.0
1774080000,2026-03-21 08:00:00,2026-03-21 09:00:00,karup,1.05,68.0,0.75,0.0,1015.63,100.5,49.1667
1774083600,2026-03-21 09:00:00,2026-03-21 10:00:00,karup,2.3,119.0,1.05,0.0,1015.72,100.5,5.83333
1774087200,2026-03-21 10:00:00,2026-03-21 11:00:00,karup,3.35,138.0,1.85,0.0,1015.65,100.5,41.6667
1774090800,2026-03-21 11:00:00,2026-03-21 12:00:00,karup,3.95,225.0,2.5,0.0,1015.69,98.0,100.0
1774094400,2026-03-21 12:00:00,2026-03-21 13:00:00,karup,4.7,258.0,1.5,0.0,1015.62,94.0,88.3333
1774098000,2026-03-21 13:00:00,2026-03-21 14:00:00,karup,5.7,261.0,0.95,0.0,1015.08,86.5,20.0
1774101600,2026-03-21 14:00:00,2026-03-21 15:00:00,karup,6.95,265.0,1.55,0.0,1014.83,79.0,0.0
1774105200,2026-03-21 15:00:00,2026-03-21 16:00:00,karup,7.5,297.0,2.55,0.0,1014.62,75.0,0.0
1774108800,2026-03-21 16:00:00,2026-03-21 17:00:00,karup,7.2,117.0,2.55,0.0,1014.53,76.5,1.66667
1774112400,2026-03-21 17:00:00,2026-03-21 18:00:00,karup,6.4,74.0,2.55,0.0,1014.57,79.5,0.0
1774116000,2026-03-21 18:00:00,2026-03-21 19:00:00,karup,4.9,11.0,1.7,0.0,1014.83,85.5,1.66667
1774119600,2026-03-21 19:00:00,2026-03-21 20:00:00,karup,3.25,0.0,1.35,0.0,1015.03,90.5,28.3333
1774123200,2026-03-21 20:00:00,2026-03-21 21:00:00,karup,2.95,0.0,1.55,0.0,1015.22,91.0,98.3333
1774126800,2026-03-21 21:00:00,2026-03-21 22:00:00,karup,3.5,0.0,1.4,0.0,1015.2,90.0,100.0
1774130400,2026-03-21 22:00:00,2026-03-21 23:00:00,karup,3.65,0.0,1.9,0.0,1015.02,90.5,100.0
1774134000,2026-03-21 23:00:00,2026-03-22 00:00:00,karup,3.45,0.0,2.25,0.0,1015.03,90.5,100.0
1774137600,2026-03-22 00:00:00,2026-03-22 01:00:00,karup,3.55,0.0,1.95,0.0,1014.83,92.0,100.0
1774141200,2026-03-22 01:00:00,2026-03-22 02:00:00,karup,3.65,0.0,2.65,0.0,1014.45,92.5,100.0
1774144800,2026-03-22 02:00:00,2026-03-22 03:00:00,karup,3.4,0.0,2.25,0.0,1014.28,93.0,100.0
1774148400,2026-03-22 03:00:00,2026-03-22 04:00:00,karup,3.0,0.0,2.4,0.0,1014.27,93.5,91.6667
1774152000,2026-03-22 04:00:00,2026-03-22 05:00:00,karup,2.1,0.0,1.8,0.0,1014.22,96.0,98.3333
1774155600,2026-03-22 05:00:00,2026-03-22 06:00:00,karup,1.6,0.0,2.3,0.0,1014.22,97.0,100.0
1774159200,2026-03-22 06:00:00,2026-03-22 07:00:00,karup,1.15,4.0,2.35,0.0,1014.35,98.0,100.0
1774162800,2026-03-22 07:00:00,2026-03-22 08:00:00,karup,1.0,32.0,2.6,0.0,1014.43,98.5,100.0
1774166400,2026-03-22 08:00:00,2026-03-22 09:00:00,karup,1.2,84.0,2.8,0.0,1014.25,98.0,100.0
1774170000,2026-03-22 09:00:00,2026-03-22 10:00:00,karup,2.15,174.0,2.8,0.0,1014.11,97.5,100.0
1774173600,2026-03-22 10:00:00,2026-03-22 11:00:00,karup,3.95,421.0,2.6,0.0,1013.86,91.0,50.8333
1774177200,2026-03-22 11:00:00,2026-03-22 12:00:00,karup,6.75,559.0,2.95,0.0,1013.33,77.0,0.0
1774180800,2026-03-22 12:00:00,2026-03-22 13:00:00,karup,9.55,583.0,4.1,0.0,1012.67,61.0,0.0
1774184400,2026-03-22 13:00:00,2026-03-22 14:00:00,karup,11.35,559.0,4.5,0.0,1011.92,48.0,0.0
1774188000,2026-03-22 14:00:00,2026-03-22 15:00:00,karup,12.4,494.0,4.2,0.0,1011.34,38.0,0.0
1774191600,2026-03-22 15:00:00,2026-03-22 16:00:00,karup,12.6,384.0,4.35,0.0,1010.9,36.5,0.0
1774195200,2026-03-22 16:00:00,2026-03-22 17:00:00,karup,12.5,251.0,4.15,0.0,1010.56,38.0,0.0
1774198800,2026-03-22 17:00:00,2026-03-22 18:00:00,karup,11.9,114.0,3.4,0.0,1010.6,41.5,0.0
1774202400,2026-03-22 18:00:00,2026-03-22 19:00:00,karup,10.0,15.0,2.05,0.0,1010.65,49.0,0.0
1774206000,2026-03-22 19:00:00,2026-03-22 20:00:00,karup,7.15,0.0,1.5,0.0,1010.45,64.5,0.0
1774209600,2026-03-22 20:00:00,2026-03-22 21:00:00,karup,3.8,0.0,1.1,0.0,1010.25,78.5,0.0
1774213200,2026-03-22 21:00:00,2026-03-22 22:00:00,karup,2.55,0.0,1.9,0.0,1010.27,83.0,0.0
1774216800,2026-03-22 22:00:00,2026-03-22 23:00:00,karup,2.45,0.0,1.7,0.0,1010.38,83.5,0.0
1774220400,2026-03-22 23:00:00,2026-03-23 00:00:00,karup,1.05,0.0,1.4,0.0,1010.13,90.5,25.8333
1774224000,2026-03-23 00:00:00,2026-03-23 01:00:00,karup,0.45,0.0,1.6,0.0,1009.76,92.0,35.0
1774227600,2026-03-23 01:00:00,2026-03-23 02:00:00,karup,0.85,0.0,1.85,0.0,1009.22,91.5,90.0
1774231200,2026-03-23 02:00:00,2026-03-23 03:00:00,karup,0.85,0.0,1.15,0.0,1008.71,92.0,98.3333
1774234800,2026-03-23 03:00:00,2026-03-23 04:00:00,karup,1.5,0.0,1.55,0.0,1009.07,91.0,91.6667
1774238400,2026-03-23 04:00:00,2026-03-23 05:00:00,karup,1.2,0.0,1.4,0.0,1009.67,93.5,100.0
1774242000,2026-03-23 05:00:00,2026-03-23 06:00:00,karup,2.4,0.0,0.7,0.0,1009.96,94.0,95.0
1774245600,2026-03-23 06:00:00,2026-03-23 07:00:00,karup,3.4,4.0,1.0,0.0,1010.44,95.5,100.0
1774249200,2026-03-23 07:00:00,2026-03-23 08:00:00,karup,4.65,54.0,1.1,0.0,1010.67,94.5,95.0
1774252800,2026-03-23 08:00:00,2026-03-23 09:00:00,karup,5.55,79.0,1.65,0.0,1010.94,92.0,77.5
1774256400,2026-03-23 09:00:00,2026-03-23 10:00:00,karup,6.25,188.0,1.95,0.0,1011.37,88.0,65.0
1774260000,2026-03-23 10:00:00,2026-03-23 11:00:00,karup,7.15,258.0,2.55,0.0,1011.88,79.5,64.1667
1774263600,2026-03-23 11:00:00,2026-03-23 12:00:00,karup,7.95,346.0,3.1,0.0,1011.88,69.0,64.1667
1774267200,2026-03-23 12:00:00,2026-03-23 13:00:00,karup,8.85,408.0,3.1,0.0,1011.82,59.0,44.1667
1774270800,2026-03-23 13:00:00,2026-03-23 14:00:00,karup,9.1,325.0,2.95,0.0,1011.63,57.0,46.6667
1774274400,2026-03-23 14:00:00,2026-03-23 15:00:00,karup,9.45,366.0,2.85,0.0,1011.33,54.0,18.3333
1774278000,2026-03-23 15:00:00,2026-03-23 16:00:00,karup,9.55,251.0,2.85,0.0,1011.12,51.5,6.66667
1774281600,2026-03-23 16:00:00,2026-03-23 17:00:00,karup,9.1,123.0,2.25,0.0,1011.24,54.0,8.33333
1774285200,2026-03-23 17:00:00,2026-03-23 18:00:00,karup,8.4,60.0,2.1,0.0,1011.25,57.5,50.8333
1774288800,2026-03-23 18:00:00,2026-03-23 19:00:00,karup,6.8,10.0,1.5,0.0,1011.05,62.0,100.0
1774292400,2026-03-23 19:00:00,2026-03-23 20:00:00,karup,5.05,0.0,0.3,0.0,1010.88,72.0,100.0
1774296000,2026-03-23 20:00:00,2026-03-23 21:00:00,karup,3.25,0.0,0.35,0.0,1010.43,83.0,91.6667
1774299600,2026-03-23 21:00:00,2026-03-23 22:00:00,karup,2.65,0.0,0.5,0.0,1009.72,86.5,85.0
1774303200,2026-03-23 22:00:00,2026-03-23 23:00:00,karup,2.45,0.0,1.7,0.0,1008.98,85.5,100.0
1774306800,2026-03-23 23:00:00,2026-03-24 00:00:00,karup,3.05,0.0,2.45,0.0,1008.61,83.0,96.6667
1774310400,2026-03-24 00:00:00,2026-03-24 01:00:00,karup,3.95,0.0,3.4,0.0,1008.32,90.0,98.3333
1774314000,2026-03-24 01:00:00,2026-03-24 02:00:00,karup,4.4,0.0,3.65,0.0,1007.23,95.0,100.0
1774317600,2026-03-24 02:00:00,2026-03-24 03:00:00,karup,4.85,0.0,4.6,0.0,1006.25,94.5,98.3333
1774321200,2026-03-24 03:00:00,2026-03-24 04:00:00,karup,5.25,0.0,4.75,0.0,1005.43,93.0,91.6667
1774324800,2026-03-24 04:00:00,2026-03-24 05:00:00,karup,5.45,0.0,4.55,0.0,1004.49,93.0,100.0
1774328400,2026-03-24 05:00:00,2026-03-24 06:00:00,karup,5.6,0.0,4.7,0.05,1003.67,95.5,93.3333
1774332000,2026-03-24 06:00:00,2026-03-24 07:00:00,karup,5.75,3.0,5.95,0.1,1002.82,96.0,90.0
1774335600,2026-03-24 07:00:00,2026-03-24 08:00:00,karup,5.95,29.0,5.75,0.0,1002.45,94.5,95.0
1774339200,2026-03-24 08:00:00,2026-03-24 09:00:00,karup,6.65,54.0,6.1,0.15,1001.08,94.0,93.3333
1774342800,2026-03-24 09:00:00,2026-03-24 10:00:00,karup,7.45,116.0,6.85,0.0,1000.6,94.0,96.6667
1774346400,2026-03-24 10:00:00,2026-03-24 11:00:00,karup,8.25,178.0,7.55,0.0,999.958,90.0,100.0
1774350000,2026-03-24 11:00:00,2026-03-24 12:00:00,karup,8.95,158.0,8.15,0.0,999.442,86.0,100.0
1774353600,2026-03-24 12:00:00,2026-03-24 13:00:00,karup,8.8,76.0,7.65,0.0,998.933,86.0,100.0
1774357200,2026-03-24 13:00:00,2026-03-24 14:00:00,karup,8.4,54.0,6.45,0.05,998.258,90.5,100.0
1774360800,2026-03-24 14:00:00,2026-03-24 15:00:00,karup,8.15,55.0,5.9,0.1,997.583,96.0,100.0
1774364400,2026-03-24 15:00:00,2026-03-24 16:00:00,karup,8.15,24.0,5.95,0.1,996.792,95.0,100.0
1774368000,2026-03-24 16:00:00,2026-03-24 17:00:00,karup,8.15,17.0,5.35,0.0,995.7,94.0,100.0
1774371600,2026-03-24 17:00:00,2026-03-24 18:00:00,karup,8.0,10.0,5.1,0.1,994.542,94.5,100.0
1774375200,2026-03-24 18:00:00,2026-03-24 19:00:00,karup,7.55,2.0,5.0,0.5,993.208,97.0,100.0
1774378800,2026-03-24 19:00:00,2026-03-24 20:00:00,karup,7.35,0.0,5.65,1.0,991.35,97.5,100.0
1774382400,2026-03-24 20:00:00,2026-03-24 21:00:00,karup,7.4,0.0,5.7,0.25,989.45,97.5,100.0
1774386000,2026-03-24 21:00:00,2026-03-24 22:00:00,karup,7.7,0.0,6.45,0.55,987.583,98.0,100.0
1774389600,2026-03-24 22:00:00,2026-03-24 23:00:00,karup,7.75,0.0,7.35,0.25,986.058,98.0,100.0
1774393200,2026-03-24 23:00:00,2026-03-25 00:00:00,karup,7.9,0.0,8.6,0.1,984.467,98.0,100.0
1774396800,2026-03-25 00:00:00,2026-03-25 01:00:00,karup,8.05,0.0,8.9,0.05,982.608,97.5,100.0
1774400400,2026-03-25 01:00:00,2026-03-25 02:00:00,karup,8.0,0.0,8.55,0.15,980.517,97.0,100.0
1774404000,2026-03-25 02:00:00,2026-03-25 03:00:00,karup,8.1,0.0,7.95,1.4,978.258,96.5,100.0
1774407600,2026-03-25 03:00:00,2026-03-25 04:00:00,karup,7.95,0.0,7.9,1.55,976.267,96.5,100.0
1774411200,2026-03-25 04:00:00,2026-03-25 05:00:00,karup,8.05,0.0,8.0,0.6,974.442,94.5,91.6667
1774414800,2026-03-25 05:00:00,2026-03-25 06:00:00,karup,7.45,0.0,8.95,0.0,973.7,89.5,93.3333
1774418400,2026-03-25 06:00:00,2026-03-25 07:00:00,karup,6.55,2.0,9.9,0.0,974.25,90.0,100.0
1774422000,2026-03-25 07:00:00,2026-03-25 08:00:00,karup,5.2,31.0,9.05,0.3,975.125,92.5,100.0
1774425600,2026-03-25 08:00:00,2026-03-25 09:00:00,karup,3.85,19.0,7.25,2.25,976.208,93.0,100.0
1774429200,2026-03-25 09:00:00,2026-03-25 10:00:00,karup,3.85,47.0,8.2,1.6,977.492,91.5,98.3333
1774432800,2026-03-25 10:00:00,2026-03-25 11:00:00,karup,5.0,135.0,7.55,0.25,978.883,89.0,90.0
1774436400,2026-03-25 11:00:00,2026-03-25 12:00:00,karup,6.5,250.0,9.85,0.0,980.367,78.0,90.0
1774440000,2026-03-25 12:00:00,2026-03-25 13:00:00,karup,6.7,274.0,10.7,0.0,981.617,74.5,87.5
1774443600,2026-03-25 13:00:00,2026-03-25 14:00:00,karup,6.4,234.0,10.3,0.0,982.542,73.5,90.0
1774447200,2026-03-25 14:00:00,2026-03-25 15:00:00,karup,6.55,319.0,10.55,0.0,983.517,70.0,87.5
1774450800,2026-03-25 15:00:00,2026-03-25 16:00:00,karup,6.3,310.0,10.6,0.0,984.267,70.5,90.0
1774454400,2026-03-25 16:00:00,2026-03-25 17:00:00,karup,5.75,145.0,10.75,0.0,985.15,70.5,86.6667
1774458000,2026-03-25 17:00:00,2026-03-25 18:00:00,karup,4.75,69.0,9.3,0.0,985.508,79.5,100.0
1774461600,2026-03-25 18:00:00,2026-03-25 19:00:00,karup,4.5,8.0,9.8,0.0,986.0,79.5,100.0
1774465200,2026-03-25 19:00:00,2026-03-25 20:00:00,karup,3.75,0.0,9.2,0.3,986.408,89.0,100.0
1774468800,2026-03-25 20:00:00,2026-03-25 21:00:00,karup,3.95,0.0,9.75,0.25,987.017,90.5,100.0
1774472400,2026-03-25 21:00:00,2026-03-25 22:00:00,karup,3.95,0.0,9.9,0.5,987.525,91.0,100.0
1774476000,2026-03-25 22:00:00,2026-03-25 23:00:00,karup,4.25,0.0,9.35,0.15,988.133,89.0,96.6667
1774479600,2026-03-25 23:00:00,2026-03-26 00:00:00,karup,4.55,0.0,9.5,0.0,988.825,84.5,90.0
1774483200,2026-03-26 00:00:00,2026-03-26 01:00:00,karup,4.6,0.0,9.7,0.0,989.592,83.0,90.0
1774486800,2026-03-26 01:00:00,2026-03-26 02:00:00,karup,4.5,0.0,9.55,0.0,990.15,82.0,90.0
1774490400,2026-03-26 02:00:00,2026-03-26 03:00:00,karup,4.3,0.0,9.3,0.0,990.892,79.5,90.0
1774494000,2026-03-26 03:00:00,2026-03-26 04:00:00,karup,4.15,0.0,9.3,0.0,991.525,79.5,90.0
1774497600,2026-03-26 04:00:00,2026-03-26 05:00:00,karup,4.05,0.0,10.05,0.0,992.442,77.0,90.0
1774501200,2026-03-26 05:00:00,2026-03-26 06:00:00,karup,3.7,0.0,9.4,0.0,993.242,74.5,90.0
1774504800,2026-03-26 06:00:00,2026-03-26 07:00:00,karup,3.4,15.0,8.85,0.0,994.292,71.0,90.0
1774508400,2026-03-26 07:00:00,2026-03-26 08:00:00,karup,3.5,68.0,8.15,0.0,995.192,70.5,90.0
1774512000,2026-03-26 08:00:00,2026-03-26 09:00:00,karup,3.9,140.0,9.1,0.0,996.233,70.0,90.0
1774515600,2026-03-26 09:00:00,2026-03-26 10:00:00,karup,4.45,205.0,8.95,0.0,997.042,65.0,90.0
1774519200,2026-03-26 10:00:00,2026-03-26 11:00:00,karup,4.75,294.0,8.7,0.0,997.767,63.5,90.0
1774522800,2026-03-26 11:00:00,2026-03-26 12:00:00,karup,5.1,283.0,8.7,0.0,998.4,61.0,75.8333
1774526400,2026-03-26 12:00:00,2026-03-26 13:00:00,karup,5.8,372.0,8.3,0.0,998.667,58.0,90.0
1774530000,2026-03-26 13:00:00,2026-03-26 14:00:00,karup,5.7,270.0,8.65,0.0,998.992,61.5,93.3333
1774533600,2026-03-26 14:00:00,2026-03-26 15:00:00,karup,5.5,274.0,8.45,0.0,999.425,66.5,100.0
1774537200,2026-03-26 15:00:00,2026-03-26 16:00:00,karup,5.25,171.0,7.3,0.0,999.708,71.0,100.0
1774540800,2026-03-26 16:00:00,2026-03-26 17:00:00,karup,5.15,80.0,6.8,0.0,1000.28,73.5,78.3333
1774544400,2026-03-26 17:00:00,2026-03-26 18:00:00,karup,5.15,43.0,5.9,0.0,1001.03,76.5,1.66667
1774548000,2026-03-26 18:00:00,2026-03-26 19:00:00,karup,5.05,16.0,5.5,0.0,1002.03,71.5,0.0
1774551600,2026-03-26 19:00:00,2026-03-26 20:00:00,karup,4.2,0.0,5.65,0.0,1003.12,68.5,0.0
1774555200,2026-03-26 20:00:00,2026-03-26 21:00:00,karup,3.65,0.0,4.95,0.0,1004.08,71.5,0.0
1774558800,2026-03-26 21:00:00,2026-03-26 22:00:00,karup,3.15,0.0,4.2,0.0,1005.01,77.0,0.0
1774562400,2026-03-26 22:00:00,2026-03-26 23:00:00,karup,2.55,0.0,3.95,0.0,1005.55,83.0,0.0
1774566000,2026-03-26 23:00:00,2026-03-27 00:00:00,karup,1.85,0.0,3.55,0.0,1006.21,87.0,0.0
1774569600,2026-03-27 00:00:00,2026-03-27 01:00:00,karup,1.3,0.0,2.8,0.0,1006.83,89.5,3.33333
1774573200,2026-03-27 01:00:00,2026-03-27 02:00:00,karup,1.2,0.0,2.55,0.0,1007.14,91.0,82.5
1774576800,2026-03-27 02:00:00,2026-03-27 03:00:00,karup,1.45,0.0,2.55,0.0,1007.59,92.0,90.0
1774580400,2026-03-27 03:00:00,2026-03-27 04:00:00,karup,1.8,0.0,2.8,0.0,1008.18,91.0,90.0
1774584000,2026-03-27 04:00:00,2026-03-27 05:00:00,karup,1.55,0.0,2.6,0.0,1008.72,91.0,93.3333
1774587600,2026-03-27 05:00:00,2026-03-27 06:00:00,karup,2.3,0.0,2.75,0.0,1009.38,88.0,100.0
1774591200,2026-03-27 06:00:00,2026-03-27 07:00:00,karup,2.8,13.0,3.3,0.0,1009.96,83.5,96.6667
1774594800,2026-03-27 07:00:00,2026-03-27 08:00:00,karup,2.95,89.0,3.2,0.0,1010.33,81.0,35.0
1774598400,2026-03-27 08:00:00,2026-03-27 09:00:00,karup,4.3,277.0,4.0,0.0,1010.75,73.5,47.5
1774602000,2026-03-27 09:00:00,2026-03-27 10:00:00,karup,5.4,439.0,5.4,0.0,1010.97,65.5,26.6667
1774605600,2026-03-27 10:00:00,2026-03-27 11:00:00,karup,6.3,512.0,5.55,0.0,1010.97,60.0,28.3333
1774609200,2026-03-27 11:00:00,2026-03-27 12:00:00,karup,7.15,596.0,5.5,0.0,1010.72,55.5,42.5
1774612800,2026-03-27 12:00:00,2026-03-27 13:00:00,karup,7.7,597.0,5.85,0.0,1010.5,52.0,20.0
1774616400,2026-03-27 13:00:00,2026-03-27 14:00:00,karup,8.05,473.0,5.9,0.0,1010.09,48.5,75.0
1774620000,2026-03-27 14:00:00,2026-03-27 15:00:00,karup,7.7,254.0,6.15,0.0,1009.63,53.0,34.1667
1774623600,2026-03-27 15:00:00,2026-03-27 16:00:00,karup,8.0,361.0,6.4,0.0,1008.85,51.0,43.3333
1774627200,2026-03-27 16:00:00,2026-03-27 17:00:00,karup,7.95,254.0,6.4,0.0,1008.35,54.5,90.0
1774630800,2026-03-27 17:00:00,2026-03-27 18:00:00,karup,7.1,79.0,6.1,0.0,1007.75,65.5,100.0
1774634400,2026-03-27 18:00:00,2026-03-27 19:00:00,karup,6.6,6.0,6.25,0.0,1007.18,75.0,100.0
1774638000,2026-03-27 19:00:00,2026-03-27 20:00:00,karup,6.2,0.0,6.4,0.0,1006.62,78.0,93.3333
1774641600,2026-03-27 20:00:00,2026-03-27 21:00:00,karup,5.45,0.0,6.55,0.1,1005.7,88.5,100.0
1774645200,2026-03-27 21:00:00,2026-03-27 22:00:00,karup,5.1,0.0,7.05,0.1,1005.08,92.0,100.0
1774648800,2026-03-27 22:00:00,2026-03-27 23:00:00,karup,4.95,0.0,7.45,0.25,1004.66,95.0,100.0
1774652400,2026-03-27 23:00:00,2026-03-28 00:00:00,karup,4.9,0.0,6.95,0.0,1004.26,96.0,100.0
1774656000,2026-03-28 00:00:00,2026-03-28 01:00:00,karup,4.9,0.0,6.55,0.35,1003.78,96.0,100.0
1774659600,2026-03-28 01:00:00,2026-03-28 02:00:00,karup,4.95,0.0,6.0,0.1,1003.25,97.0,100.0
1774663200,2026-03-28 02:00:00,2026-03-28 03:00:00,karup,5.0,0.0,4.9,0.05,1003.15,98.5,100.0
1774666800,2026-03-28 03:00:00,2026-03-28 04:00:00,karup,5.1,0.0,3.8,0.2,1003.33,99.0,95.0
1774670400,2026-03-28 04:00:00,2026-03-28 05:00:00,karup,4.8,0.0,3.2,0.1,1003.65,98.5,49.1667
1774674000,2026-03-28 05:00:00,2026-03-28 06:00:00,karup,3.5,0.0,1.55,0.0,1004.07,99.0,32.5
1774677600,2026-03-28 06:00:00,2026-03-28 07:00:00,karup,3.05,26.0,2.1,0.0,1004.35,99.5,14.1667
1774681200,2026-03-28 07:00:00,2026-03-28 08:00:00,karup,3.35,100.0,2.6,0.0,1004.72,99.5,85.0
1774684800,2026-03-28 08:00:00,2026-03-28 09:00:00,karup,4.5,149.0,3.4,0.0,1005.12,97.5,91.6667
1774688400,2026-03-28 09:00:00,2026-03-28 10:00:00,karup,5.75,239.0,4.05,0.0,1005.44,94.5,90.0
1774692000,2026-03-28 10:00:00,2026-03-28 11:00:00,karup,6.85,320.0,4.85,0.0,1005.91,83.0,61.6667
1774695600,2026-03-28 11:00:00,2026-03-28 12:00:00,karup,7.65,474.0,5.45,0.0,1006.17,70.5,85.0
1774699200,2026-03-28 12:00:00,2026-03-28 13:00:00,karup,8.55,486.0,5.65,0.0,1006.7,62.5,23.3333
1774702800,2026-03-28 13:00:00,2026-03-28 14:00:00,karup,8.2,451.0,6.0,0.0,1006.74,58.5,6.66667
1774706400,2026-03-28 14:00:00,2026-03-28 15:00:00,karup,8.55,512.0,5.8,0.0,1006.92,57.0,27.5
1774710000,2026-03-28 15:00:00,2026-03-28 16:00:00,karup,8.1,318.0,5.45,0.0,1007.19,59.0,49.1667
1774713600,2026-03-28 16:00:00,2026-03-28 17:00:00,karup,7.8,240.0,5.4,0.0,1007.83,59.0,18.3333
1774717200,2026-03-28 17:00:00,2026-03-28 18:00:00,karup,7.1,140.0,5.3,0.0,1008.79,61.5,25.0
1774720800,2026-03-28 18:00:00,2026-03-28 19:00:00,karup,5.85,28.0,3.7,0.0,1009.67,69.5,1.66667
1774724400,2026-03-28 19:00:00,2026-03-28 20:00:00,karup,4.2,0.0,2.25,0.0,1010.13,78.0,25.8333
1774728000,2026-03-28 20:00:00,2026-03-28 21:00:00,karup,2.75,0.0,1.7,0.0,1010.56,86.5,13.3333
1774731600,2026-03-28 21:00:00,2026-03-28 22:00:00,karup,1.9,0.0,1.65,0.0,1011.15,92.5,89.1667
1774735200,2026-03-28 22:00:00,2026-03-28 23:00:00,karup,2.5,0.0,1.85,0.0,1011.78,93.5,93.3333
1774738800,2026-03-28 23:00:00,2026-03-29 00:00:00,karup,3.05,0.0,1.8,0.0,1012.22,96.0,90.0
1774742400,2026-03-29 00:00:00,2026-03-29 01:00:00,karup,3.15,0.0,1.95,0.0,1012.75,96.5,96.6667
1774746000,2026-03-29 01:00:00,2026-03-29 03:00:00,karup,2.85,0.0,2.1,0.0,1013.12,97.5,100.0
1774749600,2026-03-29 02:00:00,2026-03-29 04:00:00,karup,2.45,0.0,2.35,0.0,1013.28,98.5,20.8333
1774753200,2026-03-29 03:00:00,2026-03-29 05:00:00,karup,1.75,0.0,2.3,0.0,1013.6,98.5,1.66667
1774756800,2026-03-29 04:00:00,2026-03-29 06:00:00,karup,1.45,0.0,2.35,0.0,1013.67,98.5,3.33333
1774760400,2026-03-29 05:00:00,2026-03-29 07:00:00,karup,1.1,0.0,2.55,0.0,1013.52,98.0,0.0
1774764000,2026-03-29 06:00:00,2026-03-29 08:00:00,karup,1.4,31.0,3.05,0.0,1013.97,98.0,65.0
1774767600,2026-03-29 07:00:00,2026-03-29 09:00:00,karup,2.9,87.0,3.25,0.0,1014.06,97.0,95.0
1774771200,2026-03-29 08:00:00,2026-03-29 10:00:00,karup,4.55,172.0,4.15,0.05,1013.87,93.5,96.6667
1774774800,2026-03-29 09:00:00,2026-03-29 11:00:00,karup,6.05,226.0,5.15,0.0,1013.55,89.0,90.0
1774778400,2026-03-29 10:00:00,2026-03-29 12:00:00,karup,6.4,241.0,5.65,0.0,1013.28,82.0,90.0
1774782000,2026-03-29 11:00:00,2026-03-29 13:00:00,karup,7.25,358.0,6.2,0.05,1012.77,76.5,82.5
1774785600,2026-03-29 12:00:00,2026-03-29 14:00:00,karup,8.05,432.0,7.25,0.1,1012.32,67.5,91.6667
1774789200,2026-03-29 13:00:00,2026-03-29 15:00:00,karup,7.85,300.0,8.35,0.0,1011.18,61.0,90.0
1774792800,2026-03-29 14:00:00,2026-03-29 16:00:00,karup,7.35,190.0,7.35,0.0,1010.08,58.5,90.0
1774796400,2026-03-29 15:00:00,2026-03-29 17:00:00,karup,6.65,79.0,7.95,0.0,1008.88,61.5,90.0
1774800000,2026-03-29 16:00:00,2026-03-29 18:00:00,karup,6.25,66.0,7.9,0.0,1007.21,68.5,90.0
1774803600,2026-03-29 17:00:00,2026-03-29 19:00:00,karup,5.95,38.0,7.45,0.0,1005.83,71.5,100.0
1774807200,2026-03-29 18:00:00,2026-03-29 20:00:00,karup,5.2,7.0,7.45,0.05,1004.38,78.0,100.0
1774810800,2026-03-29 19:00:00,2026-03-29 21:00:00,karup,4.25,0.0,7.65,1.15,1002.44,88.0,100.0
1774814400,2026-03-29 20:00:00,2026-03-29 22:00:00,karup,3.35,0.0,7.4,1.75,1000.76,92.5,100.0
1774818000,2026-03-29 21:00:00,2026-03-29 23:00:00,karup,2.9,0.0,7.1,1.15,998.792,95.0,100.0
1774821600,2026-03-29 22:00:00,2026-03-30 00:00:00,karup,3.5,0.0,6.35,2.05,997.25,96.5,100.0
1774825200,2026-03-29 23:00:00,2026-03-30 01:00:00,karup,4.05,0.0,6.65,1.9,996.158,95.5,100.0
1774828800,2026-03-30 00:00:00,2026-03-30 02:00:00,karup,4.15,0.0,4.45,1.3,996.408,95.5,100.0
1774832400,2026-03-30 01:00:00,2026-03-30 03:00:00,karup,4.2,0.0,3.6,0.05,996.25,94.0,90.0
1774836000,2026-03-30 02:00:00,2026-03-30 04:00:00,karup,3.85,0.0,2.65,0.05,996.267,96.5,90.8333
1774839600,2026-03-30 03:00:00,2026-03-30 05:00:00,karup,3.55,0.0,3.05,0.0,996.4,97.5,91.6667
1774843200,2026-03-30 04:00:00,2026-03-30 06:00:00,karup,3.35,0.0,2.8,0.0,996.767,98.0,93.3333
1774846800,2026-03-30 05:00:00,2026-03-30 07:00:00,karup,3.55,0.0,3.15,0.0,997.242,96.5,50.8333
1774850400,2026-03-30 06:00:00,2026-03-30 08:00:00,karup,3.45,31.0,3.4,0.0,997.858,95.5,11.6667
1774854000,2026-03-30 07:00:00,2026-03-30 09:00:00,karup,3.8,164.0,4.05,0.0,998.425,90.5,65.8333
1774857600,2026-03-30 08:00:00,2026-03-30 10:00:00,karup,5.05,224.0,5.3,0.0,998.867,88.0,85.0
1774861200,2026-03-30 09:00:00,2026-03-30 11:00:00,karup,5.85,258.0,6.55,0.2,999.583,83.5,86.6667
1774864800,2026-03-30 10:00:00,2026-03-30 12:00:00,karup,6.3,431.0,7.0,0.0,1000.17,80.5,87.5
1774868400,2026-03-30 11:00:00,2026-03-30 13:00:00,karup,7.0,307.0,6.65,0.0,1000.49,76.0,85.0
1774872000,2026-03-30 12:00:00,2026-03-30 14:00:00,karup,7.25,348.0,6.95,0.0,1001.27,75.0,80.0
1774875600,2026-03-30 13:00:00,2026-03-30 15:00:00,karup,6.85,401.0,7.8,0.0,1001.89,79.0,75.0
1774879200,2026-03-30 14:00:00,2026-03-30 16:00:00,karup,7.0,260.0,7.15,0.0,1002.28,78.5,50.0
1774882800,2026-03-30 15:00:00,2026-03-30 17:00:00,karup,7.1,220.0,7.25,0.0,1003.03,74.5,75.8333
1774886400,2026-03-30 16:00:00,2026-03-30 18:00:00,karup,7.2,206.0,7.7,0.0,1003.89,71.5,57.5
1774890000,2026-03-30 17:00:00,2026-03-30 19:00:00,karup,6.6,94.0,7.05,0.0,1004.72,74.5,90.0
1774893600,2026-03-30 18:00:00,2026-03-30 20:00:00,karup,6.0,19.0,5.7,0.0,1005.68,79.5,90.0
1774897200,2026-03-30 19:00:00,2026-03-30 21:00:00,karup,5.75,0.0,5.4,0.0,1006.22,84.0,90.0
1774900800,2026-03-30 20:00:00,2026-03-30 22:00:00,karup,5.35,0.0,5.7,0.0,1006.67,88.0,90.0
1774904400,2026-03-30 21:00:00,2026-03-30 23:00:00,karup,5.2,0.0,5.95,0.0,1007.11,90.0,90.0
1774908000,2026-03-30 22:00:00,2026-03-31 00:00:00,karup,5.3,0.0,6.15,0.0,1007.36,89.0,90.0
1774911600,2026-03-30 23:00:00,2026-03-31 01:00:00,karup,5.3,0.0,6.45,0.0,1007.75,88.5,96.6667
1774915200,2026-03-31 00:00:00,2026-03-31 02:00:00,karup,5.5,0.0,6.15,0.0,1007.88,88.0,98.3333
1774918800,2026-03-31 01:00:00,2026-03-31 03:00:00,karup,5.75,0.0,6.3,0.0,1008.01,87.0,95.0
1774922400,2026-03-31 02:00:00,2026-03-31 04:00:00,karup,5.6,0.0,6.6,0.0,1008.22,89.0,100.0
1774926000,2026-03-31 03:00:00,2026-03-31 05:00:00,karup,5.85,0.0,6.8,0.0,1008.5,89.5,93.3333
1774929600,2026-03-31 04:00:00,2026-03-31 06:00:00,karup,5.75,0.0,6.25,0.0,1008.8,88.5,50.8333
1774933200,2026-03-31 05:00:00,2026-03-31 07:00:00,karup,5.35,0.0,6.05,0.0,1009.19,86.5,1.66667
1774936800,2026-03-31 06:00:00,2026-03-31 08:00:00,karup,4.95,37.0,6.0,0.0,1009.77,88.0,63.3333
1774940400,2026-03-31 07:00:00,2026-03-31 09:00:00,karup,5.55,116.0,6.7,0.0,1010.53,85.5,90.0
1774944000,2026-03-31 08:00:00,2026-03-31 10:00:00,karup,6.6,191.0,7.45,0.0,1011.25,80.0,90.0
1774947600,2026-03-31 09:00:00,2026-03-31 11:00:00,karup,7.25,273.0,8.2,0.0,1011.89,77.0,85.0
1774951200,2026-03-31 10:00:00,2026-03-31 12:00:00,karup,8.25,414.0,8.0,0.0,1012.58,71.0,77.5
1774954800,2026-03-31 11:00:00,2026-03-31 13:00:00,karup,8.95,537.0,7.75,0.0,1013.32,68.0,82.5
1774958400,2026-03-31 12:00:00,2026-03-31 14:00:00,karup,9.5,584.0,6.85,0.0,1013.96,65.5,55.0
1774962000,2026-03-31 13:00:00,2026-03-31 15:00:00,karup,10.15,592.0,5.55,0.0,1014.53,60.0,66.6667
1774965600,2026-03-31 14:00:00,2026-03-31 16:00:00,karup,10.5,526.0,5.75,0.0,1014.7,58.0,3.33333
1774969200,2026-03-31 15:00:00,2026-03-31 17:00:00,karup,10.55,432.0,5.55,0.0,1015.17,57.0,0.0
1774972800,2026-03-31 16:00:00,2026-03-31 18:00:00,karup,10.2,308.0,4.7,0.0,1015.81,57.0,0.0
1774976400,2026-03-31 17:00:00,2026-03-31 19:00:00,karup,9.25,166.0,4.75,0.0,1016.41,62.5,0.0
1774980000,2026-03-31 18:00:00,2026-03-31 20:00:00,karup,7.2,42.0,4.4,0.0,1017.27,78.0,0.0
1774983600,2026-03-31 19:00:00,2026-03-31 21:00:00,karup,5.15,0.0,3.35,0.0,1017.83,86.5,0.0
1774987200,2026-03-31 20:00:00,2026-03-31 22:00:00,karup,4.2,0.0,2.05,0.0,1018.11,88.0,0.0
1774990800,2026-03-31 21:00:00,2026-03-31 23:00:00,karup,3.6,0.0,1.35,0.0,1018.33,92.5,0.0
1774994400,2026-03-31 22:00:00,2026-04-01 00:00:00,karup,2.25,0.0,1.3,0.0,1018.66,95.5,8.33333
1774998000,2026-03-31 23:00:00,2026-04-01 01:00:00,karup,1.3,0.0,1.55,0.0,1018.88,98.0,27.5
1775001600,2026-04-01 00:00:00,2026-04-01 02:00:00,karup,2.35,0.0,1.95,0.0,1018.83,99.5,0.0
1775005200,2026-04-01 01:00:00,2026-04-01 03:00:00,karup,3.1,0.0,2.35,0.0,1018.62,100.0,16.6667
1775008800,2026-04-01 02:00:00,2026-04-01 04:00:00,karup,3.8,0.0,3.1,0.0,1018.26,100.0,100.0
1775012400,2026-04-01 03:00:00,2026-04-01 05:00:00,karup,3.9,0.0,2.7,0.0,1018.1,100.0,33.3333
1775016000,2026-04-01 04:00:00,2026-04-01 06:00:00,karup,3.75,0.0,2.4,0.0,1018.17,100.0,0.0
1775019600,2026-04-01 05:00:00,2026-04-01 07:00:00,karup,3.85,0.0,1.65,0.0,1018.24,100.0,0.0
1775023200,2026-04-01 06:00:00,2026-04-01 08:00:00,karup,4.1,20.0,1.5,0.0,1018.11,100.0,33.3333
1775026800,2026-04-01 07:00:00,2026-04-01 09:00:00,karup,4.65,54.0,2.35,0.0,1018.03,100.0,100.0
1775030400,2026-04-01 08:00:00,2026-04-01 10:00:00,karup,5.3,89.0,2.55,0.0,1017.8,99.5,100.0
1775034000,2026-04-01 09:00:00,2026-04-01 11:00:00,karup,6.35,195.0,2.95,0.0,1017.52,95.0,100.0
1775037600,2026-04-01 10:00:00,2026-04-01 12:00:00,karup,7.6,243.0,3.6,0.0,1017.23,84.5,95.0
1775041200,2026-04-01 11:00:00,2026-04-01 13:00:00,karup,8.55,268.0,4.2,0.0,1016.85,75.5,91.6667
1775044800,2026-04-01 12:00:00,2026-04-01 14:00:00,karup,9.05,253.0,4.3,0.0,1016.36,75.5,91.6667
1775048400,2026-04-01 13:00:00,2026-04-01 15:00:00,karup,9.5,258.0,4.7,0.0,1015.7,74.5,98.3333
1775052000,2026-04-01 14:00:00,2026-04-01 16:00:00,karup,9.55,217.0,4.7,0.0,1015.08,74.5,100.0
1775055600,2026-04-01 15:00:00,2026-04-01 17:00:00,karup,9.35,144.0,4.8,0.0,1014.55,75.5,100.0
1775059200,2026-04-01 16:00:00,2026-04-01 18:00:00,karup,8.7,75.0,4.9,0.0,1014.13,76.0,100.0
1775062800,2026-04-01 17:00:00,2026-04-01 19:00:00,karup,7.8,34.0,4.45,0.0,1013.7,81.5,100.0
1775066400,2026-04-01 18:00:00,2026-04-01 20:00:00,karup,7.1,10.0,3.6,0.0,1013.39,86.0,100.0
1775070000,2026-04-01 19:00:00,2026-04-01 21:00:00,karup,6.75,0.0,2.85,0.0,1013.0,88.5,100.0
1775073600,2026-04-01 20:00:00,2026-04-01 22:00:00,karup,6.65,0.0,3.4,0.0,1012.53,91.5,100.0
1775077200,2026-04-01 21:00:00,2026-04-01 23:00:00,karup,6.5,0.0,3.35,0.0,1011.68,92.5,100.0
1775080800,2026-04-01 22:00:00,2026-04-02 00:00:00,karup,6.1,0.0,3.15,0.1,1010.92,94.0,98.3333
1775084400,2026-04-01 23:00:00,2026-04-02 01:00:00,karup,5.7,0.0,3.3,0.0,1010.31,95.0,96.6667
1775088000,2026-04-02 00:00:00,2026-04-02 02:00:00,karup,5.5,0.0,3.1,0.0,1009.55,94.0,100.0
1775091600,2026-04-02 01:00:00,2026-04-02 03:00:00,karup,5.5,0.0,3.1,0.0,1008.7,91.5,100.0
1775095200,2026-04-02 02:00:00,2026-04-02 04:00:00,karup,5.6,0.0,2.9,0.0,1007.91,88.0,100.0
1775098800,2026-04-02 03:00:00,2026-04-02 05:00:00,karup,5.9,0.0,3.2,0.0,1007.08,85.0,100.0
1775102400,2026-04-02 04:00:00,2026-04-02 06:00:00,karup,5.95,0.0,3.35,0.0,1006.45,86.0,100.0
1775106000,2026-04-02 05:00:00,2026-04-02 07:00:00,karup,6.0,0.0,3.4,0.0,1006.12,88.5,100.0
1775109600,2026-04-02 06:00:00,2026-04-02 08:00:00,karup,6.1,4.0,3.25,0.0,1005.8,90.5,100.0
1775113200,2026-04-02 07:00:00,2026-04-02 09:00:00,karup,6.3,26.0,3.5,0.0,1005.51,92.0,100.0
1775116800,2026-04-02 08:00:00,2026-04-02 10:00:00,karup,6.9,82.0,3.9,0.0,1005.22,92.0,100.0
1775120400,2026-04-02 09:00:00,2026-04-02 11:00:00,karup,7.65,162.0,4.05,0.0,1004.95,90.0,100.0
1775124000,2026-04-02 10:00:00,2026-04-02 12:00:00,karup,8.3,92.0,4.7,0.0,1004.71,87.5,100.0
1775127600,2026-04-02 11:00:00,2026-04-02 13:00:00,karup,7.9,58.0,4.85,0.1,1004.52,92.0,100.0
1775131200,2026-04-02 12:00:00,2026-04-02 14:00:00,karup,7.05,54.0,5.3,0.2,1004.84,94.5,100.0
1775134800,2026-04-02 13:00:00,2026-04-02 15:00:00,karup,6.05,206.0,4.95,0.2,1004.82,91.0,83.3333
1775138400,2026-04-02 14:00:00,2026-04-02 16:00:00,karup,6.85,226.0,6.25,0.0,1004.89,73.0,49.1667
1775142000,2026-04-02 15:00:00,2026-04-02 17:00:00,karup,6.95,371.0,6.8,0.0,1004.9,62.5,45.8333
1775145600,2026-04-02 16:00:00,2026-04-02 18:00:00,karup,6.3,268.0,7.25,0.0,1004.97,59.0,47.5
1775149200,2026-04-02 17:00:00,2026-04-02 19:00:00,karup,5.45,111.0,7.35,0.0,1005.19,57.5,91.6667
1775152800,2026-04-02 18:00:00,2026-04-02 20:00:00,karup,4.7,25.0,6.75,0.0,1005.48,60.0,100.0
1775156400,2026-04-02 19:00:00,2026-04-02 21:00:00,karup,4.3,0.0,6.5,0.0,1005.63,59.5,100.0
1775160000,2026-04-02 20:00:00,2026-04-02 22:00:00,karup,4.15,0.0,6.4,0.0,1005.41,63.5,100.0
1775163600,2026-04-02 21:00:00,2026-04-02 23:00:00,karup,3.95,0.0,6.15,0.0,1005.25,65.0,100.0
1775167200,2026-04-02 22:00:00,2026-04-03 00:00:00,karup,4.1,0.0,6.3,0.0,1005.05,61.5,100.0
1775170800,2026-04-02 23:00:00,2026-04-03 01:00:00,karup,4.05,0.0,7.05,0.0,1004.92,60.0,100.0
1775174400,2026-04-03 00:00:00,2026-04-03 02:00:00,karup,4.0,0.0,6.25,0.0,1004.78,61.5,100.0
1775178000,2026-04-03 01:00:00,2026-04-03 03:00:00,karup,3.95,0.0,6.25,0.0,1004.63,65.0,100.0
1775181600,2026-04-03 02:00:00,2026-04-03 04:00:00,karup,3.95,0.0,5.9,0.0,1004.62,69.0,100.0
1775185200,2026-04-03 03:00:00,2026-04-03 05:00:00,karup,3.85,0.0,5.8,0.0,1004.74,73.0,100.0
1775188800,2026-04-03 04:00:00,2026-04-03 06:00:00,karup,3.85,0.0,5.05,0.0,1004.82,74.0,100.0
1775192400,2026-04-03 05:00:00,2026-04-03 07:00:00,karup,3.65,1.0,5.35,0.0,1004.98,73.0,100.0
1775196000,2026-04-03 06:00:00,2026-04-03 08:00:00,karup,3.6,25.0,4.5,0.0,1005.23,71.0,100.0
1775199600,2026-04-03 07:00:00,2026-04-03 09:00:00,karup,3.85,108.0,5.2,0.0,1005.51,65.5,100.0
1775203200,2026-04-03 08:00:00,2026-04-03 10:00:00,karup,4.45,201.0,5.25,0.0,1005.72,61.0,92.5
1775206800,2026-04-03 09:00:00,2026-04-03 11:00:00,karup,4.95,196.0,5.3,0.0,1005.39,58.0,75.8333
1775210400,2026-04-03 10:00:00,2026-04-03 12:00:00,karup,6.0,439.0,4.65,0.0,1004.58,54.5,41.6667
1775214000,2026-04-03 11:00:00,2026-04-03 13:00:00,karup,7.4,595.0,4.45,0.0,1003.88,53.5,70.0
1775217600,2026-04-03 12:00:00,2026-04-03 14:00:00,karup,8.4,549.0,4.9,0.0,1003.18,49.5,87.5
1775221200,2026-04-03 13:00:00,2026-04-03 15:00:00,karup,8.9,344.0,5.4,0.0,1002.64,50.5,100.0
1775224800,2026-04-03 14:00:00,2026-04-03 16:00:00,karup,7.8,176.0,6.15,0.0,1001.67,62.0,100.0
1775228400,2026-04-03 15:00:00,2026-04-03 17:00:00,karup,7.75,198.0,6.0,0.0,1000.33,59.0,95.0
1775232000,2026-04-03 16:00:00,2026-04-03 18:00:00,karup,8.1,93.0,6.15,0.0,999.575,55.0,100.0
1775235600,2026-04-03 17:00:00,2026-04-03 19:00:00,karup,7.0,29.0,6.8,0.0,998.692,73.0,100.0
1775239200,2026-04-03 18:00:00,2026-04-03 20:00:00,karup,5.15,4.0,6.35,0.9,997.367,91.5,100.0
1775242800,2026-04-03 19:00:00,2026-04-03 21:00:00,karup,5.1,0.0,6.9,0.7,996.067,94.0,100.0
1775246400,2026-04-03 20:00:00,2026-04-03 22:00:00,karup,5.3,0.0,6.9,1.0,994.625,95.0,100.0
1775250000,2026-04-03 21:00:00,2026-04-03 23:00:00,karup,5.85,0.0,6.6,1.3,993.233,96.5,100.0
1775253600,2026-04-03 22:00:00,2026-04-04 00:00:00,karup,6.8,0.0,6.75,0.7,992.375,96.5,100.0
1775257200,2026-04-03 23:00:00,2026-04-04 01:00:00,karup,7.75,0.0,7.2,0.95,992.558,98.0,100.0
1775260800,2026-04-04 00:00:00,2026-04-04 02:00:00,karup,7.8,0.0,7.05,0.0,993.35,96.5,100.0
1775264400,2026-04-04 01:00:00,2026-04-04 03:00:00,karup,7.25,0.0,7.8,0.0,994.275,94.5,91.6667
1775268000,2026-04-04 02:00:00,2026-04-04 04:00:00,karup,6.5,0.0,7.25,0.0,995.142,91.0,91.6667
1775271600,2026-04-04 03:00:00,2026-04-04 05:00:00,karup,5.95,0.0,6.45,0.05,996.042,91.5,90.0
1775275200,2026-04-04 04:00:00,2026-04-04 06:00:00,karup,5.35,0.0,6.4,0.5,997.442,91.5,95.0
1775278800,2026-04-04 05:00:00,2026-04-04 07:00:00,karup,4.6,0.0,6.15,0.2,998.975,93.0,91.6667
1775282400,2026-04-04 06:00:00,2026-04-04 08:00:00,karup,4.75,28.0,7.15,0.0,1000.33,89.5,90.0
1775286000,2026-04-04 07:00:00,2026-04-04 09:00:00,karup,5.3,138.0,7.65,0.0,1001.39,86.0,90.0
1775289600,2026-04-04 08:00:00,2026-04-04 10:00:00,karup,6.05,228.0,8.65,0.0,1002.38,81.0,90.0
1775293200,2026-04-04 09:00:00,2026-04-04 11:00:00,karup,6.7,393.0,9.4,0.0,1003.4,73.0,85.0
1775296800,2026-04-04 10:00:00,2026-04-04 12:00:00,karup,7.3,484.0,10.05,0.0,1004.14,67.0,67.5
1775300400,2026-04-04 11:00:00,2026-04-04 13:00:00,karup,7.8,594.0,10.25,0.0,1004.72,65.0,50.0
1775304000,2026-04-04 12:00:00,2026-04-04 14:00:00,karup,8.4,666.0,10.0,0.0,1005.37,59.5,35.0
1775307600,2026-04-04 13:00:00,2026-04-04 15:00:00,karup,8.3,610.0,9.6,0.0,1005.83,56.5,66.6667
1775311200,2026-04-04 14:00:00,2026-04-04 16:00:00,karup,8.05,304.0,8.55,0.0,1006.17,58.5,58.3333
1775314800,2026-04-04 15:00:00,2026-04-04 17:00:00,karup,7.95,429.0,8.1,0.0,1006.33,60.0,52.5
1775318400,2026-04-04 16:00:00,2026-04-04 18:00:00,karup,7.75,324.0,7.4,0.0,1006.44,59.0,85.0
1775322000,2026-04-04 17:00:00,2026-04-04 19:00:00,karup,7.25,146.0,5.65,0.0,1006.12,60.5,77.5
1775325600,2026-04-04 18:00:00,2026-04-04 20:00:00,karup,6.25,32.0,3.3,0.0,1005.91,67.5,45.8333
1775329200,2026-04-04 19:00:00,2026-04-04 21:00:00,karup,4.85,0.0,2.3,0.0,1005.58,76.5,20.0
1775332800,2026-04-04 20:00:00,2026-04-04 22:00:00,karup,3.6,0.0,2.15,0.0,1004.31,84.5,89.1667
1775336400,2026-04-04 21:00:00,2026-04-04 23:00:00,karup,4.25,0.0,2.8,0.0,1002.66,85.0,100.0
1775340000,2026-04-04 22:00:00,2026-04-05 00:00:00,karup,4.6,0.0,3.75,0.0,1000.77,85.5,100.0
1775343600,2026-04-04 23:00:00,2026-04-05 01:00:00,karup,5.0,0.0,4.9,0.15,998.933,85.5,100.0
1775347200,2026-04-05 00:00:00,2026-04-05 02:00:00,karup,5.8,0.0,6.2,0.25,996.958,84.5,91.6667
1775350800,2026-04-05 01:00:00,2026-04-05 03:00:00,karup,6.95,0.0,6.5,0.0,994.667,85.0,98.3333
1775354400,2026-04-05 02:00:00,2026-04-05 04:00:00,karup,8.45,0.0,6.25,0.0,992.883,82.0,90.0
1775358000,2026-04-05 03:00:00,2026-04-05 05:00:00,karup,10.1,0.0,6.9,0.0,990.967,84.0,98.3333
1775361600,2026-04-05 04:00:00,2026-04-05 06:00:00,karup,11.75,0.0,9.95,0.1,989.408,79.0,100.0
1775365200,2026-04-05 05:00:00,2026-04-05 07:00:00,karup,11.2,0.0,10.75,0.05,988.575,78.5,93.3333
1775368800,2026-04-05 06:00:00,2026-04-05 08:00:00,karup,10.4,16.0,11.85,0.0,988.175,75.0,96.6667
1775372400,2026-04-05 07:00:00,2026-04-05 09:00:00,karup,9.65,45.0,12.5,0.0,988.908,70.0,95.0
1775376000,2026-04-05 08:00:00,2026-04-05 10:00:00,karup,8.1,172.0,14.55,0.0,990.067,62.0,87.5
1775379600,2026-04-05 09:00:00,2026-04-05 11:00:00,karup,7.5,351.0,14.65,0.05,991.625,68.5,90.0
1775383200,2026-04-05 10:00:00,2026-04-05 12:00:00,karup,8.0,370.0,15.2,0.05,993.042,63.5,95.0
1775386800,2026-04-05 11:00:00,2026-04-05 13:00:00,karup,8.25,449.0,16.0,0.0,994.333,60.5,91.6667
1775390400,2026-04-05 12:00:00,2026-04-05 14:00:00,karup,8.4,466.0,16.2,0.0,995.425,56.0,90.0
1775394000,2026-04-05 13:00:00,2026-04-05 15:00:00,karup,8.8,555.0,15.0,0.0,996.508,52.5,90.0
1775397600,2026-04-05 14:00:00,2026-04-05 16:00:00,karup,8.8,499.0,14.75,0.0,997.858,53.0,90.0
1775401200,2026-04-05 15:00:00,2026-04-05 17:00:00,karup,8.25,312.0,14.25,0.0,998.775,56.0,90.0
1775404800,2026-04-05 16:00:00,2026-04-05 18:00:00,karup,7.6,164.0,13.85,0.0,999.442,60.0,87.5
1775408400,2026-04-05 17:00:00,2026-04-05 19:00:00,karup,7.1,87.0,12.45,0.0,1000.11,61.5,54.1667
1775412000,2026-04-05 18:00:00,2026-04-05 20:00:00,karup,6.55,24.0,11.25,0.0,1000.85,62.0,80.8333
1775415600,2026-04-05 19:00:00,2026-04-05 21:00:00,karup,6.1,,10.8,0.0,1001.77,66.0,85.0
1775419200,2026-04-05 20:00:00,2026-04-05 22:00:00,karup,5.8,0.0,8.9,0.0,1002.18,70.0,90.0
1775422800,2026-04-05 21:00:00,2026-04-05 23:00:00,karup,5.4,0.0,8.95,0.5,1002.81,77.0,90.0
1775426400,2026-04-05 22:00:00,2026-04-06 00:00:00,karup,5.7,0.0,9.65,0.0,1003.56,77.0,90.0
1775430000,2026-04-05 23:00:00,2026-04-06 01:00:00,karup,5.35,0.0,9.05,0.0,1004.34,76.0,80.8333
1775433600,2026-04-06 00:00:00,2026-04-06 02:00:00,karup,4.95,0.0,8.75,0.1,1004.92,77.0,75.0
1775437200,2026-04-06 01:00:00,2026-04-06 03:00:00,karup,4.5,0.0,8.5,0.05,1005.68,79.5,54.1667
1775440800,2026-04-06 02:00:00,2026-04-06 04:00:00,karup,4.35,0.0,8.4,0.0,1006.4,78.0,41.6667
1775444400,2026-04-06 03:00:00,2026-04-06 05:00:00,karup,4.25,0.0,8.35,0.1,1006.9,79.5,22.5
1775448000,2026-04-06 04:00:00,2026-04-06 06:00:00,karup,4.55,0.0,8.05,0.0,1007.62,79.0,30.0
1775451600,2026-04-06 05:00:00,2026-04-06 07:00:00,karup,4.7,1.0,8.2,0.0,1008.24,75.0,85.0
1775455200,2026-04-06 06:00:00,2026-04-06 08:00:00,karup,5.2,29.0,8.95,0.0,1009.0,74.0,95.0
1775458800,2026-04-06 07:00:00,2026-04-06 09:00:00,karup,5.05,103.0,8.8,0.7,1009.69,76.5,82.5
1775462400,2026-04-06 08:00:00,2026-04-06 10:00:00,karup,6.3,172.0,9.8,0.0,1010.42,76.5,90.0
1775466000,2026-04-06 09:00:00,2026-04-06 11:00:00,karup,6.65,207.0,10.65,0.0,1010.95,79.0,93.3333
1775469600,2026-04-06 10:00:00,2026-04-06 12:00:00,karup,7.3,263.0,11.8,0.0,1011.86,74.0,90.0
1775473200,2026-04-06 11:00:00,2026-04-06 13:00:00,karup,8.2,484.0,11.4,0.0,1012.69,69.0,93.3333
1775476800,2026-04-06 12:00:00,2026-04-06 14:00:00,karup,8.2,305.0,10.7,0.0,1013.28,68.0,90.0
1775480400,2026-04-06 13:00:00,2026-04-06 15:00:00,karup,8.4,368.0,10.65,0.0,1013.89,69.0,91.6667
1775484000,2026-04-06 14:00:00,2026-04-06 16:00:00,karup,8.1,365.0,9.85,0.0,1014.42,68.5,70.8333
1775487600,2026-04-06 15:00:00,2026-04-06 17:00:00,karup,7.9,254.0,9.1,0.0,1014.84,67.5,67.5
1775491200,2026-04-06 16:00:00,2026-04-06 18:00:00,karup,8.3,320.0,8.55,0.0,1015.45,65.0,51.6667
1775494800,2026-04-06 17:00:00,2026-04-06 19:00:00,karup,7.5,103.0,8.55,0.0,1015.83,69.0,65.0
1775498400,2026-04-06 18:00:00,2026-04-06 20:00:00,karup,6.5,31.0,7.1,0.0,1016.24,75.5,64.1667
1775502000,2026-04-06 19:00:00,2026-04-06 21:00:00,karup,5.85,0.0,6.25,0.0,1016.78,80.0,91.6667
1775505600,2026-04-06 20:00:00,2026-04-06 22:00:00,karup,5.75,0.0,5.6,0.0,1016.86,83.5,95.0
1775509200,2026-04-06 21:00:00,2026-04-06 23:00:00,karup,5.75,0.0,5.35,0.0,1016.94,85.0,83.3333
1775512800,2026-04-06 22:00:00,2026-04-07 00:00:00,karup,5.65,0.0,5.0,0.0,1017.19,85.5,25.8333
1775516400,2026-04-06 23:00:00,2026-04-07 01:00:00,karup,5.0,0.0,4.25,0.0,1017.55,87.5,0.0
1775520000,2026-04-07 00:00:00,2026-04-07 02:00:00,karup,3.85,0.0,4.1,0.0,1017.75,91.0,0.0
1775523600,2026-04-07 01:00:00,2026-04-07 03:00:00,karup,3.25,0.0,3.8,0.0,1017.84,92.5,11.6667
1775527200,2026-04-07 02:00:00,2026-04-07 04:00:00,karup,2.75,0.0,3.4,0.0,1018.02,93.5,69.1667
1775530800,2026-04-07 03:00:00,2026-04-07 05:00:00,karup,2.65,0.0,2.7,0.0,1018.47,92.0,0.0
1775534400,2026-04-07 04:00:00,2026-04-07 06:00:00,karup,1.7,0.0,2.5,0.0,1018.8,92.5,0.0
1775538000,2026-04-07 05:00:00,2026-04-07 07:00:00,karup,1.15,2.0,2.2,0.0,1019.22,94.0,0.0
1775541600,2026-04-07 06:00:00,2026-04-07 08:00:00,karup,1.7,78.0,1.8,0.0,1019.83,95.5,0.0
1775545200,2026-04-07 07:00:00,2026-04-07 09:00:00,karup,4.2,221.0,2.6,0.0,1020.35,89.5,0.0
1775548800,2026-04-07 08:00:00,2026-04-07 10:00:00,karup,6.05,363.0,2.9,0.0,1020.9,75.5,0.0
1775552400,2026-04-07 09:00:00,2026-04-07 11:00:00,karup,7.5,463.0,1.8,0.0,1021.22,59.0,0.0
1775556000,2026-04-07 10:00:00,2026-04-07 12:00:00,karup,8.95,563.0,1.7,0.0,1021.35,46.5,0.0
1775559600,2026-04-07 11:00:00,2026-04-07 13:00:00,karup,9.9,631.0,2.1,0.0,1021.51,40.5,0.0
1775563200,2026-04-07 12:00:00,2026-04-07 14:00:00,karup,10.85,671.0,1.95,0.0,1021.59,36.0,0.0
1775566800,2026-04-07 13:00:00,2026-04-07 15:00:00,karup,11.6,661.0,2.2,0.0,1021.5,33.0,0.0
1775570400,2026-04-07 14:00:00,2026-04-07 16:00:00,karup,12.1,593.0,2.65,0.0,1021.56,31.0,0.0
1775574000,2026-04-07 15:00:00,2026-04-07 17:00:00,karup,12.35,475.0,2.7,0.0,1021.53,29.5,0.0
1775577600,2026-04-07 16:00:00,2026-04-07 18:00:00,karup,12.3,334.0,2.55,0.0,1021.6,29.5,0.0
1775581200,2026-04-07 17:00:00,2026-04-07 19:00:00,karup,11.75,197.0,2.75,0.0,1021.72,33.0,0.0
1775584800,2026-04-07 18:00:00,2026-04-07 20:00:00,karup,10.35,65.0,2.75,0.0,1022.05,40.5,0.0
1775588400,2026-04-07 19:00:00,2026-04-07 21:00:00,karup,7.3,0.0,2.85,0.0,1022.69,53.0,0.0
1775592000,2026-04-07 20:00:00,2026-04-07 22:00:00,karup,5.85,0.0,2.55,0.0,1023.03,56.5,0.0
1775595600,2026-04-07 21:00:00,2026-04-07 23:00:00,karup,5.25,0.0,2.45,0.0,1023.45,58.5,0.0
1775599200,2026-04-07 22:00:00,2026-04-08 00:00:00,karup,4.7,0.0,2.2,0.0,1023.9,59.0,0.0
1775602800,2026-04-07 23:00:00,2026-04-08 01:00:00,karup,3.25,0.0,1.8,0.0,1024.07,64.0,0.0
1775606400,2026-04-08 00:00:00,2026-04-08 02:00:00,karup,2.1,0.0,1.25,0.0,1024.06,66.5,0.0
1775610000,2026-04-08 01:00:00,2026-04-08 03:00:00,karup,0.65,0.0,1.1,0.0,1024.07,74.5,0.0
1775613600,2026-04-08 02:00:00,2026-04-08 04:00:00,karup,-0.65,0.0,0.65,0.0,1024.09,80.5,0.0
1775617200,2026-04-08 03:00:00,2026-04-08 05:00:00,karup,-1.6,0.0,0.35,0.0,1024.17,84.5,0.0
1775620800,2026-04-08 04:00:00,2026-04-08 06:00:00,karup,-2.05,0.0,0.95,0.0,1024.17,86.0,0.0
1775624400,2026-04-08 05:00:00,2026-04-08 07:00:00,karup,-2.0,5.0,1.35,0.0,1024.39,85.5,0.0
1775628000,2026-04-08 06:00:00,2026-04-08 08:00:00,karup,0.15,89.0,1.05,0.0,1024.54,80.5,0.0
1775631600,2026-04-08 07:00:00,2026-04-08 09:00:00,karup,3.8,226.0,1.35,0.0,1024.67,69.5,0.0
1775635200,2026-04-08 08:00:00,2026-04-08 10:00:00,karup,7.05,369.0,1.95,0.0,1024.71,62.0,0.0
1775638800,2026-04-08 09:00:00,2026-04-08 11:00:00,karup,9.85,469.0,2.85,0.0,1024.69,50.0,0.0
1775642400,2026-04-08 10:00:00,2026-04-08 12:00:00,karup,11.45,559.0,3.75,0.0,1024.46,39.5,0.0
1775646000,2026-04-08 11:00:00,2026-04-08 13:00:00,karup,12.25,612.0,3.7,0.0,1024.06,36.0,0.0
1775649600,2026-04-08 12:00:00,2026-04-08 14:00:00,karup,12.9,671.0,4.3,0.0,1023.72,35.0,5.0
1775653200,2026-04-08 13:00:00,2026-04-08 15:00:00,karup,13.25,612.0,4.6,0.0,1023.29,34.0,13.3333
1775656800,2026-04-08 14:00:00,2026-04-08 16:00:00,karup,13.3,495.0,4.3,0.0,1022.77,32.5,10.8333
1775660400,2026-04-08 15:00:00,2026-04-08 17:00:00,karup,13.1,400.0,4.9,0.0,1022.61,32.0,48.3333
1775664000,2026-04-08 16:00:00,2026-04-08 18:00:00,karup,12.5,229.0,4.45,0.0,1022.45,34.0,90.0
1775667600,2026-04-08 17:00:00,2026-04-08 19:00:00,karup,11.85,138.0,4.15,0.0,1022.28,34.5,33.3333
1775671200,2026-04-08 18:00:00,2026-04-08 20:00:00,karup,10.6,42.0,2.8,0.0,1022.47,38.5,86.6667
1775674800,2026-04-08 19:00:00,2026-04-08 21:00:00,karup,8.85,0.0,2.25,0.0,1022.55,46.0,77.5
1775678400,2026-04-08 20:00:00,2026-04-08 22:00:00,karup,7.5,0.0,1.85,0.0,1022.44,52.0,93.3333
1775682000,2026-04-08 21:00:00,2026-04-08 23:00:00,karup,6.55,0.0,2.35,0.0,1022.15,56.0,91.6667
1775685600,2026-04-08 22:00:00,2026-04-09 00:00:00,karup,5.95,0.0,2.5,0.0,1021.61,58.0,100.0
1775689200,2026-04-08 23:00:00,2026-04-09 01:00:00,karup,5.7,0.0,2.95,0.0,1021.47,60.5,100.0
1775692800,2026-04-09 00:00:00,2026-04-09 02:00:00,karup,5.9,0.0,2.8,0.0,1021.28,63.0,93.3333
1775696400,2026-04-09 01:00:00,2026-04-09 03:00:00,karup,5.8,0.0,2.1,0.0,1020.97,67.5,100.0
1775700000,2026-04-09 02:00:00,2026-04-09 04:00:00,karup,5.8,0.0,2.55,0.0,1020.48,68.5,100.0
1775703600,2026-04-09 03:00:00,2026-04-09 05:00:00,karup,5.7,0.0,3.05,0.0,1020.31,68.0,100.0
1775707200,2026-04-09 04:00:00,2026-04-09 06:00:00,karup,5.4,0.0,3.35,0.0,1019.94,69.0,100.0
1775710800,2026-04-09 05:00:00,2026-04-09 07:00:00,karup,5.25,3.0,3.9,0.0,1019.81,73.5,100.0
1775714400,2026-04-09 06:00:00,2026-04-09 08:00:00,karup,5.45,60.0,3.8,0.0,1019.71,68.0,100.0
1775718000,2026-04-09 07:00:00,2026-04-09 09:00:00,karup,6.1,238.0,4.25,0.0,1019.58,60.5,100.0
1775721600,2026-04-09 08:00:00,2026-04-09 10:00:00,karup,8.1,347.0,5.35,0.0,1019.29,44.0,67.5
1775725200,2026-04-09 09:00:00,2026-04-09 11:00:00,karup,9.35,213.0,6.25,0.0,1018.87,34.0,0.0
1775728800,2026-04-09 10:00:00,2026-04-09 12:00:00,karup,10.4,368.0,7.0,0.0,1018.14,34.5,0.0
1775732400,2026-04-09 11:00:00,2026-04-09 13:00:00,karup,11.5,632.0,7.1,0.0,1017.22,37.5,0.0
1775736000,2026-04-09 12:00:00,2026-04-09 14:00:00,karup,12.25,671.0,7.55,0.0,1016.66,37.5,5.0
1775739600,2026-04-09 13:00:00,2026-04-09 15:00:00,karup,12.15,457.0,7.55,0.0,1015.73,36.0,0.0
1775743200,2026-04-09 14:00:00,2026-04-09 16:00:00,karup,12.6,590.0,7.45,0.0,1015.04,34.0,10.8333
1775746800,2026-04-09 15:00:00,2026-04-09 17:00:00,karup,12.05,471.0,8.05,0.0,1014.52,37.5,37.5
1775750400,2026-04-09 16:00:00,2026-04-09 18:00:00,karup,10.65,173.0,7.85,0.0,1014.06,43.0,95.0
1775754000,2026-04-09 17:00:00,2026-04-09 19:00:00,karup,9.25,143.0,7.55,0.0,1013.64,42.0,86.6667
1775757600,2026-04-09 18:00:00,2026-04-09 20:00:00,karup,7.65,52.0,7.35,0.0,1013.03,37.5,43.3333
1775761200,2026-04-09 19:00:00,2026-04-09 21:00:00,karup,6.2,0.0,6.6,0.0,1012.07,37.5,87.5
1775764800,2026-04-09 20:00:00,2026-04-09 22:00:00,karup,5.15,0.0,7.55,0.0,1011.52,43.5,87.5
1775768400,2026-04-09 21:00:00,2026-04-09 23:00:00,karup,4.45,0.0,7.25,0.0,1010.54,52.0,73.3333
1775772000,2026-04-09 22:00:00,2026-04-10 00:00:00,karup,4.1,0.0,7.65,0.0,1009.43,51.5,90.0
1775775600,2026-04-09 23:00:00,2026-04-10 01:00:00,karup,4.1,0.0,7.95,0.0,1008.27,51.5,91.6667
1775779200,2026-04-10 00:00:00,2026-04-10 02:00:00,karup,3.95,0.0,8.35,0.0,1007.08,50.5,98.3333
1775782800,2026-04-10 01:00:00,2026-04-10 03:00:00,karup,3.85,0.0,8.8,0.0,1006.33,53.0,100.0
1775786400,2026-04-10 02:00:00,2026-04-10 04:00:00,karup,3.75,0.0,8.1,0.0,1005.44,56.0,100.0
1775790000,2026-04-10 03:00:00,2026-04-10 05:00:00,karup,3.7,0.0,6.85,0.0,1005.99,58.0,83.3333
1775793600,2026-04-10 04:00:00,2026-04-10 06:00:00,karup,1.9,0.0,6.0,0.85,1005.34,79.0,83.3333
1775797200,2026-04-10 05:00:00,2026-04-10 07:00:00,karup,0.25,0.0,6.0,2.5,1005.07,99.5,100.0
1775800800,2026-04-10 06:00:00,2026-04-10 08:00:00,karup,0.6,7.0,6.0,0.7,1004.9,99.0,100.0
1775804400,2026-04-10 07:00:00,2026-04-10 09:00:00,karup,0.65,16.0,6.1,1.15,1004.8,99.0,100.0
1775808000,2026-04-10 08:00:00,2026-04-10 10:00:00,karup,1.05,153.0,5.5,5.1,1004.66,99.0,100.0
1775811600,2026-04-10 09:00:00,2026-04-10 11:00:00,karup,2.2,219.0,4.45,0.0,1004.67,99.0,100.0
1775815200,2026-04-10 10:00:00,2026-04-10 12:00:00,karup,4.95,257.0,4.25,0.2,1005.02,98.5,100.0
1775818800,2026-04-10 11:00:00,2026-04-10 13:00:00,karup,6.45,264.0,4.8,0.2,1005.61,97.0,90.0
1775822400,2026-04-10 12:00:00,2026-04-10 14:00:00,karup,7.55,515.0,5.2,0.05,1006.41,92.0,96.6667
1775826000,2026-04-10 13:00:00,2026-04-10 15:00:00,karup,7.25,223.0,5.9,0.15,1007.36,89.5,100.0
1775829600,2026-04-10 14:00:00,2026-04-10 16:00:00,karup,6.75,212.0,5.6,0.85,1007.83,91.5,96.6667
1775833200,2026-04-10 15:00:00,2026-04-10 17:00:00,karup,7.15,196.0,5.65,0.1,1008.18,89.5,90.0
1775836800,2026-04-10 16:00:00,2026-04-10 18:00:00,karup,7.15,135.0,4.5,0.0,1008.58,84.5,90.0
1775840400,2026-04-10 17:00:00,2026-04-10 19:00:00,karup,7.2,79.0,4.05,0.0,1009.04,84.0,50.8333
1775844000,2026-04-10 18:00:00,2026-04-10 20:00:00,karup,6.95,73.0,3.85,0.0,1009.83,81.5,0.0
1775847600,2026-04-10 19:00:00,2026-04-10 21:00:00,karup,5.5,1.0,1.95,0.0,1010.36,86.0,21.6667
1775851200,2026-04-10 20:00:00,2026-04-10 22:00:00,karup,4.3,0.0,2.3,0.0,1010.74,91.5,98.3333
1775854800,2026-04-10 21:00:00,2026-04-10 23:00:00,karup,4.6,0.0,1.85,0.0,1010.89,93.5,100.0
1775858400,2026-04-10 22:00:00,2026-04-11 00:00:00,karup,4.65,0.0,2.15,0.0,1011.11,94.0,100.0
1775862000,2026-04-10 23:00:00,2026-04-11 01:00:00,karup,4.4,0.0,1.3,0.0,1011.26,96.0,100.0
1775865600,2026-04-11 00:00:00,2026-04-11 02:00:00,karup,3.9,0.0,1.4,0.0,1011.15,97.5,100.0
1775869200,2026-04-11 01:00:00,2026-04-11 03:00:00,karup,3.95,0.0,1.25,0.0,1011.01,97.0,100.0
1775872800,2026-04-11 02:00:00,2026-04-11 04:00:00,karup,3.8,0.0,0.85,0.0,1011.11,96.5,93.3333
1775876400,2026-04-11 03:00:00,2026-04-11 05:00:00,karup,3.35,0.0,1.45,0.0,1011.08,97.0,72.5
1775880000,2026-04-11 04:00:00,2026-04-11 06:00:00,karup,2.6,0.0,1.9,0.0,1011.21,96.0,1.66667
1775883600,2026-04-11 05:00:00,2026-04-11 07:00:00,karup,1.65,4.0,2.1,0.0,1011.42,97.0,0.0
1775887200,2026-04-11 06:00:00,2026-04-11 08:00:00,karup,1.65,45.0,2.8,0.0,1011.76,97.0,18.3333
1775890800,2026-04-11 07:00:00,2026-04-11 09:00:00,karup,2.85,110.0,3.55,0.0,1011.87,96.0,91.6667
1775894400,2026-04-11 08:00:00,2026-04-11 10:00:00,karup,3.95,280.0,4.4,0.0,1011.39,98.0,40.8333
1775898000,2026-04-11 09:00:00,2026-04-11 11:00:00,karup,6.75,514.0,5.7,0.0,1010.68,83.5,25.0
1775901600,2026-04-11 10:00:00,2026-04-11 12:00:00,karup,8.6,600.0,6.75,0.0,1010.03,70.5,38.3333
1775905200,2026-04-11 11:00:00,2026-04-11 13:00:00,karup,9.95,703.0,6.95,0.0,1009.7,61.5,27.5
1775908800,2026-04-11 12:00:00,2026-04-11 14:00:00,karup,10.6,734.0,7.3,0.0,1009.11,57.5,20.0
1775912400,2026-04-11 13:00:00,2026-04-11 15:00:00,karup,10.85,615.0,7.3,0.0,1008.62,58.0,32.5
1775916000,2026-04-11 14:00:00,2026-04-11 16:00:00,karup,11.0,475.0,7.15,0.0,1007.75,58.0,33.3333
1775919600,2026-04-11 15:00:00,2026-04-11 17:00:00,karup,11.25,430.0,7.75,0.0,1007.0,56.5,21.6667
1775923200,2026-04-11 16:00:00,2026-04-11 18:00:00,karup,10.7,300.0,8.0,0.0,1006.45,58.5,3.33333
1775926800,2026-04-11 17:00:00,2026-04-11 19:00:00,karup,9.8,139.0,8.1,0.0,1006.08,61.5,34.1667
1775930400,2026-04-11 18:00:00,2026-04-11 20:00:00,karup,8.6,48.0,8.25,0.0,1005.78,64.0,93.3333
1775934000,2026-04-11 19:00:00,2026-04-11 21:00:00,karup,7.6,1.0,8.2,0.0,1005.49,63.0,93.3333
1775937600,2026-04-11 20:00:00,2026-04-11 22:00:00,karup,7.2,0.0,9.4,0.0,1005.38,58.5,100.0
1775941200,2026-04-11 21:00:00,2026-04-11 23:00:00,karup,6.8,0.0,8.85,0.0,1005.17,56.5,100.0
1775944800,2026-04-11 22:00:00,2026-04-12 00:00:00,karup,6.45,0.0,8.6,0.0,1005.11,58.5,100.0
1775948400,2026-04-11 23:00:00,2026-04-12 01:00:00,karup,6.4,0.0,7.35,0.0,1005.26,62.5,100.0
1775952000,2026-04-12 00:00:00,2026-04-12 02:00:00,karup,5.6,0.0,5.95,0.55,1005.05,74.5,100.0
1775955600,2026-04-12 01:00:00,2026-04-12 03:00:00,karup,4.95,0.0,5.1,0.95,1004.74,85.5,100.0
1775959200,2026-04-12 02:00:00,2026-04-12 04:00:00,karup,4.85,0.0,4.7,1.05,1004.81,89.0,100.0
1775962800,2026-04-12 03:00:00,2026-04-12 05:00:00,karup,4.7,0.0,4.0,1.1,1005.05,92.5,100.0
1775966400,2026-04-12 04:00:00,2026-04-12 06:00:00,karup,4.8,0.0,3.75,0.35,1005.39,94.5,84.1667
1775970000,2026-04-12 05:00:00,2026-04-12 07:00:00,karup,4.75,1.0,3.2,0.0,1006.02,95.0,45.8333
1775973600,2026-04-12 06:00:00,2026-04-12 08:00:00,karup,4.6,69.0,2.15,0.0,1006.62,96.5,20.0
1775977200,2026-04-12 07:00:00,2026-04-12 09:00:00,karup,5.5,121.0,2.5,0.0,1007.18,95.5,90.0
1775980800,2026-04-12 08:00:00,2026-04-12 10:00:00,karup,6.2,208.0,2.95,0.0,1007.56,94.0,80.0
1775984400,2026-04-12 09:00:00,2026-04-12 11:00:00,karup,7.55,450.0,2.85,0.0,1007.73,87.0,10.0
1775988000,2026-04-12 10:00:00,2026-04-12 12:00:00,karup,9.75,631.0,2.6,0.0,1007.81,72.0,0.0
1775991600,2026-04-12 11:00:00,2026-04-12 13:00:00,karup,11.3,675.0,3.3,0.0,1007.86,57.5,32.5
1775995200,2026-04-12 12:00:00,2026-04-12 14:00:00,karup,11.9,632.0,3.7,0.0,1007.95,55.0,28.3333
1775998800,2026-04-12 13:00:00,2026-04-12 15:00:00,karup,12.45,606.0,3.45,0.0,1008.06,52.5,48.3333
1776002400,2026-04-12 14:00:00,2026-04-12 16:00:00,karup,12.9,598.0,4.2,0.0,1008.17,46.5,44.1667
1776006000,2026-04-12 15:00:00,2026-04-12 17:00:00,karup,13.25,514.0,4.35,0.0,1008.5,42.5,77.5
1776009600,2026-04-12 16:00:00,2026-04-12 18:00:00,karup,12.75,370.0,4.3,0.0,1008.88,46.0,51.6667
1776013200,2026-04-12 17:00:00,2026-04-12 19:00:00,karup,12.5,212.0,4.05,0.0,1009.47,48.5,9.16667
1776016800,2026-04-12 18:00:00,2026-04-12 20:00:00,karup,11.55,85.0,3.1,0.0,1010.21,53.5,40.0
1776020400,2026-04-12 19:00:00,2026-04-12 21:00:00,karup,9.9,7.0,1.75,0.0,1010.82,64.0,58.3333
1776024000,2026-04-12 20:00:00,2026-04-12 22:00:00,karup,8.15,0.0,2.4,0.0,1010.99,78.0,0.0
1776027600,2026-04-12 21:00:00,2026-04-12 23:00:00,karup,6.7,0.0,2.15,0.0,1011.09,84.0,0.0
1776031200,2026-04-12 22:00:00,2026-04-13 00:00:00,karup,5.7,0.0,2.5,0.0,1011.08,88.0,30.8333
1776034800,2026-04-12 23:00:00,2026-04-13 01:00:00,karup,5.25,0.0,1.95,0.0,1011.08,91.5,87.5
1776038400,2026-04-13 00:00:00,2026-04-13 02:00:00,karup,4.65,0.0,1.2,0.0,1011.0,94.0,87.5
1776042000,2026-04-13 01:00:00,2026-04-13 03:00:00,karup,4.1,0.0,1.95,0.0,1010.91,96.5,15.0
1776045600,2026-04-13 02:00:00,2026-04-13 04:00:00,karup,3.5,0.0,1.45,0.0,1011.17,97.5,16.6667
1776049200,2026-04-13 03:00:00,2026-04-13 05:00:00,karup,3.1,0.0,1.6,0.0,1011.07,99.0,56.6667
1776052800,2026-04-13 04:00:00,2026-04-13 06:00:00,karup,2.45,0.0,1.85,0.0,1011.33,99.0,90.0
1776056400,2026-04-13 05:00:00,2026-04-13 07:00:00,karup,2.8,6.0,1.8,0.0,1011.66,99.0,60.8333
1776060000,2026-04-13 06:00:00,2026-04-13 08:00:00,karup,2.95,57.0,1.3,0.0,1011.69,99.0,48.3333
1776063600,2026-04-13 07:00:00,2026-04-13 09:00:00,karup,4.65,139.0,2.05,0.0,1011.67,94.0,34.1667
1776067200,2026-04-13 08:00:00,2026-04-13 10:00:00,karup,6.7,237.0,2.7,0.0,1011.43,84.0,82.5
1776070800,2026-04-13 09:00:00,2026-04-13 11:00:00,karup,9.05,394.0,3.6,0.0,1011.23,69.0,87.5
1776074400,2026-04-13 10:00:00,2026-04-13 12:00:00,karup,10.4,309.0,3.75,0.0,1011.08,58.5,87.5
1776078000,2026-04-13 11:00:00,2026-04-13 13:00:00,karup,10.8,219.0,3.65,0.0,1011.12,58.0,95.0
1776081600,2026-04-13 12:00:00,2026-04-13 14:00:00,karup,9.85,111.0,4.3,0.0,1011.27,64.5,100.0
1776085200,2026-04-13 13:00:00,2026-04-13 15:00:00,karup,9.45,126.0,5.0,0.0,1011.17,65.5,100.0
1776088800,2026-04-13 14:00:00,2026-04-13 16:00:00,karup,9.3,98.0,4.1,0.0,1010.85,65.0,100.0
1776092400,2026-04-13 15:00:00,2026-04-13 17:00:00,karup,9.45,79.0,4.15,0.0,1010.5,65.5,100.0
1776096000,2026-04-13 16:00:00,2026-04-13 18:00:00,karup,9.6,75.0,4.25,0.0,1010.45,64.5,100.0
1776099600,2026-04-13 17:00:00,2026-04-13 19:00:00,karup,9.65,30.0,4.85,0.0,1010.79,62.5,100.0
1776103200,2026-04-13 18:00:00,2026-04-13 20:00:00,karup,8.5,6.0,4.35,0.1,1010.89,71.5,100.0
1776106800,2026-04-13 19:00:00,2026-04-13 21:00:00,karup,7.95,0.0,3.2,0.0,1011.04,74.5,100.0
1776110400,2026-04-13 20:00:00,2026-04-13 22:00:00,karup,8.15,0.0,3.95,0.0,1011.2,69.5,100.0
1776114000,2026-04-13 21:00:00,2026-04-13 23:00:00,karup,7.6,0.0,4.5,0.2,1011.16,74.0,100.0
1776117600,2026-04-13 22:00:00,2026-04-14 00:00:00,karup,6.4,0.0,4.25,0.5,1010.9,86.5,100.0
1776121200,2026-04-13 23:00:00,2026-04-14 01:00:00,karup,5.85,0.0,4.7,0.4,1010.51,91.5,100.0
1776124800,2026-04-14 00:00:00,2026-04-14 02:00:00,karup,5.6,0.0,4.65,0.35,1009.96,93.0,100.0
1776128400,2026-04-14 01:00:00,2026-04-14 03:00:00,karup,5.35,0.0,5.1,0.15,1009.56,94.0,100.0
1776132000,2026-04-14 02:00:00,2026-04-14 04:00:00,karup,5.15,0.0,5.2,0.4,1009.29,94.0,100.0
1776135600,2026-04-14 03:00:00,2026-04-14 05:00:00,karup,5.1,0.0,4.55,0.85,1009.18,93.5,100.0
1776139200,2026-04-14 04:00:00,2026-04-14 06:00:00,karup,5.1,0.0,3.85,0.7,1009.04,94.5,100.0
1776142800,2026-04-14 05:00:00,2026-04-14 07:00:00,karup,5.1,0.0,3.5,1.05,1009.13,95.0,100.0
1776146400,2026-04-14 06:00:00,2026-04-14 08:00:00,karup,5.15,7.0,3.2,1.6,1009.3,95.5,100.0
1776150000,2026-04-14 07:00:00,2026-04-14 09:00:00,karup,5.35,32.0,2.6,1.7,1009.51,96.5,100.0
1776153600,2026-04-14 08:00:00,2026-04-14 10:00:00,karup,5.75,38.0,2.9,1.45,1009.68,97.0,100.0
1776157200,2026-04-14 09:00:00,2026-04-14 11:00:00,karup,6.0,66.0,3.0,1.85,1009.92,97.0,100.0
1776160800,2026-04-14 10:00:00,2026-04-14 12:00:00,karup,6.45,111.0,2.3,1.05,1010.29,95.5,100.0
1776164400,2026-04-14 11:00:00,2026-04-14 13:00:00,karup,7.05,118.0,2.15,0.05,1010.68,91.5,100.0
1776168000,2026-04-14 12:00:00,2026-04-14 14:00:00,karup,7.25,77.0,1.85,0.0,1011.19,91.0,100.0
1776171600,2026-04-14 13:00:00,2026-04-14 15:00:00,karup,8.0,223.0,1.95,0.0,1011.53,89.0,96.6667
1776175200,2026-04-14 14:00:00,2026-04-14 16:00:00,karup,9.25,321.0,4.7,0.0,1011.92,79.5,91.6667
1776178800,2026-04-14 15:00:00,2026-04-14 17:00:00,karup,9.2,306.0,5.2,0.0,1012.38,76.5,96.6667
1776182400,2026-04-14 16:00:00,2026-04-14 18:00:00,karup,8.95,202.0,5.8,0.0,1012.9,76.5,90.0
1776186000,2026-04-14 17:00:00,2026-04-14 19:00:00,karup,8.35,105.0,4.7,0.0,1013.52,79.5,90.0
1776189600,2026-04-14 18:00:00,2026-04-14 20:00:00,karup,7.65,38.0,4.15,0.0,1014.09,83.0,80.0
1776193200,2026-04-14 19:00:00,2026-04-14 21:00:00,karup,6.8,2.0,2.9,0.0,1014.57,86.5,90.0
1776196800,2026-04-14 20:00:00,2026-04-14 22:00:00,karup,5.95,0.0,2.95,0.0,1014.9,91.0,90.0
1776200400,2026-04-14 21:00:00,2026-04-14 23:00:00,karup,5.5,0.0,2.35,0.0,1015.24,92.5,98.3333
1776204000,2026-04-14 22:00:00,2026-04-15 00:00:00,karup,5.15,0.0,2.9,0.0,1015.42,94.0,100.0
1776207600,2026-04-14 23:00:00,2026-04-15 01:00:00,karup,4.9,0.0,2.75,0.0,1015.55,96.0,100.0
1776211200,2026-04-15 00:00:00,2026-04-15 02:00:00,karup,5.05,0.0,2.45,0.0,1015.58,97.5,100.0
1776214800,2026-04-15 01:00:00,2026-04-15 03:00:00,karup,5.05,0.0,1.75,0.0,1015.5,98.0,98.3333
1776218400,2026-04-15 02:00:00,2026-04-15 04:00:00,karup,5.0,0.0,1.65,0.0,1015.7,98.5,96.6667
1776222000,2026-04-15 03:00:00,2026-04-15 05:00:00,karup,4.75,0.0,2.3,0.0,1015.67,97.5,100.0
1776225600,2026-04-15 04:00:00,2026-04-15 06:00:00,karup,4.65,0.0,1.35,0.0,1015.73,96.5,100.0
1776229200,2026-04-15 05:00:00,2026-04-15 07:00:00,karup,4.55,3.0,1.5,0.0,1015.97,96.5,95.0
1776232800,2026-04-15 06:00:00,2026-04-15 08:00:00,karup,4.55,32.0,1.95,0.0,1016.19,97.0,100.0
1776236400,2026-04-15 07:00:00,2026-04-15 09:00:00,karup,4.85,93.0,1.5,0.0,1016.34,95.0,100.0
1776240000,2026-04-15 08:00:00,2026-04-15 10:00:00,karup,5.3,144.0,1.05,0.0,1016.48,95.0,100.0
1776243600,2026-04-15 09:00:00,2026-04-15 11:00:00,karup,6.45,323.0,0.65,0.0,1016.27,94.0,80.0
1776247200,2026-04-15 10:00:00,2026-04-15 12:00:00,karup,8.35,408.0,0.55,0.0,1015.99,84.0,87.5
1776250800,2026-04-15 11:00:00,2026-04-15 13:00:00,karup,9.4,381.0,1.1,0.0,1015.74,76.0,90.0
1776254400,2026-04-15 12:00:00,2026-04-15 14:00:00,karup,10.55,384.0,1.05,0.0,1015.58,69.0,90.0
1776258000,2026-04-15 13:00:00,2026-04-15 15:00:00,karup,11.25,420.0,0.7,0.0,1015.2,64.0,90.0
1776261600,2026-04-15 14:00:00,2026-04-15 16:00:00,karup,11.65,304.0,0.95,0.0,1014.81,61.5,93.3333
1776265200,2026-04-15 15:00:00,2026-04-15 17:00:00,karup,12.2,248.0,1.1,0.0,1014.62,59.5,100.0
1776268800,2026-04-15 16:00:00,2026-04-15 18:00:00,karup,12.2,168.0,1.5,0.0,1014.42,60.0,96.6667
1776272400,2026-04-15 17:00:00,2026-04-15 19:00:00,karup,11.9,87.0,2.3,0.0,1014.3,63.0,45.0
1776276000,2026-04-15 18:00:00,2026-04-15 20:00:00,karup,11.0,26.0,2.25,0.0,1014.22,70.5,36.6667
1776279600,2026-04-15 19:00:00,2026-04-15 21:00:00,karup,9.5,1.0,2.25,0.0,1014.21,73.5,63.3333
1776283200,2026-04-15 20:00:00,2026-04-15 22:00:00,karup,8.9,0.0,2.9,0.0,1014.2,78.0,96.6667
1776286800,2026-04-15 21:00:00,2026-04-15 23:00:00,karup,7.7,0.0,3.7,0.0,1014.1,82.5,100.0
1776290400,2026-04-15 22:00:00,2026-04-16 00:00:00,karup,7.15,0.0,3.4,0.0,1013.95,84.0,96.6667
1776294000,2026-04-15 23:00:00,2026-04-16 01:00:00,karup,6.85,0.0,3.3,0.0,1013.67,78.5,95.0
1776297600,2026-04-16 00:00:00,2026-04-16 02:00:00,karup,6.7,0.0,2.8,0.0,1013.47,78.0,100.0
1776301200,2026-04-16 01:00:00,2026-04-16 03:00:00,karup,6.6,0.0,2.8,0.0,1013.01,79.5,100.0
1776304800,2026-04-16 02:00:00,2026-04-16 04:00:00,karup,6.3,0.0,3.05,0.05,1012.12,84.5,100.0
1776308400,2026-04-16 03:00:00,2026-04-16 05:00:00,karup,6.1,0.0,4.75,0.1,1011.87,87.0,100.0
1776312000,2026-04-16 04:00:00,2026-04-16 06:00:00,karup,5.95,0.0,3.45,0.15,1011.64,89.5,100.0
1776315600,2026-04-16 05:00:00,2026-04-16 07:00:00,karup,5.85,1.0,4.55,0.1,1011.76,91.5,100.0
1776319200,2026-04-16 06:00:00,2026-04-16 08:00:00,karup,6.0,7.0,3.9,0.0,1011.54,91.5,100.0
1776322800,2026-04-16 07:00:00,2026-04-16 09:00:00,karup,6.25,33.0,5.15,0.0,1011.74,91.0,100.0
1776326400,2026-04-16 08:00:00,2026-04-16 10:00:00,karup,6.65,69.0,4.35,0.0,1011.87,88.5,100.0
1776330000,2026-04-16 09:00:00,2026-04-16 11:00:00,karup,7.05,100.0,4.2,0.05,1012.04,87.5,100.0
1776333600,2026-04-16 10:00:00,2026-04-16 12:00:00,karup,8.05,197.0,4.5,0.0,1012.2,84.5,100.0
1776337200,2026-04-16 11:00:00,2026-04-16 13:00:00,karup,9.65,389.0,4.15,0.0,1012.28,79.0,98.3333
1776340800,2026-04-16 12:00:00,2026-04-16 14:00:00,karup,11.3,469.0,3.4,0.0,1012.47,74.5,70.0
1776344400,2026-04-16 13:00:00,2026-04-16 15:00:00,karup,13.15,468.0,2.75,0.0,1012.45,70.0,50.8333
1776348000,2026-04-16 14:00:00,2026-04-16 16:00:00,karup,14.4,336.0,2.75,0.0,1012.61,63.0,75.0
1776351600,2026-04-16 15:00:00,2026-04-16 17:00:00,karup,14.75,449.0,4.55,0.0,1012.81,54.0,13.3333
1776355200,2026-04-16 16:00:00,2026-04-16 18:00:00,karup,14.75,368.0,3.9,0.0,1013.14,50.5,6.66667
1776358800,2026-04-16 17:00:00,2026-04-16 19:00:00,karup,14.4,184.0,3.25,0.0,1013.35,52.5,7.5
1776362400,2026-04-16 18:00:00,2026-04-16 20:00:00,karup,13.65,88.0,1.95,0.0,1013.74,56.5,0.0
1776366000,2026-04-16 19:00:00,2026-04-16 21:00:00,karup,11.35,4.0,1.1,0.0,1014.46,69.0,29.1667
1776369600,2026-04-16 20:00:00,2026-04-16 22:00:00,karup,9.85,0.0,2.7,0.0,1015.01,83.5,50.0
1776373200,2026-04-16 21:00:00,2026-04-16 23:00:00,karup,8.35,0.0,1.65,0.0,1015.41,91.0,83.3333
1776376800,2026-04-16 22:00:00,2026-04-17 00:00:00,karup,7.25,0.0,0.5,0.0,1015.62,95.0,83.3333
1776380400,2026-04-16 23:00:00,2026-04-17 01:00:00,karup,7.85,0.0,2.0,0.0,1015.92,97.0,100.0
1776384000,2026-04-17 00:00:00,2026-04-17 02:00:00,karup,7.3,0.0,1.85,0.0,1016.0,99.0,100.0
1776387600,2026-04-17 01:00:00,2026-04-17 03:00:00,karup,7.2,0.0,1.05,0.0,1016.06,99.0,100.0
1776391200,2026-04-17 02:00:00,2026-04-17 04:00:00,karup,7.2,0.0,1.0,0.0,1016.17,99.0,100.0
1776394800,2026-04-17 03:00:00,2026-04-17 05:00:00,karup,7.15,0.0,0.4,0.0,1016.28,99.0,100.0
1776398400,2026-04-17 04:00:00,2026-04-17 06:00:00,karup,7.05,0.0,0.3,0.0,1016.3,99.5,100.0
1776402000,2026-04-17 05:00:00,2026-04-17 07:00:00,karup,6.9,6.0,0.45,0.0,1016.58,99.5,100.0
1776405600,2026-04-17 06:00:00,2026-04-17 08:00:00,karup,6.7,33.0,1.45,0.0,1016.85,99.5,100.0
1776409200,2026-04-17 07:00:00,2026-04-17 09:00:00,karup,6.6,86.0,1.6,0.0,1017.03,99.0,100.0
1776412800,2026-04-17 08:00:00,2026-04-17 10:00:00,karup,7.05,132.0,1.75,0.0,1017.38,98.0,95.0
1776416400,2026-04-17 09:00:00,2026-04-17 11:00:00,karup,7.75,183.0,1.75,0.0,1017.67,96.0,100.0
1776420000,2026-04-17 10:00:00,2026-04-17 12:00:00,karup,8.95,385.0,1.55,0.0,1017.53,89.5,98.3333
1776423600,2026-04-17 11:00:00,2026-04-17 13:00:00,karup,10.4,550.0,1.7,0.0,1017.18,83.5,90.0
1776427200,2026-04-17 12:00:00,2026-04-17 14:00:00,karup,12.1,495.0,1.5,0.0,1016.91,74.5,90.0
1776430800,2026-04-17 13:00:00,2026-04-17 15:00:00,karup,13.6,534.0,1.2,0.0,1016.49,63.5,90.0
1776434400,2026-04-17 14:00:00,2026-04-17 16:00:00,karup,14.9,626.0,1.55,0.0,1015.97,53.0,75.0
1776438000,2026-04-17 15:00:00,2026-04-17 17:00:00,karup,15.05,276.0,2.0,0.0,1015.73,51.5,91.6667
1776441600,2026-04-17 16:00:00,2026-04-17 18:00:00,karup,14.95,164.0,2.05,0.0,1015.51,51.5,95.0
1776445200,2026-04-17 17:00:00,2026-04-17 19:00:00,karup,14.75,89.0,2.2,0.0,1015.28,53.5,91.6667
1776448800,2026-04-17 18:00:00,2026-04-17 20:00:00,karup,14.05,27.0,2.15,0.0,1015.35,58.0,90.0
1776452400,2026-04-17 19:00:00,2026-04-17 21:00:00,karup,12.9,3.0,2.55,0.0,1015.78,64.0,95.0
1776456000,2026-04-17 20:00:00,2026-04-17 22:00:00,karup,11.65,0.0,2.35,0.0,1015.94,70.5,93.3333
1776459600,2026-04-17 21:00:00,2026-04-17 23:00:00,karup,10.9,0.0,2.7,0.0,1015.61,76.0,90.0
1776463200,2026-04-17 22:00:00,2026-04-18 00:00:00,karup,10.25,0.0,2.7,0.0,1015.44,82.5,95.0
1776466800,2026-04-17 23:00:00,2026-04-18 01:00:00,karup,9.5,0.0,2.35,0.0,1015.34,88.0,95.0
1776470400,2026-04-18 00:00:00,2026-04-18 02:00:00,karup,9.25,0.0,1.8,0.0,1015.04,90.0,90.0
1776474000,2026-04-18 01:00:00,2026-04-18 03:00:00,karup,9.0,0.0,2.3,0.0,1014.57,89.5,93.3333
1776477600,2026-04-18 02:00:00,2026-04-18 04:00:00,karup,8.7,0.0,2.15,0.0,1014.07,88.5,93.3333
1776481200,2026-04-18 03:00:00,2026-04-18 05:00:00,karup,8.3,0.0,2.3,0.0,1013.59,89.5,84.1667
1776484800,2026-04-18 04:00:00,2026-04-18 06:00:00,karup,8.2,0.0,2.55,0.0,1013.1,89.0,96.6667
1776488400,2026-04-18 05:00:00,2026-04-18 07:00:00,karup,8.55,10.0,3.1,0.0,1012.92,85.5,60.8333
1776492000,2026-04-18 06:00:00,2026-04-18 08:00:00,karup,9.1,76.0,2.55,0.0,1012.79,82.0,80.0
1776495600,2026-04-18 07:00:00,2026-04-18 09:00:00,karup,10.25,197.0,3.15,0.0,1012.49,76.5,80.8333
1776499200,2026-04-18 08:00:00,2026-04-18 10:00:00,karup,12.0,278.0,3.0,0.0,1012.32,69.5,52.5
1776502800,2026-04-18 09:00:00,2026-04-18 11:00:00,karup,13.15,366.0,3.05,0.0,1012.09,65.5,96.6667
1776506400,2026-04-18 10:00:00,2026-04-18 12:00:00,karup,14.1,387.0,3.2,0.0,1011.75,63.0,91.6667
1776510000,2026-04-18 11:00:00,2026-04-18 13:00:00,karup,14.5,244.0,3.2,0.0,1011.48,61.5,95.0
1776513600,2026-04-18 12:00:00,2026-04-18 14:00:00,karup,14.85,237.0,2.85,0.0,1011.56,61.5,96.6667
1776517200,2026-04-18 13:00:00,2026-04-18 15:00:00,karup,14.4,195.0,3.1,0.0,1011.29,63.5,100.0
1776520800,2026-04-18 14:00:00,2026-04-18 16:00:00,karup,14.05,146.0,2.4,0.1,1011.0,68.0,100.0
1776524400,2026-04-18 15:00:00,2026-04-18 17:00:00,karup,13.15,66.0,1.4,0.15,1010.88,75.5,100.0
1776528000,2026-04-18 16:00:00,2026-04-18 18:00:00,karup,12.0,36.0,1.5,1.1,1010.8,86.0,100.0
1776531600,2026-04-18 17:00:00,2026-04-18 19:00:00,karup,11.35,57.0,1.7,0.8,1010.62,94.0,95.0
1776535200,2026-04-18 18:00:00,2026-04-18 20:00:00,karup,11.2,32.0,1.9,0.0,1010.72,95.5,98.3333
1776538800,2026-04-18 19:00:00,2026-04-18 21:00:00,karup,10.55,0.0,3.15,0.5,1011.11,94.5,100.0
1776542400,2026-04-18 20:00:00,2026-04-18 22:00:00,karup,9.75,0.0,2.8,0.25,1011.03,98.0,96.6667
1776546000,2026-04-18 21:00:00,2026-04-18 23:00:00,karup,9.4,0.0,3.25,0.0,1011.17,97.0,65.8333
1776549600,2026-04-18 22:00:00,2026-04-19 00:00:00,karup,7.7,0.0,2.95,0.0,1011.4,96.5,85.0
1776553200,2026-04-18 23:00:00,2026-04-19 01:00:00,karup,6.95,0.0,3.1,0.0,1011.42,97.5,100.0
1776556800,2026-04-19 00:00:00,2026-04-19 02:00:00,karup,6.95,0.0,2.85,0.0,1011.09,97.0,100.0
1776560400,2026-04-19 01:00:00,2026-04-19 03:00:00,karup,6.95,0.0,2.45,0.0,1010.95,97.5,96.6667
1776564000,2026-04-19 02:00:00,2026-04-19 04:00:00,karup,6.95,0.0,2.1,0.0,1010.97,97.5,90.0
1776567600,2026-04-19 03:00:00,2026-04-19 05:00:00,karup,6.85,0.0,2.05,0.0,1011.03,97.0,98.3333
1776571200,2026-04-19 04:00:00,2026-04-19 06:00:00,karup,6.8,0.0,2.45,0.0,1011.13,95.0,100.0
1776574800,2026-04-19 05:00:00,2026-04-19 07:00:00,karup,6.75,4.0,1.85,0.0,1011.28,94.5,95.0
1776578400,2026-04-19 06:00:00,2026-04-19 08:00:00,karup,6.55,41.0,1.75,0.0,1011.22,94.0,91.6667
1776582000,2026-04-19 07:00:00,2026-04-19 09:00:00,karup,7.15,146.0,1.3,0.0,1011.32,91.0,98.3333
1776585600,2026-04-19 08:00:00,2026-04-19 10:00:00,karup,8.4,388.0,2.0,0.0,1011.77,87.5,96.6667
1776589200,2026-04-19 09:00:00,2026-04-19 11:00:00,karup,9.3,394.0,3.4,0.0,1011.88,85.0,96.6667
1776592800,2026-04-19 10:00:00,2026-04-19 12:00:00,karup,10.0,485.0,3.1,0.0,1011.75,80.0,91.6667
1776596400,2026-04-19 11:00:00,2026-04-19 13:00:00,karup,10.75,392.0,2.7,0.0,1011.83,70.0,100.0
1776600000,2026-04-19 12:00:00,2026-04-19 14:00:00,karup,10.75,247.0,2.6,0.0,1012.03,68.5,100.0
1776603600,2026-04-19 13:00:00,2026-04-19 15:00:00,karup,10.7,218.0,2.95,0.0,1012.1,72.5,100.0
1776607200,2026-04-19 14:00:00,2026-04-19 16:00:00,karup,10.5,112.0,3.6,0.0,1012.12,76.5,95.0
1776610800,2026-04-19 15:00:00,2026-04-19 17:00:00,karup,10.4,104.0,3.6,0.0,1012.32,76.5,100.0
1776614400,2026-04-19 16:00:00,2026-04-19 18:00:00,karup,9.95,65.0,3.7,0.0,1012.53,79.5,95.0
1776618000,2026-04-19 17:00:00,2026-04-19 19:00:00,karup,9.4,43.0,3.55,0.05,1012.64,85.5,91.6667
1776621600,2026-04-19 18:00:00,2026-04-19 20:00:00,karup,8.95,24.0,3.85,0.0,1013.01,86.5,90.0
1776625200,2026-04-19 19:00:00,2026-04-19 21:00:00,karup,8.4,11.0,3.7,0.0,1013.67,87.0,100.0
1776628800,2026-04-19 20:00:00,2026-04-19 22:00:00,karup,7.95,0.0,3.25,0.45,1013.92,90.5,100.0
1776632400,2026-04-19 21:00:00,2026-04-19 23:00:00,karup,7.2,0.0,3.25,1.25,1014.05,95.5,100.0
1776636000,2026-04-19 22:00:00,2026-04-20 00:00:00,karup,6.8,0.0,2.75,0.2,1014.46,98.0,100.0
1776639600,2026-04-19 23:00:00,2026-04-20 01:00:00,karup,6.9,0.0,2.25,0.0,1014.98,95.0,100.0
1776643200,2026-04-20 00:00:00,2026-04-20 02:00:00,karup,6.55,0.0,2.85,0.15,1015.17,92.0,100.0
1776646800,2026-04-20 01:00:00,2026-04-20 03:00:00,karup,5.7,0.0,2.6,0.4,1015.33,93.0,100.0
1776650400,2026-04-20 02:00:00,2026-04-20 04:00:00,karup,5.4,0.0,0.85,0.15,1015.51,95.0,100.0
1776654000,2026-04-20 03:00:00,2026-04-20 05:00:00,karup,5.3,0.0,1.05,0.15,1015.62,96.0,100.0
1776657600,2026-04-20 04:00:00,2026-04-20 06:00:00,karup,5.25,0.0,1.65,0.05,1015.72,96.5,90.0
1776661200,2026-04-20 05:00:00,2026-04-20 07:00:00,karup,5.2,18.0,3.4,0.0,1016.37,94.5,90.0
1776664800,2026-04-20 06:00:00,2026-04-20 08:00:00,karup,4.85,97.0,3.85,0.0,1016.88,87.0,93.3333
1776668400,2026-04-20 07:00:00,2026-04-20 09:00:00,karup,5.35,199.0,5.6,0.0,1017.42,81.5,32.5
1776672000,2026-04-20 08:00:00,2026-04-20 10:00:00,karup,5.8,291.0,6.25,0.0,1017.98,80.0,87.5
1776675600,2026-04-20 09:00:00,2026-04-20 11:00:00,karup,6.35,446.0,6.5,0.0,1018.32,79.5,60.0
1776679200,2026-04-20 10:00:00,2026-04-20 12:00:00,karup,7.55,618.0,6.15,0.0,1018.43,74.5,75.0
1776682800,2026-04-20 11:00:00,2026-04-20 13:00:00,karup,9.35,581.0,6.2,0.0,1018.58,67.0,48.3333
1776686400,2026-04-20 12:00:00,2026-04-20 14:00:00,karup,10.45,587.0,6.3,0.0,1018.86,59.0,46.6667
1776690000,2026-04-20 13:00:00,2026-04-20 15:00:00,karup,10.85,582.0,7.15,0.0,1018.97,51.0,44.1667
1776693600,2026-04-20 14:00:00,2026-04-20 16:00:00,karup,11.25,670.0,7.55,0.0,1019.13,47.0,7.5
1776697200,2026-04-20 15:00:00,2026-04-20 17:00:00,karup,11.3,544.0,6.7,0.0,1019.43,44.0,3.33333
1776700800,2026-04-20 16:00:00,2026-04-20 18:00:00,karup,11.15,393.0,6.1,0.0,1019.78,44.0,1.66667
1776704400,2026-04-20 17:00:00,2026-04-20 19:00:00,karup,11.0,250.0,5.65,0.0,1019.98,43.5,0.0
1776708000,2026-04-20 18:00:00,2026-04-20 20:00:00,karup,10.4,110.0,4.55,0.0,1020.51,45.0,0.0
1776711600,2026-04-20 19:00:00,2026-04-20 21:00:00,karup,8.5,11.0,2.9,0.0,1020.83,52.5,0.0
1776715200,2026-04-20 20:00:00,2026-04-20 22:00:00,karup,6.35,0.0,2.55,0.0,1021.22,60.5,0.0
1776718800,2026-04-20 21:00:00,2026-04-20 23:00:00,karup,5.65,0.0,2.75,0.0,1021.45,65.5,0.0
1776722400,2026-04-20 22:00:00,2026-04-21 00:00:00,karup,4.8,0.0,2.45,0.0,1021.81,72.5,0.0
1776726000,2026-04-20 23:00:00,2026-04-21 01:00:00,karup,4.2,0.0,2.25,0.0,1022.07,77.0,0.0
1776729600,2026-04-21 00:00:00,2026-04-21 02:00:00,karup,3.85,0.0,1.95,0.0,1022.14,78.5,0.0
1776733200,2026-04-21 01:00:00,2026-04-21 03:00:00,karup,3.2,0.0,1.8,0.0,1022.24,80.5,0.0
1776736800,2026-04-21 02:00:00,2026-04-21 04:00:00,karup,2.4,0.0,1.7,0.0,1022.42,82.0,0.0
1776740400,2026-04-21 03:00:00,2026-04-21 05:00:00,karup,1.35,0.0,1.3,0.0,1022.36,86.0,0.0
1776744000,2026-04-21 04:00:00,2026-04-21 06:00:00,karup,1.55,0.0,0.9,0.0,1022.32,86.5,0.0
1776747600,2026-04-21 05:00:00,2026-04-21 07:00:00,karup,1.65,32.0,0.45,0.0,1022.47,86.0,0.0
1776751200,2026-04-21 06:00:00,2026-04-21 08:00:00,karup,4.05,152.0,0.9,0.0,1022.74,80.5,0.0
1776754800,2026-04-21 07:00:00,2026-04-21 09:00:00,karup,7.0,304.0,2.25,0.0,1022.73,71.0,0.0
1776758400,2026-04-21 08:00:00,2026-04-21 10:00:00,karup,9.45,452.0,2.5,0.0,1022.74,60.0,0.0
1776762000,2026-04-21 09:00:00,2026-04-21 11:00:00,karup,11.4,585.0,3.1,0.0,1022.75,45.0,0.0
1776765600,2026-04-21 10:00:00,2026-04-21 12:00:00,karup,12.65,685.0,4.3,0.0,1022.6,35.5,0.0
1776769200,2026-04-21 11:00:00,2026-04-21 13:00:00,karup,13.5,744.0,5.8,0.0,1022.46,31.5,0.0
1776772800,2026-04-21 12:00:00,2026-04-21 14:00:00,karup,14.25,760.0,5.3,0.0,1022.33,30.5,0.0
1776776400,2026-04-21 13:00:00,2026-04-21 15:00:00,karup,14.7,734.0,5.4,0.0,1021.97,28.5,0.0
1776780000,2026-04-21 14:00:00,2026-04-21 16:00:00,karup,15.2,660.0,5.95,0.0,1021.39,26.0,0.0
1776783600,2026-04-21 15:00:00,2026-04-21 17:00:00,karup,15.3,552.0,5.0,0.0,1021.08,26.0,0.0
1776787200,2026-04-21 16:00:00,2026-04-21 18:00:00,karup,15.3,414.0,3.6,0.0,1020.67,28.0,0.0
1776790800,2026-04-21 17:00:00,2026-04-21 19:00:00,karup,14.85,264.0,4.25,0.0,1020.62,32.5,0.0
1776794400,2026-04-21 18:00:00,2026-04-21 20:00:00,karup,13.8,114.0,3.6,0.0,1020.83,34.5,0.0
1776798000,2026-04-21 19:00:00,2026-04-21 21:00:00,karup,11.3,13.0,2.3,0.0,1021.11,42.0,0.0
1776801600,2026-04-21 20:00:00,2026-04-21 22:00:00,karup,9.05,0.0,2.25,0.0,1021.42,50.5,0.0
1776805200,2026-04-21 21:00:00,2026-04-21 23:00:00,karup,7.2,0.0,2.75,0.0,1021.47,61.0,0.0
1776808800,2026-04-21 22:00:00,2026-04-22 00:00:00,karup,6.1,0.0,1.0,0.0,1021.55,69.0,0.0
1776812400,2026-04-21 23:00:00,2026-04-22 01:00:00,karup,5.35,0.0,0.7,0.0,1021.63,75.5,0.0
1776816000,2026-04-22 00:00:00,2026-04-22 02:00:00,karup,3.6,0.0,0.3,0.0,1021.32,81.5,0.0
1776819600,2026-04-22 01:00:00,2026-04-22 03:00:00,karup,1.2,0.0,0.6,0.0,1021.13,89.0,0.0
1776823200,2026-04-22 02:00:00,2026-04-22 04:00:00,karup,-0.2,0.0,0.7,0.0,1020.92,92.0,0.0
1776826800,2026-04-22 03:00:00,2026-04-22 05:00:00,karup,-0.65,0.0,0.8,0.0,1020.86,94.0,0.0
1776830400,2026-04-22 04:00:00,2026-04-22 06:00:00,karup,-0.3,0.0,0.95,0.0,1020.93,96.0,4.16667
1776834000,2026-04-22 05:00:00,2026-04-22 07:00:00,karup,0.05,36.0,0.85,0.0,1021.05,98.0,0.0
1776837600,2026-04-22 06:00:00,2026-04-22 08:00:00,karup,1.75,162.0,1.05,0.0,1021.12,96.0,0.0
1776841200,2026-04-22 07:00:00,2026-04-22 09:00:00,karup,4.0,255.0,2.65,0.0,1021.09,97.5,98.3333
1776844800,2026-04-22 08:00:00,2026-04-22 10:00:00,karup,5.45,396.0,3.15,0.0,1020.83,97.0,44.1667
1776848400,2026-04-22 09:00:00,2026-04-22 11:00:00,karup,8.85,592.0,3.45,0.0,1020.42,82.5,0.0
1776852000,2026-04-22 10:00:00,2026-04-22 12:00:00,karup,11.95,687.0,4.25,0.0,1020.11,63.5,0.0
1776855600,2026-04-22 11:00:00,2026-04-22 13:00:00,karup,13.95,750.0,3.9,0.0,1019.85,52.0,0.0
1776859200,2026-04-22 12:00:00,2026-04-22 14:00:00,karup,15.1,770.0,4.85,0.0,1019.78,44.0,0.0
1776862800,2026-04-22 13:00:00,2026-04-22 15:00:00,karup,15.35,744.0,5.4,0.0,1019.54,40.5,0.0
1776866400,2026-04-22 14:00:00,2026-04-22 16:00:00,karup,15.0,676.0,5.6,0.0,1019.41,41.0,0.0
1776870000,2026-04-22 15:00:00,2026-04-22 17:00:00,karup,13.9,565.0,6.1,0.0,1018.93,45.5,0.0
1776873600,2026-04-22 16:00:00,2026-04-22 18:00:00,karup,12.8,441.0,6.2,0.0,1018.52,50.0,0.0
1776877200,2026-04-22 17:00:00,2026-04-22 19:00:00,karup,11.05,262.0,6.05,0.0,1018.21,63.5,0.0
1776880800,2026-04-22 18:00:00,2026-04-22 20:00:00,karup,8.7,120.0,6.45,0.0,1018.27,75.5,28.3333
1776884400,2026-04-22 19:00:00,2026-04-22 21:00:00,karup,6.75,15.0,5.3,0.0,1018.28,86.0,17.5
1776888000,2026-04-22 20:00:00,2026-04-22 22:00:00,karup,5.85,0.0,4.15,0.0,1017.99,91.5,3.33333
1776891600,2026-04-22 21:00:00,2026-04-22 23:00:00,karup,5.55,0.0,3.95,0.0,1017.64,93.5,0.0
1776895200,2026-04-22 22:00:00,2026-04-23 00:00:00,karup,5.35,0.0,3.9,0.0,1017.54,94.0,0.0
1776898800,2026-04-22 23:00:00,2026-04-23 01:00:00,karup,5.3,0.0,3.5,0.0,1017.33,94.5,0.0
1776902400,2026-04-23 00:00:00,2026-04-23 02:00:00,karup,5.2,0.0,3.5,0.0,1016.94,92.0,0.0
1776906000,2026-04-23 01:00:00,2026-04-23 03:00:00,karup,4.75,0.0,3.05,0.0,1016.83,92.5,0.0
1776909600,2026-04-23 02:00:00,2026-04-23 04:00:00,karup,4.2,0.0,2.6,0.0,1016.9,95.0,0.0
1776913200,2026-04-23 03:00:00,2026-04-23 05:00:00,karup,3.75,0.0,2.35,0.0,1016.88,97.0,1.66667
1776916800,2026-04-23 04:00:00,2026-04-23 06:00:00,karup,3.4,0.0,1.7,0.0,1016.92,99.0,69.1667
1776920400,2026-04-23 05:00:00,2026-04-23 07:00:00,karup,3.3,22.0,1.15,0.0,1017.42,100.0,98.3333
1776924000,2026-04-23 06:00:00,2026-04-23 08:00:00,karup,4.6,71.0,0.75,0.0,1017.66,100.0,12.5
1776927600,2026-04-23 07:00:00,2026-04-23 09:00:00,karup,6.5,156.0,1.45,0.0,1017.65,97.0,0.0
1776931200,2026-04-23 08:00:00,2026-04-23 10:00:00,karup,9.15,424.0,0.7,0.0,1017.72,85.5,0.0
1776934800,2026-04-23 09:00:00,2026-04-23 11:00:00,karup,11.55,573.0,0.8,0.0,1017.54,71.0,0.0
1776938400,2026-04-23 10:00:00,2026-04-23 12:00:00,karup,13.75,678.0,1.7,0.0,1017.06,62.0,0.0
1776942000,2026-04-23 11:00:00,2026-04-23 13:00:00,karup,15.55,696.0,3.3,0.0,1016.61,51.5,0.0
1776945600,2026-04-23 12:00:00,2026-04-23 14:00:00,karup,16.85,708.0,5.0,0.0,1015.99,41.5,0.0
1776949200,2026-04-23 13:00:00,2026-04-23 15:00:00,karup,16.9,731.0,5.65,0.0,1015.45,41.5,0.0
1776952800,2026-04-23 14:00:00,2026-04-23 16:00:00,karup,15.75,667.0,6.95,0.0,1015.0,47.5,0.0
1776956400,2026-04-23 15:00:00,2026-04-23 17:00:00,karup,14.0,555.0,6.85,0.0,1014.54,52.5,0.0
1776960000,2026-04-23 16:00:00,2026-04-23 18:00:00,karup,12.9,408.0,6.6,0.0,1014.14,52.5,0.0
1776963600,2026-04-23 17:00:00,2026-04-23 19:00:00,karup,11.55,255.0,6.85,0.0,1013.67,54.5,0.0
1776967200,2026-04-23 18:00:00,2026-04-23 20:00:00,karup,9.65,104.0,6.25,0.0,1013.46,65.0,1.66667
1776970800,2026-04-23 19:00:00,2026-04-23 21:00:00,karup,8.15,22.0,5.1,0.0,1013.12,76.5,3.33333
1776974400,2026-04-23 20:00:00,2026-04-23 22:00:00,karup,7.2,0.0,4.5,0.0,1012.96,84.5,0.0
1776978000,2026-04-23 21:00:00,2026-04-23 23:00:00,karup,6.75,0.0,4.0,0.0,1012.98,89.0,0.0
1776981600,2026-04-23 22:00:00,2026-04-24 00:00:00,karup,6.2,0.0,3.45,0.0,1013.07,91.5,0.0
1776985200,2026-04-23 23:00:00,2026-04-24 01:00:00,karup,5.85,0.0,3.25,0.0,1012.91,93.0,0.0
1776988800,2026-04-24 00:00:00,2026-04-24 02:00:00,karup,5.6,0.0,3.15,0.0,1012.51,94.0,0.0
1776992400,2026-04-24 01:00:00,2026-04-24 03:00:00,karup,5.45,0.0,2.6,0.0,1012.32,95.0,0.0
1776996000,2026-04-24 02:00:00,2026-04-24 04:00:00,karup,5.15,0.0,2.95,0.0,1012.14,95.5,0.0
1776999600,2026-04-24 03:00:00,2026-04-24 05:00:00,karup,4.95,0.0,3.1,0.0,1011.81,97.0,0.0
1777003200,2026-04-24 04:00:00,2026-04-24 06:00:00,karup,4.55,0.0,2.25,0.0,1011.81,97.5,0.0
1777006800,2026-04-24 05:00:00,2026-04-24 07:00:00,karup,4.65,37.0,2.25,0.0,1011.88,97.5,0.0
1777010400,2026-04-24 06:00:00,2026-04-24 08:00:00,karup,6.55,161.0,2.15,0.0,1011.85,94.0,0.0
1777014000,2026-04-24 07:00:00,2026-04-24 09:00:00,karup,8.6,312.0,3.15,0.0,1011.69,86.0,0.0
1777017600,2026-04-24 08:00:00,2026-04-24 10:00:00,karup,10.35,460.0,3.25,0.0,1011.67,77.5,0.0
1777021200,2026-04-24 09:00:00,2026-04-24 11:00:00,karup,12.35,585.0,3.2,0.0,1011.62,66.0,0.0
1777024800,2026-04-24 10:00:00,2026-04-24 12:00:00,karup,13.75,681.0,3.25,0.0,1011.24,58.5,0.0
1777028400,2026-04-24 11:00:00,2026-04-24 13:00:00,karup,14.8,740.0,3.65,0.0,1010.97,55.5,0.0
1777032000,2026-04-24 12:00:00,2026-04-24 14:00:00,karup,15.25,757.0,4.2,0.0,1010.58,54.5,0.0
1777035600,2026-04-24 13:00:00,2026-04-24 15:00:00,karup,15.1,727.0,5.75,0.0,1010.43,57.0,0.0
1777039200,2026-04-24 14:00:00,2026-04-24 16:00:00,karup,13.95,657.0,6.4,0.0,1010.35,61.0,0.0
1777042800,2026-04-24 15:00:00,2026-04-24 17:00:00,karup,12.7,548.0,6.6,0.0,1009.91,63.5,0.0
1777046400,2026-04-24 16:00:00,2026-04-24 18:00:00,karup,11.7,406.0,6.85,0.0,1009.56,65.5,0.0
1777050000,2026-04-24 17:00:00,2026-04-24 19:00:00,karup,10.55,261.0,6.5,0.0,1009.28,68.5,3.33333
1777053600,2026-04-24 18:00:00,2026-04-24 20:00:00,karup,9.0,122.0,6.35,0.0,1008.96,74.5,22.5
1777057200,2026-04-24 19:00:00,2026-04-24 21:00:00,karup,7.25,14.0,5.65,0.0,1008.49,82.0,17.5
1777060800,2026-04-24 20:00:00,2026-04-24 22:00:00,karup,6.35,0.0,5.3,0.0,1008.06,85.5,55.8333
1777064400,2026-04-24 21:00:00,2026-04-24 23:00:00,karup,5.9,0.0,5.5,0.0,1007.65,87.5,14.1667
1777068000,2026-04-24 22:00:00,2026-04-25 00:00:00,karup,5.6,0.0,5.3,0.0,1007.24,88.0,0.0
1777071600,2026-04-24 23:00:00,2026-04-25 01:00:00,karup,5.65,0.0,6.5,0.0,1006.78,86.0,0.0
1777075200,2026-04-25 00:00:00,2026-04-25 02:00:00,karup,5.85,0.0,6.9,0.0,1006.25,84.0,10.8333
1777078800,2026-04-25 01:00:00,2026-04-25 03:00:00,karup,5.9,0.0,6.6,0.0,1005.98,84.0,52.5
1777082400,2026-04-25 02:00:00,2026-04-25 04:00:00,karup,6.05,0.0,6.85,0.0,1005.87,84.5,85.0
1777086000,2026-04-25 03:00:00,2026-04-25 05:00:00,karup,6.1,0.0,7.1,0.0,1005.84,84.0,90.0
1777089600,2026-04-25 04:00:00,2026-04-25 06:00:00,karup,6.3,0.0,7.15,0.0,1005.84,82.5,90.0
1777093200,2026-04-25 05:00:00,2026-04-25 07:00:00,karup,6.5,11.0,6.9,0.0,1005.84,81.0,91.6667
1777096800,2026-04-25 06:00:00,2026-04-25 08:00:00,karup,6.8,51.0,6.85,0.0,1005.84,79.0,90.0
1777100400,2026-04-25 07:00:00,2026-04-25 09:00:00,karup,7.35,182.0,7.3,0.0,1005.49,73.5,90.0
1777104000,2026-04-25 08:00:00,2026-04-25 10:00:00,karup,8.05,262.0,8.0,0.0,1005.07,69.5,95.0
1777107600,2026-04-25 09:00:00,2026-04-25 11:00:00,karup,8.55,273.0,9.45,0.0,1004.86,68.0,91.6667
1777111200,2026-04-25 10:00:00,2026-04-25 12:00:00,karup,8.4,214.0,9.85,0.0,1004.62,71.0,90.0
1777114800,2026-04-25 11:00:00,2026-04-25 13:00:00,karup,8.85,337.0,10.05,0.0,1004.46,68.5,78.3333
1777118400,2026-04-25 12:00:00,2026-04-25 14:00:00,karup,9.7,475.0,11.0,0.0,1004.06,64.5,48.3333
1777122000,2026-04-25 13:00:00,2026-04-25 15:00:00,karup,10.0,710.0,11.15,0.0,1003.99,58.0,49.1667
1777125600,2026-04-25 14:00:00,2026-04-25 16:00:00,karup,9.8,654.0,11.7,0.0,1004.35,56.0,26.6667
1777129200,2026-04-25 15:00:00,2026-04-25 17:00:00,karup,9.25,514.0,11.5,0.0,1004.92,56.0,10.8333
1777132800,2026-04-25 16:00:00,2026-04-25 18:00:00,karup,9.05,384.0,11.1,0.0,1005.51,57.0,3.33333
1777136400,2026-04-25 17:00:00,2026-04-25 19:00:00,karup,8.4,262.0,10.2,0.0,1006.38,58.5,0.0
1777140000,2026-04-25 18:00:00,2026-04-25 20:00:00,karup,7.7,125.0,8.05,0.0,1007.63,61.0,0.0
1777143600,2026-04-25 19:00:00,2026-04-25 21:00:00,karup,6.9,21.0,6.2,0.0,1008.75,67.5,0.0
1777147200,2026-04-25 20:00:00,2026-04-25 22:00:00,karup,5.6,0.0,3.7,0.0,1009.72,75.0,0.0
1777150800,2026-04-25 21:00:00,2026-04-25 23:00:00,karup,3.85,0.0,2.65,0.0,1010.84,83.0,0.0
1777154400,2026-04-25 22:00:00,2026-04-26 00:00:00,karup,2.9,0.0,1.9,0.0,1011.94,88.5,0.0
1777158000,2026-04-25 23:00:00,2026-04-26 01:00:00,karup,2.2,0.0,1.4,0.0,1012.78,92.0,0.0
1777161600,2026-04-26 00:00:00,2026-04-26 02:00:00,karup,1.85,0.0,1.35,0.0,1013.55,93.5,0.0
1777165200,2026-04-26 01:00:00,2026-04-26 03:00:00,karup,1.35,0.0,1.15,0.0,1014.25,95.5,0.0
1777168800,2026-04-26 02:00:00,2026-04-26 04:00:00,karup,-0.15,0.0,0.6,0.0,1014.81,96.0,5.83333
1777172400,2026-04-26 03:00:00,2026-04-26 05:00:00,karup,-1.5,0.0,0.25,0.0,1015.49,97.0,19.1667
1777176000,2026-04-26 04:00:00,2026-04-26 06:00:00,karup,-1.95,0.0,0.5,0.0,1016.24,96.5,1.66667
1777179600,2026-04-26 05:00:00,2026-04-26 07:00:00,karup,-1.6,37.0,0.3,0.0,1016.97,97.0,15.8333
1777183200,2026-04-26 06:00:00,2026-04-26 08:00:00,karup,0.95,173.0,0.25,0.0,1017.47,97.5,0.0
1777186800,2026-04-26 07:00:00,2026-04-26 09:00:00,karup,5.75,334.0,0.65,0.0,1017.61,82.5,0.0
1777190400,2026-04-26 08:00:00,2026-04-26 10:00:00,karup,8.2,482.0,1.95,0.0,1017.92,48.5,0.0
1777194000,2026-04-26 09:00:00,2026-04-26 11:00:00,karup,9.4,609.0,2.5,0.0,1017.86,38.5,0.0
1777197600,2026-04-26 10:00:00,2026-04-26 12:00:00,karup,10.4,705.0,3.4,0.0,1017.78,37.5,5.0
1777201200,2026-04-26 11:00:00,2026-04-26 13:00:00,karup,11.2,773.0,3.15,0.0,1017.7,36.5,32.5
1777204800,2026-04-26 12:00:00,2026-04-26 14:00:00,karup,11.85,599.0,3.7,0.0,1017.46,37.5,25.0
1777208400,2026-04-26 13:00:00,2026-04-26 15:00:00,karup,12.4,690.0,4.25,0.0,1017.23,36.0,39.1667
1777212000,2026-04-26 14:00:00,2026-04-26 16:00:00,karup,12.35,650.0,4.9,0.0,1017.23,36.0,32.5
1777215600,2026-04-26 15:00:00,2026-04-26 17:00:00,karup,12.0,549.0,5.8,0.0,1017.26,36.5,0.0
1777219200,2026-04-26 16:00:00,2026-04-26 18:00:00,karup,10.65,413.0,6.25,0.0,1017.22,45.5,0.0
1777222800,2026-04-26 17:00:00,2026-04-26 19:00:00,karup,9.2,270.0,4.85,0.0,1017.12,49.0,0.0
1777226400,2026-04-26 18:00:00,2026-04-26 20:00:00,karup,7.95,140.0,4.3,0.0,1017.29,53.5,0.0
1777230000,2026-04-26 19:00:00,2026-04-26 21:00:00,karup,6.05,27.0,4.1,0.0,1017.76,62.5,0.0
1777233600,2026-04-26 20:00:00,2026-04-26 22:00:00,karup,3.75,0.0,2.45,0.0,1017.9,72.0,10.0
1777237200,2026-04-26 21:00:00,2026-04-26 23:00:00,karup,3.1,0.0,1.8,0.0,1017.92,76.5,59.1667
1777240800,2026-04-26 22:00:00,2026-04-27 00:00:00,karup,2.4,0.0,1.75,0.0,1018.13,80.5,90.0
1777244400,2026-04-26 23:00:00,2026-04-27 01:00:00,karup,2.3,0.0,1.9,0.0,1018.02,82.5,78.3333
1777248000,2026-04-27 00:00:00,2026-04-27 02:00:00,karup,2.25,0.0,1.55,0.0,1017.89,84.5,58.3333
1777251600,2026-04-27 01:00:00,2026-04-27 03:00:00,karup,1.5,0.0,1.6,0.0,1017.8,87.5,54.1667
1777255200,2026-04-27 02:00:00,2026-04-27 04:00:00,karup,0.6,0.0,1.6,0.0,1017.75,90.0,90.0
1777258800,2026-04-27 03:00:00,2026-04-27 05:00:00,karup,0.45,0.0,1.55,0.0,1017.8,91.0,59.1667
1777262400,2026-04-27 04:00:00,2026-04-27 06:00:00,karup,1.4,1.0,1.85,0.0,1017.98,91.0,43.3333
1777266000,2026-04-27 05:00:00,2026-04-27 07:00:00,karup,1.8,41.0,1.75,0.0,1018.29,90.5,36.6667
1777269600,2026-04-27 06:00:00,2026-04-27 08:00:00,karup,3.35,122.0,1.35,0.0,1018.47,87.0,31.6667
1777273200,2026-04-27 07:00:00,2026-04-27 09:00:00,karup,5.5,255.0,1.25,0.0,1018.73,79.0,85.0
1777276800,2026-04-27 08:00:00,2026-04-27 10:00:00,karup,7.1,455.0,1.05,0.0,1018.8,73.5,5.83333
1777280400,2026-04-27 09:00:00,2026-04-27 11:00:00,karup,8.4,640.0,1.1,0.0,1018.95,64.0,29.1667
1777284000,2026-04-27 10:00:00,2026-04-27 12:00:00,karup,9.5,698.0,1.4,0.0,1019.02,54.0,26.6667
1777287600,2026-04-27 11:00:00,2026-04-27 13:00:00,karup,10.75,751.0,1.6,0.0,1018.71,46.5,9.16667
1777291200,2026-04-27 12:00:00,2026-04-27 14:00:00,karup,11.95,781.0,2.35,0.0,1018.62,39.0,1.66667
1777294800,2026-04-27 13:00:00,2026-04-27 15:00:00,karup,12.75,738.0,2.35,0.0,1018.41,34.0,0.0
1777298400,2026-04-27 14:00:00,2026-04-27 16:00:00,karup,13.3,678.0,2.05,0.0,1018.22,34.5,0.0
1777302000,2026-04-27 15:00:00,2026-04-27 17:00:00,karup,13.1,308.0,3.2,0.0,1018.05,39.0,0.0
1777305600,2026-04-27 16:00:00,2026-04-27 18:00:00,karup,13.1,338.0,3.1,0.0,1018.16,41.0,8.33333
1777309200,2026-04-27 17:00:00,2026-04-27 19:00:00,karup,12.9,259.0,3.5,0.0,1018.49,42.0,6.66667
1777312800,2026-04-27 18:00:00,2026-04-27 20:00:00,karup,11.75,111.0,4.5,0.0,1019.12,48.0,0.0
1777316400,2026-04-27 19:00:00,2026-04-27 21:00:00,karup,9.8,9.0,3.65,0.0,1019.79,48.0,0.0
1777320000,2026-04-27 20:00:00,2026-04-27 22:00:00,karup,8.1,0.0,2.25,0.0,1020.35,51.5,0.0
1777323600,2026-04-27 21:00:00,2026-04-27 23:00:00,karup,6.35,0.0,0.9,0.0,1020.49,56.5,0.0
1777327200,2026-04-27 22:00:00,2026-04-28 00:00:00,karup,3.4,0.0,0.4,0.0,1020.6,71.0,0.0
1777330800,2026-04-27 23:00:00,2026-04-28 01:00:00,karup,1.75,0.0,0.45,0.0,1020.87,79.0,0.0
1777334400,2026-04-28 00:00:00,2026-04-28 02:00:00,karup,0.7,0.0,0.55,0.0,1021.39,82.0,0.0
1777338000,2026-04-28 01:00:00,2026-04-28 03:00:00,karup,-0.1,0.0,0.55,0.0,1021.92,84.0,0.0
1777341600,2026-04-28 02:00:00,2026-04-28 04:00:00,karup,-0.6,0.0,0.25,0.0,1022.17,86.5,0.0
1777345200,2026-04-28 03:00:00,2026-04-28 05:00:00,karup,-1.1,0.0,0.25,0.0,1022.36,87.0,0.0
1777348800,2026-04-28 04:00:00,2026-04-28 06:00:00,karup,-1.2,0.0,0.35,0.0,1022.51,88.0,0.0
1777352400,2026-04-28 05:00:00,2026-04-28 07:00:00,karup,0.2,52.0,0.25,0.0,1022.85,85.5,0.0
1777356000,2026-04-28 06:00:00,2026-04-28 08:00:00,karup,3.55,182.0,1.45,0.0,1023.19,77.5,16.6667
1777359600,2026-04-28 07:00:00,2026-04-28 09:00:00,karup,6.8,295.0,2.35,0.0,1023.46,66.0,1.66667
1777363200,2026-04-28 08:00:00,2026-04-28 10:00:00,karup,9.85,481.0,3.85,0.0,1023.54,48.5,0.0
1777366800,2026-04-28 09:00:00,2026-04-28 11:00:00,karup,11.2,595.0,4.0,0.0,1023.51,42.0,19.1667
1777370400,2026-04-28 10:00:00,2026-04-28 12:00:00,karup,12.25,695.0,3.4,0.0,1023.47,38.0,30.8333
1777374000,2026-04-28 11:00:00,2026-04-28 13:00:00,karup,13.1,742.0,3.5,0.0,1023.21,35.0,23.3333
1777377600,2026-04-28 12:00:00,2026-04-28 14:00:00,karup,13.75,775.0,3.5,0.0,1023.1,34.5,0.0
1777381200,2026-04-28 13:00:00,2026-04-28 15:00:00,karup,14.15,749.0,3.0,0.0,1022.9,33.5,0.0
1777384800,2026-04-28 14:00:00,2026-04-28 16:00:00,karup,14.5,662.0,3.7,0.0,1022.56,34.0,1.66667
1777388400,2026-04-28 15:00:00,2026-04-28 17:00:00,karup,14.65,516.0,3.65,0.0,1022.22,34.5,0.0
1777392000,2026-04-28 16:00:00,2026-04-28 18:00:00,karup,14.4,411.0,4.6,0.0,1022.17,35.0,0.0
1777395600,2026-04-28 17:00:00,2026-04-28 19:00:00,karup,13.75,262.0,4.55,0.0,1022.25,35.0,0.0
1777399200,2026-04-28 18:00:00,2026-04-28 20:00:00,karup,12.7,139.0,4.35,0.0,1022.51,37.0,0.0
1777402800,2026-04-28 19:00:00,2026-04-28 21:00:00,karup,10.75,32.0,3.55,0.0,1022.96,43.5,0.0
1777406400,2026-04-28 20:00:00,2026-04-28 22:00:00,karup,8.75,0.0,2.6,0.0,1023.18,50.5,0.0
1777410000,2026-04-28 21:00:00,2026-04-28 23:00:00,karup,6.7,0.0,1.55,0.0,1023.38,59.5,0.0
1777413600,2026-04-28 22:00:00,2026-04-29 00:00:00,karup,5.45,0.0,0.8,0.0,1023.53,66.0,0.0
1777417200,2026-04-28 23:00:00,2026-04-29 01:00:00,karup,3.4,0.0,0.25,0.0,1023.67,74.0,0.0
1777420800,2026-04-29 00:00:00,2026-04-29 02:00:00,karup,1.65,0.0,0.35,0.0,1023.8,81.5,0.0
1777424400,2026-04-29 01:00:00,2026-04-29 03:00:00,karup,0.35,0.0,0.3,0.0,1023.78,85.5,0.0
1777428000,2026-04-29 02:00:00,2026-04-29 04:00:00,karup,-0.05,0.0,0.3,0.0,1023.88,87.5,0.0
1777431600,2026-04-29 03:00:00,2026-04-29 05:00:00,karup,-0.8,0.0,0.1,0.0,1023.83,89.0,0.0
1777435200,2026-04-29 04:00:00,2026-04-29 06:00:00,karup,-1.15,1.0,0.55,0.0,1024.07,90.5,0.0
1777438800,2026-04-29 05:00:00,2026-04-29 07:00:00,karup,0.05,58.0,0.55,0.0,1024.53,88.0,0.0
1777442400,2026-04-29 06:00:00,2026-04-29 08:00:00,karup,3.9,191.0,0.5,0.0,1024.83,77.5,0.0
1777446000,2026-04-29 07:00:00,2026-04-29 09:00:00,karup,7.9,343.0,1.7,0.0,1024.77,59.5,0.0
1777449600,2026-04-29 08:00:00,2026-04-29 10:00:00,karup,10.25,489.0,2.2,0.0,1024.81,47.0,0.0
1777453200,2026-04-29 09:00:00,2026-04-29 11:00:00,karup,11.8,613.0,2.55,0.0,1024.88,40.0,0.0
1777456800,2026-04-29 10:00:00,2026-04-29 12:00:00,karup,12.85,708.0,2.25,0.0,1024.8,37.5,0.0
1777460400,2026-04-29 11:00:00,2026-04-29 13:00:00,karup,13.85,767.0,1.55,0.0,1024.56,33.5,0.0
1777464000,2026-04-29 12:00:00,2026-04-29 14:00:00,karup,14.95,783.0,2.2,0.0,1024.32,32.5,0.0
1777467600,2026-04-29 13:00:00,2026-04-29 15:00:00,karup,15.5,739.0,2.25,0.0,1024.2,32.0,0.0
1777471200,2026-04-29 14:00:00,2026-04-29 16:00:00,karup,15.95,670.0,3.1,0.0,1024.18,35.0,0.0
1777474800,2026-04-29 15:00:00,2026-04-29 17:00:00,karup,15.75,513.0,3.7,0.0,1024.07,35.5,0.0
1777478400,2026-04-29 16:00:00,2026-04-29 18:00:00,karup,15.35,414.0,4.3,0.0,1024.09,34.0,1.66667
1777482000,2026-04-29 17:00:00,2026-04-29 19:00:00,karup,14.65,271.0,4.3,0.0,1024.13,33.0,0.0
1777485600,2026-04-29 18:00:00,2026-04-29 20:00:00,karup,13.2,144.0,3.95,0.0,1024.27,38.5,0.0
1777489200,2026-04-29 19:00:00,2026-04-29 21:00:00,karup,10.65,30.0,2.55,0.0,1024.66,52.0,0.0
1777492800,2026-04-29 20:00:00,2026-04-29 22:00:00,karup,8.35,0.0,1.45,0.0,1024.93,62.5,0.0
1777496400,2026-04-29 21:00:00,2026-04-29 23:00:00,karup,6.25,0.0,0.85,0.0,1025.04,74.0,0.0
1777500000,2026-04-29 22:00:00,2026-04-30 00:00:00,karup,4.65,0.0,0.55,0.0,1025.21,82.0,0.0
1777503600,2026-04-29 23:00:00,2026-04-30 01:00:00,karup,3.5,0.0,0.75,0.0,1025.32,87.0,0.0
1777507200,2026-04-30 00:00:00,2026-04-30 02:00:00,karup,2.2,0.0,1.25,0.0,1025.26,90.0,0.0
1777510800,2026-04-30 01:00:00,2026-04-30 03:00:00,karup,1.85,0.0,1.35,0.0,1025.46,93.5,0.0
1777514400,2026-04-30 02:00:00,2026-04-30 04:00:00,karup,1.9,0.0,1.3,0.0,1025.57,96.0,8.33333
1777518000,2026-04-30 03:00:00,2026-04-30 05:00:00,karup,2.0,,1.3,0.0,1025.58,97.5,0.0
1777521600,2026-04-30 04:00:00,2026-04-30 06:00:00,karup,2.8,1.0,2.05,0.0,1025.72,99.5,93.3333
1777525200,2026-04-30 05:00:00,2026-04-30 07:00:00,karup,3.85,24.0,2.45,0.0,1025.73,100.0,85.0
1777528800,2026-04-30 06:00:00,2026-04-30 08:00:00,karup,4.75,86.0,2.9,0.0,1025.81,99.0,18.3333
1777532400,2026-04-30 07:00:00,2026-04-30 09:00:00,karup,6.25,285.0,2.9,0.0,1025.64,93.0,0.0
1777536000,2026-04-30 08:00:00,2026-04-30 10:00:00,karup,9.55,488.0,3.5,0.0,1025.44,72.0,0.0
1777539600,2026-04-30 09:00:00,2026-04-30 11:00:00,karup,12.65,615.0,4.3,0.0,1025.26,51.5,0.0
1777543200,2026-04-30 10:00:00,2026-04-30 12:00:00,karup,14.95,707.0,5.2,0.0,1025.07,41.0,0.0
1777546800,2026-04-30 11:00:00,2026-04-30 13:00:00,karup,16.2,769.0,6.2,0.0,1024.94,34.5,0.0
1777550400,2026-04-30 12:00:00,2026-04-30 14:00:00,karup,16.9,784.0,5.8,0.0,1024.74,34.0,0.0
1777554000,2026-04-30 13:00:00,2026-04-30 15:00:00,karup,17.05,756.0,5.35,0.0,1024.47,35.0,0.0
1777557600,2026-04-30 14:00:00,2026-04-30 16:00:00,karup,16.8,683.0,5.6,0.0,1024.13,35.0,0.0
1777561200,2026-04-30 15:00:00,2026-04-30 17:00:00,karup,16.65,550.0,5.25,0.0,1023.88,34.5,0.0
1777564800,2026-04-30 16:00:00,2026-04-30 18:00:00,karup,16.35,443.0,4.5,0.0,1023.68,35.5,0.0
1777568400,2026-04-30 17:00:00,2026-04-30 19:00:00,karup,15.55,299.0,4.3,0.0,1023.45,36.5,0.0
1777572000,2026-04-30 18:00:00,2026-04-30 20:00:00,karup,14.3,150.0,3.15,0.0,1023.45,40.5,0.0
1777575600,2026-04-30 19:00:00,2026-04-30 21:00:00,karup,12.2,34.0,1.95,0.0,1023.62,46.5,0.0
1777579200,2026-04-30 20:00:00,2026-04-30 22:00:00,karup,9.65,0.0,0.95,0.0,1023.58,56.5,0.0
1777582800,2026-04-30 21:00:00,2026-04-30 23:00:00,karup,7.35,0.0,0.5,0.0,1023.47,68.5,0.0
1777586400,2026-04-30 22:00:00,2026-05-01 00:00:00,karup,5.1,0.0,0.6,0.0,1023.42,77.0,0.0
1777590000,2026-04-30 23:00:00,2026-05-01 01:00:00,karup,3.85,0.0,0.65,0.0,1023.24,81.0,0.0
1777593600,2026-05-01 00:00:00,2026-05-01 02:00:00,karup,3.0,0.0,0.6,0.0,1023.01,83.0,0.0
1777597200,2026-05-01 01:00:00,2026-05-01 03:00:00,karup,2.05,0.0,0.4,0.0,1022.87,85.0,0.0
1777600800,2026-05-01 02:00:00,2026-05-01 04:00:00,karup,1.45,0.0,0.4,0.0,1022.63,87.0,0.0
1777604400,2026-05-01 03:00:00,2026-05-01 05:00:00,karup,1.0,0.0,0.4,0.0,1022.29,88.0,0.0
1777608000,2026-05-01 04:00:00,2026-05-01 06:00:00,karup,0.6,2.0,0.6,0.0,1022.22,89.5,0.0
1777611600,2026-05-01 05:00:00,2026-05-01 07:00:00,karup,2.65,67.0,0.6,0.0,1022.2,83.0,0.0
1777615200,2026-05-01 06:00:00,2026-05-01 08:00:00,karup,7.35,200.0,0.75,0.0,1022.1,68.5,0.0
1777618800,2026-05-01 07:00:00,2026-05-01 09:00:00,karup,12.75,351.0,2.6,0.0,1021.91,46.0,0.0
1777622400,2026-05-01 08:00:00,2026-05-01 10:00:00,karup,15.7,493.0,3.95,0.0,1021.71,39.5,0.0
1777626000,2026-05-01 09:00:00,2026-05-01 11:00:00,karup,17.65,619.0,4.35,0.0,1021.37,37.5,0.0
1777629600,2026-05-01 10:00:00,2026-05-01 12:00:00,karup,19.1,714.0,4.35,0.0,1020.97,35.0,0.0
1777633200,2026-05-01 11:00:00,2026-05-01 13:00:00,karup,20.1,771.0,4.2,0.0,1020.54,32.5,0.0
1777636800,2026-05-01 12:00:00,2026-05-01 14:00:00,karup,20.9,787.0,4.15,0.0,1020.04,31.0,0.0
1777640400,2026-05-01 13:00:00,2026-05-01 15:00:00,karup,21.45,759.0,4.2,0.0,1019.33,29.0,0.0
1777644000,2026-05-01 14:00:00,2026-05-01 16:00:00,karup,21.65,689.0,4.6,0.0,1018.63,27.5,0.0
1777647600,2026-05-01 15:00:00,2026-05-01 17:00:00,karup,21.6,557.0,4.8,0.0,1017.97,28.5,0.0
1777651200,2026-05-01 16:00:00,2026-05-01 18:00:00,karup,21.4,448.0,5.25,0.0,1017.42,27.5,0.0
1777654800,2026-05-01 17:00:00,2026-05-01 19:00:00,karup,20.85,303.0,4.6,0.0,1016.75,28.0,0.0
1777658400,2026-05-01 18:00:00,2026-05-01 20:00:00,karup,19.9,152.0,3.4,0.0,1016.29,30.5,0.0
1777662000,2026-05-01 19:00:00,2026-05-01 21:00:00,karup,18.2,35.0,1.85,0.0,1016.28,37.0,0.0
1777665600,2026-05-01 20:00:00,2026-05-01 22:00:00,karup,14.0,0.0,1.2,0.0,1016.1,51.5,0.0
1777669200,2026-05-01 21:00:00,2026-05-01 23:00:00,karup,11.9,0.0,1.55,0.0,1015.59,60.5,0.0
1777672800,2026-05-01 22:00:00,2026-05-02 00:00:00,karup,10.4,0.0,1.55,0.0,1014.93,69.0,0.0
1777676400,2026-05-01 23:00:00,2026-05-02 01:00:00,karup,10.25,0.0,1.7,0.0,1014.26,70.5,0.0
1777680000,2026-05-02 00:00:00,2026-05-02 02:00:00,karup,10.95,0.0,2.3,0.0,1013.53,65.5,0.0
1777683600,2026-05-02 01:00:00,2026-05-02 03:00:00,karup,9.85,0.0,2.5,0.0,1012.72,70.5,0.0
1777687200,2026-05-02 02:00:00,2026-05-02 04:00:00,karup,11.25,0.0,2.85,0.0,1011.94,66.0,0.0
1777690800,2026-05-02 03:00:00,2026-05-02 05:00:00,karup,11.4,0.0,2.65,0.0,1011.16,65.0,0.0
1777694400,2026-05-02 04:00:00,2026-05-02 06:00:00,karup,11.3,2.0,3.2,0.0,1010.5,65.5,0.0
1777698000,2026-05-02 05:00:00,2026-05-02 07:00:00,karup,11.65,68.0,3.05,0.0,1010.17,65.0,0.0
1777701600,2026-05-02 06:00:00,2026-05-02 08:00:00,karup,13.45,200.0,3.35,0.0,1010.01,61.0,0.0
1777705200,2026-05-02 07:00:00,2026-05-02 09:00:00,karup,15.5,349.0,4.25,0.0,1009.7,55.5,0.0
1777708800,2026-05-02 08:00:00,2026-05-02 10:00:00,karup,17.6,493.0,4.45,0.0,1009.33,49.5,0.0
1777712400,2026-05-02 09:00:00,2026-05-02 11:00:00,karup,19.9,618.0,4.85,0.0,1008.92,40.0,0.0
1777716000,2026-05-02 10:00:00,2026-05-02 12:00:00,karup,21.4,706.0,5.75,0.0,1008.45,35.0,0.0
1777719600,2026-05-02 11:00:00,2026-05-02 13:00:00,karup,22.8,,6.7,0.0,1007.91,29.0,0.0
1777723200,2026-05-02 12:00:00,2026-05-02 14:00:00,karup,23.4,774.0,6.4,0.0,1007.33,29.5,0.0
1777726800,2026-05-02 13:00:00,2026-05-02 15:00:00,karup,23.7,749.0,6.7,0.0,1006.83,28.0,8.33333
1777730400,2026-05-02 14:00:00,2026-05-02 16:00:00,karup,23.6,659.0,7.1,0.0,1006.64,27.5,31.6667
1777734000,2026-05-02 15:00:00,2026-05-02 17:00:00,karup,22.6,570.0,7.15,0.0,1006.45,29.0,18.3333
1777737600,2026-05-02 16:00:00,2026-05-02 18:00:00,karup,21.05,388.0,6.5,0.0,1006.27,42.5,87.5
1777741200,2026-05-02 17:00:00,2026-05-02 19:00:00,karup,18.9,172.0,5.65,0.0,1006.05,58.5,93.3333
1777744800,2026-05-02 18:00:00,2026-05-02 20:00:00,karup,17.15,71.0,4.0,0.0,1005.67,67.0,100.0
1777748400,2026-05-02 19:00:00,2026-05-02 21:00:00,karup,16.3,24.0,2.8,0.0,1005.78,69.5,90.0
1777752000,2026-05-02 20:00:00,2026-05-02 22:00:00,karup,15.3,0.0,2.95,0.0,1005.73,74.5,44.1667
1777755600,2026-05-02 21:00:00,2026-05-02 23:00:00,karup,13.8,0.0,3.1,0.0,1005.52,80.5,26.6667
1777759200,2026-05-02 22:00:00,2026-05-03 00:00:00,karup,12.15,0.0,3.25,0.0,1005.6,87.5,93.3333
1777762800,2026-05-02 23:00:00,2026-05-03 01:00:00,karup,10.5,0.0,4.3,0.0,1005.49,91.0,100.0
1777766400,2026-05-03 00:00:00,2026-05-03 02:00:00,karup,10.0,0.0,3.35,0.0,1005.3,93.5,100.0
1777770000,2026-05-03 01:00:00,2026-05-03 03:00:00,karup,10.05,0.0,3.2,0.0,1005.08,96.5,100.0
1777773600,2026-05-03 02:00:00,2026-05-03 04:00:00,karup,10.0,0.0,2.9,0.0,1004.88,97.0,100.0
1777777200,2026-05-03 03:00:00,2026-05-03 05:00:00,karup,9.5,0.0,3.3,0.0,1004.88,97.5,100.0
1777780800,2026-05-03 04:00:00,2026-05-03 06:00:00,karup,9.0,0.0,2.7,0.0,1004.83,98.5,83.3333
1777784400,2026-05-03 05:00:00,2026-05-03 07:00:00,karup,9.05,13.0,2.65,0.0,1004.72,99.0,100.0
1777788000,2026-05-03 06:00:00,2026-05-03 08:00:00,karup,9.3,62.0,2.75,0.0,1004.89,97.5,100.0
1777791600,2026-05-03 07:00:00,2026-05-03 09:00:00,karup,9.45,51.0,2.7,0.0,1004.92,96.5,100.0
1777795200,2026-05-03 08:00:00,2026-05-03 10:00:00,karup,9.55,105.0,2.5,0.0,1005.27,96.5,100.0
1777798800,2026-05-03 09:00:00,2026-05-03 11:00:00,karup,9.85,98.0,2.55,0.0,1005.48,93.5,100.0
1777802400,2026-05-03 10:00:00,2026-05-03 12:00:00,karup,10.35,143.0,3.05,0.0,1005.18,91.0,98.3333
1777806000,2026-05-03 11:00:00,2026-05-03 13:00:00,karup,11.55,376.0,2.55,0.0,1004.69,84.5,71.6667
1777809600,2026-05-03 12:00:00,2026-05-03 14:00:00,karup,12.85,392.0,1.3,0.0,1004.13,79.0,77.5
1777813200,2026-05-03 13:00:00,2026-05-03 15:00:00,karup,14.95,717.0,1.0,0.0,1003.78,69.5,100.0
1777816800,2026-05-03 14:00:00,2026-05-03 16:00:00,karup,15.75,498.0,1.8,0.0,1003.19,65.0,87.5
1777820400,2026-05-03 15:00:00,2026-05-03 17:00:00,karup,15.55,253.0,1.8,0.0,1002.63,67.0,56.6667
1777824000,2026-05-03 16:00:00,2026-05-03 18:00:00,karup,15.2,130.0,1.3,0.0,1002.42,68.0,100.0
1777827600,2026-05-03 17:00:00,2026-05-03 19:00:00,karup,14.3,56.0,2.35,0.0,1002.0,72.5,100.0
1777831200,2026-05-03 18:00:00,2026-05-03 20:00:00,karup,13.05,23.0,1.95,0.1,1001.92,81.5,100.0
1777834800,2026-05-03 19:00:00,2026-05-03 21:00:00,karup,11.5,0.0,2.45,0.55,1001.97,91.5,100.0
1777838400,2026-05-03 20:00:00,2026-05-03 22:00:00,karup,10.5,0.0,2.1,1.05,1001.69,96.0,100.0
1777842000,2026-05-03 21:00:00,2026-05-03 23:00:00,karup,10.0,0.0,1.6,1.0,1001.26,97.0,100.0
1777845600,2026-05-03 22:00:00,2026-05-04 00:00:00,karup,9.75,0.0,1.8,0.35,1001.12,98.0,100.0
1777849200,2026-05-03 23:00:00,2026-05-04 01:00:00,karup,9.5,0.0,2.45,2.9,1001.08,98.5,100.0
1777852800,2026-05-04 00:00:00,2026-05-04 02:00:00,karup,8.8,0.0,3.15,1.85,1001.0,98.5,100.0
1777856400,2026-05-04 01:00:00,2026-05-04 03:00:00,karup,8.3,0.0,2.75,0.25,1001.26,98.0,100.0
1777860000,2026-05-04 02:00:00,2026-05-04 04:00:00,karup,7.75,0.0,3.15,0.25,1001.47,97.5,100.0
1777863600,2026-05-04 03:00:00,2026-05-04 05:00:00,karup,7.25,0.0,3.15,0.05,1001.7,96.0,96.6667
1777867200,2026-05-04 04:00:00,2026-05-04 06:00:00,karup,6.95,1.0,3.25,0.0,1002.12,96.5,39.1667
1777870800,2026-05-04 05:00:00,2026-05-04 07:00:00,karup,6.5,46.0,3.55,0.0,1002.64,95.5,90.0
1777874400,2026-05-04 06:00:00,2026-05-04 08:00:00,karup,7.05,180.0,4.5,0.0,1003.16,91.5,90.0
1777878000,2026-05-04 07:00:00,2026-05-04 09:00:00,karup,7.6,244.0,5.05,0.0,1003.79,86.0,55.0
1777881600,2026-05-04 08:00:00,2026-05-04 10:00:00,karup,8.5,406.0,5.25,0.0,1004.39,80.0,55.8333
1777885200,2026-05-04 09:00:00,2026-05-04 11:00:00,karup,9.55,619.0,5.65,0.0,1004.83,71.5,13.3333
1777888800,2026-05-04 10:00:00,2026-05-04 12:00:00,karup,10.15,523.0,5.55,0.0,1005.11,67.5,5.0
1777892400,2026-05-04 11:00:00,2026-05-04 13:00:00,karup,11.1,745.0,5.55,0.0,1005.33,62.5,39.1667
1777896000,2026-05-04 12:00:00,2026-05-04 14:00:00,karup,11.65,753.0,5.55,0.0,1005.5,61.0,1.66667
1777899600,2026-05-04 13:00:00,2026-05-04 15:00:00,karup,12.15,638.0,5.1,0.0,1005.62,60.5,6.66667
1777903200,2026-05-04 14:00:00,2026-05-04 16:00:00,karup,12.4,681.0,5.4,0.0,1005.63,59.5,10.8333
1777906800,2026-05-04 15:00:00,2026-05-04 17:00:00,karup,12.4,593.0,5.15,0.0,1005.72,58.5,20.8333
1777910400,2026-05-04 16:00:00,2026-05-04 18:00:00,karup,11.8,456.0,5.05,0.0,1005.85,60.0,82.5
1777914000,2026-05-04 17:00:00,2026-05-04 19:00:00,karup,10.8,295.0,4.8,0.0,1006.03,65.0,87.5
1777917600,2026-05-04 18:00:00,2026-05-04 20:00:00,karup,9.75,138.0,4.4,0.0,1006.16,69.0,90.0
1777921200,2026-05-04 19:00:00,2026-05-04 21:00:00,karup,8.6,25.0,3.5,0.0,1006.42,74.0,62.5
1777924800,2026-05-04 20:00:00,2026-05-04 22:00:00,karup,7.4,0.0,2.85,0.0,1006.52,79.5,5.83333
1777928400,2026-05-04 21:00:00,2026-05-04 23:00:00,karup,6.05,0.0,2.3,0.0,1006.42,86.5,1.66667
1777932000,2026-05-04 22:00:00,2026-05-05 00:00:00,karup,5.45,0.0,2.2,0.0,1006.34,89.5,0.0
1777935600,2026-05-04 23:00:00,2026-05-05 01:00:00,karup,4.85,0.0,1.85,0.0,1006.23,93.0,15.0
1777939200,2026-05-05 00:00:00,2026-05-05 02:00:00,karup,4.15,0.0,1.6,0.0,1006.28,96.0,14.1667
1777942800,2026-05-05 01:00:00,2026-05-05 03:00:00,karup,3.4,0.0,1.6,0.0,1005.97,97.0,0.0
1777946400,2026-05-05 02:00:00,2026-05-05 04:00:00,karup,3.0,0.0,1.45,0.0,1005.71,98.5,25.0
1777950000,2026-05-05 03:00:00,2026-05-05 05:00:00,karup,3.05,0.0,1.4,0.0,1005.58,99.0,90.0
1777953600,2026-05-05 04:00:00,2026-05-05 06:00:00,karup,3.0,1.0,1.4,0.0,1005.58,99.0,98.3333
1777957200,2026-05-05 05:00:00,2026-05-05 07:00:00,karup,4.05,39.0,1.3,0.0,1005.69,98.5,50.0
1777960800,2026-05-05 06:00:00,2026-05-05 08:00:00,karup,6.0,115.0,1.55,0.0,1005.74,97.5,20.0
1777964400,2026-05-05 07:00:00,2026-05-05 09:00:00,karup,8.1,337.0,3.3,0.0,1005.72,83.0,0.0
1777968000,2026-05-05 08:00:00,2026-05-05 10:00:00,karup,9.0,315.0,3.2,0.0,1005.69,69.0,0.0
1777971600,2026-05-05 09:00:00,2026-05-05 11:00:00,karup,10.15,611.0,2.75,0.0,1005.6,56.5,0.0
1777975200,2026-05-05 10:00:00,2026-05-05 12:00:00,karup,11.35,736.0,2.1,0.0,1005.51,45.5,0.0
1777978800,2026-05-05 11:00:00,2026-05-05 13:00:00,karup,12.4,792.0,1.85,0.0,1005.24,39.5,0.0
1777982400,2026-05-05 12:00:00,2026-05-05 14:00:00,karup,12.95,813.0,2.85,0.0,1004.87,40.0,0.0
1777986000,2026-05-05 13:00:00,2026-05-05 15:00:00,karup,13.4,765.0,2.9,0.0,1004.91,37.5,8.33333
1777989600,2026-05-05 14:00:00,2026-05-05 16:00:00,karup,13.4,587.0,3.4,0.0,1004.89,41.0,89.1667
1777993200,2026-05-05 15:00:00,2026-05-05 17:00:00,karup,13.0,600.0,4.8,0.0,1005.0,39.5,93.3333
1777996800,2026-05-05 16:00:00,2026-05-05 18:00:00,karup,12.05,298.0,4.85,0.0,1005.1,46.0,8.33333
1778000400,2026-05-05 17:00:00,2026-05-05 19:00:00,karup,11.6,274.0,4.65,0.0,1005.19,50.5,0.0
1778004000,2026-05-05 18:00:00,2026-05-05 20:00:00,karup,10.2,167.0,3.85,0.0,1005.42,57.5,67.5
1778007600,2026-05-05 19:00:00,2026-05-05 21:00:00,karup,8.45,34.0,3.0,0.0,1005.71,67.0,95.0
1778011200,2026-05-05 20:00:00,2026-05-05 22:00:00,karup,7.25,0.0,2.7,0.0,1005.97,71.5,90.0
1778014800,2026-05-05 21:00:00,2026-05-05 23:00:00,karup,6.45,0.0,1.95,0.0,1006.06,71.0,48.3333
1778018400,2026-05-05 22:00:00,2026-05-06 00:00:00,karup,5.05,0.0,1.85,0.0,1006.03,73.5,55.0
1778022000,2026-05-05 23:00:00,2026-05-06 01:00:00,karup,4.2,0.0,1.85,0.0,1005.88,78.0,35.0
1778025600,2026-05-06 00:00:00,2026-05-06 02:00:00,karup,4.0,0.0,1.1,0.0,1005.65,81.0,0.0
1778029200,2026-05-06 01:00:00,2026-05-06 03:00:00,karup,2.3,0.0,1.1,0.0,1005.67,87.5,0.0
1778032800,2026-05-06 02:00:00,2026-05-06 04:00:00,karup,1.55,0.0,0.15,0.0,1005.81,91.0,5.0
1778036400,2026-05-06 03:00:00,2026-05-06 05:00:00,karup,0.7,0.0,0.65,0.0,1005.58,94.0,89.1667
1778040000,2026-05-06 04:00:00,2026-05-06 06:00:00,karup,1.65,5.0,0.55,0.0,1005.24,94.0,100.0
1778043600,2026-05-06 05:00:00,2026-05-06 07:00:00,karup,2.9,94.0,0.65,0.0,1005.16,92.0,91.6667
1778047200,2026-05-06 06:00:00,2026-05-06 08:00:00,karup,5.55,169.0,0.7,0.0,1005.15,84.0,70.8333
1778050800,2026-05-06 07:00:00,2026-05-06 09:00:00,karup,7.85,355.0,2.6,0.0,1005.2,73.5,5.83333
1778054400,2026-05-06 08:00:00,2026-05-06 10:00:00,karup,9.5,493.0,2.8,0.0,1005.3,56.0,0.0
1778058000,2026-05-06 09:00:00,2026-05-06 11:00:00,karup,10.5,637.0,2.55,0.0,1005.25,51.0,11.6667
1778061600,2026-05-06 10:00:00,2026-05-06 12:00:00,karup,11.45,761.0,2.6,0.0,1005.07,45.5,20.0
1778065200,2026-05-06 11:00:00,2026-05-06 13:00:00,karup,12.2,779.0,2.5,0.0,1004.9,42.0,10.0
1778068800,2026-05-06 12:00:00,2026-05-06 14:00:00,karup,12.85,763.0,2.55,0.0,1004.77,41.0,21.6667
1778072400,2026-05-06 13:00:00,2026-05-06 15:00:00,karup,13.35,783.0,2.35,0.0,1004.61,39.5,23.3333
1778076000,2026-05-06 14:00:00,2026-05-06 16:00:00,karup,13.7,666.0,1.6,0.0,1004.49,39.0,50.0
1778079600,2026-05-06 15:00:00,2026-05-06 17:00:00,karup,13.5,328.0,2.55,0.0,1004.42,39.5,36.6667
1778083200,2026-05-06 16:00:00,2026-05-06 18:00:00,karup,13.3,92.0,3.3,0.0,1004.46,42.0,5.0
1778086800,2026-05-06 17:00:00,2026-05-06 19:00:00,karup,12.6,72.0,4.15,0.0,1004.82,44.0,5.83333
1778090400,2026-05-06 18:00:00,2026-05-06 20:00:00,karup,11.15,131.0,5.3,0.0,1005.32,47.5,3.33333
1778094000,2026-05-06 19:00:00,2026-05-06 21:00:00,karup,9.4,58.0,4.25,0.0,1006.01,50.0,45.8333
1778097600,2026-05-06 20:00:00,2026-05-06 22:00:00,karup,7.75,0.0,2.85,0.0,1006.38,54.5,91.6667
1778101200,2026-05-06 21:00:00,2026-05-06 23:00:00,karup,6.85,0.0,1.8,0.0,1006.66,55.5,61.6667
1778104800,2026-05-06 22:00:00,2026-05-07 00:00:00,karup,6.45,0.0,1.3,0.0,1006.98,55.0,90.8333
1778108400,2026-05-06 23:00:00,2026-05-07 01:00:00,karup,5.5,0.0,1.7,0.0,1007.06,60.5,35.8333
1778112000,2026-05-07 00:00:00,2026-05-07 02:00:00,karup,4.25,0.0,1.55,0.0,1007.17,65.5,24.1667
1778115600,2026-05-07 01:00:00,2026-05-07 03:00:00,karup,3.7,0.0,0.95,0.0,1007.37,70.5,13.3333
1778119200,2026-05-07 02:00:00,2026-05-07 04:00:00,karup,2.95,0.0,0.45,0.0,1007.62,73.5,10.0
1778122800,2026-05-07 03:00:00,2026-05-07 05:00:00,karup,1.75,0.0,0.5,0.0,1007.88,80.5,40.0
1778126400,2026-05-07 04:00:00,2026-05-07 06:00:00,karup,1.55,8.0,0.3,0.0,1008.04,84.0,1.66667
1778130000,2026-05-07 05:00:00,2026-05-07 07:00:00,karup,2.65,104.0,0.6,0.0,1008.41,81.0,0.0
1778133600,2026-05-07 06:00:00,2026-05-07 08:00:00,karup,5.2,164.0,0.5,0.0,1008.83,73.5,6.66667
1778137200,2026-05-07 07:00:00,2026-05-07 09:00:00,karup,8.45,376.0,1.25,0.0,1009.09,64.0,0.0
1778140800,2026-05-07 08:00:00,2026-05-07 10:00:00,karup,10.1,508.0,1.3,0.0,1009.59,62.5,0.0
1778144400,2026-05-07 09:00:00,2026-05-07 11:00:00,karup,11.4,619.0,1.35,0.0,1009.71,59.5,0.0
1778148000,2026-05-07 10:00:00,2026-05-07 12:00:00,karup,12.4,426.0,1.45,0.0,1009.94,56.0,0.0
1778151600,2026-05-07 11:00:00,2026-05-07 13:00:00,karup,13.1,237.0,1.75,0.0,1009.98,53.0,29.1667
1778155200,2026-05-07 12:00:00,2026-05-07 14:00:00,karup,14.0,361.0,2.25,0.0,1010.05,48.0,54.1667
1778158800,2026-05-07 13:00:00,2026-05-07 15:00:00,karup,14.35,524.0,2.4,0.0,1010.18,46.5,93.3333
1778162400,2026-05-07 14:00:00,2026-05-07 16:00:00,karup,14.2,216.0,2.4,0.0,1010.19,47.5,100.0
1778166000,2026-05-07 15:00:00,2026-05-07 17:00:00,karup,13.65,193.0,2.0,0.0,1010.37,49.5,100.0
1778169600,2026-05-07 16:00:00,2026-05-07 18:00:00,karup,13.3,96.0,2.6,0.0,1010.58,53.5,100.0
1778173200,2026-05-07 17:00:00,2026-05-07 19:00:00,karup,13.0,56.0,2.6,0.0,1010.87,57.5,100.0
1778176800,2026-05-07 18:00:00,2026-05-07 20:00:00,karup,12.75,58.0,1.85,0.0,1011.24,58.5,100.0
1778180400,2026-05-07 19:00:00,2026-05-07 21:00:00,karup,12.25,22.0,1.2,0.0,1011.88,59.0,100.0
1778184000,2026-05-07 20:00:00,2026-05-07 22:00:00,karup,11.45,0.0,1.0,0.0,1012.42,58.0,100.0
1778187600,2026-05-07 21:00:00,2026-05-07 23:00:00,karup,10.2,0.0,1.1,0.0,1012.76,60.5,100.0
1778191200,2026-05-07 22:00:00,2026-05-08 00:00:00,karup,9.6,0.0,0.15,0.0,1013.04,66.5,100.0
1778194800,2026-05-07 23:00:00,2026-05-08 01:00:00,karup,8.8,0.0,0.45,0.0,1013.28,73.5,100.0
1778198400,2026-05-08 00:00:00,2026-05-08 02:00:00,karup,8.15,0.0,0.35,0.0,1013.4,76.0,90.0
1778202000,2026-05-08 01:00:00,2026-05-08 03:00:00,karup,6.55,0.0,0.35,0.0,1013.59,81.5,82.5
1778205600,2026-05-08 02:00:00,2026-05-08 04:00:00,karup,5.15,0.0,0.15,0.0,1013.81,86.5,93.3333
1778209200,2026-05-08 03:00:00,2026-05-08 05:00:00,karup,5.15,0.0,0.4,0.0,1014.1,87.0,95.0
1778212800,2026-05-08 04:00:00,2026-05-08 06:00:00,karup,4.8,7.0,0.55,0.0,1014.29,88.0,90.0
1778216400,2026-05-08 05:00:00,2026-05-08 07:00:00,karup,6.1,40.0,0.85,0.0,1014.57,85.5,91.6667
1778220000,2026-05-08 06:00:00,2026-05-08 08:00:00,karup,8.2,112.0,1.3,0.0,1014.9,78.5,96.6667
1778223600,2026-05-08 07:00:00,2026-05-08 09:00:00,karup,12.3,,3.1,0.0,1015.21,62.0,56.6667
1778227200,2026-05-08 08:00:00,2026-05-08 10:00:00,karup,14.15,519.0,2.3,0.0,1015.17,50.0,30.8333
1778230800,2026-05-08 09:00:00,2026-05-08 11:00:00,karup,14.55,502.0,3.6,0.0,1015.26,47.5,87.5
1778234400,2026-05-08 10:00:00,2026-05-08 12:00:00,karup,14.65,585.0,2.9,0.0,1015.56,45.5,100.0
1778238000,2026-05-08 11:00:00,2026-05-08 13:00:00,karup,13.85,201.0,2.0,0.0,1015.61,49.0,100.0
1778241600,2026-05-08 12:00:00,2026-05-08 14:00:00,karup,14.45,560.0,1.7,0.0,1015.47,46.0,93.3333
1778245200,2026-05-08 13:00:00,2026-05-08 15:00:00,karup,15.15,721.0,2.45,0.0,1015.27,41.0,93.3333
1778248800,2026-05-08 14:00:00,2026-05-08 16:00:00,karup,15.0,251.0,2.4,0.0,1014.99,40.5,66.6667
1778252400,2026-05-08 15:00:00,2026-05-08 17:00:00,karup,15.35,480.0,2.95,0.0,1014.86,39.0,25.8333
1778256000,2026-05-08 16:00:00,2026-05-08 18:00:00,karup,15.8,476.0,2.5,0.0,1014.82,33.5,11.6667
1778259600,2026-05-08 17:00:00,2026-05-08 19:00:00,karup,15.05,322.0,3.25,0.0,1014.99,34.0,0.0
1778263200,2026-05-08 18:00:00,2026-05-08 20:00:00,karup,14.45,171.0,3.75,0.0,1015.53,40.5,0.0
1778266800,2026-05-08 19:00:00,2026-05-08 21:00:00,karup,12.85,46.0,3.35,0.0,1016.22,44.0,0.0
1778270400,2026-05-08 20:00:00,2026-05-08 22:00:00,karup,10.5,0.0,2.1,0.0,1016.78,48.5,0.0
1778274000,2026-05-08 21:00:00,2026-05-08 23:00:00,karup,8.6,0.0,1.45,0.0,1017.13,52.5,0.0
1778277600,2026-05-08 22:00:00,2026-05-09 00:00:00,karup,5.4,0.0,1.2,0.0,1017.28,68.0,0.0
1778281200,2026-05-08 23:00:00,2026-05-09 01:00:00,karup,3.95,0.0,1.35,0.0,1017.25,74.5,0.0
1778284800,2026-05-09 00:00:00,2026-05-09 02:00:00,karup,3.05,0.0,1.5,0.0,1017.28,77.5,0.0
1778288400,2026-05-09 01:00:00,2026-05-09 03:00:00,karup,2.85,0.0,1.35,0.0,1017.21,78.0,0.0
1778292000,2026-05-09 02:00:00,2026-05-09 04:00:00,karup,1.8,0.0,1.35,0.0,1017.17,83.0,0.0
1778295600,2026-05-09 03:00:00,2026-05-09 05:00:00,karup,1.35,0.0,1.55,0.0,1017.02,86.5,0.0
1778299200,2026-05-09 04:00:00,2026-05-09 06:00:00,karup,1.65,11.0,1.9,0.0,1016.81,87.0,0.0
1778302800,2026-05-09 05:00:00,2026-05-09 07:00:00,karup,3.55,100.0,1.75,0.0,1016.83,80.5,0.0
1778306400,2026-05-09 06:00:00,2026-05-09 08:00:00,karup,7.2,241.0,1.8,0.0,1016.78,72.5,0.0
1778310000,2026-05-09 07:00:00,2026-05-09 09:00:00,karup,10.25,377.0,3.0,0.0,1016.68,57.0,0.0
1778313600,2026-05-09 08:00:00,2026-05-09 10:00:00,karup,12.05,526.0,3.1,0.0,1016.55,40.0,0.0
1778317200,2026-05-09 09:00:00,2026-05-09 11:00:00,karup,13.3,657.0,3.35,0.0,1016.42,30.0,0.0
1778320800,2026-05-09 10:00:00,2026-05-09 12:00:00,karup,14.15,748.0,4.0,0.0,1015.97,28.0,0.0
1778324400,2026-05-09 11:00:00,2026-05-09 13:00:00,karup,14.75,817.0,4.35,0.0,1015.48,24.0,0.0
1778328000,2026-05-09 12:00:00,2026-05-09 14:00:00,karup,15.1,774.0,3.95,0.0,1014.96,21.5,0.0
1778331600,2026-05-09 13:00:00,2026-05-09 15:00:00,karup,15.35,805.0,3.7,0.0,1014.37,20.0,0.0
1778335200,2026-05-09 14:00:00,2026-05-09 16:00:00,karup,15.65,733.0,3.6,0.0,1013.72,21.0,0.0
1778338800,2026-05-09 15:00:00,2026-05-09 17:00:00,karup,15.8,623.0,2.15,0.0,1013.08,20.0,0.0
1778342400,2026-05-09 16:00:00,2026-05-09 18:00:00,karup,16.05,482.0,2.25,0.0,1012.37,23.0,0.0
1778346000,2026-05-09 17:00:00,2026-05-09 19:00:00,karup,15.95,329.0,2.25,0.0,1011.88,26.0,0.0
1778349600,2026-05-09 18:00:00,2026-05-09 20:00:00,karup,15.0,178.0,2.95,0.0,1011.91,33.0,0.0
1778353200,2026-05-09 19:00:00,2026-05-09 21:00:00,karup,13.0,57.0,3.1,0.0,1012.29,44.5,0.0
1778356800,2026-05-09 20:00:00,2026-05-09 22:00:00,karup,10.9,0.0,1.2,0.0,1012.45,52.0,0.0
1778360400,2026-05-09 21:00:00,2026-05-09 23:00:00,karup,7.8,0.0,1.0,0.0,1012.33,66.0,0.0
1778364000,2026-05-09 22:00:00,2026-05-10 00:00:00,karup,6.3,0.0,1.05,0.0,1012.01,73.0,0.0
1778367600,2026-05-09 23:00:00,2026-05-10 01:00:00,karup,4.3,0.0,0.35,0.0,1011.32,80.5,0.0
1778371200,2026-05-10 00:00:00,2026-05-10 02:00:00,karup,3.25,0.0,0.5,0.0,1010.67,85.5,0.0
1778374800,2026-05-10 01:00:00,2026-05-10 03:00:00,karup,2.1,0.0,0.45,0.0,1010.33,87.5,3.33333
1778378400,2026-05-10 02:00:00,2026-05-10 04:00:00,karup,1.7,0.0,0.5,0.0,1010.03,90.5,10.8333
1778382000,2026-05-10 03:00:00,2026-05-10 05:00:00,karup,1.45,0.0,0.55,0.0,1009.75,90.0,21.6667
1778385600,2026-05-10 04:00:00,2026-05-10 06:00:00,karup,1.4,8.0,0.55,0.0,1009.42,92.0,85.8333
1778389200,2026-05-10 05:00:00,2026-05-10 07:00:00,karup,3.2,58.0,0.8,0.0,1009.01,93.0,50.0
1778392800,2026-05-10 06:00:00,2026-05-10 08:00:00,karup,6.35,100.0,1.05,0.0,1008.83,90.5,10.0
1778396400,2026-05-10 07:00:00,2026-05-10 09:00:00,karup,8.8,264.0,3.3,0.0,1008.72,84.0,59.1667
1778400000,2026-05-10 08:00:00,2026-05-10 10:00:00,karup,9.95,431.0,4.7,0.0,1008.8,73.5,90.0
1778403600,2026-05-10 09:00:00,2026-05-10 11:00:00,karup,9.55,329.0,5.45,0.0,1008.61,70.0,90.0
1778407200,2026-05-10 10:00:00,2026-05-10 12:00:00,karup,10.0,554.0,5.4,0.0,1008.19,63.5,70.0
1778410800,2026-05-10 11:00:00,2026-05-10 13:00:00,karup,10.4,548.0,5.35,0.0,1007.69,57.0,70.0
1778414400,2026-05-10 12:00:00,2026-05-10 14:00:00,karup,10.75,720.0,5.2,0.0,1007.14,52.5,22.5
1778418000,2026-05-10 13:00:00,2026-05-10 15:00:00,karup,11.05,600.0,5.0,0.0,1006.61,49.5,32.5
1778421600,2026-05-10 14:00:00,2026-05-10 16:00:00,karup,10.8,400.0,5.0,0.0,1006.29,49.0,24.1667
1778425200,2026-05-10 15:00:00,2026-05-10 17:00:00,karup,11.1,645.0,5.35,0.0,1005.89,46.0,42.5
1778428800,2026-05-10 16:00:00,2026-05-10 18:00:00,karup,10.3,458.0,5.25,0.0,1005.29,47.0,53.3333
1778432400,2026-05-10 17:00:00,2026-05-10 19:00:00,karup,9.6,305.0,4.7,0.0,1004.71,50.0,64.1667
1778436000,2026-05-10 18:00:00,2026-05-10 20:00:00,karup,8.65,214.0,4.65,0.0,1004.33,53.5,48.3333
1778439600,2026-05-10 19:00:00,2026-05-10 21:00:00,karup,7.3,57.0,4.1,0.0,1004.08,58.0,1.66667
1778443200,2026-05-10 20:00:00,2026-05-10 22:00:00,karup,5.0,1.0,2.25,0.0,1003.83,68.0,0.0
1778446800,2026-05-10 21:00:00,2026-05-10 23:00:00,karup,4.15,0.0,1.75,0.0,1003.14,72.5,0.0
1778450400,2026-05-10 22:00:00,2026-05-11 00:00:00,karup,2.15,0.0,1.3,0.0,1002.45,81.0,18.3333
1778454000,2026-05-10 23:00:00,2026-05-11 01:00:00,karup,1.2,0.0,1.75,0.0,1001.98,85.5,14.1667
1778457600,2026-05-11 00:00:00,2026-05-11 02:00:00,karup,0.7,0.0,1.4,0.0,1001.37,89.0,89.1667
1778461200,2026-05-11 01:00:00,2026-05-11 03:00:00,karup,0.35,0.0,1.25,0.0,1000.45,91.5,90.8333
1778464800,2026-05-11 02:00:00,2026-05-11 04:00:00,karup,-0.1,0.0,1.25,0.0,999.367,93.0,100.0
1778468400,2026-05-11 03:00:00,2026-05-11 05:00:00,karup,-0.15,0.0,1.25,0.0,998.475,93.5,100.0
1778472000,2026-05-11 04:00:00,2026-05-11 06:00:00,karup,-0.1,9.0,0.65,0.0,997.858,93.0,100.0
1778475600,2026-05-11 05:00:00,2026-05-11 07:00:00,karup,0.75,57.0,1.45,0.0,997.333,92.0,85.8333
1778479200,2026-05-11 06:00:00,2026-05-11 08:00:00,karup,3.85,189.0,1.5,0.0,996.683,82.0,85.0
1778482800,2026-05-11 07:00:00,2026-05-11 09:00:00,karup,6.55,323.0,2.1,0.0,996.175,69.5,90.0
1778486400,2026-05-11 08:00:00,2026-05-11 10:00:00,karup,7.85,504.0,1.85,0.0,995.508,61.0,93.3333
1778490000,2026-05-11 09:00:00,2026-05-11 11:00:00,karup,8.6,238.0,1.0,0.0,994.858,54.5,91.6667
1778493600,2026-05-11 10:00:00,2026-05-11 12:00:00,karup,8.95,334.0,1.75,0.0,994.467,52.0,96.6667
1778497200,2026-05-11 11:00:00,2026-05-11 13:00:00,karup,9.5,328.0,2.3,0.0,994.133,47.5,95.0
1778500800,2026-05-11 12:00:00,2026-05-11 14:00:00,karup,10.15,621.0,2.65,0.0,993.65,43.0,90.0
1778504400,2026-05-11 13:00:00,2026-05-11 15:00:00,karup,11.05,588.0,1.7,0.0,993.217,39.5,91.6667
1778508000,2026-05-11 14:00:00,2026-05-11 16:00:00,karup,11.35,525.0,2.05,0.0,992.975,39.0,90.0
1778511600,2026-05-11 15:00:00,2026-05-11 17:00:00,karup,11.05,156.0,1.9,0.0,993.1,40.0,93.3333
1778515200,2026-05-11 16:00:00,2026-05-11 18:00:00,karup,10.65,98.0,3.15,0.0,993.308,47.0,93.3333
1778518800,2026-05-11 17:00:00,2026-05-11 19:00:00,karup,10.35,68.0,3.65,0.0,993.617,52.0,93.3333
1778522400,2026-05-11 18:00:00,2026-05-11 20:00:00,karup,9.85,41.0,4.4,0.0,994.05,53.5,93.3333
1778526000,2026-05-11 19:00:00,2026-05-11 21:00:00,karup,9.05,26.0,4.1,0.0,994.433,59.5,90.0
1778529600,2026-05-11 20:00:00,2026-05-11 22:00:00,karup,8.05,1.0,3.35,0.0,994.9,66.0,95.0
1778533200,2026-05-11 21:00:00,2026-05-11 23:00:00,karup,7.45,0.0,2.7,0.0,995.217,68.5,100.0
1778536800,2026-05-11 22:00:00,2026-05-12 00:00:00,karup,6.95,0.0,2.75,0.0,995.408,75.0,100.0
1778540400,2026-05-11 23:00:00,2026-05-12 01:00:00,karup,6.55,0.0,2.6,0.0,995.55,75.0,100.0
1778544000,2026-05-12 00:00:00,2026-05-12 02:00:00,karup,5.9,0.0,2.6,0.0,995.7,78.0,96.6667
1778547600,2026-05-12 01:00:00,2026-05-12 03:00:00,karup,5.3,0.0,2.7,0.0,995.867,83.5,67.5
1778551200,2026-05-12 02:00:00,2026-05-12 04:00:00,karup,4.1,0.0,2.6,0.0,995.975,90.0,18.3333
1778554800,2026-05-12 03:00:00,2026-05-12 05:00:00,karup,3.35,0.0,2.3,0.0,996.158,91.0,5.0
1778558400,2026-05-12 04:00:00,2026-05-12 06:00:00,karup,3.0,13.0,2.1,0.0,996.342,92.0,0.0
1778562000,2026-05-12 05:00:00,2026-05-12 07:00:00,karup,4.2,101.0,2.4,0.0,996.658,90.0,0.0
1778565600,2026-05-12 06:00:00,2026-05-12 08:00:00,karup,7.45,240.0,3.5,0.0,996.908,82.0,15.0
1778569200,2026-05-12 07:00:00,2026-05-12 09:00:00,karup,9.45,379.0,4.35,0.0,997.258,78.0,38.3333
1778572800,2026-05-12 08:00:00,2026-05-12 10:00:00,karup,10.4,316.0,4.4,0.0,997.625,66.0,47.5
1778576400,2026-05-12 09:00:00,2026-05-12 11:00:00,karup,10.95,342.0,4.1,0.0,997.833,59.5,87.5
1778580000,2026-05-12 10:00:00,2026-05-12 12:00:00,karup,11.05,243.0,4.25,0.0,997.667,61.0,86.6667
1778583600,2026-05-12 11:00:00,2026-05-12 13:00:00,karup,11.7,491.0,4.65,0.0,997.642,59.0,93.3333
1778587200,2026-05-12 12:00:00,2026-05-12 14:00:00,karup,11.5,183.0,4.95,0.0,997.733,58.5,57.5
1778590800,2026-05-12 13:00:00,2026-05-12 15:00:00,karup,11.45,184.0,4.5,0.0,997.542,60.5,44.1667
1778594400,2026-05-12 14:00:00,2026-05-12 16:00:00,karup,12.0,213.0,5.2,0.0,997.417,56.5,41.6667
1778598000,2026-05-12 15:00:00,2026-05-12 17:00:00,karup,11.25,325.0,5.75,0.0,997.575,61.0,63.3333
1778601600,2026-05-12 16:00:00,2026-05-12 18:00:00,karup,10.5,236.0,6.65,0.0,997.842,61.0,87.5
1778605200,2026-05-12 17:00:00,2026-05-12 19:00:00,karup,9.05,239.0,6.45,0.0,997.933,67.5,90.0
1778608800,2026-05-12 18:00:00,2026-05-12 20:00:00,karup,8.0,,5.1,0.0,997.864,69.0,98.3333
1778612400,2026-05-12 19:00:00,2026-05-12 21:00:00,karup,7.4,25.0,3.9,0.0,997.45,68.0,100.0
1778616000,2026-05-12 20:00:00,2026-05-12 22:00:00,karup,6.75,2.0,2.25,0.0,996.833,70.0,100.0
1778619600,2026-05-12 21:00:00,2026-05-12 23:00:00,karup,6.35,0.0,1.5,0.0,996.15,70.5,100.0
1778623200,2026-05-12 22:00:00,2026-05-13 00:00:00,karup,5.95,0.0,1.15,0.0,995.508,74.5,100.0
1778626800,2026-05-12 23:00:00,2026-05-13 01:00:00,karup,5.45,0.0,1.55,0.0,994.858,78.0,100.0
1778630400,2026-05-13 00:00:00,2026-05-13 02:00:00,karup,5.25,0.0,1.7,0.0,994.017,80.0,96.6667
1778634000,2026-05-13 01:00:00,2026-05-13 03:00:00,karup,5.0,0.0,1.9,0.0,993.458,82.0,98.3333
1778637600,2026-05-13 02:00:00,2026-05-13 04:00:00,karup,5.2,0.0,1.65,0.0,992.917,82.5,100.0
1778641200,2026-05-13 03:00:00,2026-05-13 05:00:00,karup,5.0,0.0,1.35,0.0,992.392,86.5,96.6667
1778644800,2026-05-13 04:00:00,2026-05-13 06:00:00,karup,5.2,2.0,1.25,0.0,992.192,87.0,98.3333
1778648400,2026-05-13 05:00:00,2026-05-13 07:00:00,karup,5.7,17.0,1.7,0.0,992.008,88.5,100.0
1778652000,2026-05-13 06:00:00,2026-05-13 08:00:00,karup,6.35,60.0,1.35,0.0,991.783,89.0,100.0
1778655600,2026-05-13 07:00:00,2026-05-13 09:00:00,karup,7.2,99.0,0.75,0.0,991.767,87.0,100.0
1778659200,2026-05-13 08:00:00,2026-05-13 10:00:00,karup,7.85,111.0,0.85,0.0,991.575,82.0,100.0
1778662800,2026-05-13 09:00:00,2026-05-13 11:00:00,karup,8.2,171.0,1.55,0.0,991.342,79.0,100.0
1778666400,2026-05-13 10:00:00,2026-05-13 12:00:00,karup,8.2,392.0,1.3,2.2,991.075,81.0,100.0
1778670000,2026-05-13 11:00:00,2026-05-13 13:00:00,karup,8.55,399.0,1.45,2.15,990.825,78.5,100.0
1778673600,2026-05-13 12:00:00,2026-05-13 14:00:00,karup,9.0,238.0,2.3,0.5,990.783,74.5,93.3333
1778677200,2026-05-13 13:00:00,2026-05-13 15:00:00,karup,9.1,201.0,2.75,0.0,990.583,77.0,100.0
1778680800,2026-05-13 14:00:00,2026-05-13 16:00:00,karup,9.35,286.0,2.2,0.0,990.383,74.5,91.6667
1778684400,2026-05-13 15:00:00,2026-05-13 17:00:00,karup,9.6,487.0,3.1,0.0,990.267,73.0,98.3333
1778688000,2026-05-13 16:00:00,2026-05-13 18:00:00,karup,8.8,133.0,2.15,1.25,990.267,77.0,100.0
1778691600,2026-05-13 17:00:00,2026-05-13 19:00:00,karup,6.7,43.0,1.9,1.95,990.117,90.5,93.3333
1778695200,2026-05-13 18:00:00,2026-05-13 20:00:00,karup,7.3,79.0,2.25,0.25,989.958,90.0,95.0
1778698800,2026-05-13 19:00:00,2026-05-13 21:00:00,karup,6.85,13.0,1.65,0.0,989.608,89.5,100.0
1778702400,2026-05-13 20:00:00,2026-05-13 22:00:00,karup,6.8,0.0,1.85,0.0,989.433,91.5,80.0
1778706000,2026-05-13 21:00:00,2026-05-13 23:00:00,karup,6.3,0.0,2.1,0.0,989.075,94.0,98.3333
1778709600,2026-05-13 22:00:00,2026-05-14 00:00:00,karup,5.25,0.0,1.15,0.0,988.633,95.5,68.3333
1778713200,2026-05-13 23:00:00,2026-05-14 01:00:00,karup,3.85,0.0,0.85,0.0,988.083,97.5,87.5
1778716800,2026-05-14 00:00:00,2026-05-14 02:00:00,karup,3.15,0.0,0.9,0.0,987.558,98.0,100.0
1778720400,2026-05-14 01:00:00,2026-05-14 03:00:00,karup,3.25,0.0,1.15,0.0,987.083,98.0,98.3333
1778724000,2026-05-14 02:00:00,2026-05-14 04:00:00,karup,3.9,0.0,2.0,0.0,986.533,98.0,44.1667
1778727600,2026-05-14 03:00:00,2026-05-14 05:00:00,karup,3.3,0.0,1.95,0.0,986.108,98.0,10.0
1778731200,2026-05-14 04:00:00,2026-05-14 06:00:00,karup,3.4,13.0,2.2,0.0,985.667,98.0,0.0
1778734800,2026-05-14 05:00:00,2026-05-14 07:00:00,karup,5.05,105.0,2.6,0.0,985.342,97.5,6.66667
1778738400,2026-05-14 06:00:00,2026-05-14 08:00:00,karup,6.9,204.0,2.9,0.0,984.958,91.0,70.0
1778742000,2026-05-14 07:00:00,2026-05-14 09:00:00,karup,8.35,318.0,4.05,0.0,984.833,86.5,41.6667
1778745600,2026-05-14 08:00:00,2026-05-14 10:00:00,karup,9.2,220.0,5.0,0.0,984.758,78.0,65.0
1778749200,2026-05-14 09:00:00,2026-05-14 11:00:00,karup,9.4,504.0,6.2,0.0,985.025,74.5,96.6667
1778752800,2026-05-14 10:00:00,2026-05-14 12:00:00,karup,8.85,368.0,4.7,0.75,985.175,82.0,90.0
1778756400,2026-05-14 11:00:00,2026-05-14 13:00:00,karup,8.35,166.0,5.05,0.95,985.208,86.5,87.5
1778760000,2026-05-14 12:00:00,2026-05-14 14:00:00,karup,9.85,380.0,6.2,0.05,985.425,76.5,54.1667
1778763600,2026-05-14 13:00:00,2026-05-14 15:00:00,karup,10.2,340.0,6.1,0.0,985.642,72.0,65.8333
1778767200,2026-05-14 14:00:00,2026-05-14 16:00:00,karup,10.55,416.0,6.55,0.1,985.842,67.5,43.3333
1778770800,2026-05-14 15:00:00,2026-05-14 17:00:00,karup,10.85,453.0,6.65,0.0,986.142,61.5,85.0
1778774400,2026-05-14 16:00:00,2026-05-14 18:00:00,karup,10.05,270.0,6.55,0.0,986.367,65.0,81.6667
1778778000,2026-05-14 17:00:00,2026-05-14 19:00:00,karup,9.65,164.0,5.85,0.0,986.6,65.5,95.0
1778781600,2026-05-14 18:00:00,2026-05-14 20:00:00,karup,8.35,84.0,4.5,1.1,987.1,76.0,91.6667
1778785200,2026-05-14 19:00:00,2026-05-14 21:00:00,karup,7.2,4.0,4.2,0.25,987.417,85.5,70.8333
1778788800,2026-05-14 20:00:00,2026-05-14 22:00:00,karup,6.5,0.0,3.2,0.1,987.692,89.5,90.0
1778792400,2026-05-14 21:00:00,2026-05-14 23:00:00,karup,6.25,0.0,3.2,0.0,987.783,92.0,90.0
1778796000,2026-05-14 22:00:00,2026-05-15 00:00:00,karup,5.75,0.0,3.15,0.0,987.892,92.0,93.3333
1778799600,2026-05-14 23:00:00,2026-05-15 01:00:00,karup,5.65,0.0,3.35,0.25,987.892,93.0,91.6667
1778803200,2026-05-15 00:00:00,2026-05-15 02:00:00,karup,5.5,0.0,3.35,0.0,987.792,92.0,90.8333
1778806800,2026-05-15 01:00:00,2026-05-15 03:00:00,karup,5.45,0.0,3.5,0.0,987.858,92.5,75.8333
1778810400,2026-05-15 02:00:00,2026-05-15 04:00:00,karup,5.6,0.0,3.7,0.0,987.917,91.0,90.0
1778814000,2026-05-15 03:00:00,2026-05-15 05:00:00,karup,5.65,0.0,3.45,0.0,987.992,88.5,90.0
1778817600,2026-05-15 04:00:00,2026-05-15 06:00:00,karup,5.3,5.0,4.45,0.05,988.133,89.0,91.6667
1778821200,2026-05-15 05:00:00,2026-05-15 07:00:00,karup,5.5,48.0,4.65,0.0,988.192,90.0,90.0
1778824800,2026-05-15 06:00:00,2026-05-15 08:00:00,karup,6.05,87.0,5.05,0.0,988.258,88.0,95.0
1778828400,2026-05-15 07:00:00,2026-05-15 09:00:00,karup,6.9,193.0,5.6,0.0,988.383,85.5,90.0
1778832000,2026-05-15 08:00:00,2026-05-15 10:00:00,karup,8.0,301.0,6.35,0.0,988.567,81.0,90.0
1778835600,2026-05-15 09:00:00,2026-05-15 11:00:00,karup,8.9,304.0,7.05,0.0,988.892,77.0,91.6667
1778839200,2026-05-15 10:00:00,2026-05-15 12:00:00,karup,8.9,494.0,6.65,0.4,988.933,82.0,90.0
1778842800,2026-05-15 11:00:00,2026-05-15 13:00:00,karup,9.25,377.0,7.1,0.55,989.108,80.0,90.0
1778846400,2026-05-15 12:00:00,2026-05-15 14:00:00,karup,9.5,661.0,6.9,0.95,989.233,80.0,95.0
1778850000,2026-05-15 13:00:00,2026-05-15 15:00:00,karup,9.65,334.0,7.3,0.05,989.325,79.5,93.3333
1778853600,2026-05-15 14:00:00,2026-05-15 16:00:00,karup,10.3,374.0,7.45,0.0,989.642,74.5,96.6667
1778857200,2026-05-15 15:00:00,2026-05-15 17:00:00,karup,9.45,217.0,6.65,0.35,989.717,82.0,95.0
1778860800,2026-05-15 16:00:00,2026-05-15 18:00:00,karup,9.2,150.0,5.65,0.2,989.825,85.0,100.0
1778864400,2026-05-15 17:00:00,2026-05-15 19:00:00,karup,8.8,85.0,4.6,0.05,989.983,87.0,100.0
1778868000,2026-05-15 18:00:00,2026-05-15 20:00:00,karup,8.55,40.0,3.8,0.2,990.2,89.0,100.0
1778871600,2026-05-15 19:00:00,2026-05-15 21:00:00,karup,8.0,7.0,3.3,0.95,990.308,93.0,100.0
1778875200,2026-05-15 20:00:00,2026-05-15 22:00:00,karup,7.7,1.0,3.25,0.3,990.25,95.5,100.0
1778878800,2026-05-15 21:00:00,2026-05-15 23:00:00,karup,7.55,0.0,3.05,0.2,990.058,96.0,96.6667
1778882400,2026-05-15 22:00:00,2026-05-16 00:00:00,karup,7.45,0.0,3.35,0.1,989.917,96.5,98.3333
1778886000,2026-05-15 23:00:00,2026-05-16 01:00:00,karup,7.45,0.0,3.45,0.2,989.767,97.0,100.0
1778889600,2026-05-16 00:00:00,2026-05-16 02:00:00,karup,7.55,0.0,3.4,0.5,989.858,97.5,100.0
1778893200,2026-05-16 01:00:00,2026-05-16 03:00:00,karup,7.5,0.0,3.0,0.15,989.9,98.5,100.0
1778896800,2026-05-16 02:00:00,2026-05-16 04:00:00,karup,7.4,0.0,2.75,0.0,989.925,97.5,95.0
1778900400,2026-05-16 03:00:00,2026-05-16 05:00:00,karup,7.2,0.0,2.75,0.1,989.942,98.0,93.3333
1778904000,2026-05-16 04:00:00,2026-05-16 06:00:00,karup,7.1,1.0,2.8,0.6,990.075,97.5,100.0
1778907600,2026-05-16 05:00:00,2026-05-16 07:00:00,karup,7.15,37.0,3.05,0.35,990.25,98.0,100.0
1778911200,2026-05-16 06:00:00,2026-05-16 08:00:00,karup,7.35,72.0,3.75,0.35,990.467,96.5,100.0
1778914800,2026-05-16 07:00:00,2026-05-16 09:00:00,karup,7.85,134.0,4.25,0.2,990.517,94.5,91.6667
1778918400,2026-05-16 08:00:00,2026-05-16 10:00:00,karup,8.75,249.0,5.0,0.0,990.558,90.0,98.3333
1778922000,2026-05-16 09:00:00,2026-05-16 11:00:00,karup,8.9,373.0,5.45,0.05,990.617,85.5,95.0
1778925600,2026-05-16 10:00:00,2026-05-16 12:00:00,karup,8.85,227.0,5.95,0.1,990.633,88.5,95.0
1778929200,2026-05-16 11:00:00,2026-05-16 13:00:00,karup,9.2,287.0,5.05,0.45,991.1,91.0,93.3333
1778932800,2026-05-16 12:00:00,2026-05-16 14:00:00,karup,9.35,318.0,3.45,2.05,991.75,92.5,90.8333
1778936400,2026-05-16 13:00:00,2026-05-16 15:00:00,karup,9.9,239.0,6.2,0.15,992.808,86.0,87.5
1778940000,2026-05-16 14:00:00,2026-05-16 16:00:00,karup,10.25,400.0,6.5,0.1,993.642,80.0,80.0
1778943600,2026-05-16 15:00:00,2026-05-16 17:00:00,karup,10.35,290.0,6.7,0.0,994.175,74.0,88.3333
1778947200,2026-05-16 16:00:00,2026-05-16 18:00:00,karup,10.45,162.0,5.75,0.1,994.633,74.0,63.3333
1778950800,2026-05-16 17:00:00,2026-05-16 19:00:00,karup,10.45,159.0,5.95,0.1,995.517,73.5,17.5
1778954400,2026-05-16 18:00:00,2026-05-16 20:00:00,karup,9.8,120.0,5.8,0.0,996.342,75.0,42.5
1778958000,2026-05-16 19:00:00,2026-05-16 21:00:00,karup,9.0,34.0,4.65,0.25,997.275,80.5,91.6667
1778961600,2026-05-16 20:00:00,2026-05-16 22:00:00,karup,8.6,2.0,4.5,0.1,998.233,86.0,93.3333
1778965200,2026-05-16 21:00:00,2026-05-16 23:00:00,karup,8.1,0.0,3.9,0.0,998.825,87.0,90.0
1778968800,2026-05-16 22:00:00,2026-05-17 00:00:00,karup,7.45,0.0,3.25,0.0,999.258,90.0,95.0
1778972400,2026-05-16 23:00:00,2026-05-17 01:00:00,karup,7.4,0.0,3.15,0.0,999.567,91.5,91.6667
1778976000,2026-05-17 00:00:00,2026-05-17 02:00:00,karup,7.35,0.0,3.4,0.05,1000.03,94.0,98.3333
1778979600,2026-05-17 01:00:00,2026-05-17 03:00:00,karup,7.5,0.0,3.8,0.25,1000.56,95.0,100.0
1778983200,2026-05-17 02:00:00,2026-05-17 04:00:00,karup,7.4,0.0,3.5,0.45,1001.11,96.5,100.0
1778986800,2026-05-17 03:00:00,2026-05-17 05:00:00,karup,7.1,0.0,3.4,0.4,1001.65,95.0,95.0
1778990400,2026-05-17 04:00:00,2026-05-17 06:00:00,karup,6.8,11.0,2.6,0.0,1002.14,96.0,85.0
1778994000,2026-05-17 05:00:00,2026-05-17 07:00:00,karup,6.8,114.0,2.6,0.0,1002.76,95.5,5.83333
1778997600,2026-05-17 06:00:00,2026-05-17 08:00:00,karup,7.8,258.0,3.1,0.0,1003.26,88.5,0.0
1779001200,2026-05-17 07:00:00,2026-05-17 09:00:00,karup,9.25,413.0,4.3,0.0,1003.61,79.5,10.8333
1779004800,2026-05-17 08:00:00,2026-05-17 10:00:00,karup,10.4,491.0,4.35,0.0,1004.0,68.5,17.5
1779008400,2026-05-17 09:00:00,2026-05-17 11:00:00,karup,11.35,531.0,4.35,0.0,1004.26,57.5,59.1667
1779012000,2026-05-17 10:00:00,2026-05-17 12:00:00,karup,11.95,384.0,4.55,0.0,1004.66,52.5,98.3333
1779015600,2026-05-17 11:00:00,2026-05-17 13:00:00,karup,11.85,337.0,4.45,0.0,1004.93,56.0,95.0
1779019200,2026-05-17 12:00:00,2026-05-17 14:00:00,karup,12.25,345.0,4.15,0.0,1004.97,53.5,96.6667
1779022800,2026-05-17 13:00:00,2026-05-17 15:00:00,karup,13.15,533.0,4.7,0.0,1005.11,50.0,95.0
1779026400,2026-05-17 14:00:00,2026-05-17 16:00:00,karup,12.95,172.0,5.3,0.0,1005.23,53.5,100.0
1779030000,2026-05-17 15:00:00,2026-05-17 17:00:00,karup,13.0,194.0,4.7,0.0,1005.17,58.5,95.0
1779033600,2026-05-17 16:00:00,2026-05-17 18:00:00,karup,12.85,102.0,4.4,0.0,1005.44,62.0,100.0
1779037200,2026-05-17 17:00:00,2026-05-17 19:00:00,karup,12.25,67.0,3.7,0.0,1005.77,70.5,100.0
1779040800,2026-05-17 18:00:00,2026-05-17 20:00:00,karup,11.45,82.0,4.1,0.0,1006.08,80.0,100.0
1779044400,2026-05-17 19:00:00,2026-05-17 21:00:00,karup,11.15,35.0,3.5,0.0,1006.58,83.5,100.0
1779048000,2026-05-17 20:00:00,2026-05-17 22:00:00,karup,10.95,1.0,2.6,0.0,1006.83,85.0,96.6667
1779051600,2026-05-17 21:00:00,2026-05-17 23:00:00,karup,10.75,0.0,2.25,0.0,1006.93,85.5,91.6667
1779055200,2026-05-17 22:00:00,2026-05-18 00:00:00,karup,10.4,0.0,2.1,0.0,1006.97,86.5,95.0
1779058800,2026-05-17 23:00:00,2026-05-18 01:00:00,karup,9.95,0.0,2.4,0.0,1006.91,88.5,35.0
1779062400,2026-05-18 00:00:00,2026-05-18 02:00:00,karup,9.0,0.0,2.3,0.0,1006.92,90.5,88.3333
1779066000,2026-05-18 01:00:00,2026-05-18 03:00:00,karup,8.95,0.0,2.5,0.0,1006.79,91.5,67.5
1779069600,2026-05-18 02:00:00,2026-05-18 04:00:00,karup,9.2,0.0,2.8,0.0,1006.72,90.0,80.0
1779073200,2026-05-18 03:00:00,2026-05-18 05:00:00,karup,9.25,0.0,2.85,0.0,1006.83,89.5,96.6667
1779076800,2026-05-18 04:00:00,2026-05-18 06:00:00,karup,9.85,7.0,3.0,0.0,1006.88,85.0,90.0
1779080400,2026-05-18 05:00:00,2026-05-18 07:00:00,karup,10.45,36.0,2.95,0.0,1006.96,80.0,100.0
1779084000,2026-05-18 06:00:00,2026-05-18 08:00:00,karup,10.95,67.0,3.25,0.0,1007.03,79.0,100.0
1779087600,2026-05-18 07:00:00,2026-05-18 09:00:00,karup,12.1,182.0,3.35,0.05,1007.01,77.0,100.0
1779091200,2026-05-18 08:00:00,2026-05-18 10:00:00,karup,14.15,436.0,4.7,0.0,1006.91,65.5,65.8333
1779094800,2026-05-18 09:00:00,2026-05-18 11:00:00,karup,15.7,430.0,5.8,0.0,1006.96,56.0,85.0
1779098400,2026-05-18 10:00:00,2026-05-18 12:00:00,karup,15.95,397.0,5.6,0.0,1006.88,54.0,91.6667
1779102000,2026-05-18 11:00:00,2026-05-18 13:00:00,karup,17.05,701.0,6.25,0.0,1006.74,50.0,90.0
1779105600,2026-05-18 12:00:00,2026-05-18 14:00:00,karup,17.15,453.0,6.45,0.0,1006.8,48.5,90.0
1779109200,2026-05-18 13:00:00,2026-05-18 15:00:00,karup,16.45,291.0,6.8,0.0,1007.2,49.5,91.6667
1779112800,2026-05-18 14:00:00,2026-05-18 16:00:00,karup,14.15,117.0,5.55,0.0,1007.28,62.0,100.0
1779116400,2026-05-18 15:00:00,2026-05-18 17:00:00,karup,14.1,259.0,4.85,0.0,1007.28,66.5,95.0
1779120000,2026-05-18 16:00:00,2026-05-18 18:00:00,karup,14.5,94.0,4.45,0.0,1007.75,59.0,100.0
1779123600,2026-05-18 17:00:00,2026-05-18 19:00:00,karup,14.2,81.0,4.9,0.0,1007.96,63.5,95.0
1779127200,2026-05-18 18:00:00,2026-05-18 20:00:00,karup,12.9,55.0,4.1,0.05,1007.93,74.0,100.0
1779130800,2026-05-18 19:00:00,2026-05-18 21:00:00,karup,12.6,31.0,2.85,0.0,1008.47,75.5,95.0
1779134400,2026-05-18 20:00:00,2026-05-18 22:00:00,karup,12.1,0.0,2.2,0.0,1009.06,78.5,100.0
1779138000,2026-05-18 21:00:00,2026-05-18 23:00:00,karup,11.6,0.0,1.8,0.0,1009.1,84.0,100.0
1779141600,2026-05-18 22:00:00,2026-05-19 00:00:00,karup,11.0,0.0,0.8,0.25,1009.21,89.0,100.0
1779145200,2026-05-18 23:00:00,2026-05-19 01:00:00,karup,10.4,0.0,0.35,0.0,1009.15,94.0,95.0
1779148800,2026-05-19 00:00:00,2026-05-19 02:00:00,karup,9.75,0.0,0.7,0.0,1009.27,96.5,100.0
1779152400,2026-05-19 01:00:00,2026-05-19 03:00:00,karup,9.75,0.0,0.55,0.2,1009.28,97.5,100.0
1779156000,2026-05-19 02:00:00,2026-05-19 04:00:00,karup,9.75,0.0,0.35,0.0,1009.11,96.0,93.3333
1779159600,2026-05-19 03:00:00,2026-05-19 05:00:00,karup,9.35,0.0,0.7,0.0,1009.03,97.5,91.6667
1779163200,2026-05-19 04:00:00,2026-05-19 06:00:00,karup,9.1,13.0,1.25,0.0,1009.09,97.5,96.6667
1779166800,2026-05-19 05:00:00,2026-05-19 07:00:00,karup,9.5,49.0,1.35,0.0,1009.13,95.5,87.5
1779170400,2026-05-19 06:00:00,2026-05-19 08:00:00,karup,10.45,155.0,2.55,0.0,1009.39,88.5,65.8333
1779174000,2026-05-19 07:00:00,2026-05-19 09:00:00,karup,11.5,128.0,3.1,0.0,1009.62,81.5,96.6667
1779177600,2026-05-19 08:00:00,2026-05-19 10:00:00,karup,11.65,228.0,3.1,0.0,1009.88,79.0,95.0
1779181200,2026-05-19 09:00:00,2026-05-19 11:00:00,karup,12.5,565.0,3.0,0.0,1009.92,78.0,96.6667
1779184800,2026-05-19 10:00:00,2026-05-19 12:00:00,karup,13.75,488.0,3.3,0.0,1009.72,75.5,90.0
1779188400,2026-05-19 11:00:00,2026-05-19 13:00:00,karup,14.7,405.0,3.65,0.0,1009.8,70.5,90.0
1779192000,2026-05-19 12:00:00,2026-05-19 14:00:00,karup,13.95,132.0,2.9,0.35,1009.98,76.0,100.0
1779195600,2026-05-19 13:00:00,2026-05-19 15:00:00,karup,12.95,371.0,3.0,0.4,1009.85,85.0,100.0
1779199200,2026-05-19 14:00:00,2026-05-19 16:00:00,karup,14.05,498.0,2.8,0.0,1009.58,81.0,82.5
1779202800,2026-05-19 15:00:00,2026-05-19 17:00:00,karup,15.15,414.0,3.15,0.0,1009.22,74.0,90.0
1779206400,2026-05-19 16:00:00,2026-05-19 18:00:00,karup,15.65,296.0,3.0,0.0,1009.15,66.5,90.0
1779210000,2026-05-19 17:00:00,2026-05-19 19:00:00,karup,15.5,271.0,2.95,0.0,1009.31,66.0,30.8333
1779213600,2026-05-19 18:00:00,2026-05-19 20:00:00,karup,14.85,70.0,3.3,0.25,1009.43,69.5,74.1667
1779217200,2026-05-19 19:00:00,2026-05-19 21:00:00,karup,13.4,68.0,2.1,0.25,1009.61,82.0,77.5
1779220800,2026-05-19 20:00:00,2026-05-19 22:00:00,karup,12.15,5.0,1.55,0.0,1009.63,86.5,25.8333
1779224400,2026-05-19 21:00:00,2026-05-19 23:00:00,karup,11.1,0.0,2.05,0.0,1009.46,89.5,98.3333
1779228000,2026-05-19 22:00:00,2026-05-20 00:00:00,karup,10.85,0.0,2.35,0.0,1009.19,91.0,100.0
1779231600,2026-05-19 23:00:00,2026-05-20 01:00:00,karup,10.95,0.0,2.1,0.0,1008.8,91.5,98.3333
1779235200,2026-05-20 00:00:00,2026-05-20 02:00:00,karup,11.0,,2.6,0.0,1008.6,90.0,96.6667
1779238800,2026-05-20 01:00:00,2026-05-20 03:00:00,karup,11.7,0.0,3.5,0.0,1008.2,83.5,100.0
1779242400,2026-05-20 02:00:00,2026-05-20 04:00:00,karup,11.8,0.0,3.55,0.0,1007.95,81.5,100.0
1779246000,2026-05-20 03:00:00,2026-05-20 05:00:00,karup,11.5,0.0,3.1,0.0,1007.92,85.0,95.0
1779249600,2026-05-20 04:00:00,2026-05-20 06:00:00,karup,11.1,2.0,2.85,0.25,1007.95,89.0,100.0
1779253200,2026-05-20 05:00:00,2026-05-20 07:00:00,karup,10.9,22.0,3.05,0.1,1008.03,92.5,100.0
1779256800,2026-05-20 06:00:00,2026-05-20 08:00:00,karup,11.35,86.0,2.75,0.1,1008.0,94.0,100.0
1779260400,2026-05-20 07:00:00,2026-05-20 09:00:00,karup,12.3,129.0,3.2,0.0,1008.05,91.5,98.3333
1779264000,2026-05-20 08:00:00,2026-05-20 10:00:00,karup,12.9,188.0,3.5,0.1,1008.12,90.5,96.6667
1779267600,2026-05-20 09:00:00,2026-05-20 11:00:00,karup,13.2,141.0,3.8,0.0,1008.22,90.5,100.0
1779271200,2026-05-20 10:00:00,2026-05-20 12:00:00,karup,13.65,263.0,3.8,0.0,1008.13,90.5,95.0
1779274800,2026-05-20 11:00:00,2026-05-20 13:00:00,karup,14.1,110.0,3.9,1.15,1008.6,88.5,100.0
1779278400,2026-05-20 12:00:00,2026-05-20 14:00:00,karup,13.35,128.0,2.65,3.1,1008.88,94.5,100.0
1779282000,2026-05-20 13:00:00,2026-05-20 15:00:00,karup,13.55,158.0,3.1,1.25,1009.25,94.5,91.6667
1779285600,2026-05-20 14:00:00,2026-05-20 16:00:00,karup,13.9,195.0,3.2,0.0,1009.42,91.5,90.0
1779289200,2026-05-20 15:00:00,2026-05-20 17:00:00,karup,14.05,308.0,3.1,0.05,1009.52,89.5,93.3333
1779292800,2026-05-20 16:00:00,2026-05-20 18:00:00,karup,14.25,312.0,3.15,0.1,1009.83,85.5,95.0
1779296400,2026-05-20 17:00:00,2026-05-20 19:00:00,karup,14.05,173.0,3.35,0.15,1010.39,83.0,98.3333
1779300000,2026-05-20 18:00:00,2026-05-20 20:00:00,karup,13.65,88.0,4.0,0.0,1011.06,83.0,90.0
1779303600,2026-05-20 19:00:00,2026-05-20 21:00:00,karup,12.9,42.0,4.15,0.0,1011.69,85.5,80.0
1779307200,2026-05-20 20:00:00,2026-05-20 22:00:00,karup,12.1,2.0,2.95,0.0,1012.09,90.5,96.6667
1779310800,2026-05-20 21:00:00,2026-05-20 23:00:00,karup,11.85,0.0,3.65,0.0,1012.39,92.0,91.6667
1779314400,2026-05-20 22:00:00,2026-05-21 00:00:00,karup,11.5,0.0,4.15,0.0,1012.83,92.0,98.3333
1779318000,2026-05-20 23:00:00,2026-05-21 01:00:00,karup,11.2,0.0,3.95,0.05,1013.08,94.0,95.0
1779321600,2026-05-21 00:00:00,2026-05-21 02:00:00,karup,11.05,0.0,3.6,0.0,1013.28,95.5,93.3333
1779325200,2026-05-21 01:00:00,2026-05-21 03:00:00,karup,10.9,0.0,3.3,0.0,1013.6,96.0,98.3333
1779328800,2026-05-21 02:00:00,2026-05-21 04:00:00,karup,10.8,0.0,3.6,0.0,1013.62,96.5,100.0
1779332400,2026-05-21 03:00:00,2026-05-21 05:00:00,karup,10.65,0.0,3.45,0.0,1013.88,96.5,90.0
1779336000,2026-05-21 04:00:00,2026-05-21 06:00:00,karup,10.55,5.0,3.1,0.4,1014.2,97.5,98.3333
1779339600,2026-05-21 05:00:00,2026-05-21 07:00:00,karup,10.85,56.0,3.15,0.0,1014.48,96.5,100.0
1779343200,2026-05-21 06:00:00,2026-05-21 08:00:00,karup,11.465,138.65,3.36,0.0,1014.79,94.155,55.0
1779346800,2026-05-21 07:00:00,2026-05-21 09:00:00,karup,12.905,347.37,3.735,0.0,1015.06,88.875,87.5
1779350400,2026-05-21 08:00:00,2026-05-21 10:00:00,karup,14.195,431.72,4.17,0.0,1015.35,82.82,90.0
1779354000,2026-05-21 09:00:00,2026-05-21 11:00:00,karup,15.165,406.04,5.515,0.0,1015.46,77.135,85.0
1779357600,2026-05-21 10:00:00,2026-05-21 12:00:00,karup,15.355,535.76,5.955,0.0,1015.53,74.97,49.1667
1779361200,2026-05-21 11:00:00,2026-05-21 13:00:00,karup,15.93,803.46,6.725,0.0,1015.78,66.67,44.1667
1779364800,2026-05-21 12:00:00,2026-05-21 14:00:00,karup,16.155,719.41,7.475,0.0,1016.07,56.385,65.8333
1779368400,2026-05-21 13:00:00,2026-05-21 15:00:00,karup,16.405,837.8,7.74,0.0,1016.37,49.345,72.5
1779372000,2026-05-21 14:00:00,2026-05-21 16:00:00,karup,16.6,749.3,7.125,0.0,1016.6,49.535,7.5
1779375600,2026-05-21 15:00:00,2026-05-21 17:00:00,karup,16.805,640.67,6.645,0.0,1016.85,50.61,15.0
1779379200,2026-05-21 16:00:00,2026-05-21 18:00:00,karup,16.595,494.56,6.35,0.0,1017.02,51.98,36.6667
1779382800,2026-05-21 17:00:00,2026-05-21 19:00:00,karup,15.865,264.91,5.645,0.0,1017.07,56.125,11.6667
1779386400,2026-05-21 18:00:00,2026-05-21 20:00:00,karup,15.295,154.54,5.75,0.0,1017.41,64.15,74.1667
1779390000,2026-05-21 19:00:00,2026-05-21 21:00:00,karup,13.815,36.32,4.51,0.0,1017.91,77.715,92.5
1779393600,2026-05-21 20:00:00,2026-05-21 22:00:00,karup,12.9,5.61,3.31,0.0,1018.22,84.64,100.0
1779397200,2026-05-21 21:00:00,2026-05-21 23:00:00,karup,12.27,0.0,2.795,0.0,1018.23,88.84,100.0
1779400800,2026-05-21 22:00:00,2026-05-22 00:00:00,karup,11.89,0.0,3.37,0.0,1018.26,91.205,100.0
1779404400,2026-05-21 23:00:00,2026-05-22 01:00:00,karup,11.595,0.0,3.285,0.0,1018.29,91.975,98.3333
1779408000,2026-05-22 00:00:00,2026-05-22 02:00:00,karup,11.27,0.0,3.34,0.0,1018.39,92.625,69.1667
1779411600,2026-05-22 01:00:00,2026-05-22 03:00:00,karup,10.535,0.0,2.505,0.0,1018.44,94.85,100.0
1779415200,2026-05-22 02:00:00,2026-05-22 04:00:00,karup,10.77,0.0,2.27,0.0,1018.45,96.54,100.0
1779418800,2026-05-22 03:00:00,2026-05-22 05:00:00,karup,10.845,0.0,2.6,0.0,1018.57,97.95,100.0
1779422400,2026-05-22 04:00:00,2026-05-22 06:00:00,karup,11.185,3.58,2.385,0.0,1018.91,99.015,100.0
1779426000,2026-05-22 05:00:00,2026-05-22 07:00:00,karup,11.705,31.7,2.42,0.0,1019.29,98.095,100.0
1779429600,2026-05-22 06:00:00,2026-05-22 08:00:00,karup,12.19,59.43,1.99,0.0,1019.69,97.25,100.0
1779433200,2026-05-22 07:00:00,2026-05-22 09:00:00,karup,12.925,94.83,2.46,0.0,1020.07,94.765,100.0
1779436800,2026-05-22 08:00:00,2026-05-22 10:00:00,karup,14.295,223.81,2.875,0.0,1020.3,90.41,100.0
1779440400,2026-05-22 09:00:00,2026-05-22 11:00:00,karup,15.61,283.43,3.525,0.0,1020.39,85.645,89.1667
1779444000,2026-05-22 10:00:00,2026-05-22 12:00:00,karup,16.805,496.1,3.61,0.0,1020.3,79.84,87.5
1779447600,2026-05-22 11:00:00,2026-05-22 13:00:00,karup,18.37,730.5,4.325,0.0,1020.34,73.525,95.0
1779451200,2026-05-22 12:00:00,2026-05-22 14:00:00,karup,19.255,518.84,4.02,0.0,1020.42,71.44,82.5
1779454800,2026-05-22 13:00:00,2026-05-22 15:00:00,karup,19.665,814.47,4.305,0.0,1020.53,68.96,90.0
1779458400,2026-05-22 14:00:00,2026-05-22 16:00:00,karup,19.85,622.13,4.605,0.0,1020.78,67.365,90.0
1779462000,2026-05-22 15:00:00,2026-05-22 17:00:00,karup,20.125,599.63,4.11,0.0,1020.67,65.185,38.3333
1779465600,2026-05-22 16:00:00,2026-05-22 18:00:00,karup,20.24,430.95,4.075,0.0,1020.47,64.295,43.3333
1779469200,2026-05-22 17:00:00,2026-05-22 19:00:00,karup,20.085,359.5,3.69,0.0,1020.16,65.205,20.8333
1779472800,2026-05-22 18:00:00,2026-05-22 20:00:00,karup,19.8,207.49,3.355,0.0,1020.31,65.835,0.0
1779476400,2026-05-22 19:00:00,2026-05-22 21:00:00,karup,18.805,77.15,2.86,0.0,1020.5,68.155,0.0
1779480000,2026-05-22 20:00:00,2026-05-22 22:00:00,karup,16.695,6.37,1.29,0.0,1020.66,78.065,0.0
1779483600,2026-05-22 21:00:00,2026-05-22 23:00:00,karup,14.31,0.0,1.125,0.0,1020.54,88.725,0.0
1779487200,2026-05-22 22:00:00,2026-05-23 00:00:00,karup,13.2,0.0,1.705,0.0,1020.5,92.79,0.0
1779490800,2026-05-22 23:00:00,2026-05-23 01:00:00,karup,13.71,0.0,1.965,0.0,1020.43,92.515,0.0
1779494400,2026-05-23 00:00:00,2026-05-23 02:00:00,karup,12.775,0.0,1.865,0.0,1020.13,94.115,0.0
1779498000,2026-05-23 01:00:00,2026-05-23 03:00:00,karup,12.185,0.0,1.725,0.0,1019.96,95.73,0.0
1779501600,2026-05-23 02:00:00,2026-05-23 04:00:00,karup,11.86,0.0,1.59,0.0,1019.62,96.365,0.0
1779505200,2026-05-23 03:00:00,2026-05-23 05:00:00,karup,11.735,0.0,1.875,0.0,1019.22,97.035,0.0
1779508800,2026-05-23 04:00:00,2026-05-23 06:00:00,karup,11.295,26.61,1.875,0.0,1018.7,96.775,0.0
1779512400,2026-05-23 05:00:00,2026-05-23 07:00:00,karup,13.575,130.94,2.505,0.0,1018.53,90.815,0.0
1779516000,2026-05-23 06:00:00,2026-05-23 08:00:00,karup,15.485,236.18,3.145,0.0,1018.65,83.275,27.5
1779519600,2026-05-23 07:00:00,2026-05-23 09:00:00,karup,17.835,378.55,4.22,0.0,1018.3,74.66,87.5
1779523200,2026-05-23 08:00:00,2026-05-23 10:00:00,karup,19.41,361.39,4.92,0.0,1018.33,71.31,22.5
1779526800,2026-05-23 09:00:00,2026-05-23 11:00:00,karup,20.93,563.65,6.02,0.0,1018.72,66.115,71.6667
1779530400,2026-05-23 10:00:00,2026-05-23 12:00:00,karup,20.635,404.22,6.685,0.0,1018.89,64.525,100.0
1779534000,2026-05-23 11:00:00,2026-05-23 13:00:00,karup,16.525,148.77,3.375,1.955,1017.96,87.12,40.8333
1779537600,2026-05-23 12:00:00,2026-05-23 14:00:00,karup,19.165,718.17,2.795,0.0,1018.16,83.71,13.3333
1779541200,2026-05-23 13:00:00,2026-05-23 15:00:00,karup,20.93,616.74,6.055,0.0,1018.41,68.04,53.3333
1779544800,2026-05-23 14:00:00,2026-05-23 16:00:00,karup,21.035,582.89,6.09,0.0,1018.73,67.225,19.1667
1779548400,2026-05-23 15:00:00,2026-05-23 17:00:00,karup,19.93,359.27,5.99,0.0,1018.65,72.055,62.5
1779552000,2026-05-23 16:00:00,2026-05-23 18:00:00,karup,19.65,487.5,5.0,0.0,1018.48,72.24,7.5
1779555600,2026-05-23 17:00:00,2026-05-23 19:00:00,karup,19.235,338.62,4.395,0.0,1018.53,71.855,0.0
1779559200,2026-05-23 18:00:00,2026-05-23 20:00:00,karup,18.52,217.5,3.67,0.0,1018.64,70.17,0.0
1779562800,2026-05-23 19:00:00,2026-05-23 21:00:00,karup,17.215,96.53,2.995,0.0,1018.86,70.66,0.0
1779566400,2026-05-23 20:00:00,2026-05-23 22:00:00,karup,15.085,10.94,2.065,0.0,1019.28,76.825,0.0
1779570000,2026-05-23 21:00:00,2026-05-23 23:00:00,karup,13.435,0.0,1.725,0.0,1019.46,85.06,0.0
1779573600,2026-05-23 22:00:00,2026-05-24 00:00:00,karup,12.14,0.0,2.39,0.0,1019.75,90.395,9.16667
1779577200,2026-05-23 23:00:00,2026-05-24 01:00:00,karup,11.2,0.0,2.47,0.0,1019.92,95.55,35.8333
1779580800,2026-05-24 00:00:00,2026-05-24 02:00:00,karup,10.755,0.0,2.71,0.0,1020.09,97.555,96.6667
1779584400,2026-05-24 01:00:00,2026-05-24 03:00:00,karup,10.57,0.0,2.305,0.0,1020.42,98.455,91.6667
1779588000,2026-05-24 02:00:00,2026-05-24 04:00:00,karup,10.435,0.0,2.965,0.0,1020.49,98.67,90.0
1779591600,2026-05-24 03:00:00,2026-05-24 05:00:00,karup,10.24,0.0,2.8,0.0,1020.84,98.57,93.3333
1779595200,2026-05-24 04:00:00,2026-05-24 06:00:00,karup,10.185,32.31,2.815,0.0,1021.3,97.725,82.5
1779598800,2026-05-24 05:00:00,2026-05-24 07:00:00,karup,10.61,106.21,2.825,0.0,1021.41,95.185,30.8333
1779602400,2026-05-24 06:00:00,2026-05-24 08:00:00,karup,11.835,224.36,2.65,0.0,1021.69,89.64,26.6667
1779606000,2026-05-24 07:00:00,2026-05-24 09:00:00,karup,13.47,427.0,3.97,0.0,1022.14,78.945,3.33333
1779609600,2026-05-24 08:00:00,2026-05-24 10:00:00,karup,14.9,491.26,3.8,0.0,1022.63,69.205,6.66667
1779613200,2026-05-24 09:00:00,2026-05-24 11:00:00,karup,15.95,629.74,4.37,0.0,1023.02,63.81,6.66667
1779616800,2026-05-24 10:00:00,2026-05-24 12:00:00,karup,16.78,651.42,4.62,0.0,1023.27,60.18,40.8333
1779620400,2026-05-24 11:00:00,2026-05-24 13:00:00,karup,17.545,808.72,4.04,0.0,1023.56,57.32,15.8333
1779624000,2026-05-24 12:00:00,2026-05-24 14:00:00,karup,18.1,788.99,4.595,0.0,1023.71,54.595,35.0
1779627600,2026-05-24 13:00:00,2026-05-24 15:00:00,karup,18.46,760.78,4.645,0.0,1023.56,52.955,0.0
1779631200,2026-05-24 14:00:00,2026-05-24 16:00:00,karup,18.96,734.67,5.36,0.0,1023.51,51.13,0.0
1779634800,2026-05-24 15:00:00,2026-05-24 17:00:00,karup,19.005,625.96,5.64,0.0,1023.29,51.39,7.5
1779638400,2026-05-24 16:00:00,2026-05-24 18:00:00,karup,18.74,471.04,5.675,0.0,1023.04,60.67,3.33333
1779642000,2026-05-24 17:00:00,2026-05-24 19:00:00,karup,18.375,366.22,5.205,0.0,1022.95,62.735,0.0
1779645600,2026-05-24 18:00:00,2026-05-24 20:00:00,karup,17.49,204.54,4.715,0.0,1023.04,66.7,0.0
1779649200,2026-05-24 19:00:00,2026-05-24 21:00:00,karup,16.39,85.53,3.545,0.0,1023.23,73.23,0.0
1779652800,2026-05-24 20:00:00,2026-05-24 22:00:00,karup,14.815,12.93,2.69,0.0,1023.82,81.385,0.0
1779656400,2026-05-24 21:00:00,2026-05-24 23:00:00,karup,13.27,0.0,2.545,0.0,1024.11,87.76,0.0
1779660000,2026-05-24 22:00:00,2026-05-25 00:00:00,karup,12.345,0.0,2.455,0.0,1023.91,92.49,31.6667
1779663600,2026-05-24 23:00:00,2026-05-25 01:00:00,karup,11.77,0.0,2.165,0.0,1023.91,94.985,62.5
1779667200,2026-05-25 00:00:00,2026-05-25 02:00:00,karup,11.6,0.0,2.43,0.0,1023.69,95.77,5.0
1779670800,2026-05-25 01:00:00,2026-05-25 03:00:00,karup,11.13,0.0,2.375,0.0,1023.65,96.68,0.0
1779674400,2026-05-25 02:00:00,2026-05-25 04:00:00,karup,10.97,0.0,2.645,0.0,1023.7,97.005,20.8333
1779678000,2026-05-25 03:00:00,2026-05-25 05:00:00,karup,10.78,0.0,2.64,0.0,1023.91,96.84,0.0
1779681600,2026-05-25 04:00:00,2026-05-25 06:00:00,karup,10.58,28.26,1.77,0.0,1023.8,96.79,0.0
1779685200,2026-05-25 05:00:00,2026-05-25 07:00:00,karup,11.745,131.63,1.715,0.0,1023.86,91.595,0.0
1779688800,2026-05-25 06:00:00,2026-05-25 08:00:00,karup,13.705,268.74,2.515,0.0,1023.78,81.095,0.0
1779692400,2026-05-25 07:00:00,2026-05-25 09:00:00,karup,15.66,416.06,3.71,0.0,1023.82,71.865,0.0
1779696000,2026-05-25 08:00:00,2026-05-25 10:00:00,karup,17.2,551.37,4.59,0.0,1023.8,67.335,3.33333
1779699600,2026-05-25 09:00:00,2026-05-25 11:00:00,karup,18.275,672.19,5.73,0.0,1023.6,65.475,3.33333
1779703200,2026-05-25 10:00:00,2026-05-25 12:00:00,karup,19.335,765.17,6.385,0.0,1023.37,60.21,0.0
1779706800,2026-05-25 11:00:00,2026-05-25 13:00:00,karup,20.0,818.89,6.99,0.0,1022.87,50.555,0.0
1779710400,2026-05-25 12:00:00,2026-05-25 14:00:00,karup,20.805,831.09,7.03,0.0,1022.37,49.28,0.0
1779714000,2026-05-25 13:00:00,2026-05-25 15:00:00,karup,21.58,805.22,7.37,0.0,1022.14,50.38,0.0
1779717600,2026-05-25 14:00:00,2026-05-25 16:00:00,karup,21.755,738.01,8.455,0.0,1022.06,54.62,0.0
1779721200,2026-05-25 15:00:00,2026-05-25 17:00:00,karup,20.885,648.99,7.805,0.0,1021.93,56.095,0.0
1779724800,2026-05-25 16:00:00,2026-05-25 18:00:00,karup,20.19,513.28,6.53,0.0,1021.8,54.655,0.0
1779728400,2026-05-25 17:00:00,2026-05-25 19:00:00,karup,19.775,369.35,6.02,0.0,1021.85,58.52,0.0
1779732000,2026-05-25 18:00:00,2026-05-25 20:00:00,karup,19.1,224.52,4.96,0.0,1021.72,61.93,0.0
1779735600,2026-05-25 19:00:00,2026-05-25 21:00:00,karup,17.97,95.36,3.495,0.0,1021.71,66.42,0.0
1779739200,2026-05-25 20:00:00,2026-05-25 22:00:00,karup,16.375,13.27,2.695,0.0,1021.9,73.005,0.0
1779742800,2026-05-25 21:00:00,2026-05-25 23:00:00,karup,14.76,0.0,2.74,0.0,1021.93,80.91,0.0
1779746400,2026-05-25 22:00:00,2026-05-26 00:00:00,karup,13.545,0.0,2.815,0.0,1021.87,88.04,0.0
1779750000,2026-05-25 23:00:00,2026-05-26 01:00:00,karup,12.6,0.0,2.88,0.0,1021.42,93.0,0.0
1779753600,2026-05-26 00:00:00,2026-05-26 02:00:00,karup,11.96,0.0,2.45,0.0,1021.08,95.155,0.0
1779757200,2026-05-26 01:00:00,2026-05-26 03:00:00,karup,11.51,0.0,2.585,0.0,1020.86,96.49,0.0
1779760800,2026-05-26 02:00:00,2026-05-26 04:00:00,karup,10.665,0.0,1.455,0.0,1020.63,97.315,0.0
1779764400,2026-05-26 03:00:00,2026-05-26 05:00:00,karup,10.045,0.0,1.79,0.0,1020.4,98.54,11.6667
1779768000,2026-05-26 04:00:00,2026-05-26 06:00:00,karup,10.16,20.75,1.915,0.0,1020.05,98.68,52.5
1779771600,2026-05-26 05:00:00,2026-05-26 07:00:00,karup,11.175,96.33,1.88,0.0,1019.85,95.1,85.0
1779775200,2026-05-26 06:00:00,2026-05-26 08:00:00,karup,12.905,173.25,1.455,0.0,1019.32,91.26,65.0
1779778800,2026-05-26 07:00:00,2026-05-26 09:00:00,karup,15.0,,1.54,0.0,1018.81,76.2,80.0
1779782400,2026-05-26 08:00:00,2026-05-26 10:00:00,karup,16.29,477.37,1.755,0.0,1018.84,73.175,90.0
1779786000,2026-05-26 09:00:00,2026-05-26 11:00:00,karup,17.25,467.34,2.165,0.0,1018.33,72.03,69.1667
1779789600,2026-05-26 10:00:00,2026-05-26 12:00:00,karup,18.695,707.6,2.145,0.0,1017.49,66.7,16.6667
1779793200,2026-05-26 11:00:00,2026-05-26 13:00:00,karup,20.07,752.58,2.13,0.0,1016.83,60.66,25.0
1779796800,2026-05-26 12:00:00,2026-05-26 14:00:00,karup,21.15,794.94,3.03,0.0,1016.15,58.41,0.0
1779800400,2026-05-26 13:00:00,2026-05-26 15:00:00,karup,21.74,782.17,3.855,0.0,1016.01,56.945,1.66667
1779804000,2026-05-26 14:00:00,2026-05-26 16:00:00,karup,21.425,707.27,5.525,0.0,1016.28,55.375,46.6667
1779807600,2026-05-26 15:00:00,2026-05-26 17:00:00,karup,19.915,628.98,6.175,0.0,1016.48,59.41,70.0
1779811200,2026-05-26 16:00:00,2026-05-26 18:00:00,karup,18.24,514.64,6.265,0.0,1016.4,58.9,30.8333
1779814800,2026-05-26 17:00:00,2026-05-26 19:00:00,karup,16.585,371.64,6.85,0.0,1016.51,58.135,24.1667
1779818400,2026-05-26 18:00:00,2026-05-26 20:00:00,karup,15.06,223.45,6.7,0.0,1016.53,62.84,20.8333
1779822000,2026-05-26 19:00:00,2026-05-26 21:00:00,karup,13.67,95.04,6.0,0.0,1016.51,65.065,40.8333
1779825600,2026-05-26 20:00:00,2026-05-26 22:00:00,karup,12.005,14.83,5.335,0.0,1016.61,73.05,10.0
1779829200,2026-05-26 21:00:00,2026-05-26 23:00:00,karup,10.7,0.0,5.4,0.0,1016.63,79.35,0.0
1779832800,2026-05-26 22:00:00,2026-05-27 00:00:00,karup,10.035,0.0,5.285,0.0,1016.68,83.76,0.0
1779836400,2026-05-26 23:00:00,2026-05-27 01:00:00,karup,9.505,0.0,5.005,0.0,1016.8,86.595,0.0
1779840000,2026-05-27 00:00:00,2026-05-27 02:00:00,karup,9.005,0.0,4.115,0.0,1017.05,88.265,29.1667
1779843600,2026-05-27 01:00:00,2026-05-27 03:00:00,karup,8.775,0.0,4.07,0.0,1017.13,87.81,1.66667
1779847200,2026-05-27 02:00:00,2026-05-27 04:00:00,karup,8.83,0.0,5.01,0.0,1017.31,84.685,0.0
1779850800,2026-05-27 03:00:00,2026-05-27 05:00:00,karup,8.42,0.0,4.065,0.0,1017.55,85.93,0.0
1779854400,2026-05-27 04:00:00,2026-05-27 06:00:00,karup,8.355,34.78,3.49,0.0,1017.83,87.285,0.0
1779858000,2026-05-27 05:00:00,2026-05-27 07:00:00,karup,9.41,143.16,3.475,0.0,1018.03,85.0,0.0
1779861600,2026-05-27 06:00:00,2026-05-27 08:00:00,karup,10.9,282.6,4.83,0.0,1018.31,78.095,0.0
1779865200,2026-05-27 07:00:00,2026-05-27 09:00:00,karup,12.1,436.64,5.01,0.0,1018.6,69.92,1.66667
1779868800,2026-05-27 08:00:00,2026-05-27 10:00:00,karup,13.14,580.96,4.465,0.0,1018.81,65.205,10.8333
1779872400,2026-05-27 09:00:00,2026-05-27 11:00:00,karup,14.075,702.71,4.73,0.0,1018.77,60.12,15.8333
1779876000,2026-05-27 10:00:00,2026-05-27 12:00:00,karup,14.77,796.3,4.95,0.0,1018.85,54.425,30.0
1779879600,2026-05-27 11:00:00,2026-05-27 13:00:00,karup,15.24,849.49,5.99,0.0,1018.89,54.0,0.0
1779883200,2026-05-27 12:00:00,2026-05-27 14:00:00,karup,15.315,869.52,6.99,0.0,1018.83,50.645,0.0
1779886800,2026-05-27 13:00:00,2026-05-27 15:00:00,karup,15.21,803.1,7.07,0.0,1018.76,55.105,4.16667
1779890400,2026-05-27 14:00:00,2026-05-27 16:00:00,karup,14.68,722.63,7.11,0.0,1018.7,58.365,20.0
1779894000,2026-05-27 15:00:00,2026-05-27 17:00:00,karup,14.32,633.19,6.935,0.0,1018.48,59.84,71.6667
1779897600,2026-05-27 16:00:00,2026-05-27 18:00:00,karup,13.815,523.2,6.905,0.0,1018.26,61.51,82.5
1779901200,2026-05-27 17:00:00,2026-05-27 19:00:00,karup,12.855,353.09,6.335,0.0,1017.96,65.01,41.6667
1779904800,2026-05-27 18:00:00,2026-05-27 20:00:00,karup,12.45,233.23,6.33,0.0,1017.79,67.57,6.66667
1779908400,2026-05-27 19:00:00,2026-05-27 21:00:00,karup,11.42,87.17,5.12,0.0,1017.79,71.65,0.0
1779912000,2026-05-27 20:00:00,2026-05-27 22:00:00,karup,10.185,14.97,3.955,0.0,1017.79,77.295,0.0
1779915600,2026-05-27 21:00:00,2026-05-27 23:00:00,karup,9.16,0.0,3.33,0.0,1017.75,82.58,0.0
1779919200,2026-05-27 22:00:00,2026-05-28 00:00:00,karup,8.325,0.0,2.915,0.0,1017.58,87.52,0.0
1779922800,2026-05-27 23:00:00,2026-05-28 01:00:00,karup,7.645,0.0,2.26,0.0,1017.18,91.085,0.0
1779926400,2026-05-28 00:00:00,2026-05-28 02:00:00,karup,7.145,0.0,2.77,0.0,1017.05,93.27,0.0
1779930000,2026-05-28 01:00:00,2026-05-28 03:00:00,karup,6.83,0.0,2.115,0.0,1017.03,94.705,0.0
1779933600,2026-05-28 02:00:00,2026-05-28 04:00:00,karup,6.36,0.0,2.08,0.0,1016.93,96.17,0.0
1779937200,2026-05-28 03:00:00,2026-05-28 05:00:00,karup,6.445,0.0,2.07,0.0,1017.02,97.19,0.0
1779940800,2026-05-28 04:00:00,2026-05-28 06:00:00,karup,6.745,36.63,2.04,0.0,1017.19,97.68,0.0
1779944400,2026-05-28 05:00:00,2026-05-28 07:00:00,karup,8.365,142.43,1.67,0.0,1017.49,94.91,0.0
1779948000,2026-05-28 06:00:00,2026-05-28 08:00:00,karup,10.915,287.45,2.255,0.0,1017.98,85.6,0.0
1779951600,2026-05-28 07:00:00,2026-05-28 09:00:00,karup,12.845,436.86,2.29,0.0,1018.28,75.13,0.0
1779955200,2026-05-28 08:00:00,2026-05-28 10:00:00,karup,14.825,570.48,1.7,0.0,1018.35,66.355,0.0
1779958800,2026-05-28 09:00:00,2026-05-28 11:00:00,karup,16.565,701.34,2.595,0.0,1018.2,53.125,0.0
1779962400,2026-05-28 10:00:00,2026-05-28 12:00:00,karup,17.755,788.7,2.69,0.0,1018.0,40.13,0.0
1779966000,2026-05-28 11:00:00,2026-05-28 13:00:00,karup,18.25,844.05,2.45,0.0,1017.99,40.625,0.0
1779969600,2026-05-28 12:00:00,2026-05-28 14:00:00,karup,18.745,857.26,2.57,0.0,1018.05,39.235,0.0
1779973200,2026-05-28 13:00:00,2026-05-28 15:00:00,karup,19.395,833.27,2.145,0.0,1017.86,37.2,0.0
1779976800,2026-05-28 14:00:00,2026-05-28 16:00:00,karup,19.795,763.19,2.4,0.0,1017.61,36.385,0.0
1779980400,2026-05-28 15:00:00,2026-05-28 17:00:00,karup,20.035,654.44,2.45,0.0,1017.42,36.09,0.0
1779984000,2026-05-28 16:00:00,2026-05-28 18:00:00,karup,20.01,520.53,2.72,0.0,1017.1,37.435,0.0
1779987600,2026-05-28 17:00:00,2026-05-28 19:00:00,karup,19.375,379.39,3.105,0.0,1016.96,41.6,0.0
1779991200,2026-05-28 18:00:00,2026-05-28 20:00:00,karup,18.29,233.57,3.015,0.0,1016.92,46.66,0.0
1779994800,2026-05-28 19:00:00,2026-05-28 21:00:00,karup,16.95,109.53,2.395,0.0,1017.09,50.86,0.0
1779998400,2026-05-28 20:00:00,2026-05-28 22:00:00,karup,14.325,18.83,1.99,0.0,1017.25,61.445,0.0
1780002000,2026-05-28 21:00:00,2026-05-28 23:00:00,karup,11.6,0.0,0.755,0.0,1017.26,72.515,0.0
1780005600,2026-05-28 22:00:00,2026-05-29 00:00:00,karup,9.415,0.0,0.725,0.0,1016.96,82.25,0.0
1780009200,2026-05-28 23:00:00,2026-05-29 01:00:00,karup,7.445,0.0,0.67,0.0,1016.68,89.415,0.0
1780012800,2026-05-29 00:00:00,2026-05-29 02:00:00,karup,6.26,0.0,0.775,0.0,1016.34,92.255,0.0
1780016400,2026-05-29 01:00:00,2026-05-29 03:00:00,karup,5.315,0.0,0.69,0.0,1016.11,94.25,0.0
1780020000,2026-05-29 02:00:00,2026-05-29 04:00:00,karup,4.785,0.0,0.395,0.0,1015.86,95.305,0.0
1780023600,2026-05-29 03:00:00,2026-05-29 05:00:00,karup,4.095,0.0,0.79,0.0,1015.58,95.98,19.1667
1780027200,2026-05-29 04:00:00,2026-05-29 06:00:00,karup,4.9,40.89,0.855,0.0,1015.12,96.82,1.66667
1780030800,2026-05-29 05:00:00,2026-05-29 07:00:00,karup,8.085,147.35,1.41,0.0,1014.83,88.475,0.0
1780034400,2026-05-29 06:00:00,2026-05-29 08:00:00,karup,12.17,281.99,2.945,0.0,1014.51,64.39,14.1667
1780038000,2026-05-29 07:00:00,2026-05-29 09:00:00,karup,14.625,421.69,4.27,0.0,1014.02,54.785,25.8333
1780041600,2026-05-29 08:00:00,2026-05-29 10:00:00,karup,17.02,499.75,4.035,0.0,1013.63,42.34,90.0
1780045200,2026-05-29 09:00:00,2026-05-29 11:00:00,karup,17.795,367.14,4.105,0.0,1012.75,43.05,90.0
1780048800,2026-05-29 10:00:00,2026-05-29 12:00:00,karup,19.35,572.08,4.995,0.0,1012.08,44.97,42.5
1780052400,2026-05-29 11:00:00,2026-05-29 13:00:00,karup,21.695,801.76,6.41,0.0,1011.25,42.8,3.33333
1780056000,2026-05-29 12:00:00,2026-05-29 14:00:00,karup,23.41,804.12,7.485,0.0,1010.74,41.095,1.66667
1780059600,2026-05-29 13:00:00,2026-05-29 15:00:00,karup,23.585,662.38,6.995,0.0,1010.79,44.51,0.0
1780063200,2026-05-29 14:00:00,2026-05-29 16:00:00,karup,22.0,555.56,6.75,0.0,1010.83,52.135,5.0
1780066800,2026-05-29 15:00:00,2026-05-29 17:00:00,karup,21.285,561.45,6.55,0.0,1010.87,59.74,40.8333
1780070400,2026-05-29 16:00:00,2026-05-29 18:00:00,karup,19.775,411.81,5.98,0.0,1010.51,64.96,35.0
1780074000,2026-05-29 17:00:00,2026-05-29 19:00:00,karup,18.445,325.14,5.415,0.0,1010.31,67.99,19.1667
1780077600,2026-05-29 18:00:00,2026-05-29 20:00:00,karup,17.48,200.92,4.415,0.0,1010.48,71.19,64.1667
1780081200,2026-05-29 19:00:00,2026-05-29 21:00:00,karup,16.585,95.71,4.07,0.0,1010.55,74.35,62.5
1780084800,2026-05-29 20:00:00,2026-05-29 22:00:00,karup,14.89,16.87,3.805,0.0,1011.03,80.09,10.8333
1780088400,2026-05-29 21:00:00,2026-05-29 23:00:00,karup,13.325,0.0,2.895,0.0,1011.33,87.31,0.0
1780092000,2026-05-29 22:00:00,2026-05-30 00:00:00,karup,12.085,0.0,3.105,0.0,1010.88,93.61,0.0
1780095600,2026-05-29 23:00:00,2026-05-30 01:00:00,karup,11.55,0.0,3.09,0.0,1010.44,96.645,0.0
1780099200,2026-05-30 00:00:00,2026-05-30 02:00:00,karup,11.545,0.0,3.69,0.0,1010.14,97.805,72.5
1780102800,2026-05-30 01:00:00,2026-05-30 03:00:00,karup,11.835,0.0,3.94,0.0,1009.84,97.575,100.0
1780106400,2026-05-30 02:00:00,2026-05-30 04:00:00,karup,12.43,0.0,3.915,0.0,1009.5,96.37,84.1667
1780110000,2026-05-30 03:00:00,2026-05-30 05:00:00,karup,12.435,0.0,3.55,0.0,1009.3,95.81,91.6667
1780113600,2026-05-30 04:00:00,2026-05-30 06:00:00,karup,12.59,15.27,4.46,0.0,1009.19,94.55,100.0
1780117200,2026-05-30 05:00:00,2026-05-30 07:00:00,karup,13.02,51.67,4.775,0.0,1009.2,92.05,100.0
1780120800,2026-05-30 06:00:00,2026-05-30 08:00:00,karup,13.445,84.4,4.775,0.0,1009.32,90.91,95.0
1780124400,2026-05-30 07:00:00,2026-05-30 09:00:00,karup,14.24,177.79,5.13,0.0,1009.29,85.89,77.5
1780128000,2026-05-30 08:00:00,2026-05-30 10:00:00,karup,15.44,368.28,6.02,0.0,1009.59,78.09,98.3333
1780131600,2026-05-30 09:00:00,2026-05-30 11:00:00,karup,15.775,353.98,6.455,0.0,1009.75,75.395,90.0
1780135200,2026-05-30 10:00:00,2026-05-30 12:00:00,karup,15.615,262.06,6.67,0.0,1009.77,73.76,90.0
1780138800,2026-05-30 11:00:00,2026-05-30 13:00:00,karup,15.87,258.22,6.685,0.0,1009.84,71.29,93.3333
1780142400,2026-05-30 12:00:00,2026-05-30 14:00:00,karup,16.08,302.21,7.035,0.0,1009.8,69.475,90.0
1780146000,2026-05-30 13:00:00,2026-05-30 15:00:00,karup,16.305,492.86,6.94,0.0,1009.83,70.35,90.0
1780149600,2026-05-30 14:00:00,2026-05-30 16:00:00,karup,16.155,466.71,6.975,0.0,1009.78,71.53,100.0
1780153200,2026-05-30 15:00:00,2026-05-30 17:00:00,karup,15.175,296.61,6.295,0.0,1009.71,76.275,100.0
1780156800,2026-05-30 16:00:00,2026-05-30 18:00:00,karup,14.485,184.17,5.765,0.0,1009.39,79.045,100.0
1780160400,2026-05-30 17:00:00,2026-05-30 19:00:00,karup,14.02,122.09,6.135,0.0,1009.2,81.025,100.0
1780164000,2026-05-30 18:00:00,2026-05-30 20:00:00,karup,13.535,74.05,6.0,0.0,1008.9,81.915,100.0
1780167600,2026-05-30 19:00:00,2026-05-30 21:00:00,karup,12.87,36.11,5.655,0.0,1008.76,83.135,100.0
1780171200,2026-05-30 20:00:00,2026-05-30 22:00:00,karup,12.32,3.48,5.14,0.0,1008.59,85.515,100.0
1780174800,2026-05-30 21:00:00,2026-05-30 23:00:00,karup,11.97,0.0,4.55,0.0,1008.45,86.96,100.0
1780178400,2026-05-30 22:00:00,2026-05-31 00:00:00,karup,11.83,0.0,4.175,0.0,1008.18,88.68,100.0
1780182000,2026-05-30 23:00:00,2026-05-31 01:00:00,karup,11.8,0.0,4.595,0.0,1007.72,87.27,100.0
1780185600,2026-05-31 00:00:00,2026-05-31 02:00:00,karup,11.635,0.0,4.585,0.0,1007.5,87.575,100.0
1780189200,2026-05-31 01:00:00,2026-05-31 03:00:00,karup,11.495,0.0,2.965,0.0,1007.27,88.835,100.0
1780192800,2026-05-31 02:00:00,2026-05-31 04:00:00,karup,11.365,0.0,1.965,0.0,1007.21,90.67,100.0
1780196400,2026-05-31 03:00:00,2026-05-31 05:00:00,karup,11.36,0.0,2.47,0.0,1007.03,90.985,100.0
1780200000,2026-05-31 04:00:00,2026-05-31 06:00:00,karup,11.53,10.61,2.7,0.0,1006.79,90.48,95.0
1780203600,2026-05-31 05:00:00,2026-05-31 07:00:00,karup,11.74,20.53,2.69,0.0,1006.6,90.22,100.0
1780207200,2026-05-31 06:00:00,2026-05-31 08:00:00,karup,12.09,41.95,3.065,0.0,1006.43,87.935,100.0
1780210800,2026-05-31 07:00:00,2026-05-31 09:00:00,karup,12.245,60.56,2.65,0.0,1006.18,86.235,100.0
1780214400,2026-05-31 08:00:00,2026-05-31 10:00:00,karup,12.55,98.86,2.835,0.0,1006.23,84.355,100.0
1780218000,2026-05-31 09:00:00,2026-05-31 11:00:00,karup,12.855,120.74,2.615,0.0,1006.22,82.2,100.0
1780221600,2026-05-31 10:00:00,2026-05-31 12:00:00,karup,13.08,173.75,2.04,,1006.17,83.28,100.0
1780225200,2026-05-31 11:00:00,2026-05-31 13:00:00,karup,13.455,199.09,2.335,0.0,1006.14,80.31,100.0
1780228800,2026-05-31 12:00:00,2026-05-31 14:00:00,karup,13.77,222.07,2.16,0.0,1006.18,79.09,100.0
1780232400,2026-05-31 13:00:00,2026-05-31 15:00:00,karup,13.595,160.91,3.09,0.0,1006.13,81.285,100.0
1780236000,2026-05-31 14:00:00,2026-05-31 16:00:00,karup,13.39,102.29,2.705,0.0,1006.22,82.75,100.0
1780239600,2026-05-31 15:00:00,2026-05-31 17:00:00,karup,13.5,,2.57,0.0,1006.33,79.5,100.0
1780243200,2026-05-31 16:00:00,2026-05-31 18:00:00,karup,13.495,103.79,2.325,0.0,1006.07,81.33,100.0
1780246800,2026-05-31 17:00:00,2026-05-31 19:00:00,karup,13.515,63.66,2.11,0.0,1006.02,81.395,100.0
1780250400,2026-05-31 18:00:00,2026-05-31 20:00:00,karup,13.495,40.62,1.66,0.0,1006.01,81.845,100.0
1780254000,2026-05-31 19:00:00,2026-05-31 21:00:00,karup,13.48,,1.85,0.0,1006.11,83.255,100.0
1780257600,2026-05-31 20:00:00,2026-05-31 22:00:00,karup,13.04,8.16,2.125,0.0,1006.34,86.895,100.0
1780261200,2026-05-31 21:00:00,2026-05-31 23:00:00,karup,12.395,0.0,1.995,0.0,1006.6,87.71,98.3333
1780264800,2026-05-31 22:00:00,2026-06-01 00:00:00,karup,11.485,0.0,1.96,0.0,1006.71,91.23,96.6667
1780268400,2026-05-31 23:00:00,2026-06-01 01:00:00,karup,10.985,0.0,1.43,0.0,1006.42,93.61,90.0
1780272000,2026-06-01 00:00:00,2026-06-01 02:00:00,karup,10.025,0.0,0.77,0.0,1006.43,94.89,96.6667
1780275600,2026-06-01 01:00:00,2026-06-01 03:00:00,karup,9.21,0.0,0.64,0.0,1006.56,97.05,98.3333
1780279200,2026-06-01 02:00:00,2026-06-01 04:00:00,karup,9.51,0.0,1.365,0.0,1006.56,97.375,91.6667
1780282800,2026-06-01 03:00:00,2026-06-01 05:00:00,karup,9.78,0.0,1.63,0.0,1006.5,97.59,90.0
1780286400,2026-06-01 04:00:00,2026-06-01 06:00:00,karup,10.18,19.09,1.64,0.0,1006.54,98.075,93.3333
1780290000,2026-06-01 05:00:00,2026-06-01 07:00:00,karup,10.955,74.7,2.13,0.0,1006.59,97.04,90.0
1780293600,2026-06-01 06:00:00,2026-06-01 08:00:00,karup,12.265,200.66,2.62,0.0,1006.75,95.825,93.3333
1780297200,2026-06-01 07:00:00,2026-06-01 09:00:00,karup,13.6,249.0,3.015,0.0,1006.79,89.97,82.5
1780300800,2026-06-01 08:00:00,2026-06-01 10:00:00,karup,14.785,322.54,3.09,0.0,1006.81,82.455,73.3333
1780304400,2026-06-01 09:00:00,2026-06-01 11:00:00,karup,16.485,634.84,2.79,0.0,1006.73,72.515,50.0
1780308000,2026-06-01 10:00:00,2026-06-01 12:00:00,karup,18.12,756.38,3.405,0.0,1006.76,62.03,73.3333
1780311600,2026-06-01 11:00:00,2026-06-01 13:00:00,karup,18.47,374.83,3.91,0.0,1006.93,58.275,91.6667
1780315200,2026-06-01 12:00:00,2026-06-01 14:00:00,karup,19.05,486.27,4.29,0.0,1006.88,54.095,62.5
1780318800,2026-06-01 13:00:00,2026-06-01 15:00:00,karup,19.41,553.36,4.485,0.0,1006.82,52.035,67.5
1780322400,2026-06-01 14:00:00,2026-06-01 16:00:00,karup,19.585,448.7,4.915,0.0,1006.62,49.215,17.5
1780326000,2026-06-01 15:00:00,2026-06-01 17:00:00,karup,19.715,553.52,4.785,0.0,1006.51,45.895,12.5
1780329600,2026-06-01 16:00:00,2026-06-01 18:00:00,karup,19.055,214.6,4.5,0.0,1006.26,51.96,43.3333
1780333200,2026-06-01 17:00:00,2026-06-01 19:00:00,karup,18.255,138.43,4.175,0.0,1005.8,59.12,78.3333
1780336800,2026-06-01 18:00:00,2026-06-01 20:00:00,karup,17.885,158.03,3.815,0.0,1005.48,61.155,63.3333
1780340400,2026-06-01 19:00:00,2026-06-01 21:00:00,karup,16.87,61.96,3.235,0.0,1005.51,65.935,60.8333
1780344000,2026-06-01 20:00:00,2026-06-01 22:00:00,karup,15.345,16.34,1.585,0.0,1005.42,74.175,85.8333
1780347600,2026-06-01 21:00:00,2026-06-01 23:00:00,karup,14.505,0.0,1.435,0.0,1005.18,78.62,93.3333
1780351200,2026-06-01 22:00:00,2026-06-02 00:00:00,karup,14.4,,2.06,0.0,1004.7,77.3,96.6667
1780354800,2026-06-01 23:00:00,2026-06-02 01:00:00,karup,13.815,0.0,2.0,0.0,1004.26,82.755,95.0
1780358400,2026-06-02 00:00:00,2026-06-02 02:00:00,karup,13.69,0.0,2.29,0.0,1003.8,83.555,95.0
1780362000,2026-06-02 01:00:00,2026-06-02 03:00:00,karup,13.725,0.0,2.31,0.0,1003.34,83.155,100.0
1780365600,2026-06-02 02:00:00,2026-06-02 04:00:00,karup,13.765,0.0,2.14,0.1,1002.75,82.855,96.6667
1780369200,2026-06-02 03:00:00,2026-06-02 05:00:00,karup,13.61,0.0,2.175,0.2,1002.21,82.785,95.0
1780372800,2026-06-02 04:00:00,2026-06-02 06:00:00,karup,13.9,22.13,2.405,0.0,1001.74,78.345,98.3333
1780376400,2026-06-02 05:00:00,2026-06-02 07:00:00,karup,14.975,89.15,2.88,0.0,1001.47,71.69,98.3333
1780380000,2026-06-02 06:00:00,2026-06-02 08:00:00,karup,16.46,181.91,3.34,0.0,1001.09,67.71,90.0
1780383600,2026-06-02 07:00:00,2026-06-02 09:00:00,karup,17.43,206.15,3.705,0.0,1000.93,68.315,90.0
1780387200,2026-06-02 08:00:00,2026-06-02 10:00:00,karup,17.955,199.33,3.53,0.0,1001.0,68.735,95.0
1780390800,2026-06-02 09:00:00,2026-06-02 11:00:00,karup,18.88,256.92,3.88,0.0,1000.71,67.095,100.0
1780394400,2026-06-02 10:00:00,2026-06-02 12:00:00,karup,20.365,471.15,3.6,0.0,1000.32,62.75,93.3333
1780398000,2026-06-02 11:00:00,2026-06-02 13:00:00,karup,21.675,495.51,4.7,0.0,1000.06,57.325,93.3333
1780401600,2026-06-02 12:00:00,2026-06-02 14:00:00,karup,22.135,365.38,4.07,0.0,999.755,54.55,95.0
1780405200,2026-06-02 13:00:00,2026-06-02 15:00:00,karup,21.79,323.52,4.34,0.0,999.489,55.88,98.3333
1780408800,2026-06-02 14:00:00,2026-06-02 16:00:00,karup,21.64,383.99,5.27,0.0,999.103,52.52,82.5
1780412400,2026-06-02 15:00:00,2026-06-02 17:00:00,karup,21.545,316.12,5.555,0.0,998.638,51.045,90.0
1780416000,2026-06-02 16:00:00,2026-06-02 18:00:00,karup,21.565,317.3,4.755,0.0,998.369,51.395,90.0
1780419600,2026-06-02 17:00:00,2026-06-02 19:00:00,karup,21.225,184.48,4.33,0.0,998.126,52.85,90.0
1780423200,2026-06-02 18:00:00,2026-06-02 20:00:00,karup,20.77,123.79,3.865,0.0,997.903,53.0,87.5
1780426800,2026-06-02 19:00:00,2026-06-02 21:00:00,karup,20.025,53.95,3.465,0.0,997.717,58.63,87.5
1780430400,2026-06-02 20:00:00,2026-06-02 22:00:00,karup,19.23,16.39,3.72,0.0,997.601,64.81,91.6667
1780434000,2026-06-02 21:00:00,2026-06-02 23:00:00,karup,18.62,0.0,4.38,0.0,997.221,67.52,93.3333
1780437600,2026-06-02 22:00:00,2026-06-03 00:00:00,karup,17.735,0.0,4.445,0.0,996.798,72.89,50.0
1780441200,2026-06-02 23:00:00,2026-06-03 01:00:00,karup,16.8,0.0,4.425,0.0,996.398,76.3,80.8333
1780444800,2026-06-03 00:00:00,2026-06-03 02:00:00,karup,16.025,0.0,4.58,0.0,995.92,78.365,87.5
1780448400,2026-06-03 01:00:00,2026-06-03 03:00:00,karup,15.515,0.0,4.135,0.0,995.558,79.265,70.8333
1780452000,2026-06-03 02:00:00,2026-06-03 04:00:00,karup,15.08,0.0,3.48,0.0,995.148,81.155,95.0
1780455600,2026-06-03 03:00:00,2026-06-03 05:00:00,karup,14.91,0.0,3.1,0.0,994.926,83.33,96.6667
1780459200,2026-06-03 04:00:00,2026-06-03 06:00:00,karup,15.075,11.57,3.385,0.0,994.811,84.62,100.0
1780462800,2026-06-03 05:00:00,2026-06-03 07:00:00,karup,15.39,29.51,2.95,0.0,994.886,85.86,100.0
1780466400,2026-06-03 06:00:00,2026-06-03 08:00:00,karup,15.325,37.96,2.975,0.095,995.101,91.69,100.0
1780470000,2026-06-03 07:00:00,2026-06-03 09:00:00,karup,15.355,73.39,2.945,1.2,995.232,95.57,96.6667
1780473600,2026-06-03 08:00:00,2026-06-03 10:00:00,karup,15.54,119.3,3.035,0.695,995.653,96.815,95.0
1780477200,2026-06-03 09:00:00,2026-06-03 11:00:00,karup,15.53,219.9,4.175,0.14,996.057,94.16,95.0
1780480800,2026-06-03 10:00:00,2026-06-03 12:00:00,karup,16.225,357.41,4.075,0.0,996.198,89.61,90.0
1780484400,2026-06-03 11:00:00,2026-06-03 13:00:00,karup,17.66,444.67,4.985,0.0,996.197,79.06,90.0
1780488000,2026-06-03 12:00:00,2026-06-03 14:00:00,karup,18.13,448.71,5.165,0.0,996.286,72.67,87.5
1780491600,2026-06-03 13:00:00,2026-06-03 15:00:00,karup,18.415,494.12,5.17,0.0,996.331,70.16,75.0
1780495200,2026-06-03 14:00:00,2026-06-03 16:00:00,karup,19.345,611.26,5.365,0.0,996.174,64.495,57.5
1780498800,2026-06-03 15:00:00,2026-06-03 17:00:00,karup,19.145,329.42,5.445,0.0,995.903,65.55,38.3333
1780502400,2026-06-03 16:00:00,2026-06-03 18:00:00,karup,19.38,432.46,5.455,0.0,995.845,64.13,45.8333
1780506000,2026-06-03 17:00:00,2026-06-03 19:00:00,karup,18.91,302.97,6.095,0.0,995.791,65.59,11.6667
1780509600,2026-06-03 18:00:00,2026-06-03 20:00:00,karup,17.775,248.31,4.925,0.0,996.055,71.11,40.0
1780513200,2026-06-03 19:00:00,2026-06-03 21:00:00,karup,16.215,70.4,4.28,0.0,995.794,77.435,30.8333
1780516800,2026-06-03 20:00:00,2026-06-03 22:00:00,karup,14.87,18.68,3.14,0.0,995.753,82.43,87.5
1780520400,2026-06-03 21:00:00,2026-06-03 23:00:00,karup,13.68,0.0,2.785,0.0,995.143,86.785,90.0
1780524000,2026-06-03 22:00:00,2026-06-04 00:00:00,karup,13.225,0.0,2.945,0.0,994.521,90.275,96.6667
1780527600,2026-06-03 23:00:00,2026-06-04 01:00:00,karup,13.67,0.0,3.13,0.0,993.592,90.98,100.0
1780531200,2026-06-04 00:00:00,2026-06-04 02:00:00,karup,13.84,0.0,4.0,0.0,992.645,91.7,100.0
1780534800,2026-06-04 01:00:00,2026-06-04 03:00:00,karup,14.06,0.0,4.7,0.0,991.768,90.21,95.0
1780538400,2026-06-04 02:00:00,2026-06-04 04:00:00,karup,14.085,0.0,4.35,0.255,991.21,91.05,100.0
1780542000,2026-06-04 03:00:00,2026-06-04 05:00:00,karup,13.81,0.0,4.955,0.28,990.995,94.015,98.3333
1780545600,2026-06-04 04:00:00,2026-06-04 06:00:00,karup,13.915,6.78,4.73,0.3,990.702,93.64,90.0
1780549200,2026-06-04 05:00:00,2026-06-04 07:00:00,karup,14.235,61.12,4.88,0.0,990.581,92.6,93.3333
1780552800,2026-06-04 06:00:00,2026-06-04 08:00:00,karup,14.47,45.04,4.425,0.615,990.642,93.185,93.3333
1780556400,2026-06-04 07:00:00,2026-06-04 09:00:00,karup,14.745,122.14,4.53,0.58,990.747,93.725,82.5
1780560000,2026-06-04 08:00:00,2026-06-04 10:00:00,karup,15.6,288.7,4.89,0.0,991.0,89.325,80.0
1780563600,2026-06-04 09:00:00,2026-06-04 11:00:00,karup,15.625,230.24,4.895,0.44,991.148,87.335,89.1667
1780567200,2026-06-04 10:00:00,2026-06-04 12:00:00,karup,16.18,357.15,4.795,0.0,991.102,84.025,75.8333
1780570800,2026-06-04 11:00:00,2026-06-04 13:00:00,karup,16.795,603.37,5.085,0.15,991.12,78.985,57.5
1780574400,2026-06-04 12:00:00,2026-06-04 14:00:00,karup,17.32,284.71,5.245,0.265,991.194,74.83,85.0
1780578000,2026-06-04 13:00:00,2026-06-04 15:00:00,karup,17.37,508.89,5.415,0.0,991.162,71.96,85.0
1780581600,2026-06-04 14:00:00,2026-06-04 16:00:00,karup,17.13,256.32,5.195,0.0,991.503,70.375,93.3333
1780585200,2026-06-04 15:00:00,2026-06-04 17:00:00,karup,14.895,60.78,4.325,2.365,991.428,82.665,85.8333
1780588800,2026-06-04 16:00:00,2026-06-04 18:00:00,karup,14.79,298.63,2.79,0.15,991.242,90.8,69.1667
1780592400,2026-06-04 17:00:00,2026-06-04 19:00:00,karup,15.3,208.27,2.625,0.0,991.166,89.255,80.8333
1780596000,2026-06-04 18:00:00,2026-06-04 20:00:00,karup,15.165,72.15,2.91,0.8,991.222,88.515,85.0
1780599600,2026-06-04 19:00:00,2026-06-04 21:00:00,karup,14.155,43.84,2.62,0.1,991.828,92.195,85.0
1780603200,2026-06-04 20:00:00,2026-06-04 22:00:00,karup,13.605,9.75,2.78,0.0,991.909,94.135,90.0
1780606800,2026-06-04 21:00:00,2026-06-04 23:00:00,karup,13.0,0.0,2.57,0.0,992.127,96.0,90.0
1780610400,2026-06-04 22:00:00,2026-06-05 00:00:00,karup,12.765,0.0,2.755,0.23,992.194,97.165,75.0
1780614000,2026-06-04 23:00:00,2026-06-05 01:00:00,karup,12.69,0.0,2.73,0.26,992.525,97.245,61.6667
1780617600,2026-06-05 00:00:00,2026-06-05 02:00:00,karup,12.465,0.0,3.12,0.07,992.837,97.235,82.5
1780621200,2026-06-05 01:00:00,2026-06-05 03:00:00,karup,12.4,0.0,3.105,0.0,993.178,97.205,90.0
1780624800,2026-06-05 02:00:00,2026-06-05 04:00:00,karup,12.13,0.0,3.335,0.0,993.475,97.07,90.0
1780628400,2026-06-05 03:00:00,2026-06-05 05:00:00,karup,12.14,0.0,3.2,0.0,994.018,97.245,91.6667
1780632000,2026-06-05 04:00:00,2026-06-05 06:00:00,karup,12.355,21.06,2.96,0.0,994.642,96.965,90.0
1780635600,2026-06-05 05:00:00,2026-06-05 07:00:00,karup,12.765,103.55,3.34,0.0,995.345,95.885,91.6667
1780639200,2026-06-05 06:00:00,2026-06-05 08:00:00,karup,13.565,90.95,4.13,0.0,996.118,93.74,90.0
1780642800,2026-06-05 07:00:00,2026-06-05 09:00:00,karup,14.42,200.9,4.925,0.0,997.004,90.54,90.0
1780646400,2026-06-05 08:00:00,2026-06-05 10:00:00,karup,14.945,194.49,4.715,0.715,997.737,86.535,90.0
1780650000,2026-06-05 09:00:00,2026-06-05 11:00:00,karup,15.38,276.45,4.905,0.96,998.291,84.03,78.3333
1780653600,2026-06-05 10:00:00,2026-06-05 12:00:00,karup,16.295,608.07,5.87,0.25,999.036,80.405,85.0
1780657200,2026-06-05 11:00:00,2026-06-05 13:00:00,karup,16.655,506.65,6.4,0.0,999.958,71.565,82.5
1780660800,2026-06-05 12:00:00,2026-06-05 14:00:00,karup,16.48,278.8,6.2,0.0,1000.81,71.48,50.0
1780664400,2026-06-05 13:00:00,2026-06-05 15:00:00,karup,17.13,441.34,6.645,0.0,1001.59,67.17,67.5
1780668000,2026-06-05 14:00:00,2026-06-05 16:00:00,karup,17.065,619.25,6.7,0.0,1002.43,67.22,93.3333
1780671600,2026-06-05 15:00:00,2026-06-05 17:00:00,karup,16.21,328.59,5.495,0.0,1003.16,71.085,93.3333
1780675200,2026-06-05 16:00:00,2026-06-05 18:00:00,karup,15.505,261.86,5.51,0.0,1003.86,73.69,100.0
1780678800,2026-06-05 17:00:00,2026-06-05 19:00:00,karup,15.235,185.5,4.63,0.0,1004.45,74.635,85.0
1780682400,2026-06-05 18:00:00,2026-06-05 20:00:00,karup,15.115,225.43,5.105,0.0,1005.17,73.01,55.0
1780686000,2026-06-05 19:00:00,2026-06-05 21:00:00,karup,14.355,137.56,4.355,0.0,1005.75,74.95,55.0
1780689600,2026-06-05 20:00:00,2026-06-05 22:00:00,karup,12.905,30.94,3.105,0.0,1006.28,77.035,0.0
1780693200,2026-06-05 21:00:00,2026-06-05 23:00:00,karup,11.595,0.0,2.335,0.0,1006.67,84.595,12.5
1780696800,2026-06-05 22:00:00,2026-06-06 00:00:00,karup,10.3,0.0,1.62,0.0,1006.99,90.435,28.3333
1780700400,2026-06-05 23:00:00,2026-06-06 01:00:00,karup,9.38,0.0,1.86,0.0,1007.26,93.935,0.0
1780704000,2026-06-06 00:00:00,2026-06-06 02:00:00,karup,8.42,0.0,1.77,0.0,1007.64,96.05,0.0
1780707600,2026-06-06 01:00:00,2026-06-06 03:00:00,karup,7.69,0.0,1.755,0.0,1008.02,97.05,5.0
1780711200,2026-06-06 02:00:00,2026-06-06 04:00:00,karup,7.345,0.0,1.975,0.0,1008.29,97.615,5.0
1780714800,2026-06-06 03:00:00,2026-06-06 05:00:00,karup,6.745,0.14,1.78,0.0,1008.39,97.89,7.5
1780718400,2026-06-06 04:00:00,2026-06-06 06:00:00,karup,6.785,50.94,1.32,0.0,1008.52,98.035,0.0
1780722000,2026-06-06 05:00:00,2026-06-06 07:00:00,karup,9.38,177.36,1.99,0.0,1008.61,93.99,50.0
1780725600,2026-06-06 06:00:00,2026-06-06 08:00:00,karup,11.765,250.13,1.975,0.0,1008.75,86.575,1.66667
1780729200,2026-06-06 07:00:00,2026-06-06 09:00:00,karup,13.12,396.26,2.155,0.0,1008.97,77.775,41.6667
1780732800,2026-06-06 08:00:00,2026-06-06 10:00:00,karup,14.235,589.77,2.755,0.0,1008.98,67.055,60.0
1780736400,2026-06-06 09:00:00,2026-06-06 11:00:00,karup,15.22,708.79,3.04,0.0,1008.96,60.31,63.3333
1780740000,2026-06-06 10:00:00,2026-06-06 12:00:00,karup,16.15,772.69,2.85,0.0,1008.73,55.345,3.33333
1780743600,2026-06-06 11:00:00,2026-06-06 13:00:00,karup,17.32,765.03,2.715,0.0,1008.66,53.255,34.1667
1780747200,2026-06-06 12:00:00,2026-06-06 14:00:00,karup,18.12,755.14,3.01,0.0,1008.41,53.065,65.8333
1780750800,2026-06-06 13:00:00,2026-06-06 15:00:00,karup,18.33,474.33,2.945,0.0,1008.33,53.095,90.0
1780754400,2026-06-06 14:00:00,2026-06-06 16:00:00,karup,18.23,304.6,2.88,0.0,1008.22,55.065,91.6667
1780758000,2026-06-06 15:00:00,2026-06-06 17:00:00,karup,18.05,261.2,2.265,0.0,1008.13,57.855,91.6667
1780761600,2026-06-06 16:00:00,2026-06-06 18:00:00,karup,17.33,359.89,2.025,0.0,1007.96,67.395,62.5
1780765200,2026-06-06 17:00:00,2026-06-06 19:00:00,karup,17.305,176.03,2.805,0.1,1007.75,72.87,91.6667
1780768800,2026-06-06 18:00:00,2026-06-06 20:00:00,karup,15.975,81.4,3.3,0.0,1007.63,78.995,93.3333
1780772400,2026-06-06 19:00:00,2026-06-06 21:00:00,karup,15.26,49.12,2.385,0.0,1007.74,78.31,90.0
1780776000,2026-06-06 20:00:00,2026-06-06 22:00:00,karup,14.975,9.46,1.325,0.0,1007.81,82.64,90.0
1780779600,2026-06-06 21:00:00,2026-06-06 23:00:00,karup,14.615,0.0,0.755,0.735,1007.43,87.575,100.0
1780783200,2026-06-06 22:00:00,2026-06-07 00:00:00,karup,13.935,0.0,2.27,0.35,1006.95,93.5,100.0
1780786800,2026-06-06 23:00:00,2026-06-07 01:00:00,karup,13.645,0.0,2.13,0.0,1006.88,95.41,100.0
1780790400,2026-06-07 00:00:00,2026-06-07 02:00:00,karup,13.64,0.0,2.36,0.0,1006.72,94.04,100.0
1780794000,2026-06-07 01:00:00,2026-06-07 03:00:00,karup,13.535,0.0,2.5,0.0,1006.27,92.735,100.0
1780797600,2026-06-07 02:00:00,2026-06-07 04:00:00,karup,13.43,0.0,2.405,0.0,1006.16,92.895,100.0
1780801200,2026-06-07 03:00:00,2026-06-07 05:00:00,karup,13.42,0.0,2.76,0.0,1006.13,94.645,100.0
1780804800,2026-06-07 04:00:00,2026-06-07 06:00:00,karup,13.64,3.1,2.785,0.0,1006.24,94.91,100.0
1780808400,2026-06-07 05:00:00,2026-06-07 07:00:00,karup,13.83,18.57,2.565,0.07,1006.3,95.315,100.0
1780812000,2026-06-07 06:00:00,2026-06-07 08:00:00,karup,14.165,113.07,2.18,0.0,1006.45,96.13,90.0
1780815600,2026-06-07 07:00:00,2026-06-07 09:00:00,karup,15.5,309.27,3.22,0.0,1006.0,90.71,87.5
1780819200,2026-06-07 08:00:00,2026-06-07 10:00:00,karup,16.235,232.14,3.43,0.2,1006.74,84.975,91.6667
1780822800,2026-06-07 09:00:00,2026-06-07 11:00:00,karup,16.16,256.87,3.165,0.05,1006.96,85.76,90.0
1780826400,2026-06-07 10:00:00,2026-06-07 12:00:00,karup,16.42,392.52,2.715,0.6,1007.31,83.29,91.6667
1780830000,2026-06-07 11:00:00,2026-06-07 13:00:00,karup,15.3,154.73,3.375,2.055,1007.62,88.33,100.0
1780833600,2026-06-07 12:00:00,2026-06-07 14:00:00,karup,15.145,199.83,2.105,1.45,1007.54,93.365,90.0
1780837200,2026-06-07 13:00:00,2026-06-07 15:00:00,karup,16.005,314.93,2.475,2.055,1007.68,90.71,93.3333
1780840800,2026-06-07 14:00:00,2026-06-07 16:00:00,karup,17.245,351.25,3.365,0.0,1008.08,83.095,90.0
1780844400,2026-06-07 15:00:00,2026-06-07 17:00:00,karup,16.335,291.72,5.445,0.0,1008.57,83.745,90.0
1780848000,2026-06-07 16:00:00,2026-06-07 18:00:00,karup,15.705,159.7,5.52,0.0,1008.8,81.26,93.3333
1780851600,2026-06-07 17:00:00,2026-06-07 19:00:00,karup,14.745,68.92,4.435,0.0,1009.18,89.49,100.0
1780855200,2026-06-07 18:00:00,2026-06-07 20:00:00,karup,14.445,22.31,4.035,0.045,1009.73,91.44,100.0
1780858800,2026-06-07 19:00:00,2026-06-07 21:00:00,karup,14.025,11.47,4.77,0.01,1010.35,93.58,100.0
1780862400,2026-06-07 20:00:00,2026-06-07 22:00:00,karup,13.7,4.17,4.51,0.0,1010.87,91.65,100.0
1780866000,2026-06-07 21:00:00,2026-06-07 23:00:00,karup,13.33,0.0,4.04,0.0,1011.26,90.295,100.0
1780869600,2026-06-07 22:00:00,2026-06-08 00:00:00,karup,13.06,0.0,3.28,0.0,1011.38,92.035,100.0
1780873200,2026-06-07 23:00:00,2026-06-08 01:00:00,karup,13.045,0.0,2.505,0.0,1011.42,92.15,100.0
1780876800,2026-06-08 00:00:00,2026-06-08 02:00:00,karup,12.96,0.0,2.57,0.0,1011.39,90.85,91.6667
1780880400,2026-06-08 01:00:00,2026-06-08 03:00:00,karup,12.33,0.0,1.825,0.0,1011.31,92.075,93.3333
1780884000,2026-06-08 02:00:00,2026-06-08 04:00:00,karup,12.08,0.0,1.8,0.0,1011.24,94.395,87.5
1780887600,2026-06-08 03:00:00,2026-06-08 05:00:00,karup,11.6,1.39,1.79,0.0,1011.04,96.605,39.1667
1780891200,2026-06-08 04:00:00,2026-06-08 06:00:00,karup,11.26,40.1,1.67,0.0,1010.86,97.86,84.1667
1780894800,2026-06-08 05:00:00,2026-06-08 07:00:00,karup,12.2,126.84,2.615,0.0,1010.88,97.68,96.6667
1780898400,2026-06-08 06:00:00,2026-06-08 08:00:00,karup,13.51,128.96,3.065,0.0,1010.77,95.93,91.6667
1780902000,2026-06-08 07:00:00,2026-06-08 09:00:00,karup,14.4,182.8,3.29,0.0,1010.5,90.76,90.0
1780905600,2026-06-08 08:00:00,2026-06-08 10:00:00,karup,14.975,268.71,3.12,0.05,1010.29,90.27,91.6667
1780909200,2026-06-08 09:00:00,2026-06-08 11:00:00,karup,15.64,167.09,3.375,0.0,1009.93,83.815,100.0
1780912800,2026-06-08 10:00:00,2026-06-08 12:00:00,karup,16.235,251.8,4.015,0.0,1009.66,78.27,100.0
1780916400,2026-06-08 11:00:00,2026-06-08 13:00:00,karup,16.37,159.58,3.68,0.0,1009.32,76.65,100.0
1780920000,2026-06-08 12:00:00,2026-06-08 14:00:00,karup,16.16,127.79,3.345,0.0,1008.76,78.465,93.3333
1780923600,2026-06-08 13:00:00,2026-06-08 15:00:00,karup,16.68,242.28,3.45,0.0,1008.26,76.51,100.0
1780927200,2026-06-08 14:00:00,2026-06-08 16:00:00,karup,16.785,134.17,3.075,0.0,1007.88,76.515,90.0
1780930800,2026-06-08 15:00:00,2026-06-08 17:00:00,karup,16.82,120.82,2.91,0.0,1007.33,78.065,100.0
1780934400,2026-06-08 16:00:00,2026-06-08 18:00:00,karup,16.29,36.93,2.615,0.125,1006.81,82.53,100.0
1780938000,2026-06-08 17:00:00,2026-06-08 19:00:00,karup,15.615,70.74,1.885,0.05,1006.3,89.57,100.0
1780941600,2026-06-08 18:00:00,2026-06-08 20:00:00,karup,15.295,30.48,1.945,0.2,1005.48,90.85,96.6667
1780945200,2026-06-08 19:00:00,2026-06-08 21:00:00,karup,15.16,33.19,1.335,0.0,1004.64,91.68,91.6667
1780948800,2026-06-08 20:00:00,2026-06-08 22:00:00,karup,14.93,5.72,1.96,0.0,1003.64,91.83,96.6667
1780952400,2026-06-08 21:00:00,2026-06-08 23:00:00,karup,14.835,0.0,3.275,0.0,1002.73,90.04,98.3333
1780956000,2026-06-08 22:00:00,2026-06-09 00:00:00,karup,14.675,0.0,2.135,1.57,1001.87,91.735,93.3333
1780959600,2026-06-08 23:00:00,2026-06-09 01:00:00,karup,14.515,0.0,2.865,0.1,1000.83,93.32,98.3333
1780963200,2026-06-09 00:00:00,2026-06-09 02:00:00,karup,14.555,0.0,3.35,0.0,999.65,93.745,95.0
1780966800,2026-06-09 01:00:00,2026-06-09 03:00:00,karup,14.61,0.0,3.175,0.0,998.283,94.325,100.0
1780970400,2026-06-09 02:00:00,2026-06-09 04:00:00,karup,14.525,0.0,3.215,0.36,997.338,95.385,100.0
1780974000,2026-06-09 03:00:00,2026-06-09 05:00:00,karup,14.355,0.0,2.385,7.095,996.778,97.745,100.0
1780977600,2026-06-09 04:00:00,2026-06-09 06:00:00,karup,13.485,1.88,3.19,4.685,996.802,97.79,100.0
1780981200,2026-06-09 05:00:00,2026-06-09 07:00:00,karup,12.625,23.22,2.895,0.185,996.941,97.53,100.0
1780984800,2026-06-09 06:00:00,2026-06-09 08:00:00,karup,12.635,56.75,3.345,0.0,997.376,97.585,91.6667
1780988400,2026-06-09 07:00:00,2026-06-09 09:00:00,karup,13.18,208.61,3.025,0.0,997.82,93.545,90.0
1780992000,2026-06-09 08:00:00,2026-06-09 10:00:00,karup,13.36,124.43,4.235,0.94,998.235,89.065,90.0
1780995600,2026-06-09 09:00:00,2026-06-09 11:00:00,karup,13.245,241.66,4.655,0.06,998.709,89.11,96.6667
1780999200,2026-06-09 10:00:00,2026-06-09 12:00:00,karup,13.155,195.27,4.77,0.59,999.292,88.255,91.6667
1781002800,2026-06-09 11:00:00,2026-06-09 13:00:00,karup,13.025,299.17,5.74,1.5,1000.02,89.79,91.6667
1781006400,2026-06-09 12:00:00,2026-06-09 14:00:00,karup,13.915,550.18,6.72,0.0,1000.69,82.805,75.0
1781010000,2026-06-09 13:00:00,2026-06-09 15:00:00,karup,15.185,844.43,7.64,0.0,1001.14,66.755,75.8333
1781013600,2026-06-09 14:00:00,2026-06-09 16:00:00,karup,14.57,399.99,6.905,0.0,1001.52,66.33,64.1667
1781017200,2026-06-09 15:00:00,2026-06-09 17:00:00,karup,15.27,546.8,7.065,0.0,1001.87,63.105,50.0
1781020800,2026-06-09 16:00:00,2026-06-09 18:00:00,karup,15.665,433.72,7.19,0.0,1002.18,59.49,42.5
1781024400,2026-06-09 17:00:00,2026-06-09 19:00:00,karup,15.045,285.91,7.135,0.0,1002.52,61.865,45.8333
1781028000,2026-06-09 18:00:00,2026-06-09 20:00:00,karup,14.445,223.21,6.28,0.0,1002.86,64.97,17.5
1781031600,2026-06-09 19:00:00,2026-06-09 21:00:00,karup,13.69,154.77,4.95,0.0,1003.22,70.37,29.1667
1781035200,2026-06-09 20:00:00,2026-06-09 22:00:00,karup,12.13,9.84,3.375,0.1,1003.48,78.24,44.1667
1781038800,2026-06-09 21:00:00,2026-06-09 23:00:00,karup,10.23,0.0,2.26,0.0,1003.58,88.165,0.0
1781042400,2026-06-09 22:00:00,2026-06-10 00:00:00,karup,9.39,0.0,2.215,0.0,1003.44,93.515,10.0
1781046000,2026-06-09 23:00:00,2026-06-10 01:00:00,karup,8.915,0.0,2.145,0.0,1003.29,95.01,22.5
1781049600,2026-06-10 00:00:00,2026-06-10 02:00:00,karup,8.59,0.0,2.53,0.0,1003.28,95.575,72.5
1781053200,2026-06-10 01:00:00,2026-06-10 03:00:00,karup,9.09,0.0,3.365,0.32,1003.06,94.64,100.0
1781056800,2026-06-10 02:00:00,2026-06-10 04:00:00,karup,8.855,0.0,2.45,0.0,1003.17,96.165,100.0
1781060400,2026-06-10 03:00:00,2026-06-10 05:00:00,karup,8.73,0.18,2.315,0.915,1003.08,96.71,93.3333
1781064000,2026-06-10 04:00:00,2026-06-10 06:00:00,karup,8.665,36.47,2.42,0.22,1002.88,96.89,39.1667
1781067600,2026-06-10 05:00:00,2026-06-10 07:00:00,karup,9.32,161.7,2.755,0.0,1003.0,95.125,40.0
1781071200,2026-06-10 06:00:00,2026-06-10 08:00:00,karup,10.95,153.81,3.71,0.0,1003.51,90.97,65.8333
1781074800,2026-06-10 07:00:00,2026-06-10 09:00:00,karup,11.065,444.9,3.705,0.35,1003.43,87.77,13.3333
1781078400,2026-06-10 08:00:00,2026-06-10 10:00:00,karup,13.11,599.01,4.845,0.0,1003.49,77.825,87.5
1781082000,2026-06-10 09:00:00,2026-06-10 11:00:00,karup,13.31,578.63,5.66,0.515,1003.8,73.915,29.1667
1781085600,2026-06-10 10:00:00,2026-06-10 12:00:00,karup,12.31,590.94,4.515,0.48,1003.91,82.565,66.6667
1781089200,2026-06-10 11:00:00,2026-06-10 13:00:00,karup,13.16,443.89,4.9,0.38,1004.04,78.24,73.3333
1781092800,2026-06-10 12:00:00,2026-06-10 14:00:00,karup,13.755,649.35,5.815,0.45,1004.56,74.275,85.0
1781096400,2026-06-10 13:00:00,2026-06-10 15:00:00,karup,14.19,641.0,6.03,0.0,1005.19,71.53,75.0
1781100000,2026-06-10 14:00:00,2026-06-10 16:00:00,karup,14.76,374.97,5.99,0.0,1005.57,63.45,87.5
1781103600,2026-06-10 15:00:00,2026-06-10 17:00:00,karup,14.795,496.24,5.56,0.0,1005.86,61.99,66.6667
1781107200,2026-06-10 16:00:00,2026-06-10 18:00:00,karup,15.01,521.15,5.36,0.0,1006.13,60.99,55.8333
1781110800,2026-06-10 17:00:00,2026-06-10 19:00:00,karup,14.925,359.8,4.675,0.0,1006.63,60.04,13.3333
1781114400,2026-06-10 18:00:00,2026-06-10 20:00:00,karup,14.375,249.35,4.685,0.0,1007.08,59.435,7.5
1781118000,2026-06-10 19:00:00,2026-06-10 21:00:00,karup,13.11,138.92,2.81,0.0,1007.45,68.765,1.66667
1781121600,2026-06-10 20:00:00,2026-06-10 22:00:00,karup,12.11,24.56,1.975,0.0,1008.08,75.475,1.66667
1781125200,2026-06-10 21:00:00,2026-06-10 23:00:00,karup,9.92,0.0,1.15,0.0,1008.44,85.32,60.8333
1781128800,2026-06-10 22:00:00,2026-06-11 00:00:00,karup,8.43,0.0,0.85,0.0,1008.68,91.97,69.1667
1781132400,2026-06-10 23:00:00,2026-06-11 01:00:00,karup,7.45,0.0,0.515,0.0,1008.83,94.73,17.5
1781136000,2026-06-11 00:00:00,2026-06-11 02:00:00,karup,6.23,0.0,0.56,0.0,1008.97,96.13,20.0
1781139600,2026-06-11 01:00:00,2026-06-11 03:00:00,karup,5.63,0.0,0.515,0.0,1008.98,97.325,44.1667
1781143200,2026-06-11 02:00:00,2026-06-11 04:00:00,karup,4.92,0.0,0.315,0.0,1009.12,98.29,0.0
1781146800,2026-06-11 03:00:00,2026-06-11 05:00:00,karup,4.1,0.0,0.055,0.0,1009.14,98.235,0.0
1781150400,2026-06-11 04:00:00,2026-06-11 06:00:00,karup,4.845,54.9,0.29,0.0,1009.15,97.985,0.0
1781154000,2026-06-11 05:00:00,2026-06-11 07:00:00,karup,7.83,170.35,0.255,0.0,1009.37,96.19,0.0
1781157600,2026-06-11 06:00:00,2026-06-11 08:00:00,karup,11.415,315.28,0.835,0.0,1009.71,85.395,1.66667
1781161200,2026-06-11 07:00:00,2026-06-11 09:00:00,karup,13.2,453.3,0.655,0.0,1009.86,69.675,20.0
1781164800,2026-06-11 08:00:00,2026-06-11 10:00:00,karup,13.66,455.72,0.82,0.0,1009.73,64.805,45.0
1781168400,2026-06-11 09:00:00,2026-06-11 11:00:00,karup,14.315,695.03,1.065,0.0,1009.77,58.695,63.3333
1781172000,2026-06-11 10:00:00,2026-06-11 12:00:00,karup,14.85,773.21,2.325,0.0,1009.94,57.405,85.0
1781175600,2026-06-11 11:00:00,2026-06-11 13:00:00,karup,13.63,349.62,4.51,0.0,1009.99,65.08,91.6667
1781179200,2026-06-11 12:00:00,2026-06-11 14:00:00,karup,14.15,653.06,2.825,0.0,1009.82,60.31,45.0
1781182800,2026-06-11 13:00:00,2026-06-11 15:00:00,karup,15.06,731.59,3.125,0.0,1009.68,54.52,45.8333
1781186400,2026-06-11 14:00:00,2026-06-11 16:00:00,karup,15.21,260.57,3.255,0.0,1009.43,52.935,28.3333
1781190000,2026-06-11 15:00:00,2026-06-11 17:00:00,karup,15.675,375.62,2.795,0.0,1009.33,51.695,60.0
1781193600,2026-06-11 16:00:00,2026-06-11 18:00:00,karup,14.465,125.68,3.76,0.895,1009.32,64.26,93.3333
1781197200,2026-06-11 17:00:00,2026-06-11 19:00:00,karup,13.53,381.53,2.735,0.105,1009.31,76.735,61.6667
1781200800,2026-06-11 18:00:00,2026-06-11 20:00:00,karup,14.77,262.79,3.405,0.0,1009.44,65.48,1.66667
1781204400,2026-06-11 19:00:00,2026-06-11 21:00:00,karup,14.155,141.82,3.295,0.0,1009.39,65.015,0.0
1781208000,2026-06-11 20:00:00,2026-06-11 22:00:00,karup,12.805,33.47,1.305,0.0,1009.49,73.41,0.0
1781211600,2026-06-11 21:00:00,2026-06-11 23:00:00,karup,9.98,0.0,1.18,0.0,1009.49,86.145,1.66667
1781215200,2026-06-11 22:00:00,2026-06-12 00:00:00,karup,8.125,0.0,1.1,0.0,1009.21,92.14,28.3333
1781218800,2026-06-11 23:00:00,2026-06-12 01:00:00,karup,6.965,0.0,1.295,0.0,1008.64,94.28,43.3333
1781222400,2026-06-12 00:00:00,2026-06-12 02:00:00,karup,7.07,0.0,1.52,0.0,1008.06,96.315,39.1667
1781226000,2026-06-12 01:00:00,2026-06-12 03:00:00,karup,6.94,0.0,1.725,0.0,1007.59,96.97,90.0
1781229600,2026-06-12 02:00:00,2026-06-12 04:00:00,karup,7.13,0.0,1.855,0.0,1007.36,97.325,96.6667
1781233200,2026-06-12 03:00:00,2026-06-12 05:00:00,karup,8.055,4.39,2.07,0.0,1006.85,96.305,81.6667
1781236800,2026-06-12 04:00:00,2026-06-12 06:00:00,karup,8.825,21.12,2.435,0.0,1006.67,94.175,98.3333
1781240400,2026-06-12 05:00:00,2026-06-12 07:00:00,karup,9.75,41.11,2.595,0.0,1006.38,93.93,93.3333
1781244000,2026-06-12 06:00:00,2026-06-12 08:00:00,karup,10.865,109.34,2.515,0.0,1006.16,93.44,95.0
1781247600,2026-06-12 07:00:00,2026-06-12 09:00:00,karup,12.08,158.64,2.805,0.0,1006.14,89.545,95.0
1781251200,2026-06-12 08:00:00,2026-06-12 10:00:00,karup,13.07,226.34,3.995,0.0,1005.66,83.48,91.6667
1781254800,2026-06-12 09:00:00,2026-06-12 11:00:00,karup,14.065,481.79,4.84,0.0,1005.23,75.595,93.3333
1781258400,2026-06-12 10:00:00,2026-06-12 12:00:00,karup,14.465,301.14,4.815,0.0,1004.88,73.8,100.0
1781262000,2026-06-12 11:00:00,2026-06-12 13:00:00,karup,14.465,271.01,4.32,0.0,1004.67,76.56,100.0
1781265600,2026-06-12 12:00:00,2026-06-12 14:00:00,karup,13.47,178.93,4.15,0.185,1004.31,87.505,100.0
1781269200,2026-06-12 13:00:00,2026-06-12 15:00:00,karup,12.985,128.48,3.875,0.98,1003.83,95.41,100.0
1781272800,2026-06-12 14:00:00,2026-06-12 16:00:00,karup,13.06,116.93,4.345,0.635,1003.33,96.425,95.0
1781276400,2026-06-12 15:00:00,2026-06-12 17:00:00,karup,13.58,142.7,3.98,1.28,1003.25,96.67,96.6667
1781280000,2026-06-12 16:00:00,2026-06-12 18:00:00,karup,14.02,256.57,4.705,0.0,1003.19,91.94,91.6667
1781283600,2026-06-12 17:00:00,2026-06-12 19:00:00,karup,14.075,173.23,6.18,0.055,1003.65,88.225,100.0
1781287200,2026-06-12 18:00:00,2026-06-12 20:00:00,karup,13.09,67.16,5.095,0.0,1004.04,95.095,100.0
1781290800,2026-06-12 19:00:00,2026-06-12 21:00:00,karup,12.85,40.41,4.96,0.06,1004.39,93.24,100.0
1781294400,2026-06-12 20:00:00,2026-06-12 22:00:00,karup,12.555,4.05,3.35,0.0,1004.49,92.68,88.3333
1781298000,2026-06-12 21:00:00,2026-06-12 23:00:00,karup,12.015,0.0,2.555,0.0,1004.31,94.23,84.1667
1781301600,2026-06-12 22:00:00,2026-06-13 00:00:00,karup,11.725,0.0,2.625,0.0,1004.05,95.22,90.0
1781305200,2026-06-12 23:00:00,2026-06-13 01:00:00,karup,11.535,0.0,2.51,0.0,1003.62,95.39,90.0
1781308800,2026-06-13 00:00:00,2026-06-13 02:00:00,karup,11.295,0.0,2.455,0.0,1003.31,95.83,20.0
1781312400,2026-06-13 01:00:00,2026-06-13 03:00:00,karup,10.005,0.0,2.26,0.0,1003.11,97.435,11.6667
1781316000,2026-06-13 02:00:00,2026-06-13 04:00:00,karup,9.235,0.0,2.26,0.0,1002.61,98.59,95.8333
1781319600,2026-06-13 03:00:00,2026-06-13 05:00:00,karup,9.615,2.15,2.5,0.0,1001.97,98.89,95.0
1781323200,2026-06-13 04:00:00,2026-06-13 06:00:00,karup,10.555,5.39,2.625,0.345,1001.51,98.37,100.0
1781326800,2026-06-13 05:00:00,2026-06-13 07:00:00,karup,11.315,50.19,2.78,0.325,1001.06,98.77,85.0
1781330400,2026-06-13 06:00:00,2026-06-13 08:00:00,karup,12.485,213.43,3.18,0.0,1000.6,95.895,73.3333
1781334000,2026-06-13 07:00:00,2026-06-13 09:00:00,karup,13.185,265.75,4.335,0.0,1000.17,87.135,90.0
1781337600,2026-06-13 08:00:00,2026-06-13 10:00:00,karup,12.995,249.04,5.505,0.16,999.951,85.17,91.6667
1781341200,2026-06-13 09:00:00,2026-06-13 11:00:00,karup,12.735,374.96,4.92,0.155,999.74,85.905,90.0
1781344800,2026-06-13 10:00:00,2026-06-13 12:00:00,karup,12.865,318.84,5.3,0.445,999.805,86.615,100.0
1781348400,2026-06-13 11:00:00,2026-06-13 13:00:00,karup,12.7,465.81,4.88,2.65,999.863,83.8,98.3333
1781352000,2026-06-13 12:00:00,2026-06-13 14:00:00,karup,13.515,631.18,5.265,0.8,1000.03,80.305,66.6667
1781355600,2026-06-13 13:00:00,2026-06-13 15:00:00,karup,13.36,356.47,4.97,1.005,1000.11,84.91,60.8333
1781359200,2026-06-13 14:00:00,2026-06-13 16:00:00,karup,14.33,615.8,6.885,0.0,1000.44,77.925,42.5
1781362800,2026-06-13 15:00:00,2026-06-13 17:00:00,karup,14.705,462.72,7.35,0.0,1000.6,67.92,90.8333
1781366400,2026-06-13 16:00:00,2026-06-13 18:00:00,karup,14.08,307.12,6.685,0.0,1000.64,71.255,82.5
1781370000,2026-06-13 17:00:00,2026-06-13 19:00:00,karup,13.605,237.47,6.295,0.25,1000.66,73.69,80.8333
1781373600,2026-06-13 18:00:00,2026-06-13 20:00:00,karup,13.005,163.46,6.435,0.55,1000.65,82.205,57.5
1781377200,2026-06-13 19:00:00,2026-06-13 21:00:00,karup,12.57,52.6,4.56,0.0,1000.53,84.06,91.6667
1781380800,2026-06-13 20:00:00,2026-06-13 22:00:00,karup,11.215,6.79,3.775,0.295,1000.37,91.545,90.0
1781384400,2026-06-13 21:00:00,2026-06-13 23:00:00,karup,11.105,0.0,4.08,0.74,1000.12,94.09,96.6667
1781388000,2026-06-13 22:00:00,2026-06-14 00:00:00,karup,10.595,0.0,3.78,0.745,999.799,94.16,90.0
1781391600,2026-06-13 23:00:00,2026-06-14 01:00:00,karup,10.525,0.0,3.98,0.65,999.28,95.155,90.0
1781395200,2026-06-14 00:00:00,2026-06-14 02:00:00,karup,10.265,0.0,3.99,0.0,998.782,95.935,80.8333
1781398800,2026-06-14 01:00:00,2026-06-14 03:00:00,karup,10.385,0.0,4.355,0.0,998.314,95.65,96.6667
1781402400,2026-06-14 02:00:00,2026-06-14 04:00:00,karup,10.55,0.0,4.655,1.915,997.95,96.33,100.0
1781406000,2026-06-14 03:00:00,2026-06-14 05:00:00,karup,10.985,0.0,5.105,1.025,998.056,96.4,93.3333
1781409600,2026-06-14 04:00:00,2026-06-14 06:00:00,karup,11.18,21.37,3.485,0.36,998.149,96.32,96.6667
1781413200,2026-06-14 05:00:00,2026-06-14 07:00:00,karup,11.66,29.88,3.015,0.0,998.307,96.725,90.0
1781416800,2026-06-14 06:00:00,2026-06-14 08:00:00,karup,12.54,170.57,3.785,0.0,998.732,94.0,87.5
1781420400,2026-06-14 07:00:00,2026-06-14 09:00:00,karup,13.48,269.02,4.1,0.0,999.143,88.09,80.0
1781424000,2026-06-14 08:00:00,2026-06-14 10:00:00,karup,14.285,397.4,4.335,0.0,999.461,80.495,90.0
1781427600,2026-06-14 09:00:00,2026-06-14 11:00:00,karup,14.97,418.37,4.91,0.0,999.745,75.64,85.8333
1781431200,2026-06-14 10:00:00,2026-06-14 12:00:00,karup,14.955,307.67,5.16,0.0,999.916,75.195,90.0
1781434800,2026-06-14 11:00:00,2026-06-14 13:00:00,karup,15.69,430.45,5.8,0.0,1000.12,71.43,89.1667
1781438400,2026-06-14 12:00:00,2026-06-14 14:00:00,karup,15.995,470.97,6.055,0.0,1000.12,68.65,82.5
1781442000,2026-06-14 13:00:00,2026-06-14 15:00:00,karup,16.615,592.79,6.575,0.0,1000.11,64.72,85.0
1781445600,2026-06-14 14:00:00,2026-06-14 16:00:00,karup,16.89,336.94,6.485,0.0,1000.49,61.315,85.0
1781449200,2026-06-14 15:00:00,2026-06-14 17:00:00,karup,16.275,163.73,6.17,0.0,1000.6,66.29,45.0
1781452800,2026-06-14 16:00:00,2026-06-14 18:00:00,karup,16.535,443.49,5.77,0.0,1000.57,67.845,34.1667
1781456400,2026-06-14 17:00:00,2026-06-14 19:00:00,karup,16.22,304.7,5.705,0.0,1000.78,68.78,26.6667
1781460000,2026-06-14 18:00:00,2026-06-14 20:00:00,karup,15.05,189.21,5.56,0.0,1000.82,74.165,70.8333
1781463600,2026-06-14 19:00:00,2026-06-14 21:00:00,karup,13.895,104.13,4.895,0.0,1000.36,80.53,72.5
1781467200,2026-06-14 20:00:00,2026-06-14 22:00:00,karup,12.61,25.35,4.745,0.0,1000.21,86.785,80.0
1781470800,2026-06-14 21:00:00,2026-06-14 23:00:00,karup,11.685,0.0,4.39,0.0,999.847,91.535,69.1667
1781474400,2026-06-14 22:00:00,2026-06-15 00:00:00,karup,11.675,0.0,4.4,0.0,999.571,92.655,91.6667
1781478000,2026-06-14 23:00:00,2026-06-15 01:00:00,karup,12.04,0.0,5.225,0.0,999.122,91.585,93.3333
1781481600,2026-06-15 00:00:00,2026-06-15 02:00:00,karup,11.935,0.0,6.1,0.0,998.478,90.595,100.0
1781485200,2026-06-15 01:00:00,2026-06-15 03:00:00,karup,11.91,0.0,5.42,0.0,997.987,91.415,100.0
1781488800,2026-06-15 02:00:00,2026-06-15 04:00:00,karup,12.215,0.0,5.76,0.0,997.652,89.54,100.0
1781492400,2026-06-15 03:00:00,2026-06-15 05:00:00,karup,12.195,0.84,5.475,0.0,997.527,88.58,100.0
1781496000,2026-06-15 04:00:00,2026-06-15 06:00:00,karup,12.115,8.77,4.815,0.0,997.779,90.51,100.0
1781499600,2026-06-15 05:00:00,2026-06-15 07:00:00,karup,12.29,28.04,3.485,0.0,998.028,91.995,95.0
1781503200,2026-06-15 06:00:00,2026-06-15 08:00:00,karup,13.3,175.06,3.39,0.0,998.543,89.465,80.0
1781506800,2026-06-15 07:00:00,2026-06-15 09:00:00,karup,14.615,293.43,2.71,0.0,999.06,81.61,70.8333
1781510400,2026-06-15 08:00:00,2026-06-15 10:00:00,karup,15.785,419.84,4.16,0.0,999.527,70.115,30.0
1781514000,2026-06-15 09:00:00,2026-06-15 11:00:00,karup,16.515,469.14,4.59,0.0,999.939,62.125,28.3333
1781517600,2026-06-15 10:00:00,2026-06-15 12:00:00,karup,17.155,567.49,5.245,0.0,1000.43,54.715,49.1667
1781521200,2026-06-15 11:00:00,2026-06-15 13:00:00,karup,17.4,653.53,5.005,0.0,1000.89,55.045,75.0
1781524800,2026-06-15 12:00:00,2026-06-15 14:00:00,karup,17.5,536.16,4.96,0.0,1001.27,55.605,82.5
1781528400,2026-06-15 13:00:00,2026-06-15 15:00:00,karup,17.715,614.71,5.14,0.0,1001.64,54.55,96.6667
1781532000,2026-06-15 14:00:00,2026-06-15 16:00:00,karup,16.955,312.67,4.515,0.0,1002.11,59.745,90.0
1781535600,2026-06-15 15:00:00,2026-06-15 17:00:00,karup,16.42,137.14,4.435,0.0,1002.28,65.7,91.6667
1781539200,2026-06-15 16:00:00,2026-06-15 18:00:00,karup,16.635,208.98,4.69,0.0,1002.58,63.92,72.5
1781542800,2026-06-15 17:00:00,2026-06-15 19:00:00,karup,15.86,323.04,6.375,0.0,1003.06,70.7,40.0
1781546400,2026-06-15 18:00:00,2026-06-15 20:00:00,karup,14.55,205.15,5.835,0.0,1003.57,72.345,90.0
1781550000,2026-06-15 19:00:00,2026-06-15 21:00:00,karup,13.11,34.55,5.095,0.0,1003.94,76.12,93.3333
1781553600,2026-06-15 20:00:00,2026-06-15 22:00:00,karup,12.42,8.75,4.525,0.0,1004.3,77.245,82.5
1781557200,2026-06-15 21:00:00,2026-06-15 23:00:00,karup,11.38,0.0,3.33,0.0,1004.55,80.605,90.0
1781560800,2026-06-15 22:00:00,2026-06-16 00:00:00,karup,11.035,0.0,2.78,0.0,1004.56,82.36,96.6667
1781564400,2026-06-15 23:00:00,2026-06-16 01:00:00,karup,11.04,0.0,2.94,0.0,1004.53,80.79,100.0
1781568000,2026-06-16 00:00:00,2026-06-16 02:00:00,karup,10.915,0.0,3.755,0.0,1004.63,77.455,100.0
1781571600,2026-06-16 01:00:00,2026-06-16 03:00:00,karup,10.75,0.0,4.485,0.0,1004.48,72.58,100.0
1781575200,2026-06-16 02:00:00,2026-06-16 04:00:00,karup,10.595,0.0,3.425,0.0,1004.29,71.585,100.0
1781578800,2026-06-16 03:00:00,2026-06-16 05:00:00,karup,10.485,0.0,3.52,0.0,1004.25,73.165,100.0
1781582400,2026-06-16 04:00:00,2026-06-16 06:00:00,karup,10.475,15.78,3.255,0.0,1004.32,73.135,100.0
1781586000,2026-06-16 05:00:00,2026-06-16 07:00:00,karup,10.64,33.44,3.195,0.0,1004.58,72.8,100.0
1781589600,2026-06-16 06:00:00,2026-06-16 08:00:00,karup,11.07,83.68,3.685,0.0,1004.84,73.39,100.0
1781593200,2026-06-16 07:00:00,2026-06-16 09:00:00,karup,11.445,134.26,4.75,0.0,1005.06,71.555,100.0
1781596800,2026-06-16 08:00:00,2026-06-16 10:00:00,karup,11.82,178.51,5.255,0.0,1005.44,68.395,100.0
1781600400,2026-06-16 09:00:00,2026-06-16 11:00:00,karup,12.035,227.04,5.565,0.0,1005.76,67.065,100.0
1781604000,2026-06-16 10:00:00,2026-06-16 12:00:00,karup,12.285,214.26,5.635,0.0,1006.12,67.35,100.0
1781607600,2026-06-16 11:00:00,2026-06-16 13:00:00,karup,12.37,239.96,4.76,0.0,1006.52,66.055,98.3333
1781611200,2026-06-16 12:00:00,2026-06-16 14:00:00,karup,12.825,209.91,5.46,0.0,1006.8,65.805,95.0
1781614800,2026-06-16 13:00:00,2026-06-16 15:00:00,karup,13.045,235.75,5.295,0.0,1006.97,65.585,100.0
1781618400,2026-06-16 14:00:00,2026-06-16 16:00:00,karup,13.125,256.92,5.395,0.0,1007.07,65.58,98.3333
1781622000,2026-06-16 15:00:00,2026-06-16 17:00:00,karup,13.31,378.78,4.98,0.0,1007.14,63.74,93.3333
1781625600,2026-06-16 16:00:00,2026-06-16 18:00:00,karup,13.23,331.62,5.095,0.0,1007.21,64.45,96.6667
1781629200,2026-06-16 17:00:00,2026-06-16 19:00:00,karup,12.71,173.75,5.515,0.0,1007.45,66.575,90.0
1781632800,2026-06-16 18:00:00,2026-06-16 20:00:00,karup,12.345,94.37,4.94,0.0,1007.8,66.975,95.0
1781636400,2026-06-16 19:00:00,2026-06-16 21:00:00,karup,11.965,32.09,4.405,0.0,1008.18,70.2,96.6667
1781640000,2026-06-16 20:00:00,2026-06-16 22:00:00,karup,11.47,7.97,4.54,0.0,1008.48,71.455,98.3333
1781643600,2026-06-16 21:00:00,2026-06-16 23:00:00,karup,11.06,0.0,3.69,0.0,1008.6,72.58,100.0
1781647200,2026-06-16 22:00:00,2026-06-17 00:00:00,karup,10.68,0.0,3.475,0.0,1008.74,74.015,100.0
1781650800,2026-06-16 23:00:00,2026-06-17 01:00:00,karup,10.565,0.0,3.385,0.0,1008.85,75.0,100.0
1781654400,2026-06-17 00:00:00,2026-06-17 02:00:00,karup,10.4,0.0,3.595,0.0,1008.79,75.79,100.0
1781658000,2026-06-17 01:00:00,2026-06-17 03:00:00,karup,10.19,0.0,3.32,0.0,1008.66,77.4,100.0
1781661600,2026-06-17 02:00:00,2026-06-17 04:00:00,karup,9.44,0.0,2.23,0.0,1008.81,81.77,100.0
1781665200,2026-06-17 03:00:00,2026-06-17 05:00:00,karup,9.315,2.16,2.21,0.0,1008.98,83.705,100.0
1781668800,2026-06-17 04:00:00,2026-06-17 06:00:00,karup,9.655,32.19,2.4,0.0,1009.05,82.235,90.0
1781672400,2026-06-17 05:00:00,2026-06-17 07:00:00,karup,10.595,122.99,2.69,0.0,1009.21,80.545,90.0
1781676000,2026-06-17 06:00:00,2026-06-17 08:00:00,karup,11.225,149.7,2.47,0.0,1009.27,79.88,90.0
1781679600,2026-06-17 07:00:00,2026-06-17 09:00:00,karup,12.09,261.89,3.695,0.0,1009.55,78.04,90.0
1781683200,2026-06-17 08:00:00,2026-06-17 10:00:00,karup,13.23,398.51,4.6,0.0,1009.62,73.84,90.0
1781686800,2026-06-17 09:00:00,2026-06-17 11:00:00,karup,14.26,470.57,3.425,0.0,1009.41,70.505,87.5
1781690400,2026-06-17 10:00:00,2026-06-17 12:00:00,karup,14.95,435.85,3.465,0.0,1009.51,68.185,87.5
1781694000,2026-06-17 11:00:00,2026-06-17 13:00:00,karup,15.905,513.92,4.245,0.0,1009.54,66.915,91.6667
1781697600,2026-06-17 12:00:00,2026-06-17 14:00:00,karup,16.025,417.69,4.19,0.0,1009.35,69.065,95.0
1781701200,2026-06-17 13:00:00,2026-06-17 15:00:00,karup,15.67,227.12,3.925,0.0,1009.2,72.42,100.0
1781704800,2026-06-17 14:00:00,2026-06-17 16:00:00,karup,15.46,106.91,3.58,0.0,1009.09,74.08,100.0
1781708400,2026-06-17 15:00:00,2026-06-17 17:00:00,karup,14.58,103.63,2.775,0.0,1008.36,82.025,100.0
1781712000,2026-06-17 16:00:00,2026-06-17 18:00:00,karup,15.655,152.67,3.93,0.0,1007.87,76.195,100.0
1781715600,2026-06-17 17:00:00,2026-06-17 19:00:00,karup,15.625,49.57,4.815,0.0,1007.56,79.23,100.0
1781719200,2026-06-17 18:00:00,2026-06-17 20:00:00,karup,15.28,25.86,4.14,0.0,1007.24,87.72,100.0
1781722800,2026-06-17 19:00:00,2026-06-17 21:00:00,karup,15.0,20.45,3.705,0.59,1007.18,95.75,100.0
1781726400,2026-06-17 20:00:00,2026-06-17 22:00:00,karup,15.145,3.22,4.23,0.415,1007.44,99.13,100.0
1781730000,2026-06-17 21:00:00,2026-06-17 23:00:00,karup,14.96,0.0,4.245,0.195,1007.68,99.065,100.0
1781733600,2026-06-17 22:00:00,2026-06-18 00:00:00,karup,14.705,0.0,4.1,0.0,1008.07,98.965,100.0
1781737200,2026-06-17 23:00:00,2026-06-18 01:00:00,karup,14.39,0.0,3.835,0.0,1008.24,98.55,100.0
1781740800,2026-06-18 00:00:00,2026-06-18 02:00:00,karup,14.0,0.0,3.25,0.0,1008.41,98.48,100.0
1781744400,2026-06-18 01:00:00,2026-06-18 03:00:00,karup,13.745,0.0,3.635,0.0,1008.57,99.08,83.3333
1781748000,2026-06-18 02:00:00,2026-06-18 04:00:00,karup,13.575,0.0,3.355,0.0,1008.6,99.5,95.0
1781751600,2026-06-18 03:00:00,2026-06-18 05:00:00,karup,13.34,0.0,3.435,0.0,1008.96,98.61,100.0
1781755200,2026-06-18 04:00:00,2026-06-18 06:00:00,karup,13.275,20.02,2.575,0.0,1009.0,97.3,100.0
1781758800,2026-06-18 05:00:00,2026-06-18 07:00:00,karup,13.58,68.39,3.095,0.0,1009.1,97.715,96.6667
1781762400,2026-06-18 06:00:00,2026-06-18 08:00:00,karup,14.155,99.93,3.58,0.0,1009.63,97.3,87.5
1781766000,2026-06-18 07:00:00,2026-06-18 09:00:00,karup,14.975,180.15,3.705,0.0,1009.87,92.88,54.1667
1781769600,2026-06-18 08:00:00,2026-06-18 10:00:00,karup,16.41,425.44,3.85,0.0,1009.98,85.895,37.5
1781773200,2026-06-18 09:00:00,2026-06-18 11:00:00,karup,18.055,542.36,4.43,0.0,1010.19,77.75,52.5
1781776800,2026-06-18 10:00:00,2026-06-18 12:00:00,karup,19.33,624.53,5.265,0.0,1010.31,71.33,49.1667
1781780400,2026-06-18 11:00:00,2026-06-18 13:00:00,karup,20.315,739.16,5.32,0.0,1010.38,63.755,57.5
1781784000,2026-06-18 12:00:00,2026-06-18 14:00:00,karup,20.9,817.78,5.15,0.0,1010.39,60.15,30.8333
1781787600,2026-06-18 13:00:00,2026-06-18 15:00:00,karup,21.145,724.25,5.025,0.0,1010.32,57.705,48.3333
1781791200,2026-06-18 14:00:00,2026-06-18 16:00:00,karup,21.45,668.86,4.615,0.0,1010.3,56.445,32.5
1781794800,2026-06-18 15:00:00,2026-06-18 17:00:00,karup,21.7,522.15,4.59,0.0,1010.08,54.05,7.5
1781798400,2026-06-18 16:00:00,2026-06-18 18:00:00,karup,21.285,272.63,4.2,0.0,1010.01,56.205,14.1667
1781802000,2026-06-18 17:00:00,2026-06-18 19:00:00,karup,21.565,401.61,4.17,0.0,1009.92,54.86,5.0
1781805600,2026-06-18 18:00:00,2026-06-18 20:00:00,karup,21.145,252.82,3.15,0.0,1010.01,55.82,0.0
1781809200,2026-06-18 19:00:00,2026-06-18 21:00:00,karup,20.005,91.32,2.42,0.0,1009.99,60.175,0.0
1781812800,2026-06-18 20:00:00,2026-06-18 22:00:00,karup,18.475,28.93,0.675,0.0,1010.1,70.295,0.0
1781816400,2026-06-18 21:00:00,2026-06-18 23:00:00,karup,15.935,0.0,0.915,0.0,1010.15,82.0,15.8333
1781820000,2026-06-18 22:00:00,2026-06-19 00:00:00,karup,14.575,0.0,0.77,0.0,1009.79,88.195,90.0
1781823600,2026-06-18 23:00:00,2026-06-19 01:00:00,karup,14.23,0.0,0.995,0.0,1009.64,91.385,90.0
1781827200,2026-06-19 00:00:00,2026-06-19 02:00:00,karup,14.315,0.0,1.185,0.0,1009.43,93.915,85.0
1781830800,2026-06-19 01:00:00,2026-06-19 03:00:00,karup,14.345,0.0,0.945,0.0,1009.14,96.05,35.0
1781834400,2026-06-19 02:00:00,2026-06-19 04:00:00,karup,13.785,0.0,1.285,0.0,1008.96,98.12,8.33333
1781838000,2026-06-19 03:00:00,2026-06-19 05:00:00,karup,15.285,0.0,2.32,0.0,1009.22,99.895,66.6667
1781841600,2026-06-19 04:00:00,2026-06-19 06:00:00,karup,15.4,20.14,2.045,0.0,1009.26,100.3,100.0
1781845200,2026-06-19 05:00:00,2026-06-19 07:00:00,karup,15.645,87.45,1.955,0.0,1009.07,100.3,50.8333
1781848800,2026-06-19 06:00:00,2026-06-19 08:00:00,karup,16.945,207.04,1.29,0.0,1009.06,97.47,40.0
1781852400,2026-06-19 07:00:00,2026-06-19 09:00:00,karup,19.83,404.42,2.035,0.0,1009.01,82.125,10.0
1781856000,2026-06-19 08:00:00,2026-06-19 10:00:00,karup,21.87,544.04,3.525,0.0,1008.97,75.755,6.66667
1781859600,2026-06-19 09:00:00,2026-06-19 11:00:00,karup,23.135,669.11,3.56,0.0,1008.93,71.705,8.33333
1781863200,2026-06-19 10:00:00,2026-06-19 12:00:00,karup,24.535,759.02,4.145,0.0,1008.73,65.33,0.0
1781866800,2026-06-19 11:00:00,2026-06-19 13:00:00,karup,25.875,818.25,4.04,0.0,1008.61,59.91,0.0
1781870400,2026-06-19 12:00:00,2026-06-19 14:00:00,karup,26.775,824.54,4.81,0.0,1008.47,56.545,0.0
1781874000,2026-06-19 13:00:00,2026-06-19 15:00:00,karup,27.315,736.68,4.35,0.0,1008.26,56.48,50.0
1781877600,2026-06-19 14:00:00,2026-06-19 16:00:00,karup,27.51,777.0,4.52,0.0,1008.05,57.3,10.8333
1781881200,2026-06-19 15:00:00,2026-06-19 17:00:00,karup,27.835,651.49,4.89,0.0,1007.8,55.945,3.33333
1781884800,2026-06-19 16:00:00,2026-06-19 18:00:00,karup,27.915,498.44,4.225,0.0,1007.66,55.885,3.33333
1781888400,2026-06-19 17:00:00,2026-06-19 19:00:00,karup,27.78,381.69,3.81,0.0,1007.46,57.465,5.0
1781892000,2026-06-19 18:00:00,2026-06-19 20:00:00,karup,27.155,260.36,3.63,0.0,1007.41,62.155,12.5
1781895600,2026-06-19 19:00:00,2026-06-19 21:00:00,karup,26.085,94.31,2.815,0.0,1007.67,65.94,10.8333
1781899200,2026-06-19 20:00:00,2026-06-19 22:00:00,karup,24.415,25.18,2.515,0.0,1007.88,76.785,5.0
1781902800,2026-06-19 21:00:00,2026-06-19 23:00:00,karup,22.615,0.0,2.9,0.0,1007.82,83.025,0.0
1781906400,2026-06-19 22:00:00,2026-06-20 00:00:00,karup,21.445,0.0,3.195,0.0,1007.58,84.755,6.66667
1781910000,2026-06-19 23:00:00,2026-06-20 01:00:00,karup,20.89,0.0,3.895,0.0,1007.0,84.285,0.0
1781913600,2026-06-20 00:00:00,2026-06-20 02:00:00,karup,20.67,0.0,3.62,0.0,1006.69,84.825,0.0
1781917200,2026-06-20 01:00:00,2026-06-20 03:00:00,karup,20.725,0.0,3.84,0.0,1006.58,86.795,0.0
1781920800,2026-06-20 02:00:00,2026-06-20 04:00:00,karup,21.125,0.0,3.215,0.0,1007.19,88.35,33.3333
1781924400,2026-06-20 03:00:00,2026-06-20 05:00:00,karup,21.095,0.0,4.055,0.0,1008.53,89.1,91.6667
1781928000,2026-06-20 04:00:00,2026-06-20 06:00:00,karup,20.07,0.0,6.4,0.46,1008.47,91.68,100.0
1781931600,2026-06-20 05:00:00,2026-06-20 07:00:00,karup,18.625,7.56,3.285,0.925,1007.7,96.35,96.6667
1781935200,2026-06-20 06:00:00,2026-06-20 08:00:00,karup,18.57,97.56,2.08,0.08,1007.69,96.915,91.6667
1781938800,2026-06-20 07:00:00,2026-06-20 09:00:00,karup,19.415,188.42,2.725,0.0,1008.17,93.775,60.0
1781942400,2026-06-20 08:00:00,2026-06-20 10:00:00,karup,20.765,480.66,3.72,0.0,1008.77,87.47,0.0
1781946000,2026-06-20 09:00:00,2026-06-20 11:00:00,karup,23.31,659.32,4.78,0.0,1009.41,76.28,23.3333
1781949600,2026-06-20 10:00:00,2026-06-20 12:00:00,karup,24.585,663.05,5.7,0.0,1009.97,67.475,40.8333
1781953200,2026-06-20 11:00:00,2026-06-20 13:00:00,karup,24.855,772.14,6.24,0.0,1010.18,65.835,65.8333
1781956800,2026-06-20 12:00:00,2026-06-20 14:00:00,karup,24.73,760.12,6.295,0.0,1009.92,66.29,17.5
1781960400,2026-06-20 13:00:00,2026-06-20 15:00:00,karup,25.625,766.99,6.005,0.0,1010.16,62.87,1.66667
1781964000,2026-06-20 14:00:00,2026-06-20 16:00:00,karup,25.825,660.09,6.115,0.0,1010.36,61.57,0.0
1781967600,2026-06-20 15:00:00,2026-06-20 17:00:00,karup,25.09,642.87,5.425,0.0,1010.97,68.255,0.0
1781971200,2026-06-20 16:00:00,2026-06-20 18:00:00,karup,24.11,519.25,4.79,0.0,1011.52,70.995,3.33333
1781974800,2026-06-20 17:00:00,2026-06-20 19:00:00,karup,23.71,387.67,4.065,0.0,1012.19,68.825,64.1667
1781978400,2026-06-20 18:00:00,2026-06-20 20:00:00,karup,23.055,235.0,3.53,0.0,1013.03,69.325,90.0
1781982000,2026-06-20 19:00:00,2026-06-20 21:00:00,karup,21.23,53.74,3.05,0.0,1013.68,73.385,70.8333
1781985600,2026-06-20 20:00:00,2026-06-20 22:00:00,karup,19.78,22.75,2.125,0.0,1014.26,77.165,91.6667
1781989200,2026-06-20 21:00:00,2026-06-20 23:00:00,karup,18.91,0.0,2.165,0.0,1014.72,80.37,74.1667
1781992800,2026-06-20 22:00:00,2026-06-21 00:00:00,karup,17.35,0.0,2.39,0.0,1015.4,87.835,55.8333
1781996400,2026-06-20 23:00:00,2026-06-21 01:00:00,karup,16.175,0.0,2.415,0.0,1015.86,93.71,90.0
1782000000,2026-06-21 00:00:00,2026-06-21 02:00:00,karup,15.55,0.0,2.38,0.0,1016.3,95.69,91.6667
1782003600,2026-06-21 01:00:00,2026-06-21 03:00:00,karup,15.205,0.0,2.71,0.0,1016.44,94.76,95.0
1782007200,2026-06-21 02:00:00,2026-06-21 04:00:00,karup,14.375,0.0,2.59,0.0,1017.02,95.235,93.3333
1782010800,2026-06-21 03:00:00,2026-06-21 05:00:00,karup,13.505,0.0,2.455,0.0,1017.86,95.9,60.8333
1782014400,2026-06-21 04:00:00,2026-06-21 06:00:00,karup,12.56,20.5,2.39,0.0,1018.54,96.685,0.0
1782018000,2026-06-21 05:00:00,2026-06-21 07:00:00,karup,13.145,152.15,2.375,0.0,1019.05,96.035,0.0
1782021600,2026-06-21 06:00:00,2026-06-21 08:00:00,karup,14.81,300.92,2.97,0.0,1019.27,86.195,0.0
1782025200,2026-06-21 07:00:00,2026-06-21 09:00:00,karup,16.275,445.48,3.83,0.0,1019.88,71.105,0.0
1782028800,2026-06-21 08:00:00,2026-06-21 10:00:00,karup,17.505,585.23,3.275,0.0,1020.5,60.705,0.0
1782032400,2026-06-21 09:00:00,2026-06-21 11:00:00,karup,18.555,705.9,2.84,0.0,1020.84,54.465,6.66667
1782036000,2026-06-21 10:00:00,2026-06-21 12:00:00,karup,19.34,800.1,2.595,0.0,1020.84,50.435,20.0
1782039600,2026-06-21 11:00:00,2026-06-21 13:00:00,karup,20.025,856.41,2.84,0.0,1020.71,47.51,0.0
1782043200,2026-06-21 12:00:00,2026-06-21 14:00:00,karup,20.565,874.48,3.05,0.0,1020.58,45.385,0.0
1782046800,2026-06-21 13:00:00,2026-06-21 15:00:00,karup,20.83,851.67,3.415,0.0,1020.66,44.955,0.0
1782050400,2026-06-21 14:00:00,2026-06-21 16:00:00,karup,20.98,789.86,3.905,0.0,1020.96,44.44,0.0
1782054000,2026-06-21 15:00:00,2026-06-21 17:00:00,karup,20.79,689.76,3.99,0.0,1021.16,43.305,0.0
1782057600,2026-06-21 16:00:00,2026-06-21 18:00:00,karup,20.35,563.81,4.84,0.0,1021.28,42.75,0.0
1782061200,2026-06-21 17:00:00,2026-06-21 19:00:00,karup,19.67,427.54,4.535,0.0,1021.47,41.875,0.0
1782064800,2026-06-21 18:00:00,2026-06-21 20:00:00,karup,19.05,282.37,3.63,0.0,1021.63,45.7,0.0
1782068400,2026-06-21 19:00:00,2026-06-21 21:00:00,karup,17.93,136.65,3.455,0.0,1021.87,50.145,0.0
1782072000,2026-06-21 20:00:00,2026-06-21 22:00:00,karup,15.735,36.14,2.855,0.0,1022.27,61.595,0.0
1782075600,2026-06-21 21:00:00,2026-06-21 23:00:00,karup,13.595,0.0,1.835,0.0,1022.57,75.98,0.0
1782079200,2026-06-21 22:00:00,2026-06-22 00:00:00,karup,11.835,0.0,1.745,0.0,1022.68,86.945,0.0
1782082800,2026-06-21 23:00:00,2026-06-22 01:00:00,karup,10.585,0.0,2.225,0.0,1022.54,94.0,0.0
1782086400,2026-06-22 00:00:00,2026-06-22 02:00:00,karup,9.615,0.0,2.23,0.0,1022.42,96.51,0.0
1782090000,2026-06-22 01:00:00,2026-06-22 03:00:00,karup,9.46,0.0,2.195,0.0,1022.13,96.14,0.0
1782093600,2026-06-22 02:00:00,2026-06-22 04:00:00,karup,9.02,0.0,2.12,0.0,1021.81,96.07,0.0
1782097200,2026-06-22 03:00:00,2026-06-22 05:00:00,karup,9.045,0.86,1.94,0.0,1021.72,94.71,0.0
1782100800,2026-06-22 04:00:00,2026-06-22 06:00:00,karup,9.435,54.48,2.08,0.0,1021.8,92.86,0.0
1782104400,2026-06-22 05:00:00,2026-06-22 07:00:00,karup,11.125,166.99,2.225,0.0,1021.92,89.095,0.0
1782108000,2026-06-22 06:00:00,2026-06-22 08:00:00,karup,13.17,304.51,3.14,0.0,1022.05,82.22,0.0
1782111600,2026-06-22 07:00:00,2026-06-22 09:00:00,karup,14.97,442.75,5.15,0.0,1021.98,72.19,0.0
1782115200,2026-06-22 08:00:00,2026-06-22 10:00:00,karup,15.945,565.19,4.585,0.0,1021.85,67.035,7.5
1782118800,2026-06-22 09:00:00,2026-06-22 11:00:00,karup,16.78,699.95,4.7,0.0,1021.73,61.82,12.5
1782122400,2026-06-22 10:00:00,2026-06-22 12:00:00,karup,17.35,761.67,4.79,0.0,1021.59,59.575,10.0
1782126000,2026-06-22 11:00:00,2026-06-22 13:00:00,karup,17.86,836.49,4.24,0.0,1021.45,56.635,56.6667
1782129600,2026-06-22 12:00:00,2026-06-22 14:00:00,karup,18.04,848.3,4.685,0.0,1021.34,52.03,87.5
1782133200,2026-06-22 13:00:00,2026-06-22 15:00:00,karup,17.955,718.45,5.225,0.0,1021.16,53.64,87.5
1782136800,2026-06-22 14:00:00,2026-06-22 16:00:00,karup,17.935,723.09,5.385,0.0,1020.91,57.385,13.3333
1782140400,2026-06-22 15:00:00,2026-06-22 17:00:00,karup,17.855,677.59,4.91,0.0,1020.55,56.95,5.0
1782144000,2026-06-22 16:00:00,2026-06-22 18:00:00,karup,17.655,554.06,4.8,0.0,1020.06,58.89,0.0
1782147600,2026-06-22 17:00:00,2026-06-22 19:00:00,karup,17.01,421.01,4.63,0.0,1019.66,61.2,5.0
1782151200,2026-06-22 18:00:00,2026-06-22 20:00:00,karup,16.225,280.36,4.19,0.0,1019.52,64.285,5.0
1782154800,2026-06-22 19:00:00,2026-06-22 21:00:00,karup,15.195,135.45,3.8,0.0,1019.37,69.38,1.66667
1782158400,2026-06-22 20:00:00,2026-06-22 22:00:00,karup,13.56,29.75,2.485,0.0,1019.47,76.395,10.0
1782162000,2026-06-22 21:00:00,2026-06-22 23:00:00,karup,11.97,0.0,1.97,0.0,1019.29,83.48,96.6667
1782165600,2026-06-22 22:00:00,2026-06-23 00:00:00,karup,11.43,0.0,2.37,0.0,1019.06,86.5,100.0
1782169200,2026-06-22 23:00:00,2026-06-23 01:00:00,karup,11.32,0.0,1.56,0.0,1018.68,88.275,100.0
1782172800,2026-06-23 00:00:00,2026-06-23 02:00:00,karup,11.31,0.0,1.77,0.0,1018.17,89.645,100.0
1782176400,2026-06-23 01:00:00,2026-06-23 03:00:00,karup,11.335,0.0,2.055,0.0,1017.95,90.43,95.0
1782180000,2026-06-23 02:00:00,2026-06-23 04:00:00,karup,10.96,0.0,1.63,0.0,1017.66,91.475,90.0
1782183600,2026-06-23 03:00:00,2026-06-23 05:00:00,karup,10.905,1.53,2.06,0.0,1017.43,91.79,96.6667
1782187200,2026-06-23 04:00:00,2026-06-23 06:00:00,karup,11.28,15.21,2.015,0.0,1017.32,90.435,93.3333
1782190800,2026-06-23 05:00:00,2026-06-23 07:00:00,karup,11.945,66.13,2.185,0.0,1017.09,91.005,67.5
1782194400,2026-06-23 06:00:00,2026-06-23 08:00:00,karup,13.765,263.19,2.975,0.0,1016.69,85.615,0.0
1782198000,2026-06-23 07:00:00,2026-06-23 09:00:00,karup,15.58,441.44,3.075,0.0,1016.6,74.3,0.0
1782201600,2026-06-23 08:00:00,2026-06-23 10:00:00,karup,17.25,566.61,3.285,0.0,1016.58,64.675,0.0
1782205200,2026-06-23 09:00:00,2026-06-23 11:00:00,karup,18.955,679.03,3.69,0.0,1016.36,56.53,20.8333
1782208800,2026-06-23 10:00:00,2026-06-23 12:00:00,karup,20.525,764.57,3.94,0.0,1016.1,51.16,5.83333
1782212400,2026-06-23 11:00:00,2026-06-23 13:00:00,karup,21.56,798.9,4.235,0.0,1015.97,49.395,0.0
1782216000,2026-06-23 12:00:00,2026-06-23 14:00:00,karup,22.28,837.07,4.05,0.0,1015.83,52.15,0.0
1782219600,2026-06-23 13:00:00,2026-06-23 15:00:00,karup,22.265,811.95,4.11,0.0,1015.41,53.14,0.0
1782223200,2026-06-23 14:00:00,2026-06-23 16:00:00,karup,22.46,755.15,3.94,0.0,1015.21,50.36,0.0
1782226800,2026-06-23 15:00:00,2026-06-23 17:00:00,karup,22.435,658.85,4.01,0.0,1014.95,48.725,0.0
1782230400,2026-06-23 16:00:00,2026-06-23 18:00:00,karup,22.335,515.21,3.36,0.0,1014.6,48.21,0.0
1782234000,2026-06-23 17:00:00,2026-06-23 19:00:00,karup,22.315,403.04,2.39,0.0,1014.34,47.53,0.0
1782237600,2026-06-23 18:00:00,2026-06-23 20:00:00,karup,22.04,252.7,1.595,0.0,1013.97,48.58,0.0
1782241200,2026-06-23 19:00:00,2026-06-23 21:00:00,karup,21.1,113.76,1.045,0.0,1013.65,55.57,0.0
1782244800,2026-06-23 20:00:00,2026-06-23 22:00:00,karup,19.63,35.91,0.775,0.0,1013.55,64.395,19.1667
1782248400,2026-06-23 21:00:00,2026-06-23 23:00:00,karup,17.305,0.87,0.105,0.0,1013.33,75.12,37.5
1782252000,2026-06-23 22:00:00,2026-06-24 00:00:00,karup,15.385,0.0,0.36,0.0,1013.12,82.47,81.6667
1782255600,2026-06-23 23:00:00,2026-06-24 01:00:00,karup,14.29,0.0,0.53,0.0,1012.93,85.59,90.0
1782259200,2026-06-24 00:00:00,2026-06-24 02:00:00,karup,14.085,0.0,0.635,0.0,1012.84,87.125,95.0
1782262800,2026-06-24 01:00:00,2026-06-24 03:00:00,karup,14.255,0.0,0.475,0.0,1012.56,87.485,95.0
1782266400,2026-06-24 02:00:00,2026-06-24 04:00:00,karup,14.48,0.0,0.15,0.0,1012.21,88.585,82.5
1782270000,2026-06-24 03:00:00,2026-06-24 05:00:00,karup,13.575,0.0,0.76,0.0,1011.94,91.36,87.5
1782273600,2026-06-24 04:00:00,2026-06-24 06:00:00,karup,13.505,23.69,1.155,0.0,1011.81,92.19,54.1667
1782277200,2026-06-24 05:00:00,2026-06-24 07:00:00,karup,15.615,110.16,1.915,0.0,1011.82,89.235,27.5
1782280800,2026-06-24 06:00:00,2026-06-24 08:00:00,karup,18.205,296.98,3.05,0.0,1011.64,80.47,56.6667
1782284400,2026-06-24 07:00:00,2026-06-24 09:00:00,karup,20.12,387.06,4.035,0.0,1011.62,65.66,72.5
1782288000,2026-06-24 08:00:00,2026-06-24 10:00:00,karup,21.145,510.01,3.945,0.0,1011.51,53.785,10.8333
1782291600,2026-06-24 09:00:00,2026-06-24 11:00:00,karup,22.145,643.73,3.235,0.0,1011.47,52.12,0.0
1782295200,2026-06-24 10:00:00,2026-06-24 12:00:00,karup,23.455,719.13,3.38,0.0,1011.32,45.425,7.5
1782298800,2026-06-24 11:00:00,2026-06-24 13:00:00,karup,24.385,669.03,3.69,0.0,1011.21,42.03,65.8333
1782302400,2026-06-24 12:00:00,2026-06-24 14:00:00,karup,24.895,630.07,3.985,0.0,1011.1,42.3,80.0
1782306000,2026-06-24 13:00:00,2026-06-24 15:00:00,karup,25.295,658.5,4.13,0.0,1010.88,46.075,78.3333
1782309600,2026-06-24 14:00:00,2026-06-24 16:00:00,karup,25.95,656.35,4.235,0.0,1010.86,43.5,76.6667
1782313200,2026-06-24 15:00:00,2026-06-24 17:00:00,karup,25.92,521.03,4.16,0.0,1010.52,45.15,38.0
1782316800,2026-06-24 16:00:00,2026-06-24 18:00:00,karup,25.91,404.74,3.805,0.0,1010.44,45.075,5.83333
1782320400,2026-06-24 17:00:00,2026-06-24 19:00:00,karup,25.605,358.49,3.95,0.0,1010.41,47.47,13.3333
1782324000,2026-06-24 18:00:00,2026-06-24 20:00:00,karup,24.485,232.36,4.11,0.0,1010.57,55.99,43.3333
1782327600,2026-06-24 19:00:00,2026-06-24 21:00:00,karup,22.71,108.56,3.525,0.0,1010.8,66.55,5.0
1782331200,2026-06-24 20:00:00,2026-06-24 22:00:00,karup,20.825,32.11,2.865,0.0,1011.07,75.63,0.0
1782334800,2026-06-24 21:00:00,2026-06-24 23:00:00,karup,18.46,0.0,2.36,0.0,1011.36,85.86,22.5
1782338400,2026-06-24 22:00:00,2026-06-25 00:00:00,karup,17.07,0.0,3.245,0.0,1011.74,92.345,63.3333
1782342000,2026-06-24 23:00:00,2026-06-25 01:00:00,karup,15.805,0.0,3.325,0.0,1011.91,96.72,5.83333
1782345600,2026-06-25 00:00:00,2026-06-25 02:00:00,karup,14.88,0.0,2.51,0.0,1012.09,96.86,0.0
1782349200,2026-06-25 01:00:00,2026-06-25 03:00:00,karup,13.975,0.0,2.765,0.0,1012.2,94.92,0.0
1782352800,2026-06-25 02:00:00,2026-06-25 04:00:00,karup,13.12,0.0,2.94,0.0,1012.22,93.46,0.0
1782356400,2026-06-25 03:00:00,2026-06-25 05:00:00,karup,12.76,0.45,2.835,0.0,1012.26,93.37,0.0
1782360000,2026-06-25 04:00:00,2026-06-25 06:00:00,karup,12.885,47.98,2.525,0.0,1012.53,92.65,0.0
1782363600,2026-06-25 05:00:00,2026-06-25 07:00:00,karup,13.89,154.45,3.435,0.0,1012.68,91.07,5.0
1782367200,2026-06-25 06:00:00,2026-06-25 08:00:00,karup,15.115,288.3,4.65,0.0,1012.7,85.345,3.33333
1782370800,2026-06-25 07:00:00,2026-06-25 09:00:00,karup,16.295,427.73,4.97,0.0,1012.85,78.43,0.0
1782374400,2026-06-25 08:00:00,2026-06-25 10:00:00,karup,17.67,564.2,4.28,,1013.05,75.12,0.0
1782378000,2026-06-25 09:00:00,2026-06-25 11:00:00,karup,19.15,676.98,4.52,0.0,1013.16,70.76,0.0
1782381600,2026-06-25 10:00:00,2026-06-25 12:00:00,karup,20.61,766.56,3.79,0.0,1013.21,65.8,0.0
1782385200,2026-06-25 11:00:00,2026-06-25 13:00:00,karup,21.385,824.79,4.785,0.0,1013.4,60.53,0.0
1782388800,2026-06-25 12:00:00,2026-06-25 14:00:00,karup,21.995,842.94,4.74,0.0,1013.49,59.62,0.0
1782392400,2026-06-25 13:00:00,2026-06-25 15:00:00,karup,22.245,822.67,4.59,0.0,1013.61,57.275,0.0
1782396000,2026-06-25 14:00:00,2026-06-25 16:00:00,karup,22.755,757.56,4.375,0.0,1013.76,54.59,0.0
1782399600,2026-06-25 15:00:00,2026-06-25 17:00:00,karup,23.245,658.43,4.69,0.0,1013.71,52.515,0.0
1782403200,2026-06-25 16:00:00,2026-06-25 18:00:00,karup,22.915,537.2,5.035,0.0,1013.78,53.98,0.0
1782406800,2026-06-25 17:00:00,2026-06-25 19:00:00,karup,21.795,403.09,5.075,0.0,1013.76,56.29,0.0
1782410400,2026-06-25 18:00:00,2026-06-25 20:00:00,karup,20.74,258.42,3.96,0.0,1013.83,60.05,0.0
1782414000,2026-06-25 19:00:00,2026-06-25 21:00:00,karup,19.305,126.53,3.705,0.0,1014.0,65.815,0.0
1782417600,2026-06-25 20:00:00,2026-06-25 22:00:00,karup,17.495,35.14,2.735,0.0,1014.01,72.905,0.0
1782421200,2026-06-25 21:00:00,2026-06-25 23:00:00,karup,15.39,0.0,1.68,0.0,1013.84,82.325,0.0
1782424800,2026-06-25 22:00:00,2026-06-26 00:00:00,karup,14.15,0.0,1.915,0.0,1014.07,86.55,0.0
1782428400,2026-06-25 23:00:00,2026-06-26 01:00:00,karup,13.355,0.0,1.63,0.0,1013.79,88.75,0.0
1782432000,2026-06-26 00:00:00,2026-06-26 02:00:00,karup,12.615,0.0,1.19,0.0,1013.5,91.64,0.0
1782435600,2026-06-26 01:00:00,2026-06-26 03:00:00,karup,11.41,0.0,0.945,0.0,1013.19,94.865,0.0
1782439200,2026-06-26 02:00:00,2026-06-26 04:00:00,karup,10.77,0.0,0.835,0.0,1012.82,96.765,0.0
1782442800,2026-06-26 03:00:00,2026-06-26 05:00:00,karup,10.21,0.39,0.685,0.0,1013.25,97.39,0.0
1782446400,2026-06-26 04:00:00,2026-06-26 06:00:00,karup,10.66,43.33,0.83,0.0,1013.42,96.955,0.0
1782450000,2026-06-26 05:00:00,2026-06-26 07:00:00,karup,13.085,141.45,0.57,0.0,1013.48,95.345,0.0
1782453600,2026-06-26 06:00:00,2026-06-26 08:00:00,karup,16.275,272.53,0.615,0.0,1012.8,84.915,0.0
1782457200,2026-06-26 07:00:00,2026-06-26 09:00:00,karup,19.745,415.28,1.685,0.0,1012.5,69.18,0.0
1782460800,2026-06-26 08:00:00,2026-06-26 10:00:00,karup,23.075,547.72,2.71,0.0,1012.52,49.18,0.0
1782464400,2026-06-26 09:00:00,2026-06-26 11:00:00,karup,25.58,658.91,3.45,0.0,1012.15,39.84,0.0
1782468000,2026-06-26 10:00:00,2026-06-26 12:00:00,karup,26.77,752.37,4.035,0.0,1011.79,36.825,0.0
1782471600,2026-06-26 11:00:00,2026-06-26 13:00:00,karup,28.03,807.65,4.19,0.0,1011.5,34.765,0.0
1782475200,2026-06-26 12:00:00,2026-06-26 14:00:00,karup,29.09,828.67,2.685,0.0,1011.23,35.13,1.66667
1782478800,2026-06-26 13:00:00,2026-06-26 15:00:00,karup,29.68,808.43,2.67,0.0,1011.58,36.23,0.0
1782482400,2026-06-26 14:00:00,2026-06-26 16:00:00,karup,30.195,744.3,3.345,0.0,1010.99,35.97,0.0
1782486000,2026-06-26 15:00:00,2026-06-26 17:00:00,karup,30.33,613.43,3.745,0.0,1010.21,38.235,0.0
1782489600,2026-06-26 16:00:00,2026-06-26 18:00:00,karup,30.43,520.58,3.535,0.0,1009.82,39.635,0.0
1782493200,2026-06-26 17:00:00,2026-06-26 19:00:00,karup,29.76,367.89,3.375,0.0,1009.11,44.95,0.0
1782496800,2026-06-26 18:00:00,2026-06-26 20:00:00,karup,29.115,265.6,2.42,0.0,1008.94,48.885,0.0
1782500400,2026-06-26 19:00:00,2026-06-26 21:00:00,karup,27.525,135.38,3.64,0.0,1009.29,55.395,0.0
1782504000,2026-06-26 20:00:00,2026-06-26 22:00:00,karup,25.295,34.86,2.67,0.0,1010.03,64.14,0.0
1782507600,2026-06-26 21:00:00,2026-06-26 23:00:00,karup,22.15,0.0,1.98,0.0,1010.3,67.065,0.0
1782511200,2026-06-26 22:00:00,2026-06-27 00:00:00,karup,18.52,0.0,0.6,0.0,1009.88,77.195,0.0
1782514800,2026-06-26 23:00:00,2026-06-27 01:00:00,karup,17.23,0.0,2.06,0.0,1009.58,81.06,0.0
1782518400,2026-06-27 00:00:00,2026-06-27 02:00:00,karup,17.26,0.0,1.54,0.0,1009.47,81.94,0.0
1782522000,2026-06-27 01:00:00,2026-06-27 03:00:00,karup,19.6,0.0,1.54,0.0,1009.03,83.615,0.0
1782525600,2026-06-27 02:00:00,2026-06-27 04:00:00,karup,18.86,0.0,2.06,0.0,1008.73,91.8,0.0
1782529200,2026-06-27 03:00:00,2026-06-27 05:00:00,karup,18.92,1.07,1.58,0.0,1008.29,84.43,21.6667
1782532800,2026-06-27 04:00:00,2026-06-27 06:00:00,karup,19.785,37.23,1.355,0.0,1008.2,81.825,12.5
1782536400,2026-06-27 05:00:00,2026-06-27 07:00:00,karup,22.125,134.49,1.69,0.0,1008.27,74.13,51.6667
1782540000,2026-06-27 06:00:00,2026-06-27 08:00:00,karup,24.26,241.5,2.745,0.0,1008.3,68.025,28.3333
1782543600,2026-06-27 07:00:00,2026-06-27 09:00:00,karup,25.7,380.74,2.46,0.0,1008.79,67.305,4.16667
1782547200,2026-06-27 08:00:00,2026-06-27 10:00:00,karup,27.65,529.12,2.78,0.0,1008.91,65.3,0.0
1782550800,2026-06-27 09:00:00,2026-06-27 11:00:00,karup,29.55,648.74,2.92,0.0,1009.02,59.27,0.0
1782554400,2026-06-27 10:00:00,2026-06-27 12:00:00,karup,31.035,735.41,3.115,0.0,1009.0,53.445,0.0
1782558000,2026-06-27 11:00:00,2026-06-27 13:00:00,karup,32.095,777.25,3.095,0.0,1009.03,50.745,41.6667
1782561600,2026-06-27 12:00:00,2026-06-27 14:00:00,karup,32.575,801.53,4.045,0.0,1009.27,48.64,10.0
1782565200,2026-06-27 13:00:00,2026-06-27 15:00:00,karup,31.935,587.59,4.45,0.0,1009.33,50.1,58.3333
1782568800,2026-06-27 14:00:00,2026-06-27 16:00:00,karup,31.61,653.24,4.5,0.0,1009.46,49.65,47.5
1782572400,2026-06-27 15:00:00,2026-06-27 17:00:00,karup,30.85,495.36,2.665,0.0,1009.57,51.025,85.0
1782576000,2026-06-27 16:00:00,2026-06-27 18:00:00,karup,30.4,371.81,1.93,0.0,1009.06,53.64,65.0
1782579600,2026-06-27 17:00:00,2026-06-27 19:00:00,karup,29.9,277.89,2.235,0.0,1008.89,55.295,65.0
1782583200,2026-06-27 18:00:00,2026-06-27 20:00:00,karup,28.535,122.4,1.77,0.0,1009.32,61.505,35.8333
1782586800,2026-06-27 19:00:00,2026-06-27 21:00:00,karup,26.735,55.74,2.52,0.0,1009.47,70.815,65.8333
1782590400,2026-06-27 20:00:00,2026-06-27 22:00:00,karup,24.37,17.04,2.18,0.0,1009.44,78.055,4.16667
1782594000,2026-06-27 21:00:00,2026-06-27 23:00:00,karup,22.285,0.0,1.565,0.0,1009.75,82.93,39.1667
1782597600,2026-06-27 22:00:00,2026-06-28 00:00:00,karup,20.98,0.0,1.1,0.0,1009.21,85.145,0.0
1782601200,2026-06-27 23:00:00,2026-06-28 01:00:00,karup,19.39,0.0,0.86,0.0,1009.11,88.24,22.5
1782604800,2026-06-28 00:00:00,2026-06-28 02:00:00,karup,18.265,0.0,0.4,0.0,1008.67,92.42,71.6667
1782608400,2026-06-28 01:00:00,2026-06-28 03:00:00,karup,17.86,0.0,1.06,0.0,1008.58,95.65,90.0
1782612000,2026-06-28 02:00:00,2026-06-28 04:00:00,karup,18.31,0.0,0.97,0.0,1009.47,96.15,93.3333
1782615600,2026-06-28 03:00:00,2026-06-28 05:00:00,karup,18.835,0.0,1.805,0.17,1008.8,94.67,95.0
1782619200,2026-06-28 04:00:00,2026-06-28 06:00:00,karup,19.1,0.07,1.77,0.6,1007.41,96.905,95.0
1782622800,2026-06-28 05:00:00,2026-06-28 07:00:00,karup,19.14,39.31,1.775,0.02,1008.2,98.555,67.5
1782626400,2026-06-28 06:00:00,2026-06-28 08:00:00,karup,19.8,92.22,1.165,0.0,1008.61,97.185,73.3333
1782630000,2026-06-28 07:00:00,2026-06-28 09:00:00,karup,20.555,123.73,2.55,0.0,1008.08,94.8,85.0
1782633600,2026-06-28 08:00:00,2026-06-28 10:00:00,karup,21.45,127.37,1.77,0.0,1007.2,89.53,68.3333
1782637200,2026-06-28 09:00:00,2026-06-28 11:00:00,karup,22.29,248.74,1.6,0.0,1008.38,84.515,91.6667
1782640800,2026-06-28 10:00:00,2026-06-28 12:00:00,karup,23.085,302.28,2.695,0.0,1008.55,81.175,90.0
1782644400,2026-06-28 11:00:00,2026-06-28 13:00:00,karup,23.67,616.46,3.965,0.0,1008.72,77.49,85.0
1782648000,2026-06-28 12:00:00,2026-06-28 14:00:00,karup,24.4,719.22,3.66,0.0,1008.97,72.845,50.8333
1782651600,2026-06-28 13:00:00,2026-06-28 15:00:00,karup,25.195,782.76,3.82,0.0,1009.26,68.94,26.6667
1782655200,2026-06-28 14:00:00,2026-06-28 16:00:00,karup,26.215,656.8,4.025,0.0,1009.38,65.07,17.5
1782658800,2026-06-28 15:00:00,2026-06-28 17:00:00,karup,26.57,619.91,4.325,0.0,1009.57,64.245,0.0
1782662400,2026-06-28 16:00:00,2026-06-28 18:00:00,karup,26.535,517.29,4.62,0.0,1009.51,64.37,0.0
1782666000,2026-06-28 17:00:00,2026-06-28 19:00:00,karup,26.865,382.97,4.365,0.0,1009.65,60.265,0.0
1782669600,2026-06-28 18:00:00,2026-06-28 20:00:00,karup,25.775,218.51,4.25,0.0,1010.11,67.555,0.0
1782673200,2026-06-28 19:00:00,2026-06-28 21:00:00,karup,23.68,105.94,4.74,0.0,1010.66,75.29,5.0
1782676800,2026-06-28 20:00:00,2026-06-28 22:00:00,karup,21.725,32.11,3.495,0.0,1011.07,80.615,58.3333
1782680400,2026-06-28 21:00:00,2026-06-28 23:00:00,karup,20.15,0.0,3.085,0.0,1011.3,86.98,49.1667
1782684000,2026-06-28 22:00:00,2026-06-29 00:00:00,karup,19.26,0.0,2.845,0.0,1011.58,90.985,54.1667
1782687600,2026-06-28 23:00:00,2026-06-29 01:00:00,karup,18.38,0.0,2.565,0.0,1011.69,93.015,58.3333
1782691200,2026-06-29 00:00:00,2026-06-29 02:00:00,karup,17.73,0.0,2.255,0.0,1011.76,95.57,55.0
1782694800,2026-06-29 01:00:00,2026-06-29 03:00:00,karup,17.26,0.0,2.41,0.0,1011.82,97.285,14.1667
1782698400,2026-06-29 02:00:00,2026-06-29 04:00:00,karup,17.005,0.0,2.755,0.0,1012.24,97.585,5.83333
1782702000,2026-06-29 03:00:00,2026-06-29 05:00:00,karup,16.855,0.0,2.35,0.0,1012.34,97.36,41.6667
1782705600,2026-06-29 04:00:00,2026-06-29 06:00:00,karup,16.71,22.87,2.275,0.0,1012.32,97.965,80.0
1782709200,2026-06-29 05:00:00,2026-06-29 07:00:00,karup,17.495,79.46,2.55,0.0,1012.89,97.245,80.0
1782712800,2026-06-29 06:00:00,2026-06-29 08:00:00,karup,18.73,216.34,2.445,0.0,1013.32,91.93,80.0
1782716400,2026-06-29 07:00:00,2026-06-29 09:00:00,karup,19.65,263.63,3.795,0.0,1013.63,85.09,90.0
1782720000,2026-06-29 08:00:00,2026-06-29 10:00:00,karup,20.005,376.39,4.82,0.0,1014.37,79.81,83.3333
1782723600,2026-06-29 09:00:00,2026-06-29 11:00:00,karup,20.285,573.54,5.79,0.0,1015.21,69.44,45.0
1782727200,2026-06-29 10:00:00,2026-06-29 12:00:00,karup,20.445,663.63,5.495,0.0,1015.66,54.985,53.3333
1782730800,2026-06-29 11:00:00,2026-06-29 13:00:00,karup,21.075,854.08,5.48,0.0,1015.82,48.375,56.6667
1782734400,2026-06-29 12:00:00,2026-06-29 14:00:00,karup,21.21,797.16,5.31,0.0,1016.11,41.6,10.8333
1782738000,2026-06-29 13:00:00,2026-06-29 15:00:00,karup,21.35,816.67,5.975,0.0,1016.38,43.37,0.0
1782741600,2026-06-29 14:00:00,2026-06-29 16:00:00,karup,21.37,761.07,5.965,0.0,1016.62,41.6,9.16667
1782745200,2026-06-29 15:00:00,2026-06-29 17:00:00,karup,21.16,676.12,5.71,0.0,1017.25,42.06,3.33333
1782748800,2026-06-29 16:00:00,2026-06-29 18:00:00,karup,20.985,556.59,5.525,0.0,1016.79,43.65,0.0
1782752400,2026-06-29 17:00:00,2026-06-29 19:00:00,karup,20.57,415.81,5.62,0.0,1017.14,44.22,3.33333
1782756000,2026-06-29 18:00:00,2026-06-29 20:00:00,karup,19.81,272.73,5.345,0.0,1017.59,47.615,5.0
1782759600,2026-06-29 19:00:00,2026-06-29 21:00:00,karup,18.68,137.07,4.76,0.0,1017.52,55.945,0.0
1782763200,2026-06-29 20:00:00,2026-06-29 22:00:00,karup,16.545,32.99,2.88,0.0,1017.82,69.645,7.5
1782766800,2026-06-29 21:00:00,2026-06-29 23:00:00,karup,15.03,0.0,2.33,0.0,1018.08,79.43,22.5
1782770400,2026-06-29 22:00:00,2026-06-30 00:00:00,karup,13.58,0.0,1.06,0.0,1018.1,85.345,65.8333
1782774000,2026-06-29 23:00:00,2026-06-30 01:00:00,karup,12.56,0.0,1.375,0.0,1018.22,90.41,65.0
1782777600,2026-06-30 00:00:00,2026-06-30 02:00:00,karup,12.04,0.0,1.1,0.0,1018.42,92.725,95.0
1782781200,2026-06-30 01:00:00,2026-06-30 03:00:00,karup,12.36,0.0,1.15,0.0,1018.45,93.66,90.0
1782784800,2026-06-30 02:00:00,2026-06-30 04:00:00,karup,12.315,0.0,1.165,0.0,1018.36,94.56,91.6667
1782788400,2026-06-30 03:00:00,2026-06-30 05:00:00,karup,12.245,0.0,0.805,0.0,1018.28,94.54,98.3333
1782792000,2026-06-30 04:00:00,2026-06-30 06:00:00,karup,12.62,17.08,1.05,0.0,1018.33,94.58,90.0
1782795600,2026-06-30 05:00:00,2026-06-30 07:00:00,karup,13.54,64.96,0.89,0.0,1018.27,92.63,95.0
1782799200,2026-06-30 06:00:00,2026-06-30 08:00:00,karup,15.185,209.2,1.075,0.0,1018.42,85.355,91.6667
1782802800,2026-06-30 07:00:00,2026-06-30 09:00:00,karup,16.575,228.44,1.025,0.0,1018.49,73.84,90.0
1782806400,2026-06-30 08:00:00,2026-06-30 10:00:00,karup,17.15,283.51,1.23,0.0,1018.67,70.3,90.0
1782810000,2026-06-30 09:00:00,2026-06-30 11:00:00,karup,17.985,413.99,2.26,0.0,1018.45,66.865,90.0
1782813600,2026-06-30 10:00:00,2026-06-30 12:00:00,karup,18.54,440.37,2.095,0.0,1018.18,65.085,90.0
1782817200,2026-06-30 11:00:00,2026-06-30 13:00:00,karup,19.34,589.87,2.05,0.0,1017.73,60.07,90.0
1782820800,2026-06-30 12:00:00,2026-06-30 14:00:00,karup,19.71,503.47,2.075,0.0,1017.08,56.86,90.0
1782824400,2026-06-30 13:00:00,2026-06-30 15:00:00,karup,20.255,348.39,1.24,0.0,1016.49,53.785,90.0
1782828000,2026-06-30 14:00:00,2026-06-30 16:00:00,karup,21.06,534.12,1.555,0.0,1016.12,52.085,50.0
1782831600,2026-06-30 15:00:00,2026-06-30 17:00:00,karup,21.295,442.12,2.135,0.0,1015.84,51.685,35.0
1782835200,2026-06-30 16:00:00,2026-06-30 18:00:00,karup,21.28,316.85,1.935,0.0,1015.62,52.025,37.5
1782838800,2026-06-30 17:00:00,2026-06-30 19:00:00,karup,20.275,199.7,3.335,0.0,1015.27,58.525,87.5
1782842400,2026-06-30 18:00:00,2026-06-30 20:00:00,karup,19.195,195.87,4.17,0.0,1015.14,62.375,90.0
1782846000,2026-06-30 19:00:00,2026-06-30 21:00:00,karup,18.025,30.25,2.895,0.0,1015.1,62.59,90.0
1782849600,2026-06-30 20:00:00,2026-06-30 22:00:00,karup,17.055,4.24,1.93,0.0,1014.92,66.64,100.0
1782853200,2026-06-30 21:00:00,2026-06-30 23:00:00,karup,16.055,0.0,1.795,0.0,1014.74,71.47,100.0
1782856800,2026-06-30 22:00:00,2026-07-01 00:00:00,karup,15.675,0.0,1.41,0.0,1014.67,75.175,96.6667
1782860400,2026-06-30 23:00:00,2026-07-01 01:00:00,karup,15.05,0.0,0.925,0.0,1014.6,80.475,90.0
1782864000,2026-07-01 00:00:00,2026-07-01 02:00:00,karup,14.08,0.0,0.945,0.0,1014.44,86.475,93.3333
1782867600,2026-07-01 01:00:00,2026-07-01 03:00:00,karup,13.94,0.0,1.55,0.0,1014.16,86.285,100.0
1782871200,2026-07-01 02:00:00,2026-07-01 04:00:00,karup,13.89,0.0,1.59,0.0,1013.83,85.31,45.0
1782874800,2026-07-01 03:00:00,2026-07-01 05:00:00,karup,13.065,0.0,1.125,0.0,1013.72,86.335,1.66667
1782878400,2026-07-01 04:00:00,2026-07-01 06:00:00,karup,12.435,15.52,0.685,0.0,1013.55,89.395,19.1667
1782882000,2026-07-01 05:00:00,2026-07-01 07:00:00,karup,13.46,120.73,1.025,0.0,1013.46,88.625,48.3333
1782885600,2026-07-01 06:00:00,2026-07-01 08:00:00,karup,15.66,178.76,2.315,0.0,1013.54,82.385,20.0
1782889200,2026-07-01 07:00:00,2026-07-01 09:00:00,karup,16.94,303.02,2.365,0.0,1013.72,74.36,15.0
1782892800,2026-07-01 08:00:00,2026-07-01 10:00:00,karup,18.49,590.5,2.105,0.0,1013.64,64.215,65.8333
1782896400,2026-07-01 09:00:00,2026-07-01 11:00:00,karup,19.285,598.11,1.485,0.0,1013.28,61.79,60.8333
1782900000,2026-07-01 10:00:00,2026-07-01 12:00:00,karup,20.055,543.52,2.095,0.0,1013.22,56.265,90.0
1782903600,2026-07-01 11:00:00,2026-07-01 13:00:00,karup,20.415,534.3,2.6,0.0,1013.17,55.575,69.1667
1782907200,2026-07-01 12:00:00,2026-07-01 14:00:00,karup,21.065,653.17,2.73,0.0,1013.1,52.88,78.3333
1782910800,2026-07-01 13:00:00,2026-07-01 15:00:00,karup,21.485,708.98,3.915,0.0,1012.86,53.125,48.3333
1782914400,2026-07-01 14:00:00,2026-07-01 16:00:00,karup,21.41,594.92,4.375,0.0,1012.77,53.855,35.0
1782918000,2026-07-01 15:00:00,2026-07-01 17:00:00,karup,21.115,501.04,4.265,0.0,1012.72,55.11,48.3333
1782921600,2026-07-01 16:00:00,2026-07-01 18:00:00,karup,21.275,534.0,4.56,0.0,1012.66,53.53,48.3333
1782925200,2026-07-01 17:00:00,2026-07-01 19:00:00,karup,20.36,351.34,4.83,0.0,1012.66,57.485,34.1667
1782928800,2026-07-01 18:00:00,2026-07-01 20:00:00,karup,19.535,264.97,5.05,0.0,1012.66,60.45,13.3333
1782932400,2026-07-01 19:00:00,2026-07-01 21:00:00,karup,18.355,130.66,4.37,0.0,1012.77,63.73,5.0
1782936000,2026-07-01 20:00:00,2026-07-01 22:00:00,karup,16.66,29.67,2.695,0.0,1012.72,72.51,0.0
1782939600,2026-07-01 21:00:00,2026-07-01 23:00:00,karup,14.75,0.0,2.2,0.0,1012.52,80.775,0.0
1782943200,2026-07-01 22:00:00,2026-07-02 00:00:00,karup,12.98,0.0,1.48,0.0,1012.08,87.625,0.0
1782946800,2026-07-01 23:00:00,2026-07-02 01:00:00,karup,11.645,0.0,1.34,0.0,1011.59,92.435,3.33333
1782950400,2026-07-02 00:00:00,2026-07-02 02:00:00,karup,10.85,0.0,1.56,0.0,1010.94,95.235,78.3333
1782954000,2026-07-02 01:00:00,2026-07-02 03:00:00,karup,11.28,0.0,1.875,0.0,1010.21,95.92,93.3333
1782957600,2026-07-02 02:00:00,2026-07-02 04:00:00,karup,11.685,0.0,1.9,0.0,1009.35,96.28,100.0
1782961200,2026-07-02 03:00:00,2026-07-02 05:00:00,karup,12.415,2.9,2.52,0.0,1008.25,94.715,95.0
1782964800,2026-07-02 04:00:00,2026-07-02 06:00:00,karup,13.225,28.23,2.91,0.0,1007.26,93.25,100.0
1782968400,2026-07-02 05:00:00,2026-07-02 07:00:00,karup,14.02,29.71,3.19,0.08,1006.5,92.525,100.0
1782972000,2026-07-02 06:00:00,2026-07-02 08:00:00,karup,14.48,42.89,4.11,0.27,1005.28,95.035,100.0
1782975600,2026-07-02 07:00:00,2026-07-02 09:00:00,karup,14.84,31.09,4.78,2.595,1003.86,96.95,98.3333
1782979200,2026-07-02 08:00:00,2026-07-02 10:00:00,karup,15.24,64.48,5.63,2.8,1002.45,97.46,96.6667
1782982800,2026-07-02 09:00:00,2026-07-02 11:00:00,karup,15.465,52.65,6.39,2.26,1001.61,97.285,100.0
1782986400,2026-07-02 10:00:00,2026-07-02 12:00:00,karup,15.885,71.08,5.03,2.105,1001.03,98.09,100.0
1782990000,2026-07-02 11:00:00,2026-07-02 13:00:00,karup,16.975,259.94,5.375,0.46,1000.73,97.47,100.0
1782993600,2026-07-02 12:00:00,2026-07-02 14:00:00,karup,17.445,322.12,6.46,0.69,1000.65,95.245,91.6667
1782997200,2026-07-02 13:00:00,2026-07-02 15:00:00,karup,17.535,295.54,7.33,0.0,1000.96,90.62,91.6667
1783000800,2026-07-02 14:00:00,2026-07-02 16:00:00,karup,17.695,455.38,8.41,0.065,1001.26,83.31,90.0
1783004400,2026-07-02 15:00:00,2026-07-02 17:00:00,karup,17.655,428.38,8.74,0.04,1001.32,79.205,90.0
1783008000,2026-07-02 16:00:00,2026-07-02 18:00:00,karup,17.01,268.45,8.89,0.385,1001.64,81.8,90.0
1783011600,2026-07-02 17:00:00,2026-07-02 19:00:00,karup,15.88,192.43,9.08,0.0,1002.12,89.295,91.6667
1783015200,2026-07-02 18:00:00,2026-07-02 20:00:00,karup,15.175,111.56,8.925,0.0,1002.7,88.42,98.3333
1783018800,2026-07-02 19:00:00,2026-07-02 21:00:00,karup,14.295,43.96,8.66,0.4,1003.45,91.24,95.0
1783022400,2026-07-02 20:00:00,2026-07-02 22:00:00,karup,13.655,14.29,8.87,0.0,1004.14,88.97,95.0
1783026000,2026-07-02 21:00:00,2026-07-02 23:00:00,karup,13.375,0.0,8.34,0.0,1004.42,84.245,100.0
1783029600,2026-07-02 22:00:00,2026-07-03 00:00:00,karup,12.84,0.0,8.435,0.0,1004.47,89.545,100.0
1783033200,2026-07-02 23:00:00,2026-07-03 01:00:00,karup,12.6,0.0,8.45,0.0,1004.52,92.105,100.0
1783036800,2026-07-03 00:00:00,2026-07-03 02:00:00,karup,12.64,0.0,8.93,0.13,1004.62,90.4,98.3333
1783040400,2026-07-03 01:00:00,2026-07-03 03:00:00,karup,12.64,0.0,9.46,0.0,1004.69,88.875,96.6667
1783044000,2026-07-03 02:00:00,2026-07-03 04:00:00,karup,12.2,0.0,9.465,0.255,1004.93,94.53,100.0
1783047600,2026-07-03 03:00:00,2026-07-03 05:00:00,karup,12.39,0.0,9.805,0.205,1005.3,94.23,100.0
1783051200,2026-07-03 04:00:00,2026-07-03 06:00:00,karup,12.705,6.47,10.12,0.0,1005.81,92.04,100.0
1783054800,2026-07-03 05:00:00,2026-07-03 07:00:00,karup,12.885,18.64,9.805,0.0,1006.49,88.83,100.0
1783058400,2026-07-03 06:00:00,2026-07-03 08:00:00,karup,12.8,50.55,9.325,0.0,1007.29,88.515,100.0
1783062000,2026-07-03 07:00:00,2026-07-03 09:00:00,karup,12.76,70.94,9.26,0.0,1007.98,87.825,100.0
1783065600,2026-07-03 08:00:00,2026-07-03 10:00:00,karup,12.875,147.54,9.67,0.0,1008.49,87.435,100.0
1783069200,2026-07-03 09:00:00,2026-07-03 11:00:00,karup,13.5,163.88,10.095,0.0,1009.05,83.655,100.0
1783072800,2026-07-03 10:00:00,2026-07-03 12:00:00,karup,14.05,209.72,9.755,0.0,1009.56,78.97,93.3333
1783076400,2026-07-03 11:00:00,2026-07-03 13:00:00,karup,14.75,280.22,10.07,0.0,1010.18,74.445,96.6667
1783080000,2026-07-03 12:00:00,2026-07-03 14:00:00,karup,14.68,246.01,10.27,0.0,1010.79,74.22,100.0
1783083600,2026-07-03 13:00:00,2026-07-03 15:00:00,karup,14.765,307.88,10.11,0.0,1011.4,72.425,100.0
1783087200,2026-07-03 14:00:00,2026-07-03 16:00:00,karup,14.73,310.66,9.815,0.0,1011.62,70.63,93.3333
1783090800,2026-07-03 15:00:00,2026-07-03 17:00:00,karup,15.045,419.38,10.58,0.0,1011.93,68.825,80.8333
1783094400,2026-07-03 16:00:00,2026-07-03 18:00:00,karup,15.16,365.89,10.65,0.0,1012.21,65.76,80.0
1783098000,2026-07-03 17:00:00,2026-07-03 19:00:00,karup,14.825,219.46,9.855,0.0,1012.56,67.84,90.0
1783101600,2026-07-03 18:00:00,2026-07-03 20:00:00,karup,14.155,125.78,9.3,0.0,1012.89,72.27,95.0
1783105200,2026-07-03 19:00:00,2026-07-03 21:00:00,karup,13.705,57.61,8.38,0.0,1013.15,73.435,100.0
1783108800,2026-07-03 20:00:00,2026-07-03 22:00:00,karup,13.395,14.14,8.615,0.0,1013.64,75.57,100.0
1783112400,2026-07-03 21:00:00,2026-07-03 23:00:00,karup,13.055,0.0,6.66,0.0,1013.75,77.915,95.0
1783116000,2026-07-03 22:00:00,2026-07-04 00:00:00,karup,12.37,0.0,5.05,0.0,1013.7,82.25,93.3333
1783119600,2026-07-03 23:00:00,2026-07-04 01:00:00,karup,12.06,0.0,4.315,0.0,1013.63,82.205,91.6667
1783123200,2026-07-04 00:00:00,2026-07-04 02:00:00,karup,12.115,0.0,5.105,0.0,1013.35,83.145,90.0
1783126800,2026-07-04 01:00:00,2026-07-04 03:00:00,karup,11.395,0.0,4.14,0.0,1013.17,86.775,90.0
1783130400,2026-07-04 02:00:00,2026-07-04 04:00:00,karup,11.32,0.0,4.115,0.0,1012.81,88.25,85.0
1783134000,2026-07-04 03:00:00,2026-07-04 05:00:00,karup,11.06,0.0,3.59,0.0,1012.6,88.59,43.3333
1783137600,2026-07-04 04:00:00,2026-07-04 06:00:00,karup,11.005,18.75,4.485,0.0,1012.4,88.455,23.3333
1783141200,2026-07-04 05:00:00,2026-07-04 07:00:00,karup,11.37,84.44,4.285,0.0,1012.21,88.015,0.0
1783144800,2026-07-04 06:00:00,2026-07-04 08:00:00,karup,13.14,249.33,5.23,0.0,1012.16,80.57,0.0
1783148400,2026-07-04 07:00:00,2026-07-04 09:00:00,karup,14.54,394.62,6.73,0.0,1012.08,70.75,0.0
1783152000,2026-07-04 08:00:00,2026-07-04 10:00:00,karup,15.965,540.53,6.615,0.0,1011.82,64.49,0.0
1783155600,2026-07-04 09:00:00,2026-07-04 11:00:00,karup,16.915,605.54,6.055,0.0,1011.54,61.105,5.83333
1783159200,2026-07-04 10:00:00,2026-07-04 12:00:00,karup,17.68,701.12,5.15,0.0,1011.38,60.22,30.8333
1783162800,2026-07-04 11:00:00,2026-07-04 13:00:00,karup,18.105,663.97,4.875,0.0,1011.08,61.41,85.0
1783166400,2026-07-04 12:00:00,2026-07-04 14:00:00,karup,18.335,539.04,4.655,0.0,1010.75,61.71,82.5
1783170000,2026-07-04 13:00:00,2026-07-04 15:00:00,karup,19.03,682.91,4.29,0.0,1010.4,60.39,66.6667
1783173600,2026-07-04 14:00:00,2026-07-04 16:00:00,karup,19.85,773.53,4.625,0.0,1009.86,57.27,41.6667
1783177200,2026-07-04 15:00:00,2026-07-04 17:00:00,karup,19.715,397.18,4.485,0.0,1009.37,58.37,57.5
1783180800,2026-07-04 16:00:00,2026-07-04 18:00:00,karup,18.965,160.91,4.56,0.0,1009.14,64.325,96.6667
1783184400,2026-07-04 17:00:00,2026-07-04 19:00:00,karup,17.905,176.02,5.315,0.0,1008.82,70.94,100.0
1783188000,2026-07-04 18:00:00,2026-07-04 20:00:00,karup,16.975,88.46,4.725,0.0,1008.53,76.87,85.0
1783191600,2026-07-04 19:00:00,2026-07-04 21:00:00,karup,16.165,46.22,4.605,0.0,1008.14,78.645,80.0
1783195200,2026-07-04 20:00:00,2026-07-04 22:00:00,karup,15.54,11.1,3.4,0.0,1007.86,83.345,96.6667
1783198800,2026-07-04 21:00:00,2026-07-04 23:00:00,karup,15.065,0.0,3.695,0.0,1007.41,89.06,100.0
1783202400,2026-07-04 22:00:00,2026-07-05 00:00:00,karup,14.665,0.0,4.17,0.0,1007.16,93.02,95.0
1783206000,2026-07-04 23:00:00,2026-07-05 01:00:00,karup,14.535,0.0,3.27,0.0,1006.7,92.77,100.0
1783209600,2026-07-05 00:00:00,2026-07-05 02:00:00,karup,14.325,0.0,3.325,0.0,1006.51,93.885,100.0
1783213200,2026-07-05 01:00:00,2026-07-05 03:00:00,karup,14.17,0.0,4.455,0.0,1006.32,94.96,96.6667
1783216800,2026-07-05 02:00:00,2026-07-05 04:00:00,karup,13.835,0.0,5.165,0.0,1006.42,95.21,98.3333
1783220400,2026-07-05 03:00:00,2026-07-05 05:00:00,karup,13.635,0.0,4.93,0.1,1006.53,94.76,90.0
1783224000,2026-07-05 04:00:00,2026-07-05 06:00:00,karup,13.445,14.06,4.765,0.0,1006.7,95.365,90.0
1783227600,2026-07-05 05:00:00,2026-07-05 07:00:00,karup,13.55,38.08,5.035,0.0,1006.88,91.715,100.0
1783231200,2026-07-05 06:00:00,2026-07-05 08:00:00,karup,13.945,63.76,5.425,0.0,1006.82,90.43,77.5
1783234800,2026-07-05 07:00:00,2026-07-05 09:00:00,karup,15.09,290.53,7.17,0.0,1006.93,80.8,65.0
1783238400,2026-07-05 08:00:00,2026-07-05 10:00:00,karup,15.51,325.54,8.085,0.0,1007.22,75.835,53.3333
1783242000,2026-07-05 09:00:00,2026-07-05 11:00:00,karup,16.39,597.36,8.98,0.0,1007.55,64.405,60.0
1783245600,2026-07-05 10:00:00,2026-07-05 12:00:00,karup,16.5,682.29,8.755,0.0,1007.78,58.51,72.5
1783249200,2026-07-05 11:00:00,2026-07-05 13:00:00,karup,16.77,721.57,9.23,0.0,1007.84,55.92,35.8333
1783252800,2026-07-05 12:00:00,2026-07-05 14:00:00,karup,16.955,809.72,9.495,0.0,1007.95,53.395,15.0
1783256400,2026-07-05 13:00:00,2026-07-05 15:00:00,karup,16.945,800.93,9.565,0.0,1008.24,53.16,3.33333
1783260000,2026-07-05 14:00:00,2026-07-05 16:00:00,karup,17.025,765.38,8.99,0.0,1008.38,51.42,5.0
1783263600,2026-07-05 15:00:00,2026-07-05 17:00:00,karup,16.69,629.09,8.92,0.0,1008.45,52.955,0.0
1783267200,2026-07-05 16:00:00,2026-07-05 18:00:00,karup,16.135,474.0,8.295,0.0,1008.34,52.41,0.0
1783270800,2026-07-05 17:00:00,2026-07-05 19:00:00,karup,15.57,380.3,8.35,0.0,1008.35,53.115,3.33333
1783274400,2026-07-05 18:00:00,2026-07-05 20:00:00,karup,14.56,212.65,7.505,0.0,1008.4,59.165,20.0
1783278000,2026-07-05 19:00:00,2026-07-05 21:00:00,karup,13.505,94.52,6.15,0.0,1008.4,67.0,8.33333
1783281600,2026-07-05 20:00:00,2026-07-05 22:00:00,karup,12.37,15.35,4.97,0.0,1008.24,73.19,0.0
1783285200,2026-07-05 21:00:00,2026-07-05 23:00:00,karup,11.165,0.0,3.65,0.0,1008.21,81.01,10.0
1783288800,2026-07-05 22:00:00,2026-07-06 00:00:00,karup,10.31,0.0,3.785,0.0,1008.04,85.48,56.6667
1783292400,2026-07-05 23:00:00,2026-07-06 01:00:00,karup,10.03,0.0,3.88,0.0,1007.55,87.12,87.5
1783296000,2026-07-06 00:00:00,2026-07-06 02:00:00,karup,9.995,0.0,3.785,0.0,1007.01,86.42,95.0
1783299600,2026-07-06 01:00:00,2026-07-06 03:00:00,karup,10.055,0.0,3.28,0.0,1006.36,85.66,91.6667
1783303200,2026-07-06 02:00:00,2026-07-06 04:00:00,karup,10.09,0.0,2.735,0.0,1005.8,85.725,100.0
1783306800,2026-07-06 03:00:00,2026-07-06 05:00:00,karup,10.285,0.0,1.915,0.0,1005.24,85.37,100.0
1783310400,2026-07-06 04:00:00,2026-07-06 06:00:00,karup,10.525,8.71,1.285,0.0,1004.49,87.815,100.0
1783314000,2026-07-06 05:00:00,2026-07-06 07:00:00,karup,11.065,43.85,1.68,0.055,1003.98,89.165,100.0
1783317600,2026-07-06 06:00:00,2026-07-06 08:00:00,karup,11.455,67.28,1.225,0.765,1003.34,93.23,100.0
1783321200,2026-07-06 07:00:00,2026-07-06 09:00:00,karup,11.845,95.55,1.305,0.88,1002.59,96.365,100.0
1783324800,2026-07-06 08:00:00,2026-07-06 10:00:00,karup,12.515,193.69,1.38,0.27,1002.24,96.185,100.0
1783328400,2026-07-06 09:00:00,2026-07-06 11:00:00,karup,13.155,137.48,1.305,0.085,1001.49,93.35,100.0
1783332000,2026-07-06 10:00:00,2026-07-06 12:00:00,karup,13.67,181.65,1.95,0.0,1000.97,93.445,100.0
1783335600,2026-07-06 11:00:00,2026-07-06 13:00:00,karup,14.06,170.16,2.23,0.4,1000.56,95.545,100.0
1783339200,2026-07-06 12:00:00,2026-07-06 14:00:00,karup,14.395,157.46,1.955,0.76,1000.15,97.595,100.0
1783342800,2026-07-06 13:00:00,2026-07-06 15:00:00,karup,14.97,210.21,3.16,0.8,999.871,97.905,100.0
1783346400,2026-07-06 14:00:00,2026-07-06 16:00:00,karup,15.335,149.43,3.92,0.72,999.721,97.74,100.0
1783350000,2026-07-06 15:00:00,2026-07-06 17:00:00,karup,14.945,119.17,6.21,0.8,999.522,96.385,100.0
1783353600,2026-07-06 16:00:00,2026-07-06 18:00:00,karup,14.835,123.82,6.085,0.27,999.338,96.515,100.0
1783357200,2026-07-06 17:00:00,2026-07-06 19:00:00,karup,14.58,122.07,6.3,0.15,999.05,96.83,98.3333
1783360800,2026-07-06 18:00:00,2026-07-06 20:00:00,karup,14.415,64.26,5.82,0.0,998.946,96.805,91.6667
1783364400,2026-07-06 19:00:00,2026-07-06 21:00:00,karup,14.27,18.34,6.15,0.0,998.782,95.725,90.0
1783368000,2026-07-06 20:00:00,2026-07-06 22:00:00,karup,14.285,6.61,5.98,0.0,998.596,95.11,96.6667
1783371600,2026-07-06 21:00:00,2026-07-06 23:00:00,karup,14.305,0.0,6.835,0.0,998.714,94.435,95.0
1783375200,2026-07-06 22:00:00,2026-07-07 00:00:00,karup,14.085,0.0,6.155,0.0,998.607,94.395,90.0
1783378800,2026-07-06 23:00:00,2026-07-07 01:00:00,karup,13.98,0.0,4.775,0.0,998.323,95.585,93.3333
1783382400,2026-07-07 00:00:00,2026-07-07 02:00:00,karup,13.975,0.0,4.63,0.0,997.683,96.865,100.0
1783386000,2026-07-07 01:00:00,2026-07-07 03:00:00,karup,13.94,0.0,3.825,0.17,997.087,98.275,100.0
1783389600,2026-07-07 02:00:00,2026-07-07 04:00:00,karup,14.1,0.0,5.265,0.1,996.568,97.86,100.0
1783393200,2026-07-07 03:00:00,2026-07-07 05:00:00,karup,14.005,0.0,5.03,0.33,996.172,97.5,95.0
1783396800,2026-07-07 04:00:00,2026-07-07 06:00:00,karup,13.97,2.69,5.385,0.755,995.916,97.88,100.0
1783400400,2026-07-07 05:00:00,2026-07-07 07:00:00,karup,13.775,22.22,4.985,0.985,995.521,98.01,100.0
1783404000,2026-07-07 06:00:00,2026-07-07 08:00:00,karup,14.075,60.56,6.19,0.225,995.308,97.825,100.0
1783407600,2026-07-07 07:00:00,2026-07-07 09:00:00,karup,14.31,109.54,5.995,0.14,995.271,96.825,100.0
1783411200,2026-07-07 08:00:00,2026-07-07 10:00:00,karup,14.675,225.26,6.655,0.295,995.289,94.365,91.6667
1783414800,2026-07-07 09:00:00,2026-07-07 11:00:00,karup,15.01,343.94,7.14,0.0,995.383,89.85,93.3333
1783418400,2026-07-07 10:00:00,2026-07-07 12:00:00,karup,14.97,345.89,7.18,0.05,995.679,86.39,100.0
1783422000,2026-07-07 11:00:00,2026-07-07 13:00:00,karup,14.75,328.09,7.285,0.05,995.905,87.995,91.6667
1783425600,2026-07-07 12:00:00,2026-07-07 14:00:00,karup,15.66,439.08,8.16,0.0,996.108,77.66,70.0
1783429200,2026-07-07 13:00:00,2026-07-07 15:00:00,karup,16.15,615.5,10.725,0.0,996.976,63.0,32.5
1783432800,2026-07-07 14:00:00,2026-07-07 16:00:00,karup,15.965,638.41,10.785,0.0,997.474,57.33,39.1667
1783436400,2026-07-07 15:00:00,2026-07-07 17:00:00,karup,15.77,533.46,10.15,0.0,998.136,59.52,70.8333
1783440000,2026-07-07 16:00:00,2026-07-07 18:00:00,karup,15.1,404.61,10.245,0.0,998.813,60.75,67.5
1783443600,2026-07-07 17:00:00,2026-07-07 19:00:00,karup,14.835,359.23,9.515,0.0,999.39,63.98,82.5
1783447200,2026-07-07 18:00:00,2026-07-07 20:00:00,karup,14.53,207.97,9.29,0.0,1000.18,66.535,78.3333
1783450800,2026-07-07 19:00:00,2026-07-07 21:00:00,karup,13.895,84.44,7.595,0.0,1000.76,69.805,43.3333
1783454400,2026-07-07 20:00:00,2026-07-07 22:00:00,karup,12.945,27.44,5.985,0.0,1001.51,74.255,65.0
1783458000,2026-07-07 21:00:00,2026-07-07 23:00:00,karup,12.04,0.0,5.315,0.0,1001.95,80.47,82.5
1783461600,2026-07-07 22:00:00,2026-07-08 00:00:00,karup,11.685,0.0,4.45,0.0,1002.25,83.685,51.6667
1783465200,2026-07-07 23:00:00,2026-07-08 01:00:00,karup,11.195,0.0,3.935,0.0,1002.5,86.98,85.0
1783468800,2026-07-08 00:00:00,2026-07-08 02:00:00,karup,10.49,0.0,3.47,0.0,1002.69,90.5,47.5
1783472400,2026-07-08 01:00:00,2026-07-08 03:00:00,karup,10.305,0.0,3.72,0.0,1002.82,91.875,0.0
1783476000,2026-07-08 02:00:00,2026-07-08 04:00:00,karup,10.01,0.0,3.23,0.0,1003.08,92.215,11.6667
1783479600,2026-07-08 03:00:00,2026-07-08 05:00:00,karup,9.835,0.0,3.53,0.0,1003.4,92.875,87.5
1783483200,2026-07-08 04:00:00,2026-07-08 06:00:00,karup,10.93,27.98,3.54,0.0,1003.73,93.175,90.0
1783486800,2026-07-08 05:00:00,2026-07-08 07:00:00,karup,12.13,55.96,3.45,0.0,1004.1,90.93,91.6667
1783490400,2026-07-08 06:00:00,2026-07-08 08:00:00,karup,13.245,105.14,5.02,0.0,1004.37,86.46,89.1667
1783494000,2026-07-08 07:00:00,2026-07-08 09:00:00,karup,14.31,287.37,5.685,0.0,1004.71,81.795,82.5
1783497600,2026-07-08 08:00:00,2026-07-08 10:00:00,karup,15.675,471.02,6.81,0.0,1005.04,75.56,80.0
1783501200,2026-07-08 09:00:00,2026-07-08 11:00:00,karup,16.48,548.73,6.5,0.0,1005.08,72.905,36.6667
1783504800,2026-07-08 10:00:00,2026-07-08 12:00:00,karup,17.705,734.04,6.465,0.0,1005.28,68.65,0.0
1783508400,2026-07-08 11:00:00,2026-07-08 13:00:00,karup,18.565,808.15,6.9,0.0,1005.68,65.125,1.66667
1783512000,2026-07-08 12:00:00,2026-07-08 14:00:00,karup,19.23,852.48,7.06,0.0,1006.01,62.68,0.0
1783515600,2026-07-08 13:00:00,2026-07-08 15:00:00,karup,19.575,826.72,7.075,0.0,1006.38,61.9,0.0
1783519200,2026-07-08 14:00:00,2026-07-08 16:00:00,karup,19.765,762.54,7.03,0.0,1006.73,61.245,0.0
1783522800,2026-07-08 15:00:00,2026-07-08 17:00:00,karup,19.765,667.69,6.665,0.0,1007.07,62.055,0.0
1783526400,2026-07-08 16:00:00,2026-07-08 18:00:00,karup,19.265,535.66,7.1,0.0,1007.25,62.0,71.6667
1783530000,2026-07-08 17:00:00,2026-07-08 19:00:00,karup,18.3,307.88,5.985,0.0,1007.41,64.11,40.8333
1783533600,2026-07-08 18:00:00,2026-07-08 20:00:00,karup,17.265,259.87,5.615,0.0,1007.61,65.9,5.83333
1783537200,2026-07-08 19:00:00,2026-07-08 21:00:00,karup,16.11,123.31,5.405,0.0,1007.92,70.2,0.0
1783540800,2026-07-08 20:00:00,2026-07-08 22:00:00,karup,14.345,30.35,4.37,0.0,1007.96,76.45,40.8333
1783544400,2026-07-08 21:00:00,2026-07-08 23:00:00,karup,13.26,0.0,4.12,0.0,1007.78,85.605,93.3333
1783548000,2026-07-08 22:00:00,2026-07-09 00:00:00,karup,14.105,0.0,5.33,0.0,1007.97,89.79,90.0
1783551600,2026-07-08 23:00:00,2026-07-09 01:00:00,karup,14.085,0.0,5.31,0.0,1007.98,89.95,90.0
1783555200,2026-07-09 00:00:00,2026-07-09 02:00:00,karup,13.775,0.0,4.895,0.0,1008.14,90.715,87.5
1783558800,2026-07-09 01:00:00,2026-07-09 03:00:00,karup,13.395,0.0,3.365,0.0,1008.06,92.0,93.3333
1783562400,2026-07-09 02:00:00,2026-07-09 04:00:00,karup,13.185,0.0,3.635,0.0,1007.92,92.725,93.3333
1783566000,2026-07-09 03:00:00,2026-07-09 05:00:00,karup,13.2,0.0,4.12,0.0,1007.82,92.78,96.6667
1783569600,2026-07-09 04:00:00,2026-07-09 06:00:00,karup,13.445,19.73,4.235,0.0,1007.95,93.125,96.6667
1783573200,2026-07-09 05:00:00,2026-07-09 07:00:00,karup,13.695,41.67,4.515,0.0,1008.22,92.29,100.0
1783576800,2026-07-09 06:00:00,2026-07-09 08:00:00,karup,14.355,158.36,5.135,0.0,1008.32,89.905,68.3333
1783580400,2026-07-09 07:00:00,2026-07-09 09:00:00,karup,15.625,366.37,4.69,0.0,1008.56,85.07,30.0
1783584000,2026-07-09 08:00:00,2026-07-09 10:00:00,karup,16.835,526.36,4.465,0.0,1009.01,80.31,20.8333
1783587600,2026-07-09 09:00:00,2026-07-09 11:00:00,karup,18.01,650.29,3.615,0.0,1009.17,76.06,0.0
1783591200,2026-07-09 10:00:00,2026-07-09 12:00:00,karup,19.345,749.11,3.165,0.0,1009.21,72.125,0.0
1783594800,2026-07-09 11:00:00,2026-07-09 13:00:00,karup,20.62,807.05,3.41,0.0,1009.03,67.085,0.0
1783598400,2026-07-09 12:00:00,2026-07-09 14:00:00,karup,21.7,825.75,3.435,0.0,1009.02,63.92,0.0
1783602000,2026-07-09 13:00:00,2026-07-09 15:00:00,karup,22.515,804.74,3.6,0.0,1009.11,60.13,0.0
1783605600,2026-07-09 14:00:00,2026-07-09 16:00:00,karup,22.92,743.43,3.515,0.0,1009.24,60.36,0.0
1783609200,2026-07-09 15:00:00,2026-07-09 17:00:00,karup,22.695,648.75,4.7,0.0,1009.34,62.1,0.0
1783612800,2026-07-09 16:00:00,2026-07-09 18:00:00,karup,22.125,524.56,4.42,0.0,1009.42,63.28,0.0
1783616400,2026-07-09 17:00:00,2026-07-09 19:00:00,karup,20.71,377.88,4.645,0.0,1009.55,68.795,0.0
1783620000,2026-07-09 18:00:00,2026-07-09 20:00:00,karup,19.185,238.97,4.355,0.0,1009.8,74.17,4.16667
1783623600,2026-07-09 19:00:00,2026-07-09 21:00:00,karup,17.46,123.71,4.32,0.0,1009.93,80.435,3.33333
1783627200,2026-07-09 20:00:00,2026-07-09 22:00:00,karup,15.61,30.49,3.13,0.0,1010.03,88.23,0.0
1783630800,2026-07-09 21:00:00,2026-07-09 23:00:00,karup,14.19,0.0,2.21,0.0,1010.37,93.565,0.0
1783634400,2026-07-09 22:00:00,2026-07-10 00:00:00,karup,13.57,0.0,2.06,0.0,1010.51,96.17,0.0
1783638000,2026-07-09 23:00:00,2026-07-10 01:00:00,karup,12.99,0.0,1.885,0.0,1010.63,97.645,0.0
1783641600,2026-07-10 00:00:00,2026-07-10 02:00:00,karup,12.495,0.0,1.795,0.0,1010.69,98.005,0.0
1783645200,2026-07-10 01:00:00,2026-07-10 03:00:00,karup,12.76,0.0,1.645,0.0,1010.69,98.635,0.0
1783648800,2026-07-10 02:00:00,2026-07-10 04:00:00,karup,12.45,0.0,1.345,0.0,1010.58,98.64,0.0
1783652400,2026-07-10 03:00:00,2026-07-10 05:00:00,karup,12.195,0.0,1.235,0.0,1010.8,98.1,1.66667
1783656000,2026-07-10 04:00:00,2026-07-10 06:00:00,karup,12.57,16.29,1.88,0.0,1010.92,99.485,16.6667
1783659600,2026-07-10 05:00:00,2026-07-10 07:00:00,karup,13.19,60.91,2.44,0.0,1011.25,99.24,16.6667
1783663200,2026-07-10 06:00:00,2026-07-10 08:00:00,karup,13.975,134.29,2.665,0.0,1011.45,99.75,91.6667
1783666800,2026-07-10 07:00:00,2026-07-10 09:00:00,karup,15.365,286.8,2.63,0.0,1011.6,98.41,35.0
1783670400,2026-07-10 08:00:00,2026-07-10 10:00:00,karup,17.62,571.69,2.385,0.0,1011.66,88.215,15.8333
1783674000,2026-07-10 09:00:00,2026-07-10 11:00:00,karup,19.635,645.99,2.52,0.0,1011.88,77.145,3.33333
1783677600,2026-07-10 10:00:00,2026-07-10 12:00:00,karup,21.265,743.96,3.09,0.0,1011.92,69.03,0.0
1783681200,2026-07-10 11:00:00,2026-07-10 13:00:00,karup,22.475,806.64,2.31,0.0,1011.91,62.81,0.0
1783684800,2026-07-10 12:00:00,2026-07-10 14:00:00,karup,23.62,838.07,1.735,0.0,1011.71,59.875,0.0
1783688400,2026-07-10 13:00:00,2026-07-10 15:00:00,karup,24.65,806.54,1.775,0.0,1011.77,56.285,9.16667
1783692000,2026-07-10 14:00:00,2026-07-10 16:00:00,karup,25.49,759.49,1.765,0.0,1011.86,53.015,9.16667
1783695600,2026-07-10 15:00:00,2026-07-10 17:00:00,karup,25.81,671.37,2.735,0.0,1011.95,52.735,0.0
1783699200,2026-07-10 16:00:00,2026-07-10 18:00:00,karup,25.565,542.46,2.735,0.0,1011.96,54.595,0.0
1783702800,2026-07-10 17:00:00,2026-07-10 19:00:00,karup,24.73,392.27,3.87,0.0,1012.36,57.775,0.0
1783706400,2026-07-10 18:00:00,2026-07-10 20:00:00,karup,23.47,241.89,3.88,0.0,1012.65,59.535,0.0
1783710000,2026-07-10 19:00:00,2026-07-10 21:00:00,karup,21.385,112.8,3.305,0.0,1012.93,65.09,0.0
1783713600,2026-07-10 20:00:00,2026-07-10 22:00:00,karup,19.035,24.79,2.485,0.0,1013.39,75.29,0.0
1783717200,2026-07-10 21:00:00,2026-07-10 23:00:00,karup,16.7,0.0,2.335,0.0,1013.73,84.28,0.0
1783720800,2026-07-10 22:00:00,2026-07-11 00:00:00,karup,15.085,0.0,1.245,0.0,1013.94,91.03,0.0
1783724400,2026-07-10 23:00:00,2026-07-11 01:00:00,karup,13.685,0.0,0.92,0.0,1014.13,95.515,16.6667
1783728000,2026-07-11 00:00:00,2026-07-11 02:00:00,karup,13.225,0.0,1.075,0.0,1014.12,98.335,0.0
1783731600,2026-07-11 01:00:00,2026-07-11 03:00:00,karup,12.72,0.0,0.93,0.0,1014.19,99.975,0.0
1783735200,2026-07-11 02:00:00,2026-07-11 04:00:00,karup,12.22,0.0,0.645,0.0,1014.34,100.16,0.0
1783738800,2026-07-11 03:00:00,2026-07-11 05:00:00,karup,11.735,0.0,0.32,0.0,1014.45,100.31,0.0
1783742400,2026-07-11 04:00:00,2026-07-11 06:00:00,karup,11.63,29.37,0.335,0.0,1014.68,100.33,20.8333
1783746000,2026-07-11 05:00:00,2026-07-11 07:00:00,karup,12.93,126.41,0.285,0.0,1014.88,99.985,0.0
1783749600,2026-07-11 06:00:00,2026-07-11 08:00:00,karup,15.26,224.45,0.515,0.0,1014.74,94.645,0.0
1783753200,2026-07-11 07:00:00,2026-07-11 09:00:00,karup,17.95,357.4,1.115,0.0,1014.9,85.65,0.0
1783756800,2026-07-11 08:00:00,2026-07-11 10:00:00,karup,20.545,527.27,1.96,0.0,1015.05,74.81,0.0
1783760400,2026-07-11 09:00:00,2026-07-11 11:00:00,karup,22.04,645.71,2.905,0.0,1015.13,69.785,0.0
1783764000,2026-07-11 10:00:00,2026-07-11 12:00:00,karup,23.315,737.52,2.715,0.0,1015.11,62.55,0.0
1783767600,2026-07-11 11:00:00,2026-07-11 13:00:00,karup,24.54,797.43,2.215,0.0,1015.0,58.165,0.0
1783771200,2026-07-11 12:00:00,2026-07-11 14:00:00,karup,25.69,786.18,2.365,0.0,1014.89,51.5,0.0
1783774800,2026-07-11 13:00:00,2026-07-11 15:00:00,karup,26.445,791.92,3.03,0.0,1014.75,45.985,0.0
1783778400,2026-07-11 14:00:00,2026-07-11 16:00:00,karup,26.905,723.57,3.4,0.0,1014.69,45.205,0.0
1783782000,2026-07-11 15:00:00,2026-07-11 17:00:00,karup,26.645,592.79,4.095,0.0,1014.75,42.695,0.0
1783785600,2026-07-11 16:00:00,2026-07-11 18:00:00,karup,25.915,476.18,4.39,0.0,1014.57,44.165,0.0
1783789200,2026-07-11 17:00:00,2026-07-11 19:00:00,karup,24.81,364.17,4.3,0.0,1014.58,49.045,0.0
1783792800,2026-07-11 18:00:00,2026-07-11 20:00:00,karup,22.87,184.02,4.27,0.0,1014.49,58.875,0.0
1783796400,2026-07-11 19:00:00,2026-07-11 21:00:00,karup,21.36,135.64,4.225,0.0,1014.53,71.725,0.0
1783800000,2026-07-11 20:00:00,2026-07-11 22:00:00,karup,19.31,37.65,3.47,0.0,1014.73,82.92,0.0
1783803600,2026-07-11 21:00:00,2026-07-11 23:00:00,karup,17.51,0.0,2.115,0.0,1014.86,90.425,0.0
1783807200,2026-07-11 22:00:00,2026-07-12 00:00:00,karup,16.05,0.0,1.99,0.0,1014.97,93.445,0.0
1783810800,2026-07-11 23:00:00,2026-07-12 01:00:00,karup,15.265,0.0,2.01,0.0,1014.99,92.725,0.0
1783814400,2026-07-12 00:00:00,2026-07-12 02:00:00,karup,14.63,0.0,1.97,0.0,1014.91,92.02,0.0
1783818000,2026-07-12 01:00:00,2026-07-12 03:00:00,karup,13.69,0.0,1.905,0.0,1015.04,92.01,0.0
1783821600,2026-07-12 02:00:00,2026-07-12 04:00:00,karup,12.71,0.0,1.805,0.0,1015.28,93.605,0.0
1783825200,2026-07-12 03:00:00,2026-07-12 05:00:00,karup,11.765,0.0,1.42,0.0,1015.22,94.625,14.1667
1783828800,2026-07-12 04:00:00,2026-07-12 06:00:00,karup,11.75,14.11,2.08,0.0,1015.04,96.065,82.5
1783832400,2026-07-12 05:00:00,2026-07-12 07:00:00,karup,13.33,82.34,2.015,0.0,1015.19,94.805,59.1667
1783836000,2026-07-12 06:00:00,2026-07-12 08:00:00,karup,14.7,143.84,2.41,0.0,1015.37,93.31,40.8333
1783839600,2026-07-12 07:00:00,2026-07-12 09:00:00,karup,16.525,404.39,3.51,0.0,1015.81,88.02,98.3333
1783843200,2026-07-12 08:00:00,2026-07-12 10:00:00,karup,17.105,482.89,3.255,0.0,1016.19,86.295,98.3333
1783846800,2026-07-12 09:00:00,2026-07-12 11:00:00,karup,18.125,681.24,1.77,0.0,1015.97,82.975,50.8333
1783850400,2026-07-12 10:00:00,2026-07-12 12:00:00,karup,19.79,757.54,1.19,0.0,1015.89,75.875,26.6667
1783854000,2026-07-12 11:00:00,2026-07-12 13:00:00,karup,22.11,812.86,2.2,0.0,1015.83,68.09,20.0
1783857600,2026-07-12 12:00:00,2026-07-12 14:00:00,karup,24.04,826.47,2.27,0.0,1015.76,62.61,40.0
1783861200,2026-07-12 13:00:00,2026-07-12 15:00:00,karup,25.815,812.09,3.03,0.0,1015.61,56.135,64.1667
1783864800,2026-07-12 14:00:00,2026-07-12 16:00:00,karup,26.75,697.34,3.78,0.0,1015.61,51.375,67.5
1783868400,2026-07-12 15:00:00,2026-07-12 17:00:00,karup,26.52,462.7,4.375,0.0,1015.56,53.825,27.5
1783872000,2026-07-12 16:00:00,2026-07-12 18:00:00,karup,26.86,479.37,4.745,0.0,1015.78,51.83,56.6667
1783875600,2026-07-12 17:00:00,2026-07-12 19:00:00,karup,25.665,355.78,5.685,0.0,1016.16,57.79,11.6667
1783879200,2026-07-12 18:00:00,2026-07-12 20:00:00,karup,24.22,235.4,5.39,0.0,1016.68,63.375,33.3333
1783882800,2026-07-12 19:00:00,2026-07-12 21:00:00,karup,22.465,89.66,3.62,0.0,1017.02,68.435,35.0
1783886400,2026-07-12 20:00:00,2026-07-12 22:00:00,karup,20.73,16.8,2.455,0.0,1017.44,75.505,46.6667
1783890000,2026-07-12 21:00:00,2026-07-12 23:00:00,karup,18.94,0.0,1.715,0.0,1017.66,82.07,0.0
1783893600,2026-07-12 22:00:00,2026-07-13 00:00:00,karup,16.78,0.0,1.735,0.0,1017.89,90.855,15.8333
1783897200,2026-07-12 23:00:00,2026-07-13 01:00:00,karup,15.43,0.0,1.32,0.0,1017.95,96.31,28.3333
1783900800,2026-07-13 00:00:00,2026-07-13 02:00:00,karup,15.095,0.0,1.185,0.0,1017.88,97.835,90.0
1783904400,2026-07-13 01:00:00,2026-07-13 03:00:00,karup,15.785,0.0,2.34,0.0,1017.71,97.48,98.3333
1783908000,2026-07-13 02:00:00,2026-07-13 04:00:00,karup,15.925,0.0,1.915,0.0,1017.68,96.185,98.3333
1783911600,2026-07-13 03:00:00,2026-07-13 05:00:00,karup,15.965,0.0,2.115,0.0,1017.82,93.79,91.6667
1783915200,2026-07-13 04:00:00,2026-07-13 06:00:00,karup,16.07,7.45,2.23,0.0,1017.77,93.26,98.3333
1783918800,2026-07-13 05:00:00,2026-07-13 07:00:00,karup,16.64,60.82,1.71,0.0,1017.62,92.275,90.0
1783922400,2026-07-13 06:00:00,2026-07-13 08:00:00,karup,17.725,119.01,2.585,0.0,1017.71,89.495,90.0
1783926000,2026-07-13 07:00:00,2026-07-13 09:00:00,karup,18.855,185.63,3.375,0.0,1017.91,86.18,90.0
1783929600,2026-07-13 08:00:00,2026-07-13 10:00:00,karup,19.655,198.33,3.585,0.0,1018.03,84.69,87.5
1783933200,2026-07-13 09:00:00,2026-07-13 11:00:00,karup,20.635,309.96,3.7,0.0,1017.96,81.465,90.0
1783936800,2026-07-13 10:00:00,2026-07-13 12:00:00,karup,22.215,549.84,4.19,0.0,1017.92,73.75,83.3333
1783940400,2026-07-13 11:00:00,2026-07-13 13:00:00,karup,22.63,564.3,3.95,0.0,1017.8,71.87,50.0
1783944000,2026-07-13 12:00:00,2026-07-13 14:00:00,karup,22.9,464.37,4.42,0.0,1017.63,70.945,61.6667
1783947600,2026-07-13 13:00:00,2026-07-13 15:00:00,karup,23.35,425.02,4.495,0.0,1017.42,70.885,28.3333
1783951200,2026-07-13 14:00:00,2026-07-13 16:00:00,karup,23.955,445.97,4.5,0.0,1017.16,67.45,31.6667
1783954800,2026-07-13 15:00:00,2026-07-13 17:00:00,karup,24.56,519.62,4.295,0.0,1016.82,62.085,35.0
1783958400,2026-07-13 16:00:00,2026-07-13 18:00:00,karup,24.47,315.85,3.89,0.0,1016.54,62.48,12.5
1783962000,2026-07-13 17:00:00,2026-07-13 19:00:00,karup,24.425,314.33,3.305,0.0,1016.65,61.535,8.33333
1783965600,2026-07-13 18:00:00,2026-07-13 20:00:00,karup,24.1,199.66,2.7,0.0,1016.83,62.71,54.1667
1783969200,2026-07-13 19:00:00,2026-07-13 21:00:00,karup,22.63,46.29,1.705,0.0,1016.95,70.305,0.0
1783972800,2026-07-13 20:00:00,2026-07-13 22:00:00,karup,21.405,18.76,1.065,0.0,1017.15,76.82,0.0
1783976400,2026-07-13 21:00:00,2026-07-13 23:00:00,karup,19.39,0.0,1.225,0.0,1017.12,85.505,0.0
1783980000,2026-07-13 22:00:00,2026-07-14 00:00:00,karup,17.605,0.0,1.125,0.0,1017.27,90.18,0.0
1783983600,2026-07-13 23:00:00,2026-07-14 01:00:00,karup,16.075,0.0,0.565,0.0,1017.42,93.67,0.0
1783987200,2026-07-14 00:00:00,2026-07-14 02:00:00,karup,15.135,0.0,1.195,0.0,1017.37,95.17,0.0
1783990800,2026-07-14 01:00:00,2026-07-14 03:00:00,karup,14.53,0.0,0.835,0.0,1017.53,96.64,0.0
1783994400,2026-07-14 02:00:00,2026-07-14 04:00:00,karup,13.215,0.0,0.35,0.0,1017.58,97.435,0.0
1783998000,2026-07-14 03:00:00,2026-07-14 05:00:00,karup,12.47,0.0,0.515,0.0,1017.34,96.84,11.6667
1784001600,2026-07-14 04:00:00,2026-07-14 06:00:00,karup,12.075,22.94,0.255,0.0,1017.36,97.745,1.66667
1784005200,2026-07-14 05:00:00,2026-07-14 07:00:00,karup,13.94,112.42,0.685,0.0,1017.44,96.335,0.0
1784008800,2026-07-14 06:00:00,2026-07-14 08:00:00,karup,17.71,240.76,0.22,0.0,1017.66,88.88,0.0
1784012400,2026-07-14 07:00:00,2026-07-14 09:00:00,karup,20.68,388.05,0.84,0.0,1017.76,71.23,0.0
1784016000,2026-07-14 08:00:00,2026-07-14 10:00:00,karup,22.545,530.01,1.835,0.0,1017.68,53.415,0.0
1784019600,2026-07-14 09:00:00,2026-07-14 11:00:00,karup,23.835,652.66,2.36,0.0,1017.64,43.415,0.0
1784023200,2026-07-14 10:00:00,2026-07-14 12:00:00,karup,24.65,696.64,2.23,0.0,1017.53,39.625,1.66667
1784026800,2026-07-14 11:00:00,2026-07-14 13:00:00,karup,25.12,677.67,2.34,0.0,1017.39,37.93,1.66667
1784030400,2026-07-14 12:00:00,2026-07-14 14:00:00,karup,25.325,514.7,2.535,0.0,1017.25,37.735,25.0
1784034000,2026-07-14 13:00:00,2026-07-14 15:00:00,karup,25.51,503.07,2.69,0.0,1017.08,39.26,74.1667
1784037600,2026-07-14 14:00:00,2026-07-14 16:00:00,karup,25.82,655.61,3.14,0.0,1016.74,38.385,28.3333
1784041200,2026-07-14 15:00:00,2026-07-14 17:00:00,karup,26.365,651.55,3.535,0.0,1016.33,36.19,0.0
1784044800,2026-07-14 16:00:00,2026-07-14 18:00:00,karup,26.565,531.67,3.535,0.0,1016.17,35.35,0.0
1784048400,2026-07-14 17:00:00,2026-07-14 19:00:00,karup,26.24,376.99,3.985,0.0,1016.2,36.28,0.0
1784052000,2026-07-14 18:00:00,2026-07-14 20:00:00,karup,25.245,227.88,4.545,0.0,1016.37,44.445,0.0
1784055600,2026-07-14 19:00:00,2026-07-14 21:00:00,karup,23.385,106.37,3.835,0.0,1016.78,54.675,0.0
1784059200,2026-07-14 20:00:00,2026-07-14 22:00:00,karup,20.88,21.28,2.775,0.0,1017.31,61.095,0.0
1784062800,2026-07-14 21:00:00,2026-07-14 23:00:00,karup,18.47,0.0,1.35,0.0,1017.64,69.1,0.0
1784066400,2026-07-14 22:00:00,2026-07-15 00:00:00,karup,16.445,0.0,1.28,0.0,1017.93,78.92,0.0
1784070000,2026-07-14 23:00:00,2026-07-15 01:00:00,karup,14.94,0.0,0.945,0.0,1018.13,84.385,0.0
1784073600,2026-07-15 00:00:00,2026-07-15 02:00:00,karup,13.685,0.0,1.01,0.0,1018.24,90.115,0.0
1784077200,2026-07-15 01:00:00,2026-07-15 03:00:00,karup,12.77,0.0,0.77,0.0,1018.1,93.3,0.0
1784080800,2026-07-15 02:00:00,2026-07-15 04:00:00,karup,11.83,0.0,0.62,0.0,1017.87,93.25,0.0
1784084400,2026-07-15 03:00:00,2026-07-15 05:00:00,karup,10.975,0.0,0.625,0.0,1017.8,94.605,0.0
1784088000,2026-07-15 04:00:00,2026-07-15 06:00:00,karup,10.96,23.46,0.565,0.0,1018.0,95.5,0.0
1784091600,2026-07-15 05:00:00,2026-07-15 07:00:00,karup,12.955,107.16,0.595,0.0,1018.12,93.93,0.0
1784095200,2026-07-15 06:00:00,2026-07-15 08:00:00,karup,16.75,240.62,0.81,0.0,1018.36,82.195,0.0
1784098800,2026-07-15 07:00:00,2026-07-15 09:00:00,karup,19.675,391.08,2.095,0.0,1018.35,63.785,0.0
1784102400,2026-07-15 08:00:00,2026-07-15 10:00:00,karup,22.29,530.16,2.66,0.0,1018.32,50.32,0.0
1784106000,2026-07-15 09:00:00,2026-07-15 11:00:00,karup,24.495,649.86,3.145,0.0,1018.35,43.125,0.0
1784109600,2026-07-15 10:00:00,2026-07-15 12:00:00,karup,25.925,740.54,3.19,0.0,1018.23,41.09,0.0
1784113200,2026-07-15 11:00:00,2026-07-15 13:00:00,karup,26.965,801.5,3.08,0.0,1018.01,37.305,0.0
1784116800,2026-07-15 12:00:00,2026-07-15 14:00:00,karup,27.95,806.32,3.14,0.0,1017.69,33.795,14.1667
1784120400,2026-07-15 13:00:00,2026-07-15 15:00:00,karup,28.435,807.5,2.65,0.0,1017.4,31.55,10.8333
1784124000,2026-07-15 14:00:00,2026-07-15 16:00:00,karup,28.935,746.96,2.76,0.0,1017.16,28.75,16.6667
1784127600,2026-07-15 15:00:00,2026-07-15 17:00:00,karup,29.02,647.1,2.765,0.0,1016.96,28.325,15.8333
1784131200,2026-07-15 16:00:00,2026-07-15 18:00:00,karup,29.19,537.72,2.88,0.0,1016.65,29.9,10.8333
1784134800,2026-07-15 17:00:00,2026-07-15 19:00:00,karup,28.505,322.74,3.415,0.0,1016.6,32.945,5.0
1784138400,2026-07-15 18:00:00,2026-07-15 20:00:00,karup,27.985,225.07,3.39,0.0,1016.64,33.585,0.0
1784142000,2026-07-15 19:00:00,2026-07-15 21:00:00,karup,25.335,59.73,2.035,0.0,1016.84,47.735,0.0
1784145600,2026-07-15 20:00:00,2026-07-15 22:00:00,karup,21.505,17.74,1.615,0.0,1017.2,65.885,0.0
1784149200,2026-07-15 21:00:00,2026-07-15 23:00:00,karup,18.915,0.0,0.745,0.0,1017.22,76.015,0.0
1784152800,2026-07-15 22:00:00,2026-07-16 00:00:00,karup,16.925,0.0,0.6,0.0,1017.3,83.55,0.0
1784156400,2026-07-15 23:00:00,2026-07-16 01:00:00,karup,15.68,0.0,0.825,0.0,1017.25,89.9,0.0
1784160000,2026-07-16 00:00:00,2026-07-16 02:00:00,karup,14.925,0.0,0.515,0.0,1017.03,92.24,0.0
1784163600,2026-07-16 01:00:00,2026-07-16 03:00:00,karup,14.2,0.0,0.555,0.0,1016.71,93.9,0.0
1784167200,2026-07-16 02:00:00,2026-07-16 04:00:00,karup,13.685,0.0,0.98,0.0,1016.53,96.025,0.0
1784170800,2026-07-16 03:00:00,2026-07-16 05:00:00,karup,13.425,0.0,0.255,0.0,1016.32,97.57,20.8333
1784174400,2026-07-16 04:00:00,2026-07-16 06:00:00,karup,12.935,16.24,0.745,0.0,1016.13,98.695,80.0
1784178000,2026-07-16 05:00:00,2026-07-16 07:00:00,karup,15.12,86.46,0.925,0.0,1015.86,99.505,12.5
1784181600,2026-07-16 06:00:00,2026-07-16 08:00:00,karup,17.985,141.54,1.615,0.0,1015.64,93.72,65.0
1784185200,2026-07-16 07:00:00,2026-07-16 09:00:00,karup,19.565,212.72,1.905,0.0,1015.55,82.32,89.1667
1784188800,2026-07-16 08:00:00,2026-07-16 10:00:00,karup,21.66,287.36,1.9,0.0,1015.42,70.93,90.0
1784192400,2026-07-16 09:00:00,2026-07-16 11:00:00,karup,23.665,522.9,2.075,0.0,1015.17,60.48,61.6667
1784196000,2026-07-16 10:00:00,2026-07-16 12:00:00,karup,25.635,654.74,2.3,0.0,1014.63,53.785,12.5
1784199600,2026-07-16 11:00:00,2026-07-16 13:00:00,karup,27.435,783.01,3.45,0.0,1014.15,43.665,0.0
1784203200,2026-07-16 12:00:00,2026-07-16 14:00:00,karup,28.335,810.53,3.64,0.0,1013.82,37.375,0.0
1784206800,2026-07-16 13:00:00,2026-07-16 15:00:00,karup,28.69,790.32,3.86,0.0,1013.42,33.675,0.0
1784210400,2026-07-16 14:00:00,2026-07-16 16:00:00,karup,28.99,733.13,3.57,0.0,1012.91,29.205,0.0
1784214000,2026-07-16 15:00:00,2026-07-16 17:00:00,karup,28.865,634.87,3.45,0.0,1012.38,27.58,0.0
1784217600,2026-07-16 16:00:00,2026-07-16 18:00:00,karup,28.51,546.29,3.17,0.0,1011.78,28.03,6.66667
1784221200,2026-07-16 17:00:00,2026-07-16 19:00:00,karup,27.555,308.38,3.885,0.0,1011.52,31.365,46.6667
1784224800,2026-07-16 18:00:00,2026-07-16 20:00:00,karup,26.3,162.19,3.625,0.0,1011.42,38.73,26.6667
1784228400,2026-07-16 19:00:00,2026-07-16 21:00:00,karup,23.845,73.58,2.65,0.0,1011.36,54.8,58.3333
1784232000,2026-07-16 20:00:00,2026-07-16 22:00:00,karup,20.99,12.38,1.025,0.0,1011.19,66.695,88.3333
1784235600,2026-07-16 21:00:00,2026-07-16 23:00:00,karup,19.185,0.0,0.68,0.0,1010.98,74.51,59.1667
1784239200,2026-07-16 22:00:00,2026-07-17 00:00:00,karup,18.345,0.0,1.095,0.0,1010.69,76.88,90.0
1784242800,2026-07-16 23:00:00,2026-07-17 01:00:00,karup,17.56,0.0,1.11,0.0,1010.19,79.845,43.3333
1784246400,2026-07-17 00:00:00,2026-07-17 02:00:00,karup,16.325,0.0,0.73,0.0,1009.58,83.225,26.6667
1784250000,2026-07-17 01:00:00,2026-07-17 03:00:00,karup,15.265,0.0,0.965,0.0,1009.19,86.98,19.1667
1784253600,2026-07-17 02:00:00,2026-07-17 04:00:00,karup,15.035,0.0,1.31,0.0,1008.68,88.79,50.0
1784257200,2026-07-17 03:00:00,2026-07-17 05:00:00,karup,14.44,0.0,0.945,0.0,1008.39,91.115,95.0
1784260800,2026-07-17 04:00:00,2026-07-17 06:00:00,karup,14.885,10.28,0.97,0.0,1007.78,91.78,72.5
1784264400,2026-07-17 05:00:00,2026-07-17 07:00:00,karup,16.24,104.77,1.345,0.0,1007.25,88.72,32.5
1784268000,2026-07-17 06:00:00,2026-07-17 08:00:00,karup,19.22,155.48,1.62,0.0,1007.0,76.49,85.0
1784271600,2026-07-17 07:00:00,2026-07-17 09:00:00,karup,20.355,303.86,1.77,0.0,1006.56,72.385,87.5
1784275200,2026-07-17 08:00:00,2026-07-17 10:00:00,karup,21.52,162.3,2.24,0.0,1006.32,64.685,96.6667
1784278800,2026-07-17 09:00:00,2026-07-17 11:00:00,karup,21.195,311.23,1.585,0.0,1005.76,67.735,90.0
1784282400,2026-07-17 10:00:00,2026-07-17 12:00:00,karup,22.345,393.78,1.23,0.0,1005.49,61.565,90.0
1784286000,2026-07-17 11:00:00,2026-07-17 13:00:00,karup,23.01,541.11,1.73,0.0,1005.14,58.155,87.5
1784289600,2026-07-17 12:00:00,2026-07-17 14:00:00,karup,24.115,654.07,2.055,0.0,1004.49,54.62,80.0
1784293200,2026-07-17 13:00:00,2026-07-17 15:00:00,karup,24.47,536.52,2.62,0.0,1004.07,55.475,32.5
1784296800,2026-07-17 14:00:00,2026-07-17 16:00:00,karup,24.0,621.9,5.805,0.0,1003.65,63.0,29.1667
1784300400,2026-07-17 15:00:00,2026-07-17 17:00:00,karup,23.865,662.56,4.925,0.0,1003.6,59.61,67.5
1784304000,2026-07-17 16:00:00,2026-07-17 18:00:00,karup,23.21,540.53,3.49,0.0,1002.95,59.115,31.6667
1784307600,2026-07-17 17:00:00,2026-07-17 19:00:00,karup,22.79,379.38,5.075,0.0,1002.67,50.59,40.0
1784311200,2026-07-17 18:00:00,2026-07-17 20:00:00,karup,21.125,184.87,4.79,0.0,1002.95,51.58,5.83333
1784314800,2026-07-17 19:00:00,2026-07-17 21:00:00,karup,19.755,94.56,3.72,0.0,1002.99,60.78,25.8333
1784318400,2026-07-17 20:00:00,2026-07-17 22:00:00,karup,17.135,9.86,3.785,0.0,1002.91,76.295,70.8333
1784322000,2026-07-17 21:00:00,2026-07-17 23:00:00,karup,15.665,0.0,3.005,0.0,1002.79,84.73,48.3333
1784325600,2026-07-17 22:00:00,2026-07-18 00:00:00,karup,14.515,0.0,1.45,0.0,1002.2,87.96,3.33333
1784329200,2026-07-17 23:00:00,2026-07-18 01:00:00,karup,13.515,0.0,0.725,0.0,1001.73,91.615,71.6667
1784332800,2026-07-18 00:00:00,2026-07-18 02:00:00,karup,13.635,0.0,1.025,0.0,1001.21,91.88,72.5
1784336400,2026-07-18 01:00:00,2026-07-18 03:00:00,karup,13.97,0.0,1.53,0.0,1000.98,92.75,62.5
1784340000,2026-07-18 02:00:00,2026-07-18 04:00:00,karup,13.94,0.0,2.4,0.0,1000.62,93.875,40.0
1784343600,2026-07-18 03:00:00,2026-07-18 05:00:00,karup,14.41,0.0,3.56,0.0,1000.48,94.845,80.0
1784347200,2026-07-18 04:00:00,2026-07-18 06:00:00,karup,15.015,2.74,4.17,0.0,1000.63,93.7,100.0
1784350800,2026-07-18 05:00:00,2026-07-18 07:00:00,karup,15.22,33.59,4.88,0.0,1000.64,83.25,100.0
1784354400,2026-07-18 06:00:00,2026-07-18 08:00:00,karup,15.315,97.56,5.77,0.0,1000.61,77.635,93.3333
1784358000,2026-07-18 07:00:00,2026-07-18 09:00:00,karup,15.68,155.76,6.47,0.0,1000.66,74.445,91.6667
1784361600,2026-07-18 08:00:00,2026-07-18 10:00:00,karup,16.21,225.01,6.675,0.0,1000.43,70.405,90.0
1784365200,2026-07-18 09:00:00,2026-07-18 11:00:00,karup,17.4,489.68,7.7,0.0,1000.42,65.095,90.0
1784368800,2026-07-18 10:00:00,2026-07-18 12:00:00,karup,18.04,573.13,7.17,0.0,1000.37,62.62,90.0
1784372400,2026-07-18 11:00:00,2026-07-18 13:00:00,karup,18.38,546.82,7.905,0.0,1000.62,61.34,90.0
1784376000,2026-07-18 12:00:00,2026-07-18 14:00:00,karup,17.63,301.16,7.71,0.0,1000.67,65.075,90.0
1784379600,2026-07-18 13:00:00,2026-07-18 15:00:00,karup,18.215,453.36,7.34,0.0,1000.73,62.63,90.0
1784383200,2026-07-18 14:00:00,2026-07-18 16:00:00,karup,18.195,379.5,6.94,0.0,1000.97,61.7,90.0
1784386800,2026-07-18 15:00:00,2026-07-18 17:00:00,karup,17.74,346.25,7.07,0.0,1001.28,63.715,90.0
1784390400,2026-07-18 16:00:00,2026-07-18 18:00:00,karup,17.27,235.96,6.23,0.0,1001.48,71.125,96.6667
1784394000,2026-07-18 17:00:00,2026-07-18 19:00:00,karup,16.1,88.84,4.97,0.0,1001.67,81.63,100.0
1784397600,2026-07-18 18:00:00,2026-07-18 20:00:00,karup,15.515,83.15,3.09,0.0,1001.86,89.565,98.3333
1784401200,2026-07-18 19:00:00,2026-07-18 21:00:00,karup,15.51,26.19,2.05,0.0,1002.22,92.79,18.3333
1784404800,2026-07-18 20:00:00,2026-07-18 22:00:00,karup,14.77,5.63,2.195,0.0,1003.02,90.405,86.6667
1784408400,2026-07-18 21:00:00,2026-07-18 23:00:00,karup,13.91,0.0,2.085,0.0,1003.41,91.075,65.8333
1784412000,2026-07-18 22:00:00,2026-07-19 00:00:00,karup,13.56,0.0,2.555,0.0,1003.46,88.95,5.0
1784415600,2026-07-18 23:00:00,2026-07-19 01:00:00,karup,12.71,0.0,2.915,0.0,1003.56,89.005,15.0
1784419200,2026-07-19 00:00:00,2026-07-19 02:00:00,karup,12.125,0.0,3.08,0.0,1003.62,88.46,76.6667
1784422800,2026-07-19 01:00:00,2026-07-19 03:00:00,karup,12.63,0.0,3.53,0.0,1003.78,85.695,82.5
1784426400,2026-07-19 02:00:00,2026-07-19 04:00:00,karup,12.885,0.0,3.71,0.0,1003.87,85.03,85.0
1784430000,2026-07-19 03:00:00,2026-07-19 05:00:00,karup,11.99,0.0,2.91,0.0,1003.95,90.28,75.0
1784433600,2026-07-19 04:00:00,2026-07-19 06:00:00,karup,11.775,11.14,3.32,0.0,1004.04,91.565,90.0
1784437200,2026-07-19 05:00:00,2026-07-19 07:00:00,karup,12.745,76.74,4.49,0.0,1004.18,90.265,80.0
1784440800,2026-07-19 06:00:00,2026-07-19 08:00:00,karup,13.38,109.57,5.585,0.0,1004.5,87.575,98.3333
1784444400,2026-07-19 07:00:00,2026-07-19 09:00:00,karup,13.305,140.29,5.745,0.1,1005.03,90.87,100.0
1784448000,2026-07-19 08:00:00,2026-07-19 10:00:00,karup,13.32,303.13,5.585,0.545,1005.5,95.4,96.6667
1784451600,2026-07-19 09:00:00,2026-07-19 11:00:00,karup,13.525,238.56,5.58,1.1,1006.01,95.23,95.0
1784455200,2026-07-19 10:00:00,2026-07-19 12:00:00,karup,13.92,247.98,5.665,0.225,1006.7,93.19,91.6667
1784458800,2026-07-19 11:00:00,2026-07-19 13:00:00,karup,14.17,293.87,5.76,0.035,1007.21,89.855,100.0
1784462400,2026-07-19 12:00:00,2026-07-19 14:00:00,karup,14.405,235.75,5.93,0.0,1007.67,84.055,90.0
1784466000,2026-07-19 13:00:00,2026-07-19 15:00:00,karup,14.395,305.14,7.56,0.0,1008.0,80.29,100.0
1784469600,2026-07-19 14:00:00,2026-07-19 16:00:00,karup,13.405,228.2,6.45,0.3,1008.22,87.78,96.6667
1784473200,2026-07-19 15:00:00,2026-07-19 17:00:00,karup,13.39,174.09,5.48,0.1,1008.58,94.175,98.3333
1784476800,2026-07-19 16:00:00,2026-07-19 18:00:00,karup,13.58,149.41,6.13,0.0,1009.14,91.665,100.0
1784480400,2026-07-19 17:00:00,2026-07-19 19:00:00,karup,13.42,116.85,5.96,0.0,1009.44,88.855,100.0
1784484000,2026-07-19 18:00:00,2026-07-19 20:00:00,karup,13.18,48.28,5.19,0.0,1009.72,87.195,100.0
1784487600,2026-07-19 19:00:00,2026-07-19 21:00:00,karup,13.055,18.99,3.435,0.0,1010.05,89.765,100.0
1784491200,2026-07-19 20:00:00,2026-07-19 22:00:00,karup,12.96,0.0,3.48,0.0,1010.52,91.06,100.0
1784494800,2026-07-19 21:00:00,2026-07-19 23:00:00,karup,13.135,0.0,3.195,0.0,1010.72,88.79,100.0
1784498400,2026-07-19 22:00:00,2026-07-20 00:00:00,karup,13.055,0.0,3.335,0.0,1010.89,87.62,100.0
1784502000,2026-07-19 23:00:00,2026-07-20 01:00:00,karup,13.15,0.0,3.69,0.0,1010.98,86.895,100.0
1784505600,2026-07-20 00:00:00,2026-07-20 02:00:00,karup,13.18,0.0,4.075,0.0,1011.12,86.53,91.6667
1784509200,2026-07-20 01:00:00,2026-07-20 03:00:00,karup,13.26,0.0,3.76,0.0,1010.98,85.615,98.3333
1784512800,2026-07-20 02:00:00,2026-07-20 04:00:00,karup,13.265,0.0,3.76,0.0,1011.15,85.64,90.0
1784516400,2026-07-20 03:00:00,2026-07-20 05:00:00,karup,13.12,0.0,3.825,0.0,1011.49,86.715,96.6667
1784520000,2026-07-20 04:00:00,2026-07-20 06:00:00,karup,13.41,6.52,3.775,0.0,1011.74,85.45,70.8333
1784523600,2026-07-20 05:00:00,2026-07-20 07:00:00,karup,13.97,66.74,3.675,0.0,1012.02,83.695,86.6667
1784527200,2026-07-20 06:00:00,2026-07-20 08:00:00,karup,15.44,224.96,4.415,0.0,1012.39,78.235,50.8333
1784530800,2026-07-20 07:00:00,2026-07-20 09:00:00,karup,16.34,262.02,5.12,0.0,1012.65,74.23,10.0
1784534400,2026-07-20 08:00:00,2026-07-20 10:00:00,karup,17.545,428.87,5.56,0.0,1012.85,62.09,6.66667
1784538000,2026-07-20 09:00:00,2026-07-20 11:00:00,karup,18.72,649.59,5.78,0.0,1013.12,51.36,8.33333
1784541600,2026-07-20 10:00:00,2026-07-20 12:00:00,karup,19.61,722.08,5.655,0.0,1013.28,45.635,30.8333
1784545200,2026-07-20 11:00:00,2026-07-20 13:00:00,karup,20.4,825.25,5.675,0.0,1013.36,43.7,27.5
1784548800,2026-07-20 12:00:00,2026-07-20 14:00:00,karup,20.47,657.86,5.345,0.0,1013.42,43.925,30.0
1784552400,2026-07-20 13:00:00,2026-07-20 15:00:00,karup,20.625,504.55,5.47,0.0,1013.56,42.865,3.33333
1784556000,2026-07-20 14:00:00,2026-07-20 16:00:00,karup,21.105,677.49,5.475,0.0,1013.8,40.395,0.0
1784559600,2026-07-20 15:00:00,2026-07-20 17:00:00,karup,21.205,629.77,6.245,0.0,1014.03,39.315,0.0
1784563200,2026-07-20 16:00:00,2026-07-20 18:00:00,karup,20.96,528.26,5.93,0.0,1014.35,37.475,0.0
1784566800,2026-07-20 17:00:00,2026-07-20 19:00:00,karup,20.475,388.94,5.605,0.0,1014.66,37.305,0.0
1784570400,2026-07-20 18:00:00,2026-07-20 20:00:00,karup,19.66,245.05,5.42,0.0,1014.74,36.03,0.0
1784574000,2026-07-20 19:00:00,2026-07-20 21:00:00,karup,18.45,108.15,4.54,0.0,1015.22,40.27,0.0
1784577600,2026-07-20 20:00:00,2026-07-20 22:00:00,karup,16.18,17.37,2.51,0.0,1015.91,52.18,0.0
1784581200,2026-07-20 21:00:00,2026-07-20 23:00:00,karup,14.025,0.0,1.255,0.0,1015.98,69.905,0.0
1784584800,2026-07-20 22:00:00,2026-07-21 00:00:00,karup,11.65,0.0,1.37,0.0,1016.17,83.295,0.0
1784588400,2026-07-20 23:00:00,2026-07-21 01:00:00,karup,9.86,0.0,1.845,0.0,1016.07,92.87,0.0
1784592000,2026-07-21 00:00:00,2026-07-21 02:00:00,karup,9.66,0.0,1.665,0.0,1015.88,96.935,0.0
1784595600,2026-07-21 01:00:00,2026-07-21 03:00:00,karup,8.815,0.0,1.84,0.0,1015.86,98.005,0.0
1784599200,2026-07-21 02:00:00,2026-07-21 04:00:00,karup,8.085,0.0,2.15,0.0,1015.71,98.335,0.0
1784602800,2026-07-21 03:00:00,2026-07-21 05:00:00,karup,9.73,0.0,2.405,0.0,1015.62,98.97,0.0
1784606400,2026-07-21 04:00:00,2026-07-21 06:00:00,karup,9.31,17.9,1.87,0.0,1015.67,99.395,0.0
1784610000,2026-07-21 05:00:00,2026-07-21 07:00:00,karup,10.625,105.77,2.07,0.0,1015.68,98.2,0.0
1784613600,2026-07-21 06:00:00,2026-07-21 08:00:00,karup,13.485,233.89,2.465,0.0,1015.67,93.09,0.0
1784617200,2026-07-21 07:00:00,2026-07-21 09:00:00,karup,15.64,380.87,3.905,0.0,1015.61,82.265,23.3333
1784620800,2026-07-21 08:00:00,2026-07-21 10:00:00,karup,16.825,493.14,4.065,0.0,1015.48,76.1,22.5
1784624400,2026-07-21 09:00:00,2026-07-21 11:00:00,karup,18.24,642.53,3.825,0.0,1015.36,68.305,5.0
1784628000,2026-07-21 10:00:00,2026-07-21 12:00:00,karup,19.415,736.08,3.83,0.0,1015.09,61.24,0.0
1784631600,2026-07-21 11:00:00,2026-07-21 13:00:00,karup,20.535,784.54,3.81,0.0,1014.78,55.805,5.0
1784635200,2026-07-21 12:00:00,2026-07-21 14:00:00,karup,21.08,796.29,4.34,0.0,1014.52,50.475,0.0
1784638800,2026-07-21 13:00:00,2026-07-21 15:00:00,karup,21.14,781.46,5.295,0.0,1014.36,49.48,0.0
1784642400,2026-07-21 14:00:00,2026-07-21 16:00:00,karup,20.815,729.04,5.82,0.0,1014.26,51.785,0.0
1784646000,2026-07-21 15:00:00,2026-07-21 17:00:00,karup,20.195,633.17,6.04,0.0,1014.13,52.255,5.0
1784649600,2026-07-21 16:00:00,2026-07-21 18:00:00,karup,19.07,514.28,6.35,0.0,1013.79,57.23,60.8333
1784653200,2026-07-21 17:00:00,2026-07-21 19:00:00,karup,17.925,379.67,6.005,0.0,1013.63,61.61,90.8333
1784656800,2026-07-21 18:00:00,2026-07-21 20:00:00,karup,16.28,134.41,6.045,0.0,1013.33,68.735,100.0
1784660400,2026-07-21 19:00:00,2026-07-21 21:00:00,karup,15.13,17.21,5.85,0.0,1012.93,75.94,100.0
1784664000,2026-07-21 20:00:00,2026-07-21 22:00:00,karup,14.755,1.32,5.22,0.0,1012.48,77.145,100.0
1784667600,2026-07-21 21:00:00,2026-07-21 23:00:00,karup,14.285,0.0,5.29,0.0,1011.8,82.425,100.0
1784671200,2026-07-21 22:00:00,2026-07-22 00:00:00,karup,13.425,0.0,4.415,0.0,1010.96,93.765,100.0
1784674800,2026-07-21 23:00:00,2026-07-22 01:00:00,karup,13.39,0.0,4.015,0.0,1010.28,94.44,100.0
1784678400,2026-07-22 00:00:00,2026-07-22 02:00:00,karup,13.315,0.0,4.595,0.0,1009.38,95.755,95.0
1784682000,2026-07-22 01:00:00,2026-07-22 03:00:00,karup,13.355,0.0,5.085,0.0,1008.52,96.34,100.0
1784685600,2026-07-22 02:00:00,2026-07-22 04:00:00,karup,13.475,0.0,5.645,0.0,1007.76,95.225,100.0
1784689200,2026-07-22 03:00:00,2026-07-22 05:00:00,karup,13.385,0.0,5.38,0.0,1007.16,96.18,100.0
1784692800,2026-07-22 04:00:00,2026-07-22 06:00:00,karup,13.425,1.59,5.995,0.05,1006.57,97.425,100.0
1784696400,2026-07-22 05:00:00,2026-07-22 07:00:00,karup,13.585,18.39,5.88,0.06,1006.01,96.94,100.0
1784700000,2026-07-22 06:00:00,2026-07-22 08:00:00,karup,13.865,48.76,6.035,0.0,1005.7,96.535,98.3333
1784703600,2026-07-22 07:00:00,2026-07-22 09:00:00,karup,14.525,85.95,5.485,0.0,1005.52,93.77,90.0
1784707200,2026-07-22 08:00:00,2026-07-22 10:00:00,karup,16.015,243.39,5.96,0.0,1005.34,85.56,75.8333
1784710800,2026-07-22 09:00:00,2026-07-22 11:00:00,karup,17.84,397.85,6.52,0.0,1005.19,74.245,54.1667
1784714400,2026-07-22 10:00:00,2026-07-22 12:00:00,karup,19.305,527.85,6.28,0.0,1005.4,66.09,90.0
1784718000,2026-07-22 11:00:00,2026-07-22 13:00:00,karup,19.66,245.56,7.03,0.0,1005.83,62.155,98.3333
1784721600,2026-07-22 12:00:00,2026-07-22 14:00:00,karup,19.635,229.55,6.79,0.0,1005.97,60.86,85.0
1784725200,2026-07-22 13:00:00,2026-07-22 15:00:00,karup,20.12,238.73,6.81,0.0,1005.99,58.26,67.5
1784728800,2026-07-22 14:00:00,2026-07-22 16:00:00,karup,20.91,554.83,7.05,0.0,1006.12,56.305,60.8333
1784732400,2026-07-22 15:00:00,2026-07-22 17:00:00,karup,20.775,590.06,7.665,0.0,1006.62,59.365,5.83333
1784736000,2026-07-22 16:00:00,2026-07-22 18:00:00,karup,20.16,503.62,7.355,0.0,1006.87,58.84,0.0
1784739600,2026-07-22 17:00:00,2026-07-22 19:00:00,karup,19.395,364.9,6.605,0.0,1007.02,61.27,0.0
1784743200,2026-07-22 18:00:00,2026-07-22 20:00:00,karup,18.275,225.86,5.45,0.0,1007.31,68.32,0.0
1784746800,2026-07-22 19:00:00,2026-07-22 21:00:00,karup,16.78,98.77,5.21,0.0,1007.68,75.635,5.83333
1784750400,2026-07-22 20:00:00,2026-07-22 22:00:00,karup,14.65,10.11,5.255,0.0,1008.22,84.945,19.1667
1784754000,2026-07-22 21:00:00,2026-07-22 23:00:00,karup,13.45,0.0,4.565,0.0,1008.4,87.605,0.0
1784757600,2026-07-22 22:00:00,2026-07-23 00:00:00,karup,12.56,0.0,3.805,0.0,1008.54,89.46,0.0
1784761200,2026-07-22 23:00:00,2026-07-23 01:00:00,karup,11.77,0.0,2.77,0.0,1008.51,91.315,5.0
1784764800,2026-07-23 00:00:00,2026-07-23 02:00:00,karup,10.975,0.0,1.8,0.0,1008.5,93.275,0.0
1784768400,2026-07-23 01:00:00,2026-07-23 03:00:00,karup,9.94,0.0,1.595,0.0,1008.48,94.695,0.0
1784772000,2026-07-23 02:00:00,2026-07-23 04:00:00,karup,9.385,0.0,1.835,0.0,1008.47,95.045,59.1667
1784775600,2026-07-23 03:00:00,2026-07-23 05:00:00,karup,9.19,0.0,2.055,0.0,1008.5,96.155,63.3333
1784779200,2026-07-23 04:00:00,2026-07-23 06:00:00,karup,9.34,11.58,1.685,0.0,1008.71,96.665,45.8333
1784782800,2026-07-23 05:00:00,2026-07-23 07:00:00,karup,10.575,72.98,1.93,0.0,1008.97,95.075,11.6667
1784786400,2026-07-23 06:00:00,2026-07-23 08:00:00,karup,12.44,231.81,1.545,0.0,1008.96,89.985,0.0
1784790000,2026-07-23 07:00:00,2026-07-23 09:00:00,karup,14.895,371.67,2.635,0.0,1009.12,81.585,0.0
1784793600,2026-07-23 08:00:00,2026-07-23 10:00:00,karup,16.71,496.86,2.64,0.0,1009.14,73.03,1.66667
1784797200,2026-07-23 09:00:00,2026-07-23 11:00:00,karup,18.365,623.14,1.99,0.0,1009.19,64.7,0.0
1784800800,2026-07-23 10:00:00,2026-07-23 12:00:00,karup,20.07,725.41,2.43,0.0,1009.2,55.74,0.0
1784804400,2026-07-23 11:00:00,2026-07-23 13:00:00,karup,20.915,787.64,3.305,0.0,1009.12,53.745,0.0
1784808000,2026-07-23 12:00:00,2026-07-23 14:00:00,karup,21.695,806.68,3.66,0.0,1008.98,51.335,0.0
1784811600,2026-07-23 13:00:00,2026-07-23 15:00:00,karup,22.14,787.36,4.28,0.0,1008.92,49.42,1.66667
1784815200,2026-07-23 14:00:00,2026-07-23 16:00:00,karup,22.205,727.83,4.495,0.0,1008.9,48.055,0.0
1784818800,2026-07-23 15:00:00,2026-07-23 17:00:00,karup,21.765,630.79,4.87,0.0,1009.06,50.735,0.0
1784822400,2026-07-23 16:00:00,2026-07-23 18:00:00,karup,20.6,484.51,5.38,0.0,1008.96,56.255,1.66667
1784826000,2026-07-23 17:00:00,2026-07-23 19:00:00,karup,19.14,377.18,5.39,0.0,1009.01,62.005,60.8333
1784829600,2026-07-23 18:00:00,2026-07-23 20:00:00,karup,17.41,148.92,5.17,0.0,1009.04,71.04,90.0
1784833200,2026-07-23 19:00:00,2026-07-23 21:00:00,karup,16.63,36.22,4.93,0.0,1009.22,75.31,98.3333
1784836800,2026-07-23 20:00:00,2026-07-23 22:00:00,karup,15.795,5.74,5.075,0.0,1009.38,79.075,100.0
1784840400,2026-07-23 21:00:00,2026-07-23 23:00:00,karup,15.055,0.0,4.625,0.0,1009.51,81.19,91.6667
1784844000,2026-07-23 22:00:00,2026-07-24 00:00:00,karup,14.53,0.0,4.815,0.0,1009.45,81.97,90.0
1784847600,2026-07-23 23:00:00,2026-07-24 01:00:00,karup,13.97,0.0,3.86,0.0,1009.31,84.03,95.0
1784851200,2026-07-24 00:00:00,2026-07-24 02:00:00,karup,13.245,0.0,3.765,0.0,1009.11,87.22,91.6667
1784854800,2026-07-24 01:00:00,2026-07-24 03:00:00,karup,13.0,0.0,3.7,0.0,1008.83,89.0,100.0
1784858400,2026-07-24 02:00:00,2026-07-24 04:00:00,karup,13.585,0.0,4.07,0.0,1008.61,87.735,100.0
1784862000,2026-07-24 03:00:00,2026-07-24 05:00:00,karup,13.77,0.0,4.05,0.0,1008.44,91.24,100.0
1784865600,2026-07-24 04:00:00,2026-07-24 06:00:00,karup,13.685,0.05,4.71,0.0,1008.44,95.48,100.0
1784869200,2026-07-24 05:00:00,2026-07-24 07:00:00,karup,13.7,17.0,4.195,0.0,1008.37,92.61,96.6667
1784872800,2026-07-24 06:00:00,2026-07-24 08:00:00,karup,14.41,68.98,4.855,0.0,1008.26,84.405,96.6667
1784876400,2026-07-24 07:00:00,2026-07-24 09:00:00,karup,15.5,178.08,5.02,0.0,1008.3,78.475,100.0
1784880000,2026-07-24 08:00:00,2026-07-24 10:00:00,karup,16.175,260.73,5.38,0.0,1008.28,74.2,100.0
1784883600,2026-07-24 09:00:00,2026-07-24 11:00:00,karup,16.245,181.12,5.425,0.0,1008.23,77.895,93.3333
1784887200,2026-07-24 10:00:00,2026-07-24 12:00:00,karup,17.25,282.48,5.39,0.0,1008.13,69.66,95.0
1784890800,2026-07-24 11:00:00,2026-07-24 13:00:00,karup,17.77,310.55,5.66,0.0,1007.96,67.66,95.0
1784894400,2026-07-24 12:00:00,2026-07-24 14:00:00,karup,18.65,485.04,6.155,0.0,1007.44,64.115,90.0
1784898000,2026-07-24 13:00:00,2026-07-24 15:00:00,karup,19.535,589.59,6.315,0.0,1007.05,60.995,100.0
1784901600,2026-07-24 14:00:00,2026-07-24 16:00:00,karup,19.045,412.34,6.765,0.0,1006.59,64.45,95.0
1784905200,2026-07-24 15:00:00,2026-07-24 17:00:00,karup,19.21,428.71,7.025,0.0,1006.09,62.905,90.0
1784908800,2026-07-24 16:00:00,2026-07-24 18:00:00,karup,19.015,242.73,7.495,0.0,1005.5,63.4,91.6667
1784912400,2026-07-24 17:00:00,2026-07-24 19:00:00,karup,18.09,152.14,6.765,0.0,1005.03,69.28,100.0
1784916000,2026-07-24 18:00:00,2026-07-24 20:00:00,karup,17.48,46.74,5.67,0.0,1004.64,73.855,100.0
1784919600,2026-07-24 19:00:00,2026-07-24 21:00:00,karup,16.465,10.84,4.875,0.15,1004.07,83.13,100.0
1784923200,2026-07-24 20:00:00,2026-07-24 22:00:00,karup,16.155,0.54,4.78,0.1,1003.48,87.485,91.6667
1784926800,2026-07-24 21:00:00,2026-07-24 23:00:00,karup,16.22,0.0,4.63,0.0,1003.06,88.98,93.3333
1784930400,2026-07-24 22:00:00,2026-07-25 00:00:00,karup,15.52,0.0,3.95,0.2,1002.64,92.17,91.6667
1784934000,2026-07-24 23:00:00,2026-07-25 01:00:00,karup,15.195,0.0,3.19,0.03,1002.25,94.14,90.0
1784937600,2026-07-25 00:00:00,2026-07-25 02:00:00,karup,14.57,0.0,3.085,0.0,1001.6,94.62,98.3333
1784941200,2026-07-25 01:00:00,2026-07-25 03:00:00,karup,14.1,0.0,3.175,0.0,1001.06,93.885,90.0
1784944800,2026-07-25 02:00:00,2026-07-25 04:00:00,karup,13.575,0.0,2.505,0.0,1000.66,93.025,100.0
1784948400,2026-07-25 03:00:00,2026-07-25 05:00:00,karup,13.38,0.0,2.54,0.0,1000.14,94.65,100.0
1784952000,2026-07-25 04:00:00,2026-07-25 06:00:00,karup,13.575,1.67,2.695,0.0,999.573,93.93,100.0
1784955600,2026-07-25 05:00:00,2026-07-25 07:00:00,karup,13.94,25.07,2.76,0.0,999.173,93.795,100.0
1784959200,2026-07-25 06:00:00,2026-07-25 08:00:00,karup,14.445,57.47,2.585,0.0,998.657,93.42,100.0
1784962800,2026-07-25 07:00:00,2026-07-25 09:00:00,karup,15.41,123.88,3.855,0.0,998.167,90.445,95.0
1784966400,2026-07-25 08:00:00,2026-07-25 10:00:00,karup,16.435,174.12,4.565,0.0,997.616,83.475,90.0
1784970000,2026-07-25 09:00:00,2026-07-25 11:00:00,karup,17.325,177.27,5.395,0.0,997.097,76.055,100.0
1784973600,2026-07-25 10:00:00,2026-07-25 12:00:00,karup,17.785,169.0,5.465,0.0,996.617,71.22,98.3333
1784977200,2026-07-25 11:00:00,2026-07-25 13:00:00,karup,17.67,159.84,5.975,0.0,995.911,72.865,90.0
1784980800,2026-07-25 12:00:00,2026-07-25 14:00:00,karup,18.63,258.69,6.4,0.0,995.263,67.675,90.0
1784984400,2026-07-25 13:00:00,2026-07-25 15:00:00,karup,19.385,342.85,7.035,0.0,995.017,64.265,91.6667
1784988000,2026-07-25 14:00:00,2026-07-25 16:00:00,karup,18.97,222.72,6.745,0.0,994.599,67.19,90.0
1784991600,2026-07-25 15:00:00,2026-07-25 17:00:00,karup,18.765,203.44,7.545,0.0,994.404,67.365,90.0
1784995200,2026-07-25 16:00:00,2026-07-25 18:00:00,karup,16.81,145.44,5.89,0.34,993.701,84.18,90.0
1784998800,2026-07-25 17:00:00,2026-07-25 19:00:00,karup,16.525,96.82,5.96,0.15,993.167,88.31,100.0
1785002400,2026-07-25 18:00:00,2026-07-25 20:00:00,karup,15.77,41.44,5.53,0.785,993.139,93.745,100.0
1785006000,2026-07-25 19:00:00,2026-07-25 21:00:00,karup,15.04,6.51,4.84,1.945,993.04,97.695,100.0
1785009600,2026-07-25 20:00:00,2026-07-25 22:00:00,karup,14.9,0.73,4.325,0.16,993.03,98.415,100.0
1785013200,2026-07-25 21:00:00,2026-07-25 23:00:00,karup,14.75,0.0,3.64,0.385,993.147,98.535,90.8333
1785016800,2026-07-25 22:00:00,2026-07-26 00:00:00,karup,13.955,0.0,3.61,0.075,993.344,97.73,67.5
1785020400,2026-07-25 23:00:00,2026-07-26 01:00:00,karup,13.15,0.0,2.48,0.0,993.406,97.745,90.0
1785024000,2026-07-26 00:00:00,2026-07-26 02:00:00,karup,12.61,0.0,2.335,0.0,993.372,98.655,90.0
1785027600,2026-07-26 01:00:00,2026-07-26 03:00:00,karup,12.415,0.0,2.14,0.0,993.375,98.715,76.6667
1785031200,2026-07-26 02:00:00,2026-07-26 04:00:00,karup,11.84,0.0,2.24,0.0,993.42,97.565,55.8333
1785034800,2026-07-26 03:00:00,2026-07-26 05:00:00,karup,11.495,0.0,2.44,0.0,993.458,98.16,13.3333
1785038400,2026-07-26 04:00:00,2026-07-26 06:00:00,karup,10.955,4.96,2.15,0.0,993.404,98.29,15.8333
1785042000,2026-07-26 05:00:00,2026-07-26 07:00:00,karup,10.95,55.84,2.265,0.0,993.303,99.175,0.0
1785045600,2026-07-26 06:00:00,2026-07-26 08:00:00,karup,12.355,216.87,2.045,0.0,993.258,97.35,4.16667
1785049200,2026-07-26 07:00:00,2026-07-26 09:00:00,karup,14.535,367.33,2.865,0.0,993.124,87.21,60.0
1785052800,2026-07-26 08:00:00,2026-07-26 10:00:00,karup,15.735,482.03,3.495,0.0,993.193,77.535,55.0
1785056400,2026-07-26 09:00:00,2026-07-26 11:00:00,karup,16.78,532.9,4.055,0.0,993.224,70.12,87.5
1785060000,2026-07-26 10:00:00,2026-07-26 12:00:00,karup,16.97,385.64,3.555,0.0,992.827,65.57,91.6667
1785063600,2026-07-26 11:00:00,2026-07-26 13:00:00,karup,16.925,320.83,2.255,0.0,992.804,64.15,98.3333
1785067200,2026-07-26 12:00:00,2026-07-26 14:00:00,karup,17.075,348.21,2.165,0.0,992.82,62.07,100.0
1785070800,2026-07-26 13:00:00,2026-07-26 15:00:00,karup,17.085,235.31,1.52,0.0,992.512,62.27,100.0
1785074400,2026-07-26 14:00:00,2026-07-26 16:00:00,karup,17.35,202.78,1.01,0.0,992.186,62.56,100.0
1785078000,2026-07-26 15:00:00,2026-07-26 17:00:00,karup,16.925,136.37,0.645,0.07,992.232,66.725,100.0
1785081600,2026-07-26 16:00:00,2026-07-26 18:00:00,karup,15.295,69.23,1.535,0.175,992.325,82.465,100.0
1785085200,2026-07-26 17:00:00,2026-07-26 19:00:00,karup,14.06,62.17,1.78,0.98,992.211,93.065,100.0
1785088800,2026-07-26 18:00:00,2026-07-26 20:00:00,karup,13.55,48.22,2.935,0.525,992.291,97.3,100.0
1785092400,2026-07-26 19:00:00,2026-07-26 21:00:00,karup,13.005,8.5,3.115,0.87,992.551,98.045,100.0
1785096000,2026-07-26 20:00:00,2026-07-26 22:00:00,karup,12.54,0.0,2.395,0.655,993.02,97.815,100.0
1785099600,2026-07-26 21:00:00,2026-07-26 23:00:00,karup,12.28,0.0,1.885,0.14,993.357,98.49,100.0
1785103200,2026-07-26 22:00:00,2026-07-27 00:00:00,karup,12.345,0.0,1.32,0.68,993.912,99.035,95.0
1785106800,2026-07-26 23:00:00,2026-07-27 01:00:00,karup,12.355,0.0,2.2,0.05,994.457,98.555,100.0
1785110400,2026-07-27 00:00:00,2026-07-27 02:00:00,karup,12.51,0.0,2.725,0.0,994.888,96.79,100.0
1785114000,2026-07-27 01:00:00,2026-07-27 03:00:00,karup,12.4,0.0,3.37,0.1,995.472,95.82,80.0
1785117600,2026-07-27 02:00:00,2026-07-27 04:00:00,karup,11.81,0.0,3.005,0.0,996.209,95.575,40.8333
1785121200,2026-07-27 03:00:00,2026-07-27 05:00:00,karup,10.695,0.0,3.11,0.0,996.772,95.4,70.8333
1785124800,2026-07-27 04:00:00,2026-07-27 06:00:00,karup,10.25,2.21,3.495,0.0,997.379,93.82,59.1667
1785128400,2026-07-27 05:00:00,2026-07-27 07:00:00,karup,10.48,69.38,3.865,0.0,997.962,92.18,71.6667
1785132000,2026-07-27 06:00:00,2026-07-27 08:00:00,karup,11.865,121.21,3.625,0.0,998.608,89.71,30.8333
1785135600,2026-07-27 07:00:00,2026-07-27 09:00:00,karup,13.925,370.52,5.01,0.0,999.248,80.555,95.0
1785139200,2026-07-27 08:00:00,2026-07-27 10:00:00,karup,14.87,273.11,6.465,0.0,999.996,73.63,90.0
1785142800,2026-07-27 09:00:00,2026-07-27 11:00:00,karup,15.165,343.63,7.225,0.0,1000.52,73.03,90.0
1785146400,2026-07-27 10:00:00,2026-07-27 12:00:00,karup,15.865,427.83,7.645,0.0,1001.18,71.33,90.0
1785150000,2026-07-27 11:00:00,2026-07-27 13:00:00,karup,16.07,491.46,7.885,0.045,1001.78,70.04,93.3333
1785153600,2026-07-27 12:00:00,2026-07-27 14:00:00,karup,16.22,565.84,7.885,0.0,1002.38,69.985,91.6667
1785157200,2026-07-27 13:00:00,2026-07-27 15:00:00,karup,16.57,488.82,8.215,0.0,1003.04,65.08,91.6667
1785160800,2026-07-27 14:00:00,2026-07-27 16:00:00,karup,16.325,316.62,8.615,0.0,1003.54,64.31,90.0
1785164400,2026-07-27 15:00:00,2026-07-27 17:00:00,karup,16.4,346.34,8.98,0.0,1004.17,61.345,90.0
1785168000,2026-07-27 16:00:00,2026-07-27 18:00:00,karup,16.105,249.72,8.085,0.0,1004.59,61.79,75.0
1785171600,2026-07-27 17:00:00,2026-07-27 19:00:00,karup,15.635,104.84,7.49,0.0,1005.17,64.65,90.0
1785175200,2026-07-27 18:00:00,2026-07-27 20:00:00,karup,14.65,76.12,6.62,0.0,1005.47,74.555,59.1667
1785178800,2026-07-27 19:00:00,2026-07-27 21:00:00,karup,14.025,32.91,5.865,0.0,1005.93,80.53,25.0
1785182400,2026-07-27 20:00:00,2026-07-27 22:00:00,karup,12.89,8.08,5.52,0.0,1006.5,82.715,0.0
1785186000,2026-07-27 21:00:00,2026-07-27 23:00:00,karup,11.74,0.0,3.285,0.0,1007.07,87.12,1.66667
1785189600,2026-07-27 22:00:00,2026-07-28 00:00:00,karup,10.9,0.0,2.56,0.0,1007.43,90.705,6.66667
1785193200,2026-07-27 23:00:00,2026-07-28 01:00:00,karup,10.39,0.0,2.44,0.0,1007.84,93.135,21.6667
1785196800,2026-07-28 00:00:00,2026-07-28 02:00:00,karup,10.325,0.0,2.42,0.0,1008.07,93.055,15.0
1785200400,2026-07-28 01:00:00,2026-07-28 03:00:00,karup,9.905,0.0,2.585,0.0,1008.24,93.92,34.1667
1785204000,2026-07-28 02:00:00,2026-07-28 04:00:00,karup,9.57,0.0,2.555,0.0,1008.22,93.795,25.0
1785207600,2026-07-28 03:00:00,2026-07-28 05:00:00,karup,9.445,0.0,2.47,0.0,1008.35,95.465,68.3333
1785211200,2026-07-28 04:00:00,2026-07-28 06:00:00,karup,9.69,5.12,2.735,0.0,1008.56,95.035,8.33333
1785214800,2026-07-28 05:00:00,2026-07-28 07:00:00,karup,10.555,75.81,3.125,0.0,1008.74,93.94,18.3333
1785218400,2026-07-28 06:00:00,2026-07-28 08:00:00,karup,12.95,212.19,2.93,0.0,1008.91,88.61,90.0
1785222000,2026-07-28 07:00:00,2026-07-28 09:00:00,karup,15.49,319.72,4.19,0.0,1009.1,82.43,70.8333
1785225600,2026-07-28 08:00:00,2026-07-28 10:00:00,karup,17.43,370.11,5.5,0.0,1009.18,72.08,53.3333
1785229200,2026-07-28 09:00:00,2026-07-28 11:00:00,karup,18.835,372.94,6.23,0.0,1009.49,63.255,50.0
1785232800,2026-07-28 10:00:00,2026-07-28 12:00:00,karup,19.61,559.4,6.22,0.0,1009.9,60.145,60.0
1785236400,2026-07-28 11:00:00,2026-07-28 13:00:00,karup,20.23,661.74,6.695,0.0,1010.32,56.4,49.1667
1785240000,2026-07-28 12:00:00,2026-07-28 14:00:00,karup,20.6,533.8,6.395,0.0,1010.47,55.0,85.0
1785243600,2026-07-28 13:00:00,2026-07-28 15:00:00,karup,20.63,492.57,6.21,0.0,1010.63,59.455,91.6667
1785247200,2026-07-28 14:00:00,2026-07-28 16:00:00,karup,19.86,298.06,7.09,0.0,1010.59,64.51,100.0
1785250800,2026-07-28 15:00:00,2026-07-28 17:00:00,karup,18.72,261.54,6.145,0.1,1010.5,72.43,100.0
1785254400,2026-07-28 16:00:00,2026-07-28 18:00:00,karup,16.465,115.94,4.74,0.15,1010.02,89.71,100.0
1785258000,2026-07-28 17:00:00,2026-07-28 19:00:00,karup,16.105,58.3,4.04,0.0,1009.55,92.15,100.0
1785261600,2026-07-28 18:00:00,2026-07-28 20:00:00,karup,16.335,35.99,4.64,0.0,1009.34,93.625,100.0
1785265200,2026-07-28 19:00:00,2026-07-28 21:00:00,karup,17.005,19.03,3.89,0.0,1009.45,90.345,100.0
1785268800,2026-07-28 20:00:00,2026-07-28 22:00:00,karup,17.765,0.0,4.29,0.0,1009.7,88.14,100.0
1785272400,2026-07-28 21:00:00,2026-07-28 23:00:00,karup,17.91,0.0,4.035,0.0,1009.97,89.62,95.0
1785276000,2026-07-28 22:00:00,2026-07-29 00:00:00,karup,17.81,0.0,4.2,0.0,1010.18,91.235,90.0
1785279600,2026-07-28 23:00:00,2026-07-29 01:00:00,karup,17.39,0.0,3.575,0.0,1010.3,92.87,7.5
1785283200,2026-07-29 00:00:00,2026-07-29 02:00:00,karup,16.82,0.0,3.71,0.0,1010.37,94.84,3.33333
1785286800,2026-07-29 01:00:00,2026-07-29 03:00:00,karup,16.23,0.0,3.4,0.0,1010.45,96.595,65.0
1785290400,2026-07-29 02:00:00,2026-07-29 04:00:00,karup,15.945,0.0,3.405,0.0,1010.32,97.18,25.0
1785294000,2026-07-29 03:00:00,2026-07-29 05:00:00,karup,15.725,0.0,2.945,0.0,1010.2,98.595,43.3333
1785297600,2026-07-29 04:00:00,2026-07-29 06:00:00,karup,15.605,4.56,2.29,0.0,1009.95,98.775,90.0
1785301200,2026-07-29 05:00:00,2026-07-29 07:00:00,karup,16.01,27.21,2.375,0.0,1009.93,98.835,90.0
1785304800,2026-07-29 06:00:00,2026-07-29 08:00:00,karup,16.85,86.47,2.835,0.0,1010.07,97.23,87.5
1785308400,2026-07-29 07:00:00,2026-07-29 09:00:00,karup,18.07,123.57,3.08,0.0,1010.32,92.405,90.0
1785312000,2026-07-29 08:00:00,2026-07-29 10:00:00,karup,19.755,226.41,2.96,0.0,1010.42,81.96,90.0
1785315600,2026-07-29 09:00:00,2026-07-29 11:00:00,karup,21.2,318.71,3.335,0.0,1010.49,71.635,90.0
1785319200,2026-07-29 10:00:00,2026-07-29 12:00:00,karup,23.285,554.72,3.695,0.0,1010.37,61.865,90.0
1785322800,2026-07-29 11:00:00,2026-07-29 13:00:00,karup,25.255,515.43,4.705,0.0,1010.09,53.815,87.5
1785326400,2026-07-29 12:00:00,2026-07-29 14:00:00,karup,26.37,534.34,5.275,0.0,1009.66,50.445,64.1667
1785330000,2026-07-29 13:00:00,2026-07-29 15:00:00,karup,27.245,632.89,5.76,0.0,1009.29,46.605,69.1667
1785333600,2026-07-29 14:00:00,2026-07-29 16:00:00,karup,28.175,659.72,5.795,0.0,1009.11,42.38,60.0
1785337200,2026-07-29 15:00:00,2026-07-29 17:00:00,karup,27.785,371.08,5.205,0.0,1008.84,42.975,83.3333
1785340800,2026-07-29 16:00:00,2026-07-29 18:00:00,karup,28.095,455.01,4.47,0.0,1008.34,41.71,35.8333
1785344400,2026-07-29 17:00:00,2026-07-29 19:00:00,karup,27.735,280.22,3.815,0.0,1008.0,42.785,40.8333
1785348000,2026-07-29 18:00:00,2026-07-29 20:00:00,karup,27.205,190.75,3.2,0.0,1008.11,44.855,68.3333
1785351600,2026-07-29 19:00:00,2026-07-29 21:00:00,karup,25.7,60.23,2.1,0.0,1008.08,50.845,30.8333
1785355200,2026-07-29 20:00:00,2026-07-29 22:00:00,karup,22.775,4.24,1.73,0.0,1008.15,62.44,18.3333
1785358800,2026-07-29 21:00:00,2026-07-29 23:00:00,karup,20.545,0.0,1.89,0.0,1007.72,69.84,0.0
1785362400,2026-07-29 22:00:00,2026-07-30 00:00:00,karup,18.925,0.0,1.555,0.0,1007.36,76.74,0.0
1785366000,2026-07-29 23:00:00,2026-07-30 01:00:00,karup,18.545,0.0,2.165,0.0,1006.95,78.48,1.66667
1785369600,2026-07-30 00:00:00,2026-07-30 02:00:00,karup,16.93,0.0,1.425,0.0,1006.82,84.365,80.8333
1785373200,2026-07-30 01:00:00,2026-07-30 03:00:00,karup,15.715,0.0,0.515,0.0,1006.39,89.44,50.8333
1785376800,2026-07-30 02:00:00,2026-07-30 04:00:00,karup,15.1,0.0,1.07,0.0,1005.98,90.75,0.0
1785380400,2026-07-30 03:00:00,2026-07-30 05:00:00,karup,14.91,0.0,0.96,0.0,1005.73,93.025,0.0
1785384000,2026-07-30 04:00:00,2026-07-30 06:00:00,karup,14.485,3.53,0.7,0.0,1005.6,93.775,0.0
1785387600,2026-07-30 05:00:00,2026-07-30 07:00:00,karup,15.54,68.6,0.84,0.0,1005.24,93.16,0.0
1785391200,2026-07-30 06:00:00,2026-07-30 08:00:00,karup,18.995,193.92,1.08,0.0,1004.96,83.555,0.0
1785394800,2026-07-30 07:00:00,2026-07-30 09:00:00,karup,23.205,337.7,1.785,0.0,1004.64,64.55,0.0
1785398400,2026-07-30 08:00:00,2026-07-30 10:00:00,karup,26.4,469.79,3.065,0.0,1004.08,48.81,0.0
1785402000,2026-07-30 09:00:00,2026-07-30 11:00:00,karup,28.985,586.02,3.69,0.0,1003.35,40.875,0.0
1785405600,2026-07-30 10:00:00,2026-07-30 12:00:00,karup,30.57,660.27,4.83,0.0,1002.24,36.325,0.0
1785409200,2026-07-30 11:00:00,2026-07-30 13:00:00,karup,31.87,741.44,5.97,0.0,1001.29,33.48,1.66667
1785412800,2026-07-30 12:00:00,2026-07-30 14:00:00,karup,32.565,768.1,7.105,0.0,1001.63,32.675,11.6667
1785416400,2026-07-30 13:00:00,2026-07-30 15:00:00,karup,31.04,759.19,8.085,0.0,1002.03,36.7,0.0
1785420000,2026-07-30 14:00:00,2026-07-30 16:00:00,karup,29.47,681.92,7.535,0.0,1002.58,43.135,0.0
1785423600,2026-07-30 15:00:00,2026-07-30 17:00:00,karup,27.69,550.22,7.015,0.0,1003.27,48.205,25.0
1785427200,2026-07-30 16:00:00,2026-07-30 18:00:00,karup,25.545,361.17,6.645,0.0,1004.03,54.905,46.6667
1785430800,2026-07-30 17:00:00,2026-07-30 19:00:00,karup,22.955,193.87,6.54,0.0,1004.97,63.245,73.3333
1785434400,2026-07-30 18:00:00,2026-07-30 20:00:00,karup,20.365,85.96,5.275,0.0,1005.93,74.48,45.0
1785438000,2026-07-30 19:00:00,2026-07-30 21:00:00,karup,19.07,24.35,5.385,0.0,1006.46,77.735,90.0
1785441600,2026-07-30 20:00:00,2026-07-30 22:00:00,karup,17.75,3.86,4.55,0.0,1006.92,83.03,90.0
1785445200,2026-07-30 21:00:00,2026-07-30 23:00:00,karup,16.445,0.0,4.71,0.0,1007.49,82.89,83.3333
1785448800,2026-07-30 22:00:00,2026-07-31 00:00:00,karup,15.585,0.0,3.89,0.0,1008.15,87.08,11.6667
1785452400,2026-07-30 23:00:00,2026-07-31 01:00:00,karup,14.575,0.0,2.785,0.0,1008.59,89.02,0.0
1785456000,2026-07-31 00:00:00,2026-07-31 02:00:00,karup,13.47,0.0,2.215,0.0,1008.69,90.845,1.66667
1785459600,2026-07-31 01:00:00,2026-07-31 03:00:00,karup,12.46,0.0,2.15,0.0,1008.73,93.09,0.0
1785463200,2026-07-31 02:00:00,2026-07-31 04:00:00,karup,11.59,0.0,1.905,0.0,1008.74,93.605,0.0
1785466800,2026-07-31 03:00:00,2026-07-31 05:00:00,karup,10.85,0.0,1.765,0.0,1009.04,96.09,0.0
1785470400,2026-07-31 04:00:00,2026-07-31 06:00:00,karup,10.44,4.91,1.855,0.0,1009.13,96.635,52.5
1785474000,2026-07-31 05:00:00,2026-07-31 07:00:00,karup,11.28,78.47,1.595,0.0,1009.55,95.835,1.66667
1785477600,2026-07-31 06:00:00,2026-07-31 08:00:00,karup,13.705,220.79,2.53,0.0,1009.49,87.45,71.6667
1785481200,2026-07-31 07:00:00,2026-07-31 09:00:00,karup,15.775,306.54,2.705,0.0,1009.71,75.625,65.8333
1785484800,2026-07-31 08:00:00,2026-07-31 10:00:00,karup,17.17,269.36,4.525,0.0,1009.82,66.41,90.0
1785488400,2026-07-31 09:00:00,2026-07-31 11:00:00,karup,17.59,222.67,4.83,0.0,1010.14,63.725,91.6667
1785492000,2026-07-31 10:00:00,2026-07-31 12:00:00,karup,17.44,146.8,4.725,0.0,1010.02,62.205,96.6667
1785495600,2026-07-31 11:00:00,2026-07-31 13:00:00,karup,17.29,121.54,3.87,0.0,1009.58,62.005,90.0
1785499200,2026-07-31 12:00:00,2026-07-31 14:00:00,karup,18.53,512.31,3.94,0.0,1009.12,50.23,65.8333
1785502800,2026-07-31 13:00:00,2026-07-31 15:00:00,karup,19.645,517.26,3.9,0.0,1009.1,44.19,55.0
1785506400,2026-07-31 14:00:00,2026-07-31 16:00:00,karup,19.585,352.69,4.815,0.05,1009.15,46.555,50.8333
1785510000,2026-07-31 15:00:00,2026-07-31 17:00:00,karup,19.33,267.01,5.22,0.0,1009.12,53.17,55.8333
1785513600,2026-07-31 16:00:00,2026-07-31 18:00:00,karup,18.93,214.26,4.98,0.0,1008.97,54.29,15.0
1785517200,2026-07-31 17:00:00,2026-07-31 19:00:00,karup,19.175,268.48,5.19,0.0,1009.22,44.975,6.66667
1785520800,2026-07-31 18:00:00,2026-07-31 20:00:00,karup,18.265,177.21,4.915,0.0,1009.46,48.045,0.0
1785524400,2026-07-31 19:00:00,2026-07-31 21:00:00,karup,16.725,72.88,3.4,0.0,1009.68,54.45,45.8333
1785528000,2026-07-31 20:00:00,2026-07-31 22:00:00,karup,14.515,1.93,2.275,0.0,1009.65,67.25,79.1667
1785531600,2026-07-31 21:00:00,2026-07-31 23:00:00,karup,12.75,0.0,1.95,0.0,1009.67,78.73,40.8333
1785535200,2026-07-31 22:00:00,2026-08-01 00:00:00,karup,12.43,0.0,1.035,0.0,1009.74,82.655,0.0
1785538800,2026-07-31 23:00:00,2026-08-01 01:00:00,karup,10.47,0.0,0.925,0.0,1009.8,89.715,0.0
1785542400,2026-08-01 00:00:00,2026-08-01 02:00:00,karup,8.63,0.0,1.275,0.0,1009.68,93.555,29.1667
1785546000,2026-08-01 01:00:00,2026-08-01 03:00:00,karup,8.765,0.0,1.885,0.0,1009.85,95.335,18.3333
1785549600,2026-08-01 02:00:00,2026-08-01 04:00:00,karup,10.47,0.0,1.655,0.0,1009.83,94.32,0.0
1785553200,2026-08-01 03:00:00,2026-08-01 05:00:00,karup,9.53,0.0,1.225,0.0,1009.55,96.595,0.0
1785556800,2026-08-01 04:00:00,2026-08-01 06:00:00,karup,8.44,2.44,1.25,0.0,1009.46,97.525,0.0
1785560400,2026-08-01 05:00:00,2026-08-01 07:00:00,karup,10.11,76.92,1.55,0.0,1009.57,97.3,0.0
1785564000,2026-08-01 06:00:00,2026-08-01 08:00:00,karup,12.74,200.35,2.585,0.0,1009.78,88.68,1.66667
1785567600,2026-08-01 07:00:00,2026-08-01 09:00:00,karup,14.83,347.75,3.56,0.0,1010.05,78.585,57.5
1785571200,2026-08-01 08:00:00,2026-08-01 10:00:00,karup,16.075,405.04,4.185,0.0,1010.26,66.375,58.3333
1785574800,2026-08-01 09:00:00,2026-08-01 11:00:00,karup,16.85,485.84,3.815,0.0,1010.22,59.725,52.5
1785578400,2026-08-01 10:00:00,2026-08-01 12:00:00,karup,18.275,601.14,4.64,0.0,1010.3,46.665,40.8333
1785582000,2026-08-01 11:00:00,2026-08-01 13:00:00,karup,18.835,470.9,4.665,0.0,1010.43,44.415,75.0
1785585600,2026-08-01 12:00:00,2026-08-01 14:00:00,karup,18.805,307.51,4.515,0.0,1010.33,46.97,91.6667
1785589200,2026-08-01 13:00:00,2026-08-01 15:00:00,karup,19.21,593.15,5.51,0.0,1010.5,48.3,98.3333
1785592800,2026-08-01 14:00:00,2026-08-01 16:00:00,karup,17.78,222.37,6.045,0.0,1010.44,56.07,82.5
1785596400,2026-08-01 15:00:00,2026-08-01 17:00:00,karup,18.08,224.72,5.195,0.0,1010.44,57.655,91.6667
1785600000,2026-08-01 16:00:00,2026-08-01 18:00:00,karup,17.335,176.21,5.345,0.0,1010.28,65.975,59.1667
1785603600,2026-08-01 17:00:00,2026-08-01 19:00:00,karup,18.405,334.33,4.85,0.0,1010.25,56.84,74.1667
1785607200,2026-08-01 18:00:00,2026-08-01 20:00:00,karup,17.475,135.67,4.89,0.0,1010.31,58.88,91.6667
1785610800,2026-08-01 19:00:00,2026-08-01 21:00:00,karup,16.44,73.03,3.565,0.0,1010.58,67.815,23.3333
1785614400,2026-08-01 20:00:00,2026-08-01 22:00:00,karup,14.69,3.53,3.285,0.0,1010.81,77.05,0.0
1785618000,2026-08-01 21:00:00,2026-08-01 23:00:00,karup,13.295,0.0,2.04,0.0,1010.95,81.695,0.0
1785621600,2026-08-01 22:00:00,2026-08-02 00:00:00,karup,12.41,0.0,2.265,0.0,1010.98,85.835,0.0
1785625200,2026-08-01 23:00:00,2026-08-02 01:00:00,karup,11.345,0.0,1.81,0.0,1010.94,89.88,8.33333
1785628800,2026-08-02 00:00:00,2026-08-02 02:00:00,karup,10.315,0.0,1.84,0.0,1010.91,94.79,87.5
1785632400,2026-08-02 01:00:00,2026-08-02 03:00:00,karup,11.155,0.0,2.14,0.0,1010.94,95.81,89.1667
1785636000,2026-08-02 02:00:00,2026-08-02 04:00:00,karup,11.755,0.0,2.31,0.0,1011.0,94.025,8.33333
1785639600,2026-08-02 03:00:00,2026-08-02 05:00:00,karup,11.025,0.0,2.25,0.0,1011.07,95.87,24.1667
1785643200,2026-08-02 04:00:00,2026-08-02 06:00:00,karup,10.585,5.7,2.495,0.0,1011.09,97.375,70.8333
1785646800,2026-08-02 05:00:00,2026-08-02 07:00:00,karup,11.59,57.56,2.645,0.0,1011.44,95.38,95.0
1785650400,2026-08-02 06:00:00,2026-08-02 08:00:00,karup,12.975,76.36,2.675,0.0,1011.63,90.645,91.6667
1785654000,2026-08-02 07:00:00,2026-08-02 09:00:00,karup,14.81,165.06,3.64,0.0,1011.67,83.185,50.0
1785657600,2026-08-02 08:00:00,2026-08-02 10:00:00,karup,16.7,404.99,4.7,0.0,1011.66,72.745,35.0
1785661200,2026-08-02 09:00:00,2026-08-02 11:00:00,karup,18.525,466.73,5.09,0.0,1011.93,59.435,54.1667
1785664800,2026-08-02 10:00:00,2026-08-02 12:00:00,karup,19.21,501.51,5.535,0.0,1012.15,54.51,43.3333
1785668400,2026-08-02 11:00:00,2026-08-02 13:00:00,karup,20.1,596.09,5.85,0.0,1012.33,49.065,56.6667
1785672000,2026-08-02 12:00:00,2026-08-02 14:00:00,karup,20.155,464.96,6.11,0.0,1012.49,46.76,81.6667
1785675600,2026-08-02 13:00:00,2026-08-02 15:00:00,karup,20.09,469.97,6.29,0.0,1012.57,47.84,75.0
1785679200,2026-08-02 14:00:00,2026-08-02 16:00:00,karup,20.215,496.7,6.645,0.0,1012.74,46.055,85.0
1785682800,2026-08-02 15:00:00,2026-08-02 17:00:00,karup,20.4,501.69,5.925,0.0,1012.77,46.32,47.5
1785686400,2026-08-02 16:00:00,2026-08-02 18:00:00,karup,20.195,412.27,5.57,0.0,1012.72,45.71,31.6667
1785690000,2026-08-02 17:00:00,2026-08-02 19:00:00,karup,19.59,270.52,4.89,0.0,1012.6,48.79,22.5
1785693600,2026-08-02 18:00:00,2026-08-02 20:00:00,karup,18.92,190.76,4.695,0.0,1012.54,51.955,16.6667
1785697200,2026-08-02 19:00:00,2026-08-02 21:00:00,karup,17.45,69.6,3.14,0.0,1012.74,59.775,0.0
1785700800,2026-08-02 20:00:00,2026-08-02 22:00:00,karup,14.915,2.29,1.835,0.0,1013.23,69.565,0.0
1785704400,2026-08-02 21:00:00,2026-08-02 23:00:00,karup,12.38,0.0,1.145,0.0,1013.41,81.345,0.0
1785708000,2026-08-02 22:00:00,2026-08-03 00:00:00,karup,10.68,0.0,0.32,0.0,1013.47,88.98,0.0
1785711600,2026-08-02 23:00:00,2026-08-03 01:00:00,karup,9.35,0.0,0.405,0.0,1013.46,92.04,12.5
1785715200,2026-08-03 00:00:00,2026-08-03 02:00:00,karup,8.275,0.0,0.71,0.0,1013.46,94.01,60.8333
1785718800,2026-08-03 01:00:00,2026-08-03 03:00:00,karup,7.87,0.0,0.525,0.0,1013.36,95.075,93.3333
1785722400,2026-08-03 02:00:00,2026-08-03 04:00:00,karup,7.675,0.0,0.37,0.0,1013.28,95.14,93.3333
1785726000,2026-08-03 03:00:00,2026-08-03 05:00:00,karup,7.385,0.0,0.565,0.0,1013.23,97.2,91.6667
1785729600,2026-08-03 04:00:00,2026-08-03 06:00:00,karup,7.51,0.81,0.825,0.0,1013.13,96.865,95.0
1785733200,2026-08-03 05:00:00,2026-08-03 07:00:00,karup,8.995,27.45,0.685,0.0,1013.08,97.49,90.0
1785736800,2026-08-03 06:00:00,2026-08-03 08:00:00,karup,10.41,58.17,0.645,0.0,1013.06,95.965,87.5
1785740400,2026-08-03 07:00:00,2026-08-03 09:00:00,karup,12.575,141.34,1.075,0.0,1013.2,93.045,87.5
1785744000,2026-08-03 08:00:00,2026-08-03 10:00:00,karup,15.885,421.44,2.07,0.0,1013.18,79.235,90.0
1785747600,2026-08-03 09:00:00,2026-08-03 11:00:00,karup,17.75,557.89,2.42,0.0,1013.11,64.14,82.5
1785751200,2026-08-03 10:00:00,2026-08-03 12:00:00,karup,18.945,618.33,2.91,0.0,1012.76,58.515,20.8333
1785754800,2026-08-03 11:00:00,2026-08-03 13:00:00,karup,20.11,759.04,2.375,0.0,1012.21,53.32,0.0
1785758400,2026-08-03 12:00:00,2026-08-03 14:00:00,karup,21.505,746.85,2.345,0.0,1011.64,47.97,5.0
1785762000,2026-08-03 13:00:00,2026-08-03 15:00:00,karup,22.565,618.37,2.46,0.05,1011.13,43.61,9.16667
1785765600,2026-08-03 14:00:00,2026-08-03 16:00:00,karup,22.705,395.89,1.6,0.0,1010.81,44.275,50.0
1785769200,2026-08-03 15:00:00,2026-08-03 17:00:00,karup,23.385,444.75,1.535,0.0,1010.25,43.42,56.6667
1785772800,2026-08-03 16:00:00,2026-08-03 18:00:00,karup,23.555,419.64,2.82,0.0,1009.76,43.59,52.5
1785776400,2026-08-03 17:00:00,2026-08-03 19:00:00,karup,23.595,299.44,2.47,0.0,1009.53,43.965,85.0
1785780000,2026-08-03 18:00:00,2026-08-03 20:00:00,karup,22.825,107.58,2.83,0.0,1009.73,47.84,77.5
1785783600,2026-08-03 19:00:00,2026-08-03 21:00:00,karup,21.105,37.36,3.45,0.0,1009.78,52.88,80.0
1785787200,2026-08-03 20:00:00,2026-08-03 22:00:00,karup,19.41,0.22,2.32,0.0,1009.96,63.165,95.0
1785790800,2026-08-03 21:00:00,2026-08-03 23:00:00,karup,18.43,0.0,3.595,0.0,1009.95,70.2,98.3333
1785794400,2026-08-03 22:00:00,2026-08-04 00:00:00,karup,17.33,0.0,3.11,0.0,1009.95,73.98,89.1667
1785798000,2026-08-03 23:00:00,2026-08-04 01:00:00,karup,16.145,0.0,2.455,0.0,1009.63,80.165,100.0
1785801600,2026-08-04 00:00:00,2026-08-04 02:00:00,karup,16.105,0.0,2.575,0.0,1009.19,83.1,100.0
1785805200,2026-08-04 01:00:00,2026-08-04 03:00:00,karup,15.965,0.0,2.325,0.0,1008.97,86.535,90.0
1785808800,2026-08-04 02:00:00,2026-08-04 04:00:00,karup,15.2,0.0,2.39,0.0,1008.63,90.0,98.3333
1785812400,2026-08-04 03:00:00,2026-08-04 05:00:00,karup,14.815,0.0,2.325,0.0,1008.41,91.655,93.3333
1785816000,2026-08-04 04:00:00,2026-08-04 06:00:00,karup,14.58,2.53,2.245,0.0,1008.04,91.53,86.6667
1785819600,2026-08-04 05:00:00,2026-08-04 07:00:00,karup,15.24,39.06,3.015,0.0,1007.79,86.88,77.5
1785823200,2026-08-04 06:00:00,2026-08-04 08:00:00,karup,17.05,130.32,3.51,0.0,1007.77,77.135,71.6667
1785826800,2026-08-04 07:00:00,2026-08-04 09:00:00,karup,19.025,208.47,4.66,0.0,1007.08,66.475,17.5
1785830400,2026-08-04 08:00:00,2026-08-04 10:00:00,karup,21.39,389.26,6.555,0.0,1006.64,55.745,40.8333
1785834000,2026-08-04 09:00:00,2026-08-04 11:00:00,karup,22.98,468.08,7.195,0.0,1006.52,50.895,53.3333
1785837600,2026-08-04 10:00:00,2026-08-04 12:00:00,karup,23.245,366.17,7.43,0.0,1006.58,53.42,91.6667
1785841200,2026-08-04 11:00:00,2026-08-04 13:00:00,karup,21.785,179.82,5.58,0.11,1006.35,67.87,70.0
1785844800,2026-08-04 12:00:00,2026-08-04 14:00:00,karup,22.025,601.62,5.885,0.0,1006.03,75.02,36.6667
1785848400,2026-08-04 13:00:00,2026-08-04 15:00:00,karup,24.245,728.28,6.67,0.0,1005.38,67.74,85.0
1785852000,2026-08-04 14:00:00,2026-08-04 16:00:00,karup,26.1,675.97,6.825,0.0,1004.92,58.61,25.8333
1785855600,2026-08-04 15:00:00,2026-08-04 17:00:00,karup,27.18,512.54,6.785,0.0,1004.72,52.915,15.0
1785859200,2026-08-04 16:00:00,2026-08-04 18:00:00,karup,26.735,371.71,7.41,0.0,1004.59,52.36,8.33333
1785862800,2026-08-04 17:00:00,2026-08-04 19:00:00,karup,25.805,197.85,6.665,0.0,1004.61,56.19,1.66667
1785866400,2026-08-04 18:00:00,2026-08-04 20:00:00,karup,24.645,125.11,5.485,0.0,1004.75,59.64,0.0
1785870000,2026-08-04 19:00:00,2026-08-04 21:00:00,karup,23.49,41.25,4.675,0.0,1004.76,65.09,12.5
1785873600,2026-08-04 20:00:00,2026-08-04 22:00:00,karup,22.345,0.0,4.33,0.0,1004.59,72.04,75.0
1785877200,2026-08-04 21:00:00,2026-08-04 23:00:00,karup,21.54,0.0,4.64,0.0,1004.24,77.02,90.0
1785880800,2026-08-04 22:00:00,2026-08-05 00:00:00,karup,20.945,0.0,4.82,0.0,1003.59,79.81,87.5
1785884400,2026-08-04 23:00:00,2026-08-05 01:00:00,karup,20.56,0.0,4.96,0.0,1003.25,81.735,91.6667
1785888000,2026-08-05 00:00:00,2026-08-05 02:00:00,karup,19.415,0.0,2.855,11.745,1003.69,90.915,95.0
1785891600,2026-08-05 01:00:00,2026-08-05 03:00:00,karup,18.655,0.0,2.09,7.83,1003.14,98.6,93.3333
1785895200,2026-08-05 02:00:00,2026-08-05 04:00:00,karup,18.54,0.0,3.115,1.5,1002.75,98.56,93.3333
1785898800,2026-08-05 03:00:00,2026-08-05 05:00:00,karup,18.55,0.0,3.86,1.225,1001.98,99.155,98.3333
1785902400,2026-08-05 04:00:00,2026-08-05 06:00:00,karup,18.67,0.0,3.3,1.01,1001.54,99.345,96.6667
1785906000,2026-08-05 05:00:00,2026-08-05 07:00:00,karup,18.59,15.79,2.99,0.0,1001.38,98.225,51.6667
1785909600,2026-08-05 06:00:00,2026-08-05 08:00:00,karup,18.585,65.02,3.745,0.0,1001.19,98.48,95.0
1785913200,2026-08-05 07:00:00,2026-08-05 09:00:00,karup,19.285,173.15,3.98,0.0,1001.04,98.8,93.3333
1785916800,2026-08-05 08:00:00,2026-08-05 10:00:00,karup,20.405,203.06,3.995,0.0,1000.78,94.505,90.0
1785920400,2026-08-05 09:00:00,2026-08-05 11:00:00,karup,22.045,462.31,5.71,0.0,1000.99,85.27,87.5
1785924000,2026-08-05 10:00:00,2026-08-05 12:00:00,karup,23.04,570.43,7.14,0.0,1001.3,76.61,87.5
1785927600,2026-08-05 11:00:00,2026-08-05 13:00:00,karup,23.155,347.45,7.985,0.0,1001.83,72.335,90.0
1785931200,2026-08-05 12:00:00,2026-08-05 14:00:00,karup,23.205,448.56,8.065,0.0,1002.22,66.08,66.6667
1785934800,2026-08-05 13:00:00,2026-08-05 15:00:00,karup,23.63,480.18,7.84,0.0,1002.56,60.455,72.5
1785938400,2026-08-05 14:00:00,2026-08-05 16:00:00,karup,23.03,356.52,8.0,0.0,1002.98,63.215,53.3333
1785942000,2026-08-05 15:00:00,2026-08-05 17:00:00,karup,22.435,361.64,8.52,0.0,1003.47,64.85,60.8333
1785945600,2026-08-05 16:00:00,2026-08-05 18:00:00,karup,21.83,362.54,8.835,0.0,1003.81,64.385,60.8333
1785949200,2026-08-05 17:00:00,2026-08-05 19:00:00,karup,20.725,164.75,7.795,0.0,1004.01,70.07,87.5
1785952800,2026-08-05 18:00:00,2026-08-05 20:00:00,karup,19.905,78.6,6.475,0.0,1004.11,75.46,41.6667
1785956400,2026-08-05 19:00:00,2026-08-05 21:00:00,karup,19.15,58.49,5.36,0.0,1004.52,78.37,0.0
1785960000,2026-08-05 20:00:00,2026-08-05 22:00:00,karup,17.585,0.0,4.435,0.0,1004.77,81.25,0.0
1785963600,2026-08-05 21:00:00,2026-08-05 23:00:00,karup,16.42,0.0,2.645,0.0,1004.81,89.22,74.1667
1785967200,2026-08-05 22:00:00,2026-08-06 00:00:00,karup,16.135,0.0,2.475,0.0,1004.83,92.065,90.0
1785970800,2026-08-05 23:00:00,2026-08-06 01:00:00,karup,16.15,0.0,2.915,0.0,1004.78,92.075,14.1667
1785974400,2026-08-06 00:00:00,2026-08-06 02:00:00,karup,15.385,0.0,2.92,0.0,1004.53,92.51,0.0
1785978000,2026-08-06 01:00:00,2026-08-06 03:00:00,karup,14.595,0.0,2.945,0.0,1004.38,93.96,5.0
1785981600,2026-08-06 02:00:00,2026-08-06 04:00:00,karup,14.24,0.0,3.56,0.0,1004.21,95.16,50.0
1785985200,2026-08-06 03:00:00,2026-08-06 05:00:00,karup,14.42,0.0,3.45,0.035,1004.17,93.71,16.6667
1785988800,2026-08-06 04:00:00,2026-08-06 06:00:00,karup,14.47,0.0,3.555,0.0,1003.93,92.495,45.8333
1785992400,2026-08-06 05:00:00,2026-08-06 07:00:00,karup,14.805,50.64,3.85,0.0,1003.8,91.07,43.3333
1785996000,2026-08-06 06:00:00,2026-08-06 08:00:00,karup,16.145,179.62,4.83,0.0,1003.8,84.255,90.0
1785999600,2026-08-06 07:00:00,2026-08-06 09:00:00,karup,16.82,262.22,7.04,0.55,1003.95,78.825,56.6667
1786003200,2026-08-06 08:00:00,2026-08-06 10:00:00,karup,17.23,317.13,7.715,0.0,1004.31,70.86,86.6667
1786006800,2026-08-06 09:00:00,2026-08-06 11:00:00,karup,16.3,272.58,7.725,0.2,1004.64,77.96,78.3333
1786010400,2026-08-06 10:00:00,2026-08-06 12:00:00,karup,16.655,332.37,7.815,0.095,1004.93,79.605,96.6667
1786014000,2026-08-06 11:00:00,2026-08-06 13:00:00,karup,16.555,336.67,7.23,0.11,1005.04,84.205,90.0
1786017600,2026-08-06 12:00:00,2026-08-06 14:00:00,karup,17.02,367.41,7.565,0.405,1005.25,85.885,91.6667
1786021200,2026-08-06 13:00:00,2026-08-06 15:00:00,karup,17.025,379.12,7.74,0.64,1005.29,88.095,93.3333
1786024800,2026-08-06 14:00:00,2026-08-06 16:00:00,karup,17.225,389.61,8.385,0.0,1005.67,85.84,96.6667
1786028400,2026-08-06 15:00:00,2026-08-06 17:00:00,karup,16.99,208.5,8.405,0.0,1005.98,79.875,93.3333
1786032000,2026-08-06 16:00:00,2026-08-06 18:00:00,karup,16.675,123.73,9.175,0.0,1006.17,75.58,95.0
1786035600,2026-08-06 17:00:00,2026-08-06 19:00:00,karup,15.81,100.84,7.89,0.2,1006.41,85.275,100.0
1786039200,2026-08-06 18:00:00,2026-08-06 20:00:00,karup,15.175,38.39,6.645,0.35,1007.04,94.205,95.0
1786042800,2026-08-06 19:00:00,2026-08-06 21:00:00,karup,14.765,12.48,6.905,0.2,1007.77,94.735,100.0
1786046400,2026-08-06 20:00:00,2026-08-06 22:00:00,karup,14.27,0.0,5.645,0.0,1008.52,95.16,100.0
1786050000,2026-08-06 21:00:00,2026-08-06 23:00:00,karup,13.875,0.0,4.94,0.175,1009.21,95.935,100.0
1786053600,2026-08-06 22:00:00,2026-08-07 00:00:00,karup,13.695,0.0,5.08,0.0,1009.61,93.555,95.0
1786057200,2026-08-06 23:00:00,2026-08-07 01:00:00,karup,13.49,0.0,4.68,0.0,1009.78,87.99,100.0
1786060800,2026-08-07 00:00:00,2026-08-07 02:00:00,karup,13.45,0.0,5.16,0.0,1009.96,84.67,100.0
1786064400,2026-08-07 01:00:00,2026-08-07 03:00:00,karup,13.335,0.0,5.015,0.0,1010.13,83.93,90.0
1786068000,2026-08-07 02:00:00,2026-08-07 04:00:00,karup,13.22,0.0,5.445,0.0,1010.39,81.18,100.0
1786071600,2026-08-07 03:00:00,2026-08-07 05:00:00,karup,13.015,0.0,5.02,0.0,1010.61,76.42,100.0
1786075200,2026-08-07 04:00:00,2026-08-07 06:00:00,karup,12.915,0.0,5.21,0.0,1010.88,78.12,95.0
1786078800,2026-08-07 05:00:00,2026-08-07 07:00:00,karup,13.12,11.22,4.985,0.0,1011.19,77.85,100.0
1786082400,2026-08-07 06:00:00,2026-08-07 08:00:00,karup,13.365,45.66,4.97,0.0,1011.42,74.145,100.0
1786086000,2026-08-07 07:00:00,2026-08-07 09:00:00,karup,13.725,72.64,5.25,0.0,1011.73,72.52,100.0
1786089600,2026-08-07 08:00:00,2026-08-07 10:00:00,karup,14.17,191.69,6.165,0.0,1012.27,71.005,100.0
1786093200,2026-08-07 09:00:00,2026-08-07 11:00:00,karup,14.58,212.43,6.12,0.0,1012.65,69.77,100.0
1786096800,2026-08-07 10:00:00,2026-08-07 12:00:00,karup,14.82,215.77,6.625,0.0,1012.79,68.01,100.0
1786100400,2026-08-07 11:00:00,2026-08-07 13:00:00,karup,15.645,384.86,6.875,0.0,1013.05,61.29,98.3333
1786104000,2026-08-07 12:00:00,2026-08-07 14:00:00,karup,16.035,364.89,6.815,0.0,1013.35,59.525,90.0
1786107600,2026-08-07 13:00:00,2026-08-07 15:00:00,karup,16.63,490.39,6.78,0.0,1013.5,57.27,90.0
1786111200,2026-08-07 14:00:00,2026-08-07 16:00:00,karup,17.19,575.01,6.905,0.0,1013.54,55.62,85.0
1786114800,2026-08-07 15:00:00,2026-08-07 17:00:00,karup,16.945,326.07,6.805,0.0,1013.64,58.8,70.8333
1786118400,2026-08-07 16:00:00,2026-08-07 18:00:00,karup,17.41,405.98,7.1,0.05,1013.64,55.42,52.5
1786122000,2026-08-07 17:00:00,2026-08-07 19:00:00,karup,17.155,268.62,6.595,0.0,1013.65,55.85,90.0
1786125600,2026-08-07 18:00:00,2026-08-07 20:00:00,karup,16.39,96.36,5.81,0.0,1013.5,63.965,72.5
1786129200,2026-08-07 19:00:00,2026-08-07 21:00:00,karup,15.8,36.01,3.76,0.0,1013.64,70.43,35.8333
1786132800,2026-08-07 20:00:00,2026-08-07 22:00:00,karup,14.73,0.0,3.705,0.0,1013.85,74.88,5.0
1786136400,2026-08-07 21:00:00,2026-08-07 23:00:00,karup,12.9,0.0,1.8,0.0,1013.89,82.93,63.3333
1786140000,2026-08-07 22:00:00,2026-08-08 00:00:00,karup,12.545,0.0,2.47,0.0,1014.13,88.31,20.8333
1786143600,2026-08-07 23:00:00,2026-08-08 01:00:00,karup,12.39,0.0,2.505,0.0,1014.36,91.125,0.0
1786147200,2026-08-08 00:00:00,2026-08-08 02:00:00,karup,11.78,0.0,2.425,0.0,1014.44,95.31,25.0
1786150800,2026-08-08 01:00:00,2026-08-08 03:00:00,karup,11.695,0.0,2.485,0.0,1014.47,95.685,0.0
1786154400,2026-08-08 02:00:00,2026-08-08 04:00:00,karup,10.96,0.0,1.975,0.0,1014.57,96.45,0.0
1786158000,2026-08-08 03:00:00,2026-08-08 05:00:00,karup,10.195,0.0,1.755,0.0,1014.59,97.305,37.5
1786161600,2026-08-08 04:00:00,2026-08-08 06:00:00,karup,10.115,0.0,2.165,0.0,1014.55,98.095,79.1667
1786165200,2026-08-08 05:00:00,2026-08-08 07:00:00,karup,10.64,38.89,2.075,0.0,1014.64,98.265,1.66667
1786168800,2026-08-08 06:00:00,2026-08-08 08:00:00,karup,12.43,139.26,2.585,0.0,1014.93,95.705,0.0
1786172400,2026-08-08 07:00:00,2026-08-08 09:00:00,karup,15.435,287.09,3.195,0.0,1015.01,86.31,29.1667
1786176000,2026-08-08 08:00:00,2026-08-08 10:00:00,karup,17.62,453.6,5.32,0.0,1015.01,74.905,85.0
1786179600,2026-08-08 09:00:00,2026-08-08 11:00:00,karup,18.49,468.59,5.29,0.0,1015.13,64.215,87.5
1786183200,2026-08-08 10:00:00,2026-08-08 12:00:00,karup,18.75,486.8,5.63,0.0,1015.31,59.26,90.8333
1786186800,2026-08-08 11:00:00,2026-08-08 13:00:00,karup,19.04,448.87,5.56,0.0,1015.12,55.58,95.0
1786190400,2026-08-08 12:00:00,2026-08-08 14:00:00,karup,19.68,311.07,5.8,0.0,1014.78,51.51,82.5
1786194000,2026-08-08 13:00:00,2026-08-08 15:00:00,karup,20.56,444.82,6.015,0.0,1014.5,46.14,34.1667
1786197600,2026-08-08 14:00:00,2026-08-08 16:00:00,karup,20.735,376.98,5.33,0.0,1014.37,44.595,73.3333
1786201200,2026-08-08 15:00:00,2026-08-08 17:00:00,karup,20.795,268.24,5.4,0.0,1014.26,44.035,85.0
1786204800,2026-08-08 16:00:00,2026-08-08 18:00:00,karup,20.605,272.56,4.975,0.0,1014.04,45.105,15.8333
1786208400,2026-08-08 17:00:00,2026-08-08 19:00:00,karup,20.68,277.87,5.51,0.0,1013.96,44.86,0.0
1786212000,2026-08-08 18:00:00,2026-08-08 20:00:00,karup,19.89,139.08,4.63,0.0,1013.88,47.455,0.0
1786215600,2026-08-08 19:00:00,2026-08-08 21:00:00,karup,18.555,48.47,3.065,0.0,1013.84,53.72,0.0
1786219200,2026-08-08 20:00:00,2026-08-08 22:00:00,karup,16.155,0.0,1.74,0.0,1013.92,64.06,0.0
1786222800,2026-08-08 21:00:00,2026-08-08 23:00:00,karup,13.06,0.0,1.32,0.0,1013.56,78.87,0.0
1786226400,2026-08-08 22:00:00,2026-08-09 00:00:00,karup,11.385,0.0,0.885,0.0,1013.32,86.785,0.0
1786230000,2026-08-08 23:00:00,2026-08-09 01:00:00,karup,10.185,0.0,1.015,0.0,1013.09,91.22,0.0
1786233600,2026-08-09 00:00:00,2026-08-09 02:00:00,karup,9.535,0.0,1.54,0.0,1012.41,92.96,0.0
1786237200,2026-08-09 01:00:00,2026-08-09 03:00:00,karup,9.395,0.0,1.375,0.0,1011.68,93.41,20.8333
1786240800,2026-08-09 02:00:00,2026-08-09 04:00:00,karup,9.375,0.0,1.44,0.0,1011.0,95.41,4.16667
1786244400,2026-08-09 03:00:00,2026-08-09 05:00:00,karup,9.635,0.0,1.295,0.0,1010.52,94.21,40.0
1786248000,2026-08-09 04:00:00,2026-08-09 06:00:00,karup,9.955,3.38,1.81,0.0,1010.08,93.65,40.0
1786251600,2026-08-09 05:00:00,2026-08-09 07:00:00,karup,12.445,37.8,2.92,0.0,1009.59,94.14,80.0
1786255200,2026-08-09 06:00:00,2026-08-09 08:00:00,karup,14.48,157.67,2.875,0.0,1008.94,90.37,28.3333
1786258800,2026-08-09 07:00:00,2026-08-09 09:00:00,karup,17.405,299.36,3.455,0.0,1008.64,73.375,60.8333
1786262400,2026-08-09 08:00:00,2026-08-09 10:00:00,karup,19.625,400.04,3.645,0.0,1008.25,60.505,65.8333
1786266000,2026-08-09 09:00:00,2026-08-09 11:00:00,karup,21.795,575.06,4.88,0.0,1007.67,49.61,68.3333
1786269600,2026-08-09 10:00:00,2026-08-09 12:00:00,karup,23.525,571.66,4.965,0.0,1007.04,43.485,25.8333
1786273200,2026-08-09 11:00:00,2026-08-09 13:00:00,karup,24.8,732.89,5.69,0.0,1006.19,38.35,76.6667
1786276800,2026-08-09 12:00:00,2026-08-09 14:00:00,karup,25.305,721.21,5.3,0.0,1005.58,36.25,65.8333
1786280400,2026-08-09 13:00:00,2026-08-09 15:00:00,karup,25.98,646.76,5.28,0.0,1004.94,33.7,33.3333
1786284000,2026-08-09 14:00:00,2026-08-09 16:00:00,karup,26.565,630.37,5.9,0.0,1004.44,31.88,54.1667
1786287600,2026-08-09 15:00:00,2026-08-09 17:00:00,karup,26.385,536.17,5.63,0.0,1004.14,32.005,62.5
1786291200,2026-08-09 16:00:00,2026-08-09 18:00:00,karup,25.53,336.13,5.665,0.0,1003.92,34.205,59.1667
1786294800,2026-08-09 17:00:00,2026-08-09 19:00:00,karup,24.825,249.68,6.135,0.0,1003.82,35.86,65.0
1786298400,2026-08-09 18:00:00,2026-08-09 20:00:00,karup,22.945,95.44,4.965,0.0,1003.86,41.72,63.3333
1786302000,2026-08-09 19:00:00,2026-08-09 21:00:00,karup,21.08,42.54,3.85,0.0,1003.81,49.87,87.5
1786305600,2026-08-09 20:00:00,2026-08-09 22:00:00,karup,19.55,0.0,3.765,0.0,1003.41,56.465,90.0
1786309200,2026-08-09 21:00:00,2026-08-09 23:00:00,karup,18.3,0.0,3.325,0.0,1003.08,67.725,93.3333
1786312800,2026-08-09 22:00:00,2026-08-10 00:00:00,karup,17.465,0.0,3.21,0.0,1002.91,78.88,92.5
1786316400,2026-08-09 23:00:00,2026-08-10 01:00:00,karup,17.13,0.0,3.185,0.0,1002.79,86.68,98.3333
1786320000,2026-08-10 00:00:00,2026-08-10 02:00:00,karup,16.685,0.0,4.06,0.0,1002.51,88.88,100.0
1786323600,2026-08-10 01:00:00,2026-08-10 03:00:00,karup,15.975,0.0,3.97,0.0,1002.64,87.245,100.0
1786327200,2026-08-10 02:00:00,2026-08-10 04:00:00,karup,15.02,0.0,4.33,0.2,1002.69,92.06,94.1667
1786330800,2026-08-10 03:00:00,2026-08-10 05:00:00,karup,14.38,0.0,3.165,0.08,1002.62,95.3,96.6667
1786334400,2026-08-10 04:00:00,2026-08-10 06:00:00,karup,14.345,0.0,3.51,0.075,1002.74,96.775,90.0
1786338000,2026-08-10 05:00:00,2026-08-10 07:00:00,karup,14.57,3.52,3.395,0.0,1003.23,97.29,87.5
1786341600,2026-08-10 06:00:00,2026-08-10 08:00:00,karup,14.705,63.34,3.505,0.0,1003.67,96.005,32.5
1786345200,2026-08-10 07:00:00,2026-08-10 09:00:00,karup,15.215,145.3,3.38,0.0,1003.97,91.385,67.5
1786348800,2026-08-10 08:00:00,2026-08-10 10:00:00,karup,16.22,414.97,4.07,0.0,1004.46,77.405,72.5
1786352400,2026-08-10 09:00:00,2026-08-10 11:00:00,karup,17.13,329.74,4.745,0.0,1004.74,67.635,41.6667
1786356000,2026-08-10 10:00:00,2026-08-10 12:00:00,karup,18.105,664.87,6.145,0.0,1005.04,58.01,64.1667
1786359600,2026-08-10 11:00:00,2026-08-10 13:00:00,karup,18.395,519.2,6.755,0.0,1005.56,56.995,45.0
1786363200,2026-08-10 12:00:00,2026-08-10 14:00:00,karup,18.32,569.86,7.345,0.0,1006.11,56.405,59.1667
1786366800,2026-08-10 13:00:00,2026-08-10 15:00:00,karup,18.25,488.94,7.97,0.0,1006.65,55.425,85.0
1786370400,2026-08-10 14:00:00,2026-08-10 16:00:00,karup,17.505,424.36,7.65,0.0,1006.93,56.84,75.0
1786374000,2026-08-10 15:00:00,2026-08-10 17:00:00,karup,17.29,451.68,8.16,0.0,1007.31,59.215,60.0
1786377600,2026-08-10 16:00:00,2026-08-10 18:00:00,karup,16.835,308.49,7.56,0.05,1007.65,60.735,47.5
1786381200,2026-08-10 17:00:00,2026-08-10 19:00:00,karup,16.435,209.17,7.63,0.0,1008.04,61.505,44.1667
1786384800,2026-08-10 18:00:00,2026-08-10 20:00:00,karup,15.255,96.55,6.77,0.0,1008.5,67.3,67.5
1786388400,2026-08-10 19:00:00,2026-08-10 21:00:00,karup,14.37,37.2,6.24,0.0,1009.13,71.765,11.6667
1786392000,2026-08-10 20:00:00,2026-08-10 22:00:00,karup,13.235,0.0,5.19,0.0,1009.55,75.35,13.3333
1786395600,2026-08-10 21:00:00,2026-08-10 23:00:00,karup,12.4,0.0,4.57,0.0,1009.86,80.3,28.3333
1786399200,2026-08-10 22:00:00,2026-08-11 00:00:00,karup,11.76,0.0,3.685,0.0,1010.09,84.85,31.6667
1786402800,2026-08-10 23:00:00,2026-08-11 01:00:00,karup,11.885,0.0,4.03,0.0,1010.44,86.465,22.5
1786406400,2026-08-11 00:00:00,2026-08-11 02:00:00,karup,11.65,0.0,4.445,0.0,1010.72,86.06,45.0
1786410000,2026-08-11 01:00:00,2026-08-11 03:00:00,karup,11.31,0.0,4.11,0.0,1011.17,84.62,80.8333
1786413600,2026-08-11 02:00:00,2026-08-11 04:00:00,karup,11.63,0.0,5.005,0.0,1011.54,84.15,10.0
1786417200,2026-08-11 03:00:00,2026-08-11 05:00:00,karup,11.73,0.0,5.295,0.0,1011.99,85.035,0.0
1786420800,2026-08-11 04:00:00,2026-08-11 06:00:00,karup,11.525,0.0,4.515,0.0,1012.55,86.42,6.66667
1786424400,2026-08-11 05:00:00,2026-08-11 07:00:00,karup,11.815,46.53,4.465,0.0,1013.22,81.705,10.0
1786428000,2026-08-11 06:00:00,2026-08-11 08:00:00,karup,13.18,172.27,4.595,0.0,1013.84,72.73,70.0
1786431600,2026-08-11 07:00:00,2026-08-11 09:00:00,karup,14.29,309.63,6.105,0.0,1014.51,70.265,89.1667
1786435200,2026-08-11 08:00:00,2026-08-11 10:00:00,karup,14.39,289.14,6.635,0.0,1015.1,70.5,67.5
1786438800,2026-08-11 09:00:00,2026-08-11 11:00:00,karup,15.135,501.16,6.775,0.0,1015.56,65.35,74.1667
1786442400,2026-08-11 10:00:00,2026-08-11 12:00:00,karup,15.895,611.69,6.85,0.0,1015.99,59.13,93.3333
1786446000,2026-08-11 11:00:00,2026-08-11 13:00:00,karup,16.23,513.7,6.785,0.0,1016.48,54.79,90.0
1786449600,2026-08-11 12:00:00,2026-08-11 14:00:00,karup,16.185,547.03,6.275,0.0,1016.83,53.025,90.0
1786453200,2026-08-11 13:00:00,2026-08-11 15:00:00,karup,16.36,338.59,6.64,0.0,1017.18,52.605,93.3333
1786456800,2026-08-11 14:00:00,2026-08-11 16:00:00,karup,16.295,394.05,6.615,0.0,1017.39,53.35,98.3333
1786460400,2026-08-11 15:00:00,2026-08-11 17:00:00,karup,16.155,449.21,6.57,0.0,1017.69,55.105,90.0
1786464000,2026-08-11 16:00:00,2026-08-11 18:00:00,karup,15.82,217.63,5.73,0.0,1017.95,55.61,90.0
1786467600,2026-08-11 17:00:00,2026-08-11 19:00:00,karup,15.255,136.43,5.35,0.0,1018.26,57.625,91.6667
1786471200,2026-08-11 18:00:00,2026-08-11 20:00:00,karup,14.725,62.8,4.66,0.0,1018.56,62.25,100.0
1786474800,2026-08-11 19:00:00,2026-08-11 21:00:00,karup,14.27,14.75,4.55,0.0,1018.8,65.83,98.3333
1786478400,2026-08-11 20:00:00,2026-08-11 22:00:00,karup,13.77,0.0,4.125,0.0,1018.99,67.49,83.3333
1786482000,2026-08-11 21:00:00,2026-08-11 23:00:00,karup,13.04,0.0,3.885,0.0,1019.2,70.68,5.83333
1786485600,2026-08-11 22:00:00,2026-08-12 00:00:00,karup,11.46,0.0,2.575,0.0,1019.65,76.905,0.0
1786489200,2026-08-11 23:00:00,2026-08-12 01:00:00,karup,10.195,0.0,2.055,0.0,1019.87,82.975,7.5
1786492800,2026-08-12 00:00:00,2026-08-12 02:00:00,karup,9.59,0.0,1.86,0.0,1020.05,86.67,30.0
1786496400,2026-08-12 01:00:00,2026-08-12 03:00:00,karup,8.1,0.0,1.285,0.0,1020.37,90.065,43.3333
1786500000,2026-08-12 02:00:00,2026-08-12 04:00:00,karup,7.42,0.0,1.285,0.0,1020.55,93.695,26.6667
1786503600,2026-08-12 03:00:00,2026-08-12 05:00:00,karup,7.78,0.0,1.285,0.0,1020.76,94.645,53.3333
1786507200,2026-08-12 04:00:00,2026-08-12 06:00:00,karup,8.755,0.0,1.285,0.0,1021.03,95.07,90.0
1786510800,2026-08-12 05:00:00,2026-08-12 07:00:00,karup,10.15,25.87,1.285,0.0,1021.31,92.72,90.0
1786514400,2026-08-12 06:00:00,2026-08-12 08:00:00,karup,11.64,103.39,1.285,0.0,1021.6,88.39,65.8333
1786518000,2026-08-12 07:00:00,2026-08-12 09:00:00,karup,13.74,264.94,2.025,0.0,1021.91,79.89,45.8333
1786521600,2026-08-12 08:00:00,2026-08-12 10:00:00,karup,15.115,399.71,3.015,0.0,1022.04,72.86,16.6667
1786525200,2026-08-12 09:00:00,2026-08-12 11:00:00,karup,16.435,572.91,2.585,0.0,1022.06,65.63,0.0
1786528800,2026-08-12 10:00:00,2026-08-12 12:00:00,karup,17.785,661.66,2.74,0.0,1022.0,59.18,0.0
1786532400,2026-08-12 11:00:00,2026-08-12 13:00:00,karup,19.185,724.69,2.18,0.0,1021.89,51.935,0.0
1786536000,2026-08-12 12:00:00,2026-08-12 14:00:00,karup,20.46,728.74,1.69,0.0,1021.89,45.67,4.16667
1786539600,2026-08-12 13:00:00,2026-08-12 15:00:00,karup,21.32,650.62,2.05,0.05,1021.84,43.48,85.0
1786543200,2026-08-12 14:00:00,2026-08-12 16:00:00,karup,21.795,498.39,2.255,0.0,1021.7,43.575,60.8333
1786546800,2026-08-12 15:00:00,2026-08-12 17:00:00,karup,21.955,527.16,1.93,0.0,1021.59,44.595,90.0
1786550400,2026-08-12 16:00:00,2026-08-12 18:00:00,karup,21.715,360.22,2.29,0.0,1021.51,45.37,77.5
1786554000,2026-08-12 17:00:00,2026-08-12 19:00:00,karup,21.29,219.03,1.595,0.0,1021.4,47.52,90.0
1786557600,2026-08-12 18:00:00,2026-08-12 20:00:00,karup,20.08,66.58,1.685,0.0,1021.37,54.365,91.6667
1786561200,2026-08-12 19:00:00,2026-08-12 21:00:00,karup,17.685,4.69,0.77,0.0,1021.59,65.65,95.0
1786564800,2026-08-12 20:00:00,2026-08-12 22:00:00,karup,16.37,0.0,0.515,0.0,1021.74,72.175,91.6667
1786568400,2026-08-12 21:00:00,2026-08-12 23:00:00,karup,14.965,0.0,0.515,0.0,1021.84,79.895,90.0
1786572000,2026-08-12 22:00:00,2026-08-13 00:00:00,karup,13.555,0.0,0.515,0.0,1021.75,85.58,25.0
1786575600,2026-08-12 23:00:00,2026-08-13 01:00:00,karup,12.5,0.0,0.255,0.0,1021.55,90.405,0.0
1786579200,2026-08-13 00:00:00,2026-08-13 02:00:00,karup,11.385,0.0,0.515,0.0,1021.3,92.765,0.0
1786582800,2026-08-13 01:00:00,2026-08-13 03:00:00,karup,10.35,0.0,0.515,0.0,1021.33,93.46,1.66667
1786586400,2026-08-13 02:00:00,2026-08-13 04:00:00,karup,9.72,0.0,0.515,0.0,1021.32,95.355,50.8333
1786590000,2026-08-13 03:00:00,2026-08-13 05:00:00,karup,9.585,0.0,0.77,0.0,1021.49,95.365,85.0
1786593600,2026-08-13 04:00:00,2026-08-13 06:00:00,karup,9.465,0.0,0.77,0.0,1021.52,95.845,8.33333
1786597200,2026-08-13 05:00:00,2026-08-13 07:00:00,karup,9.4,28.88,1.03,0.0,1021.34,95.19,35.8333
1786600800,2026-08-13 06:00:00,2026-08-13 08:00:00,karup,13.03,183.65,1.285,0.0,1021.31,85.7,40.8333
1786604400,2026-08-13 07:00:00,2026-08-13 09:00:00,karup,16.84,264.74,2.46,0.0,1021.14,71.645,1.66667
1786608000,2026-08-13 08:00:00,2026-08-13 10:00:00,karup,18.91,400.77,3.0,0.0,1020.9,61.95,25.0
1786611600,2026-08-13 09:00:00,2026-08-13 11:00:00,karup,20.435,486.16,2.905,0.0,1020.71,56.66,5.0
1786615200,2026-08-13 10:00:00,2026-08-13 12:00:00,karup,22.24,631.49,2.985,0.0,1020.2,49.345,1.66667
1786618800,2026-08-13 11:00:00,2026-08-13 13:00:00,karup,24.0,724.78,3.2,0.0,1019.78,42.085,0.0
1786622400,2026-08-13 12:00:00,2026-08-13 14:00:00,karup,25.605,689.68,3.36,0.0,1019.43,36.5,0.0
1786626000,2026-08-13 13:00:00,2026-08-13 15:00:00,karup,26.595,650.99,2.96,0.0,1019.05,31.77,0.0
1786629600,2026-08-13 14:00:00,2026-08-13 16:00:00,karup,27.465,613.89,2.705,0.0,1018.59,29.33,30.8333
1786633200,2026-08-13 15:00:00,2026-08-13 17:00:00,karup,27.59,509.04,2.55,0.0,1017.96,30.54,4.16667
1786636800,2026-08-13 16:00:00,2026-08-13 18:00:00,karup,28.03,415.39,2.375,0.0,1017.5,30.095,0.0
1786640400,2026-08-13 17:00:00,2026-08-13 19:00:00,karup,28.075,276.05,2.31,0.0,1017.11,30.315,0.0
1786644000,2026-08-13 18:00:00,2026-08-13 20:00:00,karup,27.095,143.07,1.88,0.0,1017.19,33.415,0.0
1786647600,2026-08-13 19:00:00,2026-08-13 21:00:00,karup,24.0,32.92,2.225,0.0,1017.22,44.525,0.0
1786651200,2026-08-13 20:00:00,2026-08-13 22:00:00,karup,21.485,0.0,1.565,0.0,1017.03,51.13,0.0
1786654800,2026-08-13 21:00:00,2026-08-13 23:00:00,karup,18.635,0.0,1.09,0.0,1016.76,60.925,0.0
1786658400,2026-08-13 22:00:00,2026-08-14 00:00:00,karup,16.005,0.0,1.305,0.0,1016.39,73.09,0.0
1786662000,2026-08-13 23:00:00,2026-08-14 01:00:00,karup,15.705,0.0,1.085,0.0,1015.87,73.95,0.0
1786665600,2026-08-14 00:00:00,2026-08-14 02:00:00,karup,15.015,0.0,1.03,0.0,1015.37,76.03,0.0
1786669200,2026-08-14 01:00:00,2026-08-14 03:00:00,karup,14.565,0.0,1.125,0.0,1014.84,77.165,0.0
1786672800,2026-08-14 02:00:00,2026-08-14 04:00:00,karup,14.125,0.0,1.545,0.0,1014.2,79.225,0.0
1786676400,2026-08-14 03:00:00,2026-08-14 05:00:00,karup,14.205,0.0,1.9,0.0,1013.77,80.435,0.0
1786680000,2026-08-14 04:00:00,2026-08-14 06:00:00,karup,13.895,0.0,1.955,0.0,1013.28,83.605,16.6667
1786683600,2026-08-14 05:00:00,2026-08-14 07:00:00,karup,14.355,29.15,2.29,0.0,1012.95,85.105,56.6667
1786687200,2026-08-14 06:00:00,2026-08-14 08:00:00,karup,17.07,148.57,2.01,0.0,1012.66,76.235,87.5
1786690800,2026-08-14 07:00:00,2026-08-14 09:00:00,karup,20.02,253.03,2.415,0.0,1012.32,64.295,63.3333
1786694400,2026-08-14 08:00:00,2026-08-14 10:00:00,karup,22.01,275.93,2.675,0.0,1011.76,55.565,23.3333
1786698000,2026-08-14 09:00:00,2026-08-14 11:00:00,karup,24.75,520.71,3.555,0.0,1011.23,44.695,0.0
1786701600,2026-08-14 10:00:00,2026-08-14 12:00:00,karup,27.605,655.54,4.085,0.0,1010.47,33.195,0.0
1786705200,2026-08-14 11:00:00,2026-08-14 13:00:00,karup,29.03,708.98,4.585,0.0,1009.86,28.885,0.0
1786708800,2026-08-14 12:00:00,2026-08-14 14:00:00,karup,30.095,710.05,5.0,0.0,1009.23,26.355,0.0
1786712400,2026-08-14 13:00:00,2026-08-14 15:00:00,karup,30.835,686.83,4.47,0.0,1008.62,25.06,0.0
1786716000,2026-08-14 14:00:00,2026-08-14 16:00:00,karup,31.465,622.77,3.795,0.0,1008.08,23.64,0.0
1786719600,2026-08-14 15:00:00,2026-08-14 17:00:00,karup,31.71,530.53,3.55,0.0,1007.43,22.655,0.0
1786723200,2026-08-14 16:00:00,2026-08-14 18:00:00,karup,31.02,324.42,3.88,0.0,1006.99,25.785,0.0
1786726800,2026-08-14 17:00:00,2026-08-14 19:00:00,karup,30.415,249.12,4.39,0.0,1006.71,27.585,0.0
1786730400,2026-08-14 18:00:00,2026-08-14 20:00:00,karup,29.075,127.13,3.0,0.0,1006.61,32.18,5.0
1786734000,2026-08-14 19:00:00,2026-08-14 21:00:00,karup,26.145,22.29,1.91,0.0,1006.36,41.625,33.3333
1786737600,2026-08-14 20:00:00,2026-08-14 22:00:00,karup,21.735,0.0,0.665,0.0,1006.22,55.965,83.3333
1786741200,2026-08-14 21:00:00,2026-08-14 23:00:00,karup,18.805,0.0,0.77,0.0,1005.87,65.07,63.3333
1786744800,2026-08-14 22:00:00,2026-08-15 00:00:00,karup,18.625,0.0,1.355,0.0,1005.59,62.435,75.0
1786748400,2026-08-14 23:00:00,2026-08-15 01:00:00,karup,19.095,0.0,2.12,0.0,1005.38,57.665,8.33333
1786752000,2026-08-15 00:00:00,2026-08-15 02:00:00,karup,18.145,0.0,2.255,0.0,1005.08,64.175,1.66667
1786755600,2026-08-15 01:00:00,2026-08-15 03:00:00,karup,17.04,0.0,2.855,0.0,1005.15,78.365,3.33333
1786759200,2026-08-15 02:00:00,2026-08-15 04:00:00,karup,16.34,0.0,3.31,0.0,1005.05,92.77,3.33333
1786762800,2026-08-15 03:00:00,2026-08-15 05:00:00,karup,15.94,0.0,2.76,0.0,1005.28,97.125,79.1667
1786766400,2026-08-15 04:00:00,2026-08-15 06:00:00,karup,15.78,0.0,3.375,0.0,1005.32,97.52,95.0
1786770000,2026-08-15 05:00:00,2026-08-15 07:00:00,karup,16.165,4.1,4.74,0.0,1005.44,97.03,100.0
1786773600,2026-08-15 06:00:00,2026-08-15 08:00:00,karup,16.185,10.66,4.85,0.0,1005.86,99.255,100.0
1786777200,2026-08-15 07:00:00,2026-08-15 09:00:00,karup,15.775,29.17,5.72,0.0,1006.04,99.495,96.6667
1786780800,2026-08-15 08:00:00,2026-08-15 10:00:00,karup,16.31,152.68,4.65,0.0,1006.16,94.235,90.0
1786784400,2026-08-15 09:00:00,2026-08-15 11:00:00,karup,17.675,211.26,6.285,0.0,1006.5,79.75,96.6667
1786788000,2026-08-15 10:00:00,2026-08-15 12:00:00,karup,17.835,281.72,6.545,0.0,1006.85,73.6,100.0
1786791600,2026-08-15 11:00:00,2026-08-15 13:00:00,karup,17.985,306.72,6.34,0.0,1007.11,70.375,91.6667
1786795200,2026-08-15 12:00:00,2026-08-15 14:00:00,karup,18.405,352.91,6.965,0.0,1007.22,62.725,82.5
1786798800,2026-08-15 13:00:00,2026-08-15 15:00:00,karup,19.085,599.61,7.305,0.0,1007.32,55.675,93.3333
1786802400,2026-08-15 14:00:00,2026-08-15 16:00:00,karup,18.37,331.66,7.185,0.0,1007.27,60.005,90.0
1786806000,2026-08-15 15:00:00,2026-08-15 17:00:00,karup,18.415,267.21,7.345,0.0,1007.29,58.5,90.0
1786809600,2026-08-15 16:00:00,2026-08-15 18:00:00,karup,18.16,234.76,7.105,0.0,1007.46,61.11,74.1667
1786813200,2026-08-15 17:00:00,2026-08-15 19:00:00,karup,17.975,248.72,6.21,0.0,1007.54,63.33,35.8333
1786816800,2026-08-15 18:00:00,2026-08-15 20:00:00,karup,16.89,91.58,5.935,0.0,1007.76,67.38,55.8333
1786820400,2026-08-15 19:00:00,2026-08-15 21:00:00,karup,15.97,19.39,5.815,0.0,1008.02,73.55,62.5
1786824000,2026-08-15 20:00:00,2026-08-15 22:00:00,karup,15.035,0.0,4.945,0.0,1008.06,80.09,5.83333
1786827600,2026-08-15 21:00:00,2026-08-15 23:00:00,karup,14.14,0.0,4.43,0.0,1008.02,86.255,0.0
1786831200,2026-08-15 22:00:00,2026-08-16 00:00:00,karup,13.41,0.0,4.085,0.0,1007.86,87.75,0.0
1786834800,2026-08-15 23:00:00,2026-08-16 01:00:00,karup,12.725,0.0,3.635,0.0,1007.63,88.555,46.6667
1786838400,2026-08-16 00:00:00,2026-08-16 02:00:00,karup,12.395,0.0,2.905,0.0,1007.48,89.79,73.3333
1786842000,2026-08-16 01:00:00,2026-08-16 03:00:00,karup,12.175,0.0,2.955,0.0,1007.39,89.54,90.0
1786845600,2026-08-16 02:00:00,2026-08-16 04:00:00,karup,12.05,0.0,2.975,0.0,1007.29,91.79,90.0
1786849200,2026-08-16 03:00:00,2026-08-16 05:00:00,karup,12.44,0.0,2.925,0.0,1007.24,91.325,90.0
1786852800,2026-08-16 04:00:00,2026-08-16 06:00:00,karup,12.7,0.0,3.495,0.0,1007.14,91.35,90.0
1786856400,2026-08-16 05:00:00,2026-08-16 07:00:00,karup,12.84,14.73,3.54,0.0,1007.09,92.17,93.3333
1786860000,2026-08-16 06:00:00,2026-08-16 08:00:00,karup,13.23,57.04,3.835,0.085,1007.07,92.525,91.6667
1786863600,2026-08-16 07:00:00,2026-08-16 09:00:00,karup,14.14,131.28,4.205,0.0,1006.99,89.19,90.0
1786867200,2026-08-16 08:00:00,2026-08-16 10:00:00,karup,15.35,246.64,5.29,0.0,1006.97,81.045,74.1667
1786870800,2026-08-16 09:00:00,2026-08-16 11:00:00,karup,16.905,341.83,6.2,0.0,1007.08,66.585,89.1667
1786874400,2026-08-16 10:00:00,2026-08-16 12:00:00,karup,17.1,201.77,6.05,0.0,1007.21,63.96,98.3333
1786878000,2026-08-16 11:00:00,2026-08-16 13:00:00,karup,17.485,359.03,6.055,0.0,1007.27,63.235,100.0
1786881600,2026-08-16 12:00:00,2026-08-16 14:00:00,karup,17.42,279.89,6.645,0.0,1007.25,62.74,100.0
1786885200,2026-08-16 13:00:00,2026-08-16 15:00:00,karup,17.6,364.51,6.75,0.0,1007.27,61.655,100.0
1786888800,2026-08-16 14:00:00,2026-08-16 16:00:00,karup,17.125,165.64,6.305,0.0,1007.41,64.62,100.0
1786892400,2026-08-16 15:00:00,2026-08-16 17:00:00,karup,16.65,80.35,6.25,0.0,1007.4,68.375,100.0
1786896000,2026-08-16 16:00:00,2026-08-16 18:00:00,karup,16.235,139.57,5.99,0.0,1007.33,73.065,93.3333
1786899600,2026-08-16 17:00:00,2026-08-16 19:00:00,karup,15.82,63.57,5.79,0.0,1006.94,76.765,91.6667
1786903200,2026-08-16 18:00:00,2026-08-16 20:00:00,karup,15.195,17.71,4.53,0.0,1006.55,81.02,95.0
1786906800,2026-08-16 19:00:00,2026-08-16 21:00:00,karup,14.58,3.29,3.675,0.0,1006.5,88.22,98.3333
1786910400,2026-08-16 20:00:00,2026-08-16 22:00:00,karup,14.315,0.0,3.53,0.025,1006.32,91.085,100.0
1786914000,2026-08-16 21:00:00,2026-08-16 23:00:00,karup,13.885,0.0,3.12,0.185,1006.12,94.325,100.0
1786917600,2026-08-16 22:00:00,2026-08-17 00:00:00,karup,13.6,0.0,3.23,0.095,1005.83,96.18,91.6667
1786921200,2026-08-16 23:00:00,2026-08-17 01:00:00,karup,13.415,0.0,3.135,0.01,1005.46,97.0,79.1667
1786924800,2026-08-17 00:00:00,2026-08-17 02:00:00,karup,13.04,0.0,2.675,0.0,1005.16,97.27,22.5
1786928400,2026-08-17 01:00:00,2026-08-17 03:00:00,karup,12.5,0.0,2.57,0.0,1004.9,95.495,60.0
1786932000,2026-08-17 02:00:00,2026-08-17 04:00:00,karup,12.295,0.0,2.38,0.0,1004.55,97.115,28.3333
1786935600,2026-08-17 03:00:00,2026-08-17 05:00:00,karup,11.97,0.0,2.775,0.0,1004.19,97.63,92.5
1786939200,2026-08-17 04:00:00,2026-08-17 06:00:00,karup,12.155,0.0,3.05,0.0,1003.95,96.605,48.3333
1786942800,2026-08-17 05:00:00,2026-08-17 07:00:00,karup,12.165,26.73,3.09,0.0,1003.78,94.315,30.8333
1786946400,2026-08-17 06:00:00,2026-08-17 08:00:00,karup,12.995,146.78,3.515,0.0,1003.54,89.295,90.0
1786950000,2026-08-17 07:00:00,2026-08-17 09:00:00,karup,14.08,257.5,5.05,0.0,1003.39,82.12,70.0
1786953600,2026-08-17 08:00:00,2026-08-17 10:00:00,karup,15.22,291.7,6.06,0.0,1003.37,73.41,90.0
1786957200,2026-08-17 09:00:00,2026-08-17 11:00:00,karup,15.88,352.39,7.155,0.0,1003.54,67.985,90.0
1786960800,2026-08-17 10:00:00,2026-08-17 12:00:00,karup,16.73,498.6,6.75,0.0,1003.65,64.52,90.0
1786964400,2026-08-17 11:00:00,2026-08-17 13:00:00,karup,17.14,566.5,6.6,0.0,1003.82,64.41,90.0
1786968000,2026-08-17 12:00:00,2026-08-17 14:00:00,karup,17.495,636.21,6.67,0.0,1003.8,62.385,87.5
1786971600,2026-08-17 13:00:00,2026-08-17 15:00:00,karup,17.985,582.43,6.74,0.0,1003.89,58.955,77.5
1786975200,2026-08-17 14:00:00,2026-08-17 16:00:00,karup,17.61,465.74,6.74,0.0,1004.01,59.92,76.6667
1786978800,2026-08-17 15:00:00,2026-08-17 17:00:00,karup,16.995,307.83,7.145,0.0,1004.01,58.54,55.8333
1786982400,2026-08-17 16:00:00,2026-08-17 18:00:00,karup,16.275,297.14,7.21,0.0,1003.87,58.96,60.0
1786986000,2026-08-17 17:00:00,2026-08-17 19:00:00,karup,15.585,182.31,6.68,0.0,1003.9,59.595,90.0
1786989600,2026-08-17 18:00:00,2026-08-17 20:00:00,karup,14.525,77.35,6.31,0.0,1003.65,62.585,90.0
1786993200,2026-08-17 19:00:00,2026-08-17 21:00:00,karup,13.9,11.92,5.675,0.0,1003.73,66.985,90.0
1786996800,2026-08-17 20:00:00,2026-08-17 22:00:00,karup,13.405,0.0,5.035,0.0,1003.73,70.325,90.0
1787000400,2026-08-17 21:00:00,2026-08-17 23:00:00,karup,13.22,0.0,4.885,0.0,1003.75,72.77,91.6667
1787004000,2026-08-17 22:00:00,2026-08-18 00:00:00,karup,12.79,0.0,4.1,0.0,1003.81,73.35,90.0
1787007600,2026-08-17 23:00:00,2026-08-18 01:00:00,karup,12.49,0.0,3.945,0.0,1003.64,74.11,71.6667
1787011200,2026-08-18 00:00:00,2026-08-18 02:00:00,karup,12.295,0.0,3.805,0.0,1003.25,73.63,90.0
1787014800,2026-08-18 01:00:00,2026-08-18 03:00:00,karup,12.065,0.0,3.995,0.0,1002.97,73.14,91.6667
1787018400,2026-08-18 02:00:00,2026-08-18 04:00:00,karup,12.035,0.0,3.47,0.0,1002.71,72.75,85.0
1787022000,2026-08-18 03:00:00,2026-08-18 05:00:00,karup,11.7,0.0,3.92,0.0,1002.41,72.04,96.6667
1787025600,2026-08-18 04:00:00,2026-08-18 06:00:00,karup,11.65,0.0,2.57,0.0,1001.89,73.29,91.6667
1787029200,2026-08-18 05:00:00,2026-08-18 07:00:00,karup,11.355,32.23,2.07,0.0,1001.77,75.89,91.6667
1787032800,2026-08-18 06:00:00,2026-08-18 08:00:00,karup,12.295,63.06,2.655,0.0,1001.55,72.785,85.0
1787036400,2026-08-18 07:00:00,2026-08-18 09:00:00,karup,13.205,144.26,2.84,0.0,1001.27,68.33,91.6667
1787040000,2026-08-18 08:00:00,2026-08-18 10:00:00,karup,14.065,324.0,3.045,0.0,1000.98,65.145,80.8333
1787043600,2026-08-18 09:00:00,2026-08-18 11:00:00,karup,14.985,315.67,3.75,0.0,1000.7,61.9,82.5
1787047200,2026-08-18 10:00:00,2026-08-18 12:00:00,karup,15.99,375.64,3.435,0.0,1000.39,57.745,90.0
1787050800,2026-08-18 11:00:00,2026-08-18 13:00:00,karup,17.24,551.56,4.275,0.0,999.972,50.825,95.0
1787054400,2026-08-18 12:00:00,2026-08-18 14:00:00,karup,17.665,497.92,4.675,0.0,999.737,51.115,95.0
1787058000,2026-08-18 13:00:00,2026-08-18 15:00:00,karup,17.785,430.27,5.06,0.0,999.547,52.415,90.0
1787061600,2026-08-18 14:00:00,2026-08-18 16:00:00,karup,17.315,297.15,5.145,0.0,999.223,58.01,82.5
1787065200,2026-08-18 15:00:00,2026-08-18 17:00:00,karup,17.07,222.05,4.115,0.0,998.825,62.42,90.0
1787068800,2026-08-18 16:00:00,2026-08-18 18:00:00,karup,16.785,135.09,3.48,0.0,998.353,65.065,91.6667
1787072400,2026-08-18 17:00:00,2026-08-18 19:00:00,karup,16.625,118.0,2.86,0.0,998.141,67.02,93.3333
1787076000,2026-08-18 18:00:00,2026-08-18 20:00:00,karup,16.355,61.0,2.405,0.0,998.019,68.995,90.0
1787079600,2026-08-18 19:00:00,2026-08-18 21:00:00,karup,15.61,10.0,1.65,0.0,998.107,72.985,95.0
1787083200,2026-08-18 20:00:00,2026-08-18 22:00:00,karup,14.805,0.0,0.655,0.0,997.963,77.94,98.3333
1787086800,2026-08-18 21:00:00,2026-08-18 23:00:00,karup,14.56,0.0,0.565,0.0,997.816,79.88,96.6667
1787090400,2026-08-18 22:00:00,2026-08-19 00:00:00,karup,14.525,0.0,0.97,0.0,997.37,80.74,90.8333
1787094000,2026-08-18 23:00:00,2026-08-19 01:00:00,karup,13.74,0.0,0.74,0.0,996.876,86.505,90.0
1787097600,2026-08-19 00:00:00,2026-08-19 02:00:00,karup,13.26,0.0,1.21,0.0,996.273,89.32,96.6667
1787101200,2026-08-19 01:00:00,2026-08-19 03:00:00,karup,13.6,0.0,2.19,0.03,995.551,89.61,100.0
1787104800,2026-08-19 02:00:00,2026-08-19 04:00:00,karup,13.345,0.0,2.725,2.7,994.829,95.42,100.0
1787108400,2026-08-19 03:00:00,2026-08-19 05:00:00,karup,13.495,0.0,2.87,0.175,994.217,98.065,100.0
1787112000,2026-08-19 04:00:00,2026-08-19 06:00:00,karup,13.785,0.0,2.615,0.04,993.577,98.87,91.6667
1787115600,2026-08-19 05:00:00,2026-08-19 07:00:00,karup,13.965,6.0,2.335,0.04,993.202,99.255,90.0
1787119200,2026-08-19 06:00:00,2026-08-19 08:00:00,karup,14.25,24.0,2.965,0.47,992.974,99.3,96.6667
1787122800,2026-08-19 07:00:00,2026-08-19 09:00:00,karup,14.295,53.0,2.63,1.8,992.584,99.0,86.6667
1787126400,2026-08-19 08:00:00,2026-08-19 10:00:00,karup,14.77,129.0,2.655,0.405,992.375,97.945,87.5
1787130000,2026-08-19 09:00:00,2026-08-19 11:00:00,karup,15.39,215.0,3.35,0.0,992.24,95.68,90.0
1787133600,2026-08-19 10:00:00,2026-08-19 12:00:00,karup,16.235,172.0,3.43,0.925,992.062,92.105,90.0
1787137200,2026-08-19 11:00:00,2026-08-19 13:00:00,karup,15.815,170.0,4.64,2.285,991.943,91.755,91.6667
1787140800,2026-08-19 12:00:00,2026-08-19 14:00:00,karup,15.765,220.0,4.76,0.5,991.446,92.27,87.5
1787144400,2026-08-19 13:00:00,2026-08-19 15:00:00,karup,17.225,569.0,5.555,0.24,991.078,85.205,87.5
1787148000,2026-08-19 14:00:00,2026-08-19 16:00:00,karup,18.485,483.0,6.52,0.0,991.069,74.31,79.1667
1787151600,2026-08-19 15:00:00,2026-08-19 17:00:00,karup,17.85,440.0,6.65,0.5,991.129,76.76,25.8333
1787155200,2026-08-19 16:00:00,2026-08-19 18:00:00,karup,18.135,267.0,6.54,0.0,991.355,73.32,87.5
1787158800,2026-08-19 17:00:00,2026-08-19 19:00:00,karup,17.23,136.0,5.82,0.0,991.682,75.45,62.5
1787162400,2026-08-19 18:00:00,2026-08-19 20:00:00,karup,15.8,55.0,5.095,0.0,992.204,85.705,65.8333
1787166000,2026-08-19 19:00:00,2026-08-19 21:00:00,karup,14.885,9.0,4.1,0.0,992.763,90.77,93.3333
1787169600,2026-08-19 20:00:00,2026-08-19 22:00:00,karup,14.44,0.0,3.46,0.0,993.282,87.36,95.0
1787173200,2026-08-19 21:00:00,2026-08-19 23:00:00,karup,14.305,0.0,2.995,0.0,993.687,87.5,100.0
1787176800,2026-08-19 22:00:00,2026-08-20 00:00:00,karup,14.01,0.0,3.0,0.0,994.079,89.31,100.0
1787180400,2026-08-19 23:00:00,2026-08-20 01:00:00,karup,13.805,0.0,3.315,0.0,994.29,88.85,100.0
1787184000,2026-08-20 00:00:00,2026-08-20 02:00:00,karup,13.645,0.0,2.62,0.0,994.24,86.565,100.0
1787187600,2026-08-20 01:00:00,2026-08-20 03:00:00,karup,13.515,0.0,2.535,0.0,994.225,85.38,100.0
1787191200,2026-08-20 02:00:00,2026-08-20 04:00:00,karup,13.27,0.0,2.44,0.0,994.603,88.28,100.0
1787194800,2026-08-20 03:00:00,2026-08-20 05:00:00,karup,13.125,0.0,2.06,0.0,994.746,88.71,52.5
1787198400,2026-08-20 04:00:00,2026-08-20 06:00:00,karup,11.955,0.0,2.045,0.0,995.046,92.735,17.5
1787202000,2026-08-20 05:00:00,2026-08-20 07:00:00,karup,10.925,25.0,1.835,0.0,995.458,95.77,34.1667
1787205600,2026-08-20 06:00:00,2026-08-20 08:00:00,karup,12.105,125.0,2.08,0.0,995.724,94.39,20.8333
1787209200,2026-08-20 07:00:00,2026-08-20 09:00:00,karup,14.455,182.0,2.775,0.0,996.028,83.35,91.6667
1787212800,2026-08-20 08:00:00,2026-08-20 10:00:00,karup,14.985,152.0,3.01,0.0,996.347,81.075,47.5
1787216400,2026-08-20 09:00:00,2026-08-20 11:00:00,karup,15.35,389.0,2.275,0.0,996.389,85.19,65.8333
1787220000,2026-08-20 10:00:00,2026-08-20 12:00:00,karup,17.48,621.0,2.69,0.0,996.41,72.45,73.3333
1787223600,2026-08-20 11:00:00,2026-08-20 13:00:00,karup,18.075,379.0,3.075,0.0,996.572,66.97,93.3333
1787227200,2026-08-20 12:00:00,2026-08-20 14:00:00,karup,16.375,299.0,2.84,1.66,996.685,80.655,67.5
1787230800,2026-08-20 13:00:00,2026-08-20 15:00:00,karup,17.395,387.0,2.045,0.0,996.622,73.81,89.1667
1787234400,2026-08-20 14:00:00,2026-08-20 16:00:00,karup,17.31,494.0,2.905,3.65,996.724,77.305,90.0
1787238000,2026-08-20 15:00:00,2026-08-20 17:00:00,karup,17.17,141.0,2.18,0.055,996.654,81.645,85.0
1787241600,2026-08-20 16:00:00,2026-08-20 18:00:00,karup,17.165,261.0,2.48,0.0,996.573,80.47,87.5
1787245200,2026-08-20 17:00:00,2026-08-20 19:00:00,karup,17.72,137.0,1.825,0.05,996.585,76.915,90.0
1787248800,2026-08-20 18:00:00,2026-08-20 20:00:00,karup,16.43,70.0,2.7,1.3,996.809,85.43,95.0
1787252400,2026-08-20 19:00:00,2026-08-20 21:00:00,karup,15.605,7.0,1.33,0.0,997.042,89.965,96.6667
1787256000,2026-08-20 20:00:00,2026-08-20 22:00:00,karup,14.845,0.0,1.105,0.0,997.203,92.19,62.5
1787259600,2026-08-20 21:00:00,2026-08-20 23:00:00,karup,13.22,0.0,0.515,0.0,997.376,94.305,41.6667
1787263200,2026-08-20 22:00:00,2026-08-21 00:00:00,karup,11.91,0.0,0.515,0.0,997.458,97.825,71.6667
1787266800,2026-08-20 23:00:00,2026-08-21 01:00:00,karup,11.145,0.0,0.77,0.0,997.57,99.11,90.0
1787270400,2026-08-21 00:00:00,2026-08-21 02:00:00,karup,11.53,0.0,0.77,0.0,997.472,99.295,80.0
1787274000,2026-08-21 01:00:00,2026-08-21 03:00:00,karup,11.39,0.0,0.515,0.0,997.709,97.765,98.3333
1787277600,2026-08-21 02:00:00,2026-08-21 04:00:00,karup,11.43,0.0,1.03,0.0,997.813,99.015,100.0
1787281200,2026-08-21 03:00:00,2026-08-21 05:00:00,karup,11.555,0.0,1.06,0.0,998.053,98.485,55.8333
1787284800,2026-08-21 04:00:00,2026-08-21 06:00:00,karup,11.325,0.0,0.77,0.0,998.343,98.03,18.3333
1787288400,2026-08-21 05:00:00,2026-08-21 07:00:00,karup,11.18,18.0,1.285,0.0,998.557,98.45,0.0
1787292000,2026-08-21 06:00:00,2026-08-21 08:00:00,karup,12.18,128.0,1.625,0.0,998.685,96.285,0.0
1787295600,2026-08-21 07:00:00,2026-08-21 09:00:00,karup,14.245,256.0,2.775,0.0,998.915,85.305,25.0
1787299200,2026-08-21 08:00:00,2026-08-21 10:00:00,karup,15.74,376.0,4.465,0.0,999.271,74.64,28.3333
1787302800,2026-08-21 09:00:00,2026-08-21 11:00:00,karup,16.53,378.0,4.895,0.0,999.709,65.715,35.0
1787306400,2026-08-21 10:00:00,2026-08-21 12:00:00,karup,17.405,494.0,5.625,0.0,1000.07,56.935,32.5
1787310000,2026-08-21 11:00:00,2026-08-21 13:00:00,karup,18.105,527.0,6.11,0.0,1000.55,53.685,43.3333
1787313600,2026-08-21 12:00:00,2026-08-21 14:00:00,karup,18.465,501.0,6.485,0.0,1000.52,51.015,37.5
1787317200,2026-08-21 13:00:00,2026-08-21 15:00:00,karup,18.735,577.0,6.81,0.0,1000.96,52.205,43.3333
1787320800,2026-08-21 14:00:00,2026-08-21 16:00:00,karup,18.225,452.0,6.505,0.0,1001.34,58.845,90.0
1787324400,2026-08-21 15:00:00,2026-08-21 17:00:00,karup,17.5,272.0,6.14,0.0,1001.32,63.605,80.0
1787328000,2026-08-21 16:00:00,2026-08-21 18:00:00,karup,17.455,343.0,6.115,0.0,1001.66,62.72,78.3333
1787331600,2026-08-21 17:00:00,2026-08-21 19:00:00,karup,16.845,164.0,5.605,0.05,1002.06,64.84,47.5
1787335200,2026-08-21 18:00:00,2026-08-21 20:00:00,karup,16.03,135.0,4.72,0.0,1002.47,68.445,28.3333
1787338800,2026-08-21 19:00:00,2026-08-21 21:00:00,karup,14.695,18.0,3.82,0.0,1002.86,76.935,43.3333
1787342400,2026-08-21 20:00:00,2026-08-21 22:00:00,karup,13.555,0.0,3.375,0.0,1002.99,84.17,25.0
1787346000,2026-08-21 21:00:00,2026-08-21 23:00:00,karup,12.89,0.0,2.8,0.0,1002.92,88.755,32.5
1787349600,2026-08-21 22:00:00,2026-08-22 00:00:00,karup,12.44,0.0,2.935,0.0,1002.83,90.35,17.5
1787353200,2026-08-21 23:00:00,2026-08-22 01:00:00,karup,11.855,0.0,3.24,0.0,1002.37,90.705,0.0
1787356800,2026-08-22 00:00:00,2026-08-22 02:00:00,karup,11.32,0.0,3.355,0.0,1002.2,90.5,30.8333
1787360400,2026-08-22 01:00:00,2026-08-22 03:00:00,karup,11.095,0.0,3.0,0.0,1002.14,90.46,3.33333
1787364000,2026-08-22 02:00:00,2026-08-22 04:00:00,karup,11.195,0.0,3.405,0.0,1001.89,92.605,50.0
1787367600,2026-08-22 03:00:00,2026-08-22 05:00:00,karup,12.135,0.0,3.925,0.0,1001.76,90.995,90.0
1787371200,2026-08-22 04:00:00,2026-08-22 06:00:00,karup,12.775,0.0,4.595,0.0,1001.99,87.46,90.0
1787374800,2026-08-22 05:00:00,2026-08-22 07:00:00,karup,12.695,10.0,4.62,0.0,1001.94,88.285,90.0
1787378400,2026-08-22 06:00:00,2026-08-22 08:00:00,karup,13.36,102.0,5.665,0.0,1001.86,85.475,83.3333
1787382000,2026-08-22 07:00:00,2026-08-22 09:00:00,karup,14.305,268.0,5.545,0.0,1001.9,79.645,65.0
1787385600,2026-08-22 08:00:00,2026-08-22 10:00:00,karup,15.165,272.0,6.12,0.0,1001.99,74.19,87.5
1787389200,2026-08-22 09:00:00,2026-08-22 11:00:00,karup,15.81,292.0,5.925,0.0,1002.26,70.885,82.5
1787392800,2026-08-22 10:00:00,2026-08-22 12:00:00,karup,16.665,392.0,5.815,0.0,1002.51,66.735,80.0
1787396400,2026-08-22 11:00:00,2026-08-22 13:00:00,karup,17.54,462.0,6.16,0.0,1003.02,62.215,66.6667
1787400000,2026-08-22 12:00:00,2026-08-22 14:00:00,karup,17.985,411.0,6.24,0.0,1003.45,59.9,27.5
1787403600,2026-08-22 13:00:00,2026-08-22 15:00:00,karup,18.48,539.0,6.81,0.0,1003.77,56.335,40.0
1787407200,2026-08-22 14:00:00,2026-08-22 16:00:00,karup,18.46,348.0,6.84,0.0,1004.17,55.945,30.0
1787410800,2026-08-22 15:00:00,2026-08-22 17:00:00,karup,18.115,453.0,7.53,0.0,1004.54,58.665,40.8333
1787414400,2026-08-22 16:00:00,2026-08-22 18:00:00,karup,17.35,416.0,6.97,0.0,1005.03,64.73,82.5
1787418000,2026-08-22 17:00:00,2026-08-22 19:00:00,karup,15.97,130.0,7.09,0.0,1005.44,72.41,90.0
1787421600,2026-08-22 18:00:00,2026-08-22 20:00:00,karup,14.665,42.0,6.14,0.0,1005.79,84.13,100.0
1787425200,2026-08-22 19:00:00,2026-08-22 21:00:00,karup,13.905,5.0,5.64,0.0,1006.17,88.695,91.6667
1787428800,2026-08-22 20:00:00,2026-08-22 22:00:00,karup,13.475,0.0,5.855,0.0,1006.38,89.06,95.0
1787432400,2026-08-22 21:00:00,2026-08-22 23:00:00,karup,13.4,0.0,5.85,0.0,1006.43,88.375,95.0
1787436000,2026-08-22 22:00:00,2026-08-23 00:00:00,karup,13.385,0.0,5.745,0.0,1006.52,86.8,90.0
1787439600,2026-08-22 23:00:00,2026-08-23 01:00:00,karup,13.325,0.0,5.565,0.0,1006.35,88.29,96.6667
1787443200,2026-08-23 00:00:00,2026-08-23 02:00:00,karup,13.525,0.0,5.93,0.0,1006.41,87.37,93.3333
1787446800,2026-08-23 01:00:00,2026-08-23 03:00:00,karup,13.675,0.0,5.885,0.0,1006.64,85.74,93.3333
1787450400,2026-08-23 02:00:00,2026-08-23 04:00:00,karup,13.61,0.0,5.09,0.0,1006.79,88.265,90.0
1787454000,2026-08-23 03:00:00,2026-08-23 05:00:00,karup,13.36,0.0,4.365,0.0,1006.89,90.385,90.0
1787457600,2026-08-23 04:00:00,2026-08-23 06:00:00,karup,13.15,0.0,4.28,0.0,1007.19,91.72,87.5
1787461200,2026-08-23 05:00:00,2026-08-23 07:00:00,karup,13.19,5.0,3.73,0.0,1007.47,91.985,90.0
1787464800,2026-08-23 06:00:00,2026-08-23 08:00:00,karup,13.69,15.0,4.28,0.0,1007.97,91.475,90.0
1787468400,2026-08-23 07:00:00,2026-08-23 09:00:00,karup,14.63,65.0,4.795,0.0,1008.52,89.775,90.0
1787472000,2026-08-23 08:00:00,2026-08-23 10:00:00,karup,15.255,150.0,4.95,0.0,1009.0,85.55,90.0
1787475600,2026-08-23 09:00:00,2026-08-23 11:00:00,karup,16.35,298.0,4.915,0.0,1009.08,78.805,87.5
1787479200,2026-08-23 10:00:00,2026-08-23 12:00:00,karup,17.05,442.0,5.63,0.8,1009.29,76.94,77.5
1787482800,2026-08-23 11:00:00,2026-08-23 13:00:00,karup,17.33,274.0,5.525,0.3,1009.65,76.235,82.5
1787486400,2026-08-23 12:00:00,2026-08-23 14:00:00,karup,17.99,489.0,6.4,0.4,1010.04,70.295,54.1667
1787490000,2026-08-23 13:00:00,2026-08-23 15:00:00,karup,18.555,327.0,6.235,0.0,1010.35,65.94,60.8333
1787493600,2026-08-23 14:00:00,2026-08-23 16:00:00,karup,19.17,375.0,6.17,0.0,1010.77,59.605,65.0
1787497200,2026-08-23 15:00:00,2026-08-23 17:00:00,karup,18.98,337.0,6.15,0.0,1011.34,59.39,28.3333
1787500800,2026-08-23 16:00:00,2026-08-23 18:00:00,karup,18.315,234.0,5.425,0.0,1011.68,63.685,0.0
1787504400,2026-08-23 17:00:00,2026-08-23 19:00:00,karup,17.15,126.0,4.885,0.0,1011.97,71.295,0.0
1787508000,2026-08-23 18:00:00,2026-08-23 20:00:00,karup,16.18,59.0,4.395,0.0,1012.33,76.155,0.0
1787511600,2026-08-23 19:00:00,2026-08-23 21:00:00,karup,14.835,10.0,3.715,0.0,1012.95,81.705,26.6667
1787515200,2026-08-23 20:00:00,2026-08-23 22:00:00,karup,13.275,0.0,3.2,0.0,1013.26,88.79,87.5
1787518800,2026-08-23 21:00:00,2026-08-23 23:00:00,karup,12.895,0.0,3.03,0.0,1013.34,89.64,8.33333
1787522400,2026-08-23 22:00:00,2026-08-24 00:00:00,karup,12.105,0.0,2.445,0.0,1013.42,91.365,5.0
1787526000,2026-08-23 23:00:00,2026-08-24 01:00:00,karup,11.175,0.0,2.35,0.0,1013.47,93.76,1.66667
1787529600,2026-08-24 00:00:00,2026-08-24 02:00:00,karup,10.41,0.0,1.72,0.0,1013.6,94.625,9.16667
1787533200,2026-08-24 01:00:00,2026-08-24 03:00:00,karup,9.84,0.0,2.11,0.0,1013.74,95.685,10.0
1787536800,2026-08-24 02:00:00,2026-08-24 04:00:00,karup,9.935,0.0,1.825,0.0,1013.9,97.01,0.0
1787540400,2026-08-24 03:00:00,2026-08-24 05:00:00,karup,9.39,0.0,1.86,0.0,1014.17,97.62,0.0
1787544000,2026-08-24 04:00:00,2026-08-24 06:00:00,karup,8.55,0.0,1.565,0.0,1014.25,98.54,65.8333
1787547600,2026-08-24 05:00:00,2026-08-24 07:00:00,karup,7.65,13.0,1.095,0.0,1014.52,99.155,8.33333
1787551200,2026-08-24 06:00:00,2026-08-24 08:00:00,karup,9.45,112.0,1.105,0.0,1014.69,99.115,0.0
1787554800,2026-08-24 07:00:00,2026-08-24 09:00:00,karup,12.84,267.0,1.36,0.0,1015.0,91.865,0.0
1787558400,2026-08-24 08:00:00,2026-08-24 10:00:00,karup,15.26,412.0,2.12,0.0,1015.23,77.6,0.0
1787562000,2026-08-24 09:00:00,2026-08-24 11:00:00,karup,16.625,527.0,2.205,0.0,1015.22,69.85,0.0
1787565600,2026-08-24 10:00:00,2026-08-24 12:00:00,karup,18.0,632.0,1.995,0.0,1015.14,60.915,0.0
1787569200,2026-08-24 11:00:00,2026-08-24 13:00:00,karup,19.375,692.0,2.18,0.0,1015.12,52.52,0.0
1787572800,2026-08-24 12:00:00,2026-08-24 14:00:00,karup,20.485,712.0,1.95,0.0,1014.99,45.68,8.33333
1787576400,2026-08-24 13:00:00,2026-08-24 15:00:00,karup,21.28,686.0,2.22,0.0,1014.82,43.865,50.0
1787580000,2026-08-24 14:00:00,2026-08-24 16:00:00,karup,21.94,622.0,1.72,0.0,1014.65,42.35,0.0
1787583600,2026-08-24 15:00:00,2026-08-24 17:00:00,karup,21.95,512.0,2.105,0.0,1014.48,43.7,0.0
1787587200,2026-08-24 16:00:00,2026-08-24 18:00:00,karup,21.325,382.0,3.125,0.0,1014.18,47.275,0.0
1787590800,2026-08-24 17:00:00,2026-08-24 19:00:00,karup,20.64,235.0,3.175,0.0,1013.98,50.17,0.0
1787594400,2026-08-24 18:00:00,2026-08-24 20:00:00,karup,19.49,96.0,2.505,0.0,1014.2,55.33,0.0
1787598000,2026-08-24 19:00:00,2026-08-24 21:00:00,karup,16.48,7.0,2.13,0.0,1014.61,68.505,0.0
1787601600,2026-08-24 20:00:00,2026-08-24 22:00:00,karup,14.245,0.0,1.68,0.0,1014.77,79.095,0.0
1787605200,2026-08-24 21:00:00,2026-08-24 23:00:00,karup,12.44,0.0,1.075,0.0,1014.9,87.735,0.0
1787608800,2026-08-24 22:00:00,2026-08-25 00:00:00,karup,10.95,0.0,0.81,0.0,1014.83,92.99,0.0
1787612400,2026-08-24 23:00:00,2026-08-25 01:00:00,karup,9.915,0.0,0.515,0.0,1014.67,95.73,0.0
1787616000,2026-08-25 00:00:00,2026-08-25 02:00:00,karup,9.21,0.0,0.255,0.0,1014.54,95.775,4.16667
1787619600,2026-08-25 01:00:00,2026-08-25 03:00:00,karup,8.28,0.0,0.095,0.0,1014.44,95.98,0.0
1787623200,2026-08-25 02:00:00,2026-08-25 04:00:00,karup,7.64,0.0,0.075,0.0,1014.44,97.545,0.0
1787626800,2026-08-25 03:00:00,2026-08-25 05:00:00,karup,6.98,0.0,0.54,0.0,1014.45,98.955,0.0
1787630400,2026-08-25 04:00:00,2026-08-25 06:00:00,karup,6.62,0.0,0.11,0.0,1014.52,100.2,0.0
1787634000,2026-08-25 05:00:00,2026-08-25 07:00:00,karup,6.545,12.0,1.01,0.0,1014.66,100.275,8.33333
1787637600,2026-08-25 06:00:00,2026-08-25 08:00:00,karup,9.75,116.0,0.73,0.0,1014.66,99.555,0.0
1787641200,2026-08-25 07:00:00,2026-08-25 09:00:00,karup,13.64,261.0,1.12,0.0,1014.74,90.025,0.0
1787644800,2026-08-25 08:00:00,2026-08-25 10:00:00,karup,17.47,404.0,2.21,0.0,1014.75,65.435,0.0
1787648400,2026-08-25 09:00:00,2026-08-25 11:00:00,karup,19.985,526.0,2.81,0.0,1014.74,48.855,0.0
1787652000,2026-08-25 10:00:00,2026-08-25 12:00:00,karup,20.835,622.0,3.605,0.0,1014.61,45.76,0.0
1787655600,2026-08-25 11:00:00,2026-08-25 13:00:00,karup,21.635,683.0,3.565,0.0,1014.35,40.13,0.0
1787659200,2026-08-25 12:00:00,2026-08-25 14:00:00,karup,22.51,703.0,3.245,0.0,1014.26,37.97,0.0
1787662800,2026-08-25 13:00:00,2026-08-25 15:00:00,karup,23.225,683.0,3.415,0.0,1014.02,37.74,1.66667
1787666400,2026-08-25 14:00:00,2026-08-25 16:00:00,karup,23.465,584.0,3.045,0.0,1013.92,38.205,28.3333
1787670000,2026-08-25 15:00:00,2026-08-25 17:00:00,karup,23.37,461.0,3.755,0.0,1013.85,40.055,18.3333
1787673600,2026-08-25 16:00:00,2026-08-25 18:00:00,karup,23.07,379.0,3.57,0.0,1013.75,38.0,0.0
1787677200,2026-08-25 17:00:00,2026-08-25 19:00:00,karup,22.425,234.0,3.965,0.0,1013.94,39.325,0.0
1787680800,2026-08-25 18:00:00,2026-08-25 20:00:00,karup,21.005,96.0,3.655,0.0,1014.45,44.59,0.0
1787684400,2026-08-25 19:00:00,2026-08-25 21:00:00,karup,18.435,3.0,2.245,0.0,1015.09,53.91,0.0
1787688000,2026-08-25 20:00:00,2026-08-25 22:00:00,karup,14.78,0.0,2.265,0.0,1015.45,67.83,0.0
1787691600,2026-08-25 21:00:00,2026-08-25 23:00:00,karup,13.925,0.0,2.245,0.0,1015.56,73.005,0.0
1787695200,2026-08-25 22:00:00,2026-08-26 00:00:00,karup,12.885,0.0,2.205,0.0,1015.84,79.57,0.0
1787698800,2026-08-25 23:00:00,2026-08-26 01:00:00,karup,11.8,0.0,2.155,0.0,1015.97,85.06,0.0
1787702400,2026-08-26 00:00:00,2026-08-26 02:00:00,karup,11.185,0.0,1.765,0.0,1015.99,88.145,0.0
1787706000,2026-08-26 01:00:00,2026-08-26 03:00:00,karup,10.79,0.0,1.785,0.0,1016.11,90.835,0.0
1787709600,2026-08-26 02:00:00,2026-08-26 04:00:00,karup,10.135,0.0,1.76,0.0,1016.29,93.26,0.0
1787713200,2026-08-26 03:00:00,2026-08-26 05:00:00,karup,9.93,0.0,2.035,0.0,1016.33,95.485,0.0
1787716800,2026-08-26 04:00:00,2026-08-26 06:00:00,karup,9.83,0.0,2.095,0.0,1016.33,97.24,0.0
1787720400,2026-08-26 05:00:00,2026-08-26 07:00:00,karup,10.16,14.0,1.635,0.0,1016.51,98.325,0.0
1787724000,2026-08-26 06:00:00,2026-08-26 08:00:00,karup,11.885,115.0,1.53,0.0,1016.71,95.76,0.0
1787727600,2026-08-26 07:00:00,2026-08-26 09:00:00,karup,15.76,257.0,2.325,0.0,1016.93,79.325,0.0
1787731200,2026-08-26 08:00:00,2026-08-26 10:00:00,karup,18.57,398.0,3.405,0.0,1017.28,64.345,0.0
1787734800,2026-08-26 09:00:00,2026-08-26 11:00:00,karup,20.45,522.0,3.965,0.0,1017.36,54.81,0.0
1787738400,2026-08-26 10:00:00,2026-08-26 12:00:00,karup,22.035,617.0,4.805,0.0,1017.2,43.75,0.0
1787742000,2026-08-26 11:00:00,2026-08-26 13:00:00,karup,22.905,679.0,5.32,0.0,1017.06,40.15,0.0
1787745600,2026-08-26 12:00:00,2026-08-26 14:00:00,karup,23.51,701.0,5.415,0.0,1016.78,38.82,1.66667
1787749200,2026-08-26 13:00:00,2026-08-26 15:00:00,karup,23.51,621.0,5.585,0.0,1016.56,41.25,3.33333
1787752800,2026-08-26 14:00:00,2026-08-26 16:00:00,karup,23.44,476.0,5.785,0.0,1016.49,41.205,0.0
1787756400,2026-08-26 15:00:00,2026-08-26 17:00:00,karup,22.91,369.0,5.245,0.0,1016.31,43.96,3.33333
1787760000,2026-08-26 16:00:00,2026-08-26 18:00:00,karup,22.66,375.0,5.275,0.0,1016.16,47.445,20.8333
1787763600,2026-08-26 17:00:00,2026-08-26 19:00:00,karup,21.965,217.0,5.165,0.0,1016.17,50.155,5.0
1787767200,2026-08-26 18:00:00,2026-08-26 20:00:00,karup,20.715,87.0,4.045,0.0,1016.4,54.605,0.0
1787770800,2026-08-26 19:00:00,2026-08-26 21:00:00,karup,18.87,2.0,3.37,0.0,1016.71,61.995,0.0
1787774400,2026-08-26 20:00:00,2026-08-26 22:00:00,karup,17.025,0.0,2.535,0.0,1016.85,70.365,0.0
1787778000,2026-08-26 21:00:00,2026-08-26 23:00:00,karup,15.565,0.0,2.055,0.0,1016.99,78.665,0.0
1787781600,2026-08-26 22:00:00,2026-08-27 00:00:00,karup,14.24,0.0,2.1,0.0,1017.04,86.1,0.0
1787785200,2026-08-26 23:00:00,2026-08-27 01:00:00,karup,13.72,0.0,2.26,0.0,1016.86,89.765,0.0
1787788800,2026-08-27 00:00:00,2026-08-27 02:00:00,karup,13.835,0.0,2.585,0.0,1016.61,89.255,0.0
1787792400,2026-08-27 01:00:00,2026-08-27 03:00:00,karup,13.355,0.0,2.63,0.0,1016.42,91.055,22.5
1787796000,2026-08-27 02:00:00,2026-08-27 04:00:00,karup,13.215,0.0,3.27,0.0,1016.28,93.08,90.8333
1787799600,2026-08-27 03:00:00,2026-08-27 05:00:00,karup,13.32,0.0,3.365,0.0,1015.86,94.255,8.33333
1787803200,2026-08-27 04:00:00,2026-08-27 06:00:00,karup,13.29,0.0,3.715,0.0,1015.56,95.9,0.0
1787806800,2026-08-27 05:00:00,2026-08-27 07:00:00,karup,13.3,9.0,3.945,0.05,1015.49,96.98,0.0
1787810400,2026-08-27 06:00:00,2026-08-27 08:00:00,karup,14.13,80.0,3.905,0.025,1015.45,94.77,22.5
1787814000,2026-08-27 07:00:00,2026-08-27 09:00:00,karup,15.43,117.0,4.715,0.0,1015.42,90.12,91.6667
1787817600,2026-08-27 08:00:00,2026-08-27 10:00:00,karup,16.635,210.0,5.21,0.0,1015.18,83.695,89.1667
1787821200,2026-08-27 09:00:00,2026-08-27 11:00:00,karup,17.785,370.0,5.945,0.0,1014.58,76.12,25.0
1787824800,2026-08-27 10:00:00,2026-08-27 12:00:00,karup,19.105,526.0,5.96,0.0,1014.03,69.99,6.66667
1787828400,2026-08-27 11:00:00,2026-08-27 13:00:00,karup,20.49,618.0,6.215,0.0,1013.36,64.065,15.8333
1787832000,2026-08-27 12:00:00,2026-08-27 14:00:00,karup,21.515,683.0,6.53,0.0,1012.75,57.46,70.0
1787835600,2026-08-27 13:00:00,2026-08-27 15:00:00,karup,21.76,625.0,7.36,0.0,1011.93,53.04,59.1667
1787839200,2026-08-27 14:00:00,2026-08-27 16:00:00,karup,22.135,581.0,7.745,0.0,1011.61,48.995,43.3333
1787842800,2026-08-27 15:00:00,2026-08-27 17:00:00,karup,22.005,377.0,7.44,0.0,1010.96,49.88,13.3333
1787846400,2026-08-27 16:00:00,2026-08-27 18:00:00,karup,21.605,310.0,7.9,0.0,1010.63,51.2,0.0
1787850000,2026-08-27 17:00:00,2026-08-27 19:00:00,karup,20.935,179.0,7.145,0.0,1010.13,53.07,8.33333
1787853600,2026-08-27 18:00:00,2026-08-27 20:00:00,karup,19.855,27.0,6.475,0.0,1009.77,54.98,87.5
1787857200,2026-08-27 19:00:00,2026-08-27 21:00:00,karup,19.07,0.0,5.705,0.0,1009.51,57.855,95.0
1787860800,2026-08-27 20:00:00,2026-08-27 22:00:00,karup,18.47,0.0,5.815,0.0,1009.58,61.71,98.3333
1787864400,2026-08-27 21:00:00,2026-08-27 23:00:00,karup,17.745,0.0,5.6,0.585,1009.75,67.015,100.0
1787868000,2026-08-27 22:00:00,2026-08-28 00:00:00,karup,15.82,0.0,4.315,2.94,1008.65,86.905,100.0
1787871600,2026-08-27 23:00:00,2026-08-28 01:00:00,karup,15.615,0.0,5.105,1.14,1007.6,91.625,95.0
1787875200,2026-08-28 00:00:00,2026-08-28 02:00:00,karup,15.8,0.0,5.835,0.51,1006.63,90.655,98.3333
1787878800,2026-08-28 01:00:00,2026-08-28 03:00:00,karup,16.005,0.0,5.515,0.05,1005.52,89.645,87.5
1787882400,2026-08-28 02:00:00,2026-08-28 04:00:00,karup,15.9,,6.17,0.0,1004.54,89.4,93.3333
1787886000,2026-08-28 03:00:00,2026-08-28 05:00:00,karup,16.72,0.0,6.005,0.0,1003.43,84.55,96.6667
1787889600,2026-08-28 04:00:00,2026-08-28 06:00:00,karup,16.98,0.0,5.535,0.0,1002.32,81.715,90.0
1787893200,2026-08-28 05:00:00,2026-08-28 07:00:00,karup,17.34,0.0,6.605,0.0,1001.46,78.655,100.0
1787896800,2026-08-28 06:00:00,2026-08-28 08:00:00,karup,17.565,13.0,6.15,0.0,1000.5,76.97,95.0
1787900400,2026-08-28 07:00:00,2026-08-28 09:00:00,karup,17.655,23.0,5.88,0.0,1000.15,76.43,100.0
1787904000,2026-08-28 08:00:00,2026-08-28 10:00:00,karup,17.215,25.0,4.68,0.1,999.838,81.07,100.0
1787907600,2026-08-28 09:00:00,2026-08-28 11:00:00,karup,17.145,42.0,5.38,0.1,999.297,83.825,95.0
1787911200,2026-08-28 10:00:00,2026-08-28 12:00:00,karup,17.345,81.0,4.695,0.0,999.423,84.055,100.0
1787914800,2026-08-28 11:00:00,2026-08-28 13:00:00,karup,17.735,34.0,5.045,0.0,999.05,82.53,100.0
1787918400,2026-08-28 12:00:00,2026-08-28 14:00:00,karup,17.61,64.0,4.46,0.0,998.679,85.095,100.0
1787922000,2026-08-28 13:00:00,2026-08-28 15:00:00,karup,17.755,59.0,3.575,0.0,999.102,88.53,100.0
1787925600,2026-08-28 14:00:00,2026-08-28 16:00:00,karup,18.185,75.0,3.535,0.0,998.614,90.64,100.0
1787929200,2026-08-28 15:00:00,2026-08-28 17:00:00,karup,18.395,64.0,3.195,0.05,998.171,92.47,100.0
1787932800,2026-08-28 16:00:00,2026-08-28 18:00:00,karup,18.205,27.0,1.795,0.31,998.06,95.81,100.0
1787936400,2026-08-28 17:00:00,2026-08-28 19:00:00,karup,18.145,32.0,1.7,0.84,997.415,97.965,96.6667
1787940000,2026-08-28 18:00:00,2026-08-28 20:00:00,karup,17.95,32.0,1.68,0.355,997.463,99.11,93.3333
1787943600,2026-08-28 19:00:00,2026-08-28 21:00:00,karup,17.715,4.0,2.105,0.0,997.505,98.895,87.5
1787947200,2026-08-28 20:00:00,2026-08-28 22:00:00,karup,17.01,0.0,1.65,0.0,997.554,98.265,74.1667
1787950800,2026-08-28 21:00:00,2026-08-28 23:00:00,karup,16.51,0.0,1.71,0.0,997.472,98.74,87.5
1787954400,2026-08-28 22:00:00,2026-08-29 00:00:00,karup,16.67,0.0,2.905,0.0,997.401,98.75,91.6667
1787958000,2026-08-28 23:00:00,2026-08-29 01:00:00,karup,16.805,0.0,3.45,0.0,997.104,98.685,90.0
1787961600,2026-08-29 00:00:00,2026-08-29 02:00:00,karup,16.95,0.0,3.6,0.0,996.748,97.51,85.0
1787965200,2026-08-29 01:00:00,2026-08-29 03:00:00,karup,16.615,0.0,3.77,0.04,996.413,97.53,85.0
1787968800,2026-08-29 02:00:00,2026-08-29 04:00:00,karup,16.12,0.0,3.94,0.0,996.16,97.4,90.0
1787972400,2026-08-29 03:00:00,2026-08-29 05:00:00,karup,15.875,0.0,4.49,0.0,995.743,97.405,98.3333
1787976000,2026-08-29 04:00:00,2026-08-29 06:00:00,karup,16.03,0.0,4.385,0.78,995.427,97.06,100.0
1787979600,2026-08-29 05:00:00,2026-08-29 07:00:00,karup,16.06,0.0,4.62,0.94,995.264,98.02,95.0
1787983200,2026-08-29 06:00:00,2026-08-29 08:00:00,karup,16.47,39.0,4.01,0.35,995.419,97.79,90.0
1787986800,2026-08-29 07:00:00,2026-08-29 09:00:00,karup,16.88,55.0,4.085,0.235,995.652,97.165,90.0
1787990400,2026-08-29 08:00:00,2026-08-29 10:00:00,karup,17.23,110.0,3.92,0.785,995.999,96.515,90.0
1787994000,2026-08-29 09:00:00,2026-08-29 11:00:00,karup,17.89,200.0,4.77,0.19,996.192,92.995,90.0
1787997600,2026-08-29 10:00:00,2026-08-29 12:00:00,karup,18.665,320.0,5.56,0.0,996.38,87.22,80.0
1788001200,2026-08-29 11:00:00,2026-08-29 13:00:00,karup,19.465,238.0,6.055,0.065,996.794,79.015,90.0
1788004800,2026-08-29 12:00:00,2026-08-29 14:00:00,karup,18.975,268.0,6.465,0.015,997.238,79.005,90.0
1788008400,2026-08-29 13:00:00,2026-08-29 15:00:00,karup,19.31,459.0,6.735,0.0,997.365,75.44,93.3333
1788012000,2026-08-29 14:00:00,2026-08-29 16:00:00,karup,19.675,320.0,6.79,0.0,997.743,72.035,90.0
1788015600,2026-08-29 15:00:00,2026-08-29 17:00:00,karup,18.04,141.0,6.17,0.05,997.968,82.48,93.3333
1788019200,2026-08-29 16:00:00,2026-08-29 18:00:00,karup,18.45,52.0,5.525,0.0,998.129,79.55,88.3333
1788022800,2026-08-29 17:00:00,2026-08-29 19:00:00,karup,18.26,33.0,5.32,0.0,998.242,80.515,90.0
1788026400,2026-08-29 18:00:00,2026-08-29 20:00:00,karup,17.755,22.0,4.395,0.0,998.372,84.345,90.0
1788030000,2026-08-29 19:00:00,2026-08-29 21:00:00,karup,17.17,0.0,4.05,0.0,998.645,86.845,89.1667
1788033600,2026-08-29 20:00:00,2026-08-29 22:00:00,karup,16.35,0.0,2.655,0.0,998.722,90.4,45.0
1788037200,2026-08-29 21:00:00,2026-08-29 23:00:00,karup,15.63,0.0,2.235,0.0,998.475,93.91,50.8333
1788040800,2026-08-29 22:00:00,2026-08-30 00:00:00,karup,15.39,0.0,2.425,0.0,998.327,96.65,90.0
1788044400,2026-08-29 23:00:00,2026-08-30 01:00:00,karup,15.45,0.0,2.49,0.0,997.93,97.885,90.0
1788048000,2026-08-30 00:00:00,2026-08-30 02:00:00,karup,15.55,0.0,2.635,0.0,997.535,98.18,91.6667
1788051600,2026-08-30 01:00:00,2026-08-30 03:00:00,karup,15.86,0.0,2.84,0.025,997.032,98.89,98.3333
1788055200,2026-08-30 02:00:00,2026-08-30 04:00:00,karup,16.065,0.0,2.375,0.0,996.419,98.715,93.3333
1788058800,2026-08-30 03:00:00,2026-08-30 05:00:00,karup,16.0,0.0,1.875,0.0,995.83,97.915,100.0
1788062400,2026-08-30 04:00:00,2026-08-30 06:00:00,karup,15.815,0.0,1.715,0.18,995.149,97.885,100.0
1788066000,2026-08-30 05:00:00,2026-08-30 07:00:00,karup,15.69,0.0,1.37,0.3,994.677,99.195,100.0
1788069600,2026-08-30 06:00:00,2026-08-30 08:00:00,karup,15.905,11.0,1.48,0.045,994.457,99.685,100.0
1788073200,2026-08-30 07:00:00,2026-08-30 09:00:00,karup,16.275,21.0,1.505,0.17,994.368,99.84,100.0
1788076800,2026-08-30 08:00:00,2026-08-30 10:00:00,karup,16.675,91.0,1.0,0.155,994.408,99.86,100.0
1788080400,2026-08-30 09:00:00,2026-08-30 11:00:00,karup,17.435,233.0,0.565,0.035,994.602,98.155,96.6667
1788084000,2026-08-30 10:00:00,2026-08-30 12:00:00,karup,18.335,207.0,1.835,0.0,995.151,92.305,98.3333
1788087600,2026-08-30 11:00:00,2026-08-30 13:00:00,karup,17.245,114.0,4.345,0.47,996.079,95.45,95.0
1788091200,2026-08-30 12:00:00,2026-08-30 14:00:00,karup,16.595,202.0,4.385,0.5,996.919,96.975,96.6667
1788094800,2026-08-30 13:00:00,2026-08-30 15:00:00,karup,17.25,256.0,4.885,0.1,997.828,91.945,90.0
1788098400,2026-08-30 14:00:00,2026-08-30 16:00:00,karup,17.65,277.0,4.9,0.0,998.505,84.54,90.0
1788102000,2026-08-30 15:00:00,2026-08-30 17:00:00,karup,17.92,244.0,5.915,0.0,999.19,80.125,96.6667
1788105600,2026-08-30 16:00:00,2026-08-30 18:00:00,karup,17.47,118.0,5.595,0.0,999.769,80.785,95.0
1788109200,2026-08-30 17:00:00,2026-08-30 19:00:00,karup,17.17,65.0,5.515,0.0,1000.38,82.12,100.0
1788112800,2026-08-30 18:00:00,2026-08-30 20:00:00,karup,16.695,23.0,4.685,0.0,1000.95,82.99,100.0
1788116400,2026-08-30 19:00:00,2026-08-30 21:00:00,karup,16.27,0.0,3.525,0.0,1001.4,86.03,93.3333
1788120000,2026-08-30 20:00:00,2026-08-30 22:00:00,karup,15.89,0.0,3.14,0.0,1001.63,89.265,100.0
1788123600,2026-08-30 21:00:00,2026-08-30 23:00:00,karup,15.66,0.0,2.83,0.0,1001.7,92.395,100.0
1788127200,2026-08-30 22:00:00,2026-08-31 00:00:00,karup,15.46,0.0,2.135,0.0,1001.57,93.45,95.0
1788130800,2026-08-30 23:00:00,2026-08-31 01:00:00,karup,14.91,0.0,1.955,0.0,1001.47,95.14,44.1667
1788134400,2026-08-31 00:00:00,2026-08-31 02:00:00,karup,14.075,0.0,1.76,0.0,1001.45,96.59,60.8333
1788138000,2026-08-31 01:00:00,2026-08-31 03:00:00,karup,13.61,0.0,1.955,0.0,1001.03,98.795,90.0
1788141600,2026-08-31 02:00:00,2026-08-31 04:00:00,karup,13.395,0.0,2.135,0.0,1000.75,99.61,90.0
1788145200,2026-08-31 03:00:00,2026-08-31 05:00:00,karup,13.36,0.0,1.835,0.0,1000.44,99.875,82.5
1788148800,2026-08-31 04:00:00,2026-08-31 06:00:00,karup,12.23,0.0,1.225,0.0,1000.12,100.25,90.8333
1788152400,2026-08-31 05:00:00,2026-08-31 07:00:00,karup,12.995,2.0,1.52,0.0,999.734,100.185,93.3333
1788156000,2026-08-31 06:00:00,2026-08-31 08:00:00,karup,14.08,53.0,1.815,0.0,999.338,100.13,91.6667
1788159600,2026-08-31 07:00:00,2026-08-31 09:00:00,karup,15.125,102.0,2.505,0.0,999.051,98.72,93.3333
1788163200,2026-08-31 08:00:00,2026-08-31 10:00:00,karup,15.865,106.0,3.805,2.025,998.882,97.0,98.3333
1788166800,2026-08-31 09:00:00,2026-08-31 11:00:00,karup,16.07,109.0,2.93,1.475,998.812,97.925,90.0
1788170400,2026-08-31 10:00:00,2026-08-31 12:00:00,karup,16.075,159.0,3.115,1.44,998.698,93.81,95.0
1788174000,2026-08-31 11:00:00,2026-08-31 13:00:00,karup,16.235,274.0,2.99,0.0,998.52,90.555,91.6667
1788177600,2026-08-31 12:00:00,2026-08-31 14:00:00,karup,16.86,262.0,3.6,0.0,998.621,87.175,91.6667
1788181200,2026-08-31 13:00:00,2026-08-31 15:00:00,karup,17.36,327.0,3.855,0.15,998.717,84.765,90.0
1788184800,2026-08-31 14:00:00,2026-08-31 16:00:00,karup,17.52,229.0,3.535,0.095,998.847,83.605,90.0
1788188400,2026-08-31 15:00:00,2026-08-31 17:00:00,karup,17.94,294.0,2.495,0.01,998.846,82.105,98.3333
1788192000,2026-08-31 16:00:00,2026-08-31 18:00:00,karup,17.62,187.0,2.04,0.4,998.997,84.095,90.0
1788195600,2026-08-31 17:00:00,2026-08-31 19:00:00,karup,16.595,46.0,1.75,3.37,999.283,92.975,73.3333
1788199200,2026-08-31 18:00:00,2026-08-31 20:00:00,karup,16.225,33.0,1.47,0.34,999.813,92.68,51.6667
1788202800,2026-08-31 19:00:00,2026-08-31 21:00:00,karup,15.41,1.0,1.13,0.575,1000.36,95.96,43.3333
1788206400,2026-08-31 20:00:00,2026-08-31 22:00:00,karup,14.56,0.0,0.67,0.0,1000.76,98.015,1.66667
1788210000,2026-08-31 21:00:00,2026-08-31 23:00:00,karup,13.785,0.0,0.555,0.0,1001.19,99.675,75.8333
1788213600,2026-08-31 22:00:00,2026-09-01 00:00:00,karup,13.67,0.0,1.22,0.0,1001.42,100.12,98.3333
1788217200,2026-08-31 23:00:00,2026-09-01 01:00:00,karup,13.91,0.0,1.33,0.0,1001.66,99.9,98.3333
1788220800,2026-09-01 00:00:00,2026-09-01 02:00:00,karup,13.93,0.0,1.945,0.0,1001.95,98.45,56.6667
1788224400,2026-09-01 01:00:00,2026-09-01 03:00:00,karup,13.385,0.0,1.41,0.0,1002.39,99.52,14.1667
1788228000,2026-09-01 02:00:00,2026-09-01 04:00:00,karup,12.695,0.0,1.4,0.0,1002.75,99.715,12.5
1788231600,2026-09-01 03:00:00,2026-09-01 05:00:00,karup,12.425,0.0,1.22,0.0,1002.95,99.98,23.3333
1788235200,2026-09-01 04:00:00,2026-09-01 06:00:00,karup,12.27,0.0,1.55,0.0,1003.23,100.5,35.0
1788238800,2026-09-01 05:00:00,2026-09-01 07:00:00,karup,12.175,2.0,1.425,0.0,1003.57,100.52,90.0
1788242400,2026-09-01 06:00:00,2026-09-01 08:00:00,karup,12.89,41.0,1.255,0.0,1003.82,100.55,90.0
1788246000,2026-09-01 07:00:00,2026-09-01 09:00:00,karup,14.235,143.0,2.155,0.0,1004.18,100.395,85.0
1788249600,2026-09-01 08:00:00,2026-09-01 10:00:00,karup,15.71,284.0,2.86,0.0,1004.66,97.67,52.5
1788253200,2026-09-01 09:00:00,2026-09-01 11:00:00,karup,17.21,369.0,3.765,0.0,1004.85,85.73,60.8333
1788256800,2026-09-01 10:00:00,2026-09-01 12:00:00,karup,18.19,475.0,4.725,0.0,1005.23,76.51,56.6667
1788260400,2026-09-01 11:00:00,2026-09-01 13:00:00,karup,18.31,333.0,5.195,0.0,1005.62,74.245,65.0
1788264000,2026-09-01 12:00:00,2026-09-01 14:00:00,karup,18.345,205.0,5.165,0.0,1005.92,72.815,90.0
1788267600,2026-09-01 13:00:00,2026-09-01 15:00:00,karup,18.24,322.0,5.33,0.365,1006.17,74.645,87.5
1788271200,2026-09-01 14:00:00,2026-09-01 16:00:00,karup,18.41,382.0,5.995,0.0,1006.39,72.105,90.0
1788274800,2026-09-01 15:00:00,2026-09-01 17:00:00,karup,18.49,444.0,5.545,0.0,1006.65,70.64,90.0
1788278400,2026-09-01 16:00:00,2026-09-01 18:00:00,karup,18.035,213.0,5.38,0.0,1007.03,72.24,85.0
1788282000,2026-09-01 17:00:00,2026-09-01 19:00:00,karup,17.625,125.0,5.3,0.0,1007.35,74.01,82.5
1788285600,2026-09-01 18:00:00,2026-09-01 20:00:00,karup,16.635,39.0,5.255,0.0,1007.84,80.26,25.0
1788289200,2026-09-01 19:00:00,2026-09-01 21:00:00,karup,15.265,0.0,4.795,0.0,1008.29,85.295,29.1667
1788292800,2026-09-01 20:00:00,2026-09-01 22:00:00,karup,14.11,0.0,3.755,0.0,1008.31,86.605,31.6667
1788296400,2026-09-01 21:00:00,2026-09-01 23:00:00,karup,13.3,0.0,2.665,0.0,1008.13,90.225,57.5
1788300000,2026-09-01 22:00:00,2026-09-02 00:00:00,karup,13.28,0.0,3.085,0.0,1007.93,91.805,63.3333
1788303600,2026-09-01 23:00:00,2026-09-02 01:00:00,karup,13.365,0.0,3.405,0.0,1007.63,93.145,98.3333
1788307200,2026-09-02 00:00:00,2026-09-02 02:00:00,karup,13.515,0.0,2.8,0.145,1007.37,93.985,90.0
1788310800,2026-09-02 01:00:00,2026-09-02 03:00:00,karup,13.915,0.0,3.02,0.025,1007.19,97.255,90.0
1788314400,2026-09-02 02:00:00,2026-09-02 04:00:00,karup,14.495,0.0,3.19,0.455,1007.05,98.02,90.0
1788318000,2026-09-02 03:00:00,2026-09-02 05:00:00,karup,14.795,0.0,3.345,0.05,1006.85,97.97,80.0
1788321600,2026-09-02 04:00:00,2026-09-02 06:00:00,karup,14.795,0.0,2.545,0.0,1006.71,97.56,90.0
1788325200,2026-09-02 05:00:00,2026-09-02 07:00:00,karup,15.02,0.0,2.85,0.36,1006.84,97.79,90.0
1788328800,2026-09-02 06:00:00,2026-09-02 08:00:00,karup,15.28,28.0,3.255,0.45,1006.78,97.77,98.3333
1788332400,2026-09-02 07:00:00,2026-09-02 09:00:00,karup,15.75,57.0,3.7,2.0,1006.91,97.485,90.0
1788336000,2026-09-02 08:00:00,2026-09-02 10:00:00,karup,16.155,78.0,4.09,1.295,1007.14,96.7,90.0
1788339600,2026-09-02 09:00:00,2026-09-02 11:00:00,karup,16.09,105.0,4.555,1.13,1007.38,95.595,93.3333
1788343200,2026-09-02 10:00:00,2026-09-02 12:00:00,karup,16.035,198.0,4.7,0.5,1007.38,94.77,98.3333
1788346800,2026-09-02 11:00:00,2026-09-02 13:00:00,karup,16.095,254.0,4.88,0.955,1007.48,93.735,91.6667
1788350400,2026-09-02 12:00:00,2026-09-02 14:00:00,karup,16.315,309.0,4.65,0.0,1007.16,89.905,73.3333
1788354000,2026-09-02 13:00:00,2026-09-02 15:00:00,karup,17.28,330.0,5.17,0.0,1007.19,83.5,67.5
1788357600,2026-09-02 14:00:00,2026-09-02 16:00:00,karup,17.81,379.0,6.545,0.0,1007.3,79.14,29.1667
1788361200,2026-09-02 15:00:00,2026-09-02 17:00:00,karup,18.06,252.0,6.345,0.0,1007.33,71.745,20.0
1788364800,2026-09-02 16:00:00,2026-09-02 18:00:00,karup,17.805,239.0,6.13,0.0,1007.41,67.515,22.5
1788368400,2026-09-02 17:00:00,2026-09-02 19:00:00,karup,17.065,127.0,5.3,0.0,1007.55,67.48,0.0
1788372000,2026-09-02 18:00:00,2026-09-02 20:00:00,karup,15.83,37.0,3.95,0.0,1007.9,74.105,20.8333
1788375600,2026-09-02 19:00:00,2026-09-02 21:00:00,karup,14.375,0.0,2.51,0.0,1007.9,82.52,5.0
1788379200,2026-09-02 20:00:00,2026-09-02 22:00:00,karup,13.055,0.0,2.185,0.0,1007.92,89.845,45.0
1788382800,2026-09-02 21:00:00,2026-09-02 23:00:00,karup,12.55,0.0,2.245,0.0,1007.81,93.09,64.1667
1788386400,2026-09-02 22:00:00,2026-09-03 00:00:00,karup,12.0,0.0,1.605,0.0,1007.68,95.14,85.0
1788390000,2026-09-02 23:00:00,2026-09-03 01:00:00,karup,11.73,0.0,1.18,0.0,1007.34,96.865,90.0
1788393600,2026-09-03 00:00:00,2026-09-03 02:00:00,karup,12.095,0.0,1.17,0.045,1006.87,96.6,93.3333
1788397200,2026-09-03 01:00:00,2026-09-03 03:00:00,karup,12.51,0.0,1.12,0.15,1006.07,97.92,98.3333
1788400800,2026-09-03 02:00:00,2026-09-03 04:00:00,karup,12.87,0.0,1.275,0.05,1005.55,98.68,100.0
1788404400,2026-09-03 03:00:00,2026-09-03 05:00:00,karup,12.96,0.0,1.2,0.0,1004.91,99.425,95.0
1788408000,2026-09-03 04:00:00,2026-09-03 06:00:00,karup,13.36,0.0,1.58,0.0,1004.11,99.715,95.0
1788411600,2026-09-03 05:00:00,2026-09-03 07:00:00,karup,13.785,0.0,2.565,0.12,1003.57,100.185,100.0
1788415200,2026-09-03 06:00:00,2026-09-03 08:00:00,karup,14.39,11.0,2.545,0.175,1003.02,100.165,100.0
1788418800,2026-09-03 07:00:00,2026-09-03 09:00:00,karup,14.665,64.0,2.145,0.075,1002.39,99.305,100.0
1788422400,2026-09-03 08:00:00,2026-09-03 10:00:00,karup,14.985,86.0,2.55,0.0,1001.76,97.955,100.0
1788426000,2026-09-03 09:00:00,2026-09-03 11:00:00,karup,15.42,146.0,2.945,0.425,1000.99,96.99,100.0
1788429600,2026-09-03 10:00:00,2026-09-03 12:00:00,karup,15.775,121.0,3.13,0.0,1000.05,96.45,100.0
1788433200,2026-09-03 11:00:00,2026-09-03 13:00:00,karup,16.66,149.0,2.775,2.01,999.295,95.875,98.3333
1788436800,2026-09-03 12:00:00,2026-09-03 14:00:00,karup,17.13,176.0,2.86,1.91,999.117,97.295,93.3333
1788440400,2026-09-03 13:00:00,2026-09-03 15:00:00,karup,18.65,200.0,6.68,0.0,999.292,93.015,91.6667
1788444000,2026-09-03 14:00:00,2026-09-03 16:00:00,karup,18.49,259.0,7.715,0.4,999.432,91.06,93.3333
1788447600,2026-09-03 15:00:00,2026-09-03 17:00:00,karup,18.325,341.0,8.085,0.07,999.778,88.2,96.6667
1788451200,2026-09-03 16:00:00,2026-09-03 18:00:00,karup,17.525,57.0,7.63,0.0,1000.08,87.61,100.0
1788454800,2026-09-03 17:00:00,2026-09-03 19:00:00,karup,16.63,21.0,7.185,0.0,1000.57,90.59,91.6667
1788458400,2026-09-03 18:00:00,2026-09-03 20:00:00,karup,16.44,14.0,5.865,0.0,1000.98,89.53,90.0
1788462000,2026-09-03 19:00:00,2026-09-03 21:00:00,karup,16.065,0.0,5.07,0.0,1001.08,88.925,90.0
1788465600,2026-09-03 20:00:00,2026-09-03 22:00:00,karup,15.56,0.0,4.83,0.0,1000.94,90.67,90.0
1788469200,2026-09-03 21:00:00,2026-09-03 23:00:00,karup,15.18,0.0,3.86,0.0,1000.88,92.155,90.0
1788472800,2026-09-03 22:00:00,2026-09-04 00:00:00,karup,14.89,0.0,3.915,0.14,1000.83,94.055,90.0
1788476400,2026-09-03 23:00:00,2026-09-04 01:00:00,karup,14.715,0.0,4.42,0.0,1000.81,94.455,93.3333
1788480000,2026-09-04 00:00:00,2026-09-04 02:00:00,karup,14.36,0.0,3.87,0.0,1000.57,92.0,90.0
1788483600,2026-09-04 01:00:00,2026-09-04 03:00:00,karup,13.9,0.0,3.295,0.0,1000.15,91.435,93.3333
1788487200,2026-09-04 02:00:00,2026-09-04 04:00:00,karup,13.43,0.0,2.555,0.0,999.398,92.27,100.0
1788490800,2026-09-04 03:00:00,2026-09-04 05:00:00,karup,13.42,0.0,2.92,0.0,998.559,93.175,95.0
1788494400,2026-09-04 04:00:00,2026-09-04 06:00:00,karup,13.8,0.0,3.34,0.0,997.76,92.65,100.0
1788498000,2026-09-04 05:00:00,2026-09-04 07:00:00,karup,13.605,0.0,2.575,0.0,996.958,93.95,95.0
1788501600,2026-09-04 06:00:00,2026-09-04 08:00:00,karup,13.625,7.0,2.665,0.13,995.99,96.69,96.6667
1788505200,2026-09-04 07:00:00,2026-09-04 09:00:00,karup,14.12,38.0,3.06,0.195,995.451,98.14,90.0
1788508800,2026-09-04 08:00:00,2026-09-04 10:00:00,karup,14.945,88.0,2.845,0.0,994.858,97.475,90.0
1788512400,2026-09-04 09:00:00,2026-09-04 11:00:00,karup,15.725,85.0,4.415,0.0,994.46,93.09,90.0
1788516000,2026-09-04 10:00:00,2026-09-04 12:00:00,karup,15.715,64.0,4.805,0.08,994.274,91.58,100.0
1788519600,2026-09-04 11:00:00,2026-09-04 13:00:00,karup,15.18,81.0,4.49,0.805,993.88,94.88,96.6667
1788523200,2026-09-04 12:00:00,2026-09-04 14:00:00,karup,15.115,180.0,4.175,0.3,993.432,92.28,90.0
1788526800,2026-09-04 13:00:00,2026-09-04 15:00:00,karup,15.975,382.0,3.825,0.0,993.237,84.895,90.0
1788530400,2026-09-04 14:00:00,2026-09-04 16:00:00,karup,16.555,199.0,4.425,0.065,993.047,81.595,90.0
1788534000,2026-09-04 15:00:00,2026-09-04 17:00:00,karup,15.9,146.0,3.91,0.41,993.129,87.865,100.0
1788537600,2026-09-04 16:00:00,2026-09-04 18:00:00,karup,14.465,72.0,4.41,1.21,993.055,96.025,93.3333
1788541200,2026-09-04 17:00:00,2026-09-04 19:00:00,karup,14.395,53.0,4.325,0.525,993.516,97.53,90.0
1788544800,2026-09-04 18:00:00,2026-09-04 20:00:00,karup,14.57,40.0,7.245,0.0,994.199,90.6,54.1667
1788548400,2026-09-04 19:00:00,2026-09-04 21:00:00,karup,13.665,0.0,5.535,0.0,994.821,88.3,38.3333
1788552000,2026-09-04 20:00:00,2026-09-04 22:00:00,karup,13.52,0.0,5.385,0.0,995.143,91.075,52.5
1788555600,2026-09-04 21:00:00,2026-09-04 23:00:00,karup,13.34,0.0,5.11,0.41,995.432,93.84,81.6667
1788559200,2026-09-04 22:00:00,2026-09-05 00:00:00,karup,12.97,0.0,5.225,0.345,996.059,94.56,49.1667
1788562800,2026-09-04 23:00:00,2026-09-05 01:00:00,karup,12.585,0.0,4.735,0.945,996.662,94.145,0.0
1788566400,2026-09-05 00:00:00,2026-09-05 02:00:00,karup,12.425,0.0,4.765,0.0,996.998,92.16,52.5
1788570000,2026-09-05 01:00:00,2026-09-05 03:00:00,karup,12.345,0.0,3.73,0.0,997.321,92.74,70.0
1788573600,2026-09-05 02:00:00,2026-09-05 04:00:00,karup,12.605,0.0,5.935,1.315,997.805,90.795,42.5
1788577200,2026-09-05 03:00:00,2026-09-05 05:00:00,karup,11.92,0.0,4.175,0.0,998.119,93.715,61.6667
1788580800,2026-09-05 04:00:00,2026-09-05 06:00:00,karup,11.76,0.0,3.33,0.0,998.411,95.51,87.5
1788584400,2026-09-05 05:00:00,2026-09-05 07:00:00,karup,12.03,3.0,3.91,0.0,998.776,95.29,78.3333
1788588000,2026-09-05 06:00:00,2026-09-05 08:00:00,karup,12.415,30.0,4.08,0.0,999.24,92.955,86.6667
1788591600,2026-09-05 07:00:00,2026-09-05 09:00:00,karup,12.575,99.0,5.22,1.13,999.667,91.225,65.8333
1788595200,2026-09-05 08:00:00,2026-09-05 10:00:00,karup,13.38,172.0,4.67,0.0,1000.31,89.94,87.5
1788598800,2026-09-05 09:00:00,2026-09-05 11:00:00,karup,13.35,165.0,5.655,0.885,1000.61,91.28,80.8333
1788602400,2026-09-05 10:00:00,2026-09-05 12:00:00,karup,15.015,523.0,6.565,0.0,1001.06,86.015,28.3333
1788606000,2026-09-05 11:00:00,2026-09-05 13:00:00,karup,15.91,487.0,8.705,0.0,1001.69,76.735,24.1667
1788609600,2026-09-05 12:00:00,2026-09-05 14:00:00,karup,16.535,594.0,9.705,0.0,1002.42,69.3,45.0
1788613200,2026-09-05 13:00:00,2026-09-05 15:00:00,karup,15.84,481.0,9.13,0.35,1003.17,73.195,50.0
1788616800,2026-09-05 14:00:00,2026-09-05 16:00:00,karup,16.36,375.0,9.57,0.0,1004.01,69.045,59.1667
1788620400,2026-09-05 15:00:00,2026-09-05 17:00:00,karup,15.78,270.0,10.495,0.0,1004.75,68.36,58.3333
1788624000,2026-09-05 16:00:00,2026-09-05 18:00:00,karup,15.445,222.0,10.675,0.1,1005.52,70.52,75.8333
1788627600,2026-09-05 17:00:00,2026-09-05 19:00:00,karup,15.165,135.0,9.69,0.0,1006.37,70.605,67.5
1788631200,2026-09-05 18:00:00,2026-09-05 20:00:00,karup,13.99,47.0,8.08,0.1,1007.4,79.035,78.3333
1788634800,2026-09-05 19:00:00,2026-09-05 21:00:00,karup,13.3,0.0,7.315,0.215,1008.12,83.685,35.0
1788638400,2026-09-05 20:00:00,2026-09-05 22:00:00,karup,13.37,0.0,7.15,0.0,1008.77,79.365,3.33333
1788642000,2026-09-05 21:00:00,2026-09-05 23:00:00,karup,13.095,0.0,6.8,0.0,1009.57,81.0,11.6667
1788645600,2026-09-05 22:00:00,2026-09-06 00:00:00,karup,13.035,0.0,7.195,0.0,1010.33,79.065,64.1667
1788649200,2026-09-05 23:00:00,2026-09-06 01:00:00,karup,12.955,0.0,6.23,0.0,1011.03,78.12,85.0
1788652800,2026-09-06 00:00:00,2026-09-06 02:00:00,karup,12.785,0.0,6.365,0.0,1011.5,78.505,87.5
1788656400,2026-09-06 01:00:00,2026-09-06 03:00:00,karup,12.695,0.0,6.485,0.0,1012.19,81.34,60.0
1788660000,2026-09-06 02:00:00,2026-09-06 04:00:00,karup,12.815,0.0,4.975,0.0,1012.63,82.475,85.8333
1788663600,2026-09-06 03:00:00,2026-09-06 05:00:00,karup,13.035,0.0,5.02,0.0,1013.17,81.57,100.0
1788667200,2026-09-06 04:00:00,2026-09-06 06:00:00,karup,13.21,0.0,4.845,0.0,1013.62,78.705,70.0
1788670800,2026-09-06 05:00:00,2026-09-06 07:00:00,karup,12.25,0.0,3.855,0.0,1014.22,80.74,18.3333
1788674400,2026-09-06 06:00:00,2026-09-06 08:00:00,karup,11.86,68.0,3.415,0.0,1014.59,82.995,8.33333
1788678000,2026-09-06 07:00:00,2026-09-06 09:00:00,karup,13.245,207.0,3.2,0.0,1014.94,77.155,1.66667
1788681600,2026-09-06 08:00:00,2026-09-06 10:00:00,karup,14.65,332.0,5.285,0.0,1015.35,70.97,20.0
1788685200,2026-09-06 09:00:00,2026-09-06 11:00:00,karup,15.58,359.0,7.115,0.0,1015.71,65.975,36.6667
1788688800,2026-09-06 10:00:00,2026-09-06 12:00:00,karup,16.23,372.0,7.23,0.0,1015.96,65.07,39.1667
1788692400,2026-09-06 11:00:00,2026-09-06 13:00:00,karup,16.99,493.0,7.37,0.0,1016.01,63.08,36.6667
1788696000,2026-09-06 12:00:00,2026-09-06 14:00:00,karup,17.82,590.0,7.25,0.0,1016.05,58.945,87.5
1788699600,2026-09-06 13:00:00,2026-09-06 15:00:00,karup,17.83,381.0,7.235,0.0,1016.0,60.2,90.0
1788703200,2026-09-06 14:00:00,2026-09-06 16:00:00,karup,17.895,383.0,6.28,0.0,1015.93,60.59,90.0
1788706800,2026-09-06 15:00:00,2026-09-06 17:00:00,karup,17.93,270.0,6.165,0.0,1015.8,61.03,70.0
1788710400,2026-09-06 16:00:00,2026-09-06 18:00:00,karup,17.585,181.0,5.455,0.0,1015.47,65.585,76.6667
1788714000,2026-09-06 17:00:00,2026-09-06 19:00:00,karup,17.405,131.0,4.36,0.0,1015.0,68.995,90.0
1788717600,2026-09-06 18:00:00,2026-09-06 20:00:00,karup,16.78,23.0,3.77,0.0,1014.9,74.935,90.0
1788721200,2026-09-06 19:00:00,2026-09-06 21:00:00,karup,15.655,0.0,2.86,0.0,1014.56,81.85,90.0
1788724800,2026-09-06 20:00:00,2026-09-06 22:00:00,karup,15.1,0.0,2.605,0.0,1014.11,86.895,90.0
1788728400,2026-09-06 21:00:00,2026-09-06 23:00:00,karup,14.94,0.0,2.865,0.0,1014.0,88.99,90.0
1788732000,2026-09-06 22:00:00,2026-09-07 00:00:00,karup,14.8,0.0,3.1,0.0,1013.88,89.52,95.0
1788735600,2026-09-06 23:00:00,2026-09-07 01:00:00,karup,14.66,0.0,2.885,0.0,1013.41,89.385,100.0
1788739200,2026-09-07 00:00:00,2026-09-07 02:00:00,karup,14.57,0.0,3.305,0.0,1012.97,86.765,100.0
1788742800,2026-09-07 01:00:00,2026-09-07 03:00:00,karup,14.685,0.0,3.53,0.0,1012.31,83.22,95.0
1788746400,2026-09-07 02:00:00,2026-09-07 04:00:00,karup,14.84,0.0,3.515,0.0,1011.49,79.125,98.3333
1788750000,2026-09-07 03:00:00,2026-09-07 05:00:00,karup,14.8,0.0,3.675,0.0,1010.79,75.9,65.0
1788753600,2026-09-07 04:00:00,2026-09-07 06:00:00,karup,13.975,0.0,3.06,0.0,1010.41,77.955,80.0
1788757200,2026-09-07 05:00:00,2026-09-07 07:00:00,karup,13.835,1.0,3.59,0.0,1010.12,78.825,96.6667
1788760800,2026-09-07 06:00:00,2026-09-07 08:00:00,karup,14.42,43.0,3.96,0.0,1009.62,77.295,90.0
1788764400,2026-09-07 07:00:00,2026-09-07 09:00:00,karup,14.26,59.0,3.08,0.1,1009.68,82.63,85.0
1788778800,2026-09-07 11:00:00,2026-09-07 13:00:00,karup,21.34,523.0,5.2,0.0,1007.22,55.45,65.0
1788782400,2026-09-07 12:00:00,2026-09-07 14:00:00,karup,22.615,598.0,5.555,0.0,1006.47,51.51,50.0
1788786000,2026-09-07 13:00:00,2026-09-07 15:00:00,karup,23.215,507.0,5.98,0.0,1005.95,48.355,54.1667
1788789600,2026-09-07 14:00:00,2026-09-07 16:00:00,karup,23.845,448.0,6.63,0.0,1005.43,45.66,31.6667
1788793200,2026-09-07 15:00:00,2026-09-07 17:00:00,karup,23.64,391.0,6.6,0.0,1004.67,45.49,55.0
1788796800,2026-09-07 16:00:00,2026-09-07 18:00:00,karup,22.81,204.0,5.58,0.0,1004.39,47.66,61.6667
1788800400,2026-09-07 17:00:00,2026-09-07 19:00:00,karup,21.32,73.0,5.24,0.0,1004.19,56.275,85.0
1788804000,2026-09-07 18:00:00,2026-09-07 20:00:00,karup,19.78,11.0,3.905,0.0,1004.14,67.485,85.0
1788807600,2026-09-07 19:00:00,2026-09-07 21:00:00,karup,18.565,0.0,3.71,0.0,1003.64,77.05,90.0
1788811200,2026-09-07 20:00:00,2026-09-07 22:00:00,karup,17.895,0.0,3.87,0.0,1003.35,85.685,90.0
1788814800,2026-09-07 21:00:00,2026-09-07 23:00:00,karup,17.52,0.0,3.85,0.0,1003.13,90.695,95.0
1788818400,2026-09-07 22:00:00,2026-09-08 00:00:00,karup,17.205,0.0,3.89,0.0,1002.78,92.975,90.0
1788822000,2026-09-07 23:00:00,2026-09-08 01:00:00,karup,17.06,0.0,3.73,0.0,1002.52,93.765,90.0
1788825600,2026-09-08 00:00:00,2026-09-08 02:00:00,karup,16.8,0.0,3.54,0.0,1002.22,93.775,93.3333
1788829200,2026-09-08 01:00:00,2026-09-08 03:00:00,karup,16.715,0.0,3.42,0.0,1001.64,94.575,90.0
1788832800,2026-09-08 02:00:00,2026-09-08 04:00:00,karup,16.445,0.0,3.285,0.0,1001.12,93.73,90.0
1788836400,2026-09-08 03:00:00,2026-09-08 05:00:00,karup,15.975,0.0,2.95,0.0,1000.55,93.46,95.0
1788840000,2026-09-08 04:00:00,2026-09-08 06:00:00,karup,15.24,0.0,2.055,0.0,999.918,95.3,90.0
1788843600,2026-09-08 05:00:00,2026-09-08 07:00:00,karup,14.83,0.0,1.985,0.0,999.598,97.47,96.6667
1788847200,2026-09-08 06:00:00,2026-09-08 08:00:00,karup,14.7,18.0,2.3,0.0,999.549,98.57,93.3333
1788850800,2026-09-08 07:00:00,2026-09-08 09:00:00,karup,15.195,70.0,2.75,0.0,999.091,96.76,93.3333
1788854400,2026-09-08 08:00:00,2026-09-08 10:00:00,karup,16.01,148.0,3.025,0.0,998.492,92.61,87.5
1788858000,2026-09-08 09:00:00,2026-09-08 11:00:00,karup,17.375,255.0,4.175,0.0,998.137,79.39,90.0
1788861600,2026-09-08 10:00:00,2026-09-08 12:00:00,karup,18.28,318.0,4.715,0.0,997.872,70.55,91.6667
1788865200,2026-09-08 11:00:00,2026-09-08 13:00:00,karup,18.415,231.0,5.725,0.0,997.583,68.21,82.5
1788868800,2026-09-08 12:00:00,2026-09-08 14:00:00,karup,18.78,309.0,6.735,0.0,997.188,61.065,90.0
1788872400,2026-09-08 13:00:00,2026-09-08 15:00:00,karup,18.2,258.0,6.51,0.0,996.775,64.395,90.0
1788876000,2026-09-08 14:00:00,2026-09-08 16:00:00,karup,17.35,142.0,5.52,0.0,996.475,71.57,98.3333
1788879600,2026-09-08 15:00:00,2026-09-08 17:00:00,karup,16.075,90.0,4.245,1.25,996.172,84.91,100.0
1788883200,2026-09-08 16:00:00,2026-09-08 18:00:00,karup,15.33,79.0,4.145,0.08,995.688,91.955,100.0
1788886800,2026-09-08 17:00:00,2026-09-08 19:00:00,karup,14.705,26.0,3.95,0.86,995.623,95.36,100.0
1788890400,2026-09-08 18:00:00,2026-09-08 20:00:00,karup,13.97,2.0,3.77,0.725,995.775,96.655,100.0
1788894000,2026-09-08 19:00:00,2026-09-08 21:00:00,karup,13.155,0.0,2.485,0.565,995.711,97.055,100.0
1788897600,2026-09-08 20:00:00,2026-09-08 22:00:00,karup,12.465,0.0,1.98,0.87,995.148,97.71,100.0
1788901200,2026-09-08 21:00:00,2026-09-08 23:00:00,karup,12.15,0.0,0.895,0.115,994.82,98.52,93.3333
1788904800,2026-09-08 22:00:00,2026-09-09 00:00:00,karup,12.105,0.0,0.85,0.0,994.603,99.515,91.6667
1788908400,2026-09-08 23:00:00,2026-09-09 01:00:00,karup,12.015,0.0,0.77,0.14,994.388,99.87,100.0
