unixtime,hour_utc,hour_dk,area,temp_mean_past1h,radia_glob_past1h,wind_speed_past1h,precip_past1h,pressure,humidity_past1h,cloud_cover
1672531200,2023-01-01 00:00:00,2023-01-01 01:00:00,ringsted,9.425,0.0,4.35,2.425,995.967,99.5,95.8333
1672534800,2023-01-01 01:00:00,2023-01-01 02:00:00,ringsted,10.175,0.0,6.35,1.75,995.942,99.0,98.3333
1672538400,2023-01-01 02:00:00,2023-01-01 03:00:00,ringsted,10.475,0.0,9.2,0.575,996.237,98.25,96.6667
1672542000,2023-01-01 03:00:00,2023-01-01 04:00:00,ringsted,10.2,0.0,9.225,0.575,996.3,98.5,96.6667
1672545600,2023-01-01 04:00:00,2023-01-01 05:00:00,ringsted,10.3,0.0,8.675,0.15,996.825,97.25,95.8333
1672549200,2023-01-01 05:00:00,2023-01-01 06:00:00,ringsted,10.275,0.0,9.075,0.175,997.438,96.5,95.0
1672552800,2023-01-01 06:00:00,2023-01-01 07:00:00,ringsted,10.45,0.0,8.675,0.0,998.237,96.0,95.0
1672556400,2023-01-01 07:00:00,2023-01-01 08:00:00,ringsted,10.5,0.0,7.95,0.0,999.029,94.5,95.0
1672560000,2023-01-01 08:00:00,2023-01-01 09:00:00,ringsted,10.4,0.0,7.875,0.0,999.767,95.0,95.0
1672563600,2023-01-01 09:00:00,2023-01-01 10:00:00,ringsted,10.375,4.5,7.75,0.15,1000.9,94.75,92.5
1672567200,2023-01-01 10:00:00,2023-01-01 11:00:00,ringsted,10.325,35.5,8.075,0.3,1001.91,92.25,81.6667
1672570800,2023-01-01 11:00:00,2023-01-01 12:00:00,ringsted,10.05,56.5,8.1,0.025,1002.58,89.75,75.0
1672574400,2023-01-01 12:00:00,2023-01-01 13:00:00,ringsted,9.925,56.5,8.125,0.0,1003.42,85.25,79.1667
1672578000,2023-01-01 13:00:00,2023-01-01 14:00:00,ringsted,9.625,43.0,8.125,0.0,1004.63,83.75,72.0833
1672581600,2023-01-01 14:00:00,2023-01-01 15:00:00,ringsted,9.3,26.0,7.75,0.0,1005.48,83.5,37.9167
1672585200,2023-01-01 15:00:00,2023-01-01 16:00:00,ringsted,8.85,12.5,6.5,0.0,1006.53,84.25,45.8333
1672588800,2023-01-01 16:00:00,2023-01-01 17:00:00,ringsted,8.525,0.0,6.0,0.0,1007.27,86.5,22.0833
1672592400,2023-01-01 17:00:00,2023-01-01 18:00:00,ringsted,8.25,0.0,5.625,0.0,1007.48,87.25,37.5
1672596000,2023-01-01 18:00:00,2023-01-01 19:00:00,ringsted,8.15,0.0,5.45,0.0,1007.83,88.0,35.8333
1672599600,2023-01-01 19:00:00,2023-01-01 20:00:00,ringsted,8.1,0.0,5.6,0.0,1008.24,89.5,70.0
1672603200,2023-01-01 20:00:00,2023-01-01 21:00:00,ringsted,8.175,0.0,5.575,0.0,1008.55,90.5,90.0
1672606800,2023-01-01 21:00:00,2023-01-01 22:00:00,ringsted,8.175,0.0,4.85,0.0,1008.92,91.25,90.0
1672610400,2023-01-01 22:00:00,2023-01-01 23:00:00,ringsted,8.075,0.0,4.175,0.0,1009.36,91.25,90.8333
1672614000,2023-01-01 23:00:00,2023-01-02 00:00:00,ringsted,8.2,0.0,4.075,0.0,1009.15,90.25,92.5
1672617600,2023-01-02 00:00:00,2023-01-02 01:00:00,ringsted,8.05,0.0,3.6,0.0,1008.54,91.75,95.0
1672621200,2023-01-02 01:00:00,2023-01-02 02:00:00,ringsted,8.125,0.0,3.55,0.0,1007.78,93.0,83.3333
1672624800,2023-01-02 02:00:00,2023-01-02 03:00:00,ringsted,8.075,0.0,2.95,0.0,1007.38,94.75,78.3333
1672628400,2023-01-02 03:00:00,2023-01-02 04:00:00,ringsted,7.8,0.0,2.75,0.325,1007.02,96.75,97.5
1672632000,2023-01-02 04:00:00,2023-01-02 05:00:00,ringsted,7.4,0.0,2.175,1.225,1006.34,98.5,97.5
1672635600,2023-01-02 05:00:00,2023-01-02 06:00:00,ringsted,7.2,0.0,2.45,1.15,1005.29,99.5,95.8333
1672639200,2023-01-02 06:00:00,2023-01-02 07:00:00,ringsted,7.25,0.0,3.125,0.6,1004.15,99.75,99.1667
1672642800,2023-01-02 07:00:00,2023-01-02 08:00:00,ringsted,7.4,0.0,3.75,0.55,1003.28,99.75,90.8333
1672646400,2023-01-02 08:00:00,2023-01-02 09:00:00,ringsted,7.6,0.0,3.85,0.075,1002.97,99.75,90.0
1672650000,2023-01-02 09:00:00,2023-01-02 10:00:00,ringsted,7.9,3.5,4.175,0.1,1002.79,100.0,95.0
1672653600,2023-01-02 10:00:00,2023-01-02 11:00:00,ringsted,8.85,12.0,4.525,0.0,1002.53,100.0,95.0
1672657200,2023-01-02 11:00:00,2023-01-02 12:00:00,ringsted,9.575,27.0,5.05,0.125,1002.14,99.5,96.6667
1672660800,2023-01-02 12:00:00,2023-01-02 13:00:00,ringsted,9.775,21.5,4.85,0.475,1002.52,99.0,96.6667
1672664400,2023-01-02 13:00:00,2023-01-02 14:00:00,ringsted,9.375,19.0,5.05,0.25,1003.1,98.75,96.6667
1672668000,2023-01-02 14:00:00,2023-01-02 15:00:00,ringsted,8.275,15.0,5.725,0.0,1004.64,98.75,96.6667
1672671600,2023-01-02 15:00:00,2023-01-02 16:00:00,ringsted,7.15,6.5,5.925,0.0,1006.23,99.0,95.8333
1672675200,2023-01-02 16:00:00,2023-01-02 17:00:00,ringsted,6.7,0.0,4.75,0.0,1007.2,99.0,95.4545
1672678800,2023-01-02 17:00:00,2023-01-02 18:00:00,ringsted,6.575,0.0,4.3,0.025,1007.92,99.0,90.8333
1672682400,2023-01-02 18:00:00,2023-01-02 19:00:00,ringsted,6.25,0.0,4.5,0.0,1008.42,98.25,92.5
1672686000,2023-01-02 19:00:00,2023-01-02 20:00:00,ringsted,6.525,0.0,5.35,0.075,1008.63,97.5,83.3333
1672689600,2023-01-02 20:00:00,2023-01-02 21:00:00,ringsted,6.55,0.0,5.925,0.075,1009.28,97.0,58.75
1672693200,2023-01-02 21:00:00,2023-01-02 22:00:00,ringsted,6.45,0.0,6.575,0.0,1010.03,90.75,45.8333
1672696800,2023-01-02 22:00:00,2023-01-02 23:00:00,ringsted,5.85,0.0,6.175,0.0,1010.91,86.75,44.5833
1672700400,2023-01-02 23:00:00,2023-01-03 00:00:00,ringsted,5.45,0.0,6.075,0.0,1011.64,88.25,19.1667
1672704000,2023-01-03 00:00:00,2023-01-03 01:00:00,ringsted,4.975,0.0,5.775,0.0,1012.46,89.0,7.91667
1672707600,2023-01-03 01:00:00,2023-01-03 02:00:00,ringsted,4.75,0.0,5.875,0.0,1013.17,88.75,2.08333
1672711200,2023-01-03 02:00:00,2023-01-03 03:00:00,ringsted,4.625,0.0,5.875,0.0,1013.83,87.75,51.6667
1672714800,2023-01-03 03:00:00,2023-01-03 04:00:00,ringsted,4.625,0.0,6.1,0.0,1014.45,87.5,62.5
1672718400,2023-01-03 04:00:00,2023-01-03 05:00:00,ringsted,4.75,0.0,6.125,0.0,1014.95,87.0,83.75
1672722000,2023-01-03 05:00:00,2023-01-03 06:00:00,ringsted,5.025,0.0,6.175,0.0,1015.4,86.5,88.75
1672725600,2023-01-03 06:00:00,2023-01-03 07:00:00,ringsted,5.025,0.0,5.8,0.0,1016.01,87.0,89.1667
1672729200,2023-01-03 07:00:00,2023-01-03 08:00:00,ringsted,5.1,0.0,5.65,0.0,1016.89,86.25,83.75
1672732800,2023-01-03 08:00:00,2023-01-03 09:00:00,ringsted,4.925,2.5,5.525,0.0,1017.81,85.75,36.25
1672736400,2023-01-03 09:00:00,2023-01-03 10:00:00,ringsted,4.75,40.0,4.9,0.0,1018.58,86.5,31.25
1672740000,2023-01-03 10:00:00,2023-01-03 11:00:00,ringsted,5.125,117.0,4.875,0.0,1019.17,85.25,17.9167
1672743600,2023-01-03 11:00:00,2023-01-03 12:00:00,ringsted,5.425,147.5,5.225,0.0,1019.43,84.75,43.3333
1672747200,2023-01-03 12:00:00,2023-01-03 13:00:00,ringsted,5.625,132.0,5.025,0.0,1019.61,84.5,6.66667
1672750800,2023-01-03 13:00:00,2023-01-03 14:00:00,ringsted,5.8,141.5,4.975,0.0,1019.69,82.25,0.833333
1672754400,2023-01-03 14:00:00,2023-01-03 15:00:00,ringsted,5.6,90.0,3.95,0.0,1019.94,83.0,1.66667
1672758000,2023-01-03 15:00:00,2023-01-03 16:00:00,ringsted,4.75,24.5,3.275,0.0,1020.23,85.75,0.0
1672761600,2023-01-03 16:00:00,2023-01-03 17:00:00,ringsted,3.55,0.0,2.6,0.0,1020.37,91.0,2.5
1672765200,2023-01-03 17:00:00,2023-01-03 18:00:00,ringsted,2.775,0.0,2.375,0.0,1020.44,93.5,0.0
1672768800,2023-01-03 18:00:00,2023-01-03 19:00:00,ringsted,2.075,0.0,2.4,0.0,1020.3,96.0,2.5
1672772400,2023-01-03 19:00:00,2023-01-03 20:00:00,ringsted,1.575,0.0,2.575,0.0,1019.93,96.75,9.16667
1672776000,2023-01-03 20:00:00,2023-01-03 21:00:00,ringsted,1.475,0.0,2.7,0.0,1019.57,97.5,57.0833
1672779600,2023-01-03 21:00:00,2023-01-03 22:00:00,ringsted,1.65,0.0,2.925,0.0,1018.82,95.25,80.4167
1672783200,2023-01-03 22:00:00,2023-01-03 23:00:00,ringsted,2.05,0.0,3.125,0.0,1018.03,92.0,85.0
1672786800,2023-01-03 23:00:00,2023-01-04 00:00:00,ringsted,2.875,0.0,3.45,0.0,1016.88,91.25,79.1667
1672790400,2023-01-04 00:00:00,2023-01-04 01:00:00,ringsted,3.55,0.0,4.4,0.075,1015.69,93.5,92.5
1672794000,2023-01-04 01:00:00,2023-01-04 02:00:00,ringsted,3.975,0.0,4.375,0.4,1014.42,96.75,95.0
1672797600,2023-01-04 02:00:00,2023-01-04 03:00:00,ringsted,4.15,0.0,4.8,0.8,1012.62,98.25,95.0
1672801200,2023-01-04 03:00:00,2023-01-04 04:00:00,ringsted,4.425,0.0,5.3,0.9,1010.54,98.75,95.8333
1672804800,2023-01-04 04:00:00,2023-01-04 05:00:00,ringsted,4.7,0.0,5.85,1.45,1008.6,98.25,96.6667
1672808400,2023-01-04 05:00:00,2023-01-04 06:00:00,ringsted,4.85,0.0,6.75,2.125,1006.72,97.5,98.3333
1672812000,2023-01-04 06:00:00,2023-01-04 07:00:00,ringsted,4.9,0.0,6.9,2.575,1004.86,98.0,97.5
1672815600,2023-01-04 07:00:00,2023-01-04 08:00:00,ringsted,4.95,0.0,7.1,2.85,1002.92,98.25,98.3333
1672819200,2023-01-04 08:00:00,2023-01-04 09:00:00,ringsted,5.05,0.0,7.025,1.6,1001.3,98.75,98.3333
1672822800,2023-01-04 09:00:00,2023-01-04 10:00:00,ringsted,5.425,5.5,7.0,0.7,999.646,99.0,98.3333
1672826400,2023-01-04 10:00:00,2023-01-04 11:00:00,ringsted,6.1,8.0,7.25,1.55,998.471,99.0,98.3333
1672830000,2023-01-04 11:00:00,2023-01-04 12:00:00,ringsted,7.125,13.5,7.475,1.85,997.617,99.0,99.1667
1672833600,2023-01-04 12:00:00,2023-01-04 13:00:00,ringsted,8.225,27.5,7.7,0.375,997.162,99.0,99.1667
1672837200,2023-01-04 13:00:00,2023-01-04 14:00:00,ringsted,8.7,28.5,6.625,0.05,996.625,99.0,97.5
1672840800,2023-01-04 14:00:00,2023-01-04 15:00:00,ringsted,8.85,18.0,6.0,0.3,995.971,98.75,98.3333
1672844400,2023-01-04 15:00:00,2023-01-04 16:00:00,ringsted,8.775,7.0,6.5,0.3,995.458,99.0,95.0
1672848000,2023-01-04 16:00:00,2023-01-04 17:00:00,ringsted,8.875,0.0,6.7,0.5,995.15,98.5,95.0
1672851600,2023-01-04 17:00:00,2023-01-04 18:00:00,ringsted,8.875,0.0,6.45,0.05,994.867,97.5,94.1667
1672855200,2023-01-04 18:00:00,2023-01-04 19:00:00,ringsted,8.575,0.0,6.35,0.0,994.667,97.25,93.3333
1672858800,2023-01-04 19:00:00,2023-01-04 20:00:00,ringsted,8.45,0.0,7.0,0.025,994.375,97.75,95.0
1672862400,2023-01-04 20:00:00,2023-01-04 21:00:00,ringsted,8.45,0.0,7.375,0.05,994.067,97.0,95.0
1672866000,2023-01-04 21:00:00,2023-01-04 22:00:00,ringsted,8.375,0.0,7.325,0.05,993.763,95.5,95.0
1672869600,2023-01-04 22:00:00,2023-01-04 23:00:00,ringsted,8.325,0.0,7.475,0.0,993.492,96.0,95.0
1672873200,2023-01-04 23:00:00,2023-01-05 00:00:00,ringsted,8.0,0.0,7.525,0.15,993.679,97.5,71.6667
1672876800,2023-01-05 00:00:00,2023-01-05 01:00:00,ringsted,7.725,0.0,6.975,0.3,993.737,92.75,90.8333
1672880400,2023-01-05 01:00:00,2023-01-05 02:00:00,ringsted,7.475,0.0,7.775,0.0,993.75,87.75,95.8333
1672884000,2023-01-05 02:00:00,2023-01-05 03:00:00,ringsted,7.2,0.0,8.675,0.05,994.179,89.75,95.8333
1672887600,2023-01-05 03:00:00,2023-01-05 04:00:00,ringsted,6.875,0.0,8.375,0.6,994.517,94.75,95.0
1672891200,2023-01-05 04:00:00,2023-01-05 05:00:00,ringsted,6.775,0.0,8.65,0.05,995.037,93.5,95.0
1672894800,2023-01-05 05:00:00,2023-01-05 06:00:00,ringsted,6.125,0.0,8.725,0.125,996.029,93.5,85.4167
1672898400,2023-01-05 06:00:00,2023-01-05 07:00:00,ringsted,4.975,0.0,8.125,0.0,997.317,90.5,93.3333
1672902000,2023-01-05 07:00:00,2023-01-05 08:00:00,ringsted,3.85,0.0,8.375,0.0,998.996,86.75,95.0
1672905600,2023-01-05 08:00:00,2023-01-05 09:00:00,ringsted,3.25,1.5,8.675,0.0,1000.74,86.75,95.0
1672909200,2023-01-05 09:00:00,2023-01-05 10:00:00,ringsted,3.2,14.5,8.225,0.0,1002.52,89.0,95.0
1672912800,2023-01-05 10:00:00,2023-01-05 11:00:00,ringsted,3.35,34.5,8.025,0.0,1004.31,88.75,92.5
1672916400,2023-01-05 11:00:00,2023-01-05 12:00:00,ringsted,3.5,34.0,7.3,0.0,1005.9,88.75,90.8333
1672920000,2023-01-05 12:00:00,2023-01-05 13:00:00,ringsted,3.55,85.0,7.1,0.0,1007.5,89.0,95.0
1672923600,2023-01-05 13:00:00,2023-01-05 14:00:00,ringsted,3.425,72.0,6.4,0.0,1008.87,90.25,92.5
1672927200,2023-01-05 14:00:00,2023-01-05 15:00:00,ringsted,3.4,65.0,5.45,0.0,1010.18,91.0,95.0
1672930800,2023-01-05 15:00:00,2023-01-05 16:00:00,ringsted,3.25,13.0,3.975,0.0,1011.63,91.5,90.8333
1672934400,2023-01-05 16:00:00,2023-01-05 17:00:00,ringsted,2.975,0.0,3.15,0.0,1012.51,92.75,90.0
1672938000,2023-01-05 17:00:00,2023-01-05 18:00:00,ringsted,2.525,0.0,2.225,0.0,1013.05,92.5,91.6667
1672941600,2023-01-05 18:00:00,2023-01-05 19:00:00,ringsted,2.225,0.0,1.3,0.0,1013.62,93.5,89.5833
1672945200,2023-01-05 19:00:00,2023-01-05 20:00:00,ringsted,1.95,0.0,0.725,0.0,1014.27,93.25,77.9167
1672948800,2023-01-05 20:00:00,2023-01-05 21:00:00,ringsted,1.6,0.0,0.85,0.0,1014.65,94.5,90.0
1672952400,2023-01-05 21:00:00,2023-01-05 22:00:00,ringsted,1.825,0.0,1.125,0.0,1014.82,94.25,95.0
1672956000,2023-01-05 22:00:00,2023-01-05 23:00:00,ringsted,1.975,0.0,1.6,0.0,1015.0,93.25,95.0
1672959600,2023-01-05 23:00:00,2023-01-06 00:00:00,ringsted,2.125,0.0,1.85,0.0,1014.92,94.25,95.0
1672963200,2023-01-06 00:00:00,2023-01-06 01:00:00,ringsted,2.15,0.0,2.525,0.0,1014.5,95.5,95.0
1672966800,2023-01-06 01:00:00,2023-01-06 02:00:00,ringsted,2.275,0.0,3.55,0.025,1013.96,96.0,95.0
1672970400,2023-01-06 02:00:00,2023-01-06 03:00:00,ringsted,2.65,0.0,4.275,0.05,1013.29,96.0,95.0
1672974000,2023-01-06 03:00:00,2023-01-06 04:00:00,ringsted,3.0,0.0,5.2,0.0,1012.37,94.5,95.8333
1672977600,2023-01-06 04:00:00,2023-01-06 05:00:00,ringsted,3.175,0.0,6.25,0.05,1011.46,93.0,95.8333
1672981200,2023-01-06 05:00:00,2023-01-06 06:00:00,ringsted,2.975,0.0,7.25,0.325,1010.33,93.75,96.6667
1672984800,2023-01-06 06:00:00,2023-01-06 07:00:00,ringsted,2.625,0.0,7.875,0.4,1009.05,96.75,95.8333
1672988400,2023-01-06 07:00:00,2023-01-06 08:00:00,ringsted,2.525,0.0,8.55,1.325,1008.07,97.75,95.0
1672992000,2023-01-06 08:00:00,2023-01-06 09:00:00,ringsted,2.775,0.0,8.5,2.475,1007.07,98.25,95.8333
1672995600,2023-01-06 09:00:00,2023-01-06 10:00:00,ringsted,3.1,4.0,8.125,2.325,1006.0,98.25,98.3333
1672999200,2023-01-06 10:00:00,2023-01-06 11:00:00,ringsted,3.5,9.0,7.375,2.5,1004.7,98.75,96.6667
1673002800,2023-01-06 11:00:00,2023-01-06 12:00:00,ringsted,4.3,12.5,6.625,2.95,1003.76,98.75,89.1667
1673006400,2023-01-06 12:00:00,2023-01-06 13:00:00,ringsted,5.675,61.5,6.325,2.3,1004.03,97.5,52.5
1673010000,2023-01-06 13:00:00,2023-01-06 14:00:00,ringsted,7.025,101.0,4.575,0.075,1005.18,91.0,78.75
1673013600,2023-01-06 14:00:00,2023-01-06 15:00:00,ringsted,7.3,41.5,4.825,0.0,1006.02,87.5,74.1667
1673017200,2023-01-06 15:00:00,2023-01-06 16:00:00,ringsted,6.95,15.5,4.65,0.0,1006.83,88.5,62.5
1673020800,2023-01-06 16:00:00,2023-01-06 17:00:00,ringsted,6.6,0.0,4.275,0.0,1007.21,89.5,35.0
1673024400,2023-01-06 17:00:00,2023-01-06 18:00:00,ringsted,6.05,0.0,4.15,0.0,1007.53,91.0,6.66667
1673028000,2023-01-06 18:00:00,2023-01-06 19:00:00,ringsted,5.775,0.0,4.6,0.0,1008.09,91.75,33.3333
1673031600,2023-01-06 19:00:00,2023-01-06 20:00:00,ringsted,5.525,0.0,4.525,0.0,1008.56,92.5,67.0833
1673035200,2023-01-06 20:00:00,2023-01-06 21:00:00,ringsted,5.85,0.0,4.675,0.0,1008.88,92.0,85.0
1673038800,2023-01-06 21:00:00,2023-01-06 22:00:00,ringsted,5.825,0.0,4.425,0.0,1009.25,92.25,91.6667
1673042400,2023-01-06 22:00:00,2023-01-06 23:00:00,ringsted,6.15,0.0,4.3,0.0,1009.5,89.0,70.8333
1673046000,2023-01-06 23:00:00,2023-01-07 00:00:00,ringsted,6.05,0.0,3.975,0.0,1009.93,87.5,80.0
1673049600,2023-01-07 00:00:00,2023-01-07 01:00:00,ringsted,5.8,0.0,4.275,0.0,1009.94,92.0,77.5
1673053200,2023-01-07 01:00:00,2023-01-07 02:00:00,ringsted,5.725,0.0,4.025,0.0,1009.9,94.75,61.6667
1673056800,2023-01-07 02:00:00,2023-01-07 03:00:00,ringsted,5.5,0.0,3.475,0.0,1009.8,96.0,85.0
1673060400,2023-01-07 03:00:00,2023-01-07 04:00:00,ringsted,5.175,0.0,2.975,0.0,1009.45,97.25,72.5
1673064000,2023-01-07 04:00:00,2023-01-07 05:00:00,ringsted,4.85,0.0,3.375,0.0,1009.38,98.0,79.1667
1673067600,2023-01-07 05:00:00,2023-01-07 06:00:00,ringsted,4.775,0.0,2.95,0.0,1009.1,98.25,66.6667
1673071200,2023-01-07 06:00:00,2023-01-07 07:00:00,ringsted,4.225,0.0,2.95,0.0,1009.1,98.25,58.75
1673074800,2023-01-07 07:00:00,2023-01-07 08:00:00,ringsted,4.05,0.0,2.675,0.0,1008.94,98.25,63.75
1673078400,2023-01-07 08:00:00,2023-01-07 09:00:00,ringsted,4.05,1.5,3.0,0.025,1008.59,98.75,90.0
1673082000,2023-01-07 09:00:00,2023-01-07 10:00:00,ringsted,4.7,11.5,3.425,0.35,1008.27,99.75,99.1667
1673085600,2023-01-07 10:00:00,2023-01-07 11:00:00,ringsted,5.55,25.5,3.5,0.775,1007.89,99.5,98.3333
1673089200,2023-01-07 11:00:00,2023-01-07 12:00:00,ringsted,6.175,30.0,3.55,0.4,1007.36,99.75,98.3333
1673092800,2023-01-07 12:00:00,2023-01-07 13:00:00,ringsted,6.775,39.0,3.8,0.125,1006.87,99.75,98.3333
1673096400,2023-01-07 13:00:00,2023-01-07 14:00:00,ringsted,7.375,36.5,3.725,0.15,1006.39,99.75,87.5
1673100000,2023-01-07 14:00:00,2023-01-07 15:00:00,ringsted,7.925,14.5,3.5,0.025,1006.04,99.75,92.5
1673103600,2023-01-07 15:00:00,2023-01-07 16:00:00,ringsted,8.25,6.0,3.675,0.05,1005.8,99.5,62.5
1673107200,2023-01-07 16:00:00,2023-01-07 17:00:00,ringsted,8.2,0.0,3.55,0.025,1005.38,99.0,69.1667
1673110800,2023-01-07 17:00:00,2023-01-07 18:00:00,ringsted,7.8,0.0,3.475,0.025,1005.04,99.25,52.5
1673114400,2023-01-07 18:00:00,2023-01-07 19:00:00,ringsted,7.4,0.0,4.075,0.025,1004.49,99.0,89.1667
1673118000,2023-01-07 19:00:00,2023-01-07 20:00:00,ringsted,7.25,0.0,4.675,0.025,1004.1,99.0,93.3333
1673121600,2023-01-07 20:00:00,2023-01-07 21:00:00,ringsted,7.225,0.0,4.475,0.0,1003.55,98.75,95.8333
1673125200,2023-01-07 21:00:00,2023-01-07 22:00:00,ringsted,7.425,0.0,4.8,0.0,1002.85,98.0,88.3333
1673128800,2023-01-07 22:00:00,2023-01-07 23:00:00,ringsted,7.5,0.0,5.3,0.0,1002.1,96.0,57.5
1673132400,2023-01-07 23:00:00,2023-01-08 00:00:00,ringsted,7.425,0.0,5.525,0.0,1001.37,95.25,80.8333
1673136000,2023-01-08 00:00:00,2023-01-08 01:00:00,ringsted,7.375,0.0,5.8,0.0,1000.53,94.25,92.5
1673139600,2023-01-08 01:00:00,2023-01-08 02:00:00,ringsted,7.25,0.0,5.9,0.0,999.917,93.5,88.3333
1673143200,2023-01-08 02:00:00,2023-01-08 03:00:00,ringsted,7.05,0.0,5.7,0.0,999.392,92.0,90.8333
1673146800,2023-01-08 03:00:00,2023-01-08 04:00:00,ringsted,6.775,0.0,5.525,0.0,998.879,92.25,90.8333
1673150400,2023-01-08 04:00:00,2023-01-08 05:00:00,ringsted,6.675,0.0,5.25,0.0,998.642,92.0,92.5
1673154000,2023-01-08 05:00:00,2023-01-08 06:00:00,ringsted,6.5,0.0,4.875,0.0,998.312,92.75,92.5
1673157600,2023-01-08 06:00:00,2023-01-08 07:00:00,ringsted,6.425,0.0,4.55,0.0,998.075,93.5,95.0
1673161200,2023-01-08 07:00:00,2023-01-08 08:00:00,ringsted,6.475,0.0,4.05,0.0,997.9,93.5,85.0
1673164800,2023-01-08 08:00:00,2023-01-08 09:00:00,ringsted,6.5,1.0,3.775,0.0,997.763,93.5,69.1667
1673168400,2023-01-08 09:00:00,2023-01-08 10:00:00,ringsted,6.525,12.0,3.9,0.0,997.608,93.75,58.3333
1673172000,2023-01-08 10:00:00,2023-01-08 11:00:00,ringsted,6.625,23.0,3.675,0.025,997.325,95.25,81.6667
1673175600,2023-01-08 11:00:00,2023-01-08 12:00:00,ringsted,6.85,28.0,3.675,0.2,996.75,96.5,95.0
1673179200,2023-01-08 12:00:00,2023-01-08 13:00:00,ringsted,6.875,38.0,3.65,0.2,996.213,97.75,95.8333
1673182800,2023-01-08 13:00:00,2023-01-08 14:00:00,ringsted,6.875,31.5,3.7,0.45,995.737,98.75,95.0
1673186400,2023-01-08 14:00:00,2023-01-08 15:00:00,ringsted,6.95,34.5,3.075,0.05,995.338,99.0,92.5
1673190000,2023-01-08 15:00:00,2023-01-08 16:00:00,ringsted,7.05,8.5,2.9,0.1,995.225,98.75,95.0
1673193600,2023-01-08 16:00:00,2023-01-08 17:00:00,ringsted,6.975,0.5,2.75,0.025,995.138,99.0,52.5
1673197200,2023-01-08 17:00:00,2023-01-08 18:00:00,ringsted,6.525,0.0,2.425,0.0,995.125,99.0,51.6667
1673200800,2023-01-08 18:00:00,2023-01-08 19:00:00,ringsted,6.125,0.0,2.525,0.0,994.967,99.25,49.1667
1673204400,2023-01-08 19:00:00,2023-01-08 20:00:00,ringsted,6.075,0.0,2.75,0.0,994.688,98.75,57.5
1673208000,2023-01-08 20:00:00,2023-01-08 21:00:00,ringsted,5.975,0.0,3.525,0.0,994.358,99.0,84.1667
1673211600,2023-01-08 21:00:00,2023-01-08 22:00:00,ringsted,5.95,0.0,3.15,0.0,993.908,99.25,87.5
1673215200,2023-01-08 22:00:00,2023-01-08 23:00:00,ringsted,5.975,0.0,3.325,0.075,993.333,99.5,91.6667
1673218800,2023-01-08 23:00:00,2023-01-09 00:00:00,ringsted,5.9,0.0,2.825,0.15,992.825,99.5,91.6667
1673222400,2023-01-09 00:00:00,2023-01-09 01:00:00,ringsted,5.575,0.0,2.925,0.0,992.329,99.5,56.6667
1673226000,2023-01-09 01:00:00,2023-01-09 02:00:00,ringsted,5.3,0.0,3.425,0.0,991.95,99.5,59.1667
1673229600,2023-01-09 02:00:00,2023-01-09 03:00:00,ringsted,5.1,0.0,3.3,0.0,991.713,99.25,62.0833
1673233200,2023-01-09 03:00:00,2023-01-09 04:00:00,ringsted,4.65,0.0,3.05,0.0,991.542,99.0,42.5
1673236800,2023-01-09 04:00:00,2023-01-09 05:00:00,ringsted,4.8,0.0,3.275,0.0,991.487,99.5,69.1667
1673240400,2023-01-09 05:00:00,2023-01-09 06:00:00,ringsted,4.9,0.0,3.325,0.0,991.079,99.5,54.1667
1673244000,2023-01-09 06:00:00,2023-01-09 07:00:00,ringsted,4.975,0.0,3.25,0.0,990.583,99.5,88.3333
1673247600,2023-01-09 07:00:00,2023-01-09 08:00:00,ringsted,4.825,0.0,3.625,0.0,990.392,99.5,90.8333
1673251200,2023-01-09 08:00:00,2023-01-09 09:00:00,ringsted,4.875,0.5,3.45,0.15,990.575,99.0,95.8333
1673254800,2023-01-09 09:00:00,2023-01-09 10:00:00,ringsted,5.125,4.5,4.1,0.925,990.842,99.25,95.8333
1673258400,2023-01-09 10:00:00,2023-01-09 11:00:00,ringsted,5.275,12.0,4.075,1.475,991.121,99.25,94.1667
1673262000,2023-01-09 11:00:00,2023-01-09 12:00:00,ringsted,5.175,21.0,3.0,1.775,991.317,99.25,87.5
1673265600,2023-01-09 12:00:00,2023-01-09 13:00:00,ringsted,5.0,38.0,2.45,1.1,991.433,98.25,87.5
1673269200,2023-01-09 13:00:00,2023-01-09 14:00:00,ringsted,5.2,89.5,2.55,0.125,991.825,98.5,92.5
1673272800,2023-01-09 14:00:00,2023-01-09 15:00:00,ringsted,5.45,49.5,2.95,0.0,992.621,97.75,91.6667
1673276400,2023-01-09 15:00:00,2023-01-09 16:00:00,ringsted,5.475,14.0,3.15,0.0,993.458,96.75,72.5
1673280000,2023-01-09 16:00:00,2023-01-09 17:00:00,ringsted,5.05,0.5,3.25,0.0,994.013,97.5,95.0
1673283600,2023-01-09 17:00:00,2023-01-09 18:00:00,ringsted,5.05,0.0,3.6,0.0,994.729,97.25,71.6667
1673287200,2023-01-09 18:00:00,2023-01-09 19:00:00,ringsted,4.65,0.0,3.225,0.0,995.471,97.75,52.5
1673290800,2023-01-09 19:00:00,2023-01-09 20:00:00,ringsted,4.125,0.0,2.9,0.0,996.371,97.75,85.0
1673294400,2023-01-09 20:00:00,2023-01-09 21:00:00,ringsted,4.225,0.0,3.1,0.0,997.133,95.75,87.5
1673298000,2023-01-09 21:00:00,2023-01-09 22:00:00,ringsted,4.05,0.0,2.7,0.0,997.75,94.75,65.8333
1673301600,2023-01-09 22:00:00,2023-01-09 23:00:00,ringsted,3.975,0.0,2.475,0.0,998.492,95.0,44.1667
1673305200,2023-01-09 23:00:00,2023-01-10 00:00:00,ringsted,3.65,0.0,2.55,0.0,999.208,97.5,60.4167
1673308800,2023-01-10 00:00:00,2023-01-10 01:00:00,ringsted,3.925,0.0,2.925,0.0,999.904,97.5,85.8333
1673312400,2023-01-10 01:00:00,2023-01-10 02:00:00,ringsted,4.2,0.0,3.25,0.0,1000.7,97.5,67.0833
1673316000,2023-01-10 02:00:00,2023-01-10 03:00:00,ringsted,4.35,0.0,3.275,0.0,1001.43,98.75,60.8333
1673319600,2023-01-10 03:00:00,2023-01-10 04:00:00,ringsted,4.75,0.0,3.375,0.0,1002.22,99.25,52.5
1673323200,2023-01-10 04:00:00,2023-01-10 05:00:00,ringsted,4.825,0.0,3.2,0.0,1003.1,99.0,55.0
1673326800,2023-01-10 05:00:00,2023-01-10 06:00:00,ringsted,4.7,0.0,3.15,0.025,1003.99,98.75,74.1667
1673330400,2023-01-10 06:00:00,2023-01-10 07:00:00,ringsted,4.85,0.0,3.225,0.0,1004.79,99.0,93.3333
1673334000,2023-01-10 07:00:00,2023-01-10 08:00:00,ringsted,5.075,0.0,3.425,0.0,1006.01,98.25,89.1667
1673337600,2023-01-10 08:00:00,2023-01-10 09:00:00,ringsted,5.175,2.0,3.5,0.0,1006.88,98.0,50.0
1673341200,2023-01-10 09:00:00,2023-01-10 10:00:00,ringsted,5.25,36.0,3.575,0.0,1007.52,97.5,51.25
1673344800,2023-01-10 10:00:00,2023-01-10 11:00:00,ringsted,5.625,118.0,3.725,0.0,1007.99,96.0,14.1667
1673348400,2023-01-10 11:00:00,2023-01-10 12:00:00,ringsted,5.9,146.5,4.55,0.0,1008.11,95.25,62.9167
1673352000,2023-01-10 12:00:00,2023-01-10 13:00:00,ringsted,5.7,89.5,5.175,0.0,1008.61,96.25,80.4167
1673355600,2023-01-10 13:00:00,2023-01-10 14:00:00,ringsted,5.475,41.5,5.625,0.0,1008.8,96.5,94.1667
1673359200,2023-01-10 14:00:00,2023-01-10 15:00:00,ringsted,5.175,21.0,5.325,0.0,1008.95,97.0,95.0
1673362800,2023-01-10 15:00:00,2023-01-10 16:00:00,ringsted,5.15,8.0,4.75,0.0,1008.78,97.5,95.8333
1673366400,2023-01-10 16:00:00,2023-01-10 17:00:00,ringsted,5.2,0.0,4.5,0.0,1008.69,97.5,95.0
1673370000,2023-01-10 17:00:00,2023-01-10 18:00:00,ringsted,5.275,0.0,4.5,0.0,1008.47,97.25,95.0
1673373600,2023-01-10 18:00:00,2023-01-10 19:00:00,ringsted,5.325,0.0,4.875,0.0,1007.88,97.25,76.6667
1673377200,2023-01-10 19:00:00,2023-01-10 20:00:00,ringsted,5.325,0.0,5.275,0.0,1007.17,96.5,54.1667
1673380800,2023-01-10 20:00:00,2023-01-10 21:00:00,ringsted,5.025,0.0,5.55,0.0,1006.52,95.25,58.3333
1673384400,2023-01-10 21:00:00,2023-01-10 22:00:00,ringsted,4.825,0.0,6.2,0.0,1005.62,94.75,46.6667
1673388000,2023-01-10 22:00:00,2023-01-10 23:00:00,ringsted,4.8,0.0,6.125,0.0,1004.55,93.0,65.4167
1673391600,2023-01-10 23:00:00,2023-01-11 00:00:00,ringsted,5.0,0.0,6.8,0.025,1003.37,90.75,93.3333
1673395200,2023-01-11 00:00:00,2023-01-11 01:00:00,ringsted,4.9,0.0,7.5,0.3,1001.98,92.25,96.6667
1673398800,2023-01-11 01:00:00,2023-01-11 02:00:00,ringsted,4.65,0.0,8.175,0.75,1000.75,94.0,98.3333
1673402400,2023-01-11 02:00:00,2023-01-11 03:00:00,ringsted,4.575,0.0,8.5,1.15,999.438,96.5,97.5
1673406000,2023-01-11 03:00:00,2023-01-11 04:00:00,ringsted,4.625,0.0,8.975,0.45,998.188,97.75,97.5
1673409600,2023-01-11 04:00:00,2023-01-11 05:00:00,ringsted,4.9,0.0,8.825,0.175,997.296,98.25,96.6667
1673413200,2023-01-11 05:00:00,2023-01-11 06:00:00,ringsted,5.325,0.0,9.0,0.375,997.017,98.5,97.5
1673416800,2023-01-11 06:00:00,2023-01-11 07:00:00,ringsted,5.85,0.0,8.675,0.675,996.992,98.75,99.1667
1673420400,2023-01-11 07:00:00,2023-01-11 08:00:00,ringsted,6.375,0.0,8.125,0.95,997.467,98.75,99.1667
1673424000,2023-01-11 08:00:00,2023-01-11 09:00:00,ringsted,6.775,0.5,7.525,0.05,998.071,98.75,99.1667
1673427600,2023-01-11 09:00:00,2023-01-11 10:00:00,ringsted,7.05,11.0,6.15,0.05,998.558,99.0,93.3333
1673431200,2023-01-11 10:00:00,2023-01-11 11:00:00,ringsted,7.525,37.0,5.075,0.025,998.917,98.75,90.8333
1673434800,2023-01-11 11:00:00,2023-01-11 12:00:00,ringsted,7.9,59.5,4.775,0.0,999.142,98.25,60.0
1673438400,2023-01-11 12:00:00,2023-01-11 13:00:00,ringsted,8.15,78.5,4.85,0.0,999.013,97.25,47.5
1673442000,2023-01-11 13:00:00,2023-01-11 14:00:00,ringsted,7.95,76.0,4.4,0.0,999.158,96.75,36.6667
1673445600,2023-01-11 14:00:00,2023-01-11 15:00:00,ringsted,7.625,43.0,4.575,0.0,999.679,96.0,45.0
1673449200,2023-01-11 15:00:00,2023-01-11 16:00:00,ringsted,7.35,27.5,4.675,0.0,1000.24,95.5,46.6667
1673452800,2023-01-11 16:00:00,2023-01-11 17:00:00,ringsted,6.775,2.5,4.575,0.0,1000.52,95.5,9.58333
1673456400,2023-01-11 17:00:00,2023-01-11 18:00:00,ringsted,6.1,0.0,4.175,0.0,1000.73,96.5,9.16667
1673460000,2023-01-11 18:00:00,2023-01-11 19:00:00,ringsted,5.775,0.0,4.725,0.0,1000.68,97.0,13.75
1673463600,2023-01-11 19:00:00,2023-01-11 20:00:00,ringsted,5.85,0.0,5.5,0.0,1000.92,95.75,30.4167
1673467200,2023-01-11 20:00:00,2023-01-11 21:00:00,ringsted,6.075,0.0,5.575,0.0,1000.8,94.0,62.0833
1673470800,2023-01-11 21:00:00,2023-01-11 22:00:00,ringsted,6.15,0.0,5.625,0.0,1000.3,92.0,51.6667
1673474400,2023-01-11 22:00:00,2023-01-11 23:00:00,ringsted,5.95,0.0,5.975,0.0,999.754,93.0,52.5
1673478000,2023-01-11 23:00:00,2023-01-12 00:00:00,ringsted,5.625,0.0,5.725,0.0,999.138,92.75,66.25
1673481600,2023-01-12 00:00:00,2023-01-12 01:00:00,ringsted,5.55,0.0,5.825,0.025,998.05,92.25,90.8333
1673485200,2023-01-12 01:00:00,2023-01-12 02:00:00,ringsted,5.725,0.0,6.575,0.2,997.133,93.5,95.0
1673488800,2023-01-12 02:00:00,2023-01-12 03:00:00,ringsted,5.95,0.0,7.75,0.125,996.621,94.25,80.8333
1673492400,2023-01-12 03:00:00,2023-01-12 04:00:00,ringsted,5.85,0.0,8.1,0.125,996.562,92.75,53.3333
1673496000,2023-01-12 04:00:00,2023-01-12 05:00:00,ringsted,5.55,0.0,6.95,0.0,996.487,92.25,69.5833
1673499600,2023-01-12 05:00:00,2023-01-12 06:00:00,ringsted,5.5,0.0,6.575,0.0,996.367,92.0,56.6667
1673503200,2023-01-12 06:00:00,2023-01-12 07:00:00,ringsted,5.625,0.0,5.975,0.0,996.083,91.0,66.6667
1673506800,2023-01-12 07:00:00,2023-01-12 08:00:00,ringsted,5.525,0.0,5.6,0.0,995.625,90.5,71.6667
1673510400,2023-01-12 08:00:00,2023-01-12 09:00:00,ringsted,5.575,1.5,5.35,0.0,994.938,92.75,80.8333
1673514000,2023-01-12 09:00:00,2023-01-12 10:00:00,ringsted,5.9,8.5,5.65,0.125,994.008,94.0,94.1667
1673517600,2023-01-12 10:00:00,2023-01-12 11:00:00,ringsted,6.0,18.0,5.3,1.35,992.308,97.5,95.0
1673521200,2023-01-12 11:00:00,2023-01-12 12:00:00,ringsted,6.1,21.0,4.9,1.95,990.208,98.25,95.8333
1673524800,2023-01-12 12:00:00,2023-01-12 13:00:00,ringsted,6.4,27.5,7.125,1.2,989.058,99.0,95.8333
1673528400,2023-01-12 13:00:00,2023-01-12 14:00:00,ringsted,7.2,35.0,8.225,0.525,989.196,99.0,95.8333
1673532000,2023-01-12 14:00:00,2023-01-12 15:00:00,ringsted,8.05,22.5,8.1,0.125,990.158,98.75,80.0
1673535600,2023-01-12 15:00:00,2023-01-12 16:00:00,ringsted,7.975,14.0,7.4,0.05,991.779,96.75,83.3333
1673539200,2023-01-12 16:00:00,2023-01-12 17:00:00,ringsted,7.25,0.5,6.35,0.0,993.096,94.0,95.0
1673542800,2023-01-12 17:00:00,2023-01-12 18:00:00,ringsted,6.8,0.0,5.325,0.0,993.838,92.5,67.5
1673546400,2023-01-12 18:00:00,2023-01-12 19:00:00,ringsted,6.425,0.0,4.25,0.0,994.267,93.5,78.3333
1673550000,2023-01-12 19:00:00,2023-01-12 20:00:00,ringsted,6.025,0.0,3.4,0.0,994.079,95.0,85.0
1673553600,2023-01-12 20:00:00,2023-01-12 21:00:00,ringsted,5.875,0.0,3.025,0.025,993.621,96.75,90.0
1673557200,2023-01-12 21:00:00,2023-01-12 22:00:00,ringsted,5.925,0.0,3.6,0.2,992.812,98.0,93.3333
1673560800,2023-01-12 22:00:00,2023-01-12 23:00:00,ringsted,6.125,0.0,3.75,0.0,991.938,98.5,95.0
1673564400,2023-01-12 23:00:00,2023-01-13 00:00:00,ringsted,6.75,0.0,5.1,1.675,991.117,99.25,93.3333
1673568000,2023-01-13 00:00:00,2023-01-13 01:00:00,ringsted,7.6,0.0,6.1,1.3,990.65,99.25,95.0
1673571600,2023-01-13 01:00:00,2023-01-13 02:00:00,ringsted,8.45,0.0,6.25,0.3,990.771,98.75,92.5
1673575200,2023-01-13 02:00:00,2023-01-13 03:00:00,ringsted,8.175,0.0,6.2,0.05,990.9,95.25,60.8333
1673578800,2023-01-13 03:00:00,2023-01-13 04:00:00,ringsted,7.4,0.0,5.775,0.0,991.213,90.25,49.1667
1673582400,2023-01-13 04:00:00,2023-01-13 05:00:00,ringsted,6.825,0.0,5.55,0.0,991.396,88.25,14.1667
1673586000,2023-01-13 05:00:00,2023-01-13 06:00:00,ringsted,6.1,0.0,5.075,0.0,991.529,89.5,32.0833
1673589600,2023-01-13 06:00:00,2023-01-13 07:00:00,ringsted,6.0,0.0,5.5,0.0,991.571,88.5,38.3333
1673593200,2023-01-13 07:00:00,2023-01-13 08:00:00,ringsted,5.9,0.0,6.3,0.0,991.621,89.25,50.0
1673596800,2023-01-13 08:00:00,2023-01-13 09:00:00,ringsted,6.025,6.0,6.85,0.05,991.679,88.0,71.6667
1673600400,2023-01-13 09:00:00,2023-01-13 10:00:00,ringsted,6.3,53.5,7.175,0.05,991.5,86.0,90.0
1673604000,2023-01-13 10:00:00,2023-01-13 11:00:00,ringsted,6.85,62.0,8.325,0.025,991.092,83.25,92.5
1673607600,2023-01-13 11:00:00,2023-01-13 12:00:00,ringsted,7.025,63.5,9.0,0.0,990.888,82.5,95.0
1673611200,2023-01-13 12:00:00,2023-01-13 13:00:00,ringsted,6.75,35.0,8.775,0.0,990.513,86.75,95.0
1673614800,2023-01-13 13:00:00,2023-01-13 14:00:00,ringsted,6.725,31.0,9.1,0.025,990.279,87.25,95.0
1673618400,2023-01-13 14:00:00,2023-01-13 15:00:00,ringsted,6.475,25.0,9.375,0.075,990.267,91.75,95.0
1673622000,2023-01-13 15:00:00,2023-01-13 16:00:00,ringsted,6.55,8.5,9.825,0.025,990.388,91.5,95.0
1673625600,2023-01-13 16:00:00,2023-01-13 17:00:00,ringsted,6.575,0.5,9.375,0.15,990.713,92.25,92.5
1673629200,2023-01-13 17:00:00,2023-01-13 18:00:00,ringsted,6.475,0.0,8.9,0.2,990.963,94.25,90.8333
1673632800,2023-01-13 18:00:00,2023-01-13 19:00:00,ringsted,6.575,0.0,8.275,0.0,991.058,91.5,92.5
1673636400,2023-01-13 19:00:00,2023-01-13 20:00:00,ringsted,6.6,0.0,8.725,0.0,991.217,90.0,95.0
1673640000,2023-01-13 20:00:00,2023-01-13 21:00:00,ringsted,6.425,0.0,8.325,0.1,991.567,91.5,93.3333
1673643600,2023-01-13 21:00:00,2023-01-13 22:00:00,ringsted,6.425,0.0,8.55,0.325,992.204,94.5,93.3333
1673647200,2023-01-13 22:00:00,2023-01-13 23:00:00,ringsted,6.525,0.0,8.275,0.75,993.4,93.75,95.0
1673650800,2023-01-13 23:00:00,2023-01-14 00:00:00,ringsted,6.575,0.0,8.325,0.375,994.971,91.75,95.0
1673654400,2023-01-14 00:00:00,2023-01-14 01:00:00,ringsted,6.45,0.0,8.1,0.25,996.383,91.25,82.5
1673658000,2023-01-14 01:00:00,2023-01-14 02:00:00,ringsted,6.375,0.0,7.65,0.025,997.542,83.75,46.25
1673661600,2023-01-14 02:00:00,2023-01-14 03:00:00,ringsted,6.1,0.0,7.025,0.0,998.5,83.5,40.0
1673665200,2023-01-14 03:00:00,2023-01-14 04:00:00,ringsted,5.9,0.0,6.95,0.0,999.317,85.0,40.8333
1673668800,2023-01-14 04:00:00,2023-01-14 05:00:00,ringsted,5.875,0.0,6.775,0.0,1000.0,87.5,37.9167
1673672400,2023-01-14 05:00:00,2023-01-14 06:00:00,ringsted,5.9,0.0,6.65,0.0,1000.69,88.75,30.0
1673676000,2023-01-14 06:00:00,2023-01-14 07:00:00,ringsted,5.875,0.0,6.525,0.0,1000.97,89.5,48.3333
1673679600,2023-01-14 07:00:00,2023-01-14 08:00:00,ringsted,5.85,0.0,6.15,0.0,1001.2,90.0,70.8333
1673683200,2023-01-14 08:00:00,2023-01-14 09:00:00,ringsted,5.825,4.0,6.05,0.0,1001.6,91.0,67.5
1673686800,2023-01-14 09:00:00,2023-01-14 10:00:00,ringsted,5.875,28.5,6.2,0.0,1001.5,91.25,84.5833
1673690400,2023-01-14 10:00:00,2023-01-14 11:00:00,ringsted,6.1,73.0,6.075,0.0,1001.13,89.25,72.5
1673694000,2023-01-14 11:00:00,2023-01-14 12:00:00,ringsted,6.125,77.0,6.375,0.0,1000.39,90.0,70.8333
1673697600,2023-01-14 12:00:00,2023-01-14 13:00:00,ringsted,6.075,80.5,6.375,0.0,999.138,89.25,66.25
1673701200,2023-01-14 13:00:00,2023-01-14 14:00:00,ringsted,5.95,58.5,6.4,0.0,997.638,88.0,50.0
1673704800,2023-01-14 14:00:00,2023-01-14 15:00:00,ringsted,5.725,28.5,6.025,0.0,996.263,88.5,78.3333
1673708400,2023-01-14 15:00:00,2023-01-14 16:00:00,ringsted,5.575,8.5,6.65,0.05,994.425,89.75,96.6667
1673712000,2023-01-14 16:00:00,2023-01-14 17:00:00,ringsted,5.225,0.0,7.3,0.45,992.204,92.75,95.0
1673715600,2023-01-14 17:00:00,2023-01-14 18:00:00,ringsted,4.95,0.0,8.0,0.875,989.979,95.5,97.5
1673719200,2023-01-14 18:00:00,2023-01-14 19:00:00,ringsted,5.025,0.0,8.625,1.35,987.804,96.5,99.1667
1673722800,2023-01-14 19:00:00,2023-01-14 20:00:00,ringsted,5.4,0.0,9.2,1.35,986.017,97.25,98.3333
1673726400,2023-01-14 20:00:00,2023-01-14 21:00:00,ringsted,5.7,0.0,9.275,1.1,984.525,98.25,99.1667
1673730000,2023-01-14 21:00:00,2023-01-14 22:00:00,ringsted,6.35,0.0,8.525,0.25,983.562,98.75,99.1667
1673733600,2023-01-14 22:00:00,2023-01-14 23:00:00,ringsted,7.125,0.0,8.725,0.125,983.133,98.5,97.5
1673737200,2023-01-14 23:00:00,2023-01-15 00:00:00,ringsted,7.575,0.0,8.625,0.4,983.717,98.75,95.0
1673740800,2023-01-15 00:00:00,2023-01-15 01:00:00,ringsted,6.975,0.0,8.525,1.2,984.213,94.75,92.5
1673744400,2023-01-15 01:00:00,2023-01-15 02:00:00,ringsted,5.6,0.0,6.325,0.125,984.55,88.0,50.8333
1673748000,2023-01-15 02:00:00,2023-01-15 03:00:00,ringsted,5.275,0.0,7.025,0.0,984.892,86.5,44.1667
1673751600,2023-01-15 03:00:00,2023-01-15 04:00:00,ringsted,5.2,0.0,7.325,0.0,984.858,87.75,60.0
1673755200,2023-01-15 04:00:00,2023-01-15 05:00:00,ringsted,5.375,0.0,8.025,0.025,984.483,87.5,48.75
1673758800,2023-01-15 05:00:00,2023-01-15 06:00:00,ringsted,5.325,0.0,7.9,0.0,984.154,86.75,57.0833
1673762400,2023-01-15 06:00:00,2023-01-15 07:00:00,ringsted,5.375,0.0,8.175,0.05,984.179,85.25,66.6667
1673766000,2023-01-15 07:00:00,2023-01-15 08:00:00,ringsted,5.375,0.0,8.65,0.0,984.233,82.75,80.8333
1673769600,2023-01-15 08:00:00,2023-01-15 09:00:00,ringsted,5.25,2.0,8.9,0.175,984.358,82.25,65.0
1673773200,2023-01-15 09:00:00,2023-01-15 10:00:00,ringsted,5.225,26.5,8.7,0.075,984.325,81.75,46.6667
1673776800,2023-01-15 10:00:00,2023-01-15 11:00:00,ringsted,5.55,98.5,9.95,0.025,983.958,75.25,40.8333
1673780400,2023-01-15 11:00:00,2023-01-15 12:00:00,ringsted,5.825,135.5,10.55,0.0,983.362,70.0,51.25
1673784000,2023-01-15 12:00:00,2023-01-15 13:00:00,ringsted,5.75,132.5,11.1,0.0,982.554,68.0,41.25
1673787600,2023-01-15 13:00:00,2023-01-15 14:00:00,ringsted,5.325,116.5,11.05,0.05,981.417,70.5,47.9167
1673791200,2023-01-15 14:00:00,2023-01-15 15:00:00,ringsted,5.3,59.5,11.775,0.0,980.254,69.0,92.0833
1673794800,2023-01-15 15:00:00,2023-01-15 16:00:00,ringsted,5.175,10.0,12.8,0.075,979.771,71.25,98.3333
1673798400,2023-01-15 16:00:00,2023-01-15 17:00:00,ringsted,4.4,0.5,13.375,0.1,979.642,84.75,95.0
1673802000,2023-01-15 17:00:00,2023-01-15 18:00:00,ringsted,4.475,0.0,12.55,0.475,980.104,90.75,92.0833
1673805600,2023-01-15 18:00:00,2023-01-15 19:00:00,ringsted,4.875,0.0,11.5,0.55,981.179,91.25,84.5833
1673809200,2023-01-15 19:00:00,2023-01-15 20:00:00,ringsted,5.375,0.0,10.4,0.025,982.338,88.0,87.5
1673812800,2023-01-15 20:00:00,2023-01-15 21:00:00,ringsted,5.425,0.0,10.025,0.075,983.604,83.75,76.6667
1673816400,2023-01-15 21:00:00,2023-01-15 22:00:00,ringsted,5.3,0.0,9.55,0.375,984.783,84.0,50.0
1673820000,2023-01-15 22:00:00,2023-01-15 23:00:00,ringsted,5.35,0.0,8.75,0.0,985.704,82.0,38.75
1673823600,2023-01-15 23:00:00,2023-01-16 00:00:00,ringsted,5.15,0.0,8.025,0.0,986.433,81.5,49.5833
1673827200,2023-01-16 00:00:00,2023-01-16 01:00:00,ringsted,5.0,0.0,7.5,0.0,987.021,83.25,47.9167
1673830800,2023-01-16 01:00:00,2023-01-16 02:00:00,ringsted,4.675,0.0,6.4,0.3,987.629,84.25,48.3333
1673834400,2023-01-16 02:00:00,2023-01-16 03:00:00,ringsted,4.475,0.0,6.25,0.0,987.833,86.0,44.1667
1673838000,2023-01-16 03:00:00,2023-01-16 04:00:00,ringsted,4.25,0.0,5.825,0.0,987.671,87.75,10.0
1673841600,2023-01-16 04:00:00,2023-01-16 05:00:00,ringsted,3.8,0.0,5.725,0.0,987.779,91.0,22.9167
1673845200,2023-01-16 05:00:00,2023-01-16 06:00:00,ringsted,3.775,0.0,5.825,0.0,987.862,92.25,90.0
1673848800,2023-01-16 06:00:00,2023-01-16 07:00:00,ringsted,3.85,0.0,5.3,0.0,987.875,90.75,90.0
1673852400,2023-01-16 07:00:00,2023-01-16 08:00:00,ringsted,3.875,0.0,5.125,0.025,988.017,90.5,78.3333
1673856000,2023-01-16 08:00:00,2023-01-16 09:00:00,ringsted,3.575,3.5,4.225,0.0,987.783,91.0,33.3333
1673859600,2023-01-16 09:00:00,2023-01-16 10:00:00,ringsted,3.325,32.5,3.425,0.0,987.433,93.0,59.5833
1673863200,2023-01-16 10:00:00,2023-01-16 11:00:00,ringsted,3.75,56.5,3.425,0.0,986.763,92.5,89.5833
1673866800,2023-01-16 11:00:00,2023-01-16 12:00:00,ringsted,4.375,110.0,4.45,0.0,985.754,90.25,74.1667
1673870400,2023-01-16 12:00:00,2023-01-16 13:00:00,ringsted,4.7,148.5,4.85,0.0,984.588,86.75,71.25
1673874000,2023-01-16 13:00:00,2023-01-16 14:00:00,ringsted,4.65,108.5,5.425,0.0,983.612,85.0,60.8333
1673877600,2023-01-16 14:00:00,2023-01-16 15:00:00,ringsted,4.3,60.5,4.625,0.0,982.875,86.25,60.0
1673881200,2023-01-16 15:00:00,2023-01-16 16:00:00,ringsted,3.875,24.0,4.85,0.0,982.275,89.0,53.75
1673884800,2023-01-16 16:00:00,2023-01-16 17:00:00,ringsted,3.6,1.5,5.6,0.0,981.5,91.25,53.3333
1673888400,2023-01-16 17:00:00,2023-01-16 18:00:00,ringsted,3.75,0.0,6.225,0.0,980.717,89.75,63.3333
1673892000,2023-01-16 18:00:00,2023-01-16 19:00:00,ringsted,3.875,0.0,6.875,0.0,979.987,86.75,84.1667
1673895600,2023-01-16 19:00:00,2023-01-16 20:00:00,ringsted,4.05,0.0,7.85,0.0,979.175,84.0,75.0
1673899200,2023-01-16 20:00:00,2023-01-16 21:00:00,ringsted,4.075,0.0,7.45,0.0,978.442,82.5,80.0
1673902800,2023-01-16 21:00:00,2023-01-16 22:00:00,ringsted,4.075,0.0,7.45,0.125,977.983,82.5,85.0
1673906400,2023-01-16 22:00:00,2023-01-16 23:00:00,ringsted,4.0,0.0,6.925,0.05,977.396,83.75,95.8333
1673910000,2023-01-16 23:00:00,2023-01-17 00:00:00,ringsted,3.725,0.0,6.775,0.05,976.55,86.0,66.6667
1673913600,2023-01-17 00:00:00,2023-01-17 01:00:00,ringsted,3.675,0.0,6.525,0.025,975.925,84.5,72.5
1673917200,2023-01-17 01:00:00,2023-01-17 02:00:00,ringsted,3.6,0.0,6.175,0.175,975.458,86.0,70.8333
1673920800,2023-01-17 02:00:00,2023-01-17 03:00:00,ringsted,3.7,0.0,6.075,0.05,974.787,84.0,95.0
1673924400,2023-01-17 03:00:00,2023-01-17 04:00:00,ringsted,3.55,0.0,5.675,0.1,974.171,85.25,95.0
1673928000,2023-01-17 04:00:00,2023-01-17 05:00:00,ringsted,3.475,0.0,6.0,0.225,973.596,86.25,95.0
1673931600,2023-01-17 05:00:00,2023-01-17 06:00:00,ringsted,3.15,0.0,6.1,0.425,973.108,89.0,96.6667
1673935200,2023-01-17 06:00:00,2023-01-17 07:00:00,ringsted,2.575,0.0,5.775,0.575,972.908,92.5,95.0
1673938800,2023-01-17 07:00:00,2023-01-17 08:00:00,ringsted,2.075,0.0,5.275,0.825,972.746,96.0,95.0
1673942400,2023-01-17 08:00:00,2023-01-17 09:00:00,ringsted,2.275,1.0,4.475,0.325,972.562,97.5,97.5
1673946000,2023-01-17 09:00:00,2023-01-17 10:00:00,ringsted,2.625,18.5,4.35,0.2,972.763,97.5,95.8333
1673949600,2023-01-17 10:00:00,2023-01-17 11:00:00,ringsted,2.9,30.5,3.675,0.175,972.817,98.0,91.6667
1673953200,2023-01-17 11:00:00,2023-01-17 12:00:00,ringsted,3.225,42.5,3.575,0.2,972.8,98.0,87.5
1673956800,2023-01-17 12:00:00,2023-01-17 13:00:00,ringsted,3.075,40.0,5.175,0.025,973.237,96.25,93.3333
1673960400,2023-01-17 13:00:00,2023-01-17 14:00:00,ringsted,2.625,37.5,6.85,0.125,974.213,94.5,65.8333
1673964000,2023-01-17 14:00:00,2023-01-17 15:00:00,ringsted,2.175,50.0,7.2,0.125,975.196,93.0,55.0
1673967600,2023-01-17 15:00:00,2023-01-17 16:00:00,ringsted,2.425,25.0,6.5,0.075,976.154,90.0,67.5
1673971200,2023-01-17 16:00:00,2023-01-17 17:00:00,ringsted,2.675,3.0,6.45,0.025,977.008,86.0,53.3333
1673974800,2023-01-17 17:00:00,2023-01-17 18:00:00,ringsted,2.325,0.0,6.85,0.0,977.892,85.5,57.5
1673978400,2023-01-17 18:00:00,2023-01-17 19:00:00,ringsted,2.05,0.0,7.125,0.0,978.717,85.25,82.9167
1673982000,2023-01-17 19:00:00,2023-01-17 20:00:00,ringsted,1.975,0.0,7.1,0.0,979.467,86.5,64.1667
1673985600,2023-01-17 20:00:00,2023-01-17 21:00:00,ringsted,2.0,0.0,7.325,0.05,980.133,86.5,87.5
1673989200,2023-01-17 21:00:00,2023-01-17 22:00:00,ringsted,2.075,0.0,7.025,0.175,980.588,86.0,80.0
1673992800,2023-01-17 22:00:00,2023-01-17 23:00:00,ringsted,2.025,0.0,7.0,0.1,980.987,86.25,75.8333
1673996400,2023-01-17 23:00:00,2023-01-18 00:00:00,ringsted,2.125,0.0,7.25,0.0,981.521,83.5,89.1667
1674000000,2023-01-18 00:00:00,2023-01-18 01:00:00,ringsted,2.075,0.0,7.125,0.0,981.871,82.0,91.6667
1674003600,2023-01-18 01:00:00,2023-01-18 02:00:00,ringsted,2.0,0.0,6.475,0.0,982.321,82.25,95.0
1674007200,2023-01-18 02:00:00,2023-01-18 03:00:00,ringsted,1.85,0.0,6.05,0.0,982.838,84.0,95.0
1674010800,2023-01-18 03:00:00,2023-01-18 04:00:00,ringsted,1.775,0.0,6.75,0.0,983.304,84.5,92.5
1674014400,2023-01-18 04:00:00,2023-01-18 05:00:00,ringsted,1.725,0.0,6.325,0.0,983.733,86.5,58.75
1674018000,2023-01-18 05:00:00,2023-01-18 06:00:00,ringsted,1.475,0.0,5.425,0.025,984.45,90.75,37.5
1674021600,2023-01-18 06:00:00,2023-01-18 07:00:00,ringsted,1.425,0.0,5.225,0.0,985.404,91.5,47.5
1674025200,2023-01-18 07:00:00,2023-01-18 08:00:00,ringsted,1.3,0.0,4.55,0.0,986.529,91.25,47.0833
1674028800,2023-01-18 08:00:00,2023-01-18 09:00:00,ringsted,1.2,2.0,4.225,0.0,987.533,92.25,71.25
1674032400,2023-01-18 09:00:00,2023-01-18 10:00:00,ringsted,1.375,21.0,3.825,0.0,988.521,91.0,54.1667
1674036000,2023-01-18 10:00:00,2023-01-18 11:00:00,ringsted,1.6,47.0,3.875,0.0,989.013,89.25,60.4167
1674039600,2023-01-18 11:00:00,2023-01-18 12:00:00,ringsted,1.75,52.0,3.875,0.0,989.167,88.75,90.0
1674043200,2023-01-18 12:00:00,2023-01-18 13:00:00,ringsted,1.925,58.5,4.05,0.0,989.346,86.25,90.0
1674046800,2023-01-18 13:00:00,2023-01-18 14:00:00,ringsted,1.85,82.0,3.65,0.0,989.763,85.75,68.3333
1674050400,2023-01-18 14:00:00,2023-01-18 15:00:00,ringsted,2.05,82.5,3.075,0.0,990.208,84.75,43.3333
1674054000,2023-01-18 15:00:00,2023-01-18 16:00:00,ringsted,1.8,53.0,2.675,0.0,990.696,85.75,7.5
1674057600,2023-01-18 16:00:00,2023-01-18 17:00:00,ringsted,0.45,5.0,2.475,0.0,991.229,91.25,17.0833
1674061200,2023-01-18 17:00:00,2023-01-18 18:00:00,ringsted,0.075,0.0,2.8,0.0,991.57,93.0,50.0
1674064800,2023-01-18 18:00:00,2023-01-18 19:00:00,ringsted,0.125,0.0,2.9,0.0,992.125,93.0,46.6667
1674068400,2023-01-18 19:00:00,2023-01-18 20:00:00,ringsted,0.05,0.0,3.125,0.0,992.429,91.5,14.5833
1674072000,2023-01-18 20:00:00,2023-01-18 21:00:00,ringsted,-0.275,0.0,2.975,0.0,992.633,91.5,0.0
1674075600,2023-01-18 21:00:00,2023-01-18 22:00:00,ringsted,-0.275,0.0,3.4,0.0,992.804,92.0,0.0
1674079200,2023-01-18 22:00:00,2023-01-18 23:00:00,ringsted,-0.2,0.0,3.4,0.0,992.938,91.75,0.0
1674082800,2023-01-18 23:00:00,2023-01-19 00:00:00,ringsted,-0.175,0.0,3.725,0.0,992.904,92.5,0.0
1674086400,2023-01-19 00:00:00,2023-01-19 01:00:00,ringsted,-0.075,0.0,4.1,0.0,992.846,92.5,0.833333
1674090000,2023-01-19 01:00:00,2023-01-19 02:00:00,ringsted,-0.175,0.0,4.125,0.0,992.763,92.75,10.0
1674093600,2023-01-19 02:00:00,2023-01-19 03:00:00,ringsted,0.125,0.0,4.55,0.0,992.579,92.25,34.5833
1674097200,2023-01-19 03:00:00,2023-01-19 04:00:00,ringsted,0.55,0.0,5.25,0.075,992.517,92.25,56.6667
1674100800,2023-01-19 04:00:00,2023-01-19 05:00:00,ringsted,0.675,0.0,5.475,0.0,992.429,94.0,59.1667
1674104400,2023-01-19 05:00:00,2023-01-19 06:00:00,ringsted,0.85,0.0,5.625,0.05,992.263,93.5,57.5
1674108000,2023-01-19 06:00:00,2023-01-19 07:00:00,ringsted,1.025,0.0,5.575,0.0,992.188,91.5,68.3333
1674111600,2023-01-19 07:00:00,2023-01-19 08:00:00,ringsted,1.225,0.0,5.475,0.0,992.321,89.25,95.0
1674115200,2023-01-19 08:00:00,2023-01-19 09:00:00,ringsted,1.375,2.0,5.8,0.125,992.321,87.0,95.0
1674118800,2023-01-19 09:00:00,2023-01-19 10:00:00,ringsted,1.275,9.5,6.425,0.2,992.4,90.25,97.5
1674122400,2023-01-19 10:00:00,2023-01-19 11:00:00,ringsted,1.25,15.5,7.675,0.225,992.321,94.25,95.8333
1674126000,2023-01-19 11:00:00,2023-01-19 12:00:00,ringsted,1.75,21.0,8.125,0.0,992.287,93.75,95.0
1674129600,2023-01-19 12:00:00,2023-01-19 13:00:00,ringsted,2.15,18.0,7.95,0.0,992.467,92.0,95.0
1674133200,2023-01-19 13:00:00,2023-01-19 14:00:00,ringsted,2.5,28.5,7.625,0.05,993.079,89.0,95.0
1674136800,2023-01-19 14:00:00,2023-01-19 15:00:00,ringsted,2.625,17.0,6.8,0.075,993.938,89.75,95.0
1674140400,2023-01-19 15:00:00,2023-01-19 16:00:00,ringsted,2.7,7.0,5.9,0.1,994.8,89.25,88.3333
1674144000,2023-01-19 16:00:00,2023-01-19 17:00:00,ringsted,2.675,1.0,5.45,0.075,995.612,88.75,54.1667
1674147600,2023-01-19 17:00:00,2023-01-19 18:00:00,ringsted,2.55,0.0,4.575,0.05,996.383,89.75,58.3333
1674151200,2023-01-19 18:00:00,2023-01-19 19:00:00,ringsted,2.25,0.0,3.475,0.075,996.971,91.0,52.5
1674154800,2023-01-19 19:00:00,2023-01-19 20:00:00,ringsted,2.1,0.0,3.225,0.0,997.533,92.75,64.5833
1674158400,2023-01-19 20:00:00,2023-01-19 21:00:00,ringsted,2.025,0.0,3.15,0.1,998.342,93.25,79.5833
1674162000,2023-01-19 21:00:00,2023-01-19 22:00:00,ringsted,1.8,0.0,2.525,0.025,999.162,94.25,76.25
1674165600,2023-01-19 22:00:00,2023-01-19 23:00:00,ringsted,1.575,0.0,2.225,0.0,999.967,93.0,71.6667
1674169200,2023-01-19 23:00:00,2023-01-20 00:00:00,ringsted,1.325,0.0,2.4,0.0,1000.46,93.0,69.5833
1674172800,2023-01-20 00:00:00,2023-01-20 01:00:00,ringsted,1.275,0.0,2.85,0.0,1000.92,93.25,79.1667
1674176400,2023-01-20 01:00:00,2023-01-20 02:00:00,ringsted,0.8,0.0,2.275,0.0,1001.57,94.75,92.5
1674180000,2023-01-20 02:00:00,2023-01-20 03:00:00,ringsted,0.85,0.0,2.375,0.025,1002.09,96.25,95.0
1674183600,2023-01-20 03:00:00,2023-01-20 04:00:00,ringsted,0.95,0.0,2.6,0.075,1002.67,97.5,77.5
1674187200,2023-01-20 04:00:00,2023-01-20 05:00:00,ringsted,0.775,0.0,2.025,0.1,1003.23,98.25,83.3333
1674190800,2023-01-20 05:00:00,2023-01-20 06:00:00,ringsted,0.725,0.0,2.05,0.125,1004.02,98.5,56.6667
1674194400,2023-01-20 06:00:00,2023-01-20 07:00:00,ringsted,0.425,0.0,1.25,0.225,1004.97,99.0,56.6667
1674198000,2023-01-20 07:00:00,2023-01-20 08:00:00,ringsted,-0.05,0.0,0.925,0.075,1006.2,99.0,43.3333
1674201600,2023-01-20 08:00:00,2023-01-20 09:00:00,ringsted,-0.25,5.0,0.85,0.0,1007.42,99.75,37.5
1674205200,2023-01-20 09:00:00,2023-01-20 10:00:00,ringsted,-0.225,42.0,0.825,0.0,1008.43,99.75,18.3333
1674208800,2023-01-20 10:00:00,2023-01-20 11:00:00,ringsted,0.125,117.5,0.95,0.0,1009.24,99.0,29.5833
1674212400,2023-01-20 11:00:00,2023-01-20 12:00:00,ringsted,1.15,170.0,1.1,0.0,1009.95,97.75,38.75
1674216000,2023-01-20 12:00:00,2023-01-20 13:00:00,ringsted,2.225,152.5,1.75,0.0,1010.62,93.75,65.0
1674219600,2023-01-20 13:00:00,2023-01-20 14:00:00,ringsted,2.45,102.0,1.725,0.0,1011.52,92.25,69.1667
1674223200,2023-01-20 14:00:00,2023-01-20 15:00:00,ringsted,2.35,87.5,1.175,0.0,1012.6,90.75,67.5
1674226800,2023-01-20 15:00:00,2023-01-20 16:00:00,ringsted,1.925,22.0,0.95,0.0,1013.76,93.25,90.0
1674230400,2023-01-20 16:00:00,2023-01-20 17:00:00,ringsted,1.55,2.0,0.5,0.0,1014.88,96.25,70.8333
1674234000,2023-01-20 17:00:00,2023-01-20 18:00:00,ringsted,1.225,0.0,0.7,0.0,1015.89,97.0,20.8333
1674237600,2023-01-20 18:00:00,2023-01-20 19:00:00,ringsted,0.65,0.0,0.525,0.0,1016.83,98.25,22.5
1674241200,2023-01-20 19:00:00,2023-01-20 20:00:00,ringsted,-1.38778e-17,0.0,0.65,0.0,1017.93,98.75,0.833333
1674244800,2023-01-20 20:00:00,2023-01-20 21:00:00,ringsted,-0.95,0.0,0.675,0.0,1019.03,99.5,48.3333
1674248400,2023-01-20 21:00:00,2023-01-20 22:00:00,ringsted,-0.95,0.0,0.8,0.0,1019.93,99.75,92.5
1674252000,2023-01-20 22:00:00,2023-01-20 23:00:00,ringsted,-0.75,0.0,1.25,0.0,1020.65,99.25,92.5
1674255600,2023-01-20 23:00:00,2023-01-21 00:00:00,ringsted,-0.5,0.0,1.375,0.0,1021.46,99.0,93.3333
1674259200,2023-01-21 00:00:00,2023-01-21 01:00:00,ringsted,-0.375,0.0,1.25,0.0,1022.3,98.5,85.0
1674262800,2023-01-21 01:00:00,2023-01-21 02:00:00,ringsted,-0.25,0.0,1.375,0.0,1023.21,99.0,37.5
1674266400,2023-01-21 02:00:00,2023-01-21 03:00:00,ringsted,-0.25,0.0,2.125,0.0,1024.04,99.5,42.5
1674270000,2023-01-21 03:00:00,2023-01-21 04:00:00,ringsted,-0.175,0.0,1.8,0.0,1024.76,99.25,45.0
1674273600,2023-01-21 04:00:00,2023-01-21 05:00:00,ringsted,-0.1,0.0,1.925,0.0,1025.44,97.5,31.6667
1674277200,2023-01-21 05:00:00,2023-01-21 06:00:00,ringsted,-0.35,0.0,2.075,0.0,1026.23,97.75,0.833333
1674280800,2023-01-21 06:00:00,2023-01-21 07:00:00,ringsted,-0.775,0.0,2.275,0.0,1027.03,98.75,4.16667
1674284400,2023-01-21 07:00:00,2023-01-21 08:00:00,ringsted,-0.95,0.0,2.4,0.0,1027.99,99.5,40.0
1674288000,2023-01-21 08:00:00,2023-01-21 09:00:00,ringsted,-1.075,4.5,2.6,0.0,1028.55,100.0,45.0
1674291600,2023-01-21 09:00:00,2023-01-21 10:00:00,ringsted,-0.85,25.5,3.275,0.0,1029.17,100.0,45.0
1674295200,2023-01-21 10:00:00,2023-01-21 11:00:00,ringsted,-0.625,57.0,2.8,0.0,1029.34,100.0,60.8333
1674298800,2023-01-21 11:00:00,2023-01-21 12:00:00,ringsted,-0.275,79.0,3.15,0.0,1029.23,100.0,77.5
1674302400,2023-01-21 12:00:00,2023-01-21 13:00:00,ringsted,-0.05,87.5,3.425,0.0,1029.2,100.0,90.8333
1674306000,2023-01-21 13:00:00,2023-01-21 14:00:00,ringsted,0.1,97.0,3.5,0.0,1029.65,99.75,93.3333
1674309600,2023-01-21 14:00:00,2023-01-21 15:00:00,ringsted,0.15,69.0,3.725,0.0,1030.01,98.75,90.0
1674313200,2023-01-21 15:00:00,2023-01-21 16:00:00,ringsted,-0.25,44.0,3.5,0.0,1030.1,98.5,73.3333
1674316800,2023-01-21 16:00:00,2023-01-21 17:00:00,ringsted,-0.8,4.5,3.375,0.0,1030.32,99.0,75.8333
1674320400,2023-01-21 17:00:00,2023-01-21 18:00:00,ringsted,-0.8,0.0,3.65,0.0,1030.34,98.75,68.3333
1674324000,2023-01-21 18:00:00,2023-01-21 19:00:00,ringsted,-0.75,0.0,4.2,0.0,1030.33,99.0,60.0
1674327600,2023-01-21 19:00:00,2023-01-21 20:00:00,ringsted,-0.825,0.0,4.725,0.0,1030.62,97.25,73.3333
1674331200,2023-01-21 20:00:00,2023-01-21 21:00:00,ringsted,-0.95,0.0,4.975,0.0,1030.88,95.5,73.3333
1674334800,2023-01-21 21:00:00,2023-01-21 22:00:00,ringsted,-1.025,0.0,4.375,0.0,1031.11,94.0,84.1667
1674338400,2023-01-21 22:00:00,2023-01-21 23:00:00,ringsted,-1.225,0.0,4.35,0.0,1031.31,91.0,88.3333
1674342000,2023-01-21 23:00:00,2023-01-22 00:00:00,ringsted,-1.35,0.0,4.15,0.0,1031.37,90.0,96.6667
1674345600,2023-01-22 00:00:00,2023-01-22 01:00:00,ringsted,-1.475,0.0,3.975,0.0,1031.05,88.75,91.6667
1674349200,2023-01-22 01:00:00,2023-01-22 02:00:00,ringsted,-1.6,0.0,4.025,0.0,1030.64,87.75,56.6667
1674352800,2023-01-22 02:00:00,2023-01-22 03:00:00,ringsted,-1.925,0.0,3.9,0.0,1030.52,88.0,5.83333
1674356400,2023-01-22 03:00:00,2023-01-22 04:00:00,ringsted,-2.225,0.0,3.775,0.0,1030.6,89.75,0.0
1674360000,2023-01-22 04:00:00,2023-01-22 05:00:00,ringsted,-2.525,0.0,3.475,0.0,1030.68,91.25,0.0
1674363600,2023-01-22 05:00:00,2023-01-22 06:00:00,ringsted,-2.6,0.0,3.4,0.0,1030.76,91.5,12.5
1674367200,2023-01-22 06:00:00,2023-01-22 07:00:00,ringsted,-2.65,0.0,3.25,0.0,1031.1,92.5,77.0833
1674370800,2023-01-22 07:00:00,2023-01-22 08:00:00,ringsted,-1.875,0.0,3.575,0.0,1031.33,91.25,96.6667
1674374400,2023-01-22 08:00:00,2023-01-22 09:00:00,ringsted,-1.35,6.5,3.575,0.0,1031.79,89.75,96.6667
1674378000,2023-01-22 09:00:00,2023-01-22 10:00:00,ringsted,-0.95,45.0,3.375,0.0,1032.12,90.5,95.8333
1674381600,2023-01-22 10:00:00,2023-01-22 11:00:00,ringsted,-0.3,61.0,3.775,0.0,1032.18,88.25,95.0
1674385200,2023-01-22 11:00:00,2023-01-22 12:00:00,ringsted,0.275,84.5,4.125,0.0,1031.86,85.5,95.0
1674388800,2023-01-22 12:00:00,2023-01-22 13:00:00,ringsted,0.8,123.5,4.075,0.0,1031.68,84.0,95.0
1674392400,2023-01-22 13:00:00,2023-01-22 14:00:00,ringsted,1.125,103.5,4.125,0.0,1031.59,82.25,95.0
1674396000,2023-01-22 14:00:00,2023-01-22 15:00:00,ringsted,1.275,68.0,4.3,0.0,1031.83,80.5,95.0
1674399600,2023-01-22 15:00:00,2023-01-22 16:00:00,ringsted,1.2,27.5,4.075,0.0,1032.0,80.25,95.0
1674403200,2023-01-22 16:00:00,2023-01-22 17:00:00,ringsted,1.05,4.5,3.9,0.0,1032.4,80.0,92.5
1674406800,2023-01-22 17:00:00,2023-01-22 18:00:00,ringsted,0.925,0.0,3.675,0.0,1032.61,79.75,95.0
1674410400,2023-01-22 18:00:00,2023-01-22 19:00:00,ringsted,0.9,0.0,3.85,0.0,1032.93,79.0,95.0
1674414000,2023-01-22 19:00:00,2023-01-22 20:00:00,ringsted,0.775,0.0,3.625,0.0,1033.14,80.5,95.0
1674417600,2023-01-22 20:00:00,2023-01-22 21:00:00,ringsted,0.675,0.0,3.775,0.0,1033.44,81.25,95.0
1674421200,2023-01-22 21:00:00,2023-01-22 22:00:00,ringsted,0.475,0.0,3.575,0.0,1033.47,81.75,95.0
1674424800,2023-01-22 22:00:00,2023-01-22 23:00:00,ringsted,0.325,0.0,3.525,0.0,1033.55,83.0,95.0
1674428400,2023-01-22 23:00:00,2023-01-23 00:00:00,ringsted,0.2,0.0,3.375,0.0,1033.63,84.5,95.0
1674432000,2023-01-23 00:00:00,2023-01-23 01:00:00,ringsted,0.35,0.0,3.575,0.0,1033.75,84.0,95.0
1674435600,2023-01-23 01:00:00,2023-01-23 02:00:00,ringsted,0.3,0.0,3.5,0.0,1033.78,85.25,95.0
1674439200,2023-01-23 02:00:00,2023-01-23 03:00:00,ringsted,0.375,0.0,3.475,0.0,1033.91,85.5,95.0
1674442800,2023-01-23 03:00:00,2023-01-23 04:00:00,ringsted,0.525,0.0,3.05,0.0,1034.19,84.75,95.0
1674446400,2023-01-23 04:00:00,2023-01-23 05:00:00,ringsted,0.575,0.0,2.875,0.0,1034.18,85.5,95.0
1674450000,2023-01-23 05:00:00,2023-01-23 06:00:00,ringsted,0.6,0.0,2.225,0.0,1034.45,86.0,95.0
1674453600,2023-01-23 06:00:00,2023-01-23 07:00:00,ringsted,0.6,0.0,1.875,0.0,1034.88,87.25,95.0
1674457200,2023-01-23 07:00:00,2023-01-23 08:00:00,ringsted,0.65,0.0,2.05,0.0,1035.39,88.0,95.0
1674460800,2023-01-23 08:00:00,2023-01-23 09:00:00,ringsted,0.75,4.5,1.75,0.0,1035.77,88.0,95.0
1674464400,2023-01-23 09:00:00,2023-01-23 10:00:00,ringsted,0.925,29.0,2.0,0.0,1035.84,88.25,95.0
1674468000,2023-01-23 10:00:00,2023-01-23 11:00:00,ringsted,1.375,60.5,2.275,0.0,1035.72,87.5,95.0
1674471600,2023-01-23 11:00:00,2023-01-23 12:00:00,ringsted,1.85,87.5,2.65,0.0,1035.8,85.75,95.0
1674475200,2023-01-23 12:00:00,2023-01-23 13:00:00,ringsted,2.05,85.0,1.875,0.0,1035.79,85.0,95.0
1674478800,2023-01-23 13:00:00,2023-01-23 14:00:00,ringsted,2.05,70.5,0.975,0.1,1035.74,85.25,95.0
1674482400,2023-01-23 14:00:00,2023-01-23 15:00:00,ringsted,2.0,46.5,1.25,0.025,1035.46,86.75,95.0
1674486000,2023-01-23 15:00:00,2023-01-23 16:00:00,ringsted,1.825,26.0,1.525,0.0,1035.75,88.5,95.0
1674489600,2023-01-23 16:00:00,2023-01-23 17:00:00,ringsted,1.45,3.5,1.025,0.0,1035.86,90.0,95.0
1674493200,2023-01-23 17:00:00,2023-01-23 18:00:00,ringsted,1.125,0.0,0.675,0.0,1036.1,93.0,95.0
1674496800,2023-01-23 18:00:00,2023-01-23 19:00:00,ringsted,1.075,0.0,0.775,0.0,1036.42,94.0,95.0
1674500400,2023-01-23 19:00:00,2023-01-23 20:00:00,ringsted,0.875,0.0,0.825,0.0,1036.25,94.5,95.0
1674504000,2023-01-23 20:00:00,2023-01-23 21:00:00,ringsted,0.8,0.0,0.325,0.0,1036.47,94.25,95.0
1674507600,2023-01-23 21:00:00,2023-01-23 22:00:00,ringsted,0.8,0.0,0.075,0.0,1036.56,93.0,95.0
1674511200,2023-01-23 22:00:00,2023-01-23 23:00:00,ringsted,0.65,0.0,0.4,0.0,1036.51,93.75,95.0
1674514800,2023-01-23 23:00:00,2023-01-24 00:00:00,ringsted,0.8,0.0,0.625,0.0,1036.21,90.5,95.0
1674518400,2023-01-24 00:00:00,2023-01-24 01:00:00,ringsted,0.85,0.0,1.025,0.0,1036.17,87.25,95.0
1674522000,2023-01-24 01:00:00,2023-01-24 02:00:00,ringsted,0.85,0.0,0.975,0.0,1036.16,86.25,95.0
1674525600,2023-01-24 02:00:00,2023-01-24 03:00:00,ringsted,0.925,0.0,0.9,0.0,1035.98,82.75,95.0
1674529200,2023-01-24 03:00:00,2023-01-24 04:00:00,ringsted,0.85,0.0,1.15,0.0,1035.97,82.75,95.0
1674532800,2023-01-24 04:00:00,2023-01-24 05:00:00,ringsted,0.9,0.0,1.575,0.0,1035.88,80.25,95.0
1674536400,2023-01-24 05:00:00,2023-01-24 06:00:00,ringsted,0.85,0.0,1.625,0.0,1035.83,81.75,95.0
1674540000,2023-01-24 06:00:00,2023-01-24 07:00:00,ringsted,0.85,0.0,1.55,0.0,1035.95,82.25,95.0
1674543600,2023-01-24 07:00:00,2023-01-24 08:00:00,ringsted,0.9,0.0,1.975,0.0,1036.3,83.0,95.0
1674547200,2023-01-24 08:00:00,2023-01-24 09:00:00,ringsted,0.9,4.0,2.05,0.0,1036.5,82.25,92.5
1674550800,2023-01-24 09:00:00,2023-01-24 10:00:00,ringsted,0.975,27.5,1.625,0.0,1036.56,82.5,94.1667
1674554400,2023-01-24 10:00:00,2023-01-24 11:00:00,ringsted,1.375,76.5,2.35,0.0,1036.25,80.75,90.8333
1674558000,2023-01-24 11:00:00,2023-01-24 12:00:00,ringsted,1.575,90.5,3.0,0.0,1035.93,80.25,91.6667
1674561600,2023-01-24 12:00:00,2023-01-24 13:00:00,ringsted,1.725,118.0,3.3,0.0,1035.47,80.25,84.1667
1674565200,2023-01-24 13:00:00,2023-01-24 14:00:00,ringsted,1.85,129.0,3.4,0.0,1035.11,80.5,90.0
1674568800,2023-01-24 14:00:00,2023-01-24 15:00:00,ringsted,1.75,80.5,3.35,0.0,1034.82,81.5,88.3333
1674572400,2023-01-24 15:00:00,2023-01-24 16:00:00,ringsted,1.475,29.5,3.4,0.0,1034.47,83.0,32.9167
1674576000,2023-01-24 16:00:00,2023-01-24 17:00:00,ringsted,0.775,8.0,3.025,0.0,1034.24,86.0,5.0
1674579600,2023-01-24 17:00:00,2023-01-24 18:00:00,ringsted,0.125,0.0,2.475,0.0,1034.07,89.25,5.0
1674583200,2023-01-24 18:00:00,2023-01-24 19:00:00,ringsted,-2.08167e-17,0.0,2.75,0.0,1034.29,90.5,5.0
1674586800,2023-01-24 19:00:00,2023-01-24 20:00:00,ringsted,-2.77556e-17,0.0,2.725,0.0,1034.38,90.75,34.5833
1674590400,2023-01-24 20:00:00,2023-01-24 21:00:00,ringsted,0.175,0.0,3.0,0.0,1034.35,90.5,76.6667
1674594000,2023-01-24 21:00:00,2023-01-24 22:00:00,ringsted,0.35,0.0,3.125,0.0,1033.8,90.0,82.5
1674597600,2023-01-24 22:00:00,2023-01-24 23:00:00,ringsted,0.35,0.0,3.675,0.0,1033.3,89.75,85.8333
1674601200,2023-01-24 23:00:00,2023-01-25 00:00:00,ringsted,0.325,0.0,3.675,0.0,1032.64,89.5,80.0
1674604800,2023-01-25 00:00:00,2023-01-25 01:00:00,ringsted,0.3,0.0,3.75,0.0,1031.97,90.0,78.3333
1674608400,2023-01-25 01:00:00,2023-01-25 02:00:00,ringsted,0.175,0.0,3.875,0.0,1031.39,90.0,82.5
1674612000,2023-01-25 02:00:00,2023-01-25 03:00:00,ringsted,0.025,0.0,4.0,0.0,1030.97,90.75,70.8333
1674615600,2023-01-25 03:00:00,2023-01-25 04:00:00,ringsted,-0.05,0.0,3.825,0.0,1030.32,91.75,55.0
1674619200,2023-01-25 04:00:00,2023-01-25 05:00:00,ringsted,-0.225,0.0,4.15,0.0,1029.53,92.25,86.6667
1674622800,2023-01-25 05:00:00,2023-01-25 06:00:00,ringsted,-0.275,0.0,4.2,0.0,1029.0,93.0,90.0
1674626400,2023-01-25 06:00:00,2023-01-25 07:00:00,ringsted,-0.3,0.0,4.625,0.0,1028.68,93.0,92.5
1674630000,2023-01-25 07:00:00,2023-01-25 08:00:00,ringsted,-0.4,0.0,4.475,0.0,1028.07,92.5,85.8333
1674633600,2023-01-25 08:00:00,2023-01-25 09:00:00,ringsted,-0.4,3.0,4.35,0.0,1027.41,92.5,75.0
1674637200,2023-01-25 09:00:00,2023-01-25 10:00:00,ringsted,-0.4,20.0,4.8,0.0,1026.78,91.75,95.0
1674640800,2023-01-25 10:00:00,2023-01-25 11:00:00,ringsted,-0.3,36.5,5.0,0.0,1026.1,91.75,95.0
1674644400,2023-01-25 11:00:00,2023-01-25 12:00:00,ringsted,-0.15,46.0,5.175,0.0,1025.07,91.75,65.0
1674648000,2023-01-25 12:00:00,2023-01-25 13:00:00,ringsted,0.0,49.0,5.15,0.0,1024.06,91.5,81.6667
1674651600,2023-01-25 13:00:00,2023-01-25 14:00:00,ringsted,0.2,39.0,4.475,0.0,1023.07,91.25,95.0
1674655200,2023-01-25 14:00:00,2023-01-25 15:00:00,ringsted,0.25,30.5,4.9,0.0,1022.47,91.5,95.0
1674658800,2023-01-25 15:00:00,2023-01-25 16:00:00,ringsted,0.2,14.0,4.825,0.0,1022.07,92.25,95.0
1674662400,2023-01-25 16:00:00,2023-01-25 17:00:00,ringsted,0.075,1.0,4.525,0.0,1021.71,93.25,95.0
1674666000,2023-01-25 17:00:00,2023-01-25 18:00:00,ringsted,0.075,0.0,4.225,0.0,1020.75,93.75,95.0
1674669600,2023-01-25 18:00:00,2023-01-25 19:00:00,ringsted,0.05,0.0,4.375,0.0,1020.0,94.75,95.0
1674673200,2023-01-25 19:00:00,2023-01-25 20:00:00,ringsted,-0.05,0.0,4.45,0.0,1019.47,97.5,95.8333
1674676800,2023-01-25 20:00:00,2023-01-25 21:00:00,ringsted,-0.25,0.0,4.975,0.0,1019.02,99.25,99.1667
1674680400,2023-01-25 21:00:00,2023-01-25 22:00:00,ringsted,-0.35,0.0,5.05,0.0,1018.58,99.75,99.1667
1674684000,2023-01-25 22:00:00,2023-01-25 23:00:00,ringsted,-0.225,0.0,4.75,0.0,1018.32,99.75,97.5
1674687600,2023-01-25 23:00:00,2023-01-26 00:00:00,ringsted,-0.05,0.0,4.675,0.05,1017.93,99.5,95.8333
1674691200,2023-01-26 00:00:00,2023-01-26 01:00:00,ringsted,0.05,0.0,4.9,0.025,1017.5,99.25,95.0
1674694800,2023-01-26 01:00:00,2023-01-26 02:00:00,ringsted,0.125,0.0,4.575,0.0,1017.14,99.25,98.3333
1674698400,2023-01-26 02:00:00,2023-01-26 03:00:00,ringsted,0.325,0.0,4.1,0.15,1016.73,99.25,98.3333
1674702000,2023-01-26 03:00:00,2023-01-26 04:00:00,ringsted,0.425,0.0,3.9,0.2,1016.43,99.25,96.6667
1674705600,2023-01-26 04:00:00,2023-01-26 05:00:00,ringsted,0.675,0.0,3.425,0.225,1016.14,99.25,95.0
1674709200,2023-01-26 05:00:00,2023-01-26 06:00:00,ringsted,0.85,0.0,3.075,0.025,1015.93,99.25,95.0
1674712800,2023-01-26 06:00:00,2023-01-26 07:00:00,ringsted,1.025,0.0,2.75,0.0,1016.07,99.5,72.5
1674716400,2023-01-26 07:00:00,2023-01-26 08:00:00,ringsted,1.225,0.0,2.15,0.0,1016.29,99.75,50.8333
1674720000,2023-01-26 08:00:00,2023-01-26 09:00:00,ringsted,1.55,2.5,2.075,0.025,1016.47,100.0,52.5
1674723600,2023-01-26 09:00:00,2023-01-26 10:00:00,ringsted,2.075,17.5,1.675,0.0,1016.65,100.0,95.0
1674727200,2023-01-26 10:00:00,2023-01-26 11:00:00,ringsted,2.6,29.5,1.9,0.0,1016.65,100.0,95.0
1674730800,2023-01-26 11:00:00,2023-01-26 12:00:00,ringsted,3.125,62.0,2.6,0.05,1016.48,99.5,95.0
1674734400,2023-01-26 12:00:00,2023-01-26 13:00:00,ringsted,3.675,90.0,3.025,0.0,1016.3,99.0,73.75
1674738000,2023-01-26 13:00:00,2023-01-26 14:00:00,ringsted,4.425,113.0,3.35,0.025,1016.34,96.5,48.3333
1674741600,2023-01-26 14:00:00,2023-01-26 15:00:00,ringsted,4.925,122.5,3.75,0.0,1016.88,94.0,60.8333
1674745200,2023-01-26 15:00:00,2023-01-26 16:00:00,ringsted,4.625,35.0,3.725,0.0,1017.75,93.75,95.8333
1674748800,2023-01-26 16:00:00,2023-01-26 17:00:00,ringsted,3.975,3.5,3.9,0.0,1018.31,94.0,95.0
1674752400,2023-01-26 17:00:00,2023-01-26 18:00:00,ringsted,4.125,0.0,4.2,0.0,1018.76,92.75,95.0
1674756000,2023-01-26 18:00:00,2023-01-26 19:00:00,ringsted,4.35,0.0,4.1,0.0,1019.4,91.0,95.0
1674759600,2023-01-26 19:00:00,2023-01-26 20:00:00,ringsted,4.45,0.0,4.375,0.0,1019.98,87.75,95.0
1674763200,2023-01-26 20:00:00,2023-01-26 21:00:00,ringsted,4.225,0.0,4.3,0.0,1020.6,87.5,95.0
1674766800,2023-01-26 21:00:00,2023-01-26 22:00:00,ringsted,3.825,0.0,4.25,0.0,1021.13,87.25,95.0
1674770400,2023-01-26 22:00:00,2023-01-26 23:00:00,ringsted,3.5,0.0,4.225,0.0,1021.55,87.25,95.0
1674774000,2023-01-26 23:00:00,2023-01-27 00:00:00,ringsted,3.25,0.0,4.15,0.0,1021.85,86.5,95.0
1674777600,2023-01-27 00:00:00,2023-01-27 01:00:00,ringsted,3.05,0.0,4.1,0.0,1022.08,84.75,87.5
1674781200,2023-01-27 01:00:00,2023-01-27 02:00:00,ringsted,2.6,0.0,3.525,0.0,1022.62,83.5,62.9167
1674784800,2023-01-27 02:00:00,2023-01-27 03:00:00,ringsted,1.975,0.0,3.625,0.0,1023.09,82.75,40.8333
1674788400,2023-01-27 03:00:00,2023-01-27 04:00:00,ringsted,1.25,0.0,2.9,0.0,1023.49,84.5,5.0
1674792000,2023-01-27 04:00:00,2023-01-27 05:00:00,ringsted,0.15,0.0,2.575,0.0,1023.54,88.75,0.0
1674795600,2023-01-27 05:00:00,2023-01-27 06:00:00,ringsted,-0.675,0.0,2.325,0.0,1024.12,90.0,0.0
1674799200,2023-01-27 06:00:00,2023-01-27 07:00:00,ringsted,-1.475,0.0,2.725,0.0,1024.47,91.25,0.0
1674802800,2023-01-27 07:00:00,2023-01-27 08:00:00,ringsted,-2.15,0.0,2.075,0.0,1024.96,93.5,0.0
1674806400,2023-01-27 08:00:00,2023-01-27 09:00:00,ringsted,-2.25,25.5,2.525,0.0,1025.43,92.5,0.0
1674810000,2023-01-27 09:00:00,2023-01-27 10:00:00,ringsted,-1.1,140.5,1.85,0.0,1025.6,88.75,0.0
1674813600,2023-01-27 10:00:00,2023-01-27 11:00:00,ringsted,0.125,217.0,2.8,0.0,1025.8,83.0,0.0
1674817200,2023-01-27 11:00:00,2023-01-27 12:00:00,ringsted,0.75,255.0,2.625,0.0,1025.59,80.75,0.0
1674820800,2023-01-27 12:00:00,2023-01-27 13:00:00,ringsted,1.3,256.0,2.3,0.0,1025.05,77.75,0.0
1674824400,2023-01-27 13:00:00,2023-01-27 14:00:00,ringsted,1.6,209.5,1.7,0.0,1024.91,75.75,0.0
1674828000,2023-01-27 14:00:00,2023-01-27 15:00:00,ringsted,1.75,172.0,1.275,0.0,1025.04,74.25,0.0
1674831600,2023-01-27 15:00:00,2023-01-27 16:00:00,ringsted,1.575,106.0,1.125,0.0,1025.11,75.25,22.9167
1674835200,2023-01-27 16:00:00,2023-01-27 17:00:00,ringsted,0.725,17.5,0.525,0.0,1025.43,81.5,2.08333
1674838800,2023-01-27 17:00:00,2023-01-27 18:00:00,ringsted,-0.575,0.0,0.4,0.0,1025.45,87.5,0.0
1674842400,2023-01-27 18:00:00,2023-01-27 19:00:00,ringsted,-1.6,0.0,0.5,0.0,1025.28,92.25,12.5
1674846000,2023-01-27 19:00:00,2023-01-27 20:00:00,ringsted,-2.525,0.0,0.45,0.0,1025.34,95.5,0.0
1674849600,2023-01-27 20:00:00,2023-01-27 21:00:00,ringsted,-2.875,0.0,0.425,0.0,1025.26,97.25,0.0
1674853200,2023-01-27 21:00:00,2023-01-27 22:00:00,ringsted,-3.1,0.0,0.4,0.0,1025.1,97.75,0.0
1674856800,2023-01-27 22:00:00,2023-01-27 23:00:00,ringsted,-3.575,0.0,0.35,0.0,1024.82,98.0,0.0
1674860400,2023-01-27 23:00:00,2023-01-28 00:00:00,ringsted,-3.9,0.0,0.375,0.0,1024.63,98.5,0.0
1674864000,2023-01-28 00:00:00,2023-01-28 01:00:00,ringsted,-4.0,0.0,0.45,0.0,1024.55,98.5,0.0
1674867600,2023-01-28 01:00:00,2023-01-28 02:00:00,ringsted,-3.875,0.0,0.975,0.0,1024.15,98.5,0.833333
1674871200,2023-01-28 02:00:00,2023-01-28 03:00:00,ringsted,-4.0,0.0,0.85,0.0,1023.72,98.5,21.25
1674874800,2023-01-28 03:00:00,2023-01-28 04:00:00,ringsted,-3.6,0.0,1.225,0.0,1023.45,97.25,29.5833
1674878400,2023-01-28 04:00:00,2023-01-28 05:00:00,ringsted,-3.25,0.0,1.35,0.0,1023.16,96.25,4.16667
1674882000,2023-01-28 05:00:00,2023-01-28 06:00:00,ringsted,-2.775,0.0,2.1,0.0,1022.64,96.75,4.16667
1674885600,2023-01-28 06:00:00,2023-01-28 07:00:00,ringsted,-2.425,0.0,2.175,0.0,1022.58,95.75,17.5
1674889200,2023-01-28 07:00:00,2023-01-28 08:00:00,ringsted,-2.125,0.0,2.725,0.0,1022.62,95.0,72.0833
1674892800,2023-01-28 08:00:00,2023-01-28 09:00:00,ringsted,-1.5,30.5,2.8,0.0,1022.87,95.0,94.1667
1674896400,2023-01-28 09:00:00,2023-01-28 10:00:00,ringsted,-0.525,41.0,3.425,0.0,1022.75,93.5,93.3333
1674900000,2023-01-28 10:00:00,2023-01-28 11:00:00,ringsted,-0.1,41.5,3.35,0.0,1021.91,92.0,82.5
1674903600,2023-01-28 11:00:00,2023-01-28 12:00:00,ringsted,0.375,85.0,3.65,0.0,1021.15,90.75,88.3333
1674907200,2023-01-28 12:00:00,2023-01-28 13:00:00,ringsted,1.175,144.5,4.375,0.0,1020.75,89.0,95.0
1674910800,2023-01-28 13:00:00,2023-01-28 14:00:00,ringsted,1.5,88.5,4.525,0.0,1020.19,89.0,95.0
1674914400,2023-01-28 14:00:00,2023-01-28 15:00:00,ringsted,1.8,73.5,4.3,0.0,1019.76,91.5,95.8333
1674918000,2023-01-28 15:00:00,2023-01-28 16:00:00,ringsted,2.0,34.0,4.475,0.025,1019.39,93.5,97.5
1674921600,2023-01-28 16:00:00,2023-01-28 17:00:00,ringsted,1.95,7.5,4.575,0.025,1019.32,97.75,95.8333
1674925200,2023-01-28 17:00:00,2023-01-28 18:00:00,ringsted,2.1,0.0,4.475,0.025,1019.47,98.75,96.6667
1674928800,2023-01-28 18:00:00,2023-01-28 19:00:00,ringsted,2.45,0.0,4.45,0.025,1019.19,99.25,95.0
1674932400,2023-01-28 19:00:00,2023-01-28 20:00:00,ringsted,2.7,0.0,4.1,0.025,1019.07,99.25,97.5
1674936000,2023-01-28 20:00:00,2023-01-28 21:00:00,ringsted,2.95,0.0,3.8,0.025,1018.63,99.0,95.8333
1674939600,2023-01-28 21:00:00,2023-01-28 22:00:00,ringsted,3.0,0.0,4.325,0.025,1018.48,99.0,94.1667
1674943200,2023-01-28 22:00:00,2023-01-28 23:00:00,ringsted,3.025,0.0,4.45,0.025,1018.1,98.75,94.1667
1674946800,2023-01-28 23:00:00,2023-01-29 00:00:00,ringsted,3.15,0.0,4.55,0.0,1018.05,98.75,94.1667
1674950400,2023-01-29 00:00:00,2023-01-29 01:00:00,ringsted,3.3,0.0,4.45,0.025,1017.73,98.25,92.5
1674954000,2023-01-29 01:00:00,2023-01-29 02:00:00,ringsted,3.325,0.0,4.45,0.0,1017.09,98.25,69.1667
1674957600,2023-01-29 02:00:00,2023-01-29 03:00:00,ringsted,3.275,0.0,4.375,0.0,1016.79,97.75,61.6667
1674961200,2023-01-29 03:00:00,2023-01-29 04:00:00,ringsted,3.175,0.0,4.375,0.0,1016.7,97.0,52.5
1674964800,2023-01-29 04:00:00,2023-01-29 05:00:00,ringsted,3.175,0.0,4.3,0.0,1016.08,97.25,85.8333
1674968400,2023-01-29 05:00:00,2023-01-29 06:00:00,ringsted,3.3,0.0,4.8,0.0,1015.33,97.5,85.0
1674972000,2023-01-29 06:00:00,2023-01-29 07:00:00,ringsted,3.275,0.0,5.075,0.0,1014.73,97.5,82.5
1674975600,2023-01-29 07:00:00,2023-01-29 08:00:00,ringsted,3.3,0.0,4.6,0.0,1014.58,96.75,62.5
1674979200,2023-01-29 08:00:00,2023-01-29 09:00:00,ringsted,3.15,13.0,4.85,0.0,1014.19,97.5,66.6667
1674982800,2023-01-29 09:00:00,2023-01-29 10:00:00,ringsted,3.425,48.0,5.35,0.0,1013.31,97.0,66.25
1674986400,2023-01-29 10:00:00,2023-01-29 11:00:00,ringsted,3.8,77.5,5.6,0.0,1012.81,96.5,87.5
1674990000,2023-01-29 11:00:00,2023-01-29 12:00:00,ringsted,4.275,90.5,6.25,0.0,1011.96,96.25,92.5
1674993600,2023-01-29 12:00:00,2023-01-29 13:00:00,ringsted,4.775,101.5,6.525,0.0,1010.67,93.0,75.8333
1674997200,2023-01-29 13:00:00,2023-01-29 14:00:00,ringsted,5.075,106.0,6.2,0.0,1009.67,88.25,76.6667
1675000800,2023-01-29 14:00:00,2023-01-29 15:00:00,ringsted,5.0,64.0,6.65,0.0,1009.09,85.25,95.0
1675004400,2023-01-29 15:00:00,2023-01-29 16:00:00,ringsted,4.825,20.5,6.6,0.0,1008.19,84.0,95.0
1675008000,2023-01-29 16:00:00,2023-01-29 17:00:00,ringsted,4.725,2.5,6.575,0.0,1007.17,83.75,95.0
1675011600,2023-01-29 17:00:00,2023-01-29 18:00:00,ringsted,4.55,0.0,6.225,0.0,1005.96,86.25,95.0
1675015200,2023-01-29 18:00:00,2023-01-29 19:00:00,ringsted,4.625,0.0,6.575,0.0,1004.57,86.75,92.5
1675018800,2023-01-29 19:00:00,2023-01-29 20:00:00,ringsted,4.6,0.0,7.4,0.0,1003.05,89.25,85.0
1675022400,2023-01-29 20:00:00,2023-01-29 21:00:00,ringsted,4.675,0.0,8.075,0.0,1002.05,89.75,95.0
1675026000,2023-01-29 21:00:00,2023-01-29 22:00:00,ringsted,4.75,0.0,8.625,0.0,1000.55,88.5,95.0
1675029600,2023-01-29 22:00:00,2023-01-29 23:00:00,ringsted,4.825,0.0,8.625,0.0,998.996,88.25,95.0
1675033200,2023-01-29 23:00:00,2023-01-30 00:00:00,ringsted,4.85,0.0,8.85,0.0,997.321,91.5,96.6667
1675036800,2023-01-30 00:00:00,2023-01-30 01:00:00,ringsted,4.875,0.0,8.725,0.15,995.871,95.0,95.8333
1675040400,2023-01-30 01:00:00,2023-01-30 02:00:00,ringsted,5.025,0.0,9.05,0.725,995.229,96.75,96.6667
1675044000,2023-01-30 02:00:00,2023-01-30 03:00:00,ringsted,5.025,0.0,8.125,2.3,994.704,95.25,94.1667
1675047600,2023-01-30 03:00:00,2023-01-30 04:00:00,ringsted,4.1,0.0,5.275,0.25,994.133,91.25,83.3333
1675051200,2023-01-30 04:00:00,2023-01-30 05:00:00,ringsted,4.275,0.0,5.925,0.0,993.9,88.75,33.75
1675054800,2023-01-30 05:00:00,2023-01-30 06:00:00,ringsted,4.05,0.0,6.175,0.0,993.542,89.0,39.5833
1675058400,2023-01-30 06:00:00,2023-01-30 07:00:00,ringsted,3.975,0.0,6.525,0.0,993.317,87.0,46.25
1675062000,2023-01-30 07:00:00,2023-01-30 08:00:00,ringsted,3.825,0.0,6.575,0.0,993.138,83.0,46.6667
1675065600,2023-01-30 08:00:00,2023-01-30 09:00:00,ringsted,3.825,14.0,7.0,0.0,992.75,82.75,46.6667
1675069200,2023-01-30 09:00:00,2023-01-30 10:00:00,ringsted,3.975,69.0,7.7,0.0,992.629,82.25,50.0
1675072800,2023-01-30 10:00:00,2023-01-30 11:00:00,ringsted,4.325,109.5,7.45,0.0,992.425,81.25,59.1667
1675076400,2023-01-30 11:00:00,2023-01-30 12:00:00,ringsted,4.35,153.0,8.0,0.0,992.454,82.25,64.5833
1675080000,2023-01-30 12:00:00,2023-01-30 13:00:00,ringsted,4.775,168.0,8.275,0.0,992.537,79.25,63.3333
1675083600,2023-01-30 13:00:00,2023-01-30 14:00:00,ringsted,5.1,170.0,8.4,0.0,992.742,78.5,80.0
1675087200,2023-01-30 14:00:00,2023-01-30 15:00:00,ringsted,5.425,127.5,8.6,0.0,993.917,75.75,76.3636
1675090800,2023-01-30 15:00:00,2023-01-30 16:00:00,ringsted,5.4,54.0,8.775,0.0,995.071,76.25,22.0833
1675094400,2023-01-30 16:00:00,2023-01-30 17:00:00,ringsted,5.15,14.5,8.55,0.0,996.754,74.25,0.0
1675098000,2023-01-30 17:00:00,2023-01-30 18:00:00,ringsted,4.75,0.0,9.65,0.0,998.2,69.75,0.0
1675101600,2023-01-30 18:00:00,2023-01-30 19:00:00,ringsted,4.3,0.0,9.825,0.0,999.312,68.25,0.0
1675105200,2023-01-30 19:00:00,2023-01-30 20:00:00,ringsted,3.85,0.0,9.75,0.0,1000.6,70.75,5.41667
1675108800,2023-01-30 20:00:00,2023-01-30 21:00:00,ringsted,3.45,0.0,9.65,0.0,1001.78,71.75,0.0
1675112400,2023-01-30 21:00:00,2023-01-30 22:00:00,ringsted,3.2,0.0,9.175,0.0,1003.03,70.75,0.0
1675116000,2023-01-30 22:00:00,2023-01-30 23:00:00,ringsted,2.875,0.0,7.925,0.0,1003.98,71.75,0.0
1675119600,2023-01-30 23:00:00,2023-01-31 00:00:00,ringsted,2.7,0.0,7.875,0.0,1004.5,73.75,0.0
1675123200,2023-01-31 00:00:00,2023-01-31 01:00:00,ringsted,2.55,0.0,7.0,0.0,1005.08,75.25,0.0
1675126800,2023-01-31 01:00:00,2023-01-31 02:00:00,ringsted,2.375,0.0,6.25,0.0,1005.69,76.5,0.0
1675130400,2023-01-31 02:00:00,2023-01-31 03:00:00,ringsted,1.975,0.0,5.85,0.0,1006.29,79.0,0.0
1675134000,2023-01-31 03:00:00,2023-01-31 04:00:00,ringsted,1.825,0.0,5.9,0.0,1006.62,80.5,27.0833
1675137600,2023-01-31 04:00:00,2023-01-31 05:00:00,ringsted,1.65,0.0,4.925,0.0,1006.57,83.75,27.0833
1675141200,2023-01-31 05:00:00,2023-01-31 06:00:00,ringsted,1.5,0.0,4.65,0.0,1006.44,85.0,3.33333
1675144800,2023-01-31 06:00:00,2023-01-31 07:00:00,ringsted,1.325,0.0,3.725,0.0,1006.25,84.75,62.5
1675148400,2023-01-31 07:00:00,2023-01-31 08:00:00,ringsted,1.65,0.0,4.175,0.0,1005.83,85.25,83.3333
1675152000,2023-01-31 08:00:00,2023-01-31 09:00:00,ringsted,2.35,9.5,4.95,0.075,1005.13,85.5,96.6667
1675155600,2023-01-31 09:00:00,2023-01-31 10:00:00,ringsted,2.625,14.5,4.65,0.575,1004.03,90.75,95.0
1675159200,2023-01-31 10:00:00,2023-01-31 11:00:00,ringsted,2.7,45.0,4.6,0.9,1002.14,95.75,94.1667
1675162800,2023-01-31 11:00:00,2023-01-31 12:00:00,ringsted,3.3,55.0,5.975,0.275,1000.36,96.75,95.8333
1675166400,2023-01-31 12:00:00,2023-01-31 13:00:00,ringsted,4.025,42.5,7.0,0.1,999.008,97.5,93.3333
1675170000,2023-01-31 13:00:00,2023-01-31 14:00:00,ringsted,4.75,75.0,6.8,0.325,997.792,98.5,89.1667
1675173600,2023-01-31 14:00:00,2023-01-31 15:00:00,ringsted,5.7,48.0,6.3,0.075,996.875,97.25,85.8333
1675177200,2023-01-31 15:00:00,2023-01-31 16:00:00,ringsted,5.95,30.0,6.95,0.275,996.275,95.5,59.1667
1675180800,2023-01-31 16:00:00,2023-01-31 17:00:00,ringsted,5.45,7.5,8.625,0.95,996.996,91.0,68.3333
1675184400,2023-01-31 17:00:00,2023-01-31 18:00:00,ringsted,3.325,0.0,8.075,0.175,997.138,90.75,55.0
1675188000,2023-01-31 18:00:00,2023-01-31 19:00:00,ringsted,3.525,0.0,8.4,0.0,997.329,85.0,83.75
1675191600,2023-01-31 19:00:00,2023-01-31 20:00:00,ringsted,3.425,0.0,9.1,0.3,997.763,85.5,76.25
1675195200,2023-01-31 20:00:00,2023-01-31 21:00:00,ringsted,2.65,0.0,9.25,0.675,997.846,89.0,45.8333
1675198800,2023-01-31 21:00:00,2023-01-31 22:00:00,ringsted,2.925,0.0,7.45,0.075,997.796,88.0,21.6667
1675202400,2023-01-31 22:00:00,2023-01-31 23:00:00,ringsted,3.225,0.0,7.3,0.0,997.671,85.25,51.6667
1675206000,2023-01-31 23:00:00,2023-02-01 00:00:00,ringsted,3.575,0.0,7.9,0.0,997.633,82.0,49.5833
1675209600,2023-02-01 00:00:00,2023-02-01 01:00:00,ringsted,3.75,0.0,8.325,0.0,997.617,82.0,50.0
1675213200,2023-02-01 01:00:00,2023-02-01 02:00:00,ringsted,3.725,0.0,7.575,0.0,997.679,83.25,57.5
1675216800,2023-02-01 02:00:00,2023-02-01 03:00:00,ringsted,3.9,0.0,8.1,0.0,997.721,81.75,46.6667
1675220400,2023-02-01 03:00:00,2023-02-01 04:00:00,ringsted,3.925,0.0,7.375,0.0,997.442,81.5,55.0
1675224000,2023-02-01 04:00:00,2023-02-01 05:00:00,ringsted,3.725,0.0,6.5,0.0,997.112,82.5,58.3333
1675227600,2023-02-01 05:00:00,2023-02-01 06:00:00,ringsted,3.675,0.0,7.175,0.0,996.746,84.5,75.0
1675231200,2023-02-01 06:00:00,2023-02-01 07:00:00,ringsted,3.55,0.0,6.3,0.1,996.592,88.75,60.8333
1675234800,2023-02-01 07:00:00,2023-02-01 08:00:00,ringsted,3.3,0.0,6.575,0.0,996.571,88.0,42.9167
1675238400,2023-02-01 08:00:00,2023-02-01 09:00:00,ringsted,3.05,14.0,6.525,0.0,996.533,87.5,15.0
1675242000,2023-02-01 09:00:00,2023-02-01 10:00:00,ringsted,3.225,71.0,6.425,0.0,996.717,87.25,25.4167
1675245600,2023-02-01 10:00:00,2023-02-01 11:00:00,ringsted,3.7,137.0,6.7,0.0,996.808,85.0,62.9167
1675249200,2023-02-01 11:00:00,2023-02-01 12:00:00,ringsted,4.0,151.0,6.85,0.25,996.058,84.5,47.0833
1675252800,2023-02-01 12:00:00,2023-02-01 13:00:00,ringsted,4.475,250.0,6.75,0.0,995.396,82.25,50.0
1675256400,2023-02-01 13:00:00,2023-02-01 14:00:00,ringsted,4.875,218.0,6.95,0.0,995.138,80.75,50.0
1675260000,2023-02-01 14:00:00,2023-02-01 15:00:00,ringsted,5.075,148.5,7.2,0.0,994.933,80.0,78.3333
1675263600,2023-02-01 15:00:00,2023-02-01 16:00:00,ringsted,4.85,39.0,6.75,0.025,995.017,84.75,61.25
1675267200,2023-02-01 16:00:00,2023-02-01 17:00:00,ringsted,4.775,11.5,6.275,0.05,994.963,88.0,70.0
1675270800,2023-02-01 17:00:00,2023-02-01 18:00:00,ringsted,4.85,0.0,6.35,0.0,994.542,86.75,59.5833
1675274400,2023-02-01 18:00:00,2023-02-01 19:00:00,ringsted,4.95,0.0,7.05,0.0,993.821,82.25,53.75
1675278000,2023-02-01 19:00:00,2023-02-01 20:00:00,ringsted,5.05,0.0,7.95,0.0,992.55,79.25,85.8333
1675281600,2023-02-01 20:00:00,2023-02-01 21:00:00,ringsted,5.025,0.0,8.6,0.175,990.763,79.25,95.8333
1675285200,2023-02-01 21:00:00,2023-02-01 22:00:00,ringsted,4.225,0.0,9.825,2.175,991.767,89.5,95.0
1675288800,2023-02-01 22:00:00,2023-02-01 23:00:00,ringsted,4.35,0.0,10.375,0.0,994.692,93.0,95.0
1675292400,2023-02-01 23:00:00,2023-02-02 00:00:00,ringsted,4.3,0.0,10.2,0.05,997.092,91.5,95.0
1675296000,2023-02-02 00:00:00,2023-02-02 01:00:00,ringsted,3.775,0.0,10.325,0.0,999.263,88.25,95.0
1675299600,2023-02-02 01:00:00,2023-02-02 02:00:00,ringsted,3.225,0.0,9.125,0.0,1000.91,86.5,73.3333
1675303200,2023-02-02 02:00:00,2023-02-02 03:00:00,ringsted,2.85,0.0,8.0,0.0,1002.16,82.5,83.3333
1675306800,2023-02-02 03:00:00,2023-02-02 04:00:00,ringsted,2.25,0.0,6.85,0.05,1003.33,84.75,76.6667
1675310400,2023-02-02 04:00:00,2023-02-02 05:00:00,ringsted,1.525,0.0,6.2,0.0,1004.49,85.75,63.3333
1675314000,2023-02-02 05:00:00,2023-02-02 06:00:00,ringsted,1.15,0.0,6.325,0.0,1005.6,85.5,82.5
1675317600,2023-02-02 06:00:00,2023-02-02 07:00:00,ringsted,0.9,0.0,5.425,0.0,1006.84,85.5,63.75
1675321200,2023-02-02 07:00:00,2023-02-02 08:00:00,ringsted,0.75,0.0,5.0,0.0,1008.37,83.0,50.0
1675324800,2023-02-02 08:00:00,2023-02-02 09:00:00,ringsted,0.725,17.5,5.075,0.0,1009.79,80.0,4.16667
1675328400,2023-02-02 09:00:00,2023-02-02 10:00:00,ringsted,0.9,136.5,4.175,0.0,1010.9,78.75,1.66667
1675332000,2023-02-02 10:00:00,2023-02-02 11:00:00,ringsted,1.7,231.5,4.2,0.0,1011.89,77.25,22.9167
1675335600,2023-02-02 11:00:00,2023-02-02 12:00:00,ringsted,2.35,289.0,4.65,0.0,1012.52,75.5,12.0833
1675339200,2023-02-02 12:00:00,2023-02-02 13:00:00,ringsted,3.025,302.5,4.875,0.0,1012.94,72.5,30.0
1675342800,2023-02-02 13:00:00,2023-02-02 14:00:00,ringsted,3.375,270.5,4.65,0.0,1013.45,70.0,16.25
1675346400,2023-02-02 14:00:00,2023-02-02 15:00:00,ringsted,3.225,201.5,4.125,0.0,1014.42,70.25,13.75
1675350000,2023-02-02 15:00:00,2023-02-02 16:00:00,ringsted,2.725,88.0,3.275,0.0,1015.12,72.5,5.83333
1675353600,2023-02-02 16:00:00,2023-02-02 17:00:00,ringsted,1.575,16.5,1.85,0.0,1015.62,79.75,40.4167
1675357200,2023-02-02 17:00:00,2023-02-02 18:00:00,ringsted,0.575,0.0,1.275,0.0,1015.76,86.0,46.6667
1675360800,2023-02-02 18:00:00,2023-02-02 19:00:00,ringsted,-0.075,0.0,1.05,0.0,1015.63,90.5,40.4167
1675364400,2023-02-02 19:00:00,2023-02-02 20:00:00,ringsted,-0.8,0.0,1.025,0.0,1015.18,93.5,42.9167
1675368000,2023-02-02 20:00:00,2023-02-02 21:00:00,ringsted,-0.75,0.0,1.725,0.0,1014.74,93.0,71.6667
1675371600,2023-02-02 21:00:00,2023-02-02 22:00:00,ringsted,-0.425,0.0,2.2,0.0,1014.01,93.0,81.6667
1675375200,2023-02-02 22:00:00,2023-02-02 23:00:00,ringsted,0.175,0.0,2.775,0.0,1013.05,90.25,51.6667
1675378800,2023-02-02 23:00:00,2023-02-03 00:00:00,ringsted,0.925,0.0,3.575,0.025,1011.48,87.0,88.3333
1675382400,2023-02-03 00:00:00,2023-02-03 01:00:00,ringsted,1.5,0.0,4.3,0.375,1009.97,89.25,98.3333
1675386000,2023-02-03 01:00:00,2023-02-03 02:00:00,ringsted,1.425,0.0,5.35,1.45,1008.14,95.5,97.5
1675389600,2023-02-03 02:00:00,2023-02-03 03:00:00,ringsted,1.0,0.0,5.45,1.825,1005.97,97.0,98.3333
1675393200,2023-02-03 03:00:00,2023-02-03 04:00:00,ringsted,0.725,0.0,5.125,1.425,1003.75,98.75,98.3333
1675396800,2023-02-03 04:00:00,2023-02-03 05:00:00,ringsted,1.675,0.0,5.1,1.275,1001.95,99.5,96.6667
1675400400,2023-02-03 05:00:00,2023-02-03 06:00:00,ringsted,3.075,0.0,5.375,0.55,1000.22,99.5,95.8333
1675404000,2023-02-03 06:00:00,2023-02-03 07:00:00,ringsted,4.45,0.0,5.95,0.3,998.775,99.75,96.6667
1675407600,2023-02-03 07:00:00,2023-02-03 08:00:00,ringsted,5.625,0.0,6.975,1.3,998.296,99.25,90.8333
1675411200,2023-02-03 08:00:00,2023-02-03 09:00:00,ringsted,6.35,7.5,8.2,0.675,998.388,94.25,54.1667
1675414800,2023-02-03 09:00:00,2023-02-03 10:00:00,ringsted,6.6,56.0,9.05,0.05,998.783,88.0,55.8333
1675418400,2023-02-03 10:00:00,2023-02-03 11:00:00,ringsted,6.575,92.0,10.65,0.0,999.2,80.0,57.5
1675422000,2023-02-03 11:00:00,2023-02-03 12:00:00,ringsted,6.6,99.5,10.9,0.0,999.617,77.5,55.0
1675425600,2023-02-03 12:00:00,2023-02-03 13:00:00,ringsted,6.525,75.0,12.15,0.1,1000.51,78.5,55.8333
1675429200,2023-02-03 13:00:00,2023-02-03 14:00:00,ringsted,6.075,85.5,11.7,0.025,1001.49,79.0,76.25
1675432800,2023-02-03 14:00:00,2023-02-03 15:00:00,ringsted,5.225,67.5,10.875,0.0,1002.67,83.75,91.6667
1675436400,2023-02-03 15:00:00,2023-02-03 16:00:00,ringsted,3.875,46.5,9.475,0.1,1004.44,87.25,88.1818
1675440000,2023-02-03 16:00:00,2023-02-03 17:00:00,ringsted,2.9,5.0,9.05,0.0,1006.49,85.75,62.5
1675443600,2023-02-03 17:00:00,2023-02-03 18:00:00,ringsted,2.3,0.0,7.75,0.025,1009.1,89.25,76.6667
1675447200,2023-02-03 18:00:00,2023-02-03 19:00:00,ringsted,2.1,0.0,5.675,0.0,1011.91,92.25,95.0
1675450800,2023-02-03 19:00:00,2023-02-03 20:00:00,ringsted,2.025,0.0,5.125,0.0,1014.68,91.25,95.0
1675454400,2023-02-03 20:00:00,2023-02-03 21:00:00,ringsted,1.925,0.0,4.775,0.0,1016.96,88.0,68.3333
1675458000,2023-02-03 21:00:00,2023-02-03 22:00:00,ringsted,1.575,0.0,4.3,0.0,1018.87,86.0,23.3333
1675461600,2023-02-03 22:00:00,2023-02-03 23:00:00,ringsted,0.925,0.0,3.6,0.0,1020.62,86.75,0.833333
1675465200,2023-02-03 23:00:00,2023-02-04 00:00:00,ringsted,0.075,0.0,2.925,0.0,1022.52,89.25,0.0
1675468800,2023-02-04 00:00:00,2023-02-04 01:00:00,ringsted,-0.45,0.0,2.65,0.0,1024.03,91.0,0.0
1675472400,2023-02-04 01:00:00,2023-02-04 02:00:00,ringsted,-0.85,0.0,2.7,0.0,1025.45,92.25,0.0
1675476000,2023-02-04 02:00:00,2023-02-04 03:00:00,ringsted,-1.2,0.0,2.525,0.0,1026.74,92.25,0.0
1675479600,2023-02-04 03:00:00,2023-02-04 04:00:00,ringsted,-1.575,0.0,2.525,0.0,1028.0,93.0,0.0
1675483200,2023-02-04 04:00:00,2023-02-04 05:00:00,ringsted,-1.85,0.0,2.25,0.0,1029.31,93.25,0.0
1675486800,2023-02-04 05:00:00,2023-02-04 06:00:00,ringsted,-2.075,0.0,2.55,0.0,1030.22,93.5,0.0
1675490400,2023-02-04 06:00:00,2023-02-04 07:00:00,ringsted,-2.45,0.0,2.65,0.0,1031.2,94.0,0.0
1675494000,2023-02-04 07:00:00,2023-02-04 08:00:00,ringsted,-2.8,1.0,2.35,0.0,1032.33,94.5,0.0
1675497600,2023-02-04 08:00:00,2023-02-04 09:00:00,ringsted,-2.675,37.0,2.4,0.0,1033.18,93.25,0.0
1675501200,2023-02-04 09:00:00,2023-02-04 10:00:00,ringsted,-2.025,101.0,2.9,0.0,1033.82,88.75,0.0
1675504800,2023-02-04 10:00:00,2023-02-04 11:00:00,ringsted,-1.425,207.5,3.125,0.0,1034.28,79.5,0.0
1675508400,2023-02-04 11:00:00,2023-02-04 12:00:00,ringsted,-1.025,309.0,3.15,0.0,1034.64,73.25,0.833333
1675512000,2023-02-04 12:00:00,2023-02-04 13:00:00,ringsted,-0.575,324.5,2.9,0.0,1035.0,68.25,0.0
1675515600,2023-02-04 13:00:00,2023-02-04 14:00:00,ringsted,-0.15,302.0,2.5,0.0,1035.09,62.25,0.0
1675519200,2023-02-04 14:00:00,2023-02-04 15:00:00,ringsted,0.075,237.0,2.225,0.0,1035.18,57.75,0.0
1675522800,2023-02-04 15:00:00,2023-02-04 16:00:00,ringsted,0.025,142.0,2.0,0.0,1035.52,56.25,0.0
1675526400,2023-02-04 16:00:00,2023-02-04 17:00:00,ringsted,-0.625,28.5,1.05,0.0,1035.66,59.5,0.833333
1675530000,2023-02-04 17:00:00,2023-02-04 18:00:00,ringsted,-1.975,0.0,0.725,0.0,1035.88,68.5,54.1667
1675533600,2023-02-04 18:00:00,2023-02-04 19:00:00,ringsted,-2.675,0.0,0.425,0.0,1036.11,76.25,90.8333
1675537200,2023-02-04 19:00:00,2023-02-04 20:00:00,ringsted,-3.025,0.0,0.75,0.0,1036.18,79.75,78.3333
1675540800,2023-02-04 20:00:00,2023-02-04 21:00:00,ringsted,-3.325,0.0,0.675,0.0,1035.73,86.0,53.3333
1675544400,2023-02-04 21:00:00,2023-02-04 22:00:00,ringsted,-3.375,0.0,1.275,0.0,1035.38,82.0,94.1667
1675548000,2023-02-04 22:00:00,2023-02-04 23:00:00,ringsted,-3.1,0.0,1.45,0.0,1035.31,82.25,97.5
1675551600,2023-02-04 23:00:00,2023-02-05 00:00:00,ringsted,-2.85,0.0,1.275,0.0,1034.9,82.0,50.8333
1675555200,2023-02-05 00:00:00,2023-02-05 01:00:00,ringsted,-2.55,0.0,2.25,0.0,1034.01,81.0,41.6667
1675558800,2023-02-05 01:00:00,2023-02-05 02:00:00,ringsted,-2.425,0.0,2.475,0.0,1033.3,80.75,47.0833
1675562400,2023-02-05 02:00:00,2023-02-05 03:00:00,ringsted,-2.325,0.0,3.15,0.0,1033.12,81.0,29.5833
1675566000,2023-02-05 03:00:00,2023-02-05 04:00:00,ringsted,-2.075,0.0,3.525,0.0,1032.71,79.5,48.3333
1675569600,2023-02-05 04:00:00,2023-02-05 05:00:00,ringsted,-1.925,0.0,3.975,0.0,1032.03,80.0,63.3333
1675573200,2023-02-05 05:00:00,2023-02-05 06:00:00,ringsted,-1.75,0.0,4.375,0.0,1031.68,80.25,84.1667
1675576800,2023-02-05 06:00:00,2023-02-05 07:00:00,ringsted,-1.525,0.0,4.225,0.0,1031.63,79.25,94.1667
1675580400,2023-02-05 07:00:00,2023-02-05 08:00:00,ringsted,-1.25,0.5,4.175,0.0,1031.54,78.0,95.0
1675584000,2023-02-05 08:00:00,2023-02-05 09:00:00,ringsted,-1.05,11.5,3.875,0.0,1031.36,78.75,83.75
1675587600,2023-02-05 09:00:00,2023-02-05 10:00:00,ringsted,-0.825,48.5,4.075,0.0,1031.45,78.0,65.4167
1675591200,2023-02-05 10:00:00,2023-02-05 11:00:00,ringsted,-0.325,119.0,4.1,0.0,1031.71,76.5,69.5833
1675594800,2023-02-05 11:00:00,2023-02-05 12:00:00,ringsted,0.1,143.5,3.95,0.0,1031.42,76.75,61.6667
1675598400,2023-02-05 12:00:00,2023-02-05 13:00:00,ringsted,0.5,148.0,4.25,0.0,1031.0,78.5,85.8333
1675602000,2023-02-05 13:00:00,2023-02-05 14:00:00,ringsted,0.75,117.5,4.475,0.0,1030.88,80.25,77.5
1675605600,2023-02-05 14:00:00,2023-02-05 15:00:00,ringsted,0.825,87.0,4.175,0.0,1031.14,84.0,95.8333
1675609200,2023-02-05 15:00:00,2023-02-05 16:00:00,ringsted,0.9,32.5,3.675,0.0,1031.47,86.5,95.8333
1675612800,2023-02-05 16:00:00,2023-02-05 17:00:00,ringsted,0.9,4.0,3.225,0.0,1031.44,89.5,88.3333
1675616400,2023-02-05 17:00:00,2023-02-05 18:00:00,ringsted,0.75,0.0,2.975,0.0,1031.62,96.0,80.9091
1675620000,2023-02-05 18:00:00,2023-02-05 19:00:00,ringsted,0.8,0.0,2.55,0.1,1031.97,98.25,95.0
1675623600,2023-02-05 19:00:00,2023-02-05 20:00:00,ringsted,1.175,0.0,2.35,0.075,1032.35,97.75,95.0
1675627200,2023-02-05 20:00:00,2023-02-05 21:00:00,ringsted,1.65,0.0,3.15,0.05,1032.8,96.0,67.5
1675630800,2023-02-05 21:00:00,2023-02-05 22:00:00,ringsted,1.8,0.0,3.9,0.025,1033.53,94.5,51.6667
1675634400,2023-02-05 22:00:00,2023-02-05 23:00:00,ringsted,1.6,0.0,4.25,0.0,1033.84,94.0,50.0
1675638000,2023-02-05 23:00:00,2023-02-06 00:00:00,ringsted,1.35,0.0,3.625,0.0,1034.1,94.0,47.5
1675641600,2023-02-06 00:00:00,2023-02-06 01:00:00,ringsted,1.1,0.0,2.8,0.0,1034.4,94.25,46.6667
1675645200,2023-02-06 01:00:00,2023-02-06 02:00:00,ringsted,0.725,0.0,2.9,0.0,1034.85,94.0,44.1667
1675648800,2023-02-06 02:00:00,2023-02-06 03:00:00,ringsted,0.35,0.0,3.025,0.0,1034.68,93.75,19.1667
1675652400,2023-02-06 03:00:00,2023-02-06 04:00:00,ringsted,-0.1,0.0,2.2,0.0,1034.62,95.75,13.75
1675656000,2023-02-06 04:00:00,2023-02-06 05:00:00,ringsted,-0.8,0.0,1.5,0.0,1034.95,97.0,25.4167
1675659600,2023-02-06 05:00:00,2023-02-06 06:00:00,ringsted,-1.425,0.0,0.85,0.0,1035.06,98.0,48.3333
1675663200,2023-02-06 06:00:00,2023-02-06 07:00:00,ringsted,-1.125,0.0,1.15,0.0,1035.46,98.25,50.0
1675666800,2023-02-06 07:00:00,2023-02-06 08:00:00,ringsted,-0.8,1.0,2.05,0.0,1035.69,98.5,50.0
1675670400,2023-02-06 08:00:00,2023-02-06 09:00:00,ringsted,-0.425,24.0,3.175,0.0,1035.68,99.25,77.5
1675674000,2023-02-06 09:00:00,2023-02-06 10:00:00,ringsted,-0.35,64.5,2.5,0.0,1035.85,99.75,10.8333
1675677600,2023-02-06 10:00:00,2023-02-06 11:00:00,ringsted,-0.55,123.0,2.075,0.0,1036.5,99.75,35.0
1675681200,2023-02-06 11:00:00,2023-02-06 12:00:00,ringsted,-0.425,128.5,1.65,0.0,1036.88,100.0,95.0
1675684800,2023-02-06 12:00:00,2023-02-06 13:00:00,ringsted,-0.45,117.5,0.825,0.0,1036.89,100.0,95.0
1675688400,2023-02-06 13:00:00,2023-02-06 14:00:00,ringsted,-0.35,94.0,0.7,0.0,1036.75,99.0,98.3333
1675692000,2023-02-06 14:00:00,2023-02-06 15:00:00,ringsted,-0.375,78.0,1.025,0.0,1036.56,98.25,96.6667
1675695600,2023-02-06 15:00:00,2023-02-06 16:00:00,ringsted,-0.5,57.0,0.85,0.0,1036.46,97.75,90.8333
1675699200,2023-02-06 16:00:00,2023-02-06 17:00:00,ringsted,-0.875,16.0,1.025,0.0,1036.73,98.25,57.5
1675702800,2023-02-06 17:00:00,2023-02-06 18:00:00,ringsted,-1.2,0.0,1.575,0.0,1036.82,98.75,81.6667
1675706400,2023-02-06 18:00:00,2023-02-06 19:00:00,ringsted,-1.375,0.0,2.575,0.0,1037.21,99.0,95.8333
1675710000,2023-02-06 19:00:00,2023-02-06 20:00:00,ringsted,-1.5,0.0,3.075,0.0,1037.33,99.0,95.0
1675713600,2023-02-06 20:00:00,2023-02-06 21:00:00,ringsted,-1.35,0.0,2.4,0.0,1037.36,99.0,95.0
1675717200,2023-02-06 21:00:00,2023-02-06 22:00:00,ringsted,-1.2,0.0,2.375,0.0,1037.42,98.75,95.0
1675720800,2023-02-06 22:00:00,2023-02-06 23:00:00,ringsted,-1.075,0.0,2.575,0.0,1037.15,99.0,95.0
1675724400,2023-02-06 23:00:00,2023-02-07 00:00:00,ringsted,-1.2,0.0,2.9,0.0,1037.12,99.0,78.3333
1675728000,2023-02-07 00:00:00,2023-02-07 01:00:00,ringsted,-1.1,0.0,3.0,0.0,1036.93,98.75,95.0
1675731600,2023-02-07 01:00:00,2023-02-07 02:00:00,ringsted,-1.0,0.0,3.475,0.0,1036.7,98.5,95.0
1675735200,2023-02-07 02:00:00,2023-02-07 03:00:00,ringsted,-0.875,0.0,3.85,0.0,1036.51,98.0,95.0
1675738800,2023-02-07 03:00:00,2023-02-07 04:00:00,ringsted,-0.55,0.0,4.125,0.0,1036.35,96.75,95.0
1675742400,2023-02-07 04:00:00,2023-02-07 05:00:00,ringsted,-0.25,0.0,3.1,0.0,1036.36,96.75,90.0
1675746000,2023-02-07 05:00:00,2023-02-07 06:00:00,ringsted,0.225,0.0,2.575,0.0,1036.25,94.75,80.0
1675749600,2023-02-07 06:00:00,2023-02-07 07:00:00,ringsted,0.45,0.0,2.75,0.0,1036.32,94.0,95.0
1675753200,2023-02-07 07:00:00,2023-02-07 08:00:00,ringsted,0.4,0.0,3.1,0.0,1036.25,93.5,95.0
1675756800,2023-02-07 08:00:00,2023-02-07 09:00:00,ringsted,0.275,15.5,2.75,0.0,1036.09,93.5,92.5
1675760400,2023-02-07 09:00:00,2023-02-07 10:00:00,ringsted,0.4,41.5,2.7,0.0,1036.06,94.5,85.0
1675764000,2023-02-07 10:00:00,2023-02-07 11:00:00,ringsted,0.375,59.0,3.025,0.0,1035.95,95.75,96.6667
1675767600,2023-02-07 11:00:00,2023-02-07 12:00:00,ringsted,0.425,79.0,3.725,0.0,1035.78,96.75,92.5
1675771200,2023-02-07 12:00:00,2023-02-07 13:00:00,ringsted,0.6,139.5,3.975,0.0,1035.82,96.25,75.0
1675774800,2023-02-07 13:00:00,2023-02-07 14:00:00,ringsted,1.3,168.5,3.875,0.0,1035.7,92.25,52.5
1675778400,2023-02-07 14:00:00,2023-02-07 15:00:00,ringsted,2.025,192.0,3.525,0.0,1035.37,86.75,40.8333
1675782000,2023-02-07 15:00:00,2023-02-07 16:00:00,ringsted,2.3,136.0,3.125,0.0,1035.18,84.25,1.66667
1675785600,2023-02-07 16:00:00,2023-02-07 17:00:00,ringsted,1.75,39.5,2.875,0.0,1035.38,86.0,32.0833
1675789200,2023-02-07 17:00:00,2023-02-07 18:00:00,ringsted,0.825,1.0,2.65,0.0,1035.39,88.25,50.0
1675792800,2023-02-07 18:00:00,2023-02-07 19:00:00,ringsted,0.55,0.0,2.475,0.0,1035.46,90.25,50.0
1675796400,2023-02-07 19:00:00,2023-02-07 20:00:00,ringsted,0.4,0.0,2.1,0.0,1035.49,92.25,50.8333
1675800000,2023-02-07 20:00:00,2023-02-07 21:00:00,ringsted,0.125,0.0,1.75,0.0,1035.42,94.25,81.6667
1675803600,2023-02-07 21:00:00,2023-02-07 22:00:00,ringsted,0.025,0.0,2.325,0.0,1035.6,95.5,47.5
1675807200,2023-02-07 22:00:00,2023-02-07 23:00:00,ringsted,0.05,0.0,2.3,0.0,1035.6,95.25,46.6667
1675810800,2023-02-07 23:00:00,2023-02-08 00:00:00,ringsted,0.025,0.0,1.925,0.0,1035.51,95.0,55.8333
1675814400,2023-02-08 00:00:00,2023-02-08 01:00:00,ringsted,-0.125,0.0,2.225,0.0,1035.41,95.25,65.0
1675818000,2023-02-08 01:00:00,2023-02-08 02:00:00,ringsted,-0.025,0.0,2.7,0.0,1035.28,95.25,50.0
1675821600,2023-02-08 02:00:00,2023-02-08 03:00:00,ringsted,0.025,0.0,2.6,0.0,1035.25,95.0,50.0
1675825200,2023-02-08 03:00:00,2023-02-08 04:00:00,ringsted,0.1,0.0,2.525,0.0,1035.31,94.25,82.5
1675828800,2023-02-08 04:00:00,2023-02-08 05:00:00,ringsted,0.15,0.0,2.95,0.0,1035.57,93.75,87.0833
1675832400,2023-02-08 05:00:00,2023-02-08 06:00:00,ringsted,2.08167e-17,0.0,2.525,0.0,1035.44,94.75,28.3333
1675836000,2023-02-08 06:00:00,2023-02-08 07:00:00,ringsted,-0.125,0.0,3.25,0.0,1035.62,93.5,0.0
1675839600,2023-02-08 07:00:00,2023-02-08 08:00:00,ringsted,-0.5,1.5,1.875,0.0,1035.78,92.5,0.0
1675843200,2023-02-08 08:00:00,2023-02-08 09:00:00,ringsted,-0.95,50.0,1.25,0.0,1035.53,93.75,0.0
1675846800,2023-02-08 09:00:00,2023-02-08 10:00:00,ringsted,0.2,160.0,2.375,0.0,1035.32,87.25,0.0
1675850400,2023-02-08 10:00:00,2023-02-08 11:00:00,ringsted,1.25,258.0,3.675,0.0,1035.21,77.25,0.0
1675854000,2023-02-08 11:00:00,2023-02-08 12:00:00,ringsted,1.95,316.5,4.225,0.0,1034.81,68.25,0.0
1675857600,2023-02-08 12:00:00,2023-02-08 13:00:00,ringsted,2.55,333.5,4.875,0.0,1034.34,61.5,0.0
1675861200,2023-02-08 13:00:00,2023-02-08 14:00:00,ringsted,2.875,313.5,4.975,0.0,1033.65,57.5,0.0
1675864800,2023-02-08 14:00:00,2023-02-08 15:00:00,ringsted,3.025,247.5,5.0,0.0,1033.25,56.25,0.0
1675868400,2023-02-08 15:00:00,2023-02-08 16:00:00,ringsted,2.725,147.0,4.775,0.0,1032.79,57.0,0.0
1675872000,2023-02-08 16:00:00,2023-02-08 17:00:00,ringsted,1.9,42.5,4.0,0.0,1032.06,63.0,0.0
1675875600,2023-02-08 17:00:00,2023-02-08 18:00:00,ringsted,0.925,1.0,3.625,0.0,1031.26,72.5,0.0
1675879200,2023-02-08 18:00:00,2023-02-08 19:00:00,ringsted,0.525,0.0,4.475,0.0,1030.63,79.75,0.0
1675882800,2023-02-08 19:00:00,2023-02-08 20:00:00,ringsted,0.525,0.0,4.575,0.0,1030.2,80.25,0.0
1675886400,2023-02-08 20:00:00,2023-02-08 21:00:00,ringsted,0.4,0.0,4.275,0.0,1029.74,80.25,0.0
1675890000,2023-02-08 21:00:00,2023-02-08 22:00:00,ringsted,0.175,0.0,4.525,0.0,1029.35,80.25,0.0
1675893600,2023-02-08 22:00:00,2023-02-08 23:00:00,ringsted,0.05,0.0,5.0,0.0,1028.76,81.0,0.0
1675897200,2023-02-08 23:00:00,2023-02-09 00:00:00,ringsted,-0.15,0.0,5.45,0.0,1028.01,81.5,0.0
1675900800,2023-02-09 00:00:00,2023-02-09 01:00:00,ringsted,-0.425,0.0,5.4,0.0,1027.05,82.5,0.0
1675904400,2023-02-09 01:00:00,2023-02-09 02:00:00,ringsted,-0.6,0.0,5.45,0.0,1026.16,82.5,0.0
1675908000,2023-02-09 02:00:00,2023-02-09 03:00:00,ringsted,-0.625,0.0,5.45,0.0,1025.1,82.75,0.0
1675911600,2023-02-09 03:00:00,2023-02-09 04:00:00,ringsted,-0.775,0.0,5.125,0.0,1023.97,84.75,0.0
1675915200,2023-02-09 04:00:00,2023-02-09 05:00:00,ringsted,-0.775,0.0,5.65,0.0,1023.27,85.0,0.0
1675918800,2023-02-09 05:00:00,2023-02-09 06:00:00,ringsted,-0.75,0.0,5.675,0.0,1023.05,85.0,0.0
1675922400,2023-02-09 06:00:00,2023-02-09 07:00:00,ringsted,-0.75,0.0,5.325,0.0,1022.61,85.0,0.0
1675926000,2023-02-09 07:00:00,2023-02-09 08:00:00,ringsted,-0.65,1.5,5.1,0.0,1022.46,84.25,0.0
1675929600,2023-02-09 08:00:00,2023-02-09 09:00:00,ringsted,-0.475,33.0,5.225,0.0,1022.14,81.5,0.0
1675933200,2023-02-09 09:00:00,2023-02-09 10:00:00,ringsted,0.125,107.0,5.375,0.0,1021.68,78.25,7.5
1675936800,2023-02-09 10:00:00,2023-02-09 11:00:00,ringsted,0.7,165.5,5.8,0.0,1021.54,75.0,48.75
1675940400,2023-02-09 11:00:00,2023-02-09 12:00:00,ringsted,1.175,191.5,5.95,0.0,1021.3,74.25,47.9167
1675944000,2023-02-09 12:00:00,2023-02-09 13:00:00,ringsted,1.5,139.5,6.125,0.0,1020.82,74.25,45.8333
1675947600,2023-02-09 13:00:00,2023-02-09 14:00:00,ringsted,1.6,112.0,6.3,0.0,1020.68,76.25,77.0833
1675951200,2023-02-09 14:00:00,2023-02-09 15:00:00,ringsted,1.75,47.5,5.925,0.0,1020.62,79.5,70.8333
1675954800,2023-02-09 15:00:00,2023-02-09 16:00:00,ringsted,1.8,27.5,6.05,0.0,1020.51,84.25,52.5
1675958400,2023-02-09 16:00:00,2023-02-09 17:00:00,ringsted,2.05,12.0,6.15,0.0,1020.52,87.5,50.0
1675962000,2023-02-09 17:00:00,2023-02-09 18:00:00,ringsted,2.3,0.0,6.25,0.0,1020.59,91.75,50.0
1675965600,2023-02-09 18:00:00,2023-02-09 19:00:00,ringsted,2.575,0.0,6.5,0.0,1020.52,94.75,36.25
1675969200,2023-02-09 19:00:00,2023-02-09 20:00:00,ringsted,2.725,0.0,6.325,0.0,1020.57,95.5,21.6667
1675972800,2023-02-09 20:00:00,2023-02-09 21:00:00,ringsted,2.9,0.0,5.975,0.0,1020.55,93.5,23.75
1675976400,2023-02-09 21:00:00,2023-02-09 22:00:00,ringsted,3.15,0.0,5.8,0.0,1020.72,90.0,33.75
1675980000,2023-02-09 22:00:00,2023-02-09 23:00:00,ringsted,3.2,0.0,5.95,0.0,1020.97,89.25,5.83333
1675983600,2023-02-09 23:00:00,2023-02-10 00:00:00,ringsted,3.275,0.0,6.0,0.0,1021.06,89.25,16.25
1675987200,2023-02-10 00:00:00,2023-02-10 01:00:00,ringsted,3.45,0.0,6.45,0.025,1021.15,89.25,85.0
1675990800,2023-02-10 01:00:00,2023-02-10 02:00:00,ringsted,3.8,0.0,6.35,0.0,1021.53,88.75,77.5
1675994400,2023-02-10 02:00:00,2023-02-10 03:00:00,ringsted,4.1,0.0,6.2,0.0,1021.71,89.0,52.5
1675998000,2023-02-10 03:00:00,2023-02-10 04:00:00,ringsted,4.1,0.0,5.6,0.0,1021.79,88.75,49.1667
1676001600,2023-02-10 04:00:00,2023-02-10 05:00:00,ringsted,3.725,0.0,5.0,0.0,1022.02,89.5,37.5
1676005200,2023-02-10 05:00:00,2023-02-10 06:00:00,ringsted,3.375,0.0,4.55,0.0,1022.42,90.75,32.0833
1676008800,2023-02-10 06:00:00,2023-02-10 07:00:00,ringsted,3.025,0.0,4.05,0.0,1023.08,91.25,7.91667
1676012400,2023-02-10 07:00:00,2023-02-10 08:00:00,ringsted,2.35,1.0,3.575,0.0,1023.86,94.5,43.75
1676016000,2023-02-10 08:00:00,2023-02-10 09:00:00,ringsted,2.5,41.0,3.6,0.0,1024.24,96.0,27.0833
1676019600,2023-02-10 09:00:00,2023-02-10 10:00:00,ringsted,3.425,152.5,4.475,0.0,1024.55,95.0,40.4167
1676023200,2023-02-10 10:00:00,2023-02-10 11:00:00,ringsted,4.625,234.0,4.7,0.0,1024.65,91.75,54.1667
1676026800,2023-02-10 11:00:00,2023-02-10 12:00:00,ringsted,5.375,232.0,5.4,0.0,1024.43,88.25,62.0833
1676030400,2023-02-10 12:00:00,2023-02-10 13:00:00,ringsted,5.725,199.0,5.575,0.0,1023.73,85.25,43.3333
1676034000,2023-02-10 13:00:00,2023-02-10 14:00:00,ringsted,5.675,177.5,5.025,0.0,1023.06,86.25,47.9167
1676037600,2023-02-10 14:00:00,2023-02-10 15:00:00,ringsted,5.575,83.0,5.55,0.0,1022.29,88.25,62.5
1676041200,2023-02-10 15:00:00,2023-02-10 16:00:00,ringsted,5.675,60.5,5.825,0.0,1021.76,88.25,90.0
1676044800,2023-02-10 16:00:00,2023-02-10 17:00:00,ringsted,5.45,11.0,6.225,0.0,1021.18,87.75,94.1667
1676048400,2023-02-10 17:00:00,2023-02-10 18:00:00,ringsted,5.175,0.0,6.6,0.0,1020.71,88.5,85.8333
1676052000,2023-02-10 18:00:00,2023-02-10 19:00:00,ringsted,4.95,0.0,7.35,0.0,1019.74,89.5,90.0
1676055600,2023-02-10 19:00:00,2023-02-10 20:00:00,ringsted,4.8,0.0,7.75,0.0,1018.89,88.75,95.0
1676059200,2023-02-10 20:00:00,2023-02-10 21:00:00,ringsted,4.95,0.0,8.025,0.0,1018.26,86.5,95.0
1676062800,2023-02-10 21:00:00,2023-02-10 22:00:00,ringsted,4.875,0.0,8.375,0.0,1017.45,87.75,97.5
1676066400,2023-02-10 22:00:00,2023-02-10 23:00:00,ringsted,4.625,0.0,8.55,0.0,1016.64,93.0,95.8333
1676070000,2023-02-10 23:00:00,2023-02-11 00:00:00,ringsted,4.55,0.0,8.3,0.0,1016.31,96.75,95.0
1676073600,2023-02-11 00:00:00,2023-02-11 01:00:00,ringsted,4.875,0.0,8.1,0.025,1015.84,96.75,95.0
1676077200,2023-02-11 01:00:00,2023-02-11 02:00:00,ringsted,5.5,0.0,8.05,0.0,1015.28,96.0,95.0
1676080800,2023-02-11 02:00:00,2023-02-11 03:00:00,ringsted,5.95,0.0,7.75,0.0,1015.05,95.25,95.0
1676084400,2023-02-11 03:00:00,2023-02-11 04:00:00,ringsted,6.325,0.0,7.275,0.0,1014.61,95.0,66.6667
1676088000,2023-02-11 04:00:00,2023-02-11 05:00:00,ringsted,6.45,0.0,7.55,0.0,1014.19,94.0,59.1667
1676091600,2023-02-11 05:00:00,2023-02-11 06:00:00,ringsted,6.575,0.0,7.625,0.0,1014.34,92.75,85.8333
1676095200,2023-02-11 06:00:00,2023-02-11 07:00:00,ringsted,6.875,0.0,7.725,0.0,1014.81,91.75,91.6667
1676098800,2023-02-11 07:00:00,2023-02-11 08:00:00,ringsted,7.0,1.5,7.75,0.0,1014.72,93.0,56.25
1676102400,2023-02-11 08:00:00,2023-02-11 09:00:00,ringsted,6.925,60.0,7.875,0.0,1015.03,93.25,40.8333
1676106000,2023-02-11 09:00:00,2023-02-11 10:00:00,ringsted,7.5,126.0,8.15,0.0,1015.95,90.0,17.9167
1676109600,2023-02-11 10:00:00,2023-02-11 11:00:00,ringsted,8.25,197.0,8.325,0.0,1016.66,85.5,6.66667
1676113200,2023-02-11 11:00:00,2023-02-11 12:00:00,ringsted,9.05,304.5,9.3,0.0,1017.34,78.5,3.75
1676116800,2023-02-11 12:00:00,2023-02-11 13:00:00,ringsted,9.375,282.0,8.975,0.0,1018.19,75.25,1.66667
1676120400,2023-02-11 13:00:00,2023-02-11 14:00:00,ringsted,9.3,258.0,8.35,0.0,1018.91,75.25,0.833333
1676124000,2023-02-11 14:00:00,2023-02-11 15:00:00,ringsted,9.175,207.5,7.8,0.0,1019.73,73.75,0.0
1676127600,2023-02-11 15:00:00,2023-02-11 16:00:00,ringsted,8.825,115.0,6.175,0.0,1020.87,74.75,0.0
1676131200,2023-02-11 16:00:00,2023-02-11 17:00:00,ringsted,7.85,34.0,4.0,0.0,1022.07,79.0,0.0
1676134800,2023-02-11 17:00:00,2023-02-11 18:00:00,ringsted,6.6,2.5,3.175,0.0,1023.07,83.0,0.0
1676138400,2023-02-11 18:00:00,2023-02-11 19:00:00,ringsted,5.6,0.0,3.025,0.0,1023.88,87.5,0.0
1676142000,2023-02-11 19:00:00,2023-02-11 20:00:00,ringsted,4.95,0.0,2.575,0.0,1024.73,90.75,0.0
1676145600,2023-02-11 20:00:00,2023-02-11 21:00:00,ringsted,4.55,0.0,2.525,0.0,1025.49,93.25,0.0
1676149200,2023-02-11 21:00:00,2023-02-11 22:00:00,ringsted,3.725,0.0,2.7,0.0,1026.15,96.0,0.0
1676152800,2023-02-11 22:00:00,2023-02-11 23:00:00,ringsted,3.45,0.0,2.85,0.0,1026.71,97.0,0.0
1676156400,2023-02-11 23:00:00,2023-02-12 00:00:00,ringsted,3.05,0.0,2.125,0.0,1027.27,98.0,0.0
1676160000,2023-02-12 00:00:00,2023-02-12 01:00:00,ringsted,2.725,0.0,2.15,0.0,1027.57,98.25,30.0
1676163600,2023-02-12 01:00:00,2023-02-12 02:00:00,ringsted,2.5,0.0,2.0,0.0,1027.91,98.75,27.0833
1676167200,2023-02-12 02:00:00,2023-02-12 03:00:00,ringsted,2.8,0.0,2.75,0.0,1028.1,98.5,89.1667
1676170800,2023-02-12 03:00:00,2023-02-12 04:00:00,ringsted,3.525,0.0,2.425,0.0,1028.06,99.0,95.0
1676174400,2023-02-12 04:00:00,2023-02-12 05:00:00,ringsted,4.55,0.0,2.675,0.0,1028.38,99.0,95.0
1676178000,2023-02-12 05:00:00,2023-02-12 06:00:00,ringsted,5.3,0.0,3.05,0.025,1028.65,98.75,95.0
1676181600,2023-02-12 06:00:00,2023-02-12 07:00:00,ringsted,5.7,0.0,3.35,0.025,1028.95,98.25,96.6667
1676185200,2023-02-12 07:00:00,2023-02-12 08:00:00,ringsted,5.775,1.0,3.975,0.025,1029.4,98.5,95.0
1676188800,2023-02-12 08:00:00,2023-02-12 09:00:00,ringsted,5.8,26.5,3.6,0.025,1029.97,98.25,95.0
1676192400,2023-02-12 09:00:00,2023-02-12 10:00:00,ringsted,6.125,69.0,4.375,0.0,1030.36,97.75,94.1667
1676196000,2023-02-12 10:00:00,2023-02-12 11:00:00,ringsted,6.625,112.5,4.5,0.0,1030.37,96.5,90.8333
1676199600,2023-02-12 11:00:00,2023-02-12 12:00:00,ringsted,7.05,136.0,4.35,0.0,1030.11,92.0,94.1667
1676203200,2023-02-12 12:00:00,2023-02-12 13:00:00,ringsted,7.8,214.5,4.6,0.0,1029.78,85.0,81.6667
1676206800,2023-02-12 13:00:00,2023-02-12 14:00:00,ringsted,8.525,188.0,5.45,0.0,1029.5,76.5,84.1667
1676210400,2023-02-12 14:00:00,2023-02-12 15:00:00,ringsted,8.45,132.0,5.75,0.0,1029.48,75.25,93.3333
1676214000,2023-02-12 15:00:00,2023-02-12 16:00:00,ringsted,8.125,61.0,4.875,0.0,1029.75,77.0,95.0
1676217600,2023-02-12 16:00:00,2023-02-12 17:00:00,ringsted,7.725,16.5,4.55,0.0,1029.82,81.5,95.0
1676221200,2023-02-12 17:00:00,2023-02-12 18:00:00,ringsted,7.3,1.0,4.125,0.0,1030.1,85.5,95.0
1676224800,2023-02-12 18:00:00,2023-02-12 19:00:00,ringsted,7.125,0.0,4.15,0.0,1030.31,84.5,95.0
1676228400,2023-02-12 19:00:00,2023-02-12 20:00:00,ringsted,7.0,0.0,3.85,0.0,1030.06,81.0,95.0
1676232000,2023-02-12 20:00:00,2023-02-12 21:00:00,ringsted,6.85,0.0,3.65,0.0,1030.01,78.75,95.0
1676235600,2023-02-12 21:00:00,2023-02-12 22:00:00,ringsted,6.625,0.0,4.175,0.0,1030.07,78.25,95.0
1676239200,2023-02-12 22:00:00,2023-02-12 23:00:00,ringsted,6.425,0.0,4.175,0.0,1030.15,80.0,95.0
1676242800,2023-02-12 23:00:00,2023-02-13 00:00:00,ringsted,6.25,0.0,4.25,0.0,1030.1,81.5,95.0
1676246400,2023-02-13 00:00:00,2023-02-13 01:00:00,ringsted,6.15,0.0,4.05,0.0,1029.97,81.75,95.0
1676250000,2023-02-13 01:00:00,2023-02-13 02:00:00,ringsted,6.175,0.0,4.05,0.0,1029.82,79.75,95.0
1676253600,2023-02-13 02:00:00,2023-02-13 03:00:00,ringsted,6.0,0.0,3.875,0.0,1029.62,78.5,87.5
1676257200,2023-02-13 03:00:00,2023-02-13 04:00:00,ringsted,5.7,0.0,3.8,0.0,1029.68,78.0,95.0
1676260800,2023-02-13 04:00:00,2023-02-13 05:00:00,ringsted,5.625,0.0,4.125,0.0,1029.8,77.25,95.0
1676264400,2023-02-13 05:00:00,2023-02-13 06:00:00,ringsted,5.7,0.0,4.675,0.0,1029.91,76.5,95.0
1676268000,2023-02-13 06:00:00,2023-02-13 07:00:00,ringsted,5.6,0.0,4.2,0.0,1030.15,78.5,95.0
1676271600,2023-02-13 07:00:00,2023-02-13 08:00:00,ringsted,5.425,0.5,4.2,0.0,1030.31,80.0,95.0
1676275200,2023-02-13 08:00:00,2023-02-13 09:00:00,ringsted,5.55,15.5,4.225,0.0,1030.36,80.0,83.75
1676278800,2023-02-13 09:00:00,2023-02-13 10:00:00,ringsted,5.95,58.5,4.525,0.0,1030.28,77.5,45.0
1676282400,2023-02-13 10:00:00,2023-02-13 11:00:00,ringsted,6.725,186.0,5.575,0.0,1030.42,73.5,29.1667
1676286000,2023-02-13 11:00:00,2023-02-13 12:00:00,ringsted,7.45,294.0,6.4,0.0,1030.55,69.25,0.0
1676289600,2023-02-13 12:00:00,2023-02-13 13:00:00,ringsted,8.225,364.5,6.45,0.0,1030.45,65.25,11.6667
1676293200,2023-02-13 13:00:00,2023-02-13 14:00:00,ringsted,8.35,284.0,6.375,0.0,1030.38,65.0,54.5833
1676296800,2023-02-13 14:00:00,2023-02-13 15:00:00,ringsted,8.125,177.5,6.05,0.0,1030.26,66.25,58.75
1676300400,2023-02-13 15:00:00,2023-02-13 16:00:00,ringsted,7.725,123.0,5.525,0.0,1030.16,68.25,90.0
1676304000,2023-02-13 16:00:00,2023-02-13 17:00:00,ringsted,7.125,42.0,4.4,0.0,1030.38,72.0,95.0
1676307600,2023-02-13 17:00:00,2023-02-13 18:00:00,ringsted,6.4,2.0,3.975,0.0,1030.92,75.0,95.0
1676311200,2023-02-13 18:00:00,2023-02-13 19:00:00,ringsted,6.225,0.0,3.575,0.0,1031.16,75.25,95.0
1676314800,2023-02-13 19:00:00,2023-02-13 20:00:00,ringsted,5.95,0.0,3.1,0.0,1031.26,77.25,95.0
1676318400,2023-02-13 20:00:00,2023-02-13 21:00:00,ringsted,5.65,0.0,2.725,0.0,1031.52,79.0,95.0
1676322000,2023-02-13 21:00:00,2023-02-13 22:00:00,ringsted,5.5,0.0,2.325,0.0,1031.93,79.5,95.0
1676325600,2023-02-13 22:00:00,2023-02-13 23:00:00,ringsted,5.15,0.0,2.1,0.0,1032.11,82.0,95.0
1676329200,2023-02-13 23:00:00,2023-02-14 00:00:00,ringsted,4.925,0.0,2.05,0.0,1032.11,83.5,95.0
1676332800,2023-02-14 00:00:00,2023-02-14 01:00:00,ringsted,4.75,0.0,2.125,0.0,1032.1,83.5,95.0
1676336400,2023-02-14 01:00:00,2023-02-14 02:00:00,ringsted,4.65,0.0,2.175,0.0,1032.07,84.0,95.0
1676340000,2023-02-14 02:00:00,2023-02-14 03:00:00,ringsted,4.475,0.0,1.7,0.0,1031.84,84.0,95.0
1676343600,2023-02-14 03:00:00,2023-02-14 04:00:00,ringsted,4.275,0.0,1.425,0.0,1031.66,85.0,95.0
1676347200,2023-02-14 04:00:00,2023-02-14 05:00:00,ringsted,4.125,0.0,1.525,0.0,1031.67,85.25,95.0
1676350800,2023-02-14 05:00:00,2023-02-14 06:00:00,ringsted,4.15,0.0,1.625,0.0,1031.67,84.0,95.0
1676354400,2023-02-14 06:00:00,2023-02-14 07:00:00,ringsted,3.975,0.0,1.725,0.0,1031.8,82.75,95.0
1676358000,2023-02-14 07:00:00,2023-02-14 08:00:00,ringsted,3.825,1.0,1.6,0.0,1031.96,82.75,95.0
1676361600,2023-02-14 08:00:00,2023-02-14 09:00:00,ringsted,3.8,11.5,1.775,0.0,1031.93,82.25,95.0
1676365200,2023-02-14 09:00:00,2023-02-14 10:00:00,ringsted,3.825,31.0,1.95,0.0,1031.84,82.0,95.0
1676368800,2023-02-14 10:00:00,2023-02-14 11:00:00,ringsted,3.825,57.5,2.4,0.0,1031.92,81.25,85.0
1676372400,2023-02-14 11:00:00,2023-02-14 12:00:00,ringsted,3.8,63.0,2.175,0.0,1031.62,81.5,95.0
1676376000,2023-02-14 12:00:00,2023-02-14 13:00:00,ringsted,3.8,69.0,2.225,0.0,1031.15,81.0,90.8333
1676379600,2023-02-14 13:00:00,2023-02-14 14:00:00,ringsted,3.7,63.5,2.425,0.0,1030.65,81.5,85.0
1676383200,2023-02-14 14:00:00,2023-02-14 15:00:00,ringsted,3.575,51.5,2.425,0.0,1030.15,81.0,67.5
1676386800,2023-02-14 15:00:00,2023-02-14 16:00:00,ringsted,3.45,32.0,2.175,0.0,1029.67,81.5,70.8333
1676390400,2023-02-14 16:00:00,2023-02-14 17:00:00,ringsted,3.225,12.0,2.125,0.0,1029.42,82.5,66.6667
1676394000,2023-02-14 17:00:00,2023-02-14 18:00:00,ringsted,3.0,0.5,2.05,0.0,1029.28,82.75,55.0
1676397600,2023-02-14 18:00:00,2023-02-14 19:00:00,ringsted,2.85,0.0,2.05,0.0,1029.04,83.5,51.6667
1676401200,2023-02-14 19:00:00,2023-02-14 20:00:00,ringsted,2.675,0.0,1.9,0.0,1028.58,83.5,50.0
1676404800,2023-02-14 20:00:00,2023-02-14 21:00:00,ringsted,2.5,0.0,1.45,0.0,1028.22,85.0,50.0
1676408400,2023-02-14 21:00:00,2023-02-14 22:00:00,ringsted,2.35,0.0,1.25,0.0,1027.96,86.75,50.0
1676412000,2023-02-14 22:00:00,2023-02-14 23:00:00,ringsted,2.2,0.0,1.075,0.0,1027.56,87.5,50.0
1676415600,2023-02-14 23:00:00,2023-02-15 00:00:00,ringsted,1.85,0.0,0.95,0.0,1027.17,89.5,50.0
1676419200,2023-02-15 00:00:00,2023-02-15 01:00:00,ringsted,1.275,0.0,0.95,0.0,1026.73,91.75,50.0
1676422800,2023-02-15 01:00:00,2023-02-15 02:00:00,ringsted,1.25,0.0,1.1,0.0,1026.2,93.25,50.0
1676426400,2023-02-15 02:00:00,2023-02-15 03:00:00,ringsted,1.25,0.0,1.475,0.0,1025.53,94.5,50.0
1676430000,2023-02-15 03:00:00,2023-02-15 04:00:00,ringsted,1.325,0.0,1.875,0.0,1024.74,96.0,50.8333
1676433600,2023-02-15 04:00:00,2023-02-15 05:00:00,ringsted,1.075,0.0,1.85,0.0,1024.22,96.75,58.3333
1676437200,2023-02-15 05:00:00,2023-02-15 06:00:00,ringsted,1.35,0.0,1.975,0.0,1023.83,97.0,50.0
1676440800,2023-02-15 06:00:00,2023-02-15 07:00:00,ringsted,1.55,0.0,1.9,0.0,1023.58,98.0,50.0
1676444400,2023-02-15 07:00:00,2023-02-15 08:00:00,ringsted,1.675,1.5,1.425,0.0,1023.37,98.75,46.3636
1676448000,2023-02-15 08:00:00,2023-02-15 09:00:00,ringsted,1.875,22.0,2.06667,0.0,1022.91,99.5,80.8333
1676451600,2023-02-15 09:00:00,2023-02-15 10:00:00,ringsted,2.25,52.5,2.36667,0.0,1022.4,99.0,90.8333
1676455200,2023-02-15 10:00:00,2023-02-15 11:00:00,ringsted,2.7,82.5,2.675,0.0,1022.03,98.5,51.6667
1676458800,2023-02-15 11:00:00,2023-02-15 12:00:00,ringsted,3.025,116.5,2.775,0.0,1021.6,98.75,50.0
1676462400,2023-02-15 12:00:00,2023-02-15 13:00:00,ringsted,3.1,116.0,2.675,0.0,1020.97,98.0,50.0
1676466000,2023-02-15 13:00:00,2023-02-15 14:00:00,ringsted,2.95,87.0,2.525,0.0,1020.35,98.25,50.0
1676469600,2023-02-15 14:00:00,2023-02-15 15:00:00,ringsted,2.8,66.0,2.625,0.0,1019.82,98.75,50.0
1676473200,2023-02-15 15:00:00,2023-02-15 16:00:00,ringsted,2.875,43.5,2.3,0.0,1019.67,99.0,50.0
1676476800,2023-02-15 16:00:00,2023-02-15 17:00:00,ringsted,2.65,14.0,2.35,0.0,1019.4,99.0,33.3333
1676480400,2023-02-15 17:00:00,2023-02-15 18:00:00,ringsted,2.175,0.5,2.375,0.0,1018.85,99.5,0.0
1676484000,2023-02-15 18:00:00,2023-02-15 19:00:00,ringsted,1.775,0.0,2.425,0.0,1018.64,99.75,0.0
1676487600,2023-02-15 19:00:00,2023-02-15 20:00:00,ringsted,1.65,0.0,2.775,0.0,1018.27,100.0,0.0
1676491200,2023-02-15 20:00:00,2023-02-15 21:00:00,ringsted,1.4,0.0,3.15,0.0,1017.8,100.0,0.0
1676494800,2023-02-15 21:00:00,2023-02-15 22:00:00,ringsted,1.225,0.0,3.225,0.0,1017.44,100.0,0.0
1676498400,2023-02-15 22:00:00,2023-02-15 23:00:00,ringsted,1.225,0.0,3.175,0.0,1016.95,100.0,0.0
1676502000,2023-02-15 23:00:00,2023-02-16 00:00:00,ringsted,1.525,0.0,3.125,0.0,1016.61,100.0,0.0
1676505600,2023-02-16 00:00:00,2023-02-16 01:00:00,ringsted,1.625,0.0,2.975,0.0,1016.22,100.0,0.0
1676509200,2023-02-16 01:00:00,2023-02-16 02:00:00,ringsted,1.925,0.0,3.0,0.0,1015.8,100.0,0.0
1676512800,2023-02-16 02:00:00,2023-02-16 03:00:00,ringsted,2.2,0.0,3.0,0.0,1015.4,100.0,0.0
1676516400,2023-02-16 03:00:00,2023-02-16 04:00:00,ringsted,2.25,0.0,3.1,0.0,1014.94,100.0,8.33333
1676520000,2023-02-16 04:00:00,2023-02-16 05:00:00,ringsted,2.225,0.0,3.15,0.0,1014.38,100.0,8.33333
1676523600,2023-02-16 05:00:00,2023-02-16 06:00:00,ringsted,2.125,0.0,2.7,0.0,1014.11,100.0,0.0
1676527200,2023-02-16 06:00:00,2023-02-16 07:00:00,ringsted,1.925,0.0,2.6,0.0,1014.06,100.0,16.6667
1676530800,2023-02-16 07:00:00,2023-02-16 08:00:00,ringsted,2.275,5.5,2.75,0.0,1013.95,100.0,50.0
1676534400,2023-02-16 08:00:00,2023-02-16 09:00:00,ringsted,2.95,33.5,2.775,0.0,1014.04,100.0,50.0
1676538000,2023-02-16 09:00:00,2023-02-16 10:00:00,ringsted,3.725,48.5,3.125,0.3,1014.13,99.75,60.8333
1676541600,2023-02-16 10:00:00,2023-02-16 11:00:00,ringsted,4.2,46.5,2.73333,0.475,1014.02,99.75,50.0
1676545200,2023-02-16 11:00:00,2023-02-16 12:00:00,ringsted,4.55,55.0,2.925,0.2,1013.96,99.25,50.0
1676548800,2023-02-16 12:00:00,2023-02-16 13:00:00,ringsted,4.675,41.0,3.275,0.1,1013.7,99.25,52.5
1676552400,2023-02-16 13:00:00,2023-02-16 14:00:00,ringsted,4.65,32.5,3.5,0.1,1013.44,99.25,50.0
1676556000,2023-02-16 14:00:00,2023-02-16 15:00:00,ringsted,4.625,34.0,3.3,0.0,1013.25,99.5,33.3333
1676559600,2023-02-16 15:00:00,2023-02-16 16:00:00,ringsted,4.75,24.0,3.3,0.0,1013.12,99.75,50.0
1676563200,2023-02-16 16:00:00,2023-02-16 17:00:00,ringsted,4.825,9.5,3.075,0.0,1012.97,99.75,50.0
1676566800,2023-02-16 17:00:00,2023-02-16 18:00:00,ringsted,4.875,1.5,3.175,0.0,1012.91,99.5,49.1667
1676570400,2023-02-16 18:00:00,2023-02-16 19:00:00,ringsted,4.875,0.0,3.2,0.0,1012.85,98.75,51.6667
1676574000,2023-02-16 19:00:00,2023-02-16 20:00:00,ringsted,4.825,0.0,3.225,0.0,1012.46,98.5,56.6667
1676577600,2023-02-16 20:00:00,2023-02-16 21:00:00,ringsted,4.75,0.0,2.925,0.0,1012.07,98.75,51.6667
1676581200,2023-02-16 21:00:00,2023-02-16 22:00:00,ringsted,4.775,0.0,3.175,0.0,1011.78,99.0,50.0
1676584800,2023-02-16 22:00:00,2023-02-16 23:00:00,ringsted,4.825,0.0,3.1,0.0,1011.15,99.0,68.3333
1676588400,2023-02-16 23:00:00,2023-02-17 00:00:00,ringsted,4.8,0.0,2.975,0.0,1010.38,98.75,54.1667
1676592000,2023-02-17 00:00:00,2023-02-17 01:00:00,ringsted,4.825,0.0,3.1,0.0,1009.46,99.25,67.5
1676595600,2023-02-17 01:00:00,2023-02-17 02:00:00,ringsted,5.05,0.0,3.5,0.0,1008.23,99.75,95.0
1676599200,2023-02-17 02:00:00,2023-02-17 03:00:00,ringsted,5.3,0.0,4.075,0.0,1006.81,99.75,95.0
1676602800,2023-02-17 03:00:00,2023-02-17 04:00:00,ringsted,5.525,0.0,4.85,0.2,1005.73,99.5,95.0
1676606400,2023-02-17 04:00:00,2023-02-17 05:00:00,ringsted,5.9,0.0,5.125,0.4,1004.93,99.5,95.0
1676610000,2023-02-17 05:00:00,2023-02-17 06:00:00,ringsted,6.2,0.0,5.3,0.175,1003.9,99.25,99.1667
1676613600,2023-02-17 06:00:00,2023-02-17 07:00:00,ringsted,6.4,0.0,5.275,0.4,1002.7,99.5,99.1667
1676617200,2023-02-17 07:00:00,2023-02-17 08:00:00,ringsted,6.6,0.5,5.5,0.5,1001.48,99.25,99.1667
1676620800,2023-02-17 08:00:00,2023-02-17 09:00:00,ringsted,6.8,4.5,6.0,1.725,1000.17,99.25,97.5
1676624400,2023-02-17 09:00:00,2023-02-17 10:00:00,ringsted,7.2,11.5,6.9,3.4,998.454,98.75,97.5
1676628000,2023-02-17 10:00:00,2023-02-17 11:00:00,ringsted,7.4,25.0,7.825,2.425,997.154,98.75,95.8333
1676631600,2023-02-17 11:00:00,2023-02-17 12:00:00,ringsted,7.7,42.0,9.225,0.15,996.071,98.5,98.3333
1676635200,2023-02-17 12:00:00,2023-02-17 13:00:00,ringsted,7.85,46.5,8.975,0.225,995.183,98.75,95.0
1676638800,2023-02-17 13:00:00,2023-02-17 14:00:00,ringsted,8.1,37.0,8.725,0.075,994.2,98.0,91.6667
1676642400,2023-02-17 14:00:00,2023-02-17 15:00:00,ringsted,8.725,64.5,9.4,0.15,993.338,94.0,71.6667
1676646000,2023-02-17 15:00:00,2023-02-17 16:00:00,ringsted,9.175,91.5,11.25,0.0,993.275,80.75,82.9167
1676649600,2023-02-17 16:00:00,2023-02-17 17:00:00,ringsted,8.575,26.0,12.85,0.0,993.404,70.5,67.5
1676653200,2023-02-17 17:00:00,2023-02-17 18:00:00,ringsted,7.8,3.5,13.875,0.0,993.796,68.75,81.6667
1676656800,2023-02-17 18:00:00,2023-02-17 19:00:00,ringsted,7.175,0.0,14.4,0.0,994.475,72.75,90.0
1676660400,2023-02-17 19:00:00,2023-02-17 20:00:00,ringsted,6.775,0.0,14.475,0.0,995.421,76.5,91.6667
1676664000,2023-02-17 20:00:00,2023-02-17 21:00:00,ringsted,6.7,0.0,14.025,0.0,996.675,75.25,70.8333
1676667600,2023-02-17 21:00:00,2023-02-17 22:00:00,ringsted,6.725,0.0,13.65,0.0,998.158,72.5,48.75
1676671200,2023-02-17 22:00:00,2023-02-17 23:00:00,ringsted,6.55,0.0,13.875,0.0,999.621,69.5,29.5833
1676674800,2023-02-17 23:00:00,2023-02-18 00:00:00,ringsted,6.3,0.0,13.975,0.0,1000.88,67.5,14.5833
1676678400,2023-02-18 00:00:00,2023-02-18 01:00:00,ringsted,5.9,0.0,12.925,0.0,1001.78,70.0,7.91667
1676682000,2023-02-18 01:00:00,2023-02-18 02:00:00,ringsted,5.525,0.0,12.425,0.0,1002.6,71.75,3.33333
1676685600,2023-02-18 02:00:00,2023-02-18 03:00:00,ringsted,5.275,0.0,12.05,0.0,1003.29,71.0,11.6667
1676689200,2023-02-18 03:00:00,2023-02-18 04:00:00,ringsted,5.1,0.0,10.825,0.0,1003.56,71.5,4.16667
1676692800,2023-02-18 04:00:00,2023-02-18 05:00:00,ringsted,4.9,0.0,9.825,0.0,1003.74,74.25,15.8333
1676696400,2023-02-18 05:00:00,2023-02-18 06:00:00,ringsted,4.75,0.0,8.475,0.0,1003.65,77.25,70.4167
1676700000,2023-02-18 06:00:00,2023-02-18 07:00:00,ringsted,4.75,0.0,7.95,0.0,1003.67,78.5,90.0
1676703600,2023-02-18 07:00:00,2023-02-18 08:00:00,ringsted,4.8,4.0,7.6,0.0,1003.67,79.25,78.75
1676707200,2023-02-18 08:00:00,2023-02-18 09:00:00,ringsted,4.875,34.5,7.0,0.0,1003.37,79.75,60.0
1676710800,2023-02-18 09:00:00,2023-02-18 10:00:00,ringsted,5.025,65.0,6.65,0.0,1003.07,82.25,34.1667
1676714400,2023-02-18 10:00:00,2023-02-18 11:00:00,ringsted,5.225,113.0,6.4,0.0,1002.95,82.0,32.5
1676718000,2023-02-18 11:00:00,2023-02-18 12:00:00,ringsted,5.4,93.0,6.375,0.0,1002.46,81.75,46.6667
1676721600,2023-02-18 12:00:00,2023-02-18 13:00:00,ringsted,5.55,114.5,6.225,0.0,1002.1,82.0,20.0
1676725200,2023-02-18 13:00:00,2023-02-18 14:00:00,ringsted,5.625,145.5,6.075,0.0,1002.27,78.5,10.0
1676728800,2023-02-18 14:00:00,2023-02-18 15:00:00,ringsted,5.925,246.5,6.575,0.0,1002.78,75.0,22.5
1676732400,2023-02-18 15:00:00,2023-02-18 16:00:00,ringsted,5.9,200.0,6.35,0.0,1003.56,73.0,35.0
1676736000,2023-02-18 16:00:00,2023-02-18 17:00:00,ringsted,5.5,82.5,5.975,0.0,1004.45,73.75,13.75
1676739600,2023-02-18 17:00:00,2023-02-18 18:00:00,ringsted,4.575,7.0,4.425,0.0,1005.22,78.75,0.0
1676743200,2023-02-18 18:00:00,2023-02-18 19:00:00,ringsted,3.675,0.0,4.175,0.0,1005.98,79.0,0.0
1676746800,2023-02-18 19:00:00,2023-02-18 20:00:00,ringsted,3.1,0.0,4.525,0.0,1006.58,77.25,0.0
1676750400,2023-02-18 20:00:00,2023-02-18 21:00:00,ringsted,2.825,0.0,5.025,0.0,1006.81,75.0,0.0
1676754000,2023-02-18 21:00:00,2023-02-18 22:00:00,ringsted,2.375,0.0,4.6,0.0,1007.07,78.5,2.08333
1676757600,2023-02-18 22:00:00,2023-02-18 23:00:00,ringsted,2.025,0.0,4.3,0.0,1007.13,82.0,30.8333
1676761200,2023-02-18 23:00:00,2023-02-19 00:00:00,ringsted,1.85,0.0,3.675,0.0,1007.1,85.5,51.25
1676764800,2023-02-19 00:00:00,2023-02-19 01:00:00,ringsted,1.7,0.0,3.525,0.0,1007.21,88.25,68.3333
1676768400,2023-02-19 01:00:00,2023-02-19 02:00:00,ringsted,1.675,0.0,3.35,0.0,1007.38,89.0,86.6667
1676772000,2023-02-19 02:00:00,2023-02-19 03:00:00,ringsted,1.725,0.0,3.575,0.0,1007.46,89.5,80.8333
1676775600,2023-02-19 03:00:00,2023-02-19 04:00:00,ringsted,1.65,0.0,3.6,0.0,1007.6,89.5,55.0
1676779200,2023-02-19 04:00:00,2023-02-19 05:00:00,ringsted,1.5,0.0,3.525,0.0,1008.16,89.25,45.8333
1676782800,2023-02-19 05:00:00,2023-02-19 06:00:00,ringsted,1.275,0.0,3.475,0.0,1008.77,88.0,30.4167
1676786400,2023-02-19 06:00:00,2023-02-19 07:00:00,ringsted,0.85,0.0,3.325,0.0,1009.5,89.0,38.75
1676790000,2023-02-19 07:00:00,2023-02-19 08:00:00,ringsted,0.75,6.5,3.4,0.0,1010.37,89.0,21.6667
1676793600,2023-02-19 08:00:00,2023-02-19 09:00:00,ringsted,1.2,72.5,3.425,0.0,1011.16,85.75,0.833333
1676797200,2023-02-19 09:00:00,2023-02-19 10:00:00,ringsted,2.375,207.0,4.475,0.0,1011.83,79.5,0.0
1676800800,2023-02-19 10:00:00,2023-02-19 11:00:00,ringsted,3.575,325.0,5.575,0.0,1012.69,70.5,0.833333
1676804400,2023-02-19 11:00:00,2023-02-19 12:00:00,ringsted,4.35,382.0,6.4,0.0,1013.45,62.0,0.0
1676808000,2023-02-19 12:00:00,2023-02-19 13:00:00,ringsted,4.9,399.5,7.0,0.0,1013.73,58.75,1.66667
1676811600,2023-02-19 13:00:00,2023-02-19 14:00:00,ringsted,5.35,378.0,6.7,0.0,1013.52,59.5,1.66667
1676815200,2023-02-19 14:00:00,2023-02-19 15:00:00,ringsted,5.6,295.0,7.125,0.0,1013.35,59.0,0.833333
1676818800,2023-02-19 15:00:00,2023-02-19 16:00:00,ringsted,5.6,190.5,6.825,0.0,1013.42,62.0,0.0
1676822400,2023-02-19 16:00:00,2023-02-19 17:00:00,ringsted,5.25,80.5,5.275,0.0,1013.39,66.5,0.0
1676826000,2023-02-19 17:00:00,2023-02-19 18:00:00,ringsted,4.475,6.5,4.875,0.0,1013.45,70.5,0.0
1676829600,2023-02-19 18:00:00,2023-02-19 19:00:00,ringsted,3.925,0.0,4.95,0.0,1013.27,74.25,0.833333
1676833200,2023-02-19 19:00:00,2023-02-19 20:00:00,ringsted,3.35,0.0,4.825,0.0,1013.08,80.5,0.833333
1676836800,2023-02-19 20:00:00,2023-02-19 21:00:00,ringsted,2.975,0.0,4.425,0.0,1012.87,84.5,49.1667
1676840400,2023-02-19 21:00:00,2023-02-19 22:00:00,ringsted,3.0,0.0,4.65,0.0,1012.44,88.5,52.5
1676844000,2023-02-19 22:00:00,2023-02-19 23:00:00,ringsted,3.2,0.0,4.825,0.0,1011.92,89.5,84.1667
1676847600,2023-02-19 23:00:00,2023-02-20 00:00:00,ringsted,3.5,0.0,5.125,0.2,1010.72,91.25,97.5
1676851200,2023-02-20 00:00:00,2023-02-20 01:00:00,ringsted,3.525,0.0,5.625,0.6,1008.94,94.5,96.6667
1676854800,2023-02-20 01:00:00,2023-02-20 02:00:00,ringsted,3.65,0.0,6.45,0.6,1007.5,96.0,96.6667
1676858400,2023-02-20 02:00:00,2023-02-20 03:00:00,ringsted,4.0,0.0,7.325,0.875,1005.92,96.5,96.6667
1676862000,2023-02-20 03:00:00,2023-02-20 04:00:00,ringsted,4.55,0.0,8.0,0.275,1004.13,96.5,95.0
1676865600,2023-02-20 04:00:00,2023-02-20 05:00:00,ringsted,5.15,0.0,8.575,0.2,1002.4,95.5,93.3333
1676869200,2023-02-20 05:00:00,2023-02-20 06:00:00,ringsted,5.825,0.0,8.95,0.225,1001.57,93.75,91.6667
1676872800,2023-02-20 06:00:00,2023-02-20 07:00:00,ringsted,6.225,0.0,9.65,0.025,1000.83,92.75,91.6667
1676876400,2023-02-20 07:00:00,2023-02-20 08:00:00,ringsted,6.625,1.0,9.9,0.0,1000.52,91.75,95.0
1676880000,2023-02-20 08:00:00,2023-02-20 09:00:00,ringsted,7.05,17.0,9.775,0.0,999.492,89.5,95.0
1676883600,2023-02-20 09:00:00,2023-02-20 10:00:00,ringsted,7.375,35.0,9.7,0.0,998.883,88.5,95.0
1676887200,2023-02-20 10:00:00,2023-02-20 11:00:00,ringsted,7.525,28.0,10.075,0.0,998.3,89.75,96.6667
1676890800,2023-02-20 11:00:00,2023-02-20 12:00:00,ringsted,7.5,47.0,9.75,0.05,998.104,93.5,95.0
1676894400,2023-02-20 12:00:00,2023-02-20 13:00:00,ringsted,7.925,47.5,9.425,0.0,998.2,92.25,95.0
1676898000,2023-02-20 13:00:00,2023-02-20 14:00:00,ringsted,8.3,47.0,8.975,0.0,998.346,91.0,95.0
1676901600,2023-02-20 14:00:00,2023-02-20 15:00:00,ringsted,8.4,60.0,9.125,0.05,998.3,90.75,75.0
1676905200,2023-02-20 15:00:00,2023-02-20 16:00:00,ringsted,8.35,71.5,9.375,0.0,998.75,86.25,61.6667
1676908800,2023-02-20 16:00:00,2023-02-20 17:00:00,ringsted,8.175,61.0,10.05,0.0,999.362,77.0,47.9167
1676912400,2023-02-20 17:00:00,2023-02-20 18:00:00,ringsted,7.55,5.5,9.1,0.0,999.871,76.0,40.4167
1676916000,2023-02-20 18:00:00,2023-02-20 19:00:00,ringsted,7.05,0.0,8.6,0.0,1000.3,76.75,54.1667
1676919600,2023-02-20 19:00:00,2023-02-20 20:00:00,ringsted,6.875,0.0,8.05,0.0,1000.45,76.25,47.9167
1676923200,2023-02-20 20:00:00,2023-02-20 21:00:00,ringsted,6.575,0.0,8.475,0.0,1000.64,77.5,45.0
1676926800,2023-02-20 21:00:00,2023-02-20 22:00:00,ringsted,6.15,0.0,8.325,0.0,1000.75,77.75,37.5
1676930400,2023-02-20 22:00:00,2023-02-20 23:00:00,ringsted,5.75,0.0,7.875,0.0,1000.75,79.25,35.4167
1676934000,2023-02-20 23:00:00,2023-02-21 00:00:00,ringsted,5.725,0.0,8.675,0.0,1000.53,79.0,21.6667
1676937600,2023-02-21 00:00:00,2023-02-21 01:00:00,ringsted,5.7,0.0,9.025,0.0,1000.45,78.75,47.0833
1676941200,2023-02-21 01:00:00,2023-02-21 02:00:00,ringsted,5.575,0.0,9.025,0.0,1000.63,79.25,55.4167
1676944800,2023-02-21 02:00:00,2023-02-21 03:00:00,ringsted,5.7,0.0,9.35,0.0,1000.85,79.25,31.6667
1676948400,2023-02-21 03:00:00,2023-02-21 04:00:00,ringsted,5.725,0.0,9.125,0.0,1001.15,79.0,8.33333
1676952000,2023-02-21 04:00:00,2023-02-21 05:00:00,ringsted,5.55,0.0,9.075,0.0,1001.46,78.75,6.66667
1676955600,2023-02-21 05:00:00,2023-02-21 06:00:00,ringsted,5.5,0.0,8.9,0.0,1001.98,78.25,42.5
1676959200,2023-02-21 06:00:00,2023-02-21 07:00:00,ringsted,5.35,0.0,8.35,0.0,1002.75,78.75,45.8333
1676962800,2023-02-21 07:00:00,2023-02-21 08:00:00,ringsted,5.25,10.5,7.725,0.0,1003.78,80.0,45.8333
1676966400,2023-02-21 08:00:00,2023-02-21 09:00:00,ringsted,5.525,66.5,7.65,0.0,1004.76,79.75,45.0
1676970000,2023-02-21 09:00:00,2023-02-21 10:00:00,ringsted,6.125,133.5,7.75,0.0,1005.38,78.25,45.4167
1676973600,2023-02-21 10:00:00,2023-02-21 11:00:00,ringsted,6.75,271.0,8.1,0.0,1006.1,76.0,11.6667
1676977200,2023-02-21 11:00:00,2023-02-21 12:00:00,ringsted,7.325,303.0,7.7,0.0,1006.87,74.0,56.6667
1676980800,2023-02-21 12:00:00,2023-02-21 13:00:00,ringsted,7.55,276.5,7.675,0.0,1007.25,72.75,42.5
1676984400,2023-02-21 13:00:00,2023-02-21 14:00:00,ringsted,7.95,293.5,7.175,0.0,1007.65,70.75,79.1667
1676988000,2023-02-21 14:00:00,2023-02-21 15:00:00,ringsted,7.925,131.5,6.25,0.0,1008.14,70.25,81.6667
1676991600,2023-02-21 15:00:00,2023-02-21 16:00:00,ringsted,7.55,76.0,5.3,0.0,1008.58,71.25,67.5
1676995200,2023-02-21 16:00:00,2023-02-21 17:00:00,ringsted,7.125,27.0,3.975,0.0,1009.12,73.5,76.25
1676998800,2023-02-21 17:00:00,2023-02-21 18:00:00,ringsted,6.6,4.5,3.5,0.0,1009.69,77.0,78.75
1677002400,2023-02-21 18:00:00,2023-02-21 19:00:00,ringsted,6.05,0.0,2.4,0.0,1010.22,80.0,81.6667
1677006000,2023-02-21 19:00:00,2023-02-21 20:00:00,ringsted,5.125,0.0,2.4,0.0,1010.76,84.25,51.25
1677009600,2023-02-21 20:00:00,2023-02-21 21:00:00,ringsted,4.275,0.0,1.675,0.0,1011.22,87.5,45.0
1677013200,2023-02-21 21:00:00,2023-02-21 22:00:00,ringsted,3.275,0.0,0.85,0.0,1011.54,91.0,55.4167
1677016800,2023-02-21 22:00:00,2023-02-21 23:00:00,ringsted,2.225,0.0,0.525,0.0,1011.71,92.25,74.5833
1677020400,2023-02-21 23:00:00,2023-02-22 00:00:00,ringsted,1.55,0.0,0.825,0.0,1011.88,93.0,78.3333
1677024000,2023-02-22 00:00:00,2023-02-22 01:00:00,ringsted,1.55,0.0,0.525,0.0,1011.92,93.75,89.1667
1677027600,2023-02-22 01:00:00,2023-02-22 02:00:00,ringsted,2.225,0.0,1.175,0.0,1011.92,93.5,60.0
1677031200,2023-02-22 02:00:00,2023-02-22 03:00:00,ringsted,2.5,0.0,1.65,0.0,1011.8,95.0,86.6667
1677034800,2023-02-22 03:00:00,2023-02-22 04:00:00,ringsted,2.825,0.0,2.1,0.0,1011.72,96.0,54.1667
1677038400,2023-02-22 04:00:00,2023-02-22 05:00:00,ringsted,2.725,0.0,2.525,0.0,1011.83,96.25,51.6667
1677042000,2023-02-22 05:00:00,2023-02-22 06:00:00,ringsted,2.6,0.0,2.9,0.0,1011.84,96.5,50.8333
1677045600,2023-02-22 06:00:00,2023-02-22 07:00:00,ringsted,2.45,0.0,3.35,0.0,1012.1,96.0,62.5
1677049200,2023-02-22 07:00:00,2023-02-22 08:00:00,ringsted,2.7,9.5,3.725,0.0,1012.66,97.0,65.0
1677052800,2023-02-22 08:00:00,2023-02-22 09:00:00,ringsted,3.025,48.5,4.025,0.0,1012.87,96.75,54.1667
1677056400,2023-02-22 09:00:00,2023-02-22 10:00:00,ringsted,3.5,126.5,4.675,0.0,1012.87,96.25,62.5
1677060000,2023-02-22 10:00:00,2023-02-22 11:00:00,ringsted,3.975,185.0,5.425,0.0,1012.56,93.75,64.1667
1677063600,2023-02-22 11:00:00,2023-02-22 12:00:00,ringsted,4.425,228.5,5.825,0.0,1012.39,89.75,54.1667
1677067200,2023-02-22 12:00:00,2023-02-22 13:00:00,ringsted,4.625,231.0,5.9,0.0,1012.13,87.75,61.6667
1677070800,2023-02-22 13:00:00,2023-02-22 14:00:00,ringsted,4.825,288.5,6.15,0.0,1011.85,86.25,54.1667
1677074400,2023-02-22 14:00:00,2023-02-22 15:00:00,ringsted,4.925,310.5,6.55,0.0,1011.62,84.25,49.1667
1677078000,2023-02-22 15:00:00,2023-02-22 16:00:00,ringsted,4.55,178.5,6.475,0.0,1011.48,85.75,49.1667
1677081600,2023-02-22 16:00:00,2023-02-22 17:00:00,ringsted,3.725,55.0,6.325,0.0,1011.47,89.0,47.0833
1677085200,2023-02-22 17:00:00,2023-02-22 18:00:00,ringsted,3.125,6.0,6.25,0.0,1011.49,89.75,72.5
1677088800,2023-02-22 18:00:00,2023-02-22 19:00:00,ringsted,2.85,0.5,6.075,0.0,1011.17,90.0,88.3333
1677092400,2023-02-22 19:00:00,2023-02-22 20:00:00,ringsted,3.05,0.5,5.875,0.0,1010.95,90.25,92.5
1677096000,2023-02-22 20:00:00,2023-02-22 21:00:00,ringsted,3.325,0.5,5.775,0.0,1010.81,88.75,95.0
1677099600,2023-02-22 21:00:00,2023-02-22 22:00:00,ringsted,3.525,0.5,5.75,0.0,1010.61,88.5,73.3333
1677103200,2023-02-22 22:00:00,2023-02-22 23:00:00,ringsted,3.65,0.5,5.45,0.0,1010.05,89.0,75.0
1677106800,2023-02-22 23:00:00,2023-02-23 00:00:00,ringsted,3.8,0.5,5.15,0.0,1009.6,89.5,78.3333
1677110400,2023-02-23 00:00:00,2023-02-23 01:00:00,ringsted,3.925,0.5,5.05,0.0,1009.25,90.75,62.5
1677114000,2023-02-23 01:00:00,2023-02-23 02:00:00,ringsted,4.0,0.0,4.9,0.0,1008.82,91.25,55.0
1677117600,2023-02-23 02:00:00,2023-02-23 03:00:00,ringsted,4.05,0.0,5.2,0.0,1008.3,91.25,73.3333
1677121200,2023-02-23 03:00:00,2023-02-23 04:00:00,ringsted,3.875,0.0,4.75,0.0,1007.88,92.0,80.0
1677124800,2023-02-23 04:00:00,2023-02-23 05:00:00,ringsted,3.85,0.0,4.15,0.0,1007.55,91.75,90.0
1677128400,2023-02-23 05:00:00,2023-02-23 06:00:00,ringsted,3.775,0.0,4.375,0.025,1007.23,92.0,95.0
1677132000,2023-02-23 06:00:00,2023-02-23 07:00:00,ringsted,3.625,0.0,3.875,0.175,1007.12,92.5,95.8333
1677135600,2023-02-23 07:00:00,2023-02-23 08:00:00,ringsted,3.625,3.0,3.275,0.0,1007.2,92.75,96.6667
1677139200,2023-02-23 08:00:00,2023-02-23 09:00:00,ringsted,3.625,16.0,2.925,0.075,1006.98,93.25,98.3333
1677142800,2023-02-23 09:00:00,2023-02-23 10:00:00,ringsted,3.8,38.5,3.175,0.35,1006.77,94.25,96.6667
1677146400,2023-02-23 10:00:00,2023-02-23 11:00:00,ringsted,3.925,40.5,2.9,0.075,1006.6,95.75,99.1667
1677150000,2023-02-23 11:00:00,2023-02-23 12:00:00,ringsted,4.1,43.0,2.575,0.05,1006.18,97.75,64.1667
1677153600,2023-02-23 12:00:00,2023-02-23 13:00:00,ringsted,4.575,46.0,2.575,0.05,1005.58,99.0,51.6667
1677157200,2023-02-23 13:00:00,2023-02-23 14:00:00,ringsted,5.25,59.5,2.85,0.0,1005.21,99.25,79.1667
1677160800,2023-02-23 14:00:00,2023-02-23 15:00:00,ringsted,5.6,54.0,3.625,0.025,1005.13,99.25,86.6667
1677164400,2023-02-23 15:00:00,2023-02-23 16:00:00,ringsted,5.725,29.0,3.85,0.025,1005.09,99.75,79.1667
1677168000,2023-02-23 16:00:00,2023-02-23 17:00:00,ringsted,5.625,22.0,3.75,0.025,1004.87,99.75,85.8333
1677171600,2023-02-23 17:00:00,2023-02-23 18:00:00,ringsted,5.525,2.5,3.375,0.025,1004.85,98.5,88.3333
1677175200,2023-02-23 18:00:00,2023-02-23 19:00:00,ringsted,5.325,0.0,4.1,0.0,1004.79,95.75,90.8333
1677178800,2023-02-23 19:00:00,2023-02-23 20:00:00,ringsted,4.725,0.0,4.575,0.0,1004.76,92.0,92.5
1677182400,2023-02-23 20:00:00,2023-02-23 21:00:00,ringsted,4.175,0.0,5.175,0.0,1004.58,87.25,69.1667
1677186000,2023-02-23 21:00:00,2023-02-23 22:00:00,ringsted,3.35,0.0,5.35,0.0,1004.3,81.75,49.1667
1677189600,2023-02-23 22:00:00,2023-02-23 23:00:00,ringsted,2.35,0.0,5.15,0.0,1003.73,80.75,75.0
1677193200,2023-02-23 23:00:00,2023-02-24 00:00:00,ringsted,2.075,0.0,4.575,0.0,1002.93,81.0,68.3333
1677196800,2023-02-24 00:00:00,2023-02-24 01:00:00,ringsted,2.075,0.0,3.775,0.0,1002.14,81.5,90.0
1677200400,2023-02-24 01:00:00,2023-02-24 02:00:00,ringsted,2.15,0.0,3.975,0.0,1001.27,82.0,65.8333
1677204000,2023-02-24 02:00:00,2023-02-24 03:00:00,ringsted,2.625,0.0,4.175,0.0,1000.3,81.25,62.5
1677207600,2023-02-24 03:00:00,2023-02-24 04:00:00,ringsted,2.825,0.0,4.575,0.0,999.146,80.5,90.0
1677211200,2023-02-24 04:00:00,2023-02-24 05:00:00,ringsted,3.0,0.0,4.45,0.0,997.779,80.5,96.6667
1677214800,2023-02-24 05:00:00,2023-02-24 06:00:00,ringsted,2.925,0.0,5.45,0.225,996.138,84.75,99.1667
1677218400,2023-02-24 06:00:00,2023-02-24 07:00:00,ringsted,2.475,0.0,6.3,0.85,994.429,93.5,99.1667
1677222000,2023-02-24 07:00:00,2023-02-24 08:00:00,ringsted,2.175,2.0,6.95,1.15,992.808,95.5,99.1667
1677225600,2023-02-24 08:00:00,2023-02-24 09:00:00,ringsted,2.325,16.5,7.8,0.9,991.588,95.25,96.6667
1677229200,2023-02-24 09:00:00,2023-02-24 10:00:00,ringsted,2.8,41.0,7.9,0.825,990.542,95.5,92.5
1677232800,2023-02-24 10:00:00,2023-02-24 11:00:00,ringsted,3.55,100.5,6.4,0.325,989.713,95.25,65.0
1677236400,2023-02-24 11:00:00,2023-02-24 12:00:00,ringsted,4.825,208.0,5.85,0.0,988.846,93.25,61.6667
1677240000,2023-02-24 12:00:00,2023-02-24 13:00:00,ringsted,5.75,254.5,5.775,0.075,988.067,89.25,67.5
1677243600,2023-02-24 13:00:00,2023-02-24 14:00:00,ringsted,5.325,160.0,5.3,0.8,987.45,88.0,74.5833
1677247200,2023-02-24 14:00:00,2023-02-24 15:00:00,ringsted,5.225,129.5,5.2,0.0,987.117,86.0,63.3333
1677250800,2023-02-24 15:00:00,2023-02-24 16:00:00,ringsted,4.5,100.5,4.525,1.225,986.846,88.75,60.0
1677254400,2023-02-24 16:00:00,2023-02-24 17:00:00,ringsted,3.825,53.5,3.375,0.05,986.708,88.0,85.8333
1677258000,2023-02-24 17:00:00,2023-02-24 18:00:00,ringsted,3.175,7.0,3.1,0.0,986.879,89.0,90.0
1677261600,2023-02-24 18:00:00,2023-02-24 19:00:00,ringsted,2.575,0.0,4.45,0.075,986.771,89.5,92.5
1677265200,2023-02-24 19:00:00,2023-02-24 20:00:00,ringsted,2.2,0.0,3.375,0.05,986.642,93.5,95.8333
1677268800,2023-02-24 20:00:00,2023-02-24 21:00:00,ringsted,2.2,0.0,2.7,0.025,987.112,95.5,95.0
1677272400,2023-02-24 21:00:00,2023-02-24 22:00:00,ringsted,2.25,0.0,3.75,0.05,987.954,96.0,95.0
1677276000,2023-02-24 22:00:00,2023-02-24 23:00:00,ringsted,2.25,0.0,5.4,0.05,988.771,95.0,96.6667
1677279600,2023-02-24 23:00:00,2023-02-25 00:00:00,ringsted,2.0,0.0,6.9,0.05,989.721,94.0,95.0
1677283200,2023-02-25 00:00:00,2023-02-25 01:00:00,ringsted,1.625,0.0,7.55,0.05,990.667,94.0,95.0
1677286800,2023-02-25 01:00:00,2023-02-25 02:00:00,ringsted,1.35,0.0,7.875,0.0,991.504,92.75,95.0
1677290400,2023-02-25 02:00:00,2023-02-25 03:00:00,ringsted,0.9,0.0,7.425,0.0,992.362,92.5,92.5
1677294000,2023-02-25 03:00:00,2023-02-25 04:00:00,ringsted,0.5,0.0,7.175,0.0,993.354,90.25,91.6667
1677297600,2023-02-25 04:00:00,2023-02-25 05:00:00,ringsted,0.25,0.0,6.825,0.0,994.392,90.5,89.5833
1677301200,2023-02-25 05:00:00,2023-02-25 06:00:00,ringsted,0.075,0.0,7.075,0.0,995.317,88.25,95.0
1677304800,2023-02-25 06:00:00,2023-02-25 07:00:00,ringsted,0.15,0.0,7.025,0.0,996.4,82.5,95.0
1677308400,2023-02-25 07:00:00,2023-02-25 08:00:00,ringsted,0.225,6.0,6.975,0.0,997.542,77.5,95.0
1677312000,2023-02-25 08:00:00,2023-02-25 09:00:00,ringsted,0.325,23.5,7.875,0.0,998.458,73.75,76.6667
1677315600,2023-02-25 09:00:00,2023-02-25 10:00:00,ringsted,0.3,112.0,8.275,0.0,999.562,72.75,53.75
1677319200,2023-02-25 10:00:00,2023-02-25 11:00:00,ringsted,0.55,271.0,8.95,0.0,1000.67,70.0,51.25
1677322800,2023-02-25 11:00:00,2023-02-25 12:00:00,ringsted,0.6,267.0,9.325,0.0,1001.55,67.0,55.8333
1677326400,2023-02-25 12:00:00,2023-02-25 13:00:00,ringsted,0.775,307.0,9.45,0.025,1002.1,64.25,42.0833
1677330000,2023-02-25 13:00:00,2023-02-25 14:00:00,ringsted,1.075,294.5,9.25,0.0,1002.75,61.25,68.3333
1677333600,2023-02-25 14:00:00,2023-02-25 15:00:00,ringsted,1.375,194.5,8.7,0.0,1003.42,61.5,65.8333
1677337200,2023-02-25 15:00:00,2023-02-25 16:00:00,ringsted,1.3,147.0,8.2,0.0,1004.39,61.5,64.1667
1677340800,2023-02-25 16:00:00,2023-02-25 17:00:00,ringsted,1.125,80.5,7.25,0.0,1005.4,62.0,83.3333
1677344400,2023-02-25 17:00:00,2023-02-25 18:00:00,ringsted,0.9,8.5,6.525,0.0,1006.59,62.0,90.0
1677348000,2023-02-25 18:00:00,2023-02-25 19:00:00,ringsted,0.825,0.0,6.075,0.0,1007.58,62.75,72.5
1677351600,2023-02-25 19:00:00,2023-02-25 20:00:00,ringsted,0.575,0.0,6.025,0.0,1008.68,64.25,68.75
1677355200,2023-02-25 20:00:00,2023-02-25 21:00:00,ringsted,0.275,0.0,5.625,0.0,1009.6,63.0,30.4167
1677358800,2023-02-25 21:00:00,2023-02-25 22:00:00,ringsted,-0.225,0.0,5.025,0.0,1010.24,63.25,0.0
1677362400,2023-02-25 22:00:00,2023-02-25 23:00:00,ringsted,-0.8,0.0,3.975,0.0,1010.93,66.0,0.0
1677366000,2023-02-25 23:00:00,2023-02-26 00:00:00,ringsted,-1.225,0.0,3.55,0.0,1011.71,68.0,0.0
1677369600,2023-02-26 00:00:00,2023-02-26 01:00:00,ringsted,-1.5,0.0,3.55,0.0,1012.47,68.0,0.0
1677373200,2023-02-26 01:00:00,2023-02-26 02:00:00,ringsted,-1.65,0.0,3.35,0.0,1013.04,66.75,0.0
1677376800,2023-02-26 02:00:00,2023-02-26 03:00:00,ringsted,-1.8,0.0,3.125,0.0,1013.67,67.0,0.0
1677380400,2023-02-26 03:00:00,2023-02-26 04:00:00,ringsted,-2.4,0.0,2.65,0.0,1014.46,72.25,0.0
1677384000,2023-02-26 04:00:00,2023-02-26 05:00:00,ringsted,-2.4,0.0,2.7,0.0,1015.1,73.75,0.0
1677387600,2023-02-26 05:00:00,2023-02-26 06:00:00,ringsted,-2.175,0.0,2.775,0.0,1015.68,74.0,0.0
1677391200,2023-02-26 06:00:00,2023-02-26 07:00:00,ringsted,-2.35,0.0,2.425,0.0,1016.22,77.25,0.0
1677394800,2023-02-26 07:00:00,2023-02-26 08:00:00,ringsted,-2.3,27.5,2.5,0.0,1016.97,79.25,0.0
1677398400,2023-02-26 08:00:00,2023-02-26 09:00:00,ringsted,-0.9,145.5,2.75,0.0,1017.73,79.25,0.0
1677402000,2023-02-26 09:00:00,2023-02-26 10:00:00,ringsted,0.875,272.0,4.2,0.0,1018.33,74.25,0.833333
1677405600,2023-02-26 10:00:00,2023-02-26 11:00:00,ringsted,1.9,378.5,5.675,0.0,1018.9,67.75,4.16667
1677409200,2023-02-26 11:00:00,2023-02-26 12:00:00,ringsted,2.65,444.5,5.825,0.0,1019.33,62.0,0.0
1677412800,2023-02-26 12:00:00,2023-02-26 13:00:00,ringsted,3.15,455.5,5.775,0.0,1019.53,59.0,3.33333
1677416400,2023-02-26 13:00:00,2023-02-26 14:00:00,ringsted,3.325,418.5,5.55,0.0,1019.53,59.0,0.0
1677420000,2023-02-26 14:00:00,2023-02-26 15:00:00,ringsted,3.45,364.5,5.15,0.0,1019.48,59.0,0.0
1677423600,2023-02-26 15:00:00,2023-02-26 16:00:00,ringsted,3.35,258.0,5.325,0.0,1019.73,59.25,0.0
1677427200,2023-02-26 16:00:00,2023-02-26 17:00:00,ringsted,2.775,132.0,5.325,0.0,1020.16,64.5,0.0
1677430800,2023-02-26 17:00:00,2023-02-26 18:00:00,ringsted,1.75,21.5,3.875,0.0,1020.78,72.0,0.0
1677434400,2023-02-26 18:00:00,2023-02-26 19:00:00,ringsted,0.7,0.0,2.75,0.0,1021.17,79.5,0.0
1677438000,2023-02-26 19:00:00,2023-02-26 20:00:00,ringsted,0.05,0.0,1.925,0.0,1021.45,83.25,0.0
1677441600,2023-02-26 20:00:00,2023-02-26 21:00:00,ringsted,-0.4,0.0,2.075,0.0,1021.85,86.75,0.0
1677445200,2023-02-26 21:00:00,2023-02-26 22:00:00,ringsted,-0.9,0.0,1.875,0.0,1022.3,89.25,0.0
1677448800,2023-02-26 22:00:00,2023-02-26 23:00:00,ringsted,-1.2,0.0,1.725,0.0,1022.7,90.75,0.0
1677452400,2023-02-26 23:00:00,2023-02-27 00:00:00,ringsted,-1.275,0.0,2.025,0.0,1023.1,91.25,0.0
1677456000,2023-02-27 00:00:00,2023-02-27 01:00:00,ringsted,-1.5,0.0,2.075,0.0,1023.26,92.5,0.0
1677459600,2023-02-27 01:00:00,2023-02-27 02:00:00,ringsted,-1.6,0.0,1.25,0.0,1023.46,93.75,0.0
1677463200,2023-02-27 02:00:00,2023-02-27 03:00:00,ringsted,-2.15,0.0,1.1,0.0,1023.64,95.0,0.0
1677466800,2023-02-27 03:00:00,2023-02-27 04:00:00,ringsted,-2.475,0.0,1.175,0.0,1023.87,96.25,13.75
1677470400,2023-02-27 04:00:00,2023-02-27 05:00:00,ringsted,-2.75,0.0,1.075,0.0,1024.23,96.75,25.8333
1677474000,2023-02-27 05:00:00,2023-02-27 06:00:00,ringsted,-2.95,0.0,0.9,0.0,1024.62,97.25,50.0
1677477600,2023-02-27 06:00:00,2023-02-27 07:00:00,ringsted,-2.575,0.0,0.9,0.0,1024.95,97.5,87.5
1677481200,2023-02-27 07:00:00,2023-02-27 08:00:00,ringsted,-1.675,10.5,0.875,0.0,1025.21,98.0,94.1667
1677484800,2023-02-27 08:00:00,2023-02-27 09:00:00,ringsted,-0.8,48.0,1.2,0.0,1025.27,98.0,95.0
1677488400,2023-02-27 09:00:00,2023-02-27 10:00:00,ringsted,0.425,152.5,1.4,0.0,1025.59,98.0,71.6667
1677492000,2023-02-27 10:00:00,2023-02-27 11:00:00,ringsted,2.175,182.0,1.975,0.0,1025.74,95.25,83.3333
1677495600,2023-02-27 11:00:00,2023-02-27 12:00:00,ringsted,3.825,355.5,3.225,0.0,1025.8,83.0,57.5
1677499200,2023-02-27 12:00:00,2023-02-27 13:00:00,ringsted,5.275,425.0,3.675,0.0,1025.74,70.75,59.1667
1677502800,2023-02-27 13:00:00,2023-02-27 14:00:00,ringsted,5.875,276.0,3.475,0.0,1025.67,66.75,92.5
1677506400,2023-02-27 14:00:00,2023-02-27 15:00:00,ringsted,5.8,137.5,2.625,0.0,1025.47,68.75,82.5
1677510000,2023-02-27 15:00:00,2023-02-27 16:00:00,ringsted,5.8,104.5,2.075,0.0,1025.53,69.5,90.0
1677513600,2023-02-27 16:00:00,2023-02-27 17:00:00,ringsted,5.325,49.0,1.65,0.0,1025.77,74.25,95.8333
1677517200,2023-02-27 17:00:00,2023-02-27 18:00:00,ringsted,4.4,9.0,1.525,0.05,1026.09,84.5,87.9167
1677520800,2023-02-27 18:00:00,2023-02-27 19:00:00,ringsted,3.725,0.0,0.55,0.0,1026.32,88.0,83.3333
1677524400,2023-02-27 19:00:00,2023-02-27 20:00:00,ringsted,2.975,0.0,1.125,0.0,1026.66,92.0,52.5
1677528000,2023-02-27 20:00:00,2023-02-27 21:00:00,ringsted,1.975,0.0,1.3,0.0,1026.8,93.5,17.9167
1677531600,2023-02-27 21:00:00,2023-02-27 22:00:00,ringsted,1.15,0.0,1.0,0.0,1027.09,94.75,7.5
1677535200,2023-02-27 22:00:00,2023-02-27 23:00:00,ringsted,0.225,0.0,1.5,0.0,1027.09,96.0,32.9167
1677538800,2023-02-27 23:00:00,2023-02-28 00:00:00,ringsted,0.15,0.0,1.15,0.0,1027.23,96.75,22.0833
1677542400,2023-02-28 00:00:00,2023-02-28 01:00:00,ringsted,-0.025,0.0,0.925,0.0,1027.27,96.75,25.8333
1677546000,2023-02-28 01:00:00,2023-02-28 02:00:00,ringsted,-0.55,0.0,0.75,0.0,1027.34,97.5,49.1667
1677549600,2023-02-28 02:00:00,2023-02-28 03:00:00,ringsted,-0.9,0.0,0.375,0.0,1027.32,97.25,36.25
1677553200,2023-02-28 03:00:00,2023-02-28 04:00:00,ringsted,-1.25,0.0,0.5,0.0,1027.03,98.0,4.16667
1677556800,2023-02-28 04:00:00,2023-02-28 05:00:00,ringsted,-1.25,0.0,0.45,0.0,1027.01,98.5,0.0
1677560400,2023-02-28 05:00:00,2023-02-28 06:00:00,ringsted,-1.6,0.0,0.575,0.0,1027.19,98.25,0.0
1677564000,2023-02-28 06:00:00,2023-02-28 07:00:00,ringsted,-1.85,0.0,0.775,0.0,1027.26,98.25,0.0
1677567600,2023-02-28 07:00:00,2023-02-28 08:00:00,ringsted,-1.625,30.5,0.55,0.0,1027.53,98.5,0.0
1677571200,2023-02-28 08:00:00,2023-02-28 09:00:00,ringsted,-0.525,138.0,0.675,0.0,1027.68,97.75,2.5
1677574800,2023-02-28 09:00:00,2023-02-28 10:00:00,ringsted,1.175,241.0,1.375,0.0,1027.81,96.25,0.0
1677578400,2023-02-28 10:00:00,2023-02-28 11:00:00,ringsted,2.825,331.5,1.825,0.0,1027.97,94.25,0.0
1677582000,2023-02-28 11:00:00,2023-02-28 12:00:00,ringsted,4.45,365.0,1.925,0.0,1027.57,87.75,5.83333
1677585600,2023-02-28 12:00:00,2023-02-28 13:00:00,ringsted,5.575,406.0,2.25,0.0,1027.22,83.0,7.08333
1677589200,2023-02-28 13:00:00,2023-02-28 14:00:00,ringsted,6.85,424.5,2.125,0.0,1026.74,75.0,13.3333
1677592800,2023-02-28 14:00:00,2023-02-28 15:00:00,ringsted,7.5,357.0,2.325,0.0,1026.33,70.0,0.0
1677596400,2023-02-28 15:00:00,2023-02-28 16:00:00,ringsted,7.375,198.0,2.225,0.0,1026.02,70.75,0.0
1677600000,2023-02-28 16:00:00,2023-02-28 17:00:00,ringsted,6.9,136.0,2.525,0.0,1026.0,73.25,0.0
1677603600,2023-02-28 17:00:00,2023-02-28 18:00:00,ringsted,5.425,25.5,2.125,0.0,1026.45,78.25,0.0
1677607200,2023-02-28 18:00:00,2023-02-28 19:00:00,ringsted,3.375,0.5,1.5,0.0,1026.53,89.5,0.0
1677610800,2023-02-28 19:00:00,2023-02-28 20:00:00,ringsted,2.05,0.5,1.55,0.0,1026.16,94.75,0.0
1677614400,2023-02-28 20:00:00,2023-02-28 21:00:00,ringsted,1.85,0.5,1.6,0.0,1026.3,96.5,0.0
1677618000,2023-02-28 21:00:00,2023-02-28 22:00:00,ringsted,0.875,0.0,1.025,0.0,1026.33,97.0,0.0
1677621600,2023-02-28 22:00:00,2023-02-28 23:00:00,ringsted,0.025,0.0,0.875,0.0,1026.23,98.25,0.0
1677625200,2023-02-28 23:00:00,2023-03-01 00:00:00,ringsted,-0.5,0.0,0.75,0.0,1026.29,98.5,0.0
1677628800,2023-03-01 00:00:00,2023-03-01 01:00:00,ringsted,0.25,0.0,0.9,0.0,1026.43,98.5,0.0
1677632400,2023-03-01 01:00:00,2023-03-01 02:00:00,ringsted,-1.325,0.0,0.775,0.0,1025.97,98.75,0.0
1677636000,2023-03-01 02:00:00,2023-03-01 03:00:00,ringsted,-1.125,0.0,0.675,0.0,1025.37,99.25,0.0
1677639600,2023-03-01 03:00:00,2023-03-01 04:00:00,ringsted,-1.35,0.0,1.2,0.0,1025.28,99.5,0.0
1677643200,2023-03-01 04:00:00,2023-03-01 05:00:00,ringsted,-1.33333,0.0,0.866667,0.0,1025.16,100.0,3.33333
1677646800,2023-03-01 05:00:00,2023-03-01 06:00:00,ringsted,-1.7,0.0,0.65,0.0,1024.91,99.75,0.0
1677650400,2023-03-01 06:00:00,2023-03-01 07:00:00,ringsted,-2.35,0.0,0.95,0.0,1024.91,99.75,0.0
1677654000,2023-03-01 07:00:00,2023-03-01 08:00:00,ringsted,-2.45,25.5,0.9,0.0,1025.07,99.75,0.0
1677657600,2023-03-01 08:00:00,2023-03-01 09:00:00,ringsted,-1.3,126.5,1.075,0.0,1025.12,99.75,15.8333
1677661200,2023-03-01 09:00:00,2023-03-01 10:00:00,ringsted,0.45,208.5,1.725,0.025,1025.31,99.5,40.8333
1677664800,2023-03-01 10:00:00,2023-03-01 11:00:00,ringsted,2.025,296.5,2.075,0.0,1025.46,94.75,52.9167
1677668400,2023-03-01 11:00:00,2023-03-01 12:00:00,ringsted,3.15,347.5,2.975,0.0,1025.25,91.5,43.75
1677672000,2023-03-01 12:00:00,2023-03-01 13:00:00,ringsted,4.1,424.5,2.75,0.0,1024.68,89.75,1.66667
1677675600,2023-03-01 13:00:00,2023-03-01 14:00:00,ringsted,5.8,429.5,2.725,0.0,1024.34,79.5,0.0
1677679200,2023-03-01 14:00:00,2023-03-01 15:00:00,ringsted,6.725,365.5,4.0,0.0,1023.95,72.25,9.16667
1677682800,2023-03-01 15:00:00,2023-03-01 16:00:00,ringsted,6.375,234.5,3.525,0.0,1023.65,74.5,28.3333
1677686400,2023-03-01 16:00:00,2023-03-01 17:00:00,ringsted,5.625,109.5,3.15,0.0,1023.59,76.25,14.1667
1677690000,2023-03-01 17:00:00,2023-03-01 18:00:00,ringsted,4.1,21.5,2.725,0.0,1023.82,82.25,11.6667
1677693600,2023-03-01 18:00:00,2023-03-01 19:00:00,ringsted,2.425,0.0,2.275,0.0,1024.15,87.0,0.0
1677697200,2023-03-01 19:00:00,2023-03-01 20:00:00,ringsted,1.45,0.0,2.5,0.0,1024.24,91.5,0.0
1677700800,2023-03-01 20:00:00,2023-03-01 21:00:00,ringsted,0.95,0.0,2.075,0.0,1024.21,97.0,2.08333
1677704400,2023-03-01 21:00:00,2023-03-01 22:00:00,ringsted,0.25,0.0,1.275,0.0,1023.98,98.0,6.25
1677708000,2023-03-01 22:00:00,2023-03-01 23:00:00,ringsted,-0.475,0.0,1.525,0.0,1023.97,99.0,0.0
1677711600,2023-03-01 23:00:00,2023-03-02 00:00:00,ringsted,-0.575,0.0,1.475,0.0,1023.93,99.5,0.0
1677715200,2023-03-02 00:00:00,2023-03-02 01:00:00,ringsted,-0.725,0.0,1.35,0.0,1023.73,99.75,0.0
1677718800,2023-03-02 01:00:00,2023-03-02 02:00:00,ringsted,-0.925,0.0,1.35,0.0,1023.49,99.75,0.0
1677722400,2023-03-02 02:00:00,2023-03-02 03:00:00,ringsted,-1.425,0.0,1.2,0.0,1023.12,100.0,5.0
1677726000,2023-03-02 03:00:00,2023-03-02 04:00:00,ringsted,-1.4,0.0,1.575,0.0,1022.97,99.75,4.16667
1677729600,2023-03-02 04:00:00,2023-03-02 05:00:00,ringsted,-1.425,0.0,1.5,0.0,1022.73,100.0,0.0
1677733200,2023-03-02 05:00:00,2023-03-02 06:00:00,ringsted,-1.95,0.0,1.575,0.0,1022.58,99.75,0.0
1677736800,2023-03-02 06:00:00,2023-03-02 07:00:00,ringsted,-1.9,0.0,1.775,0.0,1022.57,97.5,0.0
1677740400,2023-03-02 07:00:00,2023-03-02 08:00:00,ringsted,-1.725,43.0,1.45,0.0,1022.56,97.0,0.0
1677744000,2023-03-02 08:00:00,2023-03-02 09:00:00,ringsted,-0.175,169.5,1.75,0.0,1022.41,96.25,2.08333
1677747600,2023-03-02 09:00:00,2023-03-02 10:00:00,ringsted,2.2,296.0,1.675,0.0,1022.22,90.75,6.25
1677751200,2023-03-02 10:00:00,2023-03-02 11:00:00,ringsted,4.75,392.0,1.275,0.0,1022.08,76.25,0.0
1677754800,2023-03-02 11:00:00,2023-03-02 12:00:00,ringsted,6.15,449.0,1.725,0.0,1021.72,66.5,0.0
1677758400,2023-03-02 12:00:00,2023-03-02 13:00:00,ringsted,7.0,465.5,2.5,0.0,1021.17,64.25,0.833333
1677762000,2023-03-02 13:00:00,2023-03-02 14:00:00,ringsted,7.425,433.0,2.825,0.0,1020.58,61.75,0.0
1677765600,2023-03-02 14:00:00,2023-03-02 15:00:00,ringsted,7.525,376.5,3.125,0.0,1019.99,61.25,0.0
1677769200,2023-03-02 15:00:00,2023-03-02 16:00:00,ringsted,7.25,241.5,3.4,0.0,1019.47,65.5,0.0
1677772800,2023-03-02 16:00:00,2023-03-02 17:00:00,ringsted,6.6,122.5,3.275,0.0,1019.16,67.5,0.0
1677776400,2023-03-02 17:00:00,2023-03-02 18:00:00,ringsted,5.175,32.0,2.65,0.0,1019.25,72.25,0.0
1677780000,2023-03-02 18:00:00,2023-03-02 19:00:00,ringsted,3.325,0.0,1.9,0.0,1019.13,79.0,0.0
1677783600,2023-03-02 19:00:00,2023-03-02 20:00:00,ringsted,1.95,0.0,1.575,0.0,1018.93,84.5,0.0
1677787200,2023-03-02 20:00:00,2023-03-02 21:00:00,ringsted,0.625,0.0,1.15,0.0,1019.07,91.5,2.5
1677790800,2023-03-02 21:00:00,2023-03-02 22:00:00,ringsted,0.15,0.0,1.35,0.0,1019.03,94.75,0.0
1677794400,2023-03-02 22:00:00,2023-03-02 23:00:00,ringsted,-0.275,0.0,1.45,0.0,1018.94,96.75,0.0
1677798000,2023-03-02 23:00:00,2023-03-03 00:00:00,ringsted,-0.525,0.0,1.3,0.0,1018.81,98.25,0.0
1677801600,2023-03-03 00:00:00,2023-03-03 01:00:00,ringsted,-0.55,0.0,1.525,0.0,1018.52,98.5,0.0
1677805200,2023-03-03 01:00:00,2023-03-03 02:00:00,ringsted,-0.7,0.0,1.725,0.0,1018.53,98.5,0.0
1677808800,2023-03-03 02:00:00,2023-03-03 03:00:00,ringsted,-0.675,0.0,1.75,0.0,1018.05,98.75,0.0
1677812400,2023-03-03 03:00:00,2023-03-03 04:00:00,ringsted,-0.9,0.0,1.425,0.0,1017.8,99.25,0.0
1677816000,2023-03-03 04:00:00,2023-03-03 05:00:00,ringsted,-1.2,0.0,1.675,0.0,1017.63,99.5,0.0
1677819600,2023-03-03 05:00:00,2023-03-03 06:00:00,ringsted,-1.2,0.0,1.8,0.0,1017.47,99.25,29.1667
1677823200,2023-03-03 06:00:00,2023-03-03 07:00:00,ringsted,-1.2,0.0,2.2,0.0,1017.4,99.5,45.0
1677826800,2023-03-03 07:00:00,2023-03-03 08:00:00,ringsted,-0.525,17.5,2.325,0.025,1017.5,100.0,47.5
1677830400,2023-03-03 08:00:00,2023-03-03 09:00:00,ringsted,0.275,57.0,2.95,0.05,1017.61,100.0,70.8333
1677834000,2023-03-03 09:00:00,2023-03-03 10:00:00,ringsted,0.7,92.5,3.55,0.025,1017.55,100.0,86.6667
1677837600,2023-03-03 10:00:00,2023-03-03 11:00:00,ringsted,0.9,121.0,3.75,0.0,1017.33,100.0,95.0
1677841200,2023-03-03 11:00:00,2023-03-03 12:00:00,ringsted,1.4,185.5,4.025,0.0,1016.8,98.75,91.6667
1677844800,2023-03-03 12:00:00,2023-03-03 13:00:00,ringsted,2.15,242.5,4.3,0.0,1015.99,95.0,74.1667
1677848400,2023-03-03 13:00:00,2023-03-03 14:00:00,ringsted,3.05,323.0,4.625,0.0,1015.11,89.5,24.1667
1677852000,2023-03-03 14:00:00,2023-03-03 15:00:00,ringsted,4.125,369.5,4.75,0.0,1014.1,84.25,0.833333
1677855600,2023-03-03 15:00:00,2023-03-03 16:00:00,ringsted,5.025,231.5,4.65,0.0,1012.91,80.5,0.0
1677859200,2023-03-03 16:00:00,2023-03-03 17:00:00,ringsted,5.675,142.5,4.925,0.0,1011.99,79.5,0.0
1677862800,2023-03-03 17:00:00,2023-03-03 18:00:00,ringsted,5.1,27.5,4.95,0.0,1011.29,83.75,0.0
1677866400,2023-03-03 18:00:00,2023-03-03 19:00:00,ringsted,4.8,0.5,5.675,0.0,1011.04,85.5,0.0
1677870000,2023-03-03 19:00:00,2023-03-03 20:00:00,ringsted,4.45,0.0,5.45,0.0,1011.11,85.5,0.0
1677873600,2023-03-03 20:00:00,2023-03-03 21:00:00,ringsted,4.15,0.0,5.25,0.0,1010.81,79.75,0.0
1677877200,2023-03-03 21:00:00,2023-03-03 22:00:00,ringsted,3.55,0.0,5.225,0.0,1010.73,82.25,0.0
1677880800,2023-03-03 22:00:00,2023-03-03 23:00:00,ringsted,3.025,0.0,4.825,0.0,1010.67,87.0,0.0
1677884400,2023-03-03 23:00:00,2023-03-04 00:00:00,ringsted,2.675,0.0,4.65,0.0,1010.52,90.5,0.833333
1677888000,2023-03-04 00:00:00,2023-03-04 01:00:00,ringsted,2.625,0.0,4.25,0.0,1010.23,93.0,41.6667
1677891600,2023-03-04 01:00:00,2023-03-04 02:00:00,ringsted,3.075,0.0,4.6,0.0,1009.85,93.25,22.5
1677895200,2023-03-04 02:00:00,2023-03-04 03:00:00,ringsted,3.35,0.0,5.425,0.0,1009.36,92.5,3.33333
1677898800,2023-03-04 03:00:00,2023-03-04 04:00:00,ringsted,3.325,0.0,5.725,0.0,1009.1,91.0,0.0
1677902400,2023-03-04 04:00:00,2023-03-04 05:00:00,ringsted,2.825,0.0,5.075,0.0,1009.08,90.5,0.0
1677906000,2023-03-04 05:00:00,2023-03-04 06:00:00,ringsted,2.5,0.0,5.475,0.0,1009.23,88.75,0.0
1677909600,2023-03-04 06:00:00,2023-03-04 07:00:00,ringsted,2.1,1.0,4.7,0.0,1009.6,89.25,0.0
1677913200,2023-03-04 07:00:00,2023-03-04 08:00:00,ringsted,2.175,47.5,4.525,0.0,1010.3,88.0,0.0
1677916800,2023-03-04 08:00:00,2023-03-04 09:00:00,ringsted,2.825,178.5,4.15,0.0,1010.92,82.25,0.0
1677920400,2023-03-04 09:00:00,2023-03-04 10:00:00,ringsted,3.825,301.5,5.2,0.0,1011.62,68.25,1.66667
1677924000,2023-03-04 10:00:00,2023-03-04 11:00:00,ringsted,4.35,407.0,6.05,0.0,1012.13,47.5,22.9167
1677927600,2023-03-04 11:00:00,2023-03-04 12:00:00,ringsted,4.375,461.5,6.45,0.0,1012.33,42.5,44.5833
1677931200,2023-03-04 12:00:00,2023-03-04 13:00:00,ringsted,4.125,436.5,7.225,0.0,1012.45,41.25,14.5833
1677934800,2023-03-04 13:00:00,2023-03-04 14:00:00,ringsted,3.8,469.0,7.0,0.0,1012.4,38.25,25.8333
1677938400,2023-03-04 14:00:00,2023-03-04 15:00:00,ringsted,3.575,334.5,6.4,0.0,1012.29,37.0,45.0
1677942000,2023-03-04 15:00:00,2023-03-04 16:00:00,ringsted,3.0,233.5,5.575,0.0,1012.1,40.0,68.3333
1677945600,2023-03-04 16:00:00,2023-03-04 17:00:00,ringsted,2.35,102.5,4.475,0.0,1011.65,43.75,88.3333
1677949200,2023-03-04 17:00:00,2023-03-04 18:00:00,ringsted,1.75,18.5,2.575,0.0,1011.34,49.5,82.9167
1677952800,2023-03-04 18:00:00,2023-03-04 19:00:00,ringsted,1.05,0.0,1.825,0.0,1011.01,56.0,69.1667
1677956400,2023-03-04 19:00:00,2023-03-04 20:00:00,ringsted,0.7,0.0,1.6,0.0,1010.42,57.5,92.5
1677960000,2023-03-04 20:00:00,2023-03-04 21:00:00,ringsted,0.475,0.0,1.525,0.0,1010.02,61.75,80.0
1677963600,2023-03-04 21:00:00,2023-03-04 22:00:00,ringsted,0.425,0.0,1.7,0.0,1009.45,65.25,60.8333
1677967200,2023-03-04 22:00:00,2023-03-04 23:00:00,ringsted,0.225,0.0,2.075,0.0,1008.88,67.5,38.75
1677970800,2023-03-04 23:00:00,2023-03-05 00:00:00,ringsted,-0.275,0.0,2.425,0.0,1008.47,72.5,4.16667
1677974400,2023-03-05 00:00:00,2023-03-05 01:00:00,ringsted,-1.1,0.0,2.35,0.0,1007.97,75.5,38.75
1677978000,2023-03-05 01:00:00,2023-03-05 02:00:00,ringsted,-0.925,0.0,2.425,0.0,1007.4,74.0,55.4167
1677981600,2023-03-05 02:00:00,2023-03-05 03:00:00,ringsted,-0.6,0.0,2.8,0.0,1006.81,72.75,58.3333
1677985200,2023-03-05 03:00:00,2023-03-05 04:00:00,ringsted,-1.075,0.0,2.9,0.0,1006.31,75.0,49.1667
1677988800,2023-03-05 04:00:00,2023-03-05 05:00:00,ringsted,-1.05,0.0,3.05,0.0,1005.86,76.25,14.1667
1677992400,2023-03-05 05:00:00,2023-03-05 06:00:00,ringsted,-1.225,0.0,3.2,0.0,1005.72,74.0,46.6667
1677996000,2023-03-05 06:00:00,2023-03-05 07:00:00,ringsted,-1.075,1.0,3.175,0.0,1005.84,71.25,43.75
1677999600,2023-03-05 07:00:00,2023-03-05 08:00:00,ringsted,-1.2,31.0,2.875,0.1,1005.97,77.25,50.8333
1678003200,2023-03-05 08:00:00,2023-03-05 09:00:00,ringsted,-0.85,128.0,3.175,0.1,1005.85,79.0,49.1667
1678006800,2023-03-05 09:00:00,2023-03-05 10:00:00,ringsted,0.1,250.5,3.35,0.0,1005.41,72.75,22.9167
1678010400,2023-03-05 10:00:00,2023-03-05 11:00:00,ringsted,1.3,422.0,4.525,0.0,1005.08,59.0,13.75
1678014000,2023-03-05 11:00:00,2023-03-05 12:00:00,ringsted,1.9,434.5,5.2,0.0,1004.78,52.0,28.75
1678017600,2023-03-05 12:00:00,2023-03-05 13:00:00,ringsted,2.175,521.5,5.125,0.0,1004.35,50.0,14.5833
1678021200,2023-03-05 13:00:00,2023-03-05 14:00:00,ringsted,2.125,429.0,4.95,0.0,1003.97,49.25,19.5833
1678024800,2023-03-05 14:00:00,2023-03-05 15:00:00,ringsted,2.125,367.0,4.825,0.0,1003.58,48.25,11.25
1678028400,2023-03-05 15:00:00,2023-03-05 16:00:00,ringsted,2.05,309.5,4.65,0.0,1003.08,48.5,0.0
1678032000,2023-03-05 16:00:00,2023-03-05 17:00:00,ringsted,1.55,162.0,3.65,0.0,1002.66,49.5,0.0
1678035600,2023-03-05 17:00:00,2023-03-05 18:00:00,ringsted,0.775,41.5,2.675,0.0,1002.4,53.75,0.0
1678039200,2023-03-05 18:00:00,2023-03-05 19:00:00,ringsted,-0.95,0.5,1.525,0.0,1002.1,63.0,0.0
1678042800,2023-03-05 19:00:00,2023-03-05 20:00:00,ringsted,-1.675,0.0,1.35,0.0,1001.76,65.25,0.0
1678046400,2023-03-05 20:00:00,2023-03-05 21:00:00,ringsted,-2.575,0.0,1.1,0.0,1001.35,70.5,0.0
1678050000,2023-03-05 21:00:00,2023-03-05 22:00:00,ringsted,-3.325,0.0,0.85,0.0,1000.8,74.5,0.0
1678053600,2023-03-05 22:00:00,2023-03-05 23:00:00,ringsted,-3.95,0.0,0.875,0.0,1000.23,78.0,0.0
1678057200,2023-03-05 23:00:00,2023-03-06 00:00:00,ringsted,-4.55,0.0,0.75,0.0,999.808,81.5,0.0
1678060800,2023-03-06 00:00:00,2023-03-06 01:00:00,ringsted,-4.775,0.0,0.6,0.0,999.513,84.0,0.0
1678064400,2023-03-06 01:00:00,2023-03-06 02:00:00,ringsted,-4.85,0.0,0.65,0.0,999.05,82.25,0.0
1678068000,2023-03-06 02:00:00,2023-03-06 03:00:00,ringsted,-5.175,0.0,0.625,0.0,998.479,83.5,6.25
1678071600,2023-03-06 03:00:00,2023-03-06 04:00:00,ringsted,-5.225,0.0,0.65,0.0,997.883,85.75,0.833333
1678075200,2023-03-06 04:00:00,2023-03-06 05:00:00,ringsted,-5.35,0.0,0.375,0.0,997.354,86.5,0.0
1678078800,2023-03-06 05:00:00,2023-03-06 06:00:00,ringsted,-5.6,0.0,0.55,0.0,996.896,87.5,9.16667
1678082400,2023-03-06 06:00:00,2023-03-06 07:00:00,ringsted,-5.475,1.5,0.85,0.0,996.658,87.25,15.4167
1678086000,2023-03-06 07:00:00,2023-03-06 08:00:00,ringsted,-5.4,56.5,0.833333,0.0,996.604,91.3333,0.833333
1678089600,2023-03-06 08:00:00,2023-03-06 09:00:00,ringsted,-2.9,162.5,0.475,0.0,996.658,84.5,4.16667
1678093200,2023-03-06 09:00:00,2023-03-06 10:00:00,ringsted,-0.2,327.0,1.25,0.0,996.646,76.25,4.16667
1678096800,2023-03-06 10:00:00,2023-03-06 11:00:00,ringsted,0.95,398.5,2.475,0.0,996.513,70.5,24.5833
1678100400,2023-03-06 11:00:00,2023-03-06 12:00:00,ringsted,1.55,444.5,3.15,0.0,996.554,63.25,17.0833
1678104000,2023-03-06 12:00:00,2023-03-06 13:00:00,ringsted,1.875,413.0,3.275,0.0,996.304,56.0,2.5
1678107600,2023-03-06 13:00:00,2023-03-06 14:00:00,ringsted,2.3,449.5,3.7,0.0,996.017,51.25,0.0
1678111200,2023-03-06 14:00:00,2023-03-06 15:00:00,ringsted,2.75,391.5,3.875,0.0,995.746,49.5,2.5
1678114800,2023-03-06 15:00:00,2023-03-06 16:00:00,ringsted,2.9,257.0,3.575,0.0,995.654,47.75,0.0
1678118400,2023-03-06 16:00:00,2023-03-06 17:00:00,ringsted,2.5,141.5,2.95,0.0,995.546,51.5,0.833333
1678122000,2023-03-06 17:00:00,2023-03-06 18:00:00,ringsted,0.975,28.0,1.95,0.0,995.421,61.5,14.5833
1678125600,2023-03-06 18:00:00,2023-03-06 19:00:00,ringsted,-0.266667,0.5,1.4,0.0,995.192,71.6667,24.5833
1678129200,2023-03-06 19:00:00,2023-03-06 20:00:00,ringsted,-0.85,0.0,1.675,0.0,994.708,74.25,60.0
1678132800,2023-03-06 20:00:00,2023-03-06 21:00:00,ringsted,-0.525,0.0,1.9,0.0,994.112,76.0,57.5
1678136400,2023-03-06 21:00:00,2023-03-06 22:00:00,ringsted,0.025,0.0,2.325,0.0,993.183,78.75,57.5
1678140000,2023-03-06 22:00:00,2023-03-06 23:00:00,ringsted,0.425,0.0,2.625,0.0,991.967,80.25,54.1667
1678143600,2023-03-06 23:00:00,2023-03-07 00:00:00,ringsted,0.625,0.0,3.275,0.0,990.625,82.25,79.1667
1678147200,2023-03-07 00:00:00,2023-03-07 01:00:00,ringsted,0.95,0.0,4.275,0.0,989.058,82.0,90.0
1678150800,2023-03-07 01:00:00,2023-03-07 02:00:00,ringsted,1.225,0.0,6.075,0.0,987.208,81.75,96.6667
1678154400,2023-03-07 02:00:00,2023-03-07 03:00:00,ringsted,1.05,0.0,6.75,0.075,985.058,85.25,97.5
1678158000,2023-03-07 03:00:00,2023-03-07 04:00:00,ringsted,0.125,0.0,7.525,0.225,983.267,95.75,95.0
1678161600,2023-03-07 04:00:00,2023-03-07 05:00:00,ringsted,-2.77556e-17,0.0,7.775,0.25,981.908,98.0,77.5
1678165200,2023-03-07 05:00:00,2023-03-07 06:00:00,ringsted,0.325,0.0,7.0,0.2,980.129,97.5,68.3333
1678168800,2023-03-07 06:00:00,2023-03-07 07:00:00,ringsted,0.75,0.5,6.85,0.075,978.362,95.75,84.1667
1678172400,2023-03-07 07:00:00,2023-03-07 08:00:00,ringsted,1.1,12.5,7.875,0.1,976.6,94.0,90.0
1678176000,2023-03-07 08:00:00,2023-03-07 09:00:00,ringsted,1.5,49.5,8.65,0.025,975.233,92.75,90.0
1678179600,2023-03-07 09:00:00,2023-03-07 10:00:00,ringsted,1.9,145.5,7.875,0.125,974.775,91.5,90.8333
1678183200,2023-03-07 10:00:00,2023-03-07 11:00:00,ringsted,2.4,174.5,8.0,0.1,975.175,89.75,91.6667
1678186800,2023-03-07 11:00:00,2023-03-07 12:00:00,ringsted,2.375,153.0,8.75,0.65,975.9,89.0,90.0
1678190400,2023-03-07 12:00:00,2023-03-07 13:00:00,ringsted,2.45,165.5,10.525,0.1,976.971,84.25,85.8333
1678194000,2023-03-07 13:00:00,2023-03-07 14:00:00,ringsted,2.2,217.5,11.275,0.025,978.079,79.75,74.1667
1678197600,2023-03-07 14:00:00,2023-03-07 15:00:00,ringsted,1.775,121.0,11.7,0.0,979.088,73.25,80.0
1678201200,2023-03-07 15:00:00,2023-03-07 16:00:00,ringsted,1.375,127.5,12.45,0.0,980.312,69.75,63.3333
1678204800,2023-03-07 16:00:00,2023-03-07 17:00:00,ringsted,0.925,84.0,12.425,0.0,981.583,70.75,61.6667
1678208400,2023-03-07 17:00:00,2023-03-07 18:00:00,ringsted,0.55,31.5,12.0,0.025,982.929,69.75,52.5
1678212000,2023-03-07 18:00:00,2023-03-07 19:00:00,ringsted,-0.175,0.5,10.975,0.0,984.062,73.5,60.8333
1678215600,2023-03-07 19:00:00,2023-03-07 20:00:00,ringsted,-0.675,0.0,10.175,0.025,985.004,77.0,55.4167
1678219200,2023-03-07 20:00:00,2023-03-07 21:00:00,ringsted,-0.925,0.0,9.625,0.05,985.825,77.25,65.0
1678222800,2023-03-07 21:00:00,2023-03-07 22:00:00,ringsted,-1.0,0.0,9.225,0.0,986.792,74.75,50.8333
1678226400,2023-03-07 22:00:00,2023-03-07 23:00:00,ringsted,-1.175,0.0,8.825,0.0,987.658,70.5,45.8333
1678230000,2023-03-07 23:00:00,2023-03-08 00:00:00,ringsted,-1.4,0.0,7.825,0.0,988.367,68.25,16.25
1678233600,2023-03-08 00:00:00,2023-03-08 01:00:00,ringsted,-1.625,0.0,6.375,0.0,989.179,67.0,2.5
1678237200,2023-03-08 01:00:00,2023-03-08 02:00:00,ringsted,-1.85,0.0,5.4,0.0,989.871,66.75,0.0
1678240800,2023-03-08 02:00:00,2023-03-08 03:00:00,ringsted,-2.275,0.0,4.35,0.0,990.25,68.25,5.41667
1678244400,2023-03-08 03:00:00,2023-03-08 04:00:00,ringsted,-2.825,0.0,3.0,0.0,990.521,72.5,2.5
1678248000,2023-03-08 04:00:00,2023-03-08 05:00:00,ringsted,-3.425,0.0,2.2,0.0,990.896,75.25,0.0
1678251600,2023-03-08 05:00:00,2023-03-08 06:00:00,ringsted,-3.525,0.0,2.075,0.0,991.1,75.0,0.0
1678255200,2023-03-08 06:00:00,2023-03-08 07:00:00,ringsted,-3.775,2.5,1.675,0.0,991.4,75.25,0.0
1678258800,2023-03-08 07:00:00,2023-03-08 08:00:00,ringsted,-3.675,76.0,1.3,0.0,991.796,77.25,0.0
1678262400,2023-03-08 08:00:00,2023-03-08 09:00:00,ringsted,-1.15,221.5,1.075,0.0,992.029,70.0,0.0
1678266000,2023-03-08 09:00:00,2023-03-08 10:00:00,ringsted,0.625,352.5,1.75,0.0,992.175,59.5,2.5
1678269600,2023-03-08 10:00:00,2023-03-08 11:00:00,ringsted,1.05,419.5,2.4,0.0,992.392,56.0,2.5
1678273200,2023-03-08 11:00:00,2023-03-08 12:00:00,ringsted,1.6,450.0,2.175,0.0,992.454,49.25,30.0
1678276800,2023-03-08 12:00:00,2023-03-08 13:00:00,ringsted,1.825,562.0,2.15,0.0,992.3,45.25,14.1667
1678280400,2023-03-08 13:00:00,2023-03-08 14:00:00,ringsted,2.0,464.0,1.375,0.0,992.213,42.25,0.0
1678284000,2023-03-08 14:00:00,2023-03-08 15:00:00,ringsted,2.6,433.5,1.3,0.0,992.308,39.5,0.0
1678287600,2023-03-08 15:00:00,2023-03-08 16:00:00,ringsted,2.55,305.5,1.425,0.0,992.304,39.75,0.0
1678291200,2023-03-08 16:00:00,2023-03-08 17:00:00,ringsted,2.05,201.0,2.15,0.0,992.483,43.5,0.0
1678294800,2023-03-08 17:00:00,2023-03-08 18:00:00,ringsted,1.0,52.5,1.925,0.0,992.717,51.5,0.0
1678298400,2023-03-08 18:00:00,2023-03-08 19:00:00,ringsted,-0.7,0.5,1.875,0.0,992.8,67.75,0.0
1678302000,2023-03-08 19:00:00,2023-03-08 20:00:00,ringsted,-1.4,0.0,1.6,0.0,992.888,76.5,0.0
1678305600,2023-03-08 20:00:00,2023-03-08 21:00:00,ringsted,-1.775,0.0,1.375,0.0,992.942,81.25,0.0
1678309200,2023-03-08 21:00:00,2023-03-08 22:00:00,ringsted,-2.45,0.0,1.0,0.0,993.05,86.0,0.0
1678312800,2023-03-08 22:00:00,2023-03-08 23:00:00,ringsted,-2.75,0.0,0.725,0.0,992.996,88.75,0.0
1678316400,2023-03-08 23:00:00,2023-03-09 00:00:00,ringsted,-3.175,0.0,0.475,0.0,992.987,89.5,0.0
1678320000,2023-03-09 00:00:00,2023-03-09 01:00:00,ringsted,-3.825,0.0,0.5,0.0,992.971,92.0,0.0
1678323600,2023-03-09 01:00:00,2023-03-09 02:00:00,ringsted,-4.05,0.0,0.775,0.0,992.904,90.75,10.4167
1678327200,2023-03-09 02:00:00,2023-03-09 03:00:00,ringsted,-4.4,0.0,0.766667,0.0,992.908,90.25,45.0
1678330800,2023-03-09 03:00:00,2023-03-09 04:00:00,ringsted,-4.65,0.0,0.7,0.0,992.987,90.0,39.1667
1678334400,2023-03-09 04:00:00,2023-03-09 05:00:00,ringsted,-4.65,0.0,0.825,0.0,993.167,89.0,2.91667
1678338000,2023-03-09 05:00:00,2023-03-09 06:00:00,ringsted,-4.925,0.0,1.05,0.0,993.4,88.75,6.66667
1678341600,2023-03-09 06:00:00,2023-03-09 07:00:00,ringsted,-4.625,1.0,1.25,0.0,993.817,88.25,27.9167
1678345200,2023-03-09 07:00:00,2023-03-09 08:00:00,ringsted,-4.025,47.0,1.025,0.0,994.45,88.0,42.5
1678348800,2023-03-09 08:00:00,2023-03-09 09:00:00,ringsted,-2.125,161.0,1.0,0.0,994.933,85.5,39.1667
1678352400,2023-03-09 09:00:00,2023-03-09 10:00:00,ringsted,0.25,261.5,0.65,0.0,995.196,80.5,37.5
1678356000,2023-03-09 10:00:00,2023-03-09 11:00:00,ringsted,1.525,356.5,2.375,0.0,995.487,72.25,42.9167
1678359600,2023-03-09 11:00:00,2023-03-09 12:00:00,ringsted,1.925,404.0,3.45,0.0,995.792,66.75,60.8333
1678363200,2023-03-09 12:00:00,2023-03-09 13:00:00,ringsted,2.175,348.5,3.25,0.0,995.833,62.5,45.0
1678366800,2023-03-09 13:00:00,2023-03-09 14:00:00,ringsted,2.55,395.5,3.125,0.0,995.787,57.5,60.8333
1678370400,2023-03-09 14:00:00,2023-03-09 15:00:00,ringsted,2.5,221.5,3.1,0.0,995.629,57.5,49.1667
1678374000,2023-03-09 15:00:00,2023-03-09 16:00:00,ringsted,2.3,217.5,3.325,0.0,995.425,57.75,43.75
1678377600,2023-03-09 16:00:00,2023-03-09 17:00:00,ringsted,1.8,98.0,2.925,0.0,995.433,61.5,50.0
1678381200,2023-03-09 17:00:00,2023-03-09 18:00:00,ringsted,0.875,26.0,2.525,0.0,995.35,68.0,55.0
1678384800,2023-03-09 18:00:00,2023-03-09 19:00:00,ringsted,0.05,0.5,2.275,0.0,995.196,73.0,43.3333
1678388400,2023-03-09 19:00:00,2023-03-09 20:00:00,ringsted,-0.625,0.0,2.0,0.0,995.083,77.75,42.5
1678392000,2023-03-09 20:00:00,2023-03-09 21:00:00,ringsted,-0.95,0.0,1.95,0.0,994.679,80.75,4.16667
1678395600,2023-03-09 21:00:00,2023-03-09 22:00:00,ringsted,-1.15,0.0,2.05,0.0,994.146,82.5,35.4167
1678399200,2023-03-09 22:00:00,2023-03-09 23:00:00,ringsted,-1.125,0.0,1.725,0.0,993.496,83.25,43.3333
1678402800,2023-03-09 23:00:00,2023-03-10 00:00:00,ringsted,-1.25,0.0,1.6,0.0,992.737,89.25,17.9167
1678406400,2023-03-10 00:00:00,2023-03-10 01:00:00,ringsted,-1.575,0.0,1.1,0.0,992.117,92.25,26.25
1678410000,2023-03-10 01:00:00,2023-03-10 02:00:00,ringsted,-1.75,0.0,1.175,0.0,991.479,93.5,3.75
1678413600,2023-03-10 02:00:00,2023-03-10 03:00:00,ringsted,-2.075,0.0,0.975,0.0,990.833,94.75,9.16667
1678417200,2023-03-10 03:00:00,2023-03-10 04:00:00,ringsted,-2.275,0.0,0.975,0.0,990.204,95.25,15.4167
1678420800,2023-03-10 04:00:00,2023-03-10 05:00:00,ringsted,-2.05,0.0,1.25,0.0,989.704,95.0,33.3333
1678424400,2023-03-10 05:00:00,2023-03-10 06:00:00,ringsted,-1.85,0.0,1.825,0.0,989.183,93.75,63.3333
1678428000,2023-03-10 06:00:00,2023-03-10 07:00:00,ringsted,-1.55,1.0,1.875,0.0,988.95,92.75,42.9167
1678431600,2023-03-10 07:00:00,2023-03-10 08:00:00,ringsted,-0.95,34.0,2.475,0.0,988.975,91.0,20.8333
1678435200,2023-03-10 08:00:00,2023-03-10 09:00:00,ringsted,-0.05,139.5,3.25,0.0,989.021,87.5,34.1667
1678438800,2023-03-10 09:00:00,2023-03-10 10:00:00,ringsted,0.925,276.0,4.225,0.0,989.192,81.75,35.0
1678442400,2023-03-10 10:00:00,2023-03-10 11:00:00,ringsted,1.625,358.5,5.45,0.0,989.487,71.0,61.25
1678446000,2023-03-10 11:00:00,2023-03-10 12:00:00,ringsted,1.875,304.5,5.5,0.0,989.554,67.75,77.5
1678449600,2023-03-10 12:00:00,2023-03-10 13:00:00,ringsted,2.025,230.5,4.875,0.0,989.446,66.0,93.3333
1678453200,2023-03-10 13:00:00,2023-03-10 14:00:00,ringsted,1.75,186.0,4.525,0.0,989.496,68.0,95.0
1678456800,2023-03-10 14:00:00,2023-03-10 15:00:00,ringsted,1.75,130.5,4.55,0.0,989.688,66.5,95.0
1678460400,2023-03-10 15:00:00,2023-03-10 16:00:00,ringsted,1.65,77.0,4.35,0.0,989.746,63.25,95.0
1678464000,2023-03-10 16:00:00,2023-03-10 17:00:00,ringsted,1.55,44.0,3.875,0.0,989.733,64.25,95.0
1678467600,2023-03-10 17:00:00,2023-03-10 18:00:00,ringsted,1.3,14.0,3.325,0.0,989.912,68.0,87.5
1678471200,2023-03-10 18:00:00,2023-03-10 19:00:00,ringsted,1.05,0.5,3.15,0.0,990.246,71.0,90.8333
1678474800,2023-03-10 19:00:00,2023-03-10 20:00:00,ringsted,1.0,0.0,3.2,0.0,990.258,70.25,91.6667
1678478400,2023-03-10 20:00:00,2023-03-10 21:00:00,ringsted,0.775,0.0,3.6,0.0,990.521,72.75,95.0
1678482000,2023-03-10 21:00:00,2023-03-10 22:00:00,ringsted,0.675,0.0,3.95,0.0,991.208,73.5,92.5
1678485600,2023-03-10 22:00:00,2023-03-10 23:00:00,ringsted,0.425,0.0,3.6,0.0,991.787,74.0,71.6667
1678489200,2023-03-10 23:00:00,2023-03-11 00:00:00,ringsted,0.15,0.0,3.475,0.0,992.392,74.5,68.3333
1678492800,2023-03-11 00:00:00,2023-03-11 01:00:00,ringsted,-0.125,0.0,3.375,0.0,992.979,76.25,46.6667
1678496400,2023-03-11 01:00:00,2023-03-11 02:00:00,ringsted,-0.3,0.0,3.1,0.0,993.433,76.0,45.4167
1678500000,2023-03-11 02:00:00,2023-03-11 03:00:00,ringsted,-0.4,0.0,3.075,0.0,994.083,75.5,47.5
1678503600,2023-03-11 03:00:00,2023-03-11 04:00:00,ringsted,-0.45,0.0,2.75,0.0,994.825,76.75,79.1667
1678507200,2023-03-11 04:00:00,2023-03-11 05:00:00,ringsted,-0.6,0.0,2.675,0.0,995.475,82.25,67.5
1678510800,2023-03-11 05:00:00,2023-03-11 06:00:00,ringsted,-0.75,0.0,2.55,0.0,996.029,83.75,65.0
1678514400,2023-03-11 06:00:00,2023-03-11 07:00:00,ringsted,-1.025,2.5,3.225,0.05,996.654,93.5,62.5
1678518000,2023-03-11 07:00:00,2023-03-11 08:00:00,ringsted,-0.925,40.0,3.125,0.075,997.4,93.75,66.6667
1678521600,2023-03-11 08:00:00,2023-03-11 09:00:00,ringsted,-0.525,122.5,3.85,0.1,998.062,90.75,42.0833
1678525200,2023-03-11 09:00:00,2023-03-11 10:00:00,ringsted,0.375,276.5,5.525,0.0,998.487,81.75,16.6667
1678528800,2023-03-11 10:00:00,2023-03-11 11:00:00,ringsted,1.1,400.0,5.975,0.0,998.925,69.5,6.66667
1678532400,2023-03-11 11:00:00,2023-03-11 12:00:00,ringsted,1.875,532.0,6.325,0.0,999.175,60.0,0.0
1678536000,2023-03-11 12:00:00,2023-03-11 13:00:00,ringsted,2.675,547.5,6.15,0.0,998.996,53.75,4.16667
1678539600,2023-03-11 13:00:00,2023-03-11 14:00:00,ringsted,3.45,471.5,5.85,0.0,998.679,53.25,59.5833
1678543200,2023-03-11 14:00:00,2023-03-11 15:00:00,ringsted,3.625,214.0,5.575,0.0,998.421,58.0,89.1667
1678546800,2023-03-11 15:00:00,2023-03-11 16:00:00,ringsted,3.275,114.5,5.55,0.0,998.121,66.5,81.6667
1678550400,2023-03-11 16:00:00,2023-03-11 17:00:00,ringsted,2.65,63.0,5.575,0.05,998.183,79.5,70.8333
1678554000,2023-03-11 17:00:00,2023-03-11 18:00:00,ringsted,1.775,23.0,4.925,0.075,998.725,90.0,57.9167
1678557600,2023-03-11 18:00:00,2023-03-11 19:00:00,ringsted,1.05,1.0,4.55,0.225,999.333,92.0,67.9167
1678561200,2023-03-11 19:00:00,2023-03-11 20:00:00,ringsted,0.325,0.0,5.0,0.125,999.771,93.5,70.0
1678564800,2023-03-11 20:00:00,2023-03-11 21:00:00,ringsted,0.1,0.0,4.975,0.025,1000.15,90.25,6.66667
1678568400,2023-03-11 21:00:00,2023-03-11 22:00:00,ringsted,-0.05,0.0,5.725,0.0,1000.5,82.25,3.33333
1678572000,2023-03-11 22:00:00,2023-03-11 23:00:00,ringsted,-0.375,0.0,5.925,0.0,1000.9,77.0,3.33333
1678575600,2023-03-11 23:00:00,2023-03-12 00:00:00,ringsted,-0.625,0.0,5.375,0.0,1001.33,78.5,1.66667
1678579200,2023-03-12 00:00:00,2023-03-12 01:00:00,ringsted,-0.7,0.0,5.35,0.0,1001.75,77.75,5.0
1678582800,2023-03-12 01:00:00,2023-03-12 02:00:00,ringsted,-0.775,0.0,4.975,0.0,1002.07,77.5,10.4167
1678586400,2023-03-12 02:00:00,2023-03-12 03:00:00,ringsted,-0.825,0.0,5.125,0.0,1002.4,78.25,5.83333
1678590000,2023-03-12 03:00:00,2023-03-12 04:00:00,ringsted,-0.875,0.0,5.125,0.0,1002.92,77.75,6.66667
1678593600,2023-03-12 04:00:00,2023-03-12 05:00:00,ringsted,-0.875,0.0,4.925,0.0,1003.44,75.5,2.5
1678597200,2023-03-12 05:00:00,2023-03-12 06:00:00,ringsted,-1.2,0.0,4.2,0.0,1003.75,75.25,0.833333
1678600800,2023-03-12 06:00:00,2023-03-12 07:00:00,ringsted,-1.7,7.5,3.175,0.0,1004.08,77.75,0.0
1678604400,2023-03-12 07:00:00,2023-03-12 08:00:00,ringsted,-1.225,103.5,2.9,0.0,1004.25,77.75,6.66667
1678608000,2023-03-12 08:00:00,2023-03-12 09:00:00,ringsted,0.125,234.0,3.1,0.0,1004.35,74.25,0.0
1678611600,2023-03-12 09:00:00,2023-03-12 10:00:00,ringsted,1.3,372.0,3.55,0.0,1004.39,69.75,0.0
1678615200,2023-03-12 10:00:00,2023-03-12 11:00:00,ringsted,2.225,455.5,3.275,0.0,1004.12,63.0,5.83333
1678618800,2023-03-12 11:00:00,2023-03-12 12:00:00,ringsted,2.85,498.0,2.95,0.0,1003.87,60.75,25.0
1678622400,2023-03-12 12:00:00,2023-03-12 13:00:00,ringsted,3.175,344.5,3.775,0.0,1003.55,61.25,50.0
1678626000,2023-03-12 13:00:00,2023-03-12 14:00:00,ringsted,3.25,242.0,4.525,0.0,1002.64,61.75,67.5
1678629600,2023-03-12 14:00:00,2023-03-12 15:00:00,ringsted,3.35,251.5,4.725,0.0,1001.71,61.75,87.9167
1678633200,2023-03-12 15:00:00,2023-03-12 16:00:00,ringsted,2.8,125.5,5.225,0.025,1001.0,69.25,82.5
1678636800,2023-03-12 16:00:00,2023-03-12 17:00:00,ringsted,2.25,49.5,4.375,0.0,1000.73,74.25,92.5
1678640400,2023-03-12 17:00:00,2023-03-12 18:00:00,ringsted,1.575,10.5,4.15,0.075,1000.51,81.0,98.3333
1678644000,2023-03-12 18:00:00,2023-03-12 19:00:00,ringsted,0.625,0.0,3.85,0.2,999.779,92.25,95.0
1678647600,2023-03-12 19:00:00,2023-03-12 20:00:00,ringsted,0.275,0.0,4.6,0.2,998.688,95.0,87.5
1678651200,2023-03-12 20:00:00,2023-03-12 21:00:00,ringsted,0.2,0.0,5.2,0.125,997.921,96.25,97.5
1678654800,2023-03-12 21:00:00,2023-03-12 22:00:00,ringsted,0.25,0.0,5.5,0.05,996.883,97.75,98.3333
1678658400,2023-03-12 22:00:00,2023-03-12 23:00:00,ringsted,0.6,0.0,5.825,0.175,995.842,98.5,96.6667
1678662000,2023-03-12 23:00:00,2023-03-13 00:00:00,ringsted,1.25,0.0,5.1,0.075,994.996,98.75,95.0
1678665600,2023-03-13 00:00:00,2023-03-13 01:00:00,ringsted,2.2,0.0,4.4,0.025,994.417,99.25,95.0
1678669200,2023-03-13 01:00:00,2023-03-13 02:00:00,ringsted,3.525,0.0,4.625,0.025,993.692,99.5,95.0
1678672800,2023-03-13 02:00:00,2023-03-13 03:00:00,ringsted,4.5,0.0,5.725,0.075,992.812,99.25,95.0
1678676400,2023-03-13 03:00:00,2023-03-13 04:00:00,ringsted,4.975,0.0,5.7,0.075,991.858,99.0,97.5
1678680000,2023-03-13 04:00:00,2023-03-13 05:00:00,ringsted,5.35,0.0,5.75,0.4,990.671,99.0,97.5
1678683600,2023-03-13 05:00:00,2023-03-13 06:00:00,ringsted,5.55,0.0,5.75,0.675,989.167,99.25,98.3333
1678687200,2023-03-13 06:00:00,2023-03-13 07:00:00,ringsted,5.7,0.0,6.0,1.0,987.825,99.0,98.3333
1678690800,2023-03-13 07:00:00,2023-03-13 08:00:00,ringsted,5.85,7.5,6.675,1.575,986.458,98.75,95.0
1678694400,2023-03-13 08:00:00,2023-03-13 09:00:00,ringsted,5.975,22.0,6.575,2.125,984.65,99.0,96.6667
1678698000,2023-03-13 09:00:00,2023-03-13 10:00:00,ringsted,6.2,34.5,7.575,1.425,983.067,99.0,98.3333
1678701600,2023-03-13 10:00:00,2023-03-13 11:00:00,ringsted,6.75,51.0,8.175,1.225,982.104,98.75,96.6667
1678705200,2023-03-13 11:00:00,2023-03-13 12:00:00,ringsted,7.7,80.5,8.65,0.275,981.779,98.75,92.5
1678708800,2023-03-13 12:00:00,2023-03-13 13:00:00,ringsted,8.625,115.5,8.95,0.2,981.483,98.5,55.0
1678712400,2023-03-13 13:00:00,2023-03-13 14:00:00,ringsted,9.85,196.5,9.35,0.025,981.071,93.25,51.6667
1678716000,2023-03-13 14:00:00,2023-03-13 15:00:00,ringsted,10.8,259.0,10.075,0.025,980.779,83.25,55.0
1678719600,2023-03-13 15:00:00,2023-03-13 16:00:00,ringsted,10.875,122.0,10.8,0.0,980.179,76.25,73.3333
1678723200,2023-03-13 16:00:00,2023-03-13 17:00:00,ringsted,10.875,62.5,11.35,0.0,980.0,71.25,95.0
1678726800,2023-03-13 17:00:00,2023-03-13 18:00:00,ringsted,10.525,16.5,11.75,0.0,980.071,72.75,95.0
1678730400,2023-03-13 18:00:00,2023-03-13 19:00:00,ringsted,9.875,1.0,11.4,0.05,979.879,76.5,95.0
1678734000,2023-03-13 19:00:00,2023-03-13 20:00:00,ringsted,10.05,0.0,11.625,0.15,979.658,74.0,83.3333
1678737600,2023-03-13 20:00:00,2023-03-13 21:00:00,ringsted,10.125,0.0,11.425,0.0,979.662,72.0,50.8333
1678741200,2023-03-13 21:00:00,2023-03-13 22:00:00,ringsted,9.875,0.0,10.525,0.0,979.733,71.25,58.3333
1678744800,2023-03-13 22:00:00,2023-03-13 23:00:00,ringsted,9.65,0.0,10.55,0.0,979.129,72.75,27.0833
1678748400,2023-03-13 23:00:00,2023-03-14 00:00:00,ringsted,9.2,0.0,9.225,0.0,979.525,73.75,61.6667
1678752000,2023-03-14 00:00:00,2023-03-14 01:00:00,ringsted,9.075,0.0,9.2,0.0,979.196,73.25,57.9167
1678755600,2023-03-14 01:00:00,2023-03-14 02:00:00,ringsted,8.7,0.0,8.3,0.0,978.921,73.75,30.0
1678759200,2023-03-14 02:00:00,2023-03-14 03:00:00,ringsted,8.05,0.0,7.675,0.0,978.933,76.25,43.3333
1678762800,2023-03-14 03:00:00,2023-03-14 04:00:00,ringsted,7.9,0.0,7.6,0.0,978.75,78.5,62.0833
1678766400,2023-03-14 04:00:00,2023-03-14 05:00:00,ringsted,7.9,0.0,7.05,0.025,978.804,80.25,43.75
1678770000,2023-03-14 05:00:00,2023-03-14 06:00:00,ringsted,8.05,0.0,6.9,0.0,978.229,80.0,52.5
1678773600,2023-03-14 06:00:00,2023-03-14 07:00:00,ringsted,8.175,2.5,6.7,0.0,977.946,81.0,45.8333
1678777200,2023-03-14 07:00:00,2023-03-14 08:00:00,ringsted,8.2,37.0,7.075,0.0,977.95,86.5,91.6667
1678780800,2023-03-14 08:00:00,2023-03-14 09:00:00,ringsted,8.25,77.5,7.375,0.0,978.346,89.25,95.8333
1678784400,2023-03-14 09:00:00,2023-03-14 10:00:00,ringsted,6.8,91.0,6.825,0.25,979.917,92.25,95.8333
1678788000,2023-03-14 10:00:00,2023-03-14 11:00:00,ringsted,3.575,123.5,6.475,0.175,981.483,94.75,81.6667
1678791600,2023-03-14 11:00:00,2023-03-14 12:00:00,ringsted,2.275,174.5,6.55,0.125,982.721,93.0,52.5
1678795200,2023-03-14 12:00:00,2023-03-14 13:00:00,ringsted,3.15,305.5,6.225,0.025,983.796,87.75,57.5
1678798800,2023-03-14 13:00:00,2023-03-14 14:00:00,ringsted,4.575,278.5,7.775,0.0,984.963,75.5,60.8333
1678802400,2023-03-14 14:00:00,2023-03-14 15:00:00,ringsted,4.95,246.5,7.925,0.0,986.05,66.5,46.6667
1678806000,2023-03-14 15:00:00,2023-03-14 16:00:00,ringsted,4.975,183.5,8.025,0.0,987.1,64.0,29.1667
1678809600,2023-03-14 16:00:00,2023-03-14 17:00:00,ringsted,4.95,169.0,8.3,0.0,988.225,62.0,11.6667
1678813200,2023-03-14 17:00:00,2023-03-14 18:00:00,ringsted,4.475,76.0,7.475,0.0,989.642,61.75,22.9167
1678816800,2023-03-14 18:00:00,2023-03-14 19:00:00,ringsted,3.6,5.5,6.15,0.0,990.825,66.0,10.0
1678820400,2023-03-14 19:00:00,2023-03-14 20:00:00,ringsted,2.825,0.0,5.55,0.0,992.071,69.5,12.0833
1678824000,2023-03-14 20:00:00,2023-03-14 21:00:00,ringsted,2.375,0.0,5.55,0.0,993.183,75.5,42.9167
1678827600,2023-03-14 21:00:00,2023-03-14 22:00:00,ringsted,2.225,0.0,5.425,0.0,994.338,79.5,17.0833
1678831200,2023-03-14 22:00:00,2023-03-14 23:00:00,ringsted,2.075,0.0,5.4,0.0,995.517,80.75,0.0
1678834800,2023-03-14 23:00:00,2023-03-15 00:00:00,ringsted,1.575,0.0,4.9,0.0,996.708,82.75,2.5
1678838400,2023-03-15 00:00:00,2023-03-15 01:00:00,ringsted,1.225,0.0,4.475,0.0,997.833,82.75,1.66667
1678842000,2023-03-15 01:00:00,2023-03-15 02:00:00,ringsted,0.9,0.0,4.0,0.0,998.867,80.5,19.5833
1678845600,2023-03-15 02:00:00,2023-03-15 03:00:00,ringsted,0.75,0.0,3.175,0.0,999.575,80.25,35.8333
1678849200,2023-03-15 03:00:00,2023-03-15 04:00:00,ringsted,0.875,0.0,3.7,0.0,1000.29,78.75,17.9167
1678852800,2023-03-15 04:00:00,2023-03-15 05:00:00,ringsted,0.8,0.0,4.05,0.0,1001.06,77.5,19.1667
1678856400,2023-03-15 05:00:00,2023-03-15 06:00:00,ringsted,0.675,0.0,4.05,0.0,1001.65,78.25,5.41667
1678860000,2023-03-15 06:00:00,2023-03-15 07:00:00,ringsted,0.725,8.5,4.3,0.0,1002.46,77.0,0.0
1678863600,2023-03-15 07:00:00,2023-03-15 08:00:00,ringsted,1.1,109.5,4.9,0.0,1003.41,74.75,0.0
1678867200,2023-03-15 08:00:00,2023-03-15 09:00:00,ringsted,1.925,254.0,6.175,0.0,1004.04,73.0,2.5
1678870800,2023-03-15 09:00:00,2023-03-15 10:00:00,ringsted,2.7,388.5,6.525,0.0,1004.86,72.0,13.3333
1678874400,2023-03-15 10:00:00,2023-03-15 11:00:00,ringsted,3.3,405.0,6.7,0.0,1005.45,70.5,32.0833
1678878000,2023-03-15 11:00:00,2023-03-15 12:00:00,ringsted,3.925,435.5,6.925,0.0,1005.95,66.75,29.5833
1678881600,2023-03-15 12:00:00,2023-03-15 13:00:00,ringsted,4.45,370.0,6.875,0.0,1006.38,62.75,36.6667
1678885200,2023-03-15 13:00:00,2023-03-15 14:00:00,ringsted,4.65,465.5,6.65,0.0,1006.92,63.0,44.5833
1678888800,2023-03-15 14:00:00,2023-03-15 15:00:00,ringsted,4.45,364.0,6.3,0.0,1007.23,65.5,20.8333
1678892400,2023-03-15 15:00:00,2023-03-15 16:00:00,ringsted,4.675,313.0,6.15,0.0,1007.48,65.75,25.0
1678896000,2023-03-15 16:00:00,2023-03-15 17:00:00,ringsted,4.425,128.5,5.55,0.0,1008.09,67.75,40.4167
1678899600,2023-03-15 17:00:00,2023-03-15 18:00:00,ringsted,3.25,37.0,4.55,0.075,1008.7,78.0,72.5
1678903200,2023-03-15 18:00:00,2023-03-15 19:00:00,ringsted,2.0,3.0,2.825,0.25,1008.8,91.0,82.5
1678906800,2023-03-15 19:00:00,2023-03-15 20:00:00,ringsted,2.375,0.0,3.85,0.2,1008.8,88.5,86.6667
1678910400,2023-03-15 20:00:00,2023-03-15 21:00:00,ringsted,3.125,0.0,5.55,0.05,1008.9,83.5,57.5
1678914000,2023-03-15 21:00:00,2023-03-15 22:00:00,ringsted,3.1,0.0,6.625,0.075,1009.0,84.0,70.8333
1678917600,2023-03-15 22:00:00,2023-03-15 23:00:00,ringsted,2.875,0.0,7.55,0.1,1009.75,85.75,82.5
1678921200,2023-03-15 23:00:00,2023-03-16 00:00:00,ringsted,2.175,0.0,8.0,0.05,1011.22,91.25,95.0
1678924800,2023-03-16 00:00:00,2023-03-16 01:00:00,ringsted,1.825,0.0,6.875,0.0,1012.49,90.75,66.6667
1678928400,2023-03-16 01:00:00,2023-03-16 02:00:00,ringsted,1.675,0.0,4.875,0.0,1013.23,91.5,48.3333
1678932000,2023-03-16 02:00:00,2023-03-16 03:00:00,ringsted,1.625,0.0,3.2,0.0,1013.73,91.75,45.0
1678935600,2023-03-16 03:00:00,2023-03-16 04:00:00,ringsted,0.85,0.0,2.025,0.0,1014.25,94.25,42.0833
1678939200,2023-03-16 04:00:00,2023-03-16 05:00:00,ringsted,0.1,0.0,1.575,0.0,1014.7,95.25,46.6667
1678942800,2023-03-16 05:00:00,2023-03-16 06:00:00,ringsted,-0.575,0.0,0.825,0.0,1015.15,97.25,13.3333
1678946400,2023-03-16 06:00:00,2023-03-16 07:00:00,ringsted,-1.15,15.5,0.775,0.0,1015.62,98.0,22.9167
1678950000,2023-03-16 07:00:00,2023-03-16 08:00:00,ringsted,-0.6,103.5,1.075,0.0,1015.99,98.0,17.0833
1678953600,2023-03-16 08:00:00,2023-03-16 09:00:00,ringsted,1.35,239.0,1.45,0.0,1016.4,95.0,32.0833
1678957200,2023-03-16 09:00:00,2023-03-16 10:00:00,ringsted,3.425,337.0,2.95,0.0,1016.71,86.5,23.75
1678960800,2023-03-16 10:00:00,2023-03-16 11:00:00,ringsted,4.35,357.5,4.275,0.0,1016.72,75.25,42.5
1678964400,2023-03-16 11:00:00,2023-03-16 12:00:00,ringsted,4.875,356.5,4.925,0.0,1016.56,70.5,60.0
1678968000,2023-03-16 12:00:00,2023-03-16 13:00:00,ringsted,5.35,372.5,5.6,0.0,1016.18,69.0,72.5
1678971600,2023-03-16 13:00:00,2023-03-16 14:00:00,ringsted,5.425,332.5,5.9,0.0,1015.73,68.0,57.9167
1678975200,2023-03-16 14:00:00,2023-03-16 15:00:00,ringsted,5.45,284.5,5.9,0.0,1015.03,65.25,53.75
1678978800,2023-03-16 15:00:00,2023-03-16 16:00:00,ringsted,5.05,189.0,6.1,0.0,1014.3,70.0,50.8333
1678982400,2023-03-16 16:00:00,2023-03-16 17:00:00,ringsted,4.65,107.5,6.35,0.0,1014.02,70.75,56.25
1678986000,2023-03-16 17:00:00,2023-03-16 18:00:00,ringsted,4.175,33.5,6.3,0.0,1013.5,74.75,76.6667
1678989600,2023-03-16 18:00:00,2023-03-16 19:00:00,ringsted,4.025,1.5,6.8,0.0,1013.5,74.0,68.3333
1678993200,2023-03-16 19:00:00,2023-03-16 20:00:00,ringsted,4.0,0.0,6.575,0.0,1013.19,72.5,52.5
1678996800,2023-03-16 20:00:00,2023-03-16 21:00:00,ringsted,3.975,0.0,6.975,0.0,1012.97,71.25,64.1667
1679000400,2023-03-16 21:00:00,2023-03-16 22:00:00,ringsted,4.1,0.0,7.275,0.0,1012.33,69.75,91.6667
1679004000,2023-03-16 22:00:00,2023-03-16 23:00:00,ringsted,4.275,0.0,7.675,0.0,1011.79,67.25,95.0
1679007600,2023-03-16 23:00:00,2023-03-17 00:00:00,ringsted,4.325,0.0,8.075,0.0,1011.27,67.25,90.8333
1679011200,2023-03-17 00:00:00,2023-03-17 01:00:00,ringsted,4.375,0.0,7.425,0.0,1010.62,65.75,85.8333
1679014800,2023-03-17 01:00:00,2023-03-17 02:00:00,ringsted,4.325,0.0,7.45,0.0,1009.7,66.5,78.3333
1679018400,2023-03-17 02:00:00,2023-03-17 03:00:00,ringsted,4.2,0.0,7.4,0.0,1008.95,68.0,85.0
1679022000,2023-03-17 03:00:00,2023-03-17 04:00:00,ringsted,4.075,0.0,6.75,0.0,1008.46,69.0,83.3333
1679025600,2023-03-17 04:00:00,2023-03-17 05:00:00,ringsted,4.025,0.0,6.525,0.0,1007.96,69.5,87.5
1679029200,2023-03-17 05:00:00,2023-03-17 06:00:00,ringsted,3.975,0.0,6.1,0.0,1007.33,69.0,73.3333
1679032800,2023-03-17 06:00:00,2023-03-17 07:00:00,ringsted,3.9,2.0,6.55,0.0,1006.95,69.25,67.5
1679036400,2023-03-17 07:00:00,2023-03-17 08:00:00,ringsted,3.875,19.5,6.15,0.0,1006.71,69.75,61.6667
1679040000,2023-03-17 08:00:00,2023-03-17 09:00:00,ringsted,4.0,67.5,6.125,0.0,1006.84,70.5,68.3333
1679043600,2023-03-17 09:00:00,2023-03-17 10:00:00,ringsted,4.475,148.5,5.575,0.0,1006.33,69.0,51.6667
1679047200,2023-03-17 10:00:00,2023-03-17 11:00:00,ringsted,5.325,303.5,6.575,0.0,1005.88,66.25,57.5
1679050800,2023-03-17 11:00:00,2023-03-17 12:00:00,ringsted,6.05,329.0,6.45,0.0,1005.43,65.0,55.0
1679054400,2023-03-17 12:00:00,2023-03-17 13:00:00,ringsted,6.7,323.0,6.275,0.0,1005.14,63.25,55.4167
1679058000,2023-03-17 13:00:00,2023-03-17 14:00:00,ringsted,7.025,256.0,5.95,0.0,1004.83,62.0,64.1667
1679061600,2023-03-17 14:00:00,2023-03-17 15:00:00,ringsted,7.4,181.5,5.025,0.0,1004.73,63.5,67.5
1679065200,2023-03-17 15:00:00,2023-03-17 16:00:00,ringsted,7.75,167.5,4.7,0.0,1004.76,63.75,71.6667
1679068800,2023-03-17 16:00:00,2023-03-17 17:00:00,ringsted,7.95,64.5,3.55,0.0,1004.73,64.75,64.1667
1679072400,2023-03-17 17:00:00,2023-03-17 18:00:00,ringsted,7.8,34.5,2.775,0.0,1004.87,67.0,66.6667
1679076000,2023-03-17 18:00:00,2023-03-17 19:00:00,ringsted,7.175,2.0,3.075,0.0,1004.9,69.5,78.3333
1679079600,2023-03-17 19:00:00,2023-03-17 20:00:00,ringsted,6.825,0.0,3.0,0.0,1004.83,72.25,73.75
1679083200,2023-03-17 20:00:00,2023-03-17 21:00:00,ringsted,7.025,0.0,3.025,0.0,1004.71,71.5,62.5
1679086800,2023-03-17 21:00:00,2023-03-17 22:00:00,ringsted,7.025,0.0,3.025,0.0,1004.58,71.5,65.0
1679090400,2023-03-17 22:00:00,2023-03-17 23:00:00,ringsted,6.65,0.0,2.575,0.025,1004.33,73.5,71.6667
1679094000,2023-03-17 23:00:00,2023-03-18 00:00:00,ringsted,6.7,0.0,2.7,0.0,1004.03,74.0,55.8333
1679097600,2023-03-18 00:00:00,2023-03-18 01:00:00,ringsted,6.5,0.0,2.45,0.0,1003.88,74.5,48.3333
1679101200,2023-03-18 01:00:00,2023-03-18 02:00:00,ringsted,6.2,0.0,2.925,0.0,1003.69,75.75,71.6667
1679104800,2023-03-18 02:00:00,2023-03-18 03:00:00,ringsted,6.2,0.0,2.675,0.0,1003.4,75.75,75.0
1679108400,2023-03-18 03:00:00,2023-03-18 04:00:00,ringsted,6.1,0.0,2.7,0.025,1003.42,78.25,76.6667
1679112000,2023-03-18 04:00:00,2023-03-18 05:00:00,ringsted,5.775,0.0,2.975,0.0,1003.42,82.0,77.5
1679115600,2023-03-18 05:00:00,2023-03-18 06:00:00,ringsted,5.9,0.0,3.575,0.15,1003.32,85.5,83.3333
1679119200,2023-03-18 06:00:00,2023-03-18 07:00:00,ringsted,5.825,2.5,3.475,0.275,1003.22,92.0,62.5
1679122800,2023-03-18 07:00:00,2023-03-18 08:00:00,ringsted,5.8,15.5,3.125,0.1,1003.75,94.75,57.5
1679126400,2023-03-18 08:00:00,2023-03-18 09:00:00,ringsted,5.95,39.5,2.775,0.075,1003.99,95.5,60.0
1679130000,2023-03-18 09:00:00,2023-03-18 10:00:00,ringsted,6.4,116.5,3.25,0.025,1004.22,94.75,61.6667
1679133600,2023-03-18 10:00:00,2023-03-18 11:00:00,ringsted,7.325,142.5,3.675,0.0,1004.56,94.0,53.75
1679137200,2023-03-18 11:00:00,2023-03-18 12:00:00,ringsted,8.6,245.0,3.35,0.025,1004.9,91.25,52.5
1679140800,2023-03-18 12:00:00,2023-03-18 13:00:00,ringsted,9.7,280.0,3.575,0.025,1005.14,84.75,48.3333
1679144400,2023-03-18 13:00:00,2023-03-18 14:00:00,ringsted,10.425,341.5,3.45,0.025,1005.46,80.25,37.9167
1679148000,2023-03-18 14:00:00,2023-03-18 15:00:00,ringsted,10.825,261.0,3.1,0.0,1005.96,77.5,43.75
1679151600,2023-03-18 15:00:00,2023-03-18 16:00:00,ringsted,10.825,142.0,3.075,0.0,1006.23,76.5,48.3333
1679155200,2023-03-18 16:00:00,2023-03-18 17:00:00,ringsted,10.575,102.0,2.675,0.0,1006.73,77.5,35.8333
1679158800,2023-03-18 17:00:00,2023-03-18 18:00:00,ringsted,10.125,46.5,1.975,0.0,1007.42,80.5,48.3333
1679162400,2023-03-18 18:00:00,2023-03-18 19:00:00,ringsted,9.325,3.5,1.625,0.0,1007.92,84.5,42.5
1679166000,2023-03-18 19:00:00,2023-03-18 20:00:00,ringsted,8.2,0.0,1.375,0.0,1008.04,89.5,17.9167
1679169600,2023-03-18 20:00:00,2023-03-18 21:00:00,ringsted,7.1,0.0,0.9,0.0,1008.38,94.25,5.0
1679173200,2023-03-18 21:00:00,2023-03-18 22:00:00,ringsted,5.775,0.0,0.9,0.0,1008.76,96.75,31.25
1679176800,2023-03-18 22:00:00,2023-03-18 23:00:00,ringsted,4.525,0.0,0.875,0.0,1008.99,98.0,22.0833
1679180400,2023-03-18 23:00:00,2023-03-19 00:00:00,ringsted,3.8,0.0,0.85,0.0,1009.11,98.75,31.6667
1679184000,2023-03-19 00:00:00,2023-03-19 01:00:00,ringsted,3.4,0.0,1.025,0.0,1009.05,99.0,27.9167
1679187600,2023-03-19 01:00:00,2023-03-19 02:00:00,ringsted,3.025,0.0,1.1,0.0,1008.99,99.25,11.6667
1679191200,2023-03-19 02:00:00,2023-03-19 03:00:00,ringsted,2.45,0.0,1.175,0.0,1009.01,99.5,4.58333
1679194800,2023-03-19 03:00:00,2023-03-19 04:00:00,ringsted,2.775,0.0,1.4,0.0,1009.13,99.75,1.66667
1679198400,2023-03-19 04:00:00,2023-03-19 05:00:00,ringsted,4.025,0.0,1.825,0.0,1009.34,99.75,0.0
1679202000,2023-03-19 05:00:00,2023-03-19 06:00:00,ringsted,5.05,0.0,2.15,0.0,1009.3,100.0,33.3333
1679205600,2023-03-19 06:00:00,2023-03-19 07:00:00,ringsted,5.275,5.5,2.075,0.875,1009.4,100.0,50.0
1679209200,2023-03-19 07:00:00,2023-03-19 08:00:00,ringsted,5.075,40.5,2.075,0.0,1009.62,100.0,50.0
1679212800,2023-03-19 08:00:00,2023-03-19 09:00:00,ringsted,5.35,108.0,2.725,0.0,1009.68,100.0,51.6667
1679216400,2023-03-19 09:00:00,2023-03-19 10:00:00,ringsted,6.025,194.0,3.375,0.0,1009.83,99.75,27.5
1679220000,2023-03-19 10:00:00,2023-03-19 11:00:00,ringsted,6.925,290.5,3.625,0.0,1009.97,98.0,46.6667
1679223600,2023-03-19 11:00:00,2023-03-19 12:00:00,ringsted,8.325,368.0,3.4,0.0,1009.9,94.0,0.0
1679227200,2023-03-19 12:00:00,2023-03-19 13:00:00,ringsted,9.45,407.5,3.575,0.0,1009.73,90.5,29.1667
1679230800,2023-03-19 13:00:00,2023-03-19 14:00:00,ringsted,9.775,345.5,3.2,0.0,1009.44,90.0,67.5
1679234400,2023-03-19 14:00:00,2023-03-19 15:00:00,ringsted,9.875,274.0,3.5,0.0,1009.26,88.5,55.0
1679238000,2023-03-19 15:00:00,2023-03-19 16:00:00,ringsted,9.25,222.5,3.4,0.0,1009.22,89.5,65.0
1679241600,2023-03-19 16:00:00,2023-03-19 17:00:00,ringsted,8.45,121.5,3.075,0.0,1009.39,91.75,26.6667
1679245200,2023-03-19 17:00:00,2023-03-19 18:00:00,ringsted,7.275,41.5,2.75,0.0,1009.65,94.75,16.6667
1679248800,2023-03-19 18:00:00,2023-03-19 19:00:00,ringsted,6.45,4.0,2.175,0.0,1009.87,96.5,24.1667
1679252400,2023-03-19 19:00:00,2023-03-19 20:00:00,ringsted,5.85,0.0,2.3,0.0,1010.11,97.0,10.0
1679256000,2023-03-19 20:00:00,2023-03-19 21:00:00,ringsted,5.675,0.0,2.45,0.0,1010.27,98.0,51.6667
1679259600,2023-03-19 21:00:00,2023-03-19 22:00:00,ringsted,5.925,0.0,1.9,0.0,1010.2,98.5,47.0833
1679263200,2023-03-19 22:00:00,2023-03-19 23:00:00,ringsted,6.3,0.0,2.275,0.0,1010.02,97.75,48.3333
1679266800,2023-03-19 23:00:00,2023-03-20 00:00:00,ringsted,6.225,0.0,2.6,0.0,1009.83,98.75,53.75
1679270400,2023-03-20 00:00:00,2023-03-20 01:00:00,ringsted,5.875,0.0,3.425,0.0,1009.65,99.75,67.9167
1679274000,2023-03-20 01:00:00,2023-03-20 02:00:00,ringsted,5.975,0.0,4.05,0.0,1009.5,100.0,95.8333
1679277600,2023-03-20 02:00:00,2023-03-20 03:00:00,ringsted,6.05,0.0,4.55,0.05,1009.35,99.5,95.8333
1679281200,2023-03-20 03:00:00,2023-03-20 04:00:00,ringsted,5.925,0.0,4.225,0.0,1008.93,99.25,96.6667
1679284800,2023-03-20 04:00:00,2023-03-20 05:00:00,ringsted,5.85,0.0,4.5,0.0,1008.8,99.25,95.0
1679288400,2023-03-20 05:00:00,2023-03-20 06:00:00,ringsted,5.625,0.0,4.5,0.0,1008.73,99.0,95.0
1679292000,2023-03-20 06:00:00,2023-03-20 07:00:00,ringsted,5.5,5.5,4.15,0.0,1009.08,99.0,95.0
1679295600,2023-03-20 07:00:00,2023-03-20 08:00:00,ringsted,5.5,21.0,4.825,0.0,1009.35,98.25,96.6667
1679299200,2023-03-20 08:00:00,2023-03-20 09:00:00,ringsted,5.625,30.0,4.95,0.15,1009.42,98.25,97.5
1679302800,2023-03-20 09:00:00,2023-03-20 10:00:00,ringsted,5.675,58.5,4.475,0.4,1009.33,98.5,95.0
1679306400,2023-03-20 10:00:00,2023-03-20 11:00:00,ringsted,5.95,82.0,4.55,0.475,1009.47,98.25,95.0
1679310000,2023-03-20 11:00:00,2023-03-20 12:00:00,ringsted,6.15,107.0,4.95,0.625,1009.29,98.25,95.0
1679313600,2023-03-20 12:00:00,2023-03-20 13:00:00,ringsted,6.55,172.5,5.025,0.2,1009.03,98.0,90.0
1679317200,2023-03-20 13:00:00,2023-03-20 14:00:00,ringsted,6.9,140.0,4.95,0.0,1008.97,96.5,90.0
1679320800,2023-03-20 14:00:00,2023-03-20 15:00:00,ringsted,7.125,92.5,5.25,0.0,1008.94,92.75,90.0
1679324400,2023-03-20 15:00:00,2023-03-20 16:00:00,ringsted,7.25,80.0,4.975,0.0,1008.86,91.0,75.0
1679328000,2023-03-20 16:00:00,2023-03-20 17:00:00,ringsted,7.025,33.5,4.45,0.0,1009.02,92.25,69.1667
1679331600,2023-03-20 17:00:00,2023-03-20 18:00:00,ringsted,6.7,10.0,4.0,0.0,1009.4,95.5,65.8333
1679335200,2023-03-20 18:00:00,2023-03-20 19:00:00,ringsted,6.45,0.5,3.15,0.05,1009.66,95.75,50.0
1679338800,2023-03-20 19:00:00,2023-03-20 20:00:00,ringsted,6.25,0.0,2.775,0.0,1009.87,96.75,45.4167
1679342400,2023-03-20 20:00:00,2023-03-20 21:00:00,ringsted,5.825,0.0,2.75,0.0,1009.96,96.75,5.83333
1679346000,2023-03-20 21:00:00,2023-03-20 22:00:00,ringsted,5.325,0.0,2.725,0.0,1010.13,97.25,23.3333
1679349600,2023-03-20 22:00:00,2023-03-20 23:00:00,ringsted,4.875,0.0,2.375,0.0,1010.28,97.75,14.1667
1679353200,2023-03-20 23:00:00,2023-03-21 00:00:00,ringsted,4.625,0.0,2.075,0.0,1010.35,98.25,11.6667
1679356800,2023-03-21 00:00:00,2023-03-21 01:00:00,ringsted,4.225,0.0,1.8,0.0,1010.31,98.5,14.1667
1679360400,2023-03-21 01:00:00,2023-03-21 02:00:00,ringsted,3.925,0.0,1.775,0.0,1010.04,98.75,5.83333
1679364000,2023-03-21 02:00:00,2023-03-21 03:00:00,ringsted,3.275,0.0,1.275,0.0,1009.89,99.0,17.5
1679367600,2023-03-21 03:00:00,2023-03-21 04:00:00,ringsted,2.625,0.0,0.925,0.0,1009.8,99.5,0.0
1679371200,2023-03-21 04:00:00,2023-03-21 05:00:00,ringsted,1.75,0.0,0.7,0.0,1009.79,99.75,40.0
1679374800,2023-03-21 05:00:00,2023-03-21 06:00:00,ringsted,1.175,0.0,0.7,0.0,1009.71,100.0,91.6667
1679378400,2023-03-21 06:00:00,2023-03-21 07:00:00,ringsted,2.175,11.5,0.9,0.0,1009.6,100.0,60.0
1679382000,2023-03-21 07:00:00,2023-03-21 08:00:00,ringsted,3.15,50.0,1.475,0.0,1009.61,100.0,41.8182
1679385600,2023-03-21 08:00:00,2023-03-21 09:00:00,ringsted,4.25,74.5,2.0,0.0,1009.34,100.0,90.0
1679389200,2023-03-21 09:00:00,2023-03-21 10:00:00,ringsted,5.375,102.0,2.85,0.0,1009.14,100.0,96.6667
1679392800,2023-03-21 10:00:00,2023-03-21 11:00:00,ringsted,6.05,128.0,3.825,0.05,1008.99,100.0,95.0
1679396400,2023-03-21 11:00:00,2023-03-21 12:00:00,ringsted,6.75,115.5,4.125,0.05,1008.43,98.75,90.0
1679400000,2023-03-21 12:00:00,2023-03-21 13:00:00,ringsted,7.275,146.0,4.3,0.05,1007.88,99.0,79.1667
1679403600,2023-03-21 13:00:00,2023-03-21 14:00:00,ringsted,7.625,104.0,4.3,0.05,1007.13,98.75,96.6667
1679407200,2023-03-21 14:00:00,2023-03-21 15:00:00,ringsted,7.775,83.0,4.675,0.05,1006.38,98.5,98.3333
1679410800,2023-03-21 15:00:00,2023-03-21 16:00:00,ringsted,7.8,71.5,4.55,0.125,1005.71,99.25,98.3333
1679414400,2023-03-21 16:00:00,2023-03-21 17:00:00,ringsted,7.875,31.0,4.375,0.025,1005.22,99.5,95.0
1679418000,2023-03-21 17:00:00,2023-03-21 18:00:00,ringsted,7.925,9.0,3.9,0.2,1004.98,99.75,98.3333
1679421600,2023-03-21 18:00:00,2023-03-21 19:00:00,ringsted,8.0,1.0,3.75,0.7,1004.87,99.5,96.6667
1679425200,2023-03-21 19:00:00,2023-03-21 20:00:00,ringsted,8.075,0.0,3.825,1.025,1004.65,99.5,95.0
1679428800,2023-03-21 20:00:00,2023-03-21 21:00:00,ringsted,8.075,0.0,3.8,0.725,1004.46,99.5,87.5
1679432400,2023-03-21 21:00:00,2023-03-21 22:00:00,ringsted,7.975,0.0,3.8,0.525,1004.17,99.25,79.1667
1679436000,2023-03-21 22:00:00,2023-03-21 23:00:00,ringsted,7.9,0.0,3.8,0.05,1003.69,99.25,68.3333
1679439600,2023-03-21 23:00:00,2023-03-22 00:00:00,ringsted,7.9,0.0,4.05,0.0,1003.24,99.0,95.0
1679443200,2023-03-22 00:00:00,2023-03-22 01:00:00,ringsted,7.975,0.0,4.675,0.325,1002.74,98.75,92.5
1679446800,2023-03-22 01:00:00,2023-03-22 02:00:00,ringsted,7.875,0.0,4.325,0.2,1002.06,99.0,83.3333
1679450400,2023-03-22 02:00:00,2023-03-22 03:00:00,ringsted,7.9,0.0,4.05,0.0,1001.5,99.25,65.0
1679454000,2023-03-22 03:00:00,2023-03-22 04:00:00,ringsted,7.95,0.0,4.325,0.0,1001.2,99.25,55.0
1679457600,2023-03-22 04:00:00,2023-03-22 05:00:00,ringsted,7.95,0.0,4.65,0.025,1000.8,99.0,52.5
1679461200,2023-03-22 05:00:00,2023-03-22 06:00:00,ringsted,7.8,0.0,4.975,0.0,1000.42,98.5,50.8333
1679464800,2023-03-22 06:00:00,2023-03-22 07:00:00,ringsted,7.575,11.0,4.825,0.0,1000.2,98.0,55.0
1679468400,2023-03-22 07:00:00,2023-03-22 08:00:00,ringsted,7.75,64.5,5.075,0.0,999.983,97.25,53.3333
1679472000,2023-03-22 08:00:00,2023-03-22 09:00:00,ringsted,8.275,97.5,5.925,0.025,999.608,96.0,61.6667
1679475600,2023-03-22 09:00:00,2023-03-22 10:00:00,ringsted,8.5,103.0,6.3,0.0,999.171,95.5,70.8333
1679479200,2023-03-22 10:00:00,2023-03-22 11:00:00,ringsted,8.65,118.5,5.775,0.025,998.671,95.0,84.1667
1679482800,2023-03-22 11:00:00,2023-03-22 12:00:00,ringsted,8.85,119.5,5.55,0.325,998.392,95.25,70.0
1679486400,2023-03-22 12:00:00,2023-03-22 13:00:00,ringsted,9.125,113.5,5.9,0.375,997.958,94.75,59.1667
1679490000,2023-03-22 13:00:00,2023-03-22 14:00:00,ringsted,9.55,108.5,6.6,0.125,997.592,92.75,94.1667
1679493600,2023-03-22 14:00:00,2023-03-22 15:00:00,ringsted,9.975,100.5,6.05,0.025,997.254,91.25,95.8333
1679497200,2023-03-22 15:00:00,2023-03-22 16:00:00,ringsted,9.9,68.5,6.775,0.15,997.312,90.75,95.8333
1679500800,2023-03-22 16:00:00,2023-03-22 17:00:00,ringsted,9.3,40.5,7.4,0.05,997.479,91.0,98.3333
1679504400,2023-03-22 17:00:00,2023-03-22 18:00:00,ringsted,8.75,13.5,7.75,0.05,997.704,97.25,98.3333
1679508000,2023-03-22 18:00:00,2023-03-22 19:00:00,ringsted,8.625,1.0,7.35,0.025,997.9,98.5,96.6667
1679511600,2023-03-22 19:00:00,2023-03-22 20:00:00,ringsted,8.6,0.0,6.825,0.025,997.963,98.75,96.6667
1679515200,2023-03-22 20:00:00,2023-03-22 21:00:00,ringsted,8.575,0.0,6.0,0.2,997.933,98.75,96.6667
1679518800,2023-03-22 21:00:00,2023-03-22 22:00:00,ringsted,8.6,0.0,5.6,0.5,997.537,98.25,90.0
1679522400,2023-03-22 22:00:00,2023-03-22 23:00:00,ringsted,8.65,0.0,5.475,0.075,997.208,97.75,78.3333
1679526000,2023-03-22 23:00:00,2023-03-23 00:00:00,ringsted,8.775,0.0,5.625,0.05,996.692,97.0,66.6667
1679529600,2023-03-23 00:00:00,2023-03-23 01:00:00,ringsted,8.725,0.0,5.85,0.05,996.162,97.0,61.6667
1679533200,2023-03-23 01:00:00,2023-03-23 02:00:00,ringsted,8.75,0.0,5.8,0.025,995.646,96.25,47.5
1679536800,2023-03-23 02:00:00,2023-03-23 03:00:00,ringsted,8.75,0.0,5.775,0.0,994.904,97.5,50.0
1679540400,2023-03-23 03:00:00,2023-03-23 04:00:00,ringsted,8.7,0.0,5.475,0.025,994.292,97.75,50.0
1679544000,2023-03-23 04:00:00,2023-03-23 05:00:00,ringsted,8.75,0.0,5.325,0.0,994.129,97.25,71.6667
1679547600,2023-03-23 05:00:00,2023-03-23 06:00:00,ringsted,8.525,0.0,5.625,0.075,993.796,95.0,88.75
1679551200,2023-03-23 06:00:00,2023-03-23 07:00:00,ringsted,8.05,3.5,6.475,0.325,993.567,95.0,84.1667
1679554800,2023-03-23 07:00:00,2023-03-23 08:00:00,ringsted,7.95,30.0,5.0,0.275,993.562,95.0,84.1667
1679558400,2023-03-23 08:00:00,2023-03-23 09:00:00,ringsted,8.175,80.5,4.95,0.55,993.346,95.0,82.5
1679562000,2023-03-23 09:00:00,2023-03-23 10:00:00,ringsted,8.4,72.5,5.3,0.4,993.092,96.5,61.6667
1679565600,2023-03-23 10:00:00,2023-03-23 11:00:00,ringsted,9.45,297.0,6.7,0.175,993.192,94.5,41.25
1679569200,2023-03-23 11:00:00,2023-03-23 12:00:00,ringsted,10.65,486.0,8.1,0.425,993.621,84.5,38.3333
1679572800,2023-03-23 12:00:00,2023-03-23 13:00:00,ringsted,11.125,455.5,8.75,0.0,994.263,77.0,39.1667
1679576400,2023-03-23 13:00:00,2023-03-23 14:00:00,ringsted,11.05,487.5,8.475,0.0,994.746,75.25,30.0
1679580000,2023-03-23 14:00:00,2023-03-23 15:00:00,ringsted,10.925,419.5,7.95,0.0,995.312,73.25,33.75
1679583600,2023-03-23 15:00:00,2023-03-23 16:00:00,ringsted,10.95,385.0,7.9,0.0,995.65,68.5,17.9167
1679587200,2023-03-23 16:00:00,2023-03-23 17:00:00,ringsted,10.575,261.0,6.925,0.0,996.208,67.25,8.75
1679590800,2023-03-23 17:00:00,2023-03-23 18:00:00,ringsted,9.775,116.0,5.65,0.0,996.771,69.25,5.0
1679594400,2023-03-23 18:00:00,2023-03-23 19:00:00,ringsted,8.5,12.0,3.75,0.0,997.05,74.25,0.0
1679598000,2023-03-23 19:00:00,2023-03-23 20:00:00,ringsted,7.125,0.0,3.0,0.0,997.287,80.5,0.0
1679601600,2023-03-23 20:00:00,2023-03-23 21:00:00,ringsted,6.65,0.0,3.325,0.0,997.396,84.75,0.0
1679605200,2023-03-23 21:00:00,2023-03-23 22:00:00,ringsted,6.625,0.0,3.325,0.0,997.217,87.5,2.5
1679608800,2023-03-23 22:00:00,2023-03-23 23:00:00,ringsted,6.725,0.0,3.35,0.0,996.862,89.75,29.5833
1679612400,2023-03-23 23:00:00,2023-03-24 00:00:00,ringsted,6.825,0.0,3.65,0.0,996.275,93.0,42.5
1679616000,2023-03-24 00:00:00,2023-03-24 01:00:00,ringsted,7.225,0.0,3.875,0.0,995.596,94.25,44.5833
1679619600,2023-03-24 01:00:00,2023-03-24 02:00:00,ringsted,7.45,0.0,4.05,0.0,994.6,94.25,72.5
1679623200,2023-03-24 02:00:00,2023-03-24 03:00:00,ringsted,7.9,0.0,3.725,0.0,993.321,94.5,79.1667
1679626800,2023-03-24 03:00:00,2023-03-24 04:00:00,ringsted,7.95,0.0,4.2,0.2,992.258,95.5,95.0
1679630400,2023-03-24 04:00:00,2023-03-24 05:00:00,ringsted,7.975,0.0,5.0,0.725,991.117,97.75,95.0
1679634000,2023-03-24 05:00:00,2023-03-24 06:00:00,ringsted,8.35,0.0,5.675,0.6,989.763,98.75,95.8333
1679637600,2023-03-24 06:00:00,2023-03-24 07:00:00,ringsted,8.5,5.0,6.2,0.5,988.608,98.75,95.0
1679641200,2023-03-24 07:00:00,2023-03-24 08:00:00,ringsted,8.675,18.5,6.65,0.925,987.662,98.5,96.6667
1679644800,2023-03-24 08:00:00,2023-03-24 09:00:00,ringsted,9.2,32.5,7.4,1.4,987.404,98.5,84.1667
1679648400,2023-03-24 09:00:00,2023-03-24 10:00:00,ringsted,9.875,104.5,8.425,0.55,987.992,97.0,53.3333
1679652000,2023-03-24 10:00:00,2023-03-24 11:00:00,ringsted,10.075,310.5,9.3,0.0,989.112,89.5,48.75
1679655600,2023-03-24 11:00:00,2023-03-24 12:00:00,ringsted,9.925,374.5,9.575,0.0,990.062,81.0,50.0
1679659200,2023-03-24 12:00:00,2023-03-24 13:00:00,ringsted,9.825,328.0,9.55,0.0,990.742,79.5,55.0
1679662800,2023-03-24 13:00:00,2023-03-24 14:00:00,ringsted,10.025,332.0,9.65,0.0,991.079,76.0,60.0
1679666400,2023-03-24 14:00:00,2023-03-24 15:00:00,ringsted,10.25,350.5,9.675,0.0,991.442,71.75,32.5
1679670000,2023-03-24 15:00:00,2023-03-24 16:00:00,ringsted,10.1,216.5,9.275,0.0,991.696,70.25,26.6667
1679673600,2023-03-24 16:00:00,2023-03-24 17:00:00,ringsted,9.825,196.0,8.225,0.0,992.021,70.25,16.25
1679677200,2023-03-24 17:00:00,2023-03-24 18:00:00,ringsted,9.225,86.5,6.825,0.0,992.529,73.0,19.1667
1679680800,2023-03-24 18:00:00,2023-03-24 19:00:00,ringsted,8.425,14.0,6.25,0.0,992.717,76.75,0.833333
1679684400,2023-03-24 19:00:00,2023-03-24 20:00:00,ringsted,7.775,0.0,5.6,0.0,992.9,77.0,0.0
1679688000,2023-03-24 20:00:00,2023-03-24 21:00:00,ringsted,7.625,0.0,6.075,0.0,992.908,75.0,0.0
1679691600,2023-03-24 21:00:00,2023-03-24 22:00:00,ringsted,7.375,0.0,5.575,0.0,992.954,77.0,3.33333
1679695200,2023-03-24 22:00:00,2023-03-24 23:00:00,ringsted,6.875,0.0,4.975,0.0,992.858,84.5,1.66667
1679698800,2023-03-24 23:00:00,2023-03-25 00:00:00,ringsted,6.6,0.0,4.525,0.0,992.804,87.75,26.25
1679702400,2023-03-25 00:00:00,2023-03-25 01:00:00,ringsted,6.4,0.0,4.075,0.0,992.562,89.25,29.5833
1679706000,2023-03-25 01:00:00,2023-03-25 02:00:00,ringsted,6.3,0.0,3.825,0.0,992.092,90.25,44.1667
1679709600,2023-03-25 02:00:00,2023-03-25 03:00:00,ringsted,6.525,0.0,4.1,0.0,991.742,92.0,58.3333
1679713200,2023-03-25 03:00:00,2023-03-25 04:00:00,ringsted,6.9,0.0,4.575,0.05,991.379,93.25,61.6667
1679716800,2023-03-25 04:00:00,2023-03-25 05:00:00,ringsted,6.975,0.0,5.325,0.1,991.204,94.5,77.0833
1679720400,2023-03-25 05:00:00,2023-03-25 06:00:00,ringsted,7.0,0.0,5.625,0.35,991.104,96.0,90.0
1679724000,2023-03-25 06:00:00,2023-03-25 07:00:00,ringsted,7.05,6.0,5.575,0.875,991.171,96.75,86.25
1679727600,2023-03-25 07:00:00,2023-03-25 08:00:00,ringsted,7.1,35.0,5.475,0.325,991.287,97.0,94.1667
1679731200,2023-03-25 08:00:00,2023-03-25 09:00:00,ringsted,7.375,50.5,5.675,0.025,991.629,96.5,92.5
1679734800,2023-03-25 09:00:00,2023-03-25 10:00:00,ringsted,7.5,131.0,5.925,0.025,991.808,96.25,73.3333
1679738400,2023-03-25 10:00:00,2023-03-25 11:00:00,ringsted,8.1,250.5,6.0,0.05,991.908,94.25,61.6667
1679742000,2023-03-25 11:00:00,2023-03-25 12:00:00,ringsted,8.775,312.5,6.3,0.0,991.796,89.25,70.8333
1679745600,2023-03-25 12:00:00,2023-03-25 13:00:00,ringsted,9.0,240.0,6.85,0.0,991.763,86.5,55.0
1679749200,2023-03-25 13:00:00,2023-03-25 14:00:00,ringsted,8.675,248.0,6.375,0.075,991.658,86.0,81.6667
1679752800,2023-03-25 14:00:00,2023-03-25 15:00:00,ringsted,8.86667,235.5,5.93333,0.1,991.578,84.3333,41.25
1679756400,2023-03-25 15:00:00,2023-03-25 16:00:00,ringsted,8.65,211.5,6.025,0.0,991.575,85.0,64.1667
1679760000,2023-03-25 16:00:00,2023-03-25 17:00:00,ringsted,8.4,115.5,6.15,0.2,991.496,86.75,82.5
1679763600,2023-03-25 17:00:00,2023-03-25 18:00:00,ringsted,7.825,58.0,5.775,0.175,991.658,90.25,70.8333
1679767200,2023-03-25 18:00:00,2023-03-25 19:00:00,ringsted,7.2,10.5,4.75,0.275,991.758,93.0,57.9167
1679770800,2023-03-25 19:00:00,2023-03-25 20:00:00,ringsted,6.9,0.0,4.025,0.0,991.9,95.5,72.5
1679774400,2023-03-25 20:00:00,2023-03-25 21:00:00,ringsted,6.725,0.0,3.525,0.625,991.862,96.5,73.3333
1679778000,2023-03-25 21:00:00,2023-03-25 22:00:00,ringsted,6.425,0.0,3.575,0.05,991.992,98.0,66.6667
1679781600,2023-03-25 22:00:00,2023-03-25 23:00:00,ringsted,6.225,0.0,3.4,0.0,992.254,98.0,65.8333
1679785200,2023-03-25 23:00:00,2023-03-26 00:00:00,ringsted,6.075,0.0,3.0,0.0,992.621,98.25,80.8333
1679788800,2023-03-26 00:00:00,2023-03-26 01:00:00,ringsted,6.125,0.0,2.9,0.025,992.987,98.0,72.5
1679792400,2023-03-26 01:00:00,2023-03-26 03:00:00,ringsted,6.225,0.0,3.125,0.0,993.196,97.75,68.3333
1679796000,2023-03-26 02:00:00,2023-03-26 04:00:00,ringsted,6.35,0.0,3.675,0.025,993.55,96.5,84.1667
1679799600,2023-03-26 03:00:00,2023-03-26 05:00:00,ringsted,6.05,0.0,4.925,0.25,994.071,95.25,70.0
1679803200,2023-03-26 04:00:00,2023-03-26 06:00:00,ringsted,5.525,0.0,5.225,0.0,994.429,93.0,67.5
1679806800,2023-03-26 05:00:00,2023-03-26 07:00:00,ringsted,4.85,0.0,5.175,0.025,994.604,88.5,79.5833
1679810400,2023-03-26 06:00:00,2023-03-26 08:00:00,ringsted,4.175,15.5,5.3,0.0,994.829,81.25,90.0
1679814000,2023-03-26 07:00:00,2023-03-26 09:00:00,ringsted,3.85,67.0,6.25,0.0,995.029,71.75,70.8333
1679817600,2023-03-26 08:00:00,2023-03-26 10:00:00,ringsted,4.075,241.5,6.025,0.0,995.167,68.5,76.6667
1679821200,2023-03-26 09:00:00,2023-03-26 11:00:00,ringsted,4.875,269.0,6.175,0.0,995.438,69.5,67.5
1679824800,2023-03-26 10:00:00,2023-03-26 12:00:00,ringsted,5.175,217.0,6.35,0.0,995.8,76.25,80.8333
1679828400,2023-03-26 11:00:00,2023-03-26 13:00:00,ringsted,5.4,218.0,6.85,0.0,996.412,81.0,95.0
1679832000,2023-03-26 12:00:00,2023-03-26 14:00:00,ringsted,4.675,204.0,7.25,0.0,997.125,86.25,87.5
1679835600,2023-03-26 13:00:00,2023-03-26 15:00:00,ringsted,4.3,153.5,6.425,0.0,997.708,79.75,95.0
1679839200,2023-03-26 14:00:00,2023-03-26 16:00:00,ringsted,3.925,137.0,6.35,0.0,998.142,76.75,62.5
1679842800,2023-03-26 15:00:00,2023-03-26 17:00:00,ringsted,4.025,302.0,5.875,0.0,998.379,72.25,45.8333
1679846400,2023-03-26 16:00:00,2023-03-26 18:00:00,ringsted,4.325,271.0,5.725,0.0,998.946,69.0,49.1667
1679850000,2023-03-26 17:00:00,2023-03-26 19:00:00,ringsted,3.25,98.5,5.825,0.0,999.667,73.0,45.0
1679853600,2023-03-26 18:00:00,2023-03-26 20:00:00,ringsted,2.075,12.5,5.575,0.0,1000.37,76.0,44.5833
1679857200,2023-03-26 19:00:00,2023-03-26 21:00:00,ringsted,1.225,0.0,4.7,0.0,1000.75,78.0,49.1667
1679860800,2023-03-26 20:00:00,2023-03-26 22:00:00,ringsted,0.775,0.0,4.325,0.0,1001.04,77.75,47.5
1679864400,2023-03-26 21:00:00,2023-03-26 23:00:00,ringsted,0.6,0.0,4.125,0.0,1001.36,78.25,50.0
1679868000,2023-03-26 22:00:00,2023-03-27 00:00:00,ringsted,0.5,0.0,4.375,0.0,1001.75,76.5,49.1667
1679871600,2023-03-26 23:00:00,2023-03-27 01:00:00,ringsted,0.425,0.0,4.25,0.0,1002.19,72.5,47.5
1679875200,2023-03-27 00:00:00,2023-03-27 02:00:00,ringsted,0.275,0.0,3.65,0.0,1002.74,74.0,50.8333
1679878800,2023-03-27 01:00:00,2023-03-27 03:00:00,ringsted,-0.3,0.0,3.575,0.05,1002.96,81.25,41.6667
1679882400,2023-03-27 02:00:00,2023-03-27 04:00:00,ringsted,-0.45,0.0,3.35,0.0,1003.25,78.25,31.6667
1679886000,2023-03-27 03:00:00,2023-03-27 05:00:00,ringsted,-0.675,0.0,4.1,0.0,1003.87,71.25,0.0
1679889600,2023-03-27 04:00:00,2023-03-27 06:00:00,ringsted,-1.0,0.0,3.875,0.0,1004.47,68.0,0.0
1679893200,2023-03-27 05:00:00,2023-03-27 07:00:00,ringsted,-1.425,1.0,2.625,0.0,1005.13,70.25,14.1667
1679896800,2023-03-27 06:00:00,2023-03-27 08:00:00,ringsted,-1.4,50.5,1.975,0.0,1005.59,73.25,35.0
1679900400,2023-03-27 07:00:00,2023-03-27 09:00:00,ringsted,-0.55,191.0,2.025,0.0,1005.97,71.75,12.9167
1679904000,2023-03-27 08:00:00,2023-03-27 10:00:00,ringsted,1.15,337.0,3.175,0.0,1006.22,64.0,17.5
1679907600,2023-03-27 09:00:00,2023-03-27 11:00:00,ringsted,2.225,447.5,4.375,0.0,1006.37,58.75,33.75
1679911200,2023-03-27 10:00:00,2023-03-27 12:00:00,ringsted,2.825,457.5,4.6,0.0,1006.35,62.25,36.25
1679914800,2023-03-27 11:00:00,2023-03-27 13:00:00,ringsted,3.6,477.0,5.1,0.0,1006.31,61.75,41.25
1679918400,2023-03-27 12:00:00,2023-03-27 14:00:00,ringsted,4.275,602.0,5.65,0.0,1006.19,56.25,50.4167
1679922000,2023-03-27 13:00:00,2023-03-27 15:00:00,ringsted,4.2,294.0,5.95,0.0,1006.15,52.75,69.5833
1679925600,2023-03-27 14:00:00,2023-03-27 16:00:00,ringsted,3.35,178.5,5.55,0.0,1006.27,60.0,72.5
1679929200,2023-03-27 15:00:00,2023-03-27 17:00:00,ringsted,1.55,202.0,4.4,0.5,1006.19,83.5,62.5
1679932800,2023-03-27 16:00:00,2023-03-27 18:00:00,ringsted,0.825,78.0,3.375,0.575,1006.57,90.5,75.0
1679936400,2023-03-27 17:00:00,2023-03-27 19:00:00,ringsted,0.125,50.5,3.95,0.4,1007.31,91.5,75.0
1679940000,2023-03-27 18:00:00,2023-03-27 20:00:00,ringsted,-0.4,8.5,2.975,0.0,1007.94,92.75,33.75
1679943600,2023-03-27 19:00:00,2023-03-27 21:00:00,ringsted,-0.675,0.0,2.55,0.0,1008.63,93.75,33.75
1679947200,2023-03-27 20:00:00,2023-03-27 22:00:00,ringsted,-0.6,0.0,2.95,0.0,1009.25,91.5,27.5
1679950800,2023-03-27 21:00:00,2023-03-27 23:00:00,ringsted,-0.35,0.0,3.525,0.0,1009.93,86.25,22.5
1679954400,2023-03-27 22:00:00,2023-03-28 00:00:00,ringsted,-0.6,0.0,3.6,0.0,1010.63,86.0,23.3333
1679958000,2023-03-27 23:00:00,2023-03-28 01:00:00,ringsted,-1.15,0.0,2.875,0.025,1011.42,87.75,26.25
1679961600,2023-03-28 00:00:00,2023-03-28 02:00:00,ringsted,-0.975,0.0,4.2,0.075,1012.14,86.0,5.83333
1679965200,2023-03-28 01:00:00,2023-03-28 03:00:00,ringsted,-1.175,0.0,3.375,0.0,1012.77,84.5,2.5
1679968800,2023-03-28 02:00:00,2023-03-28 04:00:00,ringsted,-1.075,0.0,4.125,0.0,1013.4,79.5,52.0833
1679972400,2023-03-28 03:00:00,2023-03-28 05:00:00,ringsted,-0.775,0.0,4.825,0.0,1014.05,73.25,51.6667
1679976000,2023-03-28 04:00:00,2023-03-28 06:00:00,ringsted,-1.125,0.0,4.75,0.0,1014.96,73.0,15.0
1679979600,2023-03-28 05:00:00,2023-03-28 07:00:00,ringsted,-1.85,1.0,3.275,0.0,1015.81,72.5,0.0
1679983200,2023-03-28 06:00:00,2023-03-28 08:00:00,ringsted,-2.275,59.0,1.875,0.0,1016.45,72.25,0.0
1679986800,2023-03-28 07:00:00,2023-03-28 09:00:00,ringsted,-1.15,207.5,1.775,0.0,1016.93,67.75,0.0
1679990400,2023-03-28 08:00:00,2023-03-28 10:00:00,ringsted,0.175,365.5,3.0,0.0,1017.39,57.5,0.833333
1679994000,2023-03-28 09:00:00,2023-03-28 11:00:00,ringsted,1.1,485.0,4.0,0.0,1017.97,52.25,0.0
1679997600,2023-03-28 10:00:00,2023-03-28 12:00:00,ringsted,1.875,591.5,4.175,0.0,1018.04,48.75,0.0
1680001200,2023-03-28 11:00:00,2023-03-28 13:00:00,ringsted,2.625,644.5,3.45,0.0,1017.83,47.0,0.0
1680004800,2023-03-28 12:00:00,2023-03-28 14:00:00,ringsted,3.375,656.5,3.475,0.0,1017.73,44.5,0.0
1680008400,2023-03-28 13:00:00,2023-03-28 15:00:00,ringsted,4.075,614.5,3.95,0.0,1017.7,44.5,0.833333
1680012000,2023-03-28 14:00:00,2023-03-28 16:00:00,ringsted,4.5,544.5,4.15,0.0,1017.31,46.0,4.16667
1680015600,2023-03-28 15:00:00,2023-03-28 17:00:00,ringsted,4.7,402.5,3.9,0.0,1016.97,47.25,40.0
1680019200,2023-03-28 16:00:00,2023-03-28 18:00:00,ringsted,4.675,187.0,3.025,0.0,1016.55,48.5,68.75
1680022800,2023-03-28 17:00:00,2023-03-28 19:00:00,ringsted,4.425,65.5,2.5,0.0,1016.28,56.5,95.0
1680026400,2023-03-28 18:00:00,2023-03-28 20:00:00,ringsted,3.875,7.5,2.275,0.0,1016.22,65.25,95.0
1680030000,2023-03-28 19:00:00,2023-03-28 21:00:00,ringsted,3.375,0.0,2.175,0.0,1015.97,73.5,95.0
1680033600,2023-03-28 20:00:00,2023-03-28 22:00:00,ringsted,3.45,0.0,2.675,0.0,1015.23,76.25,77.5
1680037200,2023-03-28 21:00:00,2023-03-28 23:00:00,ringsted,3.2,0.0,3.4,0.0,1014.58,79.0,55.0
1680040800,2023-03-28 22:00:00,2023-03-29 00:00:00,ringsted,2.725,0.0,3.65,0.0,1014.1,82.25,59.1667
1680044400,2023-03-28 23:00:00,2023-03-29 01:00:00,ringsted,2.65,0.0,3.825,0.0,1013.6,80.5,73.3333
1680048000,2023-03-29 00:00:00,2023-03-29 02:00:00,ringsted,2.825,0.0,3.95,0.0,1013.12,79.25,59.1667
1680051600,2023-03-29 01:00:00,2023-03-29 03:00:00,ringsted,2.925,0.0,3.85,0.0,1012.42,79.5,58.3333
1680055200,2023-03-29 02:00:00,2023-03-29 04:00:00,ringsted,2.8,0.0,3.925,0.0,1011.61,82.5,20.4545
1680058800,2023-03-29 03:00:00,2023-03-29 05:00:00,ringsted,2.65,0.0,3.875,0.025,1010.84,86.75,67.5
1680062400,2023-03-29 04:00:00,2023-03-29 06:00:00,ringsted,2.725,0.0,4.05,0.025,1010.33,89.5,81.6667
1680066000,2023-03-29 05:00:00,2023-03-29 07:00:00,ringsted,2.65,0.0,4.15,0.15,1009.89,92.5,76.6667
1680069600,2023-03-29 06:00:00,2023-03-29 08:00:00,ringsted,2.675,9.0,3.6,0.075,1009.72,94.75,65.0
1680073200,2023-03-29 07:00:00,2023-03-29 09:00:00,ringsted,2.925,47.0,3.675,0.1,1009.67,95.5,77.5
1680076800,2023-03-29 08:00:00,2023-03-29 10:00:00,ringsted,3.6,120.5,4.275,0.05,1009.54,94.75,66.6667
1680080400,2023-03-29 09:00:00,2023-03-29 11:00:00,ringsted,4.3,173.0,5.35,0.025,1009.21,90.75,60.0
1680084000,2023-03-29 10:00:00,2023-03-29 12:00:00,ringsted,5.025,317.5,5.75,0.0,1008.85,84.25,71.6667
1680087600,2023-03-29 11:00:00,2023-03-29 13:00:00,ringsted,6.0,427.5,5.475,0.0,1008.62,77.25,68.3333
1680091200,2023-03-29 12:00:00,2023-03-29 14:00:00,ringsted,6.45,373.5,5.3,0.0,1008.35,74.75,55.0
1680094800,2023-03-29 13:00:00,2023-03-29 15:00:00,ringsted,6.775,326.0,5.15,0.0,1007.8,73.75,55.8333
1680098400,2023-03-29 14:00:00,2023-03-29 16:00:00,ringsted,6.925,303.0,4.875,0.0,1007.66,75.5,55.0
1680102000,2023-03-29 15:00:00,2023-03-29 17:00:00,ringsted,6.625,155.0,5.15,0.0,1007.51,79.0,57.5
1680105600,2023-03-29 16:00:00,2023-03-29 18:00:00,ringsted,6.2,67.0,4.35,0.0,1007.2,84.0,78.3333
1680109200,2023-03-29 17:00:00,2023-03-29 19:00:00,ringsted,5.875,33.5,3.725,0.0,1007.07,88.0,55.0
1680112800,2023-03-29 18:00:00,2023-03-29 20:00:00,ringsted,5.575,4.0,2.7,0.025,1007.23,93.5,50.8333
1680116400,2023-03-29 19:00:00,2023-03-29 21:00:00,ringsted,5.4,0.0,2.475,0.0,1007.16,95.5,73.3333
1680120000,2023-03-29 20:00:00,2023-03-29 22:00:00,ringsted,5.375,0.0,2.275,0.0,1006.66,97.0,53.3333
1680123600,2023-03-29 21:00:00,2023-03-29 23:00:00,ringsted,5.35,0.0,1.8,0.0,1006.07,98.5,50.0
1680127200,2023-03-29 22:00:00,2023-03-30 00:00:00,ringsted,5.3,0.0,1.5,0.0,1005.56,98.75,59.1667
1680130800,2023-03-29 23:00:00,2023-03-30 01:00:00,ringsted,5.35,0.0,1.85,0.025,1004.97,98.75,79.1667
1680134400,2023-03-30 00:00:00,2023-03-30 02:00:00,ringsted,5.55,0.0,2.25,0.175,1004.28,98.25,51.6667
1680138000,2023-03-30 01:00:00,2023-03-30 03:00:00,ringsted,5.575,0.0,2.425,0.3,1003.47,99.5,62.5
1680141600,2023-03-30 02:00:00,2023-03-30 04:00:00,ringsted,5.65,0.0,3.0,0.225,1002.75,99.5,60.0
1680145200,2023-03-30 03:00:00,2023-03-30 05:00:00,ringsted,5.775,0.0,3.275,0.425,1001.9,99.75,88.3333
1680148800,2023-03-30 04:00:00,2023-03-30 06:00:00,ringsted,5.75,0.0,3.45,0.525,1000.95,99.75,62.5
1680152400,2023-03-30 05:00:00,2023-03-30 07:00:00,ringsted,5.8,0.0,3.675,0.575,999.812,99.75,79.1667
1680156000,2023-03-30 06:00:00,2023-03-30 08:00:00,ringsted,5.925,10.0,4.15,0.575,998.95,99.75,90.0
1680159600,2023-03-30 07:00:00,2023-03-30 09:00:00,ringsted,6.15,17.5,4.825,1.45,998.367,99.75,91.6667
1680163200,2023-03-30 08:00:00,2023-03-30 10:00:00,ringsted,6.525,19.0,5.025,2.3,997.55,99.75,66.6667
1680166800,2023-03-30 09:00:00,2023-03-30 11:00:00,ringsted,6.575,29.5,5.45,1.3,996.817,99.75,76.6667
1680170400,2023-03-30 10:00:00,2023-03-30 12:00:00,ringsted,6.65,27.0,4.975,1.3,996.192,99.75,85.0
1680174000,2023-03-30 11:00:00,2023-03-30 13:00:00,ringsted,6.875,52.5,4.825,0.775,995.9,99.75,65.8333
1680177600,2023-03-30 12:00:00,2023-03-30 14:00:00,ringsted,7.65,61.5,4.2,0.275,995.638,99.75,72.5
1680181200,2023-03-30 13:00:00,2023-03-30 15:00:00,ringsted,8.825,179.0,3.925,0.05,995.263,98.5,55.0
1680184800,2023-03-30 14:00:00,2023-03-30 16:00:00,ringsted,11.175,369.0,5.175,0.0,995.225,93.5,55.0
1680188400,2023-03-30 15:00:00,2023-03-30 17:00:00,ringsted,11.425,230.0,6.175,0.0,995.333,89.0,54.1667
1680192000,2023-03-30 16:00:00,2023-03-30 18:00:00,ringsted,10.575,123.5,6.275,0.0,995.162,89.5,48.75
1680195600,2023-03-30 17:00:00,2023-03-30 19:00:00,ringsted,9.9,64.5,6.1,0.0,995.096,88.5,54.1667
1680199200,2023-03-30 18:00:00,2023-03-30 20:00:00,ringsted,9.225,11.5,5.675,0.0,995.225,89.75,81.6667
1680202800,2023-03-30 19:00:00,2023-03-30 21:00:00,ringsted,8.7,0.0,5.625,0.0,995.358,93.75,95.0
1680206400,2023-03-30 20:00:00,2023-03-30 22:00:00,ringsted,8.325,0.0,5.35,0.0,995.275,96.5,95.0
1680210000,2023-03-30 21:00:00,2023-03-30 23:00:00,ringsted,8.025,0.0,4.925,0.175,995.121,97.75,95.0
1680213600,2023-03-30 22:00:00,2023-03-31 00:00:00,ringsted,7.875,0.0,4.85,0.05,995.033,98.0,95.0
1680217200,2023-03-30 23:00:00,2023-03-31 01:00:00,ringsted,7.625,0.0,4.825,0.15,994.879,99.0,95.0
1680220800,2023-03-31 00:00:00,2023-03-31 02:00:00,ringsted,7.525,0.0,4.475,0.125,994.783,98.75,95.0
1680224400,2023-03-31 01:00:00,2023-03-31 03:00:00,ringsted,7.45,0.0,4.525,0.2,994.5,99.0,95.0
1680228000,2023-03-31 02:00:00,2023-03-31 04:00:00,ringsted,7.425,0.0,4.55,0.4,994.221,99.25,95.0
1680231600,2023-03-31 03:00:00,2023-03-31 05:00:00,ringsted,7.45,0.0,4.4,0.025,993.958,99.0,95.0
1680235200,2023-03-31 04:00:00,2023-03-31 06:00:00,ringsted,7.275,0.0,4.175,0.15,993.571,99.25,92.5
1680238800,2023-03-31 05:00:00,2023-03-31 07:00:00,ringsted,7.225,0.0,4.075,0.025,993.112,99.0,95.0
1680242400,2023-03-31 06:00:00,2023-03-31 08:00:00,ringsted,7.2,12.0,3.4,0.0,992.879,99.25,95.0
1680246000,2023-03-31 07:00:00,2023-03-31 09:00:00,ringsted,7.375,51.0,3.475,0.0,992.912,99.25,95.0
1680249600,2023-03-31 08:00:00,2023-03-31 10:00:00,ringsted,7.725,74.0,2.975,0.0,992.896,98.5,95.0
1680253200,2023-03-31 09:00:00,2023-03-31 11:00:00,ringsted,8.075,73.0,2.7,0.0,992.658,98.5,95.0
1680256800,2023-03-31 10:00:00,2023-03-31 12:00:00,ringsted,8.55,84.5,2.35,0.05,992.425,98.0,93.3333
1680260400,2023-03-31 11:00:00,2023-03-31 13:00:00,ringsted,8.925,120.0,2.3,0.0,992.2,97.75,76.6667
1680264000,2023-03-31 12:00:00,2023-03-31 14:00:00,ringsted,9.05,104.5,2.225,0.0,992.0,99.0,70.8333
1680267600,2023-03-31 13:00:00,2023-03-31 15:00:00,ringsted,9.275,89.5,1.55,0.0,991.737,98.5,57.5
1680271200,2023-03-31 14:00:00,2023-03-31 16:00:00,ringsted,9.75,176.0,1.9,0.0,991.667,95.25,55.0
1680274800,2023-03-31 15:00:00,2023-03-31 17:00:00,ringsted,9.925,144.0,2.675,0.075,991.621,95.25,54.1667
1680278400,2023-03-31 16:00:00,2023-03-31 18:00:00,ringsted,9.6,84.5,3.125,0.0,991.708,96.0,60.8333
1680282000,2023-03-31 17:00:00,2023-03-31 19:00:00,ringsted,8.9,34.0,3.6,0.4,992.175,97.25,60.0
1680285600,2023-03-31 18:00:00,2023-03-31 20:00:00,ringsted,7.5,5.5,5.375,0.0,992.975,98.5,65.0
1680289200,2023-03-31 19:00:00,2023-03-31 21:00:00,ringsted,5.975,0.0,6.225,0.0,993.713,98.5,93.3333
1680292800,2023-03-31 20:00:00,2023-03-31 22:00:00,ringsted,4.85,0.0,7.475,0.0,994.175,98.25,95.8333
1680296400,2023-03-31 21:00:00,2023-03-31 23:00:00,ringsted,4.25,0.0,7.975,0.1,994.825,98.25,98.3333
1680300000,2023-03-31 22:00:00,2023-04-01 00:00:00,ringsted,3.85,0.0,7.8,0.1,995.412,97.5,97.5
1680303600,2023-03-31 23:00:00,2023-04-01 01:00:00,ringsted,3.425,0.0,8.25,0.025,995.925,96.75,95.8333
1680307200,2023-04-01 00:00:00,2023-04-01 02:00:00,ringsted,3.1,0.0,7.525,0.0,996.346,96.5,95.8333
1680310800,2023-04-01 01:00:00,2023-04-01 03:00:00,ringsted,2.8,0.0,7.4,0.0,996.746,95.5,95.0
1680314400,2023-04-01 02:00:00,2023-04-01 04:00:00,ringsted,2.475,0.0,7.075,0.0,997.146,94.75,95.0
1680318000,2023-04-01 03:00:00,2023-04-01 05:00:00,ringsted,2.325,0.0,7.0,0.0,997.654,93.75,95.0
1680321600,2023-04-01 04:00:00,2023-04-01 06:00:00,ringsted,2.25,0.5,6.55,0.0,998.3,92.75,95.0
1680325200,2023-04-01 05:00:00,2023-04-01 07:00:00,ringsted,2.175,0.5,6.5,0.0,999.075,91.75,95.0
1680328800,2023-04-01 06:00:00,2023-04-01 08:00:00,ringsted,2.125,7.0,6.85,0.0,999.846,90.25,95.0
1680332400,2023-04-01 07:00:00,2023-04-01 09:00:00,ringsted,2.05,28.5,6.925,0.0,1000.57,88.0,90.0
1680336000,2023-04-01 08:00:00,2023-04-01 10:00:00,ringsted,2.075,79.5,6.65,0.0,1001.35,84.75,71.25
1680339600,2023-04-01 09:00:00,2023-04-01 11:00:00,ringsted,2.35,213.0,6.55,0.0,1002.17,79.25,62.0833
1680343200,2023-04-01 10:00:00,2023-04-01 12:00:00,ringsted,2.85,412.5,6.675,0.0,1002.88,73.25,32.0833
1680346800,2023-04-01 11:00:00,2023-04-01 13:00:00,ringsted,3.575,514.5,6.45,0.0,1003.38,68.5,4.16667
1680350400,2023-04-01 12:00:00,2023-04-01 14:00:00,ringsted,4.475,643.0,6.525,0.0,1004.0,62.75,2.5
1680354000,2023-04-01 13:00:00,2023-04-01 15:00:00,ringsted,5.35,631.5,6.225,0.0,1004.62,56.25,2.5
1680357600,2023-04-01 14:00:00,2023-04-01 16:00:00,ringsted,5.875,534.0,6.15,0.0,1005.25,52.5,0.0
1680361200,2023-04-01 15:00:00,2023-04-01 17:00:00,ringsted,6.275,468.0,5.9,0.0,1006.02,49.75,0.0
1680364800,2023-04-01 16:00:00,2023-04-01 18:00:00,ringsted,6.225,324.5,5.475,0.0,1006.85,50.75,0.0
1680368400,2023-04-01 17:00:00,2023-04-01 19:00:00,ringsted,5.575,173.5,4.675,0.0,1007.93,57.0,0.0
1680372000,2023-04-01 18:00:00,2023-04-01 20:00:00,ringsted,4.2,34.0,2.925,0.0,1009.13,66.75,0.0
1680375600,2023-04-01 19:00:00,2023-04-01 21:00:00,ringsted,2.35,0.0,1.625,0.0,1010.27,78.5,0.0
1680379200,2023-04-01 20:00:00,2023-04-01 22:00:00,ringsted,1.525,0.0,1.475,0.0,1011.38,83.75,0.0
1680382800,2023-04-01 21:00:00,2023-04-01 23:00:00,ringsted,1.25,0.0,1.975,0.0,1012.4,80.25,0.0
1680386400,2023-04-01 22:00:00,2023-04-02 00:00:00,ringsted,1.625,0.0,3.3,0.0,1013.19,73.0,0.0
1680390000,2023-04-01 23:00:00,2023-04-02 01:00:00,ringsted,1.575,0.0,3.775,0.0,1013.96,68.0,0.0
1680393600,2023-04-02 00:00:00,2023-04-02 02:00:00,ringsted,1.1,0.0,4.15,0.0,1014.68,66.5,0.0
1680397200,2023-04-02 01:00:00,2023-04-02 03:00:00,ringsted,0.625,0.0,4.05,0.0,1015.4,69.25,0.0
1680400800,2023-04-02 02:00:00,2023-04-02 04:00:00,ringsted,0.375,0.0,3.95,0.0,1016.24,70.25,0.0
1680404400,2023-04-02 03:00:00,2023-04-02 05:00:00,ringsted,0.075,0.0,3.725,0.0,1017.05,72.0,0.0
1680408000,2023-04-02 04:00:00,2023-04-02 06:00:00,ringsted,-0.2,0.0,3.625,0.0,1017.84,74.0,0.0
1680411600,2023-04-02 05:00:00,2023-04-02 07:00:00,ringsted,-0.875,4.0,2.925,0.0,1018.65,78.25,0.0
1680415200,2023-04-02 06:00:00,2023-04-02 08:00:00,ringsted,-0.75,90.5,2.9,0.0,1019.5,79.75,0.0
1680418800,2023-04-02 07:00:00,2023-04-02 09:00:00,ringsted,0.825,242.0,3.65,0.0,1020.3,73.0,0.0
1680422400,2023-04-02 08:00:00,2023-04-02 10:00:00,ringsted,2.025,391.5,4.475,0.0,1021.14,61.75,0.0
1680426000,2023-04-02 09:00:00,2023-04-02 11:00:00,ringsted,3.025,518.5,4.475,0.0,1021.95,55.75,0.0
1680429600,2023-04-02 10:00:00,2023-04-02 12:00:00,ringsted,4.0,615.5,4.125,0.0,1022.71,53.75,0.0
1680433200,2023-04-02 11:00:00,2023-04-02 13:00:00,ringsted,5.05,666.5,4.45,0.0,1023.53,50.25,0.0
1680436800,2023-04-02 12:00:00,2023-04-02 14:00:00,ringsted,5.625,678.0,4.275,0.0,1024.17,46.5,0.0
1680440400,2023-04-02 13:00:00,2023-04-02 15:00:00,ringsted,6.1,645.5,4.05,0.0,1024.58,46.25,0.0
1680444000,2023-04-02 14:00:00,2023-04-02 16:00:00,ringsted,6.5,571.5,3.65,0.0,1024.83,43.0,0.0
1680447600,2023-04-02 15:00:00,2023-04-02 17:00:00,ringsted,6.75,459.0,3.775,0.0,1025.25,42.25,2.08333
1680451200,2023-04-02 16:00:00,2023-04-02 18:00:00,ringsted,6.5,326.5,3.125,0.0,1025.74,44.25,15.4167
1680454800,2023-04-02 17:00:00,2023-04-02 19:00:00,ringsted,6.025,139.5,2.35,0.0,1026.5,47.5,6.66667
1680458400,2023-04-02 18:00:00,2023-04-02 20:00:00,ringsted,4.6,35.0,2.6,0.0,1027.25,55.0,0.0
1680462000,2023-04-02 19:00:00,2023-04-02 21:00:00,ringsted,3.025,0.0,1.15,0.0,1027.87,60.25,0.0
1680465600,2023-04-02 20:00:00,2023-04-02 22:00:00,ringsted,1.275,0.0,0.75,0.0,1028.32,73.0,0.0
1680469200,2023-04-02 21:00:00,2023-04-02 23:00:00,ringsted,0.175,0.0,0.775,0.0,1028.81,78.5,0.0
1680472800,2023-04-02 22:00:00,2023-04-03 00:00:00,ringsted,-0.5,0.0,1.225,0.0,1029.12,84.25,0.0
1680476400,2023-04-02 23:00:00,2023-04-03 01:00:00,ringsted,-0.925,0.0,1.025,0.0,1029.47,86.5,0.0
1680480000,2023-04-03 00:00:00,2023-04-03 02:00:00,ringsted,-1.025,0.0,1.0,0.0,1029.83,86.75,0.0
1680483600,2023-04-03 01:00:00,2023-04-03 03:00:00,ringsted,-1.15,0.0,1.025,0.0,1030.09,87.25,0.0
1680487200,2023-04-03 02:00:00,2023-04-03 04:00:00,ringsted,-1.35,0.0,1.25,0.0,1030.26,87.0,0.0
1680490800,2023-04-03 03:00:00,2023-04-03 05:00:00,ringsted,-1.475,0.0,1.525,0.0,1030.37,85.5,0.0
1680494400,2023-04-03 04:00:00,2023-04-03 06:00:00,ringsted,-1.625,0.0,1.6,0.0,1030.7,85.5,0.0
1680498000,2023-04-03 05:00:00,2023-04-03 07:00:00,ringsted,-1.5,4.0,1.325,0.0,1031.21,85.75,0.0
1680501600,2023-04-03 06:00:00,2023-04-03 08:00:00,ringsted,-0.9,90.5,1.15,0.0,1031.44,84.0,0.0
1680505200,2023-04-03 07:00:00,2023-04-03 09:00:00,ringsted,1.075,241.5,1.775,0.0,1031.55,76.25,0.0
1680508800,2023-04-03 08:00:00,2023-04-03 10:00:00,ringsted,2.475,391.5,2.625,0.0,1031.66,64.5,0.0
1680512400,2023-04-03 09:00:00,2023-04-03 11:00:00,ringsted,3.35,519.5,2.7,0.0,1031.57,57.25,0.0
1680516000,2023-04-03 10:00:00,2023-04-03 12:00:00,ringsted,4.125,616.5,3.175,0.0,1031.1,52.0,0.0
1680519600,2023-04-03 11:00:00,2023-04-03 13:00:00,ringsted,4.6,672.5,3.05,0.0,1030.66,46.0,0.0
1680523200,2023-04-03 12:00:00,2023-04-03 14:00:00,ringsted,5.0,683.0,2.8,0.0,1030.34,41.75,0.0
1680526800,2023-04-03 13:00:00,2023-04-03 15:00:00,ringsted,4.925,655.0,3.5,0.0,1029.95,47.0,0.0
1680530400,2023-04-03 14:00:00,2023-04-03 16:00:00,ringsted,5.075,581.0,3.675,0.0,1029.47,44.75,0.0
1680534000,2023-04-03 15:00:00,2023-04-03 17:00:00,ringsted,5.0,469.5,3.425,0.0,1029.18,42.5,0.0
1680537600,2023-04-03 16:00:00,2023-04-03 18:00:00,ringsted,4.85,334.5,2.675,0.0,1029.16,42.75,0.0
1680541200,2023-04-03 17:00:00,2023-04-03 19:00:00,ringsted,4.5,183.5,1.65,0.0,1029.08,46.25,0.0
1680544800,2023-04-03 18:00:00,2023-04-03 20:00:00,ringsted,3.175,35.5,2.35,0.0,1029.07,55.5,0.833333
1680548400,2023-04-03 19:00:00,2023-04-03 21:00:00,ringsted,1.425,0.0,1.825,0.0,1028.96,65.75,0.0
1680552000,2023-04-03 20:00:00,2023-04-03 22:00:00,ringsted,0.225,0.0,0.8,0.0,1028.77,73.5,15.4167
1680555600,2023-04-03 21:00:00,2023-04-03 23:00:00,ringsted,-0.925,0.0,0.8,0.0,1028.54,82.5,32.9167
1680559200,2023-04-03 22:00:00,2023-04-04 00:00:00,ringsted,-1.525,0.0,0.9,0.0,1028.39,85.5,45.8333
1680562800,2023-04-03 23:00:00,2023-04-04 01:00:00,ringsted,-1.525,0.0,1.0,0.0,1027.94,84.25,46.6667
1680566400,2023-04-04 00:00:00,2023-04-04 02:00:00,ringsted,-1.575,0.0,1.35,0.0,1027.42,86.0,45.8333
1680570000,2023-04-04 01:00:00,2023-04-04 03:00:00,ringsted,-1.225,0.0,1.725,0.0,1027.0,82.75,40.0
1680573600,2023-04-04 02:00:00,2023-04-04 04:00:00,ringsted,-0.975,0.0,2.0,0.0,1026.75,82.5,38.75
1680577200,2023-04-04 03:00:00,2023-04-04 05:00:00,ringsted,-0.975,0.0,1.9,0.0,1026.46,83.5,24.1667
1680580800,2023-04-04 04:00:00,2023-04-04 06:00:00,ringsted,-0.85,0.0,1.875,0.0,1026.18,84.75,41.6667
1680584400,2023-04-04 05:00:00,2023-04-04 07:00:00,ringsted,-0.85,5.5,1.95,0.0,1026.02,87.25,48.75
1680588000,2023-04-04 06:00:00,2023-04-04 08:00:00,ringsted,-0.175,89.0,2.025,0.0,1025.98,88.0,42.9167
1680591600,2023-04-04 07:00:00,2023-04-04 09:00:00,ringsted,1.375,202.0,2.1,0.0,1025.7,84.0,17.5
1680595200,2023-04-04 08:00:00,2023-04-04 10:00:00,ringsted,3.5,328.5,3.25,0.0,1025.31,71.5,22.5
1680598800,2023-04-04 09:00:00,2023-04-04 11:00:00,ringsted,4.85,433.0,3.5,0.0,1025.04,59.5,32.5
1680602400,2023-04-04 10:00:00,2023-04-04 12:00:00,ringsted,5.75,518.0,3.225,0.0,1024.85,52.5,10.0
1680606000,2023-04-04 11:00:00,2023-04-04 13:00:00,ringsted,6.275,400.0,2.85,0.0,1024.41,48.25,7.08333
1680609600,2023-04-04 12:00:00,2023-04-04 14:00:00,ringsted,6.625,507.0,3.325,0.0,1023.9,46.5,17.9167
1680613200,2023-04-04 13:00:00,2023-04-04 15:00:00,ringsted,6.9,535.0,3.825,0.0,1023.4,46.25,20.0
1680616800,2023-04-04 14:00:00,2023-04-04 16:00:00,ringsted,6.725,348.5,3.95,0.0,1022.92,47.75,12.5
1680620400,2023-04-04 15:00:00,2023-04-04 17:00:00,ringsted,6.875,329.5,3.725,0.0,1022.46,48.0,27.0833
1680624000,2023-04-04 16:00:00,2023-04-04 18:00:00,ringsted,6.775,211.5,3.8,0.0,1022.15,47.5,13.75
1680627600,2023-04-04 17:00:00,2023-04-04 19:00:00,ringsted,6.45,180.0,3.525,0.0,1021.99,46.25,1.66667
1680631200,2023-04-04 18:00:00,2023-04-04 20:00:00,ringsted,5.075,36.0,2.375,0.0,1021.98,53.25,4.16667
1680634800,2023-04-04 19:00:00,2023-04-04 21:00:00,ringsted,3.55,0.5,1.8,0.0,1022.03,60.0,26.25
1680638400,2023-04-04 20:00:00,2023-04-04 22:00:00,ringsted,2.075,0.0,1.2,0.0,1021.92,69.0,39.1667
1680642000,2023-04-04 21:00:00,2023-04-04 23:00:00,ringsted,1.275,0.0,1.025,0.0,1021.75,75.0,40.8333
1680645600,2023-04-04 22:00:00,2023-04-05 00:00:00,ringsted,0.65,0.0,1.075,0.0,1021.57,78.5,65.8333
1680649200,2023-04-04 23:00:00,2023-04-05 01:00:00,ringsted,0.5,0.0,0.875,0.0,1021.38,84.25,54.1667
1680652800,2023-04-05 00:00:00,2023-04-05 02:00:00,ringsted,0.625,0.0,1.125,0.0,1021.03,84.0,87.5
1680656400,2023-04-05 01:00:00,2023-04-05 03:00:00,ringsted,0.675,0.0,0.875,0.0,1020.6,86.0,66.25
1680660000,2023-04-05 02:00:00,2023-04-05 04:00:00,ringsted,0.45,0.0,1.05,0.0,1020.11,88.75,36.25
1680663600,2023-04-05 03:00:00,2023-04-05 05:00:00,ringsted,0.425,0.0,1.15,0.0,1019.85,89.0,2.5
1680667200,2023-04-05 04:00:00,2023-04-05 06:00:00,ringsted,0.05,0.0,1.275,0.0,1019.75,92.5,16.6667
1680670800,2023-04-05 05:00:00,2023-04-05 07:00:00,ringsted,0.225,4.0,1.65,0.0,1019.83,94.0,0.833333
1680674400,2023-04-05 06:00:00,2023-04-05 08:00:00,ringsted,0.6,68.0,1.65,0.0,1019.77,94.75,0.0
1680678000,2023-04-05 07:00:00,2023-04-05 09:00:00,ringsted,2.5,246.5,1.85,0.0,1019.62,90.5,0.0
1680681600,2023-04-05 08:00:00,2023-04-05 10:00:00,ringsted,4.2,351.0,2.45,0.0,1019.52,80.75,23.3333
1680685200,2023-04-05 09:00:00,2023-04-05 11:00:00,ringsted,5.275,541.0,3.3,0.0,1019.35,62.0,49.1667
1680688800,2023-04-05 10:00:00,2023-04-05 12:00:00,ringsted,5.675,643.5,3.0,0.0,1019.0,54.25,67.9167
1680692400,2023-04-05 11:00:00,2023-04-05 13:00:00,ringsted,6.2,511.0,2.95,0.0,1018.57,50.5,41.25
1680696000,2023-04-05 12:00:00,2023-04-05 14:00:00,ringsted,6.775,651.5,2.55,0.0,1018.08,46.5,45.0
1680699600,2023-04-05 13:00:00,2023-04-05 15:00:00,ringsted,7.3,416.5,2.9,0.0,1017.66,45.75,48.75
1680703200,2023-04-05 14:00:00,2023-04-05 16:00:00,ringsted,7.225,303.0,3.425,0.0,1017.17,46.75,42.9167
1680706800,2023-04-05 15:00:00,2023-04-05 17:00:00,ringsted,6.85,230.5,3.85,0.0,1016.82,51.75,51.25
1680710400,2023-04-05 16:00:00,2023-04-05 18:00:00,ringsted,6.6,204.0,3.7,0.0,1016.43,51.75,7.08333
1680714000,2023-04-05 17:00:00,2023-04-05 19:00:00,ringsted,6.175,146.0,3.325,0.0,1016.33,53.25,0.0
1680717600,2023-04-05 18:00:00,2023-04-05 20:00:00,ringsted,4.95,33.5,2.55,0.0,1016.36,61.25,25.0
1680721200,2023-04-05 19:00:00,2023-04-05 21:00:00,ringsted,3.225,0.5,1.65,0.0,1016.54,72.0,45.0
1680724800,2023-04-05 20:00:00,2023-04-05 22:00:00,ringsted,2.3,0.0,1.425,0.0,1016.37,77.0,47.5
1680728400,2023-04-05 21:00:00,2023-04-05 23:00:00,ringsted,1.875,0.0,1.05,0.0,1016.21,81.75,48.75
1680732000,2023-04-05 22:00:00,2023-04-06 00:00:00,ringsted,1.925,0.0,1.2,0.0,1016.08,83.25,50.0
1680735600,2023-04-05 23:00:00,2023-04-06 01:00:00,ringsted,1.525,0.0,1.275,0.0,1015.97,86.25,49.1667
1680739200,2023-04-06 00:00:00,2023-04-06 02:00:00,ringsted,1.125,0.0,0.925,0.0,1015.74,89.0,50.8333
1680742800,2023-04-06 01:00:00,2023-04-06 03:00:00,ringsted,1.05,0.0,1.55,0.0,1015.62,91.25,46.6667
1680746400,2023-04-06 02:00:00,2023-04-06 04:00:00,ringsted,1.25,0.0,2.05,0.0,1015.59,92.5,47.9167
1680750000,2023-04-06 03:00:00,2023-04-06 05:00:00,ringsted,1.15,0.0,2.3,0.0,1015.82,92.25,42.5
1680753600,2023-04-06 04:00:00,2023-04-06 06:00:00,ringsted,0.775,0.0,2.35,0.0,1016.12,95.0,56.25
1680757200,2023-04-06 05:00:00,2023-04-06 07:00:00,ringsted,0.925,8.5,2.4,0.0,1016.39,93.0,50.4167
1680760800,2023-04-06 06:00:00,2023-04-06 08:00:00,ringsted,1.85,94.5,2.55,0.0,1016.63,93.25,46.25
1680764400,2023-04-06 07:00:00,2023-04-06 09:00:00,ringsted,3.575,198.0,3.6,0.0,1016.89,88.25,29.1667
1680768000,2023-04-06 08:00:00,2023-04-06 10:00:00,ringsted,4.725,339.0,4.3,0.0,1017.12,76.5,8.33333
1680771600,2023-04-06 09:00:00,2023-04-06 11:00:00,ringsted,5.55,491.5,5.05,0.0,1017.22,66.0,0.0
1680775200,2023-04-06 10:00:00,2023-04-06 12:00:00,ringsted,6.075,528.5,5.175,0.0,1017.2,60.75,18.3333
1680778800,2023-04-06 11:00:00,2023-04-06 13:00:00,ringsted,6.425,565.0,5.025,0.0,1017.08,62.5,37.9167
1680782400,2023-04-06 12:00:00,2023-04-06 14:00:00,ringsted,6.45,452.5,5.275,0.0,1016.94,64.75,42.9167
1680786000,2023-04-06 13:00:00,2023-04-06 15:00:00,ringsted,6.5,481.5,5.475,0.0,1016.84,67.5,39.5833
1680789600,2023-04-06 14:00:00,2023-04-06 16:00:00,ringsted,6.575,515.5,5.2,0.0,1016.78,67.5,32.0833
1680793200,2023-04-06 15:00:00,2023-04-06 17:00:00,ringsted,6.85,499.0,4.725,0.0,1016.61,65.25,7.5
1680796800,2023-04-06 16:00:00,2023-04-06 18:00:00,ringsted,6.525,336.5,4.95,0.0,1016.63,64.75,1.66667
1680800400,2023-04-06 17:00:00,2023-04-06 19:00:00,ringsted,5.825,181.5,5.225,0.0,1016.89,71.25,1.66667
1680804000,2023-04-06 18:00:00,2023-04-06 20:00:00,ringsted,4.675,42.5,5.05,0.0,1017.33,76.0,0.0
1680807600,2023-04-06 19:00:00,2023-04-06 21:00:00,ringsted,3.7,0.5,4.875,0.0,1017.59,80.0,0.0
1680811200,2023-04-06 20:00:00,2023-04-06 22:00:00,ringsted,3.275,0.0,4.95,0.0,1017.74,80.5,0.833333
1680814800,2023-04-06 21:00:00,2023-04-06 23:00:00,ringsted,3.025,0.0,4.975,0.0,1017.84,82.75,1.66667
1680818400,2023-04-06 22:00:00,2023-04-07 00:00:00,ringsted,2.725,0.0,5.125,0.0,1017.9,83.25,0.0
1680822000,2023-04-06 23:00:00,2023-04-07 01:00:00,ringsted,2.35,0.0,4.85,0.0,1018.12,85.25,0.0
1680825600,2023-04-07 00:00:00,2023-04-07 02:00:00,ringsted,2.125,0.0,4.65,0.0,1018.2,86.75,0.0
1680829200,2023-04-07 01:00:00,2023-04-07 03:00:00,ringsted,1.7,0.0,4.275,0.0,1018.17,88.25,0.0
1680832800,2023-04-07 02:00:00,2023-04-07 04:00:00,ringsted,1.125,0.0,3.45,0.0,1018.16,90.75,0.0
1680836400,2023-04-07 03:00:00,2023-04-07 05:00:00,ringsted,0.625,0.0,3.3,0.0,1018.22,92.5,0.0
1680840000,2023-04-07 04:00:00,2023-04-07 06:00:00,ringsted,0.225,0.0,2.825,0.0,1018.42,93.25,0.0
1680843600,2023-04-07 05:00:00,2023-04-07 07:00:00,ringsted,0.375,4.5,3.1,0.0,1018.76,93.75,3.33333
1680847200,2023-04-07 06:00:00,2023-04-07 08:00:00,ringsted,1.05,75.5,3.275,0.0,1019.12,91.75,0.0
1680850800,2023-04-07 07:00:00,2023-04-07 09:00:00,ringsted,2.125,192.5,3.725,0.0,1019.57,87.25,18.75
1680854400,2023-04-07 08:00:00,2023-04-07 10:00:00,ringsted,2.8,337.5,4.275,0.0,1019.82,82.0,44.5833
1680858000,2023-04-07 09:00:00,2023-04-07 11:00:00,ringsted,3.475,363.5,4.025,0.0,1019.76,77.5,45.8333
1680861600,2023-04-07 10:00:00,2023-04-07 12:00:00,ringsted,4.5,565.0,4.725,0.0,1019.66,68.5,37.5
1680865200,2023-04-07 11:00:00,2023-04-07 13:00:00,ringsted,5.35,498.5,4.45,0.0,1019.69,64.0,71.6667
1680868800,2023-04-07 12:00:00,2023-04-07 14:00:00,ringsted,5.575,324.0,4.475,0.0,1019.75,63.25,71.6667
1680872400,2023-04-07 13:00:00,2023-04-07 15:00:00,ringsted,5.6,158.0,4.025,0.0,1019.76,62.5,85.8333
1680876000,2023-04-07 14:00:00,2023-04-07 16:00:00,ringsted,5.725,208.0,3.675,0.0,1019.65,65.0,76.6667
1680879600,2023-04-07 15:00:00,2023-04-07 17:00:00,ringsted,5.9,127.0,3.3,0.0,1019.68,65.5,92.5
1680883200,2023-04-07 16:00:00,2023-04-07 18:00:00,ringsted,6.05,93.5,2.925,0.0,1019.77,68.75,69.1667
1680886800,2023-04-07 17:00:00,2023-04-07 19:00:00,ringsted,6.2,68.5,2.625,0.0,1020.05,69.75,83.3333
1680890400,2023-04-07 18:00:00,2023-04-07 20:00:00,ringsted,6.1,11.0,1.8,0.0,1020.48,72.25,95.0
1680894000,2023-04-07 19:00:00,2023-04-07 21:00:00,ringsted,5.875,0.0,1.5,0.0,1020.91,77.0,66.6667
1680897600,2023-04-07 20:00:00,2023-04-07 22:00:00,ringsted,5.575,0.0,1.525,0.0,1021.13,79.5,85.0
1680901200,2023-04-07 21:00:00,2023-04-07 23:00:00,ringsted,5.3,0.0,1.825,0.0,1021.28,82.0,92.5
1680904800,2023-04-07 22:00:00,2023-04-08 00:00:00,ringsted,5.55,0.0,1.975,0.0,1021.36,82.5,73.3333
1680908400,2023-04-07 23:00:00,2023-04-08 01:00:00,ringsted,5.725,0.0,2.425,0.0,1021.5,82.5,66.6667
1680912000,2023-04-08 00:00:00,2023-04-08 02:00:00,ringsted,5.65,0.0,2.75,0.0,1021.5,84.5,92.5
1680915600,2023-04-08 01:00:00,2023-04-08 03:00:00,ringsted,5.2,0.0,2.275,0.0,1021.55,87.0,69.5833
1680919200,2023-04-08 02:00:00,2023-04-08 04:00:00,ringsted,4.45,0.0,2.45,0.0,1021.7,90.0,18.3333
1680922800,2023-04-08 03:00:00,2023-04-08 05:00:00,ringsted,3.75,0.0,2.25,0.0,1021.94,91.75,29.1667
1680926400,2023-04-08 04:00:00,2023-04-08 06:00:00,ringsted,3.15,0.0,2.25,0.0,1022.12,92.75,40.8333
1680930000,2023-04-08 05:00:00,2023-04-08 07:00:00,ringsted,2.725,7.0,2.425,0.0,1022.43,93.25,21.6667
1680933600,2023-04-08 06:00:00,2023-04-08 08:00:00,ringsted,2.725,80.5,2.275,0.0,1022.79,93.75,15.8333
1680937200,2023-04-08 07:00:00,2023-04-08 09:00:00,ringsted,4.25,244.0,2.75,0.0,1023.25,88.75,2.5
1680940800,2023-04-08 08:00:00,2023-04-08 10:00:00,ringsted,5.975,388.5,3.3,0.0,1023.56,79.0,3.75
1680944400,2023-04-08 09:00:00,2023-04-08 11:00:00,ringsted,7.6,511.5,3.5,0.0,1023.91,72.25,0.0
1680948000,2023-04-08 10:00:00,2023-04-08 12:00:00,ringsted,9.125,607.5,3.525,0.0,1024.03,65.75,0.0
1680951600,2023-04-08 11:00:00,2023-04-08 13:00:00,ringsted,10.2,659.5,3.35,0.0,1023.88,61.0,0.0
1680955200,2023-04-08 12:00:00,2023-04-08 14:00:00,ringsted,11.725,671.0,3.35,0.0,1023.86,54.0,0.0
1680958800,2023-04-08 13:00:00,2023-04-08 15:00:00,ringsted,12.8,641.5,3.425,0.0,1023.69,49.25,0.0
1680962400,2023-04-08 14:00:00,2023-04-08 16:00:00,ringsted,13.35,564.0,3.175,0.0,1023.6,48.0,0.0
1680966000,2023-04-08 15:00:00,2023-04-08 17:00:00,ringsted,13.15,455.5,3.275,0.0,1023.56,49.25,0.0
1680969600,2023-04-08 16:00:00,2023-04-08 18:00:00,ringsted,12.175,324.0,3.9,0.0,1023.8,50.25,0.0
1680973200,2023-04-08 17:00:00,2023-04-08 19:00:00,ringsted,11.0,180.0,3.275,0.0,1024.1,51.0,0.0
1680976800,2023-04-08 18:00:00,2023-04-08 20:00:00,ringsted,8.975,49.0,2.9,0.0,1024.6,57.25,3.33333
1680980400,2023-04-08 19:00:00,2023-04-08 21:00:00,ringsted,7.05,1.0,2.05,0.0,1024.88,62.75,7.91667
1680984000,2023-04-08 20:00:00,2023-04-08 22:00:00,ringsted,6.1,0.0,2.15,0.0,1024.93,62.5,3.33333
1680987600,2023-04-08 21:00:00,2023-04-08 23:00:00,ringsted,5.2,0.0,2.1,0.0,1025.03,65.0,38.75
1680991200,2023-04-08 22:00:00,2023-04-09 00:00:00,ringsted,4.675,0.0,1.975,0.0,1025.05,68.0,23.75
1680994800,2023-04-08 23:00:00,2023-04-09 01:00:00,ringsted,4.225,0.0,2.35,0.0,1024.97,72.5,56.25
1680998400,2023-04-09 00:00:00,2023-04-09 02:00:00,ringsted,4.25,0.0,2.0,0.0,1024.79,76.5,90.8333
1681002000,2023-04-09 01:00:00,2023-04-09 03:00:00,ringsted,4.225,0.0,1.475,0.0,1024.61,78.75,86.6667
1681005600,2023-04-09 02:00:00,2023-04-09 04:00:00,ringsted,3.875,0.0,1.55,0.0,1024.54,81.25,49.1667
1681009200,2023-04-09 03:00:00,2023-04-09 05:00:00,ringsted,3.275,0.0,1.325,0.0,1024.3,87.0,42.5
1681012800,2023-04-09 04:00:00,2023-04-09 06:00:00,ringsted,2.775,0.0,1.65,0.0,1024.26,88.25,19.5833
1681016400,2023-04-09 05:00:00,2023-04-09 07:00:00,ringsted,1.825,12.0,1.35,0.0,1024.45,89.5,32.0833
1681020000,2023-04-09 06:00:00,2023-04-09 08:00:00,ringsted,2.875,112.0,1.325,0.0,1024.52,88.25,12.0833
1681023600,2023-04-09 07:00:00,2023-04-09 09:00:00,ringsted,5.475,232.5,2.725,0.0,1024.64,74.5,53.75
1681027200,2023-04-09 08:00:00,2023-04-09 10:00:00,ringsted,7.125,388.5,2.775,0.0,1024.72,64.5,60.8333
1681030800,2023-04-09 09:00:00,2023-04-09 11:00:00,ringsted,8.0,446.5,2.85,0.0,1024.75,60.5,50.0
1681034400,2023-04-09 10:00:00,2023-04-09 12:00:00,ringsted,8.7,513.0,2.525,0.0,1024.57,58.5,68.3333
1681038000,2023-04-09 11:00:00,2023-04-09 13:00:00,ringsted,9.475,501.5,2.65,0.0,1024.39,55.5,70.0
1681041600,2023-04-09 12:00:00,2023-04-09 14:00:00,ringsted,9.925,512.5,3.025,0.0,1024.28,53.75,39.5833
1681045200,2023-04-09 13:00:00,2023-04-09 15:00:00,ringsted,10.225,587.5,3.5,0.0,1024.12,53.75,0.833333
1681048800,2023-04-09 14:00:00,2023-04-09 16:00:00,ringsted,10.175,548.0,3.975,0.0,1023.97,49.75,34.5833
1681052400,2023-04-09 15:00:00,2023-04-09 17:00:00,ringsted,9.8,460.0,4.075,0.0,1023.71,49.5,25.0
1681056000,2023-04-09 16:00:00,2023-04-09 18:00:00,ringsted,9.2,332.0,4.35,0.0,1023.57,46.25,0.833333
1681059600,2023-04-09 17:00:00,2023-04-09 19:00:00,ringsted,8.25,185.5,3.975,0.0,1023.5,48.0,42.0833
1681063200,2023-04-09 18:00:00,2023-04-09 20:00:00,ringsted,6.475,34.0,3.025,0.0,1023.55,57.75,5.0
1681066800,2023-04-09 19:00:00,2023-04-09 21:00:00,ringsted,4.8,1.0,2.7,0.0,1023.58,66.0,3.33333
1681070400,2023-04-09 20:00:00,2023-04-09 22:00:00,ringsted,4.05,0.0,2.65,0.0,1023.52,71.0,23.75
1681074000,2023-04-09 21:00:00,2023-04-09 23:00:00,ringsted,3.675,0.0,2.375,0.0,1023.37,77.25,29.5833
1681077600,2023-04-09 22:00:00,2023-04-10 00:00:00,ringsted,3.35,0.0,1.95,0.0,1023.27,82.25,24.5833
1681081200,2023-04-09 23:00:00,2023-04-10 01:00:00,ringsted,3.25,0.0,2.55,0.0,1023.15,83.75,57.5
1681084800,2023-04-10 00:00:00,2023-04-10 02:00:00,ringsted,3.375,0.0,3.15,0.0,1022.85,86.0,47.9167
1681088400,2023-04-10 01:00:00,2023-04-10 03:00:00,ringsted,3.4,0.0,2.85,0.0,1022.55,88.75,47.5
1681092000,2023-04-10 02:00:00,2023-04-10 04:00:00,ringsted,3.4,0.0,2.975,0.0,1022.27,90.25,25.8333
1681095600,2023-04-10 03:00:00,2023-04-10 05:00:00,ringsted,3.225,0.0,2.85,0.0,1021.78,88.5,16.25
1681099200,2023-04-10 04:00:00,2023-04-10 06:00:00,ringsted,2.85,0.0,3.05,0.0,1021.39,88.0,20.0
1681102800,2023-04-10 05:00:00,2023-04-10 07:00:00,ringsted,2.875,17.5,3.25,0.0,1021.35,89.0,2.91667
1681106400,2023-04-10 06:00:00,2023-04-10 08:00:00,ringsted,3.85,88.5,3.775,0.0,1021.15,88.5,0.0
1681110000,2023-04-10 07:00:00,2023-04-10 09:00:00,ringsted,5.225,249.5,5.3,0.0,1020.85,80.75,0.833333
1681113600,2023-04-10 08:00:00,2023-04-10 10:00:00,ringsted,6.7,387.5,6.175,0.0,1020.35,72.0,2.5
1681117200,2023-04-10 09:00:00,2023-04-10 11:00:00,ringsted,7.8,482.0,6.575,0.0,1019.91,66.0,0.0
1681120800,2023-04-10 10:00:00,2023-04-10 12:00:00,ringsted,8.45,596.0,6.925,0.0,1019.13,64.5,0.0
1681124400,2023-04-10 11:00:00,2023-04-10 13:00:00,ringsted,9.125,657.0,7.0,0.0,1018.1,64.5,0.833333
1681128000,2023-04-10 12:00:00,2023-04-10 14:00:00,ringsted,9.4,663.5,7.225,0.0,1017.12,65.5,2.5
1681131600,2023-04-10 13:00:00,2023-04-10 15:00:00,ringsted,9.55,633.5,7.025,0.0,1016.22,67.0,4.16667
1681135200,2023-04-10 14:00:00,2023-04-10 16:00:00,ringsted,9.675,526.5,6.825,0.0,1015.01,69.0,2.5
1681138800,2023-04-10 15:00:00,2023-04-10 17:00:00,ringsted,9.05,349.0,6.95,0.0,1013.69,71.5,12.0833
1681142400,2023-04-10 16:00:00,2023-04-10 18:00:00,ringsted,8.25,236.0,6.775,0.0,1012.25,75.75,20.4167
1681146000,2023-04-10 17:00:00,2023-04-10 19:00:00,ringsted,7.45,99.5,6.875,0.0,1010.89,79.75,25.0
1681149600,2023-04-10 18:00:00,2023-04-10 20:00:00,ringsted,6.875,23.0,6.8,0.0,1009.86,82.5,50.4167
1681153200,2023-04-10 19:00:00,2023-04-10 21:00:00,ringsted,6.7,0.5,6.375,0.0,1009.13,84.25,57.5
1681156800,2023-04-10 20:00:00,2023-04-10 22:00:00,ringsted,7.15,0.0,6.425,0.0,1008.09,82.75,47.0833
1681160400,2023-04-10 21:00:00,2023-04-10 23:00:00,ringsted,7.825,0.0,6.35,0.0,1006.64,80.5,69.1667
1681164000,2023-04-10 22:00:00,2023-04-11 00:00:00,ringsted,8.375,0.0,6.075,0.0,1005.19,80.25,59.1667
1681167600,2023-04-10 23:00:00,2023-04-11 01:00:00,ringsted,8.9,0.0,6.825,0.0,1003.73,78.0,76.6667
1681171200,2023-04-11 00:00:00,2023-04-11 02:00:00,ringsted,9.15,0.0,6.325,0.0,1002.45,75.5,84.1667
1681174800,2023-04-11 01:00:00,2023-04-11 03:00:00,ringsted,9.25,0.0,6.175,0.0,1001.56,73.0,87.5
1681178400,2023-04-11 02:00:00,2023-04-11 04:00:00,ringsted,9.125,0.0,6.125,0.35,1000.83,74.0,92.5
1681182000,2023-04-11 03:00:00,2023-04-11 05:00:00,ringsted,8.725,0.0,5.275,0.6,1000.06,77.75,96.6667
1681185600,2023-04-11 04:00:00,2023-04-11 06:00:00,ringsted,8.325,0.0,4.375,0.8,999.642,82.5,95.0
1681189200,2023-04-11 05:00:00,2023-04-11 07:00:00,ringsted,7.725,1.0,4.45,1.75,999.375,93.75,95.0
1681192800,2023-04-11 06:00:00,2023-04-11 08:00:00,ringsted,7.45,17.0,3.85,1.325,999.229,97.25,86.6667
1681196400,2023-04-11 07:00:00,2023-04-11 09:00:00,ringsted,7.475,38.5,2.6,0.8,999.138,97.75,80.8333
1681200000,2023-04-11 08:00:00,2023-04-11 10:00:00,ringsted,7.725,60.5,2.45,1.05,999.438,97.25,90.0
1681203600,2023-04-11 09:00:00,2023-04-11 11:00:00,ringsted,7.65,64.0,2.9,1.175,999.763,96.75,95.0
1681207200,2023-04-11 10:00:00,2023-04-11 12:00:00,ringsted,7.525,141.0,3.15,1.125,1000.28,97.0,92.5
1681210800,2023-04-11 11:00:00,2023-04-11 13:00:00,ringsted,7.55,176.5,3.675,1.275,1000.77,96.75,64.1667
1681214400,2023-04-11 12:00:00,2023-04-11 14:00:00,ringsted,8.025,292.5,3.975,0.325,1001.35,93.0,54.1667
1681218000,2023-04-11 13:00:00,2023-04-11 15:00:00,ringsted,8.975,508.5,4.425,0.15,1001.79,84.25,42.9167
1681221600,2023-04-11 14:00:00,2023-04-11 16:00:00,ringsted,9.5,366.5,4.95,0.025,1002.32,81.0,60.0
1681225200,2023-04-11 15:00:00,2023-04-11 17:00:00,ringsted,9.375,197.0,4.7,0.175,1002.96,76.75,44.5833
1681228800,2023-04-11 16:00:00,2023-04-11 18:00:00,ringsted,9.3,254.0,4.325,0.1,1003.28,74.5,8.75
1681232400,2023-04-11 17:00:00,2023-04-11 19:00:00,ringsted,9.25,195.5,3.6,0.0,1003.71,73.0,16.6667
1681236000,2023-04-11 18:00:00,2023-04-11 20:00:00,ringsted,8.55,64.0,3.3,0.0,1004.39,76.25,2.5
1681239600,2023-04-11 19:00:00,2023-04-11 21:00:00,ringsted,6.875,2.0,3.225,0.0,1004.85,84.0,0.833333
1681243200,2023-04-11 20:00:00,2023-04-11 22:00:00,ringsted,6.15,0.0,2.85,0.0,1005.1,88.25,0.0
1681246800,2023-04-11 21:00:00,2023-04-11 23:00:00,ringsted,5.5,0.0,2.575,0.0,1005.23,90.25,0.0
1681250400,2023-04-11 22:00:00,2023-04-12 00:00:00,ringsted,4.95,0.0,2.225,0.0,1005.61,93.0,31.6667
1681254000,2023-04-11 23:00:00,2023-04-12 01:00:00,ringsted,4.725,0.0,2.4,0.0,1005.75,94.75,61.25
1681257600,2023-04-12 00:00:00,2023-04-12 02:00:00,ringsted,4.925,0.0,2.3,0.0,1005.3,94.5,13.3333
1681261200,2023-04-12 01:00:00,2023-04-12 03:00:00,ringsted,3.9,0.0,1.075,0.0,1004.94,96.5,0.0
1681264800,2023-04-12 02:00:00,2023-04-12 04:00:00,ringsted,2.575,0.0,1.375,0.0,1004.7,98.5,6.25
1681268400,2023-04-12 03:00:00,2023-04-12 05:00:00,ringsted,1.9,0.0,1.4,0.0,1004.05,99.0,25.0
1681272000,2023-04-12 04:00:00,2023-04-12 06:00:00,ringsted,1.725,0.0,1.625,0.0,1003.35,99.25,11.6667
1681275600,2023-04-12 05:00:00,2023-04-12 07:00:00,ringsted,1.8,10.5,2.225,0.0,1003.0,99.5,24.1667
1681279200,2023-04-12 06:00:00,2023-04-12 08:00:00,ringsted,3.3,95.5,2.6,0.0,1002.6,99.5,50.0
1681282800,2023-04-12 07:00:00,2023-04-12 09:00:00,ringsted,4.925,232.0,3.55,0.0,1002.2,96.25,45.0
1681286400,2023-04-12 08:00:00,2023-04-12 10:00:00,ringsted,6.675,329.0,5.225,0.0,1001.77,85.5,45.0
1681290000,2023-04-12 09:00:00,2023-04-12 11:00:00,ringsted,7.625,516.5,6.475,0.0,1001.19,76.25,32.5
1681293600,2023-04-12 10:00:00,2023-04-12 12:00:00,ringsted,8.45,631.5,6.625,0.0,1000.49,71.0,2.91667
1681297200,2023-04-12 11:00:00,2023-04-12 13:00:00,ringsted,8.8,700.0,6.825,0.0,999.833,70.25,2.5
1681300800,2023-04-12 12:00:00,2023-04-12 14:00:00,ringsted,9.275,704.0,7.425,0.0,999.046,68.25,6.66667
1681304400,2023-04-12 13:00:00,2023-04-12 15:00:00,ringsted,9.3,480.0,7.85,0.0,998.517,68.75,32.9167
1681308000,2023-04-12 14:00:00,2023-04-12 16:00:00,ringsted,8.35,221.0,7.375,0.0,997.946,74.5,59.1667
1681311600,2023-04-12 15:00:00,2023-04-12 17:00:00,ringsted,7.575,142.0,6.85,0.0,997.588,80.25,56.6667
1681315200,2023-04-12 16:00:00,2023-04-12 18:00:00,ringsted,7.225,124.0,6.925,0.0,997.188,83.5,65.8333
1681318800,2023-04-12 17:00:00,2023-04-12 19:00:00,ringsted,6.8,33.0,7.075,0.05,996.817,86.75,95.8333
1681322400,2023-04-12 18:00:00,2023-04-12 20:00:00,ringsted,6.525,12.5,6.925,0.175,996.537,89.75,97.5
1681326000,2023-04-12 19:00:00,2023-04-12 21:00:00,ringsted,6.525,0.0,6.45,0.05,996.475,90.5,95.8333
1681329600,2023-04-12 20:00:00,2023-04-12 22:00:00,ringsted,6.425,0.0,6.775,0.125,995.967,91.25,95.0
1681333200,2023-04-12 21:00:00,2023-04-12 23:00:00,ringsted,6.15,0.0,7.25,0.1,995.392,91.75,95.0
1681336800,2023-04-12 22:00:00,2023-04-13 00:00:00,ringsted,6.175,0.0,7.15,0.0,994.742,91.75,89.1667
1681340400,2023-04-12 23:00:00,2023-04-13 01:00:00,ringsted,6.35,0.0,5.95,0.0,994.075,91.25,96.6667
1681344000,2023-04-13 00:00:00,2023-04-13 02:00:00,ringsted,6.55,0.0,5.7,0.275,993.55,90.25,95.0
1681347600,2023-04-13 01:00:00,2023-04-13 03:00:00,ringsted,6.675,0.0,5.3,1.25,993.371,91.75,95.0
1681351200,2023-04-13 02:00:00,2023-04-13 04:00:00,ringsted,6.325,0.0,5.0,2.975,993.167,97.0,95.0
1681354800,2023-04-13 03:00:00,2023-04-13 05:00:00,ringsted,6.2,0.0,4.275,1.775,993.504,98.25,81.6667
1681358400,2023-04-13 04:00:00,2023-04-13 06:00:00,ringsted,6.1,0.0,3.925,0.1,994.338,98.5,65.0
1681362000,2023-04-13 05:00:00,2023-04-13 07:00:00,ringsted,5.75,7.0,3.725,0.0,995.079,98.0,43.3333
1681365600,2023-04-13 06:00:00,2023-04-13 08:00:00,ringsted,5.725,130.5,3.275,0.0,995.708,96.25,2.91667
1681369200,2023-04-13 07:00:00,2023-04-13 09:00:00,ringsted,6.75,282.5,2.8,0.0,996.154,90.5,0.0
1681372800,2023-04-13 08:00:00,2023-04-13 10:00:00,ringsted,8.175,435.5,3.075,0.0,996.883,81.5,0.833333
1681376400,2023-04-13 09:00:00,2023-04-13 11:00:00,ringsted,8.975,532.0,5.075,0.0,997.287,78.0,1.66667
1681380000,2023-04-13 10:00:00,2023-04-13 12:00:00,ringsted,9.6,588.0,6.25,0.0,997.908,72.75,1.81818
1681383600,2023-04-13 11:00:00,2023-04-13 13:00:00,ringsted,9.9,693.0,6.65,0.0,998.704,70.5,15.0
1681387200,2023-04-13 12:00:00,2023-04-13 14:00:00,ringsted,9.775,561.5,6.8,0.0,999.175,73.25,42.0833
1681390800,2023-04-13 13:00:00,2023-04-13 15:00:00,ringsted,9.575,396.5,6.85,0.0,999.692,75.25,46.6667
1681394400,2023-04-13 14:00:00,2023-04-13 16:00:00,ringsted,9.8,345.5,6.425,0.0,1000.16,73.0,46.6667
1681398000,2023-04-13 15:00:00,2023-04-13 17:00:00,ringsted,10.25,381.0,5.9,0.0,1000.75,70.5,41.25
1681401600,2023-04-13 16:00:00,2023-04-13 18:00:00,ringsted,10.4,353.0,5.625,0.0,1001.32,68.75,12.0833
1681405200,2023-04-13 17:00:00,2023-04-13 19:00:00,ringsted,10.075,178.0,4.675,0.0,1002.21,70.5,30.8333
1681408800,2023-04-13 18:00:00,2023-04-13 20:00:00,ringsted,8.975,43.0,3.575,0.05,1003.25,76.25,12.5
1681412400,2023-04-13 19:00:00,2023-04-13 21:00:00,ringsted,7.375,3.5,3.075,0.0,1004.08,85.5,28.1818
1681416000,2023-04-13 20:00:00,2023-04-13 22:00:00,ringsted,6.8,0.0,2.575,0.0,1004.65,88.5,40.8333
1681419600,2023-04-13 21:00:00,2023-04-13 23:00:00,ringsted,6.35,0.0,1.275,0.0,1005.22,90.75,41.6667
1681423200,2023-04-13 22:00:00,2023-04-14 00:00:00,ringsted,5.45,0.0,1.05,0.0,1005.72,94.0,7.5
1681426800,2023-04-13 23:00:00,2023-04-14 01:00:00,ringsted,4.3,0.0,0.85,0.0,1005.99,96.5,25.0
1681430400,2023-04-14 00:00:00,2023-04-14 02:00:00,ringsted,3.55,0.0,1.05,0.0,1006.2,98.25,16.25
1681434000,2023-04-14 01:00:00,2023-04-14 03:00:00,ringsted,2.725,0.0,0.825,0.0,1006.56,99.0,21.6667
1681437600,2023-04-14 02:00:00,2023-04-14 04:00:00,ringsted,2.65,0.0,0.85,0.0,1007.0,99.0,51.6667
1681441200,2023-04-14 03:00:00,2023-04-14 05:00:00,ringsted,3.025,0.0,1.2,0.0,1007.21,99.0,58.75
1681444800,2023-04-14 04:00:00,2023-04-14 06:00:00,ringsted,3.075,0.0,1.275,0.0,1007.44,98.75,39.1667
1681448400,2023-04-14 05:00:00,2023-04-14 07:00:00,ringsted,3.0,9.5,1.3,0.0,1007.76,99.25,54.1667
1681452000,2023-04-14 06:00:00,2023-04-14 08:00:00,ringsted,4.0,68.0,1.35,0.0,1007.92,99.0,20.8333
1681455600,2023-04-14 07:00:00,2023-04-14 09:00:00,ringsted,5.8,137.5,1.475,0.0,1008.03,96.5,24.1667
1681459200,2023-04-14 08:00:00,2023-04-14 10:00:00,ringsted,7.0,231.5,2.15,0.0,1008.01,93.0,20.0
1681462800,2023-04-14 09:00:00,2023-04-14 11:00:00,ringsted,8.025,275.0,2.4,0.0,1008.02,89.0,45.4167
1681466400,2023-04-14 10:00:00,2023-04-14 12:00:00,ringsted,8.625,251.5,1.825,0.0,1008.14,85.25,43.75
1681470000,2023-04-14 11:00:00,2023-04-14 13:00:00,ringsted,9.225,196.0,1.875,0.0,1008.02,81.5,62.5
1681473600,2023-04-14 12:00:00,2023-04-14 14:00:00,ringsted,9.525,161.5,1.875,0.025,1007.85,81.25,90.0
1681477200,2023-04-14 13:00:00,2023-04-14 15:00:00,ringsted,9.675,136.5,2.475,0.1,1007.57,73.5,82.5
1681480800,2023-04-14 14:00:00,2023-04-14 16:00:00,ringsted,9.625,146.5,2.925,0.075,1007.46,70.75,95.0
1681484400,2023-04-14 15:00:00,2023-04-14 17:00:00,ringsted,8.95,91.0,2.9,0.375,1007.28,78.5,96.6667
1681488000,2023-04-14 16:00:00,2023-04-14 18:00:00,ringsted,8.075,47.5,3.025,0.65,1007.07,90.25,99.1667
1681491600,2023-04-14 17:00:00,2023-04-14 19:00:00,ringsted,7.625,19.5,3.075,0.9,1006.97,93.75,99.1667
1681495200,2023-04-14 18:00:00,2023-04-14 20:00:00,ringsted,7.575,7.5,2.875,1.0,1007.08,96.5,95.8333
1681498800,2023-04-14 19:00:00,2023-04-14 21:00:00,ringsted,7.575,0.0,3.0,1.25,1007.16,98.0,97.5
1681502400,2023-04-14 20:00:00,2023-04-14 22:00:00,ringsted,7.525,0.0,2.825,0.575,1007.03,98.0,98.3333
1681506000,2023-04-14 21:00:00,2023-04-14 23:00:00,ringsted,7.775,0.0,2.8,0.275,1007.06,97.75,90.8333
1681509600,2023-04-14 22:00:00,2023-04-15 00:00:00,ringsted,7.925,0.0,2.9,0.175,1007.03,97.75,57.5
1681513200,2023-04-14 23:00:00,2023-04-15 01:00:00,ringsted,7.975,0.0,2.5,0.1,1006.85,97.75,49.1667
1681516800,2023-04-15 00:00:00,2023-04-15 02:00:00,ringsted,8.0,0.0,2.575,0.0,1006.66,97.5,45.0
1681520400,2023-04-15 01:00:00,2023-04-15 03:00:00,ringsted,7.875,0.0,3.025,0.0,1006.55,97.0,42.5
1681524000,2023-04-15 02:00:00,2023-04-15 04:00:00,ringsted,7.775,0.0,3.35,0.0,1006.46,96.25,24.5833
1681527600,2023-04-15 03:00:00,2023-04-15 05:00:00,ringsted,7.475,0.0,3.575,0.0,1006.7,95.5,51.6667
1681531200,2023-04-15 04:00:00,2023-04-15 06:00:00,ringsted,7.275,0.0,3.725,0.0,1006.91,95.0,56.6667
1681534800,2023-04-15 05:00:00,2023-04-15 07:00:00,ringsted,7.025,11.0,4.0,0.0,1007.3,95.0,57.9167
1681538400,2023-04-15 06:00:00,2023-04-15 08:00:00,ringsted,7.35,79.0,4.575,0.0,1007.92,94.0,38.75
1681542000,2023-04-15 07:00:00,2023-04-15 09:00:00,ringsted,8.4,250.5,5.125,0.0,1008.44,89.75,18.75
1681545600,2023-04-15 08:00:00,2023-04-15 10:00:00,ringsted,9.35,399.5,6.05,0.0,1008.79,85.0,1.66667
1681549200,2023-04-15 09:00:00,2023-04-15 11:00:00,ringsted,10.2,513.5,6.0,0.0,1009.11,82.0,0.833333
1681552800,2023-04-15 10:00:00,2023-04-15 12:00:00,ringsted,11.175,506.5,6.05,0.0,1009.58,77.5,38.3333
1681556400,2023-04-15 11:00:00,2023-04-15 13:00:00,ringsted,11.875,524.0,6.5,0.0,1009.95,73.25,53.75
1681560000,2023-04-15 12:00:00,2023-04-15 14:00:00,ringsted,12.3,443.5,6.85,0.0,1010.45,70.75,35.8333
1681563600,2023-04-15 13:00:00,2023-04-15 15:00:00,ringsted,12.6,482.0,7.15,0.0,1010.92,69.75,21.6667
1681567200,2023-04-15 14:00:00,2023-04-15 16:00:00,ringsted,12.6,522.0,7.125,0.0,1011.58,69.0,48.75
1681570800,2023-04-15 15:00:00,2023-04-15 17:00:00,ringsted,11.9,299.5,6.75,0.0,1012.23,69.75,68.3333
1681574400,2023-04-15 16:00:00,2023-04-15 18:00:00,ringsted,11.225,153.5,6.25,0.0,1012.85,69.25,69.1667
1681578000,2023-04-15 17:00:00,2023-04-15 19:00:00,ringsted,10.725,73.0,5.675,0.0,1013.36,69.75,77.5
1681581600,2023-04-15 18:00:00,2023-04-15 20:00:00,ringsted,10.15,24.0,5.35,0.0,1014.04,71.0,92.5
1681585200,2023-04-15 19:00:00,2023-04-15 21:00:00,ringsted,9.425,1.5,4.575,0.0,1014.7,74.5,95.0
1681588800,2023-04-15 20:00:00,2023-04-15 22:00:00,ringsted,9.0,0.0,3.25,0.0,1015.06,75.75,90.0
1681592400,2023-04-15 21:00:00,2023-04-15 23:00:00,ringsted,8.8,0.0,3.05,0.0,1015.31,77.0,78.3333
1681596000,2023-04-15 22:00:00,2023-04-16 00:00:00,ringsted,8.725,0.0,2.975,0.0,1015.63,76.5,92.5
1681599600,2023-04-15 23:00:00,2023-04-16 01:00:00,ringsted,8.725,0.0,3.025,0.0,1015.85,75.5,75.0
1681603200,2023-04-16 00:00:00,2023-04-16 02:00:00,ringsted,8.625,0.0,3.225,0.0,1015.9,76.0,60.8333
1681606800,2023-04-16 01:00:00,2023-04-16 03:00:00,ringsted,8.525,0.0,3.1,0.0,1016.0,76.75,48.3333
1681610400,2023-04-16 02:00:00,2023-04-16 04:00:00,ringsted,8.45,0.0,3.3,0.0,1016.0,76.25,66.6667
1681614000,2023-04-16 03:00:00,2023-04-16 05:00:00,ringsted,8.2,0.0,2.875,0.0,1016.19,77.5,55.0
1681617600,2023-04-16 04:00:00,2023-04-16 06:00:00,ringsted,8.05,0.0,2.65,0.0,1016.41,78.75,57.5
1681621200,2023-04-16 05:00:00,2023-04-16 07:00:00,ringsted,7.975,11.0,2.725,0.0,1016.78,80.25,55.0
1681624800,2023-04-16 06:00:00,2023-04-16 08:00:00,ringsted,8.0,48.0,2.75,0.0,1017.15,80.75,57.5
1681628400,2023-04-16 07:00:00,2023-04-16 09:00:00,ringsted,8.175,94.0,2.725,0.0,1017.6,80.5,62.5
1681632000,2023-04-16 08:00:00,2023-04-16 10:00:00,ringsted,8.275,91.5,2.55,0.0,1018.07,81.0,55.0
1681635600,2023-04-16 09:00:00,2023-04-16 11:00:00,ringsted,8.45,131.5,2.425,0.0,1018.55,81.25,60.0
1681639200,2023-04-16 10:00:00,2023-04-16 12:00:00,ringsted,8.8,200.0,2.575,0.0,1018.96,79.25,64.1667
1681642800,2023-04-16 11:00:00,2023-04-16 13:00:00,ringsted,9.4,277.5,2.175,0.0,1019.15,76.25,42.5
1681646400,2023-04-16 12:00:00,2023-04-16 14:00:00,ringsted,10.425,351.0,2.4,0.0,1019.26,73.25,58.75
1681650000,2023-04-16 13:00:00,2023-04-16 15:00:00,ringsted,11.2,403.5,2.325,0.0,1019.2,67.5,53.3333
1681653600,2023-04-16 14:00:00,2023-04-16 16:00:00,ringsted,11.75,424.0,2.0,0.0,1019.15,63.0,50.0
1681657200,2023-04-16 15:00:00,2023-04-16 17:00:00,ringsted,11.95,283.5,2.35,0.0,1019.34,61.75,56.6667
1681660800,2023-04-16 16:00:00,2023-04-16 18:00:00,ringsted,11.875,170.5,2.4,0.0,1019.59,61.0,75.0
1681664400,2023-04-16 17:00:00,2023-04-16 19:00:00,ringsted,11.575,99.0,2.175,0.0,1019.83,61.5,46.25
1681668000,2023-04-16 18:00:00,2023-04-16 20:00:00,ringsted,10.6,40.0,2.15,0.0,1020.34,71.5,67.0833
1681671600,2023-04-16 19:00:00,2023-04-16 21:00:00,ringsted,9.2,3.0,2.05,0.0,1020.85,76.25,90.8333
1681675200,2023-04-16 20:00:00,2023-04-16 22:00:00,ringsted,8.3,0.0,2.525,0.0,1020.95,76.5,95.0
1681678800,2023-04-16 21:00:00,2023-04-16 23:00:00,ringsted,7.3,0.0,2.15,0.0,1020.96,79.5,90.0
1681682400,2023-04-16 22:00:00,2023-04-17 00:00:00,ringsted,6.65,0.0,1.875,0.0,1021.09,81.5,46.6667
1681686000,2023-04-16 23:00:00,2023-04-17 01:00:00,ringsted,6.075,0.0,1.05,0.0,1021.38,85.5,30.8333
1681689600,2023-04-17 00:00:00,2023-04-17 02:00:00,ringsted,5.15,0.0,1.45,0.0,1021.46,89.0,3.33333
1681693200,2023-04-17 01:00:00,2023-04-17 03:00:00,ringsted,4.0,0.0,1.15,0.0,1021.52,92.25,0.0
1681696800,2023-04-17 02:00:00,2023-04-17 04:00:00,ringsted,3.3,0.0,0.6,0.0,1021.8,94.5,0.0
1681700400,2023-04-17 03:00:00,2023-04-17 05:00:00,ringsted,2.8,0.0,0.6,0.0,1022.1,96.25,0.0
1681704000,2023-04-17 04:00:00,2023-04-17 06:00:00,ringsted,2.2,0.0,1.125,0.0,1022.58,96.5,0.0
1681707600,2023-04-17 05:00:00,2023-04-17 07:00:00,ringsted,2.475,19.0,1.425,0.0,1023.21,93.5,12.5
1681711200,2023-04-17 06:00:00,2023-04-17 08:00:00,ringsted,3.8,121.0,1.725,0.0,1023.75,89.0,10.4167
1681714800,2023-04-17 07:00:00,2023-04-17 09:00:00,ringsted,6.325,257.5,2.625,0.0,1024.35,80.25,11.6667
1681718400,2023-04-17 08:00:00,2023-04-17 10:00:00,ringsted,7.8,436.0,3.5,0.0,1024.87,69.0,0.0
1681722000,2023-04-17 09:00:00,2023-04-17 11:00:00,ringsted,9.125,570.0,3.45,0.0,1025.23,59.25,0.0
1681725600,2023-04-17 10:00:00,2023-04-17 12:00:00,ringsted,9.975,656.5,3.4,0.0,1025.34,54.0,0.0
1681729200,2023-04-17 11:00:00,2023-04-17 13:00:00,ringsted,10.675,710.0,3.6,0.0,1025.39,48.25,0.0
1681732800,2023-04-17 12:00:00,2023-04-17 14:00:00,ringsted,11.225,723.5,3.55,0.0,1025.57,46.0,0.0
1681736400,2023-04-17 13:00:00,2023-04-17 15:00:00,ringsted,11.775,688.0,3.425,0.0,1025.65,42.0,0.0
1681740000,2023-04-17 14:00:00,2023-04-17 16:00:00,ringsted,12.275,608.0,3.85,0.0,1025.69,39.25,0.0
1681743600,2023-04-17 15:00:00,2023-04-17 17:00:00,ringsted,12.075,487.5,3.7,0.0,1025.85,44.25,0.0
1681747200,2023-04-17 16:00:00,2023-04-17 18:00:00,ringsted,11.0,357.5,2.95,0.0,1025.96,53.75,21.25
1681750800,2023-04-17 17:00:00,2023-04-17 19:00:00,ringsted,10.7,214.0,2.875,0.0,1026.35,54.75,17.0833
1681754400,2023-04-17 18:00:00,2023-04-17 20:00:00,ringsted,8.975,74.5,2.225,0.0,1026.8,66.75,8.33333
1681758000,2023-04-17 19:00:00,2023-04-17 21:00:00,ringsted,7.35,5.0,1.125,0.0,1027.28,74.75,0.0
1681761600,2023-04-17 20:00:00,2023-04-17 22:00:00,ringsted,5.95,0.0,1.175,0.0,1027.41,80.25,0.0
1681765200,2023-04-17 21:00:00,2023-04-17 23:00:00,ringsted,5.125,0.0,1.05,0.0,1027.62,84.0,0.0
1681768800,2023-04-17 22:00:00,2023-04-18 00:00:00,ringsted,4.825,0.0,0.975,0.0,1027.88,81.0,0.0
1681772400,2023-04-17 23:00:00,2023-04-18 01:00:00,ringsted,4.0,0.0,0.65,0.0,1027.81,84.0,0.0
1681776000,2023-04-18 00:00:00,2023-04-18 02:00:00,ringsted,3.325,0.0,0.95,0.0,1027.9,86.0,0.0
1681779600,2023-04-18 01:00:00,2023-04-18 03:00:00,ringsted,2.125,0.0,1.65,0.0,1028.07,89.5,0.0
1681783200,2023-04-18 02:00:00,2023-04-18 04:00:00,ringsted,2.4,0.0,1.925,0.0,1028.21,86.75,0.0
1681786800,2023-04-18 03:00:00,2023-04-18 05:00:00,ringsted,2.775,0.0,2.25,0.0,1028.41,83.0,0.0
1681790400,2023-04-18 04:00:00,2023-04-18 06:00:00,ringsted,2.675,0.0,2.875,0.0,1028.69,81.75,0.0
1681794000,2023-04-18 05:00:00,2023-04-18 07:00:00,ringsted,2.75,31.0,3.125,0.0,1028.93,80.75,0.0
1681797600,2023-04-18 06:00:00,2023-04-18 08:00:00,ringsted,4.4,128.0,3.275,0.0,1029.12,72.5,0.0
1681801200,2023-04-18 07:00:00,2023-04-18 09:00:00,ringsted,6.6,313.5,4.3,0.0,1029.42,58.75,0.0
1681804800,2023-04-18 08:00:00,2023-04-18 10:00:00,ringsted,8.175,459.0,4.95,0.0,1029.62,48.75,0.0
1681808400,2023-04-18 09:00:00,2023-04-18 11:00:00,ringsted,9.4,582.0,5.05,0.0,1029.66,44.5,0.0
1681812000,2023-04-18 10:00:00,2023-04-18 12:00:00,ringsted,10.5,676.5,4.925,0.0,1029.56,42.5,0.0
1681815600,2023-04-18 11:00:00,2023-04-18 13:00:00,ringsted,11.55,718.0,4.725,0.0,1029.33,42.75,0.0
1681819200,2023-04-18 12:00:00,2023-04-18 14:00:00,ringsted,12.375,725.5,4.425,0.0,1029.12,43.25,0.0
1681822800,2023-04-18 13:00:00,2023-04-18 15:00:00,ringsted,13.025,706.0,4.375,0.0,1028.85,42.0,0.0
1681826400,2023-04-18 14:00:00,2023-04-18 16:00:00,ringsted,13.4,627.5,3.825,0.0,1028.66,41.0,1.66667
1681830000,2023-04-18 15:00:00,2023-04-18 17:00:00,ringsted,13.425,505.5,3.2,0.0,1028.57,42.0,16.25
1681833600,2023-04-18 16:00:00,2023-04-18 18:00:00,ringsted,12.9,367.0,3.175,0.0,1028.65,43.25,0.833333
1681837200,2023-04-18 17:00:00,2023-04-18 19:00:00,ringsted,11.8,210.5,3.2,0.0,1029.03,44.5,0.0
1681840800,2023-04-18 18:00:00,2023-04-18 20:00:00,ringsted,9.55,60.0,2.75,0.0,1029.53,55.0,0.0
1681844400,2023-04-18 19:00:00,2023-04-18 21:00:00,ringsted,7.75,4.5,2.275,0.0,1029.92,60.25,0.0
1681848000,2023-04-18 20:00:00,2023-04-18 22:00:00,ringsted,6.6,0.0,1.75,0.0,1030.22,64.25,0.0
1681851600,2023-04-18 21:00:00,2023-04-18 23:00:00,ringsted,5.625,0.0,1.55,0.0,1030.3,71.0,0.0
1681855200,2023-04-18 22:00:00,2023-04-19 00:00:00,ringsted,4.65,0.0,0.9,0.0,1030.24,75.75,0.0
1681858800,2023-04-18 23:00:00,2023-04-19 01:00:00,ringsted,3.6,0.0,1.2,0.0,1030.21,82.25,0.0
1681862400,2023-04-19 00:00:00,2023-04-19 02:00:00,ringsted,3.375,0.0,1.825,0.0,1029.9,81.25,7.5
1681866000,2023-04-19 01:00:00,2023-04-19 03:00:00,ringsted,3.525,0.0,2.225,0.0,1029.6,76.25,0.833333
1681869600,2023-04-19 02:00:00,2023-04-19 04:00:00,ringsted,3.125,0.0,2.5,0.0,1029.12,75.25,0.0
1681873200,2023-04-19 03:00:00,2023-04-19 05:00:00,ringsted,3.025,0.0,2.75,0.0,1028.63,74.0,0.0
1681876800,2023-04-19 04:00:00,2023-04-19 06:00:00,ringsted,3.05,0.5,2.925,0.0,1028.33,74.0,0.0
1681880400,2023-04-19 05:00:00,2023-04-19 07:00:00,ringsted,3.65,45.5,3.725,0.0,1028.24,71.25,0.0
1681884000,2023-04-19 06:00:00,2023-04-19 08:00:00,ringsted,5.225,183.0,4.45,0.0,1028.11,66.5,0.0
1681887600,2023-04-19 07:00:00,2023-04-19 09:00:00,ringsted,7.2,335.5,5.05,0.0,1027.97,60.5,0.0
1681891200,2023-04-19 08:00:00,2023-04-19 10:00:00,ringsted,8.925,480.0,5.175,0.0,1027.75,53.25,0.0
1681894800,2023-04-19 09:00:00,2023-04-19 11:00:00,ringsted,10.25,604.0,5.25,0.0,1027.26,44.0,0.0
1681898400,2023-04-19 10:00:00,2023-04-19 12:00:00,ringsted,11.0,691.0,6.0,0.0,1026.69,37.0,0.0
1681902000,2023-04-19 11:00:00,2023-04-19 13:00:00,ringsted,11.6,748.0,6.525,0.0,1026.18,33.5,0.0
1681905600,2023-04-19 12:00:00,2023-04-19 14:00:00,ringsted,12.1,752.0,5.725,0.0,1025.69,32.0,1.66667
1681909200,2023-04-19 13:00:00,2023-04-19 15:00:00,ringsted,12.525,705.5,5.6,0.0,1025.12,31.25,5.83333
1681912800,2023-04-19 14:00:00,2023-04-19 16:00:00,ringsted,12.9,626.5,5.3,0.0,1024.45,32.0,5.83333
1681916400,2023-04-19 15:00:00,2023-04-19 17:00:00,ringsted,13.175,530.0,5.45,0.0,1023.97,30.75,0.0
1681920000,2023-04-19 16:00:00,2023-04-19 18:00:00,ringsted,13.15,395.5,5.4,0.0,1023.62,31.5,0.0
1681923600,2023-04-19 17:00:00,2023-04-19 19:00:00,ringsted,12.825,245.5,5.225,0.0,1023.69,30.25,0.0
1681927200,2023-04-19 18:00:00,2023-04-19 20:00:00,ringsted,11.8,97.5,4.2,0.0,1023.99,34.5,0.0
1681930800,2023-04-19 19:00:00,2023-04-19 21:00:00,ringsted,10.475,8.5,3.825,0.0,1024.42,38.75,0.0
1681934400,2023-04-19 20:00:00,2023-04-19 22:00:00,ringsted,9.275,0.0,3.95,0.0,1024.6,41.25,0.0
1681938000,2023-04-19 21:00:00,2023-04-19 23:00:00,ringsted,8.575,0.0,4.95,0.0,1024.41,40.0,0.0
1681941600,2023-04-19 22:00:00,2023-04-20 00:00:00,ringsted,8.025,0.0,5.35,0.0,1023.84,40.25,0.0
1681945200,2023-04-19 23:00:00,2023-04-20 01:00:00,ringsted,7.3,0.0,5.675,0.0,1023.23,42.0,0.0
1681948800,2023-04-20 00:00:00,2023-04-20 02:00:00,ringsted,6.575,0.0,5.475,0.0,1022.78,44.75,0.0
1681952400,2023-04-20 01:00:00,2023-04-20 03:00:00,ringsted,5.9,0.0,5.325,0.0,1022.28,49.25,0.0
1681956000,2023-04-20 02:00:00,2023-04-20 04:00:00,ringsted,5.45,0.0,5.475,0.0,1021.82,53.5,0.0
1681959600,2023-04-20 03:00:00,2023-04-20 05:00:00,ringsted,5.25,0.0,5.275,0.0,1021.6,56.75,0.0
1681963200,2023-04-20 04:00:00,2023-04-20 06:00:00,ringsted,5.15,1.0,5.025,0.0,1021.49,58.5,0.0
1681966800,2023-04-20 05:00:00,2023-04-20 07:00:00,ringsted,5.275,40.0,5.325,0.0,1021.6,59.25,0.0
1681970400,2023-04-20 06:00:00,2023-04-20 08:00:00,ringsted,6.175,137.5,5.825,0.0,1021.84,57.5,0.0
1681974000,2023-04-20 07:00:00,2023-04-20 09:00:00,ringsted,7.25,231.0,6.325,0.0,1022.04,57.0,35.4167
1681977600,2023-04-20 08:00:00,2023-04-20 10:00:00,ringsted,8.125,245.0,5.875,0.0,1022.29,55.75,18.75
1681981200,2023-04-20 09:00:00,2023-04-20 11:00:00,ringsted,9.625,437.0,5.95,0.0,1022.24,53.75,10.0
1681984800,2023-04-20 10:00:00,2023-04-20 12:00:00,ringsted,11.65,660.0,6.675,0.0,1022.2,50.0,0.0
1681988400,2023-04-20 11:00:00,2023-04-20 13:00:00,ringsted,12.95,707.0,6.75,0.0,1021.94,48.5,0.0
1681992000,2023-04-20 12:00:00,2023-04-20 14:00:00,ringsted,13.8,712.5,6.8,0.0,1021.68,48.75,0.0
1681995600,2023-04-20 13:00:00,2023-04-20 15:00:00,ringsted,14.65,674.5,6.775,0.0,1021.3,47.75,0.0
1681999200,2023-04-20 14:00:00,2023-04-20 16:00:00,ringsted,15.325,597.5,7.85,0.0,1021.17,44.5,0.0
1682002800,2023-04-20 15:00:00,2023-04-20 17:00:00,ringsted,15.5,494.5,8.675,0.0,1021.02,41.75,0.0
1682006400,2023-04-20 16:00:00,2023-04-20 18:00:00,ringsted,15.15,365.5,8.55,0.0,1021.03,41.25,0.0
1682010000,2023-04-20 17:00:00,2023-04-20 19:00:00,ringsted,14.3,223.5,7.575,0.0,1021.15,42.75,0.0
1682013600,2023-04-20 18:00:00,2023-04-20 20:00:00,ringsted,13.25,86.5,6.925,0.0,1021.48,43.75,0.0
1682017200,2023-04-20 19:00:00,2023-04-20 21:00:00,ringsted,12.1,7.5,5.675,0.0,1021.72,45.75,0.0
1682020800,2023-04-20 20:00:00,2023-04-20 22:00:00,ringsted,11.075,0.0,5.5,0.0,1021.85,46.75,0.0
1682024400,2023-04-20 21:00:00,2023-04-20 23:00:00,ringsted,10.1,0.0,5.525,0.0,1021.94,48.5,0.0
1682028000,2023-04-20 22:00:00,2023-04-21 00:00:00,ringsted,9.425,0.0,5.45,0.0,1022.0,48.5,0.0
1682031600,2023-04-20 23:00:00,2023-04-21 01:00:00,ringsted,8.725,0.0,5.075,0.0,1022.01,48.75,0.0
1682035200,2023-04-21 00:00:00,2023-04-21 02:00:00,ringsted,7.925,0.0,4.65,0.0,1021.94,52.0,0.0
1682038800,2023-04-21 01:00:00,2023-04-21 03:00:00,ringsted,7.025,0.0,4.2,0.0,1021.72,56.5,0.0
1682042400,2023-04-21 02:00:00,2023-04-21 04:00:00,ringsted,6.325,0.0,3.725,0.0,1021.39,59.25,0.0
1682046000,2023-04-21 03:00:00,2023-04-21 05:00:00,ringsted,5.725,0.0,3.225,0.0,1021.0,60.75,0.0
1682049600,2023-04-21 04:00:00,2023-04-21 06:00:00,ringsted,5.475,0.5,3.275,0.0,1020.72,61.25,0.0
1682053200,2023-04-21 05:00:00,2023-04-21 07:00:00,ringsted,5.275,50.0,3.0,0.0,1020.55,63.0,0.0
1682056800,2023-04-21 06:00:00,2023-04-21 08:00:00,ringsted,7.1,186.0,3.65,0.0,1020.41,56.5,0.0
1682060400,2023-04-21 07:00:00,2023-04-21 09:00:00,ringsted,8.8,327.5,4.425,0.0,1020.18,50.25,0.0
1682064000,2023-04-21 08:00:00,2023-04-21 10:00:00,ringsted,10.425,450.0,4.5,0.0,1019.88,45.0,0.0
1682067600,2023-04-21 09:00:00,2023-04-21 11:00:00,ringsted,11.75,598.5,4.6,0.0,1019.79,42.75,0.0
1682071200,2023-04-21 10:00:00,2023-04-21 12:00:00,ringsted,12.975,686.5,4.85,0.0,1019.43,40.5,0.0
1682074800,2023-04-21 11:00:00,2023-04-21 13:00:00,ringsted,14.0,740.0,5.175,0.0,1018.88,40.25,0.0
1682078400,2023-04-21 12:00:00,2023-04-21 14:00:00,ringsted,14.45,751.0,5.875,0.0,1018.38,40.25,0.0
1682082000,2023-04-21 13:00:00,2023-04-21 15:00:00,ringsted,14.475,715.0,6.15,0.0,1017.93,39.25,0.0
1682085600,2023-04-21 14:00:00,2023-04-21 16:00:00,ringsted,14.325,637.0,5.725,0.0,1017.21,38.0,0.0
1682089200,2023-04-21 15:00:00,2023-04-21 17:00:00,ringsted,13.95,530.5,5.425,0.0,1016.49,36.25,0.0
1682092800,2023-04-21 16:00:00,2023-04-21 18:00:00,ringsted,13.425,398.5,4.85,0.0,1015.83,35.5,0.0
1682096400,2023-04-21 17:00:00,2023-04-21 19:00:00,ringsted,12.525,255.0,4.6,0.0,1015.28,37.0,0.0
1682100000,2023-04-21 18:00:00,2023-04-21 20:00:00,ringsted,10.925,107.5,4.025,0.0,1015.08,41.5,0.0
1682103600,2023-04-21 19:00:00,2023-04-21 21:00:00,ringsted,8.725,10.5,3.15,0.0,1014.81,50.25,0.0
1682107200,2023-04-21 20:00:00,2023-04-21 22:00:00,ringsted,7.5,0.0,3.15,0.0,1014.48,55.25,0.0
1682110800,2023-04-21 21:00:00,2023-04-21 23:00:00,ringsted,7.075,0.0,2.875,0.0,1014.18,57.25,0.0
1682114400,2023-04-21 22:00:00,2023-04-22 00:00:00,ringsted,6.275,0.0,2.875,0.0,1013.8,60.0,0.0
1682118000,2023-04-21 23:00:00,2023-04-22 01:00:00,ringsted,6.025,0.0,2.875,0.0,1013.5,62.25,0.0
1682121600,2023-04-22 00:00:00,2023-04-22 02:00:00,ringsted,4.825,0.0,2.175,0.0,1012.93,66.75,0.0
1682125200,2023-04-22 01:00:00,2023-04-22 03:00:00,ringsted,4.8,0.0,2.65,0.0,1012.43,66.75,0.0
1682128800,2023-04-22 02:00:00,2023-04-22 04:00:00,ringsted,4.775,0.0,2.95,0.0,1011.83,69.0,0.0
1682132400,2023-04-22 03:00:00,2023-04-22 05:00:00,ringsted,4.75,0.0,3.025,0.0,1011.35,71.75,0.0
1682136000,2023-04-22 04:00:00,2023-04-22 06:00:00,ringsted,4.425,1.0,2.875,0.0,1010.85,76.25,0.0
1682139600,2023-04-22 05:00:00,2023-04-22 07:00:00,ringsted,4.975,51.5,3.2,0.0,1010.6,77.25,0.0
1682143200,2023-04-22 06:00:00,2023-04-22 08:00:00,ringsted,7.25,184.5,3.475,0.0,1010.35,73.5,0.0
1682146800,2023-04-22 07:00:00,2023-04-22 09:00:00,ringsted,9.175,333.5,4.1,0.0,1010.1,69.25,0.0
1682150400,2023-04-22 08:00:00,2023-04-22 10:00:00,ringsted,11.25,471.0,4.525,0.0,1009.74,64.25,0.0
1682154000,2023-04-22 09:00:00,2023-04-22 11:00:00,ringsted,12.625,587.0,4.9,0.0,1009.24,59.5,0.0
1682157600,2023-04-22 10:00:00,2023-04-22 12:00:00,ringsted,13.875,678.0,5.2,0.0,1008.72,55.25,0.0
1682161200,2023-04-22 11:00:00,2023-04-22 13:00:00,ringsted,14.7,729.5,5.9,0.0,1008.13,51.5,2.5
1682164800,2023-04-22 12:00:00,2023-04-22 14:00:00,ringsted,14.95,722.0,6.0,0.0,1007.72,51.75,4.16667
1682168400,2023-04-22 13:00:00,2023-04-22 15:00:00,ringsted,14.75,671.0,6.025,0.0,1007.12,52.75,0.0
1682172000,2023-04-22 14:00:00,2023-04-22 16:00:00,ringsted,14.525,581.5,6.4,0.0,1006.42,51.75,0.0
1682175600,2023-04-22 15:00:00,2023-04-22 17:00:00,ringsted,14.575,522.0,6.75,0.0,1005.82,50.25,0.0
1682179200,2023-04-22 16:00:00,2023-04-22 18:00:00,ringsted,14.15,341.0,6.4,0.0,1005.25,50.75,0.0
1682182800,2023-04-22 17:00:00,2023-04-22 19:00:00,ringsted,12.9,179.5,5.85,0.0,1004.96,54.5,0.0
1682186400,2023-04-22 18:00:00,2023-04-22 20:00:00,ringsted,12.55,55.5,4.7,0.0,1004.91,53.5,0.0
1682190000,2023-04-22 19:00:00,2023-04-22 21:00:00,ringsted,12.2,7.0,5.6,0.0,1003.77,55.0,23.3333
1682193600,2023-04-22 20:00:00,2023-04-22 22:00:00,ringsted,11.4,0.0,5.2,0.0,1003.05,59.0,5.45455
1682197200,2023-04-22 21:00:00,2023-04-22 23:00:00,ringsted,9.5,0.0,5.4,0.0,1002.56,68.5,6.25
1682200800,2023-04-22 22:00:00,2023-04-23 00:00:00,ringsted,9.25,0.0,5.5,0.0,1001.89,70.0,20.4167
1682204400,2023-04-22 23:00:00,2023-04-23 01:00:00,ringsted,9.5,0.0,5.1,0.0,1001.52,70.0,75.0
1682208000,2023-04-23 00:00:00,2023-04-23 02:00:00,ringsted,9.8,0.0,4.6,0.0,1001.57,70.0,72.5
1682211600,2023-04-23 01:00:00,2023-04-23 03:00:00,ringsted,9.36667,0.0,3.63333,0.0,1000.95,74.6667,47.5
1682215200,2023-04-23 02:00:00,2023-04-23 04:00:00,ringsted,9.06667,0.0,2.9,0.0,1000.54,78.3333,69.1667
1682218800,2023-04-23 03:00:00,2023-04-23 05:00:00,ringsted,8.96667,0.0,2.2,0.0,1000.24,82.3333,91.6667
1682222400,2023-04-23 04:00:00,2023-04-23 06:00:00,ringsted,9.06667,0.5,1.93333,0.0666667,1000.23,87.3333,95.0
1682226000,2023-04-23 05:00:00,2023-04-23 07:00:00,ringsted,9.66667,13.5,2.0,0.466667,1000.41,89.6667,85.8333
1682229600,2023-04-23 06:00:00,2023-04-23 08:00:00,ringsted,10.0333,26.0,1.73333,0.4,1000.59,91.6667,81.6667
1682233200,2023-04-23 07:00:00,2023-04-23 09:00:00,ringsted,9.83333,47.5,1.93333,1.2,1000.71,96.0,95.0
1682236800,2023-04-23 08:00:00,2023-04-23 10:00:00,ringsted,10.1667,85.5,3.26667,0.733333,1001.11,96.6667,75.0
1682240400,2023-04-23 09:00:00,2023-04-23 11:00:00,ringsted,9.7,189.5,4.56667,0.366667,1001.48,93.6667,55.0
1682244000,2023-04-23 10:00:00,2023-04-23 12:00:00,ringsted,9.96667,280.5,4.53333,0.366667,1001.64,90.0,50.8333
1682247600,2023-04-23 11:00:00,2023-04-23 13:00:00,ringsted,10.1,303.5,4.06667,0.0,1001.62,85.0,43.3333
1682251200,2023-04-23 12:00:00,2023-04-23 14:00:00,ringsted,10.6,249.0,3.9,0.0,1001.81,78.3333,11.6667
1682254800,2023-04-23 13:00:00,2023-04-23 15:00:00,ringsted,11.3333,458.5,3.73333,0.0,1001.77,69.3333,18.3333
1682258400,2023-04-23 14:00:00,2023-04-23 16:00:00,ringsted,12.025,590.0,3.725,0.0,1001.29,67.0,2.91667
1682262000,2023-04-23 15:00:00,2023-04-23 17:00:00,ringsted,12.6,502.0,3.2,0.0,1001.11,61.0,0.833333
1682265600,2023-04-23 16:00:00,2023-04-23 18:00:00,ringsted,12.75,366.0,3.35,0.0,1000.71,61.0,0.0
1682269200,2023-04-23 17:00:00,2023-04-23 19:00:00,ringsted,12.6,197.0,3.15,0.0,1000.55,61.0,0.0
1682272800,2023-04-23 18:00:00,2023-04-23 20:00:00,ringsted,11.575,72.5,1.45,0.0,1000.65,67.5,7.5
1682276400,2023-04-23 19:00:00,2023-04-23 21:00:00,ringsted,9.75,8.5,1.35,0.0,1000.83,78.5,4.16667
1682280000,2023-04-23 20:00:00,2023-04-23 22:00:00,ringsted,8.3,0.0,1.9,0.0,1000.54,84.0,0.0
1682283600,2023-04-23 21:00:00,2023-04-23 23:00:00,ringsted,7.875,0.0,2.3,0.0,1000.3,85.0,23.75
1682287200,2023-04-23 22:00:00,2023-04-24 00:00:00,ringsted,7.625,0.0,2.825,0.0,999.754,89.0,61.6667
1682290800,2023-04-23 23:00:00,2023-04-24 01:00:00,ringsted,8.0,0.0,3.025,0.0,999.121,86.25,63.3333
1682294400,2023-04-24 00:00:00,2023-04-24 02:00:00,ringsted,8.025,0.0,3.075,0.0,998.438,85.25,55.0
1682298000,2023-04-24 01:00:00,2023-04-24 03:00:00,ringsted,8.125,0.0,3.425,0.05,997.65,84.5,51.6667
1682301600,2023-04-24 02:00:00,2023-04-24 04:00:00,ringsted,8.3,0.0,3.9,0.0,997.005,88.75,62.0833
1682305200,2023-04-24 03:00:00,2023-04-24 05:00:00,ringsted,8.825,0.0,4.275,0.175,996.304,91.5,95.4545
1682308800,2023-04-24 04:00:00,2023-04-24 06:00:00,ringsted,9.175,0.0,4.65,0.025,996.263,92.5,92.5
1682312400,2023-04-24 05:00:00,2023-04-24 07:00:00,ringsted,9.05,9.0,3.975,1.3,996.058,95.0,89.1667
1682316000,2023-04-24 06:00:00,2023-04-24 08:00:00,ringsted,8.85,24.5,3.85,0.425,995.925,97.0,71.6667
1682319600,2023-04-24 07:00:00,2023-04-24 09:00:00,ringsted,9.0,66.0,4.375,1.25,995.654,96.0,62.5
1682323200,2023-04-24 08:00:00,2023-04-24 10:00:00,ringsted,9.775,220.5,4.25,0.0,995.571,93.5,55.0
1682326800,2023-04-24 09:00:00,2023-04-24 11:00:00,ringsted,10.75,359.5,5.45,0.0,995.542,87.5,56.6667
1682330400,2023-04-24 10:00:00,2023-04-24 12:00:00,ringsted,11.7,520.0,5.725,0.0,995.525,83.25,54.1667
1682334000,2023-04-24 11:00:00,2023-04-24 13:00:00,ringsted,12.575,492.0,5.625,0.0,995.562,78.5,63.75
1682337600,2023-04-24 12:00:00,2023-04-24 14:00:00,ringsted,12.675,406.0,5.625,0.0,995.571,72.75,58.75
1682341200,2023-04-24 13:00:00,2023-04-24 15:00:00,ringsted,13.275,371.5,5.6,0.0,995.358,66.75,62.5
1682344800,2023-04-24 14:00:00,2023-04-24 16:00:00,ringsted,13.675,402.0,5.625,0.0,994.963,63.5,53.3333
1682348400,2023-04-24 15:00:00,2023-04-24 17:00:00,ringsted,13.85,457.0,5.3,0.0,994.737,62.5,49.1667
1682352000,2023-04-24 16:00:00,2023-04-24 18:00:00,ringsted,13.5,294.0,4.825,0.0,994.812,64.0,49.1667
1682355600,2023-04-24 17:00:00,2023-04-24 19:00:00,ringsted,12.675,144.0,4.425,0.0,994.938,68.25,51.6667
1682359200,2023-04-24 18:00:00,2023-04-24 20:00:00,ringsted,11.425,55.5,4.25,0.125,995.15,74.25,48.3333
1682362800,2023-04-24 19:00:00,2023-04-24 21:00:00,ringsted,10.0,6.5,3.7,0.275,995.179,84.5,62.5
1682366400,2023-04-24 20:00:00,2023-04-24 22:00:00,ringsted,9.125,0.0,4.325,0.025,995.029,90.25,90.0
1682370000,2023-04-24 21:00:00,2023-04-24 23:00:00,ringsted,8.575,0.0,5.35,0.0,994.596,91.0,93.3333
1682373600,2023-04-24 22:00:00,2023-04-25 00:00:00,ringsted,8.1,0.0,5.8,0.0,994.121,91.25,92.5
1682377200,2023-04-24 23:00:00,2023-04-25 01:00:00,ringsted,7.575,0.0,6.625,0.225,994.221,93.5,95.8333
1682380800,2023-04-25 00:00:00,2023-04-25 02:00:00,ringsted,7.0,0.0,6.375,0.225,994.679,93.0,95.0
1682384400,2023-04-25 01:00:00,2023-04-25 03:00:00,ringsted,6.45,0.0,6.925,0.075,995.208,92.0,92.5
1682388000,2023-04-25 02:00:00,2023-04-25 04:00:00,ringsted,6.325,0.0,6.2,0.0,995.571,90.75,83.3333
1682391600,2023-04-25 03:00:00,2023-04-25 05:00:00,ringsted,6.3,0.0,5.4,0.025,995.667,88.75,95.0
1682395200,2023-04-25 04:00:00,2023-04-25 06:00:00,ringsted,6.05,0.5,5.7,0.0,996.0,89.5,79.1667
1682398800,2023-04-25 05:00:00,2023-04-25 07:00:00,ringsted,5.8,7.0,6.025,0.0,996.479,89.0,68.3333
1682402400,2023-04-25 06:00:00,2023-04-25 08:00:00,ringsted,5.55,30.0,6.325,0.0,996.862,88.5,61.6667
1682406000,2023-04-25 07:00:00,2023-04-25 09:00:00,ringsted,5.65,68.0,6.25,0.0,997.3,84.75,90.0
1682409600,2023-04-25 08:00:00,2023-04-25 10:00:00,ringsted,5.9,122.5,6.15,0.0,997.925,79.75,95.0
1682413200,2023-04-25 09:00:00,2023-04-25 11:00:00,ringsted,6.425,189.0,6.35,0.0,998.662,72.75,90.0
1682416800,2023-04-25 10:00:00,2023-04-25 12:00:00,ringsted,6.8,268.0,6.7,0.0,999.15,68.25,88.3333
1682420400,2023-04-25 11:00:00,2023-04-25 13:00:00,ringsted,7.125,274.5,6.775,0.0,999.479,66.0,78.3333
1682424000,2023-04-25 12:00:00,2023-04-25 14:00:00,ringsted,7.475,318.5,6.9,0.0,999.854,64.5,78.3333
1682427600,2023-04-25 13:00:00,2023-04-25 15:00:00,ringsted,7.85,350.5,7.25,0.0,1000.11,62.0,73.3333
1682431200,2023-04-25 14:00:00,2023-04-25 16:00:00,ringsted,8.05,278.0,7.65,0.0,1000.45,62.0,80.8333
1682434800,2023-04-25 15:00:00,2023-04-25 17:00:00,ringsted,7.75,189.5,7.775,0.0,1000.87,64.0,80.8333
1682438400,2023-04-25 16:00:00,2023-04-25 18:00:00,ringsted,6.95,138.0,7.45,0.025,1001.18,70.0,85.0
1682442000,2023-04-25 17:00:00,2023-04-25 19:00:00,ringsted,6.875,85.5,7.2,0.0,1001.47,67.0,92.5
1682445600,2023-04-25 18:00:00,2023-04-25 20:00:00,ringsted,6.7,35.0,6.825,0.0,1001.97,64.75,92.5
1682449200,2023-04-25 19:00:00,2023-04-25 21:00:00,ringsted,6.4,5.0,6.675,0.0,1002.52,62.25,89.1667
1682452800,2023-04-25 20:00:00,2023-04-25 22:00:00,ringsted,6.075,0.0,6.675,0.0,1002.75,59.5,85.8333
1682456400,2023-04-25 21:00:00,2023-04-25 23:00:00,ringsted,5.75,0.0,7.125,0.0,1002.86,57.5,90.0
1682460000,2023-04-25 22:00:00,2023-04-26 00:00:00,ringsted,5.475,0.0,7.175,0.0,1003.1,59.25,82.5
1682463600,2023-04-25 23:00:00,2023-04-26 01:00:00,ringsted,5.2,0.0,7.925,0.0,1003.42,63.5,74.1667
1682467200,2023-04-26 00:00:00,2023-04-26 02:00:00,ringsted,4.825,0.0,7.575,0.0,1003.7,66.5,50.8333
1682470800,2023-04-26 01:00:00,2023-04-26 03:00:00,ringsted,4.55,0.0,7.45,0.0,1004.11,69.0,36.25
1682474400,2023-04-26 02:00:00,2023-04-26 04:00:00,ringsted,4.275,0.0,7.05,0.0,1004.35,69.75,39.1667
1682478000,2023-04-26 03:00:00,2023-04-26 05:00:00,ringsted,4.225,0.0,6.325,0.0,1004.46,69.75,56.6667
1682481600,2023-04-26 04:00:00,2023-04-26 06:00:00,ringsted,4.0,2.0,6.275,0.0,1004.74,72.25,33.75
1682485200,2023-04-26 05:00:00,2023-04-26 07:00:00,ringsted,3.85,50.5,6.075,0.0,1005.21,74.25,16.25
1682488800,2023-04-26 06:00:00,2023-04-26 08:00:00,ringsted,4.575,199.5,6.65,0.0,1005.54,70.75,38.75
1682492400,2023-04-26 07:00:00,2023-04-26 09:00:00,ringsted,5.5,336.0,8.1,0.0,1005.9,65.75,40.4167
1682496000,2023-04-26 08:00:00,2023-04-26 10:00:00,ringsted,6.2,472.0,8.5,0.0,1006.27,62.0,46.25
1682499600,2023-04-26 09:00:00,2023-04-26 11:00:00,ringsted,6.975,508.0,8.425,0.0,1006.6,57.5,48.75
1682503200,2023-04-26 10:00:00,2023-04-26 12:00:00,ringsted,7.475,613.0,8.175,0.0,1006.84,55.5,28.3333
1682506800,2023-04-26 11:00:00,2023-04-26 13:00:00,ringsted,8.25,713.5,8.2,0.0,1007.0,51.5,32.5
1682510400,2023-04-26 12:00:00,2023-04-26 14:00:00,ringsted,9.0,696.5,8.375,0.0,1007.39,47.25,31.25
1682514000,2023-04-26 13:00:00,2023-04-26 15:00:00,ringsted,8.725,638.0,8.25,0.0,1007.68,49.5,30.8333
1682517600,2023-04-26 14:00:00,2023-04-26 16:00:00,ringsted,8.95,489.5,7.875,0.0,1008.06,48.5,37.5
1682521200,2023-04-26 15:00:00,2023-04-26 17:00:00,ringsted,8.525,387.5,7.55,0.05,1008.33,49.75,19.5833
1682524800,2023-04-26 16:00:00,2023-04-26 18:00:00,ringsted,8.05,318.5,7.175,0.025,1008.51,53.5,23.3333
1682528400,2023-04-26 17:00:00,2023-04-26 19:00:00,ringsted,8.025,288.5,7.025,0.0,1008.82,52.5,20.8333
1682532000,2023-04-26 18:00:00,2023-04-26 20:00:00,ringsted,7.175,116.5,5.9,0.0,1009.28,57.5,10.0
1682535600,2023-04-26 19:00:00,2023-04-26 21:00:00,ringsted,6.0,12.5,4.825,0.175,1009.66,63.25,15.8333
1682539200,2023-04-26 20:00:00,2023-04-26 22:00:00,ringsted,4.6,0.0,3.725,0.35,1009.85,71.5,0.833333
1682542800,2023-04-26 21:00:00,2023-04-26 23:00:00,ringsted,3.9,0.0,3.475,0.0,1010.03,73.75,0.0
1682546400,2023-04-26 22:00:00,2023-04-27 00:00:00,ringsted,3.825,0.0,4.15,0.0,1010.35,73.25,0.0
1682550000,2023-04-26 23:00:00,2023-04-27 01:00:00,ringsted,3.45,0.0,4.075,0.0,1010.63,75.75,0.0
1682553600,2023-04-27 00:00:00,2023-04-27 02:00:00,ringsted,3.0,0.0,3.8,0.0,1010.74,80.75,0.0
1682557200,2023-04-27 01:00:00,2023-04-27 03:00:00,ringsted,2.65,0.0,3.675,0.0,1010.85,83.25,0.0
1682560800,2023-04-27 02:00:00,2023-04-27 04:00:00,ringsted,2.3,0.0,3.425,0.0,1011.1,85.5,0.0
1682564400,2023-04-27 03:00:00,2023-04-27 05:00:00,ringsted,2.25,0.0,3.775,0.0,1011.21,86.25,20.4167
1682568000,2023-04-27 04:00:00,2023-04-27 06:00:00,ringsted,2.375,3.0,3.925,0.0,1011.43,86.0,18.75
1682571600,2023-04-27 05:00:00,2023-04-27 07:00:00,ringsted,2.9,73.5,4.375,0.0,1011.6,83.75,17.5
1682575200,2023-04-27 06:00:00,2023-04-27 08:00:00,ringsted,4.1,217.0,5.45,0.0,1011.72,78.25,25.0
1682578800,2023-04-27 07:00:00,2023-04-27 09:00:00,ringsted,5.2,349.0,6.275,0.0,1011.92,72.25,35.4167
1682582400,2023-04-27 08:00:00,2023-04-27 10:00:00,ringsted,6.075,417.0,7.0,0.0,1012.22,66.75,34.5833
1682586000,2023-04-27 09:00:00,2023-04-27 11:00:00,ringsted,6.925,599.0,7.4,0.0,1012.28,60.75,21.25
1682589600,2023-04-27 10:00:00,2023-04-27 12:00:00,ringsted,7.625,608.5,7.575,0.0,1012.35,55.0,35.0
1682593200,2023-04-27 11:00:00,2023-04-27 13:00:00,ringsted,8.15,712.0,7.175,0.0,1012.51,54.5,49.1667
1682596800,2023-04-27 12:00:00,2023-04-27 14:00:00,ringsted,8.75,592.5,7.4,0.0,1012.8,52.25,34.5833
1682600400,2023-04-27 13:00:00,2023-04-27 15:00:00,ringsted,9.1,662.0,7.2,0.0,1013.03,51.25,31.6667
1682604000,2023-04-27 14:00:00,2023-04-27 16:00:00,ringsted,9.55,575.0,7.75,0.0,1013.23,47.75,35.8333
1682607600,2023-04-27 15:00:00,2023-04-27 17:00:00,ringsted,9.425,493.0,7.225,0.0,1013.33,48.75,28.3333
1682611200,2023-04-27 16:00:00,2023-04-27 18:00:00,ringsted,9.4,416.0,6.8,0.0,1013.29,47.25,40.0
1682614800,2023-04-27 17:00:00,2023-04-27 19:00:00,ringsted,9.125,222.0,5.6,0.0,1013.4,49.0,9.58333
1682618400,2023-04-27 18:00:00,2023-04-27 20:00:00,ringsted,8.55,137.0,4.75,0.0,1013.77,50.5,1.66667
1682622000,2023-04-27 19:00:00,2023-04-27 21:00:00,ringsted,6.85,21.5,2.75,0.0,1014.15,58.0,0.0
1682625600,2023-04-27 20:00:00,2023-04-27 22:00:00,ringsted,5.375,0.0,1.725,0.0,1014.3,64.75,0.0
1682629200,2023-04-27 21:00:00,2023-04-27 23:00:00,ringsted,4.625,0.0,1.75,0.0,1014.37,67.25,0.0
1682632800,2023-04-27 22:00:00,2023-04-28 00:00:00,ringsted,3.775,0.0,1.775,0.0,1014.49,72.5,0.0
1682636400,2023-04-27 23:00:00,2023-04-28 01:00:00,ringsted,2.95,0.0,1.55,0.0,1014.6,77.5,0.0
1682640000,2023-04-28 00:00:00,2023-04-28 02:00:00,ringsted,1.45,0.0,1.125,0.0,1014.51,86.25,0.0
1682643600,2023-04-28 01:00:00,2023-04-28 03:00:00,ringsted,0.6,0.0,0.7,0.0,1014.39,91.0,0.0
1682647200,2023-04-28 02:00:00,2023-04-28 04:00:00,ringsted,-0.1,0.0,0.7,0.0,1014.4,92.25,0.0
1682650800,2023-04-28 03:00:00,2023-04-28 05:00:00,ringsted,-0.675,0.0,0.425,0.0,1014.28,95.0,31.6667
1682654400,2023-04-28 04:00:00,2023-04-28 06:00:00,ringsted,-1.1,4.5,0.425,0.0,1014.22,95.5,50.8333
1682658000,2023-04-28 05:00:00,2023-04-28 07:00:00,ringsted,-0.05,89.0,0.625,0.0,1014.16,94.5,80.0
1682661600,2023-04-28 06:00:00,2023-04-28 08:00:00,ringsted,2.95,168.5,0.55,0.0,1014.0,89.0,60.8333
1682665200,2023-04-28 07:00:00,2023-04-28 09:00:00,ringsted,5.775,314.0,0.975,0.0,1013.85,75.75,34.1667
1682668800,2023-04-28 08:00:00,2023-04-28 10:00:00,ringsted,7.45,499.5,2.3,0.0,1013.66,62.5,8.75
1682672400,2023-04-28 09:00:00,2023-04-28 11:00:00,ringsted,8.575,611.0,2.1,0.0,1013.35,53.5,16.6667
1682676000,2023-04-28 10:00:00,2023-04-28 12:00:00,ringsted,9.175,640.0,2.7,0.0,1012.91,53.25,2.5
1682679600,2023-04-28 11:00:00,2023-04-28 13:00:00,ringsted,9.375,605.0,3.45,0.0,1012.53,55.25,3.33333
1682683200,2023-04-28 12:00:00,2023-04-28 14:00:00,ringsted,9.775,641.0,4.025,0.0,1012.26,56.0,5.0
1682686800,2023-04-28 13:00:00,2023-04-28 15:00:00,ringsted,9.95,530.5,4.175,0.0,1011.83,54.0,1.66667
1682690400,2023-04-28 14:00:00,2023-04-28 16:00:00,ringsted,9.825,442.0,4.2,0.0,1011.37,52.25,22.0833
1682694000,2023-04-28 15:00:00,2023-04-28 17:00:00,ringsted,9.525,354.0,4.5,0.0,1010.95,54.0,7.5
1682697600,2023-04-28 16:00:00,2023-04-28 18:00:00,ringsted,9.2,275.0,4.175,0.0,1010.69,54.75,0.833333
1682701200,2023-04-28 17:00:00,2023-04-28 19:00:00,ringsted,8.65,169.0,4.25,0.0,1010.55,57.0,15.0
1682704800,2023-04-28 18:00:00,2023-04-28 20:00:00,ringsted,7.775,59.0,3.75,0.0,1010.49,63.25,22.0833
1682708400,2023-04-28 19:00:00,2023-04-28 21:00:00,ringsted,7.075,8.5,3.35,0.0,1010.42,67.25,16.25
1682712000,2023-04-28 20:00:00,2023-04-28 22:00:00,ringsted,6.725,0.0,3.15,0.0,1010.4,69.5,9.16667
1682715600,2023-04-28 21:00:00,2023-04-28 23:00:00,ringsted,6.525,0.0,2.925,0.0,1010.3,71.25,7.08333
1682719200,2023-04-28 22:00:00,2023-04-29 00:00:00,ringsted,6.075,0.0,2.475,0.0,1010.07,75.75,19.1667
1682722800,2023-04-28 23:00:00,2023-04-29 01:00:00,ringsted,5.275,0.0,2.175,0.0,1009.78,79.5,11.25
1682726400,2023-04-29 00:00:00,2023-04-29 02:00:00,ringsted,4.425,0.0,1.925,0.0,1009.52,84.75,27.5
1682730000,2023-04-29 01:00:00,2023-04-29 03:00:00,ringsted,4.125,0.0,1.475,0.0,1009.38,87.0,52.9167
1682733600,2023-04-29 02:00:00,2023-04-29 04:00:00,ringsted,3.325,0.0,1.7,0.0,1009.25,89.25,29.5833
1682737200,2023-04-29 03:00:00,2023-04-29 05:00:00,ringsted,3.1,0.0,1.875,0.0,1009.25,87.75,51.25
1682740800,2023-04-29 04:00:00,2023-04-29 06:00:00,ringsted,2.7,4.0,2.0,0.0,1009.54,89.0,95.0
1682744400,2023-04-29 05:00:00,2023-04-29 07:00:00,ringsted,3.6,39.5,1.95,0.0,1009.88,89.0,93.3333
1682748000,2023-04-29 06:00:00,2023-04-29 08:00:00,ringsted,5.3,167.0,2.05,0.0,1010.06,82.5,57.0833
1682751600,2023-04-29 07:00:00,2023-04-29 09:00:00,ringsted,7.725,315.5,2.65,0.0,1010.3,68.75,40.0
1682755200,2023-04-29 08:00:00,2023-04-29 10:00:00,ringsted,9.525,424.5,2.5,0.0,1010.43,59.0,25.0
1682758800,2023-04-29 09:00:00,2023-04-29 11:00:00,ringsted,10.925,578.0,3.1,0.0,1010.53,51.25,0.0
1682762400,2023-04-29 10:00:00,2023-04-29 12:00:00,ringsted,11.925,719.0,3.675,0.0,1010.51,48.0,2.91667
1682766000,2023-04-29 11:00:00,2023-04-29 13:00:00,ringsted,12.725,769.0,4.725,0.0,1010.48,46.0,27.0833
1682769600,2023-04-29 12:00:00,2023-04-29 14:00:00,ringsted,12.925,716.5,5.975,0.0,1010.71,47.75,69.1667
1682773200,2023-04-29 13:00:00,2023-04-29 15:00:00,ringsted,12.15,509.0,6.5,0.0,1010.78,51.75,35.8333
1682776800,2023-04-29 14:00:00,2023-04-29 16:00:00,ringsted,12.15,579.5,6.825,0.0,1010.73,52.75,19.5833
1682780400,2023-04-29 15:00:00,2023-04-29 17:00:00,ringsted,12.175,571.0,7.525,0.0,1010.98,49.5,15.4167
1682784000,2023-04-29 16:00:00,2023-04-29 18:00:00,ringsted,11.425,379.0,7.8,0.0,1011.47,49.5,2.5
1682787600,2023-04-29 17:00:00,2023-04-29 19:00:00,ringsted,10.5,291.0,7.75,0.0,1011.98,48.0,0.0
1682791200,2023-04-29 18:00:00,2023-04-29 20:00:00,ringsted,9.425,141.0,6.825,0.0,1012.52,46.5,0.0
1682794800,2023-04-29 19:00:00,2023-04-29 21:00:00,ringsted,8.0,24.5,5.6,0.0,1013.21,51.25,0.0
1682798400,2023-04-29 20:00:00,2023-04-29 22:00:00,ringsted,6.8,0.0,4.65,0.0,1013.83,56.25,0.0
1682802000,2023-04-29 21:00:00,2023-04-29 23:00:00,ringsted,5.825,0.0,4.425,0.0,1014.25,60.5,4.16667
1682805600,2023-04-29 22:00:00,2023-04-30 00:00:00,ringsted,5.2,0.0,4.525,0.0,1014.64,65.5,0.0
1682809200,2023-04-29 23:00:00,2023-04-30 01:00:00,ringsted,4.65,0.0,4.65,0.0,1015.12,69.25,0.0
1682812800,2023-04-30 00:00:00,2023-04-30 02:00:00,ringsted,3.975,0.0,4.125,0.0,1015.41,72.25,0.0
1682816400,2023-04-30 01:00:00,2023-04-30 03:00:00,ringsted,3.475,0.0,3.75,0.0,1015.64,74.5,0.833333
1682820000,2023-04-30 02:00:00,2023-04-30 04:00:00,ringsted,3.325,0.0,4.025,0.0,1015.91,75.75,5.0
1682823600,2023-04-30 03:00:00,2023-04-30 05:00:00,ringsted,2.9,0.0,3.8,0.0,1016.17,79.0,0.833333
1682827200,2023-04-30 04:00:00,2023-04-30 06:00:00,ringsted,2.55,5.0,3.4,0.0,1016.65,82.25,0.0
1682830800,2023-04-30 05:00:00,2023-04-30 07:00:00,ringsted,3.1,91.0,3.25,0.0,1017.15,81.75,15.4167
1682834400,2023-04-30 06:00:00,2023-04-30 08:00:00,ringsted,4.75,235.0,4.65,0.0,1017.58,76.0,41.25
1682838000,2023-04-30 07:00:00,2023-04-30 09:00:00,ringsted,6.05,351.5,6.025,0.0,1017.92,66.75,47.0833
1682841600,2023-04-30 08:00:00,2023-04-30 10:00:00,ringsted,6.95,493.0,6.45,0.0,1018.38,60.25,36.6667
1682845200,2023-04-30 09:00:00,2023-04-30 11:00:00,ringsted,7.525,608.0,6.775,0.0,1018.84,56.75,34.1667
1682848800,2023-04-30 10:00:00,2023-04-30 12:00:00,ringsted,8.1,676.0,6.6,0.0,1018.98,55.75,53.6364
1682852400,2023-04-30 11:00:00,2023-04-30 13:00:00,ringsted,8.55,662.0,6.375,0.0,1018.86,53.25,63.3333
1682856000,2023-04-30 12:00:00,2023-04-30 14:00:00,ringsted,8.975,687.0,6.0,0.0,1018.78,51.25,45.0
1682859600,2023-04-30 13:00:00,2023-04-30 15:00:00,ringsted,9.375,710.0,5.775,0.0,1018.67,50.25,45.0
1682863200,2023-04-30 14:00:00,2023-04-30 16:00:00,ringsted,9.75,670.0,5.475,0.0,1018.32,49.0,25.0
1682866800,2023-04-30 15:00:00,2023-04-30 17:00:00,ringsted,10.1,575.0,5.2,0.0,1018.1,48.25,12.9167
1682870400,2023-04-30 16:00:00,2023-04-30 18:00:00,ringsted,10.275,442.5,4.775,0.0,1017.75,47.5,10.4167
1682874000,2023-04-30 17:00:00,2023-04-30 19:00:00,ringsted,10.025,289.0,3.875,0.0,1017.41,49.0,3.33333
1682877600,2023-04-30 18:00:00,2023-04-30 20:00:00,ringsted,9.45,139.5,2.675,0.0,1017.44,51.25,0.0
1682881200,2023-04-30 19:00:00,2023-04-30 21:00:00,ringsted,7.775,22.0,1.6,0.0,1017.55,60.0,0.0
1682884800,2023-04-30 20:00:00,2023-04-30 22:00:00,ringsted,5.7,0.0,1.375,0.0,1017.44,70.5,0.0
1682888400,2023-04-30 21:00:00,2023-04-30 23:00:00,ringsted,4.45,0.0,1.3,0.0,1017.2,77.25,12.0833
1682892000,2023-04-30 22:00:00,2023-05-01 00:00:00,ringsted,4.075,0.0,1.575,0.0,1016.94,81.0,0.0
1682895600,2023-04-30 23:00:00,2023-05-01 01:00:00,ringsted,4.25,0.0,1.6,0.0,1016.72,82.0,0.0
1682899200,2023-05-01 00:00:00,2023-05-01 02:00:00,ringsted,3.825,0.0,2.15,0.0,1016.29,86.75,14.5833
1682902800,2023-05-01 01:00:00,2023-05-01 03:00:00,ringsted,3.525,0.0,1.825,0.0,1015.73,91.25,18.75
1682906400,2023-05-01 02:00:00,2023-05-01 04:00:00,ringsted,3.475,0.0,1.675,0.0,1015.25,94.25,39.5833
1682910000,2023-05-01 03:00:00,2023-05-01 05:00:00,ringsted,3.575,0.0,1.825,0.0,1014.72,95.5,63.3333
1682913600,2023-05-01 04:00:00,2023-05-01 06:00:00,ringsted,4.175,4.0,2.1,0.0,1014.37,95.0,50.0
1682917200,2023-05-01 05:00:00,2023-05-01 07:00:00,ringsted,4.825,54.5,2.5,0.0,1014.03,90.5,37.0833
1682920800,2023-05-01 06:00:00,2023-05-01 08:00:00,ringsted,6.85,190.0,3.025,0.0,1013.81,80.75,10.0
1682924400,2023-05-01 07:00:00,2023-05-01 09:00:00,ringsted,8.8,313.0,4.525,0.0,1013.3,67.0,25.0
1682928000,2023-05-01 08:00:00,2023-05-01 10:00:00,ringsted,10.35,475.5,5.725,0.0,1012.85,59.25,6.66667
1682931600,2023-05-01 09:00:00,2023-05-01 11:00:00,ringsted,11.575,575.0,5.825,0.0,1012.29,54.5,3.33333
1682935200,2023-05-01 10:00:00,2023-05-01 12:00:00,ringsted,12.525,704.5,6.45,0.0,1011.83,49.5,7.91667
1682938800,2023-05-01 11:00:00,2023-05-01 13:00:00,ringsted,13.3,757.5,5.825,0.0,1011.15,47.25,2.5
1682942400,2023-05-01 12:00:00,2023-05-01 14:00:00,ringsted,13.925,742.0,5.625,0.0,1010.46,44.75,5.83333
1682946000,2023-05-01 13:00:00,2023-05-01 15:00:00,ringsted,14.2,690.5,6.0,0.0,1009.78,40.75,2.5
1682949600,2023-05-01 14:00:00,2023-05-01 16:00:00,ringsted,14.5,655.5,5.85,0.0,1009.26,37.0,20.8333
1682953200,2023-05-01 15:00:00,2023-05-01 17:00:00,ringsted,14.375,460.0,5.225,0.0,1008.77,36.25,22.5
1682956800,2023-05-01 16:00:00,2023-05-01 18:00:00,ringsted,14.1,310.0,5.075,0.0,1008.39,39.5,11.6667
1682960400,2023-05-01 17:00:00,2023-05-01 19:00:00,ringsted,13.525,194.0,4.1,0.0,1008.08,44.5,14.1667
1682964000,2023-05-01 18:00:00,2023-05-01 20:00:00,ringsted,13.325,145.0,3.65,0.0,1007.85,46.25,1.66667
1682967600,2023-05-01 19:00:00,2023-05-01 21:00:00,ringsted,11.675,21.0,2.925,0.0,1007.78,55.0,29.5833
1682971200,2023-05-01 20:00:00,2023-05-01 22:00:00,ringsted,10.15,0.0,2.65,0.0,1007.75,62.5,46.25
1682974800,2023-05-01 21:00:00,2023-05-01 23:00:00,ringsted,9.825,0.0,2.7,0.0,1007.8,64.5,41.25
1682978400,2023-05-01 22:00:00,2023-05-02 00:00:00,ringsted,9.8,0.0,2.825,0.0,1007.77,68.0,90.0
1682982000,2023-05-01 23:00:00,2023-05-02 01:00:00,ringsted,9.725,0.0,3.125,0.0,1007.88,74.25,54.1667
1682985600,2023-05-02 00:00:00,2023-05-02 02:00:00,ringsted,9.8,0.0,3.45,0.0,1007.71,82.5,70.0
1682989200,2023-05-02 01:00:00,2023-05-02 03:00:00,ringsted,9.575,0.0,4.2,0.0,1008.11,89.5,83.3333
1682992800,2023-05-02 02:00:00,2023-05-02 04:00:00,ringsted,8.175,0.0,6.2,0.0,1008.84,89.25,48.3333
1682996400,2023-05-02 03:00:00,2023-05-02 05:00:00,ringsted,6.275,0.0,6.1,0.0,1009.45,84.25,60.8333
1683000000,2023-05-02 04:00:00,2023-05-02 06:00:00,ringsted,5.45,3.5,5.85,0.0,1010.2,84.75,75.8333
1683003600,2023-05-02 05:00:00,2023-05-02 07:00:00,ringsted,5.575,42.5,5.5,0.0,1011.09,85.0,62.5
1683007200,2023-05-02 06:00:00,2023-05-02 08:00:00,ringsted,6.125,118.5,5.025,0.0,1012.04,84.0,22.9167
1683010800,2023-05-02 07:00:00,2023-05-02 09:00:00,ringsted,7.075,278.5,5.125,0.0,1013.02,77.25,21.25
1683014400,2023-05-02 08:00:00,2023-05-02 10:00:00,ringsted,8.175,440.5,5.25,0.0,1013.92,69.25,41.6667
1683018000,2023-05-02 09:00:00,2023-05-02 11:00:00,ringsted,8.9,463.0,5.1,0.0,1014.8,66.0,36.6667
1683021600,2023-05-02 10:00:00,2023-05-02 12:00:00,ringsted,9.325,498.0,4.825,0.0,1015.61,62.75,41.25
1683025200,2023-05-02 11:00:00,2023-05-02 13:00:00,ringsted,9.825,521.5,4.95,0.0,1016.21,58.5,42.0833
1683028800,2023-05-02 12:00:00,2023-05-02 14:00:00,ringsted,10.25,695.0,5.0,0.0333333,1016.8,55.0,25.0
1683032400,2023-05-02 13:00:00,2023-05-02 15:00:00,ringsted,10.625,533.0,4.8,0.0,1017.18,51.5,24.5833
1683036000,2023-05-02 14:00:00,2023-05-02 16:00:00,ringsted,10.85,533.5,4.65,0.0,1017.56,49.5,20.4167
1683039600,2023-05-02 15:00:00,2023-05-02 17:00:00,ringsted,11.0,413.5,4.25,0.0,1017.9,46.75,15.8333
1683043200,2023-05-02 16:00:00,2023-05-02 18:00:00,ringsted,11.275,398.5,4.5,0.0,1018.22,44.25,4.16667
1683046800,2023-05-02 17:00:00,2023-05-02 19:00:00,ringsted,11.175,258.5,4.275,0.0,1018.53,43.75,0.833333
1683050400,2023-05-02 18:00:00,2023-05-02 20:00:00,ringsted,10.5,157.5,3.35,0.0,1018.96,47.5,2.5
1683054000,2023-05-02 19:00:00,2023-05-02 21:00:00,ringsted,8.75,26.5,2.425,0.0,1019.33,58.25,5.0
1683057600,2023-05-02 20:00:00,2023-05-02 22:00:00,ringsted,7.375,0.5,2.325,0.0,1019.77,65.25,3.33333
1683061200,2023-05-02 21:00:00,2023-05-02 23:00:00,ringsted,6.8,0.0,2.75,0.0,1020.3,69.5,0.0
1683064800,2023-05-02 22:00:00,2023-05-03 00:00:00,ringsted,6.175,0.0,3.625,0.0,1020.64,74.0,0.0
1683068400,2023-05-02 23:00:00,2023-05-03 01:00:00,ringsted,5.325,0.0,3.15,0.0,1020.9,79.5,0.0
1683072000,2023-05-03 00:00:00,2023-05-03 02:00:00,ringsted,4.75,0.0,3.05,0.0,1021.1,82.75,0.0
1683075600,2023-05-03 01:00:00,2023-05-03 03:00:00,ringsted,4.1,0.0,2.775,0.0,1021.27,86.5,31.25
1683079200,2023-05-03 02:00:00,2023-05-03 04:00:00,ringsted,3.975,0.0,2.9,0.0,1021.45,89.0,25.4167
1683082800,2023-05-03 03:00:00,2023-05-03 05:00:00,ringsted,3.6,0.0,2.65,0.0,1021.64,91.5,28.3333
1683086400,2023-05-03 04:00:00,2023-05-03 06:00:00,ringsted,3.2,8.5,2.8,0.0,1021.9,93.75,15.4167
1683090000,2023-05-03 05:00:00,2023-05-03 07:00:00,ringsted,3.975,86.5,2.375,0.0,1022.29,92.25,36.6667
1683093600,2023-05-03 06:00:00,2023-05-03 08:00:00,ringsted,5.775,233.5,3.4,0.0,1022.7,86.0,67.5
1683097200,2023-05-03 07:00:00,2023-05-03 09:00:00,ringsted,7.325,403.0,4.725,0.0,1022.91,75.75,48.75
1683100800,2023-05-03 08:00:00,2023-05-03 10:00:00,ringsted,7.9,438.0,4.725,0.0,1023.03,69.25,31.25
1683104400,2023-05-03 09:00:00,2023-05-03 11:00:00,ringsted,8.525,511.0,4.65,0.0,1023.43,63.5,48.75
1683108000,2023-05-03 10:00:00,2023-05-03 12:00:00,ringsted,9.0,579.5,4.325,0.0,1023.56,59.25,50.8333
1683111600,2023-05-03 11:00:00,2023-05-03 13:00:00,ringsted,9.55,555.0,4.3,0.0,1023.6,56.25,39.1667
1683115200,2023-05-03 12:00:00,2023-05-03 14:00:00,ringsted,10.175,783.0,4.25,0.0,1023.61,54.0,13.75
1683118800,2023-05-03 13:00:00,2023-05-03 15:00:00,ringsted,10.525,619.0,4.4,0.0,1023.42,52.25,5.83333
1683122400,2023-05-03 14:00:00,2023-05-03 16:00:00,ringsted,11.05,585.0,4.575,0.0,1023.09,50.5,7.5
1683126000,2023-05-03 15:00:00,2023-05-03 17:00:00,ringsted,11.05,421.5,4.3,0.0,1023.0,49.0,0.0
1683129600,2023-05-03 16:00:00,2023-05-03 18:00:00,ringsted,11.25,432.0,3.9,0.0,1022.84,47.0,0.0
1683133200,2023-05-03 17:00:00,2023-05-03 19:00:00,ringsted,11.125,297.5,3.3,0.0,1022.67,47.0,0.0
1683136800,2023-05-03 18:00:00,2023-05-03 20:00:00,ringsted,10.575,152.0,2.625,0.0,1022.7,50.5,0.0
1683140400,2023-05-03 19:00:00,2023-05-03 21:00:00,ringsted,9.05,32.0,1.6,0.0,1022.97,59.25,0.0
1683144000,2023-05-03 20:00:00,2023-05-03 22:00:00,ringsted,6.775,0.0,1.1,0.0,1023.12,70.0,0.0
1683147600,2023-05-03 21:00:00,2023-05-03 23:00:00,ringsted,5.075,0.0,0.7,0.0,1023.04,78.5,0.0
1683151200,2023-05-03 22:00:00,2023-05-04 00:00:00,ringsted,3.95,0.0,0.175,0.0,1022.97,85.75,0.0
1683154800,2023-05-03 23:00:00,2023-05-04 01:00:00,ringsted,2.95,0.0,0.35,0.0,1022.84,89.5,0.0
1683158400,2023-05-04 00:00:00,2023-05-04 02:00:00,ringsted,2.75,0.0,0.7,0.0,1022.71,91.25,0.0
1683162000,2023-05-04 01:00:00,2023-05-04 03:00:00,ringsted,2.5,0.0,1.025,0.0,1022.45,92.5,0.0
1683165600,2023-05-04 02:00:00,2023-05-04 04:00:00,ringsted,2.8,0.0,1.0,0.0,1022.32,92.75,0.0
1683169200,2023-05-04 03:00:00,2023-05-04 05:00:00,ringsted,2.225,0.0,0.95,0.0,1022.3,95.0,0.833333
1683172800,2023-05-04 04:00:00,2023-05-04 06:00:00,ringsted,1.975,12.5,1.025,0.0,1022.31,96.5,1.66667
1683176400,2023-05-04 05:00:00,2023-05-04 07:00:00,ringsted,3.225,106.5,0.8,0.0,1022.36,96.75,0.0
1683180000,2023-05-04 06:00:00,2023-05-04 08:00:00,ringsted,6.725,250.0,0.7,0.0,1022.34,90.0,2.5
1683183600,2023-05-04 07:00:00,2023-05-04 09:00:00,ringsted,8.95,339.5,1.15,0.0,1022.4,79.5,27.9167
1683187200,2023-05-04 08:00:00,2023-05-04 10:00:00,ringsted,10.275,419.5,1.375,0.0,1022.38,68.75,40.8333
1683190800,2023-05-04 09:00:00,2023-05-04 11:00:00,ringsted,10.85,406.0,1.7,0.0,1022.38,61.5,21.25
1683194400,2023-05-04 10:00:00,2023-05-04 12:00:00,ringsted,11.45,385.5,1.325,0.0,1022.19,54.75,18.3333
1683198000,2023-05-04 11:00:00,2023-05-04 13:00:00,ringsted,11.775,385.0,1.625,0.0,1021.66,54.0,30.8333
1683201600,2023-05-04 12:00:00,2023-05-04 14:00:00,ringsted,11.825,331.5,2.3,0.0,1021.55,54.5,25.4167
1683205200,2023-05-04 13:00:00,2023-05-04 15:00:00,ringsted,11.7667,373.0,2.73333,0.0,1021.18,53.0,26.6667
1683208800,2023-05-04 14:00:00,2023-05-04 16:00:00,ringsted,11.75,320.0,2.475,0.0,1020.8,55.75,48.3333
1683212400,2023-05-04 15:00:00,2023-05-04 17:00:00,ringsted,11.55,215.0,2.45,0.0,1020.59,53.75,55.8333
1683216000,2023-05-04 16:00:00,2023-05-04 18:00:00,ringsted,11.35,155.0,2.175,0.0,1020.47,50.0,58.3333
1683219600,2023-05-04 17:00:00,2023-05-04 19:00:00,ringsted,11.05,116.0,1.925,0.0,1020.32,53.25,74.1667
1683223200,2023-05-04 18:00:00,2023-05-04 20:00:00,ringsted,10.25,54.0,3.9,0.0,1020.7,52.75,72.5
1683226800,2023-05-04 19:00:00,2023-05-04 21:00:00,ringsted,8.95,16.5,4.35,0.0,1021.35,64.5,56.6667
1683230400,2023-05-04 20:00:00,2023-05-04 22:00:00,ringsted,7.625,0.0,5.05,0.0,1021.54,76.75,64.5833
1683234000,2023-05-04 21:00:00,2023-05-04 23:00:00,ringsted,6.8,0.0,5.45,0.0,1021.67,80.75,20.8333
1683237600,2023-05-04 22:00:00,2023-05-05 00:00:00,ringsted,6.225,0.0,5.85,0.0,1021.77,84.0,5.0
1683241200,2023-05-04 23:00:00,2023-05-05 01:00:00,ringsted,5.8,0.0,6.05,0.0,1021.91,85.0,7.5
1683244800,2023-05-05 00:00:00,2023-05-05 02:00:00,ringsted,5.425,0.0,6.15,0.0,1021.82,86.75,9.16667
1683248400,2023-05-05 01:00:00,2023-05-05 03:00:00,ringsted,5.275,0.0,6.425,0.0,1021.61,87.0,37.5
1683252000,2023-05-05 02:00:00,2023-05-05 04:00:00,ringsted,5.325,0.0,6.95,0.0,1021.55,85.0,37.5
1683255600,2023-05-05 03:00:00,2023-05-05 05:00:00,ringsted,5.375,0.0,7.325,0.0,1021.6,78.5,36.6667
1683259200,2023-05-05 04:00:00,2023-05-05 06:00:00,ringsted,5.45,16.0,7.5,0.0,1021.91,72.0,26.6667
1683262800,2023-05-05 05:00:00,2023-05-05 07:00:00,ringsted,5.775,97.0,7.825,0.0,1021.95,68.0,30.0
1683266400,2023-05-05 06:00:00,2023-05-05 08:00:00,ringsted,6.25,227.5,9.025,0.0,1022.08,62.25,41.6667
1683270000,2023-05-05 07:00:00,2023-05-05 09:00:00,ringsted,6.65,269.0,9.8,0.0,1022.33,56.5,50.8333
1683273600,2023-05-05 08:00:00,2023-05-05 10:00:00,ringsted,6.875,300.5,10.6,0.0,1022.64,51.0,63.3333
1683277200,2023-05-05 09:00:00,2023-05-05 11:00:00,ringsted,7.0,372.5,11.025,0.0,1022.91,48.75,70.0
1683280800,2023-05-05 10:00:00,2023-05-05 12:00:00,ringsted,6.75,338.0,10.95,0.0,1022.98,47.5,53.3333
1683284400,2023-05-05 11:00:00,2023-05-05 13:00:00,ringsted,6.8,466.0,11.05,0.0,1022.7,47.5,30.4167
1683288000,2023-05-05 12:00:00,2023-05-05 14:00:00,ringsted,7.075,466.5,12.1,0.0,1022.28,46.0,31.6667
1683291600,2023-05-05 13:00:00,2023-05-05 15:00:00,ringsted,6.85,563.0,11.65,0.0,1021.9,48.5,43.3333
1683295200,2023-05-05 14:00:00,2023-05-05 16:00:00,ringsted,7.075,563.5,11.6,0.0,1021.45,50.25,47.5
1683298800,2023-05-05 15:00:00,2023-05-05 17:00:00,ringsted,6.725,442.0,11.625,0.0,1021.03,51.0,53.3333
1683302400,2023-05-05 16:00:00,2023-05-05 18:00:00,ringsted,6.275,325.0,11.3,0.0,1020.72,53.25,71.6667
1683306000,2023-05-05 17:00:00,2023-05-05 19:00:00,ringsted,5.7,180.0,10.975,0.0,1020.53,57.25,83.3333
1683309600,2023-05-05 18:00:00,2023-05-05 20:00:00,ringsted,5.225,98.5,10.05,0.0,1020.5,61.0,90.8333
1683313200,2023-05-05 19:00:00,2023-05-05 21:00:00,ringsted,4.7,13.5,10.225,0.0,1020.35,63.5,88.3333
1683316800,2023-05-05 20:00:00,2023-05-05 22:00:00,ringsted,4.45,0.5,9.725,0.0,1020.19,66.5,82.5
1683320400,2023-05-05 21:00:00,2023-05-05 23:00:00,ringsted,4.4,0.0,9.95,0.0,1019.95,68.0,46.6667
1683324000,2023-05-05 22:00:00,2023-05-06 00:00:00,ringsted,4.375,0.0,9.85,0.0,1019.78,67.75,55.0
1683327600,2023-05-05 23:00:00,2023-05-06 01:00:00,ringsted,4.4,0.0,9.95,0.0,1019.49,68.0,53.3333
1683331200,2023-05-06 00:00:00,2023-05-06 02:00:00,ringsted,4.375,0.0,9.55,0.0,1019.12,68.5,50.8333
1683334800,2023-05-06 01:00:00,2023-05-06 03:00:00,ringsted,4.375,0.0,9.575,0.0,1018.78,70.25,54.1667
1683338400,2023-05-06 02:00:00,2023-05-06 04:00:00,ringsted,4.35,0.0,9.225,0.0,1018.61,72.25,50.8333
1683342000,2023-05-06 03:00:00,2023-05-06 05:00:00,ringsted,4.5,0.0,8.4,0.0,1018.39,73.0,50.0
1683345600,2023-05-06 04:00:00,2023-05-06 06:00:00,ringsted,4.725,3.5,7.775,0.0,1018.29,74.25,51.6667
1683349200,2023-05-06 05:00:00,2023-05-06 07:00:00,ringsted,5.025,26.5,7.025,0.0,1018.25,76.75,54.5455
1683352800,2023-05-06 06:00:00,2023-05-06 08:00:00,ringsted,5.6,90.0,6.975,0.0,1018.25,78.5,50.8333
1683356400,2023-05-06 07:00:00,2023-05-06 09:00:00,ringsted,6.4,145.5,7.2,0.0,1018.33,78.0,16.6667
1683360000,2023-05-06 08:00:00,2023-05-06 10:00:00,ringsted,7.225,176.5,8.0,0.0,1018.72,75.5,82.0833
1683363600,2023-05-06 09:00:00,2023-05-06 11:00:00,ringsted,7.875,242.5,8.325,0.0,1019.17,72.0,79.1667
1683367200,2023-05-06 10:00:00,2023-05-06 12:00:00,ringsted,8.3,320.0,8.625,0.0,1019.37,68.25,80.0
1683370800,2023-05-06 11:00:00,2023-05-06 13:00:00,ringsted,8.675,387.0,8.95,0.0,1019.56,63.75,71.25
1683374400,2023-05-06 12:00:00,2023-05-06 14:00:00,ringsted,8.95,567.0,9.725,0.0,1020.0,58.25,50.0
1683378000,2023-05-06 13:00:00,2023-05-06 15:00:00,ringsted,9.25,684.5,9.55,0.0,1020.29,55.5,27.5
1683381600,2023-05-06 14:00:00,2023-05-06 16:00:00,ringsted,8.975,493.5,9.3,0.0,1020.29,54.75,50.8333
1683385200,2023-05-06 15:00:00,2023-05-06 17:00:00,ringsted,8.25,284.5,9.025,0.0,1020.22,56.5,52.9167
1683388800,2023-05-06 16:00:00,2023-05-06 18:00:00,ringsted,7.825,247.5,8.775,0.0,1020.25,56.25,34.1667
1683392400,2023-05-06 17:00:00,2023-05-06 19:00:00,ringsted,7.6,169.5,7.9,0.0,1020.44,54.25,27.5
1683396000,2023-05-06 18:00:00,2023-05-06 20:00:00,ringsted,6.925,74.0,7.175,0.0,1020.72,53.75,30.0
1683399600,2023-05-06 19:00:00,2023-05-06 21:00:00,ringsted,6.15,19.5,6.5,0.0,1021.1,57.5,26.6667
1683403200,2023-05-06 20:00:00,2023-05-06 22:00:00,ringsted,5.225,0.5,5.85,0.0,1021.22,64.5,19.1667
1683406800,2023-05-06 21:00:00,2023-05-06 23:00:00,ringsted,4.775,0.0,6.0,0.0,1021.35,70.5,29.1667
1683410400,2023-05-06 22:00:00,2023-05-07 00:00:00,ringsted,4.65,0.0,5.3,0.0,1021.41,74.75,44.5833
1683414000,2023-05-06 23:00:00,2023-05-07 01:00:00,ringsted,4.7,0.0,5.475,0.0,1021.38,79.75,92.5
1683417600,2023-05-07 00:00:00,2023-05-07 02:00:00,ringsted,4.825,0.0,5.15,0.0,1021.21,82.5,83.3333
1683421200,2023-05-07 01:00:00,2023-05-07 03:00:00,ringsted,5.05,0.0,4.875,0.0,1021.12,84.0,82.9167
1683424800,2023-05-07 02:00:00,2023-05-07 04:00:00,ringsted,4.975,0.0,4.425,0.0,1021.13,86.0,90.0
1683428400,2023-05-07 03:00:00,2023-05-07 05:00:00,ringsted,4.975,0.0,4.125,0.0,1021.18,87.75,56.6667
1683432000,2023-05-07 04:00:00,2023-05-07 06:00:00,ringsted,4.675,9.0,3.8,0.0,1021.35,90.0,47.9167
1683435600,2023-05-07 05:00:00,2023-05-07 07:00:00,ringsted,5.1,83.0,4.025,0.0,1021.58,88.0,6.66667
1683439200,2023-05-07 06:00:00,2023-05-07 08:00:00,ringsted,6.15,179.0,4.5,0.0,1021.9,84.25,0.0
1683442800,2023-05-07 07:00:00,2023-05-07 09:00:00,ringsted,7.375,291.0,4.95,0.0,1022.11,79.5,3.33333
1683446400,2023-05-07 08:00:00,2023-05-07 10:00:00,ringsted,8.7,465.5,5.025,0.0,1022.23,73.75,0.0
1683450000,2023-05-07 09:00:00,2023-05-07 11:00:00,ringsted,10.075,642.0,5.425,0.0,1022.33,67.75,0.0
1683453600,2023-05-07 10:00:00,2023-05-07 12:00:00,ringsted,11.175,733.0,5.725,0.0,1022.4,61.5,0.0
1683457200,2023-05-07 11:00:00,2023-05-07 13:00:00,ringsted,12.025,784.0,5.925,0.0,1022.45,57.5,0.0
1683460800,2023-05-07 12:00:00,2023-05-07 14:00:00,ringsted,12.525,806.0,6.525,0.0,1022.53,52.5,0.0
1683464400,2023-05-07 13:00:00,2023-05-07 15:00:00,ringsted,12.925,773.0,6.9,0.0,1022.6,45.25,0.0
1683468000,2023-05-07 14:00:00,2023-05-07 16:00:00,ringsted,13.0,702.0,7.35,0.0,1022.48,41.25,0.0
1683471600,2023-05-07 15:00:00,2023-05-07 17:00:00,ringsted,12.775,598.0,6.95,0.0,1022.55,39.5,0.0
1683475200,2023-05-07 16:00:00,2023-05-07 18:00:00,ringsted,12.4,471.0,6.75,0.0,1022.6,39.25,0.0
1683478800,2023-05-07 17:00:00,2023-05-07 19:00:00,ringsted,11.725,323.0,6.0,0.0,1022.58,41.5,0.0
1683482400,2023-05-07 18:00:00,2023-05-07 20:00:00,ringsted,10.55,169.0,5.9,0.0,1022.82,46.75,0.0
1683486000,2023-05-07 19:00:00,2023-05-07 21:00:00,ringsted,8.85,43.0,4.5,0.0,1023.19,57.75,0.0
1683489600,2023-05-07 20:00:00,2023-05-07 22:00:00,ringsted,7.55,1.0,3.95,0.0,1023.56,65.5,0.0
1683493200,2023-05-07 21:00:00,2023-05-07 23:00:00,ringsted,6.8,0.0,3.775,0.0,1023.85,70.25,0.0
1683496800,2023-05-07 22:00:00,2023-05-08 00:00:00,ringsted,6.3,0.0,3.35,0.0,1023.93,74.25,0.0
1683500400,2023-05-07 23:00:00,2023-05-08 01:00:00,ringsted,5.675,0.0,2.975,0.0,1023.89,79.75,0.0
1683504000,2023-05-08 00:00:00,2023-05-08 02:00:00,ringsted,5.375,0.0,2.975,0.0,1023.9,82.5,0.0
1683507600,2023-05-08 01:00:00,2023-05-08 03:00:00,ringsted,5.175,0.0,3.05,0.0,1024.01,85.0,0.0
1683511200,2023-05-08 02:00:00,2023-05-08 04:00:00,ringsted,5.15,0.0,2.9,0.0,1024.12,87.5,0.0
1683514800,2023-05-08 03:00:00,2023-05-08 05:00:00,ringsted,4.775,0.0,2.725,0.0,1024.22,91.0,0.0
1683518400,2023-05-08 04:00:00,2023-05-08 06:00:00,ringsted,4.375,17.0,2.4,0.0,1024.22,93.0,0.0
1683522000,2023-05-08 05:00:00,2023-05-08 07:00:00,ringsted,5.35,123.5,2.25,0.0,1024.55,91.25,0.0
1683525600,2023-05-08 06:00:00,2023-05-08 08:00:00,ringsted,8.375,271.0,3.1,0.0,1024.88,84.25,0.0
1683529200,2023-05-08 07:00:00,2023-05-08 09:00:00,ringsted,10.4,422.5,4.325,0.0,1024.9,71.5,0.0
1683532800,2023-05-08 08:00:00,2023-05-08 10:00:00,ringsted,11.675,562.0,5.375,0.0,1024.76,58.5,0.0
1683536400,2023-05-08 09:00:00,2023-05-08 11:00:00,ringsted,12.675,677.0,6.2,0.0,1024.37,49.25,0.0
1683540000,2023-05-08 10:00:00,2023-05-08 12:00:00,ringsted,13.3,764.0,7.075,0.0,1024.16,45.5,0.0
1683543600,2023-05-08 11:00:00,2023-05-08 13:00:00,ringsted,13.425,812.0,7.725,0.0,1024.05,45.75,0.0
1683547200,2023-05-08 12:00:00,2023-05-08 14:00:00,ringsted,13.7,819.5,7.3,0.0,1023.66,47.5,0.0
1683550800,2023-05-08 13:00:00,2023-05-08 15:00:00,ringsted,13.875,793.0,7.35,0.0,1023.11,48.0,0.0
1683554400,2023-05-08 14:00:00,2023-05-08 16:00:00,ringsted,13.85,718.0,7.775,0.0,1022.51,48.5,0.0
1683558000,2023-05-08 15:00:00,2023-05-08 17:00:00,ringsted,13.775,611.0,7.725,0.0,1022.2,49.0,0.0
1683561600,2023-05-08 16:00:00,2023-05-08 18:00:00,ringsted,13.375,476.0,7.4,0.0,1021.7,50.5,0.0
1683565200,2023-05-08 17:00:00,2023-05-08 19:00:00,ringsted,12.55,327.5,7.075,0.0,1021.22,54.0,0.0
1683568800,2023-05-08 18:00:00,2023-05-08 20:00:00,ringsted,11.475,175.0,6.425,0.0,1021.13,57.75,0.0
1683572400,2023-05-08 19:00:00,2023-05-08 21:00:00,ringsted,10.225,45.0,5.775,0.0,1021.14,63.25,0.0
1683576000,2023-05-08 20:00:00,2023-05-08 22:00:00,ringsted,9.0,0.5,5.25,0.0,1021.17,69.0,0.0
1683579600,2023-05-08 21:00:00,2023-05-08 23:00:00,ringsted,8.525,0.0,4.9,0.0,1020.8,71.25,0.0
1683583200,2023-05-08 22:00:00,2023-05-09 00:00:00,ringsted,8.35,0.0,4.875,0.0,1020.43,70.25,0.0
1683586800,2023-05-08 23:00:00,2023-05-09 01:00:00,ringsted,8.05,0.0,4.325,0.0,1019.99,73.0,0.0
1683590400,2023-05-09 00:00:00,2023-05-09 02:00:00,ringsted,7.75,0.0,3.625,0.0,1019.7,76.25,0.0
1683594000,2023-05-09 01:00:00,2023-05-09 03:00:00,ringsted,7.475,0.0,3.4,0.0,1019.13,78.25,0.0
1683597600,2023-05-09 02:00:00,2023-05-09 04:00:00,ringsted,7.775,0.0,3.675,0.0,1018.8,77.5,0.0
1683601200,2023-05-09 03:00:00,2023-05-09 05:00:00,ringsted,7.525,0.0,3.575,0.0,1018.46,77.0,0.0
1683604800,2023-05-09 04:00:00,2023-05-09 06:00:00,ringsted,7.175,26.5,3.3,0.0,1018.1,78.5,0.0
1683608400,2023-05-09 05:00:00,2023-05-09 07:00:00,ringsted,8.375,147.0,4.25,0.0,1017.69,74.0,0.0
1683612000,2023-05-09 06:00:00,2023-05-09 08:00:00,ringsted,10.025,286.0,5.7,0.0,1017.07,65.5,0.0
1683615600,2023-05-09 07:00:00,2023-05-09 09:00:00,ringsted,10.775,357.0,6.825,0.0,1016.58,59.5,0.0
1683619200,2023-05-09 08:00:00,2023-05-09 10:00:00,ringsted,11.525,521.5,7.125,0.0,1016.09,56.75,0.0
1683622800,2023-05-09 09:00:00,2023-05-09 11:00:00,ringsted,12.575,692.5,7.325,0.0,1015.78,53.25,0.0
1683626400,2023-05-09 10:00:00,2023-05-09 12:00:00,ringsted,13.575,770.0,7.45,0.0,1015.29,50.75,0.0
1683630000,2023-05-09 11:00:00,2023-05-09 13:00:00,ringsted,14.175,799.0,8.175,0.0,1014.67,48.75,0.0
1683633600,2023-05-09 12:00:00,2023-05-09 14:00:00,ringsted,14.675,832.0,8.7,0.0,1014.08,47.0,0.0
1683637200,2023-05-09 13:00:00,2023-05-09 15:00:00,ringsted,15.15,800.0,8.525,0.0,1013.39,44.75,0.0
1683640800,2023-05-09 14:00:00,2023-05-09 16:00:00,ringsted,15.375,716.5,8.525,0.0,1012.8,44.25,0.0
1683644400,2023-05-09 15:00:00,2023-05-09 17:00:00,ringsted,15.3,592.5,7.6,0.0,1012.3,46.0,0.833333
1683648000,2023-05-09 16:00:00,2023-05-09 18:00:00,ringsted,14.775,420.5,7.4,0.0,1011.45,47.25,1.66667
1683651600,2023-05-09 17:00:00,2023-05-09 19:00:00,ringsted,13.95,270.0,6.875,0.0,1010.74,50.25,0.833333
1683655200,2023-05-09 18:00:00,2023-05-09 20:00:00,ringsted,12.425,126.0,6.3,0.0,1010.41,57.5,0.0
1683658800,2023-05-09 19:00:00,2023-05-09 21:00:00,ringsted,11.275,39.5,5.75,0.0,1010.36,62.0,0.0
1683662400,2023-05-09 20:00:00,2023-05-09 22:00:00,ringsted,10.425,0.5,5.2,0.0,1010.1,65.75,0.0
1683666000,2023-05-09 21:00:00,2023-05-09 23:00:00,ringsted,10.325,0.0,5.025,0.0,1009.86,65.5,0.0
1683669600,2023-05-09 22:00:00,2023-05-10 00:00:00,ringsted,10.625,0.0,4.725,0.0,1009.53,63.75,0.0
1683673200,2023-05-09 23:00:00,2023-05-10 01:00:00,ringsted,10.975,0.0,4.925,0.0,1009.21,61.25,0.0
1683676800,2023-05-10 00:00:00,2023-05-10 02:00:00,ringsted,10.9,0.0,5.325,0.0,1008.88,62.25,0.0
1683680400,2023-05-10 01:00:00,2023-05-10 03:00:00,ringsted,10.675,0.0,5.35,0.0,1008.52,62.0,0.0
1683684000,2023-05-10 02:00:00,2023-05-10 04:00:00,ringsted,10.075,0.0,5.175,0.0,1008.31,64.75,0.0
1683687600,2023-05-10 03:00:00,2023-05-10 05:00:00,ringsted,9.425,0.0,5.075,0.0,1008.17,68.75,0.0
1683691200,2023-05-10 04:00:00,2023-05-10 06:00:00,ringsted,9.15,25.0,4.725,0.0,1008.0,71.25,0.0
1683694800,2023-05-10 05:00:00,2023-05-10 07:00:00,ringsted,9.775,120.5,5.3,0.0,1008.0,70.25,0.0
1683698400,2023-05-10 06:00:00,2023-05-10 08:00:00,ringsted,10.675,246.0,5.8,0.0,1008.01,67.25,0.833333
1683702000,2023-05-10 07:00:00,2023-05-10 09:00:00,ringsted,11.775,406.0,6.6,0.0,1007.96,64.0,0.0
1683705600,2023-05-10 08:00:00,2023-05-10 10:00:00,ringsted,12.75,523.0,7.225,0.0,1008.0,60.0,0.0
1683709200,2023-05-10 09:00:00,2023-05-10 11:00:00,ringsted,13.45,678.0,7.375,0.0,1008.08,58.25,0.0
1683712800,2023-05-10 10:00:00,2023-05-10 12:00:00,ringsted,13.875,753.5,7.65,0.0,1008.2,57.25,2.5
1683716400,2023-05-10 11:00:00,2023-05-10 13:00:00,ringsted,13.9,776.0,8.35,0.0,1008.16,57.5,1.66667
1683720000,2023-05-10 12:00:00,2023-05-10 14:00:00,ringsted,14.4,812.0,8.3,0.0,1008.13,55.75,0.0
1683723600,2023-05-10 13:00:00,2023-05-10 15:00:00,ringsted,15.175,790.0,8.6,0.0,1008.08,53.0,0.0
1683727200,2023-05-10 14:00:00,2023-05-10 16:00:00,ringsted,15.725,706.5,8.225,0.0,1007.97,51.75,0.0
1683730800,2023-05-10 15:00:00,2023-05-10 17:00:00,ringsted,16.1,594.0,7.175,0.0,1007.92,51.5,0.833333
1683734400,2023-05-10 16:00:00,2023-05-10 18:00:00,ringsted,15.875,432.0,6.55,0.0,1007.99,52.5,21.6667
1683738000,2023-05-10 17:00:00,2023-05-10 19:00:00,ringsted,15.1,255.5,6.175,0.0,1008.3,54.0,71.25
1683741600,2023-05-10 18:00:00,2023-05-10 20:00:00,ringsted,14.025,110.5,5.075,0.0,1008.79,57.75,87.5
1683745200,2023-05-10 19:00:00,2023-05-10 21:00:00,ringsted,12.625,22.5,3.7,0.0,1009.35,63.75,45.4167
1683748800,2023-05-10 20:00:00,2023-05-10 22:00:00,ringsted,11.025,0.0,2.975,0.0,1009.67,71.75,15.4167
1683752400,2023-05-10 21:00:00,2023-05-10 23:00:00,ringsted,9.675,0.0,2.55,0.0,1009.71,80.25,49.1667
1683756000,2023-05-10 22:00:00,2023-05-11 00:00:00,ringsted,8.975,0.0,2.475,0.0,1009.78,85.0,45.8333
1683759600,2023-05-10 23:00:00,2023-05-11 01:00:00,ringsted,8.675,0.0,1.825,0.0,1010.1,87.75,49.1667
1683763200,2023-05-11 00:00:00,2023-05-11 02:00:00,ringsted,8.3,0.0,1.325,0.0,1010.2,90.0,83.3333
1683766800,2023-05-11 01:00:00,2023-05-11 03:00:00,ringsted,7.85,0.0,1.375,0.0,1010.26,91.5,56.25
1683770400,2023-05-11 02:00:00,2023-05-11 04:00:00,ringsted,7.375,0.0,1.7,0.0,1010.53,93.0,75.4167
1683774000,2023-05-11 03:00:00,2023-05-11 05:00:00,ringsted,7.475,0.0,1.35,0.0,1010.77,93.0,85.0
1683777600,2023-05-11 04:00:00,2023-05-11 06:00:00,ringsted,7.9,16.5,1.65,0.0,1011.06,92.5,74.5833
1683781200,2023-05-11 05:00:00,2023-05-11 07:00:00,ringsted,9.025,91.5,1.625,0.0,1011.48,90.75,80.8333
1683784800,2023-05-11 06:00:00,2023-05-11 08:00:00,ringsted,10.75,104.5,1.75,0.0,1011.98,84.75,83.3333
1683788400,2023-05-11 07:00:00,2023-05-11 09:00:00,ringsted,12.175,280.0,2.1,0.0,1012.22,79.75,23.75
1683792000,2023-05-11 08:00:00,2023-05-11 10:00:00,ringsted,14.125,480.5,2.75,0.0,1012.58,72.25,0.0
1683795600,2023-05-11 09:00:00,2023-05-11 11:00:00,ringsted,15.325,604.0,3.2,0.0,1012.92,67.5,2.5
1683799200,2023-05-11 10:00:00,2023-05-11 12:00:00,ringsted,16.2,729.5,4.0,0.0,1013.08,64.0,10.0
1683802800,2023-05-11 11:00:00,2023-05-11 13:00:00,ringsted,16.5,765.0,4.125,0.0,1013.23,62.0,4.16667
1683806400,2023-05-11 12:00:00,2023-05-11 14:00:00,ringsted,16.675,799.0,4.4,0.0,1013.57,61.5,3.33333
1683810000,2023-05-11 13:00:00,2023-05-11 15:00:00,ringsted,15.775,642.5,4.225,0.0,1013.75,64.25,25.0
1683813600,2023-05-11 14:00:00,2023-05-11 16:00:00,ringsted,15.6,474.5,4.525,0.0,1013.8,63.25,47.0833
1683817200,2023-05-11 15:00:00,2023-05-11 17:00:00,ringsted,16.1,461.5,4.65,0.0,1014.0,58.25,17.5
1683820800,2023-05-11 16:00:00,2023-05-11 18:00:00,ringsted,16.5,441.0,4.5,0.0,1014.2,55.0,30.8333
1683824400,2023-05-11 17:00:00,2023-05-11 19:00:00,ringsted,16.3,267.0,4.85,0.0,1014.42,50.5,0.833333
1683828000,2023-05-11 18:00:00,2023-05-11 20:00:00,ringsted,15.55,154.5,4.425,0.0,1014.9,50.75,0.0
1683831600,2023-05-11 19:00:00,2023-05-11 21:00:00,ringsted,14.0,41.0,3.975,0.0,1015.62,53.25,4.16667
1683835200,2023-05-11 20:00:00,2023-05-11 22:00:00,ringsted,12.8,1.0,3.95,0.0,1016.17,53.75,45.0
1683838800,2023-05-11 21:00:00,2023-05-11 23:00:00,ringsted,12.6,0.0,3.925,0.0,1016.45,53.0,45.8333
1683842400,2023-05-11 22:00:00,2023-05-12 00:00:00,ringsted,12.025,0.0,4.0,0.0,1016.76,55.25,49.1667
1683846000,2023-05-11 23:00:00,2023-05-12 01:00:00,ringsted,11.55,0.0,3.65,0.0,1016.87,57.75,74.5833
1683849600,2023-05-12 00:00:00,2023-05-12 02:00:00,ringsted,11.35,0.0,3.675,0.0,1016.89,58.5,39.5833
1683853200,2023-05-12 01:00:00,2023-05-12 03:00:00,ringsted,10.425,0.0,3.6,0.0,1017.04,65.75,14.5833
1683856800,2023-05-12 02:00:00,2023-05-12 04:00:00,ringsted,9.25,0.0,3.175,0.0,1017.32,73.75,9.16667
1683860400,2023-05-12 03:00:00,2023-05-12 05:00:00,ringsted,8.425,0.0,3.0,0.0,1017.48,78.25,0.0
1683864000,2023-05-12 04:00:00,2023-05-12 06:00:00,ringsted,8.275,23.0,2.7,0.0,1017.78,79.25,0.0
1683867600,2023-05-12 05:00:00,2023-05-12 07:00:00,ringsted,9.3,129.5,2.55,0.0,1018.34,75.75,0.0
1683871200,2023-05-12 06:00:00,2023-05-12 08:00:00,ringsted,11.5,277.5,2.925,0.0,1018.8,66.25,0.0
1683874800,2023-05-12 07:00:00,2023-05-12 09:00:00,ringsted,13.6,425.5,3.8,0.0,1019.14,56.25,0.0
1683878400,2023-05-12 08:00:00,2023-05-12 10:00:00,ringsted,15.1,556.0,4.075,0.0,1019.45,50.75,0.0
1683882000,2023-05-12 09:00:00,2023-05-12 11:00:00,ringsted,16.5,663.0,4.325,0.0,1019.62,44.75,0.0
1683885600,2023-05-12 10:00:00,2023-05-12 12:00:00,ringsted,17.675,750.5,4.55,0.0,1019.75,40.75,0.0
1683889200,2023-05-12 11:00:00,2023-05-12 13:00:00,ringsted,18.05,808.5,5.125,0.0,1019.75,38.25,0.0
1683892800,2023-05-12 12:00:00,2023-05-12 14:00:00,ringsted,18.7,826.0,5.275,0.0,1019.88,35.5,0.0
1683896400,2023-05-12 13:00:00,2023-05-12 15:00:00,ringsted,19.0,789.0,5.45,0.0,1019.82,32.75,0.0
1683900000,2023-05-12 14:00:00,2023-05-12 16:00:00,ringsted,18.95,716.5,5.925,0.0,1019.6,30.75,0.0
1683903600,2023-05-12 15:00:00,2023-05-12 17:00:00,ringsted,18.725,612.0,6.025,0.0,1019.57,31.0,0.0
1683907200,2023-05-12 16:00:00,2023-05-12 18:00:00,ringsted,18.05,482.5,5.75,0.0,1019.6,33.25,0.0
1683910800,2023-05-12 17:00:00,2023-05-12 19:00:00,ringsted,17.25,336.0,5.025,0.0,1019.71,34.5,0.0
1683914400,2023-05-12 18:00:00,2023-05-12 20:00:00,ringsted,15.7,184.0,4.325,0.0,1020.0,39.5,0.0
1683918000,2023-05-12 19:00:00,2023-05-12 21:00:00,ringsted,13.7,56.0,3.425,0.0,1020.42,47.75,0.0
1683921600,2023-05-12 20:00:00,2023-05-12 22:00:00,ringsted,12.275,1.5,3.075,0.0,1020.62,51.75,0.0
1683925200,2023-05-12 21:00:00,2023-05-12 23:00:00,ringsted,11.15,0.0,2.125,0.0,1020.74,55.75,0.0
1683928800,2023-05-12 22:00:00,2023-05-13 00:00:00,ringsted,10.375,0.0,1.875,0.0,1020.78,57.75,0.0
1683932400,2023-05-12 23:00:00,2023-05-13 01:00:00,ringsted,8.675,0.0,1.675,0.0,1020.71,66.5,0.0
1683936000,2023-05-13 00:00:00,2023-05-13 02:00:00,ringsted,8.05,0.0,2.0,0.0,1020.47,70.25,0.0
1683939600,2023-05-13 01:00:00,2023-05-13 03:00:00,ringsted,7.975,0.0,2.225,0.0,1020.42,71.0,0.0
1683943200,2023-05-13 02:00:00,2023-05-13 04:00:00,ringsted,7.65,0.0,1.775,0.0,1020.43,72.0,0.0
1683946800,2023-05-13 03:00:00,2023-05-13 05:00:00,ringsted,7.175,0.0,1.925,0.0,1020.42,76.0,0.0
1683950400,2023-05-13 04:00:00,2023-05-13 06:00:00,ringsted,7.225,23.5,2.175,0.0,1020.58,77.5,0.0
1683954000,2023-05-13 05:00:00,2023-05-13 07:00:00,ringsted,8.85,132.0,2.55,0.0,1020.88,73.75,0.0
1683957600,2023-05-13 06:00:00,2023-05-13 08:00:00,ringsted,10.95,278.5,2.725,0.0,1021.04,68.5,0.0
1683961200,2023-05-13 07:00:00,2023-05-13 09:00:00,ringsted,12.975,430.0,2.875,0.0,1021.19,63.0,0.0
1683964800,2023-05-13 08:00:00,2023-05-13 10:00:00,ringsted,15.075,563.5,2.875,0.0,1021.32,56.75,0.0
1683968400,2023-05-13 09:00:00,2023-05-13 11:00:00,ringsted,16.9,671.0,3.025,0.0,1021.37,49.75,0.0
1683972000,2023-05-13 10:00:00,2023-05-13 12:00:00,ringsted,18.0,751.5,3.75,0.0,1021.22,41.0,0.0
1683975600,2023-05-13 11:00:00,2023-05-13 13:00:00,ringsted,18.875,791.5,4.1,0.0,1020.97,37.0,0.0
1683979200,2023-05-13 12:00:00,2023-05-13 14:00:00,ringsted,19.175,817.0,4.375,0.0,1020.8,34.5,0.0
1683982800,2023-05-13 13:00:00,2023-05-13 15:00:00,ringsted,19.35,783.0,4.525,0.0,1020.66,33.75,0.0
1683986400,2023-05-13 14:00:00,2023-05-13 16:00:00,ringsted,19.475,706.5,4.6,0.0,1020.49,32.5,0.0
1683990000,2023-05-13 15:00:00,2023-05-13 17:00:00,ringsted,19.2,607.0,4.35,0.0,1020.21,32.0,0.0
1683993600,2023-05-13 16:00:00,2023-05-13 18:00:00,ringsted,19.05,479.0,4.025,0.0,1019.91,31.5,0.0
1683997200,2023-05-13 17:00:00,2023-05-13 19:00:00,ringsted,18.325,327.0,3.575,0.0,1019.7,32.75,0.0
1684000800,2023-05-13 18:00:00,2023-05-13 20:00:00,ringsted,16.675,175.0,3.275,0.0,1019.79,38.5,0.0
1684004400,2023-05-13 19:00:00,2023-05-13 21:00:00,ringsted,14.45,49.0,2.2,0.0,1019.96,46.5,0.0
1684008000,2023-05-13 20:00:00,2023-05-13 22:00:00,ringsted,12.3,1.5,1.675,0.0,1019.78,53.5,0.0
1684011600,2023-05-13 21:00:00,2023-05-13 23:00:00,ringsted,11.25,0.0,1.875,0.0,1019.43,57.0,0.0
1684015200,2023-05-13 22:00:00,2023-05-14 00:00:00,ringsted,10.125,0.0,1.975,0.0,1019.19,63.0,0.0
1684018800,2023-05-13 23:00:00,2023-05-14 01:00:00,ringsted,8.95,0.0,1.625,0.0,1018.94,69.0,0.0
1684022400,2023-05-14 00:00:00,2023-05-14 02:00:00,ringsted,8.675,0.0,1.75,0.0,1018.52,72.5,1.66667
1684026000,2023-05-14 01:00:00,2023-05-14 03:00:00,ringsted,8.325,0.0,1.95,0.0,1018.19,76.5,31.6667
1684029600,2023-05-14 02:00:00,2023-05-14 04:00:00,ringsted,8.2,0.0,1.475,0.0,1017.92,79.75,45.0
1684033200,2023-05-14 03:00:00,2023-05-14 05:00:00,ringsted,7.9,0.0,1.75,0.0,1017.77,83.25,52.5
1684036800,2023-05-14 04:00:00,2023-05-14 06:00:00,ringsted,7.9,12.0,1.725,0.0,1017.53,86.25,50.8333
1684040400,2023-05-14 05:00:00,2023-05-14 07:00:00,ringsted,8.675,60.5,1.725,0.0,1017.5,86.5,48.3333
1684044000,2023-05-14 06:00:00,2023-05-14 08:00:00,ringsted,10.425,152.0,2.425,0.0,1017.56,82.75,47.5
1684047600,2023-05-14 07:00:00,2023-05-14 09:00:00,ringsted,12.325,337.0,2.7,0.0,1017.32,75.25,51.6667
1684051200,2023-05-14 08:00:00,2023-05-14 10:00:00,ringsted,14.775,422.5,2.75,0.0,1017.03,65.5,35.0
1684054800,2023-05-14 09:00:00,2023-05-14 11:00:00,ringsted,17.0,621.5,3.525,0.0,1016.94,54.75,3.33333
1684058400,2023-05-14 10:00:00,2023-05-14 12:00:00,ringsted,17.325,720.0,3.7,0.0,1016.78,52.25,9.16667
1684062000,2023-05-14 11:00:00,2023-05-14 13:00:00,ringsted,17.875,636.0,4.275,0.0,1016.26,49.25,70.4167
1684065600,2023-05-14 12:00:00,2023-05-14 14:00:00,ringsted,18.225,620.0,2.875,0.0,1015.61,47.0,84.5833
1684069200,2023-05-14 13:00:00,2023-05-14 15:00:00,ringsted,19.425,692.0,3.325,0.0,1015.0,42.0,15.0
1684072800,2023-05-14 14:00:00,2023-05-14 16:00:00,ringsted,19.8,674.0,3.65,0.0,1014.51,39.0,0.833333
1684076400,2023-05-14 15:00:00,2023-05-14 17:00:00,ringsted,19.525,583.5,4.1,0.0,1014.23,39.5,8.75
1684080000,2023-05-14 16:00:00,2023-05-14 18:00:00,ringsted,18.775,451.0,4.425,0.0,1013.85,41.25,18.3333
1684083600,2023-05-14 17:00:00,2023-05-14 19:00:00,ringsted,17.675,331.5,4.25,0.0,1013.58,45.25,22.5
1684087200,2023-05-14 18:00:00,2023-05-14 20:00:00,ringsted,16.275,164.0,3.325,0.0,1013.47,50.5,45.4167
1684090800,2023-05-14 19:00:00,2023-05-14 21:00:00,ringsted,14.725,48.0,2.75,0.0,1013.4,56.25,62.5
1684094400,2023-05-14 20:00:00,2023-05-14 22:00:00,ringsted,13.125,1.0,2.55,0.0,1013.06,61.5,78.75
1684098000,2023-05-14 21:00:00,2023-05-14 23:00:00,ringsted,11.6,0.0,1.475,0.0,1012.48,70.0,79.1667
1684101600,2023-05-14 22:00:00,2023-05-15 00:00:00,ringsted,10.575,0.0,1.325,0.0,1011.95,78.0,80.8333
1684105200,2023-05-14 23:00:00,2023-05-15 01:00:00,ringsted,9.85,0.0,1.8,0.0,1011.54,83.0,71.25
1684108800,2023-05-15 00:00:00,2023-05-15 02:00:00,ringsted,9.925,0.0,1.65,0.0,1010.91,83.25,43.75
1684112400,2023-05-15 01:00:00,2023-05-15 03:00:00,ringsted,10.2,0.0,1.7,0.0,1010.32,81.25,23.75
1684116000,2023-05-15 02:00:00,2023-05-15 04:00:00,ringsted,9.45,0.0,1.575,0.0,1009.8,84.0,60.0
1684119600,2023-05-15 03:00:00,2023-05-15 05:00:00,ringsted,9.325,0.0,1.475,0.0,1009.25,87.75,38.3333
1684123200,2023-05-15 04:00:00,2023-05-15 06:00:00,ringsted,9.075,19.5,1.325,0.0,1008.92,88.0,44.1667
1684126800,2023-05-15 05:00:00,2023-05-15 07:00:00,ringsted,10.45,115.5,1.625,0.0,1008.64,83.0,55.8333
1684130400,2023-05-15 06:00:00,2023-05-15 08:00:00,ringsted,12.75,216.5,1.75,0.0,1008.36,73.0,60.4167
1684134000,2023-05-15 07:00:00,2023-05-15 09:00:00,ringsted,15.025,388.5,2.425,0.0,1008.0,61.75,40.0
1684137600,2023-05-15 08:00:00,2023-05-15 10:00:00,ringsted,16.6,509.5,2.75,0.0,1007.58,55.5,28.3333
1684141200,2023-05-15 09:00:00,2023-05-15 11:00:00,ringsted,17.75,657.5,2.525,0.0,1007.14,52.75,24.5833
1684144800,2023-05-15 10:00:00,2023-05-15 12:00:00,ringsted,18.625,618.5,2.1,0.0,1006.65,50.5,41.6667
1684148400,2023-05-15 11:00:00,2023-05-15 13:00:00,ringsted,19.125,613.5,2.25,0.0,1006.17,49.5,82.5
1684152000,2023-05-15 12:00:00,2023-05-15 14:00:00,ringsted,19.5,602.0,2.175,0.0,1005.67,48.75,72.0833
1684155600,2023-05-15 13:00:00,2023-05-15 15:00:00,ringsted,20.1,530.0,2.55,0.0,1005.24,47.5,66.25
1684159200,2023-05-15 14:00:00,2023-05-15 16:00:00,ringsted,19.675,375.5,2.625,0.975,1004.85,50.25,63.3333
1684162800,2023-05-15 15:00:00,2023-05-15 17:00:00,ringsted,19.55,450.0,3.35,0.15,1004.71,49.5,42.5
1684166400,2023-05-15 16:00:00,2023-05-15 18:00:00,ringsted,18.9,276.5,2.775,0.0,1004.72,52.5,80.4167
1684170000,2023-05-15 17:00:00,2023-05-15 19:00:00,ringsted,17.025,127.0,2.975,0.3,1004.83,58.25,95.8333
1684173600,2023-05-15 18:00:00,2023-05-15 20:00:00,ringsted,15.475,35.0,3.175,0.525,1005.23,63.5,85.8333
1684177200,2023-05-15 19:00:00,2023-05-15 21:00:00,ringsted,14.475,20.0,2.525,0.0,1005.33,65.75,90.8333
1684180800,2023-05-15 20:00:00,2023-05-15 22:00:00,ringsted,12.775,1.0,2.025,0.0,1005.24,75.75,66.25
1684184400,2023-05-15 21:00:00,2023-05-15 23:00:00,ringsted,11.725,0.0,1.725,0.0,1005.25,81.25,72.9167
1684188000,2023-05-15 22:00:00,2023-05-16 00:00:00,ringsted,11.225,0.0,1.425,0.0,1005.27,87.25,93.3333
1684191600,2023-05-15 23:00:00,2023-05-16 01:00:00,ringsted,11.25,0.0,1.325,0.0,1005.11,91.25,60.0
1684195200,2023-05-16 00:00:00,2023-05-16 02:00:00,ringsted,10.9,0.0,1.825,0.0,1004.9,93.25,70.8333
1684198800,2023-05-16 01:00:00,2023-05-16 03:00:00,ringsted,10.775,0.0,3.2,0.0,1004.92,94.75,96.6667
1684202400,2023-05-16 02:00:00,2023-05-16 04:00:00,ringsted,10.775,0.0,4.8,0.0,1005.01,94.0,98.3333
1684206000,2023-05-16 03:00:00,2023-05-16 05:00:00,ringsted,10.025,0.0,5.425,0.0,1005.17,92.25,98.3333
1684209600,2023-05-16 04:00:00,2023-05-16 06:00:00,ringsted,9.5,8.5,5.35,0.05,1005.26,91.25,94.1667
1684213200,2023-05-16 05:00:00,2023-05-16 07:00:00,ringsted,9.275,37.0,5.6,0.0,1005.73,89.75,93.3333
1684216800,2023-05-16 06:00:00,2023-05-16 08:00:00,ringsted,9.225,80.5,5.75,0.0,1006.01,87.5,90.0
1684220400,2023-05-16 07:00:00,2023-05-16 09:00:00,ringsted,9.75,197.0,5.95,0.0,1006.37,82.0,92.5
1684224000,2023-05-16 08:00:00,2023-05-16 10:00:00,ringsted,10.025,191.0,5.8,0.0,1006.55,79.25,93.3333
1684227600,2023-05-16 09:00:00,2023-05-16 11:00:00,ringsted,10.6,243.0,5.725,0.0,1006.78,75.75,94.1667
1684231200,2023-05-16 10:00:00,2023-05-16 12:00:00,ringsted,10.85,261.0,5.775,0.0,1006.89,74.25,94.1667
1684234800,2023-05-16 11:00:00,2023-05-16 13:00:00,ringsted,10.875,299.5,6.1,0.0,1007.05,73.5,99.1667
1684238400,2023-05-16 12:00:00,2023-05-16 14:00:00,ringsted,10.925,340.5,6.35,0.0,1007.21,73.0,99.1667
1684242000,2023-05-16 13:00:00,2023-05-16 15:00:00,ringsted,10.825,202.5,6.2,0.0,1007.38,72.25,96.6667
1684245600,2023-05-16 14:00:00,2023-05-16 16:00:00,ringsted,10.85,234.0,6.175,0.0,1007.39,72.0,99.1667
1684249200,2023-05-16 15:00:00,2023-05-16 17:00:00,ringsted,10.775,234.5,6.05,0.0,1007.32,71.25,96.6667
1684252800,2023-05-16 16:00:00,2023-05-16 18:00:00,ringsted,10.425,106.5,5.6,0.0,1007.27,73.0,96.6667
1684256400,2023-05-16 17:00:00,2023-05-16 19:00:00,ringsted,9.925,67.5,5.225,0.0,1007.28,76.0,99.1667
1684260000,2023-05-16 18:00:00,2023-05-16 20:00:00,ringsted,9.95,34.5,4.4,0.0,1007.35,75.75,98.3333
1684263600,2023-05-16 19:00:00,2023-05-16 21:00:00,ringsted,9.425,4.5,4.975,0.325,1007.57,82.5,96.6667
1684267200,2023-05-16 20:00:00,2023-05-16 22:00:00,ringsted,8.775,0.0,5.175,1.25,1007.69,91.5,96.6667
1684270800,2023-05-16 21:00:00,2023-05-16 23:00:00,ringsted,8.8,0.0,5.925,0.4,1007.96,90.25,95.4167
1684274400,2023-05-16 22:00:00,2023-05-17 00:00:00,ringsted,8.925,0.0,6.0,0.0,1008.2,85.25,94.1667
1684278000,2023-05-16 23:00:00,2023-05-17 01:00:00,ringsted,8.775,0.0,6.35,0.0,1008.74,81.75,88.75
1684281600,2023-05-17 00:00:00,2023-05-17 02:00:00,ringsted,8.125,0.0,7.275,0.0,1009.27,77.75,39.1667
1684285200,2023-05-17 01:00:00,2023-05-17 03:00:00,ringsted,6.8,0.0,7.275,0.0,1009.72,75.5,28.75
1684288800,2023-05-17 02:00:00,2023-05-17 04:00:00,ringsted,6.1,0.0,7.2,0.0,1010.37,77.5,64.1667
1684292400,2023-05-17 03:00:00,2023-05-17 05:00:00,ringsted,5.825,0.0,7.625,0.0,1010.96,72.5,88.3333
1684296000,2023-05-17 04:00:00,2023-05-17 06:00:00,ringsted,5.825,19.5,7.775,0.0,1011.4,67.25,79.5833
1684299600,2023-05-17 05:00:00,2023-05-17 07:00:00,ringsted,6.2,79.0,7.75,0.0,1012.22,64.75,92.9167
1684303200,2023-05-17 06:00:00,2023-05-17 08:00:00,ringsted,6.725,139.5,8.3,0.0,1013.05,62.25,84.5833
1684306800,2023-05-17 07:00:00,2023-05-17 09:00:00,ringsted,7.225,212.5,8.35,0.0,1013.9,60.5,91.6667
1684310400,2023-05-17 08:00:00,2023-05-17 10:00:00,ringsted,7.7,324.0,8.275,0.0,1014.85,59.75,88.75
1684314000,2023-05-17 09:00:00,2023-05-17 11:00:00,ringsted,8.4,448.0,7.9,0.0,1015.79,58.25,80.0
1684317600,2023-05-17 10:00:00,2023-05-17 12:00:00,ringsted,9.025,505.5,7.4,0.0,1016.31,55.0,31.25
1684321200,2023-05-17 11:00:00,2023-05-17 13:00:00,ringsted,10.0,698.0,7.55,0.0,1016.67,51.25,35.8333
1684324800,2023-05-17 12:00:00,2023-05-17 14:00:00,ringsted,10.55,764.5,7.45,0.0,1017.01,49.25,38.3333
1684328400,2023-05-17 13:00:00,2023-05-17 15:00:00,ringsted,11.1,724.5,7.35,0.0,1017.33,47.5,42.9167
1684332000,2023-05-17 14:00:00,2023-05-17 16:00:00,ringsted,11.35,661.5,7.525,0.0,1017.78,46.75,30.8333
1684335600,2023-05-17 15:00:00,2023-05-17 17:00:00,ringsted,11.8,699.0,6.8,0.0,1018.4,45.5,15.0
1684339200,2023-05-17 16:00:00,2023-05-17 18:00:00,ringsted,11.6,465.0,6.375,0.0,1018.78,45.5,14.5833
1684342800,2023-05-17 17:00:00,2023-05-17 19:00:00,ringsted,11.35,371.0,5.55,0.0,1019.4,46.5,12.0833
1684346400,2023-05-17 18:00:00,2023-05-17 20:00:00,ringsted,10.825,162.0,4.375,0.0,1020.03,50.25,40.0
1684350000,2023-05-17 19:00:00,2023-05-17 21:00:00,ringsted,10.025,70.5,3.7,0.0,1020.71,56.25,17.9167
1684353600,2023-05-17 20:00:00,2023-05-17 22:00:00,ringsted,7.975,4.0,2.85,0.0,1021.18,67.25,0.0
1684357200,2023-05-17 21:00:00,2023-05-17 23:00:00,ringsted,6.525,0.0,2.775,0.0,1021.49,74.0,0.0
1684360800,2023-05-17 22:00:00,2023-05-18 00:00:00,ringsted,5.7,0.0,2.9,0.0,1021.65,78.5,0.0
1684364400,2023-05-17 23:00:00,2023-05-18 01:00:00,ringsted,4.675,0.0,2.475,0.0,1021.99,83.75,0.0
1684368000,2023-05-18 00:00:00,2023-05-18 02:00:00,ringsted,3.975,0.0,2.275,0.0,1022.28,86.5,0.0
1684371600,2023-05-18 01:00:00,2023-05-18 03:00:00,ringsted,3.3,0.0,2.05,0.0,1022.46,89.0,0.0
1684375200,2023-05-18 02:00:00,2023-05-18 04:00:00,ringsted,2.575,0.0,2.15,0.0,1022.67,90.75,6.66667
1684378800,2023-05-18 03:00:00,2023-05-18 05:00:00,ringsted,2.225,0.5,1.5,0.0,1023.02,90.75,17.5
1684382400,2023-05-18 04:00:00,2023-05-18 06:00:00,ringsted,1.7,28.5,1.325,0.0,1023.55,92.25,57.0833
1684386000,2023-05-18 05:00:00,2023-05-18 07:00:00,ringsted,3.2,115.0,1.15,0.0,1023.9,91.5,95.8333
1684389600,2023-05-18 06:00:00,2023-05-18 08:00:00,ringsted,6.075,227.0,2.1,0.0,1024.25,79.75,96.6667
1684393200,2023-05-18 07:00:00,2023-05-18 09:00:00,ringsted,7.175,250.5,2.875,0.0,1024.68,69.75,92.5
1684396800,2023-05-18 08:00:00,2023-05-18 10:00:00,ringsted,7.9,345.0,2.525,0.0,1024.94,65.25,78.75
1684400400,2023-05-18 09:00:00,2023-05-18 11:00:00,ringsted,8.8,609.5,2.3,0.0,1025.01,62.0,51.6667
1684404000,2023-05-18 10:00:00,2023-05-18 12:00:00,ringsted,9.725,713.0,2.175,0.0,1024.96,59.75,13.3333
1684407600,2023-05-18 11:00:00,2023-05-18 13:00:00,ringsted,10.625,821.0,2.25,0.0,1024.86,57.25,13.75
1684411200,2023-05-18 12:00:00,2023-05-18 14:00:00,ringsted,11.7,828.0,2.5,0.0,1024.92,54.25,20.8333
1684414800,2023-05-18 13:00:00,2023-05-18 15:00:00,ringsted,12.375,808.5,2.725,0.0,1024.84,53.0,25.8333
1684418400,2023-05-18 14:00:00,2023-05-18 16:00:00,ringsted,12.85,731.0,2.9,0.0,1024.59,53.75,7.5
1684422000,2023-05-18 15:00:00,2023-05-18 17:00:00,ringsted,13.075,624.0,3.15,0.0,1024.49,55.25,0.0
1684425600,2023-05-18 16:00:00,2023-05-18 18:00:00,ringsted,13.05,490.5,2.9,0.0,1024.38,55.5,0.0
1684429200,2023-05-18 17:00:00,2023-05-18 19:00:00,ringsted,12.9,339.5,3.1,0.0,1024.45,55.25,0.0
1684432800,2023-05-18 18:00:00,2023-05-18 20:00:00,ringsted,12.25,191.5,2.5,0.0,1024.6,58.75,0.0
1684436400,2023-05-18 19:00:00,2023-05-18 21:00:00,ringsted,10.775,65.0,1.925,0.0,1024.92,69.75,0.0
1684440000,2023-05-18 20:00:00,2023-05-18 22:00:00,ringsted,8.35,4.5,0.95,0.0,1025.24,81.0,0.0
1684443600,2023-05-18 21:00:00,2023-05-18 23:00:00,ringsted,6.4,0.0,0.625,0.0,1025.56,89.75,0.0
1684447200,2023-05-18 22:00:00,2023-05-19 00:00:00,ringsted,5.575,0.0,0.875,0.0,1025.58,91.75,0.0
1684450800,2023-05-18 23:00:00,2023-05-19 01:00:00,ringsted,4.8,0.0,0.975,0.0,1025.64,92.0,0.0
1684454400,2023-05-19 00:00:00,2023-05-19 02:00:00,ringsted,4.2,0.0,0.933333,0.0,1025.63,94.0,3.75
1684458000,2023-05-19 01:00:00,2023-05-19 03:00:00,ringsted,3.35,0.0,0.775,0.0,1025.6,95.0,0.0
1684461600,2023-05-19 02:00:00,2023-05-19 04:00:00,ringsted,2.95,0.0,0.825,0.0,1025.73,96.5,12.5
1684465200,2023-05-19 03:00:00,2023-05-19 05:00:00,ringsted,2.7,0.5,1.225,0.0,1025.74,96.75,4.58333
1684468800,2023-05-19 04:00:00,2023-05-19 06:00:00,ringsted,3.275,36.5,1.125,0.0,1025.9,96.75,0.0
1684472400,2023-05-19 05:00:00,2023-05-19 07:00:00,ringsted,5.575,157.5,1.25,0.0,1026.08,95.75,0.833333
1684476000,2023-05-19 06:00:00,2023-05-19 08:00:00,ringsted,9.05,285.0,1.125,0.0,1026.2,90.0,7.5
1684479600,2023-05-19 07:00:00,2023-05-19 09:00:00,ringsted,10.55,368.5,1.775,0.0,1026.23,80.0,36.6667
1684483200,2023-05-19 08:00:00,2023-05-19 10:00:00,ringsted,11.9,568.5,2.45,0.0,1026.27,66.75,20.4167
1684486800,2023-05-19 09:00:00,2023-05-19 11:00:00,ringsted,12.75,650.0,2.675,0.0,1026.16,60.5,32.0833
1684490400,2023-05-19 10:00:00,2023-05-19 12:00:00,ringsted,13.35,704.0,3.125,0.0,1026.03,56.25,47.5
1684494000,2023-05-19 11:00:00,2023-05-19 13:00:00,ringsted,14.1,784.5,3.075,0.0,1025.86,49.25,50.8333
1684497600,2023-05-19 12:00:00,2023-05-19 14:00:00,ringsted,14.275,672.0,3.05,0.0,1025.83,50.75,15.4167
1684501200,2023-05-19 13:00:00,2023-05-19 15:00:00,ringsted,14.7,782.5,2.65,0.0,1025.6,49.75,8.75
1684504800,2023-05-19 14:00:00,2023-05-19 16:00:00,ringsted,15.0,646.0,2.975,0.0,1025.38,49.25,2.5
1684508400,2023-05-19 15:00:00,2023-05-19 17:00:00,ringsted,15.075,584.0,2.875,0.0,1025.35,51.75,0.0
1684512000,2023-05-19 16:00:00,2023-05-19 18:00:00,ringsted,14.875,501.5,3.275,0.0,1025.28,51.0,0.0
1684515600,2023-05-19 17:00:00,2023-05-19 19:00:00,ringsted,14.475,346.0,3.275,0.0,1025.23,48.75,0.0
1684519200,2023-05-19 18:00:00,2023-05-19 20:00:00,ringsted,13.7,194.5,2.575,0.0,1025.57,49.75,0.0
1684522800,2023-05-19 19:00:00,2023-05-19 21:00:00,ringsted,11.6,67.0,2.0,0.0,1025.94,58.25,0.0
1684526400,2023-05-19 20:00:00,2023-05-19 22:00:00,ringsted,9.05,4.5,1.5,0.0,1026.18,68.0,0.0
1684530000,2023-05-19 21:00:00,2023-05-19 23:00:00,ringsted,7.35,0.0,1.35,0.0,1026.38,77.0,0.0
1684533600,2023-05-19 22:00:00,2023-05-20 00:00:00,ringsted,6.55,0.0,1.2,0.0,1026.44,78.75,0.0
1684537200,2023-05-19 23:00:00,2023-05-20 01:00:00,ringsted,5.625,0.0,1.55,0.0,1026.43,84.5,0.0
1684540800,2023-05-20 00:00:00,2023-05-20 02:00:00,ringsted,5.3,0.0,0.825,0.0,1026.34,87.25,0.0
1684544400,2023-05-20 01:00:00,2023-05-20 03:00:00,ringsted,4.625,0.0,1.225,0.0,1026.2,89.5,7.08333
1684548000,2023-05-20 02:00:00,2023-05-20 04:00:00,ringsted,5.275,0.0,1.275,0.0,1026.06,86.5,72.9167
1684551600,2023-05-20 03:00:00,2023-05-20 05:00:00,ringsted,5.2,1.0,0.975,0.0,1026.0,88.75,41.6667
1684555200,2023-05-20 04:00:00,2023-05-20 06:00:00,ringsted,5.65,41.5,1.15,0.0,1026.06,88.75,1.66667
1684558800,2023-05-20 05:00:00,2023-05-20 07:00:00,ringsted,7.25,163.5,1.275,0.0,1025.98,86.5,0.0
1684562400,2023-05-20 06:00:00,2023-05-20 08:00:00,ringsted,10.375,316.0,2.3,0.0,1026.07,75.75,0.0
1684566000,2023-05-20 07:00:00,2023-05-20 09:00:00,ringsted,12.45,457.0,3.25,0.0,1026.17,68.0,0.0
1684569600,2023-05-20 08:00:00,2023-05-20 10:00:00,ringsted,13.5,575.5,4.1,0.0,1026.17,62.75,0.0
1684573200,2023-05-20 09:00:00,2023-05-20 11:00:00,ringsted,14.25,696.0,4.1,0.0,1025.89,58.5,0.833333
1684576800,2023-05-20 10:00:00,2023-05-20 12:00:00,ringsted,14.975,748.5,4.9,0.0,1025.54,52.5,5.0
1684580400,2023-05-20 11:00:00,2023-05-20 13:00:00,ringsted,15.475,827.5,5.3,0.0,1025.2,49.75,0.0
1684584000,2023-05-20 12:00:00,2023-05-20 14:00:00,ringsted,15.55,781.0,5.4,0.0,1024.88,45.75,4.16667
1684587600,2023-05-20 13:00:00,2023-05-20 15:00:00,ringsted,15.775,801.5,5.475,0.0,1024.47,41.75,0.0
1684591200,2023-05-20 14:00:00,2023-05-20 16:00:00,ringsted,15.775,724.0,6.025,0.0,1023.93,38.25,0.833333
1684594800,2023-05-20 15:00:00,2023-05-20 17:00:00,ringsted,15.75,621.5,5.625,0.0,1023.47,38.5,0.0
1684598400,2023-05-20 16:00:00,2023-05-20 18:00:00,ringsted,15.425,485.0,4.975,0.0,1022.99,40.75,0.0
1684602000,2023-05-20 17:00:00,2023-05-20 19:00:00,ringsted,14.7,343.5,4.65,0.0,1022.59,43.5,0.0
1684605600,2023-05-20 18:00:00,2023-05-20 20:00:00,ringsted,13.65,172.0,3.75,0.0,1022.41,48.25,13.75
1684609200,2023-05-20 19:00:00,2023-05-20 21:00:00,ringsted,12.375,74.5,2.775,0.0,1022.24,53.25,33.3333
1684612800,2023-05-20 20:00:00,2023-05-20 22:00:00,ringsted,11.0,5.5,2.225,0.0,1022.2,59.75,73.3333
1684616400,2023-05-20 21:00:00,2023-05-20 23:00:00,ringsted,10.575,0.0,2.175,0.0,1021.91,62.75,90.0
1684620000,2023-05-20 22:00:00,2023-05-21 00:00:00,ringsted,10.9,0.0,2.325,0.0,1021.55,59.5,75.0
1684623600,2023-05-20 23:00:00,2023-05-21 01:00:00,ringsted,10.55,0.0,2.5,0.0,1021.04,64.25,71.6667
1684627200,2023-05-21 00:00:00,2023-05-21 02:00:00,ringsted,10.45,0.0,2.725,0.0,1020.64,66.25,61.6667
1684630800,2023-05-21 01:00:00,2023-05-21 03:00:00,ringsted,10.125,0.0,2.975,0.0,1020.26,70.75,90.0
1684634400,2023-05-21 02:00:00,2023-05-21 04:00:00,ringsted,9.85,0.0,2.45,0.0,1019.86,76.75,91.6667
1684638000,2023-05-21 03:00:00,2023-05-21 05:00:00,ringsted,10.0,0.0,2.725,0.0,1019.59,80.25,90.0
1684641600,2023-05-21 04:00:00,2023-05-21 06:00:00,ringsted,10.25,16.5,2.5,0.0,1019.47,82.25,90.8333
1684645200,2023-05-21 05:00:00,2023-05-21 07:00:00,ringsted,10.7,80.0,2.575,0.0,1019.17,81.75,64.1667
1684648800,2023-05-21 06:00:00,2023-05-21 08:00:00,ringsted,12.175,221.0,3.325,0.0,1019.12,74.5,39.5833
1684652400,2023-05-21 07:00:00,2023-05-21 09:00:00,ringsted,13.85,376.0,3.75,0.0,1019.3,69.25,6.66667
1684656000,2023-05-21 08:00:00,2023-05-21 10:00:00,ringsted,15.375,440.0,3.3,0.0,1019.34,66.0,26.6667
1684659600,2023-05-21 09:00:00,2023-05-21 11:00:00,ringsted,17.025,608.0,3.3,0.0,1019.27,61.75,45.0
1684663200,2023-05-21 10:00:00,2023-05-21 12:00:00,ringsted,18.25,699.5,3.575,0.0,1018.99,59.0,35.0
1684666800,2023-05-21 11:00:00,2023-05-21 13:00:00,ringsted,19.075,579.0,3.775,0.0,1018.67,56.75,18.3333
1684670400,2023-05-21 12:00:00,2023-05-21 14:00:00,ringsted,19.9,502.0,4.175,0.0,1018.62,54.5,23.3333
1684674000,2023-05-21 13:00:00,2023-05-21 15:00:00,ringsted,19.675,456.0,4.7,0.0,1018.5,55.75,8.33333
1684677600,2023-05-21 14:00:00,2023-05-21 16:00:00,ringsted,19.475,392.0,4.325,0.0,1018.15,59.75,39.1667
1684681200,2023-05-21 15:00:00,2023-05-21 17:00:00,ringsted,19.175,367.0,4.4,0.0,1017.92,62.75,22.9167
1684684800,2023-05-21 16:00:00,2023-05-21 18:00:00,ringsted,19.1,395.5,4.35,0.0,1017.64,64.0,23.75
1684688400,2023-05-21 17:00:00,2023-05-21 19:00:00,ringsted,18.2667,226.0,4.6,0.0,1017.6,66.6667,27.5
1684692000,2023-05-21 18:00:00,2023-05-21 20:00:00,ringsted,17.65,132.5,3.175,0.0,1017.74,71.0,46.6667
1684695600,2023-05-21 19:00:00,2023-05-21 21:00:00,ringsted,16.3,41.5,3.375,0.0,1017.89,76.0,44.5833
1684699200,2023-05-21 20:00:00,2023-05-21 22:00:00,ringsted,14.95,5.5,3.15,0.0,1017.87,80.5,50.0
1684702800,2023-05-21 21:00:00,2023-05-21 23:00:00,ringsted,14.35,0.0,3.0,0.0,1017.84,82.5,61.6667
1684706400,2023-05-21 22:00:00,2023-05-22 00:00:00,ringsted,14.325,0.0,3.125,0.0,1017.82,79.75,79.5833
1684710000,2023-05-21 23:00:00,2023-05-22 01:00:00,ringsted,14.1,0.0,3.025,0.0,1017.62,78.0,81.6667
1684713600,2023-05-22 00:00:00,2023-05-22 02:00:00,ringsted,13.7,0.0,3.625,0.0,1017.23,77.0,25.0
1684717200,2023-05-22 01:00:00,2023-05-22 03:00:00,ringsted,13.05,0.0,3.575,0.0,1016.95,77.25,91.25
1684720800,2023-05-22 02:00:00,2023-05-22 04:00:00,ringsted,12.7,0.0,3.55,0.0,1016.79,77.0,81.25
1684724400,2023-05-22 03:00:00,2023-05-22 05:00:00,ringsted,12.625,1.0,3.45,0.0,1016.51,75.5,80.4167
1684728000,2023-05-22 04:00:00,2023-05-22 06:00:00,ringsted,12.45,26.0,3.5,0.0,1016.37,75.0,81.25
1684731600,2023-05-22 05:00:00,2023-05-22 07:00:00,ringsted,13.1,113.5,3.825,0.0,1016.33,70.75,42.5
1684735200,2023-05-22 06:00:00,2023-05-22 08:00:00,ringsted,13.925,229.5,4.225,0.0,1016.26,66.0,37.0833
1684738800,2023-05-22 07:00:00,2023-05-22 09:00:00,ringsted,15.7,424.5,4.85,0.0,1016.2,59.0,12.5
1684742400,2023-05-22 08:00:00,2023-05-22 10:00:00,ringsted,17.3,556.0,4.975,0.0,1016.11,54.0,12.5
1684746000,2023-05-22 09:00:00,2023-05-22 11:00:00,ringsted,18.55,687.0,4.825,0.0,1015.71,50.5,0.833333
1684749600,2023-05-22 10:00:00,2023-05-22 12:00:00,ringsted,19.525,728.5,5.25,0.0,1015.35,46.75,0.833333
1684753200,2023-05-22 11:00:00,2023-05-22 13:00:00,ringsted,19.95,799.0,5.475,0.0,1015.06,43.75,0.0
1684756800,2023-05-22 12:00:00,2023-05-22 14:00:00,ringsted,19.85,792.0,5.675,0.0,1014.67,43.75,0.0
1684760400,2023-05-22 13:00:00,2023-05-22 15:00:00,ringsted,20.05,785.0,5.65,0.0,1014.3,43.75,0.0
1684764000,2023-05-22 14:00:00,2023-05-22 16:00:00,ringsted,20.15,711.5,5.7,0.0,1013.8,44.25,2.5
1684767600,2023-05-22 15:00:00,2023-05-22 17:00:00,ringsted,19.525,551.0,5.825,0.0,1013.17,45.5,0.833333
1684771200,2023-05-22 16:00:00,2023-05-22 18:00:00,ringsted,18.6,358.5,5.55,0.0,1012.58,47.25,11.6667
1684774800,2023-05-22 17:00:00,2023-05-22 19:00:00,ringsted,17.8,332.5,5.05,0.0,1012.12,49.5,7.08333
1684778400,2023-05-22 18:00:00,2023-05-22 20:00:00,ringsted,17.0,145.5,4.825,0.0,1012.08,51.25,42.5
1684782000,2023-05-22 19:00:00,2023-05-22 21:00:00,ringsted,15.45,49.0,4.4,0.0,1012.05,56.5,46.6667
1684785600,2023-05-22 20:00:00,2023-05-22 22:00:00,ringsted,14.25,4.0,4.375,0.0,1012.14,60.5,75.4167
1684789200,2023-05-22 21:00:00,2023-05-22 23:00:00,ringsted,13.0,0.0,3.225,0.0,1011.85,66.75,92.0833
1684792800,2023-05-22 22:00:00,2023-05-23 00:00:00,ringsted,12.2,0.0,3.375,0.0,1011.38,71.75,80.8333
1684796400,2023-05-22 23:00:00,2023-05-23 01:00:00,ringsted,12.025,0.0,3.025,0.0,1010.74,72.5,87.9167
1684800000,2023-05-23 00:00:00,2023-05-23 02:00:00,ringsted,11.8,0.0,2.3,0.0,1010.04,73.0,91.25
1684803600,2023-05-23 01:00:00,2023-05-23 03:00:00,ringsted,11.175,0.0,1.4,0.0,1009.45,79.0,82.5
1684807200,2023-05-23 02:00:00,2023-05-23 04:00:00,ringsted,10.6,0.0,1.4,0.0,1009.07,83.5,86.25
1684810800,2023-05-23 03:00:00,2023-05-23 05:00:00,ringsted,10.425,0.0,1.75,0.0,1008.7,85.0,90.0
1684814400,2023-05-23 04:00:00,2023-05-23 06:00:00,ringsted,10.625,6.0,1.4,0.0,1008.47,86.25,90.8333
1684818000,2023-05-23 05:00:00,2023-05-23 07:00:00,ringsted,10.875,23.0,1.075,0.0,1008.07,87.0,89.5833
1684821600,2023-05-23 06:00:00,2023-05-23 08:00:00,ringsted,11.35,39.5,1.65,0.025,1007.96,87.0,94.1667
1684825200,2023-05-23 07:00:00,2023-05-23 09:00:00,ringsted,11.825,61.0,1.325,0.025,1007.97,87.25,91.6667
1684828800,2023-05-23 08:00:00,2023-05-23 10:00:00,ringsted,12.225,126.5,1.8,0.0,1008.23,87.25,94.1667
1684832400,2023-05-23 09:00:00,2023-05-23 11:00:00,ringsted,12.825,134.0,2.25,0.0,1008.38,85.25,93.3333
1684836000,2023-05-23 10:00:00,2023-05-23 12:00:00,ringsted,13.075,136.5,3.275,0.075,1008.54,85.0,92.5
1684839600,2023-05-23 11:00:00,2023-05-23 13:00:00,ringsted,13.25,183.0,4.725,0.075,1008.93,84.75,94.1667
1684843200,2023-05-23 12:00:00,2023-05-23 14:00:00,ringsted,12.475,87.5,4.725,1.1,1009.28,92.75,98.3333
1684846800,2023-05-23 13:00:00,2023-05-23 15:00:00,ringsted,11.75,100.5,4.675,0.825,1009.48,94.75,97.5
1684850400,2023-05-23 14:00:00,2023-05-23 16:00:00,ringsted,11.5,154.5,5.275,0.45,1009.69,93.5,98.3333
1684854000,2023-05-23 15:00:00,2023-05-23 17:00:00,ringsted,11.525,159.0,5.275,0.025,1009.9,90.25,90.0
1684857600,2023-05-23 16:00:00,2023-05-23 18:00:00,ringsted,11.825,232.5,5.125,0.0,1009.93,86.25,57.5
1684861200,2023-05-23 17:00:00,2023-05-23 19:00:00,ringsted,12.25,203.5,4.925,0.0,1010.1,82.75,61.6667
1684864800,2023-05-23 18:00:00,2023-05-23 20:00:00,ringsted,12.175,143.0,4.675,0.0,1010.55,81.5,55.8333
1684868400,2023-05-23 19:00:00,2023-05-23 21:00:00,ringsted,11.7,57.0,4.15,0.0,1011.03,82.75,92.7273
1684872000,2023-05-23 20:00:00,2023-05-23 22:00:00,ringsted,10.9,6.5,3.75,0.0,1011.44,85.75,88.75
1684875600,2023-05-23 21:00:00,2023-05-23 23:00:00,ringsted,10.125,0.0,3.0,0.0,1011.75,89.5,79.1667
1684879200,2023-05-23 22:00:00,2023-05-24 00:00:00,ringsted,9.625,0.0,2.6,0.0,1012.05,90.75,70.8333
1684882800,2023-05-23 23:00:00,2023-05-24 01:00:00,ringsted,9.25,0.0,2.7,0.0,1012.08,93.0,47.9167
1684886400,2023-05-24 00:00:00,2023-05-24 02:00:00,ringsted,8.55,0.0,2.375,0.0,1012.17,95.25,55.4167
1684890000,2023-05-24 01:00:00,2023-05-24 03:00:00,ringsted,8.6,0.0,2.075,0.0,1012.18,96.25,58.3333
1684893600,2023-05-24 02:00:00,2023-05-24 04:00:00,ringsted,8.0,0.0,1.55,0.0,1012.28,97.0,55.0
1684897200,2023-05-24 03:00:00,2023-05-24 05:00:00,ringsted,7.6,1.0,1.825,0.0,1012.58,97.75,62.5
1684900800,2023-05-24 04:00:00,2023-05-24 06:00:00,ringsted,7.675,17.5,1.825,0.0,1012.99,97.5,65.8333
1684904400,2023-05-24 05:00:00,2023-05-24 07:00:00,ringsted,8.875,104.5,1.85,0.0,1013.53,97.5,72.7273
1684908000,2023-05-24 06:00:00,2023-05-24 08:00:00,ringsted,10.625,180.0,2.25,0.0,1014.1,96.75,87.5
1684911600,2023-05-24 07:00:00,2023-05-24 09:00:00,ringsted,12.1,254.0,2.825,0.0,1014.77,92.25,85.8333
1684915200,2023-05-24 08:00:00,2023-05-24 10:00:00,ringsted,12.875,234.5,3.025,0.0,1015.09,87.75,95.8333
1684918800,2023-05-24 09:00:00,2023-05-24 11:00:00,ringsted,13.875,290.5,2.875,0.0,1015.48,82.75,92.5
1684922400,2023-05-24 10:00:00,2023-05-24 12:00:00,ringsted,14.425,436.5,3.3,0.0,1015.65,78.5,67.0833
1684926000,2023-05-24 11:00:00,2023-05-24 13:00:00,ringsted,15.3,651.5,2.95,0.0,1016.0,74.75,47.5
1684929600,2023-05-24 12:00:00,2023-05-24 14:00:00,ringsted,15.95,753.0,2.425,0.0,1016.15,71.0,27.9167
1684933200,2023-05-24 13:00:00,2023-05-24 15:00:00,ringsted,16.625,766.0,2.45,0.0,1016.09,68.25,26.6667
1684936800,2023-05-24 14:00:00,2023-05-24 16:00:00,ringsted,17.25,695.5,2.125,0.0,1016.08,64.5,28.75
1684940400,2023-05-24 15:00:00,2023-05-24 17:00:00,ringsted,17.425,471.5,2.675,0.0,1016.16,63.5,17.0833
1684944000,2023-05-24 16:00:00,2023-05-24 18:00:00,ringsted,17.25,386.0,3.175,0.0,1016.1,63.75,20.8333
1684947600,2023-05-24 17:00:00,2023-05-24 19:00:00,ringsted,17.075,341.5,3.275,0.0,1016.17,65.5,0.0
1684951200,2023-05-24 18:00:00,2023-05-24 20:00:00,ringsted,16.375,199.5,3.025,0.0,1016.33,68.75,0.0
1684954800,2023-05-24 19:00:00,2023-05-24 21:00:00,ringsted,15.075,69.5,2.1,0.0,1016.68,75.5,6.66667
1684958400,2023-05-24 20:00:00,2023-05-24 22:00:00,ringsted,13.05,7.5,2.075,0.0,1016.94,84.75,55.8333
1684962000,2023-05-24 21:00:00,2023-05-24 23:00:00,ringsted,12.275,0.0,2.2,0.0,1017.07,89.25,24.5833
1684965600,2023-05-24 22:00:00,2023-05-25 00:00:00,ringsted,11.85,0.0,2.15,0.0,1017.35,90.5,12.0833
1684969200,2023-05-24 23:00:00,2023-05-25 01:00:00,ringsted,10.95,0.0,2.125,0.0,1017.61,92.5,0.0
1684972800,2023-05-25 00:00:00,2023-05-25 02:00:00,ringsted,10.2,0.0,2.6,0.0,1017.85,92.25,14.1667
1684976400,2023-05-25 01:00:00,2023-05-25 03:00:00,ringsted,9.7,0.0,2.525,0.0,1017.91,92.75,4.16667
1684980000,2023-05-25 02:00:00,2023-05-25 04:00:00,ringsted,9.175,0.0,3.2,0.0,1017.93,94.0,3.33333
1684983600,2023-05-25 03:00:00,2023-05-25 05:00:00,ringsted,8.675,1.0,3.15,0.0,1018.09,93.5,1.66667
1684987200,2023-05-25 04:00:00,2023-05-25 06:00:00,ringsted,8.45,35.5,3.275,0.0,1018.23,93.25,16.25
1684990800,2023-05-25 05:00:00,2023-05-25 07:00:00,ringsted,9.375,163.5,3.65,0.0,1018.56,91.0,36.25
1684994400,2023-05-25 06:00:00,2023-05-25 08:00:00,ringsted,10.525,281.0,4.3,0.0,1018.96,86.0,83.3333
1684998000,2023-05-25 07:00:00,2023-05-25 09:00:00,ringsted,11.525,336.0,4.85,0.0,1019.32,80.25,85.0
1685001600,2023-05-25 08:00:00,2023-05-25 10:00:00,ringsted,12.425,399.5,4.8,0.0,1019.67,75.25,31.25
1685005200,2023-05-25 09:00:00,2023-05-25 11:00:00,ringsted,14.1,642.0,5.075,0.0,1020.23,68.0,31.6667
1685008800,2023-05-25 10:00:00,2023-05-25 12:00:00,ringsted,14.8,722.0,5.625,0.0,1020.66,63.75,33.75
1685012400,2023-05-25 11:00:00,2023-05-25 13:00:00,ringsted,15.175,826.5,5.675,0.0,1020.75,60.0,5.83333
1685016000,2023-05-25 12:00:00,2023-05-25 14:00:00,ringsted,15.575,849.0,6.1,0.0,1020.82,56.25,0.0
1685019600,2023-05-25 13:00:00,2023-05-25 15:00:00,ringsted,15.875,815.0,5.575,0.0,1020.78,50.75,2.5
1685023200,2023-05-25 14:00:00,2023-05-25 16:00:00,ringsted,15.975,733.5,5.575,0.0,1020.66,50.75,3.33333
1685026800,2023-05-25 15:00:00,2023-05-25 17:00:00,ringsted,16.125,628.0,5.075,0.0,1020.69,51.75,3.33333
1685030400,2023-05-25 16:00:00,2023-05-25 18:00:00,ringsted,15.85,483.0,4.825,0.0,1020.71,52.25,1.66667
1685034000,2023-05-25 17:00:00,2023-05-25 19:00:00,ringsted,15.375,338.5,4.575,0.0,1020.61,54.0,0.0
1685037600,2023-05-25 18:00:00,2023-05-25 20:00:00,ringsted,14.55,188.0,3.925,0.0,1020.76,57.0,0.0
1685041200,2023-05-25 19:00:00,2023-05-25 21:00:00,ringsted,13.075,70.0,3.375,0.0,1021.01,64.75,0.0
1685044800,2023-05-25 20:00:00,2023-05-25 22:00:00,ringsted,11.35,7.0,2.65,0.0,1021.28,73.25,0.0
1685048400,2023-05-25 21:00:00,2023-05-25 23:00:00,ringsted,9.8,0.0,2.625,0.0,1021.56,79.0,0.0
1685052000,2023-05-25 22:00:00,2023-05-26 00:00:00,ringsted,9.4,0.0,3.8,0.0,1021.64,76.75,0.0
1685055600,2023-05-25 23:00:00,2023-05-26 01:00:00,ringsted,8.475,0.0,3.525,0.0,1021.53,78.0,0.0
1685059200,2023-05-26 00:00:00,2023-05-26 02:00:00,ringsted,7.35,0.0,3.025,0.0,1021.56,83.0,0.0
1685062800,2023-05-26 01:00:00,2023-05-26 03:00:00,ringsted,6.675,0.0,3.125,0.0,1021.7,86.5,0.0
1685066400,2023-05-26 02:00:00,2023-05-26 04:00:00,ringsted,6.25,0.0,2.7,0.0,1021.7,88.25,0.0
1685070000,2023-05-26 03:00:00,2023-05-26 05:00:00,ringsted,5.9,1.0,2.975,0.0,1021.85,89.75,10.0
1685073600,2023-05-26 04:00:00,2023-05-26 06:00:00,ringsted,6.025,37.0,3.025,0.0,1021.97,89.25,14.5833
1685077200,2023-05-26 05:00:00,2023-05-26 07:00:00,ringsted,7.2,130.5,3.475,0.0,1022.18,86.75,13.3333
1685080800,2023-05-26 06:00:00,2023-05-26 08:00:00,ringsted,8.975,210.0,4.75,0.0,1022.45,79.5,55.8333
1685084400,2023-05-26 07:00:00,2023-05-26 09:00:00,ringsted,10.225,349.0,5.675,0.0,1022.64,73.25,63.75
1685088000,2023-05-26 08:00:00,2023-05-26 10:00:00,ringsted,11.275,451.5,5.875,0.0,1022.84,67.75,56.6667
1685091600,2023-05-26 09:00:00,2023-05-26 11:00:00,ringsted,12.325,604.5,6.15,0.0,1023.0,63.0,45.4167
1685095200,2023-05-26 10:00:00,2023-05-26 12:00:00,ringsted,13.325,715.0,6.25,0.0,1023.12,58.75,40.0
1685098800,2023-05-26 11:00:00,2023-05-26 13:00:00,ringsted,14.025,782.5,5.9,0.0,1023.2,56.75,34.5833
1685102400,2023-05-26 12:00:00,2023-05-26 14:00:00,ringsted,14.725,855.5,5.95,0.0,1023.28,54.25,34.1667
1685106000,2023-05-26 13:00:00,2023-05-26 15:00:00,ringsted,15.15,796.5,5.975,0.0,1023.35,52.5,5.0
1685109600,2023-05-26 14:00:00,2023-05-26 16:00:00,ringsted,15.475,717.5,5.95,0.0,1023.53,49.0,0.833333
1685113200,2023-05-26 15:00:00,2023-05-26 17:00:00,ringsted,15.55,628.5,5.675,0.0,1023.64,47.5,5.83333
1685116800,2023-05-26 16:00:00,2023-05-26 18:00:00,ringsted,15.275,481.5,5.275,0.0,1023.63,50.5,0.0
1685120400,2023-05-26 17:00:00,2023-05-26 19:00:00,ringsted,14.825,340.5,4.925,0.0,1023.7,50.0,0.0
1685124000,2023-05-26 18:00:00,2023-05-26 20:00:00,ringsted,14.25,203.0,4.0,0.0,1023.84,50.0,0.0
1685127600,2023-05-26 19:00:00,2023-05-26 21:00:00,ringsted,12.8,73.5,2.725,0.0,1023.99,55.75,0.0
1685131200,2023-05-26 20:00:00,2023-05-26 22:00:00,ringsted,10.55,8.5,2.0,0.0,1024.19,69.25,0.0
1685134800,2023-05-26 21:00:00,2023-05-26 23:00:00,ringsted,8.925,0.0,1.5,0.0,1024.38,76.75,0.0
1685138400,2023-05-26 22:00:00,2023-05-27 00:00:00,ringsted,7.775,0.0,1.425,0.0,1024.46,81.25,0.0
1685142000,2023-05-26 23:00:00,2023-05-27 01:00:00,ringsted,7.3,0.0,1.825,0.0,1024.7,83.0,0.0
1685145600,2023-05-27 00:00:00,2023-05-27 02:00:00,ringsted,7.3,0.0,2.05,0.0,1024.66,87.75,0.0
1685149200,2023-05-27 01:00:00,2023-05-27 03:00:00,ringsted,6.725,0.0,1.675,0.0,1024.71,92.0,0.0
1685152800,2023-05-27 02:00:00,2023-05-27 04:00:00,ringsted,5.625,0.0,1.15,0.0,1024.5,95.0,0.0
1685156400,2023-05-27 03:00:00,2023-05-27 05:00:00,ringsted,5.125,1.5,0.875,0.0,1024.57,96.25,0.0
1685160000,2023-05-27 04:00:00,2023-05-27 06:00:00,ringsted,4.725,43.5,0.6,0.0,1024.6,97.25,0.0
1685163600,2023-05-27 05:00:00,2023-05-27 07:00:00,ringsted,6.475,155.0,0.775,0.0,1024.71,96.75,0.0
1685167200,2023-05-27 06:00:00,2023-05-27 08:00:00,ringsted,9.45,293.5,0.975,0.0,1024.8,92.5,10.8333
1685170800,2023-05-27 07:00:00,2023-05-27 09:00:00,ringsted,11.4,431.5,1.75,0.0,1024.78,81.25,21.6667
1685174400,2023-05-27 08:00:00,2023-05-27 10:00:00,ringsted,12.75,567.0,2.325,0.0,1024.62,70.25,20.0
1685178000,2023-05-27 09:00:00,2023-05-27 11:00:00,ringsted,13.475,598.5,2.1,0.0,1024.25,65.25,25.4167
1685181600,2023-05-27 10:00:00,2023-05-27 12:00:00,ringsted,14.1,645.5,2.275,0.0,1023.81,61.5,13.75
1685185200,2023-05-27 11:00:00,2023-05-27 13:00:00,ringsted,14.975,758.5,2.0,0.0,1023.3,56.75,23.3333
1685188800,2023-05-27 12:00:00,2023-05-27 14:00:00,ringsted,15.825,810.5,2.175,0.0,1022.67,52.5,3.33333
1685192400,2023-05-27 13:00:00,2023-05-27 15:00:00,ringsted,16.35,773.0,2.325,0.0,1022.01,51.25,13.75
1685196000,2023-05-27 14:00:00,2023-05-27 16:00:00,ringsted,16.75,708.0,2.375,0.0,1021.3,49.75,4.16667
1685199600,2023-05-27 15:00:00,2023-05-27 17:00:00,ringsted,16.9,581.5,2.525,0.0,1020.87,49.0,0.0
1685203200,2023-05-27 16:00:00,2023-05-27 18:00:00,ringsted,16.9,496.0,2.425,0.0,1020.17,50.25,0.0
1685206800,2023-05-27 17:00:00,2023-05-27 19:00:00,ringsted,16.525,348.5,2.2,0.0,1019.78,54.0,0.0
1685210400,2023-05-27 18:00:00,2023-05-27 20:00:00,ringsted,15.7,200.0,2.8,0.0,1019.62,53.5,0.0
1685214000,2023-05-27 19:00:00,2023-05-27 21:00:00,ringsted,13.9,81.0,1.925,0.0,1019.54,59.0,0.0
1685217600,2023-05-27 20:00:00,2023-05-27 22:00:00,ringsted,11.95,9.0,1.275,0.0,1019.28,67.75,0.0
1685221200,2023-05-27 21:00:00,2023-05-27 23:00:00,ringsted,9.675,0.0,1.05,0.0,1018.97,79.0,0.0
1685224800,2023-05-27 22:00:00,2023-05-28 00:00:00,ringsted,8.375,0.0,1.325,0.0,1018.55,85.5,0.0
1685228400,2023-05-27 23:00:00,2023-05-28 01:00:00,ringsted,8.15,0.0,1.35,0.0,1018.3,87.25,2.5
1685232000,2023-05-28 00:00:00,2023-05-28 02:00:00,ringsted,7.8,0.0,1.575,0.0,1018.04,89.75,21.25
1685235600,2023-05-28 01:00:00,2023-05-28 03:00:00,ringsted,7.3,0.0,0.95,0.0,1017.82,94.0,66.25
1685239200,2023-05-28 02:00:00,2023-05-28 04:00:00,ringsted,6.85,0.0,0.725,0.0,1017.61,95.0,92.5
1685242800,2023-05-28 03:00:00,2023-05-28 05:00:00,ringsted,7.625,1.0,1.325,0.0,1017.65,95.0,90.0
1685246400,2023-05-28 04:00:00,2023-05-28 06:00:00,ringsted,8.3,22.5,1.475,0.0,1017.69,94.75,78.3333
1685250000,2023-05-28 05:00:00,2023-05-28 07:00:00,ringsted,9.275,117.0,1.175,0.0,1017.8,92.5,23.75
1685253600,2023-05-28 06:00:00,2023-05-28 08:00:00,ringsted,10.75,234.5,1.675,0.0,1017.73,87.25,7.08333
1685257200,2023-05-28 07:00:00,2023-05-28 09:00:00,ringsted,12.525,395.0,2.225,0.0,1018.02,78.0,65.0
1685260800,2023-05-28 08:00:00,2023-05-28 10:00:00,ringsted,13.45,494.5,3.2,0.0,1018.12,73.75,48.75
1685264400,2023-05-28 09:00:00,2023-05-28 11:00:00,ringsted,14.525,668.0,3.3,0.0,1017.93,69.75,16.25
1685268000,2023-05-28 10:00:00,2023-05-28 12:00:00,ringsted,15.725,788.5,3.075,0.0,1017.61,62.5,30.4167
1685271600,2023-05-28 11:00:00,2023-05-28 13:00:00,ringsted,16.725,816.0,3.975,0.0,1017.67,56.25,17.5
1685275200,2023-05-28 12:00:00,2023-05-28 14:00:00,ringsted,16.95,627.0,4.1,0.0,1017.44,51.75,57.0833
1685278800,2023-05-28 13:00:00,2023-05-28 15:00:00,ringsted,17.05,608.0,4.275,0.0,1017.15,48.75,47.5
1685282400,2023-05-28 14:00:00,2023-05-28 16:00:00,ringsted,17.425,674.0,4.675,0.0,1016.95,48.5,41.25
1685286000,2023-05-28 15:00:00,2023-05-28 17:00:00,ringsted,17.375,520.5,4.6,0.0,1016.7,49.75,42.5
1685289600,2023-05-28 16:00:00,2023-05-28 18:00:00,ringsted,16.95,346.5,4.725,0.0,1016.69,50.0,25.8333
1685293200,2023-05-28 17:00:00,2023-05-28 19:00:00,ringsted,16.325,294.0,4.575,0.0,1016.79,52.5,4.16667
1685296800,2023-05-28 18:00:00,2023-05-28 20:00:00,ringsted,15.4,217.5,3.85,0.0,1017.19,54.5,0.833333
1685300400,2023-05-28 19:00:00,2023-05-28 21:00:00,ringsted,13.8,89.0,3.125,0.0,1017.36,59.75,0.0
1685304000,2023-05-28 20:00:00,2023-05-28 22:00:00,ringsted,11.35,8.0,1.85,0.0,1017.53,69.75,15.0
1685307600,2023-05-28 21:00:00,2023-05-28 23:00:00,ringsted,9.45,0.0,1.45,0.0,1017.68,77.0,27.0833
1685311200,2023-05-28 22:00:00,2023-05-29 00:00:00,ringsted,8.2,0.0,1.575,0.0,1017.75,82.25,30.8333
1685314800,2023-05-28 23:00:00,2023-05-29 01:00:00,ringsted,7.8,0.0,1.975,0.0,1017.95,81.0,70.0
1685318400,2023-05-29 00:00:00,2023-05-29 02:00:00,ringsted,7.75,0.0,1.925,0.0,1017.93,81.25,27.5
1685322000,2023-05-29 01:00:00,2023-05-29 03:00:00,ringsted,6.925,0.0,1.8,0.0,1017.95,84.5,16.6667
1685325600,2023-05-29 02:00:00,2023-05-29 04:00:00,ringsted,5.875,0.0,1.425,0.0,1018.01,89.0,0.0
1685329200,2023-05-29 03:00:00,2023-05-29 05:00:00,ringsted,5.3,2.5,1.75,0.0,1017.9,92.25,0.0
1685332800,2023-05-29 04:00:00,2023-05-29 06:00:00,ringsted,5.15,55.5,2.025,0.0,1018.13,93.75,0.0
1685336400,2023-05-29 05:00:00,2023-05-29 07:00:00,ringsted,7.1,185.5,2.05,0.0,1018.3,92.0,0.0
1685340000,2023-05-29 06:00:00,2023-05-29 08:00:00,ringsted,9.675,334.5,2.975,0.0,1018.48,84.25,0.0
1685343600,2023-05-29 07:00:00,2023-05-29 09:00:00,ringsted,11.525,482.0,3.575,0.0,1018.68,76.75,0.0
1685347200,2023-05-29 08:00:00,2023-05-29 10:00:00,ringsted,13.3,599.5,3.825,0.0,1018.78,68.25,13.75
1685350800,2023-05-29 09:00:00,2023-05-29 11:00:00,ringsted,14.55,712.0,4.475,0.0,1018.95,62.0,11.6667
1685354400,2023-05-29 10:00:00,2023-05-29 12:00:00,ringsted,15.65,757.0,4.45,0.0,1018.84,56.25,1.66667
1685358000,2023-05-29 11:00:00,2023-05-29 13:00:00,ringsted,16.3,835.0,4.85,0.0,1018.85,46.75,1.66667
1685361600,2023-05-29 12:00:00,2023-05-29 14:00:00,ringsted,16.6,822.5,4.7,0.0,1018.89,44.0,0.0
1685365200,2023-05-29 13:00:00,2023-05-29 15:00:00,ringsted,16.875,828.5,4.65,0.0,1018.85,41.25,2.5
1685368800,2023-05-29 14:00:00,2023-05-29 16:00:00,ringsted,17.0,737.0,4.65,0.0,1018.84,38.5,0.0
1685372400,2023-05-29 15:00:00,2023-05-29 17:00:00,ringsted,17.125,642.5,4.65,0.0,1018.58,39.0,0.833333
1685376000,2023-05-29 16:00:00,2023-05-29 18:00:00,ringsted,16.675,450.0,4.5,0.0,1018.48,39.25,1.66667
1685379600,2023-05-29 17:00:00,2023-05-29 19:00:00,ringsted,16.0,332.0,3.6,0.0,1018.26,41.75,0.0
1685383200,2023-05-29 18:00:00,2023-05-29 20:00:00,ringsted,15.45,174.5,2.975,0.0,1018.12,45.5,0.0
1685386800,2023-05-29 19:00:00,2023-05-29 21:00:00,ringsted,13.85,70.5,2.45,0.0,1018.35,51.5,0.0
1685390400,2023-05-29 20:00:00,2023-05-29 22:00:00,ringsted,11.975,10.0,2.05,0.0,1018.85,60.5,2.5
1685394000,2023-05-29 21:00:00,2023-05-29 23:00:00,ringsted,10.7,0.0,1.85,0.0,1018.94,66.5,0.0
1685397600,2023-05-29 22:00:00,2023-05-30 00:00:00,ringsted,8.975,0.0,1.75,0.0,1018.85,76.5,0.0
1685401200,2023-05-29 23:00:00,2023-05-30 01:00:00,ringsted,8.4,0.0,2.2,0.0,1018.7,80.5,0.0
1685404800,2023-05-30 00:00:00,2023-05-30 02:00:00,ringsted,8.625,0.0,2.75,0.0,1018.77,83.75,8.33333
1685408400,2023-05-30 01:00:00,2023-05-30 03:00:00,ringsted,8.075,0.0,2.625,0.0,1018.92,89.5,19.5833
1685412000,2023-05-30 02:00:00,2023-05-30 04:00:00,ringsted,8.15,0.0,2.325,0.0,1019.37,92.75,17.5
1685415600,2023-05-30 03:00:00,2023-05-30 05:00:00,ringsted,7.575,2.5,1.775,0.0,1019.75,94.5,40.4167
1685419200,2023-05-30 04:00:00,2023-05-30 06:00:00,ringsted,7.2,41.0,0.9,0.0,1020.26,95.25,32.9167
1685422800,2023-05-30 05:00:00,2023-05-30 07:00:00,ringsted,9.125,160.0,1.1,0.0,1020.67,93.25,35.8333
1685426400,2023-05-30 06:00:00,2023-05-30 08:00:00,ringsted,11.45,274.5,2.3,0.0,1021.02,85.0,34.1667
1685430000,2023-05-30 07:00:00,2023-05-30 09:00:00,ringsted,13.025,473.5,2.45,0.0,1021.37,75.75,1.66667
1685433600,2023-05-30 08:00:00,2023-05-30 10:00:00,ringsted,14.525,607.0,1.975,0.0,1021.7,66.5,5.83333
1685437200,2023-05-30 09:00:00,2023-05-30 11:00:00,ringsted,15.825,702.5,1.725,0.0,1021.84,58.75,9.16667
1685440800,2023-05-30 10:00:00,2023-05-30 12:00:00,ringsted,16.95,772.5,1.875,0.0,1022.08,55.25,44.1667
1685444400,2023-05-30 11:00:00,2023-05-30 13:00:00,ringsted,17.675,822.0,2.45,0.0,1022.13,53.5,23.75
1685448000,2023-05-30 12:00:00,2023-05-30 14:00:00,ringsted,18.075,832.5,2.875,0.0,1022.23,50.25,0.833333
1685451600,2023-05-30 13:00:00,2023-05-30 15:00:00,ringsted,18.4,822.5,2.925,0.0,1022.38,49.75,3.75
1685455200,2023-05-30 14:00:00,2023-05-30 16:00:00,ringsted,19.05,748.5,3.075,0.0,1022.47,47.0,22.0833
1685458800,2023-05-30 15:00:00,2023-05-30 17:00:00,ringsted,18.9,648.0,3.2,0.0,1022.43,49.5,0.833333
1685462400,2023-05-30 16:00:00,2023-05-30 18:00:00,ringsted,19.0,524.0,3.225,0.0,1022.49,47.25,0.0
1685466000,2023-05-30 17:00:00,2023-05-30 19:00:00,ringsted,18.65,385.0,3.375,0.0,1022.52,47.5,0.0
1685469600,2023-05-30 18:00:00,2023-05-30 20:00:00,ringsted,17.75,228.0,3.225,0.0,1022.62,50.5,0.0
1685473200,2023-05-30 19:00:00,2023-05-30 21:00:00,ringsted,16.2,98.5,2.375,0.0,1022.92,58.0,0.0
1685476800,2023-05-30 20:00:00,2023-05-30 22:00:00,ringsted,14.125,13.0,1.45,0.0,1023.02,69.0,0.0
1685480400,2023-05-30 21:00:00,2023-05-30 23:00:00,ringsted,12.075,0.0,1.175,0.0,1022.86,76.5,0.0
1685484000,2023-05-30 22:00:00,2023-05-31 00:00:00,ringsted,10.25,0.0,0.95,0.0,1022.85,83.0,0.0
1685487600,2023-05-30 23:00:00,2023-05-31 01:00:00,ringsted,8.95,0.0,0.425,0.0,1022.64,86.75,0.0
1685491200,2023-05-31 00:00:00,2023-05-31 02:00:00,ringsted,8.425,0.0,0.825,0.0,1022.4,86.5,0.0
1685494800,2023-05-31 01:00:00,2023-05-31 03:00:00,ringsted,8.175,0.0,1.2,0.0,1022.22,85.75,0.0
1685498400,2023-05-31 02:00:00,2023-05-31 04:00:00,ringsted,8.225,0.0,1.3,0.0,1021.84,85.0,0.0
1685502000,2023-05-31 03:00:00,2023-05-31 05:00:00,ringsted,8.175,2.0,1.475,0.0,1021.42,88.5,0.0
1685505600,2023-05-31 04:00:00,2023-05-31 06:00:00,ringsted,8.875,45.5,1.475,0.0,1021.08,89.0,0.0
1685509200,2023-05-31 05:00:00,2023-05-31 07:00:00,ringsted,11.55,156.0,2.25,0.0,1020.75,84.5,0.0
1685512800,2023-05-31 06:00:00,2023-05-31 08:00:00,ringsted,14.1,295.0,3.225,0.0,1020.33,76.75,0.0
1685516400,2023-05-31 07:00:00,2023-05-31 09:00:00,ringsted,15.325,430.0,4.15,0.0,1019.83,68.0,3.33333
1685520000,2023-05-31 08:00:00,2023-05-31 10:00:00,ringsted,16.475,583.0,4.875,0.0,1019.09,59.25,2.5
1685523600,2023-05-31 09:00:00,2023-05-31 11:00:00,ringsted,17.525,708.0,5.25,0.0,1018.71,53.25,3.33333
1685527200,2023-05-31 10:00:00,2023-05-31 12:00:00,ringsted,17.525,639.0,5.8,0.0,1018.48,54.0,4.16667
1685530800,2023-05-31 11:00:00,2023-05-31 13:00:00,ringsted,17.675,676.5,5.65,0.0,1018.05,57.0,2.5
1685534400,2023-05-31 12:00:00,2023-05-31 14:00:00,ringsted,18.4,797.5,5.75,0.0,1017.46,55.5,3.33333
1685538000,2023-05-31 13:00:00,2023-05-31 15:00:00,ringsted,18.95,743.0,5.65,0.0,1016.91,55.0,2.5
1685541600,2023-05-31 14:00:00,2023-05-31 16:00:00,ringsted,19.275,610.5,5.6,0.0,1016.31,53.5,2.5
1685545200,2023-05-31 15:00:00,2023-05-31 17:00:00,ringsted,19.15,467.5,5.475,0.0,1015.79,55.5,3.33333
1685548800,2023-05-31 16:00:00,2023-05-31 18:00:00,ringsted,19.75,502.0,5.75,0.0,1015.19,54.0,2.5
1685552400,2023-05-31 17:00:00,2023-05-31 19:00:00,ringsted,19.75,388.0,5.95,0.0,1014.61,53.75,0.0
1685556000,2023-05-31 18:00:00,2023-05-31 20:00:00,ringsted,19.0,240.0,6.0,0.0,1014.26,57.25,0.833333
1685559600,2023-05-31 19:00:00,2023-05-31 21:00:00,ringsted,17.65,113.0,5.05,0.0,1014.28,62.0,0.0
1685563200,2023-05-31 20:00:00,2023-05-31 22:00:00,ringsted,15.575,19.5,3.875,0.0,1014.44,68.75,0.0
1685566800,2023-05-31 21:00:00,2023-05-31 23:00:00,ringsted,13.675,0.0,4.1,0.0,1014.17,74.5,0.0
1685570400,2023-05-31 22:00:00,2023-06-01 00:00:00,ringsted,12.175,0.0,3.625,0.0,1013.98,81.5,0.833333
1685574000,2023-05-31 23:00:00,2023-06-01 01:00:00,ringsted,11.025,0.0,3.9,0.0,1013.82,84.75,18.3333
1685577600,2023-06-01 00:00:00,2023-06-01 02:00:00,ringsted,10.25,0.0,4.2,0.0,1013.55,87.75,45.8333
1685581200,2023-06-01 01:00:00,2023-06-01 03:00:00,ringsted,9.775,0.0,4.475,0.0,1013.39,89.25,37.5
1685584800,2023-06-01 02:00:00,2023-06-01 04:00:00,ringsted,9.175,0.0,3.675,0.0,1013.12,92.25,65.4167
1685588400,2023-06-01 03:00:00,2023-06-01 05:00:00,ringsted,9.225,1.5,3.95,0.0,1012.81,91.25,86.6667
1685592000,2023-06-01 04:00:00,2023-06-01 06:00:00,ringsted,9.4,29.0,3.6,0.0,1012.58,91.75,89.1667
1685595600,2023-06-01 05:00:00,2023-06-01 07:00:00,ringsted,10.175,88.0,4.625,0.0,1012.33,89.5,93.3333
1685599200,2023-06-01 06:00:00,2023-06-01 08:00:00,ringsted,11.15,165.0,5.1,0.0,1012.16,85.75,85.4167
1685602800,2023-06-01 07:00:00,2023-06-01 09:00:00,ringsted,12.0,340.5,5.85,0.0,1012.09,81.0,58.3333
1685606400,2023-06-01 08:00:00,2023-06-01 10:00:00,ringsted,12.95,508.5,6.05,0.0,1012.13,76.75,45.8333
1685610000,2023-06-01 09:00:00,2023-06-01 11:00:00,ringsted,14.35,690.0,5.75,0.0,1012.07,71.0,7.08333
1685613600,2023-06-01 10:00:00,2023-06-01 12:00:00,ringsted,15.65,802.5,5.75,0.0,1011.97,64.25,3.33333
1685617200,2023-06-01 11:00:00,2023-06-01 13:00:00,ringsted,16.525,841.5,5.525,0.0,1011.8,58.5,3.33333
1685620800,2023-06-01 12:00:00,2023-06-01 14:00:00,ringsted,17.075,838.0,5.575,0.0,1011.58,56.25,7.5
1685624400,2023-06-01 13:00:00,2023-06-01 15:00:00,ringsted,17.725,804.5,5.125,0.0,1011.45,55.75,23.3333
1685628000,2023-06-01 14:00:00,2023-06-01 16:00:00,ringsted,18.325,717.5,4.7,0.0,1011.39,53.25,10.8333
1685631600,2023-06-01 15:00:00,2023-06-01 17:00:00,ringsted,18.15,644.0,5.3,0.0,1011.51,54.0,13.0
1685635200,2023-06-01 16:00:00,2023-06-01 18:00:00,ringsted,18.0667,512.0,5.56667,0.0,1011.52,54.3333,0.0
1685638800,2023-06-01 17:00:00,2023-06-01 19:00:00,ringsted,17.0,365.5,5.35,0.0,1011.36,54.75,0.0
1685642400,2023-06-01 18:00:00,2023-06-01 20:00:00,ringsted,16.325,223.5,5.175,0.0,1011.42,53.25,0.0
1685646000,2023-06-01 19:00:00,2023-06-01 21:00:00,ringsted,15.075,97.5,3.9,0.0,1011.71,57.75,4.58333
1685649600,2023-06-01 20:00:00,2023-06-01 22:00:00,ringsted,13.275,16.5,2.8,0.0,1012.53,67.25,36.6667
1685653200,2023-06-01 21:00:00,2023-06-01 23:00:00,ringsted,11.65,0.0,4.15,0.0,1013.28,78.25,50.0
1685656800,2023-06-01 22:00:00,2023-06-02 00:00:00,ringsted,11.25,0.0,4.475,0.0,1014.13,83.0,79.1667
1685660400,2023-06-01 23:00:00,2023-06-02 01:00:00,ringsted,11.0,0.0,4.725,0.0,1014.7,84.25,92.5
1685664000,2023-06-02 00:00:00,2023-06-02 02:00:00,ringsted,10.65,0.0,4.375,0.0,1015.25,78.75,60.4167
1685667600,2023-06-02 01:00:00,2023-06-02 03:00:00,ringsted,10.0,0.0,3.15,0.0,1015.82,79.25,16.25
1685671200,2023-06-02 02:00:00,2023-06-02 04:00:00,ringsted,8.675,0.0,2.075,0.0,1016.33,84.25,14.5833
1685674800,2023-06-02 03:00:00,2023-06-02 05:00:00,ringsted,7.35,2.5,1.75,0.0,1016.93,90.25,20.4167
1685678400,2023-06-02 04:00:00,2023-06-02 06:00:00,ringsted,7.25,51.5,1.55,0.0,1017.5,91.0,4.16667
1685682000,2023-06-02 05:00:00,2023-06-02 07:00:00,ringsted,9.05,169.5,1.575,0.0,1017.97,83.75,2.91667
1685685600,2023-06-02 06:00:00,2023-06-02 08:00:00,ringsted,11.05,325.5,2.475,0.0,1018.45,71.5,0.0
1685689200,2023-06-02 07:00:00,2023-06-02 09:00:00,ringsted,12.3,490.0,2.25,0.0,1019.02,62.0,0.833333
1685692800,2023-06-02 08:00:00,2023-06-02 10:00:00,ringsted,13.775,624.0,2.6,0.0,1019.33,52.5,7.08333
1685696400,2023-06-02 09:00:00,2023-06-02 11:00:00,ringsted,14.725,759.0,3.275,0.0,1019.48,48.0,17.5
1685700000,2023-06-02 10:00:00,2023-06-02 12:00:00,ringsted,15.425,666.5,3.9,0.0,1019.48,42.0,12.9167
1685703600,2023-06-02 11:00:00,2023-06-02 13:00:00,ringsted,16.3,751.5,4.65,0.0,1019.51,37.75,6.66667
1685707200,2023-06-02 12:00:00,2023-06-02 14:00:00,ringsted,16.825,791.5,4.975,0.0,1019.56,33.75,9.16667
1685710800,2023-06-02 13:00:00,2023-06-02 15:00:00,ringsted,16.75,817.0,5.9,0.0,1019.7,31.25,0.0
1685714400,2023-06-02 14:00:00,2023-06-02 16:00:00,ringsted,16.55,768.5,6.275,0.0,1019.77,30.75,0.0
1685718000,2023-06-02 15:00:00,2023-06-02 17:00:00,ringsted,16.275,668.0,5.875,0.0,1019.71,33.25,0.0
1685721600,2023-06-02 16:00:00,2023-06-02 18:00:00,ringsted,15.675,544.0,5.75,0.0,1019.7,35.0,0.0
1685725200,2023-06-02 17:00:00,2023-06-02 19:00:00,ringsted,15.075,398.5,5.025,0.0,1019.81,36.5,0.0
1685728800,2023-06-02 18:00:00,2023-06-02 20:00:00,ringsted,14.325,248.0,4.325,0.0,1020.0,40.0,0.0
1685732400,2023-06-02 19:00:00,2023-06-02 21:00:00,ringsted,13.15,112.0,3.325,0.0,1020.2,45.5,0.0
1685736000,2023-06-02 20:00:00,2023-06-02 22:00:00,ringsted,10.925,17.5,1.625,0.0,1020.42,57.75,0.0
1685739600,2023-06-02 21:00:00,2023-06-02 23:00:00,ringsted,8.575,0.0,1.2,0.0,1020.47,68.75,0.0
1685743200,2023-06-02 22:00:00,2023-06-03 00:00:00,ringsted,6.675,0.0,0.925,0.0,1020.48,77.75,0.0
1685746800,2023-06-02 23:00:00,2023-06-03 01:00:00,ringsted,5.275,0.0,0.65,0.0,1020.53,85.5,0.0
1685750400,2023-06-03 00:00:00,2023-06-03 02:00:00,ringsted,5.0,0.0,0.65,0.0,1020.54,87.5,0.0
1685754000,2023-06-03 01:00:00,2023-06-03 03:00:00,ringsted,3.8,0.0,0.95,0.0,1020.66,90.5,0.0
1685757600,2023-06-03 02:00:00,2023-06-03 04:00:00,ringsted,3.375,0.0,1.1,0.0,1020.83,92.25,0.0
1685761200,2023-06-03 03:00:00,2023-06-03 05:00:00,ringsted,3.25,3.5,1.15,0.0,1020.93,92.25,0.0
1685764800,2023-06-03 04:00:00,2023-06-03 06:00:00,ringsted,4.225,69.0,1.3,0.0,1020.93,90.25,0.0
1685768400,2023-06-03 05:00:00,2023-06-03 07:00:00,ringsted,7.425,194.5,0.925,0.0,1021.03,82.25,0.0
1685772000,2023-06-03 06:00:00,2023-06-03 08:00:00,ringsted,11.125,351.0,1.0,0.0,1020.95,70.0,0.0
1685775600,2023-06-03 07:00:00,2023-06-03 09:00:00,ringsted,13.8,472.5,0.95,0.0,1020.89,54.0,0.0
1685779200,2023-06-03 08:00:00,2023-06-03 10:00:00,ringsted,15.1,622.0,1.525,0.0,1020.85,44.75,25.8333
1685782800,2023-06-03 09:00:00,2023-06-03 11:00:00,ringsted,15.95,731.5,1.6,0.0,1020.67,41.0,12.0833
1685786400,2023-06-03 10:00:00,2023-06-03 12:00:00,ringsted,16.575,765.5,2.425,0.0,1020.45,40.0,27.0833
1685790000,2023-06-03 11:00:00,2023-06-03 13:00:00,ringsted,17.0,737.0,1.925,0.0,1020.25,39.0,31.6667
1685793600,2023-06-03 12:00:00,2023-06-03 14:00:00,ringsted,17.3,631.0,2.075,0.0,1019.88,39.5,45.0
1685797200,2023-06-03 13:00:00,2023-06-03 15:00:00,ringsted,17.425,578.0,2.4,0.0,1019.47,40.25,40.4167
1685800800,2023-06-03 14:00:00,2023-06-03 16:00:00,ringsted,17.925,588.0,3.325,0.0,1019.11,42.25,27.9167
1685804400,2023-06-03 15:00:00,2023-06-03 17:00:00,ringsted,18.125,623.5,3.3,0.0,1018.7,41.0,3.33333
1685808000,2023-06-03 16:00:00,2023-06-03 18:00:00,ringsted,18.05,514.0,3.75,0.0,1018.25,40.75,4.58333
1685811600,2023-06-03 17:00:00,2023-06-03 19:00:00,ringsted,17.675,367.0,3.9,0.0,1018.03,40.25,36.6667
1685815200,2023-06-03 18:00:00,2023-06-03 20:00:00,ringsted,16.85,182.0,3.225,0.0,1017.86,44.5,58.3333
1685818800,2023-06-03 19:00:00,2023-06-03 21:00:00,ringsted,15.725,94.0,2.775,0.0,1017.88,48.75,5.0
1685822400,2023-06-03 20:00:00,2023-06-03 22:00:00,ringsted,13.35,16.5,2.475,0.0,1017.94,59.0,0.0
1685826000,2023-06-03 21:00:00,2023-06-03 23:00:00,ringsted,11.775,0.0,2.425,0.0,1018.01,66.25,0.0
1685829600,2023-06-03 22:00:00,2023-06-04 00:00:00,ringsted,11.275,0.0,2.475,0.0,1017.99,70.0,0.0
1685833200,2023-06-03 23:00:00,2023-06-04 01:00:00,ringsted,10.375,0.0,2.075,0.0,1017.97,75.5,0.0
1685836800,2023-06-04 00:00:00,2023-06-04 02:00:00,ringsted,9.175,0.0,1.725,0.0,1017.85,80.25,0.0
1685840400,2023-06-04 01:00:00,2023-06-04 03:00:00,ringsted,8.35,0.0,1.7,0.0,1017.83,83.75,0.0
1685844000,2023-06-04 02:00:00,2023-06-04 04:00:00,ringsted,7.675,0.0,1.15,0.0,1017.8,89.25,0.0
1685847600,2023-06-04 03:00:00,2023-06-04 05:00:00,ringsted,7.1,2.0,1.025,0.0,1017.91,92.5,0.0
1685851200,2023-06-04 04:00:00,2023-06-04 06:00:00,ringsted,6.875,48.0,1.2,0.0,1017.85,94.5,0.0
1685854800,2023-06-04 05:00:00,2023-06-04 07:00:00,ringsted,8.475,161.5,1.6,0.0,1017.8,93.0,0.0
1685858400,2023-06-04 06:00:00,2023-06-04 08:00:00,ringsted,10.475,306.0,2.675,0.0,1018.05,85.5,0.0
1685862000,2023-06-04 07:00:00,2023-06-04 09:00:00,ringsted,11.95,460.0,2.9,0.0,1018.2,75.5,0.0
1685865600,2023-06-04 08:00:00,2023-06-04 10:00:00,ringsted,13.2,596.5,3.05,0.0,1018.38,64.5,0.833333
1685869200,2023-06-04 09:00:00,2023-06-04 11:00:00,ringsted,14.175,708.5,2.925,0.0,1018.51,59.75,2.5
1685872800,2023-06-04 10:00:00,2023-06-04 12:00:00,ringsted,15.225,789.5,3.0,0.0,1018.56,56.5,0.833333
1685876400,2023-06-04 11:00:00,2023-06-04 13:00:00,ringsted,15.9,833.0,2.725,0.0,1018.58,58.0,5.83333
1685880000,2023-06-04 12:00:00,2023-06-04 14:00:00,ringsted,16.6,837.5,2.875,0.0,1018.57,57.0,10.4167
1685883600,2023-06-04 13:00:00,2023-06-04 15:00:00,ringsted,17.175,803.0,2.85,0.0,1018.51,55.5,7.91667
1685887200,2023-06-04 14:00:00,2023-06-04 16:00:00,ringsted,17.525,712.0,3.325,0.0,1018.45,55.0,10.0
1685890800,2023-06-04 15:00:00,2023-06-04 17:00:00,ringsted,17.55,634.5,3.475,0.0,1018.28,55.5,0.833333
1685894400,2023-06-04 16:00:00,2023-06-04 18:00:00,ringsted,17.675,525.5,3.275,0.0,1018.11,55.25,0.0
1685898000,2023-06-04 17:00:00,2023-06-04 19:00:00,ringsted,17.35,388.5,3.2,0.0,1017.97,57.0,0.0
1685901600,2023-06-04 18:00:00,2023-06-04 20:00:00,ringsted,16.7,242.0,2.85,0.0,1018.07,61.25,0.0
1685905200,2023-06-04 19:00:00,2023-06-04 21:00:00,ringsted,15.325,110.0,2.175,0.0,1018.28,67.75,0.0
1685908800,2023-06-04 20:00:00,2023-06-04 22:00:00,ringsted,12.975,19.5,1.525,0.0,1018.58,78.5,0.0
1685912400,2023-06-04 21:00:00,2023-06-04 23:00:00,ringsted,11.025,0.0,0.75,0.0,1018.75,87.0,0.0
1685916000,2023-06-04 22:00:00,2023-06-05 00:00:00,ringsted,9.275,0.0,0.45,0.0,1018.92,93.0,0.0
1685919600,2023-06-04 23:00:00,2023-06-05 01:00:00,ringsted,8.175,0.0,0.525,0.0,1018.93,96.25,0.0
1685923200,2023-06-05 00:00:00,2023-06-05 02:00:00,ringsted,7.0,0.0,0.875,0.0,1018.9,97.0,0.0
1685926800,2023-06-05 01:00:00,2023-06-05 03:00:00,ringsted,6.5,0.0,0.55,0.0,1018.88,97.25,0.0
1685930400,2023-06-05 02:00:00,2023-06-05 04:00:00,ringsted,5.6,0.0,0.6,0.0,1018.85,97.0,8.75
1685934000,2023-06-05 03:00:00,2023-06-05 05:00:00,ringsted,5.175,3.5,0.7,0.0,1018.76,97.5,7.08333
1685937600,2023-06-05 04:00:00,2023-06-05 06:00:00,ringsted,5.8,60.5,1.075,0.0,1018.71,98.0,1.66667
1685941200,2023-06-05 05:00:00,2023-06-05 07:00:00,ringsted,8.8,191.0,0.925,0.0,1018.8,97.25,0.0
1685944800,2023-06-05 06:00:00,2023-06-05 08:00:00,ringsted,12.575,336.0,1.075,0.0,1018.92,87.5,0.0
1685948400,2023-06-05 07:00:00,2023-06-05 09:00:00,ringsted,14.9,480.0,0.9,0.0,1018.96,73.5,0.0
1685952000,2023-06-05 08:00:00,2023-06-05 10:00:00,ringsted,16.55,616.5,0.95,0.0,1018.91,63.25,4.16667
1685955600,2023-06-05 09:00:00,2023-06-05 11:00:00,ringsted,17.6,721.0,1.275,0.0,1018.77,58.0,18.75
1685959200,2023-06-05 10:00:00,2023-06-05 12:00:00,ringsted,18.425,766.5,1.675,0.0,1018.6,55.75,17.0833
1685962800,2023-06-05 11:00:00,2023-06-05 13:00:00,ringsted,18.95,698.0,2.1,0.0,1018.43,54.0,20.8333
1685966400,2023-06-05 12:00:00,2023-06-05 14:00:00,ringsted,19.3,611.0,2.475,0.0,1018.18,51.0,6.66667
1685970000,2023-06-05 13:00:00,2023-06-05 15:00:00,ringsted,19.85,724.5,3.05,0.0,1017.85,47.5,5.0
1685973600,2023-06-05 14:00:00,2023-06-05 16:00:00,ringsted,20.025,557.5,2.85,0.0,1017.51,44.75,0.0
1685977200,2023-06-05 15:00:00,2023-06-05 17:00:00,ringsted,20.25,657.5,3.05,0.0,1017.15,43.5,0.0
1685980800,2023-06-05 16:00:00,2023-06-05 18:00:00,ringsted,20.15,525.5,3.0,0.0,1016.8,46.25,0.0
1685984400,2023-06-05 17:00:00,2023-06-05 19:00:00,ringsted,19.725,385.5,2.925,0.0,1016.58,50.0,0.0
1685988000,2023-06-05 18:00:00,2023-06-05 20:00:00,ringsted,18.725,207.0,2.625,0.0,1016.55,55.25,0.0
1685991600,2023-06-05 19:00:00,2023-06-05 21:00:00,ringsted,17.65,107.5,1.95,0.0,1016.64,57.5,0.0
1685995200,2023-06-05 20:00:00,2023-06-05 22:00:00,ringsted,15.475,20.5,1.6,0.0,1016.9,62.0,0.0
1685998800,2023-06-05 21:00:00,2023-06-05 23:00:00,ringsted,13.025,0.0,0.9,0.0,1017.06,72.5,0.0
1686002400,2023-06-05 22:00:00,2023-06-06 00:00:00,ringsted,11.175,0.0,0.725,0.0,1017.01,81.5,0.0
1686006000,2023-06-05 23:00:00,2023-06-06 01:00:00,ringsted,9.75,0.0,0.825,0.0,1016.87,88.5,0.0
1686009600,2023-06-06 00:00:00,2023-06-06 02:00:00,ringsted,9.075,0.0,0.925,0.0,1016.7,91.25,0.0
1686013200,2023-06-06 01:00:00,2023-06-06 03:00:00,ringsted,8.75,0.0,1.0,0.0,1016.58,91.5,0.0
1686016800,2023-06-06 02:00:00,2023-06-06 04:00:00,ringsted,7.8,0.0,0.45,0.0,1016.52,93.5,0.0
1686020400,2023-06-06 03:00:00,2023-06-06 05:00:00,ringsted,7.225,4.0,0.725,0.0,1016.52,94.75,0.0
1686024000,2023-06-06 04:00:00,2023-06-06 06:00:00,ringsted,7.75,64.0,0.675,0.0,1016.63,95.0,0.0
1686027600,2023-06-06 05:00:00,2023-06-06 07:00:00,ringsted,11.125,189.0,0.475,0.0,1016.65,89.5,0.0
1686031200,2023-06-06 06:00:00,2023-06-06 08:00:00,ringsted,14.65,336.0,1.525,0.0,1016.7,80.25,0.0
1686034800,2023-06-06 07:00:00,2023-06-06 09:00:00,ringsted,16.575,480.0,1.725,0.0,1016.77,71.75,0.0
1686038400,2023-06-06 08:00:00,2023-06-06 10:00:00,ringsted,18.05,609.0,1.925,0.0,1016.71,62.75,0.0
1686042000,2023-06-06 09:00:00,2023-06-06 11:00:00,ringsted,19.15,717.0,2.475,0.0,1016.65,56.25,2.5
1686045600,2023-06-06 10:00:00,2023-06-06 12:00:00,ringsted,19.925,799.5,2.575,0.0,1016.45,52.75,13.3333
1686049200,2023-06-06 11:00:00,2023-06-06 13:00:00,ringsted,20.625,797.5,3.125,0.0,1016.27,48.75,14.5833
1686052800,2023-06-06 12:00:00,2023-06-06 14:00:00,ringsted,21.05,835.0,3.125,0.0,1016.07,46.0,1.66667
1686056400,2023-06-06 13:00:00,2023-06-06 15:00:00,ringsted,21.4,819.5,3.025,0.0,1015.74,44.25,0.0
1686060000,2023-06-06 14:00:00,2023-06-06 16:00:00,ringsted,21.625,752.0,3.1,0.0,1015.47,42.25,0.0
1686063600,2023-06-06 15:00:00,2023-06-06 17:00:00,ringsted,21.65,656.0,3.025,0.0,1015.24,42.25,0.0
1686067200,2023-06-06 16:00:00,2023-06-06 18:00:00,ringsted,21.575,532.5,3.25,0.0,1014.97,41.75,0.0
1686070800,2023-06-06 17:00:00,2023-06-06 19:00:00,ringsted,21.1,392.5,3.15,0.0,1014.97,43.0,0.0
1686074400,2023-06-06 18:00:00,2023-06-06 20:00:00,ringsted,20.4,248.5,2.8,0.0,1015.01,47.0,0.833333
1686078000,2023-06-06 19:00:00,2023-06-06 21:00:00,ringsted,18.8,115.5,2.35,0.0,1015.26,55.5,0.0
1686081600,2023-06-06 20:00:00,2023-06-06 22:00:00,ringsted,15.9333,21.0,1.03333,0.0,1015.57,68.6667,0.0
1686085200,2023-06-06 21:00:00,2023-06-06 23:00:00,ringsted,13.55,0.0,0.9,0.0,1015.67,76.25,0.0
1686088800,2023-06-06 22:00:00,2023-06-07 00:00:00,ringsted,11.75,0.0,0.95,0.0,1015.63,84.75,0.0
1686092400,2023-06-06 23:00:00,2023-06-07 01:00:00,ringsted,10.275,0.0,0.7,0.0,1015.58,91.25,0.0
1686096000,2023-06-07 00:00:00,2023-06-07 02:00:00,ringsted,9.8,0.0,0.75,0.0,1015.57,92.75,0.0
1686099600,2023-06-07 01:00:00,2023-06-07 03:00:00,ringsted,9.425,0.0,0.825,0.0,1015.61,94.0,0.0
1686103200,2023-06-07 02:00:00,2023-06-07 04:00:00,ringsted,8.55,0.0,0.625,0.0,1015.41,96.5,0.0
1686106800,2023-06-07 03:00:00,2023-06-07 05:00:00,ringsted,7.625,3.5,0.6,0.0,1015.52,97.0,0.0
1686110400,2023-06-07 04:00:00,2023-06-07 06:00:00,ringsted,7.35,64.5,0.525,0.0,1015.64,97.25,0.0
1686114000,2023-06-07 05:00:00,2023-06-07 07:00:00,ringsted,10.125,198.0,0.625,0.0,1015.73,95.5,4.16667
1686117600,2023-06-07 06:00:00,2023-06-07 08:00:00,ringsted,13.45,337.0,1.15,0.0,1015.83,89.75,27.5
1686121200,2023-06-07 07:00:00,2023-06-07 09:00:00,ringsted,15.475,464.5,1.275,0.0,1016.09,77.0,14.1667
1686124800,2023-06-07 08:00:00,2023-06-07 10:00:00,ringsted,16.8,614.0,1.7,0.0,1016.13,64.25,0.0
1686128400,2023-06-07 09:00:00,2023-06-07 11:00:00,ringsted,17.925,740.5,1.75,0.0,1016.23,54.0,0.0
1686132000,2023-06-07 10:00:00,2023-06-07 12:00:00,ringsted,18.9,819.5,2.225,0.0,1016.16,47.0,0.0
1686135600,2023-06-07 11:00:00,2023-06-07 13:00:00,ringsted,19.55,860.0,2.225,0.0,1015.98,46.75,0.833333
1686139200,2023-06-07 12:00:00,2023-06-07 14:00:00,ringsted,20.375,862.5,2.525,0.0,1015.83,46.5,2.5
1686142800,2023-06-07 13:00:00,2023-06-07 15:00:00,ringsted,20.925,833.0,3.1,0.0,1015.59,44.5,0.0
1686146400,2023-06-07 14:00:00,2023-06-07 16:00:00,ringsted,21.15,768.0,3.05,0.0,1015.25,42.5,0.0
1686150000,2023-06-07 15:00:00,2023-06-07 17:00:00,ringsted,21.625,670.0,2.4,0.0,1015.05,39.75,0.0
1686153600,2023-06-07 16:00:00,2023-06-07 18:00:00,ringsted,21.3,545.5,2.325,0.0,1014.8,45.5,0.0
1686157200,2023-06-07 17:00:00,2023-06-07 19:00:00,ringsted,20.65,403.5,2.425,0.0,1014.62,50.75,0.0
1686160800,2023-06-07 18:00:00,2023-06-07 20:00:00,ringsted,19.6,256.5,2.65,0.0,1014.61,55.75,0.0
1686164400,2023-06-07 19:00:00,2023-06-07 21:00:00,ringsted,18.1,120.0,1.925,0.0,1014.7,63.25,0.0
1686168000,2023-06-07 20:00:00,2023-06-07 22:00:00,ringsted,15.7,21.5,1.125,0.0,1014.7,72.5,0.0
1686171600,2023-06-07 21:00:00,2023-06-07 23:00:00,ringsted,13.225,0.0,0.775,0.0,1014.79,84.25,0.0
1686175200,2023-06-07 22:00:00,2023-06-08 00:00:00,ringsted,11.175,0.0,0.366667,0.0,1014.8,92.0,0.0
1686178800,2023-06-07 23:00:00,2023-06-08 01:00:00,ringsted,9.875,0.0,0.525,0.0,1014.66,96.25,2.5
1686182400,2023-06-08 00:00:00,2023-06-08 02:00:00,ringsted,9.15,0.0,0.45,0.0,1014.59,97.0,2.5
1686186000,2023-06-08 01:00:00,2023-06-08 03:00:00,ringsted,8.5,0.0,0.425,0.0,1014.48,97.5,8.75
1686189600,2023-06-08 02:00:00,2023-06-08 04:00:00,ringsted,7.775,0.0,0.275,0.0,1014.39,98.0,3.75
1686193200,2023-06-08 03:00:00,2023-06-08 05:00:00,ringsted,7.125,4.0,0.6,0.0,1014.33,98.5,0.833333
1686196800,2023-06-08 04:00:00,2023-06-08 06:00:00,ringsted,7.475,63.0,0.375,0.0,1014.35,98.5,0.0
1686200400,2023-06-08 05:00:00,2023-06-08 07:00:00,ringsted,10.475,190.5,0.75,0.0,1014.23,97.75,37.0833
1686204000,2023-06-08 06:00:00,2023-06-08 08:00:00,ringsted,12.75,255.0,2.3,0.0,1014.36,98.25,90.0
1686207600,2023-06-08 07:00:00,2023-06-08 09:00:00,ringsted,14.05,349.5,2.725,0.0,1014.55,93.25,99.1667
1686211200,2023-06-08 08:00:00,2023-06-08 10:00:00,ringsted,15.0,464.0,2.775,0.0,1014.55,87.25,95.0
1686214800,2023-06-08 09:00:00,2023-06-08 11:00:00,ringsted,16.225,604.5,2.5,0.0,1014.46,82.25,14.1667
1686218400,2023-06-08 10:00:00,2023-06-08 12:00:00,ringsted,17.975,810.0,2.275,0.0,1014.29,73.25,2.5
1686222000,2023-06-08 11:00:00,2023-06-08 13:00:00,ringsted,19.625,850.5,2.2,0.0,1014.02,64.25,0.833333
1686225600,2023-06-08 12:00:00,2023-06-08 14:00:00,ringsted,21.025,859.0,2.3,0.0,1013.68,56.75,5.41667
1686229200,2023-06-08 13:00:00,2023-06-08 15:00:00,ringsted,22.0,825.0,2.625,0.0,1013.44,51.75,0.833333
1686232800,2023-06-08 14:00:00,2023-06-08 16:00:00,ringsted,22.675,757.5,2.875,0.0,1013.21,46.75,0.0
1686236400,2023-06-08 15:00:00,2023-06-08 17:00:00,ringsted,22.975,659.0,3.2,0.0,1012.87,45.5,0.0
1686240000,2023-06-08 16:00:00,2023-06-08 18:00:00,ringsted,22.725,538.0,3.575,0.0,1012.61,44.75,0.0
1686243600,2023-06-08 17:00:00,2023-06-08 19:00:00,ringsted,22.275,404.5,3.225,0.0,1012.45,40.5,0.0
1686247200,2023-06-08 18:00:00,2023-06-08 20:00:00,ringsted,21.55,259.0,2.825,0.0,1012.59,39.5,0.0
1686250800,2023-06-08 19:00:00,2023-06-08 21:00:00,ringsted,19.725,123.0,1.95,0.0,1012.96,44.25,0.0
1686254400,2023-06-08 20:00:00,2023-06-08 22:00:00,ringsted,16.8,21.5,1.2,0.0,1013.3,53.25,0.0
1686258000,2023-06-08 21:00:00,2023-06-08 23:00:00,ringsted,13.7,0.0,0.875,0.0,1013.51,64.0,0.0
1686261600,2023-06-08 22:00:00,2023-06-09 00:00:00,ringsted,11.225,0.0,0.8,0.0,1013.6,75.25,0.0
1686265200,2023-06-08 23:00:00,2023-06-09 01:00:00,ringsted,9.625,0.0,0.75,0.0,1013.65,80.25,0.0
1686268800,2023-06-09 00:00:00,2023-06-09 02:00:00,ringsted,8.225,0.0,0.85,0.0,1013.62,85.0,0.0
1686272400,2023-06-09 01:00:00,2023-06-09 03:00:00,ringsted,7.725,0.0,0.825,0.0,1013.79,87.25,0.0
1686276000,2023-06-09 02:00:00,2023-06-09 04:00:00,ringsted,7.1,0.0,1.325,0.0,1013.86,89.5,0.0
1686279600,2023-06-09 03:00:00,2023-06-09 05:00:00,ringsted,7.55,4.5,1.575,0.0,1014.11,91.0,0.0
1686283200,2023-06-09 04:00:00,2023-06-09 06:00:00,ringsted,8.675,64.0,1.5,0.0,1014.51,90.25,0.0
1686286800,2023-06-09 05:00:00,2023-06-09 07:00:00,ringsted,11.65,142.5,2.525,0.0,1014.9,87.75,30.4167
1686290400,2023-06-09 06:00:00,2023-06-09 08:00:00,ringsted,14.775,203.0,4.55,0.0,1015.5,88.0,46.6667
1686294000,2023-06-09 07:00:00,2023-06-09 09:00:00,ringsted,15.225,289.0,5.55,0.05,1015.9,84.25,38.75
1686297600,2023-06-09 08:00:00,2023-06-09 10:00:00,ringsted,15.875,542.5,5.225,0.0,1016.2,78.0,16.25
1686301200,2023-06-09 09:00:00,2023-06-09 11:00:00,ringsted,16.425,699.5,5.0,0.0,1016.42,73.0,5.0
1686304800,2023-06-09 10:00:00,2023-06-09 12:00:00,ringsted,17.125,756.5,5.125,0.0,1016.52,68.0,5.0
1686308400,2023-06-09 11:00:00,2023-06-09 13:00:00,ringsted,18.075,801.5,4.875,0.0,1016.6,63.5,1.66667
1686312000,2023-06-09 12:00:00,2023-06-09 14:00:00,ringsted,18.65,823.0,4.65,0.0,1016.74,60.25,1.66667
1686315600,2023-06-09 13:00:00,2023-06-09 15:00:00,ringsted,18.975,797.0,4.875,0.0,1016.84,57.75,1.66667
1686319200,2023-06-09 14:00:00,2023-06-09 16:00:00,ringsted,19.05,746.0,5.15,0.0,1016.87,56.25,0.0
1686322800,2023-06-09 15:00:00,2023-06-09 17:00:00,ringsted,18.8,644.0,5.4,0.0,1016.74,56.25,2.5
1686326400,2023-06-09 16:00:00,2023-06-09 18:00:00,ringsted,18.525,526.5,5.7,0.0,1016.85,53.5,0.0
1686330000,2023-06-09 17:00:00,2023-06-09 19:00:00,ringsted,17.975,390.5,5.65,0.0,1017.21,52.25,0.0
1686333600,2023-06-09 18:00:00,2023-06-09 20:00:00,ringsted,17.0,265.0,5.3,0.0,1017.45,51.25,0.0
1686337200,2023-06-09 19:00:00,2023-06-09 21:00:00,ringsted,15.5,117.5,4.65,0.0,1017.83,50.75,0.0
1686340800,2023-06-09 20:00:00,2023-06-09 22:00:00,ringsted,13.8,22.0,4.05,0.0,1018.17,54.5,0.0
1686344400,2023-06-09 21:00:00,2023-06-09 23:00:00,ringsted,12.55,0.0,3.85,0.0,1018.34,58.5,0.0
1686348000,2023-06-09 22:00:00,2023-06-10 00:00:00,ringsted,12.2,0.0,4.025,0.0,1018.52,59.75,0.0
1686351600,2023-06-09 23:00:00,2023-06-10 01:00:00,ringsted,11.925,0.0,4.1,0.0,1018.47,61.5,0.0
1686355200,2023-06-10 00:00:00,2023-06-10 02:00:00,ringsted,11.75,0.0,3.875,0.0,1018.44,63.25,0.0
1686358800,2023-06-10 01:00:00,2023-06-10 03:00:00,ringsted,11.525,0.0,3.5,0.0,1018.41,63.5,4.16667
1686362400,2023-06-10 02:00:00,2023-06-10 04:00:00,ringsted,11.45,0.0,3.85,0.0,1018.39,64.5,3.75
1686366000,2023-06-10 03:00:00,2023-06-10 05:00:00,ringsted,11.2,5.5,3.975,0.0,1018.41,68.25,0.0
1686369600,2023-06-10 04:00:00,2023-06-10 06:00:00,ringsted,11.475,67.5,4.1,0.0,1018.43,69.5,0.0
1686373200,2023-06-10 05:00:00,2023-06-10 07:00:00,ringsted,12.35,191.5,4.275,0.0,1018.66,69.0,0.0
1686376800,2023-06-10 06:00:00,2023-06-10 08:00:00,ringsted,13.65,332.0,4.925,0.0,1018.62,66.5,0.0
1686380400,2023-06-10 07:00:00,2023-06-10 09:00:00,ringsted,15.225,474.5,5.4,0.0,1018.96,61.25,0.0
1686384000,2023-06-10 08:00:00,2023-06-10 10:00:00,ringsted,16.675,599.5,5.8,0.0,1019.15,55.25,0.0
1686387600,2023-06-10 09:00:00,2023-06-10 11:00:00,ringsted,18.125,705.5,6.225,0.0,1019.2,49.25,1.66667
1686391200,2023-06-10 10:00:00,2023-06-10 12:00:00,ringsted,19.325,779.5,6.4,0.0,1019.16,44.5,1.66667
1686394800,2023-06-10 11:00:00,2023-06-10 13:00:00,ringsted,20.05,833.0,6.825,0.0,1019.18,43.5,4.16667
1686398400,2023-06-10 12:00:00,2023-06-10 14:00:00,ringsted,20.825,800.5,6.925,0.0,1019.21,41.0,7.5
1686402000,2023-06-10 13:00:00,2023-06-10 15:00:00,ringsted,21.225,785.0,7.275,0.0,1019.28,40.5,3.33333
1686405600,2023-06-10 14:00:00,2023-06-10 16:00:00,ringsted,20.8,752.0,8.425,0.0,1019.34,40.5,0.0
1686409200,2023-06-10 15:00:00,2023-06-10 17:00:00,ringsted,20.075,649.5,8.5,0.0,1019.44,38.5,0.0
1686412800,2023-06-10 16:00:00,2023-06-10 18:00:00,ringsted,19.35,530.0,8.675,0.0,1019.51,38.0,0.0
1686416400,2023-06-10 17:00:00,2023-06-10 19:00:00,ringsted,18.175,386.5,8.225,0.0,1019.72,40.75,0.0
1686420000,2023-06-10 18:00:00,2023-06-10 20:00:00,ringsted,16.95,244.0,7.275,0.0,1020.08,44.0,10.8333
1686423600,2023-06-10 19:00:00,2023-06-10 21:00:00,ringsted,15.55,113.0,6.075,0.0,1020.46,47.25,3.33333
1686427200,2023-06-10 20:00:00,2023-06-10 22:00:00,ringsted,14.125,21.5,4.975,0.0,1020.88,48.25,0.0
1686430800,2023-06-10 21:00:00,2023-06-10 23:00:00,ringsted,12.925,0.5,5.2,0.0,1020.96,51.75,0.0
1686434400,2023-06-10 22:00:00,2023-06-11 00:00:00,ringsted,12.35,0.0,5.1,0.0,1020.95,61.0,0.0
1686438000,2023-06-10 23:00:00,2023-06-11 01:00:00,ringsted,11.8,0.0,4.6,0.0,1020.77,69.75,0.0
1686441600,2023-06-11 00:00:00,2023-06-11 02:00:00,ringsted,11.275,0.0,4.15,0.0,1020.63,74.5,0.0
1686445200,2023-06-11 01:00:00,2023-06-11 03:00:00,ringsted,11.025,0.0,3.65,0.0,1020.6,75.75,0.0
1686448800,2023-06-11 02:00:00,2023-06-11 04:00:00,ringsted,10.7,0.0,3.5,0.0,1020.56,77.75,0.0
1686452400,2023-06-11 03:00:00,2023-06-11 05:00:00,ringsted,10.275,5.0,3.2,0.0,1020.5,82.75,0.0
1686456000,2023-06-11 04:00:00,2023-06-11 06:00:00,ringsted,10.775,74.0,3.1,0.0,1020.48,84.0,0.0
1686459600,2023-06-11 05:00:00,2023-06-11 07:00:00,ringsted,12.375,202.5,3.925,0.0,1020.37,79.5,0.0
1686463200,2023-06-11 06:00:00,2023-06-11 08:00:00,ringsted,14.1,348.0,5.1,0.0,1020.5,73.75,0.0
1686466800,2023-06-11 07:00:00,2023-06-11 09:00:00,ringsted,15.675,492.0,5.425,0.0,1020.66,68.25,0.0
1686470400,2023-06-11 08:00:00,2023-06-11 10:00:00,ringsted,17.25,619.5,5.4,0.0,1020.7,61.5,0.0
1686474000,2023-06-11 09:00:00,2023-06-11 11:00:00,ringsted,18.8,728.5,6.05,0.0,1020.77,51.25,0.0
1686477600,2023-06-11 10:00:00,2023-06-11 12:00:00,ringsted,19.725,816.0,7.125,0.0,1020.95,39.0,0.0
1686481200,2023-06-11 11:00:00,2023-06-11 13:00:00,ringsted,19.825,867.0,7.75,0.0,1021.0,36.75,0.0
1686484800,2023-06-11 12:00:00,2023-06-11 14:00:00,ringsted,19.85,878.5,7.85,0.0,1020.78,35.5,0.0
1686488400,2023-06-11 13:00:00,2023-06-11 15:00:00,ringsted,19.8,849.0,7.525,0.0,1020.58,35.0,0.0
1686492000,2023-06-11 14:00:00,2023-06-11 16:00:00,ringsted,19.85,783.0,7.25,0.0,1020.42,34.25,0.0
1686495600,2023-06-11 15:00:00,2023-06-11 17:00:00,ringsted,19.25,685.0,7.8,0.0,1020.21,35.0,0.0
1686499200,2023-06-11 16:00:00,2023-06-11 18:00:00,ringsted,18.6,557.0,7.15,0.0,1020.04,37.5,0.0
1686502800,2023-06-11 17:00:00,2023-06-11 19:00:00,ringsted,17.875,413.5,6.7,0.0,1019.89,40.5,0.0
1686506400,2023-06-11 18:00:00,2023-06-11 20:00:00,ringsted,17.025,267.5,6.075,0.0,1019.71,43.75,0.0
1686510000,2023-06-11 19:00:00,2023-06-11 21:00:00,ringsted,15.825,132.5,5.45,0.0,1019.5,46.75,0.0
1686513600,2023-06-11 20:00:00,2023-06-11 22:00:00,ringsted,14.3,29.5,4.85,0.0,1019.65,51.0,0.0
1686517200,2023-06-11 21:00:00,2023-06-11 23:00:00,ringsted,13.4,0.5,4.675,0.0,1019.85,52.75,0.0
1686520800,2023-06-11 22:00:00,2023-06-12 00:00:00,ringsted,12.0,0.0,3.2,0.0,1019.84,62.25,0.0
1686524400,2023-06-11 23:00:00,2023-06-12 01:00:00,ringsted,11.35,0.0,3.175,0.0,1019.72,69.75,0.0
1686528000,2023-06-12 00:00:00,2023-06-12 02:00:00,ringsted,11.05,0.0,3.275,0.0,1019.49,75.0,0.0
1686531600,2023-06-12 01:00:00,2023-06-12 03:00:00,ringsted,10.9,0.0,3.4,0.0,1019.24,80.25,0.0
1686535200,2023-06-12 02:00:00,2023-06-12 04:00:00,ringsted,10.875,0.0,3.2,0.0,1019.02,82.75,0.0
1686538800,2023-06-12 03:00:00,2023-06-12 05:00:00,ringsted,10.7,6.0,3.175,0.0,1018.94,85.75,0.0
1686542400,2023-06-12 04:00:00,2023-06-12 06:00:00,ringsted,11.25,68.5,3.35,0.0,1018.82,85.0,0.0
1686546000,2023-06-12 05:00:00,2023-06-12 07:00:00,ringsted,12.925,188.0,3.95,0.0,1018.78,79.5,0.0
1686549600,2023-06-12 06:00:00,2023-06-12 08:00:00,ringsted,14.625,331.5,4.85,0.0,1018.93,74.75,0.0
1686553200,2023-06-12 07:00:00,2023-06-12 09:00:00,ringsted,16.15,474.0,4.95,0.0,1019.2,69.0,0.0
1686556800,2023-06-12 08:00:00,2023-06-12 10:00:00,ringsted,17.55,599.5,4.975,0.0,1019.24,64.0,0.0
1686560400,2023-06-12 09:00:00,2023-06-12 11:00:00,ringsted,18.8,707.5,5.425,0.0,1019.17,58.25,0.0
1686564000,2023-06-12 10:00:00,2023-06-12 12:00:00,ringsted,19.9,786.0,5.425,0.0,1019.22,52.25,0.0
1686567600,2023-06-12 11:00:00,2023-06-12 13:00:00,ringsted,20.55,832.5,5.55,0.0,1019.14,49.75,0.0
1686571200,2023-06-12 12:00:00,2023-06-12 14:00:00,ringsted,21.15,852.5,6.275,0.0,1019.07,42.5,0.0
1686574800,2023-06-12 13:00:00,2023-06-12 15:00:00,ringsted,21.375,825.0,7.0,0.0,1018.94,37.0,0.0
1686578400,2023-06-12 14:00:00,2023-06-12 16:00:00,ringsted,21.35,758.0,6.875,0.0,1018.79,34.75,0.0
1686582000,2023-06-12 15:00:00,2023-06-12 17:00:00,ringsted,20.9,661.0,6.825,0.0,1018.57,33.25,0.0
1686585600,2023-06-12 16:00:00,2023-06-12 18:00:00,ringsted,20.375,540.0,6.3,0.0,1018.29,33.75,0.0
1686589200,2023-06-12 17:00:00,2023-06-12 19:00:00,ringsted,19.675,400.0,5.85,0.0,1018.28,34.0,0.0
1686592800,2023-06-12 18:00:00,2023-06-12 20:00:00,ringsted,18.65,255.5,5.45,0.0,1018.28,35.0,0.0
1686596400,2023-06-12 19:00:00,2023-06-12 21:00:00,ringsted,17.125,124.5,3.975,0.0,1018.2,40.75,0.0
1686600000,2023-06-12 20:00:00,2023-06-12 22:00:00,ringsted,14.575,26.0,2.95,0.0,1018.3,50.25,0.0
1686603600,2023-06-12 21:00:00,2023-06-12 23:00:00,ringsted,12.55,0.0,2.5,0.0,1018.28,60.0,0.0
1686607200,2023-06-12 22:00:00,2023-06-13 00:00:00,ringsted,11.55,0.0,2.275,0.0,1018.13,65.75,0.0
1686610800,2023-06-12 23:00:00,2023-06-13 01:00:00,ringsted,10.25,0.0,1.775,0.0,1018.03,72.25,0.0
1686614400,2023-06-13 00:00:00,2023-06-13 02:00:00,ringsted,9.375,0.0,1.8,0.0,1017.78,75.25,0.0
1686618000,2023-06-13 01:00:00,2023-06-13 03:00:00,ringsted,8.6,0.0,1.925,0.0,1017.39,79.5,0.0
1686621600,2023-06-13 02:00:00,2023-06-13 04:00:00,ringsted,9.25,0.0,2.4,0.0,1017.11,75.25,0.0
1686625200,2023-06-13 03:00:00,2023-06-13 05:00:00,ringsted,9.475,6.0,2.5,0.0,1017.07,77.75,0.0
1686628800,2023-06-13 04:00:00,2023-06-13 06:00:00,ringsted,10.8,78.5,2.95,0.0,1017.0,72.5,0.0
1686632400,2023-06-13 05:00:00,2023-06-13 07:00:00,ringsted,12.45,211.5,3.425,0.0,1016.9,70.0,0.0
1686636000,2023-06-13 06:00:00,2023-06-13 08:00:00,ringsted,14.475,359.5,3.625,0.0,1016.95,64.0,0.0
1686639600,2023-06-13 07:00:00,2023-06-13 09:00:00,ringsted,16.8,501.0,3.925,0.0,1017.03,52.75,0.0
1686643200,2023-06-13 08:00:00,2023-06-13 10:00:00,ringsted,18.675,628.0,4.875,0.0,1016.93,42.5,0.0
1686646800,2023-06-13 09:00:00,2023-06-13 11:00:00,ringsted,20.025,732.0,5.15,0.0,1016.93,37.25,0.0
1686650400,2023-06-13 10:00:00,2023-06-13 12:00:00,ringsted,20.925,810.5,5.55,0.0,1016.76,33.25,0.0
1686654000,2023-06-13 11:00:00,2023-06-13 13:00:00,ringsted,21.5,852.0,5.3,0.0,1016.64,33.0,0.0
1686657600,2023-06-13 12:00:00,2023-06-13 14:00:00,ringsted,21.9,858.0,4.775,0.0,1016.46,33.25,0.0
1686661200,2023-06-13 13:00:00,2023-06-13 15:00:00,ringsted,21.85,825.5,4.6,0.0,1016.35,34.25,0.833333
1686664800,2023-06-13 14:00:00,2023-06-13 16:00:00,ringsted,21.75,750.5,4.625,0.0,1016.06,33.75,3.33333
1686668400,2023-06-13 15:00:00,2023-06-13 17:00:00,ringsted,21.35,659.0,5.125,0.0,1015.93,33.25,0.0
1686672000,2023-06-13 16:00:00,2023-06-13 18:00:00,ringsted,20.6,537.0,4.975,0.0,1015.99,35.75,0.0
1686675600,2023-06-13 17:00:00,2023-06-13 19:00:00,ringsted,19.775,398.0,4.275,0.0,1016.22,37.25,0.0
1686679200,2023-06-13 18:00:00,2023-06-13 20:00:00,ringsted,18.45,253.5,4.175,0.0,1016.4,44.5,0.0
1686682800,2023-06-13 19:00:00,2023-06-13 21:00:00,ringsted,16.925,121.0,3.0,0.0,1016.65,53.5,0.0
1686686400,2023-06-13 20:00:00,2023-06-13 22:00:00,ringsted,14.65,26.0,2.475,0.0,1017.19,65.75,0.0
1686690000,2023-06-13 21:00:00,2023-06-13 23:00:00,ringsted,13.125,0.0,1.825,0.0,1017.4,75.25,0.0
1686693600,2023-06-13 22:00:00,2023-06-14 00:00:00,ringsted,12.075,0.0,1.775,0.0,1017.5,80.0,0.0
1686697200,2023-06-13 23:00:00,2023-06-14 01:00:00,ringsted,11.825,0.0,2.0,0.0,1017.48,82.0,0.0
1686700800,2023-06-14 00:00:00,2023-06-14 02:00:00,ringsted,11.15,0.0,1.525,0.0,1017.44,83.75,0.0
1686704400,2023-06-14 01:00:00,2023-06-14 03:00:00,ringsted,9.775,0.0,1.1,0.0,1017.5,89.5,0.0
1686708000,2023-06-14 02:00:00,2023-06-14 04:00:00,ringsted,8.7,0.0,1.075,0.0,1017.6,92.75,0.0
1686711600,2023-06-14 03:00:00,2023-06-14 05:00:00,ringsted,8.575,5.0,1.6,0.0,1017.78,91.5,0.0
1686715200,2023-06-14 04:00:00,2023-06-14 06:00:00,ringsted,10.05,72.0,1.9,0.0,1018.01,86.75,0.0
1686718800,2023-06-14 05:00:00,2023-06-14 07:00:00,ringsted,13.275,198.0,2.025,0.0,1017.96,77.75,0.0
1686722400,2023-06-14 06:00:00,2023-06-14 08:00:00,ringsted,15.95,343.0,3.025,0.0,1018.19,61.5,0.0
1686726000,2023-06-14 07:00:00,2023-06-14 09:00:00,ringsted,17.65,483.0,2.475,0.0,1018.44,51.5,0.0
1686729600,2023-06-14 08:00:00,2023-06-14 10:00:00,ringsted,19.05,607.5,2.475,0.0,1018.5,45.5,0.0
1686733200,2023-06-14 09:00:00,2023-06-14 11:00:00,ringsted,20.075,712.0,2.55,0.0,1018.51,40.0,1.66667
1686736800,2023-06-14 10:00:00,2023-06-14 12:00:00,ringsted,21.1,793.0,2.775,0.0,1018.33,37.25,0.833333
1686740400,2023-06-14 11:00:00,2023-06-14 13:00:00,ringsted,21.775,807.0,2.75,0.0,1017.99,34.5,3.33333
1686744000,2023-06-14 12:00:00,2023-06-14 14:00:00,ringsted,22.35,811.5,2.7,0.0,1017.71,32.0,20.8333
1686747600,2023-06-14 13:00:00,2023-06-14 15:00:00,ringsted,22.5,743.0,3.125,0.0,1017.44,33.0,12.5
1686751200,2023-06-14 14:00:00,2023-06-14 16:00:00,ringsted,22.85,748.5,3.025,0.0,1017.09,32.0,11.6667
1686754800,2023-06-14 15:00:00,2023-06-14 17:00:00,ringsted,22.85,635.5,2.7,0.0,1016.87,31.0,2.5
1686758400,2023-06-14 16:00:00,2023-06-14 18:00:00,ringsted,22.875,530.5,2.25,0.0,1016.77,31.75,4.16667
1686762000,2023-06-14 17:00:00,2023-06-14 19:00:00,ringsted,22.325,389.0,2.425,0.0,1016.78,34.75,1.66667
1686765600,2023-06-14 18:00:00,2023-06-14 20:00:00,ringsted,21.425,247.0,2.575,0.0,1016.8,38.0,1.66667
1686769200,2023-06-14 19:00:00,2023-06-14 21:00:00,ringsted,20.025,125.5,1.65,0.0,1016.87,45.0,0.0
1686772800,2023-06-14 20:00:00,2023-06-14 22:00:00,ringsted,17.25,27.0,1.775,0.0,1017.08,56.0,0.0
1686776400,2023-06-14 21:00:00,2023-06-14 23:00:00,ringsted,15.525,0.5,1.225,0.0,1017.17,59.25,0.0
1686780000,2023-06-14 22:00:00,2023-06-15 00:00:00,ringsted,13.6,0.0,1.25,0.0,1016.92,68.25,0.0
1686783600,2023-06-14 23:00:00,2023-06-15 01:00:00,ringsted,12.1,0.0,1.125,0.0,1016.54,77.5,5.41667
1686787200,2023-06-15 00:00:00,2023-06-15 02:00:00,ringsted,11.05,0.0,1.425,0.0,1016.23,83.5,32.9167
1686790800,2023-06-15 01:00:00,2023-06-15 03:00:00,ringsted,11.025,0.0,1.625,0.0,1015.87,85.5,21.25
1686794400,2023-06-15 02:00:00,2023-06-15 04:00:00,ringsted,11.45,0.0,1.225,0.0,1015.44,86.75,50.0
1686798000,2023-06-15 03:00:00,2023-06-15 05:00:00,ringsted,11.425,2.0,1.375,0.0,1015.38,89.75,71.6667
1686801600,2023-06-15 04:00:00,2023-06-15 06:00:00,ringsted,12.275,21.5,1.025,0.0,1015.36,88.0,78.75
1686805200,2023-06-15 05:00:00,2023-06-15 07:00:00,ringsted,13.525,67.5,0.825,0.0,1015.34,85.75,70.4167
1686808800,2023-06-15 06:00:00,2023-06-15 08:00:00,ringsted,15.55,187.5,1.225,0.0,1015.47,81.75,71.25
1686812400,2023-06-15 07:00:00,2023-06-15 09:00:00,ringsted,17.8,400.0,2.6,0.0,1015.56,71.75,46.25
1686816000,2023-06-15 08:00:00,2023-06-15 10:00:00,ringsted,19.35,545.5,3.05,0.0,1015.71,63.5,43.3333
1686819600,2023-06-15 09:00:00,2023-06-15 11:00:00,ringsted,20.45,573.0,2.9,0.0,1015.74,49.75,52.5
1686823200,2023-06-15 10:00:00,2023-06-15 12:00:00,ringsted,21.525,734.0,2.3,0.0,1015.69,41.5,42.0833
1686826800,2023-06-15 11:00:00,2023-06-15 13:00:00,ringsted,22.0,712.0,2.675,0.0,1015.53,38.0,55.4167
1686830400,2023-06-15 12:00:00,2023-06-15 14:00:00,ringsted,22.525,657.0,1.8,0.0,1015.3,36.25,57.5
1686834000,2023-06-15 13:00:00,2023-06-15 15:00:00,ringsted,23.05,719.0,2.175,0.0,1014.95,36.0,55.0
1686837600,2023-06-15 14:00:00,2023-06-15 16:00:00,ringsted,23.025,576.0,2.3,0.0,1014.68,38.25,75.0
1686841200,2023-06-15 15:00:00,2023-06-15 17:00:00,ringsted,22.825,414.5,2.45,0.0,1014.41,39.5,68.3333
1686844800,2023-06-15 16:00:00,2023-06-15 18:00:00,ringsted,22.65,313.0,2.15,0.0,1014.16,41.75,46.25
1686848400,2023-06-15 17:00:00,2023-06-15 19:00:00,ringsted,22.5,340.0,2.225,0.0,1014.1,42.0,44.1667
1686852000,2023-06-15 18:00:00,2023-06-15 20:00:00,ringsted,21.35,244.0,3.0,0.0,1014.05,46.25,72.0833
1686855600,2023-06-15 19:00:00,2023-06-15 21:00:00,ringsted,19.825,116.0,2.425,0.0,1014.02,52.75,61.25
1686859200,2023-06-15 20:00:00,2023-06-15 22:00:00,ringsted,18.45,34.5,1.85,0.0,1013.97,58.5,67.0833
1686862800,2023-06-15 21:00:00,2023-06-15 23:00:00,ringsted,17.15,1.0,1.125,0.0,1013.74,65.0,37.5
1686866400,2023-06-15 22:00:00,2023-06-16 00:00:00,ringsted,15.475,0.0,0.825,0.0,1013.48,72.25,39.5833
1686870000,2023-06-15 23:00:00,2023-06-16 01:00:00,ringsted,14.175,0.0,0.8,0.0,1013.12,80.5,65.8333
1686873600,2023-06-16 00:00:00,2023-06-16 02:00:00,ringsted,14.1,0.0,0.925,0.0,1012.49,80.5,69.1667
1686877200,2023-06-16 01:00:00,2023-06-16 03:00:00,ringsted,13.95,0.0,1.4,0.0,1012.05,83.5,59.1667
1686880800,2023-06-16 02:00:00,2023-06-16 04:00:00,ringsted,13.7,0.0,1.6,0.0,1011.79,86.5,61.6667
1686884400,2023-06-16 03:00:00,2023-06-16 05:00:00,ringsted,13.6,2.0,1.25,0.0,1011.49,87.75,66.6667
1686888000,2023-06-16 04:00:00,2023-06-16 06:00:00,ringsted,13.875,32.0,1.675,0.0,1011.19,87.25,88.3333
1686891600,2023-06-16 05:00:00,2023-06-16 07:00:00,ringsted,14.925,61.5,2.225,0.0,1010.91,85.0,81.6667
1686895200,2023-06-16 06:00:00,2023-06-16 08:00:00,ringsted,16.025,147.0,2.325,0.0,1010.92,83.5,50.0
1686898800,2023-06-16 07:00:00,2023-06-16 09:00:00,ringsted,16.925,186.5,2.1,0.0,1010.97,81.25,37.9167
1686902400,2023-06-16 08:00:00,2023-06-16 10:00:00,ringsted,17.9,230.0,1.425,0.0,1011.05,77.75,48.3333
1686906000,2023-06-16 09:00:00,2023-06-16 11:00:00,ringsted,18.825,309.0,0.975,0.0,1010.96,72.75,50.0
1686909600,2023-06-16 10:00:00,2023-06-16 12:00:00,ringsted,20.05,538.5,1.725,0.0,1011.05,63.25,40.8333
1686913200,2023-06-16 11:00:00,2023-06-16 13:00:00,ringsted,21.025,631.0,2.375,0.0,1010.92,55.5,32.0833
1686916800,2023-06-16 12:00:00,2023-06-16 14:00:00,ringsted,22.05,708.5,2.625,0.0,1010.83,48.75,25.0
1686920400,2023-06-16 13:00:00,2023-06-16 15:00:00,ringsted,22.825,770.5,2.3,0.0,1010.51,45.5,30.4167
1686924000,2023-06-16 14:00:00,2023-06-16 16:00:00,ringsted,23.375,636.5,1.8,0.0,1010.08,44.5,55.0
1686927600,2023-06-16 15:00:00,2023-06-16 17:00:00,ringsted,22.975,550.0,2.175,0.0,1009.83,48.75,38.3333
1686931200,2023-06-16 16:00:00,2023-06-16 18:00:00,ringsted,21.95,389.0,2.575,0.0,1010.23,55.25,62.5
1686934800,2023-06-16 17:00:00,2023-06-16 19:00:00,ringsted,19.5,99.0,3.275,3.375,1010.62,63.25,65.8333
1686938400,2023-06-16 18:00:00,2023-06-16 20:00:00,ringsted,16.075,60.0,2.75,5.1,1010.68,82.5,71.6667
1686942000,2023-06-16 19:00:00,2023-06-16 21:00:00,ringsted,15.325,57.0,2.0,1.475,1010.72,91.5,76.6667
1686945600,2023-06-16 20:00:00,2023-06-16 22:00:00,ringsted,14.8,14.5,1.3,0.025,1010.81,94.0,5.83333
1686949200,2023-06-16 21:00:00,2023-06-16 23:00:00,ringsted,13.9,0.0,1.2,0.0,1010.57,95.25,0.0
1686952800,2023-06-16 22:00:00,2023-06-17 00:00:00,ringsted,12.775,0.0,0.825,0.0,1010.5,96.5,0.0
1686956400,2023-06-16 23:00:00,2023-06-17 01:00:00,ringsted,11.85,0.0,0.6,0.0,1010.47,96.75,0.0
1686960000,2023-06-17 00:00:00,2023-06-17 02:00:00,ringsted,11.075,0.0,0.775,0.0,1010.42,97.5,0.0
1686963600,2023-06-17 01:00:00,2023-06-17 03:00:00,ringsted,10.675,0.0,0.775,0.0,1010.29,98.0,0.0
1686967200,2023-06-17 02:00:00,2023-06-17 04:00:00,ringsted,10.525,0.0,1.35,0.0,1010.21,98.0,0.0
1686970800,2023-06-17 03:00:00,2023-06-17 05:00:00,ringsted,9.95,5.0,1.0,0.0,1010.12,98.25,8.33333
1686974400,2023-06-17 04:00:00,2023-06-17 06:00:00,ringsted,10.55,64.0,0.825,0.0,1010.23,98.0,0.0
1686978000,2023-06-17 05:00:00,2023-06-17 07:00:00,ringsted,12.95,185.0,0.6,0.0,1010.25,97.0,0.0
1686981600,2023-06-17 06:00:00,2023-06-17 08:00:00,ringsted,16.3,308.5,0.375,0.0,1010.31,90.75,4.58333
1686985200,2023-06-17 07:00:00,2023-06-17 09:00:00,ringsted,18.1,446.0,0.85,0.0,1010.45,79.5,1.66667
1686988800,2023-06-17 08:00:00,2023-06-17 10:00:00,ringsted,19.525,580.0,1.55,0.0,1010.47,68.25,0.0
1686992400,2023-06-17 09:00:00,2023-06-17 11:00:00,ringsted,20.55,676.0,1.875,0.0,1010.37,60.75,4.58333
1686996000,2023-06-17 10:00:00,2023-06-17 12:00:00,ringsted,21.525,772.5,2.2,0.0,1010.28,57.5,31.25
1686999600,2023-06-17 11:00:00,2023-06-17 13:00:00,ringsted,22.475,771.0,2.6,0.0,1010.09,53.75,48.3333
1687003200,2023-06-17 12:00:00,2023-06-17 14:00:00,ringsted,23.05,813.0,2.4,0.0,1010.05,50.5,72.9167
1687006800,2023-06-17 13:00:00,2023-06-17 15:00:00,ringsted,21.475,489.5,2.875,3.05,1010.21,59.0,55.4167
1687010400,2023-06-17 14:00:00,2023-06-17 16:00:00,ringsted,20.5,231.5,2.675,1.2,1010.29,67.0,52.0833
1687014000,2023-06-17 15:00:00,2023-06-17 17:00:00,ringsted,19.05,145.5,2.2,0.075,1010.49,73.25,45.0
1687017600,2023-06-17 16:00:00,2023-06-17 18:00:00,ringsted,19.175,169.5,1.575,0.0,1010.17,71.75,72.0833
1687021200,2023-06-17 17:00:00,2023-06-17 19:00:00,ringsted,20.05,176.5,0.85,0.0,1010.12,66.75,69.5833
1687024800,2023-06-17 18:00:00,2023-06-17 20:00:00,ringsted,19.85,111.5,1.175,0.0,1010.61,64.0,87.5
1687028400,2023-06-17 19:00:00,2023-06-17 21:00:00,ringsted,18.575,40.0,1.975,0.0,1010.97,69.5,78.3333
1687032000,2023-06-17 20:00:00,2023-06-17 22:00:00,ringsted,17.35,9.5,2.05,0.05,1010.98,76.75,92.5
1687035600,2023-06-17 21:00:00,2023-06-17 23:00:00,ringsted,16.375,0.0,1.325,0.0,1010.75,82.5,95.0
1687039200,2023-06-17 22:00:00,2023-06-18 00:00:00,ringsted,15.5,0.0,1.575,0.0,1010.65,88.75,95.0
1687042800,2023-06-17 23:00:00,2023-06-18 01:00:00,ringsted,14.825,0.0,1.075,0.0,1010.37,92.0,87.9167
1687046400,2023-06-18 00:00:00,2023-06-18 02:00:00,ringsted,14.5,0.0,0.725,0.0,1010.12,92.5,64.1667
1687050000,2023-06-18 01:00:00,2023-06-18 03:00:00,ringsted,14.175,0.0,0.975,0.0,1010.16,94.5,79.1667
1687053600,2023-06-18 02:00:00,2023-06-18 04:00:00,ringsted,14.125,0.0,0.65,0.0,1010.39,95.0,91.6667
1687057200,2023-06-18 03:00:00,2023-06-18 05:00:00,ringsted,14.25,2.0,1.925,0.125,1010.29,93.0,95.0
1687060800,2023-06-18 04:00:00,2023-06-18 06:00:00,ringsted,14.4,11.0,1.7,0.25,1009.98,93.75,95.0
1687064400,2023-06-18 05:00:00,2023-06-18 07:00:00,ringsted,14.6,46.5,1.5,0.175,1009.92,95.5,92.5
1687068000,2023-06-18 06:00:00,2023-06-18 08:00:00,ringsted,15.325,158.5,1.7,0.0,1009.8,94.25,48.3333
1687071600,2023-06-18 07:00:00,2023-06-18 09:00:00,ringsted,17.15,339.0,2.6,0.0,1009.7,84.5,13.3333
1687075200,2023-06-18 08:00:00,2023-06-18 10:00:00,ringsted,19.275,584.0,4.0,0.0,1009.52,70.5,43.75
1687078800,2023-06-18 09:00:00,2023-06-18 11:00:00,ringsted,20.375,645.5,4.675,0.0,1009.34,66.25,35.0
1687082400,2023-06-18 10:00:00,2023-06-18 12:00:00,ringsted,20.725,616.0,4.725,0.0,1009.19,66.75,25.4167
1687086000,2023-06-18 11:00:00,2023-06-18 13:00:00,ringsted,20.875,633.0,4.6,0.0,1009.12,67.25,50.8333
1687089600,2023-06-18 12:00:00,2023-06-18 14:00:00,ringsted,20.9,634.0,4.8,0.0,1009.26,64.0,54.1667
1687093200,2023-06-18 13:00:00,2023-06-18 15:00:00,ringsted,21.0,564.5,5.15,0.0,1009.28,62.25,62.5
1687096800,2023-06-18 14:00:00,2023-06-18 16:00:00,ringsted,20.8,592.5,5.175,0.0,1009.13,63.5,53.3333
1687100400,2023-06-18 15:00:00,2023-06-18 17:00:00,ringsted,20.9,545.5,4.65,0.0,1009.03,63.5,35.0
1687104000,2023-06-18 16:00:00,2023-06-18 18:00:00,ringsted,21.0,457.0,4.375,0.0,1008.93,64.0,21.25
1687107600,2023-06-18 17:00:00,2023-06-18 19:00:00,ringsted,20.55,336.5,4.275,0.0,1009.07,66.75,9.16667
1687111200,2023-06-18 18:00:00,2023-06-18 20:00:00,ringsted,19.925,243.0,3.8,0.0,1009.28,69.5,20.0
1687114800,2023-06-18 19:00:00,2023-06-18 21:00:00,ringsted,18.925,111.5,2.675,0.0,1009.49,75.5,5.83333
1687118400,2023-06-18 20:00:00,2023-06-18 22:00:00,ringsted,17.3,24.5,1.75,0.0,1009.7,84.25,0.0
1687122000,2023-06-18 21:00:00,2023-06-18 23:00:00,ringsted,15.575,0.0,1.25,0.0,1009.64,92.0,0.0
1687125600,2023-06-18 22:00:00,2023-06-19 00:00:00,ringsted,14.45,0.0,0.75,0.0,1009.78,95.0,17.5
1687129200,2023-06-18 23:00:00,2023-06-19 01:00:00,ringsted,13.775,0.0,0.625,0.0,1009.8,95.5,35.0
1687132800,2023-06-19 00:00:00,2023-06-19 02:00:00,ringsted,12.875,0.0,0.45,0.0,1009.47,97.0,0.833333
1687136400,2023-06-19 01:00:00,2023-06-19 03:00:00,ringsted,12.075,0.0,0.575,0.0,1009.38,97.75,10.0
1687140000,2023-06-19 02:00:00,2023-06-19 04:00:00,ringsted,11.475,0.0,0.475,0.0,1009.18,98.25,13.75
1687143600,2023-06-19 03:00:00,2023-06-19 05:00:00,ringsted,11.075,5.0,0.625,0.0,1008.89,98.75,0.0
1687147200,2023-06-19 04:00:00,2023-06-19 06:00:00,ringsted,11.175,54.0,0.866667,0.0,1009.0,98.75,19.5833
1687150800,2023-06-19 05:00:00,2023-06-19 07:00:00,ringsted,13.7,171.5,0.35,0.0,1009.18,98.75,0.0
1687154400,2023-06-19 06:00:00,2023-06-19 08:00:00,ringsted,16.825,311.0,0.875,0.0,1009.37,93.75,20.4167
1687158000,2023-06-19 07:00:00,2023-06-19 09:00:00,ringsted,18.85,455.5,1.2,0.0,1009.41,80.5,22.0833
1687161600,2023-06-19 08:00:00,2023-06-19 10:00:00,ringsted,20.375,550.5,2.225,0.0,1009.46,71.5,14.5833
1687165200,2023-06-19 09:00:00,2023-06-19 11:00:00,ringsted,21.0,593.0,3.05,0.0,1009.36,70.25,18.3333
1687168800,2023-06-19 10:00:00,2023-06-19 12:00:00,ringsted,21.525,582.0,3.675,0.0,1009.11,68.0,47.5
1687172400,2023-06-19 11:00:00,2023-06-19 13:00:00,ringsted,21.325,479.0,3.675,0.0,1009.03,69.75,45.0
1687176000,2023-06-19 12:00:00,2023-06-19 14:00:00,ringsted,20.7,302.0,3.875,0.025,1009.25,71.5,77.9167
1687179600,2023-06-19 13:00:00,2023-06-19 15:00:00,ringsted,19.5,209.5,4.0,0.175,1009.16,79.5,81.6667
1687183200,2023-06-19 14:00:00,2023-06-19 16:00:00,ringsted,19.175,370.0,3.8,0.025,1009.02,83.0,72.5
1687186800,2023-06-19 15:00:00,2023-06-19 17:00:00,ringsted,19.9,354.5,3.825,0.025,1009.05,80.25,85.0
1687190400,2023-06-19 16:00:00,2023-06-19 18:00:00,ringsted,19.825,226.0,3.925,0.0,1008.83,79.75,74.1667
1687194000,2023-06-19 17:00:00,2023-06-19 19:00:00,ringsted,19.925,234.5,4.05,0.0,1008.83,79.0,87.5
1687197600,2023-06-19 18:00:00,2023-06-19 20:00:00,ringsted,19.625,144.5,3.7,0.0,1008.98,78.75,68.3333
1687201200,2023-06-19 19:00:00,2023-06-19 21:00:00,ringsted,18.9,43.5,2.625,0.0,1009.39,82.5,70.8333
1687204800,2023-06-19 20:00:00,2023-06-19 22:00:00,ringsted,18.25,9.5,2.5,0.0,1009.77,85.5,81.3636
1687208400,2023-06-19 21:00:00,2023-06-19 23:00:00,ringsted,17.425,0.0,1.925,0.0,1009.98,89.25,31.6667
1687212000,2023-06-19 22:00:00,2023-06-20 00:00:00,ringsted,16.45,0.0,1.475,0.0,1009.9,92.25,11.25
1687215600,2023-06-19 23:00:00,2023-06-20 01:00:00,ringsted,15.7,0.0,1.475,0.0,1010.05,94.75,12.9167
1687219200,2023-06-20 00:00:00,2023-06-20 02:00:00,ringsted,15.225,0.0,1.4,0.0,1010.22,96.25,35.0
1687222800,2023-06-20 01:00:00,2023-06-20 03:00:00,ringsted,14.8,0.0,1.15,0.0,1010.4,96.75,25.0
1687226400,2023-06-20 02:00:00,2023-06-20 04:00:00,ringsted,14.5,0.0,0.85,0.0,1010.45,97.0,47.0833
1687230000,2023-06-20 03:00:00,2023-06-20 05:00:00,ringsted,13.65,3.0,0.875,0.0,1010.45,97.5,50.8333
1687233600,2023-06-20 04:00:00,2023-06-20 06:00:00,ringsted,13.95,36.5,0.925,0.0,1010.56,97.25,89.1667
1687237200,2023-06-20 05:00:00,2023-06-20 07:00:00,ringsted,15.45,116.5,1.25,0.0,1010.73,95.75,72.0833
1687240800,2023-06-20 06:00:00,2023-06-20 08:00:00,ringsted,17.175,196.0,1.325,0.0,1011.0,92.25,87.5
1687244400,2023-06-20 07:00:00,2023-06-20 09:00:00,ringsted,18.425,361.5,1.825,0.0,1011.33,84.75,73.3333
1687248000,2023-06-20 08:00:00,2023-06-20 10:00:00,ringsted,19.575,514.0,1.65,0.0,1011.32,78.0,20.0
1687251600,2023-06-20 09:00:00,2023-06-20 11:00:00,ringsted,20.7,613.5,1.725,0.0,1011.25,73.25,12.5
1687255200,2023-06-20 10:00:00,2023-06-20 12:00:00,ringsted,21.45,628.5,1.725,0.0,1011.29,70.5,2.5
1687258800,2023-06-20 11:00:00,2023-06-20 13:00:00,ringsted,22.4,667.0,1.625,0.0,1011.17,65.25,16.6667
1687262400,2023-06-20 12:00:00,2023-06-20 14:00:00,ringsted,22.625,575.0,2.0,0.0,1011.1,64.5,11.6667
1687266000,2023-06-20 13:00:00,2023-06-20 15:00:00,ringsted,22.7,438.5,1.975,0.0,1010.87,65.25,36.25
1687269600,2023-06-20 14:00:00,2023-06-20 16:00:00,ringsted,22.65,548.5,2.075,0.0,1010.41,66.5,36.6667
1687273200,2023-06-20 15:00:00,2023-06-20 17:00:00,ringsted,23.325,593.0,2.325,0.0,1010.14,63.75,29.5833
1687276800,2023-06-20 16:00:00,2023-06-20 18:00:00,ringsted,23.2,462.0,2.85,0.0,1009.67,63.75,25.0
1687280400,2023-06-20 17:00:00,2023-06-20 19:00:00,ringsted,22.175,345.0,2.725,0.0,1009.44,68.0,31.25
1687284000,2023-06-20 18:00:00,2023-06-20 20:00:00,ringsted,21.4,245.5,2.675,0.0,1009.39,70.75,0.0
1687287600,2023-06-20 19:00:00,2023-06-20 21:00:00,ringsted,20.25,119.0,2.775,0.0,1009.56,76.0,0.0
1687291200,2023-06-20 20:00:00,2023-06-20 22:00:00,ringsted,18.45,19.5,2.05,0.0,1009.4,84.25,0.0
1687294800,2023-06-20 21:00:00,2023-06-20 23:00:00,ringsted,17.0,0.0,2.0,0.0,1009.11,90.25,5.0
1687298400,2023-06-20 22:00:00,2023-06-21 00:00:00,ringsted,16.575,0.0,2.275,0.0,1008.82,91.75,0.0
1687302000,2023-06-20 23:00:00,2023-06-21 01:00:00,ringsted,12.4833,0.0,2.45,0.0,1008.84,83.3333,3.84615
1687305600,2023-06-21 00:00:00,2023-06-21 02:00:00,ringsted,16.7,0.0,2.9,0.0,1007.93,91.75,2.5
1687309200,2023-06-21 01:00:00,2023-06-21 03:00:00,ringsted,16.4,0.0,2.55,0.0,1007.68,93.25,20.8333
1687312800,2023-06-21 02:00:00,2023-06-21 04:00:00,ringsted,16.175,0.0,2.25,0.0,1007.34,95.25,39.5833
1687316400,2023-06-21 03:00:00,2023-06-21 05:00:00,ringsted,16.325,6.0,2.25,0.0,1006.78,96.25,45.0
1687320000,2023-06-21 04:00:00,2023-06-21 06:00:00,ringsted,17.0,17.0,2.825,0.0,1006.85,94.75,85.4167
1687323600,2023-06-21 05:00:00,2023-06-21 07:00:00,ringsted,17.675,35.5,2.4,0.025,1007.07,93.0,83.3333
1687327200,2023-06-21 06:00:00,2023-06-21 08:00:00,ringsted,18.15,133.0,2.25,0.05,1007.15,93.5,70.9091
1687330800,2023-06-21 07:00:00,2023-06-21 09:00:00,ringsted,19.5,296.5,2.75,0.025,1007.18,89.0,80.4167
1687334400,2023-06-21 08:00:00,2023-06-21 10:00:00,ringsted,20.375,293.5,2.575,0.0,1007.42,85.75,48.3333
1687338000,2023-06-21 09:00:00,2023-06-21 11:00:00,ringsted,21.125,403.5,3.0,0.0,1007.95,83.0,75.4167
1687341600,2023-06-21 10:00:00,2023-06-21 12:00:00,ringsted,21.625,517.5,4.325,0.0,1008.42,80.25,73.3333
1687345200,2023-06-21 11:00:00,2023-06-21 13:00:00,ringsted,22.125,594.0,5.025,0.0,1008.67,77.25,55.0
1687348800,2023-06-21 12:00:00,2023-06-21 14:00:00,ringsted,22.975,625.5,6.15,0.0,1009.09,72.0,50.0
1687352400,2023-06-21 13:00:00,2023-06-21 15:00:00,ringsted,23.65,656.0,6.125,0.0,1009.67,66.0,44.1667
1687356000,2023-06-21 14:00:00,2023-06-21 16:00:00,ringsted,24.025,631.0,6.725,0.0,1010.35,61.5,41.25
1687359600,2023-06-21 15:00:00,2023-06-21 17:00:00,ringsted,23.45,606.0,7.0,0.0,1010.96,62.0,28.3333
1687363200,2023-06-21 16:00:00,2023-06-21 18:00:00,ringsted,22.55,476.5,6.7,0.0,1011.35,62.75,27.5
1687366800,2023-06-21 17:00:00,2023-06-21 19:00:00,ringsted,21.575,372.0,6.85,0.0,1011.9,63.0,2.5
1687370400,2023-06-21 18:00:00,2023-06-21 20:00:00,ringsted,20.775,249.0,6.075,0.0,1012.39,64.0,0.0
1687374000,2023-06-21 19:00:00,2023-06-21 21:00:00,ringsted,19.875,124.0,4.4,0.0,1012.85,67.75,0.0
1687377600,2023-06-21 20:00:00,2023-06-21 22:00:00,ringsted,18.275,28.0,2.525,0.0,1013.45,75.25,0.0
1687381200,2023-06-21 21:00:00,2023-06-21 23:00:00,ringsted,16.7,0.5,2.0,0.0,1013.73,81.5,0.0
1687384800,2023-06-21 22:00:00,2023-06-22 00:00:00,ringsted,16.025,0.0,2.125,0.0,1013.83,83.5,0.0
1687388400,2023-06-21 23:00:00,2023-06-22 01:00:00,ringsted,15.2,0.0,2.1,0.0,1014.16,86.5,0.0
1687392000,2023-06-22 00:00:00,2023-06-22 02:00:00,ringsted,12.1,0.0,2.525,0.0,1014.4,82.5,0.0
1687395600,2023-06-22 01:00:00,2023-06-22 03:00:00,ringsted,14.225,0.0,2.125,0.0,1014.73,91.5,0.0
1687399200,2023-06-22 02:00:00,2023-06-22 04:00:00,ringsted,14.125,0.0,2.375,0.0,1014.85,93.75,0.0
1687402800,2023-06-22 03:00:00,2023-06-22 05:00:00,ringsted,13.75,5.5,1.625,0.0,1015.1,95.5,33.75
1687406400,2023-06-22 04:00:00,2023-06-22 06:00:00,ringsted,13.825,61.5,1.35,0.0,1015.37,96.0,62.0833
1687410000,2023-06-22 05:00:00,2023-06-22 07:00:00,ringsted,15.0,154.5,2.225,0.0,1015.71,94.5,87.5
1687413600,2023-06-22 06:00:00,2023-06-22 08:00:00,ringsted,16.2,279.0,3.3,0.0,1015.8,90.0,25.4167
1687417200,2023-06-22 07:00:00,2023-06-22 09:00:00,ringsted,17.425,449.0,3.175,0.0,1015.8,82.5,3.33333
1687420800,2023-06-22 08:00:00,2023-06-22 10:00:00,ringsted,18.9,612.0,3.075,0.0,1015.68,73.5,0.833333
1687424400,2023-06-22 09:00:00,2023-06-22 11:00:00,ringsted,20.375,711.0,3.125,0.0,1015.68,65.5,1.66667
1687428000,2023-06-22 10:00:00,2023-06-22 12:00:00,ringsted,21.575,794.5,3.125,0.0,1015.54,59.25,4.16667
1687431600,2023-06-22 11:00:00,2023-06-22 13:00:00,ringsted,22.425,816.5,3.075,0.0,1015.36,55.75,7.5
1687435200,2023-06-22 12:00:00,2023-06-22 14:00:00,ringsted,22.975,837.0,3.075,0.0,1015.16,51.5,22.9167
1687438800,2023-06-22 13:00:00,2023-06-22 15:00:00,ringsted,23.725,794.0,3.225,0.0,1014.87,47.75,5.83333
1687442400,2023-06-22 14:00:00,2023-06-22 16:00:00,ringsted,24.05,727.5,3.0,0.0,1014.44,46.0,6.25
1687446000,2023-06-22 15:00:00,2023-06-22 17:00:00,ringsted,24.25,589.0,2.6,0.0,1014.17,43.75,0.833333
1687449600,2023-06-22 16:00:00,2023-06-22 18:00:00,ringsted,24.3,524.0,2.425,0.0,1013.59,45.0,0.833333
1687453200,2023-06-22 17:00:00,2023-06-22 19:00:00,ringsted,23.875,394.0,2.25,0.0,1012.93,47.75,0.0
1687456800,2023-06-22 18:00:00,2023-06-22 20:00:00,ringsted,22.75,185.5,2.0,0.0,1012.63,54.25,34.5833
1687460400,2023-06-22 19:00:00,2023-06-22 21:00:00,ringsted,21.325,59.5,1.875,0.0,1012.67,62.25,78.3333
1687464000,2023-06-22 20:00:00,2023-06-22 22:00:00,ringsted,19.675,10.0,1.175,0.0,1012.64,70.0,90.0
1687467600,2023-06-22 21:00:00,2023-06-22 23:00:00,ringsted,18.25,0.0,1.225,0.0,1012.74,75.75,93.3333
1687471200,2023-06-22 22:00:00,2023-06-23 00:00:00,ringsted,17.625,0.0,1.325,0.0,1012.68,78.75,82.5
1687474800,2023-06-22 23:00:00,2023-06-23 01:00:00,ringsted,16.95,0.0,1.675,0.0,1012.39,82.75,80.8333
1687478400,2023-06-23 00:00:00,2023-06-23 02:00:00,ringsted,16.8,0.0,1.8,0.0,1012.35,82.75,90.0
1687482000,2023-06-23 01:00:00,2023-06-23 03:00:00,ringsted,16.7,0.0,1.45,0.0,1012.42,84.0,91.6667
1687485600,2023-06-23 02:00:00,2023-06-23 04:00:00,ringsted,16.475,0.0,2.025,0.0,1012.33,83.5,80.4167
1687489200,2023-06-23 03:00:00,2023-06-23 05:00:00,ringsted,16.3,2.5,2.225,0.0,1012.73,81.5,92.5
1687492800,2023-06-23 04:00:00,2023-06-23 06:00:00,ringsted,16.075,22.0,1.35,0.0,1012.75,82.0,50.0
1687496400,2023-06-23 05:00:00,2023-06-23 07:00:00,ringsted,16.95,123.5,1.525,0.0,1013.12,80.75,15.8333
1687500000,2023-06-23 06:00:00,2023-06-23 08:00:00,ringsted,17.825,180.5,2.95,0.0,1013.0,76.25,34.5833
1687503600,2023-06-23 07:00:00,2023-06-23 09:00:00,ringsted,18.525,274.0,3.45,0.0,1013.27,69.5,80.8333
1687507200,2023-06-23 08:00:00,2023-06-23 10:00:00,ringsted,19.425,324.5,3.025,0.0,1013.44,63.75,63.75
1687510800,2023-06-23 09:00:00,2023-06-23 11:00:00,ringsted,19.85,386.0,3.725,0.0,1013.69,59.75,48.3333
1687514400,2023-06-23 10:00:00,2023-06-23 12:00:00,ringsted,20.175,373.0,4.475,0.0,1014.05,60.5,55.8333
1687518000,2023-06-23 11:00:00,2023-06-23 13:00:00,ringsted,20.725,481.5,4.575,0.0,1014.39,58.25,16.25
1687521600,2023-06-23 12:00:00,2023-06-23 14:00:00,ringsted,21.275,569.5,4.775,0.0,1014.64,54.5,19.5833
1687525200,2023-06-23 13:00:00,2023-06-23 15:00:00,ringsted,21.35,483.5,5.275,0.0,1014.88,53.25,49.5833
1687528800,2023-06-23 14:00:00,2023-06-23 16:00:00,ringsted,20.675,384.5,4.9,0.0,1015.05,56.0,55.8333
1687532400,2023-06-23 15:00:00,2023-06-23 17:00:00,ringsted,20.0,255.0,4.8,0.0,1015.09,55.75,50.8333
1687536000,2023-06-23 16:00:00,2023-06-23 18:00:00,ringsted,20.15,380.0,4.225,0.0,1015.05,54.5,15.4167
1687539600,2023-06-23 17:00:00,2023-06-23 19:00:00,ringsted,21.25,427.0,4.4,0.0,1014.97,51.25,0.0
1687543200,2023-06-23 18:00:00,2023-06-23 20:00:00,ringsted,21.125,256.5,4.05,0.0,1015.08,50.5,0.0
1687546800,2023-06-23 19:00:00,2023-06-23 21:00:00,ringsted,19.725,94.5,2.725,0.0,1015.39,56.5,0.0
1687550400,2023-06-23 20:00:00,2023-06-23 22:00:00,ringsted,17.6,16.0,2.125,0.0,1015.99,65.5,5.41667
1687554000,2023-06-23 21:00:00,2023-06-23 23:00:00,ringsted,16.05,0.0,2.225,0.0,1016.08,72.25,7.08333
1687557600,2023-06-23 22:00:00,2023-06-24 00:00:00,ringsted,15.025,0.0,2.25,0.0,1016.33,78.5,19.1667
1687561200,2023-06-23 23:00:00,2023-06-24 01:00:00,ringsted,14.175,0.0,2.525,0.0,1016.72,84.25,0.833333
1687564800,2023-06-24 00:00:00,2023-06-24 02:00:00,ringsted,10.875,0.0,2.75,0.0,1015.39,86.0,8.33333
1687568400,2023-06-24 01:00:00,2023-06-24 03:00:00,ringsted,12.775,0.0,2.45,0.0,1017.2,91.0,55.0
1687572000,2023-06-24 02:00:00,2023-06-24 04:00:00,ringsted,12.55,0.0,2.675,0.0,1017.31,91.25,66.25
1687575600,2023-06-24 03:00:00,2023-06-24 05:00:00,ringsted,12.25,4.0,2.275,0.0,1017.48,92.5,29.5833
1687579200,2023-06-24 04:00:00,2023-06-24 06:00:00,ringsted,12.125,57.5,2.1,0.0,1017.72,93.0,41.25
1687582800,2023-06-24 05:00:00,2023-06-24 07:00:00,ringsted,13.825,199.0,2.425,0.0,1017.79,88.25,14.1667
1687586400,2023-06-24 06:00:00,2023-06-24 08:00:00,ringsted,15.575,326.5,3.8,0.0,1017.92,80.75,13.3333
1687590000,2023-06-24 07:00:00,2023-06-24 09:00:00,ringsted,16.925,428.0,3.875,0.0,1018.05,73.75,3.33333
1687593600,2023-06-24 08:00:00,2023-06-24 10:00:00,ringsted,18.175,479.5,3.775,0.0,1018.15,66.5,0.0
1687597200,2023-06-24 09:00:00,2023-06-24 11:00:00,ringsted,19.55,672.0,4.0,0.0,1018.2,59.5,1.66667
1687600800,2023-06-24 10:00:00,2023-06-24 12:00:00,ringsted,20.8,755.0,4.35,0.0,1018.03,51.0,3.33333
1687604400,2023-06-24 11:00:00,2023-06-24 13:00:00,ringsted,21.575,737.0,4.525,0.0,1017.95,48.5,8.33333
1687608000,2023-06-24 12:00:00,2023-06-24 14:00:00,ringsted,22.125,830.0,4.7,0.0,1017.89,47.0,15.0
1687611600,2023-06-24 13:00:00,2023-06-24 15:00:00,ringsted,22.65,715.0,4.625,0.0,1017.89,46.75,30.8333
1687615200,2023-06-24 14:00:00,2023-06-24 16:00:00,ringsted,22.7,609.5,4.4,0.0,1017.84,48.25,27.9167
1687618800,2023-06-24 15:00:00,2023-06-24 17:00:00,ringsted,22.8,605.5,4.625,0.0,1017.61,49.75,47.9167
1687622400,2023-06-24 16:00:00,2023-06-24 18:00:00,ringsted,22.55,317.0,3.475,0.0,1017.33,52.75,40.8333
1687626000,2023-06-24 17:00:00,2023-06-24 19:00:00,ringsted,22.5,353.0,3.3,0.0,1017.09,53.25,17.0833
1687629600,2023-06-24 18:00:00,2023-06-24 20:00:00,ringsted,22.2,212.5,2.975,0.0,1016.95,55.5,29.1667
1687633200,2023-06-24 19:00:00,2023-06-24 21:00:00,ringsted,21.4,125.0,2.35,0.0,1016.79,61.0,5.0
1687636800,2023-06-24 20:00:00,2023-06-24 22:00:00,ringsted,19.65,30.0,1.575,0.0,1016.88,70.75,10.8333
1687640400,2023-06-24 21:00:00,2023-06-24 23:00:00,ringsted,17.775,0.5,1.575,0.0,1016.94,78.0,0.0
1687644000,2023-06-24 22:00:00,2023-06-25 00:00:00,ringsted,16.35,0.0,1.3,0.0,1017.0,84.25,0.0
1687647600,2023-06-24 23:00:00,2023-06-25 01:00:00,ringsted,15.45,0.0,1.05,0.0,1016.98,87.5,0.0
1687651200,2023-06-25 00:00:00,2023-06-25 02:00:00,ringsted,14.925,0.0,0.875,0.0,1016.83,89.25,0.0
1687654800,2023-06-25 01:00:00,2023-06-25 03:00:00,ringsted,14.275,0.0,0.95,0.0,1016.78,91.75,18.3333
1687658400,2023-06-25 02:00:00,2023-06-25 04:00:00,ringsted,13.75,0.0,0.725,0.0,1016.47,94.0,15.0
1687662000,2023-06-25 03:00:00,2023-06-25 05:00:00,ringsted,13.45,4.0,0.675,0.0,1016.35,95.5,0.0
1687665600,2023-06-25 04:00:00,2023-06-25 06:00:00,ringsted,13.95,59.0,0.275,0.0,1016.25,95.25,0.0
1687669200,2023-06-25 05:00:00,2023-06-25 07:00:00,ringsted,16.175,191.5,0.725,0.0,1016.17,92.25,17.5
1687672800,2023-06-25 06:00:00,2023-06-25 08:00:00,ringsted,18.525,276.5,0.725,0.0,1016.16,85.0,26.25
1687676400,2023-06-25 07:00:00,2023-06-25 09:00:00,ringsted,20.15,405.5,0.8,0.0,1016.05,75.5,42.9167
1687680000,2023-06-25 08:00:00,2023-06-25 10:00:00,ringsted,21.15,459.5,1.35,0.0,1015.82,69.5,35.0
1687683600,2023-06-25 09:00:00,2023-06-25 11:00:00,ringsted,21.85,536.0,2.075,0.0,1015.6,66.0,36.25
1687687200,2023-06-25 10:00:00,2023-06-25 12:00:00,ringsted,22.25,577.0,2.1,0.0,1015.39,63.5,82.9167
1687690800,2023-06-25 11:00:00,2023-06-25 13:00:00,ringsted,22.925,582.5,2.1,0.0,1015.13,61.0,79.1667
1687694400,2023-06-25 12:00:00,2023-06-25 14:00:00,ringsted,23.05,376.0,1.925,0.0,1014.94,61.5,94.1667
1687698000,2023-06-25 13:00:00,2023-06-25 15:00:00,ringsted,23.1,366.5,1.95,0.0,1014.53,62.5,82.5
1687701600,2023-06-25 14:00:00,2023-06-25 16:00:00,ringsted,24.25,599.0,1.65,0.0,1014.05,57.0,88.3333
1687705200,2023-06-25 15:00:00,2023-06-25 17:00:00,ringsted,24.025,364.5,2.575,0.0,1013.52,59.5,68.3333
1687708800,2023-06-25 16:00:00,2023-06-25 18:00:00,ringsted,24.3,425.0,2.175,0.0,1013.1,57.0,41.6667
1687712400,2023-06-25 17:00:00,2023-06-25 19:00:00,ringsted,23.75,240.0,2.475,0.0,1012.86,58.0,35.4167
1687716000,2023-06-25 18:00:00,2023-06-25 20:00:00,ringsted,23.5,180.0,2.025,0.0,1012.62,58.25,29.1667
1687719600,2023-06-25 19:00:00,2023-06-25 21:00:00,ringsted,22.75,123.5,1.775,0.0,1012.37,62.5,19.5833
1687723200,2023-06-25 20:00:00,2023-06-25 22:00:00,ringsted,20.25,25.0,1.65,0.0,1012.39,74.0,5.0
1687726800,2023-06-25 21:00:00,2023-06-25 23:00:00,ringsted,17.775,0.5,1.6,0.0,1012.46,84.0,0.0
1687730400,2023-06-25 22:00:00,2023-06-26 00:00:00,ringsted,16.9,0.0,1.575,0.0,1012.23,87.25,0.0
1687734000,2023-06-25 23:00:00,2023-06-26 01:00:00,ringsted,16.05,0.0,1.35,0.0,1011.88,90.0,0.0
1687737600,2023-06-26 00:00:00,2023-06-26 02:00:00,ringsted,15.2,0.0,1.15,0.0,1011.4,92.75,0.0
1687741200,2023-06-26 01:00:00,2023-06-26 03:00:00,ringsted,15.05,0.0,1.7,0.0,1010.92,92.75,2.5
1687744800,2023-06-26 02:00:00,2023-06-26 04:00:00,ringsted,14.925,0.0,2.125,0.0,1010.43,94.0,1.66667
1687748400,2023-06-26 03:00:00,2023-06-26 05:00:00,ringsted,15.725,4.5,2.425,0.0,1009.93,93.75,0.833333
1687752000,2023-06-26 04:00:00,2023-06-26 06:00:00,ringsted,17.025,54.5,2.7,0.0,1009.41,93.5,19.1667
1687755600,2023-06-26 05:00:00,2023-06-26 07:00:00,ringsted,18.5,147.5,3.05,0.0,1008.78,90.75,0.0
1687759200,2023-06-26 06:00:00,2023-06-26 08:00:00,ringsted,20.375,303.0,4.025,0.0,1008.35,82.5,0.0
1687762800,2023-06-26 07:00:00,2023-06-26 09:00:00,ringsted,22.025,435.5,4.25,0.025,1007.94,73.75,2.5
1687766400,2023-06-26 08:00:00,2023-06-26 10:00:00,ringsted,23.2,568.0,4.675,0.0,1007.17,69.0,0.0
1687770000,2023-06-26 09:00:00,2023-06-26 11:00:00,ringsted,24.225,678.0,5.125,0.0,1006.28,65.25,3.33333
1687773600,2023-06-26 10:00:00,2023-06-26 12:00:00,ringsted,25.225,758.5,5.6,0.0,1005.65,60.75,3.33333
1687777200,2023-06-26 11:00:00,2023-06-26 13:00:00,ringsted,26.025,810.5,6.125,0.0,1005.7,56.5,32.0833
1687780800,2023-06-26 12:00:00,2023-06-26 14:00:00,ringsted,24.2,249.5,5.625,1.7,1006.1,63.0,75.0
1687784400,2023-06-26 13:00:00,2023-06-26 15:00:00,ringsted,20.1667,39.0,3.9,7.63333,1006.05,83.3333,100.0
1687788000,2023-06-26 14:00:00,2023-06-26 16:00:00,ringsted,17.4333,102.0,1.8,5.9,1006.09,96.0,91.6667
1687791600,2023-06-26 15:00:00,2023-06-26 17:00:00,ringsted,18.3333,219.0,2.2,0.0333333,1006.16,93.0,96.6667
1687795200,2023-06-26 16:00:00,2023-06-26 18:00:00,ringsted,19.3667,320.0,2.5,0.0,1006.22,87.6667,90.0
1687798800,2023-06-26 17:00:00,2023-06-26 19:00:00,ringsted,19.9333,309.0,4.56667,0.0,1006.47,76.6667,36.6667
1687802400,2023-06-26 18:00:00,2023-06-26 20:00:00,ringsted,19.4,185.0,5.73333,0.0,1006.7,68.0,14.1667
1687806000,2023-06-26 19:00:00,2023-06-26 21:00:00,ringsted,18.3333,56.0,4.76667,0.0,1006.86,71.0,90.0
1687809600,2023-06-26 20:00:00,2023-06-26 22:00:00,ringsted,17.5333,17.0,4.9,0.0,1007.13,73.3333,57.5
1687813200,2023-06-26 21:00:00,2023-06-26 23:00:00,ringsted,16.3333,1.0,5.3,0.0,1007.22,74.6667,10.0
1687816800,2023-06-26 22:00:00,2023-06-27 00:00:00,ringsted,15.6667,0.0,5.7,0.0,1007.39,78.0,48.3333
1687820400,2023-06-26 23:00:00,2023-06-27 01:00:00,ringsted,15.3,0.0,5.83333,0.0,1007.53,80.6667,85.0
1687824000,2023-06-27 00:00:00,2023-06-27 02:00:00,ringsted,14.5333,0.0,5.06667,0.0,1007.78,83.3333,90.0
1687827600,2023-06-27 01:00:00,2023-06-27 03:00:00,ringsted,13.9667,0.0,4.63333,0.0,1007.79,83.3333,23.3333
1687831200,2023-06-27 02:00:00,2023-06-27 04:00:00,ringsted,13.2667,0.0,4.16667,0.0,1007.72,85.3333,6.66667
1687834800,2023-06-27 03:00:00,2023-06-27 05:00:00,ringsted,13.0333,4.0,4.26667,0.0,1007.52,86.0,6.66667
1687838400,2023-06-27 04:00:00,2023-06-27 06:00:00,ringsted,13.0667,69.0,4.06667,0.0,1007.19,84.6667,5.83333
1687842000,2023-06-27 05:00:00,2023-06-27 07:00:00,ringsted,14.0667,209.0,4.96667,0.0,1007.09,80.0,59.1667
1687845600,2023-06-27 06:00:00,2023-06-27 08:00:00,ringsted,15.1667,348.0,5.9,0.0,1007.45,74.0,17.5
1687849200,2023-06-27 07:00:00,2023-06-27 09:00:00,ringsted,16.3,507.0,7.16667,0.0,1007.48,66.3333,38.3333
1687852800,2023-06-27 08:00:00,2023-06-27 10:00:00,ringsted,16.9667,607.0,7.16667,0.0,1007.33,62.3333,45.8333
1687856400,2023-06-27 09:00:00,2023-06-27 11:00:00,ringsted,17.5333,647.0,7.63333,0.0,1007.26,58.6667,85.0
1687860000,2023-06-27 10:00:00,2023-06-27 12:00:00,ringsted,18.2667,677.0,7.5,0.0,1007.12,56.0,80.0
1687863600,2023-06-27 11:00:00,2023-06-27 13:00:00,ringsted,18.7333,656.0,7.76667,0.0,1007.06,52.6667,98.3333
1687867200,2023-06-27 12:00:00,2023-06-27 14:00:00,ringsted,18.8667,558.0,7.53333,0.0,1006.88,51.3333,93.3333
1687870800,2023-06-27 13:00:00,2023-06-27 15:00:00,ringsted,19.3333,659.0,8.06667,0.0,1006.92,48.6667,100.0
1687874400,2023-06-27 14:00:00,2023-06-27 16:00:00,ringsted,18.9667,399.0,7.83333,0.0,1006.95,50.3333,100.0
1687878000,2023-06-27 15:00:00,2023-06-27 17:00:00,ringsted,18.8,278.0,7.26667,0.0,1006.83,51.0,100.0
1687881600,2023-06-27 16:00:00,2023-06-27 18:00:00,ringsted,18.6333,235.0,7.1,0.0,1006.8,51.3333,100.0
1687885200,2023-06-27 17:00:00,2023-06-27 19:00:00,ringsted,17.9667,108.0,6.66667,0.0,1007.0,54.6667,100.0
1687888800,2023-06-27 18:00:00,2023-06-27 20:00:00,ringsted,17.5333,68.0,6.33333,0.0,1007.18,56.3333,100.0
1687892400,2023-06-27 19:00:00,2023-06-27 21:00:00,ringsted,17.0,51.0,5.66667,0.0,1007.34,60.3333,100.0
1687896000,2023-06-27 20:00:00,2023-06-27 22:00:00,ringsted,16.5,11.0,5.53333,0.0,1007.53,63.6667,96.6667
1687899600,2023-06-27 21:00:00,2023-06-27 23:00:00,ringsted,15.9667,0.0,5.13333,0.0,1007.96,65.6667,95.0
1687903200,2023-06-27 22:00:00,2023-06-28 00:00:00,ringsted,15.3,0.0,4.66667,0.0,1008.13,69.6667,90.0
1687906800,2023-06-27 23:00:00,2023-06-28 01:00:00,ringsted,14.5,0.0,4.36667,0.0,1008.23,75.0,95.0
1687910400,2023-06-28 00:00:00,2023-06-28 02:00:00,ringsted,14.2667,0.0,4.0,0.0,1008.41,78.0,100.0
1687914000,2023-06-28 01:00:00,2023-06-28 03:00:00,ringsted,13.7667,0.0,3.86667,0.0,1008.63,81.6667,100.0
1687917600,2023-06-28 02:00:00,2023-06-28 04:00:00,ringsted,13.6333,0.0,4.0,0.0,1008.68,83.3333,100.0
1687921200,2023-06-28 03:00:00,2023-06-28 05:00:00,ringsted,13.8,3.0,3.96667,0.0,1008.95,85.0,100.0
1687924800,2023-06-28 04:00:00,2023-06-28 06:00:00,ringsted,14.0667,16.0,3.46667,0.0,1009.27,85.3333,100.0
1687928400,2023-06-28 05:00:00,2023-06-28 07:00:00,ringsted,14.3667,45.0,3.6,0.0,1009.56,85.6667,100.0
1687932000,2023-06-28 06:00:00,2023-06-28 08:00:00,ringsted,14.7667,105.0,3.9,0.0,1009.79,85.3333,81.6667
1687935600,2023-06-28 07:00:00,2023-06-28 09:00:00,ringsted,15.6333,386.0,4.66667,0.0,1010.08,82.0,50.0
1687939200,2023-06-28 08:00:00,2023-06-28 10:00:00,ringsted,16.4,615.0,4.56667,0.0,1010.52,78.6667,98.3333
1687942800,2023-06-28 09:00:00,2023-06-28 11:00:00,ringsted,16.6333,409.0,3.86667,0.0,1010.83,77.6667,100.0
1687946400,2023-06-28 10:00:00,2023-06-28 12:00:00,ringsted,17.5667,425.0,3.6,0.0,1011.0,74.0,93.3333
1687950000,2023-06-28 11:00:00,2023-06-28 13:00:00,ringsted,19.1667,672.0,3.26667,0.0,1011.0,68.3333,80.0
1687953600,2023-06-28 12:00:00,2023-06-28 14:00:00,ringsted,20.0333,729.0,2.9,0.0,1010.93,65.3333,48.3333
1687957200,2023-06-28 13:00:00,2023-06-28 15:00:00,ringsted,20.8333,514.0,2.76667,0.0,1010.89,61.3333,36.6667
1687960800,2023-06-28 14:00:00,2023-06-28 16:00:00,ringsted,21.7,575.0,3.06667,0.0,1010.88,56.6667,54.1667
1687964400,2023-06-28 15:00:00,2023-06-28 17:00:00,ringsted,22.0,578.0,3.7,0.0,1010.73,51.6667,49.1667
1687968000,2023-06-28 16:00:00,2023-06-28 18:00:00,ringsted,22.3667,544.0,3.43333,0.0,1010.54,48.3333,5.0
1687971600,2023-06-28 17:00:00,2023-06-28 19:00:00,ringsted,22.1333,402.0,3.73333,0.0,1010.52,49.6667,0.0
1687975200,2023-06-28 18:00:00,2023-06-28 20:00:00,ringsted,21.5667,269.0,3.36667,0.0,1010.64,49.6667,0.0
1687978800,2023-06-28 19:00:00,2023-06-28 21:00:00,ringsted,20.3333,119.0,2.5,0.0,1010.99,54.6667,0.0
1687982400,2023-06-28 20:00:00,2023-06-28 22:00:00,ringsted,18.1333,19.0,1.9,0.0,1011.48,65.0,0.0
1687986000,2023-06-28 21:00:00,2023-06-28 23:00:00,ringsted,16.4667,0.0,2.03333,0.0,1011.51,75.3333,0.0
1687989600,2023-06-28 22:00:00,2023-06-29 00:00:00,ringsted,15.6,0.0,1.63333,0.0,1011.38,83.0,74.1667
1687993200,2023-06-28 23:00:00,2023-06-29 01:00:00,ringsted,14.9333,0.0,1.16667,0.0,1011.29,87.3333,90.0
1687996800,2023-06-29 00:00:00,2023-06-29 02:00:00,ringsted,14.1667,0.0,0.666667,0.0,1011.01,91.6667,90.0
1688000400,2023-06-29 01:00:00,2023-06-29 03:00:00,ringsted,13.5333,0.0,0.8,0.0,1010.57,94.3333,91.6667
1688004000,2023-06-29 02:00:00,2023-06-29 04:00:00,ringsted,13.5667,0.0,1.23333,0.0,1010.34,94.3333,98.3333
1688007600,2023-06-29 03:00:00,2023-06-29 05:00:00,ringsted,13.8,2.0,0.833333,0.0,1010.35,95.3333,96.6667
1688011200,2023-06-29 04:00:00,2023-06-29 06:00:00,ringsted,14.5333,45.0,0.666667,0.0,1010.24,95.3333,95.0
1688014800,2023-06-29 05:00:00,2023-06-29 07:00:00,ringsted,15.6333,76.0,1.16667,0.0,1009.94,95.0,100.0
1688018400,2023-06-29 06:00:00,2023-06-29 08:00:00,ringsted,16.4,63.0,1.66667,0.0,1009.87,94.6667,100.0
1688022000,2023-06-29 07:00:00,2023-06-29 09:00:00,ringsted,17.4667,148.0,2.3,0.0,1009.84,92.0,100.0
1688025600,2023-06-29 08:00:00,2023-06-29 10:00:00,ringsted,17.9333,133.0,2.6,0.0,1009.68,91.3333,93.3333
1688029200,2023-06-29 09:00:00,2023-06-29 11:00:00,ringsted,18.1333,139.0,2.13333,0.266667,1009.46,92.3333,100.0
1688032800,2023-06-29 10:00:00,2023-06-29 12:00:00,ringsted,18.8333,265.0,2.1,0.0666667,1009.22,90.6667,93.3333
1688036400,2023-06-29 11:00:00,2023-06-29 13:00:00,ringsted,19.5667,195.0,2.4,0.533333,1008.97,85.0,94.0
1688040000,2023-06-29 12:00:00,2023-06-29 14:00:00,ringsted,20.0,423.0,3.2,0.2,1008.45,83.25,84.1667
1688043600,2023-06-29 13:00:00,2023-06-29 15:00:00,ringsted,21.375,618.0,3.425,0.0,1008.14,74.25,81.6667
1688047200,2023-06-29 14:00:00,2023-06-29 16:00:00,ringsted,21.65,381.0,3.825,0.0,1007.78,72.5,86.6667
1688050800,2023-06-29 15:00:00,2023-06-29 17:00:00,ringsted,21.75,304.5,3.875,0.0,1007.33,70.75,75.4167
1688054400,2023-06-29 16:00:00,2023-06-29 18:00:00,ringsted,21.45,164.5,3.625,0.0,1006.9,72.0,89.1667
1688058000,2023-06-29 17:00:00,2023-06-29 19:00:00,ringsted,21.225,169.0,3.75,0.0,1006.41,73.5,75.8333
1688061600,2023-06-29 18:00:00,2023-06-29 20:00:00,ringsted,20.95,99.5,2.975,0.0,1006.02,75.75,72.5
1688065200,2023-06-29 19:00:00,2023-06-29 21:00:00,ringsted,20.4,49.5,2.5,0.0,1005.88,79.75,83.75
1688068800,2023-06-29 20:00:00,2023-06-29 22:00:00,ringsted,19.7,9.5,1.95,0.0,1005.73,85.0,95.0
1688072400,2023-06-29 21:00:00,2023-06-29 23:00:00,ringsted,19.125,0.0,1.9,0.025,1005.33,88.25,93.3333
1688076000,2023-06-29 22:00:00,2023-06-30 00:00:00,ringsted,18.7,0.0,2.775,0.1,1004.97,91.0,91.6667
1688079600,2023-06-29 23:00:00,2023-06-30 01:00:00,ringsted,18.425,0.0,3.325,0.175,1004.85,92.5,91.6667
1688083200,2023-06-30 00:00:00,2023-06-30 02:00:00,ringsted,18.175,0.0,3.475,0.325,1004.65,95.25,95.0
1688086800,2023-06-30 01:00:00,2023-06-30 03:00:00,ringsted,17.7,0.0,3.6,0.4,1004.53,96.25,95.0
1688090400,2023-06-30 02:00:00,2023-06-30 04:00:00,ringsted,16.85,0.0,3.85,0.05,1004.72,95.5,97.5
1688094000,2023-06-30 03:00:00,2023-06-30 05:00:00,ringsted,16.0,1.0,3.425,0.0,1004.94,94.0,93.3333
1688097600,2023-06-30 04:00:00,2023-06-30 06:00:00,ringsted,15.625,23.5,4.125,0.0,1005.17,92.25,92.5
1688101200,2023-06-30 05:00:00,2023-06-30 07:00:00,ringsted,15.15,65.5,4.45,0.0,1005.35,89.25,67.9167
1688104800,2023-06-30 06:00:00,2023-06-30 08:00:00,ringsted,15.175,209.5,4.575,0.0,1005.61,82.75,50.8333
1688108400,2023-06-30 07:00:00,2023-06-30 09:00:00,ringsted,15.35,327.0,4.825,0.0,1005.95,76.25,52.9167
1688112000,2023-06-30 08:00:00,2023-06-30 10:00:00,ringsted,15.775,408.5,4.95,0.0,1006.19,72.25,30.0
1688115600,2023-06-30 09:00:00,2023-06-30 11:00:00,ringsted,16.425,420.0,4.625,0.0,1006.05,65.75,47.5
1688119200,2023-06-30 10:00:00,2023-06-30 12:00:00,ringsted,16.65,516.0,4.9,0.0,1006.22,61.75,23.75
1688122800,2023-06-30 11:00:00,2023-06-30 13:00:00,ringsted,17.275,676.0,4.2,0.0,1006.09,59.25,8.75
1688126400,2023-06-30 12:00:00,2023-06-30 14:00:00,ringsted,18.65,784.5,3.925,0.0,1005.82,53.75,23.3333
1688130000,2023-06-30 13:00:00,2023-06-30 15:00:00,ringsted,19.6,738.5,4.0,0.0,1005.41,49.5,44.1667
1688133600,2023-06-30 14:00:00,2023-06-30 16:00:00,ringsted,20.0,631.5,4.4,0.0,1004.99,49.75,58.3333
1688137200,2023-06-30 15:00:00,2023-06-30 17:00:00,ringsted,20.175,606.5,3.875,0.0,1004.66,49.0,55.4167
1688140800,2023-06-30 16:00:00,2023-06-30 18:00:00,ringsted,20.175,477.0,4.025,0.0,1004.33,48.25,37.9167
1688144400,2023-06-30 17:00:00,2023-06-30 19:00:00,ringsted,19.85,373.5,4.075,0.0,1004.21,49.25,40.0
1688148000,2023-06-30 18:00:00,2023-06-30 20:00:00,ringsted,19.075,179.0,3.675,0.0,1004.12,54.0,25.0
1688151600,2023-06-30 19:00:00,2023-06-30 21:00:00,ringsted,18.125,74.5,3.025,0.0,1004.02,60.0,5.83333
1688155200,2023-06-30 20:00:00,2023-06-30 22:00:00,ringsted,16.25,15.0,2.125,0.0,1003.94,68.0,23.3333
1688158800,2023-06-30 21:00:00,2023-06-30 23:00:00,ringsted,14.975,0.5,1.9,0.0,1003.72,73.75,53.75
1688162400,2023-06-30 22:00:00,2023-07-01 00:00:00,ringsted,13.825,0.0,1.725,0.0,1003.37,79.0,68.75
1688166000,2023-06-30 23:00:00,2023-07-01 01:00:00,ringsted,13.25,0.0,1.575,0.0,1002.88,82.25,90.8333
1688169600,2023-07-01 00:00:00,2023-07-01 02:00:00,ringsted,12.775,0.0,1.425,0.0,1002.42,86.5,92.5
1688173200,2023-07-01 01:00:00,2023-07-01 03:00:00,ringsted,12.65,0.0,1.725,0.0,1001.9,89.0,95.0
1688176800,2023-07-01 02:00:00,2023-07-01 04:00:00,ringsted,13.325,0.0,1.825,0.0,1001.09,86.75,94.1667
1688180400,2023-07-01 03:00:00,2023-07-01 05:00:00,ringsted,13.725,0.5,1.925,0.0,1000.53,86.0,90.8333
1688184000,2023-07-01 04:00:00,2023-07-01 06:00:00,ringsted,14.225,9.0,2.425,0.025,1000.21,84.75,94.1667
1688187600,2023-07-01 05:00:00,2023-07-01 07:00:00,ringsted,14.425,29.0,3.25,0.5,999.675,86.25,95.0
1688191200,2023-07-01 06:00:00,2023-07-01 08:00:00,ringsted,14.525,61.0,3.25,0.375,999.054,90.5,95.0
1688194800,2023-07-01 07:00:00,2023-07-01 09:00:00,ringsted,14.75,103.5,3.525,0.775,998.421,92.75,95.8333
1688198400,2023-07-01 08:00:00,2023-07-01 10:00:00,ringsted,15.15,129.5,4.575,0.0,997.854,91.0,98.3333
1688202000,2023-07-01 09:00:00,2023-07-01 11:00:00,ringsted,15.275,138.5,5.425,0.025,997.263,89.0,95.8333
1688205600,2023-07-01 10:00:00,2023-07-01 12:00:00,ringsted,15.1,128.0,5.65,0.05,996.608,89.75,95.0
1688209200,2023-07-01 11:00:00,2023-07-01 13:00:00,ringsted,15.25,120.0,5.325,0.0,996.108,91.25,95.0
1688212800,2023-07-01 12:00:00,2023-07-01 14:00:00,ringsted,15.475,96.5,4.95,0.233333,995.892,91.75,97.5
1688216400,2023-07-01 13:00:00,2023-07-01 15:00:00,ringsted,15.35,110.5,5.025,0.35,995.608,94.5,96.6667
1688220000,2023-07-01 14:00:00,2023-07-01 16:00:00,ringsted,15.625,123.5,4.725,0.475,995.096,96.0,95.0
1688223600,2023-07-01 15:00:00,2023-07-01 17:00:00,ringsted,16.1,135.5,4.975,0.275,994.692,95.75,95.8333
1688227200,2023-07-01 16:00:00,2023-07-01 18:00:00,ringsted,16.35,72.5,4.725,0.1,994.254,95.25,95.8333
1688230800,2023-07-01 17:00:00,2023-07-01 19:00:00,ringsted,16.575,46.5,4.775,0.175,993.942,95.5,95.0
1688234400,2023-07-01 18:00:00,2023-07-01 20:00:00,ringsted,16.725,40.5,4.55,0.15,993.804,96.25,95.0
1688238000,2023-07-01 19:00:00,2023-07-01 21:00:00,ringsted,16.875,18.5,4.55,0.025,993.883,95.25,67.0833
1688241600,2023-07-01 20:00:00,2023-07-01 22:00:00,ringsted,16.5,11.5,3.7,0.075,994.112,95.0,83.75
1688245200,2023-07-01 21:00:00,2023-07-01 23:00:00,ringsted,16.25,0.0,3.75,0.0,994.133,94.75,90.8333
1688248800,2023-07-01 22:00:00,2023-07-02 00:00:00,ringsted,16.125,0.0,3.975,0.0,994.233,93.25,92.5
1688252400,2023-07-01 23:00:00,2023-07-02 01:00:00,ringsted,15.9,0.0,4.275,0.0,994.283,90.75,86.6667
1688256000,2023-07-02 00:00:00,2023-07-02 02:00:00,ringsted,15.525,0.0,4.225,0.0,994.013,89.0,62.9167
1688259600,2023-07-02 01:00:00,2023-07-02 03:00:00,ringsted,15.0,0.0,4.275,0.0,993.771,89.75,57.0833
1688263200,2023-07-02 02:00:00,2023-07-02 04:00:00,ringsted,14.9,0.0,4.35,0.0,993.654,89.5,57.9167
1688266800,2023-07-02 03:00:00,2023-07-02 05:00:00,ringsted,14.7,2.0,4.575,0.0,993.729,88.0,72.9167
1688270400,2023-07-02 04:00:00,2023-07-02 06:00:00,ringsted,14.65,26.0,4.9,0.0,993.725,86.5,43.3333
1688274000,2023-07-02 05:00:00,2023-07-02 07:00:00,ringsted,14.85,134.5,5.575,0.0,993.808,81.25,38.3333
1688277600,2023-07-02 06:00:00,2023-07-02 08:00:00,ringsted,15.575,300.0,6.175,0.0,993.987,75.5,47.9167
1688281200,2023-07-02 07:00:00,2023-07-02 09:00:00,ringsted,16.3,441.5,6.875,0.0,994.162,70.25,50.4167
1688284800,2023-07-02 08:00:00,2023-07-02 10:00:00,ringsted,16.95,566.0,7.7,0.0,994.233,65.25,46.6667
1688288400,2023-07-02 09:00:00,2023-07-02 11:00:00,ringsted,17.5,646.0,8.275,0.325,994.679,61.75,58.75
1688292000,2023-07-02 10:00:00,2023-07-02 12:00:00,ringsted,15.475,449.5,7.75,1.025,994.908,73.75,60.0
1688295600,2023-07-02 11:00:00,2023-07-02 13:00:00,ringsted,15.75,614.5,6.775,0.05,995.417,73.0,56.25
1688299200,2023-07-02 12:00:00,2023-07-02 14:00:00,ringsted,15.025,594.5,7.45,0.9,995.862,75.5,65.4167
1688302800,2023-07-02 13:00:00,2023-07-02 15:00:00,ringsted,16.0,702.5,7.975,0.125,996.421,72.25,53.3333
1688306400,2023-07-02 14:00:00,2023-07-02 16:00:00,ringsted,16.625,506.0,8.425,0.025,996.792,64.25,52.5
1688310000,2023-07-02 15:00:00,2023-07-02 17:00:00,ringsted,16.3,491.0,8.5,0.225,997.013,64.75,40.4167
1688313600,2023-07-02 16:00:00,2023-07-02 18:00:00,ringsted,15.775,456.0,9.25,0.35,997.283,68.0,54.5833
1688317200,2023-07-02 17:00:00,2023-07-02 19:00:00,ringsted,15.75,306.0,8.375,0.25,997.467,66.75,50.4167
1688320800,2023-07-02 18:00:00,2023-07-02 20:00:00,ringsted,16.05,171.5,7.7,0.0,997.6,64.5,39.1667
1688324400,2023-07-02 19:00:00,2023-07-02 21:00:00,ringsted,15.425,79.0,7.8,0.075,997.821,66.25,53.75
1688328000,2023-07-02 20:00:00,2023-07-02 22:00:00,ringsted,14.6,14.0,6.95,0.0,998.008,72.25,56.6667
1688331600,2023-07-02 21:00:00,2023-07-02 23:00:00,ringsted,14.2,0.0,7.3,0.025,998.196,74.75,47.9167
1688335200,2023-07-02 22:00:00,2023-07-03 00:00:00,ringsted,13.725,0.0,6.45,0.0,998.0,77.25,57.5
1688338800,2023-07-02 23:00:00,2023-07-03 01:00:00,ringsted,13.675,0.0,6.525,0.0,997.729,76.25,55.8333
1688342400,2023-07-03 00:00:00,2023-07-03 02:00:00,ringsted,13.425,0.0,6.125,0.075,997.45,78.25,67.5
1688346000,2023-07-03 01:00:00,2023-07-03 03:00:00,ringsted,13.175,0.0,5.625,0.025,997.196,81.0,51.25
1688349600,2023-07-03 02:00:00,2023-07-03 04:00:00,ringsted,13.225,0.0,5.775,0.0,996.808,79.0,62.9167
1688353200,2023-07-03 03:00:00,2023-07-03 05:00:00,ringsted,13.1,3.0,5.575,0.0,996.496,77.75,24.1667
1688356800,2023-07-03 04:00:00,2023-07-03 06:00:00,ringsted,13.175,56.0,5.7,0.0,996.421,76.75,56.6667
1688360400,2023-07-03 05:00:00,2023-07-03 07:00:00,ringsted,13.8,137.5,6.525,0.0,996.625,74.5,79.1667
1688364000,2023-07-03 06:00:00,2023-07-03 08:00:00,ringsted,13.7,217.0,6.45,0.5,996.875,76.0,70.8333
1688367600,2023-07-03 07:00:00,2023-07-03 09:00:00,ringsted,14.775,413.0,7.075,0.0,997.071,71.0,32.5
1688371200,2023-07-03 08:00:00,2023-07-03 10:00:00,ringsted,15.7,531.5,7.65,0.0,997.304,65.75,43.75
1688374800,2023-07-03 09:00:00,2023-07-03 11:00:00,ringsted,16.375,587.5,8.15,0.0,997.708,61.5,28.75
1688378400,2023-07-03 10:00:00,2023-07-03 12:00:00,ringsted,16.675,638.0,7.775,0.075,998.133,61.5,32.0833
1688382000,2023-07-03 11:00:00,2023-07-03 13:00:00,ringsted,17.05,782.5,8.1,0.05,998.683,60.5,55.4167
1688385600,2023-07-03 12:00:00,2023-07-03 14:00:00,ringsted,16.55,400.0,7.775,0.075,999.108,64.75,46.6667
1688389200,2023-07-03 13:00:00,2023-07-03 15:00:00,ringsted,17.1,488.5,8.3,0.525,999.537,61.0,68.3333
1688392800,2023-07-03 14:00:00,2023-07-03 16:00:00,ringsted,16.85,422.5,7.95,0.15,999.854,60.25,79.1667
1688396400,2023-07-03 15:00:00,2023-07-03 17:00:00,ringsted,16.625,429.0,7.575,0.0,1000.04,60.5,77.5
1688400000,2023-07-03 16:00:00,2023-07-03 18:00:00,ringsted,16.95,387.5,7.95,0.0,1000.22,56.5,41.6667
1688403600,2023-07-03 17:00:00,2023-07-03 19:00:00,ringsted,16.15,254.0,7.2,0.075,1000.43,58.75,54.1667
1688407200,2023-07-03 18:00:00,2023-07-03 20:00:00,ringsted,15.025,197.5,6.475,0.125,1000.67,66.25,63.75
1688410800,2023-07-03 19:00:00,2023-07-03 21:00:00,ringsted,13.925,85.5,5.25,0.3,1000.83,71.25,38.75
1688414400,2023-07-03 20:00:00,2023-07-03 22:00:00,ringsted,13.05,28.5,4.425,0.0,1001.08,75.5,41.6667
1688418000,2023-07-03 21:00:00,2023-07-03 23:00:00,ringsted,12.75,1.0,4.375,0.0,1000.84,77.25,29.1667
1688421600,2023-07-03 22:00:00,2023-07-04 00:00:00,ringsted,12.275,0.0,3.675,0.0,1000.49,80.25,66.25
1688425200,2023-07-03 23:00:00,2023-07-04 01:00:00,ringsted,12.075,0.0,3.7,0.0,1000.19,83.25,92.5
1688428800,2023-07-04 00:00:00,2023-07-04 02:00:00,ringsted,12.6,0.0,4.15,0.0,999.467,84.0,90.8333
1688432400,2023-07-04 01:00:00,2023-07-04 03:00:00,ringsted,12.3,0.0,4.275,1.2,998.7,89.75,92.5
1688436000,2023-07-04 02:00:00,2023-07-04 04:00:00,ringsted,12.225,0.0,4.625,0.675,997.783,92.25,90.0
1688439600,2023-07-04 03:00:00,2023-07-04 05:00:00,ringsted,12.35,1.5,6.85,0.1,997.908,89.75,60.0
1688443200,2023-07-04 04:00:00,2023-07-04 06:00:00,ringsted,11.85,40.0,7.425,0.0,999.008,83.5,40.0
1688446800,2023-07-04 05:00:00,2023-07-04 07:00:00,ringsted,11.8,183.5,5.925,0.0,999.692,84.25,9.58333
1688450400,2023-07-04 06:00:00,2023-07-04 08:00:00,ringsted,13.15,299.0,5.95,0.0,1000.26,79.5,37.0833
1688454000,2023-07-04 07:00:00,2023-07-04 09:00:00,ringsted,14.5,377.5,7.05,0.0,1000.93,73.25,31.8182
1688457600,2023-07-04 08:00:00,2023-07-04 10:00:00,ringsted,15.25,525.0,7.1,0.025,1001.4,67.75,48.3333
1688461200,2023-07-04 09:00:00,2023-07-04 11:00:00,ringsted,15.525,518.0,6.85,0.125,1002.14,64.75,74.5833
1688464800,2023-07-04 10:00:00,2023-07-04 12:00:00,ringsted,13.95,280.0,5.925,1.325,1002.65,74.75,55.8333
1688468400,2023-07-04 11:00:00,2023-07-04 13:00:00,ringsted,13.825,342.5,5.775,0.4,1002.62,75.5,60.8333
1688472000,2023-07-04 12:00:00,2023-07-04 14:00:00,ringsted,15.875,583.0,6.25,0.525,1002.92,70.0,46.25
1688475600,2023-07-04 13:00:00,2023-07-04 15:00:00,ringsted,15.875,362.0,7.15,1.275,1003.18,68.5,45.4167
1688479200,2023-07-04 14:00:00,2023-07-04 16:00:00,ringsted,16.2,586.5,6.75,0.25,1003.52,66.5,33.75
1688482800,2023-07-04 15:00:00,2023-07-04 17:00:00,ringsted,17.4,518.0,7.6,0.0,1003.79,59.25,45.4167
1688486400,2023-07-04 16:00:00,2023-07-04 18:00:00,ringsted,16.575,426.0,7.575,0.1,1003.89,61.0,42.5
1688490000,2023-07-04 17:00:00,2023-07-04 19:00:00,ringsted,16.275,284.5,6.75,0.0,1004.16,64.25,71.25
1688493600,2023-07-04 18:00:00,2023-07-04 20:00:00,ringsted,16.125,150.0,6.8,0.0,1004.94,63.0,95.0
1688497200,2023-07-04 19:00:00,2023-07-04 21:00:00,ringsted,15.025,33.0,6.375,0.0,1005.62,68.25,95.0
1688500800,2023-07-04 20:00:00,2023-07-04 22:00:00,ringsted,14.675,10.5,5.25,0.0,1006.18,71.5,48.75
1688504400,2023-07-04 21:00:00,2023-07-04 23:00:00,ringsted,14.175,0.0,4.825,0.0,1006.45,73.75,40.0
1688508000,2023-07-04 22:00:00,2023-07-05 00:00:00,ringsted,13.45,0.0,3.8,0.0,1006.8,77.75,0.833333
1688511600,2023-07-04 23:00:00,2023-07-05 01:00:00,ringsted,12.425,0.0,2.975,0.0,1007.02,82.5,0.0
1688515200,2023-07-05 00:00:00,2023-07-05 02:00:00,ringsted,11.55,0.0,2.55,0.0,1007.0,87.25,0.0
1688518800,2023-07-05 01:00:00,2023-07-05 03:00:00,ringsted,10.6,0.0,2.125,0.0,1006.95,91.0,0.0
1688522400,2023-07-05 02:00:00,2023-07-05 04:00:00,ringsted,9.875,0.0,1.275,0.0,1006.77,93.25,0.0
1688526000,2023-07-05 03:00:00,2023-07-05 05:00:00,ringsted,9.0,3.0,1.3,0.0,1006.41,95.75,0.833333
1688529600,2023-07-05 04:00:00,2023-07-05 06:00:00,ringsted,9.15,49.0,1.375,0.0,1006.11,96.25,25.0
1688533200,2023-07-05 05:00:00,2023-07-05 07:00:00,ringsted,11.575,151.0,1.425,0.0,1005.59,94.75,45.4167
1688536800,2023-07-05 06:00:00,2023-07-05 08:00:00,ringsted,13.475,117.5,2.45,0.0,1005.19,90.0,91.25
1688540400,2023-07-05 07:00:00,2023-07-05 09:00:00,ringsted,14.35,70.5,3.425,0.075,1004.78,86.5,95.0
1688544000,2023-07-05 08:00:00,2023-07-05 10:00:00,ringsted,14.5,145.0,4.2,0.35,1003.75,88.5,95.0
1688547600,2023-07-05 09:00:00,2023-07-05 11:00:00,ringsted,14.85,159.5,4.425,0.4,1002.74,87.5,90.8333
1688551200,2023-07-05 10:00:00,2023-07-05 12:00:00,ringsted,15.0,141.0,5.525,0.9,1002.17,86.5,92.5
1688554800,2023-07-05 11:00:00,2023-07-05 13:00:00,ringsted,14.825,140.0,6.175,1.1,1001.83,88.75,95.0
1688558400,2023-07-05 12:00:00,2023-07-05 14:00:00,ringsted,15.6,234.0,5.85,0.325,1001.55,88.0,86.6667
1688562000,2023-07-05 13:00:00,2023-07-05 15:00:00,ringsted,17.2,459.5,6.05,0.0,1001.22,82.5,79.1667
1688565600,2023-07-05 14:00:00,2023-07-05 16:00:00,ringsted,18.625,443.0,6.275,0.0,1000.98,72.25,80.8333
1688569200,2023-07-05 15:00:00,2023-07-05 17:00:00,ringsted,19.025,398.0,7.25,0.0,1000.88,61.0,79.5833
1688572800,2023-07-05 16:00:00,2023-07-05 18:00:00,ringsted,18.9,242.0,7.45,0.0,1000.78,54.25,68.75
1688576400,2023-07-05 17:00:00,2023-07-05 19:00:00,ringsted,17.8,167.5,8.775,0.0,1000.9,56.25,91.6667
1688580000,2023-07-05 18:00:00,2023-07-05 20:00:00,ringsted,16.15,40.0,8.2,0.0,1000.65,65.0,92.5
1688583600,2023-07-05 19:00:00,2023-07-05 21:00:00,ringsted,15.6,24.0,7.3,0.0,1000.67,68.25,83.3333
1688587200,2023-07-05 20:00:00,2023-07-05 22:00:00,ringsted,15.125,9.5,7.8,0.0,1000.92,73.0,80.8333
1688590800,2023-07-05 21:00:00,2023-07-05 23:00:00,ringsted,14.125,0.0,7.375,0.125,1001.11,84.25,63.3333
1688594400,2023-07-05 22:00:00,2023-07-06 00:00:00,ringsted,13.85,0.0,7.25,0.025,1001.52,89.5,81.25
1688598000,2023-07-05 23:00:00,2023-07-06 01:00:00,ringsted,13.7,0.0,6.85,0.025,1001.79,91.5,87.5
1688601600,2023-07-06 00:00:00,2023-07-06 02:00:00,ringsted,13.8,0.0,6.7,0.0,1002.31,90.75,84.5833
1688605200,2023-07-06 01:00:00,2023-07-06 03:00:00,ringsted,13.8,0.0,7.55,0.025,1003.06,89.0,93.3333
1688608800,2023-07-06 02:00:00,2023-07-06 04:00:00,ringsted,13.5,0.0,8.475,0.025,1003.86,86.5,95.8333
1688612400,2023-07-06 03:00:00,2023-07-06 05:00:00,ringsted,13.125,0.5,7.925,0.025,1004.79,86.5,96.6667
1688616000,2023-07-06 04:00:00,2023-07-06 06:00:00,ringsted,13.075,20.5,7.45,0.0,1005.59,84.25,91.6667
1688619600,2023-07-06 05:00:00,2023-07-06 07:00:00,ringsted,13.075,78.0,7.225,0.05,1006.29,83.0,90.0
1688623200,2023-07-06 06:00:00,2023-07-06 08:00:00,ringsted,13.3,177.0,6.975,0.0,1007.14,81.5,73.3333
1688626800,2023-07-06 07:00:00,2023-07-06 09:00:00,ringsted,14.4,363.0,7.3,0.0,1007.88,76.0,82.5
1688630400,2023-07-06 08:00:00,2023-07-06 10:00:00,ringsted,15.475,428.0,7.1,0.0,1008.42,71.25,55.0
1688634000,2023-07-06 09:00:00,2023-07-06 11:00:00,ringsted,16.525,502.0,6.775,0.0,1008.96,68.0,45.8333
1688637600,2023-07-06 10:00:00,2023-07-06 12:00:00,ringsted,17.5,712.0,6.775,0.0,1009.51,65.0,51.6667
1688641200,2023-07-06 11:00:00,2023-07-06 13:00:00,ringsted,17.8,547.5,6.875,0.0,1010.09,64.0,64.5833
1688644800,2023-07-06 12:00:00,2023-07-06 14:00:00,ringsted,18.05,580.0,6.875,0.1,1010.51,63.25,33.75
1688648400,2023-07-06 13:00:00,2023-07-06 15:00:00,ringsted,18.9,804.5,7.125,0.0,1010.76,58.0,68.75
1688652000,2023-07-06 14:00:00,2023-07-06 16:00:00,ringsted,19.25,638.5,6.8,0.0,1011.17,54.25,60.8333
1688655600,2023-07-06 15:00:00,2023-07-06 17:00:00,ringsted,19.325,567.5,6.9,0.0,1011.54,51.5,35.4167
1688659200,2023-07-06 16:00:00,2023-07-06 18:00:00,ringsted,19.0,466.5,6.525,0.0,1011.86,52.5,46.6667
1688662800,2023-07-06 17:00:00,2023-07-06 19:00:00,ringsted,18.825,400.5,5.85,0.0,1012.3,53.25,15.8333
1688666400,2023-07-06 18:00:00,2023-07-06 20:00:00,ringsted,18.35,259.5,5.225,0.0,1012.78,54.75,1.66667
1688670000,2023-07-06 19:00:00,2023-07-06 21:00:00,ringsted,17.25,111.0,3.65,0.0,1013.38,60.5,0.0
1688673600,2023-07-06 20:00:00,2023-07-06 22:00:00,ringsted,15.4,25.5,2.4,0.0,1014.0,70.25,0.0
1688677200,2023-07-06 21:00:00,2023-07-06 23:00:00,ringsted,13.325,0.5,2.2,0.0,1014.57,80.25,5.83333
1688680800,2023-07-06 22:00:00,2023-07-07 00:00:00,ringsted,12.65,0.0,2.1,0.0,1014.98,83.5,67.0833
1688684400,2023-07-06 23:00:00,2023-07-07 01:00:00,ringsted,12.125,0.0,2.175,0.0,1015.31,87.0,80.0
1688688000,2023-07-07 00:00:00,2023-07-07 02:00:00,ringsted,11.9,0.0,1.75,0.0,1015.48,87.75,10.4167
1688691600,2023-07-07 01:00:00,2023-07-07 03:00:00,ringsted,11.2,0.0,1.475,0.0,1015.46,90.25,51.25
1688695200,2023-07-07 02:00:00,2023-07-07 04:00:00,ringsted,10.55,0.0,1.25,0.0,1015.6,93.0,74.1667
1688698800,2023-07-07 03:00:00,2023-07-07 05:00:00,ringsted,11.25,2.5,1.45,0.0,1015.95,94.25,56.6667
1688702400,2023-07-07 04:00:00,2023-07-07 06:00:00,ringsted,11.75,27.5,1.45,0.0,1016.37,93.75,82.5
1688706000,2023-07-07 05:00:00,2023-07-07 07:00:00,ringsted,12.95,70.0,1.375,0.0,1016.67,92.5,87.5
1688709600,2023-07-07 06:00:00,2023-07-07 08:00:00,ringsted,14.625,184.0,1.475,0.0,1016.91,88.25,76.6667
1688713200,2023-07-07 07:00:00,2023-07-07 09:00:00,ringsted,16.75,338.0,2.55,0.0,1017.2,74.0,57.5
1688716800,2023-07-07 08:00:00,2023-07-07 10:00:00,ringsted,18.075,544.0,3.625,0.0,1017.56,62.75,83.3333
1688720400,2023-07-07 09:00:00,2023-07-07 11:00:00,ringsted,18.8,518.0,3.725,0.0,1017.82,61.0,80.8333
1688724000,2023-07-07 10:00:00,2023-07-07 12:00:00,ringsted,19.4,545.0,3.3,0.0,1017.78,59.0,69.1667
1688727600,2023-07-07 11:00:00,2023-07-07 13:00:00,ringsted,20.2,648.0,4.025,0.0,1017.99,54.0,41.25
1688731200,2023-07-07 12:00:00,2023-07-07 14:00:00,ringsted,20.825,681.5,4.325,0.0,1018.02,51.25,32.9167
1688734800,2023-07-07 13:00:00,2023-07-07 15:00:00,ringsted,21.475,720.5,4.65,0.0,1017.96,47.75,35.0
1688738400,2023-07-07 14:00:00,2023-07-07 16:00:00,ringsted,21.725,660.0,4.4,0.0,1017.88,47.0,40.4167
1688742000,2023-07-07 15:00:00,2023-07-07 17:00:00,ringsted,21.85,609.0,4.275,0.0,1017.76,46.25,19.1667
1688745600,2023-07-07 16:00:00,2023-07-07 18:00:00,ringsted,21.75,502.0,3.75,0.0,1017.79,46.25,10.4167
1688749200,2023-07-07 17:00:00,2023-07-07 19:00:00,ringsted,21.475,374.0,3.325,0.0,1017.93,45.5,0.0
1688752800,2023-07-07 18:00:00,2023-07-07 20:00:00,ringsted,21.1,262.0,2.7,0.0,1018.0,45.5,0.0
1688756400,2023-07-07 19:00:00,2023-07-07 21:00:00,ringsted,20.075,120.5,1.8,0.0,1018.33,50.75,0.0
1688760000,2023-07-07 20:00:00,2023-07-07 22:00:00,ringsted,17.75,22.0,0.575,0.0,1018.62,62.0,0.0
1688763600,2023-07-07 21:00:00,2023-07-07 23:00:00,ringsted,14.625,0.0,0.375,0.0,1018.81,77.5,0.0
1688767200,2023-07-07 22:00:00,2023-07-08 00:00:00,ringsted,13.0,0.0,0.5,0.0,1018.88,84.5,0.0
1688770800,2023-07-07 23:00:00,2023-07-08 01:00:00,ringsted,11.975,0.0,0.5,0.0,1018.97,88.75,0.0
1688774400,2023-07-08 00:00:00,2023-07-08 02:00:00,ringsted,11.05,0.0,0.5,0.0,1018.92,91.5,0.0
1688778000,2023-07-08 01:00:00,2023-07-08 03:00:00,ringsted,10.65,0.0,0.6,0.0,1018.83,93.0,0.0
1688781600,2023-07-08 02:00:00,2023-07-08 04:00:00,ringsted,10.175,0.0,0.5,0.0,1018.67,95.0,0.0
1688785200,2023-07-08 03:00:00,2023-07-08 05:00:00,ringsted,9.875,2.0,0.566667,0.0,1018.81,94.75,0.0
1688788800,2023-07-08 04:00:00,2023-07-08 06:00:00,ringsted,10.5,44.0,0.475,0.0,1018.96,93.5,0.0
1688792400,2023-07-08 05:00:00,2023-07-08 07:00:00,ringsted,13.15,131.0,0.45,0.0,1019.03,89.0,0.0
1688796000,2023-07-08 06:00:00,2023-07-08 08:00:00,ringsted,17.075,304.0,0.55,0.0,1018.98,73.75,0.0
1688799600,2023-07-08 07:00:00,2023-07-08 09:00:00,ringsted,19.675,458.0,1.05,0.0,1019.03,57.5,0.0
1688803200,2023-07-08 08:00:00,2023-07-08 10:00:00,ringsted,20.975,586.0,1.2,0.0,1019.25,49.25,0.0
1688806800,2023-07-08 09:00:00,2023-07-08 11:00:00,ringsted,21.775,693.0,1.475,0.0,1019.13,46.5,6.66667
1688810400,2023-07-08 10:00:00,2023-07-08 12:00:00,ringsted,22.4,746.0,1.75,0.0,1018.97,45.25,7.08333
1688814000,2023-07-08 11:00:00,2023-07-08 13:00:00,ringsted,22.95,818.0,2.275,0.0,1018.79,44.25,4.58333
1688817600,2023-07-08 12:00:00,2023-07-08 14:00:00,ringsted,23.425,819.0,1.725,0.0,1018.57,43.0,0.0
1688821200,2023-07-08 13:00:00,2023-07-08 15:00:00,ringsted,23.95,803.5,2.35,0.0,1018.42,42.5,0.0
1688824800,2023-07-08 14:00:00,2023-07-08 16:00:00,ringsted,24.0,737.5,3.075,0.0,1018.24,43.0,0.833333
1688828400,2023-07-08 15:00:00,2023-07-08 17:00:00,ringsted,23.9,644.0,2.775,0.0,1017.92,42.75,0.0
1688832000,2023-07-08 16:00:00,2023-07-08 18:00:00,ringsted,23.725,527.0,2.875,0.0,1017.8,44.0,0.0
1688835600,2023-07-08 17:00:00,2023-07-08 19:00:00,ringsted,23.275,393.5,2.925,0.0,1017.77,44.5,0.0
1688839200,2023-07-08 18:00:00,2023-07-08 20:00:00,ringsted,22.525,251.5,2.425,0.0,1017.69,47.5,0.0
1688842800,2023-07-08 19:00:00,2023-07-08 21:00:00,ringsted,21.3,118.5,1.375,0.0,1017.88,54.5,0.0
1688846400,2023-07-08 20:00:00,2023-07-08 22:00:00,ringsted,19.05,22.5,0.775,0.0,1018.01,65.25,0.0
1688850000,2023-07-08 21:00:00,2023-07-08 23:00:00,ringsted,16.425,0.0,0.525,0.0,1018.08,74.0,0.0
1688853600,2023-07-08 22:00:00,2023-07-09 00:00:00,ringsted,14.675,0.0,0.625,0.0,1018.31,80.0,0.0
1688857200,2023-07-08 23:00:00,2023-07-09 01:00:00,ringsted,13.325,0.0,0.375,0.0,1018.42,86.0,0.0
1688860800,2023-07-09 00:00:00,2023-07-09 02:00:00,ringsted,12.55,0.0,0.6,0.0,1018.45,89.5,0.0
1688864400,2023-07-09 01:00:00,2023-07-09 03:00:00,ringsted,12.2,0.0,0.95,0.0,1018.45,90.0,0.0
1688868000,2023-07-09 02:00:00,2023-07-09 04:00:00,ringsted,11.5,0.0,0.85,0.0,1018.59,91.5,0.0
1688871600,2023-07-09 03:00:00,2023-07-09 05:00:00,ringsted,11.05,2.5,0.775,0.0,1018.62,93.5,0.0
1688875200,2023-07-09 04:00:00,2023-07-09 06:00:00,ringsted,11.45,53.0,0.525,0.0,1018.65,92.75,0.0
1688878800,2023-07-09 05:00:00,2023-07-09 07:00:00,ringsted,14.475,170.5,0.525,0.0,1018.69,85.25,0.0
1688882400,2023-07-09 06:00:00,2023-07-09 08:00:00,ringsted,18.2,311.0,0.75,0.0,1018.82,69.75,0.0
1688886000,2023-07-09 07:00:00,2023-07-09 09:00:00,ringsted,20.65,450.5,1.525,0.0,1018.8,53.0,0.0
1688889600,2023-07-09 08:00:00,2023-07-09 10:00:00,ringsted,22.175,583.0,1.65,0.0,1018.74,46.5,0.0
1688893200,2023-07-09 09:00:00,2023-07-09 11:00:00,ringsted,23.25,691.5,1.975,0.0,1018.7,44.25,0.0
1688896800,2023-07-09 10:00:00,2023-07-09 12:00:00,ringsted,24.175,776.5,1.75,0.0,1018.53,41.25,0.0
1688900400,2023-07-09 11:00:00,2023-07-09 13:00:00,ringsted,25.15,820.5,1.825,0.0,1018.19,39.75,0.0
1688904000,2023-07-09 12:00:00,2023-07-09 14:00:00,ringsted,25.7,829.5,2.0,0.0,1017.67,39.5,0.833333
1688907600,2023-07-09 13:00:00,2023-07-09 15:00:00,ringsted,26.15,799.0,2.625,0.0,1017.26,39.75,0.833333
1688911200,2023-07-09 14:00:00,2023-07-09 16:00:00,ringsted,26.25,725.5,3.15,0.0,1017.09,40.25,1.66667
1688914800,2023-07-09 15:00:00,2023-07-09 17:00:00,ringsted,26.075,610.0,3.275,0.0,1016.93,40.5,2.5
1688918400,2023-07-09 16:00:00,2023-07-09 18:00:00,ringsted,25.5,487.5,3.525,0.0,1016.36,41.0,0.833333
1688922000,2023-07-09 17:00:00,2023-07-09 19:00:00,ringsted,24.75,325.0,3.0,0.0,1016.05,43.0,1.66667
1688925600,2023-07-09 18:00:00,2023-07-09 20:00:00,ringsted,23.875,214.0,2.225,0.0,1015.73,48.0,0.0
1688929200,2023-07-09 19:00:00,2023-07-09 21:00:00,ringsted,22.0,89.0,1.75,0.0,1016.23,58.25,0.0
1688932800,2023-07-09 20:00:00,2023-07-09 22:00:00,ringsted,19.5,14.5,1.425,0.0,1016.35,68.25,0.0
1688936400,2023-07-09 21:00:00,2023-07-09 23:00:00,ringsted,17.575,0.0,1.275,0.0,1016.0,74.5,0.0
1688940000,2023-07-09 22:00:00,2023-07-10 00:00:00,ringsted,16.55,0.0,1.4,0.0,1015.89,79.0,28.3333
1688943600,2023-07-09 23:00:00,2023-07-10 01:00:00,ringsted,16.375,0.0,1.95,0.0,1015.46,79.0,49.5833
1688947200,2023-07-10 00:00:00,2023-07-10 02:00:00,ringsted,16.7,0.0,2.1,0.0,1015.56,81.5,70.4167
1688950800,2023-07-10 01:00:00,2023-07-10 03:00:00,ringsted,16.575,0.0,2.0,0.0,1015.33,85.75,62.9167
1688954400,2023-07-10 02:00:00,2023-07-10 04:00:00,ringsted,16.7,0.0,2.525,0.0,1014.79,85.75,64.5833
1688958000,2023-07-10 03:00:00,2023-07-10 05:00:00,ringsted,16.9,2.0,2.65,0.025,1014.24,83.25,90.8333
1688961600,2023-07-10 04:00:00,2023-07-10 06:00:00,ringsted,17.45,9.5,3.025,0.0,1013.66,80.0,95.0
1688965200,2023-07-10 05:00:00,2023-07-10 07:00:00,ringsted,17.95,22.5,3.1,0.025,1013.7,77.5,95.0
1688968800,2023-07-10 06:00:00,2023-07-10 08:00:00,ringsted,18.15,32.0,3.2,0.125,1013.57,81.25,85.0
1688972400,2023-07-10 07:00:00,2023-07-10 09:00:00,ringsted,18.025,60.0,2.65,0.4,1013.09,87.75,92.5
1688976000,2023-07-10 08:00:00,2023-07-10 10:00:00,ringsted,18.2,52.5,3.0,0.575,1012.95,88.0,95.0
1688979600,2023-07-10 09:00:00,2023-07-10 11:00:00,ringsted,18.1,37.5,1.775,1.95,1012.9,89.5,92.5
1688983200,2023-07-10 10:00:00,2023-07-10 12:00:00,ringsted,17.7,67.0,1.675,2.45,1013.61,93.5,95.0
1688986800,2023-07-10 11:00:00,2023-07-10 13:00:00,ringsted,17.425,21.0,1.3,6.05,1013.47,96.25,95.8333
1688990400,2023-07-10 12:00:00,2023-07-10 14:00:00,ringsted,17.45,200.5,1.075,2.55,1013.31,96.5,73.75
1688994000,2023-07-10 13:00:00,2023-07-10 15:00:00,ringsted,19.275,683.5,1.65,0.0,1013.1,87.0,67.5
1688997600,2023-07-10 14:00:00,2023-07-10 16:00:00,ringsted,20.55,531.0,1.65,0.0,1013.15,78.75,67.5
1689001200,2023-07-10 15:00:00,2023-07-10 17:00:00,ringsted,20.825,282.0,2.475,0.075,1012.87,77.75,78.3333
1689004800,2023-07-10 16:00:00,2023-07-10 18:00:00,ringsted,20.425,267.5,2.85,0.0,1012.71,80.25,59.1667
1689008400,2023-07-10 17:00:00,2023-07-10 19:00:00,ringsted,20.375,364.0,3.575,0.45,1012.72,80.0,21.25
1689012000,2023-07-10 18:00:00,2023-07-10 20:00:00,ringsted,20.425,236.5,3.95,0.0,1013.0,76.0,10.4167
1689015600,2023-07-10 19:00:00,2023-07-10 21:00:00,ringsted,19.5,103.5,3.025,0.0,1013.35,77.25,4.16667
1689019200,2023-07-10 20:00:00,2023-07-10 22:00:00,ringsted,17.775,23.0,2.15,0.0,1013.6,83.5,0.0
1689022800,2023-07-10 21:00:00,2023-07-10 23:00:00,ringsted,16.175,0.0,1.9,0.0,1013.57,86.5,0.0
1689026400,2023-07-10 22:00:00,2023-07-11 00:00:00,ringsted,15.35,0.0,1.45,0.0,1013.55,88.5,0.0
1689030000,2023-07-10 23:00:00,2023-07-11 01:00:00,ringsted,14.6,0.0,1.425,0.0,1013.6,92.25,0.0
1689033600,2023-07-11 00:00:00,2023-07-11 02:00:00,ringsted,14.25,0.0,1.45,0.0,1013.58,93.75,0.0
1689037200,2023-07-11 01:00:00,2023-07-11 03:00:00,ringsted,13.65,0.0,0.95,0.0,1013.35,95.0,0.0
1689040800,2023-07-11 02:00:00,2023-07-11 04:00:00,ringsted,12.8,0.0,0.625,0.0,1013.27,97.0,0.833333
1689044400,2023-07-11 03:00:00,2023-07-11 05:00:00,ringsted,12.325,1.5,1.0,0.0,1013.17,98.0,1.66667
1689048000,2023-07-11 04:00:00,2023-07-11 06:00:00,ringsted,12.075,44.0,0.9,0.0,1012.84,98.25,20.4167
1689051600,2023-07-11 05:00:00,2023-07-11 07:00:00,ringsted,13.75,168.0,0.375,0.0,1012.73,97.25,29.5833
1689055200,2023-07-11 06:00:00,2023-07-11 08:00:00,ringsted,16.05,282.0,0.725,0.0,1012.45,93.25,27.9167
1689058800,2023-07-11 07:00:00,2023-07-11 09:00:00,ringsted,17.475,398.0,1.9,0.0,1012.31,83.5,40.4167
1689062400,2023-07-11 08:00:00,2023-07-11 10:00:00,ringsted,18.925,522.0,2.875,0.0,1011.91,71.0,55.0
1689066000,2023-07-11 09:00:00,2023-07-11 11:00:00,ringsted,20.15,636.5,2.9,0.0,1011.65,64.5,57.9167
1689069600,2023-07-11 10:00:00,2023-07-11 12:00:00,ringsted,21.1,680.0,3.425,0.0,1011.24,61.5,51.6667
1689073200,2023-07-11 11:00:00,2023-07-11 13:00:00,ringsted,21.975,714.5,3.725,0.0,1010.78,59.25,82.5
1689076800,2023-07-11 12:00:00,2023-07-11 14:00:00,ringsted,22.375,652.5,4.35,0.0,1010.2,61.5,56.6667
1689080400,2023-07-11 13:00:00,2023-07-11 15:00:00,ringsted,23.025,639.0,4.825,0.0,1009.75,59.75,54.1667
1689084000,2023-07-11 14:00:00,2023-07-11 16:00:00,ringsted,23.075,549.0,5.125,0.0,1009.41,60.0,62.5
1689087600,2023-07-11 15:00:00,2023-07-11 17:00:00,ringsted,22.7,414.5,5.2,0.0,1008.95,60.5,77.0833
1689091200,2023-07-11 16:00:00,2023-07-11 18:00:00,ringsted,21.875,349.0,5.275,0.0,1008.36,65.5,66.6667
1689094800,2023-07-11 17:00:00,2023-07-11 19:00:00,ringsted,21.25,252.5,5.625,0.0,1007.66,68.75,76.25
1689098400,2023-07-11 18:00:00,2023-07-11 20:00:00,ringsted,20.675,138.0,5.45,0.0,1007.03,70.75,86.6667
1689102000,2023-07-11 19:00:00,2023-07-11 21:00:00,ringsted,19.925,51.0,5.45,0.0,1006.54,73.25,75.0
1689105600,2023-07-11 20:00:00,2023-07-11 22:00:00,ringsted,19.425,11.5,5.15,0.0,1005.95,75.25,74.5833
1689109200,2023-07-11 21:00:00,2023-07-11 23:00:00,ringsted,19.05,0.0,5.275,0.0,1005.31,76.5,55.0
1689112800,2023-07-11 22:00:00,2023-07-12 00:00:00,ringsted,18.65,0.0,4.575,0.0,1005.01,78.75,43.3333
1689116400,2023-07-11 23:00:00,2023-07-12 01:00:00,ringsted,18.675,0.0,4.0,0.0,1004.4,79.25,35.4167
1689120000,2023-07-12 00:00:00,2023-07-12 02:00:00,ringsted,18.325,0.0,3.775,0.0,1003.62,82.25,28.3333
1689123600,2023-07-12 01:00:00,2023-07-12 03:00:00,ringsted,18.3,0.0,3.8,0.0,1002.43,81.75,68.75
1689127200,2023-07-12 02:00:00,2023-07-12 04:00:00,ringsted,18.25,0.0,3.9,0.025,1001.69,81.25,81.25
1689130800,2023-07-12 03:00:00,2023-07-12 05:00:00,ringsted,17.925,0.0,3.8,0.625,1002.28,84.0,91.6667
1689134400,2023-07-12 04:00:00,2023-07-12 06:00:00,ringsted,17.275,0.5,3.25,4.275,1002.04,92.0,96.0
1689138000,2023-07-12 05:00:00,2023-07-12 07:00:00,ringsted,16.4667,1.0,1.86667,5.9,1001.01,97.0,100.0
1689141600,2023-07-12 06:00:00,2023-07-12 08:00:00,ringsted,16.3,18.0,1.83333,2.93333,1000.51,98.6667,98.3333
1689145200,2023-07-12 07:00:00,2023-07-12 09:00:00,ringsted,16.6667,46.0,2.4,0.2,1000.89,98.3333,93.3333
1689148800,2023-07-12 08:00:00,2023-07-12 10:00:00,ringsted,17.0,77.0,2.5,0.566667,1001.12,98.3333,100.0
1689152400,2023-07-12 09:00:00,2023-07-12 11:00:00,ringsted,17.3333,107.0,3.33333,0.966667,1000.95,98.0,100.0
1689156000,2023-07-12 10:00:00,2023-07-12 12:00:00,ringsted,17.5,126.0,4.03333,5.73333,1001.07,97.6667,98.3333
1689159600,2023-07-12 11:00:00,2023-07-12 13:00:00,ringsted,17.8667,229.0,3.83333,0.7,1001.47,96.3333,80.8333
1689163200,2023-07-12 12:00:00,2023-07-12 14:00:00,ringsted,19.0,690.0,4.63333,0.0333333,1001.83,86.0,68.3333
1689166800,2023-07-12 13:00:00,2023-07-12 15:00:00,ringsted,20.4,773.0,5.73333,0.0,1002.12,74.3333,65.0
1689170400,2023-07-12 14:00:00,2023-07-12 16:00:00,ringsted,21.3333,672.0,6.4,0.0,1002.55,68.0,52.5
1689174000,2023-07-12 15:00:00,2023-07-12 17:00:00,ringsted,21.5667,394.0,6.46667,0.0,1003.0,65.0,48.3333
1689177600,2023-07-12 16:00:00,2023-07-12 18:00:00,ringsted,21.6,477.0,6.33333,0.0,1003.38,63.3333,58.3333
1689181200,2023-07-12 17:00:00,2023-07-12 19:00:00,ringsted,21.0,231.0,5.93333,0.0,1003.74,63.0,19.1667
1689184800,2023-07-12 18:00:00,2023-07-12 20:00:00,ringsted,20.3,117.0,4.93333,0.0,1004.29,65.3333,56.6667
1689188400,2023-07-12 19:00:00,2023-07-12 21:00:00,ringsted,19.4,99.0,4.26667,0.0,1004.92,67.0,15.8333
1689192000,2023-07-12 20:00:00,2023-07-12 22:00:00,ringsted,17.6,17.0,3.23333,0.0,1005.49,73.6667,0.0
1689195600,2023-07-12 21:00:00,2023-07-12 23:00:00,ringsted,16.1667,0.0,3.06667,0.0,1005.71,78.6667,0.0
1689199200,2023-07-12 22:00:00,2023-07-13 00:00:00,ringsted,14.9,0.0,2.6,0.0,1006.08,83.6667,0.0
1689202800,2023-07-12 23:00:00,2023-07-13 01:00:00,ringsted,14.0333,0.0,2.33333,0.0,1006.33,86.6667,0.0
1689206400,2023-07-13 00:00:00,2023-07-13 02:00:00,ringsted,13.3333,0.0,2.1,0.0,1006.39,90.0,10.0
1689210000,2023-07-13 01:00:00,2023-07-13 03:00:00,ringsted,13.1,0.0,2.16667,0.0,1006.43,91.6667,75.8333
1689213600,2023-07-13 02:00:00,2023-07-13 04:00:00,ringsted,13.2333,0.0,2.43333,0.0,1006.35,93.0,78.3333
1689217200,2023-07-13 03:00:00,2023-07-13 05:00:00,ringsted,13.4,1.0,2.76667,0.0,1006.32,93.0,5.83333
1689220800,2023-07-13 04:00:00,2023-07-13 06:00:00,ringsted,13.5333,44.0,2.83333,0.0,1006.49,93.6667,0.0
1689224400,2023-07-13 05:00:00,2023-07-13 07:00:00,ringsted,15.1333,174.0,3.1,0.0,1006.62,90.0,61.6667
1689228000,2023-07-13 06:00:00,2023-07-13 08:00:00,ringsted,16.8,244.0,4.46667,0.166667,1006.75,83.6667,60.0
1689231600,2023-07-13 07:00:00,2023-07-13 09:00:00,ringsted,17.7667,482.0,5.7,0.0,1006.68,80.0,
1689235200,2023-07-13 08:00:00,2023-07-13 10:00:00,ringsted,18.85,547.0,6.0,0.0,1006.66,71.5,
1689238800,2023-07-13 09:00:00,2023-07-13 11:00:00,ringsted,18.6,602.0,5.05,0.0,1006.87,70.5,
1689242400,2023-07-13 10:00:00,2023-07-13 12:00:00,ringsted,19.5,696.0,5.6,0.0,1007.04,63.0,
1689246000,2023-07-13 11:00:00,2023-07-13 13:00:00,ringsted,19.75,808.0,5.75,0.0,1007.18,64.0,
1689249600,2023-07-13 12:00:00,2023-07-13 14:00:00,ringsted,20.45,693.0,5.9,0.0,1007.5,61.0,30.0
1689253200,2023-07-13 13:00:00,2023-07-13 15:00:00,ringsted,18.85,488.0,5.3,1.45,1007.66,68.0,22.5
1689256800,2023-07-13 14:00:00,2023-07-13 16:00:00,ringsted,18.8,699.0,4.95,0.0,1007.86,69.0,52.5
1689260400,2023-07-13 15:00:00,2023-07-13 17:00:00,ringsted,18.575,435.5,5.425,0.625,1008.08,68.25,46.3636
1689264000,2023-07-13 16:00:00,2023-07-13 18:00:00,ringsted,18.125,393.0,4.35,0.0,1008.07,70.5,31.6667
1689267600,2023-07-13 17:00:00,2023-07-13 19:00:00,ringsted,18.525,228.0,4.325,0.0,1008.45,67.5,31.25
1689271200,2023-07-13 18:00:00,2023-07-13 20:00:00,ringsted,17.65,113.5,3.775,0.0,1008.73,70.75,49.5833
1689274800,2023-07-13 19:00:00,2023-07-13 21:00:00,ringsted,16.7,59.0,3.6,0.025,1009.15,76.5,32.5
1689278400,2023-07-13 20:00:00,2023-07-13 22:00:00,ringsted,15.75,13.0,2.875,0.0,1009.61,80.25,50.0
1689282000,2023-07-13 21:00:00,2023-07-13 23:00:00,ringsted,14.85,0.0,2.55,0.0,1010.09,84.25,7.08333
1689285600,2023-07-13 22:00:00,2023-07-14 00:00:00,ringsted,14.625,0.0,2.55,0.0,1010.41,85.75,17.9167
1689289200,2023-07-13 23:00:00,2023-07-14 01:00:00,ringsted,14.225,0.0,2.85,0.0,1010.58,88.5,23.75
1689292800,2023-07-14 00:00:00,2023-07-14 02:00:00,ringsted,14.0,0.0,2.75,0.0,1010.75,90.75,28.3333
1689296400,2023-07-14 01:00:00,2023-07-14 03:00:00,ringsted,13.525,0.0,2.325,0.0,1010.9,94.0,32.5
1689300000,2023-07-14 02:00:00,2023-07-14 04:00:00,ringsted,13.2,0.0,2.275,0.0,1011.12,95.5,15.0
1689303600,2023-07-14 03:00:00,2023-07-14 05:00:00,ringsted,12.775,1.0,1.95,0.0,1011.3,96.25,17.5
1689307200,2023-07-14 04:00:00,2023-07-14 06:00:00,ringsted,12.65,43.5,1.725,0.0,1011.5,97.0,3.33333
1689310800,2023-07-14 05:00:00,2023-07-14 07:00:00,ringsted,14.125,157.5,2.15,0.0,1011.77,93.25,5.0
1689314400,2023-07-14 06:00:00,2023-07-14 08:00:00,ringsted,15.725,280.5,3.05,0.0,1011.88,84.25,39.5833
1689318000,2023-07-14 07:00:00,2023-07-14 09:00:00,ringsted,16.65,347.0,3.5,0.0,1011.95,76.25,47.9167
1689321600,2023-07-14 08:00:00,2023-07-14 10:00:00,ringsted,17.525,445.0,3.375,0.075,1011.99,70.25,29.1667
1689325200,2023-07-14 09:00:00,2023-07-14 11:00:00,ringsted,18.35,583.0,3.65,0.0,1012.15,63.5,38.3333
1689328800,2023-07-14 10:00:00,2023-07-14 12:00:00,ringsted,19.05,628.5,4.25,0.0,1012.0,58.5,40.8333
1689332400,2023-07-14 11:00:00,2023-07-14 13:00:00,ringsted,19.8,706.5,4.2,0.0,1011.89,53.5,37.0833
1689336000,2023-07-14 12:00:00,2023-07-14 14:00:00,ringsted,20.0,576.0,4.175,0.0,1011.78,53.0,22.0833
1689339600,2023-07-14 13:00:00,2023-07-14 15:00:00,ringsted,20.65,695.5,4.025,0.0,1011.46,50.0,24.5833
1689343200,2023-07-14 14:00:00,2023-07-14 16:00:00,ringsted,21.025,690.0,3.3,0.0,1011.12,47.25,25.4167
1689346800,2023-07-14 15:00:00,2023-07-14 17:00:00,ringsted,21.2,582.5,2.825,0.0,1010.66,46.0,30.4167
1689350400,2023-07-14 16:00:00,2023-07-14 18:00:00,ringsted,21.175,468.5,2.65,0.0,1010.17,45.5,11.25
1689354000,2023-07-14 17:00:00,2023-07-14 19:00:00,ringsted,21.125,323.5,2.375,0.0,1009.87,45.75,47.0833
1689357600,2023-07-14 18:00:00,2023-07-14 20:00:00,ringsted,20.575,219.5,1.925,0.0,1009.76,48.5,29.1667
1689361200,2023-07-14 19:00:00,2023-07-14 21:00:00,ringsted,19.075,78.0,2.2,0.0,1009.72,61.5,65.8333
1689364800,2023-07-14 20:00:00,2023-07-14 22:00:00,ringsted,16.975,6.5,2.4,0.0,1009.67,74.5,91.6667
1689368400,2023-07-14 21:00:00,2023-07-14 23:00:00,ringsted,16.775,0.0,2.85,0.0,1009.4,77.25,95.0
1689372000,2023-07-14 22:00:00,2023-07-15 00:00:00,ringsted,16.725,0.0,3.225,0.0,1009.1,74.75,90.0
1689375600,2023-07-14 23:00:00,2023-07-15 01:00:00,ringsted,16.8,0.0,3.475,0.0,1008.66,72.0,90.0
1689379200,2023-07-15 00:00:00,2023-07-15 02:00:00,ringsted,16.95,0.0,3.55,0.0,1008.12,73.75,90.0
1689382800,2023-07-15 01:00:00,2023-07-15 03:00:00,ringsted,17.1,0.0,3.825,0.0,1007.63,77.75,95.0
1689386400,2023-07-15 02:00:00,2023-07-15 04:00:00,ringsted,16.9,0.0,3.6,0.075,1006.63,86.5,97.5
1689390000,2023-07-15 03:00:00,2023-07-15 05:00:00,ringsted,17.225,0.0,4.475,0.0,1005.92,86.5,96.6667
1689393600,2023-07-15 04:00:00,2023-07-15 06:00:00,ringsted,17.625,5.5,4.575,0.0,1005.37,83.0,95.0
1689397200,2023-07-15 05:00:00,2023-07-15 07:00:00,ringsted,17.975,32.5,4.475,0.0,1004.97,80.25,95.0
1689400800,2023-07-15 06:00:00,2023-07-15 08:00:00,ringsted,18.475,72.5,4.35,0.0,1004.57,77.25,92.5
1689404400,2023-07-15 07:00:00,2023-07-15 09:00:00,ringsted,19.525,215.0,4.85,0.0,1004.01,72.75,68.3333
1689408000,2023-07-15 08:00:00,2023-07-15 10:00:00,ringsted,21.325,412.0,5.275,0.0,1003.59,65.25,72.5
1689411600,2023-07-15 09:00:00,2023-07-15 11:00:00,ringsted,23.05,631.5,5.9,0.0,1003.2,58.25,50.8333
1689415200,2023-07-15 10:00:00,2023-07-15 12:00:00,ringsted,24.3,745.5,6.45,0.0,1003.05,54.5,17.5
1689418800,2023-07-15 11:00:00,2023-07-15 13:00:00,ringsted,24.725,688.5,6.65,0.0,1002.99,53.5,27.5
1689422400,2023-07-15 12:00:00,2023-07-15 14:00:00,ringsted,25.6,730.0,6.525,0.0,1002.68,53.0,15.4167
1689426000,2023-07-15 13:00:00,2023-07-15 15:00:00,ringsted,26.675,753.5,6.3,0.0,1002.5,50.25,4.16667
1689429600,2023-07-15 14:00:00,2023-07-15 16:00:00,ringsted,27.35,655.5,5.825,0.0,1002.27,48.75,20.0
1689433200,2023-07-15 15:00:00,2023-07-15 17:00:00,ringsted,27.4,421.5,4.65,0.0,1001.98,49.5,44.5833
1689436800,2023-07-15 16:00:00,2023-07-15 18:00:00,ringsted,26.1,217.0,3.4,0.0,1001.58,54.75,75.0
1689440400,2023-07-15 17:00:00,2023-07-15 19:00:00,ringsted,24.925,142.0,2.575,0.0,1001.41,60.0,67.5
1689444000,2023-07-15 18:00:00,2023-07-15 20:00:00,ringsted,24.875,170.0,3.275,0.0,1001.1,61.0,76.6667
1689447600,2023-07-15 19:00:00,2023-07-15 21:00:00,ringsted,24.375,56.0,3.875,0.025,1000.86,63.25,87.5
1689451200,2023-07-15 20:00:00,2023-07-15 22:00:00,ringsted,22.925,8.0,4.3,0.0,1000.95,69.25,90.0
1689454800,2023-07-15 21:00:00,2023-07-15 23:00:00,ringsted,22.275,0.0,4.4,0.0,1001.3,70.5,91.6667
1689458400,2023-07-15 22:00:00,2023-07-16 00:00:00,ringsted,22.5,0.0,4.25,0.0,1001.25,67.25,90.8333
1689462000,2023-07-15 23:00:00,2023-07-16 01:00:00,ringsted,22.525,0.0,4.9,0.0,1001.1,68.5,90.0
1689465600,2023-07-16 00:00:00,2023-07-16 02:00:00,ringsted,22.2,0.0,4.1,0.025,1001.47,71.25,94.1667
1689469200,2023-07-16 01:00:00,2023-07-16 03:00:00,ringsted,19.55,0.0,4.775,3.425,1001.85,86.5,90.0
1689472800,2023-07-16 02:00:00,2023-07-16 04:00:00,ringsted,17.375,0.0,4.15,0.6,1002.19,91.25,95.0
1689476400,2023-07-16 03:00:00,2023-07-16 05:00:00,ringsted,15.9,0.0,2.95,0.4,1002.65,94.0,91.6667
1689480000,2023-07-16 04:00:00,2023-07-16 06:00:00,ringsted,16.15,4.0,3.525,0.075,1002.85,92.0,86.6667
1689483600,2023-07-16 05:00:00,2023-07-16 07:00:00,ringsted,16.4,26.0,3.625,0.0,1003.48,88.75,79.1667
1689487200,2023-07-16 06:00:00,2023-07-16 08:00:00,ringsted,16.95,98.0,4.425,0.0,1003.77,84.75,28.3333
1689490800,2023-07-16 07:00:00,2023-07-16 09:00:00,ringsted,18.55,412.0,5.575,0.0,1004.07,74.5,2.5
1689494400,2023-07-16 08:00:00,2023-07-16 10:00:00,ringsted,19.9,573.5,7.45,0.0,1004.39,63.5,12.9167
1689498000,2023-07-16 09:00:00,2023-07-16 11:00:00,ringsted,20.75,635.0,8.575,0.0,1004.7,58.5,46.6667
1689501600,2023-07-16 10:00:00,2023-07-16 12:00:00,ringsted,21.075,651.0,9.45,0.0,1005.17,55.75,67.0833
1689505200,2023-07-16 11:00:00,2023-07-16 13:00:00,ringsted,21.475,657.5,8.925,0.0,1005.64,55.0,74.1667
1689508800,2023-07-16 12:00:00,2023-07-16 14:00:00,ringsted,21.675,583.5,8.525,0.0,1006.12,54.25,75.8333
1689512400,2023-07-16 13:00:00,2023-07-16 15:00:00,ringsted,21.2,446.0,8.025,0.2,1006.49,57.5,59.1667
1689516000,2023-07-16 14:00:00,2023-07-16 16:00:00,ringsted,21.4,620.0,7.775,0.0,1006.94,59.0,52.0833
1689519600,2023-07-16 15:00:00,2023-07-16 17:00:00,ringsted,21.325,543.5,7.725,0.0,1007.23,59.0,51.25
1689523200,2023-07-16 16:00:00,2023-07-16 18:00:00,ringsted,21.5,384.0,6.925,0.0,1007.36,56.0,55.4167
1689526800,2023-07-16 17:00:00,2023-07-16 19:00:00,ringsted,21.425,340.0,5.95,0.0,1007.77,57.0,36.25
1689530400,2023-07-16 18:00:00,2023-07-16 20:00:00,ringsted,20.3,143.0,5.55,0.05,1008.32,62.5,42.5
1689534000,2023-07-16 19:00:00,2023-07-16 21:00:00,ringsted,18.975,68.0,4.85,0.0,1008.9,69.5,38.75
1689537600,2023-07-16 20:00:00,2023-07-16 22:00:00,ringsted,17.775,12.0,3.875,0.025,1009.19,76.5,37.0833
1689541200,2023-07-16 21:00:00,2023-07-16 23:00:00,ringsted,17.175,0.0,4.025,0.0,1009.18,77.0,57.0833
1689544800,2023-07-16 22:00:00,2023-07-17 00:00:00,ringsted,16.675,0.0,3.375,0.0,1009.2,77.5,52.0833
1689548400,2023-07-16 23:00:00,2023-07-17 01:00:00,ringsted,15.8,0.0,2.65,0.0,1009.13,82.5,44.5833
1689552000,2023-07-17 00:00:00,2023-07-17 02:00:00,ringsted,14.725,0.0,2.25,0.0,1009.04,87.25,83.3333
1689555600,2023-07-17 01:00:00,2023-07-17 03:00:00,ringsted,14.85,0.0,2.275,0.0,1008.83,89.0,81.25
1689559200,2023-07-17 02:00:00,2023-07-17 04:00:00,ringsted,15.25,0.0,2.65,0.0,1008.7,86.5,64.1667
1689562800,2023-07-17 03:00:00,2023-07-17 05:00:00,ringsted,14.95,0.0,2.525,0.0,1008.75,88.0,82.0833
1689566400,2023-07-17 04:00:00,2023-07-17 06:00:00,ringsted,15.0,15.0,2.525,0.0,1008.85,89.75,91.6667
1689570000,2023-07-17 05:00:00,2023-07-17 07:00:00,ringsted,15.95,44.0,3.225,0.1,1008.87,84.75,85.8333
1689573600,2023-07-17 06:00:00,2023-07-17 08:00:00,ringsted,15.675,84.5,3.325,0.275,1008.89,84.5,70.4167
1689577200,2023-07-17 07:00:00,2023-07-17 09:00:00,ringsted,15.85,121.5,4.25,1.975,1009.1,85.0,66.25
1689580800,2023-07-17 08:00:00,2023-07-17 10:00:00,ringsted,15.875,306.5,4.475,0.475,1008.88,86.25,35.8333
1689584400,2023-07-17 09:00:00,2023-07-17 11:00:00,ringsted,17.75,502.0,5.25,0.0,1008.86,79.75,74.1667
1689588000,2023-07-17 10:00:00,2023-07-17 12:00:00,ringsted,18.15,496.5,6.025,0.5,1009.25,73.75,79.1667
1689591600,2023-07-17 11:00:00,2023-07-17 13:00:00,ringsted,16.25,408.0,5.4,0.625,1009.46,77.5,37.9167
1689595200,2023-07-17 12:00:00,2023-07-17 14:00:00,ringsted,16.875,621.5,5.025,0.1,1009.38,80.0,47.9167
1689598800,2023-07-17 13:00:00,2023-07-17 15:00:00,ringsted,18.8,627.0,6.375,0.1,1009.4,70.0,53.3333
1689602400,2023-07-17 14:00:00,2023-07-17 16:00:00,ringsted,18.55,410.0,6.35,0.225,1009.66,68.75,48.75
1689606000,2023-07-17 15:00:00,2023-07-17 17:00:00,ringsted,17.425,330.5,5.55,0.975,1009.34,75.75,42.9167
1689609600,2023-07-17 16:00:00,2023-07-17 18:00:00,ringsted,18.275,469.5,5.625,0.025,1009.17,71.25,29.5833
1689613200,2023-07-17 17:00:00,2023-07-17 19:00:00,ringsted,18.525,344.5,5.75,0.225,1009.49,66.75,24.5833
1689616800,2023-07-17 18:00:00,2023-07-17 20:00:00,ringsted,17.975,160.5,5.775,0.0,1009.8,63.5,49.5833
1689620400,2023-07-17 19:00:00,2023-07-17 21:00:00,ringsted,17.0,61.0,5.075,0.0,1010.4,68.5,61.25
1689624000,2023-07-17 20:00:00,2023-07-17 22:00:00,ringsted,15.5,12.5,4.35,0.05,1010.68,75.5,47.9167
1689627600,2023-07-17 21:00:00,2023-07-17 23:00:00,ringsted,14.65,0.0,3.75,0.0,1011.0,81.5,60.4167
1689631200,2023-07-17 22:00:00,2023-07-18 00:00:00,ringsted,14.275,0.0,4.175,0.0,1011.51,82.0,37.9167
1689634800,2023-07-17 23:00:00,2023-07-18 01:00:00,ringsted,14.05,0.0,4.275,0.0,1011.91,82.5,7.91667
1689638400,2023-07-18 00:00:00,2023-07-18 02:00:00,ringsted,13.75,0.0,3.95,0.0,1012.0,84.5,6.66667
1689642000,2023-07-18 01:00:00,2023-07-18 03:00:00,ringsted,13.5,0.0,3.85,0.0,1011.96,86.25,4.16667
1689645600,2023-07-18 02:00:00,2023-07-18 04:00:00,ringsted,13.175,0.0,3.675,0.0,1011.96,88.5,1.66667
1689649200,2023-07-18 03:00:00,2023-07-18 05:00:00,ringsted,13.05,0.5,3.7,0.0,1012.03,88.5,1.66667
1689652800,2023-07-18 04:00:00,2023-07-18 06:00:00,ringsted,13.175,34.5,3.775,0.0,1012.01,88.25,27.9167
1689656400,2023-07-18 05:00:00,2023-07-18 07:00:00,ringsted,14.0,144.5,4.0,0.0,1012.2,84.0,8.33333
1689660000,2023-07-18 06:00:00,2023-07-18 08:00:00,ringsted,15.1,296.5,4.925,0.0,1012.6,77.75,45.0
1689663600,2023-07-18 07:00:00,2023-07-18 09:00:00,ringsted,15.925,388.5,5.35,0.0,1012.64,71.25,55.8333
1689667200,2023-07-18 08:00:00,2023-07-18 10:00:00,ringsted,16.75,498.0,5.725,0.0,1012.65,66.25,37.9167
1689670800,2023-07-18 09:00:00,2023-07-18 11:00:00,ringsted,17.45,548.5,5.875,0.0,1012.6,62.0,40.8333
1689674400,2023-07-18 10:00:00,2023-07-18 12:00:00,ringsted,18.275,458.0,6.15,0.0,1012.44,57.25,52.5
1689678000,2023-07-18 11:00:00,2023-07-18 13:00:00,ringsted,18.525,370.0,5.65,0.0,1012.07,56.5,74.1667
1689681600,2023-07-18 12:00:00,2023-07-18 14:00:00,ringsted,19.275,492.0,6.025,0.0,1011.77,54.5,86.25
1689685200,2023-07-18 13:00:00,2023-07-18 15:00:00,ringsted,19.4,353.0,5.925,0.0,1011.44,54.0,82.5
1689688800,2023-07-18 14:00:00,2023-07-18 16:00:00,ringsted,20.1,580.5,5.95,0.0,1011.23,51.25,84.1667
1689692400,2023-07-18 15:00:00,2023-07-18 17:00:00,ringsted,19.65,327.5,5.525,0.0,1010.83,51.75,75.8333
1689696000,2023-07-18 16:00:00,2023-07-18 18:00:00,ringsted,19.475,320.5,5.2,0.0,1010.44,53.5,77.9167
1689699600,2023-07-18 17:00:00,2023-07-18 19:00:00,ringsted,19.1,227.0,4.95,0.0,1010.11,55.25,43.3333
1689703200,2023-07-18 18:00:00,2023-07-18 20:00:00,ringsted,18.1,124.5,4.325,0.0,1009.94,60.75,56.25
1689706800,2023-07-18 19:00:00,2023-07-18 21:00:00,ringsted,17.125,64.0,3.025,0.0,1009.97,66.25,42.9167
1689710400,2023-07-18 20:00:00,2023-07-18 22:00:00,ringsted,15.625,16.0,2.125,0.0,1009.83,71.25,14.5833
1689714000,2023-07-18 21:00:00,2023-07-18 23:00:00,ringsted,14.425,0.0,1.825,0.0,1009.71,75.0,0.833333
1689717600,2023-07-18 22:00:00,2023-07-19 00:00:00,ringsted,13.175,0.0,1.725,0.0,1009.69,80.75,8.33333
1689721200,2023-07-18 23:00:00,2023-07-19 01:00:00,ringsted,12.5,0.0,1.75,0.0,1009.58,83.75,59.5833
1689724800,2023-07-19 00:00:00,2023-07-19 02:00:00,ringsted,12.225,0.0,1.8,0.0,1009.39,86.0,91.6667
1689728400,2023-07-19 01:00:00,2023-07-19 03:00:00,ringsted,12.45,0.0,1.95,0.0,1009.15,85.5,95.0
1689732000,2023-07-19 02:00:00,2023-07-19 04:00:00,ringsted,12.4,0.0,1.725,0.0,1008.71,86.5,89.5833
1689735600,2023-07-19 03:00:00,2023-07-19 05:00:00,ringsted,12.1,0.0,1.5,0.0,1008.4,87.75,93.3333
1689739200,2023-07-19 04:00:00,2023-07-19 06:00:00,ringsted,12.275,5.5,1.35,0.0,1008.27,87.5,90.8333
1689742800,2023-07-19 05:00:00,2023-07-19 07:00:00,ringsted,12.825,37.5,1.6,0.0,1008.12,86.0,96.6667
1689746400,2023-07-19 06:00:00,2023-07-19 08:00:00,ringsted,13.625,84.5,2.15,0.0,1008.1,82.0,95.8333
1689750000,2023-07-19 07:00:00,2023-07-19 09:00:00,ringsted,14.5,210.0,3.25,0.0,1007.99,77.0,80.8333
1689753600,2023-07-19 08:00:00,2023-07-19 10:00:00,ringsted,15.475,394.5,3.825,0.0,1007.7,69.0,50.0
1689757200,2023-07-19 09:00:00,2023-07-19 11:00:00,ringsted,16.025,423.0,3.5,0.0,1007.42,64.5,61.6667
1689760800,2023-07-19 10:00:00,2023-07-19 12:00:00,ringsted,16.825,504.0,3.45,0.0,1007.24,58.75,71.25
1689764400,2023-07-19 11:00:00,2023-07-19 13:00:00,ringsted,17.0,465.5,3.45,0.0,1007.07,59.25,85.0
1689768000,2023-07-19 12:00:00,2023-07-19 14:00:00,ringsted,17.125,396.0,3.375,0.0,1006.9,58.75,90.0
1689771600,2023-07-19 13:00:00,2023-07-19 15:00:00,ringsted,17.175,337.0,3.45,0.025,1006.69,60.0,82.5
1689775200,2023-07-19 14:00:00,2023-07-19 16:00:00,ringsted,17.85,456.5,3.6,0.0,1006.48,56.5,75.8333
1689778800,2023-07-19 15:00:00,2023-07-19 17:00:00,ringsted,17.675,290.0,3.4,0.0,1006.07,59.25,83.3333
1689782400,2023-07-19 16:00:00,2023-07-19 18:00:00,ringsted,17.6,245.0,3.625,0.0,1005.8,61.0,76.6667
1689786000,2023-07-19 17:00:00,2023-07-19 19:00:00,ringsted,17.125,216.0,3.6,0.25,1005.65,64.5,75.8333
1689789600,2023-07-19 18:00:00,2023-07-19 20:00:00,ringsted,16.15,121.0,3.275,0.425,1005.59,72.25,79.1667
1689793200,2023-07-19 19:00:00,2023-07-19 21:00:00,ringsted,15.575,79.5,2.625,0.0,1005.7,75.0,47.5
1689796800,2023-07-19 20:00:00,2023-07-19 22:00:00,ringsted,14.55,12.5,2.0,0.0,1005.63,80.75,2.91667
1689800400,2023-07-19 21:00:00,2023-07-19 23:00:00,ringsted,13.3,0.0,1.8,0.0,1005.51,87.0,0.0
1689804000,2023-07-19 22:00:00,2023-07-20 00:00:00,ringsted,12.6,0.0,1.875,0.0,1005.42,89.75,0.833333
1689807600,2023-07-19 23:00:00,2023-07-20 01:00:00,ringsted,12.2,0.0,2.0,0.0,1005.41,91.5,10.0
1689811200,2023-07-20 00:00:00,2023-07-20 02:00:00,ringsted,11.7,0.0,2.1,0.0,1005.41,92.25,0.0
1689814800,2023-07-20 01:00:00,2023-07-20 03:00:00,ringsted,11.325,0.0,2.325,0.0,1005.38,91.75,0.0
1689818400,2023-07-20 02:00:00,2023-07-20 04:00:00,ringsted,10.9,0.0,2.2,0.0,1005.22,92.25,1.66667
1689822000,2023-07-20 03:00:00,2023-07-20 05:00:00,ringsted,10.525,0.0,2.125,0.0,1005.17,92.25,17.5
1689825600,2023-07-20 04:00:00,2023-07-20 06:00:00,ringsted,10.775,36.5,2.15,0.0,1005.14,92.5,30.0
1689829200,2023-07-20 05:00:00,2023-07-20 07:00:00,ringsted,12.275,144.0,2.575,0.0,1005.15,88.75,13.75
1689832800,2023-07-20 06:00:00,2023-07-20 08:00:00,ringsted,13.75,275.5,3.725,0.0,1005.08,83.0,27.0833
1689836400,2023-07-20 07:00:00,2023-07-20 09:00:00,ringsted,14.9,370.0,4.925,0.0,1004.99,74.5,46.25
1689840000,2023-07-20 08:00:00,2023-07-20 10:00:00,ringsted,15.45,472.0,5.45,0.075,1005.1,69.0,53.3333
1689843600,2023-07-20 09:00:00,2023-07-20 11:00:00,ringsted,15.875,512.0,5.625,0.025,1005.14,67.5,62.9167
1689847200,2023-07-20 10:00:00,2023-07-20 12:00:00,ringsted,16.475,510.5,6.025,0.0,1005.25,64.0,54.1667
1689850800,2023-07-20 11:00:00,2023-07-20 13:00:00,ringsted,17.45,649.0,6.075,0.0,1005.24,58.75,72.0833
1689854400,2023-07-20 12:00:00,2023-07-20 14:00:00,ringsted,17.95,671.5,6.0,0.0,1005.25,56.25,73.75
1689858000,2023-07-20 13:00:00,2023-07-20 15:00:00,ringsted,17.975,645.5,6.5,0.075,1005.39,60.25,68.3333
1689861600,2023-07-20 14:00:00,2023-07-20 16:00:00,ringsted,16.925,497.5,6.175,0.875,1005.53,71.5,56.25
1689865200,2023-07-20 15:00:00,2023-07-20 17:00:00,ringsted,17.125,543.5,5.775,0.1,1005.47,68.25,43.75
1689868800,2023-07-20 16:00:00,2023-07-20 18:00:00,ringsted,17.675,508.5,6.475,0.0,1005.59,60.5,32.0833
1689872400,2023-07-20 17:00:00,2023-07-20 19:00:00,ringsted,17.675,324.0,6.575,0.0,1005.62,55.5,36.25
1689876000,2023-07-20 18:00:00,2023-07-20 20:00:00,ringsted,16.925,169.0,5.9,0.025,1005.61,60.0,50.0
1689879600,2023-07-20 19:00:00,2023-07-20 21:00:00,ringsted,15.775,84.0,4.9,0.0,1005.9,68.25,13.3333
1689883200,2023-07-20 20:00:00,2023-07-20 22:00:00,ringsted,14.575,14.5,4.1,0.0,1006.35,73.0,6.66667
1689886800,2023-07-20 21:00:00,2023-07-20 23:00:00,ringsted,13.5,0.0,3.35,0.0,1006.47,77.75,15.8333
1689890400,2023-07-20 22:00:00,2023-07-21 00:00:00,ringsted,12.975,0.0,3.25,0.0,1006.48,80.25,60.0
1689894000,2023-07-20 23:00:00,2023-07-21 01:00:00,ringsted,12.7,0.0,2.975,0.0,1006.27,84.5,50.0
1689897600,2023-07-21 00:00:00,2023-07-21 02:00:00,ringsted,12.45,0.0,2.7,0.0,1006.04,86.5,37.5
1689901200,2023-07-21 01:00:00,2023-07-21 03:00:00,ringsted,12.175,0.0,2.675,0.0,1005.82,87.5,7.91667
1689904800,2023-07-21 02:00:00,2023-07-21 04:00:00,ringsted,11.725,0.0,2.5,0.0,1005.61,89.5,61.6667
1689908400,2023-07-21 03:00:00,2023-07-21 05:00:00,ringsted,11.625,0.5,2.55,0.125,1005.51,90.25,83.3333
1689912000,2023-07-21 04:00:00,2023-07-21 06:00:00,ringsted,11.85,20.5,3.05,0.75,1005.39,91.25,51.25
1689915600,2023-07-21 05:00:00,2023-07-21 07:00:00,ringsted,12.55,93.5,2.85,0.575,1005.29,90.5,22.5
1689919200,2023-07-21 06:00:00,2023-07-21 08:00:00,ringsted,13.65,261.5,3.35,0.0,1005.3,86.5,32.5
1689922800,2023-07-21 07:00:00,2023-07-21 09:00:00,ringsted,14.625,360.0,4.075,0.0,1005.36,77.75,38.3333
1689926400,2023-07-21 08:00:00,2023-07-21 10:00:00,ringsted,15.55,532.0,5.0,0.0,1005.35,68.5,52.9167
1689930000,2023-07-21 09:00:00,2023-07-21 11:00:00,ringsted,16.2,519.0,4.8,0.0,1005.36,63.5,32.5
1689933600,2023-07-21 10:00:00,2023-07-21 12:00:00,ringsted,16.75,498.5,5.0,0.0,1005.25,59.75,40.8333
1689937200,2023-07-21 11:00:00,2023-07-21 13:00:00,ringsted,17.575,590.0,4.65,0.0,1005.08,55.0,56.6667
1689940800,2023-07-21 12:00:00,2023-07-21 14:00:00,ringsted,17.875,563.5,4.45,0.0,1004.95,54.5,43.75
1689944400,2023-07-21 13:00:00,2023-07-21 15:00:00,ringsted,18.375,618.5,4.275,0.0,1004.81,52.0,27.0833
1689948000,2023-07-21 14:00:00,2023-07-21 16:00:00,ringsted,18.5,509.0,4.05,0.0,1004.52,49.75,30.0
1689951600,2023-07-21 15:00:00,2023-07-21 17:00:00,ringsted,18.65,465.0,3.125,0.0,1004.25,48.75,33.3333
1689955200,2023-07-21 16:00:00,2023-07-21 18:00:00,ringsted,18.725,398.0,2.825,0.0,1004.25,49.25,19.1667
1689958800,2023-07-21 17:00:00,2023-07-21 19:00:00,ringsted,18.3,180.5,2.55,0.0,1004.2,51.75,36.6667
1689962400,2023-07-21 18:00:00,2023-07-21 20:00:00,ringsted,17.525,111.5,2.475,0.0,1004.08,56.5,51.25
1689966000,2023-07-21 19:00:00,2023-07-21 21:00:00,ringsted,16.325,64.0,2.475,0.0,1004.05,62.75,45.8333
1689969600,2023-07-21 20:00:00,2023-07-21 22:00:00,ringsted,14.85,8.5,2.0,0.0,1004.15,72.0,86.25
1689973200,2023-07-21 21:00:00,2023-07-21 23:00:00,ringsted,13.65,0.0,1.725,0.025,1004.22,79.5,95.8333
1689976800,2023-07-21 22:00:00,2023-07-22 00:00:00,ringsted,13.95,0.0,2.025,0.05,1004.46,80.75,90.0
1689980400,2023-07-21 23:00:00,2023-07-22 01:00:00,ringsted,13.625,0.0,2.225,0.95,1004.41,84.75,95.0
1689984000,2023-07-22 00:00:00,2023-07-22 02:00:00,ringsted,13.15,0.0,1.95,0.15,1004.12,88.0,86.6667
1689987600,2023-07-22 01:00:00,2023-07-22 03:00:00,ringsted,12.925,0.0,1.5,0.45,1003.75,90.25,79.5833
1689991200,2023-07-22 02:00:00,2023-07-22 04:00:00,ringsted,12.65,0.0,1.675,0.175,1003.69,93.5,73.3333
1689994800,2023-07-22 03:00:00,2023-07-22 05:00:00,ringsted,12.4,0.0,2.175,0.25,1003.85,93.25,59.1667
1689998400,2023-07-22 04:00:00,2023-07-22 06:00:00,ringsted,12.0,11.0,1.925,0.0,1004.1,95.0,33.75
1690002000,2023-07-22 05:00:00,2023-07-22 07:00:00,ringsted,12.225,117.0,2.35,0.0,1004.34,93.75,20.4167
1690005600,2023-07-22 06:00:00,2023-07-22 08:00:00,ringsted,13.225,267.5,3.8,0.0,1004.63,87.75,20.4167
1690009200,2023-07-22 07:00:00,2023-07-22 09:00:00,ringsted,14.2,392.0,4.825,0.0,1004.84,76.75,25.0
1690012800,2023-07-22 08:00:00,2023-07-22 10:00:00,ringsted,15.3,499.0,4.8,0.0,1005.25,67.75,47.0833
1690016400,2023-07-22 09:00:00,2023-07-22 11:00:00,ringsted,16.075,509.5,4.95,0.075,1005.58,63.5,60.0
1690020000,2023-07-22 10:00:00,2023-07-22 12:00:00,ringsted,15.9,503.0,5.025,0.0,1005.71,64.75,42.9167
1690023600,2023-07-22 11:00:00,2023-07-22 13:00:00,ringsted,17.25,673.0,5.725,0.0,1005.8,56.75,53.75
1690027200,2023-07-22 12:00:00,2023-07-22 14:00:00,ringsted,17.625,552.5,5.825,0.0,1005.95,55.0,57.9167
1690030800,2023-07-22 13:00:00,2023-07-22 15:00:00,ringsted,17.375,612.0,5.75,0.2,1005.84,59.75,55.4167
1690034400,2023-07-22 14:00:00,2023-07-22 16:00:00,ringsted,18.1,563.5,6.0,0.0,1005.87,54.0,53.75
1690038000,2023-07-22 15:00:00,2023-07-22 17:00:00,ringsted,17.975,441.0,5.475,0.0,1005.88,55.25,59.5833
1690041600,2023-07-22 16:00:00,2023-07-22 18:00:00,ringsted,16.975,193.0,5.2,0.05,1006.08,64.0,91.25
1690045200,2023-07-22 17:00:00,2023-07-22 19:00:00,ringsted,14.675,129.5,3.9,0.375,1005.92,80.0,74.1667
1690048800,2023-07-22 18:00:00,2023-07-22 20:00:00,ringsted,14.6,76.0,3.875,0.0,1005.78,79.0,82.5
1690052400,2023-07-22 19:00:00,2023-07-22 21:00:00,ringsted,14.2,30.0,3.5,0.05,1005.75,82.0,91.6667
1690056000,2023-07-22 20:00:00,2023-07-22 22:00:00,ringsted,13.7,3.0,2.45,0.1,1005.75,86.25,92.9167
1690059600,2023-07-22 21:00:00,2023-07-22 23:00:00,ringsted,13.175,0.0,2.425,0.05,1005.52,90.25,91.25
1690063200,2023-07-22 22:00:00,2023-07-23 00:00:00,ringsted,12.975,0.0,2.0,0.075,1005.17,92.75,90.4167
1690066800,2023-07-22 23:00:00,2023-07-23 01:00:00,ringsted,12.775,0.0,1.075,0.025,1004.78,94.75,91.25
1690070400,2023-07-23 00:00:00,2023-07-23 02:00:00,ringsted,12.75,0.0,0.825,0.3,1004.37,96.25,89.1667
1690074000,2023-07-23 01:00:00,2023-07-23 03:00:00,ringsted,12.9,0.0,0.65,0.425,1003.87,97.0,77.5
1690077600,2023-07-23 02:00:00,2023-07-23 04:00:00,ringsted,13.1,0.0,0.675,0.175,1003.39,97.25,90.8333
1690081200,2023-07-23 03:00:00,2023-07-23 05:00:00,ringsted,13.15,0.0,0.675,0.325,1003.03,98.0,94.1667
1690084800,2023-07-23 04:00:00,2023-07-23 06:00:00,ringsted,13.125,5.5,0.825,0.45,1002.79,98.5,94.1667
1690088400,2023-07-23 05:00:00,2023-07-23 07:00:00,ringsted,13.55,37.5,2.2,0.625,1002.48,98.25,94.1667
1690092000,2023-07-23 06:00:00,2023-07-23 08:00:00,ringsted,14.125,48.5,3.225,0.275,1002.19,95.75,96.6667
1690095600,2023-07-23 07:00:00,2023-07-23 09:00:00,ringsted,14.575,159.0,3.525,0.05,1002.04,95.0,95.8333
1690099200,2023-07-23 08:00:00,2023-07-23 10:00:00,ringsted,14.9,122.5,3.7,0.075,1001.85,93.5,95.8333
1690102800,2023-07-23 09:00:00,2023-07-23 11:00:00,ringsted,15.3,166.5,4.125,0.05,1001.74,91.75,95.0
1690106400,2023-07-23 10:00:00,2023-07-23 12:00:00,ringsted,15.425,176.5,4.125,0.425,1001.47,92.5,92.5
1690110000,2023-07-23 11:00:00,2023-07-23 13:00:00,ringsted,15.55,196.5,3.9,0.775,1001.12,94.25,96.3636
1690113600,2023-07-23 12:00:00,2023-07-23 14:00:00,ringsted,15.5667,202.0,3.7,1.56667,1000.72,94.3333,100.0
1690117200,2023-07-23 13:00:00,2023-07-23 15:00:00,ringsted,15.4333,197.0,3.9,1.8,1000.51,95.6667,100.0
1690120800,2023-07-23 14:00:00,2023-07-23 16:00:00,ringsted,15.4,111.0,4.13333,1.26667,1000.34,95.6667,100.0
1690124400,2023-07-23 15:00:00,2023-07-23 17:00:00,ringsted,15.2,127.0,3.96667,1.06667,999.894,96.3333,100.0
1690128000,2023-07-23 16:00:00,2023-07-23 18:00:00,ringsted,15.3667,115.0,3.46667,1.3,999.439,97.0,100.0
1690131600,2023-07-23 17:00:00,2023-07-23 19:00:00,ringsted,15.6333,58.0,3.4,1.16667,999.039,97.6667,100.0
1690135200,2023-07-23 18:00:00,2023-07-23 20:00:00,ringsted,15.8667,14.0,4.1,1.2,998.767,97.3333,100.0
1690138800,2023-07-23 19:00:00,2023-07-23 21:00:00,ringsted,15.8333,11.0,4.66667,1.96667,998.522,97.6667,100.0
1690142400,2023-07-23 20:00:00,2023-07-23 22:00:00,ringsted,15.9,2.0,4.63333,1.03333,998.522,97.6667,100.0
1690146000,2023-07-23 21:00:00,2023-07-23 23:00:00,ringsted,16.2333,0.0,4.56667,0.0,998.461,96.0,90.0
1690149600,2023-07-23 22:00:00,2023-07-24 00:00:00,ringsted,16.2333,0.0,4.0,0.0,998.144,95.6667,100.0
1690153200,2023-07-23 23:00:00,2023-07-24 01:00:00,ringsted,16.3667,0.0,4.16667,0.0,997.656,95.0,93.3333
1690156800,2023-07-24 00:00:00,2023-07-24 02:00:00,ringsted,16.4,0.0,4.2,0.0,997.072,95.0,90.0
1690160400,2023-07-24 01:00:00,2023-07-24 03:00:00,ringsted,16.3333,0.0,3.66667,0.0,996.5,95.6667,90.0
1690164000,2023-07-24 02:00:00,2023-07-24 04:00:00,ringsted,16.2,0.0,3.6,0.0333333,995.944,95.6667,68.3333
1690167600,2023-07-24 03:00:00,2023-07-24 05:00:00,ringsted,16.1333,0.0,3.6,0.0,995.583,95.6667,91.6667
1690171200,2023-07-24 04:00:00,2023-07-24 06:00:00,ringsted,16.3667,5.0,4.16667,0.0,995.211,95.3333,90.0
1690174800,2023-07-24 05:00:00,2023-07-24 07:00:00,ringsted,16.7667,30.0,5.16667,0.0,994.978,93.3333,98.3333
1690178400,2023-07-24 06:00:00,2023-07-24 08:00:00,ringsted,17.1667,88.0,5.83333,0.0,994.789,90.6667,98.3333
1690182000,2023-07-24 07:00:00,2023-07-24 09:00:00,ringsted,17.5667,196.0,6.33333,0.0,994.717,87.6667,60.8333
1690185600,2023-07-24 08:00:00,2023-07-24 10:00:00,ringsted,17.9,321.0,6.43333,0.0666667,994.811,83.6667,90.0
1690189200,2023-07-24 09:00:00,2023-07-24 11:00:00,ringsted,17.9667,314.0,6.06667,0.0,994.922,82.6667,91.6667
1690192800,2023-07-24 10:00:00,2023-07-24 12:00:00,ringsted,18.4,418.0,6.66667,0.0,994.9,79.6667,90.0
1690196400,2023-07-24 11:00:00,2023-07-24 13:00:00,ringsted,18.9667,443.0,6.53333,0.0,994.861,76.0,90.0
1690200000,2023-07-24 12:00:00,2023-07-24 14:00:00,ringsted,19.5,607.0,6.46667,0.0,994.789,72.0,93.3333
1690203600,2023-07-24 13:00:00,2023-07-24 15:00:00,ringsted,20.3333,513.0,6.23333,0.0,994.495,68.3333,88.125
1690207200,2023-07-24 14:00:00,2023-07-24 16:00:00,ringsted,21.1333,595.0,5.5,0.0,994.117,65.3333,71.6667
1690210800,2023-07-24 15:00:00,2023-07-24 17:00:00,ringsted,21.35,506.0,4.9,0.0,993.862,63.25,33.3333
1690214400,2023-07-24 16:00:00,2023-07-24 18:00:00,ringsted,21.125,289.0,4.85,0.0,993.421,63.25,54.1667
1690218000,2023-07-24 17:00:00,2023-07-24 19:00:00,ringsted,20.625,240.5,4.125,0.0,993.308,65.0,22.0833
1690221600,2023-07-24 18:00:00,2023-07-24 20:00:00,ringsted,19.9,140.0,3.875,0.0,993.271,68.0,62.5
1690225200,2023-07-24 19:00:00,2023-07-24 21:00:00,ringsted,18.7,41.0,2.625,0.0,993.425,74.25,57.9167
1690228800,2023-07-24 20:00:00,2023-07-24 22:00:00,ringsted,17.525,6.0,2.55,0.0,993.642,80.5,72.5
1690232400,2023-07-24 21:00:00,2023-07-24 23:00:00,ringsted,17.025,0.0,2.625,0.0,993.671,82.5,77.5
1690236000,2023-07-24 22:00:00,2023-07-25 00:00:00,ringsted,16.4,0.0,3.05,0.0,993.787,84.25,90.0
1690239600,2023-07-24 23:00:00,2023-07-25 01:00:00,ringsted,15.65,0.0,3.4,0.25,994.213,88.75,95.0
1690243200,2023-07-25 00:00:00,2023-07-25 02:00:00,ringsted,14.45,0.0,3.65,0.95,994.55,92.25,95.8333
1690246800,2023-07-25 01:00:00,2023-07-25 03:00:00,ringsted,13.775,0.0,2.75,0.05,994.775,94.5,94.1667
1690250400,2023-07-25 02:00:00,2023-07-25 04:00:00,ringsted,13.675,0.0,2.8,0.0,995.179,95.5,89.5833
1690254000,2023-07-25 03:00:00,2023-07-25 05:00:00,ringsted,13.525,0.0,2.775,0.0,995.579,95.25,80.0
1690257600,2023-07-25 04:00:00,2023-07-25 06:00:00,ringsted,13.575,10.5,3.375,0.0,995.783,94.5,40.0
1690261200,2023-07-25 05:00:00,2023-07-25 07:00:00,ringsted,13.925,99.5,3.7,0.0,995.983,92.0,22.5
1690264800,2023-07-25 06:00:00,2023-07-25 08:00:00,ringsted,14.725,248.0,4.325,0.0,996.354,86.25,46.6667
1690268400,2023-07-25 07:00:00,2023-07-25 09:00:00,ringsted,15.525,347.5,5.2,0.0,996.417,79.0,49.1667
1690272000,2023-07-25 08:00:00,2023-07-25 10:00:00,ringsted,16.35,467.5,5.75,0.0,996.746,70.25,37.0833
1690275600,2023-07-25 09:00:00,2023-07-25 11:00:00,ringsted,16.975,518.5,5.575,0.0,997.258,65.0,64.5833
1690279200,2023-07-25 10:00:00,2023-07-25 12:00:00,ringsted,17.575,490.0,5.6,0.0,997.142,61.25,60.8333
1690282800,2023-07-25 11:00:00,2023-07-25 13:00:00,ringsted,18.325,597.0,6.1,0.0,997.208,56.25,50.8333
1690286400,2023-07-25 12:00:00,2023-07-25 14:00:00,ringsted,18.225,498.0,6.4,0.0,997.475,56.5,41.25
1690290000,2023-07-25 13:00:00,2023-07-25 15:00:00,ringsted,18.525,558.0,5.75,0.0,997.442,54.25,32.9167
1690293600,2023-07-25 14:00:00,2023-07-25 16:00:00,ringsted,19.25,518.5,5.75,0.0,997.525,50.5,50.4167
1690297200,2023-07-25 15:00:00,2023-07-25 17:00:00,ringsted,19.05,323.5,6.05,0.0,997.671,51.25,52.5
1690300800,2023-07-25 16:00:00,2023-07-25 18:00:00,ringsted,18.925,356.5,6.25,0.0,997.963,52.0,37.5
1690304400,2023-07-25 17:00:00,2023-07-25 19:00:00,ringsted,18.225,294.5,6.2,0.0,998.287,54.25,72.7273
1690308000,2023-07-25 18:00:00,2023-07-25 20:00:00,ringsted,17.2667,154.0,5.0,0.0,998.428,60.0,82.5
1690311600,2023-07-25 19:00:00,2023-07-25 21:00:00,ringsted,15.9667,60.0,4.3,0.0,998.856,65.3333,80.8333
1690315200,2023-07-25 20:00:00,2023-07-25 22:00:00,ringsted,14.7667,5.0,3.3,0.0,999.206,71.0,57.5
1690318800,2023-07-25 21:00:00,2023-07-25 23:00:00,ringsted,13.8333,0.0,2.76667,0.0,999.622,77.3333,8.33333
1690322400,2023-07-25 22:00:00,2023-07-26 00:00:00,ringsted,13.0667,0.0,2.86667,0.0,999.889,81.0,0.0
1690326000,2023-07-25 23:00:00,2023-07-26 01:00:00,ringsted,12.4,0.0,2.9,0.0,1000.07,85.6667,0.0
1690329600,2023-07-26 00:00:00,2023-07-26 02:00:00,ringsted,12.0667,0.0,2.8,0.0,1000.31,87.0,0.0
1690333200,2023-07-26 01:00:00,2023-07-26 03:00:00,ringsted,11.7,0.0,2.56667,0.0,1000.46,88.6667,0.0
1690336800,2023-07-26 02:00:00,2023-07-26 04:00:00,ringsted,11.2333,0.0,2.13333,0.0,1000.44,91.0,0.0
1690340400,2023-07-26 03:00:00,2023-07-26 05:00:00,ringsted,10.9667,0.0,2.0,0.0,1000.66,92.6667,0.0
1690344000,2023-07-26 04:00:00,2023-07-26 06:00:00,ringsted,10.8667,22.0,2.26667,0.0,1000.84,93.0,33.3333
1690347600,2023-07-26 05:00:00,2023-07-26 07:00:00,ringsted,12.0333,139.0,2.7,0.0,1001.08,89.3333,91.6667
1690351200,2023-07-26 06:00:00,2023-07-26 08:00:00,ringsted,13.4333,208.0,3.4,0.0,1001.31,82.0,70.0
1690354800,2023-07-26 07:00:00,2023-07-26 09:00:00,ringsted,14.6,374.0,4.33333,0.0,1001.53,74.0,50.0
1690358400,2023-07-26 08:00:00,2023-07-26 10:00:00,ringsted,15.5,510.0,5.5,0.0,1001.72,63.6667,50.0
1690362000,2023-07-26 09:00:00,2023-07-26 11:00:00,ringsted,16.3667,676.0,5.83333,0.0,1001.81,58.3333,38.3333
1690365600,2023-07-26 10:00:00,2023-07-26 12:00:00,ringsted,17.0,615.5,6.075,0.0,1001.98,56.25,55.4167
1690369200,2023-07-26 11:00:00,2023-07-26 13:00:00,ringsted,16.65,469.0,5.95,0.025,1002.13,59.75,75.4167
1690372800,2023-07-26 12:00:00,2023-07-26 14:00:00,ringsted,16.925,514.5,6.4,0.025,1002.32,57.75,40.4167
1690376400,2023-07-26 13:00:00,2023-07-26 15:00:00,ringsted,17.3,715.0,6.15,0.0,1002.44,57.5,40.0
1690380000,2023-07-26 14:00:00,2023-07-26 16:00:00,ringsted,17.6,549.5,6.1,0.2,1002.87,55.75,80.0
1690383600,2023-07-26 15:00:00,2023-07-26 17:00:00,ringsted,16.475,342.5,5.1,0.0,1002.95,62.0,51.6667
1690387200,2023-07-26 16:00:00,2023-07-26 18:00:00,ringsted,16.85,386.0,5.275,0.0,1003.3,55.5,78.3333
1690390800,2023-07-26 17:00:00,2023-07-26 19:00:00,ringsted,14.575,106.5,4.9,0.325,1003.38,69.0,77.9167
1690394400,2023-07-26 18:00:00,2023-07-26 20:00:00,ringsted,13.4,113.5,2.575,0.0,1003.47,80.75,80.4545
1690398000,2023-07-26 19:00:00,2023-07-26 21:00:00,ringsted,13.1,38.5,2.675,0.0,1003.61,83.5,52.5
1690401600,2023-07-26 20:00:00,2023-07-26 22:00:00,ringsted,12.825,4.0,3.0,0.0,1003.78,84.25,98.3333
1690405200,2023-07-26 21:00:00,2023-07-26 23:00:00,ringsted,13.025,0.0,3.45,0.0,1003.73,82.75,91.0
1690408800,2023-07-26 22:00:00,2023-07-27 00:00:00,ringsted,12.7,,3.6,0.0,1003.29,84.0,92.0
1690412400,2023-07-26 23:00:00,2023-07-27 01:00:00,ringsted,13.275,0.0,3.425,0.0,1003.0,81.0,94.1667
1690416000,2023-07-27 00:00:00,2023-07-27 02:00:00,ringsted,13.35,0.0,3.625,0.0,1002.66,82.5,91.6667
1690419600,2023-07-27 01:00:00,2023-07-27 03:00:00,ringsted,13.425,0.0,3.375,0.0,1002.13,84.5,90.8333
1690423200,2023-07-27 02:00:00,2023-07-27 04:00:00,ringsted,13.05,0.0,3.125,0.025,1001.71,88.5,92.5
1690426800,2023-07-27 03:00:00,2023-07-27 05:00:00,ringsted,13.05,0.0,3.0,2.375,1001.78,93.25,92.5
1690430400,2023-07-27 04:00:00,2023-07-27 06:00:00,ringsted,13.025,9.0,3.3,0.1,1001.87,93.75,90.8333
1690434000,2023-07-27 05:00:00,2023-07-27 07:00:00,ringsted,13.15,59.5,3.1,0.0,1001.78,92.5,67.5
1690437600,2023-07-27 06:00:00,2023-07-27 08:00:00,ringsted,13.625,142.0,3.7,0.0,1001.92,91.0,80.8333
1690441200,2023-07-27 07:00:00,2023-07-27 09:00:00,ringsted,14.525,198.5,4.325,0.0,1001.96,86.25,85.0
1690444800,2023-07-27 08:00:00,2023-07-27 10:00:00,ringsted,15.65,342.0,4.625,0.0,1001.79,80.75,85.0
1690448400,2023-07-27 09:00:00,2023-07-27 11:00:00,ringsted,16.75,451.5,5.35,0.025,1001.69,75.75,77.5
1690452000,2023-07-27 10:00:00,2023-07-27 12:00:00,ringsted,17.0,320.5,4.825,0.075,1001.59,74.0,71.6667
1690455600,2023-07-27 11:00:00,2023-07-27 13:00:00,ringsted,17.475,535.5,4.55,0.05,1001.16,73.5,57.9167
1690459200,2023-07-27 12:00:00,2023-07-27 14:00:00,ringsted,19.275,763.5,5.175,0.0,1000.71,60.0,64.5833
1690462800,2023-07-27 13:00:00,2023-07-27 15:00:00,ringsted,20.3,716.0,5.4,0.0,1000.45,49.5,45.0
1690466400,2023-07-27 14:00:00,2023-07-27 16:00:00,ringsted,20.475,668.5,4.75,0.0,1000.15,47.25,45.0
1690470000,2023-07-27 15:00:00,2023-07-27 17:00:00,ringsted,20.65,595.0,4.7,0.0,999.879,47.25,48.75
1690473600,2023-07-27 16:00:00,2023-07-27 18:00:00,ringsted,20.5,472.5,4.5,0.0,999.696,50.75,11.25
1690477200,2023-07-27 17:00:00,2023-07-27 19:00:00,ringsted,19.625,331.5,3.85,0.0,999.575,57.75,37.0833
1690480800,2023-07-27 18:00:00,2023-07-27 20:00:00,ringsted,18.8,226.0,3.25,0.0,999.633,62.75,14.5833
1690484400,2023-07-27 19:00:00,2023-07-27 21:00:00,ringsted,17.25,64.0,2.125,0.0,999.654,72.0,0.0
1690488000,2023-07-27 20:00:00,2023-07-27 22:00:00,ringsted,15.2,5.5,1.275,0.0,999.537,82.75,21.6667
1690491600,2023-07-27 21:00:00,2023-07-27 23:00:00,ringsted,13.7,0.0,0.9,0.0,999.383,89.25,7.5
1690495200,2023-07-27 22:00:00,2023-07-28 00:00:00,ringsted,12.8,0.0,0.5,0.0,999.121,92.5,35.0
1690498800,2023-07-27 23:00:00,2023-07-28 01:00:00,ringsted,12.025,0.0,0.475,0.0,998.967,94.5,31.6667
1690502400,2023-07-28 00:00:00,2023-07-28 02:00:00,ringsted,11.475,0.0,0.675,0.0,998.767,95.75,37.5
1690506000,2023-07-28 01:00:00,2023-07-28 03:00:00,ringsted,11.075,0.0,0.65,0.0,998.525,96.5,73.3333
1690509600,2023-07-28 02:00:00,2023-07-28 04:00:00,ringsted,10.975,0.0,0.65,0.0,998.729,97.25,72.5
1690513200,2023-07-28 03:00:00,2023-07-28 05:00:00,ringsted,10.85,0.0,0.975,0.0,998.763,97.0,64.5833
1690516800,2023-07-28 04:00:00,2023-07-28 06:00:00,ringsted,10.975,14.5,1.05,0.0,998.733,97.75,59.1667
1690520400,2023-07-28 05:00:00,2023-07-28 07:00:00,ringsted,11.9,69.5,0.6,0.0,998.846,96.75,39.5833
1690524000,2023-07-28 06:00:00,2023-07-28 08:00:00,ringsted,14.25,170.0,0.925,0.0,999.096,92.75,1.66667
1690527600,2023-07-28 07:00:00,2023-07-28 09:00:00,ringsted,16.85,397.0,1.75,0.0,999.496,80.0,4.16667
1690531200,2023-07-28 08:00:00,2023-07-28 10:00:00,ringsted,18.5,480.0,1.425,0.0,999.871,67.25,3.33333
1690534800,2023-07-28 09:00:00,2023-07-28 11:00:00,ringsted,19.275,516.5,1.325,0.0,1000.25,59.75,20.8333
1690538400,2023-07-28 10:00:00,2023-07-28 12:00:00,ringsted,20.275,619.5,1.95,0.0,1000.31,55.5,31.6667
1690542000,2023-07-28 11:00:00,2023-07-28 13:00:00,ringsted,20.775,547.5,2.25,0.0,1000.47,54.75,46.6667
1690545600,2023-07-28 12:00:00,2023-07-28 14:00:00,ringsted,21.225,562.0,3.075,0.0,1000.81,54.75,12.0833
1690549200,2023-07-28 13:00:00,2023-07-28 15:00:00,ringsted,21.45,541.5,3.425,0.0,1001.1,53.75,9.16667
1690552800,2023-07-28 14:00:00,2023-07-28 16:00:00,ringsted,21.5,454.5,3.65,0.0,1001.4,53.75,0.833333
1690556400,2023-07-28 15:00:00,2023-07-28 17:00:00,ringsted,21.575,406.0,3.425,0.0,1001.58,49.0,0.0
1690560000,2023-07-28 16:00:00,2023-07-28 18:00:00,ringsted,21.95,391.0,3.45,0.0,1001.62,45.0,0.0
1690563600,2023-07-28 17:00:00,2023-07-28 19:00:00,ringsted,21.9,363.0,3.0,0.0,1001.74,44.25,1.66667
1690567200,2023-07-28 18:00:00,2023-07-28 20:00:00,ringsted,21.1,208.0,2.55,0.0,1002.09,48.75,35.8333
1690570800,2023-07-28 19:00:00,2023-07-28 21:00:00,ringsted,19.55,77.0,1.575,0.0,1002.41,59.5,0.833333
1690574400,2023-07-28 20:00:00,2023-07-28 22:00:00,ringsted,16.9,3.5,1.15,0.0,1002.58,73.5,0.0
1690578000,2023-07-28 21:00:00,2023-07-28 23:00:00,ringsted,15.0,0.0,1.2,0.0,1002.67,85.5,0.0
1690581600,2023-07-28 22:00:00,2023-07-29 00:00:00,ringsted,14.275,0.0,1.15,0.0,1002.83,89.75,6.25
1690585200,2023-07-28 23:00:00,2023-07-29 01:00:00,ringsted,13.425,0.0,0.825,0.0,1002.72,92.0,80.4167
1690588800,2023-07-29 00:00:00,2023-07-29 02:00:00,ringsted,13.75,0.0,0.8,0.0,1002.41,93.25,86.6667
1690592400,2023-07-29 01:00:00,2023-07-29 03:00:00,ringsted,14.0,0.0,0.9,0.0,1002.03,92.25,90.4167
1690596000,2023-07-29 02:00:00,2023-07-29 04:00:00,ringsted,14.75,0.0,0.95,0.0,1001.75,89.5,85.8333
1690599600,2023-07-29 03:00:00,2023-07-29 05:00:00,ringsted,15.0,0.0,1.65,0.0,1001.59,91.25,75.0
1690603200,2023-07-29 04:00:00,2023-07-29 06:00:00,ringsted,15.1,12.5,1.85,0.0,1001.41,92.25,70.0
1690606800,2023-07-29 05:00:00,2023-07-29 07:00:00,ringsted,15.6,53.5,1.75,0.0,1001.19,93.25,41.6667
1690610400,2023-07-29 06:00:00,2023-07-29 08:00:00,ringsted,16.875,148.5,1.725,0.0,1000.98,90.5,69.5833
1690614000,2023-07-29 07:00:00,2023-07-29 09:00:00,ringsted,18.675,275.5,3.025,0.0,1000.89,84.0,70.0
1690617600,2023-07-29 08:00:00,2023-07-29 10:00:00,ringsted,19.425,219.5,3.7,0.0,1000.6,80.0,84.1667
1690621200,2023-07-29 09:00:00,2023-07-29 11:00:00,ringsted,19.7,255.0,3.75,0.0,1000.42,79.0,90.0
1690624800,2023-07-29 10:00:00,2023-07-29 12:00:00,ringsted,19.9,288.0,3.55,0.0,1000.35,77.25,77.5
1690628400,2023-07-29 11:00:00,2023-07-29 13:00:00,ringsted,20.4,356.0,3.925,0.0,999.971,74.5,58.75
1690632000,2023-07-29 12:00:00,2023-07-29 14:00:00,ringsted,21.225,519.5,4.0,0.0,999.487,70.75,47.9167
1690635600,2023-07-29 13:00:00,2023-07-29 15:00:00,ringsted,22.0,522.0,3.85,0.0,999.65,67.5,86.25
1690639200,2023-07-29 14:00:00,2023-07-29 16:00:00,ringsted,21.2,275.0,4.15,1.25,999.592,73.5,80.8333
1690642800,2023-07-29 15:00:00,2023-07-29 17:00:00,ringsted,20.8,360.5,3.525,0.0,999.496,75.5,75.4167
1690646400,2023-07-29 16:00:00,2023-07-29 18:00:00,ringsted,21.125,361.0,4.075,0.0,999.338,73.75,10.8333
1690650000,2023-07-29 17:00:00,2023-07-29 19:00:00,ringsted,21.25,289.0,4.15,0.0,999.408,72.0,20.0
1690653600,2023-07-29 18:00:00,2023-07-29 20:00:00,ringsted,21.075,185.5,3.75,0.0,999.6,71.25,21.6667
1690657200,2023-07-29 19:00:00,2023-07-29 21:00:00,ringsted,20.175,67.5,3.05,0.0,999.975,76.0,32.0833
1690660800,2023-07-29 20:00:00,2023-07-29 22:00:00,ringsted,18.6,3.5,2.425,0.0,1000.42,82.75,31.25
1690664400,2023-07-29 21:00:00,2023-07-29 23:00:00,ringsted,17.475,0.0,2.975,0.0,1000.6,85.25,43.75
1690668000,2023-07-29 22:00:00,2023-07-30 00:00:00,ringsted,17.1,0.0,2.95,0.0,1000.83,87.5,31.25
1690671600,2023-07-29 23:00:00,2023-07-30 01:00:00,ringsted,16.85,0.0,2.975,0.0,1001.03,88.5,32.9167
1690675200,2023-07-30 00:00:00,2023-07-30 02:00:00,ringsted,16.275,0.0,3.15,0.0,1001.1,90.0,2.5
1690678800,2023-07-30 01:00:00,2023-07-30 03:00:00,ringsted,15.45,0.0,2.85,0.0,1001.23,91.25,15.0
1690682400,2023-07-30 02:00:00,2023-07-30 04:00:00,ringsted,14.525,0.0,2.15,0.0,1001.51,93.0,1.66667
1690686000,2023-07-30 03:00:00,2023-07-30 05:00:00,ringsted,13.8,0.0,1.7,0.0,1001.73,95.25,0.833333
1690689600,2023-07-30 04:00:00,2023-07-30 06:00:00,ringsted,13.375,16.0,1.875,0.0,1002.04,96.25,6.66667
1690693200,2023-07-30 05:00:00,2023-07-30 07:00:00,ringsted,14.625,106.0,2.375,0.0,1002.03,93.75,11.0
1690696800,2023-07-30 06:00:00,2023-07-30 08:00:00,ringsted,16.25,211.0,3.0,0.0,1001.98,87.5,34.5833
1690700400,2023-07-30 07:00:00,2023-07-30 09:00:00,ringsted,17.45,376.0,3.775,0.0,1002.12,80.25,50.0
1690704000,2023-07-30 08:00:00,2023-07-30 10:00:00,ringsted,18.475,451.0,3.675,0.0,1002.0,73.0,59.1667
1690707600,2023-07-30 09:00:00,2023-07-30 11:00:00,ringsted,19.425,536.0,3.95,0.0,1001.99,68.25,66.25
1690711200,2023-07-30 10:00:00,2023-07-30 12:00:00,ringsted,19.925,574.0,4.425,0.0,1002.03,66.5,67.0833
1690714800,2023-07-30 11:00:00,2023-07-30 13:00:00,ringsted,19.8,767.5,4.5,0.425,1001.88,67.25,32.0833
1690718400,2023-07-30 12:00:00,2023-07-30 14:00:00,ringsted,20.925,754.0,4.625,0.0,1001.62,62.25,57.5
1690722000,2023-07-30 13:00:00,2023-07-30 15:00:00,ringsted,21.25,735.5,5.075,0.0,1001.42,58.0,55.8333
1690725600,2023-07-30 14:00:00,2023-07-30 16:00:00,ringsted,21.725,640.0,6.15,0.0,1001.32,52.75,66.25
1690729200,2023-07-30 15:00:00,2023-07-30 17:00:00,ringsted,21.125,426.0,6.7,0.0,1001.4,56.75,67.5
1690732800,2023-07-30 16:00:00,2023-07-30 18:00:00,ringsted,19.525,197.0,7.5,0.0,1001.62,63.0,61.6667
1690736400,2023-07-30 17:00:00,2023-07-30 19:00:00,ringsted,17.6,126.0,6.675,0.0,1001.93,68.5,57.9167
1690740000,2023-07-30 18:00:00,2023-07-30 20:00:00,ringsted,17.325,170.5,5.5,0.0,1002.1,70.25,32.9167
1690743600,2023-07-30 19:00:00,2023-07-30 21:00:00,ringsted,16.775,40.0,4.5,0.0,1002.27,73.75,12.9167
1690747200,2023-07-30 20:00:00,2023-07-30 22:00:00,ringsted,15.85,2.5,3.875,0.0,1002.41,78.5,52.0833
1690750800,2023-07-30 21:00:00,2023-07-30 23:00:00,ringsted,14.975,0.0,3.7,0.075,1002.28,81.75,39.5833
1690754400,2023-07-30 22:00:00,2023-07-31 00:00:00,ringsted,14.225,0.0,3.5,0.025,1002.25,87.0,45.8333
1690758000,2023-07-30 23:00:00,2023-07-31 01:00:00,ringsted,14.2,0.0,3.425,0.0,1002.01,86.0,17.5
1690761600,2023-07-31 00:00:00,2023-07-31 02:00:00,ringsted,13.8,0.0,3.175,0.0,1001.7,88.5,5.0
1690765200,2023-07-31 01:00:00,2023-07-31 03:00:00,ringsted,13.375,0.0,3.175,0.0,1001.49,91.75,41.6667
1690768800,2023-07-31 02:00:00,2023-07-31 04:00:00,ringsted,13.325,0.0,3.2,0.0,1001.03,93.25,60.4167
1690772400,2023-07-31 03:00:00,2023-07-31 05:00:00,ringsted,13.675,0.0,3.425,0.0,1000.56,92.25,80.4167
1690776000,2023-07-31 04:00:00,2023-07-31 06:00:00,ringsted,14.05,,3.25,0.0,1000.23,91.5,64.1667
1690779600,2023-07-31 05:00:00,2023-07-31 07:00:00,ringsted,14.625,43.0,3.875,0.025,999.904,90.25,91.6667
1690783200,2023-07-31 06:00:00,2023-07-31 08:00:00,ringsted,15.15,89.0,4.775,0.075,999.654,89.25,92.5
1690786800,2023-07-31 07:00:00,2023-07-31 09:00:00,ringsted,15.025,90.0,4.5,0.5,999.487,88.75,93.3333
1690790400,2023-07-31 08:00:00,2023-07-31 10:00:00,ringsted,15.325,239.0,4.55,0.625,999.138,88.75,83.3333
1690794000,2023-07-31 09:00:00,2023-07-31 11:00:00,ringsted,16.375,319.0,4.575,0.125,998.737,84.5,85.0
1690797600,2023-07-31 10:00:00,2023-07-31 12:00:00,ringsted,17.025,312.5,5.025,0.15,998.425,84.0,85.4167
1690801200,2023-07-31 11:00:00,2023-07-31 13:00:00,ringsted,17.3,285.5,4.975,0.9,998.158,80.25,78.3333
1690804800,2023-07-31 12:00:00,2023-07-31 14:00:00,ringsted,17.5,593.5,6.125,0.15,997.867,81.0,72.7273
1690808400,2023-07-31 13:00:00,2023-07-31 15:00:00,ringsted,17.45,507.0,5.975,0.45,997.588,83.5,77.5
1690812000,2023-07-31 14:00:00,2023-07-31 16:00:00,ringsted,17.65,349.5,5.825,0.025,997.438,80.5,91.6667
1690815600,2023-07-31 15:00:00,2023-07-31 17:00:00,ringsted,16.825,119.5,4.75,0.025,997.321,81.25,80.8333
1690819200,2023-07-31 16:00:00,2023-07-31 18:00:00,ringsted,16.575,160.5,4.45,0.5,997.146,83.0,49.5833
1690822800,2023-07-31 17:00:00,2023-07-31 19:00:00,ringsted,16.925,168.5,4.125,0.0,996.833,82.25,26.6667
1690826400,2023-07-31 18:00:00,2023-07-31 20:00:00,ringsted,17.0,176.5,4.025,0.0,996.583,81.5,34.5833
1690830000,2023-07-31 19:00:00,2023-07-31 21:00:00,ringsted,16.15,57.0,3.525,0.0,996.354,86.25,74.5833
1690833600,2023-07-31 20:00:00,2023-07-31 22:00:00,ringsted,14.975,3.5,2.25,0.0,995.9,90.75,75.8333
1690837200,2023-07-31 21:00:00,2023-07-31 23:00:00,ringsted,14.3,0.0,2.0,0.0,995.129,92.75,90.0
1690840800,2023-07-31 22:00:00,2023-08-01 00:00:00,ringsted,14.25,0.0,1.775,0.15,994.342,93.5,90.8333
1690844400,2023-07-31 23:00:00,2023-08-01 01:00:00,ringsted,14.25,0.0,2.0,0.4,993.504,96.0,95.0
1690848000,2023-08-01 00:00:00,2023-08-01 02:00:00,ringsted,14.5,0.0,2.15,0.0,992.517,96.5,95.8333
1690851600,2023-08-01 01:00:00,2023-08-01 03:00:00,ringsted,14.775,0.0,2.2,2.025,991.575,97.25,95.0
1690855200,2023-08-01 02:00:00,2023-08-01 04:00:00,ringsted,15.1,0.0,2.525,3.675,990.646,97.75,92.7273
1690858800,2023-08-01 03:00:00,2023-08-01 05:00:00,ringsted,15.1,0.0,2.0,0.525,990.025,98.0,77.5
1690862400,2023-08-01 04:00:00,2023-08-01 06:00:00,ringsted,14.9,5.0,1.7,0.075,989.55,98.25,88.3333
1690866000,2023-08-01 05:00:00,2023-08-01 07:00:00,ringsted,15.1,28.5,1.95,0.25,989.325,97.75,91.8182
1690869600,2023-08-01 06:00:00,2023-08-01 08:00:00,ringsted,15.15,77.0,1.625,0.375,989.225,95.75,93.3333
1690873200,2023-08-01 07:00:00,2023-08-01 09:00:00,ringsted,15.725,148.0,1.625,0.0,989.158,95.25,90.8333
1690876800,2023-08-01 08:00:00,2023-08-01 10:00:00,ringsted,16.475,189.0,1.6,0.0,988.954,92.0,95.0
1690880400,2023-08-01 09:00:00,2023-08-01 11:00:00,ringsted,17.125,215.0,2.25,0.9,988.829,87.5,89.1667
1690884000,2023-08-01 10:00:00,2023-08-01 12:00:00,ringsted,17.05,312.5,1.925,0.75,988.933,87.0,78.3333
1690887600,2023-08-01 11:00:00,2023-08-01 13:00:00,ringsted,16.425,449.0,2.1,1.25,988.854,89.5,87.5
1690891200,2023-08-01 12:00:00,2023-08-01 14:00:00,ringsted,17.5,578.0,2.0,0.3,989.021,83.75,66.6667
1690894800,2023-08-01 13:00:00,2023-08-01 15:00:00,ringsted,18.575,413.0,2.9,0.375,989.121,77.25,65.4167
1690898400,2023-08-01 14:00:00,2023-08-01 16:00:00,ringsted,18.15,413.5,3.65,0.15,989.325,80.5,51.25
1690902000,2023-08-01 15:00:00,2023-08-01 17:00:00,ringsted,17.675,246.0,4.075,1.0,989.692,81.5,82.5
1690905600,2023-08-01 16:00:00,2023-08-01 18:00:00,ringsted,16.9,153.0,2.7,1.325,989.958,87.5,81.6667
1690909200,2023-08-01 17:00:00,2023-08-01 19:00:00,ringsted,16.9,154.5,2.4,0.275,990.146,86.25,70.4167
1690912800,2023-08-01 18:00:00,2023-08-01 20:00:00,ringsted,17.05,124.0,3.025,0.0,990.304,85.0,80.8333
1690916400,2023-08-01 19:00:00,2023-08-01 21:00:00,ringsted,16.4,20.5,3.05,0.0,990.458,87.75,86.6667
1690920000,2023-08-01 20:00:00,2023-08-01 22:00:00,ringsted,15.85,2.0,2.775,0.025,990.533,92.0,84.1667
1690923600,2023-08-01 21:00:00,2023-08-01 23:00:00,ringsted,15.65,0.0,3.175,0.05,990.604,93.25,86.6667
1690927200,2023-08-01 22:00:00,2023-08-02 00:00:00,ringsted,15.575,0.0,3.375,0.0,990.621,94.0,92.9167
1690930800,2023-08-01 23:00:00,2023-08-02 01:00:00,ringsted,15.55,0.0,3.825,0.325,990.667,94.0,87.2727
1690934400,2023-08-02 00:00:00,2023-08-02 02:00:00,ringsted,15.5,0.0,3.875,1.025,990.904,94.5,64.5833
1690938000,2023-08-02 01:00:00,2023-08-02 03:00:00,ringsted,15.1,0.0,3.175,0.0,991.267,95.25,80.0
1690941600,2023-08-02 02:00:00,2023-08-02 04:00:00,ringsted,14.775,0.0,2.625,0.0,991.446,96.5,50.8333
1690945200,2023-08-02 03:00:00,2023-08-02 05:00:00,ringsted,14.225,0.0,2.05,0.0,991.575,97.25,25.8333
1690948800,2023-08-02 04:00:00,2023-08-02 06:00:00,ringsted,13.575,8.5,2.0,0.0,991.792,98.0,74.5833
1690952400,2023-08-02 05:00:00,2023-08-02 07:00:00,ringsted,14.1,66.0,2.025,0.0,991.992,98.25,84.1667
1690956000,2023-08-02 06:00:00,2023-08-02 08:00:00,ringsted,15.025,184.5,2.6,0.0,992.175,96.0,77.5
1690959600,2023-08-02 07:00:00,2023-08-02 09:00:00,ringsted,16.075,292.0,3.0,0.0,992.358,90.0,65.8333
1690963200,2023-08-02 08:00:00,2023-08-02 10:00:00,ringsted,16.55,280.5,3.0,0.0,992.192,85.0,73.75
1690966800,2023-08-02 09:00:00,2023-08-02 11:00:00,ringsted,17.475,468.0,3.15,0.0,992.004,79.5,75.4167
1690970400,2023-08-02 10:00:00,2023-08-02 12:00:00,ringsted,18.15,538.5,2.7,0.0,991.696,74.75,36.6667
1690974000,2023-08-02 11:00:00,2023-08-02 13:00:00,ringsted,19.1,536.5,3.45,0.0,991.47,67.0,43.1818
1690977600,2023-08-02 12:00:00,2023-08-02 14:00:00,ringsted,19.9333,696.0,4.13333,0.0,991.096,62.6667,20.4167
1690981200,2023-08-02 13:00:00,2023-08-02 15:00:00,ringsted,20.375,626.0,4.3,0.0,990.754,57.5,47.0833
1690984800,2023-08-02 14:00:00,2023-08-02 16:00:00,ringsted,20.075,348.5,3.825,0.0,990.433,59.5,70.8333
1690988400,2023-08-02 15:00:00,2023-08-02 17:00:00,ringsted,19.5,159.5,3.65,0.0,989.838,65.25,72.5
1690992000,2023-08-02 16:00:00,2023-08-02 18:00:00,ringsted,18.925,154.0,3.575,0.0,989.392,71.0,84.1667
1690995600,2023-08-02 17:00:00,2023-08-02 19:00:00,ringsted,18.425,76.5,3.65,0.0,988.771,73.75,84.1667
1690999200,2023-08-02 18:00:00,2023-08-02 20:00:00,ringsted,17.375,40.0,3.6,0.125,988.237,84.0,92.5
1691002800,2023-08-02 19:00:00,2023-08-02 21:00:00,ringsted,16.775,9.0,3.8,0.075,987.608,90.0,92.5
1691006400,2023-08-02 20:00:00,2023-08-02 22:00:00,ringsted,16.55,0.0,4.1,0.05,986.975,93.0,92.5
1691010000,2023-08-02 21:00:00,2023-08-02 23:00:00,ringsted,16.125,0.0,4.225,0.525,986.596,95.25,97.5
1691013600,2023-08-02 22:00:00,2023-08-03 00:00:00,ringsted,15.725,0.0,4.225,1.325,986.146,97.5,95.8333
1691017200,2023-08-02 23:00:00,2023-08-03 01:00:00,ringsted,15.9,0.0,3.35,0.45,985.596,98.25,96.6667
1691020800,2023-08-03 00:00:00,2023-08-03 02:00:00,ringsted,16.275,0.0,2.85,0.175,985.404,98.0,81.6667
1691024400,2023-08-03 01:00:00,2023-08-03 03:00:00,ringsted,16.25,0.0,2.2,0.025,985.225,97.75,83.3333
1691028000,2023-08-03 02:00:00,2023-08-03 04:00:00,ringsted,15.95,0.0,1.875,0.0,985.188,97.75,68.75
1691031600,2023-08-03 03:00:00,2023-08-03 05:00:00,ringsted,15.725,0.0,2.1,0.0,985.567,98.0,76.6667
1691035200,2023-08-03 04:00:00,2023-08-03 06:00:00,ringsted,16.025,2.5,2.7,0.225,985.833,97.5,64.1667
1691038800,2023-08-03 05:00:00,2023-08-03 07:00:00,ringsted,16.075,47.0,2.675,0.1,985.983,96.5,62.9167
1691042400,2023-08-03 06:00:00,2023-08-03 08:00:00,ringsted,16.475,156.5,3.45,0.0,986.088,94.75,77.9167
1691046000,2023-08-03 07:00:00,2023-08-03 09:00:00,ringsted,16.95,233.5,3.65,0.0,986.433,90.5,79.1667
1691049600,2023-08-03 08:00:00,2023-08-03 10:00:00,ringsted,17.525,315.5,3.275,0.05,986.721,87.25,81.6667
1691053200,2023-08-03 09:00:00,2023-08-03 11:00:00,ringsted,17.975,337.5,3.275,0.0,987.121,84.25,77.9167
1691056800,2023-08-03 10:00:00,2023-08-03 12:00:00,ringsted,18.325,446.0,3.05,0.275,987.392,81.5,72.0833
1691060400,2023-08-03 11:00:00,2023-08-03 13:00:00,ringsted,19.4,544.5,3.0,0.0,987.662,76.75,54.5455
1691064000,2023-08-03 12:00:00,2023-08-03 14:00:00,ringsted,20.05,726.0,3.275,0.1,988.154,71.75,42.0833
1691067600,2023-08-03 13:00:00,2023-08-03 15:00:00,ringsted,19.975,468.0,3.275,1.775,988.758,71.25,56.25
1691071200,2023-08-03 14:00:00,2023-08-03 16:00:00,ringsted,19.675,233.5,3.975,0.775,989.646,74.5,50.0
1691074800,2023-08-03 15:00:00,2023-08-03 17:00:00,ringsted,18.975,126.5,3.375,4.55,990.396,79.0,74.1667
1691078400,2023-08-03 16:00:00,2023-08-03 18:00:00,ringsted,18.475,125.5,2.875,1.6,991.096,83.75,73.3333
1691082000,2023-08-03 17:00:00,2023-08-03 19:00:00,ringsted,18.6,215.0,2.25,1.15,991.971,83.0,44.5833
1691085600,2023-08-03 18:00:00,2023-08-03 20:00:00,ringsted,18.45,95.5,2.2,0.075,992.787,83.0,60.8333
1691089200,2023-08-03 19:00:00,2023-08-03 21:00:00,ringsted,18.075,55.0,2.175,0.0,993.875,84.75,70.0
1691092800,2023-08-03 20:00:00,2023-08-03 22:00:00,ringsted,17.375,0.5,2.075,0.0,994.746,89.25,88.3333
1691096400,2023-08-03 21:00:00,2023-08-03 23:00:00,ringsted,16.95,0.0,1.9,0.0,995.429,91.25,77.5
1691100000,2023-08-03 22:00:00,2023-08-04 00:00:00,ringsted,16.225,0.0,2.025,0.0,996.196,94.0,96.6667
1691103600,2023-08-03 23:00:00,2023-08-04 01:00:00,ringsted,16.2,0.0,2.5,0.0,996.896,94.5,97.5
1691107200,2023-08-04 00:00:00,2023-08-04 02:00:00,ringsted,16.325,0.0,2.95,0.0,997.633,92.75,95.0
1691110800,2023-08-04 01:00:00,2023-08-04 03:00:00,ringsted,16.15,0.0,3.725,0.0,998.3,93.0,72.9167
1691114400,2023-08-04 02:00:00,2023-08-04 04:00:00,ringsted,15.775,0.0,4.425,0.0,998.958,91.75,46.6667
1691118000,2023-08-04 03:00:00,2023-08-04 05:00:00,ringsted,15.35,0.0,4.15,0.0,999.546,91.0,13.75
1691121600,2023-08-04 04:00:00,2023-08-04 06:00:00,ringsted,14.35,9.5,2.825,0.0,1000.03,93.0,21.25
1691125200,2023-08-04 05:00:00,2023-08-04 07:00:00,ringsted,14.525,90.5,3.0,0.0,1000.67,92.25,25.8333
1691128800,2023-08-04 06:00:00,2023-08-04 08:00:00,ringsted,15.725,225.5,4.025,0.0,1001.21,88.0,35.0
1691132400,2023-08-04 07:00:00,2023-08-04 09:00:00,ringsted,16.875,324.0,4.95,0.0,1001.97,80.25,71.25
1691136000,2023-08-04 08:00:00,2023-08-04 10:00:00,ringsted,17.6,398.0,5.425,0.0,1002.5,74.75,90.0
1691139600,2023-08-04 09:00:00,2023-08-04 11:00:00,ringsted,18.225,425.0,6.05,0.0,1002.83,71.25,90.0
1691143200,2023-08-04 10:00:00,2023-08-04 12:00:00,ringsted,18.775,395.0,5.55,0.0,1003.36,68.25,90.0
1691146800,2023-08-04 11:00:00,2023-08-04 13:00:00,ringsted,18.9,324.5,5.95,0.0,1003.87,66.25,91.6667
1691150400,2023-08-04 12:00:00,2023-08-04 14:00:00,ringsted,19.025,261.5,5.225,0.0,1004.2,66.5,88.3333
1691154000,2023-08-04 13:00:00,2023-08-04 15:00:00,ringsted,19.55,418.5,5.625,0.0,1004.38,65.0,50.8333
1691157600,2023-08-04 14:00:00,2023-08-04 16:00:00,ringsted,20.025,578.5,6.0,0.0,1004.78,62.0,57.9167
1691161200,2023-08-04 15:00:00,2023-08-04 17:00:00,ringsted,20.3,469.0,5.975,0.0,1005.47,60.25,70.4167
1691164800,2023-08-04 16:00:00,2023-08-04 18:00:00,ringsted,20.025,355.5,6.2,0.0,1005.76,59.5,56.6667
1691168400,2023-08-04 17:00:00,2023-08-04 19:00:00,ringsted,19.425,235.0,5.9,0.0,1006.23,59.5,57.9167
1691172000,2023-08-04 18:00:00,2023-08-04 20:00:00,ringsted,18.425,99.0,5.225,0.0,1006.76,61.0,47.9167
1691175600,2023-08-04 19:00:00,2023-08-04 21:00:00,ringsted,17.2,35.0,3.85,0.0,1007.38,63.25,35.0
1691179200,2023-08-04 20:00:00,2023-08-04 22:00:00,ringsted,15.65,1.0,3.025,0.0,1007.69,69.25,40.0
1691182800,2023-08-04 21:00:00,2023-08-04 23:00:00,ringsted,14.725,0.0,2.975,0.0,1008.04,72.5,12.5
1691186400,2023-08-04 22:00:00,2023-08-05 00:00:00,ringsted,13.85,0.0,2.7,0.0,1008.42,76.5,56.25
1691190000,2023-08-04 23:00:00,2023-08-05 01:00:00,ringsted,13.225,0.0,2.625,0.0,1008.67,80.5,68.75
1691193600,2023-08-05 00:00:00,2023-08-05 02:00:00,ringsted,13.35,0.0,2.575,0.0,1008.59,80.75,91.6667
1691197200,2023-08-05 01:00:00,2023-08-05 03:00:00,ringsted,13.725,0.0,2.9,0.0,1008.74,78.75,99.1667
1691200800,2023-08-05 02:00:00,2023-08-05 04:00:00,ringsted,13.85,0.0,2.8,0.0,1008.94,76.5,99.1667
1691204400,2023-08-05 03:00:00,2023-08-05 05:00:00,ringsted,13.85,0.0,2.675,0.0,1009.14,75.25,93.3333
1691208000,2023-08-05 04:00:00,2023-08-05 06:00:00,ringsted,13.925,3.0,2.6,0.0,1009.05,74.5,96.6667
1691211600,2023-08-05 05:00:00,2023-08-05 07:00:00,ringsted,14.075,38.5,2.625,0.0,1008.78,76.0,90.8333
1691215200,2023-08-05 06:00:00,2023-08-05 08:00:00,ringsted,14.725,127.5,2.875,0.0,1009.45,76.75,95.0
1691218800,2023-08-05 07:00:00,2023-08-05 09:00:00,ringsted,15.625,219.0,3.075,0.0,1009.93,74.0,96.6667
1691222400,2023-08-05 08:00:00,2023-08-05 10:00:00,ringsted,16.225,282.0,2.875,0.0,1009.66,72.0,75.8333
1691226000,2023-08-05 09:00:00,2023-08-05 11:00:00,ringsted,17.075,489.5,2.8,0.0,1009.49,67.75,87.0833
1691229600,2023-08-05 10:00:00,2023-08-05 12:00:00,ringsted,17.75,457.5,3.525,0.0,1009.33,63.5,65.4167
1691233200,2023-08-05 11:00:00,2023-08-05 13:00:00,ringsted,18.65,656.0,3.2,0.0,1008.89,61.0,55.8333
1691236800,2023-08-05 12:00:00,2023-08-05 14:00:00,ringsted,18.95,577.5,2.425,0.0,1008.65,58.0,67.0833
1691240400,2023-08-05 13:00:00,2023-08-05 15:00:00,ringsted,19.45,481.5,2.2,0.0,1008.41,54.5,60.0
1691244000,2023-08-05 14:00:00,2023-08-05 16:00:00,ringsted,19.5,444.0,3.05,0.0,1008.1,56.25,29.1667
1691247600,2023-08-05 15:00:00,2023-08-05 17:00:00,ringsted,19.75,400.5,3.6,0.0,1007.78,55.25,6.25
1691251200,2023-08-05 16:00:00,2023-08-05 18:00:00,ringsted,20.075,439.5,3.475,0.0,1007.51,55.75,8.75
1691254800,2023-08-05 17:00:00,2023-08-05 19:00:00,ringsted,19.425,274.0,3.45,0.0,1007.41,59.75,14.5833
1691258400,2023-08-05 18:00:00,2023-08-05 20:00:00,ringsted,18.725,142.5,3.225,0.0,1007.39,63.0,0.833333
1691262000,2023-08-05 19:00:00,2023-08-05 21:00:00,ringsted,17.5,53.0,2.4,0.0,1007.51,67.5,0.0
1691265600,2023-08-05 20:00:00,2023-08-05 22:00:00,ringsted,15.275,2.0,1.95,0.0,1007.6,78.0,12.0833
1691269200,2023-08-05 21:00:00,2023-08-05 23:00:00,ringsted,14.25,0.0,2.15,0.0,1007.22,84.75,20.8333
1691272800,2023-08-05 22:00:00,2023-08-06 00:00:00,ringsted,14.1,0.0,1.7,0.0,1006.72,87.0,14.1667
1691276400,2023-08-05 23:00:00,2023-08-06 01:00:00,ringsted,13.575,0.0,1.4,0.0,1006.34,89.75,7.5
1691280000,2023-08-06 00:00:00,2023-08-06 02:00:00,ringsted,12.875,0.0,1.2,0.0,1006.01,92.25,20.8333
1691283600,2023-08-06 01:00:00,2023-08-06 03:00:00,ringsted,12.3,0.0,0.8,0.0,1005.87,94.0,47.5
1691287200,2023-08-06 02:00:00,2023-08-06 04:00:00,ringsted,12.15,0.0,1.075,0.0,1005.51,95.0,88.75
1691290800,2023-08-06 03:00:00,2023-08-06 05:00:00,ringsted,11.825,0.0,1.05,0.0,1004.89,96.25,87.5
1691294400,2023-08-06 04:00:00,2023-08-06 06:00:00,ringsted,12.325,4.0,1.1,0.0,1004.37,95.0,34.5833
1691298000,2023-08-06 05:00:00,2023-08-06 07:00:00,ringsted,13.0,52.5,0.925,0.0,1004.01,93.5,22.0833
1691301600,2023-08-06 06:00:00,2023-08-06 08:00:00,ringsted,14.525,132.5,1.725,0.0,1003.66,91.0,24.1667
1691305200,2023-08-06 07:00:00,2023-08-06 09:00:00,ringsted,15.875,187.0,2.95,0.0,1003.28,83.75,52.5
1691308800,2023-08-06 08:00:00,2023-08-06 10:00:00,ringsted,16.3,211.5,3.05,0.0,1003.05,79.0,45.4167
1691312400,2023-08-06 09:00:00,2023-08-06 11:00:00,ringsted,16.875,266.5,3.7,0.0,1002.83,74.0,20.0
1691316000,2023-08-06 10:00:00,2023-08-06 12:00:00,ringsted,17.4,305.5,3.825,0.0,1002.47,70.0,11.25
1691319600,2023-08-06 11:00:00,2023-08-06 13:00:00,ringsted,17.8,310.0,4.175,0.0,1002.06,66.0,21.25
1691323200,2023-08-06 12:00:00,2023-08-06 14:00:00,ringsted,17.675,290.5,4.075,0.0,1001.59,64.75,15.0
1691326800,2023-08-06 13:00:00,2023-08-06 15:00:00,ringsted,17.425,267.5,3.825,0.0,1001.03,66.5,57.0833
1691330400,2023-08-06 14:00:00,2023-08-06 16:00:00,ringsted,17.175,199.0,3.45,0.0,1000.74,67.75,69.1667
1691334000,2023-08-06 15:00:00,2023-08-06 17:00:00,ringsted,16.825,135.5,3.675,0.025,1000.75,69.25,76.6667
1691337600,2023-08-06 16:00:00,2023-08-06 18:00:00,ringsted,16.175,95.5,3.775,0.025,1000.5,74.0,80.0
1691341200,2023-08-06 17:00:00,2023-08-06 19:00:00,ringsted,15.275,57.0,4.2,0.225,999.996,79.0,92.5
1691344800,2023-08-06 18:00:00,2023-08-06 20:00:00,ringsted,14.45,22.5,4.575,0.375,999.263,83.0,95.0
1691348400,2023-08-06 19:00:00,2023-08-06 21:00:00,ringsted,13.875,6.0,4.95,1.025,998.471,87.75,95.8333
1691352000,2023-08-06 20:00:00,2023-08-06 22:00:00,ringsted,13.7,0.0,5.45,0.825,997.721,88.5,98.3333
1691355600,2023-08-06 21:00:00,2023-08-06 23:00:00,ringsted,13.35,0.0,6.4,0.825,996.912,88.25,95.0
1691359200,2023-08-06 22:00:00,2023-08-07 00:00:00,ringsted,13.175,0.0,6.875,1.175,996.058,90.5,95.0
1691362800,2023-08-06 23:00:00,2023-08-07 01:00:00,ringsted,13.25,0.0,7.35,0.7,995.112,90.0,98.3333
1691366400,2023-08-07 00:00:00,2023-08-07 02:00:00,ringsted,13.35,0.0,7.9,0.275,994.121,89.25,95.0
1691370000,2023-08-07 01:00:00,2023-08-07 03:00:00,ringsted,13.375,0.0,8.425,0.85,993.662,90.25,95.0
1691373600,2023-08-07 02:00:00,2023-08-07 04:00:00,ringsted,13.675,0.0,8.525,2.7,992.946,90.5,95.0
1691377200,2023-08-07 03:00:00,2023-08-07 05:00:00,ringsted,13.775,0.0,9.425,4.5,992.412,92.25,95.0
1691380800,2023-08-07 04:00:00,2023-08-07 06:00:00,ringsted,13.675,0.5,10.175,1.95,991.771,91.5,95.0
1691384400,2023-08-07 05:00:00,2023-08-07 07:00:00,ringsted,13.575,14.0,10.2,0.7,991.196,91.5,92.5
1691388000,2023-08-07 06:00:00,2023-08-07 08:00:00,ringsted,13.85,47.5,10.05,0.75,991.013,91.0,92.5
1691391600,2023-08-07 07:00:00,2023-08-07 09:00:00,ringsted,14.3,85.0,10.1,0.525,990.967,89.0,95.0
1691395200,2023-08-07 08:00:00,2023-08-07 10:00:00,ringsted,14.6,135.0,10.075,0.275,991.263,87.75,95.0
1691398800,2023-08-07 09:00:00,2023-08-07 11:00:00,ringsted,14.725,155.5,9.8,0.05,991.704,86.5,95.0
1691402400,2023-08-07 10:00:00,2023-08-07 12:00:00,ringsted,14.825,171.0,9.35,0.725,991.987,86.25,95.0
1691406000,2023-08-07 11:00:00,2023-08-07 13:00:00,ringsted,15.175,220.5,9.125,0.4,992.188,85.5,95.0
1691409600,2023-08-07 12:00:00,2023-08-07 14:00:00,ringsted,15.175,95.0,8.85,1.05,992.112,85.5,95.0
1691413200,2023-08-07 13:00:00,2023-08-07 15:00:00,ringsted,15.35,98.5,8.95,0.325,992.433,84.75,85.8333
1691416800,2023-08-07 14:00:00,2023-08-07 16:00:00,ringsted,15.475,102.0,9.225,0.25,993.271,82.75,87.5
1691420400,2023-08-07 15:00:00,2023-08-07 17:00:00,ringsted,15.375,81.5,9.6,0.0,993.925,81.75,90.8333
1691424000,2023-08-07 16:00:00,2023-08-07 18:00:00,ringsted,15.125,48.0,9.675,0.0,994.079,81.0,95.8333
1691427600,2023-08-07 17:00:00,2023-08-07 19:00:00,ringsted,15.1,44.5,10.05,0.0,994.092,78.5,96.6667
1691431200,2023-08-07 18:00:00,2023-08-07 20:00:00,ringsted,14.725,31.5,10.25,0.0,994.438,79.0,93.3333
1691434800,2023-08-07 19:00:00,2023-08-07 21:00:00,ringsted,14.25,7.5,9.925,0.0,994.558,78.25,96.6667
1691438400,2023-08-07 20:00:00,2023-08-07 22:00:00,ringsted,14.2,0.0,10.125,0.0,994.483,74.75,95.8333
1691442000,2023-08-07 21:00:00,2023-08-07 23:00:00,ringsted,14.075,0.0,10.0,0.0,994.487,75.75,98.3333
1691445600,2023-08-07 22:00:00,2023-08-08 00:00:00,ringsted,13.95,0.0,10.525,0.0,994.475,76.0,96.6667
1691449200,2023-08-07 23:00:00,2023-08-08 01:00:00,ringsted,13.85,0.0,10.65,0.0,994.429,76.0,95.8333
1691452800,2023-08-08 00:00:00,2023-08-08 02:00:00,ringsted,13.65,0.0,10.25,0.0,994.133,75.75,97.5
1691456400,2023-08-08 01:00:00,2023-08-08 03:00:00,ringsted,13.6,0.0,10.4,0.0,993.812,74.5,90.0
1691460000,2023-08-08 02:00:00,2023-08-08 04:00:00,ringsted,13.55,0.0,10.4,0.0,993.817,71.0,85.0
1691463600,2023-08-08 03:00:00,2023-08-08 05:00:00,ringsted,13.35,0.0,10.225,0.0,994.062,67.75,70.0
1691467200,2023-08-08 04:00:00,2023-08-08 06:00:00,ringsted,13.2,5.5,9.85,0.0,994.042,66.0,61.6667
1691470800,2023-08-08 05:00:00,2023-08-08 07:00:00,ringsted,13.225,78.5,9.775,0.0,993.996,64.75,52.5
1691474400,2023-08-08 06:00:00,2023-08-08 08:00:00,ringsted,13.625,195.0,10.625,0.0,994.075,63.75,51.6667
1691478000,2023-08-08 07:00:00,2023-08-08 09:00:00,ringsted,14.4,385.0,10.9,0.0,993.871,60.25,47.9167
1691481600,2023-08-08 08:00:00,2023-08-08 10:00:00,ringsted,15.225,524.0,11.55,0.0,993.838,55.5,45.8333
1691485200,2023-08-08 09:00:00,2023-08-08 11:00:00,ringsted,16.1,629.5,12.075,0.0,993.971,52.5,32.5
1691488800,2023-08-08 10:00:00,2023-08-08 12:00:00,ringsted,16.75,629.5,11.425,0.0,994.121,54.0,36.25
1691492400,2023-08-08 11:00:00,2023-08-08 13:00:00,ringsted,17.4,657.0,11.0,0.0,994.529,52.0,31.6667
1691496000,2023-08-08 12:00:00,2023-08-08 14:00:00,ringsted,17.725,650.5,11.075,0.0,994.783,50.0,45.8333
1691499600,2023-08-08 13:00:00,2023-08-08 15:00:00,ringsted,17.125,663.0,10.925,0.125,995.112,55.0,55.0
1691503200,2023-08-08 14:00:00,2023-08-08 16:00:00,ringsted,16.95,666.5,10.325,0.0,995.35,56.75,53.3333
1691506800,2023-08-08 15:00:00,2023-08-08 17:00:00,ringsted,16.575,514.5,9.7,0.0,995.85,57.0,64.1667
1691510400,2023-08-08 16:00:00,2023-08-08 18:00:00,ringsted,16.325,384.5,9.275,0.0,996.225,60.0,44.5833
1691514000,2023-08-08 17:00:00,2023-08-08 19:00:00,ringsted,15.625,235.5,8.475,0.075,996.733,61.5,55.4167
1691517600,2023-08-08 18:00:00,2023-08-08 20:00:00,ringsted,14.875,57.5,8.3,0.0,997.296,63.0,90.8333
1691521200,2023-08-08 19:00:00,2023-08-08 21:00:00,ringsted,13.55,12.0,7.6,0.25,997.821,70.75,91.25
1691524800,2023-08-08 20:00:00,2023-08-08 22:00:00,ringsted,12.775,0.5,6.15,0.5,998.083,76.0,92.5
1691528400,2023-08-08 21:00:00,2023-08-08 23:00:00,ringsted,12.85,0.0,6.1,0.0,998.463,76.25,90.0
1691532000,2023-08-08 22:00:00,2023-08-09 00:00:00,ringsted,12.95,0.0,6.15,0.0,998.708,74.75,91.6667
1691535600,2023-08-08 23:00:00,2023-08-09 01:00:00,ringsted,12.95,0.0,6.25,0.0,998.812,77.0,90.8333
1691539200,2023-08-09 00:00:00,2023-08-09 02:00:00,ringsted,13.025,0.0,6.225,0.025,998.883,76.75,92.5
1691542800,2023-08-09 01:00:00,2023-08-09 03:00:00,ringsted,12.975,0.0,6.0,0.0,999.133,77.5,91.6667
1691546400,2023-08-09 02:00:00,2023-08-09 04:00:00,ringsted,12.825,0.0,5.95,0.075,999.375,77.0,90.0
1691550000,2023-08-09 03:00:00,2023-08-09 05:00:00,ringsted,12.675,0.0,5.9,0.0,999.692,77.5,84.5833
1691553600,2023-08-09 04:00:00,2023-08-09 06:00:00,ringsted,12.725,1.0,5.875,0.0,1000.17,75.75,95.0
1691557200,2023-08-09 05:00:00,2023-08-09 07:00:00,ringsted,12.6,13.5,5.8,0.025,1000.85,76.0,95.0
1691560800,2023-08-09 06:00:00,2023-08-09 08:00:00,ringsted,12.4,36.5,5.475,0.15,1001.41,78.0,95.8333
1691564400,2023-08-09 07:00:00,2023-08-09 09:00:00,ringsted,12.25,69.5,5.25,0.225,1001.99,82.0,95.0
1691568000,2023-08-09 08:00:00,2023-08-09 10:00:00,ringsted,12.8,133.0,5.55,0.15,1002.75,79.25,90.0
1691571600,2023-08-09 09:00:00,2023-08-09 11:00:00,ringsted,13.35,215.0,6.025,0.275,1003.42,76.25,87.5
1691575200,2023-08-09 10:00:00,2023-08-09 12:00:00,ringsted,13.6,252.0,6.35,0.375,1004.0,75.0,90.0
1691578800,2023-08-09 11:00:00,2023-08-09 13:00:00,ringsted,13.575,314.5,6.575,0.275,1004.78,78.25,95.0
1691582400,2023-08-09 12:00:00,2023-08-09 14:00:00,ringsted,13.225,265.5,6.175,0.4,1005.51,82.25,90.8333
1691586000,2023-08-09 13:00:00,2023-08-09 15:00:00,ringsted,13.95,310.5,6.425,0.05,1006.1,78.5,88.75
1691589600,2023-08-09 14:00:00,2023-08-09 16:00:00,ringsted,14.525,309.0,6.1,0.025,1006.64,74.0,74.1667
1691593200,2023-08-09 15:00:00,2023-08-09 17:00:00,ringsted,15.2,323.0,6.4,0.0,1007.0,65.75,76.6667
1691596800,2023-08-09 16:00:00,2023-08-09 18:00:00,ringsted,15.6,242.0,6.45,0.0,1007.6,62.25,90.0
1691600400,2023-08-09 17:00:00,2023-08-09 19:00:00,ringsted,15.125,97.5,6.65,0.0,1008.08,62.25,87.5
1691604000,2023-08-09 18:00:00,2023-08-09 20:00:00,ringsted,14.525,56.5,5.725,0.0,1008.7,65.25,90.4167
1691607600,2023-08-09 19:00:00,2023-08-09 21:00:00,ringsted,14.025,9.5,5.075,0.0,1009.22,67.75,92.5
1691611200,2023-08-09 20:00:00,2023-08-09 22:00:00,ringsted,13.625,0.0,4.875,0.0,1009.65,71.25,91.6667
1691614800,2023-08-09 21:00:00,2023-08-09 23:00:00,ringsted,13.225,0.0,5.175,0.0,1010.01,74.0,94.1667
1691618400,2023-08-09 22:00:00,2023-08-10 00:00:00,ringsted,12.8,0.0,4.25,0.0,1010.4,76.25,98.3333
1691622000,2023-08-09 23:00:00,2023-08-10 01:00:00,ringsted,12.85,0.0,4.075,0.0,1010.71,75.5,95.0
1691625600,2023-08-10 00:00:00,2023-08-10 02:00:00,ringsted,12.775,0.0,4.525,0.025,1010.97,75.25,98.3333
1691629200,2023-08-10 01:00:00,2023-08-10 03:00:00,ringsted,12.425,0.0,4.175,0.0,1011.2,78.75,99.1667
1691632800,2023-08-10 02:00:00,2023-08-10 04:00:00,ringsted,12.425,0.0,4.125,0.0,1011.4,78.5,98.3333
1691636400,2023-08-10 03:00:00,2023-08-10 05:00:00,ringsted,12.45,0.0,3.975,0.0,1011.6,77.75,96.6667
1691640000,2023-08-10 04:00:00,2023-08-10 06:00:00,ringsted,12.45,2.0,4.525,0.0,1011.8,77.0,91.6667
1691643600,2023-08-10 05:00:00,2023-08-10 07:00:00,ringsted,12.35,38.0,4.275,0.0,1012.09,79.25,90.8333
1691647200,2023-08-10 06:00:00,2023-08-10 08:00:00,ringsted,12.8,91.0,4.475,0.0,1012.28,77.75,81.6667
1691650800,2023-08-10 07:00:00,2023-08-10 09:00:00,ringsted,13.65,192.0,5.475,0.0,1012.55,73.25,89.1667
1691654400,2023-08-10 08:00:00,2023-08-10 10:00:00,ringsted,14.425,285.0,6.475,0.0,1012.83,67.0,93.3333
1691658000,2023-08-10 09:00:00,2023-08-10 11:00:00,ringsted,14.775,310.0,6.125,0.0,1012.93,64.0,92.5
1691661600,2023-08-10 10:00:00,2023-08-10 12:00:00,ringsted,15.075,303.5,6.25,0.0,1013.27,62.25,92.5
1691665200,2023-08-10 11:00:00,2023-08-10 13:00:00,ringsted,15.475,301.0,5.925,0.0,1013.47,60.25,93.3333
1691668800,2023-08-10 12:00:00,2023-08-10 14:00:00,ringsted,15.775,295.0,6.075,0.0,1013.52,59.0,82.5
1691672400,2023-08-10 13:00:00,2023-08-10 15:00:00,ringsted,16.325,407.5,5.4,0.0,1013.58,57.0,82.5
1691676000,2023-08-10 14:00:00,2023-08-10 16:00:00,ringsted,16.825,413.0,5.925,0.0,1013.7,54.5,70.0
1691679600,2023-08-10 15:00:00,2023-08-10 17:00:00,ringsted,17.2,428.5,5.55,0.0,1013.84,53.25,50.0
1691683200,2023-08-10 16:00:00,2023-08-10 18:00:00,ringsted,17.475,375.5,5.825,0.0,1014.05,50.5,50.0
1691686800,2023-08-10 17:00:00,2023-08-10 19:00:00,ringsted,17.275,264.5,5.175,0.025,1014.28,53.25,33.75
1691690400,2023-08-10 18:00:00,2023-08-10 20:00:00,ringsted,16.675,114.0,4.075,0.0,1014.41,58.25,49.1667
1691694000,2023-08-10 19:00:00,2023-08-10 21:00:00,ringsted,15.625,28.5,3.0,0.0,1014.61,64.25,20.0
1691697600,2023-08-10 20:00:00,2023-08-10 22:00:00,ringsted,14.475,0.0,3.125,0.0,1014.84,68.5,40.0
1691701200,2023-08-10 21:00:00,2023-08-10 23:00:00,ringsted,13.5,0.0,3.0,0.0,1015.0,72.25,24.1667
1691704800,2023-08-10 22:00:00,2023-08-11 00:00:00,ringsted,12.7,0.0,2.475,0.0,1015.08,75.0,19.5833
1691708400,2023-08-10 23:00:00,2023-08-11 01:00:00,ringsted,12.3,0.0,2.375,0.0,1015.12,76.5,22.9167
1691712000,2023-08-11 00:00:00,2023-08-11 02:00:00,ringsted,11.8,0.0,2.225,0.0,1015.17,81.25,23.3333
1691715600,2023-08-11 01:00:00,2023-08-11 03:00:00,ringsted,11.825,0.0,2.3,0.0,1015.16,85.0,50.4167
1691719200,2023-08-11 02:00:00,2023-08-11 04:00:00,ringsted,12.2,0.0,2.3,0.0,1014.95,86.75,74.5833
1691722800,2023-08-11 03:00:00,2023-08-11 05:00:00,ringsted,12.65,0.0,2.425,0.0,1014.96,87.75,85.8333
1691726400,2023-08-11 04:00:00,2023-08-11 06:00:00,ringsted,13.025,2.0,2.575,0.0,1014.99,89.5,90.8333
1691730000,2023-08-11 05:00:00,2023-08-11 07:00:00,ringsted,13.75,24.5,2.825,0.0,1015.15,89.25,92.5
1691733600,2023-08-11 06:00:00,2023-08-11 08:00:00,ringsted,14.45,75.0,2.825,0.0,1015.27,88.25,93.3333
1691737200,2023-08-11 07:00:00,2023-08-11 09:00:00,ringsted,15.175,107.5,2.825,0.0,1015.42,87.0,95.0
1691740800,2023-08-11 08:00:00,2023-08-11 10:00:00,ringsted,15.9,171.0,3.175,0.0,1015.7,84.5,92.5
1691744400,2023-08-11 09:00:00,2023-08-11 11:00:00,ringsted,16.8,216.0,3.75,0.0,1015.76,79.75,90.0
1691748000,2023-08-11 10:00:00,2023-08-11 12:00:00,ringsted,17.525,331.5,3.85,0.0,1015.8,76.0,87.5
1691751600,2023-08-11 11:00:00,2023-08-11 13:00:00,ringsted,18.05,364.0,4.0,0.0,1015.92,74.25,96.6667
1691755200,2023-08-11 12:00:00,2023-08-11 14:00:00,ringsted,18.3,339.5,3.95,0.0,1015.88,73.25,92.5
1691758800,2023-08-11 13:00:00,2023-08-11 15:00:00,ringsted,18.85,366.0,4.075,0.0,1015.91,71.5,95.0
1691762400,2023-08-11 14:00:00,2023-08-11 16:00:00,ringsted,19.375,350.5,3.975,0.0,1015.74,70.5,96.6667
1691766000,2023-08-11 15:00:00,2023-08-11 17:00:00,ringsted,19.675,232.5,3.8,0.0,1015.62,69.5,96.6667
1691769600,2023-08-11 16:00:00,2023-08-11 18:00:00,ringsted,19.725,184.5,3.4,0.0,1015.4,69.25,64.1667
1691773200,2023-08-11 17:00:00,2023-08-11 19:00:00,ringsted,19.675,174.0,3.075,0.0,1015.3,69.25,47.5
1691776800,2023-08-11 18:00:00,2023-08-11 20:00:00,ringsted,19.525,103.5,2.9,0.0,1015.38,69.5,33.3333
1691780400,2023-08-11 19:00:00,2023-08-11 21:00:00,ringsted,18.15,17.0,2.1,0.0,1015.32,76.5,17.5
1691784000,2023-08-11 20:00:00,2023-08-11 22:00:00,ringsted,16.8,0.0,2.25,0.0,1015.08,81.75,30.4167
1691787600,2023-08-11 21:00:00,2023-08-11 23:00:00,ringsted,16.225,0.0,2.45,0.0,1014.82,84.25,38.75
1691791200,2023-08-11 22:00:00,2023-08-12 00:00:00,ringsted,16.15,0.0,2.75,0.0,1014.67,83.75,45.0
1691794800,2023-08-11 23:00:00,2023-08-12 01:00:00,ringsted,16.5,0.0,3.1,0.0,1014.4,83.25,64.5833
1691798400,2023-08-12 00:00:00,2023-08-12 02:00:00,ringsted,16.8,0.0,3.25,0.0,1014.1,83.75,87.5
1691802000,2023-08-12 01:00:00,2023-08-12 03:00:00,ringsted,17.0,0.0,3.3,0.0,1013.79,83.75,91.6667
1691805600,2023-08-12 02:00:00,2023-08-12 04:00:00,ringsted,17.5,0.0,3.575,0.0,1013.49,81.75,91.6667
1691809200,2023-08-12 03:00:00,2023-08-12 05:00:00,ringsted,17.325,0.0,4.125,0.325,1013.14,81.5,90.8333
1691812800,2023-08-12 04:00:00,2023-08-12 06:00:00,ringsted,17.1,0.0,3.1,0.275,1012.71,82.5,92.5
1691816400,2023-08-12 05:00:00,2023-08-12 07:00:00,ringsted,16.825,20.5,2.45,0.025,1012.48,84.25,76.6667
1691820000,2023-08-12 06:00:00,2023-08-12 08:00:00,ringsted,17.2,88.5,2.825,0.0,1012.47,82.75,86.25
1691823600,2023-08-12 07:00:00,2023-08-12 09:00:00,ringsted,18.175,133.5,3.1,0.0,1012.05,78.25,56.25
1691827200,2023-08-12 08:00:00,2023-08-12 10:00:00,ringsted,18.975,182.0,2.625,0.0,1011.88,75.5,94.1667
1691830800,2023-08-12 09:00:00,2023-08-12 11:00:00,ringsted,19.175,204.0,2.625,0.0,1011.79,75.75,83.3333
1691834400,2023-08-12 10:00:00,2023-08-12 12:00:00,ringsted,19.525,231.0,2.2,0.075,1011.48,74.5,76.25
1691838000,2023-08-12 11:00:00,2023-08-12 13:00:00,ringsted,19.7,171.5,1.075,0.6,1010.99,75.75,86.6667
1691841600,2023-08-12 12:00:00,2023-08-12 14:00:00,ringsted,19.65,183.5,1.1,0.075,1010.44,79.5,63.75
1691845200,2023-08-12 13:00:00,2023-08-12 15:00:00,ringsted,19.85,230.5,1.975,0.05,1009.9,80.25,71.6667
1691848800,2023-08-12 14:00:00,2023-08-12 16:00:00,ringsted,19.675,189.0,2.05,0.175,1009.37,81.5,80.8333
1691852400,2023-08-12 15:00:00,2023-08-12 17:00:00,ringsted,19.1,80.5,1.65,0.7,1009.07,85.75,95.0
1691856000,2023-08-12 16:00:00,2023-08-12 18:00:00,ringsted,18.0,48.0,1.625,2.45,1008.45,91.5,95.0
1691859600,2023-08-12 17:00:00,2023-08-12 19:00:00,ringsted,17.525,33.0,1.3,1.3,1008.04,94.0,91.6667
1691863200,2023-08-12 18:00:00,2023-08-12 20:00:00,ringsted,17.15,9.5,1.8,1.7,1007.92,95.75,92.5
1691866800,2023-08-12 19:00:00,2023-08-12 21:00:00,ringsted,16.725,5.5,1.45,1.35,1008.09,97.25,85.0
1691870400,2023-08-12 20:00:00,2023-08-12 22:00:00,ringsted,16.5,0.0,1.75,0.025,1008.45,97.5,64.5833
1691874000,2023-08-12 21:00:00,2023-08-12 23:00:00,ringsted,16.525,0.0,2.625,0.0,1008.81,97.75,83.3333
1691877600,2023-08-12 22:00:00,2023-08-13 00:00:00,ringsted,16.475,0.0,2.85,0.0,1009.05,97.5,67.9167
1691881200,2023-08-12 23:00:00,2023-08-13 01:00:00,ringsted,16.15,0.0,2.3,0.0,1009.27,97.5,55.0
1691884800,2023-08-13 00:00:00,2023-08-13 02:00:00,ringsted,15.825,0.0,2.05,0.0,1009.54,97.5,65.0
1691888400,2023-08-13 01:00:00,2023-08-13 03:00:00,ringsted,15.925,0.0,2.275,0.0,1009.88,97.5,66.6667
1691892000,2023-08-13 02:00:00,2023-08-13 04:00:00,ringsted,15.95,0.0,2.65,0.0,1010.15,96.75,52.5
1691895600,2023-08-13 03:00:00,2023-08-13 05:00:00,ringsted,15.3,0.0,2.6,0.0,1010.33,96.0,23.75
1691899200,2023-08-13 04:00:00,2023-08-13 06:00:00,ringsted,14.7,2.0,2.725,0.0,1010.75,96.5,49.1667
1691902800,2023-08-13 05:00:00,2023-08-13 07:00:00,ringsted,14.825,33.5,2.75,0.0,1011.03,96.0,86.6667
1691906400,2023-08-13 06:00:00,2023-08-13 08:00:00,ringsted,15.3,124.5,2.825,0.0,1011.24,95.25,82.5
1691910000,2023-08-13 07:00:00,2023-08-13 09:00:00,ringsted,16.175,269.5,3.15,0.0,1011.47,92.75,61.6667
1691913600,2023-08-13 08:00:00,2023-08-13 10:00:00,ringsted,17.225,328.5,3.775,0.0,1011.65,88.5,65.4167
1691917200,2023-08-13 09:00:00,2023-08-13 11:00:00,ringsted,18.35,457.5,4.275,0.0,1011.67,82.5,70.0
1691920800,2023-08-13 10:00:00,2023-08-13 12:00:00,ringsted,19.175,563.0,4.5,0.0,1011.66,77.5,42.5
1691924400,2023-08-13 11:00:00,2023-08-13 13:00:00,ringsted,20.1,683.5,5.45,0.0,1011.81,71.0,62.0833
1691928000,2023-08-13 12:00:00,2023-08-13 14:00:00,ringsted,20.625,714.5,5.05,0.0,1011.83,67.25,22.5
1691931600,2023-08-13 13:00:00,2023-08-13 15:00:00,ringsted,20.9,632.5,5.125,0.0,1011.88,67.25,22.0833
1691935200,2023-08-13 14:00:00,2023-08-13 16:00:00,ringsted,21.0,548.0,5.275,0.0,1011.78,65.75,23.3333
1691938800,2023-08-13 15:00:00,2023-08-13 17:00:00,ringsted,21.425,525.5,5.075,0.0,1011.73,62.5,22.9167
1691942400,2023-08-13 16:00:00,2023-08-13 18:00:00,ringsted,21.525,400.5,4.6,0.0,1011.72,61.75,33.75
1691946000,2023-08-13 17:00:00,2023-08-13 19:00:00,ringsted,21.0,245.0,3.975,0.0,1011.76,64.0,7.5
1691949600,2023-08-13 18:00:00,2023-08-13 20:00:00,ringsted,20.25,107.5,2.675,0.0,1011.92,67.5,20.8333
1691953200,2023-08-13 19:00:00,2023-08-13 21:00:00,ringsted,18.475,18.5,1.15,0.0,1012.18,76.5,56.25
1691956800,2023-08-13 20:00:00,2023-08-13 22:00:00,ringsted,16.475,0.0,0.8,0.0,1012.39,86.5,28.3333
1691960400,2023-08-13 21:00:00,2023-08-13 23:00:00,ringsted,15.3,0.0,1.075,0.0,1012.46,91.0,9.16667
1691964000,2023-08-13 22:00:00,2023-08-14 00:00:00,ringsted,14.65,0.0,1.1,0.0,1012.45,93.25,40.0
1691967600,2023-08-13 23:00:00,2023-08-14 01:00:00,ringsted,14.55,0.0,1.6,0.0,1012.53,93.5,56.25
1691971200,2023-08-14 00:00:00,2023-08-14 02:00:00,ringsted,14.875,0.0,1.675,0.0,1012.54,93.0,25.0
1691974800,2023-08-14 01:00:00,2023-08-14 03:00:00,ringsted,14.575,0.0,1.45,0.0,1012.41,93.75,38.3333
1691978400,2023-08-14 02:00:00,2023-08-14 04:00:00,ringsted,14.525,0.0,1.65,0.0,1012.19,94.25,91.25
1691982000,2023-08-14 03:00:00,2023-08-14 05:00:00,ringsted,14.8,0.0,2.2,0.0,1012.1,94.0,95.0
1691985600,2023-08-14 04:00:00,2023-08-14 06:00:00,ringsted,15.4,1.5,2.275,0.0,1012.05,93.75,68.3333
1691989200,2023-08-14 05:00:00,2023-08-14 07:00:00,ringsted,15.8,32.5,2.1,0.0,1011.9,92.75,51.25
1691992800,2023-08-14 06:00:00,2023-08-14 08:00:00,ringsted,17.15,186.0,2.175,0.0,1012.0,89.0,1.66667
1691996400,2023-08-14 07:00:00,2023-08-14 09:00:00,ringsted,19.35,344.0,2.575,0.0,1012.08,79.75,7.5
1692000000,2023-08-14 08:00:00,2023-08-14 10:00:00,ringsted,21.45,487.5,3.35,0.0,1012.29,68.5,4.16667
1692003600,2023-08-14 09:00:00,2023-08-14 11:00:00,ringsted,22.8,579.0,3.925,0.0,1012.0,59.5,2.5
1692007200,2023-08-14 10:00:00,2023-08-14 12:00:00,ringsted,23.15,552.0,3.8,0.0,1011.99,58.25,1.66667
1692010800,2023-08-14 11:00:00,2023-08-14 13:00:00,ringsted,23.25,564.0,3.825,0.0,1012.03,58.25,3.33333
1692014400,2023-08-14 12:00:00,2023-08-14 14:00:00,ringsted,23.675,639.5,3.875,0.0,1011.94,57.25,10.0
1692018000,2023-08-14 13:00:00,2023-08-14 15:00:00,ringsted,23.8,564.5,3.925,0.0,1011.86,56.0,31.6667
1692021600,2023-08-14 14:00:00,2023-08-14 16:00:00,ringsted,24.0,625.0,4.175,0.0,1011.73,55.0,7.91667
1692025200,2023-08-14 15:00:00,2023-08-14 17:00:00,ringsted,24.15,542.0,3.85,0.0,1011.42,53.25,2.5
1692028800,2023-08-14 16:00:00,2023-08-14 18:00:00,ringsted,24.0,432.5,3.225,0.0,1011.35,52.75,0.0
1692032400,2023-08-14 17:00:00,2023-08-14 19:00:00,ringsted,23.375,274.5,3.0,0.0,1011.5,54.75,0.0
1692036000,2023-08-14 18:00:00,2023-08-14 20:00:00,ringsted,22.075,128.0,2.075,0.0,1011.42,61.0,0.0
1692039600,2023-08-14 19:00:00,2023-08-14 21:00:00,ringsted,20.2,31.0,1.7,0.0,1011.5,70.75,2.5
1692043200,2023-08-14 20:00:00,2023-08-14 22:00:00,ringsted,17.975,0.0,1.775,0.0,1011.55,81.75,27.5
1692046800,2023-08-14 21:00:00,2023-08-14 23:00:00,ringsted,17.025,0.0,2.25,0.0,1011.39,87.0,62.0833
1692050400,2023-08-14 22:00:00,2023-08-15 00:00:00,ringsted,16.9,0.0,2.075,0.0,1010.96,88.5,81.25
1692054000,2023-08-14 23:00:00,2023-08-15 01:00:00,ringsted,16.875,0.0,2.4,0.0,1010.54,88.0,83.3333
1692057600,2023-08-15 00:00:00,2023-08-15 02:00:00,ringsted,17.175,0.0,2.575,0.0,1010.02,86.5,87.5
1692061200,2023-08-15 01:00:00,2023-08-15 03:00:00,ringsted,17.375,0.0,2.725,0.0,1009.75,85.75,56.6667
1692064800,2023-08-15 02:00:00,2023-08-15 04:00:00,ringsted,17.375,0.0,3.25,0.0,1009.45,87.0,41.6667
1692068400,2023-08-15 03:00:00,2023-08-15 05:00:00,ringsted,17.2,0.0,3.25,0.0,1008.77,88.5,24.5833
1692072000,2023-08-15 04:00:00,2023-08-15 06:00:00,ringsted,16.85,1.5,2.75,0.0,1008.53,89.75,4.16667
1692075600,2023-08-15 05:00:00,2023-08-15 07:00:00,ringsted,16.975,52.0,2.725,0.0,1008.53,90.0,37.5
1692079200,2023-08-15 06:00:00,2023-08-15 08:00:00,ringsted,18.6,168.0,2.425,0.0,1008.5,86.25,35.4167
1692082800,2023-08-15 07:00:00,2023-08-15 09:00:00,ringsted,20.625,346.5,2.75,0.0,1008.52,81.5,58.75
1692086400,2023-08-15 08:00:00,2023-08-15 10:00:00,ringsted,22.35,356.5,2.475,0.0,1008.82,76.25,55.4167
1692090000,2023-08-15 09:00:00,2023-08-15 11:00:00,ringsted,23.125,386.5,3.15,0.0,1009.12,74.25,67.5
1692093600,2023-08-15 10:00:00,2023-08-15 12:00:00,ringsted,23.625,375.5,3.7,0.025,1009.25,74.5,86.25
1692097200,2023-08-15 11:00:00,2023-08-15 13:00:00,ringsted,23.925,263.5,4.1,0.3,1009.51,73.0,82.5
1692100800,2023-08-15 12:00:00,2023-08-15 14:00:00,ringsted,22.625,160.0,4.075,0.8,1009.7,80.25,57.5
1692104400,2023-08-15 13:00:00,2023-08-15 15:00:00,ringsted,21.875,378.0,3.125,0.3,1009.95,88.0,49.1667
1692108000,2023-08-15 14:00:00,2023-08-15 16:00:00,ringsted,23.55,576.5,4.5,0.0,1010.08,77.75,36.6667
1692111600,2023-08-15 15:00:00,2023-08-15 17:00:00,ringsted,24.15,382.0,4.9,0.0,1010.2,72.75,37.9167
1692115200,2023-08-15 16:00:00,2023-08-15 18:00:00,ringsted,23.775,337.0,4.925,0.0,1010.55,72.5,7.5
1692118800,2023-08-15 17:00:00,2023-08-15 19:00:00,ringsted,23.175,238.5,4.975,0.0,1011.14,73.5,15.8333
1692122400,2023-08-15 18:00:00,2023-08-15 20:00:00,ringsted,22.275,114.0,4.475,0.0,1011.91,70.5,4.16667
1692126000,2023-08-15 19:00:00,2023-08-15 21:00:00,ringsted,20.525,25.0,3.425,0.0,1012.57,72.0,13.75
1692129600,2023-08-15 20:00:00,2023-08-15 22:00:00,ringsted,18.975,0.5,2.65,0.0,1013.03,74.25,21.6667
1692133200,2023-08-15 21:00:00,2023-08-15 23:00:00,ringsted,17.925,0.0,2.2,0.0,1013.28,77.25,12.5
1692136800,2023-08-15 22:00:00,2023-08-16 00:00:00,ringsted,16.95,0.0,1.875,0.0,1013.4,81.75,0.0
1692140400,2023-08-15 23:00:00,2023-08-16 01:00:00,ringsted,16.3,0.0,1.9,0.0,1013.7,84.75,0.0
1692144000,2023-08-16 00:00:00,2023-08-16 02:00:00,ringsted,15.45,0.0,1.65,0.0,1013.98,87.25,0.0
1692147600,2023-08-16 01:00:00,2023-08-16 03:00:00,ringsted,14.65,0.0,1.275,0.0,1014.18,89.25,0.0
1692151200,2023-08-16 02:00:00,2023-08-16 04:00:00,ringsted,14.025,0.0,1.4,0.0,1014.33,92.75,0.0
1692154800,2023-08-16 03:00:00,2023-08-16 05:00:00,ringsted,13.65,0.0,1.9,0.0,1014.58,94.5,0.0
1692158400,2023-08-16 04:00:00,2023-08-16 06:00:00,ringsted,13.25,1.0,1.75,0.0,1015.01,95.5,4.16667
1692162000,2023-08-16 05:00:00,2023-08-16 07:00:00,ringsted,13.225,28.0,1.9,0.0,1015.42,95.75,19.5833
1692165600,2023-08-16 06:00:00,2023-08-16 08:00:00,ringsted,14.775,159.5,2.625,0.0,1015.73,92.0,74.5833
1692169200,2023-08-16 07:00:00,2023-08-16 09:00:00,ringsted,16.675,311.5,3.6,0.0,1016.01,82.5,55.8333
1692172800,2023-08-16 08:00:00,2023-08-16 10:00:00,ringsted,17.775,470.0,4.625,0.0,1016.41,73.75,75.0
1692176400,2023-08-16 09:00:00,2023-08-16 11:00:00,ringsted,18.375,440.5,4.675,0.0,1016.71,68.25,47.9167
1692180000,2023-08-16 10:00:00,2023-08-16 12:00:00,ringsted,19.075,659.0,4.825,0.0,1016.94,64.0,54.5833
1692183600,2023-08-16 11:00:00,2023-08-16 13:00:00,ringsted,19.6,585.5,4.75,0.0,1017.0,62.0,48.3333
1692187200,2023-08-16 12:00:00,2023-08-16 14:00:00,ringsted,20.125,722.5,4.975,0.0,1017.06,59.5,35.8333
1692190800,2023-08-16 13:00:00,2023-08-16 15:00:00,ringsted,20.5,614.5,4.95,0.0,1017.1,57.5,32.9167
1692194400,2023-08-16 14:00:00,2023-08-16 16:00:00,ringsted,20.9,565.5,4.6,0.0,1017.19,55.75,36.25
1692198000,2023-08-16 15:00:00,2023-08-16 17:00:00,ringsted,21.025,477.5,4.35,0.0,1017.24,55.5,17.5
1692201600,2023-08-16 16:00:00,2023-08-16 18:00:00,ringsted,21.15,427.0,4.175,0.025,1017.16,54.5,4.16667
1692205200,2023-08-16 17:00:00,2023-08-16 19:00:00,ringsted,20.8,268.5,3.9,0.025,1017.32,55.75,3.75
1692208800,2023-08-16 18:00:00,2023-08-16 20:00:00,ringsted,20.025,129.0,3.1,0.0,1017.69,60.0,0.0
1692212400,2023-08-16 19:00:00,2023-08-16 21:00:00,ringsted,18.125,21.5,1.525,0.0,1018.16,70.25,0.0
1692216000,2023-08-16 20:00:00,2023-08-16 22:00:00,ringsted,16.125,0.0,1.175,0.0,1018.51,80.5,0.0
1692219600,2023-08-16 21:00:00,2023-08-16 23:00:00,ringsted,14.475,0.0,0.5,0.0,1018.6,87.75,0.0
1692223200,2023-08-16 22:00:00,2023-08-17 00:00:00,ringsted,13.65,0.0,0.725,0.0,1018.63,91.25,0.0
1692226800,2023-08-16 23:00:00,2023-08-17 01:00:00,ringsted,13.05,0.0,0.875,0.0,1018.75,93.0,0.0
1692230400,2023-08-17 00:00:00,2023-08-17 02:00:00,ringsted,12.55,0.0,0.9,0.0,1018.93,95.5,0.0
1692234000,2023-08-17 01:00:00,2023-08-17 03:00:00,ringsted,12.2,0.0,1.125,0.0,1018.98,96.5,0.0
1692237600,2023-08-17 02:00:00,2023-08-17 04:00:00,ringsted,11.975,0.0,1.075,0.0,1018.79,97.25,0.833333
1692241200,2023-08-17 03:00:00,2023-08-17 05:00:00,ringsted,11.25,0.0,1.3,0.0,1018.81,97.75,22.9167
1692244800,2023-08-17 04:00:00,2023-08-17 06:00:00,ringsted,11.3,3.0,1.175,0.0,1019.28,97.5,75.0
1692248400,2023-08-17 05:00:00,2023-08-17 07:00:00,ringsted,12.275,59.5,1.275,0.0,1019.55,96.25,69.5833
1692252000,2023-08-17 06:00:00,2023-08-17 08:00:00,ringsted,14.575,167.0,1.975,0.0,1019.68,90.75,37.9167
1692255600,2023-08-17 07:00:00,2023-08-17 09:00:00,ringsted,15.95,261.0,2.9,0.0,1019.91,86.5,23.75
1692259200,2023-08-17 08:00:00,2023-08-17 10:00:00,ringsted,17.025,341.5,2.85,0.0,1019.91,82.5,41.25
1692262800,2023-08-17 09:00:00,2023-08-17 11:00:00,ringsted,17.8,334.0,2.5,0.0,1019.79,78.25,46.6667
1692266400,2023-08-17 10:00:00,2023-08-17 12:00:00,ringsted,18.225,292.0,2.375,0.0,1019.88,76.5,47.0833
1692270000,2023-08-17 11:00:00,2023-08-17 13:00:00,ringsted,18.55,241.0,2.325,0.0,1019.88,74.25,54.1667
1692273600,2023-08-17 12:00:00,2023-08-17 14:00:00,ringsted,18.625,187.0,2.475,0.0,1019.81,73.0,54.5833
1692277200,2023-08-17 13:00:00,2023-08-17 15:00:00,ringsted,18.625,213.0,2.55,0.0,1019.68,73.75,69.5833
1692280800,2023-08-17 14:00:00,2023-08-17 16:00:00,ringsted,18.225,143.0,2.025,0.0,1019.55,77.25,75.4167
1692284400,2023-08-17 15:00:00,2023-08-17 17:00:00,ringsted,17.9,91.5,1.725,0.2,1019.36,79.5,82.5
1692288000,2023-08-17 16:00:00,2023-08-17 18:00:00,ringsted,17.625,73.5,1.3,0.025,1019.3,83.0,92.5
1692291600,2023-08-17 17:00:00,2023-08-17 19:00:00,ringsted,17.325,60.5,1.225,0.175,1019.34,86.0,91.6667
1692295200,2023-08-17 18:00:00,2023-08-17 20:00:00,ringsted,16.925,24.5,1.475,0.275,1019.41,89.5,88.3333
1692298800,2023-08-17 19:00:00,2023-08-17 21:00:00,ringsted,16.4,4.5,1.5,0.2,1019.43,91.75,96.6667
1692302400,2023-08-17 20:00:00,2023-08-17 22:00:00,ringsted,16.0,0.0,1.4,0.4,1019.24,93.5,98.3333
1692306000,2023-08-17 21:00:00,2023-08-17 23:00:00,ringsted,15.8,0.0,2.125,0.1,1019.12,94.25,96.6667
1692309600,2023-08-17 22:00:00,2023-08-18 00:00:00,ringsted,15.825,0.0,1.975,0.025,1018.94,94.75,96.6667
1692313200,2023-08-17 23:00:00,2023-08-18 01:00:00,ringsted,15.85,0.0,2.025,0.0,1018.91,94.25,98.3333
1692316800,2023-08-18 00:00:00,2023-08-18 02:00:00,ringsted,16.15,0.0,2.25,0.0,1018.81,90.0,94.1667
1692320400,2023-08-18 01:00:00,2023-08-18 03:00:00,ringsted,16.125,0.0,2.475,0.35,1018.52,87.75,95.8333
1692324000,2023-08-18 02:00:00,2023-08-18 04:00:00,ringsted,15.825,0.0,2.375,0.175,1018.26,89.25,95.0
1692327600,2023-08-18 03:00:00,2023-08-18 05:00:00,ringsted,15.475,0.0,2.475,1.375,1018.1,91.0,95.8333
1692331200,2023-08-18 04:00:00,2023-08-18 06:00:00,ringsted,15.225,0.0,3.0,0.3,1017.93,92.25,97.5
1692334800,2023-08-18 05:00:00,2023-08-18 07:00:00,ringsted,15.475,11.0,3.475,0.0,1017.71,91.0,97.5
1692338400,2023-08-18 06:00:00,2023-08-18 08:00:00,ringsted,15.9,40.5,3.7,0.0,1017.52,89.0,95.0
1692342000,2023-08-18 07:00:00,2023-08-18 09:00:00,ringsted,16.35,82.5,4.325,0.0,1017.49,87.25,95.0
1692345600,2023-08-18 08:00:00,2023-08-18 10:00:00,ringsted,16.95,164.0,4.65,0.0,1017.57,86.75,93.3333
1692349200,2023-08-18 09:00:00,2023-08-18 11:00:00,ringsted,17.55,257.5,5.55,0.0,1017.57,86.0,90.0
1692352800,2023-08-18 10:00:00,2023-08-18 12:00:00,ringsted,18.525,448.5,5.575,0.0,1017.34,82.5,73.3333
1692356400,2023-08-18 11:00:00,2023-08-18 13:00:00,ringsted,19.85,630.0,5.775,0.0,1017.05,77.0,23.3333
1692360000,2023-08-18 12:00:00,2023-08-18 14:00:00,ringsted,20.825,622.0,5.5,0.0,1016.92,72.75,23.3333
1692363600,2023-08-18 13:00:00,2023-08-18 15:00:00,ringsted,21.15,540.5,5.4,0.0,1016.96,71.75,47.0833
1692367200,2023-08-18 14:00:00,2023-08-18 16:00:00,ringsted,20.7,374.5,4.75,0.0,1016.65,75.0,73.3333
1692370800,2023-08-18 15:00:00,2023-08-18 17:00:00,ringsted,20.9,305.5,4.75,0.0,1016.33,75.0,69.5833
1692374400,2023-08-18 16:00:00,2023-08-18 18:00:00,ringsted,20.95,262.5,4.925,0.0,1016.3,75.75,76.6667
1692378000,2023-08-18 17:00:00,2023-08-18 19:00:00,ringsted,20.575,177.0,4.85,0.0,1016.3,78.25,22.0833
1692381600,2023-08-18 18:00:00,2023-08-18 20:00:00,ringsted,19.4,74.0,4.425,0.0,1016.3,84.0,3.33333
1692385200,2023-08-18 19:00:00,2023-08-18 21:00:00,ringsted,18.425,10.5,4.025,0.0,1016.46,87.25,31.25
1692388800,2023-08-18 20:00:00,2023-08-18 22:00:00,ringsted,18.075,0.0,4.7,0.0,1016.4,87.75,16.25
1692392400,2023-08-18 21:00:00,2023-08-18 23:00:00,ringsted,17.6,0.0,4.425,0.0,1016.2,89.5,5.0
1692396000,2023-08-18 22:00:00,2023-08-19 00:00:00,ringsted,17.425,0.0,4.925,0.0,1015.92,90.75,84.5833
1692399600,2023-08-18 23:00:00,2023-08-19 01:00:00,ringsted,17.3,0.0,4.575,0.0,1015.62,93.0,54.5833
1692403200,2023-08-19 00:00:00,2023-08-19 02:00:00,ringsted,16.825,0.0,4.125,0.0,1015.29,95.0,49.1667
1692406800,2023-08-19 01:00:00,2023-08-19 03:00:00,ringsted,16.6,0.0,4.15,0.0,1015.21,96.5,83.3333
1692410400,2023-08-19 02:00:00,2023-08-19 04:00:00,ringsted,16.7,0.0,4.35,0.0,1015.04,96.75,100.167
1692414000,2023-08-19 03:00:00,2023-08-19 05:00:00,ringsted,16.7,0.0,4.525,0.0,1014.92,97.25,101.167
1692417600,2023-08-19 04:00:00,2023-08-19 06:00:00,ringsted,16.575,0.0,4.7,0.0,1015.09,97.5,103.167
1692421200,2023-08-19 05:00:00,2023-08-19 07:00:00,ringsted,16.45,10.0,4.7,0.025,1015.1,98.25,106.0
1692424800,2023-08-19 06:00:00,2023-08-19 08:00:00,ringsted,16.525,43.5,4.7,0.0,1015.14,98.0,84.1667
1692428400,2023-08-19 07:00:00,2023-08-19 09:00:00,ringsted,17.1,109.0,4.9,0.0,1015.17,95.75,81.25
1692432000,2023-08-19 08:00:00,2023-08-19 10:00:00,ringsted,17.85,203.5,5.55,0.0,1015.25,93.0,96.6667
1692435600,2023-08-19 09:00:00,2023-08-19 11:00:00,ringsted,18.35,264.5,5.35,0.0,1015.45,91.75,97.5
1692439200,2023-08-19 10:00:00,2023-08-19 12:00:00,ringsted,18.825,393.0,5.65,0.0,1015.19,88.75,62.5
1692442800,2023-08-19 11:00:00,2023-08-19 13:00:00,ringsted,19.525,508.5,6.325,0.0,1015.13,85.0,51.6667
1692446400,2023-08-19 12:00:00,2023-08-19 14:00:00,ringsted,19.8,447.0,6.575,0.0,1014.88,85.0,45.0
1692450000,2023-08-19 13:00:00,2023-08-19 15:00:00,ringsted,20.525,551.0,6.5,0.0,1014.75,82.0,7.91667
1692453600,2023-08-19 14:00:00,2023-08-19 16:00:00,ringsted,20.95,540.0,6.45,0.0,1014.64,80.0,20.0
1692457200,2023-08-19 15:00:00,2023-08-19 17:00:00,ringsted,20.575,290.5,6.075,0.0,1014.55,81.5,34.1667
1692460800,2023-08-19 16:00:00,2023-08-19 18:00:00,ringsted,19.725,128.0,5.15,0.0,1014.5,85.0,71.25
1692464400,2023-08-19 17:00:00,2023-08-19 19:00:00,ringsted,18.975,68.5,4.625,0.05,1014.41,88.0,72.0833
1692468000,2023-08-19 18:00:00,2023-08-19 20:00:00,ringsted,18.5,34.0,4.125,0.0,1014.16,90.25,54.5833
1692471600,2023-08-19 19:00:00,2023-08-19 21:00:00,ringsted,17.925,6.0,4.425,0.0,1014.04,93.25,92.5
1692475200,2023-08-19 20:00:00,2023-08-19 22:00:00,ringsted,17.65,0.0,4.675,0.0,1014.62,94.25,89.5833
1692478800,2023-08-19 21:00:00,2023-08-19 23:00:00,ringsted,17.7,0.0,4.85,5.6,1015.21,95.0,91.6667
1692482400,2023-08-19 22:00:00,2023-08-20 00:00:00,ringsted,17.45,0.0,3.95,4.575,1014.89,96.75,95.0
1692486000,2023-08-19 23:00:00,2023-08-20 01:00:00,ringsted,17.55,0.0,2.575,3.4,1014.64,97.75,90.0
1692489600,2023-08-20 00:00:00,2023-08-20 02:00:00,ringsted,17.475,0.0,2.6,0.325,1015.17,98.0,93.3333
1692493200,2023-08-20 01:00:00,2023-08-20 03:00:00,ringsted,17.45,0.0,3.075,0.0,1015.25,98.25,96.6667
1692496800,2023-08-20 02:00:00,2023-08-20 04:00:00,ringsted,17.225,0.0,2.525,0.0,1015.29,98.5,73.3333
1692500400,2023-08-20 03:00:00,2023-08-20 05:00:00,ringsted,17.15,0.0,2.525,0.1,1015.23,98.75,94.1667
1692504000,2023-08-20 04:00:00,2023-08-20 06:00:00,ringsted,17.175,0.0,2.55,0.0,1015.39,98.75,98.3333
1692507600,2023-08-20 05:00:00,2023-08-20 07:00:00,ringsted,17.2,9.0,2.3,0.0,1015.75,98.75,97.5
1692511200,2023-08-20 06:00:00,2023-08-20 08:00:00,ringsted,17.375,43.5,2.825,0.0,1016.04,98.75,87.5
1692514800,2023-08-20 07:00:00,2023-08-20 09:00:00,ringsted,17.45,131.0,2.65,0.0,1016.35,97.0,75.8333
1692518400,2023-08-20 08:00:00,2023-08-20 10:00:00,ringsted,17.575,242.5,3.125,0.0,1016.75,94.5,81.6667
1692522000,2023-08-20 09:00:00,2023-08-20 11:00:00,ringsted,18.275,330.0,2.95,0.0,1017.08,89.0,77.5
1692525600,2023-08-20 10:00:00,2023-08-20 12:00:00,ringsted,19.225,502.0,3.625,0.0,1017.1,81.25,57.9167
1692529200,2023-08-20 11:00:00,2023-08-20 13:00:00,ringsted,20.175,587.5,3.525,0.0,1017.14,75.75,31.6667
1692532800,2023-08-20 12:00:00,2023-08-20 14:00:00,ringsted,20.725,613.5,4.0,0.0,1017.27,72.0,24.1667
1692536400,2023-08-20 13:00:00,2023-08-20 15:00:00,ringsted,21.2,631.0,3.975,0.0,1017.2,70.5,25.0
1692540000,2023-08-20 14:00:00,2023-08-20 16:00:00,ringsted,21.55,649.5,3.875,0.0,1017.11,68.75,9.58333
1692543600,2023-08-20 15:00:00,2023-08-20 17:00:00,ringsted,21.7,437.5,3.5,0.0,1016.78,67.0,19.5833
1692547200,2023-08-20 16:00:00,2023-08-20 18:00:00,ringsted,21.975,382.5,3.175,0.0,1016.65,65.75,3.75
1692550800,2023-08-20 17:00:00,2023-08-20 19:00:00,ringsted,21.95,268.5,3.075,0.0,1016.6,65.0,3.33333
1692554400,2023-08-20 18:00:00,2023-08-20 20:00:00,ringsted,21.175,102.5,2.4,0.0,1016.68,68.75,0.0
1692558000,2023-08-20 19:00:00,2023-08-20 21:00:00,ringsted,19.2,11.5,1.175,0.0,1017.03,79.25,0.0
1692561600,2023-08-20 20:00:00,2023-08-20 22:00:00,ringsted,17.3,0.0,1.3,0.0,1017.15,87.25,0.0
1692565200,2023-08-20 21:00:00,2023-08-20 23:00:00,ringsted,16.65,0.0,1.0,0.0,1017.28,90.0,11.6667
1692568800,2023-08-20 22:00:00,2023-08-21 00:00:00,ringsted,16.6,0.0,1.325,0.0,1017.22,90.5,5.0
1692572400,2023-08-20 23:00:00,2023-08-21 01:00:00,ringsted,15.95,0.0,1.4,0.0,1017.07,92.5,0.0
1692576000,2023-08-21 00:00:00,2023-08-21 02:00:00,ringsted,15.75,0.0,1.375,0.0,1016.91,94.5,0.0
1692579600,2023-08-21 01:00:00,2023-08-21 03:00:00,ringsted,15.3,0.0,1.35,0.0,1017.05,96.75,0.833333
1692583200,2023-08-21 02:00:00,2023-08-21 04:00:00,ringsted,15.325,0.0,2.1,0.0,1017.19,97.25,20.0
1692586800,2023-08-21 03:00:00,2023-08-21 05:00:00,ringsted,14.85,0.0,1.95,0.0,1017.06,97.5,6.66667
1692590400,2023-08-21 04:00:00,2023-08-21 06:00:00,ringsted,14.25,0.0,1.3,0.0,1017.1,98.0,2.91667
1692594000,2023-08-21 05:00:00,2023-08-21 07:00:00,ringsted,14.15,27.5,1.475,0.0,1017.32,98.75,12.5
1692597600,2023-08-21 06:00:00,2023-08-21 08:00:00,ringsted,15.325,126.0,1.9,0.0,1017.45,97.25,18.3333
1692601200,2023-08-21 07:00:00,2023-08-21 09:00:00,ringsted,16.625,287.5,2.825,0.0,1017.61,91.5,0.833333
1692604800,2023-08-21 08:00:00,2023-08-21 10:00:00,ringsted,18.075,450.5,3.5,0.0,1017.75,82.0,0.833333
1692608400,2023-08-21 09:00:00,2023-08-21 11:00:00,ringsted,19.45,578.5,4.0,0.0,1017.7,71.75,7.5
1692612000,2023-08-21 10:00:00,2023-08-21 12:00:00,ringsted,20.15,558.5,4.425,0.0,1017.63,66.25,32.9167
1692615600,2023-08-21 11:00:00,2023-08-21 13:00:00,ringsted,20.775,615.0,4.85,0.0,1017.75,64.5,54.5833
1692619200,2023-08-21 12:00:00,2023-08-21 14:00:00,ringsted,21.3,697.0,4.7,0.0,1017.88,62.25,57.0833
1692622800,2023-08-21 13:00:00,2023-08-21 15:00:00,ringsted,21.4,564.0,4.625,0.0,1017.81,61.0,35.4167
1692626400,2023-08-21 14:00:00,2023-08-21 16:00:00,ringsted,21.4,431.5,4.35,0.0,1017.67,60.75,22.9167
1692630000,2023-08-21 15:00:00,2023-08-21 17:00:00,ringsted,21.625,488.0,3.975,0.0,1017.37,59.0,10.8333
1692633600,2023-08-21 16:00:00,2023-08-21 18:00:00,ringsted,21.85,367.0,3.55,0.0,1017.08,56.75,12.0833
1692637200,2023-08-21 17:00:00,2023-08-21 19:00:00,ringsted,21.575,231.0,3.1,0.0,1016.89,58.0,1.66667
1692640800,2023-08-21 18:00:00,2023-08-21 20:00:00,ringsted,20.55,93.0,2.425,0.0,1016.95,66.25,0.0
1692644400,2023-08-21 19:00:00,2023-08-21 21:00:00,ringsted,18.325,8.5,2.05,0.0,1017.04,78.25,0.0
1692648000,2023-08-21 20:00:00,2023-08-21 22:00:00,ringsted,16.925,0.0,2.0,0.0,1017.02,83.5,0.0
1692651600,2023-08-21 21:00:00,2023-08-21 23:00:00,ringsted,16.425,0.0,1.9,0.0,1017.05,86.75,0.0
1692655200,2023-08-21 22:00:00,2023-08-22 00:00:00,ringsted,15.85,0.0,1.35,0.0,1016.85,89.5,9.16667
1692658800,2023-08-21 23:00:00,2023-08-22 01:00:00,ringsted,15.025,0.0,1.575,0.0,1016.55,92.5,57.0833
1692662400,2023-08-22 00:00:00,2023-08-22 02:00:00,ringsted,15.15,0.0,1.625,0.0,1016.07,93.0,64.5833
1692666000,2023-08-22 01:00:00,2023-08-22 03:00:00,ringsted,15.025,0.0,1.875,0.0,1015.74,94.0,74.1667
1692669600,2023-08-22 02:00:00,2023-08-22 04:00:00,ringsted,15.4,0.0,2.2,0.0,1015.43,93.5,90.0
1692673200,2023-08-22 03:00:00,2023-08-22 05:00:00,ringsted,15.55,0.0,1.45,0.0,1015.11,94.0,90.0
1692676800,2023-08-22 04:00:00,2023-08-22 06:00:00,ringsted,15.675,0.0,1.325,0.0,1014.92,93.75,55.4167
1692680400,2023-08-22 05:00:00,2023-08-22 07:00:00,ringsted,15.475,22.5,1.575,0.0,1014.72,93.5,32.0833
1692684000,2023-08-22 06:00:00,2023-08-22 08:00:00,ringsted,16.475,127.5,1.9,0.0,1014.56,91.5,15.0
1692687600,2023-08-22 07:00:00,2023-08-22 09:00:00,ringsted,18.2,279.5,2.5,0.0,1014.58,84.25,28.3333
1692691200,2023-08-22 08:00:00,2023-08-22 10:00:00,ringsted,19.675,430.0,3.35,0.0,1014.65,73.25,52.5
1692694800,2023-08-22 09:00:00,2023-08-22 11:00:00,ringsted,20.5,546.0,3.8,0.0,1014.53,68.0,69.1667
1692698400,2023-08-22 10:00:00,2023-08-22 12:00:00,ringsted,21.0,587.5,3.625,0.0,1014.35,65.0,45.0
1692702000,2023-08-22 11:00:00,2023-08-22 13:00:00,ringsted,21.4,626.5,3.875,0.0,1014.16,61.75,12.9167
1692705600,2023-08-22 12:00:00,2023-08-22 14:00:00,ringsted,21.85,709.5,4.1,0.0,1014.14,57.75,3.63636
1692709200,2023-08-22 13:00:00,2023-08-22 15:00:00,ringsted,22.275,690.5,3.75,0.0,1014.15,52.0,22.0833
1692712800,2023-08-22 14:00:00,2023-08-22 16:00:00,ringsted,22.45,548.0,3.4,0.0,1013.94,51.25,30.0
1692716400,2023-08-22 15:00:00,2023-08-22 17:00:00,ringsted,22.65,505.0,3.2,0.0,1013.82,51.75,17.5
1692720000,2023-08-22 16:00:00,2023-08-22 18:00:00,ringsted,22.425,380.5,3.15,0.025,1013.73,54.0,21.6667
1692723600,2023-08-22 17:00:00,2023-08-22 19:00:00,ringsted,22.075,223.5,3.025,0.0,1013.78,56.25,42.9167
1692727200,2023-08-22 18:00:00,2023-08-22 20:00:00,ringsted,20.925,81.5,2.275,0.0,1013.88,64.0,51.6667
1692730800,2023-08-22 19:00:00,2023-08-22 21:00:00,ringsted,19.325,8.5,1.85,0.0,1014.09,72.25,49.1667
1692734400,2023-08-22 20:00:00,2023-08-22 22:00:00,ringsted,18.075,0.0,1.825,0.0,1014.1,79.0,17.0833
1692738000,2023-08-22 21:00:00,2023-08-22 23:00:00,ringsted,17.575,0.0,1.85,0.0,1014.03,81.0,18.3333
1692741600,2023-08-22 22:00:00,2023-08-23 00:00:00,ringsted,17.075,0.0,1.4,0.0,1014.05,83.75,0.833333
1692745200,2023-08-22 23:00:00,2023-08-23 01:00:00,ringsted,15.9,0.0,1.05,0.0,1013.81,88.25,0.0
1692748800,2023-08-23 00:00:00,2023-08-23 02:00:00,ringsted,15.1,0.0,0.925,0.0,1013.56,91.5,0.0
1692752400,2023-08-23 01:00:00,2023-08-23 03:00:00,ringsted,14.3,0.0,0.725,0.0,1013.46,95.0,0.0
1692756000,2023-08-23 02:00:00,2023-08-23 04:00:00,ringsted,13.9,0.0,0.7,0.0,1013.38,97.0,24.1667
1692759600,2023-08-23 03:00:00,2023-08-23 05:00:00,ringsted,13.725,0.0,0.775,0.0,1013.34,97.5,61.25
1692763200,2023-08-23 04:00:00,2023-08-23 06:00:00,ringsted,14.025,0.0,0.5,0.0,1013.42,98.25,90.8333
1692766800,2023-08-23 05:00:00,2023-08-23 07:00:00,ringsted,14.8,18.0,1.1,0.0,1013.52,97.75,82.9167
1692770400,2023-08-23 06:00:00,2023-08-23 08:00:00,ringsted,16.025,63.5,1.25,0.0,1013.58,97.0,85.0
1692774000,2023-08-23 07:00:00,2023-08-23 09:00:00,ringsted,17.125,148.0,1.975,0.6,1013.56,92.75,77.5
1692777600,2023-08-23 08:00:00,2023-08-23 10:00:00,ringsted,17.9,326.5,2.625,0.125,1013.74,87.75,40.0
1692781200,2023-08-23 09:00:00,2023-08-23 11:00:00,ringsted,18.9,393.5,3.5,0.0,1013.89,78.25,36.25
1692784800,2023-08-23 10:00:00,2023-08-23 12:00:00,ringsted,19.65,559.5,4.2,0.0,1013.76,71.25,65.8333
1692788400,2023-08-23 11:00:00,2023-08-23 13:00:00,ringsted,20.425,563.0,4.225,0.0,1013.63,66.5,78.3333
1692792000,2023-08-23 12:00:00,2023-08-23 14:00:00,ringsted,20.65,511.0,4.55,0.0,1013.58,65.25,83.75
1692795600,2023-08-23 13:00:00,2023-08-23 15:00:00,ringsted,20.425,265.5,3.925,0.125,1013.55,67.75,90.8333
1692799200,2023-08-23 14:00:00,2023-08-23 16:00:00,ringsted,19.675,127.0,4.9,0.0,1013.41,72.5,91.6667
1692802800,2023-08-23 15:00:00,2023-08-23 17:00:00,ringsted,18.425,160.0,4.2,0.0,1013.26,78.75,79.1667
1692806400,2023-08-23 16:00:00,2023-08-23 18:00:00,ringsted,18.85,170.5,3.425,0.0,1012.99,76.75,75.0
1692810000,2023-08-23 17:00:00,2023-08-23 19:00:00,ringsted,19.075,106.5,3.325,0.0,1012.75,75.75,83.75
1692813600,2023-08-23 18:00:00,2023-08-23 20:00:00,ringsted,18.675,53.5,3.075,0.0,1012.92,79.5,90.0
1692817200,2023-08-23 19:00:00,2023-08-23 21:00:00,ringsted,18.075,3.0,2.325,0.0,1013.27,82.25,95.0
1692820800,2023-08-23 20:00:00,2023-08-23 22:00:00,ringsted,17.975,0.0,2.825,0.0,1013.32,81.5,98.3333
1692824400,2023-08-23 21:00:00,2023-08-23 23:00:00,ringsted,17.55,0.0,2.275,0.0,1013.35,83.25,88.3333
1692828000,2023-08-23 22:00:00,2023-08-24 00:00:00,ringsted,16.95,0.0,2.175,0.0,1013.32,85.0,30.4167
1692831600,2023-08-23 23:00:00,2023-08-24 01:00:00,ringsted,16.125,0.0,2.0,0.0,1013.25,87.5,0.833333
1692835200,2023-08-24 00:00:00,2023-08-24 02:00:00,ringsted,15.025,0.0,1.775,0.0,1013.17,91.0,0.0
1692838800,2023-08-24 01:00:00,2023-08-24 03:00:00,ringsted,14.3,0.0,1.95,0.0,1013.15,94.0,0.0
1692842400,2023-08-24 02:00:00,2023-08-24 04:00:00,ringsted,13.9,0.0,1.525,0.0,1013.12,95.5,0.0
1692846000,2023-08-24 03:00:00,2023-08-24 05:00:00,ringsted,13.275,0.0,1.225,0.0,1012.95,97.25,8.33333
1692849600,2023-08-24 04:00:00,2023-08-24 06:00:00,ringsted,12.925,0.0,1.0,0.0,1012.93,98.0,15.0
1692853200,2023-08-24 05:00:00,2023-08-24 07:00:00,ringsted,12.45,27.5,0.9,0.0,1012.96,98.0,5.0
1692856800,2023-08-24 06:00:00,2023-08-24 08:00:00,ringsted,13.975,118.0,1.575,0.0,1012.97,97.25,22.9167
1692860400,2023-08-24 07:00:00,2023-08-24 09:00:00,ringsted,15.65,271.5,2.55,0.0,1013.01,91.25,37.5
1692864000,2023-08-24 08:00:00,2023-08-24 10:00:00,ringsted,16.95,374.0,3.1,0.0,1013.1,80.75,56.6667
1692867600,2023-08-24 09:00:00,2023-08-24 11:00:00,ringsted,17.75,439.5,3.15,0.0,1012.89,73.5,30.0
1692871200,2023-08-24 10:00:00,2023-08-24 12:00:00,ringsted,18.55,512.0,3.275,0.0,1012.56,69.0,45.0
1692874800,2023-08-24 11:00:00,2023-08-24 13:00:00,ringsted,19.075,581.5,2.75,0.0,1012.51,65.25,58.75
1692878400,2023-08-24 12:00:00,2023-08-24 14:00:00,ringsted,19.925,693.0,3.625,0.0,1011.94,60.5,52.9167
1692882000,2023-08-24 13:00:00,2023-08-24 15:00:00,ringsted,20.175,577.0,2.65,0.0,1011.05,57.5,55.8333
1692885600,2023-08-24 14:00:00,2023-08-24 16:00:00,ringsted,20.325,458.5,2.4,0.0,1010.88,56.0,47.5
1692889200,2023-08-24 15:00:00,2023-08-24 17:00:00,ringsted,20.15,322.5,2.2,0.0,1010.51,57.5,43.75
1692892800,2023-08-24 16:00:00,2023-08-24 18:00:00,ringsted,19.575,188.0,1.8,0.0,1010.23,62.75,45.8333
1692896400,2023-08-24 17:00:00,2023-08-24 19:00:00,ringsted,19.125,86.5,1.4,0.0,1009.91,65.25,60.8333
1692900000,2023-08-24 18:00:00,2023-08-24 20:00:00,ringsted,18.275,23.5,1.025,0.025,1009.52,73.25,90.0
1692903600,2023-08-24 19:00:00,2023-08-24 21:00:00,ringsted,17.2,1.0,1.275,0.05,1008.85,81.75,90.0
1692907200,2023-08-24 20:00:00,2023-08-24 22:00:00,ringsted,16.675,0.0,1.425,0.0,1008.51,86.0,91.6667
1692910800,2023-08-24 21:00:00,2023-08-24 23:00:00,ringsted,16.35,0.0,2.05,0.275,1008.09,88.75,93.3333
1692914400,2023-08-24 22:00:00,2023-08-25 00:00:00,ringsted,16.5,0.0,2.825,0.075,1007.45,89.5,97.5
1692918000,2023-08-24 23:00:00,2023-08-25 01:00:00,ringsted,16.3,0.0,2.975,0.075,1006.78,88.5,96.6667
1692921600,2023-08-25 00:00:00,2023-08-25 02:00:00,ringsted,16.15,0.0,3.4,0.2,1005.93,88.5,95.8333
1692925200,2023-08-25 01:00:00,2023-08-25 03:00:00,ringsted,16.125,0.0,3.75,0.25,1005.3,87.75,95.8333
1692928800,2023-08-25 02:00:00,2023-08-25 04:00:00,ringsted,15.875,0.0,3.2,1.925,1004.29,89.25,95.8333
1692932400,2023-08-25 03:00:00,2023-08-25 05:00:00,ringsted,15.725,0.0,3.6,0.625,1003.22,93.75,96.6667
1692936000,2023-08-25 04:00:00,2023-08-25 06:00:00,ringsted,16.275,0.0,3.775,0.1,1002.44,94.25,92.5
1692939600,2023-08-25 05:00:00,2023-08-25 07:00:00,ringsted,16.775,7.0,4.025,0.05,1002.05,95.0,80.8333
1692943200,2023-08-25 06:00:00,2023-08-25 08:00:00,ringsted,17.15,41.5,3.475,0.025,1001.67,95.5,77.2727
1692946800,2023-08-25 07:00:00,2023-08-25 09:00:00,ringsted,18.05,171.0,3.05,0.0,1001.41,93.25,91.6667
1692950400,2023-08-25 08:00:00,2023-08-25 10:00:00,ringsted,18.95,207.5,2.975,0.0,1001.74,90.75,84.1667
1692954000,2023-08-25 09:00:00,2023-08-25 11:00:00,ringsted,19.6,384.0,3.55,0.0,1002.24,87.75,57.5
1692957600,2023-08-25 10:00:00,2023-08-25 12:00:00,ringsted,20.45,450.0,3.75,0.0,1002.36,82.0,44.5833
1692961200,2023-08-25 11:00:00,2023-08-25 13:00:00,ringsted,21.475,623.5,3.9,0.0,1002.75,77.25,40.0
1692964800,2023-08-25 12:00:00,2023-08-25 14:00:00,ringsted,22.075,541.0,4.225,0.0,1003.18,73.25,28.3333
1692968400,2023-08-25 13:00:00,2023-08-25 15:00:00,ringsted,22.225,485.0,4.5,0.0,1003.29,71.0,39.5833
1692972000,2023-08-25 14:00:00,2023-08-25 16:00:00,ringsted,21.775,337.5,4.675,0.0,1003.39,74.0,35.0
1692975600,2023-08-25 15:00:00,2023-08-25 17:00:00,ringsted,21.525,256.5,4.125,0.0,1003.12,74.25,20.4167
1692979200,2023-08-25 16:00:00,2023-08-25 18:00:00,ringsted,21.325,183.5,3.2,0.0,1003.09,76.5,36.6667
1692982800,2023-08-25 17:00:00,2023-08-25 19:00:00,ringsted,20.875,91.5,2.575,0.0,1003.12,78.5,44.1667
1692986400,2023-08-25 18:00:00,2023-08-25 20:00:00,ringsted,20.125,24.5,1.525,0.0,1003.12,82.5,90.4167
1692990000,2023-08-25 19:00:00,2023-08-25 21:00:00,ringsted,19.225,1.5,0.525,0.0,1003.14,87.5,94.1667
1692993600,2023-08-25 20:00:00,2023-08-25 22:00:00,ringsted,18.35,0.0,0.875,0.0,1003.05,91.25,91.6667
1692997200,2023-08-25 21:00:00,2023-08-25 23:00:00,ringsted,17.7,0.0,0.925,0.0,1002.9,94.0,90.8333
1693000800,2023-08-25 22:00:00,2023-08-26 00:00:00,ringsted,17.625,0.0,0.5,0.325,1002.97,94.5,95.8333
1693004400,2023-08-25 23:00:00,2023-08-26 01:00:00,ringsted,17.6,0.0,0.675,1.8,1002.58,96.0,95.0
1693008000,2023-08-26 00:00:00,2023-08-26 02:00:00,ringsted,17.625,0.0,1.05,1.525,1002.23,96.75,95.0
1693011600,2023-08-26 01:00:00,2023-08-26 03:00:00,ringsted,17.6,0.0,1.675,0.75,1001.73,96.5,96.6667
1693015200,2023-08-26 02:00:00,2023-08-26 04:00:00,ringsted,17.375,0.0,1.475,1.175,1001.32,97.0,97.5
1693018800,2023-08-26 03:00:00,2023-08-26 05:00:00,ringsted,17.25,0.0,1.425,0.9,1000.82,97.0,89.1667
1693022400,2023-08-26 04:00:00,2023-08-26 06:00:00,ringsted,17.15,0.0,1.075,0.075,1000.59,97.25,97.5
1693026000,2023-08-26 05:00:00,2023-08-26 07:00:00,ringsted,17.125,4.5,0.875,0.0,1000.58,97.25,98.3333
1693029600,2023-08-26 06:00:00,2023-08-26 08:00:00,ringsted,17.4,41.0,1.1,0.0,888.246,97.25,98.1818
1693033200,2023-08-26 07:00:00,2023-08-26 09:00:00,ringsted,17.95,140.5,1.6,0.0,963.442,95.25,95.0
1693036800,2023-08-26 08:00:00,2023-08-26 10:00:00,ringsted,18.575,167.0,3.05,0.0,1001.25,93.25,91.25
1693040400,2023-08-26 09:00:00,2023-08-26 11:00:00,ringsted,19.0,257.5,5.0,0.0,1001.33,90.0,74.1667
1693044000,2023-08-26 10:00:00,2023-08-26 12:00:00,ringsted,19.6,494.0,6.25,0.0,1001.55,82.5,52.0833
1693047600,2023-08-26 11:00:00,2023-08-26 13:00:00,ringsted,20.0,641.5,6.8,0.0,1002.07,75.5,44.5833
1693051200,2023-08-26 12:00:00,2023-08-26 14:00:00,ringsted,19.95,679.0,6.625,0.0,1002.48,73.0,25.4167
1693054800,2023-08-26 13:00:00,2023-08-26 15:00:00,ringsted,20.125,557.0,5.95,0.0,1002.94,71.75,59.5455
1693058400,2023-08-26 14:00:00,2023-08-26 16:00:00,ringsted,20.075,477.0,5.7,0.0,1003.28,70.0,54.1667
1693062000,2023-08-26 15:00:00,2023-08-26 17:00:00,ringsted,19.825,365.5,5.95,0.025,1003.83,66.75,48.3333
1693065600,2023-08-26 16:00:00,2023-08-26 18:00:00,ringsted,18.9,299.0,5.425,0.0,1004.3,71.75,41.25
1693069200,2023-08-26 17:00:00,2023-08-26 19:00:00,ringsted,17.875,204.0,4.6,0.0,1004.63,75.25,5.0
1693072800,2023-08-26 18:00:00,2023-08-26 20:00:00,ringsted,16.95,72.5,2.575,0.0,1005.17,79.0,0.833333
1693076400,2023-08-26 19:00:00,2023-08-26 21:00:00,ringsted,15.475,4.5,1.225,0.0,1005.82,86.5,0.0
1693080000,2023-08-26 20:00:00,2023-08-26 22:00:00,ringsted,14.15,0.0,1.55,0.0,1005.97,91.75,0.0
1693083600,2023-08-26 21:00:00,2023-08-26 23:00:00,ringsted,13.8,0.0,1.425,0.0,1005.79,91.25,1.66667
1693087200,2023-08-26 22:00:00,2023-08-27 00:00:00,ringsted,13.15,0.0,1.225,0.0,1006.17,92.75,0.833333
1693090800,2023-08-26 23:00:00,2023-08-27 01:00:00,ringsted,12.725,0.0,1.0,0.0,1006.37,94.0,0.0
1693094400,2023-08-27 00:00:00,2023-08-27 02:00:00,ringsted,12.325,0.0,1.125,0.0,1006.01,95.25,0.0
1693098000,2023-08-27 01:00:00,2023-08-27 03:00:00,ringsted,12.175,0.0,1.0,0.0,1005.5,95.5,0.0
1693101600,2023-08-27 02:00:00,2023-08-27 04:00:00,ringsted,11.65,0.0,0.675,0.0,1005.31,96.5,0.0
1693105200,2023-08-27 03:00:00,2023-08-27 05:00:00,ringsted,11.15,0.0,0.55,0.0,1005.14,97.5,1.66667
1693108800,2023-08-27 04:00:00,2023-08-27 06:00:00,ringsted,10.825,0.0,0.8,0.0,1005.22,98.25,3.33333
1693112400,2023-08-27 05:00:00,2023-08-27 07:00:00,ringsted,11.625,28.5,1.3,0.0,1005.25,98.25,2.5
1693116000,2023-08-27 06:00:00,2023-08-27 08:00:00,ringsted,13.275,116.5,1.475,0.0,1005.48,97.25,17.5
1693119600,2023-08-27 07:00:00,2023-08-27 09:00:00,ringsted,15.7,262.5,2.55,0.0,1005.39,88.5,7.5
1693123200,2023-08-27 08:00:00,2023-08-27 10:00:00,ringsted,16.875,275.5,3.175,0.025,1005.26,82.25,29.5833
1693126800,2023-08-27 09:00:00,2023-08-27 11:00:00,ringsted,18.025,475.0,3.75,0.0,1005.1,75.0,20.0
1693130400,2023-08-27 10:00:00,2023-08-27 12:00:00,ringsted,18.925,501.0,4.025,0.0,1004.6,69.75,37.0833
1693134000,2023-08-27 11:00:00,2023-08-27 13:00:00,ringsted,19.675,522.0,4.35,0.0,1004.28,64.75,50.0
1693137600,2023-08-27 12:00:00,2023-08-27 14:00:00,ringsted,19.45,405.5,4.725,0.0,1003.94,65.25,40.0
1693141200,2023-08-27 13:00:00,2023-08-27 15:00:00,ringsted,18.65,329.0,3.825,0.65,1003.67,67.5,52.5
1693144800,2023-08-27 14:00:00,2023-08-27 16:00:00,ringsted,18.3,324.5,3.925,0.4,1003.35,70.25,47.5
1693148400,2023-08-27 15:00:00,2023-08-27 17:00:00,ringsted,18.325,194.0,4.15,0.2,1003.13,71.5,42.9167
1693152000,2023-08-27 16:00:00,2023-08-27 18:00:00,ringsted,17.5,59.5,4.75,0.925,1002.95,78.5,88.3333
1693155600,2023-08-27 17:00:00,2023-08-27 19:00:00,ringsted,15.925,30.5,3.725,0.6,1002.78,87.25,84.5833
1693159200,2023-08-27 18:00:00,2023-08-27 20:00:00,ringsted,15.15,12.0,2.8,1.875,1002.83,91.0,94.1667
1693162800,2023-08-27 19:00:00,2023-08-27 21:00:00,ringsted,14.775,1.0,2.6,0.1,1002.54,91.25,76.6667
1693166400,2023-08-27 20:00:00,2023-08-27 22:00:00,ringsted,14.4,0.0,2.125,0.0,1002.23,92.5,33.6364
1693170000,2023-08-27 21:00:00,2023-08-27 23:00:00,ringsted,13.8,0.0,1.925,0.0,1002.14,94.5,37.5
1693173600,2023-08-27 22:00:00,2023-08-28 00:00:00,ringsted,13.1,0.0,1.75,0.0,1002.19,95.5,62.9167
1693177200,2023-08-27 23:00:00,2023-08-28 01:00:00,ringsted,13.225,0.0,1.625,0.0,1002.17,95.25,93.3333
1693180800,2023-08-28 00:00:00,2023-08-28 02:00:00,ringsted,13.75,0.0,2.15,0.0,1001.92,93.25,51.6667
1693184400,2023-08-28 01:00:00,2023-08-28 03:00:00,ringsted,13.675,0.0,2.425,0.0,1001.84,91.25,20.8333
1693188000,2023-08-28 02:00:00,2023-08-28 04:00:00,ringsted,13.275,0.0,2.325,0.0,1001.92,92.5,40.4167
1693191600,2023-08-28 03:00:00,2023-08-28 05:00:00,ringsted,13.175,0.0,2.325,0.0,1001.82,92.5,20.4167
1693195200,2023-08-28 04:00:00,2023-08-28 06:00:00,ringsted,12.85,0.0,1.7,0.0,1002.09,93.25,14.1667
1693198800,2023-08-28 05:00:00,2023-08-28 07:00:00,ringsted,12.5,21.0,2.125,0.0,1002.48,94.75,10.0
1693202400,2023-08-28 06:00:00,2023-08-28 08:00:00,ringsted,13.35,71.0,2.275,0.05,1002.94,93.25,25.8333
1693206000,2023-08-28 07:00:00,2023-08-28 09:00:00,ringsted,14.25,138.0,2.975,0.0,1002.68,90.5,26.6667
1693209600,2023-08-28 08:00:00,2023-08-28 10:00:00,ringsted,15.5,438.0,3.3,0.0,1003.03,84.0,40.0
1693213200,2023-08-28 09:00:00,2023-08-28 11:00:00,ringsted,16.15,392.5,2.9,0.0,1003.59,79.25,49.1667
1693216800,2023-08-28 10:00:00,2023-08-28 12:00:00,ringsted,17.15,616.0,3.15,0.0,1003.93,71.75,60.4167
1693220400,2023-08-28 11:00:00,2023-08-28 13:00:00,ringsted,17.55,507.0,3.475,0.025,1004.46,69.0,68.3333
1693224000,2023-08-28 12:00:00,2023-08-28 14:00:00,ringsted,17.575,560.5,4.2,0.0,1004.75,68.25,41.25
1693227600,2023-08-28 13:00:00,2023-08-28 15:00:00,ringsted,18.275,709.5,4.5,0.0,1004.91,65.25,13.3333
1693231200,2023-08-28 14:00:00,2023-08-28 16:00:00,ringsted,18.6,590.5,4.75,0.0,1005.08,62.5,5.83333
1693234800,2023-08-28 15:00:00,2023-08-28 17:00:00,ringsted,18.825,495.0,4.1,0.0,1005.21,59.25,11.6667
1693238400,2023-08-28 16:00:00,2023-08-28 18:00:00,ringsted,18.725,267.0,3.8,0.0,1005.87,59.25,13.3333
1693242000,2023-08-28 17:00:00,2023-08-28 19:00:00,ringsted,18.35,150.5,2.675,0.0,1005.98,61.75,12.9167
1693245600,2023-08-28 18:00:00,2023-08-28 20:00:00,ringsted,17.625,73.0,1.75,0.0,1006.57,67.25,0.0
1693249200,2023-08-28 19:00:00,2023-08-28 21:00:00,ringsted,15.375,3.0,1.5,0.0,1006.88,79.0,9.58333
1693252800,2023-08-28 20:00:00,2023-08-28 22:00:00,ringsted,14.25,0.0,1.225,0.0,1006.88,84.0,2.5
1693256400,2023-08-28 21:00:00,2023-08-28 23:00:00,ringsted,12.7,0.0,0.6,0.0,1007.0,90.5,0.0
1693260000,2023-08-28 22:00:00,2023-08-29 00:00:00,ringsted,12.05,0.0,0.55,0.0,1007.15,92.5,0.0
1693263600,2023-08-28 23:00:00,2023-08-29 01:00:00,ringsted,11.85,0.0,0.875,0.0,1007.08,94.0,0.0
1693267200,2023-08-29 00:00:00,2023-08-29 02:00:00,ringsted,11.675,0.0,0.975,0.0,1007.08,94.0,0.0
1693270800,2023-08-29 01:00:00,2023-08-29 03:00:00,ringsted,11.1,0.0,0.625,0.0,1006.87,95.75,0.0
1693274400,2023-08-29 02:00:00,2023-08-29 04:00:00,ringsted,10.4,0.0,0.95,0.0,1007.05,96.75,0.0
1693278000,2023-08-29 03:00:00,2023-08-29 05:00:00,ringsted,10.125,0.0,0.65,0.0,1007.28,97.75,3.75
1693281600,2023-08-29 04:00:00,2023-08-29 06:00:00,ringsted,9.55,0.0,0.625,0.0,1007.01,98.0,0.0
1693285200,2023-08-29 05:00:00,2023-08-29 07:00:00,ringsted,9.425,25.0,0.825,0.0,1006.52,98.25,0.0
1693288800,2023-08-29 06:00:00,2023-08-29 08:00:00,ringsted,11.05,135.5,1.025,0.0,1006.43,97.75,0.0
1693292400,2023-08-29 07:00:00,2023-08-29 09:00:00,ringsted,13.425,200.0,0.725,0.0,1006.63,94.25,3.33333
1693296000,2023-08-29 08:00:00,2023-08-29 10:00:00,ringsted,15.35,269.5,0.725,0.0,1006.88,84.25,38.75
1693299600,2023-08-29 09:00:00,2023-08-29 11:00:00,ringsted,16.075,309.0,0.925,0.0,1006.96,76.75,63.75
1693303200,2023-08-29 10:00:00,2023-08-29 12:00:00,ringsted,16.65,310.0,0.7,0.0,1006.75,70.75,72.5
1693306800,2023-08-29 11:00:00,2023-08-29 13:00:00,ringsted,17.075,271.5,0.65,0.0,1006.38,68.25,55.4167
1693310400,2023-08-29 12:00:00,2023-08-29 14:00:00,ringsted,17.4,329.0,0.775,0.0,1006.2,67.0,75.8333
1693314000,2023-08-29 13:00:00,2023-08-29 15:00:00,ringsted,17.575,284.5,0.725,0.0,1005.82,66.75,63.3333
1693317600,2023-08-29 14:00:00,2023-08-29 16:00:00,ringsted,17.55,210.5,1.3,0.0,1005.67,67.0,63.3333
1693321200,2023-08-29 15:00:00,2023-08-29 17:00:00,ringsted,17.275,224.0,1.45,0.0,1005.4,68.5,69.1667
1693324800,2023-08-29 16:00:00,2023-08-29 18:00:00,ringsted,17.3,157.0,0.75,0.0,1005.41,70.25,63.75
1693328400,2023-08-29 17:00:00,2023-08-29 19:00:00,ringsted,17.275,133.5,1.4,0.0,1005.49,71.75,67.5
1693332000,2023-08-29 18:00:00,2023-08-29 20:00:00,ringsted,16.525,72.5,1.3,0.0,1005.31,77.0,60.8333
1693335600,2023-08-29 19:00:00,2023-08-29 21:00:00,ringsted,14.875,3.0,0.575,0.0,1005.23,85.75,72.9167
1693339200,2023-08-29 20:00:00,2023-08-29 22:00:00,ringsted,13.6,0.0,0.375,0.0,1004.98,91.25,14.5833
1693342800,2023-08-29 21:00:00,2023-08-29 23:00:00,ringsted,12.6,0.0,0.5,0.0,1004.86,94.75,4.16667
1693346400,2023-08-29 22:00:00,2023-08-30 00:00:00,ringsted,12.0,0.0,0.325,0.0,1004.46,96.25,62.5
1693350000,2023-08-29 23:00:00,2023-08-30 01:00:00,ringsted,11.525,0.0,0.2,0.0,1003.91,97.25,90.0
1693353600,2023-08-30 00:00:00,2023-08-30 02:00:00,ringsted,11.625,0.0,0.45,0.0,1003.66,97.0,90.8333
1693357200,2023-08-30 01:00:00,2023-08-30 03:00:00,ringsted,11.6,0.0,0.7,0.0,1003.35,96.5,90.0
1693360800,2023-08-30 02:00:00,2023-08-30 04:00:00,ringsted,11.325,0.0,0.5,0.0,1002.99,96.5,68.75
1693364400,2023-08-30 03:00:00,2023-08-30 05:00:00,ringsted,10.8,0.0,0.525,0.0,1003.0,97.0,74.1667
1693368000,2023-08-30 04:00:00,2023-08-30 06:00:00,ringsted,10.275,0.0,0.425,0.0,1002.61,97.75,62.5
1693371600,2023-08-30 05:00:00,2023-08-30 07:00:00,ringsted,10.175,16.5,0.425,0.0,1002.4,97.75,52.0833
1693375200,2023-08-30 06:00:00,2023-08-30 08:00:00,ringsted,11.5,137.0,0.55,0.0,1002.52,97.5,56.6667
1693378800,2023-08-30 07:00:00,2023-08-30 09:00:00,ringsted,14.925,260.0,0.875,0.0,1002.42,87.0,45.4167
1693382400,2023-08-30 08:00:00,2023-08-30 10:00:00,ringsted,17.15,306.0,1.1,0.0,1002.36,74.5,37.9167
1693386000,2023-08-30 09:00:00,2023-08-30 11:00:00,ringsted,17.4,416.5,2.05,0.0,1002.38,71.5,18.75
1693389600,2023-08-30 10:00:00,2023-08-30 12:00:00,ringsted,17.9,431.5,2.65,0.0,1002.29,67.75,14.5833
1693393200,2023-08-30 11:00:00,2023-08-30 13:00:00,ringsted,18.5,553.0,3.525,0.0,1002.22,64.25,46.25
1693396800,2023-08-30 12:00:00,2023-08-30 14:00:00,ringsted,18.375,594.0,2.975,0.85,1002.03,65.25,80.0
1693400400,2023-08-30 13:00:00,2023-08-30 15:00:00,ringsted,18.3,453.5,3.375,0.525,1001.82,65.5,67.5
1693404000,2023-08-30 14:00:00,2023-08-30 16:00:00,ringsted,18.575,378.0,3.175,0.0,1001.58,66.25,93.3333
1693407600,2023-08-30 15:00:00,2023-08-30 17:00:00,ringsted,18.45,270.5,2.65,0.0,1001.45,66.5,65.8333
1693411200,2023-08-30 16:00:00,2023-08-30 18:00:00,ringsted,18.1,156.5,2.725,0.0,888.792,71.5,72.5
1693414800,2023-08-30 17:00:00,2023-08-30 19:00:00,ringsted,17.525,122.0,2.8,0.0,1001.27,74.0,9.16667
1693418400,2023-08-30 18:00:00,2023-08-30 20:00:00,ringsted,16.35,42.5,2.025,0.0,926.254,77.75,3.33333
1693422000,2023-08-30 19:00:00,2023-08-30 21:00:00,ringsted,14.65,1.5,1.575,0.0,1001.31,84.25,9.16667
1693425600,2023-08-30 20:00:00,2023-08-30 22:00:00,ringsted,13.6,0.0,1.775,0.0,1001.3,89.75,35.8333
1693429200,2023-08-30 21:00:00,2023-08-30 23:00:00,ringsted,13.625,0.0,2.375,0.0,963.575,91.25,35.8333
1693432800,2023-08-30 22:00:00,2023-08-31 00:00:00,ringsted,13.2,0.0,2.15,0.0,1000.67,92.0,37.5
1693436400,2023-08-30 23:00:00,2023-08-31 01:00:00,ringsted,12.8,0.0,1.675,0.0,922.165,91.75,63.75
1693440000,2023-08-31 00:00:00,2023-08-31 02:00:00,ringsted,13.05,0.0,1.9,0.0,962.704,93.25,76.6667
1693443600,2023-08-31 01:00:00,2023-08-31 03:00:00,ringsted,13.45,0.0,2.175,0.0,1000.03,93.25,70.0
1693447200,2023-08-31 02:00:00,2023-08-31 04:00:00,ringsted,13.9,0.0,2.25,0.0,999.846,93.5,77.5
1693450800,2023-08-31 03:00:00,2023-08-31 05:00:00,ringsted,13.85,0.0,2.175,0.0666667,999.662,93.75,47.9167
1693454400,2023-08-31 04:00:00,2023-08-31 06:00:00,ringsted,13.625,0.0,1.925,0.275,999.662,94.0,53.3333
1693458000,2023-08-31 05:00:00,2023-08-31 07:00:00,ringsted,13.075,5.5,1.725,1.2,999.896,95.5,80.0
1693461600,2023-08-31 06:00:00,2023-08-31 08:00:00,ringsted,13.5,53.0,1.575,0.525,1000.24,96.0,90.0
1693465200,2023-08-31 07:00:00,2023-08-31 09:00:00,ringsted,13.85,45.0,1.775,0.85,850.529,94.25,93.3333
1693468800,2023-08-31 08:00:00,2023-08-31 10:00:00,ringsted,13.65,57.5,1.6,1.15,963.258,94.0,85.0
1693472400,2023-08-31 09:00:00,2023-08-31 11:00:00,ringsted,13.9,135.0,1.3,0.625,963.567,92.0,85.0
1693476000,2023-08-31 10:00:00,2023-08-31 12:00:00,ringsted,14.125,130.5,1.25,1.375,1001.31,89.75,87.5
1693479600,2023-08-31 11:00:00,2023-08-31 13:00:00,ringsted,14.25,183.5,1.325,0.95,1001.47,88.75,84.1667
1693483200,2023-08-31 12:00:00,2023-08-31 14:00:00,ringsted,14.475,184.5,1.375,0.5,1001.66,86.75,79.1667
1693486800,2023-08-31 13:00:00,2023-08-31 15:00:00,ringsted,14.925,180.0,1.475,0.3,1001.78,83.5,66.6667
1693490400,2023-08-31 14:00:00,2023-08-31 16:00:00,ringsted,15.25,202.0,1.55,0.25,1001.83,82.5,45.0
1693494000,2023-08-31 15:00:00,2023-08-31 17:00:00,ringsted,15.6,198.5,2.1,0.025,1002.0,80.0,57.5
1693497600,2023-08-31 16:00:00,2023-08-31 18:00:00,ringsted,15.7,142.5,2.325,0.0,1002.03,79.5,55.8333
1693501200,2023-08-31 17:00:00,2023-08-31 19:00:00,ringsted,15.25,62.0,1.8,0.0,1002.12,81.5,82.5
1693504800,2023-08-31 18:00:00,2023-08-31 20:00:00,ringsted,14.675,15.5,1.425,0.0,1002.46,84.25,95.0
1693508400,2023-08-31 19:00:00,2023-08-31 21:00:00,ringsted,14.075,0.0,1.0,0.0,1002.78,87.5,95.0
1693512000,2023-08-31 20:00:00,2023-08-31 22:00:00,ringsted,13.7,0.0,1.65,0.725,1002.96,88.0,97.5
1693515600,2023-08-31 21:00:00,2023-08-31 23:00:00,ringsted,13.2,0.0,1.1,0.35,1002.85,91.75,97.5
1693519200,2023-08-31 22:00:00,2023-09-01 00:00:00,ringsted,13.15,0.0,1.825,0.25,1002.87,93.5,86.6667
1693522800,2023-08-31 23:00:00,2023-09-01 01:00:00,ringsted,13.05,0.0,1.65,0.075,1002.88,95.0,82.5
1693526400,2023-09-01 00:00:00,2023-09-01 02:00:00,ringsted,12.925,0.0,1.95,0.0,1003.04,94.75,78.3333
1693530000,2023-09-01 01:00:00,2023-09-01 03:00:00,ringsted,12.975,0.0,2.375,0.0,1003.15,94.25,62.5
1693533600,2023-09-01 02:00:00,2023-09-01 04:00:00,ringsted,12.975,0.0,2.85,0.725,1003.41,95.0,74.1667
1693537200,2023-09-01 03:00:00,2023-09-01 05:00:00,ringsted,13.275,0.0,2.975,0.3,1003.76,94.75,64.1667
1693540800,2023-09-01 04:00:00,2023-09-01 06:00:00,ringsted,13.375,0.0,2.45,0.175,1004.07,94.25,42.9167
1693544400,2023-09-01 05:00:00,2023-09-01 07:00:00,ringsted,12.825,14.0,1.85,0.05,1004.53,94.5,7.91667
1693548000,2023-09-01 06:00:00,2023-09-01 08:00:00,ringsted,12.85,93.5,1.65,0.0,1005.04,95.75,22.0833
1693551600,2023-09-01 07:00:00,2023-09-01 09:00:00,ringsted,14.325,234.5,2.1,0.0,1005.52,91.5,56.6667
1693555200,2023-09-01 08:00:00,2023-09-01 10:00:00,ringsted,15.575,300.5,2.75,0.0,1005.9,86.75,57.5
1693558800,2023-09-01 09:00:00,2023-09-01 11:00:00,ringsted,16.675,434.5,3.85,0.0,1006.22,80.0,24.1667
1693562400,2023-09-01 10:00:00,2023-09-01 12:00:00,ringsted,17.825,554.5,4.3,0.0,1006.59,73.75,32.9167
1693566000,2023-09-01 11:00:00,2023-09-01 13:00:00,ringsted,18.225,506.5,4.3,0.0,1006.72,70.0,39.5833
1693569600,2023-09-01 12:00:00,2023-09-01 14:00:00,ringsted,18.5,412.0,4.275,0.0,1007.07,69.75,13.3333
1693573200,2023-09-01 13:00:00,2023-09-01 15:00:00,ringsted,19.3,587.0,5.025,0.0,1007.36,63.75,1.66667
1693576800,2023-09-01 14:00:00,2023-09-01 16:00:00,ringsted,19.775,579.0,5.3,0.0,1007.49,57.75,1.66667
1693580400,2023-09-01 15:00:00,2023-09-01 17:00:00,ringsted,19.875,481.0,4.75,0.0,1007.52,56.0,6.25
1693584000,2023-09-01 16:00:00,2023-09-01 18:00:00,ringsted,19.825,345.0,4.075,0.0,1007.7,57.0,0.833333
1693587600,2023-09-01 17:00:00,2023-09-01 19:00:00,ringsted,19.325,188.5,3.4,0.0,1008.03,60.75,9.58333
1693591200,2023-09-01 18:00:00,2023-09-01 20:00:00,ringsted,17.725,44.0,2.7,0.0,1008.49,70.25,48.3333
1693594800,2023-09-01 19:00:00,2023-09-01 21:00:00,ringsted,16.3,1.0,2.45,0.0,1009.01,77.75,42.0833
1693598400,2023-09-01 20:00:00,2023-09-01 22:00:00,ringsted,16.1,0.0,2.725,0.0,1009.43,82.25,22.0833
1693602000,2023-09-01 21:00:00,2023-09-01 23:00:00,ringsted,15.475,0.0,2.425,0.0,1009.89,85.25,0.0
1693605600,2023-09-01 22:00:00,2023-09-02 00:00:00,ringsted,14.7,0.0,2.5,0.0,1010.38,87.0,0.0
1693609200,2023-09-01 23:00:00,2023-09-02 01:00:00,ringsted,14.175,0.0,2.475,0.0,1010.73,89.25,0.0
1693612800,2023-09-02 00:00:00,2023-09-02 02:00:00,ringsted,13.65,0.0,2.625,0.0,1010.95,92.25,1.66667
1693616400,2023-09-02 01:00:00,2023-09-02 03:00:00,ringsted,13.2,0.0,2.15,0.0,1011.08,95.0,5.83333
1693620000,2023-09-02 02:00:00,2023-09-02 04:00:00,ringsted,12.7,0.0,1.625,0.0,1011.49,96.75,28.3333
1693623600,2023-09-02 03:00:00,2023-09-02 05:00:00,ringsted,13.025,0.0,2.075,0.0,1011.75,97.25,34.5833
1693627200,2023-09-02 04:00:00,2023-09-02 06:00:00,ringsted,12.45,,1.8,0.0,1012.01,98.5,51.3636
1693630800,2023-09-02 05:00:00,2023-09-02 07:00:00,ringsted,13.425,10.5,2.2,0.0,1012.45,96.75,29.5833
1693634400,2023-09-02 06:00:00,2023-09-02 08:00:00,ringsted,13.9,104.5,2.25,0.0,1012.86,95.25,10.0
1693638000,2023-09-02 07:00:00,2023-09-02 09:00:00,ringsted,14.975,242.5,3.075,0.0,1013.46,91.5,5.0
1693641600,2023-09-02 08:00:00,2023-09-02 10:00:00,ringsted,16.075,404.0,4.05,0.0,1013.99,85.5,0.0
1693645200,2023-09-02 09:00:00,2023-09-02 11:00:00,ringsted,17.375,531.0,4.125,0.0,1014.35,75.75,0.0
1693648800,2023-09-02 10:00:00,2023-09-02 12:00:00,ringsted,18.625,624.0,4.35,0.0,1014.67,64.25,0.0
1693652400,2023-09-02 11:00:00,2023-09-02 13:00:00,ringsted,19.525,681.0,4.9,0.0,1014.97,56.0,0.0
1693656000,2023-09-02 12:00:00,2023-09-02 14:00:00,ringsted,20.075,697.5,5.2,0.0,1015.12,51.5,0.0
1693659600,2023-09-02 13:00:00,2023-09-02 15:00:00,ringsted,20.475,662.0,5.375,0.0,1015.02,50.5,2.5
1693663200,2023-09-02 14:00:00,2023-09-02 16:00:00,ringsted,20.65,585.5,5.1,0.0,1015.16,51.0,2.5
1693666800,2023-09-02 15:00:00,2023-09-02 17:00:00,ringsted,20.525,471.5,5.2,0.0,1015.51,52.5,9.16667
1693670400,2023-09-02 16:00:00,2023-09-02 18:00:00,ringsted,20.375,349.0,5.5,0.0,1015.8,54.5,15.0
1693674000,2023-09-02 17:00:00,2023-09-02 19:00:00,ringsted,19.625,185.5,4.2,0.0,1015.98,59.75,0.0
1693677600,2023-09-02 18:00:00,2023-09-02 20:00:00,ringsted,18.125,47.5,3.275,0.0,1016.21,65.75,0.0
1693681200,2023-09-02 19:00:00,2023-09-02 21:00:00,ringsted,16.0,0.5,2.45,0.0,1016.78,74.5,0.833333
1693684800,2023-09-02 20:00:00,2023-09-02 22:00:00,ringsted,15.025,0.0,3.125,0.0,1017.22,79.0,25.4167
1693688400,2023-09-02 21:00:00,2023-09-02 23:00:00,ringsted,14.5,0.0,3.8,0.0,1017.1,80.25,87.5
1693692000,2023-09-02 22:00:00,2023-09-03 00:00:00,ringsted,14.125,0.0,3.525,0.0,1017.22,80.75,87.5
1693695600,2023-09-02 23:00:00,2023-09-03 01:00:00,ringsted,13.725,0.0,3.6,0.0,1017.59,80.75,95.0
1693699200,2023-09-03 00:00:00,2023-09-03 02:00:00,ringsted,13.35,0.0,3.225,0.0,1017.31,80.75,88.3333
1693702800,2023-09-03 01:00:00,2023-09-03 03:00:00,ringsted,13.15,0.0,3.05,0.0,1017.02,81.25,80.8333
1693706400,2023-09-03 02:00:00,2023-09-03 04:00:00,ringsted,12.975,0.0,2.75,0.0,1017.49,82.75,90.0
1693710000,2023-09-03 03:00:00,2023-09-03 05:00:00,ringsted,13.025,0.0,3.05,0.0,1017.68,84.5,90.0
1693713600,2023-09-03 04:00:00,2023-09-03 06:00:00,ringsted,13.125,0.0,3.075,0.0,1017.97,85.5,90.8333
1693717200,2023-09-03 05:00:00,2023-09-03 07:00:00,ringsted,13.275,8.5,3.5,0.0,1018.2,85.75,76.6667
1693720800,2023-09-03 06:00:00,2023-09-03 08:00:00,ringsted,13.975,81.5,3.85,0.0,1018.7,83.0,46.25
1693724400,2023-09-03 07:00:00,2023-09-03 09:00:00,ringsted,14.775,192.0,4.35,0.0,1018.96,80.0,22.9167
1693728000,2023-09-03 08:00:00,2023-09-03 10:00:00,ringsted,15.7,235.0,5.05,0.0,1019.38,77.75,61.25
1693731600,2023-09-03 09:00:00,2023-09-03 11:00:00,ringsted,16.525,316.5,5.55,0.0,1019.85,75.0,66.6667
1693735200,2023-09-03 10:00:00,2023-09-03 12:00:00,ringsted,17.375,438.5,6.075,0.0,1020.17,70.5,32.0833
1693738800,2023-09-03 11:00:00,2023-09-03 13:00:00,ringsted,18.025,400.0,5.8,0.0,1020.73,69.25,66.25
1693742400,2023-09-03 12:00:00,2023-09-03 14:00:00,ringsted,18.05,287.0,5.925,0.0,1021.3,68.0,72.5
1693746000,2023-09-03 13:00:00,2023-09-03 15:00:00,ringsted,18.25,256.0,5.4,0.0,1021.45,69.25,75.0
1693749600,2023-09-03 14:00:00,2023-09-03 16:00:00,ringsted,18.55,218.0,4.575,0.0,1021.47,70.0,66.6667
1693753200,2023-09-03 15:00:00,2023-09-03 17:00:00,ringsted,18.725,193.0,4.15,0.0,1021.45,70.25,61.6667
1693756800,2023-09-03 16:00:00,2023-09-03 18:00:00,ringsted,19.0,163.0,3.625,0.0,1021.23,69.5,70.4167
1693760400,2023-09-03 17:00:00,2023-09-03 19:00:00,ringsted,18.8,77.0,2.725,0.0,1021.17,72.5,67.5
1693764000,2023-09-03 18:00:00,2023-09-03 20:00:00,ringsted,18.35,29.0,2.125,0.0,1021.15,76.75,50.0
1693767600,2023-09-03 19:00:00,2023-09-03 21:00:00,ringsted,17.425,0.5,2.4,0.0,1021.71,82.5,47.5
1693771200,2023-09-03 20:00:00,2023-09-03 22:00:00,ringsted,17.2,0.0,2.675,0.0,1021.95,84.75,43.75
1693774800,2023-09-03 21:00:00,2023-09-03 23:00:00,ringsted,17.125,0.0,3.075,0.0,1021.85,85.0,29.1667
1693778400,2023-09-03 22:00:00,2023-09-04 00:00:00,ringsted,16.625,0.0,3.275,0.0,1022.0,87.75,7.08333
1693782000,2023-09-03 23:00:00,2023-09-04 01:00:00,ringsted,16.025,0.0,3.025,0.0,1021.88,90.5,0.833333
1693785600,2023-09-04 00:00:00,2023-09-04 02:00:00,ringsted,15.675,0.0,2.95,0.0,1021.9,93.25,20.8333
1693789200,2023-09-04 01:00:00,2023-09-04 03:00:00,ringsted,15.45,0.0,3.075,0.0,1022.04,94.25,37.0833
1693792800,2023-09-04 02:00:00,2023-09-04 04:00:00,ringsted,15.375,0.0,3.2,0.0,1022.2,95.0,4.16667
1693796400,2023-09-04 03:00:00,2023-09-04 05:00:00,ringsted,15.2,0.0,3.05,0.0,1022.33,95.0,0.0
1693800000,2023-09-04 04:00:00,2023-09-04 06:00:00,ringsted,15.0,0.0,2.75,0.0,1022.33,95.75,16.6667
1693803600,2023-09-04 05:00:00,2023-09-04 07:00:00,ringsted,14.825,10.5,2.45,0.0,1022.4,95.5,42.5
1693807200,2023-09-04 06:00:00,2023-09-04 08:00:00,ringsted,15.5,98.5,2.95,0.0,1022.58,94.5,35.8333
1693810800,2023-09-04 07:00:00,2023-09-04 09:00:00,ringsted,16.575,229.5,4.25,0.0,1022.95,89.5,4.16667
1693814400,2023-09-04 08:00:00,2023-09-04 10:00:00,ringsted,17.6,401.0,4.775,0.0,1023.28,84.25,0.833333
1693818000,2023-09-04 09:00:00,2023-09-04 11:00:00,ringsted,18.95,523.0,4.45,0.0,1023.12,77.5,0.0
1693821600,2023-09-04 10:00:00,2023-09-04 12:00:00,ringsted,20.425,612.0,4.3,0.0,1022.84,70.0,0.0
1693825200,2023-09-04 11:00:00,2023-09-04 13:00:00,ringsted,21.35,659.5,4.775,0.0,1022.69,66.25,0.0
1693828800,2023-09-04 12:00:00,2023-09-04 14:00:00,ringsted,21.9,676.5,4.975,0.0,1022.65,62.25,0.833333
1693832400,2023-09-04 13:00:00,2023-09-04 15:00:00,ringsted,22.45,637.0,4.375,0.0,1022.32,59.0,0.0
1693836000,2023-09-04 14:00:00,2023-09-04 16:00:00,ringsted,22.825,562.5,4.175,0.0,1022.1,55.5,0.0
1693839600,2023-09-04 15:00:00,2023-09-04 17:00:00,ringsted,22.85,452.0,3.925,0.0,1021.84,53.5,0.0
1693843200,2023-09-04 16:00:00,2023-09-04 18:00:00,ringsted,22.5,324.0,3.525,0.0,1021.66,56.75,0.0
1693846800,2023-09-04 17:00:00,2023-09-04 19:00:00,ringsted,21.55,183.0,3.4,0.0,1021.47,61.75,0.0
1693850400,2023-09-04 18:00:00,2023-09-04 20:00:00,ringsted,19.875,43.0,2.125,0.0,1021.59,68.75,0.0
1693854000,2023-09-04 19:00:00,2023-09-04 21:00:00,ringsted,17.375,0.0,1.75,0.0,1021.7,79.25,0.0
1693857600,2023-09-04 20:00:00,2023-09-04 22:00:00,ringsted,16.225,0.0,1.475,0.0,1021.63,84.0,0.0
1693861200,2023-09-04 21:00:00,2023-09-04 23:00:00,ringsted,15.325,0.0,0.775,0.0,1021.32,88.25,0.0
1693864800,2023-09-04 22:00:00,2023-09-05 00:00:00,ringsted,13.975,0.0,0.625,0.0,1021.24,92.25,0.0
1693868400,2023-09-04 23:00:00,2023-09-05 01:00:00,ringsted,13.15,0.0,0.625,0.0,1020.99,95.25,0.0
1693872000,2023-09-05 00:00:00,2023-09-05 02:00:00,ringsted,12.425,0.0,0.475,0.0,1020.84,96.75,0.0
1693875600,2023-09-05 01:00:00,2023-09-05 03:00:00,ringsted,12.125,0.0,0.675,0.0,1020.71,97.75,0.0
1693879200,2023-09-05 02:00:00,2023-09-05 04:00:00,ringsted,11.575,0.0,0.775,0.0,1020.48,98.25,15.8333
1693882800,2023-09-05 03:00:00,2023-09-05 05:00:00,ringsted,11.575,0.0,0.575,0.0,1020.22,98.5,20.0
1693886400,2023-09-05 04:00:00,2023-09-05 06:00:00,ringsted,10.85,0.0,0.675,0.0,1019.95,98.75,0.0
1693890000,2023-09-05 05:00:00,2023-09-05 07:00:00,ringsted,10.925,10.0,0.925,0.0,1019.82,99.0,0.0
1693893600,2023-09-05 06:00:00,2023-09-05 08:00:00,ringsted,12.475,110.5,0.95,0.0,1019.78,98.25,0.0
1693897200,2023-09-05 07:00:00,2023-09-05 09:00:00,ringsted,15.875,259.5,1.125,0.0,1019.75,90.5,0.833333
1693900800,2023-09-05 08:00:00,2023-09-05 10:00:00,ringsted,18.8,408.0,1.775,0.0,1019.67,77.5,0.0
1693904400,2023-09-05 09:00:00,2023-09-05 11:00:00,ringsted,21.025,520.5,2.275,0.0,1019.37,66.5,0.0
1693908000,2023-09-05 10:00:00,2023-09-05 12:00:00,ringsted,22.5,620.0,2.475,0.0,1019.08,58.75,0.0
1693911600,2023-09-05 11:00:00,2023-09-05 13:00:00,ringsted,23.3,663.5,2.525,0.0,1018.7,54.75,0.833333
1693915200,2023-09-05 12:00:00,2023-09-05 14:00:00,ringsted,23.95,667.0,2.375,0.0,1018.22,52.25,0.0
1693918800,2023-09-05 13:00:00,2023-09-05 15:00:00,ringsted,24.45,635.5,2.825,0.0,1017.77,49.5,0.0
1693922400,2023-09-05 14:00:00,2023-09-05 16:00:00,ringsted,24.825,567.0,2.625,0.0,1017.49,48.75,0.0
1693926000,2023-09-05 15:00:00,2023-09-05 17:00:00,ringsted,24.8,456.0,2.55,0.0,1017.33,49.5,0.0
1693929600,2023-09-05 16:00:00,2023-09-05 18:00:00,ringsted,24.325,324.0,2.175,0.0,1017.07,52.0,0.0
1693933200,2023-09-05 17:00:00,2023-09-05 19:00:00,ringsted,23.35,172.5,2.225,0.0,1017.12,59.25,0.0
1693936800,2023-09-05 18:00:00,2023-09-05 20:00:00,ringsted,21.025,39.0,1.525,0.0,1017.37,70.25,0.0
1693940400,2023-09-05 19:00:00,2023-09-05 21:00:00,ringsted,18.225,0.0,0.725,0.0,1017.66,81.5,0.0
1693944000,2023-09-05 20:00:00,2023-09-05 22:00:00,ringsted,16.125,0.0,0.525,0.0,1017.83,88.75,0.0
1693947600,2023-09-05 21:00:00,2023-09-05 23:00:00,ringsted,15.0,0.0,0.975,0.0,1018.03,93.0,0.0
1693951200,2023-09-05 22:00:00,2023-09-06 00:00:00,ringsted,13.875,0.0,0.7,0.0,1018.22,94.25,0.0
1693954800,2023-09-05 23:00:00,2023-09-06 01:00:00,ringsted,13.125,0.0,0.675,0.0,1018.38,96.25,6.25
1693958400,2023-09-06 00:00:00,2023-09-06 02:00:00,ringsted,12.25,0.0,0.775,0.0,1018.35,97.0,7.91667
1693962000,2023-09-06 01:00:00,2023-09-06 03:00:00,ringsted,11.525,0.0,0.75,0.0,1018.41,97.25,12.0833
1693965600,2023-09-06 02:00:00,2023-09-06 04:00:00,ringsted,11.025,0.0,0.825,0.0,1018.49,97.75,8.33333
1693969200,2023-09-06 03:00:00,2023-09-06 05:00:00,ringsted,10.825,0.0,0.95,0.0,1018.63,98.25,10.4167
1693972800,2023-09-06 04:00:00,2023-09-06 06:00:00,ringsted,10.5,0.0,0.55,0.0,1018.95,97.75,9.16667
1693976400,2023-09-06 05:00:00,2023-09-06 07:00:00,ringsted,10.4,11.5,0.825,0.0,1019.43,98.0,0.0
1693980000,2023-09-06 06:00:00,2023-09-06 08:00:00,ringsted,11.55,112.0,0.6,0.0,1019.76,96.75,0.0
1693983600,2023-09-06 07:00:00,2023-09-06 09:00:00,ringsted,15.775,261.5,0.775,0.0,1020.05,88.75,0.0
1693987200,2023-09-06 08:00:00,2023-09-06 10:00:00,ringsted,19.175,406.0,1.525,0.0,1020.4,73.5,0.0
1693990800,2023-09-06 09:00:00,2023-09-06 11:00:00,ringsted,20.9,525.5,2.15,0.0,1020.72,64.0,0.0
1693994400,2023-09-06 10:00:00,2023-09-06 12:00:00,ringsted,21.95,611.5,2.525,0.0,1020.79,59.75,0.0
1693998000,2023-09-06 11:00:00,2023-09-06 13:00:00,ringsted,22.5,660.5,3.225,0.0,1020.78,57.25,0.0
1694001600,2023-09-06 12:00:00,2023-09-06 14:00:00,ringsted,22.825,669.0,3.675,0.0,1020.8,55.5,0.0
1694005200,2023-09-06 13:00:00,2023-09-06 15:00:00,ringsted,22.875,638.5,3.525,0.0,1020.68,55.0,0.0
1694008800,2023-09-06 14:00:00,2023-09-06 16:00:00,ringsted,22.85,564.5,3.875,0.0,1020.55,55.0,0.0
1694012400,2023-09-06 15:00:00,2023-09-06 17:00:00,ringsted,22.3,456.0,3.95,0.0,1020.55,57.0,0.0
1694016000,2023-09-06 16:00:00,2023-09-06 18:00:00,ringsted,21.625,320.5,3.9,0.0,1020.8,62.25,0.0
1694019600,2023-09-06 17:00:00,2023-09-06 19:00:00,ringsted,20.4,169.0,3.75,0.0,1021.0,68.75,0.0
1694023200,2023-09-06 18:00:00,2023-09-06 20:00:00,ringsted,18.575,37.0,3.475,0.0,1021.2,77.5,0.0
1694026800,2023-09-06 19:00:00,2023-09-06 21:00:00,ringsted,17.075,0.0,3.7,0.0,1021.49,88.25,12.5
1694030400,2023-09-06 20:00:00,2023-09-06 22:00:00,ringsted,16.3,0.0,4.7,0.0,1021.82,92.5,48.3333
1694034000,2023-09-06 21:00:00,2023-09-06 23:00:00,ringsted,15.875,0.0,5.1,0.0,1022.13,94.5,75.8333
1694037600,2023-09-06 22:00:00,2023-09-07 00:00:00,ringsted,16.15,0.0,4.85,0.0,1022.31,93.5,95.0
1694041200,2023-09-06 23:00:00,2023-09-07 01:00:00,ringsted,16.275,0.0,4.75,0.0,1022.35,91.5,72.5
1694044800,2023-09-07 00:00:00,2023-09-07 02:00:00,ringsted,16.175,0.0,4.85,0.0,1022.32,90.0,50.8333
1694048400,2023-09-07 01:00:00,2023-09-07 03:00:00,ringsted,16.0,0.0,4.45,0.0,1022.27,90.25,72.5
1694052000,2023-09-07 02:00:00,2023-09-07 04:00:00,ringsted,16.05,0.0,4.3,0.0,1022.31,90.0,55.0
1694055600,2023-09-07 03:00:00,2023-09-07 05:00:00,ringsted,15.975,0.0,4.35,0.0,1022.42,89.25,50.8333
1694059200,2023-09-07 04:00:00,2023-09-07 06:00:00,ringsted,15.95,0.0,4.4,0.0,1022.47,89.5,50.0
1694062800,2023-09-07 05:00:00,2023-09-07 07:00:00,ringsted,15.85,5.0,4.25,0.0,1022.61,89.75,50.0
1694066400,2023-09-07 06:00:00,2023-09-07 08:00:00,ringsted,16.15,69.0,4.225,0.0,1022.76,89.0,45.8333
1694070000,2023-09-07 07:00:00,2023-09-07 09:00:00,ringsted,16.925,189.5,5.175,0.0,1022.82,86.25,45.0
1694073600,2023-09-07 08:00:00,2023-09-07 10:00:00,ringsted,17.95,347.5,5.3,0.0,1022.91,82.25,45.0
1694077200,2023-09-07 09:00:00,2023-09-07 11:00:00,ringsted,18.725,469.0,5.275,0.0,1022.97,79.25,36.25
1694080800,2023-09-07 10:00:00,2023-09-07 12:00:00,ringsted,19.45,558.0,5.225,0.0,1022.9,77.5,30.4167
1694084400,2023-09-07 11:00:00,2023-09-07 13:00:00,ringsted,20.0,621.0,4.975,0.0,1022.67,76.75,3.75
1694088000,2023-09-07 12:00:00,2023-09-07 14:00:00,ringsted,20.2,623.0,4.875,0.0,1022.44,77.25,0.0
1694091600,2023-09-07 13:00:00,2023-09-07 15:00:00,ringsted,20.325,593.0,4.675,0.0,1022.16,77.25,0.0
1694095200,2023-09-07 14:00:00,2023-09-07 16:00:00,ringsted,20.3,532.0,4.85,0.0,1021.95,77.75,0.0
1694098800,2023-09-07 15:00:00,2023-09-07 17:00:00,ringsted,20.35,441.5,4.7,0.0,1021.74,78.0,0.0
1694102400,2023-09-07 16:00:00,2023-09-07 18:00:00,ringsted,20.225,304.0,4.825,0.0,1021.29,78.0,0.0
1694106000,2023-09-07 17:00:00,2023-09-07 19:00:00,ringsted,19.4,155.5,4.2,0.0,1021.13,81.0,0.0
1694109600,2023-09-07 18:00:00,2023-09-07 20:00:00,ringsted,17.975,30.5,3.775,0.0,1021.24,88.25,0.0
1694113200,2023-09-07 19:00:00,2023-09-07 21:00:00,ringsted,16.8,0.0,3.6,0.0,1021.13,94.25,24.1667
1694116800,2023-09-07 20:00:00,2023-09-07 22:00:00,ringsted,16.325,0.0,3.825,0.0,1021.0,96.0,57.0
1694120400,2023-09-07 21:00:00,2023-09-07 23:00:00,ringsted,16.1,0.0,3.625,0.0,1020.88,96.75,63.9167
1694124000,2023-09-07 22:00:00,2023-09-08 00:00:00,ringsted,15.95,0.0,3.625,0.0,1020.78,97.0,95.8333
1694127600,2023-09-07 23:00:00,2023-09-08 01:00:00,ringsted,15.95,0.0,3.775,0.0,1020.46,97.0,87.5
1694131200,2023-09-08 00:00:00,2023-09-08 02:00:00,ringsted,15.925,0.0,3.6,0.0,1020.12,96.75,59.1667
1694134800,2023-09-08 01:00:00,2023-09-08 03:00:00,ringsted,15.95,0.0,3.475,0.0,1019.81,96.75,50.0
1694138400,2023-09-08 02:00:00,2023-09-08 04:00:00,ringsted,15.825,0.0,3.15,0.0,1019.35,97.5,8.33333
1694142000,2023-09-08 03:00:00,2023-09-08 05:00:00,ringsted,15.725,0.0,3.2,0.0,1019.05,98.25,0.0
1694145600,2023-09-08 04:00:00,2023-09-08 06:00:00,ringsted,15.5,0.0,2.95,0.025,1018.92,98.75,17.5
1694149200,2023-09-08 05:00:00,2023-09-08 07:00:00,ringsted,15.475,3.5,2.9,0.025,1018.83,99.0,48.3333
1694152800,2023-09-08 06:00:00,2023-09-08 08:00:00,ringsted,15.75,37.5,3.1,0.0,1018.78,99.0,47.5
1694156400,2023-09-08 07:00:00,2023-09-08 09:00:00,ringsted,16.125,117.0,3.4,0.025,1018.77,99.0,39.1667
1694160000,2023-09-08 08:00:00,2023-09-08 10:00:00,ringsted,16.85,270.5,3.2,0.025,1018.64,98.25,16.6667
1694163600,2023-09-08 09:00:00,2023-09-08 11:00:00,ringsted,18.2,371.5,3.375,0.0,1018.28,91.75,25.0
1694167200,2023-09-08 10:00:00,2023-09-08 12:00:00,ringsted,20.125,564.0,3.675,0.0,1017.91,83.0,50.0
1694170800,2023-09-08 11:00:00,2023-09-08 13:00:00,ringsted,21.4,640.5,3.675,0.0,1017.56,75.75,47.5
1694174400,2023-09-08 12:00:00,2023-09-08 14:00:00,ringsted,22.175,644.0,4.3,0.0,1017.31,71.75,29.1667
1694178000,2023-09-08 13:00:00,2023-09-08 15:00:00,ringsted,22.775,624.0,4.15,0.0,1016.76,68.5,0.0
1694181600,2023-09-08 14:00:00,2023-09-08 16:00:00,ringsted,23.425,550.5,4.425,0.0,1016.21,64.5,0.0
1694185200,2023-09-08 15:00:00,2023-09-08 17:00:00,ringsted,23.325,442.5,4.625,0.0,1015.99,64.25,0.0
1694188800,2023-09-08 16:00:00,2023-09-08 18:00:00,ringsted,22.8,306.0,3.75,0.0,1015.84,66.5,0.0
1694192400,2023-09-08 17:00:00,2023-09-08 19:00:00,ringsted,21.55,133.5,3.125,0.0,1015.66,72.75,0.0
1694196000,2023-09-08 18:00:00,2023-09-08 20:00:00,ringsted,19.5,21.0,2.75,0.0,1015.73,81.75,0.0
1694199600,2023-09-08 19:00:00,2023-09-08 21:00:00,ringsted,18.15,0.0,2.675,0.0,1015.65,87.0,0.0
1694203200,2023-09-08 20:00:00,2023-09-08 22:00:00,ringsted,17.575,0.0,3.225,0.0,1015.46,89.25,0.0
1694206800,2023-09-08 21:00:00,2023-09-08 23:00:00,ringsted,17.175,0.0,3.175,0.0,1015.22,90.25,0.0
1694210400,2023-09-08 22:00:00,2023-09-09 00:00:00,ringsted,17.15,0.0,3.275,0.0,1015.05,90.0,0.0
1694214000,2023-09-08 23:00:00,2023-09-09 01:00:00,ringsted,16.7,0.0,2.675,0.0,1014.79,91.0,0.0
1694217600,2023-09-09 00:00:00,2023-09-09 02:00:00,ringsted,16.05,0.0,2.325,0.0,1014.5,93.0,0.0
1694221200,2023-09-09 01:00:00,2023-09-09 03:00:00,ringsted,16.075,0.0,2.35,0.0,1014.3,93.25,0.0
1694224800,2023-09-09 02:00:00,2023-09-09 04:00:00,ringsted,16.2,0.0,2.375,0.025,1014.05,92.75,0.0
1694228400,2023-09-09 03:00:00,2023-09-09 05:00:00,ringsted,15.775,0.0,2.025,0.0,1013.81,93.5,0.0
1694232000,2023-09-09 04:00:00,2023-09-09 06:00:00,ringsted,15.725,0.0,2.125,0.025,1013.7,93.75,0.0
1694235600,2023-09-09 05:00:00,2023-09-09 07:00:00,ringsted,15.7,5.0,2.25,0.025,1013.62,94.25,0.0
1694239200,2023-09-09 06:00:00,2023-09-09 08:00:00,ringsted,16.575,79.0,2.475,0.0,1013.69,92.5,0.0
1694242800,2023-09-09 07:00:00,2023-09-09 09:00:00,ringsted,18.475,221.5,2.775,0.0,1013.77,85.75,0.833333
1694246400,2023-09-09 08:00:00,2023-09-09 10:00:00,ringsted,20.15,362.5,3.325,0.0,1013.85,79.25,1.66667
1694250000,2023-09-09 09:00:00,2023-09-09 11:00:00,ringsted,21.775,490.0,3.65,0.0,1013.85,71.75,0.833333
1694253600,2023-09-09 10:00:00,2023-09-09 12:00:00,ringsted,23.25,561.0,3.575,0.0,1013.63,65.25,0.0
1694257200,2023-09-09 11:00:00,2023-09-09 13:00:00,ringsted,24.25,611.0,3.775,0.0,1013.47,59.5,0.0
1694260800,2023-09-09 12:00:00,2023-09-09 14:00:00,ringsted,25.125,632.0,3.925,0.0,1013.26,55.25,0.0
1694264400,2023-09-09 13:00:00,2023-09-09 15:00:00,ringsted,25.5,600.5,4.0,0.0,1012.99,54.0,0.0
1694268000,2023-09-09 14:00:00,2023-09-09 16:00:00,ringsted,25.75,536.5,3.875,0.0,1012.87,53.5,0.0
1694271600,2023-09-09 15:00:00,2023-09-09 17:00:00,ringsted,25.45,432.0,3.95,0.0,1012.62,54.25,0.0
1694275200,2023-09-09 16:00:00,2023-09-09 18:00:00,ringsted,24.75,297.0,3.65,0.0,1012.47,59.5,0.0
1694278800,2023-09-09 17:00:00,2023-09-09 19:00:00,ringsted,23.175,146.5,3.225,0.0,1012.66,66.25,0.0
1694282400,2023-09-09 18:00:00,2023-09-09 20:00:00,ringsted,20.825,23.0,1.95,0.0,1012.9,76.25,0.0
1694286000,2023-09-09 19:00:00,2023-09-09 21:00:00,ringsted,18.825,0.0,1.625,0.0,1013.01,83.75,0.0
1694289600,2023-09-09 20:00:00,2023-09-09 22:00:00,ringsted,17.925,0.0,1.725,0.0,1012.92,88.0,0.0
1694293200,2023-09-09 21:00:00,2023-09-09 23:00:00,ringsted,17.2,0.0,1.35,0.0,1012.71,91.25,0.0
1694296800,2023-09-09 22:00:00,2023-09-10 00:00:00,ringsted,16.375,0.0,0.925,0.0,1012.65,94.0,0.0
1694300400,2023-09-09 23:00:00,2023-09-10 01:00:00,ringsted,15.0,0.0,0.6,0.0,1012.6,95.5,4.16667
1694304000,2023-09-10 00:00:00,2023-09-10 02:00:00,ringsted,14.475,0.0,0.4,0.0,1012.43,97.0,7.91667
1694307600,2023-09-10 01:00:00,2023-09-10 03:00:00,ringsted,14.35,0.0,0.275,0.0,1012.26,97.25,0.0
1694311200,2023-09-10 02:00:00,2023-09-10 04:00:00,ringsted,14.2,0.0,0.7,0.0,1012.12,97.0,0.833333
1694314800,2023-09-10 03:00:00,2023-09-10 05:00:00,ringsted,14.025,0.0,0.65,0.0,1012.1,97.0,0.833333
1694318400,2023-09-10 04:00:00,2023-09-10 06:00:00,ringsted,13.9,0.0,0.425,0.0,1012.1,97.5,2.5
1694322000,2023-09-10 05:00:00,2023-09-10 07:00:00,ringsted,14.125,6.0,0.425,0.0,1012.45,96.75,21.6667
1694325600,2023-09-10 06:00:00,2023-09-10 08:00:00,ringsted,15.2,55.0,1.0,0.0,1012.71,96.0,51.6667
1694329200,2023-09-10 07:00:00,2023-09-10 09:00:00,ringsted,17.625,141.0,1.65,0.0,1012.98,92.0,79.5833
1694332800,2023-09-10 08:00:00,2023-09-10 10:00:00,ringsted,19.225,226.5,2.125,0.0,1013.22,89.25,69.5833
1694336400,2023-09-10 09:00:00,2023-09-10 11:00:00,ringsted,20.2,282.0,2.625,0.025,1013.4,86.5,71.6667
1694340000,2023-09-10 10:00:00,2023-09-10 12:00:00,ringsted,20.35,364.0,2.75,0.0,1013.54,86.0,92.9167
1694343600,2023-09-10 11:00:00,2023-09-10 13:00:00,ringsted,20.1,382.0,2.975,0.0,1013.47,86.5,98.3333
1694347200,2023-09-10 12:00:00,2023-09-10 14:00:00,ringsted,20.05,378.0,3.0,0.0,1013.52,86.25,98.3333
1694350800,2023-09-10 13:00:00,2023-09-10 15:00:00,ringsted,19.7,289.5,3.325,0.0,1013.63,87.0,98.3333
1694354400,2023-09-10 14:00:00,2023-09-10 16:00:00,ringsted,19.5,252.0,3.05,0.0,1013.6,86.5,98.3333
1694358000,2023-09-10 15:00:00,2023-09-10 17:00:00,ringsted,19.15,199.0,2.975,0.0,1013.49,87.25,98.3333
1694361600,2023-09-10 16:00:00,2023-09-10 18:00:00,ringsted,18.55,107.0,2.6,0.0,1013.42,89.25,99.1667
1694365200,2023-09-10 17:00:00,2023-09-10 19:00:00,ringsted,18.025,46.0,2.375,0.0,1013.5,91.0,83.3333
1694368800,2023-09-10 18:00:00,2023-09-10 20:00:00,ringsted,17.525,8.5,2.35,0.0,1013.63,92.0,54.1667
1694372400,2023-09-10 19:00:00,2023-09-10 21:00:00,ringsted,16.825,0.0,1.675,0.0,1013.72,93.75,50.0
1694376000,2023-09-10 20:00:00,2023-09-10 22:00:00,ringsted,16.375,0.0,1.175,0.0,1013.66,94.75,73.3333
1694379600,2023-09-10 21:00:00,2023-09-10 23:00:00,ringsted,16.075,0.0,0.85,0.0,1013.45,96.0,96.6667
1694383200,2023-09-10 22:00:00,2023-09-11 00:00:00,ringsted,16.125,0.0,1.075,0.0,1013.28,97.0,70.8333
1694386800,2023-09-10 23:00:00,2023-09-11 01:00:00,ringsted,15.825,0.0,1.125,0.0,1012.77,98.25,48.3333
1694390400,2023-09-11 00:00:00,2023-09-11 02:00:00,ringsted,15.7,0.0,1.0,0.0,1012.28,98.75,50.1667
1694394000,2023-09-11 01:00:00,2023-09-11 03:00:00,ringsted,15.625,0.0,0.925,0.0,1012.0,99.0,50.3333
1694397600,2023-09-11 02:00:00,2023-09-11 04:00:00,ringsted,15.625,0.0,0.725,0.0,1011.67,98.5,48.3333
1694401200,2023-09-11 03:00:00,2023-09-11 05:00:00,ringsted,15.7,0.0,0.925,0.0,1011.36,98.0,47.5
1694404800,2023-09-11 04:00:00,2023-09-11 06:00:00,ringsted,15.625,0.0,0.875,0.0,1011.2,97.75,47.5
1694408400,2023-09-11 05:00:00,2023-09-11 07:00:00,ringsted,15.55,1.5,1.15,0.0,1011.05,98.25,45.8333
1694412000,2023-09-11 06:00:00,2023-09-11 08:00:00,ringsted,15.475,27.0,1.05,0.0,1010.87,99.0,63.3333
1694415600,2023-09-11 07:00:00,2023-09-11 09:00:00,ringsted,15.675,71.5,1.4,0.0,1010.6,99.0,98.3333
1694419200,2023-09-11 08:00:00,2023-09-11 10:00:00,ringsted,16.1,103.5,2.1,0.0,1010.35,98.25,98.3333
1694422800,2023-09-11 09:00:00,2023-09-11 11:00:00,ringsted,16.65,150.5,2.475,0.0,1010.18,95.5,92.5
1694426400,2023-09-11 10:00:00,2023-09-11 12:00:00,ringsted,17.675,265.5,2.475,0.0,1009.67,90.25,51.6667
1694430000,2023-09-11 11:00:00,2023-09-11 13:00:00,ringsted,19.025,437.0,2.175,0.0,1009.42,82.25,50.0
1694433600,2023-09-11 12:00:00,2023-09-11 14:00:00,ringsted,20.375,599.0,1.9,0.0,1009.28,76.5,34.5833
1694437200,2023-09-11 13:00:00,2023-09-11 15:00:00,ringsted,21.575,566.5,1.975,0.0,1008.7,70.25,3.33333
1694440800,2023-09-11 14:00:00,2023-09-11 16:00:00,ringsted,21.75,475.0,2.95,0.0,1007.98,71.25,0.833333
1694444400,2023-09-11 15:00:00,2023-09-11 17:00:00,ringsted,21.1,377.5,3.775,0.0,1007.82,74.0,0.0
1694448000,2023-09-11 16:00:00,2023-09-11 18:00:00,ringsted,20.75,253.5,3.525,0.0,1007.86,76.5,0.0
1694451600,2023-09-11 17:00:00,2023-09-11 19:00:00,ringsted,20.075,111.0,2.675,0.0,1007.6,80.25,2.5
1694455200,2023-09-11 18:00:00,2023-09-11 20:00:00,ringsted,18.625,12.0,2.425,0.0,1007.72,87.5,13.3333
1694458800,2023-09-11 19:00:00,2023-09-11 21:00:00,ringsted,17.5,0.0,2.025,0.0,1007.78,92.25,10.4167
1694462400,2023-09-11 20:00:00,2023-09-11 22:00:00,ringsted,16.975,0.0,1.85,0.0,1007.4,94.25,16.6667
1694466000,2023-09-11 21:00:00,2023-09-11 23:00:00,ringsted,16.925,0.0,2.1,0.0,1007.17,94.5,9.58333
1694469600,2023-09-11 22:00:00,2023-09-12 00:00:00,ringsted,16.95,0.0,1.775,0.0,1006.82,94.0,0.0
1694473200,2023-09-11 23:00:00,2023-09-12 01:00:00,ringsted,17.0,0.0,1.875,0.0,1006.58,94.0,0.0
1694476800,2023-09-12 00:00:00,2023-09-12 02:00:00,ringsted,16.825,0.0,1.275,0.025,1006.67,95.25,10.8333
1694480400,2023-09-12 01:00:00,2023-09-12 03:00:00,ringsted,16.35,0.0,0.725,0.0,1006.69,96.75,67.0833
1694484000,2023-09-12 02:00:00,2023-09-12 04:00:00,ringsted,16.125,0.0,0.75,0.0,1006.68,97.5,90.8333
1694487600,2023-09-12 03:00:00,2023-09-12 05:00:00,ringsted,16.525,0.0,1.4,0.0,1006.68,97.75,95.8333
1694491200,2023-09-12 04:00:00,2023-09-12 06:00:00,ringsted,17.125,0.0,2.025,0.0,1006.73,97.5,95.0
1694494800,2023-09-12 05:00:00,2023-09-12 07:00:00,ringsted,17.3,1.0,1.925,0.05,1006.89,98.25,90.0
1694498400,2023-09-12 06:00:00,2023-09-12 08:00:00,ringsted,17.55,20.0,1.475,0.125,1007.26,98.5,92.5
1694502000,2023-09-12 07:00:00,2023-09-12 09:00:00,ringsted,18.0,78.5,1.575,0.0,1007.51,98.75,90.0
1694505600,2023-09-12 08:00:00,2023-09-12 10:00:00,ringsted,18.7,102.5,2.0,0.0,1007.7,95.25,77.5
1694509200,2023-09-12 09:00:00,2023-09-12 11:00:00,ringsted,19.275,139.5,2.05,0.0,1007.61,91.25,72.5
1694512800,2023-09-12 10:00:00,2023-09-12 12:00:00,ringsted,19.8,244.5,2.525,0.0,1007.68,87.0,52.5
1694516400,2023-09-12 11:00:00,2023-09-12 13:00:00,ringsted,20.825,381.5,3.075,0.0,1007.96,79.5,66.6667
1694520000,2023-09-12 12:00:00,2023-09-12 14:00:00,ringsted,21.275,368.0,3.7,0.0,1007.88,76.5,58.3333
1694523600,2023-09-12 13:00:00,2023-09-12 15:00:00,ringsted,21.5,357.5,4.0,0.0,1007.49,74.75,40.0
1694527200,2023-09-12 14:00:00,2023-09-12 16:00:00,ringsted,21.55,301.0,3.7,0.0,1007.62,74.0,50.8333
1694530800,2023-09-12 15:00:00,2023-09-12 17:00:00,ringsted,21.3,250.5,3.225,0.0,1007.67,75.25,53.3333
1694534400,2023-09-12 16:00:00,2023-09-12 18:00:00,ringsted,21.125,186.0,2.85,0.0,1007.73,76.75,61.6667
1694538000,2023-09-12 17:00:00,2023-09-12 19:00:00,ringsted,20.85,89.5,2.325,0.0,1007.84,78.25,70.8333
1694541600,2023-09-12 18:00:00,2023-09-12 20:00:00,ringsted,19.45,10.0,1.875,0.175,1008.35,86.0,88.3333
1694545200,2023-09-12 19:00:00,2023-09-12 21:00:00,ringsted,18.2,0.0,2.2,0.175,1008.85,91.5,85.0
1694548800,2023-09-12 20:00:00,2023-09-12 22:00:00,ringsted,17.175,0.0,2.175,0.0,1009.09,93.25,89.1667
1694552400,2023-09-12 21:00:00,2023-09-12 23:00:00,ringsted,16.55,0.0,2.4,0.025,1009.1,92.5,93.3333
1694556000,2023-09-12 22:00:00,2023-09-13 00:00:00,ringsted,15.9,0.0,2.15,0.025,1008.96,92.5,86.6667
1694559600,2023-09-12 23:00:00,2023-09-13 01:00:00,ringsted,15.55,0.0,2.15,0.0,1009.13,91.25,80.8333
1694563200,2023-09-13 00:00:00,2023-09-13 02:00:00,ringsted,15.5,0.0,2.1,0.0,1008.72,89.0,96.6667
1694566800,2023-09-13 01:00:00,2023-09-13 03:00:00,ringsted,15.525,0.0,2.575,0.0,1008.58,87.25,96.6667
1694570400,2023-09-13 02:00:00,2023-09-13 04:00:00,ringsted,15.475,0.0,2.5,0.0,1008.55,85.5,97.5
1694574000,2023-09-13 03:00:00,2023-09-13 05:00:00,ringsted,15.25,0.0,2.2,0.0,1008.48,85.25,85.8333
1694577600,2023-09-13 04:00:00,2023-09-13 06:00:00,ringsted,14.9,0.0,1.85,0.0,1007.94,86.0,78.75
1694581200,2023-09-13 05:00:00,2023-09-13 07:00:00,ringsted,14.6,0.5,1.9,0.0,1007.99,86.25,80.0
1694584800,2023-09-13 06:00:00,2023-09-13 08:00:00,ringsted,14.55,16.5,2.05,0.0,1008.15,85.5,87.5
1694588400,2023-09-13 07:00:00,2023-09-13 09:00:00,ringsted,14.825,50.0,2.25,0.0,1008.59,86.25,77.5
1694592000,2023-09-13 08:00:00,2023-09-13 10:00:00,ringsted,15.5,106.5,2.575,0.0,1008.95,84.5,95.0
1694595600,2023-09-13 09:00:00,2023-09-13 11:00:00,ringsted,16.35,209.0,3.25,0.0,1009.23,79.75,72.5
1694599200,2023-09-13 10:00:00,2023-09-13 12:00:00,ringsted,17.175,391.0,4.025,0.0,1009.16,71.25,72.2222
1694602800,2023-09-13 11:00:00,2023-09-13 13:00:00,ringsted,17.7,420.0,4.66667,0.0,1009.33,67.3333,67.5
1694606400,2023-09-13 12:00:00,2023-09-13 14:00:00,ringsted,18.2667,368.0,4.46667,0.0,1009.75,60.0,90.0
1694610000,2023-09-13 13:00:00,2023-09-13 15:00:00,ringsted,18.3,284.0,5.16667,0.0,1010.16,59.0,90.0
1694613600,2023-09-13 14:00:00,2023-09-13 16:00:00,ringsted,17.8667,230.0,5.8,0.0,1010.69,63.3333,93.3333
1694617200,2023-09-13 15:00:00,2023-09-13 17:00:00,ringsted,16.8667,123.0,5.96667,0.2,1011.53,66.0,98.3333
1694620800,2023-09-13 16:00:00,2023-09-13 18:00:00,ringsted,15.3,86.0,4.06667,0.266667,1011.74,79.0,60.8333
1694624400,2023-09-13 17:00:00,2023-09-13 19:00:00,ringsted,15.6333,152.0,4.03333,0.0,1012.06,77.0,0.0
1694628000,2023-09-13 18:00:00,2023-09-13 20:00:00,ringsted,14.5,11.0,3.36667,0.0,1012.82,76.6667,0.0
1694631600,2023-09-13 19:00:00,2023-09-13 21:00:00,ringsted,13.1667,0.0,2.83333,0.0,1013.53,78.6667,0.0
1694635200,2023-09-13 20:00:00,2023-09-13 22:00:00,ringsted,12.2,0.0,2.73333,0.0,1013.93,81.0,0.0
1694638800,2023-09-13 21:00:00,2023-09-13 23:00:00,ringsted,11.3333,0.0,2.26667,0.0,1014.19,82.6667,0.0
1694642400,2023-09-13 22:00:00,2023-09-14 00:00:00,ringsted,10.7333,0.0,2.5,0.0,1014.64,84.6667,0.0
1694646000,2023-09-13 23:00:00,2023-09-14 01:00:00,ringsted,10.2667,0.0,2.96667,0.0,1014.92,86.3333,0.0
1694649600,2023-09-14 00:00:00,2023-09-14 02:00:00,ringsted,10.2667,0.0,2.6,0.0,1015.01,86.6667,0.0
1694653200,2023-09-14 01:00:00,2023-09-14 03:00:00,ringsted,9.9,0.0,2.53333,0.0,1015.4,88.6667,0.0
1694656800,2023-09-14 02:00:00,2023-09-14 04:00:00,ringsted,9.5,0.0,2.8,0.0,1015.7,90.6667,0.0
1694660400,2023-09-14 03:00:00,2023-09-14 05:00:00,ringsted,9.36667,0.0,2.33333,0.0,1015.94,92.0,0.0
1694664000,2023-09-14 04:00:00,2023-09-14 06:00:00,ringsted,9.0,0.0,1.26667,0.0,1016.14,93.6667,0.0
1694667600,2023-09-14 05:00:00,2023-09-14 07:00:00,ringsted,8.53333,3.0,1.23333,0.0,1016.37,95.0,0.0
1694671200,2023-09-14 06:00:00,2023-09-14 08:00:00,ringsted,9.0,89.0,1.76667,0.0,1016.73,94.0,0.0
1694674800,2023-09-14 07:00:00,2023-09-14 09:00:00,ringsted,11.0667,205.0,1.56667,0.0,1017.38,89.6667,10.0
1694678400,2023-09-14 08:00:00,2023-09-14 10:00:00,ringsted,13.5333,408.0,2.73333,0.0,1017.71,80.0,70.0
1694682000,2023-09-14 09:00:00,2023-09-14 11:00:00,ringsted,15.1333,532.0,3.23333,0.0,1018.0,71.6667,17.5
1694685600,2023-09-14 10:00:00,2023-09-14 12:00:00,ringsted,15.5,421.0,2.96667,0.0,1018.21,67.0,12.5
1694689200,2023-09-14 11:00:00,2023-09-14 13:00:00,ringsted,16.0,516.0,2.56667,0.0,1018.22,61.0,28.0
1694692800,2023-09-14 12:00:00,2023-09-14 14:00:00,ringsted,16.55,629.0,2.725,0.0,1018.3,51.75,65.4167
1694696400,2023-09-14 13:00:00,2023-09-14 15:00:00,ringsted,16.925,561.5,2.775,0.0,1018.19,51.0,43.3333
1694700000,2023-09-14 14:00:00,2023-09-14 16:00:00,ringsted,17.1,491.0,3.1,0.0,1018.06,48.0,43.3333
1694703600,2023-09-14 15:00:00,2023-09-14 17:00:00,ringsted,17.05,388.5,2.8,0.0,1018.18,47.5,19.5833
1694707200,2023-09-14 16:00:00,2023-09-14 18:00:00,ringsted,16.625,251.0,3.175,0.0,1018.49,51.25,45.0
1694710800,2023-09-14 17:00:00,2023-09-14 19:00:00,ringsted,15.625,92.5,2.125,0.0,1018.61,57.75,28.75
1694714400,2023-09-14 18:00:00,2023-09-14 20:00:00,ringsted,13.65,8.0,0.925,0.0,1018.62,69.5,63.75
1694718000,2023-09-14 19:00:00,2023-09-14 21:00:00,ringsted,11.775,0.0,0.3,0.0,1018.76,80.25,52.5
1694721600,2023-09-14 20:00:00,2023-09-14 22:00:00,ringsted,11.025,0.0,0.35,0.0,1018.86,85.0,77.9167
1694725200,2023-09-14 21:00:00,2023-09-14 23:00:00,ringsted,10.8,0.0,0.75,0.0,1018.91,88.75,82.9167
1694728800,2023-09-14 22:00:00,2023-09-15 00:00:00,ringsted,10.8,0.0,0.675,0.0,1019.09,89.25,87.0833
1694732400,2023-09-14 23:00:00,2023-09-15 01:00:00,ringsted,11.125,0.0,0.7,0.0,1019.08,87.5,24.5833
1694736000,2023-09-15 00:00:00,2023-09-15 02:00:00,ringsted,10.8,0.0,0.525,0.0,1019.21,87.5,80.4167
1694739600,2023-09-15 01:00:00,2023-09-15 03:00:00,ringsted,10.6,0.0,0.625,0.0,1019.19,89.0,77.5
1694743200,2023-09-15 02:00:00,2023-09-15 04:00:00,ringsted,10.375,0.0,0.75,0.0,1019.07,89.75,92.5
1694746800,2023-09-15 03:00:00,2023-09-15 05:00:00,ringsted,11.0,0.0,0.9,0.0,1018.87,88.75,93.3333
1694750400,2023-09-15 04:00:00,2023-09-15 06:00:00,ringsted,11.3,0.0,1.0,0.0,1018.88,88.5,74.1667
1694754000,2023-09-15 05:00:00,2023-09-15 07:00:00,ringsted,10.775,2.5,1.05,0.0,1019.21,90.5,54.1667
1694757600,2023-09-15 06:00:00,2023-09-15 08:00:00,ringsted,11.325,77.5,1.3,0.0,1019.52,89.25,45.0
1694761200,2023-09-15 07:00:00,2023-09-15 09:00:00,ringsted,13.625,197.5,1.775,0.0,1019.51,81.75,21.25
1694764800,2023-09-15 08:00:00,2023-09-15 10:00:00,ringsted,15.725,362.5,3.075,0.0,1019.6,70.75,4.16667
1694768400,2023-09-15 09:00:00,2023-09-15 11:00:00,ringsted,16.575,445.0,3.6,0.0,1019.63,62.5,18.75
1694772000,2023-09-15 10:00:00,2023-09-15 12:00:00,ringsted,17.3,561.5,3.625,0.0,1019.35,59.5,33.3333
1694775600,2023-09-15 11:00:00,2023-09-15 13:00:00,ringsted,17.775,543.0,3.7,0.0,1019.03,58.75,39.5833
1694779200,2023-09-15 12:00:00,2023-09-15 14:00:00,ringsted,18.125,433.0,4.025,0.0,1018.65,59.0,53.75
1694782800,2023-09-15 13:00:00,2023-09-15 15:00:00,ringsted,18.325,499.0,4.275,0.0,1018.17,60.25,28.3333
1694786400,2023-09-15 14:00:00,2023-09-15 16:00:00,ringsted,18.4,503.5,4.75,0.0,1017.86,60.75,35.8333
1694790000,2023-09-15 15:00:00,2023-09-15 17:00:00,ringsted,18.25,401.5,4.95,0.0,1017.61,62.25,10.0
1694793600,2023-09-15 16:00:00,2023-09-15 18:00:00,ringsted,17.75,265.5,4.85,0.0,1017.46,66.0,0.833333
1694797200,2023-09-15 17:00:00,2023-09-15 19:00:00,ringsted,16.875,101.5,4.15,0.0,1017.35,71.25,0.0
1694800800,2023-09-15 18:00:00,2023-09-15 20:00:00,ringsted,15.525,7.0,3.35,0.0,1017.42,78.75,0.0
1694804400,2023-09-15 19:00:00,2023-09-15 21:00:00,ringsted,14.625,0.0,2.925,0.0,1017.39,85.25,0.0
1694808000,2023-09-15 20:00:00,2023-09-15 22:00:00,ringsted,13.825,0.0,2.525,0.0,1017.17,91.0,3.33333
1694811600,2023-09-15 21:00:00,2023-09-15 23:00:00,ringsted,13.65,0.0,2.45,0.0,1016.96,93.5,0.0
1694815200,2023-09-15 22:00:00,2023-09-16 00:00:00,ringsted,13.425,0.0,2.175,0.0,1016.71,94.25,0.0
1694818800,2023-09-15 23:00:00,2023-09-16 01:00:00,ringsted,13.25,0.0,2.2,0.0,1016.4,94.75,0.0
1694822400,2023-09-16 00:00:00,2023-09-16 02:00:00,ringsted,13.225,0.0,2.325,0.025,1016.24,95.5,0.0
1694826000,2023-09-16 01:00:00,2023-09-16 03:00:00,ringsted,13.15,0.0,2.375,0.0,1016.14,95.0,0.0
1694829600,2023-09-16 02:00:00,2023-09-16 04:00:00,ringsted,13.575,0.0,2.675,0.0,1015.86,93.75,0.0
1694833200,2023-09-16 03:00:00,2023-09-16 05:00:00,ringsted,13.325,0.0,2.475,0.0,1015.58,93.5,0.0
1694836800,2023-09-16 04:00:00,2023-09-16 06:00:00,ringsted,13.55,0.0,2.725,0.0,1015.17,91.75,11.25
1694840400,2023-09-16 05:00:00,2023-09-16 07:00:00,ringsted,13.125,1.5,2.85,0.0,1014.94,90.75,26.25
1694844000,2023-09-16 06:00:00,2023-09-16 08:00:00,ringsted,13.55,39.0,2.6,0.0,1014.95,89.25,21.6667
1694847600,2023-09-16 07:00:00,2023-09-16 09:00:00,ringsted,15.35,163.5,2.9,0.0,1015.0,83.5,45.0
1694851200,2023-09-16 08:00:00,2023-09-16 10:00:00,ringsted,16.375,153.5,2.7,0.0,1014.88,80.5,91.6667
1694854800,2023-09-16 09:00:00,2023-09-16 11:00:00,ringsted,17.525,311.0,3.825,0.0,1014.65,75.25,68.3333
1694858400,2023-09-16 10:00:00,2023-09-16 12:00:00,ringsted,18.55,423.0,4.925,0.025,1014.2,70.5,45.0
1694862000,2023-09-16 11:00:00,2023-09-16 13:00:00,ringsted,19.35,573.5,5.2,0.0,1013.7,68.75,28.3333
1694865600,2023-09-16 12:00:00,2023-09-16 14:00:00,ringsted,19.95,610.0,5.2,0.0,1013.21,67.0,3.33333
1694869200,2023-09-16 13:00:00,2023-09-16 15:00:00,ringsted,20.35,570.5,5.15,0.0,1012.72,65.25,0.0
1694872800,2023-09-16 14:00:00,2023-09-16 16:00:00,ringsted,20.35,476.0,4.95,0.0,1012.26,65.25,0.0
1694876400,2023-09-16 15:00:00,2023-09-16 17:00:00,ringsted,20.225,383.0,4.9,0.0,1012.01,67.25,0.833333
1694880000,2023-09-16 16:00:00,2023-09-16 18:00:00,ringsted,19.775,225.5,3.725,0.0,1011.95,71.0,8.33333
1694883600,2023-09-16 17:00:00,2023-09-16 19:00:00,ringsted,18.875,74.5,2.7,0.0,1011.97,75.5,20.0
1694887200,2023-09-16 18:00:00,2023-09-16 20:00:00,ringsted,17.4,4.5,2.1,0.0,1012.24,82.0,59.1667
1694890800,2023-09-16 19:00:00,2023-09-16 21:00:00,ringsted,16.375,0.0,1.65,0.0,1012.31,86.5,55.8333
1694894400,2023-09-16 20:00:00,2023-09-16 22:00:00,ringsted,15.725,0.0,2.025,0.0,1012.08,89.25,69.5833
1694898000,2023-09-16 21:00:00,2023-09-16 23:00:00,ringsted,15.25,0.0,1.75,0.0,1011.92,90.75,87.5
1694901600,2023-09-16 22:00:00,2023-09-17 00:00:00,ringsted,15.175,0.0,1.375,0.0,1011.67,92.0,99.1667
1694905200,2023-09-16 23:00:00,2023-09-17 01:00:00,ringsted,15.4,0.0,1.175,0.0,1011.62,91.5,95.0
1694908800,2023-09-17 00:00:00,2023-09-17 02:00:00,ringsted,15.5,0.0,1.225,0.0,1011.67,92.75,95.0
1694912400,2023-09-17 01:00:00,2023-09-17 03:00:00,ringsted,15.6,0.0,1.25,0.0,1011.55,92.75,93.3333
1694916000,2023-09-17 02:00:00,2023-09-17 04:00:00,ringsted,15.725,0.0,1.0,0.0,1011.58,91.75,90.8333
1694919600,2023-09-17 03:00:00,2023-09-17 05:00:00,ringsted,15.475,0.0,1.175,0.0,1011.71,93.0,69.1667
1694923200,2023-09-17 04:00:00,2023-09-17 06:00:00,ringsted,15.125,0.0,1.075,0.0,1011.74,93.75,76.6667
1694926800,2023-09-17 05:00:00,2023-09-17 07:00:00,ringsted,14.95,0.5,1.175,0.0,1012.15,94.0,82.5
1694930400,2023-09-17 06:00:00,2023-09-17 08:00:00,ringsted,15.05,32.5,1.175,0.0,1012.71,94.75,75.8333
1694934000,2023-09-17 07:00:00,2023-09-17 09:00:00,ringsted,16.2,96.5,1.375,0.0,1013.06,94.0,59.1667
1694937600,2023-09-17 08:00:00,2023-09-17 10:00:00,ringsted,18.025,196.0,2.3,0.025,1013.42,87.5,63.3333
1694941200,2023-09-17 09:00:00,2023-09-17 11:00:00,ringsted,19.35,233.5,2.675,0.0,1013.45,79.75,26.6667
1694944800,2023-09-17 10:00:00,2023-09-17 12:00:00,ringsted,20.975,495.0,3.8,0.0,1013.46,66.75,16.25
1694948400,2023-09-17 11:00:00,2023-09-17 13:00:00,ringsted,21.625,519.5,4.85,0.0,1013.47,60.0,2.5
1694952000,2023-09-17 12:00:00,2023-09-17 14:00:00,ringsted,22.025,578.5,5.5,0.0,1013.55,56.25,0.833333
1694955600,2023-09-17 13:00:00,2023-09-17 15:00:00,ringsted,22.1,554.5,5.7,0.0,1013.58,55.0,0.0
1694959200,2023-09-17 14:00:00,2023-09-17 16:00:00,ringsted,21.85,479.5,5.6,0.0,1013.35,56.25,0.0
1694962800,2023-09-17 15:00:00,2023-09-17 17:00:00,ringsted,21.025,351.5,5.975,0.0,1013.2,60.75,1.66667
1694966400,2023-09-17 16:00:00,2023-09-17 18:00:00,ringsted,20.025,191.5,5.55,0.0,1013.17,65.5,1.66667
1694970000,2023-09-17 17:00:00,2023-09-17 19:00:00,ringsted,18.9,56.0,5.025,0.0,1012.92,72.5,1.66667
1694973600,2023-09-17 18:00:00,2023-09-17 20:00:00,ringsted,17.875,5.0,5.125,0.0,1012.81,77.75,11.6667
1694977200,2023-09-17 19:00:00,2023-09-17 21:00:00,ringsted,17.45,0.0,5.7,0.0,1012.5,79.0,45.8333
1694980800,2023-09-17 20:00:00,2023-09-17 22:00:00,ringsted,17.275,0.0,6.35,0.0,1012.01,81.5,78.3333
1694984400,2023-09-17 21:00:00,2023-09-17 23:00:00,ringsted,17.375,0.0,7.15,0.0,1011.75,80.5,83.3333
1694988000,2023-09-17 22:00:00,2023-09-18 00:00:00,ringsted,17.275,0.0,7.625,0.0,1011.14,81.0,50.0
1694991600,2023-09-17 23:00:00,2023-09-18 01:00:00,ringsted,17.075,0.0,7.675,0.0,1010.55,83.5,46.6667
1694995200,2023-09-18 00:00:00,2023-09-18 02:00:00,ringsted,17.05,0.0,7.55,0.0,1009.93,85.25,42.5
1694998800,2023-09-18 01:00:00,2023-09-18 03:00:00,ringsted,17.025,0.0,7.5,0.0,1009.22,87.5,60.4167
1695002400,2023-09-18 02:00:00,2023-09-18 04:00:00,ringsted,17.125,0.0,7.5,0.025,1008.61,89.75,90.0
1695006000,2023-09-18 03:00:00,2023-09-18 05:00:00,ringsted,17.325,0.0,7.275,0.675,1007.72,91.0,90.0
1695009600,2023-09-18 04:00:00,2023-09-18 06:00:00,ringsted,17.4,0.0,7.5,0.35,1006.46,92.25,49.1667
1695013200,2023-09-18 05:00:00,2023-09-18 07:00:00,ringsted,17.275,0.5,7.575,0.075,1005.51,94.0,51.6667
1695016800,2023-09-18 06:00:00,2023-09-18 08:00:00,ringsted,17.45,36.0,7.675,0.025,1004.9,93.25,62.5
1695020400,2023-09-18 07:00:00,2023-09-18 09:00:00,ringsted,17.825,115.0,7.625,0.0,1004.19,92.0,57.5
1695024000,2023-09-18 08:00:00,2023-09-18 10:00:00,ringsted,18.375,205.0,7.7,0.025,1003.4,89.75,33.75
1695027600,2023-09-18 09:00:00,2023-09-18 11:00:00,ringsted,19.275,341.5,7.6,0.025,1002.47,85.75,8.33333
1695031200,2023-09-18 10:00:00,2023-09-18 12:00:00,ringsted,20.4,400.5,7.525,0.0,963.917,80.0,3.33333
1695034800,2023-09-18 11:00:00,2023-09-18 13:00:00,ringsted,21.15,378.5,7.2,0.0,1000.54,75.0,28.3333
1695038400,2023-09-18 12:00:00,2023-09-18 14:00:00,ringsted,21.425,338.0,7.275,0.0,999.913,72.75,71.6667
1695042000,2023-09-18 13:00:00,2023-09-18 15:00:00,ringsted,21.625,193.0,6.25,0.0,999.625,72.5,75.0
1695045600,2023-09-18 14:00:00,2023-09-18 16:00:00,ringsted,21.1,128.5,6.2,0.0,999.391,75.5,65.4545
1695049200,2023-09-18 15:00:00,2023-09-18 17:00:00,ringsted,20.575,95.5,5.1,0.05,999.15,80.5,76.25
1695052800,2023-09-18 16:00:00,2023-09-18 18:00:00,ringsted,20.05,67.0,4.05,0.15,998.933,84.5,69.1667
1695056400,2023-09-18 17:00:00,2023-09-18 19:00:00,ringsted,19.825,62.5,2.875,0.0,998.804,85.75,75.8333
1695060000,2023-09-18 18:00:00,2023-09-18 20:00:00,ringsted,19.35,6.5,2.15,0.0,923.383,88.0,64.1667
1695063600,2023-09-18 19:00:00,2023-09-18 21:00:00,ringsted,18.725,0.0,2.2,0.0,998.054,89.75,11.6667
1695067200,2023-09-18 20:00:00,2023-09-18 22:00:00,ringsted,18.2,0.0,2.75,0.0,997.654,90.75,10.0
1695070800,2023-09-18 21:00:00,2023-09-18 23:00:00,ringsted,18.05,0.0,3.075,0.0,997.229,90.5,21.6667
1695074400,2023-09-18 22:00:00,2023-09-19 00:00:00,ringsted,17.8,0.0,3.225,0.0,996.713,90.0,20.8333
1695078000,2023-09-18 23:00:00,2023-09-19 01:00:00,ringsted,17.35,0.0,3.3,0.0,996.183,89.25,43.3333
1695081600,2023-09-19 00:00:00,2023-09-19 02:00:00,ringsted,17.5,0.0,4.85,0.0,995.8,87.5,67.5
1695085200,2023-09-19 01:00:00,2023-09-19 03:00:00,ringsted,17.775,0.0,6.925,0.0,995.696,82.5,71.6667
1695088800,2023-09-19 02:00:00,2023-09-19 04:00:00,ringsted,17.275,0.0,7.625,0.0,995.779,81.0,88.3333
1695092400,2023-09-19 03:00:00,2023-09-19 05:00:00,ringsted,17.075,0.0,7.55,0.0,995.842,82.25,60.4167
1695096000,2023-09-19 04:00:00,2023-09-19 06:00:00,ringsted,16.7,0.0,7.175,0.0,996.296,81.75,62.9167
1695099600,2023-09-19 05:00:00,2023-09-19 07:00:00,ringsted,16.15,0.5,6.85,0.05,996.775,79.5,45.8333
1695103200,2023-09-19 06:00:00,2023-09-19 08:00:00,ringsted,14.65,36.5,6.0,0.8,997.604,83.5,19.1667
1695106800,2023-09-19 07:00:00,2023-09-19 09:00:00,ringsted,14.75,155.5,6.3,0.0,998.071,80.5,43.3333
1695110400,2023-09-19 08:00:00,2023-09-19 10:00:00,ringsted,15.075,134.5,7.25,0.65,998.617,77.5,88.75
1695114000,2023-09-19 09:00:00,2023-09-19 11:00:00,ringsted,13.9,207.0,6.6,0.425,998.854,82.25,73.75
1695117600,2023-09-19 10:00:00,2023-09-19 12:00:00,ringsted,15.125,418.5,7.475,0.0,999.062,78.25,75.8333
1695121200,2023-09-19 11:00:00,2023-09-19 13:00:00,ringsted,15.6,415.0,7.75,0.5,999.179,74.0,56.25
1695124800,2023-09-19 12:00:00,2023-09-19 14:00:00,ringsted,15.725,272.0,7.775,0.125,999.333,75.5,60.8333
1695128400,2023-09-19 13:00:00,2023-09-19 15:00:00,ringsted,15.6,310.0,7.575,0.225,999.221,77.5,68.3333
1695132000,2023-09-19 14:00:00,2023-09-19 16:00:00,ringsted,15.65,211.0,7.8,0.05,998.925,76.5,89.1667
1695135600,2023-09-19 15:00:00,2023-09-19 17:00:00,ringsted,16.075,126.0,8.175,0.025,998.467,71.25,95.0
1695139200,2023-09-19 16:00:00,2023-09-19 18:00:00,ringsted,15.775,56.5,7.875,0.125,997.667,72.25,97.5
1695142800,2023-09-19 17:00:00,2023-09-19 19:00:00,ringsted,16.0,16.0,8.175,0.0,997.033,70.0,95.0
1695146400,2023-09-19 18:00:00,2023-09-19 20:00:00,ringsted,16.625,0.5,10.475,0.025,996.808,68.25,97.5
1695150000,2023-09-19 19:00:00,2023-09-19 21:00:00,ringsted,17.075,0.0,11.825,0.0,997.046,70.5,96.6667
1695153600,2023-09-19 20:00:00,2023-09-19 22:00:00,ringsted,16.775,0.0,11.45,0.05,997.208,76.5,97.5
1695157200,2023-09-19 21:00:00,2023-09-19 23:00:00,ringsted,16.575,0.0,10.35,0.0,997.279,81.75,97.5
1695160800,2023-09-19 22:00:00,2023-09-20 00:00:00,ringsted,16.925,0.0,10.025,0.025,997.479,81.25,98.3333
1695164400,2023-09-19 23:00:00,2023-09-20 01:00:00,ringsted,17.175,0.0,9.375,0.0,997.7,80.75,98.3333
1695168000,2023-09-20 00:00:00,2023-09-20 02:00:00,ringsted,17.225,0.0,9.025,0.0,997.954,81.0,99.1667
1695171600,2023-09-20 01:00:00,2023-09-20 03:00:00,ringsted,17.2,0.0,8.825,0.0,998.104,82.5,99.1667
1695175200,2023-09-20 02:00:00,2023-09-20 04:00:00,ringsted,17.05,0.0,8.575,0.05,998.221,84.0,97.5
1695178800,2023-09-20 03:00:00,2023-09-20 05:00:00,ringsted,16.45,0.0,8.075,0.1,998.267,89.5,97.5
1695182400,2023-09-20 04:00:00,2023-09-20 06:00:00,ringsted,16.35,0.0,7.525,0.125,998.375,91.5,96.6667
1695186000,2023-09-20 05:00:00,2023-09-20 07:00:00,ringsted,16.675,0.0,7.35,0.05,998.746,89.25,93.3333
1695189600,2023-09-20 06:00:00,2023-09-20 08:00:00,ringsted,16.35,11.0,6.95,0.175,999.192,91.5,95.0
1695193200,2023-09-20 07:00:00,2023-09-20 09:00:00,ringsted,16.575,42.5,6.7,0.025,999.704,91.25,95.0
1695196800,2023-09-20 08:00:00,2023-09-20 10:00:00,ringsted,17.075,83.0,7.1,0.0,1000.09,88.0,96.6667
1695200400,2023-09-20 09:00:00,2023-09-20 11:00:00,ringsted,17.6,168.0,7.6,0.0,1000.44,84.0,97.5
1695204000,2023-09-20 10:00:00,2023-09-20 12:00:00,ringsted,17.975,200.0,7.225,0.0,888.254,81.25,72.5
1695207600,2023-09-20 11:00:00,2023-09-20 13:00:00,ringsted,18.85,352.5,8.05,0.0,1001.26,76.75,80.8333
1695211200,2023-09-20 12:00:00,2023-09-20 14:00:00,ringsted,19.25,349.5,7.85,0.0,1001.54,74.75,85.8333
1695214800,2023-09-20 13:00:00,2023-09-20 15:00:00,ringsted,19.225,269.0,7.425,0.0,1001.53,74.75,78.3333
1695218400,2023-09-20 14:00:00,2023-09-20 16:00:00,ringsted,19.3,205.0,6.85,0.0,1001.42,74.25,87.9167
1695222000,2023-09-20 15:00:00,2023-09-20 17:00:00,ringsted,19.575,193.0,6.425,0.0,1001.44,73.0,54.5833
1695225600,2023-09-20 16:00:00,2023-09-20 18:00:00,ringsted,19.775,196.5,5.5,0.0,1001.27,71.75,4.16667
1695229200,2023-09-20 17:00:00,2023-09-20 19:00:00,ringsted,19.175,76.5,3.825,0.0,1001.19,74.5,0.833333
1695232800,2023-09-20 18:00:00,2023-09-20 20:00:00,ringsted,17.75,3.0,2.6,0.0,1001.28,80.75,21.6667
1695236400,2023-09-20 19:00:00,2023-09-20 21:00:00,ringsted,17.0,0.0,2.2,0.0,1001.37,84.5,90.4167
1695240000,2023-09-20 20:00:00,2023-09-20 22:00:00,ringsted,17.25,0.0,2.475,0.0,1001.12,84.75,64.1667
1695243600,2023-09-20 21:00:00,2023-09-20 23:00:00,ringsted,17.3,0.0,3.475,0.0,963.371,84.5,43.3333
1695247200,2023-09-20 22:00:00,2023-09-21 00:00:00,ringsted,16.95,0.0,3.125,0.0,963.254,84.75,32.5
1695250800,2023-09-20 23:00:00,2023-09-21 01:00:00,ringsted,16.625,0.0,3.225,0.0,925.529,84.25,22.9167
1695254400,2023-09-21 00:00:00,2023-09-21 02:00:00,ringsted,16.45,0.0,3.275,0.0,999.896,83.75,47.5
1695258000,2023-09-21 01:00:00,2023-09-21 03:00:00,ringsted,16.45,0.0,3.425,0.0,999.379,86.25,50.4167
1695261600,2023-09-21 02:00:00,2023-09-21 04:00:00,ringsted,16.3,0.0,3.2,0.0,999.013,88.25,32.9167
1695265200,2023-09-21 03:00:00,2023-09-21 05:00:00,ringsted,16.25,0.0,3.825,0.0,998.521,87.0,0.0
1695268800,2023-09-21 04:00:00,2023-09-21 06:00:00,ringsted,16.05,0.0,3.975,0.0,960.579,86.5,0.0
1695272400,2023-09-21 05:00:00,2023-09-21 07:00:00,ringsted,15.85,1.0,3.85,0.0,997.921,86.75,0.0
1695276000,2023-09-21 06:00:00,2023-09-21 08:00:00,ringsted,16.0,50.5,3.65,0.0,997.825,86.0,0.0
1695279600,2023-09-21 07:00:00,2023-09-21 09:00:00,ringsted,17.275,187.0,4.25,0.0,997.65,81.0,0.0
1695283200,2023-09-21 08:00:00,2023-09-21 10:00:00,ringsted,18.775,325.0,4.975,0.0,997.567,74.5,2.5
1695286800,2023-09-21 09:00:00,2023-09-21 11:00:00,ringsted,20.175,445.0,5.225,0.0,997.45,68.5,0.0
1695290400,2023-09-21 10:00:00,2023-09-21 12:00:00,ringsted,21.575,517.5,5.75,0.0,997.062,62.0,0.0
1695294000,2023-09-21 11:00:00,2023-09-21 13:00:00,ringsted,22.65,563.0,6.3,0.0,996.775,56.5,0.0
1695297600,2023-09-21 12:00:00,2023-09-21 14:00:00,ringsted,23.275,562.0,6.575,0.0,996.412,53.5,0.0
1695301200,2023-09-21 13:00:00,2023-09-21 15:00:00,ringsted,23.425,533.5,6.425,0.0,996.275,55.0,4.16667
1695304800,2023-09-21 14:00:00,2023-09-21 16:00:00,ringsted,23.4,371.5,5.925,0.0,995.854,55.5,61.25
1695308400,2023-09-21 15:00:00,2023-09-21 17:00:00,ringsted,22.425,159.0,4.575,0.0,995.542,60.75,90.0
1695312000,2023-09-21 16:00:00,2023-09-21 18:00:00,ringsted,21.625,98.0,4.125,0.0,995.133,65.25,90.0
1695315600,2023-09-21 17:00:00,2023-09-21 19:00:00,ringsted,20.725,23.5,3.825,0.0,994.95,69.5,90.0
1695319200,2023-09-21 18:00:00,2023-09-21 20:00:00,ringsted,20.05,0.0,3.25,0.0,994.908,72.5,97.5
1695322800,2023-09-21 19:00:00,2023-09-21 21:00:00,ringsted,19.475,0.0,3.15,0.075,994.608,75.25,88.3333
1695326400,2023-09-21 20:00:00,2023-09-21 22:00:00,ringsted,18.85,0.0,2.85,0.25,993.992,79.0,93.3333
1695330000,2023-09-21 21:00:00,2023-09-21 23:00:00,ringsted,18.95,0.0,3.25,0.2,993.188,78.75,92.5
1695333600,2023-09-21 22:00:00,2023-09-22 00:00:00,ringsted,18.625,0.0,3.1,0.0,992.671,81.25,92.5
1695337200,2023-09-21 23:00:00,2023-09-22 01:00:00,ringsted,18.85,0.0,3.625,0.0,992.254,78.75,95.0
1695340800,2023-09-22 00:00:00,2023-09-22 02:00:00,ringsted,18.65,0.0,2.55,0.0,991.842,81.5,90.8333
1695344400,2023-09-22 01:00:00,2023-09-22 03:00:00,ringsted,17.75,0.0,1.175,0.125,991.271,85.75,91.6667
1695348000,2023-09-22 02:00:00,2023-09-22 04:00:00,ringsted,17.15,0.0,1.275,0.125,991.396,90.0,95.8333
1695351600,2023-09-22 03:00:00,2023-09-22 05:00:00,ringsted,17.125,0.0,2.275,0.7,991.2,91.0,92.5
1695355200,2023-09-22 04:00:00,2023-09-22 06:00:00,ringsted,16.7,0.0,1.925,0.625,991.438,93.25,95.0
1695358800,2023-09-22 05:00:00,2023-09-22 07:00:00,ringsted,16.25,0.0,2.225,0.15,991.746,95.0,95.0
1695362400,2023-09-22 06:00:00,2023-09-22 08:00:00,ringsted,16.25,4.5,2.875,0.025,992.079,95.0,80.8333
1695366000,2023-09-22 07:00:00,2023-09-22 09:00:00,ringsted,16.225,38.5,3.75,0.025,992.812,93.75,66.6667
1695369600,2023-09-22 08:00:00,2023-09-22 10:00:00,ringsted,16.3,168.0,4.85,0.0,994.154,91.0,77.5
1695373200,2023-09-22 09:00:00,2023-09-22 11:00:00,ringsted,16.55,230.5,5.825,0.0,994.821,86.0,55.8333
1695376800,2023-09-22 10:00:00,2023-09-22 12:00:00,ringsted,16.4,216.0,5.225,0.0,995.267,83.25,64.1667
1695380400,2023-09-22 11:00:00,2023-09-22 13:00:00,ringsted,16.725,365.5,5.3,0.0,995.996,80.25,35.4167
1695384000,2023-09-22 12:00:00,2023-09-22 14:00:00,ringsted,16.975,256.0,5.075,0.0,996.492,78.5,66.25
1695387600,2023-09-22 13:00:00,2023-09-22 15:00:00,ringsted,17.15,238.0,5.05,0.0,996.954,77.25,77.0833
1695391200,2023-09-22 14:00:00,2023-09-22 16:00:00,ringsted,17.4,261.5,5.55,0.0,997.4,74.5,49.1667
1695394800,2023-09-22 15:00:00,2023-09-22 17:00:00,ringsted,17.3,191.5,5.725,0.0,997.579,73.0,16.6667
1695398400,2023-09-22 16:00:00,2023-09-22 18:00:00,ringsted,17.025,153.5,4.65,0.0,998.129,73.5,2.5
1695402000,2023-09-22 17:00:00,2023-09-22 19:00:00,ringsted,16.475,55.5,3.925,0.0,998.704,75.75,8.33333
1695405600,2023-09-22 18:00:00,2023-09-22 20:00:00,ringsted,15.2,2.0,2.5,0.0,999.121,80.75,5.0
1695409200,2023-09-22 19:00:00,2023-09-22 21:00:00,ringsted,13.775,0.0,2.1,0.0,999.421,86.5,2.5
1695412800,2023-09-22 20:00:00,2023-09-22 22:00:00,ringsted,13.15,0.0,1.8,0.0,999.704,88.25,9.58333
1695416400,2023-09-22 21:00:00,2023-09-22 23:00:00,ringsted,12.775,0.0,1.95,0.0,999.75,90.25,7.08333
1695420000,2023-09-22 22:00:00,2023-09-23 00:00:00,ringsted,12.775,0.0,1.95,0.0,999.963,90.75,27.0833
1695423600,2023-09-22 23:00:00,2023-09-23 01:00:00,ringsted,13.0,0.0,2.15,0.0,1000.14,90.75,31.8182
1695427200,2023-09-23 00:00:00,2023-09-23 02:00:00,ringsted,12.425,0.0,1.975,0.0,1000.43,92.25,2.91667
1695430800,2023-09-23 01:00:00,2023-09-23 03:00:00,ringsted,12.05,0.0,2.125,0.0,1000.55,93.75,0.0
1695434400,2023-09-23 02:00:00,2023-09-23 04:00:00,ringsted,11.6,0.0,2.075,0.0,1000.83,94.5,12.5
1695438000,2023-09-23 03:00:00,2023-09-23 05:00:00,ringsted,11.3,0.0,1.9,0.0,963.3,95.25,21.6667
1695441600,2023-09-23 04:00:00,2023-09-23 06:00:00,ringsted,10.475,0.0,1.625,0.0,963.554,96.75,27.0833
1695445200,2023-09-23 05:00:00,2023-09-23 07:00:00,ringsted,10.4,0.0,1.625,0.0,1001.4,97.25,24.1667
1695448800,2023-09-23 06:00:00,2023-09-23 08:00:00,ringsted,10.525,31.5,1.125,0.0,1002.08,97.5,47.9167
1695452400,2023-09-23 07:00:00,2023-09-23 09:00:00,ringsted,12.5,110.5,2.5,0.025,1002.67,94.25,86.25
1695456000,2023-09-23 08:00:00,2023-09-23 10:00:00,ringsted,13.675,73.5,2.6,1.425,1003.05,90.25,71.25
1695459600,2023-09-23 09:00:00,2023-09-23 11:00:00,ringsted,13.875,183.0,2.9,0.75,1003.45,89.5,77.0833
1695463200,2023-09-23 10:00:00,2023-09-23 12:00:00,ringsted,15.0,406.5,4.4,0.025,1004.02,82.25,78.3333
1695466800,2023-09-23 11:00:00,2023-09-23 13:00:00,ringsted,15.275,318.5,4.875,0.125,1004.62,77.5,90.0
1695470400,2023-09-23 12:00:00,2023-09-23 14:00:00,ringsted,15.2,304.5,4.95,0.15,1005.05,79.75,78.3333
1695474000,2023-09-23 13:00:00,2023-09-23 15:00:00,ringsted,15.95,340.5,5.4,0.0,1005.65,74.5,53.75
1695477600,2023-09-23 14:00:00,2023-09-23 16:00:00,ringsted,15.9,318.5,5.975,0.0,1006.38,70.75,49.1667
1695481200,2023-09-23 15:00:00,2023-09-23 17:00:00,ringsted,16.1,228.0,4.85,0.0,1007.26,71.5,57.5
1695484800,2023-09-23 16:00:00,2023-09-23 18:00:00,ringsted,16.175,120.5,4.425,0.2,1008.16,70.5,19.5833
1695488400,2023-09-23 17:00:00,2023-09-23 19:00:00,ringsted,15.1,37.5,3.275,0.0,1009.0,74.5,10.0
1695492000,2023-09-23 18:00:00,2023-09-23 20:00:00,ringsted,13.6,1.0,3.0,0.0,1009.78,82.0,31.25
1695495600,2023-09-23 19:00:00,2023-09-23 21:00:00,ringsted,13.575,0.0,3.3,0.05,1010.59,83.0,17.0833
1695499200,2023-09-23 20:00:00,2023-09-23 22:00:00,ringsted,13.175,0.0,3.15,0.0,1011.42,86.25,12.9167
1695502800,2023-09-23 21:00:00,2023-09-23 23:00:00,ringsted,12.85,0.0,3.15,0.0,1012.17,86.75,3.33333
1695506400,2023-09-23 22:00:00,2023-09-24 00:00:00,ringsted,12.2,0.0,2.4,0.0,1012.96,88.25,0.0
1695510000,2023-09-23 23:00:00,2023-09-24 01:00:00,ringsted,11.225,0.0,2.15,0.0,1013.66,90.5,0.0
1695513600,2023-09-24 00:00:00,2023-09-24 02:00:00,ringsted,10.775,0.0,2.075,0.0,1014.41,91.5,0.0
1695517200,2023-09-24 01:00:00,2023-09-24 03:00:00,ringsted,10.475,0.0,2.225,0.0,1015.02,91.25,0.0
1695520800,2023-09-24 02:00:00,2023-09-24 04:00:00,ringsted,10.125,0.0,2.075,0.0,1015.55,91.0,15.4167
1695524400,2023-09-24 03:00:00,2023-09-24 05:00:00,ringsted,10.15,0.0,2.175,0.0,1016.21,90.0,23.3333
1695528000,2023-09-24 04:00:00,2023-09-24 06:00:00,ringsted,10.075,0.0,2.075,0.0,1017.02,89.75,37.9167
1695531600,2023-09-24 05:00:00,2023-09-24 07:00:00,ringsted,9.725,0.5,1.7,0.0,1018.0,91.5,69.5833
1695535200,2023-09-24 06:00:00,2023-09-24 08:00:00,ringsted,9.825,32.0,1.45,0.0,1018.82,90.5,30.4167
1695538800,2023-09-24 07:00:00,2023-09-24 09:00:00,ringsted,11.2,171.5,1.4,0.0,1019.45,89.0,25.8333
1695542400,2023-09-24 08:00:00,2023-09-24 10:00:00,ringsted,13.825,317.0,2.375,0.0,1020.13,77.5,29.5833
1695546000,2023-09-24 09:00:00,2023-09-24 11:00:00,ringsted,15.05,426.0,3.65,0.025,1020.64,67.5,15.4167
1695549600,2023-09-24 10:00:00,2023-09-24 12:00:00,ringsted,15.6,490.0,4.275,0.025,1020.85,60.75,41.25
1695553200,2023-09-24 11:00:00,2023-09-24 13:00:00,ringsted,16.175,535.5,4.25,0.025,1021.15,55.5,32.5
1695556800,2023-09-24 12:00:00,2023-09-24 14:00:00,ringsted,16.75,562.0,4.225,0.025,1021.22,53.25,1.66667
1695560400,2023-09-24 13:00:00,2023-09-24 15:00:00,ringsted,17.025,517.0,4.025,0.0,1021.42,50.5,6.66667
1695564000,2023-09-24 14:00:00,2023-09-24 16:00:00,ringsted,17.225,409.0,3.825,0.0,1021.55,53.0,19.1667
1695567600,2023-09-24 15:00:00,2023-09-24 17:00:00,ringsted,17.125,344.0,4.075,0.025,1021.55,56.5,7.91667
1695571200,2023-09-24 16:00:00,2023-09-24 18:00:00,ringsted,16.65,187.5,3.9,0.0,1021.73,60.0,0.0
1695574800,2023-09-24 17:00:00,2023-09-24 19:00:00,ringsted,15.2,54.5,2.625,0.0,1022.07,69.25,0.0
1695578400,2023-09-24 18:00:00,2023-09-24 20:00:00,ringsted,12.9,1.5,2.325,0.0,1022.48,80.5,0.0
1695582000,2023-09-24 19:00:00,2023-09-24 21:00:00,ringsted,12.025,0.0,2.175,0.0,1022.54,84.25,0.0
1695585600,2023-09-24 20:00:00,2023-09-24 22:00:00,ringsted,11.575,0.0,2.65,0.0,1022.58,87.0,0.0
1695589200,2023-09-24 21:00:00,2023-09-24 23:00:00,ringsted,11.55,0.0,2.525,0.0,1022.56,89.0,0.0
1695592800,2023-09-24 22:00:00,2023-09-25 00:00:00,ringsted,11.25,0.0,2.5,0.0,1022.26,90.75,0.0
1695596400,2023-09-24 23:00:00,2023-09-25 01:00:00,ringsted,11.8,0.0,2.75,0.0,1021.96,88.5,0.0
1695600000,2023-09-25 00:00:00,2023-09-25 02:00:00,ringsted,12.05,0.0,2.925,0.0,1021.81,88.75,0.0
1695603600,2023-09-25 01:00:00,2023-09-25 03:00:00,ringsted,12.525,0.0,3.425,0.0,1021.47,86.25,0.0
1695607200,2023-09-25 02:00:00,2023-09-25 04:00:00,ringsted,12.8,0.0,3.825,0.0,1021.37,85.0,0.0
1695610800,2023-09-25 03:00:00,2023-09-25 05:00:00,ringsted,13.0,0.0,4.05,0.0,1021.21,83.75,0.0
1695614400,2023-09-25 04:00:00,2023-09-25 06:00:00,ringsted,12.925,0.0,3.9,0.0,1021.39,83.0,0.0
1695618000,2023-09-25 05:00:00,2023-09-25 07:00:00,ringsted,12.7,0.0,3.8,0.0,1021.4,84.5,0.0
1695621600,2023-09-25 06:00:00,2023-09-25 08:00:00,ringsted,12.85,49.5,4.225,0.0,1021.24,85.0,1.66667
1695625200,2023-09-25 07:00:00,2023-09-25 09:00:00,ringsted,14.125,166.0,4.9,0.0,1021.0,82.25,1.66667
1695628800,2023-09-25 08:00:00,2023-09-25 10:00:00,ringsted,15.05,234.5,5.8,0.025,1021.12,78.5,4.16667
1695632400,2023-09-25 09:00:00,2023-09-25 11:00:00,ringsted,16.025,312.0,6.5,0.0,1021.19,74.5,5.0
1695636000,2023-09-25 10:00:00,2023-09-25 12:00:00,ringsted,16.65,347.5,6.925,0.0,1020.88,70.25,5.83333
1695639600,2023-09-25 11:00:00,2023-09-25 13:00:00,ringsted,16.975,382.5,6.8,0.0,1020.54,68.0,3.33333
1695643200,2023-09-25 12:00:00,2023-09-25 14:00:00,ringsted,17.35,420.5,6.95,0.0,1020.17,67.75,15.0
1695646800,2023-09-25 13:00:00,2023-09-25 15:00:00,ringsted,17.85,401.0,6.975,0.0,1020.28,65.0,8.33333
1695650400,2023-09-25 14:00:00,2023-09-25 16:00:00,ringsted,17.975,276.5,6.2,0.0,1020.27,63.5,23.75
1695654000,2023-09-25 15:00:00,2023-09-25 17:00:00,ringsted,17.625,165.5,5.175,0.0,1020.15,63.25,4.16667
1695657600,2023-09-25 16:00:00,2023-09-25 18:00:00,ringsted,17.125,108.5,4.2,0.0,1020.19,65.75,1.66667
1695661200,2023-09-25 17:00:00,2023-09-25 19:00:00,ringsted,16.5,72.5,3.4,0.0,1020.38,69.0,0.0
1695664800,2023-09-25 18:00:00,2023-09-25 20:00:00,ringsted,14.775,1.5,2.6,0.0,1020.45,77.0,0.0
1695668400,2023-09-25 19:00:00,2023-09-25 21:00:00,ringsted,13.75,0.0,2.75,0.0,1020.72,82.5,0.0
1695672000,2023-09-25 20:00:00,2023-09-25 22:00:00,ringsted,13.0,0.0,1.875,0.0,1020.78,85.75,0.0
1695675600,2023-09-25 21:00:00,2023-09-25 23:00:00,ringsted,12.15,0.0,1.9,0.0,1020.69,89.0,0.0
1695679200,2023-09-25 22:00:00,2023-09-26 00:00:00,ringsted,12.1,0.0,2.075,0.0,1020.53,90.25,0.0
1695682800,2023-09-25 23:00:00,2023-09-26 01:00:00,ringsted,11.6,0.0,1.725,0.0,1020.46,91.5,0.0
1695686400,2023-09-26 00:00:00,2023-09-26 02:00:00,ringsted,10.9,0.0,1.35,0.0,1020.55,93.5,0.0
1695690000,2023-09-26 01:00:00,2023-09-26 03:00:00,ringsted,10.5,0.0,1.2,0.0,1020.46,94.0,0.833333
1695693600,2023-09-26 02:00:00,2023-09-26 04:00:00,ringsted,9.95,0.0,1.475,0.0,1020.3,95.75,7.5
1695697200,2023-09-26 03:00:00,2023-09-26 05:00:00,ringsted,10.05,0.0,1.175,0.0,1020.0,96.25,3.33333
1695700800,2023-09-26 04:00:00,2023-09-26 06:00:00,ringsted,9.75,0.0,1.1,0.0,1019.79,96.5,15.0
1695704400,2023-09-26 05:00:00,2023-09-26 07:00:00,ringsted,9.475,0.0,1.15,0.0,1019.73,96.5,8.33333
1695708000,2023-09-26 06:00:00,2023-09-26 08:00:00,ringsted,9.725,36.5,1.075,0.0,1019.78,96.25,25.8333
1695711600,2023-09-26 07:00:00,2023-09-26 09:00:00,ringsted,11.525,81.5,1.125,0.0,1019.92,95.5,2.5
1695715200,2023-09-26 08:00:00,2023-09-26 10:00:00,ringsted,13.825,170.0,1.55,0.025,1020.12,92.5,1.66667
1695718800,2023-09-26 09:00:00,2023-09-26 11:00:00,ringsted,16.325,348.5,2.25,0.0,1019.93,83.75,0.0
1695722400,2023-09-26 10:00:00,2023-09-26 12:00:00,ringsted,18.2,489.5,3.15,0.0,1019.55,75.0,3.33333
1695726000,2023-09-26 11:00:00,2023-09-26 13:00:00,ringsted,19.125,538.5,3.9,0.0,1019.2,70.75,0.0
1695729600,2023-09-26 12:00:00,2023-09-26 14:00:00,ringsted,19.45,476.0,4.35,0.0,1018.91,67.0,5.0
1695733200,2023-09-26 13:00:00,2023-09-26 15:00:00,ringsted,19.35,425.0,4.075,0.0,1018.5,68.5,2.5
1695736800,2023-09-26 14:00:00,2023-09-26 16:00:00,ringsted,18.825,282.0,4.05,0.0,1018.15,71.75,2.5
1695740400,2023-09-26 15:00:00,2023-09-26 17:00:00,ringsted,18.275,232.5,3.5,0.0,1017.96,74.75,1.66667
1695744000,2023-09-26 16:00:00,2023-09-26 18:00:00,ringsted,17.4,101.5,2.95,0.0,1017.78,80.5,0.833333
1695747600,2023-09-26 17:00:00,2023-09-26 19:00:00,ringsted,16.375,30.5,2.45,0.0,1017.58,88.25,3.63636
1695751200,2023-09-26 18:00:00,2023-09-26 20:00:00,ringsted,15.4,0.0,2.475,0.0,1017.57,93.75,21.25
1695754800,2023-09-26 19:00:00,2023-09-26 21:00:00,ringsted,15.075,0.0,2.625,0.0,1017.7,95.5,70.8333
1695758400,2023-09-26 20:00:00,2023-09-26 22:00:00,ringsted,14.6,0.0,2.175,0.0,1017.55,96.25,59.5833
1695762000,2023-09-26 21:00:00,2023-09-26 23:00:00,ringsted,14.4,0.0,2.25,0.0,1017.38,96.75,53.75
1695765600,2023-09-26 22:00:00,2023-09-27 00:00:00,ringsted,14.275,0.0,2.3,0.0,1017.05,97.25,62.9167
1695769200,2023-09-26 23:00:00,2023-09-27 01:00:00,ringsted,14.125,0.0,2.475,0.0,1016.53,97.5,77.9167
1695772800,2023-09-27 00:00:00,2023-09-27 02:00:00,ringsted,14.225,0.0,2.575,0.0,1016.4,97.75,64.1667
1695776400,2023-09-27 01:00:00,2023-09-27 03:00:00,ringsted,14.0,0.0,1.775,0.0,1016.06,98.0,14.1667
1695780000,2023-09-27 02:00:00,2023-09-27 04:00:00,ringsted,14.025,0.0,1.675,0.0,1015.91,98.0,4.58333
1695783600,2023-09-27 03:00:00,2023-09-27 05:00:00,ringsted,13.65,0.0,1.525,0.0,1016.15,98.5,0.833333
1695787200,2023-09-27 04:00:00,2023-09-27 06:00:00,ringsted,13.0,0.0,0.975,0.0,1016.01,99.0,15.4167
1695790800,2023-09-27 05:00:00,2023-09-27 07:00:00,ringsted,12.6,0.0,1.375,0.0,1015.91,99.0,1.66667
1695794400,2023-09-27 06:00:00,2023-09-27 08:00:00,ringsted,12.425,27.5,1.55,0.0,1015.98,99.0,6.25
1695798000,2023-09-27 07:00:00,2023-09-27 09:00:00,ringsted,13.575,134.5,1.325,0.0,1016.4,98.0,2.5
1695801600,2023-09-27 08:00:00,2023-09-27 10:00:00,ringsted,15.675,283.5,2.15,0.0,1016.73,93.5,0.0
1695805200,2023-09-27 09:00:00,2023-09-27 11:00:00,ringsted,18.075,410.5,2.625,0.0,1016.93,82.5,0.833333
1695808800,2023-09-27 10:00:00,2023-09-27 12:00:00,ringsted,19.775,480.5,2.725,0.0,1016.78,72.5,0.833333
1695812400,2023-09-27 11:00:00,2023-09-27 13:00:00,ringsted,20.85,481.0,2.9,0.0,1016.65,63.75,3.33333
1695816000,2023-09-27 12:00:00,2023-09-27 14:00:00,ringsted,21.625,482.5,3.4,0.0,1016.5,58.5,1.81818
1695819600,2023-09-27 13:00:00,2023-09-27 15:00:00,ringsted,21.625,364.5,3.2,0.025,1016.26,57.5,3.33333
1695823200,2023-09-27 14:00:00,2023-09-27 16:00:00,ringsted,21.4,284.5,2.95,0.0,1015.93,58.75,4.16667
1695826800,2023-09-27 15:00:00,2023-09-27 17:00:00,ringsted,20.725,167.5,2.15,0.0,1015.54,62.75,20.8333
1695830400,2023-09-27 16:00:00,2023-09-27 18:00:00,ringsted,19.975,96.5,1.575,0.0,1015.61,67.25,29.5833
1695834000,2023-09-27 17:00:00,2023-09-27 19:00:00,ringsted,18.425,21.5,0.875,0.0,1015.56,77.0,87.5
1695837600,2023-09-27 18:00:00,2023-09-27 20:00:00,ringsted,16.7,0.0,1.375,0.0,1015.27,87.5,90.0
1695841200,2023-09-27 19:00:00,2023-09-27 21:00:00,ringsted,16.125,0.0,1.625,0.0,1015.05,89.25,75.8333
1695844800,2023-09-27 20:00:00,2023-09-27 22:00:00,ringsted,15.55,0.0,2.275,0.0,1014.71,89.5,34.1667
1695848400,2023-09-27 21:00:00,2023-09-27 23:00:00,ringsted,15.225,0.0,2.2,0.0,1014.22,91.0,25.4167
1695852000,2023-09-27 22:00:00,2023-09-28 00:00:00,ringsted,14.95,0.0,2.475,0.0,1013.54,92.75,0.0
1695855600,2023-09-27 23:00:00,2023-09-28 01:00:00,ringsted,15.25,0.0,2.825,0.0,1012.95,94.25,17.5
1695859200,2023-09-28 00:00:00,2023-09-28 02:00:00,ringsted,15.575,0.0,2.975,0.0,1012.39,95.75,42.0833
1695862800,2023-09-28 01:00:00,2023-09-28 03:00:00,ringsted,15.95,0.0,3.2,0.025,1011.72,96.25,45.4167
1695866400,2023-09-28 02:00:00,2023-09-28 04:00:00,ringsted,15.85,0.0,3.65,0.05,1011.05,96.75,48.3333
1695870000,2023-09-28 03:00:00,2023-09-28 05:00:00,ringsted,16.0,0.0,3.375,0.025,1010.55,96.75,52.5
1695873600,2023-09-28 04:00:00,2023-09-28 06:00:00,ringsted,16.175,0.0,3.425,0.025,1010.35,96.5,47.9167
1695877200,2023-09-28 05:00:00,2023-09-28 07:00:00,ringsted,16.125,0.0,2.775,0.025,1009.99,96.25,27.5
1695880800,2023-09-28 06:00:00,2023-09-28 08:00:00,ringsted,16.025,22.5,3.025,0.0,1010.0,94.75,47.9167
1695884400,2023-09-28 07:00:00,2023-09-28 09:00:00,ringsted,16.925,97.0,3.275,0.0,1010.16,91.25,62.0833
1695888000,2023-09-28 08:00:00,2023-09-28 10:00:00,ringsted,17.675,144.0,3.25,0.0,1010.36,88.75,49.1667
1695891600,2023-09-28 09:00:00,2023-09-28 11:00:00,ringsted,18.125,160.5,3.725,0.0,1010.58,86.5,36.25
1695895200,2023-09-28 10:00:00,2023-09-28 12:00:00,ringsted,18.7,246.5,3.975,0.0,1010.78,83.0,12.5
1695898800,2023-09-28 11:00:00,2023-09-28 13:00:00,ringsted,19.55,441.5,4.45,0.0,1010.85,77.0,0.833333
1695902400,2023-09-28 12:00:00,2023-09-28 14:00:00,ringsted,20.625,499.5,4.775,0.0,1011.0,73.25,0.833333
1695906000,2023-09-28 13:00:00,2023-09-28 15:00:00,ringsted,20.975,457.5,4.925,0.0,1011.39,71.5,6.66667
1695909600,2023-09-28 14:00:00,2023-09-28 16:00:00,ringsted,20.875,366.0,5.975,0.0,1011.64,68.25,17.0833
1695913200,2023-09-28 15:00:00,2023-09-28 17:00:00,ringsted,20.2,223.5,5.075,0.0,1011.92,70.0,70.8333
1695916800,2023-09-28 16:00:00,2023-09-28 18:00:00,ringsted,19.1,57.0,4.075,0.0,1012.36,72.75,96.6667
1695920400,2023-09-28 17:00:00,2023-09-28 19:00:00,ringsted,18.275,17.5,3.65,0.0,1012.58,75.75,94.1667
1695924000,2023-09-28 18:00:00,2023-09-28 20:00:00,ringsted,17.225,0.0,2.975,0.0,1012.9,80.5,98.3333
1695927600,2023-09-28 19:00:00,2023-09-28 21:00:00,ringsted,16.525,0.0,2.525,0.0,1013.09,82.25,67.0833
1695931200,2023-09-28 20:00:00,2023-09-28 22:00:00,ringsted,16.05,0.0,2.025,0.0,1012.97,82.75,32.9167
1695934800,2023-09-28 21:00:00,2023-09-28 23:00:00,ringsted,14.425,0.0,1.4,0.0,1012.94,89.0,5.83333
1695938400,2023-09-28 22:00:00,2023-09-29 00:00:00,ringsted,13.475,0.0,1.25,0.0,1012.8,92.25,19.1667
1695942000,2023-09-28 23:00:00,2023-09-29 01:00:00,ringsted,13.025,0.0,1.525,0.0,1012.34,94.0,77.5
1695945600,2023-09-29 00:00:00,2023-09-29 02:00:00,ringsted,13.275,0.0,1.425,0.0,1012.1,93.75,82.5
1695949200,2023-09-29 01:00:00,2023-09-29 03:00:00,ringsted,13.425,0.0,1.475,0.0,1011.86,93.5,91.6667
1695952800,2023-09-29 02:00:00,2023-09-29 04:00:00,ringsted,13.825,0.0,0.85,0.0,1011.63,92.5,94.1667
1695956400,2023-09-29 03:00:00,2023-09-29 05:00:00,ringsted,14.025,0.0,0.975,0.0,1011.1,92.5,81.6667
1695960000,2023-09-29 04:00:00,2023-09-29 06:00:00,ringsted,14.3,0.0,1.875,0.0,1010.55,92.0,83.3333
1695963600,2023-09-29 05:00:00,2023-09-29 07:00:00,ringsted,15.125,0.0,2.8,0.0,1010.52,89.5,90.0
1695967200,2023-09-29 06:00:00,2023-09-29 08:00:00,ringsted,15.45,4.5,2.775,0.0,1010.33,90.5,87.5
1695970800,2023-09-29 07:00:00,2023-09-29 09:00:00,ringsted,15.725,29.0,2.325,0.0,1010.22,90.25,73.75
1695974400,2023-09-29 08:00:00,2023-09-29 10:00:00,ringsted,16.075,62.5,1.975,0.0,1009.97,89.5,50.8333
1695978000,2023-09-29 09:00:00,2023-09-29 11:00:00,ringsted,16.95,111.5,2.125,0.025,1009.9,85.75,90.0
1695981600,2023-09-29 10:00:00,2023-09-29 12:00:00,ringsted,17.475,164.5,2.4,0.025,1009.6,84.25,76.25
1695985200,2023-09-29 11:00:00,2023-09-29 13:00:00,ringsted,18.575,271.5,4.0,0.0,1009.34,79.25,82.5
1695988800,2023-09-29 12:00:00,2023-09-29 14:00:00,ringsted,18.825,186.5,4.725,0.275,1008.85,79.5,87.5
1695992400,2023-09-29 13:00:00,2023-09-29 15:00:00,ringsted,18.45,200.5,4.8,0.125,1008.38,80.25,77.5
1695996000,2023-09-29 14:00:00,2023-09-29 16:00:00,ringsted,18.5,197.5,4.425,0.05,1008.04,78.75,86.25
1695999600,2023-09-29 15:00:00,2023-09-29 17:00:00,ringsted,18.15,61.5,3.975,0.625,1007.9,82.25,92.5
1696003200,2023-09-29 16:00:00,2023-09-29 18:00:00,ringsted,17.45,45.5,3.575,0.375,1007.89,88.5,90.0
1696006800,2023-09-29 17:00:00,2023-09-29 19:00:00,ringsted,17.325,8.5,3.65,0.125,1008.2,90.25,92.5
1696010400,2023-09-29 18:00:00,2023-09-29 20:00:00,ringsted,17.1,0.0,3.925,0.9,1008.97,92.5,95.0
1696014000,2023-09-29 19:00:00,2023-09-29 21:00:00,ringsted,16.275,0.0,5.3,0.6,1009.9,93.75,70.0
1696017600,2023-09-29 20:00:00,2023-09-29 22:00:00,ringsted,15.45,0.0,5.4,0.0,1010.71,90.5,26.25
1696021200,2023-09-29 21:00:00,2023-09-29 23:00:00,ringsted,14.325,0.0,4.75,0.0,1011.68,89.75,7.5
1696024800,2023-09-29 22:00:00,2023-09-30 00:00:00,ringsted,13.525,0.0,4.35,0.0,1012.36,88.5,4.16667
1696028400,2023-09-29 23:00:00,2023-09-30 01:00:00,ringsted,12.8,0.0,3.2,0.0,1012.74,88.25,2.5
1696032000,2023-09-30 00:00:00,2023-09-30 02:00:00,ringsted,12.525,0.0,3.225,0.0,1013.07,89.0,2.5
1696035600,2023-09-30 01:00:00,2023-09-30 03:00:00,ringsted,12.475,0.0,3.65,0.0,1013.32,89.25,25.0
1696039200,2023-09-30 02:00:00,2023-09-30 04:00:00,ringsted,12.75,0.0,4.125,0.0,1013.57,87.5,12.5
1696042800,2023-09-30 03:00:00,2023-09-30 05:00:00,ringsted,12.875,0.0,3.9,0.0,1013.82,87.25,3.75
1696046400,2023-09-30 04:00:00,2023-09-30 06:00:00,ringsted,12.825,0.0,3.825,0.0,1013.99,87.25,6.66667
1696050000,2023-09-30 05:00:00,2023-09-30 07:00:00,ringsted,12.875,0.0,4.2,0.0,1014.34,86.75,12.9167
1696053600,2023-09-30 06:00:00,2023-09-30 08:00:00,ringsted,13.0,21.0,4.275,0.0,1014.65,86.25,23.3333
1696057200,2023-09-30 07:00:00,2023-09-30 09:00:00,ringsted,13.775,127.0,4.775,0.0,1015.16,83.25,10.0
1696060800,2023-09-30 08:00:00,2023-09-30 10:00:00,ringsted,14.85,261.5,6.225,0.0,1015.57,80.25,6.25
1696064400,2023-09-30 09:00:00,2023-09-30 11:00:00,ringsted,15.725,382.5,7.2,0.0,1015.85,76.25,37.0833
1696068000,2023-09-30 10:00:00,2023-09-30 12:00:00,ringsted,16.35,432.0,7.575,0.0,1016.09,71.75,40.0
1696071600,2023-09-30 11:00:00,2023-09-30 13:00:00,ringsted,16.725,461.5,7.5,0.0,1016.33,67.25,47.9167
1696075200,2023-09-30 12:00:00,2023-09-30 14:00:00,ringsted,17.1,409.5,7.3,0.0,1016.38,64.25,40.8333
1696078800,2023-09-30 13:00:00,2023-09-30 15:00:00,ringsted,17.275,350.5,7.1,0.0,1016.42,62.5,52.0833
1696082400,2023-09-30 14:00:00,2023-09-30 16:00:00,ringsted,17.25,290.5,6.925,0.0,1016.38,60.25,48.3333
1696086000,2023-09-30 15:00:00,2023-09-30 17:00:00,ringsted,16.725,164.0,6.325,0.0,1016.46,61.5,38.75
1696089600,2023-09-30 16:00:00,2023-09-30 18:00:00,ringsted,15.95,80.0,4.8,0.0,1016.6,63.5,33.3333
1696093200,2023-09-30 17:00:00,2023-09-30 19:00:00,ringsted,14.775,12.0,3.4,0.0,1016.75,69.5,55.0
1696096800,2023-09-30 18:00:00,2023-09-30 20:00:00,ringsted,14.05,0.0,3.65,0.0,1016.83,73.75,59.5833
1696100400,2023-09-30 19:00:00,2023-09-30 21:00:00,ringsted,13.575,0.0,3.525,0.0,1017.12,77.0,85.0
1696104000,2023-09-30 20:00:00,2023-09-30 22:00:00,ringsted,13.425,0.0,3.425,0.0,1017.1,78.5,77.5
1696107600,2023-09-30 21:00:00,2023-09-30 23:00:00,ringsted,13.15,0.0,2.85,0.0,1017.05,80.25,88.3333
1696111200,2023-09-30 22:00:00,2023-10-01 00:00:00,ringsted,13.1,0.0,2.925,0.0,1017.18,81.75,72.9167
1696114800,2023-09-30 23:00:00,2023-10-01 01:00:00,ringsted,13.0,0.0,2.9,0.0,1017.11,82.5,60.0
1696118400,2023-10-01 00:00:00,2023-10-01 02:00:00,ringsted,12.425,0.0,2.125,0.0,1017.02,84.5,93.75
1696122000,2023-10-01 01:00:00,2023-10-01 03:00:00,ringsted,12.25,0.0,2.2,0.0,1016.62,86.0,97.5
1696125600,2023-10-01 02:00:00,2023-10-01 04:00:00,ringsted,12.4,0.0,2.1,0.0,1016.35,85.75,95.8333
1696129200,2023-10-01 03:00:00,2023-10-01 05:00:00,ringsted,12.125,0.0,1.725,0.0,1016.32,88.25,95.8333
1696132800,2023-10-01 04:00:00,2023-10-01 06:00:00,ringsted,12.275,0.0,2.1,0.0,1016.22,87.75,97.5
1696136400,2023-10-01 05:00:00,2023-10-01 07:00:00,ringsted,12.3,0.0,1.575,0.0,1016.32,88.75,95.0
1696140000,2023-10-01 06:00:00,2023-10-01 08:00:00,ringsted,12.275,16.0,1.575,0.0,1016.36,89.5,77.0833
1696143600,2023-10-01 07:00:00,2023-10-01 09:00:00,ringsted,13.1,104.0,1.975,0.0,1016.52,88.25,47.5
1696147200,2023-10-01 08:00:00,2023-10-01 10:00:00,ringsted,14.175,158.5,2.6,0.0,1016.56,84.75,33.75
1696150800,2023-10-01 09:00:00,2023-10-01 11:00:00,ringsted,15.25,299.5,3.45,0.025,1016.47,80.0,37.0833
1696154400,2023-10-01 10:00:00,2023-10-01 12:00:00,ringsted,15.8,316.0,3.775,0.0,1016.55,76.25,44.5833
1696158000,2023-10-01 11:00:00,2023-10-01 13:00:00,ringsted,16.125,332.5,3.625,0.0,1016.62,75.0,58.75
1696161600,2023-10-01 12:00:00,2023-10-01 14:00:00,ringsted,16.3,227.5,3.625,0.0,1016.23,73.0,90.0
1696165200,2023-10-01 13:00:00,2023-10-01 15:00:00,ringsted,16.25,197.5,3.275,0.025,1015.98,74.75,90.8333
1696168800,2023-10-01 14:00:00,2023-10-01 16:00:00,ringsted,16.0,105.5,3.05,0.1,1015.72,76.25,98.3333
1696172400,2023-10-01 15:00:00,2023-10-01 17:00:00,ringsted,15.625,63.0,2.525,0.0,1015.53,78.75,98.3333
1696176000,2023-10-01 16:00:00,2023-10-01 18:00:00,ringsted,15.175,23.0,1.9,0.025,1015.37,83.0,95.8333
1696179600,2023-10-01 17:00:00,2023-10-01 19:00:00,ringsted,14.725,3.0,2.45,0.225,1015.29,88.75,95.8333
1696183200,2023-10-01 18:00:00,2023-10-01 20:00:00,ringsted,14.25,0.0,2.55,0.25,1015.22,94.5,97.5
1696186800,2023-10-01 19:00:00,2023-10-01 21:00:00,ringsted,14.2,0.0,3.0,0.25,1015.04,96.5,97.5
1696190400,2023-10-01 20:00:00,2023-10-01 22:00:00,ringsted,14.375,0.0,3.075,0.1,1014.73,97.75,98.3333
1696194000,2023-10-01 21:00:00,2023-10-01 23:00:00,ringsted,14.6,0.0,2.975,0.0,1014.57,98.0,98.3333
1696197600,2023-10-01 22:00:00,2023-10-02 00:00:00,ringsted,14.95,0.0,2.95,0.05,1014.39,98.0,101.167
1696201200,2023-10-01 23:00:00,2023-10-02 01:00:00,ringsted,15.325,0.0,2.7,0.1,1014.3,98.25,95.1667
1696204800,2023-10-02 00:00:00,2023-10-02 02:00:00,ringsted,15.525,0.0,2.8,0.025,1014.08,98.5,95.0
1696208400,2023-10-02 01:00:00,2023-10-02 03:00:00,ringsted,15.8,0.0,2.75,0.05,1013.86,98.5,99.1667
1696212000,2023-10-02 02:00:00,2023-10-02 04:00:00,ringsted,15.95,0.0,2.45,0.2,1013.72,98.5,97.5
1696215600,2023-10-02 03:00:00,2023-10-02 05:00:00,ringsted,16.075,0.0,2.7,0.2,1013.44,98.5,99.1667
1696219200,2023-10-02 04:00:00,2023-10-02 06:00:00,ringsted,16.175,0.0,2.875,0.175,1012.98,98.5,97.5
1696222800,2023-10-02 05:00:00,2023-10-02 07:00:00,ringsted,16.15,0.0,3.15,0.075,1012.86,98.5,96.6667
1696226400,2023-10-02 06:00:00,2023-10-02 08:00:00,ringsted,16.225,4.5,3.775,0.05,1012.92,98.0,98.3333
1696230000,2023-10-02 07:00:00,2023-10-02 09:00:00,ringsted,16.4,22.5,4.1,0.025,1013.12,97.5,97.5
1696233600,2023-10-02 08:00:00,2023-10-02 10:00:00,ringsted,16.65,53.0,4.075,0.025,1013.05,97.0,98.3333
1696237200,2023-10-02 09:00:00,2023-10-02 11:00:00,ringsted,16.975,96.5,4.2,0.0,1013.03,95.5,95.0
1696240800,2023-10-02 10:00:00,2023-10-02 12:00:00,ringsted,17.4,163.5,4.1,0.0,1012.77,94.0,95.0
1696244400,2023-10-02 11:00:00,2023-10-02 13:00:00,ringsted,17.775,163.0,4.075,0.0,1012.57,92.75,95.0
1696248000,2023-10-02 12:00:00,2023-10-02 14:00:00,ringsted,18.1,211.5,4.225,0.025,1012.24,91.0,95.8333
1696251600,2023-10-02 13:00:00,2023-10-02 15:00:00,ringsted,18.325,145.0,4.425,0.025,1012.08,90.25,93.3333
1696255200,2023-10-02 14:00:00,2023-10-02 16:00:00,ringsted,18.075,88.5,4.25,0.0,1011.88,89.5,91.6667
1696258800,2023-10-02 15:00:00,2023-10-02 17:00:00,ringsted,18.0,100.5,3.675,0.0,1011.62,90.5,48.3333
1696262400,2023-10-02 16:00:00,2023-10-02 18:00:00,ringsted,18.275,57.0,3.725,0.0,1011.43,90.25,9.58333
1696266000,2023-10-02 17:00:00,2023-10-02 19:00:00,ringsted,17.8,12.5,3.55,0.0,1011.53,92.0,56.6667
1696269600,2023-10-02 18:00:00,2023-10-02 20:00:00,ringsted,17.15,0.0,3.1,0.0,1011.42,94.5,72.9167
1696273200,2023-10-02 19:00:00,2023-10-02 21:00:00,ringsted,16.925,0.0,2.875,0.0,1011.3,95.0,54.1667
1696276800,2023-10-02 20:00:00,2023-10-02 22:00:00,ringsted,16.4,0.0,2.65,0.0,1011.2,96.25,51.6667
1696280400,2023-10-02 21:00:00,2023-10-02 23:00:00,ringsted,16.15,0.0,2.55,0.0,1010.9,97.25,77.9167
1696284000,2023-10-02 22:00:00,2023-10-03 00:00:00,ringsted,16.125,0.0,2.425,0.0,1010.29,98.0,79.5833
1696287600,2023-10-02 23:00:00,2023-10-03 01:00:00,ringsted,16.275,0.0,2.25,0.0,1009.12,97.75,89.1667
1696291200,2023-10-03 00:00:00,2023-10-03 02:00:00,ringsted,16.225,0.0,2.0,0.05,1008.34,97.75,96.6667
1696294800,2023-10-03 01:00:00,2023-10-03 03:00:00,ringsted,16.1,0.0,1.675,0.15,1007.83,98.0,95.0
1696298400,2023-10-03 02:00:00,2023-10-03 04:00:00,ringsted,16.2,0.0,1.875,0.275,1006.49,98.5,95.0
1696302000,2023-10-03 03:00:00,2023-10-03 05:00:00,ringsted,16.175,0.0,2.775,0.05,1004.94,98.25,80.0
1696305600,2023-10-03 04:00:00,2023-10-03 06:00:00,ringsted,16.025,0.0,3.2,0.025,1003.15,98.5,87.5
1696309200,2023-10-03 05:00:00,2023-10-03 07:00:00,ringsted,16.025,0.0,3.075,0.0,1001.81,98.5,82.0833
1696312800,2023-10-03 06:00:00,2023-10-03 08:00:00,ringsted,15.975,3.5,2.95,0.05,999.942,97.75,70.0
1696316400,2023-10-03 07:00:00,2023-10-03 09:00:00,ringsted,16.275,37.5,4.05,0.025,998.333,96.5,61.6667
1696320000,2023-10-03 08:00:00,2023-10-03 10:00:00,ringsted,17.025,111.0,5.375,0.0,996.996,90.0,46.25
1696323600,2023-10-03 09:00:00,2023-10-03 11:00:00,ringsted,17.725,204.5,6.775,0.0,996.296,84.5,54.1667
1696327200,2023-10-03 10:00:00,2023-10-03 12:00:00,ringsted,18.45,190.5,8.0,0.0,995.95,80.75,96.6667
1696330800,2023-10-03 11:00:00,2023-10-03 13:00:00,ringsted,18.125,56.5,8.125,0.0,995.292,85.0,95.8333
1696334400,2023-10-03 12:00:00,2023-10-03 14:00:00,ringsted,18.7,121.0,8.925,0.0,994.812,84.0,98.3333
1696338000,2023-10-03 13:00:00,2023-10-03 15:00:00,ringsted,18.6,107.0,10.525,0.0,996.45,82.0,95.8333
1696341600,2023-10-03 14:00:00,2023-10-03 16:00:00,ringsted,16.275,56.0,10.6,0.175,999.508,87.0,95.0
1696345200,2023-10-03 15:00:00,2023-10-03 17:00:00,ringsted,13.525,56.5,10.175,0.15,1001.78,92.0,95.0
1696348800,2023-10-03 16:00:00,2023-10-03 18:00:00,ringsted,12.95,58.0,8.325,0.05,1002.96,86.5,86.6667
1696352400,2023-10-03 17:00:00,2023-10-03 19:00:00,ringsted,12.825,14.0,6.875,0.125,1004.15,84.75,50.0
1696356000,2023-10-03 18:00:00,2023-10-03 20:00:00,ringsted,12.575,0.0,5.175,0.0,1004.81,84.75,52.0833
1696359600,2023-10-03 19:00:00,2023-10-03 21:00:00,ringsted,12.675,0.0,5.05,0.0,1005.58,84.5,56.25
1696363200,2023-10-03 20:00:00,2023-10-03 22:00:00,ringsted,12.55,0.0,5.575,0.025,1006.35,85.5,21.25
1696366800,2023-10-03 21:00:00,2023-10-03 23:00:00,ringsted,12.4,0.0,5.6,0.0,1007.0,86.5,0.833333
1696370400,2023-10-03 22:00:00,2023-10-04 00:00:00,ringsted,12.325,0.0,5.65,0.0,1007.49,86.5,34.5833
1696374000,2023-10-03 23:00:00,2023-10-04 01:00:00,ringsted,12.475,0.0,5.6,0.0,1007.75,85.75,20.8333
1696377600,2023-10-04 00:00:00,2023-10-04 02:00:00,ringsted,12.575,0.0,6.05,0.0,1008.02,85.5,44.5833
1696381200,2023-10-04 01:00:00,2023-10-04 03:00:00,ringsted,12.725,0.0,6.35,0.0,1008.33,86.25,31.6667
1696384800,2023-10-04 02:00:00,2023-10-04 04:00:00,ringsted,12.725,0.0,6.025,0.0,1008.61,86.25,49.1667
1696388400,2023-10-04 03:00:00,2023-10-04 05:00:00,ringsted,12.675,0.0,5.925,0.0,1008.93,85.75,37.9167
1696392000,2023-10-04 04:00:00,2023-10-04 06:00:00,ringsted,12.425,0.0,5.975,0.05,1009.28,85.25,14.5833
1696395600,2023-10-04 05:00:00,2023-10-04 07:00:00,ringsted,11.95,0.0,5.075,0.0,1009.84,85.0,7.5
1696399200,2023-10-04 06:00:00,2023-10-04 08:00:00,ringsted,11.95,14.5,5.5,0.0,1010.63,85.0,3.33333
1696402800,2023-10-04 07:00:00,2023-10-04 09:00:00,ringsted,12.4,97.0,5.775,0.0,1011.47,82.5,15.0
1696406400,2023-10-04 08:00:00,2023-10-04 10:00:00,ringsted,13.2,227.0,6.2,0.0,1012.22,78.0,33.75
1696410000,2023-10-04 09:00:00,2023-10-04 11:00:00,ringsted,14.05,343.5,7.1,0.0,1012.73,73.5,68.3333
1696413600,2023-10-04 10:00:00,2023-10-04 12:00:00,ringsted,14.725,341.0,8.175,0.0,1012.98,69.25,42.9167
1696417200,2023-10-04 11:00:00,2023-10-04 13:00:00,ringsted,15.4,435.0,8.325,0.025,1013.1,64.5,44.1667
1696420800,2023-10-04 12:00:00,2023-10-04 14:00:00,ringsted,15.975,430.5,8.775,0.0,1013.05,60.5,37.9167
1696424400,2023-10-04 13:00:00,2023-10-04 15:00:00,ringsted,16.275,366.5,8.525,0.0,1013.17,60.25,53.3333
1696428000,2023-10-04 14:00:00,2023-10-04 16:00:00,ringsted,15.65,236.5,7.75,0.1,1013.16,65.0,54.5833
1696431600,2023-10-04 15:00:00,2023-10-04 17:00:00,ringsted,15.15,154.0,6.275,0.0,1012.74,71.75,23.3333
1696435200,2023-10-04 16:00:00,2023-10-04 18:00:00,ringsted,14.85,67.0,5.975,0.0,1012.43,73.75,51.25
1696438800,2023-10-04 17:00:00,2023-10-04 19:00:00,ringsted,14.5,11.0,6.0,0.0,1012.28,76.25,76.25
1696442400,2023-10-04 18:00:00,2023-10-04 20:00:00,ringsted,14.375,0.0,6.15,0.0,1012.02,78.5,90.0
1696446000,2023-10-04 19:00:00,2023-10-04 21:00:00,ringsted,14.3,0.0,6.325,0.0,1011.58,81.75,65.0
1696449600,2023-10-04 20:00:00,2023-10-04 22:00:00,ringsted,14.3,0.0,6.2,0.0,1010.99,81.0,52.5
1696453200,2023-10-04 21:00:00,2023-10-04 23:00:00,ringsted,14.05,0.0,6.15,0.0,1010.19,81.0,85.0
1696456800,2023-10-04 22:00:00,2023-10-05 00:00:00,ringsted,13.95,0.0,6.775,0.0,1009.31,80.5,91.6667
1696460400,2023-10-04 23:00:00,2023-10-05 01:00:00,ringsted,14.125,0.0,7.15,0.0,1008.65,80.25,93.3333
1696464000,2023-10-05 00:00:00,2023-10-05 02:00:00,ringsted,14.15,0.0,7.225,0.075,1007.91,82.25,95.8333
1696467600,2023-10-05 01:00:00,2023-10-05 03:00:00,ringsted,13.9,0.0,7.25,0.3,1007.12,87.25,95.0
1696471200,2023-10-05 02:00:00,2023-10-05 04:00:00,ringsted,13.525,0.0,7.575,1.125,1007.12,90.0,95.8333
1696474800,2023-10-05 03:00:00,2023-10-05 05:00:00,ringsted,12.725,0.0,6.575,2.9,1007.24,91.0,95.0
1696478400,2023-10-05 04:00:00,2023-10-05 06:00:00,ringsted,11.9,0.0,4.725,0.575,1007.46,89.5,52.5
1696482000,2023-10-05 05:00:00,2023-10-05 07:00:00,ringsted,11.425,0.0,4.225,0.0,1007.86,89.25,10.4167
1696485600,2023-10-05 06:00:00,2023-10-05 08:00:00,ringsted,11.15,12.5,4.55,0.0,1008.38,89.0,0.0
1696489200,2023-10-05 07:00:00,2023-10-05 09:00:00,ringsted,11.675,113.5,4.875,0.0,1009.07,87.75,3.33333
1696492800,2023-10-05 08:00:00,2023-10-05 10:00:00,ringsted,12.825,252.0,6.025,0.0,1009.94,82.25,36.6667
1696496400,2023-10-05 09:00:00,2023-10-05 11:00:00,ringsted,13.7,327.0,7.35,0.0,1010.72,75.5,56.6667
1696500000,2023-10-05 10:00:00,2023-10-05 12:00:00,ringsted,14.225,353.5,8.325,0.0,1011.41,70.75,75.0
1696503600,2023-10-05 11:00:00,2023-10-05 13:00:00,ringsted,14.375,285.5,8.15,0.0,1012.05,69.0,60.8333
1696507200,2023-10-05 12:00:00,2023-10-05 14:00:00,ringsted,14.625,356.5,8.4,0.0,1012.6,68.0,74.1667
1696510800,2023-10-05 13:00:00,2023-10-05 15:00:00,ringsted,15.2,465.0,8.1,0.0,1013.22,66.0,39.1667
1696514400,2023-10-05 14:00:00,2023-10-05 16:00:00,ringsted,14.875,307.0,6.7,0.0,1013.7,67.0,57.0833
1696518000,2023-10-05 15:00:00,2023-10-05 17:00:00,ringsted,14.975,172.0,6.05,0.0,1014.2,67.0,39.5833
1696521600,2023-10-05 16:00:00,2023-10-05 18:00:00,ringsted,14.425,86.0,5.2,0.0,1014.81,69.5,37.5
1696525200,2023-10-05 17:00:00,2023-10-05 19:00:00,ringsted,13.275,13.0,3.0,0.0,1015.53,77.0,68.75
1696528800,2023-10-05 18:00:00,2023-10-05 20:00:00,ringsted,12.525,0.0,2.65,0.0,1015.91,81.25,50.0
1696532400,2023-10-05 19:00:00,2023-10-05 21:00:00,ringsted,11.925,0.0,2.35,0.0,1016.2,84.25,72.9167
1696536000,2023-10-05 20:00:00,2023-10-05 22:00:00,ringsted,11.35,0.0,2.15,0.0,1016.45,85.75,82.5
1696539600,2023-10-05 21:00:00,2023-10-05 23:00:00,ringsted,11.1,0.0,2.05,0.0,1016.63,87.5,90.0
1696543200,2023-10-05 22:00:00,2023-10-06 00:00:00,ringsted,10.85,0.0,2.0,0.0,1016.63,88.5,91.6667
1696546800,2023-10-05 23:00:00,2023-10-06 01:00:00,ringsted,10.85,0.0,1.85,0.0,1016.39,88.75,81.6667
1696550400,2023-10-06 00:00:00,2023-10-06 02:00:00,ringsted,10.6,0.0,2.15,0.0,1015.98,90.75,95.0
1696554000,2023-10-06 01:00:00,2023-10-06 03:00:00,ringsted,11.05,0.0,2.5,0.125,1015.37,89.75,97.5
1696557600,2023-10-06 02:00:00,2023-10-06 04:00:00,ringsted,11.325,0.0,2.85,0.45,1014.49,91.75,93.3333
1696561200,2023-10-06 03:00:00,2023-10-06 05:00:00,ringsted,11.45,0.0,3.35,1.0,1013.57,95.75,95.0
1696564800,2023-10-06 04:00:00,2023-10-06 06:00:00,ringsted,12.2,0.0,4.025,0.75,1012.75,97.5,98.3333
1696568400,2023-10-06 05:00:00,2023-10-06 07:00:00,ringsted,13.05,0.0,4.4,0.025,1011.91,96.75,95.8333
1696572000,2023-10-06 06:00:00,2023-10-06 08:00:00,ringsted,13.825,2.5,5.65,0.325,1011.14,94.75,96.6667
1696575600,2023-10-06 07:00:00,2023-10-06 09:00:00,ringsted,13.925,17.5,6.875,0.225,1010.6,93.25,98.3333
1696579200,2023-10-06 08:00:00,2023-10-06 10:00:00,ringsted,13.925,24.5,7.55,0.15,1010.02,92.0,97.5
1696582800,2023-10-06 09:00:00,2023-10-06 11:00:00,ringsted,14.0,36.0,8.025,0.025,1009.48,91.5,98.3333
1696586400,2023-10-06 10:00:00,2023-10-06 12:00:00,ringsted,14.2,45.0,8.175,0.025,1008.8,91.5,95.0
1696590000,2023-10-06 11:00:00,2023-10-06 13:00:00,ringsted,14.6,69.5,8.2,0.075,1008.0,92.0,92.5
1696593600,2023-10-06 12:00:00,2023-10-06 14:00:00,ringsted,15.05,118.5,8.2,0.0,1007.1,92.0,94.1667
1696597200,2023-10-06 13:00:00,2023-10-06 15:00:00,ringsted,15.3,88.5,8.25,0.025,1006.5,91.75,95.8333
1696600800,2023-10-06 14:00:00,2023-10-06 16:00:00,ringsted,15.45,91.5,8.425,0.05,1005.59,92.75,94.1667
1696604400,2023-10-06 15:00:00,2023-10-06 17:00:00,ringsted,15.625,63.5,7.475,0.15,1005.0,94.5,85.0
1696608000,2023-10-06 16:00:00,2023-10-06 18:00:00,ringsted,16.15,44.5,7.8,0.1,1004.31,92.0,85.0
1696611600,2023-10-06 17:00:00,2023-10-06 19:00:00,ringsted,16.2,7.5,7.975,0.0,1003.77,89.25,58.75
1696615200,2023-10-06 18:00:00,2023-10-06 20:00:00,ringsted,16.175,0.0,8.35,0.0,1002.94,88.25,40.0
1696618800,2023-10-06 19:00:00,2023-10-06 21:00:00,ringsted,16.125,0.0,8.95,0.0,1002.17,86.25,61.6667
1696622400,2023-10-06 20:00:00,2023-10-06 22:00:00,ringsted,16.2,0.0,9.35,0.0,1002.06,84.25,76.6667
1696626000,2023-10-06 21:00:00,2023-10-06 23:00:00,ringsted,16.225,0.0,8.85,0.0,1001.92,81.5,59.1667
1696629600,2023-10-06 22:00:00,2023-10-07 00:00:00,ringsted,16.25,0.0,8.775,0.0,1001.91,78.75,77.0833
1696633200,2023-10-06 23:00:00,2023-10-07 01:00:00,ringsted,16.125,0.0,9.225,0.0,1001.77,77.25,79.5833
1696636800,2023-10-07 00:00:00,2023-10-07 02:00:00,ringsted,15.5,0.0,10.625,0.0,1001.89,74.5,12.5
1696640400,2023-10-07 01:00:00,2023-10-07 03:00:00,ringsted,14.375,0.0,10.75,0.0,1002.53,73.75,5.83333
1696644000,2023-10-07 02:00:00,2023-10-07 04:00:00,ringsted,13.55,0.0,10.05,0.0,1003.41,75.25,54.5833
1696647600,2023-10-07 03:00:00,2023-10-07 05:00:00,ringsted,13.1,0.0,9.25,0.0,1004.1,75.25,56.6667
1696651200,2023-10-07 04:00:00,2023-10-07 06:00:00,ringsted,12.725,0.0,8.425,0.0,1004.9,76.75,90.0
1696654800,2023-10-07 05:00:00,2023-10-07 07:00:00,ringsted,12.5,0.0,8.375,0.0,1005.47,76.5,90.0
1696658400,2023-10-07 06:00:00,2023-10-07 08:00:00,ringsted,12.225,8.5,6.725,0.0,1006.23,76.75,91.6667
1696662000,2023-10-07 07:00:00,2023-10-07 09:00:00,ringsted,12.225,56.0,5.6,0.0,1007.05,76.5,90.0
1696665600,2023-10-07 08:00:00,2023-10-07 10:00:00,ringsted,12.5,132.5,5.475,0.0,1007.83,74.25,69.1667
1696669200,2023-10-07 09:00:00,2023-10-07 11:00:00,ringsted,12.75,211.5,6.0,0.0,1008.0,70.75,65.0
1696672800,2023-10-07 10:00:00,2023-10-07 12:00:00,ringsted,12.8,260.0,5.8,0.0,1008.36,68.25,61.25
1696676400,2023-10-07 11:00:00,2023-10-07 13:00:00,ringsted,12.825,243.0,5.95,0.0,1008.49,66.75,85.0
1696680000,2023-10-07 12:00:00,2023-10-07 14:00:00,ringsted,12.5,171.5,5.1,0.0,1008.46,68.5,81.6667
1696683600,2023-10-07 13:00:00,2023-10-07 15:00:00,ringsted,12.625,211.5,5.425,0.0,1008.74,68.5,89.5833
1696687200,2023-10-07 14:00:00,2023-10-07 16:00:00,ringsted,12.575,223.0,4.85,0.0,1009.08,66.75,76.6667
1696690800,2023-10-07 15:00:00,2023-10-07 17:00:00,ringsted,12.225,169.0,4.625,0.0,1009.49,62.75,82.5
1696694400,2023-10-07 16:00:00,2023-10-07 18:00:00,ringsted,11.475,44.0,3.0,0.0,1010.1,62.0,93.3333
1696698000,2023-10-07 17:00:00,2023-10-07 19:00:00,ringsted,10.75,8.0,2.125,0.0,1010.58,69.0,99.1667
1696701600,2023-10-07 18:00:00,2023-10-07 20:00:00,ringsted,10.125,0.0,1.125,0.0,1010.92,70.75,95.0
1696705200,2023-10-07 19:00:00,2023-10-07 21:00:00,ringsted,9.55,0.0,1.425,0.0,1011.7,75.25,91.6667
1696708800,2023-10-07 20:00:00,2023-10-07 22:00:00,ringsted,9.325,0.0,1.75,0.0,1012.6,74.25,93.3333
1696712400,2023-10-07 21:00:00,2023-10-07 23:00:00,ringsted,8.925,0.0,1.275,0.0,1013.31,75.5,95.8333
1696716000,2023-10-07 22:00:00,2023-10-08 00:00:00,ringsted,8.7,0.0,1.025,0.0,1013.67,78.0,91.6667
1696719600,2023-10-07 23:00:00,2023-10-08 01:00:00,ringsted,7.825,0.0,0.775,0.0,1014.38,83.5,58.75
1696723200,2023-10-08 00:00:00,2023-10-08 02:00:00,ringsted,7.275,0.0,0.55,0.0,1015.26,85.25,39.5833
1696726800,2023-10-08 01:00:00,2023-10-08 03:00:00,ringsted,5.775,0.0,0.475,0.0,1015.75,90.75,17.5
1696730400,2023-10-08 02:00:00,2023-10-08 04:00:00,ringsted,4.85,0.0,0.725,0.0,1016.21,94.0,42.5
1696734000,2023-10-08 03:00:00,2023-10-08 05:00:00,ringsted,4.5,0.0,0.7,0.0,1017.02,95.0,25.4167
1696737600,2023-10-08 04:00:00,2023-10-08 06:00:00,ringsted,4.6,0.0,1.35,0.1,1017.78,92.75,43.3333
1696741200,2023-10-08 05:00:00,2023-10-08 07:00:00,ringsted,5.1,0.0,1.525,0.025,1018.58,91.25,35.8333
1696744800,2023-10-08 06:00:00,2023-10-08 08:00:00,ringsted,5.225,7.5,1.45,0.0,1019.75,90.0,66.25
1696748400,2023-10-08 07:00:00,2023-10-08 09:00:00,ringsted,6.05,56.5,1.65,0.0,1020.57,89.0,1.66667
1696752000,2023-10-08 08:00:00,2023-10-08 10:00:00,ringsted,8.125,247.0,1.825,0.0,1021.28,76.25,0.0
1696755600,2023-10-08 09:00:00,2023-10-08 11:00:00,ringsted,9.85,377.0,3.225,0.0,1021.87,56.25,0.0
1696759200,2023-10-08 10:00:00,2023-10-08 12:00:00,ringsted,10.575,443.5,3.225,0.0,1022.37,47.0,2.5
1696762800,2023-10-08 11:00:00,2023-10-08 13:00:00,ringsted,11.05,486.5,2.2,0.025,1022.37,44.75,4.16667
1696766400,2023-10-08 12:00:00,2023-10-08 14:00:00,ringsted,11.25,460.5,2.0,0.0,1022.0,44.0,4.16667
1696770000,2023-10-08 13:00:00,2023-10-08 15:00:00,ringsted,11.175,341.0,1.8,0.0,1022.11,46.25,3.33333
1696773600,2023-10-08 14:00:00,2023-10-08 16:00:00,ringsted,11.075,228.0,1.725,0.0,1022.27,48.5,16.25
1696777200,2023-10-08 15:00:00,2023-10-08 17:00:00,ringsted,10.5,109.0,1.45,0.0,1021.8,55.75,54.1667
1696780800,2023-10-08 16:00:00,2023-10-08 18:00:00,ringsted,9.4,50.0,0.7,0.0,1021.43,67.25,50.0
1696784400,2023-10-08 17:00:00,2023-10-08 19:00:00,ringsted,7.525,9.0,0.675,0.0,1021.16,79.25,48.3333
1696788000,2023-10-08 18:00:00,2023-10-08 20:00:00,ringsted,5.95,0.0,0.95,0.0,1020.78,84.25,59.1667
1696791600,2023-10-08 19:00:00,2023-10-08 21:00:00,ringsted,5.36667,0.0,0.9,0.0,1020.31,85.0,76.6667
1696795200,2023-10-08 20:00:00,2023-10-08 22:00:00,ringsted,5.76667,0.0,1.2,0.0,1019.58,81.6667,90.0
1696798800,2023-10-08 21:00:00,2023-10-08 23:00:00,ringsted,6.13333,0.0,1.8,0.0,1018.97,78.6667,91.6667
1696802400,2023-10-08 22:00:00,2023-10-09 00:00:00,ringsted,5.825,0.0,1.3,0.0,1018.48,82.5,95.0
1696806000,2023-10-08 23:00:00,2023-10-09 01:00:00,ringsted,6.375,0.0,1.55,0.0,1017.63,80.5,95.8333
1696809600,2023-10-09 00:00:00,2023-10-09 02:00:00,ringsted,7.475,0.0,2.425,0.0,1016.65,74.0,97.5
1696813200,2023-10-09 01:00:00,2023-10-09 03:00:00,ringsted,8.1,0.0,2.575,0.0,1015.57,72.75,95.8333
1696816800,2023-10-09 02:00:00,2023-10-09 04:00:00,ringsted,7.975,0.0,2.45,0.025,1014.92,78.5,97.5
1696820400,2023-10-09 03:00:00,2023-10-09 05:00:00,ringsted,8.0,0.0,1.975,0.0333333,1013.87,81.0,90.8333
1696824000,2023-10-09 04:00:00,2023-10-09 06:00:00,ringsted,7.75,0.0,1.325,0.025,1013.28,86.25,95.0
1696827600,2023-10-09 05:00:00,2023-10-09 07:00:00,ringsted,7.65,0.0,0.925,0.0,1013.03,90.5,98.3333
1696831200,2023-10-09 06:00:00,2023-10-09 08:00:00,ringsted,7.925,3.0,0.775,0.0,1013.05,91.0,98.3333
1696834800,2023-10-09 07:00:00,2023-10-09 09:00:00,ringsted,8.2,20.5,0.65,0.0,1013.43,92.5,98.3333
1696838400,2023-10-09 08:00:00,2023-10-09 10:00:00,ringsted,8.675,46.5,0.75,0.05,1013.31,91.0,96.6667
1696842000,2023-10-09 09:00:00,2023-10-09 11:00:00,ringsted,9.55,117.0,1.025,0.0,1013.07,87.0,96.6667
1696845600,2023-10-09 10:00:00,2023-10-09 12:00:00,ringsted,10.25,130.5,1.475,0.025,1012.95,83.0,98.3333
1696849200,2023-10-09 11:00:00,2023-10-09 13:00:00,ringsted,10.625,141.5,1.875,0.0,1012.91,80.75,99.1667
1696852800,2023-10-09 12:00:00,2023-10-09 14:00:00,ringsted,10.8,124.5,1.5,0.025,1012.96,80.5,98.3333
1696856400,2023-10-09 13:00:00,2023-10-09 15:00:00,ringsted,10.875,102.0,0.65,0.0,1012.71,82.0,99.1667
1696860000,2023-10-09 14:00:00,2023-10-09 16:00:00,ringsted,11.075,80.0,0.85,0.0,1012.6,80.5,99.1667
1696863600,2023-10-09 15:00:00,2023-10-09 17:00:00,ringsted,11.2,64.5,0.975,0.0,1012.65,81.0,99.1667
1696867200,2023-10-09 16:00:00,2023-10-09 18:00:00,ringsted,11.0,24.5,0.775,0.0,1012.95,83.25,99.1667
1696870800,2023-10-09 17:00:00,2023-10-09 19:00:00,ringsted,10.7,2.0,0.975,0.0,1013.25,86.75,99.1667
1696874400,2023-10-09 18:00:00,2023-10-09 20:00:00,ringsted,10.375,0.0,0.925,0.0,1013.42,89.25,98.3333
1696878000,2023-10-09 19:00:00,2023-10-09 21:00:00,ringsted,10.225,0.0,1.1,0.0,1013.64,90.0,95.8333
1696881600,2023-10-09 20:00:00,2023-10-09 22:00:00,ringsted,10.15,0.0,1.275,0.025,1013.6,89.75,93.3333
1696885200,2023-10-09 21:00:00,2023-10-09 23:00:00,ringsted,10.175,0.0,1.175,0.0,1013.65,89.75,98.3333
1696888800,2023-10-09 22:00:00,2023-10-10 00:00:00,ringsted,9.575,0.0,0.475,0.0,1013.54,92.0,96.6667
1696892400,2023-10-09 23:00:00,2023-10-10 01:00:00,ringsted,9.2,0.0,0.775,0.0,1013.46,94.25,88.3333
1696896000,2023-10-10 00:00:00,2023-10-10 02:00:00,ringsted,9.275,0.0,0.725,0.0,1013.46,93.75,83.3333
1696899600,2023-10-10 01:00:00,2023-10-10 03:00:00,ringsted,9.175,0.0,0.675,0.0,1013.25,93.75,81.6667
1696903200,2023-10-10 02:00:00,2023-10-10 04:00:00,ringsted,9.025,0.0,0.75,0.0,1013.04,94.75,76.6667
1696906800,2023-10-10 03:00:00,2023-10-10 05:00:00,ringsted,9.05,0.0,0.8,0.0,1012.95,95.0,90.8333
1696910400,2023-10-10 04:00:00,2023-10-10 06:00:00,ringsted,9.25,0.0,0.925,0.0,1012.79,95.5,98.3333
1696914000,2023-10-10 05:00:00,2023-10-10 07:00:00,ringsted,9.6,0.0,0.725,0.0,1012.81,96.0,97.5
1696917600,2023-10-10 06:00:00,2023-10-10 08:00:00,ringsted,9.7,2.5,0.8,0.0,1012.88,96.5,94.1667
1696921200,2023-10-10 07:00:00,2023-10-10 09:00:00,ringsted,10.075,33.5,0.875,0.0,1012.85,97.0,93.3333
1696924800,2023-10-10 08:00:00,2023-10-10 10:00:00,ringsted,11.225,117.0,1.325,0.0,1012.72,95.5,85.0
1696928400,2023-10-10 09:00:00,2023-10-10 11:00:00,ringsted,12.325,202.5,2.3,0.0,1012.48,91.25,86.6667
1696932000,2023-10-10 10:00:00,2023-10-10 12:00:00,ringsted,13.4,227.0,3.275,0.0,1012.24,83.25,72.0833
1696935600,2023-10-10 11:00:00,2023-10-10 13:00:00,ringsted,14.0,256.0,3.825,0.025,1011.58,81.0,92.5
1696939200,2023-10-10 12:00:00,2023-10-10 14:00:00,ringsted,14.375,250.5,5.125,0.0,1010.84,78.0,95.0
1696942800,2023-10-10 13:00:00,2023-10-10 15:00:00,ringsted,14.25,121.0,4.975,0.0,1010.05,78.5,98.3333
1696946400,2023-10-10 14:00:00,2023-10-10 16:00:00,ringsted,14.175,90.0,4.975,0.0,1009.21,80.5,98.3333
1696950000,2023-10-10 15:00:00,2023-10-10 17:00:00,ringsted,14.175,50.5,4.9,0.075,1008.62,81.25,97.5
1696953600,2023-10-10 16:00:00,2023-10-10 18:00:00,ringsted,13.875,10.0,4.8,0.075,1008.27,88.5,97.5
1696957200,2023-10-10 17:00:00,2023-10-10 19:00:00,ringsted,13.825,1.0,4.65,0.05,1007.87,94.0,96.6667
1696960800,2023-10-10 18:00:00,2023-10-10 20:00:00,ringsted,14.3,0.0,4.8,0.075,1007.04,94.75,93.3333
1696964400,2023-10-10 19:00:00,2023-10-10 21:00:00,ringsted,14.8,0.0,5.15,0.025,1006.51,95.0,94.1667
1696968000,2023-10-10 20:00:00,2023-10-10 22:00:00,ringsted,15.35,0.0,4.975,0.025,1006.03,94.0,91.6667
1696971600,2023-10-10 21:00:00,2023-10-10 23:00:00,ringsted,15.5,0.0,5.2,0.05,1005.16,94.25,92.5
1696975200,2023-10-10 22:00:00,2023-10-11 00:00:00,ringsted,15.525,0.0,4.725,0.025,1004.39,94.75,90.0
1696978800,2023-10-10 23:00:00,2023-10-11 01:00:00,ringsted,15.65,0.0,5.325,0.025,1003.55,94.0,82.5
1696982400,2023-10-11 00:00:00,2023-10-11 02:00:00,ringsted,15.625,0.0,5.325,0.025,1002.46,92.5,90.0
1696986000,2023-10-11 01:00:00,2023-10-11 03:00:00,ringsted,15.575,0.0,5.85,0.0,1001.53,90.25,95.4545
1696989600,2023-10-11 02:00:00,2023-10-11 04:00:00,ringsted,15.7,0.0,6.625,0.0,1000.75,87.25,95.0
1696993200,2023-10-11 03:00:00,2023-10-11 05:00:00,ringsted,15.65,0.0,6.225,0.0,1000.2,85.75,88.3333
1696996800,2023-10-11 04:00:00,2023-10-11 06:00:00,ringsted,15.425,0.0,6.025,0.05,999.812,87.0,57.0833
1697000400,2023-10-11 05:00:00,2023-10-11 07:00:00,ringsted,15.225,0.0,6.275,0.025,999.321,89.0,83.75
1697004000,2023-10-11 06:00:00,2023-10-11 08:00:00,ringsted,15.275,2.0,6.575,0.0,999.379,90.75,76.6667
1697007600,2023-10-11 07:00:00,2023-10-11 09:00:00,ringsted,15.65,25.5,6.9,0.0,999.071,91.0,92.5
1697011200,2023-10-11 08:00:00,2023-10-11 10:00:00,ringsted,16.1,64.0,7.125,0.0,999.029,90.25,93.3333
1697014800,2023-10-11 09:00:00,2023-10-11 11:00:00,ringsted,16.425,88.0,7.25,0.0,999.062,89.0,95.8333
1697018400,2023-10-11 10:00:00,2023-10-11 12:00:00,ringsted,16.7,120.0,7.475,0.025,998.963,87.75,95.8333
1697022000,2023-10-11 11:00:00,2023-10-11 13:00:00,ringsted,16.775,125.0,7.575,0.05,998.404,87.5,94.1667
1697025600,2023-10-11 12:00:00,2023-10-11 14:00:00,ringsted,17.025,135.5,8.0,0.0,998.058,86.5,88.75
1697029200,2023-10-11 13:00:00,2023-10-11 15:00:00,ringsted,17.225,142.5,8.675,0.0,997.917,84.0,92.5
1697032800,2023-10-11 14:00:00,2023-10-11 16:00:00,ringsted,16.225,77.0,8.125,1.675,998.225,86.75,90.8333
1697036400,2023-10-11 15:00:00,2023-10-11 17:00:00,ringsted,14.95,77.0,6.45,1.05,998.438,89.25,93.3333
1697040000,2023-10-11 16:00:00,2023-10-11 18:00:00,ringsted,14.575,32.5,5.9,0.025,998.761,88.0,96.3636
1697043600,2023-10-11 17:00:00,2023-10-11 19:00:00,ringsted,14.0333,2.5,6.53333,0.0666667,999.362,86.0,92.5
1697047200,2023-10-11 18:00:00,2023-10-11 20:00:00,ringsted,13.55,0.0,6.05,0.0,999.721,81.0,92.5
1697050800,2023-10-11 19:00:00,2023-10-11 21:00:00,ringsted,12.6667,0.0,4.86667,0.0,999.73,78.3333,90.0
1697054400,2023-10-11 20:00:00,2023-10-11 22:00:00,ringsted,12.2667,0.0,3.85,0.0,999.754,79.75,93.3333
1697058000,2023-10-11 21:00:00,2023-10-11 23:00:00,ringsted,11.9667,0.0,3.93333,0.0666667,999.662,79.3333,90.8333
1697061600,2023-10-11 22:00:00,2023-10-12 00:00:00,ringsted,11.875,0.0,4.6,0.025,999.546,77.75,90.8333
1697065200,2023-10-11 23:00:00,2023-10-12 01:00:00,ringsted,11.7,0.0,4.95,0.0,999.858,74.5,91.6667
1697068800,2023-10-12 00:00:00,2023-10-12 02:00:00,ringsted,11.5,0.0,5.375,0.0,1000.0,73.0,95.0
1697072400,2023-10-12 01:00:00,2023-10-12 03:00:00,ringsted,11.3,0.0,5.525,0.0,999.979,72.5,34.5833
1697076000,2023-10-12 02:00:00,2023-10-12 04:00:00,ringsted,10.8,0.0,5.375,0.0,1000.23,71.25,2.91667
1697079600,2023-10-12 03:00:00,2023-10-12 05:00:00,ringsted,10.55,0.0,4.73333,0.0,1000.64,72.3333,34.0909
1697083200,2023-10-12 04:00:00,2023-10-12 06:00:00,ringsted,10.4,0.0,5.175,0.0,1001.19,73.25,17.5
1697086800,2023-10-12 05:00:00,2023-10-12 07:00:00,ringsted,10.3,0.0,5.1,0.0,1002.14,76.0,47.0833
1697090400,2023-10-12 06:00:00,2023-10-12 08:00:00,ringsted,10.425,2.5,5.1,0.0,1003.25,78.25,38.75
1697094000,2023-10-12 07:00:00,2023-10-12 09:00:00,ringsted,10.525,50.0,5.125,0.0,1004.07,78.25,10.0
1697097600,2023-10-12 08:00:00,2023-10-12 10:00:00,ringsted,11.375,212.0,5.175,0.0,1004.62,74.75,9.58333
1697101200,2023-10-12 09:00:00,2023-10-12 11:00:00,ringsted,12.3667,344.0,6.76667,0.0,1005.07,69.0,30.0
1697104800,2023-10-12 10:00:00,2023-10-12 12:00:00,ringsted,12.9,391.5,8.025,0.0,1005.53,63.5,42.0833
1697108400,2023-10-12 11:00:00,2023-10-12 13:00:00,ringsted,13.125,408.0,8.5,0.0,1005.72,60.5,39.5833
1697112000,2023-10-12 12:00:00,2023-10-12 14:00:00,ringsted,13.375,390.0,8.6,0.0,1005.9,59.6667,20.0
1697115600,2023-10-12 13:00:00,2023-10-12 15:00:00,ringsted,13.6,389.0,8.35,0.0,1006.29,57.0,3.33333
1697119200,2023-10-12 14:00:00,2023-10-12 16:00:00,ringsted,13.525,331.0,7.725,0.0,1006.52,56.75,1.66667
1697122800,2023-10-12 15:00:00,2023-10-12 17:00:00,ringsted,13.1,232.0,7.275,0.0,1006.63,57.75,0.0
1697126400,2023-10-12 16:00:00,2023-10-12 18:00:00,ringsted,12.0667,97.5,5.3,0.0,1006.95,62.3333,0.0
1697130000,2023-10-12 17:00:00,2023-10-12 19:00:00,ringsted,10.65,7.0,3.275,0.0,1007.5,68.0,0.0
1697133600,2023-10-12 18:00:00,2023-10-12 20:00:00,ringsted,9.55,0.0,2.825,0.0,1007.78,73.25,0.0
1697137200,2023-10-12 19:00:00,2023-10-12 21:00:00,ringsted,9.125,0.0,3.0,0.0,1008.03,76.0,0.0
1697140800,2023-10-12 20:00:00,2023-10-12 22:00:00,ringsted,8.4,0.0,1.95,0.0,1008.31,79.5,3.33333
1697144400,2023-10-12 21:00:00,2023-10-12 23:00:00,ringsted,6.9,0.0,1.55,0.0,1008.47,86.0,0.0
1697148000,2023-10-12 22:00:00,2023-10-13 00:00:00,ringsted,5.45,0.0,0.9,0.0,1008.34,91.0,0.0
1697151600,2023-10-12 23:00:00,2023-10-13 01:00:00,ringsted,4.675,0.0,0.666667,0.0,1008.31,94.0,0.833333
1697155200,2023-10-13 00:00:00,2023-10-13 02:00:00,ringsted,4.35,0.0,1.05,0.0,1008.08,95.5,47.0833
1697158800,2023-10-13 01:00:00,2023-10-13 03:00:00,ringsted,4.9,0.0,1.3,0.0,1007.69,95.3333,48.3333
1697162400,2023-10-13 02:00:00,2023-10-13 04:00:00,ringsted,5.85,0.0,1.5,0.0,1006.9,93.75,53.75
1697166000,2023-10-13 03:00:00,2023-10-13 05:00:00,ringsted,6.175,0.0,1.825,0.0,1005.9,91.75,90.4167
1697169600,2023-10-13 04:00:00,2023-10-13 06:00:00,ringsted,7.375,0.0,2.425,0.0,1004.85,91.75,98.3333
1697173200,2023-10-13 05:00:00,2023-10-13 07:00:00,ringsted,8.65,0.0,2.425,0.0,1003.38,89.0,96.6667
1697176800,2023-10-13 06:00:00,2023-10-13 08:00:00,ringsted,10.05,0.5,2.925,0.025,1002.26,90.0,98.3333
1697180400,2023-10-13 07:00:00,2023-10-13 09:00:00,ringsted,11.025,6.0,3.925,0.133333,1001.16,93.25,97.5
1697184000,2023-10-13 08:00:00,2023-10-13 10:00:00,ringsted,11.675,26.5,4.525,0.175,999.75,96.25,98.3333
1697187600,2023-10-13 09:00:00,2023-10-13 11:00:00,ringsted,12.675,43.0,4.925,0.2,998.237,97.25,98.3333
1697191200,2023-10-13 10:00:00,2023-10-13 12:00:00,ringsted,13.675,44.5,5.525,0.275,996.708,97.5,95.8333
1697194800,2023-10-13 11:00:00,2023-10-13 13:00:00,ringsted,14.6,53.5,6.875,1.325,994.792,97.0,98.3333
1697198400,2023-10-13 12:00:00,2023-10-13 14:00:00,ringsted,15.15,47.0,7.375,1.825,993.3,96.0,95.0
1697202000,2023-10-13 13:00:00,2023-10-13 15:00:00,ringsted,15.55,71.5,7.75,0.425,992.15,93.5,95.8333
1697205600,2023-10-13 14:00:00,2023-10-13 16:00:00,ringsted,15.35,30.0,7.25,0.725,990.787,95.25,95.0
1697209200,2023-10-13 15:00:00,2023-10-13 17:00:00,ringsted,16.35,44.5,8.625,0.175,989.8,92.5,92.5
1697212800,2023-10-13 16:00:00,2023-10-13 18:00:00,ringsted,17.325,15.5,9.3,0.05,989.6,88.0,94.1667
1697216400,2023-10-13 17:00:00,2023-10-13 19:00:00,ringsted,17.725,0.0,10.175,0.0,989.442,83.25,95.0
1697220000,2023-10-13 18:00:00,2023-10-13 20:00:00,ringsted,17.425,0.0,9.65,0.0,989.004,86.25,97.5
1697223600,2023-10-13 19:00:00,2023-10-13 21:00:00,ringsted,17.45,0.0,9.45,0.0,988.654,86.5,90.8333
1697227200,2023-10-13 20:00:00,2023-10-13 22:00:00,ringsted,17.175,0.0,8.95,2.225,988.654,88.0,93.3333
1697230800,2023-10-13 21:00:00,2023-10-13 23:00:00,ringsted,16.5,0.0,6.55,2.15,988.646,91.5,94.1667
1697234400,2023-10-13 22:00:00,2023-10-14 00:00:00,ringsted,15.375,0.0,6.125,4.625,987.925,94.25,95.0
1697238000,2023-10-13 23:00:00,2023-10-14 01:00:00,ringsted,14.775,0.0,3.6,1.675,987.321,95.5,92.5
1697241600,2023-10-14 00:00:00,2023-10-14 02:00:00,ringsted,14.3,0.0,3.55,2.025,987.704,96.25,95.0
1697245200,2023-10-14 01:00:00,2023-10-14 03:00:00,ringsted,12.9,0.0,5.525,1.525,987.825,93.25,94.1667
1697248800,2023-10-14 02:00:00,2023-10-14 04:00:00,ringsted,12.175,0.0,3.125,0.25,988.633,93.0,92.5
1697252400,2023-10-14 03:00:00,2023-10-14 05:00:00,ringsted,11.55,0.0,5.075,0.475,989.433,91.0,30.4167
1697256000,2023-10-14 04:00:00,2023-10-14 06:00:00,ringsted,10.65,0.0,4.325,0.0,990.067,89.25,22.9167
1697259600,2023-10-14 05:00:00,2023-10-14 07:00:00,ringsted,10.4,0.0,4.725,0.0,991.013,86.75,1.66667
1697263200,2023-10-14 06:00:00,2023-10-14 08:00:00,ringsted,10.075,2.5,4.9,0.0,992.237,84.5,11.6667
1697266800,2023-10-14 07:00:00,2023-10-14 09:00:00,ringsted,10.275,70.0,5.7,0.0,993.158,81.75,0.0
1697270400,2023-10-14 08:00:00,2023-10-14 10:00:00,ringsted,10.975,210.0,6.85,0.0,994.0,76.25,0.0
1697274000,2023-10-14 09:00:00,2023-10-14 11:00:00,ringsted,11.55,330.5,8.1,0.0,994.783,71.25,8.75
1697277600,2023-10-14 10:00:00,2023-10-14 12:00:00,ringsted,12.1,388.0,9.2,0.0,995.358,65.75,43.3333
1697281200,2023-10-14 11:00:00,2023-10-14 13:00:00,ringsted,12.35,390.0,9.875,0.025,995.812,62.75,34.1667
1697284800,2023-10-14 12:00:00,2023-10-14 14:00:00,ringsted,12.25,302.0,10.55,0.0,996.446,58.0,48.75
1697288400,2023-10-14 13:00:00,2023-10-14 15:00:00,ringsted,11.975,384.0,9.9,0.0,996.925,60.0,35.4167
1697292000,2023-10-14 14:00:00,2023-10-14 16:00:00,ringsted,11.375,240.0,9.3,0.0,997.071,62.5,22.0833
1697295600,2023-10-14 15:00:00,2023-10-14 17:00:00,ringsted,11.075,154.5,8.825,0.025,997.342,62.5,35.4167
1697299200,2023-10-14 16:00:00,2023-10-14 18:00:00,ringsted,10.475,57.0,9.025,0.0,997.508,66.0,26.6667
1697302800,2023-10-14 17:00:00,2023-10-14 19:00:00,ringsted,9.725,2.5,8.65,0.0,997.8,69.5,11.25
1697306400,2023-10-14 18:00:00,2023-10-14 20:00:00,ringsted,9.35,0.0,8.45,0.0,998.112,71.5,20.0
1697310000,2023-10-14 19:00:00,2023-10-14 21:00:00,ringsted,9.15,0.0,7.95,0.0,998.321,73.75,4.58333
1697313600,2023-10-14 20:00:00,2023-10-14 22:00:00,ringsted,8.975,0.0,7.65,0.0,998.829,73.75,12.9167
1697317200,2023-10-14 21:00:00,2023-10-14 23:00:00,ringsted,8.85,0.0,7.975,0.0,998.883,73.0,11.6667
1697320800,2023-10-14 22:00:00,2023-10-15 00:00:00,ringsted,8.725,0.0,7.95,0.0,998.883,72.5,3.33333
1697324400,2023-10-14 23:00:00,2023-10-15 01:00:00,ringsted,8.525,0.0,7.725,0.0,999.171,72.5,31.6667
1697328000,2023-10-15 00:00:00,2023-10-15 02:00:00,ringsted,8.375,0.0,7.7,0.0,999.4,73.25,20.4167
1697331600,2023-10-15 01:00:00,2023-10-15 03:00:00,ringsted,8.275,0.0,7.725,0.0,999.754,73.5,20.8333
1697335200,2023-10-15 02:00:00,2023-10-15 04:00:00,ringsted,8.125,0.0,7.6,0.0,999.854,73.25,0.833333
1697338800,2023-10-15 03:00:00,2023-10-15 05:00:00,ringsted,7.925,0.0,7.55,0.0,1000.15,71.75,0.0
1697342400,2023-10-15 04:00:00,2023-10-15 06:00:00,ringsted,7.7,0.0,7.8,0.0,1000.32,70.75,13.3333
1697346000,2023-10-15 05:00:00,2023-10-15 07:00:00,ringsted,7.475,0.0,7.075,0.0,1000.65,71.25,47.9167
1697349600,2023-10-15 06:00:00,2023-10-15 08:00:00,ringsted,7.525,4.0,6.925,0.0,1001.24,72.0,85.8333
1697353200,2023-10-15 07:00:00,2023-10-15 09:00:00,ringsted,7.725,29.5,7.55,0.025,1001.81,74.25,90.0
1697356800,2023-10-15 08:00:00,2023-10-15 10:00:00,ringsted,8.125,122.5,7.6,0.0,1002.14,73.5,65.8333
1697360400,2023-10-15 09:00:00,2023-10-15 11:00:00,ringsted,8.85,223.5,8.575,0.0,1002.64,71.75,65.8333
1697364000,2023-10-15 10:00:00,2023-10-15 12:00:00,ringsted,9.4,289.5,8.575,0.0,1002.97,71.25,84.1667
1697367600,2023-10-15 11:00:00,2023-10-15 13:00:00,ringsted,9.9,311.5,8.375,0.0,1003.18,71.25,92.5
1697371200,2023-10-15 12:00:00,2023-10-15 14:00:00,ringsted,10.325,210.0,7.725,0.15,1003.52,71.75,75.8333
1697374800,2023-10-15 13:00:00,2023-10-15 15:00:00,ringsted,10.175,146.0,7.275,0.4,1004.1,73.25,32.0833
1697378400,2023-10-15 14:00:00,2023-10-15 16:00:00,ringsted,10.675,159.0,7.25,0.0,1004.82,69.25,40.8333
1697382000,2023-10-15 15:00:00,2023-10-15 17:00:00,ringsted,11.0,148.0,7.25,0.0,1005.6,64.5,25.0
1697385600,2023-10-15 16:00:00,2023-10-15 18:00:00,ringsted,10.275,36.5,6.5,0.0,1006.45,66.0,41.25
1697389200,2023-10-15 17:00:00,2023-10-15 19:00:00,ringsted,9.65,2.5,5.7,0.0,1007.27,68.75,45.0
1697392800,2023-10-15 18:00:00,2023-10-15 20:00:00,ringsted,9.25,0.0,6.5,0.0,1007.85,69.25,37.0833
1697396400,2023-10-15 19:00:00,2023-10-15 21:00:00,ringsted,8.725,0.0,6.35,0.0,1008.64,70.0,60.4167
1697400000,2023-10-15 20:00:00,2023-10-15 22:00:00,ringsted,8.175,0.0,6.325,0.0,1009.16,73.75,66.25
1697403600,2023-10-15 21:00:00,2023-10-15 23:00:00,ringsted,7.6,0.0,5.35,0.0,1009.5,76.75,52.0833
1697407200,2023-10-15 22:00:00,2023-10-16 00:00:00,ringsted,7.275,0.0,5.375,0.0,1009.59,78.0,39.5833
1697410800,2023-10-15 23:00:00,2023-10-16 01:00:00,ringsted,6.8,0.0,4.6,0.0,1009.66,78.75,58.3333
1697414400,2023-10-16 00:00:00,2023-10-16 02:00:00,ringsted,6.275,0.0,4.025,0.0,1009.84,80.75,72.0833
1697418000,2023-10-16 01:00:00,2023-10-16 03:00:00,ringsted,6.1,0.0,4.375,0.0,1009.97,82.5,62.9167
1697421600,2023-10-16 02:00:00,2023-10-16 04:00:00,ringsted,6.2,0.0,4.325,0.0,1010.2,83.75,48.3333
1697425200,2023-10-16 03:00:00,2023-10-16 05:00:00,ringsted,6.05,0.0,4.125,0.0,1010.6,85.25,35.8333
1697428800,2023-10-16 04:00:00,2023-10-16 06:00:00,ringsted,5.9,0.0,3.975,0.0,1010.91,85.25,22.5
1697432400,2023-10-16 05:00:00,2023-10-16 07:00:00,ringsted,5.425,0.0,3.75,0.0,1011.04,86.5,21.6667
1697436000,2023-10-16 06:00:00,2023-10-16 08:00:00,ringsted,5.35,3.5,3.8,0.0,1011.51,85.75,30.0
1697439600,2023-10-16 07:00:00,2023-10-16 09:00:00,ringsted,5.575,67.5,3.425,0.0,1011.9,85.0,25.0
1697443200,2023-10-16 08:00:00,2023-10-16 10:00:00,ringsted,7.0,178.0,3.85,0.0,1012.35,79.75,37.5
1697446800,2023-10-16 09:00:00,2023-10-16 11:00:00,ringsted,8.2,255.0,4.8,0.0,1012.78,68.75,10.0
1697450400,2023-10-16 10:00:00,2023-10-16 12:00:00,ringsted,9.0,390.5,5.125,0.0,1013.18,64.0,14.0
1697454000,2023-10-16 11:00:00,2023-10-16 13:00:00,ringsted,9.35,395.0,4.625,0.0,1013.38,61.25,25.0
1697457600,2023-10-16 12:00:00,2023-10-16 14:00:00,ringsted,9.6,465.0,4.63333,0.0,1013.87,60.0,24.0
1697461200,2023-10-16 13:00:00,2023-10-16 15:00:00,ringsted,9.85,407.0,4.6,0.025,1014.04,57.75,44.1667
1697464800,2023-10-16 14:00:00,2023-10-16 16:00:00,ringsted,9.9,338.0,4.55,0.0,1014.32,58.25,32.0833
1697468400,2023-10-16 15:00:00,2023-10-16 17:00:00,ringsted,9.35,202.5,3.775,0.0,1014.6,59.75,2.5
1697472000,2023-10-16 16:00:00,2023-10-16 18:00:00,ringsted,7.975,47.5,2.45,0.0,1014.92,65.75,11.6667
1697475600,2023-10-16 17:00:00,2023-10-16 19:00:00,ringsted,6.225,1.5,1.575,0.0,1015.2,74.25,16.6667
1697479200,2023-10-16 18:00:00,2023-10-16 20:00:00,ringsted,4.725,0.0,1.075,0.0,1015.22,81.75,17.5
1697482800,2023-10-16 19:00:00,2023-10-16 21:00:00,ringsted,3.3,0.0,0.7,0.0,1015.42,89.0,42.5
1697486400,2023-10-16 20:00:00,2023-10-16 22:00:00,ringsted,2.85,0.0,0.55,0.0,1015.67,91.5,20.0
1697490000,2023-10-16 21:00:00,2023-10-16 23:00:00,ringsted,2.6,0.0,1.025,0.0,1015.88,91.5,22.5
1697493600,2023-10-16 22:00:00,2023-10-17 00:00:00,ringsted,2.45,0.0,0.8,0.0,1015.85,90.75,45.0
1697497200,2023-10-16 23:00:00,2023-10-17 01:00:00,ringsted,2.425,0.0,0.8,0.0,1015.69,92.75,41.6667
1697500800,2023-10-17 00:00:00,2023-10-17 02:00:00,ringsted,2.95,0.0,1.375,0.0,1015.43,92.75,35.0
1697504400,2023-10-17 01:00:00,2023-10-17 03:00:00,ringsted,3.25,0.0,1.1,0.0,1015.32,92.5,55.4167
1697508000,2023-10-17 02:00:00,2023-10-17 04:00:00,ringsted,3.9,0.0,1.375,0.0,1015.39,93.0,45.8333
1697511600,2023-10-17 03:00:00,2023-10-17 05:00:00,ringsted,5.175,0.0,2.05,0.0,1015.59,91.5,5.0
1697515200,2023-10-17 04:00:00,2023-10-17 06:00:00,ringsted,5.55,0.0,2.025,0.0,1015.56,91.5,5.0
1697518800,2023-10-17 05:00:00,2023-10-17 07:00:00,ringsted,5.475,0.0,2.375,0.0,1015.55,91.75,42.5
1697522400,2023-10-17 06:00:00,2023-10-17 08:00:00,ringsted,5.85,2.0,2.2,0.025,1015.88,90.75,46.6667
1697526000,2023-10-17 07:00:00,2023-10-17 09:00:00,ringsted,6.55,53.5,2.125,0.0,1016.12,89.5,45.0
1697529600,2023-10-17 08:00:00,2023-10-17 10:00:00,ringsted,8.35,148.5,2.825,0.0,1016.03,86.5,35.4167
1697533200,2023-10-17 09:00:00,2023-10-17 11:00:00,ringsted,9.6,242.0,3.7,0.025,1015.85,83.75,0.833333
1697536800,2023-10-17 10:00:00,2023-10-17 12:00:00,ringsted,10.5,347.0,4.2,0.025,1015.57,79.75,17.0833
1697540400,2023-10-17 11:00:00,2023-10-17 13:00:00,ringsted,11.275,396.0,4.85,0.025,1015.2,73.75,40.4167
1697544000,2023-10-17 12:00:00,2023-10-17 14:00:00,ringsted,11.7,387.5,5.15,0.025,1014.87,69.25,39.1667
1697547600,2023-10-17 13:00:00,2023-10-17 15:00:00,ringsted,12.05,361.0,5.6,0.0,1014.52,66.25,62.5
1697551200,2023-10-17 14:00:00,2023-10-17 16:00:00,ringsted,11.875,275.5,5.675,0.0,1014.19,67.0,42.5
1697554800,2023-10-17 15:00:00,2023-10-17 17:00:00,ringsted,11.45,125.0,4.65,0.0,1013.87,70.25,16.6667
1697558400,2023-10-17 16:00:00,2023-10-17 18:00:00,ringsted,10.625,34.5,3.3,0.025,1013.7,75.25,45.0
1697562000,2023-10-17 17:00:00,2023-10-17 19:00:00,ringsted,9.425,1.5,2.525,0.0,1013.52,80.0,7.91667
1697565600,2023-10-17 18:00:00,2023-10-17 20:00:00,ringsted,8.55,0.0,2.825,0.0,1013.32,83.0,0.833333
1697569200,2023-10-17 19:00:00,2023-10-17 21:00:00,ringsted,7.975,0.0,2.525,0.0,1013.17,85.0,0.0
1697572800,2023-10-17 20:00:00,2023-10-17 22:00:00,ringsted,7.9,0.0,2.75,0.0,1013.0,85.25,0.0
1697576400,2023-10-17 21:00:00,2023-10-17 23:00:00,ringsted,7.45,0.0,2.6,0.0,1012.78,87.25,3.33333
1697580000,2023-10-17 22:00:00,2023-10-18 00:00:00,ringsted,7.25,0.0,2.55,0.0,1012.62,89.5,5.0
1697583600,2023-10-17 23:00:00,2023-10-18 01:00:00,ringsted,7.025,0.0,2.525,0.0,1012.58,90.75,32.9167
1697587200,2023-10-18 00:00:00,2023-10-18 02:00:00,ringsted,7.3,0.0,2.7,0.0,1012.37,91.0,46.6667
1697590800,2023-10-18 01:00:00,2023-10-18 03:00:00,ringsted,7.275,0.0,2.7,0.0,1012.03,91.75,45.0
1697594400,2023-10-18 02:00:00,2023-10-18 04:00:00,ringsted,7.325,0.0,2.625,0.0,1011.77,90.5,42.9167
1697598000,2023-10-18 03:00:00,2023-10-18 05:00:00,ringsted,7.3,0.0,2.6,0.0,1011.38,90.75,62.9167
1697601600,2023-10-18 04:00:00,2023-10-18 06:00:00,ringsted,7.175,0.0,2.4,0.0,1011.12,91.25,80.0
1697605200,2023-10-18 05:00:00,2023-10-18 07:00:00,ringsted,6.875,0.0,1.875,0.0,1011.08,92.75,82.5
1697608800,2023-10-18 06:00:00,2023-10-18 08:00:00,ringsted,7.175,1.5,2.025,0.0,1011.28,92.0,57.9167
1697612400,2023-10-18 07:00:00,2023-10-18 09:00:00,ringsted,7.65,44.0,1.925,0.0,1011.41,91.75,40.8333
1697616000,2023-10-18 08:00:00,2023-10-18 10:00:00,ringsted,8.65,109.0,1.925,0.0,1011.36,90.75,36.6667
1697619600,2023-10-18 09:00:00,2023-10-18 11:00:00,ringsted,10.025,282.5,2.475,0.0,1011.13,87.0,22.5
1697623200,2023-10-18 10:00:00,2023-10-18 12:00:00,ringsted,11.075,341.5,2.675,0.0,1011.02,81.75,22.0833
1697626800,2023-10-18 11:00:00,2023-10-18 13:00:00,ringsted,11.525,295.5,1.8,0.0,1010.58,76.5,18.3333
1697630400,2023-10-18 12:00:00,2023-10-18 14:00:00,ringsted,12.1,280.5,1.25,0.0,1010.06,69.75,16.6667
1697634000,2023-10-18 13:00:00,2023-10-18 15:00:00,ringsted,12.325,306.5,0.775,0.05,1009.47,66.0,22.9167
1697637600,2023-10-18 14:00:00,2023-10-18 16:00:00,ringsted,12.55,254.0,1.425,0.075,1008.95,64.5,12.5
1697641200,2023-10-18 15:00:00,2023-10-18 17:00:00,ringsted,11.85,182.0,2.15,0.0,1008.56,70.75,4.16667
1697644800,2023-10-18 16:00:00,2023-10-18 18:00:00,ringsted,10.15,32.5,1.275,0.0,1008.32,79.75,1.66667
1697648400,2023-10-18 17:00:00,2023-10-18 19:00:00,ringsted,8.05,0.5,1.05,0.0,1008.09,89.75,18.75
1697652000,2023-10-18 18:00:00,2023-10-18 20:00:00,ringsted,6.625,0.0,1.375,0.0,1007.67,93.25,17.5
1697655600,2023-10-18 19:00:00,2023-10-18 21:00:00,ringsted,6.4,0.0,1.575,0.0,1007.38,94.5,42.9167
1697659200,2023-10-18 20:00:00,2023-10-18 22:00:00,ringsted,7.0,0.0,2.75,0.0,1007.18,93.75,18.75
1697662800,2023-10-18 21:00:00,2023-10-18 23:00:00,ringsted,8.025,0.0,4.575,0.0,1006.87,89.75,56.6667
1697666400,2023-10-18 22:00:00,2023-10-19 00:00:00,ringsted,8.525,0.0,5.975,0.0,1006.52,87.0,65.4167
1697670000,2023-10-18 23:00:00,2023-10-19 01:00:00,ringsted,8.375,0.0,6.725,0.0,1005.94,86.75,95.8333
1697673600,2023-10-19 00:00:00,2023-10-19 02:00:00,ringsted,8.425,0.0,7.375,0.0,1005.04,85.5,85.0
1697677200,2023-10-19 01:00:00,2023-10-19 03:00:00,ringsted,8.175,0.0,7.625,0.0,1003.98,84.75,80.8333
1697680800,2023-10-19 02:00:00,2023-10-19 04:00:00,ringsted,7.975,0.0,8.25,0.0,1003.2,84.25,91.25
1697684400,2023-10-19 03:00:00,2023-10-19 05:00:00,ringsted,8.0,0.0,8.575,0.0,1002.61,83.25,92.5
1697688000,2023-10-19 04:00:00,2023-10-19 06:00:00,ringsted,7.875,0.0,8.65,0.0,1002.11,83.25,93.3333
1697691600,2023-10-19 05:00:00,2023-10-19 07:00:00,ringsted,7.65,0.0,8.825,0.0,1001.8,83.75,90.8333
1697695200,2023-10-19 06:00:00,2023-10-19 08:00:00,ringsted,7.75,0.5,9.475,0.0,1001.58,83.5,91.6667
1697698800,2023-10-19 07:00:00,2023-10-19 09:00:00,ringsted,7.775,7.5,10.175,0.0,1001.5,81.75,89.5833
1697702400,2023-10-19 08:00:00,2023-10-19 10:00:00,ringsted,7.775,23.5,10.05,0.225,1001.47,80.5,87.0833
1697706000,2023-10-19 09:00:00,2023-10-19 11:00:00,ringsted,8.025,51.0,9.825,0.075,1001.35,77.25,91.6667
1697709600,2023-10-19 10:00:00,2023-10-19 12:00:00,ringsted,8.25,56.0,10.1,0.0,1001.15,76.25,94.1667
1697713200,2023-10-19 11:00:00,2023-10-19 13:00:00,ringsted,7.9,50.5,10.575,0.0,1001.06,80.25,93.3333
1697716800,2023-10-19 12:00:00,2023-10-19 14:00:00,ringsted,7.25,51.0,9.525,0.175,1000.43,86.75,95.8333
1697720400,2023-10-19 13:00:00,2023-10-19 15:00:00,ringsted,7.075,59.0,9.9,0.15,999.812,86.75,99.1667
1697724000,2023-10-19 14:00:00,2023-10-19 16:00:00,ringsted,6.825,36.0,10.075,0.05,999.55,85.25,99.1667
1697727600,2023-10-19 15:00:00,2023-10-19 17:00:00,ringsted,6.525,18.5,10.35,0.125,999.667,82.75,99.1667
1697731200,2023-10-19 16:00:00,2023-10-19 18:00:00,ringsted,6.325,4.5,10.3,0.325,999.625,81.5,98.3333
1697734800,2023-10-19 17:00:00,2023-10-19 19:00:00,ringsted,6.175,0.0,10.1,0.5,999.804,82.5,97.5
1697738400,2023-10-19 18:00:00,2023-10-19 20:00:00,ringsted,5.85,0.0,9.975,0.575,999.958,84.5,99.1667
1697742000,2023-10-19 19:00:00,2023-10-19 21:00:00,ringsted,5.625,0.0,9.775,0.5,999.929,84.25,99.1667
1697745600,2023-10-19 20:00:00,2023-10-19 22:00:00,ringsted,5.55,0.0,9.4,0.35,999.842,84.0,93.3333
1697749200,2023-10-19 21:00:00,2023-10-19 23:00:00,ringsted,5.5,0.0,9.45,0.225,999.662,83.75,94.1667
1697752800,2023-10-19 22:00:00,2023-10-20 00:00:00,ringsted,5.3,0.0,9.05,0.1,999.537,84.25,95.0
1697756400,2023-10-19 23:00:00,2023-10-20 01:00:00,ringsted,5.125,0.0,8.875,0.0,999.304,83.5,97.5
1697760000,2023-10-20 00:00:00,2023-10-20 02:00:00,ringsted,5.025,0.0,8.575,0.025,998.979,82.75,97.5
1697763600,2023-10-20 01:00:00,2023-10-20 03:00:00,ringsted,4.775,0.0,8.875,0.3,998.558,83.25,96.6667
1697767200,2023-10-20 02:00:00,2023-10-20 04:00:00,ringsted,4.775,0.0,9.25,0.025,998.3,83.75,95.8333
1697770800,2023-10-20 03:00:00,2023-10-20 05:00:00,ringsted,4.925,0.0,8.925,0.15,998.104,83.75,91.6667
1697774400,2023-10-20 04:00:00,2023-10-20 06:00:00,ringsted,5.025,0.0,9.125,0.3,997.763,81.5,94.1667
1697778000,2023-10-20 05:00:00,2023-10-20 07:00:00,ringsted,4.95,0.0,9.725,0.0,997.417,77.25,92.5
1697781600,2023-10-20 06:00:00,2023-10-20 08:00:00,ringsted,4.825,0.5,9.925,0.0,997.15,76.0,92.5
1697785200,2023-10-20 07:00:00,2023-10-20 09:00:00,ringsted,4.7,12.5,9.55,0.0,996.825,78.5,96.6667
1697788800,2023-10-20 08:00:00,2023-10-20 10:00:00,ringsted,4.6,36.5,9.95,0.025,996.3,81.0,95.8333
1697792400,2023-10-20 09:00:00,2023-10-20 11:00:00,ringsted,5.0,56.5,11.05,0.05,996.267,77.5,91.6667
1697796000,2023-10-20 10:00:00,2023-10-20 12:00:00,ringsted,5.55,94.5,11.025,0.125,995.967,71.5,85.0
1697799600,2023-10-20 11:00:00,2023-10-20 13:00:00,ringsted,5.95,106.0,11.125,0.0,995.433,72.25,80.0
1697803200,2023-10-20 12:00:00,2023-10-20 14:00:00,ringsted,6.35,83.5,11.35,0.0,995.188,71.0,94.1667
1697806800,2023-10-20 13:00:00,2023-10-20 15:00:00,ringsted,6.525,77.5,12.175,0.0,994.375,72.5,86.6667
1697810400,2023-10-20 14:00:00,2023-10-20 16:00:00,ringsted,6.275,62.0,12.35,0.05,993.942,74.25,93.3333
1697814000,2023-10-20 15:00:00,2023-10-20 17:00:00,ringsted,5.8,32.0,13.125,0.225,993.233,76.0,95.0
1697817600,2023-10-20 16:00:00,2023-10-20 18:00:00,ringsted,5.625,7.0,13.575,0.2,992.612,75.25,96.6667
1697821200,2023-10-20 17:00:00,2023-10-20 19:00:00,ringsted,5.5,0.5,13.875,0.325,992.042,74.75,95.0
1697824800,2023-10-20 18:00:00,2023-10-20 20:00:00,ringsted,5.55,0.0,13.875,0.375,991.821,76.75,96.6667
1697828400,2023-10-20 19:00:00,2023-10-20 21:00:00,ringsted,5.7,0.0,13.375,0.425,991.812,79.75,95.0
1697832000,2023-10-20 20:00:00,2023-10-20 22:00:00,ringsted,5.65,0.0,13.5,1.7,991.112,84.0,95.8333
1697835600,2023-10-20 21:00:00,2023-10-20 23:00:00,ringsted,5.8,0.0,13.925,2.45,990.5,86.75,95.8333
1697839200,2023-10-20 22:00:00,2023-10-21 00:00:00,ringsted,6.15,0.0,14.575,2.55,990.037,87.5,98.3333
1697842800,2023-10-20 23:00:00,2023-10-21 01:00:00,ringsted,6.35,0.0,14.475,1.5,990.188,88.25,96.6667
1697846400,2023-10-21 00:00:00,2023-10-21 02:00:00,ringsted,6.6,0.0,13.05,1.825,990.192,90.0,97.5
1697850000,2023-10-21 01:00:00,2023-10-21 03:00:00,ringsted,6.95,0.0,12.175,1.25,990.208,92.25,95.8333
1697853600,2023-10-21 02:00:00,2023-10-21 04:00:00,ringsted,7.4,0.0,10.8,1.275,990.208,93.25,95.0
1697857200,2023-10-21 03:00:00,2023-10-21 05:00:00,ringsted,7.75,0.0,9.2,1.075,990.421,93.0,97.5
1697860800,2023-10-21 04:00:00,2023-10-21 06:00:00,ringsted,7.925,0.0,8.225,0.2,990.55,93.0,96.6667
1697864400,2023-10-21 05:00:00,2023-10-21 07:00:00,ringsted,7.775,0.0,6.925,0.1,990.879,93.25,99.1667
1697868000,2023-10-21 06:00:00,2023-10-21 08:00:00,ringsted,7.775,0.0,6.125,0.025,991.438,93.0,97.5
1697871600,2023-10-21 07:00:00,2023-10-21 09:00:00,ringsted,7.7,7.0,5.5,0.025,992.004,93.5,99.1667
1697875200,2023-10-21 08:00:00,2023-10-21 10:00:00,ringsted,8.025,19.5,4.925,0.025,992.708,94.0,99.1667
1697878800,2023-10-21 09:00:00,2023-10-21 11:00:00,ringsted,8.375,31.5,5.9,0.025,993.183,92.25,99.1667
1697882400,2023-10-21 10:00:00,2023-10-21 12:00:00,ringsted,8.55,42.0,5.5,0.0,993.629,92.25,99.1667
1697886000,2023-10-21 11:00:00,2023-10-21 13:00:00,ringsted,8.65,40.0,5.375,0.025,993.9,92.5,99.1667
1697889600,2023-10-21 12:00:00,2023-10-21 14:00:00,ringsted,8.725,63.0,5.45,0.0,994.267,93.25,98.3333
1697893200,2023-10-21 13:00:00,2023-10-21 15:00:00,ringsted,8.9,50.5,5.5,0.225,994.792,92.75,98.3333
1697896800,2023-10-21 14:00:00,2023-10-21 16:00:00,ringsted,8.9,40.0,5.275,0.425,995.192,93.25,98.3333
1697900400,2023-10-21 15:00:00,2023-10-21 17:00:00,ringsted,8.975,35.0,5.15,0.475,995.675,94.0,98.3333
1697904000,2023-10-21 16:00:00,2023-10-21 18:00:00,ringsted,9.025,6.5,4.75,0.475,996.208,95.25,98.3333
1697907600,2023-10-21 17:00:00,2023-10-21 19:00:00,ringsted,9.175,0.0,4.675,0.1,996.6,95.75,98.3333
1697911200,2023-10-21 18:00:00,2023-10-21 20:00:00,ringsted,9.2,0.0,4.3,0.6,997.167,95.75,95.8333
1697914800,2023-10-21 19:00:00,2023-10-21 21:00:00,ringsted,9.125,0.0,3.525,0.625,997.446,96.5,95.8333
1697918400,2023-10-21 20:00:00,2023-10-21 22:00:00,ringsted,9.15,0.0,2.7,0.4,997.946,97.5,98.3333
1697922000,2023-10-21 21:00:00,2023-10-21 23:00:00,ringsted,9.275,0.0,2.95,0.025,998.496,98.0,98.3333
1697925600,2023-10-21 22:00:00,2023-10-22 00:00:00,ringsted,9.55,0.0,2.75,0.025,998.7,98.25,103.167
1697929200,2023-10-21 23:00:00,2023-10-22 01:00:00,ringsted,9.975,0.0,2.4,0.025,998.842,98.5,99.1667
1697932800,2023-10-22 00:00:00,2023-10-22 02:00:00,ringsted,10.2,0.0,2.375,0.0,998.971,98.75,99.1667
1697936400,2023-10-22 01:00:00,2023-10-22 03:00:00,ringsted,10.475,0.0,2.7,0.05,999.0,98.75,60.5
1697940000,2023-10-22 02:00:00,2023-10-22 04:00:00,ringsted,10.5,0.0,3.225,0.025,999.158,99.0,80.8333
1697943600,2023-10-22 03:00:00,2023-10-22 05:00:00,ringsted,10.275,0.0,3.625,0.05,999.3,99.0,49.1667
1697947200,2023-10-22 04:00:00,2023-10-22 06:00:00,ringsted,9.95,0.0,3.875,0.025,999.246,99.0,50.0
1697950800,2023-10-22 05:00:00,2023-10-22 07:00:00,ringsted,9.5,0.0,3.725,0.025,999.392,99.0,8.33333
1697954400,2023-10-22 06:00:00,2023-10-22 08:00:00,ringsted,9.3,0.0,3.825,0.0,999.783,98.75,0.833333
1697958000,2023-10-22 07:00:00,2023-10-22 09:00:00,ringsted,9.275,32.5,3.55,0.025,1000.09,98.0,0.0
1697961600,2023-10-22 08:00:00,2023-10-22 10:00:00,ringsted,10.075,165.5,3.275,0.0,1000.02,97.0,16.6667
1697965200,2023-10-22 09:00:00,2023-10-22 11:00:00,ringsted,11.575,282.5,3.5,0.025,999.954,91.5,42.0833
1697968800,2023-10-22 10:00:00,2023-10-22 12:00:00,ringsted,12.775,370.5,4.0,0.0,999.829,85.25,1.66667
1697972400,2023-10-22 11:00:00,2023-10-22 13:00:00,ringsted,13.675,394.0,4.25,0.0,999.742,80.5,5.0
1697976000,2023-10-22 12:00:00,2023-10-22 14:00:00,ringsted,14.025,397.0,4.6,0.0,999.829,78.5,21.25
1697979600,2023-10-22 13:00:00,2023-10-22 15:00:00,ringsted,13.775,244.0,4.475,0.0,1000.06,79.25,87.0833
1697983200,2023-10-22 14:00:00,2023-10-22 16:00:00,ringsted,13.15,100.5,4.35,0.025,1000.28,82.25,94.1667
1697986800,2023-10-22 15:00:00,2023-10-22 17:00:00,ringsted,12.25,18.5,4.8,0.35,1000.65,87.75,95.0
1697990400,2023-10-22 16:00:00,2023-10-22 18:00:00,ringsted,11.5,6.0,5.3,0.275,1001.41,92.75,95.8333
1697994000,2023-10-22 17:00:00,2023-10-22 19:00:00,ringsted,11.1,0.0,5.95,0.175,1001.86,94.25,95.0
1697997600,2023-10-22 18:00:00,2023-10-22 20:00:00,ringsted,10.975,0.0,5.2,0.075,1002.47,94.25,95.0
1698001200,2023-10-22 19:00:00,2023-10-22 21:00:00,ringsted,10.95,0.0,4.75,0.0,1003.01,93.5,98.3333
1698004800,2023-10-22 20:00:00,2023-10-22 22:00:00,ringsted,10.8,0.0,4.325,0.0,1003.45,92.5,97.5
1698008400,2023-10-22 21:00:00,2023-10-22 23:00:00,ringsted,10.625,0.0,4.125,0.0,1003.93,91.0,92.5
1698012000,2023-10-22 22:00:00,2023-10-23 00:00:00,ringsted,10.425,0.0,4.25,0.0,1004.42,90.75,64.1667
1698015600,2023-10-22 23:00:00,2023-10-23 01:00:00,ringsted,10.175,0.0,4.025,0.0,1004.83,90.5,53.3333
1698019200,2023-10-23 00:00:00,2023-10-23 02:00:00,ringsted,9.75,0.0,3.425,0.0,1005.2,91.0,2.5
1698022800,2023-10-23 01:00:00,2023-10-23 03:00:00,ringsted,9.125,0.0,3.425,0.0,1005.51,92.5,0.0
1698026400,2023-10-23 02:00:00,2023-10-23 04:00:00,ringsted,8.725,0.0,3.0,0.0,1005.71,94.0,0.0
1698030000,2023-10-23 03:00:00,2023-10-23 05:00:00,ringsted,8.25,0.0,2.725,0.0,1006.07,95.0,15.8333
1698033600,2023-10-23 04:00:00,2023-10-23 06:00:00,ringsted,8.45,0.0,3.075,0.0,1006.2,95.25,49.1667
1698037200,2023-10-23 05:00:00,2023-10-23 07:00:00,ringsted,8.7,0.0,3.275,0.0,1006.5,95.25,62.5
1698040800,2023-10-23 06:00:00,2023-10-23 08:00:00,ringsted,8.575,0.5,3.025,0.0,1006.97,95.5,47.9167
1698044400,2023-10-23 07:00:00,2023-10-23 09:00:00,ringsted,8.75,36.5,3.1,0.0,1007.41,93.5,16.25
1698048000,2023-10-23 08:00:00,2023-10-23 10:00:00,ringsted,9.65,136.5,3.4,0.0,1007.83,90.5,37.0833
1698051600,2023-10-23 09:00:00,2023-10-23 11:00:00,ringsted,10.7,266.0,4.375,0.0,1008.22,85.75,45.8333
1698055200,2023-10-23 10:00:00,2023-10-23 12:00:00,ringsted,11.375,347.5,5.325,0.0,1008.28,79.5,46.6667
1698058800,2023-10-23 11:00:00,2023-10-23 13:00:00,ringsted,11.75,319.5,5.2,0.05,1008.22,77.0,59.0909
1698062400,2023-10-23 12:00:00,2023-10-23 14:00:00,ringsted,12.2,441.5,5.25,0.0,1008.38,74.0,52.5
1698066000,2023-10-23 13:00:00,2023-10-23 15:00:00,ringsted,12.15,301.5,4.95,0.0,1008.44,71.75,48.3333
1698069600,2023-10-23 14:00:00,2023-10-23 16:00:00,ringsted,12.025,203.5,4.025,0.0,1008.49,72.0,67.5
1698073200,2023-10-23 15:00:00,2023-10-23 17:00:00,ringsted,11.6,75.5,3.225,0.0,1008.45,74.75,96.6667
1698076800,2023-10-23 16:00:00,2023-10-23 18:00:00,ringsted,10.9,11.0,2.475,0.0,1008.48,78.0,95.4545
1698080400,2023-10-23 17:00:00,2023-10-23 19:00:00,ringsted,9.825,0.5,2.175,0.0,1008.57,84.25,55.8333
1698084000,2023-10-23 18:00:00,2023-10-23 20:00:00,ringsted,9.25,0.0,1.95,0.0,1008.51,87.5,49.1667
1698087600,2023-10-23 19:00:00,2023-10-23 21:00:00,ringsted,8.25,0.0,1.2,0.0,1008.48,91.5,9.16667
1698091200,2023-10-23 20:00:00,2023-10-23 22:00:00,ringsted,7.025,0.0,1.25,0.0,1008.68,94.5,0.0
1698094800,2023-10-23 21:00:00,2023-10-23 23:00:00,ringsted,6.5,0.0,1.125,0.0,1008.4,96.25,0.0
1698098400,2023-10-23 22:00:00,2023-10-24 00:00:00,ringsted,5.7,0.0,0.525,0.0,1008.33,96.75,5.0
1698102000,2023-10-23 23:00:00,2023-10-24 01:00:00,ringsted,5.125,0.0,0.625,0.0,1008.25,97.75,48.3333
1698105600,2023-10-24 00:00:00,2023-10-24 02:00:00,ringsted,4.825,0.0,0.675,0.0,1008.24,98.5,42.9167
1698109200,2023-10-24 01:00:00,2023-10-24 03:00:00,ringsted,4.4,0.0,0.775,0.0,1007.9,98.75,11.25
1698112800,2023-10-24 02:00:00,2023-10-24 04:00:00,ringsted,4.4,0.0,0.925,0.0,1007.33,98.75,31.6667
1698116400,2023-10-24 03:00:00,2023-10-24 05:00:00,ringsted,5.05,0.0,1.6,0.0,1007.12,99.0,70.0
1698120000,2023-10-24 04:00:00,2023-10-24 06:00:00,ringsted,5.95,0.0,2.025,0.0,1006.47,99.0,76.6667
1698123600,2023-10-24 05:00:00,2023-10-24 07:00:00,ringsted,7.0,0.0,3.325,0.025,1005.9,98.0,57.5
1698127200,2023-10-24 06:00:00,2023-10-24 08:00:00,ringsted,8.175,0.0,3.875,0.025,1005.85,96.5,85.0
1698130800,2023-10-24 07:00:00,2023-10-24 09:00:00,ringsted,8.775,17.5,4.725,0.025,1005.66,95.0,90.0
1698134400,2023-10-24 08:00:00,2023-10-24 10:00:00,ringsted,9.625,64.0,5.725,0.05,1005.41,93.25,88.75
1698138000,2023-10-24 09:00:00,2023-10-24 11:00:00,ringsted,10.175,70.5,6.175,0.0,1005.03,92.0,88.75
1698141600,2023-10-24 10:00:00,2023-10-24 12:00:00,ringsted,10.475,91.0,6.65,0.225,1004.35,90.0,90.0
1698145200,2023-10-24 11:00:00,2023-10-24 13:00:00,ringsted,10.6,89.5,7.225,0.025,1003.74,90.25,91.6667
1698148800,2023-10-24 12:00:00,2023-10-24 14:00:00,ringsted,10.625,58.0,7.8,0.025,1003.05,89.0,92.5
1698152400,2023-10-24 13:00:00,2023-10-24 15:00:00,ringsted,10.6,42.5,8.525,0.0,1002.47,87.75,95.0
1698156000,2023-10-24 14:00:00,2023-10-24 16:00:00,ringsted,10.325,30.5,9.2,0.075,1001.69,87.5,95.8333
1698159600,2023-10-24 15:00:00,2023-10-24 17:00:00,ringsted,10.05,18.0,9.425,0.1,1001.2,88.25,95.8333
1698163200,2023-10-24 16:00:00,2023-10-24 18:00:00,ringsted,9.875,3.0,9.175,0.075,1000.99,86.75,95.0
1698166800,2023-10-24 17:00:00,2023-10-24 19:00:00,ringsted,9.575,0.0,9.2,0.7,1000.68,89.25,95.8333
1698170400,2023-10-24 18:00:00,2023-10-24 20:00:00,ringsted,9.35,0.0,9.0,2.0,1000.22,91.75,99.1667
1698174000,2023-10-24 19:00:00,2023-10-24 21:00:00,ringsted,9.375,0.0,9.0,2.575,999.822,92.25,96.6667
1698177600,2023-10-24 20:00:00,2023-10-24 22:00:00,ringsted,9.5,0.0,9.275,2.25,999.55,93.0,98.3333
1698181200,2023-10-24 21:00:00,2023-10-24 23:00:00,ringsted,9.5,0.0,9.25,1.825,999.162,93.75,96.6667
1698184800,2023-10-24 22:00:00,2023-10-25 00:00:00,ringsted,9.4,0.0,8.6,1.45,998.787,94.0,96.6667
1698188400,2023-10-24 23:00:00,2023-10-25 01:00:00,ringsted,9.425,0.0,8.475,1.475,998.608,94.5,95.0
1698192000,2023-10-25 00:00:00,2023-10-25 02:00:00,ringsted,9.4,0.0,7.9,1.825,998.342,95.0,95.0
1698195600,2023-10-25 01:00:00,2023-10-25 03:00:00,ringsted,9.375,0.0,7.05,1.425,998.142,95.25,97.5
1698199200,2023-10-25 02:00:00,2023-10-25 04:00:00,ringsted,9.475,0.0,6.85,0.475,998.004,95.5,95.8333
1698202800,2023-10-25 03:00:00,2023-10-25 05:00:00,ringsted,9.5,0.0,6.55,0.775,997.862,95.5,96.6667
1698206400,2023-10-25 04:00:00,2023-10-25 06:00:00,ringsted,9.45,0.0,6.4,0.5,997.771,95.5,96.6667
1698210000,2023-10-25 05:00:00,2023-10-25 07:00:00,ringsted,9.3,0.0,6.175,0.05,997.783,95.25,97.5
1698213600,2023-10-25 06:00:00,2023-10-25 08:00:00,ringsted,9.325,0.0,5.8,0.075,998.075,95.25,97.5
1698217200,2023-10-25 07:00:00,2023-10-25 09:00:00,ringsted,9.425,5.5,5.5,0.225,998.208,95.25,99.1667
1698220800,2023-10-25 08:00:00,2023-10-25 10:00:00,ringsted,9.525,23.5,5.325,0.125,998.354,95.25,96.6667
1698224400,2023-10-25 09:00:00,2023-10-25 11:00:00,ringsted,9.8,50.0,5.425,0.125,998.45,95.25,98.3333
1698228000,2023-10-25 10:00:00,2023-10-25 12:00:00,ringsted,9.975,88.0,5.925,0.05,998.358,94.25,97.5
1698231600,2023-10-25 11:00:00,2023-10-25 13:00:00,ringsted,10.125,103.0,5.725,0.0,998.062,93.75,95.0
1698235200,2023-10-25 12:00:00,2023-10-25 14:00:00,ringsted,10.125,95.0,5.55,0.025,997.875,92.5,83.3333
1698238800,2023-10-25 13:00:00,2023-10-25 15:00:00,ringsted,9.975,134.0,5.35,0.25,997.65,92.75,94.1667
1698242400,2023-10-25 14:00:00,2023-10-25 16:00:00,ringsted,9.825,46.5,4.9,0.2,997.283,94.0,95.0
1698246000,2023-10-25 15:00:00,2023-10-25 17:00:00,ringsted,9.625,29.0,5.25,0.275,997.033,94.5,89.1667
1698249600,2023-10-25 16:00:00,2023-10-25 18:00:00,ringsted,9.5,8.0,5.625,0.075,996.858,94.25,95.0
1698253200,2023-10-25 17:00:00,2023-10-25 19:00:00,ringsted,9.25,0.0,5.75,0.175,996.767,94.5,98.3333
1698256800,2023-10-25 18:00:00,2023-10-25 20:00:00,ringsted,9.1,0.0,5.675,0.05,996.704,94.5,98.3333
1698260400,2023-10-25 19:00:00,2023-10-25 21:00:00,ringsted,9.0,0.0,5.875,0.05,996.487,94.25,97.5
1698264000,2023-10-25 20:00:00,2023-10-25 22:00:00,ringsted,8.875,0.0,6.4,0.3,996.258,94.25,96.6667
1698267600,2023-10-25 21:00:00,2023-10-25 23:00:00,ringsted,8.65,0.0,6.65,0.05,995.967,94.5,98.3333
1698271200,2023-10-25 22:00:00,2023-10-26 00:00:00,ringsted,8.65,0.0,7.175,0.0,995.846,93.5,98.3333
1698274800,2023-10-25 23:00:00,2023-10-26 01:00:00,ringsted,8.55,0.0,6.925,0.0,995.633,93.0,98.3333
1698278400,2023-10-26 00:00:00,2023-10-26 02:00:00,ringsted,8.4,0.0,6.8,0.0,995.55,92.25,98.3333
1698282000,2023-10-26 01:00:00,2023-10-26 03:00:00,ringsted,8.125,0.0,6.575,0.0,995.496,92.75,98.3333
1698285600,2023-10-26 02:00:00,2023-10-26 04:00:00,ringsted,7.95,0.0,6.25,0.0,995.354,92.5,98.3333
1698289200,2023-10-26 03:00:00,2023-10-26 05:00:00,ringsted,7.8,0.0,5.925,0.0,995.058,91.75,99.1667
1698292800,2023-10-26 04:00:00,2023-10-26 06:00:00,ringsted,7.6,0.0,6.0,0.025,994.721,92.0,99.1667
1698296400,2023-10-26 05:00:00,2023-10-26 07:00:00,ringsted,7.45,0.0,5.55,0.0,994.729,92.5,99.1667
1698300000,2023-10-26 06:00:00,2023-10-26 08:00:00,ringsted,7.375,0.0,5.325,0.025,994.963,92.5,99.1667
1698303600,2023-10-26 07:00:00,2023-10-26 09:00:00,ringsted,7.325,9.5,4.875,0.0,995.096,92.0,99.1667
1698307200,2023-10-26 08:00:00,2023-10-26 10:00:00,ringsted,7.4,29.0,4.9,0.0,995.158,91.25,99.1667
1698310800,2023-10-26 09:00:00,2023-10-26 11:00:00,ringsted,7.425,45.0,5.15,0.025,995.246,91.5,99.1667
1698314400,2023-10-26 10:00:00,2023-10-26 12:00:00,ringsted,7.55,61.5,5.15,0.025,995.196,90.5,99.1667
1698318000,2023-10-26 11:00:00,2023-10-26 13:00:00,ringsted,7.65,68.5,5.175,0.0,995.062,89.0,99.1667
1698321600,2023-10-26 12:00:00,2023-10-26 14:00:00,ringsted,7.725,83.0,4.65,0.1,995.067,88.25,98.3333
1698325200,2023-10-26 13:00:00,2023-10-26 15:00:00,ringsted,7.675,65.5,4.625,0.15,995.021,88.5,97.5
1698328800,2023-10-26 14:00:00,2023-10-26 16:00:00,ringsted,7.575,37.5,4.075,0.2,994.963,89.5,95.0
1698332400,2023-10-26 15:00:00,2023-10-26 17:00:00,ringsted,7.425,22.5,3.8,0.0,994.967,89.5,98.3333
1698336000,2023-10-26 16:00:00,2023-10-26 18:00:00,ringsted,7.225,3.0,3.225,0.075,995.067,90.0,98.3333
1698339600,2023-10-26 17:00:00,2023-10-26 19:00:00,ringsted,7.025,0.0,2.9,0.375,994.946,91.5,97.5
1698343200,2023-10-26 18:00:00,2023-10-26 20:00:00,ringsted,6.875,0.0,2.875,0.425,994.688,92.5,97.5
1698346800,2023-10-26 19:00:00,2023-10-26 21:00:00,ringsted,6.8,0.0,3.125,0.075,994.758,93.0,94.1667
1698350400,2023-10-26 20:00:00,2023-10-26 22:00:00,ringsted,6.775,0.0,2.975,0.05,994.85,92.75,94.1667
1698354000,2023-10-26 21:00:00,2023-10-26 23:00:00,ringsted,6.725,0.0,2.8,0.2,994.758,92.25,92.5
1698357600,2023-10-26 22:00:00,2023-10-27 00:00:00,ringsted,6.6,0.0,3.025,0.1,994.671,92.0,94.1667
1698361200,2023-10-26 23:00:00,2023-10-27 01:00:00,ringsted,6.525,0.0,3.1,0.025,994.533,90.5,91.6667
1698364800,2023-10-27 00:00:00,2023-10-27 02:00:00,ringsted,6.4,0.0,3.15,0.0,994.242,90.25,94.1667
1698368400,2023-10-27 01:00:00,2023-10-27 03:00:00,ringsted,6.25,0.0,3.025,0.0,993.979,89.75,97.5
1698372000,2023-10-27 02:00:00,2023-10-27 04:00:00,ringsted,6.075,0.0,3.1,0.0,993.525,89.25,91.6667
1698375600,2023-10-27 03:00:00,2023-10-27 05:00:00,ringsted,5.9,0.0,3.35,0.0,993.233,89.25,94.1667
1698379200,2023-10-27 04:00:00,2023-10-27 06:00:00,ringsted,5.875,0.0,3.35,0.0,993.217,89.0,87.5
1698382800,2023-10-27 05:00:00,2023-10-27 07:00:00,ringsted,5.9,0.0,3.675,0.0,993.258,89.0,95.0
1698386400,2023-10-27 06:00:00,2023-10-27 08:00:00,ringsted,5.85,0.0,3.675,0.0,993.592,89.25,99.1667
1698390000,2023-10-27 07:00:00,2023-10-27 09:00:00,ringsted,5.875,7.5,3.625,0.0,993.8,89.25,93.3333
1698393600,2023-10-27 08:00:00,2023-10-27 10:00:00,ringsted,6.075,41.0,4.25,0.0,993.854,89.25,97.5
1698397200,2023-10-27 09:00:00,2023-10-27 11:00:00,ringsted,6.375,88.5,4.425,0.0,993.862,87.75,97.5
1698400800,2023-10-27 10:00:00,2023-10-27 12:00:00,ringsted,6.725,112.5,5.15,0.0,993.562,84.5,89.5833
1698404400,2023-10-27 11:00:00,2023-10-27 13:00:00,ringsted,7.075,158.0,5.375,0.0,993.4,82.25,93.3333
1698408000,2023-10-27 12:00:00,2023-10-27 14:00:00,ringsted,7.225,120.0,4.825,0.0,993.537,81.5,96.6667
1698411600,2023-10-27 13:00:00,2023-10-27 15:00:00,ringsted,7.1,73.0,4.525,0.0,993.75,81.5,98.3333
1698415200,2023-10-27 14:00:00,2023-10-27 16:00:00,ringsted,6.925,44.5,4.1,0.0,993.867,82.5,95.0
1698418800,2023-10-27 15:00:00,2023-10-27 17:00:00,ringsted,6.775,28.0,3.825,0.0,993.883,82.75,98.3333
1698422400,2023-10-27 16:00:00,2023-10-27 18:00:00,ringsted,6.525,5.5,3.9,0.0,994.025,83.75,96.6667
1698426000,2023-10-27 17:00:00,2023-10-27 19:00:00,ringsted,6.275,0.0,3.675,0.0,994.312,84.5,95.0
1698429600,2023-10-27 18:00:00,2023-10-27 20:00:00,ringsted,6.125,0.0,3.475,0.0,994.575,86.75,96.6667
1698433200,2023-10-27 19:00:00,2023-10-27 21:00:00,ringsted,5.975,0.0,3.65,0.0,994.888,86.5,96.6667
1698436800,2023-10-27 20:00:00,2023-10-27 22:00:00,ringsted,5.75,0.0,3.6,0.0,995.025,87.5,99.1667
1698440400,2023-10-27 21:00:00,2023-10-27 23:00:00,ringsted,5.6,0.0,3.275,0.0,995.146,89.0,99.1667
1698444000,2023-10-27 22:00:00,2023-10-28 00:00:00,ringsted,5.6,0.0,3.5,0.0,995.258,88.5,98.3333
1698447600,2023-10-27 23:00:00,2023-10-28 01:00:00,ringsted,5.525,0.0,3.55,0.0,995.35,89.25,96.6667
1698451200,2023-10-28 00:00:00,2023-10-28 02:00:00,ringsted,5.425,0.0,3.675,0.0,995.354,91.25,99.1667
1698454800,2023-10-28 01:00:00,2023-10-28 03:00:00,ringsted,5.4,0.0,3.75,0.0,995.454,93.0,99.1667
1698458400,2023-10-28 02:00:00,2023-10-28 04:00:00,ringsted,5.35,0.0,3.525,0.025,995.358,94.5,96.6667
1698462000,2023-10-28 03:00:00,2023-10-28 05:00:00,ringsted,5.475,0.0,4.175,0.0,995.5,92.75,98.3333
1698465600,2023-10-28 04:00:00,2023-10-28 06:00:00,ringsted,5.5,0.0,4.6,0.0,995.779,90.0,98.3333
1698469200,2023-10-28 05:00:00,2023-10-28 07:00:00,ringsted,5.475,0.0,4.35,0.0,995.888,88.5,96.6667
1698472800,2023-10-28 06:00:00,2023-10-28 08:00:00,ringsted,5.325,0.0,4.4,0.0,996.329,88.5,96.6667
1698476400,2023-10-28 07:00:00,2023-10-28 09:00:00,ringsted,5.45,5.5,4.175,0.0,996.796,88.5,96.6667
1698480000,2023-10-28 08:00:00,2023-10-28 10:00:00,ringsted,5.8,31.0,4.25,0.0,997.225,88.75,95.0
1698483600,2023-10-28 09:00:00,2023-10-28 11:00:00,ringsted,6.3,72.0,4.575,0.0,997.562,88.0,96.6667
1698487200,2023-10-28 10:00:00,2023-10-28 12:00:00,ringsted,6.75,87.5,5.025,0.0,997.871,86.25,98.3333
1698490800,2023-10-28 11:00:00,2023-10-28 13:00:00,ringsted,6.9,61.5,5.35,0.0,997.963,85.0,97.5
1698494400,2023-10-28 12:00:00,2023-10-28 14:00:00,ringsted,7.025,93.5,5.45,0.0,997.929,85.75,97.5
1698498000,2023-10-28 13:00:00,2023-10-28 15:00:00,ringsted,7.25,91.0,5.95,0.0,998.013,85.0,98.3333
1698501600,2023-10-28 14:00:00,2023-10-28 16:00:00,ringsted,7.175,54.5,5.525,0.0,998.088,86.0,98.3333
1698505200,2023-10-28 15:00:00,2023-10-28 17:00:00,ringsted,7.1,22.0,5.15,0.0,998.013,88.5,98.3333
1698508800,2023-10-28 16:00:00,2023-10-28 18:00:00,ringsted,7.1,3.5,5.35,0.0,998.142,89.25,98.3333
1698512400,2023-10-28 17:00:00,2023-10-28 19:00:00,ringsted,7.325,0.0,5.425,0.0,998.35,88.25,99.1667
1698516000,2023-10-28 18:00:00,2023-10-28 20:00:00,ringsted,7.5,0.0,5.35,0.0,998.308,88.25,98.3333
1698519600,2023-10-28 19:00:00,2023-10-28 21:00:00,ringsted,7.55,0.0,5.275,0.0,998.429,88.75,99.1667
1698523200,2023-10-28 20:00:00,2023-10-28 22:00:00,ringsted,7.675,0.0,5.3,0.0,998.579,87.5,99.1667
1698526800,2023-10-28 21:00:00,2023-10-28 23:00:00,ringsted,7.85,0.0,5.5,0.05,998.562,87.25,97.5
1698530400,2023-10-28 22:00:00,2023-10-29 00:00:00,ringsted,7.675,0.0,5.85,0.075,998.508,89.5,96.6667
1698534000,2023-10-28 23:00:00,2023-10-29 01:00:00,ringsted,7.775,0.0,5.575,0.325,998.004,89.5,99.1667
1698537600,2023-10-29 00:00:00,2023-10-29 02:00:00,ringsted,7.825,0.0,5.75,0.3,997.192,89.5,97.5
1698541200,2023-10-29 01:00:00,2023-10-29 02:00:00,ringsted,7.875,0.0,6.45,0.0,996.558,88.5,98.3333
1698544800,2023-10-29 02:00:00,2023-10-29 03:00:00,ringsted,7.875,0.0,6.15,0.025,995.733,90.75,98.3333
1698548400,2023-10-29 03:00:00,2023-10-29 04:00:00,ringsted,8.225,0.0,6.4,0.0,995.583,91.5,98.3333
1698552000,2023-10-29 04:00:00,2023-10-29 05:00:00,ringsted,8.5,0.0,6.7,0.075,994.342,94.0,98.3333
1698555600,2023-10-29 05:00:00,2023-10-29 06:00:00,ringsted,8.7,0.0,7.075,0.05,993.179,95.75,98.3333
1698559200,2023-10-29 06:00:00,2023-10-29 07:00:00,ringsted,8.85,0.0,7.4,0.05,992.308,95.5,97.5
1698562800,2023-10-29 07:00:00,2023-10-29 08:00:00,ringsted,8.975,1.5,7.7,1.2,991.425,96.0,98.3333
1698566400,2023-10-29 08:00:00,2023-10-29 09:00:00,ringsted,9.225,13.0,7.775,1.95,990.1,96.0,96.6667
1698570000,2023-10-29 09:00:00,2023-10-29 10:00:00,ringsted,9.425,19.0,7.875,3.475,989.162,96.25,95.0
1698573600,2023-10-29 10:00:00,2023-10-29 11:00:00,ringsted,9.625,17.5,7.075,4.275,988.579,96.75,93.3333
1698577200,2023-10-29 11:00:00,2023-10-29 12:00:00,ringsted,10.525,98.5,5.825,0.825,988.267,96.25,70.8333
1698580800,2023-10-29 12:00:00,2023-10-29 13:00:00,ringsted,12.1,217.5,5.75,0.025,988.296,91.75,83.3333
1698584400,2023-10-29 13:00:00,2023-10-29 14:00:00,ringsted,13.175,189.0,6.3,1.925,988.338,86.75,59.1667
1698588000,2023-10-29 14:00:00,2023-10-29 15:00:00,ringsted,13.15,156.0,5.9,0.275,988.629,84.5,16.6667
1698591600,2023-10-29 15:00:00,2023-10-29 16:00:00,ringsted,12.7,81.5,4.275,0.0,988.933,82.75,6.66667
1698595200,2023-10-29 16:00:00,2023-10-29 17:00:00,ringsted,11.475,11.0,3.45,0.0,989.229,87.0,67.9167
1698598800,2023-10-29 17:00:00,2023-10-29 18:00:00,ringsted,10.9,0.0,3.025,0.0,989.287,88.5,87.5
1698602400,2023-10-29 18:00:00,2023-10-29 19:00:00,ringsted,10.3,0.0,2.575,0.15,989.079,90.25,87.0833
1698606000,2023-10-29 19:00:00,2023-10-29 20:00:00,ringsted,10.625,0.0,3.0,0.275,988.967,91.0,90.0
1698609600,2023-10-29 20:00:00,2023-10-29 21:00:00,ringsted,10.575,0.0,2.425,0.0,989.075,91.0,91.6667
1698613200,2023-10-29 21:00:00,2023-10-29 22:00:00,ringsted,10.6,0.0,2.95,0.45,989.233,91.0,94.1667
1698616800,2023-10-29 22:00:00,2023-10-29 23:00:00,ringsted,10.4,0.0,3.2,0.525,989.458,89.0,90.0
1698620400,2023-10-29 23:00:00,2023-10-30 00:00:00,ringsted,10.15,0.0,2.9,0.125,989.629,93.25,88.75
1698624000,2023-10-30 00:00:00,2023-10-30 01:00:00,ringsted,9.85,0.0,3.375,0.175,989.825,95.0,87.0833
1698627600,2023-10-30 01:00:00,2023-10-30 02:00:00,ringsted,9.775,0.0,4.175,0.35,990.242,94.25,88.3333
1698631200,2023-10-30 02:00:00,2023-10-30 03:00:00,ringsted,10.075,0.0,4.725,0.025,990.396,93.0,90.8333
1698634800,2023-10-30 03:00:00,2023-10-30 04:00:00,ringsted,10.275,0.0,5.2,0.1,990.8,92.5,90.0
1698638400,2023-10-30 04:00:00,2023-10-30 05:00:00,ringsted,10.375,0.0,5.425,0.05,991.475,93.5,85.0
1698642000,2023-10-30 05:00:00,2023-10-30 06:00:00,ringsted,10.55,0.0,5.625,0.075,992.188,92.75,71.6667
1698645600,2023-10-30 06:00:00,2023-10-30 07:00:00,ringsted,10.6,0.0,5.95,0.0,993.0,90.75,90.8333
1698649200,2023-10-30 07:00:00,2023-10-30 08:00:00,ringsted,10.4,5.0,5.55,0.0,993.55,89.0,75.8333
1698652800,2023-10-30 08:00:00,2023-10-30 09:00:00,ringsted,10.475,100.0,5.575,0.0,993.883,87.75,51.6667
1698656400,2023-10-30 09:00:00,2023-10-30 10:00:00,ringsted,11.05,202.5,6.125,0.0,994.317,85.25,48.75
1698660000,2023-10-30 10:00:00,2023-10-30 11:00:00,ringsted,11.75,265.5,6.65,0.0,994.608,83.0,53.75
1698663600,2023-10-30 11:00:00,2023-10-30 12:00:00,ringsted,12.225,304.0,6.425,0.0,994.758,81.75,32.9167
1698667200,2023-10-30 12:00:00,2023-10-30 13:00:00,ringsted,12.55,322.0,6.5,0.025,994.542,80.75,10.8333
1698670800,2023-10-30 13:00:00,2023-10-30 14:00:00,ringsted,12.85,296.5,6.375,0.0,994.412,78.5,12.5
1698674400,2023-10-30 14:00:00,2023-10-30 15:00:00,ringsted,12.675,206.5,6.25,0.0,994.487,78.5,7.5
1698678000,2023-10-30 15:00:00,2023-10-30 16:00:00,ringsted,12.15,91.0,5.55,0.0,994.513,79.5,0.833333
1698681600,2023-10-30 16:00:00,2023-10-30 17:00:00,ringsted,11.275,16.0,4.3,0.0,994.7,83.5,18.3333
1698685200,2023-10-30 17:00:00,2023-10-30 18:00:00,ringsted,10.45,0.0,3.65,0.0,994.742,87.25,5.0
1698688800,2023-10-30 18:00:00,2023-10-30 19:00:00,ringsted,9.875,0.0,3.5,0.0,994.438,89.75,27.0833
1698692400,2023-10-30 19:00:00,2023-10-30 20:00:00,ringsted,9.5,0.0,3.05,0.0,994.621,91.0,18.75
1698696000,2023-10-30 20:00:00,2023-10-30 21:00:00,ringsted,9.35,0.0,2.825,0.0,994.617,92.0,23.75
1698699600,2023-10-30 21:00:00,2023-10-30 22:00:00,ringsted,9.175,0.0,2.525,0.0,994.312,93.0,78.75
1698703200,2023-10-30 22:00:00,2023-10-30 23:00:00,ringsted,9.275,0.0,1.975,0.0,993.812,94.0,66.6667
1698706800,2023-10-30 23:00:00,2023-10-31 00:00:00,ringsted,9.05,0.0,1.725,0.0,993.188,95.25,95.4167
1698710400,2023-10-31 00:00:00,2023-10-31 01:00:00,ringsted,9.025,0.0,1.075,0.05,992.417,95.25,96.6667
1698714000,2023-10-31 01:00:00,2023-10-31 02:00:00,ringsted,8.95,0.0,0.95,0.3,991.55,96.25,98.3333
1698717600,2023-10-31 02:00:00,2023-10-31 03:00:00,ringsted,9.025,0.0,0.925,0.425,990.537,97.0,98.3333
1698721200,2023-10-31 03:00:00,2023-10-31 04:00:00,ringsted,9.2,0.0,1.175,1.25,989.883,98.0,98.3333
1698724800,2023-10-31 04:00:00,2023-10-31 05:00:00,ringsted,9.5,0.0,1.8,2.3,989.35,98.25,97.5
1698728400,2023-10-31 05:00:00,2023-10-31 06:00:00,ringsted,9.625,0.0,1.575,3.3,988.579,98.5,99.1667
1698732000,2023-10-31 06:00:00,2023-10-31 07:00:00,ringsted,9.625,0.0,2.3,1.9,988.042,98.25,99.1667
1698735600,2023-10-31 07:00:00,2023-10-31 08:00:00,ringsted,9.6,1.0,2.8,1.775,987.625,98.0,95.0
1698739200,2023-10-31 08:00:00,2023-10-31 09:00:00,ringsted,9.625,6.0,2.8,1.975,987.338,98.0,95.8333
1698742800,2023-10-31 09:00:00,2023-10-31 10:00:00,ringsted,9.375,24.0,4.025,2.2,987.292,97.75,99.1667
1698746400,2023-10-31 10:00:00,2023-10-31 11:00:00,ringsted,8.475,42.5,5.975,0.85,987.304,97.0,96.6667
1698750000,2023-10-31 11:00:00,2023-10-31 12:00:00,ringsted,7.6,44.0,6.3,0.5,987.517,96.25,98.3333
1698753600,2023-10-31 12:00:00,2023-10-31 13:00:00,ringsted,7.2,53.0,6.725,0.875,988.017,96.25,99.0
1698757200,2023-10-31 13:00:00,2023-10-31 14:00:00,ringsted,6.725,26.5,7.3,0.9,989.617,95.25,96.6667
1698760800,2023-10-31 14:00:00,2023-10-31 15:00:00,ringsted,5.925,22.0,6.95,1.0,991.037,93.5,97.5
1698764400,2023-10-31 15:00:00,2023-10-31 16:00:00,ringsted,5.575,9.5,6.225,0.725,992.358,93.0,95.8333
1698768000,2023-10-31 16:00:00,2023-10-31 17:00:00,ringsted,5.275,8.5,6.275,0.525,993.513,91.25,95.8333
1698771600,2023-10-31 17:00:00,2023-10-31 18:00:00,ringsted,4.975,0.0,5.85,0.0,994.517,87.75,95.0
1698775200,2023-10-31 18:00:00,2023-10-31 19:00:00,ringsted,4.675,0.0,5.625,0.0,995.492,86.0,98.3333
1698778800,2023-10-31 19:00:00,2023-10-31 20:00:00,ringsted,4.475,0.0,5.35,0.0,996.513,84.0,98.3333
1698782400,2023-10-31 20:00:00,2023-10-31 21:00:00,ringsted,4.375,0.0,5.05,0.0,997.513,82.25,98.3333
1698786000,2023-10-31 21:00:00,2023-10-31 22:00:00,ringsted,4.225,0.0,4.925,0.0,998.304,83.0,97.5
1698789600,2023-10-31 22:00:00,2023-10-31 23:00:00,ringsted,4.1,0.0,4.25,0.0,998.883,84.0,95.8333
1698793200,2023-10-31 23:00:00,2023-11-01 00:00:00,ringsted,4.075,0.0,4.6,0.0,999.308,82.0,91.25
1698796800,2023-11-01 00:00:00,2023-11-01 01:00:00,ringsted,3.9,0.0,4.125,0.0,999.742,81.25,80.4167
1698800400,2023-11-01 01:00:00,2023-11-01 02:00:00,ringsted,3.6,0.0,3.675,0.0,1000.19,82.25,73.3333
1698804000,2023-11-01 02:00:00,2023-11-01 03:00:00,ringsted,3.425,0.0,3.15,0.0,1000.47,82.0,80.4167
1698807600,2023-11-01 03:00:00,2023-11-01 04:00:00,ringsted,3.225,0.0,2.65,0.0,1000.68,82.0,72.0833
1698811200,2023-11-01 04:00:00,2023-11-01 05:00:00,ringsted,3.0,0.0,2.175,0.0,1000.93,82.5,51.6667
1698814800,2023-11-01 05:00:00,2023-11-01 06:00:00,ringsted,2.2,0.0,1.525,0.0,1000.98,85.75,40.4167
1698818400,2023-11-01 06:00:00,2023-11-01 07:00:00,ringsted,1.15,0.0,0.95,0.0,1001.33,90.0,2.08333
1698822000,2023-11-01 07:00:00,2023-11-01 08:00:00,ringsted,0.4,19.0,0.55,0.0,1001.51,93.0,0.0
1698825600,2023-11-01 08:00:00,2023-11-01 09:00:00,ringsted,1.45,123.0,0.925,0.0,1001.45,91.5,16.6667
1698829200,2023-11-01 09:00:00,2023-11-01 10:00:00,ringsted,3.875,189.0,1.325,0.0,1001.37,82.0,56.25
1698832800,2023-11-01 10:00:00,2023-11-01 11:00:00,ringsted,4.95,200.5,2.625,0.025,1000.97,74.5,57.0833
1698836400,2023-11-01 11:00:00,2023-11-01 12:00:00,ringsted,5.325,157.0,3.5,0.075,1000.07,76.0,92.5
1698840000,2023-11-01 12:00:00,2023-11-01 13:00:00,ringsted,5.875,176.0,4.475,0.0,999.454,76.0,63.75
1698843600,2023-11-01 13:00:00,2023-11-01 14:00:00,ringsted,6.45,117.5,4.95,0.0,998.625,78.5,97.5
1698847200,2023-11-01 14:00:00,2023-11-01 15:00:00,ringsted,6.725,55.5,5.575,0.0,997.746,82.25,95.8333
1698850800,2023-11-01 15:00:00,2023-11-01 16:00:00,ringsted,6.725,16.0,5.975,0.0,996.862,84.75,97.5
1698854400,2023-11-01 16:00:00,2023-11-01 17:00:00,ringsted,6.85,2.5,5.7,0.05,996.217,87.25,98.3333
1698858000,2023-11-01 17:00:00,2023-11-01 18:00:00,ringsted,7.175,0.0,5.975,0.325,995.688,93.25,98.3333
1698861600,2023-11-01 18:00:00,2023-11-01 19:00:00,ringsted,7.725,0.0,5.475,0.575,995.05,96.25,97.5
1698865200,2023-11-01 19:00:00,2023-11-01 20:00:00,ringsted,8.475,0.0,5.1,0.25,994.517,97.25,98.3333
1698868800,2023-11-01 20:00:00,2023-11-01 21:00:00,ringsted,9.225,0.0,4.65,0.05,993.867,97.0,95.0
1698872400,2023-11-01 21:00:00,2023-11-01 22:00:00,ringsted,9.675,0.0,4.125,0.025,993.096,96.75,84.1667
1698876000,2023-11-01 22:00:00,2023-11-01 23:00:00,ringsted,9.825,0.0,4.025,0.025,992.588,96.5,90.0
1698879600,2023-11-01 23:00:00,2023-11-02 00:00:00,ringsted,9.925,0.0,4.05,0.05,992.013,96.25,76.6667
1698883200,2023-11-02 00:00:00,2023-11-02 01:00:00,ringsted,9.925,0.0,3.9,0.025,991.438,95.0,46.6667
1698886800,2023-11-02 01:00:00,2023-11-02 02:00:00,ringsted,9.825,0.0,3.9,0.0,990.933,94.5,55.8333
1698890400,2023-11-02 02:00:00,2023-11-02 03:00:00,ringsted,9.6,0.0,3.55,0.025,990.438,94.0,90.8333
1698894000,2023-11-02 03:00:00,2023-11-02 04:00:00,ringsted,9.525,0.0,3.55,0.0,990.008,93.5,87.9167
1698897600,2023-11-02 04:00:00,2023-11-02 05:00:00,ringsted,9.5,0.0,3.225,0.0,989.604,93.25,65.0
1698901200,2023-11-02 05:00:00,2023-11-02 06:00:00,ringsted,9.275,0.0,3.45,0.025,988.817,93.75,43.75
1698904800,2023-11-02 06:00:00,2023-11-02 07:00:00,ringsted,9.075,0.0,3.425,0.0,988.204,94.25,45.0
1698908400,2023-11-02 07:00:00,2023-11-02 08:00:00,ringsted,9.3,14.0,3.625,0.0,987.542,94.0,33.3333
1698912000,2023-11-02 08:00:00,2023-11-02 09:00:00,ringsted,9.525,75.0,4.2,0.0,986.767,93.0,16.25
1698915600,2023-11-02 09:00:00,2023-11-02 10:00:00,ringsted,10.025,155.0,5.225,0.0,985.65,90.5,10.4167
1698919200,2023-11-02 10:00:00,2023-11-02 11:00:00,ringsted,10.4,185.0,5.85,0.0,985.192,87.75,25.4167
1698922800,2023-11-02 11:00:00,2023-11-02 12:00:00,ringsted,10.475,115.5,6.2,0.0,983.933,85.75,82.5
1698926400,2023-11-02 12:00:00,2023-11-02 13:00:00,ringsted,10.525,99.5,6.6,0.1,983.196,85.25,93.3333
1698930000,2023-11-02 13:00:00,2023-11-02 14:00:00,ringsted,10.475,47.0,6.55,0.0,982.208,85.0,95.0
1698933600,2023-11-02 14:00:00,2023-11-02 15:00:00,ringsted,10.675,32.0,7.275,0.0,981.304,82.75,95.0
1698937200,2023-11-02 15:00:00,2023-11-02 16:00:00,ringsted,10.975,14.5,7.875,0.0,980.625,80.25,95.0
1698940800,2023-11-02 16:00:00,2023-11-02 17:00:00,ringsted,11.2,2.5,7.725,0.0,980.579,78.75,95.8333
1698944400,2023-11-02 17:00:00,2023-11-02 18:00:00,ringsted,11.225,0.0,7.45,0.0,980.617,80.0,95.0
1698948000,2023-11-02 18:00:00,2023-11-02 19:00:00,ringsted,11.2,0.0,7.375,0.025,980.721,80.0,96.6667
1698951600,2023-11-02 19:00:00,2023-11-02 20:00:00,ringsted,11.05,0.0,7.0,0.025,980.775,82.5,95.0
1698955200,2023-11-02 20:00:00,2023-11-02 21:00:00,ringsted,10.8,0.0,6.75,0.05,980.679,85.25,90.0
1698958800,2023-11-02 21:00:00,2023-11-02 22:00:00,ringsted,10.525,0.0,6.7,0.0,980.554,88.25,83.3333
1698962400,2023-11-02 22:00:00,2023-11-02 23:00:00,ringsted,10.3,0.0,5.6,0.025,980.146,90.75,94.1667
1698966000,2023-11-02 23:00:00,2023-11-03 00:00:00,ringsted,10.15,0.0,5.1,0.175,979.329,92.25,90.8333
1698969600,2023-11-03 00:00:00,2023-11-03 01:00:00,ringsted,9.95,0.0,4.875,0.05,979.342,92.25,85.0
1698973200,2023-11-03 01:00:00,2023-11-03 02:00:00,ringsted,9.925,0.0,4.475,0.0,978.979,92.5,95.0
1698976800,2023-11-03 02:00:00,2023-11-03 03:00:00,ringsted,9.9,0.0,3.95,0.0,979.017,92.0,96.6667
1698980400,2023-11-03 03:00:00,2023-11-03 04:00:00,ringsted,9.875,0.0,4.125,0.225,978.304,92.25,91.6667
1698984000,2023-11-03 04:00:00,2023-11-03 05:00:00,ringsted,9.55,0.0,3.6,0.05,978.058,92.25,69.1667
1698987600,2023-11-03 05:00:00,2023-11-03 06:00:00,ringsted,9.275,0.0,4.35,0.0,977.933,94.0,45.0
1698991200,2023-11-03 06:00:00,2023-11-03 07:00:00,ringsted,9.175,0.0,4.225,0.0,978.1,94.75,46.6667
1698994800,2023-11-03 07:00:00,2023-11-03 08:00:00,ringsted,8.875,8.0,3.6,0.0,978.354,94.75,28.3333
1698998400,2023-11-03 08:00:00,2023-11-03 09:00:00,ringsted,8.875,77.0,3.4,0.0,978.883,93.5,3.33333
1699002000,2023-11-03 09:00:00,2023-11-03 10:00:00,ringsted,9.8,208.0,4.375,0.0,978.942,85.75,5.83333
1699005600,2023-11-03 10:00:00,2023-11-03 11:00:00,ringsted,10.45,270.0,5.025,0.0,978.946,78.75,45.0
1699009200,2023-11-03 11:00:00,2023-11-03 12:00:00,ringsted,10.675,237.0,5.4,0.0,979.075,76.25,55.4167
1699012800,2023-11-03 12:00:00,2023-11-03 13:00:00,ringsted,10.65,208.5,5.475,0.0,979.458,75.5,67.5
1699016400,2023-11-03 13:00:00,2023-11-03 14:00:00,ringsted,10.375,124.5,5.575,0.0,979.783,76.0,97.5
1699020000,2023-11-03 14:00:00,2023-11-03 15:00:00,ringsted,10.1,52.5,4.825,0.0,980.237,76.75,97.5
1699023600,2023-11-03 15:00:00,2023-11-03 16:00:00,ringsted,9.975,24.5,4.225,0.0,980.429,78.0,96.6667
1699027200,2023-11-03 16:00:00,2023-11-03 17:00:00,ringsted,9.7,1.5,3.55,0.0,980.992,81.25,97.5
1699030800,2023-11-03 17:00:00,2023-11-03 18:00:00,ringsted,9.525,0.0,3.3,0.0,981.367,83.25,99.1667
1699034400,2023-11-03 18:00:00,2023-11-03 19:00:00,ringsted,9.55,0.0,3.45,0.0,980.875,83.75,99.1667
1699038000,2023-11-03 19:00:00,2023-11-03 20:00:00,ringsted,9.325,0.0,2.675,0.0,981.213,86.0,95.8333
1699041600,2023-11-03 20:00:00,2023-11-03 21:00:00,ringsted,9.1,0.0,2.525,0.0,981.558,88.0,95.0
1699045200,2023-11-03 21:00:00,2023-11-03 22:00:00,ringsted,8.875,0.0,2.675,0.0,981.308,89.5,51.6667
1699048800,2023-11-03 22:00:00,2023-11-03 23:00:00,ringsted,8.2,0.0,2.425,0.0,981.442,91.25,43.75
1699052400,2023-11-03 23:00:00,2023-11-04 00:00:00,ringsted,7.75,0.0,2.275,0.0,981.246,92.25,42.5
1699056000,2023-11-04 00:00:00,2023-11-04 01:00:00,ringsted,7.025,0.0,2.2,0.0,980.992,93.75,45.0
1699059600,2023-11-04 01:00:00,2023-11-04 02:00:00,ringsted,6.8,0.0,2.125,0.0,981.067,94.5,47.5
1699063200,2023-11-04 02:00:00,2023-11-04 03:00:00,ringsted,6.6,0.0,2.6,0.0,981.025,95.0,45.0
1699066800,2023-11-04 03:00:00,2023-11-04 04:00:00,ringsted,7.225,0.0,3.4,0.0,980.792,93.5,71.6667
1699070400,2023-11-04 04:00:00,2023-11-04 05:00:00,ringsted,7.55,0.0,3.9,0.0,980.696,92.0,67.0833
1699074000,2023-11-04 05:00:00,2023-11-04 06:00:00,ringsted,7.5,0.0,4.1,0.0,980.671,90.25,74.5833
1699077600,2023-11-04 06:00:00,2023-11-04 07:00:00,ringsted,7.675,0.0,4.25,0.0,980.737,89.25,97.5
1699081200,2023-11-04 07:00:00,2023-11-04 08:00:00,ringsted,7.75,2.5,3.9,0.0,980.721,88.0,98.3333
1699084800,2023-11-04 08:00:00,2023-11-04 09:00:00,ringsted,7.8,19.5,4.025,0.0,980.629,87.25,98.3333
1699088400,2023-11-04 09:00:00,2023-11-04 10:00:00,ringsted,7.8,45.0,4.3,0.0,980.629,86.5,98.3333
1699092000,2023-11-04 10:00:00,2023-11-04 11:00:00,ringsted,7.9,62.0,4.725,0.0,980.533,84.5,97.5
1699095600,2023-11-04 11:00:00,2023-11-04 12:00:00,ringsted,8.1,133.0,4.95,0.0,980.4,83.25,96.6667
1699099200,2023-11-04 12:00:00,2023-11-04 13:00:00,ringsted,8.55,131.0,4.65,0.0,980.225,81.75,97.5
1699102800,2023-11-04 13:00:00,2023-11-04 14:00:00,ringsted,8.625,97.0,4.575,0.0,979.9,81.25,98.3333
1699106400,2023-11-04 14:00:00,2023-11-04 15:00:00,ringsted,8.55,50.0,4.575,0.0,979.733,82.5,97.5
1699110000,2023-11-04 15:00:00,2023-11-04 16:00:00,ringsted,8.45,26.0,4.5,0.0,979.629,83.25,99.1667
1699113600,2023-11-04 16:00:00,2023-11-04 17:00:00,ringsted,8.475,3.0,4.2,0.0,979.354,83.25,99.1667
1699117200,2023-11-04 17:00:00,2023-11-04 18:00:00,ringsted,8.6,0.0,4.2,0.0,978.933,82.75,98.3333
1699120800,2023-11-04 18:00:00,2023-11-04 19:00:00,ringsted,8.675,0.0,4.425,0.0,978.237,81.5,99.1667
1699124400,2023-11-04 19:00:00,2023-11-04 20:00:00,ringsted,8.6,0.0,4.475,0.0,977.571,81.25,94.1667
1699128000,2023-11-04 20:00:00,2023-11-04 21:00:00,ringsted,8.6,0.0,5.3,0.0,977.05,80.75,81.6667
1699131600,2023-11-04 21:00:00,2023-11-04 22:00:00,ringsted,8.525,0.0,5.2,0.0,976.454,79.25,71.6667
1699135200,2023-11-04 22:00:00,2023-11-04 23:00:00,ringsted,8.25,0.0,5.475,0.0,975.779,79.25,91.6667
1699138800,2023-11-04 23:00:00,2023-11-05 00:00:00,ringsted,8.275,0.0,5.525,0.075,975.013,80.25,94.1667
1699142400,2023-11-05 00:00:00,2023-11-05 01:00:00,ringsted,7.675,0.0,4.8,0.1,974.179,86.5,97.5
1699146000,2023-11-05 01:00:00,2023-11-05 02:00:00,ringsted,7.675,0.0,5.375,0.0,973.633,86.5,98.3333
1699149600,2023-11-05 02:00:00,2023-11-05 03:00:00,ringsted,8.075,0.0,5.975,0.0,973.013,83.75,97.5
1699153200,2023-11-05 03:00:00,2023-11-05 04:00:00,ringsted,8.075,0.0,5.8,0.05,972.629,84.5,96.6667
1699156800,2023-11-05 04:00:00,2023-11-05 05:00:00,ringsted,7.975,0.0,5.05,0.175,972.25,87.25,95.0
1699160400,2023-11-05 05:00:00,2023-11-05 06:00:00,ringsted,8.0,0.0,5.0,0.0,972.021,88.5,96.3636
1699164000,2023-11-05 06:00:00,2023-11-05 07:00:00,ringsted,7.825,0.0,4.75,0.075,971.942,92.0,97.5
1699167600,2023-11-05 07:00:00,2023-11-05 08:00:00,ringsted,7.875,1.5,4.3,0.075,971.979,93.5,97.5
1699171200,2023-11-05 08:00:00,2023-11-05 09:00:00,ringsted,8.05,16.0,3.875,0.15,972.054,95.0,99.1667
1699174800,2023-11-05 09:00:00,2023-11-05 10:00:00,ringsted,8.4,45.5,3.7,0.0,972.3,95.5,99.1667
1699178400,2023-11-05 10:00:00,2023-11-05 11:00:00,ringsted,8.875,60.0,3.375,0.0,972.325,94.5,96.6667
1699182000,2023-11-05 11:00:00,2023-11-05 12:00:00,ringsted,9.375,102.5,3.45,0.0,972.638,92.75,96.6667
1699185600,2023-11-05 12:00:00,2023-11-05 13:00:00,ringsted,9.6,108.0,3.45,0.0,973.029,90.25,95.0
1699189200,2023-11-05 13:00:00,2023-11-05 14:00:00,ringsted,9.775,88.0,2.825,0.0,973.342,89.0,95.8333
1699192800,2023-11-05 14:00:00,2023-11-05 15:00:00,ringsted,9.8,63.5,2.725,0.0,973.729,89.75,96.6667
1699196400,2023-11-05 15:00:00,2023-11-05 16:00:00,ringsted,9.65,21.0,2.625,0.0,974.279,91.25,97.5
1699200000,2023-11-05 16:00:00,2023-11-05 17:00:00,ringsted,9.425,2.0,2.05,0.0,974.808,93.25,98.3333
1699203600,2023-11-05 17:00:00,2023-11-05 18:00:00,ringsted,9.225,0.0,1.675,0.025,975.35,95.25,95.0
1699207200,2023-11-05 18:00:00,2023-11-05 19:00:00,ringsted,8.925,0.0,1.5,0.0,975.888,96.5,95.8333
1699210800,2023-11-05 19:00:00,2023-11-05 20:00:00,ringsted,8.65,0.0,0.925,0.0,976.479,97.25,90.8333
1699214400,2023-11-05 20:00:00,2023-11-05 21:00:00,ringsted,8.325,0.0,0.825,0.025,977.2,97.75,98.3333
1699218000,2023-11-05 21:00:00,2023-11-05 22:00:00,ringsted,8.25,0.0,0.9,0.025,977.908,98.25,61.6667
1699221600,2023-11-05 22:00:00,2023-11-05 23:00:00,ringsted,8.1,0.0,0.6,0.0,978.571,98.75,79.1667
1699225200,2023-11-05 23:00:00,2023-11-06 00:00:00,ringsted,8.25,0.0,0.775,0.0,979.233,98.75,93.3333
1699228800,2023-11-06 00:00:00,2023-11-06 01:00:00,ringsted,8.25,0.0,1.2,0.0,979.892,98.75,80.8333
1699232400,2023-11-06 01:00:00,2023-11-06 02:00:00,ringsted,8.325,0.0,1.45,0.0,980.537,98.5,72.5
1699236000,2023-11-06 02:00:00,2023-11-06 03:00:00,ringsted,8.425,0.0,1.275,0.0,981.017,98.75,49.1667
1699239600,2023-11-06 03:00:00,2023-11-06 04:00:00,ringsted,8.625,0.0,1.375,0.0,981.771,98.75,74.1667
1699243200,2023-11-06 04:00:00,2023-11-06 05:00:00,ringsted,8.875,0.0,1.775,0.0,982.546,98.75,95.0
1699246800,2023-11-06 05:00:00,2023-11-06 06:00:00,ringsted,9.0,0.0,2.55,0.625,983.3,98.5,96.6667
1699250400,2023-11-06 06:00:00,2023-11-06 07:00:00,ringsted,9.25,0.0,3.175,0.375,984.267,98.0,94.1667
1699254000,2023-11-06 07:00:00,2023-11-06 08:00:00,ringsted,9.425,1.5,4.05,0.05,985.379,96.25,95.8333
1699257600,2023-11-06 08:00:00,2023-11-06 09:00:00,ringsted,9.675,27.5,5.175,0.0,986.358,93.5,93.3333
1699261200,2023-11-06 09:00:00,2023-11-06 10:00:00,ringsted,9.95,82.0,6.075,0.125,987.533,90.75,83.75
1699264800,2023-11-06 10:00:00,2023-11-06 11:00:00,ringsted,10.4,161.5,6.3,0.0,988.471,88.0,62.9167
1699268400,2023-11-06 11:00:00,2023-11-06 12:00:00,ringsted,10.725,200.0,6.3,0.0,989.362,84.5,67.5
1699272000,2023-11-06 12:00:00,2023-11-06 13:00:00,ringsted,10.875,235.5,6.9,0.0,990.171,83.25,56.6667
1699275600,2023-11-06 13:00:00,2023-11-06 14:00:00,ringsted,10.975,172.0,7.325,0.025,990.896,82.0,72.9167
1699279200,2023-11-06 14:00:00,2023-11-06 15:00:00,ringsted,10.55,109.0,6.65,0.025,991.508,83.25,43.75
1699282800,2023-11-06 15:00:00,2023-11-06 16:00:00,ringsted,10.125,52.0,6.2,0.0,991.975,83.75,62.0833
1699286400,2023-11-06 16:00:00,2023-11-06 17:00:00,ringsted,9.75,4.0,5.975,0.0,992.454,85.25,85.0
1699290000,2023-11-06 17:00:00,2023-11-06 18:00:00,ringsted,9.5,0.0,5.7,0.0,993.017,85.75,89.5833
1699293600,2023-11-06 18:00:00,2023-11-06 19:00:00,ringsted,9.35,0.0,5.225,0.025,993.483,87.25,87.0833
1699297200,2023-11-06 19:00:00,2023-11-06 20:00:00,ringsted,9.35,0.0,5.275,0.3,993.808,89.0,93.3333
1699300800,2023-11-06 20:00:00,2023-11-06 21:00:00,ringsted,9.3,0.0,5.125,0.375,994.0,90.25,96.6667
1699304400,2023-11-06 21:00:00,2023-11-06 22:00:00,ringsted,9.375,0.0,5.6,0.325,994.358,89.5,99.1667
1699308000,2023-11-06 22:00:00,2023-11-06 23:00:00,ringsted,9.4,0.0,5.65,0.225,994.792,88.75,94.1667
1699311600,2023-11-06 23:00:00,2023-11-07 00:00:00,ringsted,9.275,0.0,5.275,0.025,995.196,88.75,84.1667
1699315200,2023-11-07 00:00:00,2023-11-07 01:00:00,ringsted,9.0,0.0,5.45,0.0,995.767,88.75,68.3333
1699318800,2023-11-07 01:00:00,2023-11-07 02:00:00,ringsted,8.825,0.0,5.45,0.0,996.117,88.25,88.3333
1699322400,2023-11-07 02:00:00,2023-11-07 03:00:00,ringsted,8.7,0.0,5.675,0.0,996.196,88.75,70.8333
1699326000,2023-11-07 03:00:00,2023-11-07 04:00:00,ringsted,8.65,0.0,5.575,0.0,996.367,89.75,79.1667
1699329600,2023-11-07 04:00:00,2023-11-07 05:00:00,ringsted,8.75,0.0,6.05,0.0,996.596,88.0,90.0
1699333200,2023-11-07 05:00:00,2023-11-07 06:00:00,ringsted,8.8,0.0,6.45,0.0,996.779,88.5,89.1667
1699336800,2023-11-07 06:00:00,2023-11-07 07:00:00,ringsted,9.025,0.0,6.825,0.0,997.233,88.0,90.0
1699340400,2023-11-07 07:00:00,2023-11-07 08:00:00,ringsted,9.15,4.0,6.825,0.0,997.721,87.75,92.5
1699344000,2023-11-07 08:00:00,2023-11-07 09:00:00,ringsted,9.175,22.5,6.55,0.0,998.208,87.0,94.1667
1699347600,2023-11-07 09:00:00,2023-11-07 10:00:00,ringsted,9.175,44.5,6.6,0.0,998.683,88.25,95.0
1699351200,2023-11-07 10:00:00,2023-11-07 11:00:00,ringsted,9.475,98.0,6.35,0.025,999.033,87.25,92.5
1699354800,2023-11-07 11:00:00,2023-11-07 12:00:00,ringsted,9.85,108.0,6.6,0.0,999.333,87.25,95.0
1699358400,2023-11-07 12:00:00,2023-11-07 13:00:00,ringsted,10.0,105.5,6.725,0.1,999.508,86.25,95.0
1699362000,2023-11-07 13:00:00,2023-11-07 14:00:00,ringsted,9.875,60.5,6.5,0.275,999.683,87.5,94.1667
1699365600,2023-11-07 14:00:00,2023-11-07 15:00:00,ringsted,9.85,81.0,6.375,0.05,999.983,87.25,90.8333
1699369200,2023-11-07 15:00:00,2023-11-07 16:00:00,ringsted,9.65,27.5,5.375,0.075,1000.19,88.25,92.5
1699372800,2023-11-07 16:00:00,2023-11-07 17:00:00,ringsted,9.375,1.5,4.75,0.25,1000.32,89.0,90.8333
1699376400,2023-11-07 17:00:00,2023-11-07 18:00:00,ringsted,9.2,0.0,4.7,0.0,1000.45,89.25,86.6667
1699380000,2023-11-07 18:00:00,2023-11-07 19:00:00,ringsted,9.05,0.0,4.675,0.0,1000.52,89.75,80.8333
1699383600,2023-11-07 19:00:00,2023-11-07 20:00:00,ringsted,9.025,0.0,4.65,0.0,1000.52,89.5,75.4167
1699387200,2023-11-07 20:00:00,2023-11-07 21:00:00,ringsted,8.8,0.0,4.45,0.025,1000.47,89.5,62.0833
1699390800,2023-11-07 21:00:00,2023-11-07 22:00:00,ringsted,8.35,0.0,4.075,0.025,1000.33,90.5,73.75
1699394400,2023-11-07 22:00:00,2023-11-07 23:00:00,ringsted,8.275,0.0,4.475,0.0,1000.29,90.25,77.9167
1699398000,2023-11-07 23:00:00,2023-11-08 00:00:00,ringsted,8.425,0.0,4.475,0.025,1000.16,90.25,89.5833
1699401600,2023-11-08 00:00:00,2023-11-08 01:00:00,ringsted,8.675,0.0,4.85,0.0,999.904,89.75,94.1667
1699405200,2023-11-08 01:00:00,2023-11-08 02:00:00,ringsted,8.75,0.0,5.025,0.15,999.683,88.5,94.1667
1699408800,2023-11-08 02:00:00,2023-11-08 03:00:00,ringsted,8.625,0.0,5.05,0.025,999.475,88.0,95.0
1699412400,2023-11-08 03:00:00,2023-11-08 04:00:00,ringsted,8.475,0.0,4.7,0.05,999.233,90.25,98.3333
1699416000,2023-11-08 04:00:00,2023-11-08 05:00:00,ringsted,8.4,0.0,5.36667,0.133333,999.113,90.6667,97.2727
1699419600,2023-11-08 05:00:00,2023-11-08 06:00:00,ringsted,8.325,0.0,4.95,0.225,999.033,91.5,95.0
1699423200,2023-11-08 06:00:00,2023-11-08 07:00:00,ringsted,8.35,0.0,5.225,0.0,999.092,91.75,95.8333
1699426800,2023-11-08 07:00:00,2023-11-08 08:00:00,ringsted,8.475,1.5,5.375,0.425,999.375,92.25,78.3333
1699430400,2023-11-08 08:00:00,2023-11-08 09:00:00,ringsted,8.725,30.0,5.25,0.45,999.846,92.5,71.6667
1699434000,2023-11-08 09:00:00,2023-11-08 10:00:00,ringsted,9.15,79.5,5.7,0.0,1000.31,90.0,75.0
1699437600,2023-11-08 10:00:00,2023-11-08 11:00:00,ringsted,9.6,187.5,6.375,0.0,1000.68,87.0,78.75
1699441200,2023-11-08 11:00:00,2023-11-08 12:00:00,ringsted,9.8,180.5,6.275,0.0,1000.81,85.0,57.9167
1699444800,2023-11-08 12:00:00,2023-11-08 13:00:00,ringsted,10.175,218.0,6.45,0.0,1001.06,81.5,65.8333
1699448400,2023-11-08 13:00:00,2023-11-08 14:00:00,ringsted,10.3,205.0,6.3,0.0,1001.33,80.25,63.75
1699452000,2023-11-08 14:00:00,2023-11-08 15:00:00,ringsted,10.025,112.0,6.225,0.025,1001.55,82.75,52.5
1699455600,2023-11-08 15:00:00,2023-11-08 16:00:00,ringsted,9.55,28.0,5.925,0.175,1001.8,85.0,72.0833
1699459200,2023-11-08 16:00:00,2023-11-08 17:00:00,ringsted,9.15,1.5,4.9,0.475,1001.81,88.0,68.3333
1699462800,2023-11-08 17:00:00,2023-11-08 18:00:00,ringsted,8.9,0.0,4.925,0.225,1002.0,89.5,70.4167
1699466400,2023-11-08 18:00:00,2023-11-08 19:00:00,ringsted,8.8,0.0,4.675,0.025,1002.0,90.0,56.25
1699470000,2023-11-08 19:00:00,2023-11-08 20:00:00,ringsted,8.475,0.0,4.05,0.0,1001.8,90.5,73.75
1699473600,2023-11-08 20:00:00,2023-11-08 21:00:00,ringsted,8.15,0.0,3.925,0.0,1001.28,90.75,89.1667
1699477200,2023-11-08 21:00:00,2023-11-08 22:00:00,ringsted,8.15,0.0,4.2,0.0,1000.59,89.75,93.3333
1699480800,2023-11-08 22:00:00,2023-11-08 23:00:00,ringsted,8.25,0.0,4.675,0.0,999.979,88.25,92.5
1699484400,2023-11-08 23:00:00,2023-11-09 00:00:00,ringsted,8.25,0.0,5.25,0.0,999.375,88.75,97.5
1699488000,2023-11-09 00:00:00,2023-11-09 01:00:00,ringsted,8.5,0.0,5.6,0.0,998.775,87.25,98.3333
1699491600,2023-11-09 01:00:00,2023-11-09 02:00:00,ringsted,8.625,0.0,5.925,0.0,998.108,85.5,98.3333
1699495200,2023-11-09 02:00:00,2023-11-09 03:00:00,ringsted,8.25,0.0,5.7,0.0,997.342,90.25,98.3333
1699498800,2023-11-09 03:00:00,2023-11-09 04:00:00,ringsted,8.0,0.0,5.4,0.05,996.625,93.75,98.3333
1699502400,2023-11-09 04:00:00,2023-11-09 05:00:00,ringsted,7.925,0.0,5.375,0.0,996.096,96.25,98.3333
1699506000,2023-11-09 05:00:00,2023-11-09 06:00:00,ringsted,8.1,0.0,5.4,0.025,995.442,96.75,98.3333
1699509600,2023-11-09 06:00:00,2023-11-09 07:00:00,ringsted,8.225,0.0,5.125,0.05,995.1,97.25,98.3333
1699513200,2023-11-09 07:00:00,2023-11-09 08:00:00,ringsted,8.35,0.5,5.025,0.15,994.925,97.25,97.5
1699516800,2023-11-09 08:00:00,2023-11-09 09:00:00,ringsted,8.475,8.0,5.075,0.75,994.575,97.25,98.3333
1699520400,2023-11-09 09:00:00,2023-11-09 10:00:00,ringsted,8.775,30.5,4.95,0.45,994.317,97.25,95.8333
1699524000,2023-11-09 10:00:00,2023-11-09 11:00:00,ringsted,9.05,44.0,5.125,0.275,994.088,97.0,96.6667
1699527600,2023-11-09 11:00:00,2023-11-09 12:00:00,ringsted,9.15,53.0,5.375,0.2,993.725,96.75,99.1667
1699531200,2023-11-09 12:00:00,2023-11-09 13:00:00,ringsted,9.175,46.5,5.225,0.175,993.446,97.0,97.5
1699534800,2023-11-09 13:00:00,2023-11-09 14:00:00,ringsted,9.25,34.5,4.8,0.05,993.254,96.75,99.1667
1699538400,2023-11-09 14:00:00,2023-11-09 15:00:00,ringsted,9.375,22.0,4.4,0.075,992.975,96.5,97.5
1699542000,2023-11-09 15:00:00,2023-11-09 16:00:00,ringsted,9.45,8.0,4.4,0.025,992.783,96.25,99.1667
1699545600,2023-11-09 16:00:00,2023-11-09 17:00:00,ringsted,9.5,0.5,4.65,0.025,992.817,95.75,87.5
1699549200,2023-11-09 17:00:00,2023-11-09 18:00:00,ringsted,9.325,0.0,4.45,0.05,993.096,94.75,68.3333
1699552800,2023-11-09 18:00:00,2023-11-09 19:00:00,ringsted,8.875,0.0,4.35,0.0,993.267,92.5,52.5
1699556400,2023-11-09 19:00:00,2023-11-09 20:00:00,ringsted,7.9,0.0,3.275,0.0,993.367,92.5,64.1667
1699560000,2023-11-09 20:00:00,2023-11-09 21:00:00,ringsted,7.35,0.0,2.925,0.0,993.3,94.75,44.1667
1699563600,2023-11-09 21:00:00,2023-11-09 22:00:00,ringsted,7.0,0.0,2.875,0.0,993.183,95.25,48.3333
1699567200,2023-11-09 22:00:00,2023-11-09 23:00:00,ringsted,7.375,0.0,2.825,0.0,992.992,95.75,52.0833
1699570800,2023-11-09 23:00:00,2023-11-10 00:00:00,ringsted,7.275,0.0,2.65,0.0,992.733,96.0,62.5
1699574400,2023-11-10 00:00:00,2023-11-10 01:00:00,ringsted,7.025,0.0,2.65,0.0,992.217,96.25,66.6667
1699578000,2023-11-10 01:00:00,2023-11-10 02:00:00,ringsted,6.725,0.0,2.2,0.0,991.517,96.75,66.6667
1699581600,2023-11-10 02:00:00,2023-11-10 03:00:00,ringsted,5.975,0.0,2.05,0.0,990.938,97.25,77.5
1699585200,2023-11-10 03:00:00,2023-11-10 04:00:00,ringsted,6.15,0.0,2.725,0.0,990.408,97.75,90.0
1699588800,2023-11-10 04:00:00,2023-11-10 05:00:00,ringsted,7.075,0.0,3.25,0.45,989.808,97.25,91.6667
1699592400,2023-11-10 05:00:00,2023-11-10 06:00:00,ringsted,7.575,0.0,4.35,1.3,989.433,96.25,95.0
1699596000,2023-11-10 06:00:00,2023-11-10 07:00:00,ringsted,7.3,0.0,5.125,0.575,989.771,94.25,96.6667
1699599600,2023-11-10 07:00:00,2023-11-10 08:00:00,ringsted,6.775,1.5,5.35,1.05,990.208,92.75,90.8333
1699603200,2023-11-10 08:00:00,2023-11-10 09:00:00,ringsted,6.75,21.5,5.725,1.0,990.5,93.0,95.8333
1699606800,2023-11-10 09:00:00,2023-11-10 10:00:00,ringsted,7.125,47.0,5.275,0.3,990.688,92.0,95.8333
1699610400,2023-11-10 10:00:00,2023-11-10 11:00:00,ringsted,7.7,93.0,5.55,0.15,990.792,88.5,92.5
1699614000,2023-11-10 11:00:00,2023-11-10 12:00:00,ringsted,8.075,121.0,5.475,0.0,991.146,84.75,95.8333
1699617600,2023-11-10 12:00:00,2023-11-10 13:00:00,ringsted,8.0,67.5,5.4,0.0,991.442,83.25,92.5
1699621200,2023-11-10 13:00:00,2023-11-10 14:00:00,ringsted,7.875,50.0,5.15,0.0,991.633,83.25,93.3333
1699624800,2023-11-10 14:00:00,2023-11-10 15:00:00,ringsted,7.825,71.0,4.775,0.0,991.796,86.0,84.5833
1699628400,2023-11-10 15:00:00,2023-11-10 16:00:00,ringsted,7.45,22.0,4.15,0.0,992.121,88.0,75.0
1699632000,2023-11-10 16:00:00,2023-11-10 17:00:00,ringsted,7.175,1.5,3.625,0.0,992.479,88.75,85.4167
1699635600,2023-11-10 17:00:00,2023-11-10 18:00:00,ringsted,7.075,0.0,3.375,0.0,992.754,89.5,95.0
1699639200,2023-11-10 18:00:00,2023-11-10 19:00:00,ringsted,7.075,0.0,3.35,0.0,992.971,90.0,59.5833
1699642800,2023-11-10 19:00:00,2023-11-10 20:00:00,ringsted,7.0,0.0,3.225,0.0,993.088,89.75,71.25
1699646400,2023-11-10 20:00:00,2023-11-10 21:00:00,ringsted,6.825,0.0,2.95,0.0,993.312,90.25,74.1667
1699650000,2023-11-10 21:00:00,2023-11-10 22:00:00,ringsted,6.3,0.0,2.625,0.0,993.463,91.25,90.4167
1699653600,2023-11-10 22:00:00,2023-11-10 23:00:00,ringsted,6.375,0.0,2.575,0.0,993.429,91.5,95.8333
1699657200,2023-11-10 23:00:00,2023-11-11 00:00:00,ringsted,6.6,0.0,2.25,0.0,993.404,90.5,88.75
1699660800,2023-11-11 00:00:00,2023-11-11 01:00:00,ringsted,6.45,0.0,2.325,0.0,993.283,91.25,81.6667
1699664400,2023-11-11 01:00:00,2023-11-11 02:00:00,ringsted,6.475,0.0,2.35,0.0,993.317,91.5,95.8333
1699668000,2023-11-11 02:00:00,2023-11-11 03:00:00,ringsted,6.55,0.0,2.3,0.0,993.317,91.25,95.0
1699671600,2023-11-11 03:00:00,2023-11-11 04:00:00,ringsted,6.75,0.0,2.125,0.0,993.392,92.5,98.3333
1699675200,2023-11-11 04:00:00,2023-11-11 05:00:00,ringsted,7.0,0.0,2.225,0.025,993.525,93.0,93.3333
1699678800,2023-11-11 05:00:00,2023-11-11 06:00:00,ringsted,7.05,0.0,2.0,0.0,993.821,93.25,95.8333
1699682400,2023-11-11 06:00:00,2023-11-11 07:00:00,ringsted,6.975,0.0,1.7,0.025,994.342,93.75,99.1667
1699686000,2023-11-11 07:00:00,2023-11-11 08:00:00,ringsted,6.975,1.5,1.75,0.05,994.817,94.25,94.1667
1699689600,2023-11-11 08:00:00,2023-11-11 09:00:00,ringsted,6.975,17.5,1.75,0.35,995.237,94.5,87.5
1699693200,2023-11-11 09:00:00,2023-11-11 10:00:00,ringsted,7.3,70.5,1.975,0.225,995.525,94.5,80.0
1699696800,2023-11-11 10:00:00,2023-11-11 11:00:00,ringsted,7.875,115.0,2.275,0.0,995.763,92.0,61.25
1699700400,2023-11-11 11:00:00,2023-11-11 12:00:00,ringsted,8.025,108.0,2.35,0.025,995.975,89.0,95.0
1699704000,2023-11-11 12:00:00,2023-11-11 13:00:00,ringsted,8.3,120.0,1.85,0.0,996.229,86.75,85.0
1699707600,2023-11-11 13:00:00,2023-11-11 14:00:00,ringsted,8.35,111.5,1.975,0.0,996.579,85.25,87.5
1699711200,2023-11-11 14:00:00,2023-11-11 15:00:00,ringsted,8.225,56.5,1.475,0.0,996.975,86.75,79.1667
1699714800,2023-11-11 15:00:00,2023-11-11 16:00:00,ringsted,7.75,29.0,1.15,0.0,997.492,88.25,90.0
1699718400,2023-11-11 16:00:00,2023-11-11 17:00:00,ringsted,7.125,1.5,0.675,0.1,997.987,91.5,90.0
1699722000,2023-11-11 17:00:00,2023-11-11 18:00:00,ringsted,6.7,0.0,0.95,0.225,998.329,93.25,95.8333
1699725600,2023-11-11 18:00:00,2023-11-11 19:00:00,ringsted,6.55,0.0,1.125,0.0,998.721,93.75,95.0
1699729200,2023-11-11 19:00:00,2023-11-11 20:00:00,ringsted,6.275,0.0,0.85,0.0,999.146,94.75,93.3333
1699732800,2023-11-11 20:00:00,2023-11-11 21:00:00,ringsted,6.1,0.0,1.025,0.025,999.371,95.25,80.0
1699736400,2023-11-11 21:00:00,2023-11-11 22:00:00,ringsted,5.475,0.0,0.525,0.0,999.367,96.0,71.6667
1699740000,2023-11-11 22:00:00,2023-11-11 23:00:00,ringsted,4.375,0.0,0.875,0.0,999.308,97.25,48.3333
1699743600,2023-11-11 23:00:00,2023-11-12 00:00:00,ringsted,3.775,0.0,0.8,0.0,999.338,98.0,70.4167
1699747200,2023-11-12 00:00:00,2023-11-12 01:00:00,ringsted,3.875,0.0,0.75,0.0,999.317,98.25,92.5
1699750800,2023-11-12 01:00:00,2023-11-12 02:00:00,ringsted,3.825,0.0,1.175,0.0,999.308,98.25,83.3333
1699754400,2023-11-12 02:00:00,2023-11-12 03:00:00,ringsted,4.225,0.0,1.15,0.0,999.229,98.25,99.1667
1699758000,2023-11-12 03:00:00,2023-11-12 04:00:00,ringsted,4.925,0.0,1.15,0.0,999.342,97.75,99.1667
1699761600,2023-11-12 04:00:00,2023-11-12 05:00:00,ringsted,5.2,0.0,1.275,0.0,999.342,97.75,95.0
1699765200,2023-11-12 05:00:00,2023-11-12 06:00:00,ringsted,5.3,0.0,1.25,0.0,999.513,97.5,99.1667
1699768800,2023-11-12 06:00:00,2023-11-12 07:00:00,ringsted,5.475,0.0,1.325,0.0,999.787,96.75,99.1667
1699772400,2023-11-12 07:00:00,2023-11-12 08:00:00,ringsted,5.625,1.0,1.05,0.05,1000.09,96.5,95.0
1699776000,2023-11-12 08:00:00,2023-11-12 09:00:00,ringsted,6.125,13.5,1.8,0.0,1000.36,96.0,93.3333
1699779600,2023-11-12 09:00:00,2023-11-12 10:00:00,ringsted,6.65,55.5,2.1,0.4,1000.77,94.0,83.3333
1699783200,2023-11-12 10:00:00,2023-11-12 11:00:00,ringsted,6.95,101.0,2.425,0.375,1000.86,91.5,83.3333
1699786800,2023-11-12 11:00:00,2023-11-12 12:00:00,ringsted,6.825,75.0,2.525,0.075,1000.79,90.25,85.0
1699790400,2023-11-12 12:00:00,2023-11-12 13:00:00,ringsted,6.85,83.0,1.375,0.0,1000.85,89.0,85.0
1699794000,2023-11-12 13:00:00,2023-11-12 14:00:00,ringsted,7.05,85.0,1.525,0.0,1000.98,88.0,95.0
1699797600,2023-11-12 14:00:00,2023-11-12 15:00:00,ringsted,7.15,90.5,1.25,0.025,1001.22,87.25,72.5
1699801200,2023-11-12 15:00:00,2023-11-12 16:00:00,ringsted,6.825,35.5,1.225,0.075,1001.42,90.5,73.3333
1699804800,2023-11-12 16:00:00,2023-11-12 17:00:00,ringsted,6.225,2.5,1.275,0.05,1001.65,93.75,95.0
1699808400,2023-11-12 17:00:00,2023-11-12 18:00:00,ringsted,6.15,0.0,1.1,0.25,1001.86,94.5,91.6667
1699812000,2023-11-12 18:00:00,2023-11-12 19:00:00,ringsted,6.0,0.0,1.075,0.225,1002.08,94.75,95.8333
1699815600,2023-11-12 19:00:00,2023-11-12 20:00:00,ringsted,5.725,0.0,1.45,0.0,1002.31,95.5,97.5
1699819200,2023-11-12 20:00:00,2023-11-12 21:00:00,ringsted,5.4,0.0,1.175,0.0,1002.44,95.75,73.3333
1699822800,2023-11-12 21:00:00,2023-11-12 22:00:00,ringsted,4.625,0.0,0.675,0.35,1002.49,96.5,67.5
1699826400,2023-11-12 22:00:00,2023-11-12 23:00:00,ringsted,3.875,0.0,0.825,0.15,1002.64,96.25,85.4167
1699830000,2023-11-12 23:00:00,2023-11-13 00:00:00,ringsted,3.675,0.0,1.0,0.0,1002.85,97.0,98.3333
1699833600,2023-11-13 00:00:00,2023-11-13 01:00:00,ringsted,3.775,0.0,0.85,0.0,1002.86,97.75,91.25
1699837200,2023-11-13 01:00:00,2023-11-13 02:00:00,ringsted,3.875,0.0,0.675,0.0,1002.96,97.75,89.1667
1699840800,2023-11-13 02:00:00,2023-11-13 03:00:00,ringsted,3.45,0.0,0.7,0.0,1002.89,98.0,92.7273
1699844400,2023-11-13 03:00:00,2023-11-13 04:00:00,ringsted,3.475,0.0,0.95,0.0,1002.91,98.0,34.5833
1699848000,2023-11-13 04:00:00,2023-11-13 05:00:00,ringsted,3.725,0.0,0.95,0.0,1002.78,97.25,22.5
1699851600,2023-11-13 05:00:00,2023-11-13 06:00:00,ringsted,3.525,0.0,1.2,0.0,1002.7,97.5,49.1667
1699855200,2023-11-13 06:00:00,2023-11-13 07:00:00,ringsted,3.5,0.0,1.1,0.0,1002.71,97.75,88.75
1699858800,2023-11-13 07:00:00,2023-11-13 08:00:00,ringsted,3.525,1.5,0.725,0.0,1002.76,98.0,89.5833
1699862400,2023-11-13 08:00:00,2023-11-13 09:00:00,ringsted,4.1,24.5,1.375,0.0,1002.8,97.75,91.25
1699866000,2023-11-13 09:00:00,2023-11-13 10:00:00,ringsted,4.975,56.5,0.925,0.0,1002.66,97.5,98.3333
1699869600,2023-11-13 10:00:00,2023-11-13 11:00:00,ringsted,6.075,87.5,1.125,0.0,1001.91,97.0,81.25
1699873200,2023-11-13 11:00:00,2023-11-13 12:00:00,ringsted,7.0,139.0,2.075,0.0,1001.16,94.5,90.4167
1699876800,2023-11-13 12:00:00,2023-11-13 13:00:00,ringsted,7.575,107.5,2.75,0.0,1000.33,91.5,95.8333
1699880400,2023-11-13 13:00:00,2023-11-13 14:00:00,ringsted,7.725,80.5,3.1,0.0,999.196,90.0,70.8333
1699884000,2023-11-13 14:00:00,2023-11-13 15:00:00,ringsted,7.7,78.5,3.275,0.025,997.737,87.0,47.5
1699887600,2023-11-13 15:00:00,2023-11-13 16:00:00,ringsted,6.9,20.5,3.125,0.025,996.367,88.75,85.0
1699891200,2023-11-13 16:00:00,2023-11-13 17:00:00,ringsted,6.375,0.0,3.75,0.0,994.542,89.75,93.3333
1699894800,2023-11-13 17:00:00,2023-11-13 18:00:00,ringsted,6.5,0.0,5.0,0.0,994.292,84.5,95.0
1699898400,2023-11-13 18:00:00,2023-11-13 19:00:00,ringsted,6.9,0.0,5.85,0.1,992.675,82.0,91.6667
1699902000,2023-11-13 19:00:00,2023-11-13 20:00:00,ringsted,6.775,0.0,7.025,1.05,991.108,81.5,91.6667
1699905600,2023-11-13 20:00:00,2023-11-13 21:00:00,ringsted,6.15,0.0,8.2,1.625,990.179,84.25,98.3333
1699909200,2023-11-13 21:00:00,2023-11-13 22:00:00,ringsted,5.25,0.0,8.075,2.3,989.237,90.0,98.3333
1699912800,2023-11-13 22:00:00,2023-11-13 23:00:00,ringsted,5.2,0.0,7.7,1.05,988.717,92.5,97.5
1699916400,2023-11-13 23:00:00,2023-11-14 00:00:00,ringsted,5.525,0.0,6.825,0.5,988.071,93.0,97.5
1699920000,2023-11-14 00:00:00,2023-11-14 01:00:00,ringsted,5.775,0.0,5.625,0.175,987.213,94.5,98.3333
1699923600,2023-11-14 01:00:00,2023-11-14 02:00:00,ringsted,6.075,0.0,5.3,1.125,986.621,96.0,96.6667
1699927200,2023-11-14 02:00:00,2023-11-14 03:00:00,ringsted,6.475,0.0,4.125,1.375,985.942,96.5,95.0
1699930800,2023-11-14 03:00:00,2023-11-14 04:00:00,ringsted,7.15,0.0,3.775,1.3,985.379,97.25,95.8333
1699934400,2023-11-14 04:00:00,2023-11-14 05:00:00,ringsted,7.475,0.0,3.85,1.25,984.933,97.5,95.0
1699938000,2023-11-14 05:00:00,2023-11-14 06:00:00,ringsted,7.85,0.0,4.45,1.6,984.492,97.0,95.8333
1699941600,2023-11-14 06:00:00,2023-11-14 07:00:00,ringsted,8.075,0.0,4.7,1.125,984.179,96.75,95.8333
1699945200,2023-11-14 07:00:00,2023-11-14 08:00:00,ringsted,8.15,0.0,4.625,1.925,984.1,96.75,96.6667
1699948800,2023-11-14 08:00:00,2023-11-14 09:00:00,ringsted,8.1,14.0,4.15,1.6,984.075,97.0,85.8333
1699952400,2023-11-14 09:00:00,2023-11-14 10:00:00,ringsted,8.175,37.5,3.275,1.2,984.567,96.75,83.3333
1699956000,2023-11-14 10:00:00,2023-11-14 11:00:00,ringsted,8.2,85.0,3.8,1.075,985.667,96.75,93.3333
1699959600,2023-11-14 11:00:00,2023-11-14 12:00:00,ringsted,7.675,55.5,4.95,0.15,986.812,95.5,98.3333
1699963200,2023-11-14 12:00:00,2023-11-14 13:00:00,ringsted,7.225,47.0,4.65,0.075,987.829,94.5,99.1667
1699966800,2023-11-14 13:00:00,2023-11-14 14:00:00,ringsted,7.175,41.5,4.3,0.0,988.542,92.5,99.1667
1699970400,2023-11-14 14:00:00,2023-11-14 15:00:00,ringsted,7.075,31.0,4.3,0.0,989.362,91.25,99.1667
1699974000,2023-11-14 15:00:00,2023-11-14 16:00:00,ringsted,6.925,5.0,3.9,0.075,990.217,91.25,98.3333
1699977600,2023-11-14 16:00:00,2023-11-14 17:00:00,ringsted,6.625,0.0,4.0,0.25,991.079,93.5,97.5
1699981200,2023-11-14 17:00:00,2023-11-14 18:00:00,ringsted,6.275,0.0,3.875,0.275,991.746,95.25,97.5
1699984800,2023-11-14 18:00:00,2023-11-14 19:00:00,ringsted,6.0,0.0,3.85,0.7,992.283,96.0,99.1667
1699988400,2023-11-14 19:00:00,2023-11-14 20:00:00,ringsted,5.75,0.0,4.35,0.375,992.983,95.75,99.1667
1699992000,2023-11-14 20:00:00,2023-11-14 21:00:00,ringsted,5.575,0.0,3.8,0.325,993.658,95.25,97.5
1699995600,2023-11-14 21:00:00,2023-11-14 22:00:00,ringsted,5.375,0.0,4.175,0.6,994.267,95.5,96.6667
1699999200,2023-11-14 22:00:00,2023-11-14 23:00:00,ringsted,5.225,0.0,4.7,0.25,995.133,94.75,98.3333
1700002800,2023-11-14 23:00:00,2023-11-15 00:00:00,ringsted,5.125,0.0,4.425,0.075,996.079,94.0,97.5
1700006400,2023-11-15 00:00:00,2023-11-15 01:00:00,ringsted,5.075,0.0,4.25,0.025,997.013,93.75,98.3333
1700010000,2023-11-15 01:00:00,2023-11-15 02:00:00,ringsted,5.125,0.0,4.25,0.075,998.112,93.25,98.3333
1700013600,2023-11-15 02:00:00,2023-11-15 03:00:00,ringsted,5.0,0.0,3.95,0.075,998.983,92.75,98.3333
1700017200,2023-11-15 03:00:00,2023-11-15 04:00:00,ringsted,4.85,0.0,4.05,0.125,1000.07,92.25,97.5
1700020800,2023-11-15 04:00:00,2023-11-15 05:00:00,ringsted,4.575,0.0,3.35,0.2,1001.11,93.25,94.1667
1700024400,2023-11-15 05:00:00,2023-11-15 06:00:00,ringsted,4.1,0.0,2.775,0.35,1002.1,94.75,95.0
1700028000,2023-11-15 06:00:00,2023-11-15 07:00:00,ringsted,3.725,0.0,2.375,0.25,1003.0,94.75,86.6667
1700031600,2023-11-15 07:00:00,2023-11-15 08:00:00,ringsted,3.475,1.0,2.475,0.0,1003.92,94.75,56.6667
1700035200,2023-11-15 08:00:00,2023-11-15 09:00:00,ringsted,3.075,33.5,2.125,0.0,1004.81,94.25,80.8333
1700038800,2023-11-15 09:00:00,2023-11-15 10:00:00,ringsted,3.6,155.5,2.35,0.0,1005.62,92.5,56.6667
1700042400,2023-11-15 10:00:00,2023-11-15 11:00:00,ringsted,4.225,191.0,1.8,0.0,1006.13,89.75,51.6667
1700046000,2023-11-15 11:00:00,2023-11-15 12:00:00,ringsted,5.025,186.5,1.575,0.0,1006.53,86.25,50.0
1700049600,2023-11-15 12:00:00,2023-11-15 13:00:00,ringsted,5.35,150.0,1.275,0.0,1006.76,84.5,75.0
1700053200,2023-11-15 13:00:00,2023-11-15 14:00:00,ringsted,5.525,77.0,1.225,0.0,1007.18,84.25,98.3333
1700056800,2023-11-15 14:00:00,2023-11-15 15:00:00,ringsted,5.5,33.0,1.025,0.0,1007.73,83.0,98.3333
1700060400,2023-11-15 15:00:00,2023-11-15 16:00:00,ringsted,5.275,9.5,1.225,0.0,1008.02,85.0,98.3333
1700064000,2023-11-15 16:00:00,2023-11-15 17:00:00,ringsted,4.9,0.0,1.925,0.0,1007.97,87.0,98.3333
1700067600,2023-11-15 17:00:00,2023-11-15 18:00:00,ringsted,4.675,0.0,1.875,0.0,1008.0,88.0,96.6667
1700071200,2023-11-15 18:00:00,2023-11-15 19:00:00,ringsted,4.625,0.0,1.75,0.025,1007.77,89.75,99.1667
1700074800,2023-11-15 19:00:00,2023-11-15 20:00:00,ringsted,4.75,0.0,2.325,0.425,1007.2,92.0,96.6667
1700078400,2023-11-15 20:00:00,2023-11-15 21:00:00,ringsted,5.125,0.0,3.85,1.025,1006.46,94.5,95.0
1700082000,2023-11-15 21:00:00,2023-11-15 22:00:00,ringsted,5.375,0.0,4.725,1.875,1005.61,95.25,95.0
1700085600,2023-11-15 22:00:00,2023-11-15 23:00:00,ringsted,5.775,0.0,5.175,3.625,1004.87,94.75,96.6667
1700089200,2023-11-15 23:00:00,2023-11-16 00:00:00,ringsted,5.825,0.0,5.975,4.05,1003.95,93.75,95.8333
1700092800,2023-11-16 00:00:00,2023-11-16 01:00:00,ringsted,5.85,0.0,6.15,4.375,1002.95,94.25,95.0
1700096400,2023-11-16 01:00:00,2023-11-16 02:00:00,ringsted,5.95,0.0,5.475,3.75,1001.8,94.5,95.0
1700100000,2023-11-16 02:00:00,2023-11-16 03:00:00,ringsted,6.55,0.0,5.25,2.0,1000.95,95.5,96.6667
1700103600,2023-11-16 03:00:00,2023-11-16 04:00:00,ringsted,6.75,0.0,4.575,2.225,1000.3,96.5,95.8333
1700107200,2023-11-16 04:00:00,2023-11-16 05:00:00,ringsted,6.8,0.0,4.125,2.125,999.612,96.25,95.8333
1700110800,2023-11-16 05:00:00,2023-11-16 06:00:00,ringsted,6.35,0.0,4.625,1.75,999.092,96.25,95.8333
1700114400,2023-11-16 06:00:00,2023-11-16 07:00:00,ringsted,6.25,0.0,4.3,2.125,998.946,96.5,98.3333
1700118000,2023-11-16 07:00:00,2023-11-16 08:00:00,ringsted,5.625,0.5,3.65,2.125,998.779,96.25,98.3333
1700121600,2023-11-16 08:00:00,2023-11-16 09:00:00,ringsted,5.0,17.5,3.75,0.8,999.067,95.75,98.3333
1700125200,2023-11-16 09:00:00,2023-11-16 10:00:00,ringsted,4.55,48.0,4.025,0.325,999.421,96.25,98.3333
1700128800,2023-11-16 10:00:00,2023-11-16 11:00:00,ringsted,4.4,118.0,4.775,0.0,999.475,96.0,98.3333
1700132400,2023-11-16 11:00:00,2023-11-16 12:00:00,ringsted,4.45,69.5,5.125,0.1,999.596,94.0,97.5
1700136000,2023-11-16 12:00:00,2023-11-16 13:00:00,ringsted,4.625,90.0,4.725,0.3,999.912,94.25,98.3333
1700139600,2023-11-16 13:00:00,2023-11-16 14:00:00,ringsted,4.525,53.5,5.95,0.075,1000.24,94.5,99.1667
1700143200,2023-11-16 14:00:00,2023-11-16 15:00:00,ringsted,4.625,37.0,5.75,0.875,1000.5,95.25,98.3333
1700146800,2023-11-16 15:00:00,2023-11-16 16:00:00,ringsted,4.65,12.5,5.7,0.1,1000.98,95.75,99.1667
1700150400,2023-11-16 16:00:00,2023-11-16 17:00:00,ringsted,4.625,0.0,5.35,0.125,1001.4,95.0,97.5
1700154000,2023-11-16 17:00:00,2023-11-16 18:00:00,ringsted,4.7,0.0,4.95,0.025,1001.92,95.0,99.0909
1700157600,2023-11-16 18:00:00,2023-11-16 19:00:00,ringsted,4.8,0.0,4.825,0.0,1002.45,94.5,99.1667
1700161200,2023-11-16 19:00:00,2023-11-16 20:00:00,ringsted,4.9,0.0,5.075,0.125,1003.03,94.0,99.1667
1700164800,2023-11-16 20:00:00,2023-11-16 21:00:00,ringsted,4.775,0.0,4.75,0.4,1003.41,93.5,98.3333
1700168400,2023-11-16 21:00:00,2023-11-16 22:00:00,ringsted,4.725,0.0,4.775,0.0,1003.66,92.25,95.0
1700172000,2023-11-16 22:00:00,2023-11-16 23:00:00,ringsted,4.525,0.0,4.675,0.125,1004.06,92.25,99.1667
1700175600,2023-11-16 23:00:00,2023-11-17 00:00:00,ringsted,4.475,0.0,4.775,0.0,1004.62,91.25,95.8333
1700179200,2023-11-17 00:00:00,2023-11-17 01:00:00,ringsted,4.425,0.0,4.425,0.0,1005.1,90.75,92.5
1700182800,2023-11-17 01:00:00,2023-11-17 02:00:00,ringsted,4.275,0.0,4.575,0.0,1005.49,90.25,79.1667
1700186400,2023-11-17 02:00:00,2023-11-17 03:00:00,ringsted,4.1,0.0,4.6,0.0,1005.96,90.0,88.3333
1700190000,2023-11-17 03:00:00,2023-11-17 04:00:00,ringsted,4.05,0.0,3.875,0.0,1006.6,90.5,84.1667
1700193600,2023-11-17 04:00:00,2023-11-17 05:00:00,ringsted,4.075,0.0,3.7,0.0,1007.18,91.0,67.9167
1700197200,2023-11-17 05:00:00,2023-11-17 06:00:00,ringsted,4.0,0.0,3.85,0.025,1007.77,90.25,84.5833
1700200800,2023-11-17 06:00:00,2023-11-17 07:00:00,ringsted,4.225,0.0,4.125,0.0,1008.35,88.75,78.3333
1700204400,2023-11-17 07:00:00,2023-11-17 08:00:00,ringsted,4.05,0.5,3.7,0.0,1009.15,88.75,76.6667
1700208000,2023-11-17 08:00:00,2023-11-17 09:00:00,ringsted,4.275,21.5,3.825,0.0,1009.95,87.5,98.3333
1700211600,2023-11-17 09:00:00,2023-11-17 10:00:00,ringsted,4.7,43.0,4.175,0.0,1010.66,85.5,98.3333
1700215200,2023-11-17 10:00:00,2023-11-17 11:00:00,ringsted,5.0,45.0,4.225,0.0,1011.32,84.0,99.1667
1700218800,2023-11-17 11:00:00,2023-11-17 12:00:00,ringsted,5.2,50.5,4.225,0.0,1011.87,83.0,99.1667
1700222400,2023-11-17 12:00:00,2023-11-17 13:00:00,ringsted,5.1,38.5,3.925,0.0,1012.5,83.5,98.3333
1700226000,2023-11-17 13:00:00,2023-11-17 14:00:00,ringsted,5.0,39.5,3.8,0.0,1013.29,83.75,97.5
1700229600,2023-11-17 14:00:00,2023-11-17 15:00:00,ringsted,4.95,22.5,3.25,0.0,1014.12,83.0,99.1667
1700233200,2023-11-17 15:00:00,2023-11-17 16:00:00,ringsted,4.825,8.0,3.1,0.0,1014.75,82.75,98.3333
1700236800,2023-11-17 16:00:00,2023-11-17 17:00:00,ringsted,4.525,0.0,2.75,0.025,1015.52,85.0,98.1818
1700240400,2023-11-17 17:00:00,2023-11-17 18:00:00,ringsted,4.3,0.0,2.475,0.0,1016.23,86.25,96.6667
1700244000,2023-11-17 18:00:00,2023-11-17 19:00:00,ringsted,4.15,0.0,3.025,0.0,1016.92,84.75,96.6667
1700247600,2023-11-17 19:00:00,2023-11-17 20:00:00,ringsted,3.7,0.0,2.625,0.0,1017.53,85.25,97.5
1700251200,2023-11-17 20:00:00,2023-11-17 21:00:00,ringsted,3.175,0.0,2.525,0.0,1018.02,87.0,90.0
1700254800,2023-11-17 21:00:00,2023-11-17 22:00:00,ringsted,2.775,0.0,2.075,0.0,1018.26,88.0,56.25
1700258400,2023-11-17 22:00:00,2023-11-17 23:00:00,ringsted,2.025,0.0,1.875,0.0,1018.5,89.25,16.6667
1700262000,2023-11-17 23:00:00,2023-11-18 00:00:00,ringsted,1.35,0.0,1.675,0.0,1019.03,91.25,0.0
1700265600,2023-11-18 00:00:00,2023-11-18 01:00:00,ringsted,0.475,0.0,1.5,0.0,1019.44,92.25,24.1667
1700269200,2023-11-18 01:00:00,2023-11-18 02:00:00,ringsted,-0.075,0.0,1.425,0.0,1020.04,94.0,47.5
1700272800,2023-11-18 02:00:00,2023-11-18 03:00:00,ringsted,-0.2,0.0,1.425,0.0,1020.27,95.5,91.25
1700276400,2023-11-18 03:00:00,2023-11-18 04:00:00,ringsted,-0.05,0.0,1.5,0.0,1019.91,95.25,62.0833
1700280000,2023-11-18 04:00:00,2023-11-18 05:00:00,ringsted,-0.025,0.0,1.55,0.0,1019.7,94.5,3.33333
1700283600,2023-11-18 05:00:00,2023-11-18 06:00:00,ringsted,-0.325,0.0,1.25,0.0,1019.85,94.0,0.0
1700287200,2023-11-18 06:00:00,2023-11-18 07:00:00,ringsted,-0.85,0.0,1.025,0.0,1020.12,95.0,0.0
1700290800,2023-11-18 07:00:00,2023-11-18 08:00:00,ringsted,-1.6,1.0,1.0,0.0,1020.52,96.0,0.0
1700294400,2023-11-18 08:00:00,2023-11-18 09:00:00,ringsted,-1.625,52.0,1.15,0.0,1020.73,96.75,0.0
1700298000,2023-11-18 09:00:00,2023-11-18 10:00:00,ringsted,0.05,155.0,1.35,0.0,1020.45,94.5,2.5
1700301600,2023-11-18 10:00:00,2023-11-18 11:00:00,ringsted,2.225,206.5,1.55,0.0,1020.28,82.25,0.0
1700305200,2023-11-18 11:00:00,2023-11-18 12:00:00,ringsted,3.5,262.0,2.225,0.0,1019.7,70.0,0.0
1700308800,2023-11-18 12:00:00,2023-11-18 13:00:00,ringsted,4.05,277.5,2.925,0.0,1019.25,65.25,0.0
1700312400,2023-11-18 13:00:00,2023-11-18 14:00:00,ringsted,4.15,229.0,3.075,0.0,1018.73,66.25,5.83333
1700316000,2023-11-18 14:00:00,2023-11-18 15:00:00,ringsted,3.575,98.5,3.025,0.0,1018.05,68.5,51.25
1700319600,2023-11-18 15:00:00,2023-11-18 16:00:00,ringsted,2.25,18.0,2.475,0.0,1017.37,74.0,45.4167
1700323200,2023-11-18 16:00:00,2023-11-18 17:00:00,ringsted,1.425,0.5,2.5,0.0,1016.57,79.0,35.4167
1700326800,2023-11-18 17:00:00,2023-11-18 18:00:00,ringsted,1.35,0.0,2.75,0.0,1016.13,83.5,68.3333
1700330400,2023-11-18 18:00:00,2023-11-18 19:00:00,ringsted,1.575,0.0,2.525,0.0,1015.24,86.25,85.0
1700334000,2023-11-18 19:00:00,2023-11-18 20:00:00,ringsted,3.0,0.0,3.25,0.0,1014.26,84.5,91.6667
1700337600,2023-11-18 20:00:00,2023-11-18 21:00:00,ringsted,3.975,0.0,3.9,0.0,1013.72,80.75,90.0
1700341200,2023-11-18 21:00:00,2023-11-18 22:00:00,ringsted,4.475,0.0,3.9,0.0,1012.45,78.5,90.0
1700344800,2023-11-18 22:00:00,2023-11-18 23:00:00,ringsted,4.575,0.0,4.425,0.0,1011.02,79.5,92.5
1700348400,2023-11-18 23:00:00,2023-11-19 00:00:00,ringsted,4.6,0.0,5.0,0.0,1009.6,81.25,94.1667
1700352000,2023-11-19 00:00:00,2023-11-19 01:00:00,ringsted,4.525,0.0,5.275,0.0,1008.23,82.0,92.5
1700355600,2023-11-19 01:00:00,2023-11-19 02:00:00,ringsted,4.725,0.0,5.775,0.025,1006.58,84.25,90.8333
1700359200,2023-11-19 02:00:00,2023-11-19 03:00:00,ringsted,4.775,0.0,6.0,0.05,1005.11,85.0,94.1667
1700362800,2023-11-19 03:00:00,2023-11-19 04:00:00,ringsted,4.625,0.0,6.325,0.3,1003.51,87.5,97.5
1700366400,2023-11-19 04:00:00,2023-11-19 05:00:00,ringsted,4.5,0.0,6.975,0.1,1002.24,89.0,99.1667
1700370000,2023-11-19 05:00:00,2023-11-19 06:00:00,ringsted,4.475,0.0,7.375,0.2,1001.1,90.0,98.3333
1700373600,2023-11-19 06:00:00,2023-11-19 07:00:00,ringsted,4.425,0.0,7.475,0.7,1000.2,92.75,99.1667
1700377200,2023-11-19 07:00:00,2023-11-19 08:00:00,ringsted,4.275,0.0,7.975,0.975,999.533,92.75,98.3333
1700380800,2023-11-19 08:00:00,2023-11-19 09:00:00,ringsted,4.0,3.5,7.675,0.575,999.154,92.75,99.1667
1700384400,2023-11-19 09:00:00,2023-11-19 10:00:00,ringsted,3.8,8.5,6.925,1.95,998.55,93.0,99.1667
1700388000,2023-11-19 10:00:00,2023-11-19 11:00:00,ringsted,3.925,19.0,6.725,0.85,998.029,93.75,98.3333
1700391600,2023-11-19 11:00:00,2023-11-19 12:00:00,ringsted,4.175,25.5,6.275,0.7,997.55,94.25,97.5
1700395200,2023-11-19 12:00:00,2023-11-19 13:00:00,ringsted,4.55,32.0,5.65,0.8,997.213,94.75,95.8333
1700398800,2023-11-19 13:00:00,2023-11-19 14:00:00,ringsted,4.775,30.0,5.175,1.125,997.054,95.5,96.6667
1700402400,2023-11-19 14:00:00,2023-11-19 15:00:00,ringsted,4.95,21.5,4.425,0.45,997.15,96.0,98.3333
1700406000,2023-11-19 15:00:00,2023-11-19 16:00:00,ringsted,5.0,5.0,4.075,0.15,997.362,96.5,95.0
1700409600,2023-11-19 16:00:00,2023-11-19 17:00:00,ringsted,5.1,0.0,3.85,0.325,997.612,97.0,97.5
1700413200,2023-11-19 17:00:00,2023-11-19 18:00:00,ringsted,5.25,0.0,4.6,0.125,997.938,96.75,97.5
1700416800,2023-11-19 18:00:00,2023-11-19 19:00:00,ringsted,5.35,0.0,4.325,0.15,998.225,96.75,98.3333
1700420400,2023-11-19 19:00:00,2023-11-19 20:00:00,ringsted,5.4,0.0,4.325,0.225,998.429,97.0,98.3333
1700424000,2023-11-19 20:00:00,2023-11-19 21:00:00,ringsted,5.45,0.0,4.525,0.425,998.642,97.25,96.6667
1700427600,2023-11-19 21:00:00,2023-11-19 22:00:00,ringsted,5.45,0.0,4.675,0.575,998.929,97.5,98.3333
1700431200,2023-11-19 22:00:00,2023-11-19 23:00:00,ringsted,5.4,0.0,4.475,0.375,999.004,97.5,97.5
1700434800,2023-11-19 23:00:00,2023-11-20 00:00:00,ringsted,5.425,0.0,4.725,0.425,999.146,97.25,99.1667
1700438400,2023-11-20 00:00:00,2023-11-20 01:00:00,ringsted,5.425,0.0,4.875,0.125,999.371,97.0,99.1667
1700442000,2023-11-20 01:00:00,2023-11-20 02:00:00,ringsted,5.5,0.0,4.6,0.15,999.646,97.25,99.1667
1700445600,2023-11-20 02:00:00,2023-11-20 03:00:00,ringsted,5.45,0.0,4.45,0.35,999.817,97.5,99.1667
1700449200,2023-11-20 03:00:00,2023-11-20 04:00:00,ringsted,5.45,0.0,4.625,0.3,999.996,97.0,99.1667
1700452800,2023-11-20 04:00:00,2023-11-20 05:00:00,ringsted,5.375,0.0,4.6,0.05,1000.21,97.0,99.1667
1700456400,2023-11-20 05:00:00,2023-11-20 06:00:00,ringsted,5.275,0.0,4.5,0.025,1000.46,97.0,99.1667
1700460000,2023-11-20 06:00:00,2023-11-20 07:00:00,ringsted,5.15,0.0,4.675,0.2,1000.99,96.5,99.1667
1700463600,2023-11-20 07:00:00,2023-11-20 08:00:00,ringsted,5.125,0.5,4.525,0.2,1001.61,96.0,99.1667
1700467200,2023-11-20 08:00:00,2023-11-20 09:00:00,ringsted,5.175,9.0,4.575,0.0,1001.99,95.0,98.3333
1700470800,2023-11-20 09:00:00,2023-11-20 10:00:00,ringsted,5.35,27.5,4.775,0.0,1002.41,93.75,98.3333
1700474400,2023-11-20 10:00:00,2023-11-20 11:00:00,ringsted,5.5,53.5,4.775,0.075,1002.64,93.25,98.3333
1700478000,2023-11-20 11:00:00,2023-11-20 12:00:00,ringsted,5.65,53.5,4.825,0.0,1002.65,92.25,98.3333
1700481600,2023-11-20 12:00:00,2023-11-20 13:00:00,ringsted,5.875,71.0,4.5,0.0,1002.7,90.5,98.3333
1700485200,2023-11-20 13:00:00,2023-11-20 14:00:00,ringsted,5.925,60.0,4.425,0.0,1002.9,89.75,98.3333
1700488800,2023-11-20 14:00:00,2023-11-20 15:00:00,ringsted,5.775,40.0,4.025,0.0,1003.33,89.75,98.3333
1700492400,2023-11-20 15:00:00,2023-11-20 16:00:00,ringsted,5.8,15.0,3.475,0.025,1003.88,88.5,98.3333
1700496000,2023-11-20 16:00:00,2023-11-20 17:00:00,ringsted,5.65,0.0,3.375,0.0,1004.45,88.5,98.3333
1700499600,2023-11-20 17:00:00,2023-11-20 18:00:00,ringsted,5.525,0.0,3.4,0.0,1005.05,89.75,98.3333
1700503200,2023-11-20 18:00:00,2023-11-20 19:00:00,ringsted,5.325,0.0,3.9,0.0,1005.55,90.75,98.3333
1700506800,2023-11-20 19:00:00,2023-11-20 20:00:00,ringsted,5.225,0.0,4.025,0.0,1006.09,90.75,96.6667
1700510400,2023-11-20 20:00:00,2023-11-20 21:00:00,ringsted,5.125,0.0,3.6,0.0,1006.56,90.0,97.5
1700514000,2023-11-20 21:00:00,2023-11-20 22:00:00,ringsted,4.975,0.0,3.45,0.0,1007.1,90.25,80.8333
1700517600,2023-11-20 22:00:00,2023-11-20 23:00:00,ringsted,4.85,0.0,3.575,0.0,1007.75,89.5,90.8333
1700521200,2023-11-20 23:00:00,2023-11-21 00:00:00,ringsted,4.725,0.0,3.375,0.0,1008.35,89.0,87.5
1700524800,2023-11-21 00:00:00,2023-11-21 01:00:00,ringsted,4.675,0.0,3.125,0.0,1008.71,89.25,99.1667
1700528400,2023-11-21 01:00:00,2023-11-21 02:00:00,ringsted,4.55,0.0,3.375,0.0,1009.42,89.0,99.1667
1700532000,2023-11-21 02:00:00,2023-11-21 03:00:00,ringsted,4.375,0.0,3.425,0.0,1010.17,88.0,99.1667
1700535600,2023-11-21 03:00:00,2023-11-21 04:00:00,ringsted,4.2,0.0,3.4,0.0,1010.65,87.75,99.1667
1700539200,2023-11-21 04:00:00,2023-11-21 05:00:00,ringsted,4.0,0.0,3.25,0.0,1011.43,87.75,95.8333
1700542800,2023-11-21 05:00:00,2023-11-21 06:00:00,ringsted,3.9,0.0,3.0,0.0,1012.17,87.75,98.3333
1700546400,2023-11-21 06:00:00,2023-11-21 07:00:00,ringsted,4.0,0.0,3.3,0.0,1013.03,88.5,98.3333
1700550000,2023-11-21 07:00:00,2023-11-21 08:00:00,ringsted,3.95,0.0,3.575,0.0,1013.94,87.75,96.6667
1700553600,2023-11-21 08:00:00,2023-11-21 09:00:00,ringsted,3.9,13.5,3.45,0.0,1014.63,87.25,95.0
1700557200,2023-11-21 09:00:00,2023-11-21 10:00:00,ringsted,4.125,64.5,3.95,0.0,1015.18,85.5,92.8571
1700560800,2023-11-21 10:00:00,2023-11-21 11:00:00,ringsted,4.1,,3.6,0.0,1015.83,78.0,93.3333
1700564400,2023-11-21 11:00:00,2023-11-21 12:00:00,ringsted,4.0,,2.6,0.0,1016.33,71.0,90.0
1700568000,2023-11-21 12:00:00,2023-11-21 13:00:00,ringsted,4.0,,2.6,0.0,1016.97,70.0,75.0
1700571600,2023-11-21 13:00:00,2023-11-21 14:00:00,ringsted,4.0,,2.6,0.0,1017.53,71.0,15.8333
1700575200,2023-11-21 14:00:00,2023-11-21 15:00:00,ringsted,3.5,,2.6,0.0,1018.18,72.0,5.0
1700578800,2023-11-21 15:00:00,2023-11-21 16:00:00,ringsted,2.6,,1.5,0.0,1019.22,73.0,1.66667
1700582400,2023-11-21 16:00:00,2023-11-21 17:00:00,ringsted,1.5,,1.5,0.0,1020.22,76.0,75.0
1700586000,2023-11-21 17:00:00,2023-11-21 18:00:00,ringsted,0.7,,1.5,0.0,1021.55,80.0,25.0
1700589600,2023-11-21 18:00:00,2023-11-21 19:00:00,ringsted,1.75,0.0,2.625,0.0,1022.36,79.5,43.3333
1700593200,2023-11-21 19:00:00,2023-11-21 20:00:00,ringsted,1.525,0.0,2.275,0.0,1022.93,81.5,63.3333
1700596800,2023-11-21 20:00:00,2023-11-21 21:00:00,ringsted,0.775,0.0,2.225,0.0,1023.52,84.5,47.5
1700600400,2023-11-21 21:00:00,2023-11-21 22:00:00,ringsted,0.2,0.0,2.125,0.0,1023.92,86.75,46.6667
1700604000,2023-11-21 22:00:00,2023-11-21 23:00:00,ringsted,0.075,0.0,1.975,0.0,1024.18,87.5,4.16667
1700607600,2023-11-21 23:00:00,2023-11-22 00:00:00,ringsted,-0.775,0.0,1.1,0.0,1024.35,91.25,0.0
1700611200,2023-11-22 00:00:00,2023-11-22 01:00:00,ringsted,-1.025,0.0,1.325,0.0,1024.56,91.75,0.0
1700614800,2023-11-22 01:00:00,2023-11-22 02:00:00,ringsted,-1.65,0.0,1.05,0.0,1024.61,93.5,0.0
1700618400,2023-11-22 02:00:00,2023-11-22 03:00:00,ringsted,-2.125,0.0,0.9,0.0,1024.74,95.25,0.0
1700622000,2023-11-22 03:00:00,2023-11-22 04:00:00,ringsted,-2.25,0.0,0.95,0.0,1024.96,96.0,0.0
1700625600,2023-11-22 04:00:00,2023-11-22 05:00:00,ringsted,-2.525,0.0,0.875,0.0,1024.66,96.25,4.16667
1700629200,2023-11-22 05:00:00,2023-11-22 06:00:00,ringsted,-2.925,0.0,0.85,0.0,1024.72,96.75,64.5833
1700632800,2023-11-22 06:00:00,2023-11-22 07:00:00,ringsted,-2.575,0.0,0.6,0.0,1024.17,96.5,34.5455
1700636400,2023-11-22 07:00:00,2023-11-22 08:00:00,ringsted,-2.025,2.0,1.05,0.0,1024.5,97.0,53.75
1700640000,2023-11-22 08:00:00,2023-11-22 09:00:00,ringsted,-1.05,19.0,1.625,0.0,1024.08,95.5,51.6667
1700643600,2023-11-22 09:00:00,2023-11-22 10:00:00,ringsted,0.5,41.0,3.0,0.025,1023.83,92.0,71.6667
1700647200,2023-11-22 10:00:00,2023-11-22 11:00:00,ringsted,1.775,74.5,3.4,0.0,1022.39,87.75,21.6667
1700650800,2023-11-22 11:00:00,2023-11-22 12:00:00,ringsted,3.2,117.0,4.775,0.0,1020.96,83.75,35.4167
1700654400,2023-11-22 12:00:00,2023-11-22 13:00:00,ringsted,3.9,72.0,6.15,0.0,1020.0,77.0,94.1667
1700658000,2023-11-22 13:00:00,2023-11-22 14:00:00,ringsted,4.025,32.5,6.925,0.0,1019.5,71.0,93.3333
1700661600,2023-11-22 14:00:00,2023-11-22 15:00:00,ringsted,4.05,18.0,7.675,0.0,1018.29,67.5,92.9167
1700665200,2023-11-22 15:00:00,2023-11-22 16:00:00,ringsted,4.05,5.5,8.675,0.0,1017.18,63.0,97.5
1700668800,2023-11-22 16:00:00,2023-11-22 17:00:00,ringsted,3.975,0.0,9.75,0.0,1015.51,61.0,98.3333
1700672400,2023-11-22 17:00:00,2023-11-22 18:00:00,ringsted,3.875,0.0,10.025,0.0,1013.97,61.75,96.6667
1700676000,2023-11-22 18:00:00,2023-11-22 19:00:00,ringsted,3.85,0.0,10.6,0.0,1012.5,63.25,95.0
1700679600,2023-11-22 19:00:00,2023-11-22 20:00:00,ringsted,3.05,0.0,10.625,0.0,1010.65,76.5,98.3333
1700683200,2023-11-22 20:00:00,2023-11-22 21:00:00,ringsted,2.9,0.0,9.525,0.0,1009.05,84.5,98.3333
1700686800,2023-11-22 21:00:00,2023-11-22 22:00:00,ringsted,3.825,0.0,9.875,0.0,1007.17,82.25,99.1667
1700690400,2023-11-22 22:00:00,2023-11-22 23:00:00,ringsted,4.65,0.0,10.05,0.025,1005.65,85.75,99.1667
1700694000,2023-11-22 23:00:00,2023-11-23 00:00:00,ringsted,5.35,0.0,9.425,0.3,1004.26,91.25,99.1667
1700697600,2023-11-23 00:00:00,2023-11-23 01:00:00,ringsted,6.3,0.0,8.275,0.35,1003.23,95.5,99.1667
1700701200,2023-11-23 01:00:00,2023-11-23 02:00:00,ringsted,7.75,0.0,8.025,0.525,1002.32,96.25,99.1667
1700704800,2023-11-23 02:00:00,2023-11-23 03:00:00,ringsted,8.7,0.0,8.3,0.1,1001.66,96.25,97.5
1700708400,2023-11-23 03:00:00,2023-11-23 04:00:00,ringsted,9.35,0.0,8.575,0.125,1000.83,96.0,95.8333
1700712000,2023-11-23 04:00:00,2023-11-23 05:00:00,ringsted,9.775,0.0,8.85,0.075,999.854,94.5,99.1667
1700715600,2023-11-23 05:00:00,2023-11-23 06:00:00,ringsted,10.025,0.0,8.775,0.075,998.854,92.0,93.3333
1700719200,2023-11-23 06:00:00,2023-11-23 07:00:00,ringsted,10.275,0.0,8.675,0.05,997.958,90.5,95.0
1700722800,2023-11-23 07:00:00,2023-11-23 08:00:00,ringsted,10.35,0.0,8.8,0.075,996.95,90.5,95.8333
1700726400,2023-11-23 08:00:00,2023-11-23 09:00:00,ringsted,10.375,9.5,8.95,0.075,996.383,90.5,95.0
1700730000,2023-11-23 09:00:00,2023-11-23 10:00:00,ringsted,10.625,40.0,8.725,0.05,995.908,87.75,87.5
1700733600,2023-11-23 10:00:00,2023-11-23 11:00:00,ringsted,10.625,63.5,9.8,0.475,995.108,86.75,96.8333
1700737200,2023-11-23 11:00:00,2023-11-23 12:00:00,ringsted,10.025,30.0,9.025,1.425,994.204,89.0,95.4545
1700740800,2023-11-23 12:00:00,2023-11-23 13:00:00,ringsted,9.45,42.0,9.45,1.475,993.404,89.5,92.7273
1700744400,2023-11-23 13:00:00,2023-11-23 14:00:00,ringsted,9.4,45.0,9.4,0.375,992.458,86.5,90.0
1700748000,2023-11-23 14:00:00,2023-11-23 15:00:00,ringsted,9.275,28.5,9.3,0.125,991.763,85.0,91.6667
1700751600,2023-11-23 15:00:00,2023-11-23 16:00:00,ringsted,8.825,7.5,10.3,0.275,991.629,78.0,68.3333
1700755200,2023-11-23 16:00:00,2023-11-23 17:00:00,ringsted,7.975,0.0,10.275,0.0,991.104,75.5,43.75
1700758800,2023-11-23 17:00:00,2023-11-23 18:00:00,ringsted,7.45,0.0,9.875,0.0,990.792,73.0,45.0
1700762400,2023-11-23 18:00:00,2023-11-23 19:00:00,ringsted,7.1,0.0,10.4,0.0,990.638,72.0,44.1667
1700766000,2023-11-23 19:00:00,2023-11-23 20:00:00,ringsted,6.325,0.0,10.175,0.125,990.683,75.25,43.75
1700769600,2023-11-23 20:00:00,2023-11-23 21:00:00,ringsted,5.7,0.0,10.175,0.0,990.629,75.75,50.0
1700773200,2023-11-23 21:00:00,2023-11-23 22:00:00,ringsted,5.65,0.0,10.6,0.0,991.05,72.0,22.0833
1700776800,2023-11-23 22:00:00,2023-11-23 23:00:00,ringsted,5.375,0.0,10.775,0.0,991.229,67.5,5.83333
1700780400,2023-11-23 23:00:00,2023-11-24 00:00:00,ringsted,5.275,0.0,10.675,0.0,991.267,62.5,10.0
1700784000,2023-11-24 00:00:00,2023-11-24 01:00:00,ringsted,4.9,0.0,11.0,0.0,991.263,63.5,8.33333
1700787600,2023-11-24 01:00:00,2023-11-24 02:00:00,ringsted,4.425,0.0,9.9,0.0,991.308,67.0,20.4167
1700791200,2023-11-24 02:00:00,2023-11-24 03:00:00,ringsted,4.2,0.0,9.825,0.0,991.392,69.0,50.0
1700794800,2023-11-24 03:00:00,2023-11-24 04:00:00,ringsted,4.125,0.0,9.675,0.0,991.629,67.5,46.6667
1700798400,2023-11-24 04:00:00,2023-11-24 05:00:00,ringsted,3.825,0.0,8.675,0.0,991.638,68.25,21.25
1700802000,2023-11-24 05:00:00,2023-11-24 06:00:00,ringsted,3.525,0.0,7.45,0.0,991.204,70.0,14.1667
1700805600,2023-11-24 06:00:00,2023-11-24 07:00:00,ringsted,3.2,0.0,6.825,0.0,990.579,73.5,16.6667
1700809200,2023-11-24 07:00:00,2023-11-24 08:00:00,ringsted,3.175,0.0,7.15,0.0,990.008,76.25,44.1667
1700812800,2023-11-24 08:00:00,2023-11-24 09:00:00,ringsted,3.225,31.0,7.425,0.0,989.35,78.75,59.1667
1700816400,2023-11-24 09:00:00,2023-11-24 10:00:00,ringsted,3.375,78.5,7.25,0.0,988.679,78.5,73.3333
1700820000,2023-11-24 10:00:00,2023-11-24 11:00:00,ringsted,3.825,94.5,7.95,0.0,988.096,76.5,80.8333
1700823600,2023-11-24 11:00:00,2023-11-24 12:00:00,ringsted,4.35,166.5,7.875,0.0,987.579,72.75,85.0
1700827200,2023-11-24 12:00:00,2023-11-24 13:00:00,ringsted,4.5,64.0,6.725,0.075,987.142,72.25,78.3333
1700830800,2023-11-24 13:00:00,2023-11-24 14:00:00,ringsted,4.25,75.0,5.5,0.125,987.112,74.25,60.8333
1700834400,2023-11-24 14:00:00,2023-11-24 15:00:00,ringsted,3.875,65.5,4.0,0.075,987.629,76.75,83.75
1700838000,2023-11-24 15:00:00,2023-11-24 16:00:00,ringsted,3.075,9.0,2.775,0.45,988.638,80.25,70.4167
1700841600,2023-11-24 16:00:00,2023-11-24 17:00:00,ringsted,2.25,0.0,2.75,0.25,989.858,82.5,38.3333
1700845200,2023-11-24 17:00:00,2023-11-24 18:00:00,ringsted,1.775,0.0,3.55,0.0,991.246,81.25,0.833333
1700848800,2023-11-24 18:00:00,2023-11-24 19:00:00,ringsted,1.725,0.0,4.675,0.0,992.467,74.75,0.0
1700852400,2023-11-24 19:00:00,2023-11-24 20:00:00,ringsted,1.55,0.0,4.975,0.0,993.529,71.5,19.1667
1700856000,2023-11-24 20:00:00,2023-11-24 21:00:00,ringsted,1.575,0.0,5.425,0.0,994.283,71.75,14.1667
1700859600,2023-11-24 21:00:00,2023-11-24 22:00:00,ringsted,1.35,0.0,4.525,0.0,995.037,74.5,36.6667
1700863200,2023-11-24 22:00:00,2023-11-24 23:00:00,ringsted,1.725,0.0,4.8,0.0,995.629,74.0,47.5
1700866800,2023-11-24 23:00:00,2023-11-25 00:00:00,ringsted,1.9,0.0,4.5,0.0,995.942,74.5,52.9167
1700870400,2023-11-25 00:00:00,2023-11-25 01:00:00,ringsted,2.0,0.0,4.55,0.0,996.146,74.0,75.0
1700874000,2023-11-25 01:00:00,2023-11-25 02:00:00,ringsted,1.975,0.0,3.575,0.0,996.233,74.25,86.25
1700877600,2023-11-25 02:00:00,2023-11-25 03:00:00,ringsted,1.65,0.0,2.65,0.0,996.162,77.5,90.0
1700881200,2023-11-25 03:00:00,2023-11-25 04:00:00,ringsted,1.0,0.0,1.7,0.0,996.017,81.25,29.5833
1700884800,2023-11-25 04:00:00,2023-11-25 05:00:00,ringsted,0.325,0.0,1.975,0.0,996.179,85.0,0.833333
1700888400,2023-11-25 05:00:00,2023-11-25 06:00:00,ringsted,0.15,0.0,2.225,0.0,996.3,83.5,13.75
1700892000,2023-11-25 06:00:00,2023-11-25 07:00:00,ringsted,-0.325,0.0,2.025,0.0,997.054,85.5,44.5833
1700895600,2023-11-25 07:00:00,2023-11-25 08:00:00,ringsted,-0.3,0.0,1.425,0.0,997.767,88.75,47.9167
1700899200,2023-11-25 08:00:00,2023-11-25 09:00:00,ringsted,-0.125,20.5,2.1,0.0,998.4,90.0,93.3333
1700902800,2023-11-25 09:00:00,2023-11-25 10:00:00,ringsted,0.925,64.0,2.5,0.0,999.254,87.5,60.8333
1700906400,2023-11-25 10:00:00,2023-11-25 11:00:00,ringsted,1.475,125.5,3.4,0.0,999.821,83.0,22.5
1700910000,2023-11-25 11:00:00,2023-11-25 12:00:00,ringsted,2.125,225.5,4.325,0.0,1000.5,76.0,33.75
1700913600,2023-11-25 12:00:00,2023-11-25 13:00:00,ringsted,2.2,216.0,4.45,0.0,1001.0,68.75,68.75
1700917200,2023-11-25 13:00:00,2023-11-25 14:00:00,ringsted,1.8,104.5,4.275,0.0,1001.34,67.75,47.5
1700920800,2023-11-25 14:00:00,2023-11-25 15:00:00,ringsted,1.25,80.0,4.225,0.0,1001.92,69.75,6.25
1700924400,2023-11-25 15:00:00,2023-11-25 16:00:00,ringsted,0.45,19.5,4.65,0.0,1002.6,70.5,12.5
1700928000,2023-11-25 16:00:00,2023-11-25 17:00:00,ringsted,-0.55,0.5,3.5,0.0,1002.95,71.5,28.75
1700931600,2023-11-25 17:00:00,2023-11-25 18:00:00,ringsted,-1.125,0.0,2.35,0.0,1003.35,74.0,59.1667
1700935200,2023-11-25 18:00:00,2023-11-25 19:00:00,ringsted,-1.15,0.0,2.25,0.0,1003.9,74.25,45.8333
1700938800,2023-11-25 19:00:00,2023-11-25 20:00:00,ringsted,-1.1,0.0,2.725,0.0,1004.42,72.5,49.1667
1700942400,2023-11-25 20:00:00,2023-11-25 21:00:00,ringsted,-1.275,0.0,3.375,0.0,1005.17,69.75,35.8333
1700946000,2023-11-25 21:00:00,2023-11-25 22:00:00,ringsted,-1.675,0.0,3.325,0.0,1005.78,68.25,0.833333
1700949600,2023-11-25 22:00:00,2023-11-25 23:00:00,ringsted,-2.575,0.0,2.875,0.0,1006.16,69.25,0.0
1700953200,2023-11-25 23:00:00,2023-11-26 00:00:00,ringsted,-3.25,0.0,2.525,0.0,1006.21,71.25,36.6667
1700956800,2023-11-26 00:00:00,2023-11-26 01:00:00,ringsted,-3.875,0.0,1.525,0.0,1006.28,74.0,47.0833
1700960400,2023-11-26 01:00:00,2023-11-26 02:00:00,ringsted,-4.2,0.0,1.0,0.0,1006.51,78.75,18.3333
1700964000,2023-11-26 02:00:00,2023-11-26 03:00:00,ringsted,-4.375,0.0,1.05,0.0,1006.4,82.5,70.8333
1700967600,2023-11-26 03:00:00,2023-11-26 04:00:00,ringsted,-3.775,0.5,1.25,0.0,1006.24,82.75,89.1667
1700971200,2023-11-26 04:00:00,2023-11-26 05:00:00,ringsted,-3.35,0.0,1.425,0.0,1006.25,84.25,46.6667
1700974800,2023-11-26 05:00:00,2023-11-26 06:00:00,ringsted,-3.05,0.0,2.075,0.0,1006.35,83.0,44.1667
1700978400,2023-11-26 06:00:00,2023-11-26 07:00:00,ringsted,-2.475,0.0,1.875,0.0,1006.54,82.25,54.5833
1700982000,2023-11-26 07:00:00,2023-11-26 08:00:00,ringsted,-1.975,0.0,1.325,0.0,1006.69,82.5,33.75
1700985600,2023-11-26 08:00:00,2023-11-26 09:00:00,ringsted,-1.9,22.5,1.575,0.0,1006.65,83.0,35.4167
1700989200,2023-11-26 09:00:00,2023-11-26 10:00:00,ringsted,-0.775,106.0,2.075,0.0,1006.58,80.25,70.8333
1700992800,2023-11-26 10:00:00,2023-11-26 11:00:00,ringsted,0.525,184.0,2.25,0.05,1006.43,78.25,85.0
1700996400,2023-11-26 11:00:00,2023-11-26 12:00:00,ringsted,1.0,84.5,2.325,0.025,1006.22,78.75,90.0
1701000000,2023-11-26 12:00:00,2023-11-26 13:00:00,ringsted,1.35,123.5,2.825,0.0,1006.17,78.75,90.0
1701003600,2023-11-26 13:00:00,2023-11-26 14:00:00,ringsted,1.425,69.5,2.575,0.025,1006.01,79.25,55.8333
1701007200,2023-11-26 14:00:00,2023-11-26 15:00:00,ringsted,1.075,34.5,2.2,0.0,1005.98,80.0,80.8333
1701010800,2023-11-26 15:00:00,2023-11-26 16:00:00,ringsted,0.725,10.0,1.9,0.0,1006.24,82.5,96.6667
1701014400,2023-11-26 16:00:00,2023-11-26 17:00:00,ringsted,0.6,0.5,1.575,0.0,1006.17,83.75,98.3333
1701018000,2023-11-26 17:00:00,2023-11-26 18:00:00,ringsted,0.575,0.0,1.525,0.0,1006.33,83.5,96.6667
1701021600,2023-11-26 18:00:00,2023-11-26 19:00:00,ringsted,0.35,0.0,1.65,0.0,1006.35,85.25,94.1667
1701025200,2023-11-26 19:00:00,2023-11-26 20:00:00,ringsted,0.2,0.0,1.4,0.0,1006.35,88.0,97.5
1701028800,2023-11-26 20:00:00,2023-11-26 21:00:00,ringsted,-0.15,0.0,0.925,0.0,1006.36,91.5,95.8333
1701032400,2023-11-26 21:00:00,2023-11-26 22:00:00,ringsted,-0.3,0.0,0.525,0.0,1006.17,93.75,98.3333
1701036000,2023-11-26 22:00:00,2023-11-26 23:00:00,ringsted,-0.25,0.0,0.725,0.0,1006.0,94.0,96.6667
1701039600,2023-11-26 23:00:00,2023-11-27 00:00:00,ringsted,-0.275,0.0,0.6,0.0,1005.83,94.0,91.6667
1701043200,2023-11-27 00:00:00,2023-11-27 01:00:00,ringsted,-0.275,0.0,0.65,0.0,1005.68,92.25,95.0
1701046800,2023-11-27 01:00:00,2023-11-27 02:00:00,ringsted,-0.35,0.0,1.175,0.0,1005.62,90.75,95.0
1701050400,2023-11-27 02:00:00,2023-11-27 03:00:00,ringsted,-0.4,0.0,2.1,0.0,1005.22,89.0,85.0
1701054000,2023-11-27 03:00:00,2023-11-27 04:00:00,ringsted,-0.6,0.0,2.425,0.0,1005.01,85.25,51.6667
1701057600,2023-11-27 04:00:00,2023-11-27 05:00:00,ringsted,-0.95,0.0,2.325,0.0,1005.03,85.75,49.1667
1701061200,2023-11-27 05:00:00,2023-11-27 06:00:00,ringsted,-1.475,0.0,2.3,0.0,1004.97,86.5,49.1667
1701064800,2023-11-27 06:00:00,2023-11-27 07:00:00,ringsted,-1.925,0.0,2.2,0.0,1004.79,87.0,49.1667
1701068400,2023-11-27 07:00:00,2023-11-27 08:00:00,ringsted,-2.575,0.0,2.075,0.0,1004.88,88.5,20.0
1701072000,2023-11-27 08:00:00,2023-11-27 09:00:00,ringsted,-2.85,25.0,2.15,0.0,1004.85,88.5,0.0
1701075600,2023-11-27 09:00:00,2023-11-27 10:00:00,ringsted,-2.125,115.0,2.05,0.0,1004.76,86.0,7.08333
1701079200,2023-11-27 10:00:00,2023-11-27 11:00:00,ringsted,-1.175,195.0,3.075,0.0,1004.45,80.25,20.8333
1701082800,2023-11-27 11:00:00,2023-11-27 12:00:00,ringsted,-1.275,175.5,4.1,0.025,1004.06,81.25,45.0
1701086400,2023-11-27 12:00:00,2023-11-27 13:00:00,ringsted,-1.36667,221.0,4.23333,0.0333333,1003.52,82.0,45.0
1701090000,2023-11-27 13:00:00,2023-11-27 14:00:00,ringsted,-1.85,115.5,4.0,0.0,1003.18,87.75,55.0
1701093600,2023-11-27 14:00:00,2023-11-27 15:00:00,ringsted,-1.95,56.0,3.925,0.0,1002.95,90.0,76.6667
1701097200,2023-11-27 15:00:00,2023-11-27 16:00:00,ringsted,-2.2,6.0,4.0,0.0,1002.74,92.0,57.5
1701100800,2023-11-27 16:00:00,2023-11-27 17:00:00,ringsted,-2.3,0.0,4.525,0.0,1002.46,92.25,52.5
1701104400,2023-11-27 17:00:00,2023-11-27 18:00:00,ringsted,-2.375,0.0,4.975,0.0,1002.31,92.5,95.0
1701108000,2023-11-27 18:00:00,2023-11-27 19:00:00,ringsted,-2.475,0.0,4.975,0.0,1002.17,91.25,98.3333
1701111600,2023-11-27 19:00:00,2023-11-27 20:00:00,ringsted,-2.525,0.0,4.775,0.0,1001.83,90.5,94.1667
1701115200,2023-11-27 20:00:00,2023-11-27 21:00:00,ringsted,-2.125,0.0,4.5,0.0,1001.55,88.0,75.8333
1701118800,2023-11-27 21:00:00,2023-11-27 22:00:00,ringsted,-1.775,0.0,3.95,0.0,1001.28,86.5,92.5
1701122400,2023-11-27 22:00:00,2023-11-27 23:00:00,ringsted,-1.55,0.0,5.05,0.0,1001.1,84.75,83.75
1701126000,2023-11-27 23:00:00,2023-11-28 00:00:00,ringsted,-1.9,0.0,5.0,0.0,1001.05,81.75,54.1667
1701129600,2023-11-28 00:00:00,2023-11-28 01:00:00,ringsted,-2.5,0.0,4.9,0.0,1000.93,80.75,52.5
1701133200,2023-11-28 01:00:00,2023-11-28 02:00:00,ringsted,-3.05,0.0,4.9,0.0,1000.97,79.75,92.0833
1701136800,2023-11-28 02:00:00,2023-11-28 03:00:00,ringsted,-3.25,0.0,4.8,0.0,1000.99,80.25,96.6667
1701140400,2023-11-28 03:00:00,2023-11-28 04:00:00,ringsted,-3.8,0.0,5.25,0.0,1001.07,78.75,98.3333
1701144000,2023-11-28 04:00:00,2023-11-28 05:00:00,ringsted,-4.3,0.0,4.9,0.0,1001.07,77.25,63.3333
1701147600,2023-11-28 05:00:00,2023-11-28 06:00:00,ringsted,-5.075,0.0,4.55,0.0,1001.04,76.5,7.08333
1701151200,2023-11-28 06:00:00,2023-11-28 07:00:00,ringsted,-6.125,0.0,4.25,0.0,1001.11,77.75,0.0
1701154800,2023-11-28 07:00:00,2023-11-28 08:00:00,ringsted,-6.825,0.0,4.35,0.0,1001.2,78.0,0.0
1701158400,2023-11-28 08:00:00,2023-11-28 09:00:00,ringsted,-7.25,20.0,3.6,0.0,1001.43,80.5,0.0
1701162000,2023-11-28 09:00:00,2023-11-28 10:00:00,ringsted,-6.5,115.5,3.675,0.0,1001.31,74.75,0.0
1701165600,2023-11-28 10:00:00,2023-11-28 11:00:00,ringsted,-5.55,191.0,3.725,0.0,1000.92,68.25,0.833333
1701169200,2023-11-28 11:00:00,2023-11-28 12:00:00,ringsted,-4.75,233.0,3.625,0.0,1000.7,62.5,20.0
1701172800,2023-11-28 12:00:00,2023-11-28 13:00:00,ringsted,-4.25,216.5,3.975,0.05,1000.43,62.25,15.8333
1701176400,2023-11-28 13:00:00,2023-11-28 14:00:00,ringsted,-3.95,189.5,3.525,0.0,1000.12,64.25,17.9167
1701180000,2023-11-28 14:00:00,2023-11-28 15:00:00,ringsted,-4.2,91.0,2.85,0.0,999.912,69.25,40.0
1701183600,2023-11-28 15:00:00,2023-11-28 16:00:00,ringsted,-4.8,18.5,2.15,0.025,999.725,75.25,52.0833
1701187200,2023-11-28 16:00:00,2023-11-28 17:00:00,ringsted,-5.35,0.0,2.075,0.0,999.808,79.25,93.3333
1701190800,2023-11-28 17:00:00,2023-11-28 18:00:00,ringsted,-5.5,0.0,2.125,0.025,999.746,85.0,80.0
1701194400,2023-11-28 18:00:00,2023-11-28 19:00:00,ringsted,-5.8,0.0,1.725,0.1,999.675,87.75,50.0
1701198000,2023-11-28 19:00:00,2023-11-28 20:00:00,ringsted,-5.95,0.0,2.1,0.0,999.517,87.75,61.6667
1701201600,2023-11-28 20:00:00,2023-11-28 21:00:00,ringsted,-5.775,0.0,1.675,0.125,999.388,89.0,50.0
1701205200,2023-11-28 21:00:00,2023-11-28 22:00:00,ringsted,-6.425,0.0,1.075,0.0,999.121,89.25,73.75
1701208800,2023-11-28 22:00:00,2023-11-28 23:00:00,ringsted,-7.2,0.0,0.925,0.0,998.896,90.25,64.5833
1701212400,2023-11-28 23:00:00,2023-11-29 00:00:00,ringsted,-7.75,0.0,1.275,0.0,998.446,89.5,75.4545
1701216000,2023-11-29 00:00:00,2023-11-29 01:00:00,ringsted,-7.775,0.0,0.875,0.0,997.925,90.0,15.0
1701219600,2023-11-29 01:00:00,2023-11-29 02:00:00,ringsted,-7.825,0.0,0.75,0.0,997.546,91.0,47.5
1701223200,2023-11-29 02:00:00,2023-11-29 03:00:00,ringsted,-7.3,0.0,1.05,0.0,997.083,91.25,59.5833
1701226800,2023-11-29 03:00:00,2023-11-29 04:00:00,ringsted,-6.875,0.0,0.75,0.0,996.496,91.5,92.0833
1701230400,2023-11-29 04:00:00,2023-11-29 05:00:00,ringsted,-6.35,0.0,1.125,0.1,995.938,90.75,97.5
1701234000,2023-11-29 05:00:00,2023-11-29 06:00:00,ringsted,-5.6,0.0,1.175,0.05,995.517,91.25,99.1667
1701237600,2023-11-29 06:00:00,2023-11-29 07:00:00,ringsted,-5.35,0.0,1.675,0.0,995.246,90.5,99.1667
1701241200,2023-11-29 07:00:00,2023-11-29 08:00:00,ringsted,-4.825,0.0,1.8,0.0,995.171,88.0,99.1667
1701244800,2023-11-29 08:00:00,2023-11-29 09:00:00,ringsted,-4.4,6.5,2.325,0.0,995.05,85.0,98.3333
1701248400,2023-11-29 09:00:00,2023-11-29 10:00:00,ringsted,-3.625,20.5,2.7,0.0,994.979,84.0,95.0
1701252000,2023-11-29 10:00:00,2023-11-29 11:00:00,ringsted,-3.05,65.5,2.875,0.0,994.775,84.75,79.1667
1701255600,2023-11-29 11:00:00,2023-11-29 12:00:00,ringsted,-2.45,102.0,3.1,0.05,994.417,86.25,85.8333
1701259200,2023-11-29 12:00:00,2023-11-29 13:00:00,ringsted,-1.925,94.5,3.775,0.0,994.254,85.5,95.8333
1701262800,2023-11-29 13:00:00,2023-11-29 14:00:00,ringsted,-1.85,40.0,4.3,0.0,994.246,86.0,90.0
1701266400,2023-11-29 14:00:00,2023-11-29 15:00:00,ringsted,-1.6,31.0,3.925,0.0,994.317,85.25,97.5
1701270000,2023-11-29 15:00:00,2023-11-29 16:00:00,ringsted,-1.85,8.0,4.225,0.025,994.483,85.25,95.0
1701273600,2023-11-29 16:00:00,2023-11-29 17:00:00,ringsted,-2.175,0.0,4.225,0.0,994.629,86.25,98.3333
1701277200,2023-11-29 17:00:00,2023-11-29 18:00:00,ringsted,-2.325,0.0,4.0,0.0,994.829,86.25,96.6667
1701280800,2023-11-29 18:00:00,2023-11-29 19:00:00,ringsted,-2.375,0.0,4.05,0.0,995.079,87.75,98.3333
1701284400,2023-11-29 19:00:00,2023-11-29 20:00:00,ringsted,-2.475,0.0,3.8,0.025,995.321,89.0,93.3333
1701288000,2023-11-29 20:00:00,2023-11-29 21:00:00,ringsted,-2.675,0.0,3.575,0.0,995.638,90.25,97.5
1701291600,2023-11-29 21:00:00,2023-11-29 22:00:00,ringsted,-2.7,0.0,3.25,0.0,995.704,91.0,96.6667
1701295200,2023-11-29 22:00:00,2023-11-29 23:00:00,ringsted,-2.7,0.0,3.25,0.0,995.792,91.5,95.8333
1701298800,2023-11-29 23:00:00,2023-11-30 00:00:00,ringsted,-2.675,0.0,3.075,0.125,995.892,93.0,98.3333
1701302400,2023-11-30 00:00:00,2023-11-30 01:00:00,ringsted,-2.6,0.0,2.7,0.175,995.983,94.75,99.1667
1701306000,2023-11-30 01:00:00,2023-11-30 02:00:00,ringsted,-2.475,0.0,2.325,0.175,996.179,95.75,99.1667
1701309600,2023-11-30 02:00:00,2023-11-30 03:00:00,ringsted,-2.175,0.0,2.25,0.2,996.117,96.0,99.1667
1701313200,2023-11-30 03:00:00,2023-11-30 04:00:00,ringsted,-1.7,0.0,1.95,0.275,996.142,96.75,99.1667
1701316800,2023-11-30 04:00:00,2023-11-30 05:00:00,ringsted,-1.3,0.0,1.675,0.35,996.167,97.0,102.0
1701320400,2023-11-30 05:00:00,2023-11-30 06:00:00,ringsted,-1.025,0.0,1.775,0.3,996.2,96.5,101.167
1701324000,2023-11-30 06:00:00,2023-11-30 07:00:00,ringsted,-0.925,0.0,1.975,0.4,996.596,96.75,97.5
1701327600,2023-11-30 07:00:00,2023-11-30 08:00:00,ringsted,-1.0,0.0,2.025,0.225,997.096,97.5,88.3333
1701331200,2023-11-30 08:00:00,2023-11-30 09:00:00,ringsted,-0.825,7.0,3.025,0.65,997.608,98.25,98.3333
1701334800,2023-11-30 09:00:00,2023-11-30 10:00:00,ringsted,-0.7,29.5,3.525,0.825,997.992,97.75,98.5
1701338400,2023-11-30 10:00:00,2023-11-30 11:00:00,ringsted,-0.525,41.0,3.65,0.225,998.008,96.0,77.0
1701342000,2023-11-30 11:00:00,2023-11-30 12:00:00,ringsted,-0.625,53.0,4.35,0.2,998.042,94.5,61.6667
1701345600,2023-11-30 12:00:00,2023-11-30 13:00:00,ringsted,-0.775,88.5,4.275,0.175,998.15,93.75,61.25
1701349200,2023-11-30 13:00:00,2023-11-30 14:00:00,ringsted,-0.625,58.0,4.05,0.1,998.463,92.25,93.3333
1701352800,2023-11-30 14:00:00,2023-11-30 15:00:00,ringsted,-0.85,32.5,3.9,0.05,998.725,94.0,96.6667
1701356400,2023-11-30 15:00:00,2023-11-30 16:00:00,ringsted,-0.975,8.5,3.8,0.0,999.033,93.0,90.8333
1701360000,2023-11-30 16:00:00,2023-11-30 17:00:00,ringsted,-1.225,0.0,3.725,0.0,999.35,91.5,82.5
1701363600,2023-11-30 17:00:00,2023-11-30 18:00:00,ringsted,-1.775,0.0,3.7,0.0,999.504,91.5,81.6667
1701367200,2023-11-30 18:00:00,2023-11-30 19:00:00,ringsted,-2.325,0.0,3.7,0.0,999.688,91.5,85.8333
1701370800,2023-11-30 19:00:00,2023-11-30 20:00:00,ringsted,-2.875,0.0,3.725,0.0,999.925,92.5,75.0
1701374400,2023-11-30 20:00:00,2023-11-30 21:00:00,ringsted,-3.05,0.0,4.15,0.0,1000.25,92.0,61.25
1701378000,2023-11-30 21:00:00,2023-11-30 22:00:00,ringsted,-4.0,0.0,3.475,0.0,1000.6,93.25,49.1667
1701381600,2023-11-30 22:00:00,2023-11-30 23:00:00,ringsted,-4.65,0.0,3.025,0.0,1000.79,94.0,36.6667
1701385200,2023-11-30 23:00:00,2023-12-01 00:00:00,ringsted,-5.275,0.0,3.0,0.0,1000.95,94.25,27.9167
1701388800,2023-12-01 00:00:00,2023-12-01 01:00:00,ringsted,-5.7,0.0,2.75,0.0,1001.07,94.5,17.9167
1701392400,2023-12-01 01:00:00,2023-12-01 02:00:00,ringsted,-6.6,0.0,2.325,0.0,1001.13,93.5,40.0
1701396000,2023-12-01 02:00:00,2023-12-01 03:00:00,ringsted,-7.05,0.0,1.9,0.0,1001.05,93.5,68.75
1701399600,2023-12-01 03:00:00,2023-12-01 04:00:00,ringsted,-6.9,0.0,1.625,0.0,1001.01,93.25,17.5
1701403200,2023-12-01 04:00:00,2023-12-01 05:00:00,ringsted,-7.125,0.0,1.525,0.0,1001.1,93.5,30.8333
1701406800,2023-12-01 05:00:00,2023-12-01 06:00:00,ringsted,-8.7,0.0,1.05,0.0,1001.19,93.5,50.8333
1701410400,2023-12-01 06:00:00,2023-12-01 07:00:00,ringsted,-8.725,0.0,0.95,0.0,1001.43,93.5,93.3333
1701414000,2023-12-01 07:00:00,2023-12-01 08:00:00,ringsted,-7.575,0.0,0.925,0.0,1001.86,94.0,98.3333
1701417600,2023-12-01 08:00:00,2023-12-01 09:00:00,ringsted,-5.5,7.5,1.125,0.0,1002.35,94.5,96.6667
1701421200,2023-12-01 09:00:00,2023-12-01 10:00:00,ringsted,-4.2,42.0,1.425,0.025,1002.8,93.75,63.3333
1701424800,2023-12-01 10:00:00,2023-12-01 11:00:00,ringsted,-3.425,104.0,1.35,0.0,1003.0,92.25,75.4167
1701428400,2023-12-01 11:00:00,2023-12-01 12:00:00,ringsted,-2.65,114.5,1.5,0.0,1002.89,90.75,89.5833
1701432000,2023-12-01 12:00:00,2023-12-01 13:00:00,ringsted,-2.225,127.0,1.1,0.025,1002.8,90.0,95.0
1701435600,2023-12-01 13:00:00,2023-12-01 14:00:00,ringsted,-2.0,104.5,1.2,0.0,1002.93,90.75,98.3333
1701439200,2023-12-01 14:00:00,2023-12-01 15:00:00,ringsted,-2.0,53.5,1.075,0.0,1003.18,91.0,98.3333
1701442800,2023-12-01 15:00:00,2023-12-01 16:00:00,ringsted,-2.075,10.0,0.8,0.0,1003.33,91.5,98.3333
1701446400,2023-12-01 16:00:00,2023-12-01 17:00:00,ringsted,-2.15,0.0,0.725,0.025,1003.46,92.5,97.5
1701450000,2023-12-01 17:00:00,2023-12-01 18:00:00,ringsted,-2.25,0.0,0.65,0.0,1003.69,93.25,99.1667
1701453600,2023-12-01 18:00:00,2023-12-01 19:00:00,ringsted,-2.15,0.0,0.875,0.0,1003.99,93.25,99.1667
1701457200,2023-12-01 19:00:00,2023-12-01 20:00:00,ringsted,-2.225,0.0,0.825,0.0,1004.28,92.5,99.1667
1701460800,2023-12-01 20:00:00,2023-12-01 21:00:00,ringsted,-2.2,0.0,0.925,0.0,1004.45,92.0,99.1667
1701464400,2023-12-01 21:00:00,2023-12-01 22:00:00,ringsted,-2.125,0.0,1.325,0.0,1004.45,93.0,99.1667
1701468000,2023-12-01 22:00:00,2023-12-01 23:00:00,ringsted,-2.15,0.0,2.025,0.0,1004.59,91.75,99.1667
1701471600,2023-12-01 23:00:00,2023-12-02 00:00:00,ringsted,-2.2,0.0,2.1,0.0,1004.81,91.5,99.1667
1701475200,2023-12-02 00:00:00,2023-12-02 01:00:00,ringsted,-2.3,0.0,1.75,0.0,1004.9,91.75,95.0
1701478800,2023-12-02 01:00:00,2023-12-02 02:00:00,ringsted,-2.55,0.0,1.6,0.0,1004.83,92.25,92.5
1701482400,2023-12-02 02:00:00,2023-12-02 03:00:00,ringsted,-2.55,0.0,2.125,0.0,1004.9,90.25,90.8333
1701486000,2023-12-02 03:00:00,2023-12-02 04:00:00,ringsted,-2.875,0.0,2.35,0.0,1004.89,87.75,90.0
1701489600,2023-12-02 04:00:00,2023-12-02 05:00:00,ringsted,-3.25,0.0,2.225,0.0,1004.81,87.75,95.0
1701493200,2023-12-02 05:00:00,2023-12-02 06:00:00,ringsted,-3.7,0.0,1.825,0.0,1005.12,89.0,95.8333
1701496800,2023-12-02 06:00:00,2023-12-02 07:00:00,ringsted,-3.975,0.0,1.425,0.0,1005.33,90.0,95.0
1701500400,2023-12-02 07:00:00,2023-12-02 08:00:00,ringsted,-4.225,0.0,1.35,0.0,1005.88,89.75,90.0
1701504000,2023-12-02 08:00:00,2023-12-02 09:00:00,ringsted,-4.15,8.5,1.725,0.0,1006.4,88.75,92.5
1701507600,2023-12-02 09:00:00,2023-12-02 10:00:00,ringsted,-3.975,39.0,1.65,0.0,1006.85,88.0,90.0
1701511200,2023-12-02 10:00:00,2023-12-02 11:00:00,ringsted,-3.825,74.5,1.8,0.0,1006.87,86.0,95.0
1701514800,2023-12-02 11:00:00,2023-12-02 12:00:00,ringsted,-3.4,135.0,1.6,0.0,1006.88,83.75,97.5
1701518400,2023-12-02 12:00:00,2023-12-02 13:00:00,ringsted,-2.7,144.0,1.25,0.0,1006.85,81.0,98.3333
1701522000,2023-12-02 13:00:00,2023-12-02 14:00:00,ringsted,-2.375,96.5,1.425,0.0,1006.95,79.25,99.1667
1701525600,2023-12-02 14:00:00,2023-12-02 15:00:00,ringsted,-2.5,43.5,1.475,0.025,1007.31,79.75,99.1667
1701529200,2023-12-02 15:00:00,2023-12-02 16:00:00,ringsted,-2.75,8.0,0.9,0.0,1008.0,82.0,99.1667
1701532800,2023-12-02 16:00:00,2023-12-02 17:00:00,ringsted,-3.0,0.0,1.125,0.0,1008.52,83.25,99.1667
1701536400,2023-12-02 17:00:00,2023-12-02 18:00:00,ringsted,-3.025,0.0,1.15,0.0,1008.98,81.0,99.1667
1701540000,2023-12-02 18:00:00,2023-12-02 19:00:00,ringsted,-3.3,0.0,1.35,0.0,1009.22,84.5,99.1667
1701543600,2023-12-02 19:00:00,2023-12-02 20:00:00,ringsted,-3.25,0.0,1.225,0.0,1009.35,86.75,97.5
1701547200,2023-12-02 20:00:00,2023-12-02 21:00:00,ringsted,-2.975,0.0,1.975,0.0,1009.7,86.5,99.1667
1701550800,2023-12-02 21:00:00,2023-12-02 22:00:00,ringsted,-2.65,0.0,2.075,0.0,1009.9,85.75,96.6667
1701554400,2023-12-02 22:00:00,2023-12-02 23:00:00,ringsted,-2.4,0.0,2.0,0.0,1010.35,84.75,99.1667
1701558000,2023-12-02 23:00:00,2023-12-03 00:00:00,ringsted,-2.25,0.0,2.05,0.0,1010.8,85.25,91.6667
1701561600,2023-12-03 00:00:00,2023-12-03 01:00:00,ringsted,-2.025,0.0,2.475,0.0,1011.06,83.0,94.5833
1701565200,2023-12-03 01:00:00,2023-12-03 02:00:00,ringsted,-1.975,0.0,2.525,0.0,1011.47,82.5,86.25
1701568800,2023-12-03 02:00:00,2023-12-03 03:00:00,ringsted,-2.4,0.0,2.3,0.0,1012.02,83.0,49.1667
1701572400,2023-12-03 03:00:00,2023-12-03 04:00:00,ringsted,-3.225,0.0,2.025,0.0,1012.41,85.25,67.5
1701576000,2023-12-03 04:00:00,2023-12-03 05:00:00,ringsted,-4.325,0.0,1.775,0.0,1012.73,87.5,51.25
1701579600,2023-12-03 05:00:00,2023-12-03 06:00:00,ringsted,-5.125,0.0,1.675,0.0,1012.94,89.75,47.9167
1701583200,2023-12-03 06:00:00,2023-12-03 07:00:00,ringsted,-6.25,0.0,1.125,0.0,1013.22,91.0,58.75
1701586800,2023-12-03 07:00:00,2023-12-03 08:00:00,ringsted,-6.8,0.0,0.9,0.0,1013.75,94.25,87.2727
1701590400,2023-12-03 08:00:00,2023-12-03 09:00:00,ringsted,-7.45,13.5,1.1,0.0,1014.18,94.5,93.3333
1701594000,2023-12-03 09:00:00,2023-12-03 10:00:00,ringsted,-5.9,48.5,0.675,0.025,1014.6,94.25,93.3333
1701597600,2023-12-03 10:00:00,2023-12-03 11:00:00,ringsted,-4.3,83.0,0.975,0.1,1014.8,92.75,97.6667
1701601200,2023-12-03 11:00:00,2023-12-03 12:00:00,ringsted,-2.525,88.5,1.85,0.15,1014.96,91.75,100.167
1701604800,2023-12-03 12:00:00,2023-12-03 13:00:00,ringsted,-1.575,83.0,1.475,0.325,1015.15,91.5,102.167
1701608400,2023-12-03 13:00:00,2023-12-03 14:00:00,ringsted,-1.325,56.0,1.525,0.425,1015.08,93.75,100.167
1701612000,2023-12-03 14:00:00,2023-12-03 15:00:00,ringsted,-1.375,34.5,1.55,0.05,1015.07,95.25,99.1667
1701615600,2023-12-03 15:00:00,2023-12-03 16:00:00,ringsted,-1.4,6.5,1.35,0.05,1015.31,95.75,99.1667
1701619200,2023-12-03 16:00:00,2023-12-03 17:00:00,ringsted,-1.325,0.0,1.5,0.275,1015.33,96.25,96.6667
1701622800,2023-12-03 17:00:00,2023-12-03 18:00:00,ringsted,-1.4,0.0,1.175,0.075,1015.32,95.75,98.3333
1701626400,2023-12-03 18:00:00,2023-12-03 19:00:00,ringsted,-1.325,0.0,1.25,0.025,1015.32,96.0,91.6667
1701630000,2023-12-03 19:00:00,2023-12-03 20:00:00,ringsted,-1.325,0.0,1.725,0.0,1015.36,95.25,95.0
1701633600,2023-12-03 20:00:00,2023-12-03 21:00:00,ringsted,-1.225,0.0,2.275,0.0,1015.52,93.75,96.6667
1701637200,2023-12-03 21:00:00,2023-12-03 22:00:00,ringsted,-1.15,0.0,2.625,0.0,1015.5,93.25,96.6667
1701640800,2023-12-03 22:00:00,2023-12-03 23:00:00,ringsted,-1.125,0.0,2.5,0.0,1015.29,92.0,97.5
1701644400,2023-12-03 23:00:00,2023-12-04 00:00:00,ringsted,-1.325,0.0,2.3,0.0,1015.18,92.0,98.3333
1701648000,2023-12-04 00:00:00,2023-12-04 01:00:00,ringsted,-1.375,0.0,2.1,0.0,1014.96,92.5,97.5
1701651600,2023-12-04 01:00:00,2023-12-04 02:00:00,ringsted,-1.425,0.0,2.3,0.0,1014.88,92.5,96.6667
1701655200,2023-12-04 02:00:00,2023-12-04 03:00:00,ringsted,-1.45,0.0,2.775,0.0,1014.7,92.0,98.3333
1701658800,2023-12-04 03:00:00,2023-12-04 04:00:00,ringsted,-1.625,0.0,2.75,0.0,1014.44,91.5,97.5
1701662400,2023-12-04 04:00:00,2023-12-04 05:00:00,ringsted,-1.725,0.0,2.275,0.0,1014.11,92.0,96.6667
1701666000,2023-12-04 05:00:00,2023-12-04 06:00:00,ringsted,-1.9,0.0,2.2,0.0,1013.79,91.75,98.3333
1701669600,2023-12-04 06:00:00,2023-12-04 07:00:00,ringsted,-1.875,0.0,2.05,0.0,1013.46,92.5,95.8333
1701673200,2023-12-04 07:00:00,2023-12-04 08:00:00,ringsted,-1.725,0.0,2.25,0.0,1013.31,91.0,98.3333
1701676800,2023-12-04 08:00:00,2023-12-04 09:00:00,ringsted,-1.6,5.0,2.125,0.0,1013.28,90.5,95.8333
1701680400,2023-12-04 09:00:00,2023-12-04 10:00:00,ringsted,-1.45,28.5,3.2,0.0,1013.2,90.0,95.0
1701684000,2023-12-04 10:00:00,2023-12-04 11:00:00,ringsted,-1.3,63.0,4.275,0.0,1012.7,88.5,96.6667
1701687600,2023-12-04 11:00:00,2023-12-04 12:00:00,ringsted,-1.025,79.0,4.625,0.0,1012.15,89.25,80.0
1701691200,2023-12-04 12:00:00,2023-12-04 13:00:00,ringsted,-0.725,107.0,5.05,0.0,1011.54,87.5,87.5
1701694800,2023-12-04 13:00:00,2023-12-04 14:00:00,ringsted,-0.55,73.5,4.8,0.0,1010.79,87.75,93.3333
1701698400,2023-12-04 14:00:00,2023-12-04 15:00:00,ringsted,-0.525,42.0,4.375,0.0,1010.13,89.0,90.0
1701702000,2023-12-04 15:00:00,2023-12-04 16:00:00,ringsted,-0.725,11.5,3.825,0.0,1009.85,89.0,85.0
1701705600,2023-12-04 16:00:00,2023-12-04 17:00:00,ringsted,-0.875,0.0,3.35,0.0,1009.56,88.0,87.0833
1701709200,2023-12-04 17:00:00,2023-12-04 18:00:00,ringsted,-0.375,0.0,3.3,0.0,1009.29,85.5,94.1667
1701712800,2023-12-04 18:00:00,2023-12-04 19:00:00,ringsted,0.175,0.0,3.425,0.175,1009.03,84.0,98.3333
1701716400,2023-12-04 19:00:00,2023-12-04 20:00:00,ringsted,0.425,0.0,3.925,0.0,1008.85,83.5,98.3333
1701720000,2023-12-04 20:00:00,2023-12-04 21:00:00,ringsted,0.2,0.0,3.65,0.025,1008.73,84.25,99.1667
1701723600,2023-12-04 21:00:00,2023-12-04 22:00:00,ringsted,0.2,0.0,4.225,0.025,1008.6,88.5,99.1667
1701727200,2023-12-04 22:00:00,2023-12-04 23:00:00,ringsted,0.325,0.0,4.05,0.125,1008.45,88.5,99.1667
1701730800,2023-12-04 23:00:00,2023-12-05 00:00:00,ringsted,0.525,0.0,4.2,0.0,1008.25,83.75,99.1667
1701734400,2023-12-05 00:00:00,2023-12-05 01:00:00,ringsted,0.65,0.0,4.075,0.0,1007.96,82.25,96.6667
1701738000,2023-12-05 01:00:00,2023-12-05 02:00:00,ringsted,1.0,0.0,4.775,0.025,1007.9,80.0,97.5
1701741600,2023-12-05 02:00:00,2023-12-05 03:00:00,ringsted,0.75,0.0,4.625,0.0,1007.84,76.5,52.9167
1701745200,2023-12-05 03:00:00,2023-12-05 04:00:00,ringsted,0.225,0.0,4.75,0.0,1007.52,74.25,50.8333
1701748800,2023-12-05 04:00:00,2023-12-05 05:00:00,ringsted,0.275,0.0,5.15,0.0,1007.42,72.5,50.0
1701752400,2023-12-05 05:00:00,2023-12-05 06:00:00,ringsted,0.45,0.0,5.15,0.0,1007.37,73.25,45.8333
1701756000,2023-12-05 06:00:00,2023-12-05 07:00:00,ringsted,0.475,0.0,5.65,0.0,1007.4,77.0,45.0
1701759600,2023-12-05 07:00:00,2023-12-05 08:00:00,ringsted,0.375,0.0,6.15,0.0,1007.59,79.5,45.0
1701763200,2023-12-05 08:00:00,2023-12-05 09:00:00,ringsted,0.475,6.0,6.225,0.0,1007.82,79.5,45.8333
1701766800,2023-12-05 09:00:00,2023-12-05 10:00:00,ringsted,0.45,33.0,6.5,0.0,1008.04,79.75,64.1667
1701770400,2023-12-05 10:00:00,2023-12-05 11:00:00,ringsted,0.575,59.5,6.325,0.0,1007.82,78.5,41.25
1701774000,2023-12-05 11:00:00,2023-12-05 12:00:00,ringsted,1.0,127.5,6.15,0.0,1007.52,76.0,18.75
1701777600,2023-12-05 12:00:00,2023-12-05 13:00:00,ringsted,1.4,178.0,6.425,0.0,1007.6,74.75,22.0833
1701781200,2023-12-05 13:00:00,2023-12-05 14:00:00,ringsted,1.525,141.5,6.5,0.0,1007.53,72.5,17.5
1701784800,2023-12-05 14:00:00,2023-12-05 15:00:00,ringsted,1.45,72.5,6.8,0.0,1007.66,72.25,45.8333
1701788400,2023-12-05 15:00:00,2023-12-05 16:00:00,ringsted,1.35,13.5,6.975,0.0,1007.89,73.25,65.8333
1701792000,2023-12-05 16:00:00,2023-12-05 17:00:00,ringsted,1.475,0.0,7.225,0.0,1008.05,72.25,86.8182
1701795600,2023-12-05 17:00:00,2023-12-05 18:00:00,ringsted,1.65,0.0,7.475,0.0,1008.14,72.25,92.0833
1701799200,2023-12-05 18:00:00,2023-12-05 19:00:00,ringsted,1.75,0.0,7.5,0.0,1008.25,71.5,95.8333
1701802800,2023-12-05 19:00:00,2023-12-05 20:00:00,ringsted,1.85,0.0,7.825,0.0,1008.59,73.5,91.6667
1701806400,2023-12-05 20:00:00,2023-12-05 21:00:00,ringsted,1.625,0.0,8.275,0.025,1008.72,76.75,95.8333
1701810000,2023-12-05 21:00:00,2023-12-05 22:00:00,ringsted,1.25,0.0,8.25,0.0,1008.69,80.5,96.6667
1701813600,2023-12-05 22:00:00,2023-12-05 23:00:00,ringsted,0.925,0.0,8.15,0.2,1008.7,84.0,90.8333
1701817200,2023-12-05 23:00:00,2023-12-06 00:00:00,ringsted,0.55,0.0,8.025,0.15,1008.76,88.75,96.6667
1701820800,2023-12-06 00:00:00,2023-12-06 01:00:00,ringsted,0.425,0.0,7.825,0.175,1008.58,90.0,98.3333
1701824400,2023-12-06 01:00:00,2023-12-06 02:00:00,ringsted,0.375,0.0,7.975,0.225,1008.56,90.0,98.3333
1701828000,2023-12-06 02:00:00,2023-12-06 03:00:00,ringsted,0.425,0.0,8.0,0.3,1008.56,89.5,98.3333
1701831600,2023-12-06 03:00:00,2023-12-06 04:00:00,ringsted,0.45,0.0,7.75,0.125,1008.53,89.25,98.3333
1701835200,2023-12-06 04:00:00,2023-12-06 05:00:00,ringsted,0.1,0.0,7.275,0.175,1008.57,93.75,98.3333
1701838800,2023-12-06 05:00:00,2023-12-06 06:00:00,ringsted,0.275,0.0,7.625,0.2,1008.62,92.5,98.3333
1701842400,2023-12-06 06:00:00,2023-12-06 07:00:00,ringsted,0.225,0.0,7.5,0.25,1008.77,94.5,98.3333
1701846000,2023-12-06 07:00:00,2023-12-06 08:00:00,ringsted,0.325,0.0,7.55,0.25,1009.04,93.5,97.5
1701849600,2023-12-06 08:00:00,2023-12-06 09:00:00,ringsted,0.4,4.0,8.175,0.1,1009.42,93.0,98.3333
1701853200,2023-12-06 09:00:00,2023-12-06 10:00:00,ringsted,0.4,20.0,7.525,0.375,1009.57,95.0,97.2727
1701856800,2023-12-06 10:00:00,2023-12-06 11:00:00,ringsted,0.5,41.0,7.1,0.4,1009.54,95.25,97.5
1701860400,2023-12-06 11:00:00,2023-12-06 12:00:00,ringsted,0.7,44.0,6.95,0.15,1009.33,94.75,96.6667
1701864000,2023-12-06 12:00:00,2023-12-06 13:00:00,ringsted,0.85,37.0,6.45,0.15,1009.25,94.0,96.6667
1701867600,2023-12-06 13:00:00,2023-12-06 14:00:00,ringsted,0.875,32.5,5.95,0.025,1009.38,94.5,97.2727
1701871200,2023-12-06 14:00:00,2023-12-06 15:00:00,ringsted,1.23333,9.5,5.0,0.0333333,1009.8,92.6667,95.8333
1701874800,2023-12-06 15:00:00,2023-12-06 16:00:00,ringsted,1.15,3.5,5.025,0.025,1010.11,92.0,98.3333
1701878400,2023-12-06 16:00:00,2023-12-06 17:00:00,ringsted,0.975,0.0,5.275,0.15,1010.47,92.75,97.5
1701882000,2023-12-06 17:00:00,2023-12-06 18:00:00,ringsted,0.875,0.0,5.2,0.125,1010.95,93.5,99.1667
1701885600,2023-12-06 18:00:00,2023-12-06 19:00:00,ringsted,0.675,0.0,4.825,0.075,1011.26,94.75,98.3333
1701889200,2023-12-06 19:00:00,2023-12-06 20:00:00,ringsted,0.6,0.0,4.225,0.1,1011.55,95.25,97.5
1701892800,2023-12-06 20:00:00,2023-12-06 21:00:00,ringsted,0.525,0.0,3.65,0.075,1011.92,95.75,98.3333
1701896400,2023-12-06 21:00:00,2023-12-06 22:00:00,ringsted,0.575,0.0,2.75,0.025,1012.21,95.75,93.3333
1701900000,2023-12-06 22:00:00,2023-12-06 23:00:00,ringsted,0.5,0.0,2.575,0.0,1012.32,96.5,97.5
1701903600,2023-12-06 23:00:00,2023-12-07 00:00:00,ringsted,0.5,0.0,1.975,0.0,1012.57,96.75,98.3333
1701907200,2023-12-07 00:00:00,2023-12-07 01:00:00,ringsted,0.575,0.0,1.975,0.0,1012.58,96.75,98.3333
1701910800,2023-12-07 01:00:00,2023-12-07 02:00:00,ringsted,0.65,0.0,2.325,0.0,1012.9,96.25,98.3333
1701914400,2023-12-07 02:00:00,2023-12-07 03:00:00,ringsted,0.625,0.0,1.7,0.0,1013.17,96.0,98.3333
1701918000,2023-12-07 03:00:00,2023-12-07 04:00:00,ringsted,0.6,0.0,1.525,0.0,1013.38,96.5,98.3333
1701921600,2023-12-07 04:00:00,2023-12-07 05:00:00,ringsted,0.6,0.0,0.75,0.0,1013.6,96.75,99.1667
1701925200,2023-12-07 05:00:00,2023-12-07 06:00:00,ringsted,0.6,0.0,1.075,0.0,1013.81,97.0,99.1667
1701928800,2023-12-07 06:00:00,2023-12-07 07:00:00,ringsted,0.45,0.0,0.675,0.0,1013.92,96.75,99.1667
1701932400,2023-12-07 07:00:00,2023-12-07 08:00:00,ringsted,0.425,0.0,0.875,0.05,1014.15,97.25,95.8333
1701936000,2023-12-07 08:00:00,2023-12-07 09:00:00,ringsted,0.4,2.5,0.7,0.0,1014.43,97.5,99.1667
1701939600,2023-12-07 09:00:00,2023-12-07 10:00:00,ringsted,0.5,26.5,0.825,0.0,1014.65,97.75,99.1667
1701943200,2023-12-07 10:00:00,2023-12-07 11:00:00,ringsted,0.675,42.5,0.95,0.0,1014.7,97.75,99.1667
1701946800,2023-12-07 11:00:00,2023-12-07 12:00:00,ringsted,0.725,42.0,0.675,0.0,1014.75,97.75,96.6667
1701950400,2023-12-07 12:00:00,2023-12-07 13:00:00,ringsted,0.9,42.5,0.475,0.0,1014.75,97.5,99.0909
1701954000,2023-12-07 13:00:00,2023-12-07 14:00:00,ringsted,0.85,33.5,0.5,0.0,1014.62,97.5,95.8333
1701957600,2023-12-07 14:00:00,2023-12-07 15:00:00,ringsted,0.775,21.0,0.825,0.0,1014.58,97.5,98.3333
1701961200,2023-12-07 15:00:00,2023-12-07 16:00:00,ringsted,0.7,3.5,0.7,0.0,1014.51,97.5,98.3333
1701964800,2023-12-07 16:00:00,2023-12-07 17:00:00,ringsted,0.575,0.0,0.9,0.0,1014.44,97.75,98.3333
1701968400,2023-12-07 17:00:00,2023-12-07 18:00:00,ringsted,0.45,0.0,0.8,0.0,1014.85,97.75,96.6667
1701972000,2023-12-07 18:00:00,2023-12-07 19:00:00,ringsted,0.475,0.0,0.875,0.0,1015.08,98.0,97.5
1701975600,2023-12-07 19:00:00,2023-12-07 20:00:00,ringsted,0.4,0.0,0.9,0.0,1014.59,98.0,96.6667
1701979200,2023-12-07 20:00:00,2023-12-07 21:00:00,ringsted,0.375,0.0,1.05,0.0,1014.18,98.0,97.5
1701982800,2023-12-07 21:00:00,2023-12-07 22:00:00,ringsted,0.425,0.0,1.15,0.025,1014.14,98.25,98.3333
1701986400,2023-12-07 22:00:00,2023-12-07 23:00:00,ringsted,0.45,0.0,1.2,0.025,1013.93,98.5,97.5
1701990000,2023-12-07 23:00:00,2023-12-08 00:00:00,ringsted,0.475,0.0,1.325,0.0,1013.44,98.75,98.3333
1701993600,2023-12-08 00:00:00,2023-12-08 01:00:00,ringsted,0.5,0.0,1.525,0.0,1013.26,98.5,97.5
1701997200,2023-12-08 01:00:00,2023-12-08 02:00:00,ringsted,0.5,0.0,1.6,0.0,1012.95,98.25,96.6667
1702000800,2023-12-08 02:00:00,2023-12-08 03:00:00,ringsted,0.525,0.0,1.4,0.0,1012.6,97.25,98.3333
1702004400,2023-12-08 03:00:00,2023-12-08 04:00:00,ringsted,0.7,0.0,1.7,0.0,1012.17,96.5,95.0
1702008000,2023-12-08 04:00:00,2023-12-08 05:00:00,ringsted,0.775,0.0,1.85,0.0,1011.81,95.75,88.3333
1702011600,2023-12-08 05:00:00,2023-12-08 06:00:00,ringsted,0.975,0.0,2.55,0.0,1011.64,95.5,92.5
1702015200,2023-12-08 06:00:00,2023-12-08 07:00:00,ringsted,1.225,0.0,3.3,0.0,1011.35,93.75,77.5
1702018800,2023-12-08 07:00:00,2023-12-08 08:00:00,ringsted,1.175,0.0,4.125,0.0,1011.19,90.5,95.8333
1702022400,2023-12-08 08:00:00,2023-12-08 09:00:00,ringsted,1.075,3.0,4.025,0.0,1010.93,89.25,90.8333
1702026000,2023-12-08 09:00:00,2023-12-08 10:00:00,ringsted,1.075,19.0,4.725,0.0,1010.45,90.25,91.6667
1702029600,2023-12-08 10:00:00,2023-12-08 11:00:00,ringsted,1.2,25.0,5.125,0.0,1010.04,90.0,98.3333
1702033200,2023-12-08 11:00:00,2023-12-08 12:00:00,ringsted,1.475,28.0,4.45,0.0,1009.45,89.25,93.3333
1702036800,2023-12-08 12:00:00,2023-12-08 13:00:00,ringsted,1.6,36.0,4.6,0.0,1008.73,89.75,93.3333
1702040400,2023-12-08 13:00:00,2023-12-08 14:00:00,ringsted,1.825,29.5,5.075,0.0,1008.24,88.25,95.0
1702044000,2023-12-08 14:00:00,2023-12-08 15:00:00,ringsted,1.925,15.0,5.2,0.0,1007.98,87.0,90.8333
1702047600,2023-12-08 15:00:00,2023-12-08 16:00:00,ringsted,1.875,2.5,5.575,0.0,1007.9,88.0,93.3333
1702051200,2023-12-08 16:00:00,2023-12-08 17:00:00,ringsted,1.525,0.0,5.825,0.0,1008.03,87.75,96.6667
1702054800,2023-12-08 17:00:00,2023-12-08 18:00:00,ringsted,1.35,0.0,5.225,0.025,1008.01,86.75,97.5
1702058400,2023-12-08 18:00:00,2023-12-08 19:00:00,ringsted,1.225,0.0,4.575,0.025,1008.04,86.75,95.0
1702062000,2023-12-08 19:00:00,2023-12-08 20:00:00,ringsted,1.225,0.0,4.2,0.0,1008.05,86.5,98.3333
1702065600,2023-12-08 20:00:00,2023-12-08 21:00:00,ringsted,1.275,0.0,3.95,0.0,1007.89,86.5,95.8333
1702069200,2023-12-08 21:00:00,2023-12-08 22:00:00,ringsted,1.2,0.0,4.05,0.0,1007.77,87.5,97.5
1702072800,2023-12-08 22:00:00,2023-12-08 23:00:00,ringsted,1.1,0.0,3.675,0.0,1007.91,89.75,99.1667
1702076400,2023-12-08 23:00:00,2023-12-09 00:00:00,ringsted,1.075,0.0,3.15,0.0,1007.8,91.25,98.3333
1702080000,2023-12-09 00:00:00,2023-12-09 01:00:00,ringsted,1.025,0.0,3.225,0.0,1007.55,92.75,98.3333
1702083600,2023-12-09 01:00:00,2023-12-09 02:00:00,ringsted,0.9,0.0,3.075,0.0,1007.39,95.0,97.5
1702087200,2023-12-09 02:00:00,2023-12-09 03:00:00,ringsted,0.9,0.0,2.8,0.0,1007.21,95.5,97.5
1702090800,2023-12-09 03:00:00,2023-12-09 04:00:00,ringsted,0.975,0.0,2.825,0.0,1006.97,95.25,97.5
1702094400,2023-12-09 04:00:00,2023-12-09 05:00:00,ringsted,1.05,0.0,2.5,0.0,1006.73,94.5,98.3333
1702098000,2023-12-09 05:00:00,2023-12-09 06:00:00,ringsted,1.15,0.0,2.6,0.0,1006.33,94.75,99.1667
1702101600,2023-12-09 06:00:00,2023-12-09 07:00:00,ringsted,1.25,0.0,2.7,0.0,1005.96,94.75,98.3333
1702105200,2023-12-09 07:00:00,2023-12-09 08:00:00,ringsted,1.325,0.0,3.225,0.0,1005.83,95.0,98.3333
1702108800,2023-12-09 08:00:00,2023-12-09 09:00:00,ringsted,1.475,1.5,3.95,0.1,1005.45,95.25,100.167
1702112400,2023-12-09 09:00:00,2023-12-09 10:00:00,ringsted,1.7,10.5,4.475,0.05,1005.11,96.25,99.3333
1702116000,2023-12-09 10:00:00,2023-12-09 11:00:00,ringsted,2.075,23.0,4.525,0.125,1004.43,97.0,98.3333
1702119600,2023-12-09 11:00:00,2023-12-09 12:00:00,ringsted,2.4,29.5,4.375,0.05,1003.62,97.5,98.3333
1702123200,2023-12-09 12:00:00,2023-12-09 13:00:00,ringsted,2.65,27.0,4.225,0.05,1002.85,98.25,98.3333
1702126800,2023-12-09 13:00:00,2023-12-09 14:00:00,ringsted,2.8,22.5,3.925,0.025,1002.35,98.75,90.0
1702130400,2023-12-09 14:00:00,2023-12-09 15:00:00,ringsted,2.925,9.5,3.7,0.025,1001.45,99.0,73.3333
1702134000,2023-12-09 15:00:00,2023-12-09 16:00:00,ringsted,2.9,3.5,3.7,0.0,1000.61,99.0,98.3333
1702137600,2023-12-09 16:00:00,2023-12-09 17:00:00,ringsted,2.975,0.0,3.95,0.025,999.679,99.25,99.1667
1702141200,2023-12-09 17:00:00,2023-12-09 18:00:00,ringsted,3.175,0.0,4.05,0.025,998.554,99.25,99.1667
1702144800,2023-12-09 18:00:00,2023-12-09 19:00:00,ringsted,3.4,0.0,4.425,0.025,997.796,99.25,87.5
1702148400,2023-12-09 19:00:00,2023-12-09 20:00:00,ringsted,3.55,0.0,5.425,0.025,997.15,99.25,99.1667
1702152000,2023-12-09 20:00:00,2023-12-09 21:00:00,ringsted,3.4,0.0,5.975,0.025,996.346,99.0,99.1667
1702155600,2023-12-09 21:00:00,2023-12-09 22:00:00,ringsted,3.175,0.0,6.375,0.05,995.742,98.75,99.1667
1702159200,2023-12-09 22:00:00,2023-12-09 23:00:00,ringsted,2.85,0.0,6.575,0.0,995.454,98.5,99.1667
1702162800,2023-12-09 23:00:00,2023-12-10 00:00:00,ringsted,2.925,0.0,6.225,0.0,995.321,98.75,99.1667
1702166400,2023-12-10 00:00:00,2023-12-10 01:00:00,ringsted,3.2,0.0,6.55,0.075,994.888,98.0,96.6667
1702170000,2023-12-10 01:00:00,2023-12-10 02:00:00,ringsted,3.35,0.0,6.65,0.25,994.608,97.75,99.1667
1702173600,2023-12-10 02:00:00,2023-12-10 03:00:00,ringsted,3.45,0.0,6.75,0.675,994.646,97.0,99.1667
1702177200,2023-12-10 03:00:00,2023-12-10 04:00:00,ringsted,3.375,0.0,6.725,0.725,994.662,97.0,98.3333
1702180800,2023-12-10 04:00:00,2023-12-10 05:00:00,ringsted,3.175,0.0,6.8,0.65,994.842,96.0,97.5
1702184400,2023-12-10 05:00:00,2023-12-10 06:00:00,ringsted,3.05,0.0,6.025,0.825,995.017,96.0,98.3333
1702188000,2023-12-10 06:00:00,2023-12-10 07:00:00,ringsted,3.05,0.0,6.025,0.525,995.354,95.25,98.3333
1702191600,2023-12-10 07:00:00,2023-12-10 08:00:00,ringsted,2.95,0.0,6.25,0.775,995.779,94.75,98.3333
1702195200,2023-12-10 08:00:00,2023-12-10 09:00:00,ringsted,2.75,1.5,6.35,0.65,995.938,94.5,98.3333
1702198800,2023-12-10 09:00:00,2023-12-10 10:00:00,ringsted,2.65,13.5,6.425,0.525,996.283,95.25,98.3333
1702202400,2023-12-10 10:00:00,2023-12-10 11:00:00,ringsted,2.725,26.0,6.425,0.15,996.396,95.5,99.1667
1702206000,2023-12-10 11:00:00,2023-12-10 12:00:00,ringsted,2.85,37.0,6.35,0.125,996.475,95.75,98.3333
1702209600,2023-12-10 12:00:00,2023-12-10 13:00:00,ringsted,2.975,35.0,5.85,0.025,996.183,95.5,99.1667
1702213200,2023-12-10 13:00:00,2023-12-10 14:00:00,ringsted,3.075,22.0,5.65,0.0,996.388,95.5,98.3333
1702216800,2023-12-10 14:00:00,2023-12-10 15:00:00,ringsted,3.125,9.0,5.6,0.0,996.325,97.0,98.3333
1702220400,2023-12-10 15:00:00,2023-12-10 16:00:00,ringsted,3.2,2.0,5.45,0.0,996.287,97.25,98.3333
1702224000,2023-12-10 16:00:00,2023-12-10 17:00:00,ringsted,3.275,0.0,4.95,0.0,995.829,98.0,98.3333
1702227600,2023-12-10 17:00:00,2023-12-10 18:00:00,ringsted,3.45,0.0,4.95,0.025,995.638,98.25,98.3333
1702231200,2023-12-10 18:00:00,2023-12-10 19:00:00,ringsted,3.625,0.0,4.525,0.05,995.229,98.25,99.3333
1702234800,2023-12-10 19:00:00,2023-12-10 20:00:00,ringsted,3.725,0.0,4.0,0.075,994.329,98.25,98.3333
1702238400,2023-12-10 20:00:00,2023-12-10 21:00:00,ringsted,3.825,0.0,4.175,0.125,993.504,98.5,98.3333
1702242000,2023-12-10 21:00:00,2023-12-10 22:00:00,ringsted,3.9,0.0,4.025,0.175,992.6,98.75,100.167
1702245600,2023-12-10 22:00:00,2023-12-10 23:00:00,ringsted,4.0,0.0,3.625,0.325,991.858,98.75,100.167
1702249200,2023-12-10 23:00:00,2023-12-11 00:00:00,ringsted,4.125,0.0,3.35,0.625,991.421,99.0,99.1667
1702252800,2023-12-11 00:00:00,2023-12-11 01:00:00,ringsted,4.25,0.0,2.675,0.7,990.9,99.25,99.1667
1702256400,2023-12-11 01:00:00,2023-12-11 02:00:00,ringsted,4.575,0.0,2.125,0.425,990.675,99.25,99.1667
1702260000,2023-12-11 02:00:00,2023-12-11 03:00:00,ringsted,4.7,0.0,2.55,0.375,990.454,99.25,98.3333
1702263600,2023-12-11 03:00:00,2023-12-11 04:00:00,ringsted,4.7,0.0,2.275,0.55,990.162,99.25,99.1667
1702267200,2023-12-11 04:00:00,2023-12-11 05:00:00,ringsted,4.6,0.0,2.025,0.35,990.117,99.25,101.167
1702270800,2023-12-11 05:00:00,2023-12-11 06:00:00,ringsted,4.5,0.0,1.85,0.575,990.154,99.25,103.0
1702274400,2023-12-11 06:00:00,2023-12-11 07:00:00,ringsted,4.4,0.0,1.45,0.45,990.217,99.25,90.8333
1702278000,2023-12-11 07:00:00,2023-12-11 08:00:00,ringsted,4.25,0.0,1.35,0.05,990.429,99.25,47.5
1702281600,2023-12-11 08:00:00,2023-12-11 09:00:00,ringsted,4.15,4.5,0.875,0.075,990.629,99.25,64.1667
1702285200,2023-12-11 09:00:00,2023-12-11 10:00:00,ringsted,4.075,24.5,0.8,0.025,990.821,99.25,49.3333
1702288800,2023-12-11 10:00:00,2023-12-11 11:00:00,ringsted,4.425,48.0,1.1,0.0,991.029,99.25,46.6667
1702292400,2023-12-11 11:00:00,2023-12-11 12:00:00,ringsted,4.6,48.0,1.025,0.0,991.1,99.5,63.3333
1702296000,2023-12-11 12:00:00,2023-12-11 13:00:00,ringsted,4.75,43.5,1.45,0.0,991.392,99.25,97.5
1702299600,2023-12-11 13:00:00,2023-12-11 14:00:00,ringsted,4.65,22.0,1.2,0.0,991.862,99.25,98.3333
1702303200,2023-12-11 14:00:00,2023-12-11 15:00:00,ringsted,4.475,11.0,1.425,0.0,992.575,99.0,97.5
1702306800,2023-12-11 15:00:00,2023-12-11 16:00:00,ringsted,4.15,1.5,2.075,0.0,993.383,98.75,97.5
1702310400,2023-12-11 16:00:00,2023-12-11 17:00:00,ringsted,3.925,0.0,2.475,0.0,994.146,98.75,98.0
1702314000,2023-12-11 17:00:00,2023-12-11 18:00:00,ringsted,3.525,0.0,2.7,0.075,994.904,98.0,96.6667
1702317600,2023-12-11 18:00:00,2023-12-11 19:00:00,ringsted,3.175,0.0,2.575,0.025,995.696,97.75,96.6667
1702321200,2023-12-11 19:00:00,2023-12-11 20:00:00,ringsted,3.0,0.0,2.775,0.0,996.696,97.25,97.5
1702324800,2023-12-11 20:00:00,2023-12-11 21:00:00,ringsted,2.9,0.0,2.475,0.0,997.787,96.75,99.1667
1702328400,2023-12-11 21:00:00,2023-12-11 22:00:00,ringsted,2.8,0.0,2.5,0.0,998.721,94.75,99.1667
1702332000,2023-12-11 22:00:00,2023-12-11 23:00:00,ringsted,2.65,0.0,2.425,0.0,999.75,94.25,99.1667
1702335600,2023-12-11 23:00:00,2023-12-12 00:00:00,ringsted,2.5,0.0,2.325,0.0,1000.42,94.0,99.1667
1702339200,2023-12-12 00:00:00,2023-12-12 01:00:00,ringsted,2.25,0.0,2.55,0.0,1000.94,94.75,99.1667
1702342800,2023-12-12 01:00:00,2023-12-12 02:00:00,ringsted,1.95,0.0,2.3,0.0,1001.46,94.75,99.1667
1702346400,2023-12-12 02:00:00,2023-12-12 03:00:00,ringsted,1.875,0.0,2.1,0.0,1001.85,94.25,77.0833
1702350000,2023-12-12 03:00:00,2023-12-12 04:00:00,ringsted,1.55,0.0,1.45,0.0,1002.2,93.75,82.0833
1702353600,2023-12-12 04:00:00,2023-12-12 05:00:00,ringsted,1.25,0.0,1.625,0.0,1002.68,94.0,97.5
1702357200,2023-12-12 05:00:00,2023-12-12 06:00:00,ringsted,1.425,0.0,1.95,0.0,1002.98,93.0,96.6667
1702360800,2023-12-12 06:00:00,2023-12-12 07:00:00,ringsted,1.675,0.0,2.35,0.0,1003.28,90.5,98.3333
1702364400,2023-12-12 07:00:00,2023-12-12 08:00:00,ringsted,1.675,0.0,2.7,0.0,1003.78,89.5,98.3333
1702368000,2023-12-12 08:00:00,2023-12-12 09:00:00,ringsted,1.625,0.5,2.375,0.0,1004.22,89.5,98.3333
1702371600,2023-12-12 09:00:00,2023-12-12 10:00:00,ringsted,1.675,8.5,2.4,0.0,1004.34,88.75,98.3333
1702375200,2023-12-12 10:00:00,2023-12-12 11:00:00,ringsted,1.725,25.0,2.95,0.0,1004.19,88.5,98.3333
1702378800,2023-12-12 11:00:00,2023-12-12 12:00:00,ringsted,1.8,32.5,3.1,0.0,1004.13,88.25,95.8333
1702382400,2023-12-12 12:00:00,2023-12-12 13:00:00,ringsted,1.8,26.0,2.925,0.0,1004.01,88.75,98.3333
1702386000,2023-12-12 13:00:00,2023-12-12 14:00:00,ringsted,1.8,18.0,3.125,0.0,1003.72,89.0,98.3333
1702389600,2023-12-12 14:00:00,2023-12-12 15:00:00,ringsted,1.625,8.0,3.4,0.0,1003.63,90.0,98.3333
1702393200,2023-12-12 15:00:00,2023-12-12 16:00:00,ringsted,1.525,1.5,3.575,0.0,1003.6,91.25,99.1667
1702396800,2023-12-12 16:00:00,2023-12-12 17:00:00,ringsted,1.475,0.5,3.775,0.0,1003.29,91.5,99.1667
1702400400,2023-12-12 17:00:00,2023-12-12 18:00:00,ringsted,1.4,0.5,3.775,0.0,1002.95,92.75,99.1667
1702404000,2023-12-12 18:00:00,2023-12-12 19:00:00,ringsted,1.375,0.5,3.95,0.0,1002.55,92.75,96.6667
1702407600,2023-12-12 19:00:00,2023-12-12 20:00:00,ringsted,1.375,0.5,4.1,0.0,1002.33,93.0,96.6667
1702411200,2023-12-12 20:00:00,2023-12-12 21:00:00,ringsted,1.325,0.5,4.5,0.0,1002.03,93.5,95.8333
1702414800,2023-12-12 21:00:00,2023-12-12 22:00:00,ringsted,1.35,0.5,4.75,0.0,1001.81,93.75,97.5
1702418400,2023-12-12 22:00:00,2023-12-12 23:00:00,ringsted,1.3,0.5,4.925,0.0,1001.66,93.5,96.6667
1702422000,2023-12-12 23:00:00,2023-12-13 00:00:00,ringsted,1.275,0.5,5.375,0.0,1001.29,93.0,99.1667
1702425600,2023-12-13 00:00:00,2023-12-13 01:00:00,ringsted,1.225,0.5,5.65,0.0,1000.83,92.0,97.5
1702429200,2023-12-13 01:00:00,2023-12-13 02:00:00,ringsted,1.125,0.5,5.8,0.0,1000.58,91.25,97.5
1702432800,2023-12-13 02:00:00,2023-12-13 03:00:00,ringsted,1.1,0.5,6.15,0.05,1000.51,91.5,99.0909
1702436400,2023-12-13 03:00:00,2023-12-13 04:00:00,ringsted,0.925,0.5,6.425,0.025,1000.35,90.0,98.3333
1702440000,2023-12-13 04:00:00,2023-12-13 05:00:00,ringsted,0.9,0.5,6.25,0.0,1000.21,89.25,98.3333
1702443600,2023-12-13 05:00:00,2023-12-13 06:00:00,ringsted,0.8,0.5,6.375,0.025,1000.13,88.25,98.3333
1702447200,2023-12-13 06:00:00,2023-12-13 07:00:00,ringsted,0.75,0.5,6.925,0.0,1000.24,86.5,96.6667
1702450800,2023-12-13 07:00:00,2023-12-13 08:00:00,ringsted,0.675,0.5,6.925,0.0,1000.59,83.25,95.8333
1702454400,2023-12-13 08:00:00,2023-12-13 09:00:00,ringsted,0.525,1.5,6.625,0.0,1001.0,82.0,97.5
1702458000,2023-12-13 09:00:00,2023-12-13 10:00:00,ringsted,0.4,11.5,6.675,0.0,1001.5,82.25,98.3333
1702461600,2023-12-13 10:00:00,2023-12-13 11:00:00,ringsted,0.325,19.0,6.3,0.0,1001.74,82.25,98.3333
1702465200,2023-12-13 11:00:00,2023-12-13 12:00:00,ringsted,0.3,21.5,6.0,0.0,1001.81,83.0,99.1667
1702468800,2023-12-13 12:00:00,2023-12-13 13:00:00,ringsted,0.25,31.5,5.925,0.0,1001.92,84.25,99.1667
1702472400,2023-12-13 13:00:00,2023-12-13 14:00:00,ringsted,0.2,24.5,5.925,0.0,1002.22,84.0,94.1667
1702476000,2023-12-13 14:00:00,2023-12-13 15:00:00,ringsted,0.125,14.0,5.75,0.0,1002.73,82.75,98.3333
1702479600,2023-12-13 15:00:00,2023-12-13 16:00:00,ringsted,0.025,2.5,5.675,0.0,1003.33,82.5,99.1667
1702483200,2023-12-13 16:00:00,2023-12-13 17:00:00,ringsted,0.05,0.5,5.5,0.0,1003.86,83.75,94.1667
1702486800,2023-12-13 17:00:00,2023-12-13 18:00:00,ringsted,0.15,0.5,5.05,0.0,1004.3,85.25,94.1667
1702490400,2023-12-13 18:00:00,2023-12-13 19:00:00,ringsted,0.2,0.5,4.6,0.0,1005.04,86.75,98.3333
1702494000,2023-12-13 19:00:00,2023-12-13 20:00:00,ringsted,0.25,0.5,4.4,0.0,1005.73,87.5,99.1667
1702497600,2023-12-13 20:00:00,2023-12-13 21:00:00,ringsted,0.275,0.5,4.275,0.0,1006.42,88.0,96.6667
1702501200,2023-12-13 21:00:00,2023-12-13 22:00:00,ringsted,0.325,0.0,4.125,0.0,1006.83,88.0,94.1667
1702504800,2023-12-13 22:00:00,2023-12-13 23:00:00,ringsted,0.275,0.0,4.1,0.0,1007.53,87.75,98.3333
1702508400,2023-12-13 23:00:00,2023-12-14 00:00:00,ringsted,0.275,0.0,3.625,0.0,1007.91,87.5,97.5
1702512000,2023-12-14 00:00:00,2023-12-14 01:00:00,ringsted,0.15,0.0,3.825,0.0,1008.4,87.25,98.3333
1702515600,2023-12-14 01:00:00,2023-12-14 02:00:00,ringsted,0.025,0.0,3.4,0.0,1009.1,86.5,98.3333
1702519200,2023-12-14 02:00:00,2023-12-14 03:00:00,ringsted,-0.175,0.0,3.3,0.0,1009.4,86.5,90.4167
1702522800,2023-12-14 03:00:00,2023-12-14 04:00:00,ringsted,-0.55,0.0,2.85,0.0,1009.8,87.25,94.1667
1702526400,2023-12-14 04:00:00,2023-12-14 05:00:00,ringsted,-0.725,0.0,2.725,0.0,1010.31,88.0,93.3333
1702530000,2023-12-14 05:00:00,2023-12-14 06:00:00,ringsted,-0.625,0.0,2.6,0.0,1010.72,88.0,95.4545
1702533600,2023-12-14 06:00:00,2023-12-14 07:00:00,ringsted,-0.575,0.0,2.3,0.0,1011.24,88.25,95.8333
1702537200,2023-12-14 07:00:00,2023-12-14 08:00:00,ringsted,-0.6,0.0,1.9,0.0,1011.88,88.25,95.8333
1702540800,2023-12-14 08:00:00,2023-12-14 09:00:00,ringsted,-0.475,2.5,1.65,0.0,1012.67,88.0,99.1667
1702544400,2023-12-14 09:00:00,2023-12-14 10:00:00,ringsted,-0.325,24.5,1.7,0.0,1013.14,88.5,98.3333
1702548000,2023-12-14 10:00:00,2023-12-14 11:00:00,ringsted,-0.025,59.5,2.05,0.0,1013.44,88.25,97.5
1702551600,2023-12-14 11:00:00,2023-12-14 12:00:00,ringsted,0.475,78.0,1.625,0.0,1013.79,87.0,97.5
1702555200,2023-12-14 12:00:00,2023-12-14 13:00:00,ringsted,0.9,79.5,1.275,0.0,1014.15,86.0,97.5
1702558800,2023-12-14 13:00:00,2023-12-14 14:00:00,ringsted,1.1,53.0,1.225,0.0,1014.32,86.75,99.1667
1702562400,2023-12-14 14:00:00,2023-12-14 15:00:00,ringsted,1.025,25.0,1.35,0.0,1014.96,88.25,99.1667
1702566000,2023-12-14 15:00:00,2023-12-14 16:00:00,ringsted,0.775,3.5,1.525,0.0,1015.58,90.25,99.1667
1702569600,2023-12-14 16:00:00,2023-12-14 17:00:00,ringsted,0.525,0.0,0.875,0.0,1016.1,92.0,97.5
1702573200,2023-12-14 17:00:00,2023-12-14 18:00:00,ringsted,0.35,0.0,0.825,0.0,1016.54,93.25,91.6667
1702576800,2023-12-14 18:00:00,2023-12-14 19:00:00,ringsted,0.15,0.0,1.425,0.0,1016.94,94.25,96.6667
1702580400,2023-12-14 19:00:00,2023-12-14 20:00:00,ringsted,0.525,0.0,2.0,0.0,1017.43,92.25,95.0
1702584000,2023-12-14 20:00:00,2023-12-14 21:00:00,ringsted,1.05,0.0,2.025,0.0,1017.74,90.75,98.3333
1702587600,2023-12-14 21:00:00,2023-12-14 22:00:00,ringsted,1.2,0.0,2.1,0.0,1017.83,91.0,95.8333
1702591200,2023-12-14 22:00:00,2023-12-14 23:00:00,ringsted,1.2,0.0,2.175,0.0,1018.23,91.25,98.3333
1702594800,2023-12-14 23:00:00,2023-12-15 00:00:00,ringsted,1.65,0.0,2.325,0.0,1018.58,90.75,96.6667
1702598400,2023-12-15 00:00:00,2023-12-15 01:00:00,ringsted,2.05,0.0,2.85,0.0,1018.83,90.75,98.3333
1702602000,2023-12-15 01:00:00,2023-12-15 02:00:00,ringsted,2.25,0.0,2.975,0.0,1019.09,91.75,97.5
1702605600,2023-12-15 02:00:00,2023-12-15 03:00:00,ringsted,2.375,0.0,3.15,0.0,1019.06,93.0,92.5
1702609200,2023-12-15 03:00:00,2023-12-15 04:00:00,ringsted,2.675,0.0,3.75,0.05,1019.07,94.0,98.3333
1702612800,2023-12-15 04:00:00,2023-12-15 05:00:00,ringsted,2.95,0.0,3.825,0.0,1019.28,94.25,99.1667
1702616400,2023-12-15 05:00:00,2023-12-15 06:00:00,ringsted,3.25,0.0,3.625,0.0,1019.51,95.0,99.1667
1702620000,2023-12-15 06:00:00,2023-12-15 07:00:00,ringsted,3.575,0.0,3.75,0.025,1019.58,96.25,99.1667
1702623600,2023-12-15 07:00:00,2023-12-15 08:00:00,ringsted,3.8,0.0,3.7,0.025,1020.23,97.0,99.1667
1702627200,2023-12-15 08:00:00,2023-12-15 09:00:00,ringsted,4.075,0.5,3.85,0.15,1020.89,97.75,99.1667
1702630800,2023-12-15 09:00:00,2023-12-15 10:00:00,ringsted,4.375,12.0,3.475,0.2,1021.44,98.25,99.1667
1702634400,2023-12-15 10:00:00,2023-12-15 11:00:00,ringsted,4.75,37.0,3.975,0.025,1022.07,98.0,99.1667
1702638000,2023-12-15 11:00:00,2023-12-15 12:00:00,ringsted,5.2,61.0,3.8,0.025,1022.22,96.75,99.1667
1702641600,2023-12-15 12:00:00,2023-12-15 13:00:00,ringsted,5.625,60.5,3.75,0.025,1022.42,95.5,96.6667
1702645200,2023-12-15 13:00:00,2023-12-15 14:00:00,ringsted,5.925,51.0,3.975,0.025,1022.88,94.0,96.6667
1702648800,2023-12-15 14:00:00,2023-12-15 15:00:00,ringsted,5.875,27.5,3.875,0.0,1023.33,93.5,93.3333
1702652400,2023-12-15 15:00:00,2023-12-15 16:00:00,ringsted,5.775,10.5,3.475,0.05,1023.61,93.0,85.8333
1702656000,2023-12-15 16:00:00,2023-12-15 17:00:00,ringsted,5.7,0.0,3.4,0.0,1023.98,92.0,90.8333
1702659600,2023-12-15 17:00:00,2023-12-15 18:00:00,ringsted,5.45,0.0,3.375,0.0,1024.46,93.0,92.5
1702663200,2023-12-15 18:00:00,2023-12-15 19:00:00,ringsted,5.75,0.0,3.625,0.0,1024.69,92.0,57.0833
1702666800,2023-12-15 19:00:00,2023-12-15 20:00:00,ringsted,5.35,0.0,3.55,0.0,1024.98,92.25,20.4167
1702670400,2023-12-15 20:00:00,2023-12-15 21:00:00,ringsted,5.025,0.0,3.8,0.0,1025.49,92.75,74.1667
1702674000,2023-12-15 21:00:00,2023-12-15 22:00:00,ringsted,5.2,0.0,4.0,0.0,1025.44,92.5,75.0
1702677600,2023-12-15 22:00:00,2023-12-15 23:00:00,ringsted,5.3,0.0,3.725,0.0,1025.46,92.0,66.6667
1702681200,2023-12-15 23:00:00,2023-12-16 00:00:00,ringsted,5.425,0.0,4.4,0.0,1025.72,92.75,88.75
1702684800,2023-12-16 00:00:00,2023-12-16 01:00:00,ringsted,5.6,0.0,4.575,0.0,1025.49,93.5,91.25
1702688400,2023-12-16 01:00:00,2023-12-16 02:00:00,ringsted,5.675,0.0,4.8,0.0,1025.55,94.0,87.5
1702692000,2023-12-16 02:00:00,2023-12-16 03:00:00,ringsted,5.95,0.0,5.15,0.0,1025.66,94.0,92.5
1702695600,2023-12-16 03:00:00,2023-12-16 04:00:00,ringsted,6.225,0.0,4.9,0.0,1025.74,93.0,62.5
1702699200,2023-12-16 04:00:00,2023-12-16 05:00:00,ringsted,6.075,0.0,5.125,0.0,1025.46,92.25,59.5833
1702702800,2023-12-16 05:00:00,2023-12-16 06:00:00,ringsted,5.85,0.0,5.675,0.0,1025.07,93.0,90.4167
1702706400,2023-12-16 06:00:00,2023-12-16 07:00:00,ringsted,6.075,0.0,6.1,0.0,1024.78,92.5,95.0
1702710000,2023-12-16 07:00:00,2023-12-16 08:00:00,ringsted,6.225,0.0,6.6,0.0,1024.7,93.0,99.1667
1702713600,2023-12-16 08:00:00,2023-12-16 09:00:00,ringsted,6.4,1.5,6.65,0.0,1024.78,93.5,99.1667
1702717200,2023-12-16 09:00:00,2023-12-16 10:00:00,ringsted,6.35,11.5,6.7,0.0,1024.72,95.25,99.1667
1702720800,2023-12-16 10:00:00,2023-12-16 11:00:00,ringsted,6.35,23.5,6.4,0.025,1024.21,96.75,106.0
1702724400,2023-12-16 11:00:00,2023-12-16 12:00:00,ringsted,6.325,22.0,6.275,0.0,1023.6,97.75,103.0
1702728000,2023-12-16 12:00:00,2023-12-16 13:00:00,ringsted,6.45,20.0,6.225,0.025,1023.03,98.5,98.3333
1702731600,2023-12-16 13:00:00,2023-12-16 14:00:00,ringsted,6.925,24.5,6.45,0.025,1022.48,97.5,98.3333
1702735200,2023-12-16 14:00:00,2023-12-16 15:00:00,ringsted,7.275,18.5,6.875,0.0,1021.91,95.75,98.3333
1702738800,2023-12-16 15:00:00,2023-12-16 16:00:00,ringsted,7.4,4.5,7.225,0.0,1021.31,95.0,98.3333
1702742400,2023-12-16 16:00:00,2023-12-16 17:00:00,ringsted,7.425,0.0,7.325,0.0,1021.08,96.0,98.3333
1702746000,2023-12-16 17:00:00,2023-12-16 18:00:00,ringsted,7.45,0.0,7.6,0.025,1021.06,96.75,98.3333
1702749600,2023-12-16 18:00:00,2023-12-16 19:00:00,ringsted,7.725,0.0,7.625,0.0,1020.76,95.5,99.1667
1702753200,2023-12-16 19:00:00,2023-12-16 20:00:00,ringsted,7.875,0.0,8.0,0.0,1020.65,94.25,99.1667
1702756800,2023-12-16 20:00:00,2023-12-16 21:00:00,ringsted,8.1,0.0,7.9,0.0,1020.75,92.5,98.3333
1702760400,2023-12-16 21:00:00,2023-12-16 22:00:00,ringsted,8.4,0.0,8.175,0.0,1020.9,90.25,98.3333
1702764000,2023-12-16 22:00:00,2023-12-16 23:00:00,ringsted,8.475,0.0,8.025,0.0,1021.48,89.5,98.3333
1702767600,2023-12-16 23:00:00,2023-12-17 00:00:00,ringsted,8.475,0.0,7.325,0.0,1021.81,89.0,98.3333
1702771200,2023-12-17 00:00:00,2023-12-17 01:00:00,ringsted,8.275,0.0,7.175,0.025,1021.58,90.5,98.3333
1702774800,2023-12-17 01:00:00,2023-12-17 02:00:00,ringsted,8.025,0.0,7.4,0.0,1021.54,93.0,98.3333
1702778400,2023-12-17 02:00:00,2023-12-17 03:00:00,ringsted,7.925,0.0,6.975,0.0,1021.53,94.75,98.3333
1702782000,2023-12-17 03:00:00,2023-12-17 04:00:00,ringsted,7.9,0.0,6.6,0.0,1021.57,95.0,98.3333
1702785600,2023-12-17 04:00:00,2023-12-17 05:00:00,ringsted,7.9,0.0,6.6,0.0,1021.59,94.75,98.3333
1702789200,2023-12-17 05:00:00,2023-12-17 06:00:00,ringsted,7.9,0.0,6.55,0.0,1021.48,95.0,97.5
1702792800,2023-12-17 06:00:00,2023-12-17 07:00:00,ringsted,7.825,0.0,6.45,0.0,1021.3,95.0,99.1667
1702796400,2023-12-17 07:00:00,2023-12-17 08:00:00,ringsted,7.875,0.0,6.95,0.0,1021.37,94.75,99.1667
1702800000,2023-12-17 08:00:00,2023-12-17 09:00:00,ringsted,7.925,0.0,7.1,0.0,1021.14,93.75,99.1667
1702803600,2023-12-17 09:00:00,2023-12-17 10:00:00,ringsted,7.875,5.0,6.75,0.0,1020.92,93.25,99.1667
1702807200,2023-12-17 10:00:00,2023-12-17 11:00:00,ringsted,7.925,14.0,7.6,0.0,1020.25,92.5,99.1667
1702810800,2023-12-17 11:00:00,2023-12-17 12:00:00,ringsted,7.975,27.0,8.05,0.0,1019.73,91.75,99.1667
1702814400,2023-12-17 12:00:00,2023-12-17 13:00:00,ringsted,8.025,28.5,8.0,0.0,1019.18,91.25,99.1667
1702818000,2023-12-17 13:00:00,2023-12-17 14:00:00,ringsted,7.95,19.0,8.8,0.0,1018.92,92.25,99.1667
1702821600,2023-12-17 14:00:00,2023-12-17 15:00:00,ringsted,7.925,10.5,9.075,0.0,1018.5,89.5,99.1667
1702825200,2023-12-17 15:00:00,2023-12-17 16:00:00,ringsted,7.825,1.5,9.0,0.0,1018.11,88.0,97.5
1702828800,2023-12-17 16:00:00,2023-12-17 17:00:00,ringsted,7.625,0.0,8.35,0.0,1018.11,90.5,95.8333
1702832400,2023-12-17 17:00:00,2023-12-17 18:00:00,ringsted,7.8,0.0,8.45,0.0,1018.16,90.75,96.6667
1702836000,2023-12-17 18:00:00,2023-12-17 19:00:00,ringsted,7.575,0.0,7.675,0.0,1017.64,91.25,98.3333
1702839600,2023-12-17 19:00:00,2023-12-17 20:00:00,ringsted,7.65,0.0,7.925,0.0,1017.63,90.25,98.3333
1702843200,2023-12-17 20:00:00,2023-12-17 21:00:00,ringsted,7.6,0.0,8.05,0.0,1017.51,90.25,98.3333
1702846800,2023-12-17 21:00:00,2023-12-17 22:00:00,ringsted,7.425,0.0,8.325,0.0,1017.46,91.5,98.3333
1702850400,2023-12-17 22:00:00,2023-12-17 23:00:00,ringsted,7.275,0.0,7.9,0.0,1017.53,93.0,98.3333
1702854000,2023-12-17 23:00:00,2023-12-18 00:00:00,ringsted,7.2,0.0,7.675,0.025,1017.36,94.5,98.3333
1702857600,2023-12-18 00:00:00,2023-12-18 01:00:00,ringsted,7.15,0.0,7.85,0.05,1016.84,95.5,98.3333
1702861200,2023-12-18 01:00:00,2023-12-18 02:00:00,ringsted,7.275,0.0,8.225,0.0,1016.42,94.75,98.3333
1702864800,2023-12-18 02:00:00,2023-12-18 03:00:00,ringsted,7.375,0.0,8.175,0.025,1016.31,95.25,98.3333
1702868400,2023-12-18 03:00:00,2023-12-18 04:00:00,ringsted,7.425,0.0,7.725,0.05,1016.3,95.25,99.1667
1702872000,2023-12-18 04:00:00,2023-12-18 05:00:00,ringsted,7.5,0.0,7.425,0.0,1016.62,95.25,99.1667
1702875600,2023-12-18 05:00:00,2023-12-18 06:00:00,ringsted,7.65,0.0,6.925,0.025,1016.38,95.75,99.1667
1702879200,2023-12-18 06:00:00,2023-12-18 07:00:00,ringsted,7.675,0.0,6.95,0.025,1016.45,96.0,99.1667
1702882800,2023-12-18 07:00:00,2023-12-18 08:00:00,ringsted,7.675,0.0,7.125,0.0,1016.91,96.25,99.1667
1702886400,2023-12-18 08:00:00,2023-12-18 09:00:00,ringsted,7.8,0.0,6.45,0.0,1017.23,95.75,99.1667
1702890000,2023-12-18 09:00:00,2023-12-18 10:00:00,ringsted,7.9,5.0,6.275,0.0,1017.34,95.75,99.1667
1702893600,2023-12-18 10:00:00,2023-12-18 11:00:00,ringsted,7.925,21.5,6.25,0.0,1017.15,96.0,99.1667
1702897200,2023-12-18 11:00:00,2023-12-18 12:00:00,ringsted,8.025,31.0,6.3,0.0,1016.75,96.75,98.3333
1702900800,2023-12-18 12:00:00,2023-12-18 13:00:00,ringsted,7.975,29.5,5.875,0.0,1016.35,96.5,100.0
1702904400,2023-12-18 13:00:00,2023-12-18 14:00:00,ringsted,7.975,21.0,5.975,0.0,1015.92,96.5,100.0
1702908000,2023-12-18 14:00:00,2023-12-18 15:00:00,ringsted,7.85,5.0,6.1,0.0,1015.41,97.25,100.0
1702911600,2023-12-18 15:00:00,2023-12-18 16:00:00,ringsted,7.675,1.0,6.025,0.0,1014.9,97.25,100.0
1702915200,2023-12-18 16:00:00,2023-12-18 17:00:00,ringsted,7.6,0.0,6.075,0.05,1014.14,96.75,85.7143
1702918800,2023-12-18 17:00:00,2023-12-18 18:00:00,ringsted,7.45,0.0,6.9,0.0,1013.15,96.5,100.0
1702922400,2023-12-18 18:00:00,2023-12-18 19:00:00,ringsted,7.35,0.0,7.2,0.05,1012.35,97.25,100.0
1702926000,2023-12-18 19:00:00,2023-12-18 20:00:00,ringsted,7.275,0.0,8.025,0.0,1011.86,97.25,100.0
1702929600,2023-12-18 20:00:00,2023-12-18 21:00:00,ringsted,7.35,0.0,8.225,0.0,1010.82,96.75,100.0
1702933200,2023-12-18 21:00:00,2023-12-18 22:00:00,ringsted,7.425,0.0,8.3,0.0,1009.82,96.5,100.0
1702936800,2023-12-18 22:00:00,2023-12-18 23:00:00,ringsted,7.575,0.0,8.4,0.0,1009.07,97.0,100.0
1702940400,2023-12-18 23:00:00,2023-12-19 00:00:00,ringsted,7.775,0.0,8.325,0.0,1008.58,97.0,100.0
1702944000,2023-12-19 00:00:00,2023-12-19 01:00:00,ringsted,7.875,0.0,7.875,0.05,1008.07,97.0,100.0
1702947600,2023-12-19 01:00:00,2023-12-19 02:00:00,ringsted,8.125,0.0,7.55,0.05,1008.12,96.75,100.0
1702951200,2023-12-19 02:00:00,2023-12-19 03:00:00,ringsted,8.325,0.0,7.2,0.0,1008.14,96.25,98.5714
1702954800,2023-12-19 03:00:00,2023-12-19 04:00:00,ringsted,8.575,0.0,6.15,0.025,1007.82,94.75,81.4286
1702958400,2023-12-19 04:00:00,2023-12-19 05:00:00,ringsted,8.55,0.0,5.975,0.0,1007.87,93.25,91.6667
1702962000,2023-12-19 05:00:00,2023-12-19 06:00:00,ringsted,8.3,0.0,5.6,0.0,1007.72,92.75,90.0
1702965600,2023-12-19 06:00:00,2023-12-19 07:00:00,ringsted,8.0,0.0,4.625,0.0,1007.74,92.5,94.2857
1702969200,2023-12-19 07:00:00,2023-12-19 08:00:00,ringsted,7.975,0.0,4.825,0.0,1007.66,92.5,96.6667
1702972800,2023-12-19 08:00:00,2023-12-19 09:00:00,ringsted,7.8,0.0,4.775,0.0,1007.35,94.25,92.8571
1702976400,2023-12-19 09:00:00,2023-12-19 10:00:00,ringsted,7.75,5.0,4.45,0.0,1006.96,94.25,87.5
1702980000,2023-12-19 10:00:00,2023-12-19 11:00:00,ringsted,7.725,13.5,4.45,0.075,1006.2,94.25,86.6667
1702983600,2023-12-19 11:00:00,2023-12-19 12:00:00,ringsted,7.6,23.5,4.625,0.45,1005.22,95.5,98.5714
1702987200,2023-12-19 12:00:00,2023-12-19 13:00:00,ringsted,7.5,17.5,4.8,0.5,1004.33,96.0,100.0
1702990800,2023-12-19 13:00:00,2023-12-19 14:00:00,ringsted,7.275,14.0,4.925,0.2,1003.56,96.25,85.7143
1702994400,2023-12-19 14:00:00,2023-12-19 15:00:00,ringsted,6.9,11.5,4.9,0.325,1003.0,96.0,98.5714
1702998000,2023-12-19 15:00:00,2023-12-19 16:00:00,ringsted,6.75,3.0,4.9,0.5,1002.84,96.0,100.0
1703001600,2023-12-19 16:00:00,2023-12-19 17:00:00,ringsted,6.175,0.0,3.7,0.8,1002.89,96.25,98.5714
1703005200,2023-12-19 17:00:00,2023-12-19 18:00:00,ringsted,5.85,0.0,3.5,0.175,1002.75,96.25,91.6667
1703008800,2023-12-19 18:00:00,2023-12-19 19:00:00,ringsted,5.525,0.0,3.825,0.025,1002.86,94.5,90.0
1703012400,2023-12-19 19:00:00,2023-12-19 20:00:00,ringsted,5.2,0.0,4.2,0.0,1002.67,91.5,52.1429
1703016000,2023-12-19 20:00:00,2023-12-19 21:00:00,ringsted,4.2,0.0,3.325,0.0,1002.65,87.75,0.0
1703019600,2023-12-19 21:00:00,2023-12-19 22:00:00,ringsted,3.55,0.0,3.1,0.0,1002.36,93.25,0.0
1703023200,2023-12-19 22:00:00,2023-12-19 23:00:00,ringsted,3.525,0.0,3.3,0.0,1001.7,95.5,1.66667
1703026800,2023-12-19 23:00:00,2023-12-20 00:00:00,ringsted,3.475,0.0,3.625,0.0,1001.09,95.5,67.5
1703030400,2023-12-20 00:00:00,2023-12-20 01:00:00,ringsted,3.475,0.0,3.85,0.0,1000.51,94.25,45.0
1703034000,2023-12-20 01:00:00,2023-12-20 02:00:00,ringsted,3.725,0.0,4.2,0.05,999.612,92.5,87.5
1703037600,2023-12-20 02:00:00,2023-12-20 03:00:00,ringsted,4.075,0.0,4.675,0.0,998.667,91.5,90.0
1703041200,2023-12-20 03:00:00,2023-12-20 04:00:00,ringsted,4.3,0.0,5.075,0.0,997.708,92.0,90.0
1703044800,2023-12-20 04:00:00,2023-12-20 05:00:00,ringsted,4.475,0.0,5.575,0.0,996.946,91.75,84.4444
1703048400,2023-12-20 05:00:00,2023-12-20 06:00:00,ringsted,4.75,0.0,6.125,0.1,996.367,91.0,96.6667
1703052000,2023-12-20 06:00:00,2023-12-20 07:00:00,ringsted,4.675,0.0,5.875,0.275,995.662,90.5,100.0
1703055600,2023-12-20 07:00:00,2023-12-20 08:00:00,ringsted,4.3,0.0,4.925,0.375,995.142,90.0,78.5714
1703059200,2023-12-20 08:00:00,2023-12-20 09:00:00,ringsted,4.0,2.0,4.8,1.2,994.796,90.0,70.8333
1703062800,2023-12-20 09:00:00,2023-12-20 10:00:00,ringsted,4.1,42.0,4.525,0.025,994.1,92.0,90.0
1703066400,2023-12-20 10:00:00,2023-12-20 11:00:00,ringsted,4.45,34.5,5.3,0.675,993.667,91.0,94.2857
1703070000,2023-12-20 11:00:00,2023-12-20 12:00:00,ringsted,3.925,60.5,5.45,0.7,993.354,91.75,94.2857
1703073600,2023-12-20 12:00:00,2023-12-20 13:00:00,ringsted,4.275,79.5,6.45,0.0,993.125,89.0,93.3333
1703077200,2023-12-20 13:00:00,2023-12-20 14:00:00,ringsted,4.525,63.0,6.95,0.0,993.371,85.0,85.0
1703080800,2023-12-20 14:00:00,2023-12-20 15:00:00,ringsted,4.375,48.5,7.15,0.0,993.829,82.75,65.8333
1703084400,2023-12-20 15:00:00,2023-12-20 16:00:00,ringsted,4.0,11.0,6.175,0.0,994.067,82.75,43.3333
1703088000,2023-12-20 16:00:00,2023-12-20 17:00:00,ringsted,3.625,0.0,6.125,0.0,994.329,82.25,91.6667
1703091600,2023-12-20 17:00:00,2023-12-20 18:00:00,ringsted,3.475,0.0,5.825,0.05,994.35,82.5,25.7143
1703095200,2023-12-20 18:00:00,2023-12-20 19:00:00,ringsted,3.275,0.0,6.5,0.0,994.204,82.25,0.0
1703098800,2023-12-20 19:00:00,2023-12-20 20:00:00,ringsted,3.05,0.0,6.0,0.0,993.954,84.25,6.66667
1703102400,2023-12-20 20:00:00,2023-12-20 21:00:00,ringsted,3.25,0.0,5.275,0.0,993.475,84.75,86.6667
1703106000,2023-12-20 21:00:00,2023-12-20 22:00:00,ringsted,3.7,0.0,5.025,0.0,992.825,85.0,95.0
1703109600,2023-12-20 22:00:00,2023-12-20 23:00:00,ringsted,3.875,0.0,5.025,0.0,992.237,87.5,100.0
1703113200,2023-12-20 23:00:00,2023-12-21 00:00:00,ringsted,3.775,0.0,4.65,0.225,991.129,91.0,93.3333
1703116800,2023-12-21 00:00:00,2023-12-21 01:00:00,ringsted,3.525,0.0,4.1,0.025,990.392,93.25,78.125
1703120400,2023-12-21 01:00:00,2023-12-21 02:00:00,ringsted,3.65,0.0,4.0,0.0,989.196,94.0,93.3333
1703124000,2023-12-21 02:00:00,2023-12-21 03:00:00,ringsted,3.625,0.0,3.525,0.1,988.325,94.0,91.6667
1703127600,2023-12-21 03:00:00,2023-12-21 04:00:00,ringsted,3.625,0.0,3.6,0.0,987.196,94.5,90.0
1703131200,2023-12-21 04:00:00,2023-12-21 05:00:00,ringsted,3.675,0.0,3.875,0.0,985.379,95.0,98.3333
1703134800,2023-12-21 05:00:00,2023-12-21 06:00:00,ringsted,3.95,0.0,4.5,0.025,982.854,95.5,100.0
1703138400,2023-12-21 06:00:00,2023-12-21 07:00:00,ringsted,4.2,0.0,5.475,0.625,979.85,97.0,100.0
1703142000,2023-12-21 07:00:00,2023-12-21 08:00:00,ringsted,4.6,0.0,6.35,1.45,977.092,97.75,100.0
1703145600,2023-12-21 08:00:00,2023-12-21 09:00:00,ringsted,5.5,0.0,7.1,2.125,974.312,97.75,100.0
1703149200,2023-12-21 09:00:00,2023-12-21 10:00:00,ringsted,6.625,4.0,8.3,1.625,972.004,96.5,100.0
1703152800,2023-12-21 10:00:00,2023-12-21 11:00:00,ringsted,7.075,16.0,7.925,1.85,969.838,94.5,100.0
1703156400,2023-12-21 11:00:00,2023-12-21 12:00:00,ringsted,7.15,43.0,7.725,0.4,968.263,94.0,100.0
1703160000,2023-12-21 12:00:00,2023-12-21 13:00:00,ringsted,7.5,41.5,8.175,0.125,967.787,92.5,95.0
1703163600,2023-12-21 13:00:00,2023-12-21 14:00:00,ringsted,7.725,31.5,8.175,0.0,967.625,86.25,75.0
1703167200,2023-12-21 14:00:00,2023-12-21 15:00:00,ringsted,7.325,28.0,7.875,0.0,967.667,82.0,78.5714
1703170800,2023-12-21 15:00:00,2023-12-21 16:00:00,ringsted,6.625,14.5,9.0,0.0,967.654,76.0,67.5
1703174400,2023-12-21 16:00:00,2023-12-21 17:00:00,ringsted,5.725,0.0,9.25,0.0,966.696,73.25,96.6667
1703178000,2023-12-21 17:00:00,2023-12-21 18:00:00,ringsted,5.65,0.0,10.175,0.0,965.392,71.25,95.0
1703181600,2023-12-21 18:00:00,2023-12-21 19:00:00,ringsted,5.225,0.0,12.225,0.225,964.312,74.75,100.0
1703185200,2023-12-21 19:00:00,2023-12-21 20:00:00,ringsted,4.25,0.0,13.15,0.15,964.463,84.5,95.0
1703188800,2023-12-21 20:00:00,2023-12-21 21:00:00,ringsted,4.4,0.0,14.175,0.175,966.271,84.25,97.1429
1703192400,2023-12-21 21:00:00,2023-12-21 22:00:00,ringsted,4.35,0.0,13.425,0.15,967.821,83.25,100.0
1703196000,2023-12-21 22:00:00,2023-12-21 23:00:00,ringsted,4.3,0.0,14.2,0.15,969.308,82.0,96.6667
1703199600,2023-12-21 23:00:00,2023-12-22 00:00:00,ringsted,4.4,0.0,14.175,0.05,970.562,72.5,90.0
1703203200,2023-12-22 00:00:00,2023-12-22 01:00:00,ringsted,4.2,0.0,14.725,0.0,971.367,63.5,91.6667
1703206800,2023-12-22 01:00:00,2023-12-22 02:00:00,ringsted,3.85,0.0,14.7,0.0,972.15,57.25,85.0
1703210400,2023-12-22 02:00:00,2023-12-22 03:00:00,ringsted,3.65,0.0,14.575,0.0,972.433,57.0,67.5
1703214000,2023-12-22 03:00:00,2023-12-22 04:00:00,ringsted,2.9,0.0,13.8,0.0,972.433,65.5,82.5
1703217600,2023-12-22 04:00:00,2023-12-22 05:00:00,ringsted,2.425,0.0,12.925,0.0,972.404,71.0,91.25
1703221200,2023-12-22 05:00:00,2023-12-22 06:00:00,ringsted,2.925,0.0,12.475,0.0,972.746,71.5,81.4286
1703224800,2023-12-22 06:00:00,2023-12-22 07:00:00,ringsted,3.35,0.0,12.45,0.0,973.75,71.5,75.0
1703228400,2023-12-22 07:00:00,2023-12-22 08:00:00,ringsted,3.675,0.0,13.15,0.0,975.167,66.5,60.7143
1703232000,2023-12-22 08:00:00,2023-12-22 09:00:00,ringsted,3.7,2.5,13.075,0.0,976.725,66.25,98.3333
1703235600,2023-12-22 09:00:00,2023-12-22 10:00:00,ringsted,3.65,34.0,12.8,0.0,978.054,65.75,85.0
1703239200,2023-12-22 10:00:00,2023-12-22 11:00:00,ringsted,3.625,115.0,12.15,0.0,978.846,62.75,15.0
1703242800,2023-12-22 11:00:00,2023-12-22 12:00:00,ringsted,3.625,158.5,11.975,0.0,979.496,58.25,31.6667
1703246400,2023-12-22 12:00:00,2023-12-22 13:00:00,ringsted,3.625,176.0,11.85,0.0,979.958,55.75,62.5
1703250000,2023-12-22 13:00:00,2023-12-22 14:00:00,ringsted,3.575,169.0,11.325,0.0,980.483,53.75,85.0
1703253600,2023-12-22 14:00:00,2023-12-22 15:00:00,ringsted,3.35,102.0,10.925,0.0,981.112,53.75,70.0
1703257200,2023-12-22 15:00:00,2023-12-22 16:00:00,ringsted,2.8,18.5,10.0,0.0,981.871,54.25,32.7273
1703260800,2023-12-22 16:00:00,2023-12-22 17:00:00,ringsted,2.325,0.0,9.45,0.0,982.329,55.0,4.58333
1703264400,2023-12-22 17:00:00,2023-12-22 18:00:00,ringsted,2.125,0.0,9.2,0.0,982.829,55.25,0.833333
1703268000,2023-12-22 18:00:00,2023-12-22 19:00:00,ringsted,2.1,0.0,8.925,0.0,983.296,54.5,0.0
1703271600,2023-12-22 19:00:00,2023-12-22 20:00:00,ringsted,1.925,0.0,8.3,0.0,983.675,54.0,0.0
1703275200,2023-12-22 20:00:00,2023-12-22 21:00:00,ringsted,1.75,0.0,8.0,0.0,984.412,54.75,23.3333
1703278800,2023-12-22 21:00:00,2023-12-22 22:00:00,ringsted,1.525,0.0,7.275,0.0,985.233,57.0,11.6667
1703282400,2023-12-22 22:00:00,2023-12-22 23:00:00,ringsted,1.225,0.0,7.05,0.0,986.138,60.0,0.833333
1703286000,2023-12-22 23:00:00,2023-12-23 00:00:00,ringsted,1.15,0.0,7.7,0.0,986.983,62.0,11.6667
1703289600,2023-12-23 00:00:00,2023-12-23 01:00:00,ringsted,1.4,0.0,8.775,0.0,987.6,65.0,4.16667
1703293200,2023-12-23 01:00:00,2023-12-23 02:00:00,ringsted,1.4,0.0,8.825,0.0,987.963,67.75,26.25
1703296800,2023-12-23 02:00:00,2023-12-23 03:00:00,ringsted,1.475,0.0,7.95,0.0,987.967,69.0,50.0
1703300400,2023-12-23 03:00:00,2023-12-23 04:00:00,ringsted,1.325,0.0,8.075,0.025,988.229,75.0,51.6667
1703304000,2023-12-23 04:00:00,2023-12-23 05:00:00,ringsted,1.675,0.0,8.4,0.0,988.617,78.0,76.6667
1703307600,2023-12-23 05:00:00,2023-12-23 06:00:00,ringsted,1.925,0.0,8.075,0.0,988.792,79.0,60.8333
1703311200,2023-12-23 06:00:00,2023-12-23 07:00:00,ringsted,1.95,0.0,6.575,0.0,988.95,81.75,48.3333
1703314800,2023-12-23 07:00:00,2023-12-23 08:00:00,ringsted,2.125,0.0,6.45,0.0,989.213,81.0,48.3333
1703318400,2023-12-23 08:00:00,2023-12-23 09:00:00,ringsted,2.075,4.0,6.0,0.0,989.429,82.5,47.5
1703322000,2023-12-23 09:00:00,2023-12-23 10:00:00,ringsted,2.15,45.5,6.35,0.0,989.792,82.25,41.25
1703325600,2023-12-23 10:00:00,2023-12-23 11:00:00,ringsted,2.275,114.0,6.225,0.0,989.958,81.0,47.5
1703329200,2023-12-23 11:00:00,2023-12-23 12:00:00,ringsted,2.75,165.5,6.875,0.0,990.117,78.75,54.1667
1703332800,2023-12-23 12:00:00,2023-12-23 13:00:00,ringsted,2.925,136.5,6.75,0.0,990.408,76.75,53.3333
1703336400,2023-12-23 13:00:00,2023-12-23 14:00:00,ringsted,2.875,81.0,6.825,0.0,990.9,77.25,45.0
1703340000,2023-12-23 14:00:00,2023-12-23 15:00:00,ringsted,2.675,59.0,6.15,0.0,991.575,79.5,45.0
1703343600,2023-12-23 15:00:00,2023-12-23 16:00:00,ringsted,2.6,16.0,6.05,0.05,992.404,79.25,30.8333
1703347200,2023-12-23 16:00:00,2023-12-23 17:00:00,ringsted,2.425,0.0,5.825,0.0,993.075,80.25,5.0
1703350800,2023-12-23 17:00:00,2023-12-23 18:00:00,ringsted,2.275,0.0,4.95,0.0,993.554,81.0,2.5
1703354400,2023-12-23 18:00:00,2023-12-23 19:00:00,ringsted,1.825,0.0,4.025,0.0,994.042,83.25,0.0
1703358000,2023-12-23 19:00:00,2023-12-23 20:00:00,ringsted,1.2,0.0,3.475,0.0,994.529,85.75,5.83333
1703361600,2023-12-23 20:00:00,2023-12-23 21:00:00,ringsted,0.55,0.0,2.625,0.0,994.846,88.25,10.0
1703365200,2023-12-23 21:00:00,2023-12-23 22:00:00,ringsted,0.275,0.0,2.35,0.0,994.771,90.0,45.8333
1703368800,2023-12-23 22:00:00,2023-12-23 23:00:00,ringsted,0.1,0.0,1.9,0.0,994.846,91.25,47.5
1703372400,2023-12-23 23:00:00,2023-12-24 00:00:00,ringsted,0.5,0.0,1.9,0.0,994.525,91.5,77.0833
1703376000,2023-12-24 00:00:00,2023-12-24 01:00:00,ringsted,0.5,0.0,1.65,0.0,994.325,91.5,83.75
1703379600,2023-12-24 01:00:00,2023-12-24 02:00:00,ringsted,1.225,0.0,2.3,0.0,994.1,91.5,92.5
1703383200,2023-12-24 02:00:00,2023-12-24 03:00:00,ringsted,1.675,0.0,2.675,0.0,993.796,90.75,98.3333
1703386800,2023-12-24 03:00:00,2023-12-24 04:00:00,ringsted,1.9,0.0,2.825,0.0,993.537,87.25,98.3333
1703390400,2023-12-24 04:00:00,2023-12-24 05:00:00,ringsted,1.7,0.0,2.825,0.175,993.146,90.5,98.1818
1703394000,2023-12-24 05:00:00,2023-12-24 06:00:00,ringsted,1.275,0.0,3.1,0.35,992.646,93.0,98.3333
1703397600,2023-12-24 06:00:00,2023-12-24 07:00:00,ringsted,0.65,0.0,2.95,0.475,991.746,95.5,98.3333
1703401200,2023-12-24 07:00:00,2023-12-24 08:00:00,ringsted,0.5,0.0,3.225,0.6,990.829,97.25,98.3333
1703404800,2023-12-24 08:00:00,2023-12-24 09:00:00,ringsted,0.75,1.0,4.375,0.375,989.854,97.5,98.3333
1703408400,2023-12-24 09:00:00,2023-12-24 10:00:00,ringsted,1.25,10.0,4.9,0.325,988.612,97.5,97.5
1703412000,2023-12-24 10:00:00,2023-12-24 11:00:00,ringsted,1.8,21.0,4.6,0.35,987.263,97.75,100.167
1703415600,2023-12-24 11:00:00,2023-12-24 12:00:00,ringsted,2.7,34.5,3.975,0.175,985.754,98.0,99.1667
1703419200,2023-12-24 12:00:00,2023-12-24 13:00:00,ringsted,4.65,34.5,4.75,0.1,984.683,98.5,99.1667
1703422800,2023-12-24 13:00:00,2023-12-24 14:00:00,ringsted,6.3,21.0,5.6,0.025,983.55,98.75,99.1667
1703426400,2023-12-24 14:00:00,2023-12-24 15:00:00,ringsted,7.5,10.5,6.775,0.05,982.612,98.5,99.1667
1703430000,2023-12-24 15:00:00,2023-12-24 16:00:00,ringsted,7.825,1.5,6.775,0.225,981.808,98.5,95.8333
1703433600,2023-12-24 16:00:00,2023-12-24 17:00:00,ringsted,8.35,0.0,7.65,0.15,980.983,95.5,95.0
1703437200,2023-12-24 17:00:00,2023-12-24 18:00:00,ringsted,8.525,0.0,7.0,0.225,979.8,93.0,95.8333
1703440800,2023-12-24 18:00:00,2023-12-24 19:00:00,ringsted,8.675,0.0,7.725,1.15,979.254,95.75,95.8333
1703444400,2023-12-24 19:00:00,2023-12-24 20:00:00,ringsted,8.675,0.0,8.775,1.05,980.621,95.25,85.8333
1703448000,2023-12-24 20:00:00,2023-12-24 21:00:00,ringsted,8.05,0.0,8.625,0.25,981.696,91.0,73.3333
1703451600,2023-12-24 21:00:00,2023-12-24 22:00:00,ringsted,7.925,0.0,8.5,0.1,982.367,88.0,80.8333
1703455200,2023-12-24 22:00:00,2023-12-24 23:00:00,ringsted,8.15,0.0,7.925,0.0,982.825,85.5,85.0
1703458800,2023-12-24 23:00:00,2023-12-25 00:00:00,ringsted,7.975,0.0,7.4,0.05,983.029,85.5,94.1667
1703462400,2023-12-25 00:00:00,2023-12-25 01:00:00,ringsted,7.875,0.0,7.125,0.0,982.908,85.75,94.1667
1703466000,2023-12-25 01:00:00,2023-12-25 02:00:00,ringsted,7.8,0.0,8.025,0.125,982.979,85.75,90.8333
1703469600,2023-12-25 02:00:00,2023-12-25 03:00:00,ringsted,7.825,0.0,8.4,0.15,983.292,83.25,92.5
1703473200,2023-12-25 03:00:00,2023-12-25 04:00:00,ringsted,7.85,0.0,9.025,0.475,983.754,83.0,70.0
1703476800,2023-12-25 04:00:00,2023-12-25 05:00:00,ringsted,7.5,0.0,8.975,0.0,984.112,79.25,65.0
1703480400,2023-12-25 05:00:00,2023-12-25 06:00:00,ringsted,7.05,0.0,8.65,0.0,984.354,75.0,37.5
1703484000,2023-12-25 06:00:00,2023-12-25 07:00:00,ringsted,6.575,0.0,9.6,0.0,984.725,71.0,17.0833
1703487600,2023-12-25 07:00:00,2023-12-25 08:00:00,ringsted,6.15,0.0,10.05,0.0,985.521,70.75,61.6667
1703491200,2023-12-25 08:00:00,2023-12-25 09:00:00,ringsted,6.075,3.0,10.7,0.0,986.733,68.25,74.1667
1703494800,2023-12-25 09:00:00,2023-12-25 10:00:00,ringsted,6.125,33.5,10.825,0.0,987.8,71.0,73.75
1703498400,2023-12-25 10:00:00,2023-12-25 11:00:00,ringsted,6.375,85.0,11.05,0.0,989.075,71.25,71.6667
1703502000,2023-12-25 11:00:00,2023-12-25 12:00:00,ringsted,6.375,101.0,10.725,0.0,990.025,73.0,65.0
1703505600,2023-12-25 12:00:00,2023-12-25 13:00:00,ringsted,6.35,120.0,10.025,0.0,990.929,74.5,60.8333
1703509200,2023-12-25 13:00:00,2023-12-25 14:00:00,ringsted,6.35,108.5,9.625,0.0,991.954,72.75,46.6667
1703512800,2023-12-25 14:00:00,2023-12-25 15:00:00,ringsted,6.125,68.0,8.825,0.0,992.85,72.75,16.6667
1703516400,2023-12-25 15:00:00,2023-12-25 16:00:00,ringsted,5.6,9.5,7.85,0.0,993.796,74.5,22.9167
1703520000,2023-12-25 16:00:00,2023-12-25 17:00:00,ringsted,5.125,0.0,7.05,0.0,994.6,76.0,9.58333
1703523600,2023-12-25 17:00:00,2023-12-25 18:00:00,ringsted,4.825,0.0,6.2,0.0,995.271,78.5,31.6667
1703527200,2023-12-25 18:00:00,2023-12-25 19:00:00,ringsted,4.65,0.0,6.05,0.0,995.621,79.0,16.6667
1703530800,2023-12-25 19:00:00,2023-12-25 20:00:00,ringsted,4.4,0.0,5.025,0.0,995.704,81.25,52.9167
1703534400,2023-12-25 20:00:00,2023-12-25 21:00:00,ringsted,4.25,0.0,4.4,0.0,995.625,81.75,56.6667
1703538000,2023-12-25 21:00:00,2023-12-25 22:00:00,ringsted,4.0,0.0,3.875,0.0,995.15,84.0,94.1667
1703541600,2023-12-25 22:00:00,2023-12-25 23:00:00,ringsted,3.975,0.0,3.875,0.0,994.258,86.5,97.5
1703545200,2023-12-25 23:00:00,2023-12-26 00:00:00,ringsted,4.375,0.0,3.9,0.0,993.046,88.5,90.8333
1703548800,2023-12-26 00:00:00,2023-12-26 01:00:00,ringsted,4.575,0.0,4.125,0.425,991.625,90.75,96.6667
1703552400,2023-12-26 01:00:00,2023-12-26 02:00:00,ringsted,4.825,0.0,4.5,1.15,990.392,95.5,95.8333
1703556000,2023-12-26 02:00:00,2023-12-26 03:00:00,ringsted,5.7,0.0,5.325,0.225,989.287,97.25,98.3333
1703559600,2023-12-26 03:00:00,2023-12-26 04:00:00,ringsted,6.6,0.0,6.35,0.45,988.492,96.75,96.6667
1703563200,2023-12-26 04:00:00,2023-12-26 05:00:00,ringsted,7.075,0.0,7.15,0.125,988.138,95.0,89.1667
1703566800,2023-12-26 05:00:00,2023-12-26 06:00:00,ringsted,7.2,0.0,7.375,0.0,988.154,91.5,87.5
1703570400,2023-12-26 06:00:00,2023-12-26 07:00:00,ringsted,7.125,0.0,8.025,0.025,988.487,88.0,93.3333
1703574000,2023-12-26 07:00:00,2023-12-26 08:00:00,ringsted,7.05,0.0,9.425,0.0,989.642,83.75,99.1667
1703577600,2023-12-26 08:00:00,2023-12-26 09:00:00,ringsted,6.675,0.5,9.575,0.0,991.683,84.25,95.0
1703581200,2023-12-26 09:00:00,2023-12-26 10:00:00,ringsted,5.75,19.0,8.275,0.0,993.442,85.0,95.0
1703584800,2023-12-26 10:00:00,2023-12-26 11:00:00,ringsted,4.75,39.5,6.65,0.0,994.696,86.75,99.1667
1703588400,2023-12-26 11:00:00,2023-12-26 12:00:00,ringsted,4.025,42.0,5.125,0.25,995.696,89.5,94.1667
1703592000,2023-12-26 12:00:00,2023-12-26 13:00:00,ringsted,3.775,55.0,4.825,0.375,996.558,90.75,91.6667
1703595600,2023-12-26 13:00:00,2023-12-26 14:00:00,ringsted,3.9,66.5,4.475,0.05,997.625,90.25,92.5
1703599200,2023-12-26 14:00:00,2023-12-26 15:00:00,ringsted,4.125,49.0,5.2,0.0,998.592,90.0,42.5
1703602800,2023-12-26 15:00:00,2023-12-26 16:00:00,ringsted,4.025,17.5,5.1,0.0,999.529,89.0,2.91667
1703606400,2023-12-26 16:00:00,2023-12-26 17:00:00,ringsted,3.75,0.0,5.0,0.0,1000.39,89.5,49.5833
1703610000,2023-12-26 17:00:00,2023-12-26 18:00:00,ringsted,4.0,0.0,5.9,0.0,1001.19,86.0,53.75
1703613600,2023-12-26 18:00:00,2023-12-26 19:00:00,ringsted,3.925,0.0,6.5,0.025,1001.98,83.0,53.3333
1703617200,2023-12-26 19:00:00,2023-12-26 20:00:00,ringsted,3.6,0.0,7.0,0.0,1002.54,81.75,28.75
1703620800,2023-12-26 20:00:00,2023-12-26 21:00:00,ringsted,3.55,0.0,7.0,0.0,1003.36,83.25,19.5833
1703624400,2023-12-26 21:00:00,2023-12-26 22:00:00,ringsted,3.925,0.0,7.0,0.0,1004.32,82.25,12.0833
1703628000,2023-12-26 22:00:00,2023-12-26 23:00:00,ringsted,4.075,0.0,7.0,0.0,1005.4,80.5,3.33333
1703631600,2023-12-26 23:00:00,2023-12-27 00:00:00,ringsted,4.075,0.0,6.875,0.0,1006.59,80.5,17.9167
1703635200,2023-12-27 00:00:00,2023-12-27 01:00:00,ringsted,3.875,0.0,6.525,0.0,1007.6,81.5,35.4167
1703638800,2023-12-27 01:00:00,2023-12-27 02:00:00,ringsted,3.925,0.0,6.6,0.0,1008.79,82.0,47.5
1703642400,2023-12-27 02:00:00,2023-12-27 03:00:00,ringsted,3.9,0.0,6.75,0.0,1009.6,80.5,28.75
1703646000,2023-12-27 03:00:00,2023-12-27 04:00:00,ringsted,3.55,0.0,6.05,0.0,1010.3,81.25,0.0
1703649600,2023-12-27 04:00:00,2023-12-27 05:00:00,ringsted,3.125,0.0,5.35,0.0,1011.03,82.0,14.5833
1703653200,2023-12-27 05:00:00,2023-12-27 06:00:00,ringsted,2.675,0.0,4.625,0.0,1011.54,83.75,5.41667
1703656800,2023-12-27 06:00:00,2023-12-27 07:00:00,ringsted,2.425,0.0,4.375,0.0,1012.35,85.5,0.0
1703660400,2023-12-27 07:00:00,2023-12-27 08:00:00,ringsted,2.1,0.0,4.225,0.0,1013.11,86.0,0.0
1703664000,2023-12-27 08:00:00,2023-12-27 09:00:00,ringsted,1.725,4.0,3.5,0.0,1013.7,86.5,0.0
1703667600,2023-12-27 09:00:00,2023-12-27 10:00:00,ringsted,1.625,57.0,2.575,0.0,1014.47,87.25,0.0
1703671200,2023-12-27 10:00:00,2023-12-27 11:00:00,ringsted,2.1,106.0,2.5,0.0,1014.77,85.75,0.833333
1703674800,2023-12-27 11:00:00,2023-12-27 12:00:00,ringsted,2.725,149.0,2.65,0.0,1014.51,83.25,0.833333
1703678400,2023-12-27 12:00:00,2023-12-27 13:00:00,ringsted,3.25,164.0,2.325,0.0,1014.33,80.25,2.5
1703682000,2023-12-27 13:00:00,2023-12-27 14:00:00,ringsted,3.2,115.0,1.5,0.0,1014.07,80.25,20.8333
1703685600,2023-12-27 14:00:00,2023-12-27 15:00:00,ringsted,2.675,45.5,0.675,0.0,1013.48,83.5,55.4167
1703689200,2023-12-27 15:00:00,2023-12-27 16:00:00,ringsted,1.8,7.0,1.075,0.0,1012.88,87.5,86.6667
1703692800,2023-12-27 16:00:00,2023-12-27 17:00:00,ringsted,1.25,0.0,1.975,0.0,1012.21,90.75,85.0
1703696400,2023-12-27 17:00:00,2023-12-27 18:00:00,ringsted,1.55,0.0,2.55,0.0,1011.12,89.75,96.6667
1703700000,2023-12-27 18:00:00,2023-12-27 19:00:00,ringsted,1.925,0.0,3.325,0.0,1009.95,88.25,99.1667
1703703600,2023-12-27 19:00:00,2023-12-27 20:00:00,ringsted,2.45,0.0,4.175,0.0,1008.81,88.0,99.1667
1703707200,2023-12-27 20:00:00,2023-12-27 21:00:00,ringsted,2.975,0.0,5.1,0.225,1006.75,90.0,99.1667
1703710800,2023-12-27 21:00:00,2023-12-27 22:00:00,ringsted,3.15,0.0,7.125,0.1,1004.36,89.25,99.1667
1703714400,2023-12-27 22:00:00,2023-12-27 23:00:00,ringsted,3.5,0.0,8.025,0.15,1002.97,88.25,98.3333
1703718000,2023-12-27 23:00:00,2023-12-28 00:00:00,ringsted,3.5,0.0,7.9,0.325,1001.43,92.5,99.1667
1703721600,2023-12-28 00:00:00,2023-12-28 01:00:00,ringsted,3.575,0.0,7.05,1.925,999.888,95.25,97.5
1703725200,2023-12-28 01:00:00,2023-12-28 02:00:00,ringsted,3.95,0.0,6.9,1.425,998.992,94.0,99.1667
1703728800,2023-12-28 02:00:00,2023-12-28 03:00:00,ringsted,4.25,0.0,6.575,2.15,998.033,94.75,99.1667
1703732400,2023-12-28 03:00:00,2023-12-28 04:00:00,ringsted,4.9,0.0,6.3,0.075,997.808,95.75,98.3333
1703736000,2023-12-28 04:00:00,2023-12-28 05:00:00,ringsted,6.075,0.0,6.7,0.025,997.85,94.5,92.5
1703739600,2023-12-28 05:00:00,2023-12-28 06:00:00,ringsted,6.775,0.0,7.0,0.05,997.537,92.0,92.5
1703743200,2023-12-28 06:00:00,2023-12-28 07:00:00,ringsted,7.0,0.0,7.075,0.025,997.237,90.75,85.0
1703746800,2023-12-28 07:00:00,2023-12-28 08:00:00,ringsted,7.1,0.0,7.45,0.025,996.583,89.75,64.1667
1703750400,2023-12-28 08:00:00,2023-12-28 09:00:00,ringsted,7.1,1.5,8.75,0.0,996.508,88.5,67.5
1703754000,2023-12-28 09:00:00,2023-12-28 10:00:00,ringsted,7.15,18.5,9.175,0.7,996.396,87.0,89.5833
1703757600,2023-12-28 10:00:00,2023-12-28 11:00:00,ringsted,7.35,29.5,7.85,0.7,995.95,87.0,95.0
1703761200,2023-12-28 11:00:00,2023-12-28 12:00:00,ringsted,7.9,28.5,9.4,0.725,995.617,87.75,90.0
1703764800,2023-12-28 12:00:00,2023-12-28 13:00:00,ringsted,8.425,90.5,9.95,0.25,996.004,85.25,90.8333
1703768400,2023-12-28 13:00:00,2023-12-28 14:00:00,ringsted,8.3,49.0,9.15,0.35,996.6,84.5,68.3333
1703772000,2023-12-28 14:00:00,2023-12-28 15:00:00,ringsted,8.325,30.5,8.25,0.0,997.258,82.75,79.1667
1703775600,2023-12-28 15:00:00,2023-12-28 16:00:00,ringsted,8.125,7.0,6.475,0.0,997.612,84.0,89.5833
1703779200,2023-12-28 16:00:00,2023-12-28 17:00:00,ringsted,7.8,0.0,5.8,0.0,997.621,87.75,90.8333
1703782800,2023-12-28 17:00:00,2023-12-28 18:00:00,ringsted,7.8,0.0,6.2,0.125,997.542,90.25,98.3333
1703786400,2023-12-28 18:00:00,2023-12-28 19:00:00,ringsted,7.875,0.0,6.5,0.075,997.442,90.25,92.5
1703790000,2023-12-28 19:00:00,2023-12-28 20:00:00,ringsted,7.775,0.0,6.925,0.35,997.079,92.0,95.0
1703793600,2023-12-28 20:00:00,2023-12-28 21:00:00,ringsted,7.775,0.0,7.1,0.425,996.258,91.25,95.0
1703797200,2023-12-28 21:00:00,2023-12-28 22:00:00,ringsted,7.525,0.0,7.6,0.25,995.362,91.75,95.8333
1703800800,2023-12-28 22:00:00,2023-12-28 23:00:00,ringsted,7.75,0.0,8.375,0.925,994.683,89.25,95.8333
1703804400,2023-12-28 23:00:00,2023-12-29 00:00:00,ringsted,7.95,0.0,9.2,0.2,994.292,87.75,96.6667
1703808000,2023-12-29 00:00:00,2023-12-29 01:00:00,ringsted,7.975,0.0,9.25,0.075,993.5,87.75,93.3333
1703811600,2023-12-29 01:00:00,2023-12-29 02:00:00,ringsted,7.775,0.0,9.75,0.3,993.204,85.0,90.8333
1703815200,2023-12-29 02:00:00,2023-12-29 03:00:00,ringsted,7.525,0.0,8.4,0.075,992.975,81.75,89.5833
1703818800,2023-12-29 03:00:00,2023-12-29 04:00:00,ringsted,6.975,0.0,7.25,0.625,992.429,88.0,90.4167
1703822400,2023-12-29 04:00:00,2023-12-29 05:00:00,ringsted,6.75,0.0,6.575,1.0,991.8,92.75,95.8333
1703826000,2023-12-29 05:00:00,2023-12-29 06:00:00,ringsted,7.0,0.0,6.325,0.4,991.242,92.75,87.5
1703829600,2023-12-29 06:00:00,2023-12-29 07:00:00,ringsted,7.25,0.0,7.25,0.3,991.287,89.0,82.5
1703833200,2023-12-29 07:00:00,2023-12-29 08:00:00,ringsted,7.025,0.0,6.575,0.0,991.458,88.25,76.6667
1703836800,2023-12-29 08:00:00,2023-12-29 09:00:00,ringsted,7.125,1.0,7.525,0.275,991.946,86.25,95.0
1703840400,2023-12-29 09:00:00,2023-12-29 10:00:00,ringsted,7.175,24.0,7.35,0.15,992.229,84.75,84.1667
1703844000,2023-12-29 10:00:00,2023-12-29 11:00:00,ringsted,7.325,82.0,8.0,0.05,992.379,83.0,87.0833
1703847600,2023-12-29 11:00:00,2023-12-29 12:00:00,ringsted,7.275,99.0,7.9,0.0,992.092,82.25,80.4167
1703851200,2023-12-29 12:00:00,2023-12-29 13:00:00,ringsted,7.4,134.0,7.925,0.05,991.846,82.0,85.8333
1703854800,2023-12-29 13:00:00,2023-12-29 14:00:00,ringsted,7.225,97.0,7.75,0.025,991.696,81.25,90.8333
1703858400,2023-12-29 14:00:00,2023-12-29 15:00:00,ringsted,7.15,43.0,7.55,0.0,991.704,79.75,90.8333
1703862000,2023-12-29 15:00:00,2023-12-29 16:00:00,ringsted,7.1,10.5,7.8,0.0,991.583,78.0,79.5833
1703865600,2023-12-29 16:00:00,2023-12-29 17:00:00,ringsted,6.925,0.0,7.725,0.0,991.158,76.75,92.5
1703869200,2023-12-29 17:00:00,2023-12-29 18:00:00,ringsted,6.95,0.0,9.5,0.0,991.487,76.0,98.3333
1703872800,2023-12-29 18:00:00,2023-12-29 19:00:00,ringsted,6.85,0.0,9.25,0.0,992.333,80.0,91.6667
1703876400,2023-12-29 19:00:00,2023-12-29 20:00:00,ringsted,6.775,0.0,8.875,0.025,993.117,82.25,75.4167
1703880000,2023-12-29 20:00:00,2023-12-29 21:00:00,ringsted,6.3,0.0,7.375,0.0,993.429,86.25,91.6667
1703883600,2023-12-29 21:00:00,2023-12-29 22:00:00,ringsted,6.125,0.0,6.45,0.0,993.642,85.5,73.3333
1703887200,2023-12-29 22:00:00,2023-12-29 23:00:00,ringsted,5.725,0.0,5.075,0.025,993.671,87.0,77.5
1703890800,2023-12-29 23:00:00,2023-12-30 00:00:00,ringsted,5.8,0.0,5.375,0.0,993.425,86.25,92.5
1703894400,2023-12-30 00:00:00,2023-12-30 01:00:00,ringsted,5.925,0.0,6.5,0.05,993.504,86.25,93.3333
1703898000,2023-12-30 01:00:00,2023-12-30 02:00:00,ringsted,5.575,0.0,6.925,0.3,994.112,89.25,72.5
1703901600,2023-12-30 02:00:00,2023-12-30 03:00:00,ringsted,5.25,0.0,5.25,0.0,994.6,90.0,90.0
1703905200,2023-12-30 03:00:00,2023-12-30 04:00:00,ringsted,5.075,0.0,4.45,0.2,994.904,90.25,93.3333
1703908800,2023-12-30 04:00:00,2023-12-30 05:00:00,ringsted,4.925,0.0,4.425,1.15,995.217,91.5,92.5
1703912400,2023-12-30 05:00:00,2023-12-30 06:00:00,ringsted,4.675,0.0,5.125,0.225,995.783,92.25,85.8333
1703916000,2023-12-30 06:00:00,2023-12-30 07:00:00,ringsted,4.5,0.0,5.0,0.1,996.638,92.25,43.75
1703919600,2023-12-30 07:00:00,2023-12-30 08:00:00,ringsted,4.25,0.0,4.95,0.025,997.733,92.5,58.75
1703923200,2023-12-30 08:00:00,2023-12-30 09:00:00,ringsted,4.2,2.0,4.8,0.0,998.763,91.0,4.58333
1703926800,2023-12-30 09:00:00,2023-12-30 10:00:00,ringsted,4.05,40.5,4.2,0.0,999.679,91.0,0.0
1703930400,2023-12-30 10:00:00,2023-12-30 11:00:00,ringsted,4.525,120.0,4.4,0.0,1000.41,88.75,5.83333
1703934000,2023-12-30 11:00:00,2023-12-30 12:00:00,ringsted,5.15,170.0,5.025,0.0,1000.7,84.75,8.75
1703937600,2023-12-30 12:00:00,2023-12-30 13:00:00,ringsted,5.6,174.0,5.075,0.0,1000.88,81.0,12.0833
1703941200,2023-12-30 13:00:00,2023-12-30 14:00:00,ringsted,5.825,145.5,5.575,0.0,1001.37,78.5,38.3333
1703944800,2023-12-30 14:00:00,2023-12-30 15:00:00,ringsted,5.575,82.0,5.625,0.0,1001.78,80.25,76.6667
1703948400,2023-12-30 15:00:00,2023-12-30 16:00:00,ringsted,5.15,9.0,5.125,0.0,1002.01,81.0,50.0
1703952000,2023-12-30 16:00:00,2023-12-30 17:00:00,ringsted,4.925,0.0,5.125,0.0,1002.52,80.5,76.6667
1703955600,2023-12-30 17:00:00,2023-12-30 18:00:00,ringsted,4.875,0.0,5.25,0.0,1003.09,81.5,95.8333
1703959200,2023-12-30 18:00:00,2023-12-30 19:00:00,ringsted,4.975,0.0,5.05,0.0,1003.54,82.25,95.8333
1703962800,2023-12-30 19:00:00,2023-12-30 20:00:00,ringsted,4.975,0.0,4.775,0.0,1004.11,83.0,97.5
1703966400,2023-12-30 20:00:00,2023-12-30 21:00:00,ringsted,4.95,0.0,4.475,0.0,1004.45,85.0,68.3333
1703970000,2023-12-30 21:00:00,2023-12-30 22:00:00,ringsted,4.65,0.0,4.075,0.0,1004.73,88.25,58.3333
1703973600,2023-12-30 22:00:00,2023-12-30 23:00:00,ringsted,4.3,0.0,3.65,0.0,1005.02,91.5,39.5833
1703977200,2023-12-30 23:00:00,2023-12-31 00:00:00,ringsted,3.525,0.0,2.95,0.0,1005.02,94.25,60.4167
1703980800,2023-12-31 00:00:00,2023-12-31 01:00:00,ringsted,3.275,0.0,2.45,0.0,1004.75,95.75,58.75
1703984400,2023-12-31 01:00:00,2023-12-31 02:00:00,ringsted,2.725,0.0,2.15,0.0,1004.45,96.25,79.5833
1703988000,2023-12-31 02:00:00,2023-12-31 03:00:00,ringsted,2.975,0.0,2.65,0.025,1004.16,97.0,95.4167
1703991600,2023-12-31 03:00:00,2023-12-31 04:00:00,ringsted,3.7,0.0,3.025,0.0,1003.85,97.0,96.6667
1703995200,2023-12-31 04:00:00,2023-12-31 05:00:00,ringsted,4.25,0.0,3.15,0.025,1003.58,97.25,96.6667
1703998800,2023-12-31 05:00:00,2023-12-31 06:00:00,ringsted,4.475,0.0,3.475,0.025,1003.14,97.5,96.6667
1704002400,2023-12-31 06:00:00,2023-12-31 07:00:00,ringsted,4.65,0.0,3.975,0.025,1002.75,96.5,95.0
1704006000,2023-12-31 07:00:00,2023-12-31 08:00:00,ringsted,4.65,0.0,4.45,0.025,1002.42,96.25,92.5
1704009600,2023-12-31 08:00:00,2023-12-31 09:00:00,ringsted,4.675,1.0,4.775,0.025,1002.13,95.25,84.1667
1704013200,2023-12-31 09:00:00,2023-12-31 10:00:00,ringsted,4.725,22.0,5.3,0.0,1001.8,94.75,95.8333
1704016800,2023-12-31 10:00:00,2023-12-31 11:00:00,ringsted,4.975,57.5,5.675,0.025,1000.88,93.75,85.8333
1704020400,2023-12-31 11:00:00,2023-12-31 12:00:00,ringsted,5.25,73.0,6.3,0.0,999.929,92.0,88.75
1704024000,2023-12-31 12:00:00,2023-12-31 13:00:00,ringsted,5.35,62.0,6.725,0.0,998.987,91.0,89.1667
1704027600,2023-12-31 13:00:00,2023-12-31 14:00:00,ringsted,5.275,58.0,6.95,0.0,998.142,91.0,88.3333
1704031200,2023-12-31 14:00:00,2023-12-31 15:00:00,ringsted,5.25,30.5,7.0,0.0,997.533,91.0,90.8333
1704034800,2023-12-31 15:00:00,2023-12-31 16:00:00,ringsted,5.175,3.0,6.8,0.125,996.946,91.25,95.0
1704038400,2023-12-31 16:00:00,2023-12-31 17:00:00,ringsted,5.2,0.0,7.225,0.075,996.529,91.5,94.1667
1704042000,2023-12-31 17:00:00,2023-12-31 18:00:00,ringsted,5.25,0.0,7.35,0.2,996.183,91.25,95.8333
1704045600,2023-12-31 18:00:00,2023-12-31 19:00:00,ringsted,5.175,0.0,6.975,0.9,995.833,92.25,95.0
1704049200,2023-12-31 19:00:00,2023-12-31 20:00:00,ringsted,5.05,0.0,6.6,1.975,995.604,94.25,96.6667
1704052800,2023-12-31 20:00:00,2023-12-31 21:00:00,ringsted,4.95,0.0,6.0,2.0,995.625,95.5,97.5
1704056400,2023-12-31 21:00:00,2023-12-31 22:00:00,ringsted,5.1,0.0,5.6,2.9,995.717,96.25,95.0
1704060000,2023-12-31 22:00:00,2023-12-31 23:00:00,ringsted,5.25,0.0,4.025,2.175,995.879,96.75,95.0
1704063600,2023-12-31 23:00:00,2024-01-01 00:00:00,ringsted,5.35,0.0,3.325,1.3,996.05,97.0,95.0
