unixtime,hour_utc,hour_dk,area,temp_mean_past1h,radia_glob_past1h,wind_speed_past1h,precip_past1h,pressure,humidity_past1h,cloud_cover
1735689600,2025-01-01 00:00:00,2025-01-01 01:00:00,ringsted,5.9,0.0,11.2,0.0,1000.14,91.0,62.5
1735693200,2025-01-01 01:00:00,2025-01-01 02:00:00,ringsted,5.7,0.0,10.25,0.725,999.321,92.25,66.6667
1735696800,2025-01-01 02:00:00,2025-01-01 03:00:00,ringsted,6.025,0.0,10.475,0.325,998.254,92.25,66.6667
1735700400,2025-01-01 03:00:00,2025-01-01 04:00:00,ringsted,6.475,0.0,10.575,0.475,997.162,92.0,66.6667
1735704000,2025-01-01 04:00:00,2025-01-01 05:00:00,ringsted,6.9,0.0,10.75,0.25,996.204,92.0,66.6667
1735707600,2025-01-01 05:00:00,2025-01-01 06:00:00,ringsted,7.275,0.0,11.1,0.225,995.371,92.25,66.6667
1735711200,2025-01-01 06:00:00,2025-01-01 07:00:00,ringsted,7.5,0.0,11.075,0.5,994.513,92.5,64.7059
1735714800,2025-01-01 07:00:00,2025-01-01 08:00:00,ringsted,7.65,0.0,11.175,0.45,993.779,92.5,66.6667
1735718400,2025-01-01 08:00:00,2025-01-01 09:00:00,ringsted,7.875,0.0,11.35,0.5,993.375,92.25,66.6667
1735722000,2025-01-01 09:00:00,2025-01-01 10:00:00,ringsted,8.16667,3.0,11.0,0.633333,993.026,91.6667,64.7059
1735725600,2025-01-01 10:00:00,2025-01-01 11:00:00,ringsted,8.025,10.5,11.325,0.7,992.3,92.0,69.4444
1735729200,2025-01-01 11:00:00,2025-01-01 12:00:00,ringsted,7.925,15.5,12.025,0.725,991.05,91.25,68.8889
1735732800,2025-01-01 12:00:00,2025-01-01 13:00:00,ringsted,7.85,16.0,12.1,0.85,989.733,91.0,75.0
1735736400,2025-01-01 13:00:00,2025-01-01 14:00:00,ringsted,7.775,10.5,12.55,1.225,988.271,91.0,71.6667
1735740000,2025-01-01 14:00:00,2025-01-01 15:00:00,ringsted,7.575,4.0,12.45,1.15,987.221,91.25,67.7778
1735743600,2025-01-01 15:00:00,2025-01-01 16:00:00,ringsted,7.6,0.5,12.775,0.325,986.825,91.25,66.6667
1735747200,2025-01-01 16:00:00,2025-01-01 17:00:00,ringsted,7.9,0.0,12.4,0.025,987.275,90.25,75.5556
1735750800,2025-01-01 17:00:00,2025-01-01 18:00:00,ringsted,7.65,0.0,9.425,0.4,987.696,89.25,66.1111
1735754400,2025-01-01 18:00:00,2025-01-01 19:00:00,ringsted,7.075,0.0,8.2,0.3,987.9,88.0,62.2222
1735758000,2025-01-01 19:00:00,2025-01-01 20:00:00,ringsted,6.95,0.0,8.375,0.0,988.154,86.5,84.4444
1735761600,2025-01-01 20:00:00,2025-01-01 21:00:00,ringsted,6.475,0.0,9.1,1.0,988.192,87.5,75.5556
1735765200,2025-01-01 21:00:00,2025-01-01 22:00:00,ringsted,6.0,0.0,8.9,0.1,988.492,90.25,68.3333
1735768800,2025-01-01 22:00:00,2025-01-01 23:00:00,ringsted,5.825,0.0,8.05,0.4,989.304,90.75,67.2222
1735772400,2025-01-01 23:00:00,2025-01-02 00:00:00,ringsted,5.025,0.0,7.85,0.4,990.267,84.5,58.8889
1735776000,2025-01-02 00:00:00,2025-01-02 01:00:00,ringsted,3.975,0.0,6.325,0.0,990.617,78.75,55.5556
1735779600,2025-01-02 01:00:00,2025-01-02 02:00:00,ringsted,3.425,0.0,5.1,0.0,991.283,78.75,66.6667
1735783200,2025-01-02 02:00:00,2025-01-02 03:00:00,ringsted,3.075,0.0,5.025,0.075,992.033,79.5,65.0
1735786800,2025-01-02 03:00:00,2025-01-02 04:00:00,ringsted,1.975,0.0,4.55,0.1,993.108,85.0,47.2222
1735790400,2025-01-02 04:00:00,2025-01-02 05:00:00,ringsted,1.5,0.0,4.875,0.025,994.004,87.0,47.5
1735794000,2025-01-02 05:00:00,2025-01-02 06:00:00,ringsted,1.175,0.0,6.05,0.05,995.062,84.5,34.7222
1735797600,2025-01-02 06:00:00,2025-01-02 07:00:00,ringsted,0.766667,0.0,7.8,0.0,996.396,78.0,38.2353
1735801200,2025-01-02 07:00:00,2025-01-02 08:00:00,ringsted,0.55,0.0,7.025,0.0,997.638,78.25,46.3889
1735804800,2025-01-02 08:00:00,2025-01-02 09:00:00,ringsted,0.55,1.0,6.125,0.0,998.825,74.0,46.9444
1735808400,2025-01-02 09:00:00,2025-01-02 10:00:00,ringsted,0.625,22.5,5.5,0.0,1000.04,70.5,17.2222
1735812000,2025-01-02 10:00:00,2025-01-02 11:00:00,ringsted,0.8,123.0,5.075,0.0,1000.51,67.75,0.769231
1735815600,2025-01-02 11:00:00,2025-01-02 12:00:00,ringsted,1.25,174.0,4.925,0.0,1000.59,67.0,0.0
1735819200,2025-01-02 12:00:00,2025-01-02 13:00:00,ringsted,1.575,189.5,5.05,0.0,1000.56,65.0,0.0
1735822800,2025-01-02 13:00:00,2025-01-02 14:00:00,ringsted,1.75,164.5,4.6,0.0,1000.52,64.75,0.0
1735826400,2025-01-02 14:00:00,2025-01-02 15:00:00,ringsted,1.7,99.5,3.675,0.0,1000.49,67.0,0.0
1735830000,2025-01-02 15:00:00,2025-01-02 16:00:00,ringsted,1.1,22.0,3.2,0.0,1000.45,71.75,0.0
1735833600,2025-01-02 16:00:00,2025-01-02 17:00:00,ringsted,0.7,0.0,3.4,0.0,1000.33,75.25,16.5385
1735837200,2025-01-02 17:00:00,2025-01-02 18:00:00,ringsted,1.0,0.0,3.9,0.0,1000.23,74.5,49.375
1735840800,2025-01-02 18:00:00,2025-01-02 19:00:00,ringsted,1.625,0.0,4.625,0.0,1000.39,75.5,38.4375
1735844400,2025-01-02 19:00:00,2025-01-02 20:00:00,ringsted,1.325,0.0,4.625,0.0,1000.88,84.0,8.21429
1735848000,2025-01-02 20:00:00,2025-01-02 21:00:00,ringsted,1.025,0.0,4.6,0.0,1001.12,80.75,12.3077
1735851600,2025-01-02 21:00:00,2025-01-02 22:00:00,ringsted,0.775,0.0,4.625,0.0,1001.34,73.75,33.5294
1735855200,2025-01-02 22:00:00,2025-01-02 23:00:00,ringsted,0.625,0.0,4.5,0.0,1001.76,71.5,42.3077
1735858800,2025-01-02 23:00:00,2025-01-03 00:00:00,ringsted,0.35,0.0,3.95,0.0,1001.87,71.0,34.3333
1735862400,2025-01-03 00:00:00,2025-01-03 01:00:00,ringsted,0.125,0.0,3.625,0.0,1001.82,74.0,8.33333
1735866000,2025-01-03 01:00:00,2025-01-03 02:00:00,ringsted,-0.05,0.0,3.6,0.0,1001.68,77.25,0.0
1735869600,2025-01-03 02:00:00,2025-01-03 03:00:00,ringsted,-0.05,0.0,3.925,0.0,1001.05,76.5,22.9167
1735873200,2025-01-03 03:00:00,2025-01-03 04:00:00,ringsted,-0.05,0.0,4.375,0.0,1000.04,80.75,9.41177
1735876800,2025-01-03 04:00:00,2025-01-03 05:00:00,ringsted,0.325,0.0,5.35,0.0,999.183,81.75,18.0556
1735880400,2025-01-03 05:00:00,2025-01-03 06:00:00,ringsted,0.625,0.0,6.4,0.0,997.638,82.25,51.3889
1735884000,2025-01-03 06:00:00,2025-01-03 07:00:00,ringsted,1.05,0.0,7.5,0.0,996.004,82.25,60.8333
1735887600,2025-01-03 07:00:00,2025-01-03 08:00:00,ringsted,1.5,0.0,8.2,0.0,994.737,81.25,67.2222
1735891200,2025-01-03 08:00:00,2025-01-03 09:00:00,ringsted,1.5,0.0,9.45,0.175,995.1,84.0,65.0
1735894800,2025-01-03 09:00:00,2025-01-03 10:00:00,ringsted,0.275,14.0,7.45,0.15,995.667,87.75,40.0
1735898400,2025-01-03 10:00:00,2025-01-03 11:00:00,ringsted,0.575,64.5,7.975,0.0,996.279,69.0,12.1429
1735902000,2025-01-03 11:00:00,2025-01-03 12:00:00,ringsted,0.475,176.5,9.0,0.0,997.004,53.75,30.5882
1735905600,2025-01-03 12:00:00,2025-01-03 13:00:00,ringsted,-0.3,120.0,9.1,0.0,997.888,51.25,2.91667
1735909200,2025-01-03 13:00:00,2025-01-03 14:00:00,ringsted,-0.225,146.5,7.875,0.0,998.433,56.5,0.0
1735912800,2025-01-03 14:00:00,2025-01-03 15:00:00,ringsted,-0.225,104.5,7.775,0.0,998.875,53.0,0.0
1735916400,2025-01-03 15:00:00,2025-01-03 16:00:00,ringsted,-0.175,24.5,7.925,0.0,999.296,56.75,1.66667
1735920000,2025-01-03 16:00:00,2025-01-03 17:00:00,ringsted,0.175,0.5,8.1,0.0,1000.16,62.5,7.1875
1735923600,2025-01-03 17:00:00,2025-01-03 18:00:00,ringsted,0.525,0.0,7.55,0.0,1000.8,65.0,5.58824
1735927200,2025-01-03 18:00:00,2025-01-03 19:00:00,ringsted,0.575,0.0,7.175,0.0,1001.61,65.5,36.9444
1735930800,2025-01-03 19:00:00,2025-01-03 20:00:00,ringsted,0.6,0.0,6.8,0.0,1002.77,65.75,51.9444
1735934400,2025-01-03 20:00:00,2025-01-03 21:00:00,ringsted,0.5,0.0,5.975,0.05,1003.96,69.5,8.82353
1735938000,2025-01-03 21:00:00,2025-01-03 22:00:00,ringsted,0.3,0.0,5.675,0.0,1005.12,66.5,29.4444
1735941600,2025-01-03 22:00:00,2025-01-03 23:00:00,ringsted,-0.075,0.0,4.475,0.0,1006.43,66.0,2.30769
1735945200,2025-01-03 23:00:00,2025-01-04 00:00:00,ringsted,-0.65,0.0,4.325,0.0,1007.52,64.75,3.0
1735948800,2025-01-04 00:00:00,2025-01-04 01:00:00,ringsted,-1.225,0.0,3.775,0.0,1008.36,67.0,0.769231
1735952400,2025-01-04 01:00:00,2025-01-04 02:00:00,ringsted,-1.975,0.0,2.975,0.0,1009.4,69.25,0.0
1735956000,2025-01-04 02:00:00,2025-01-04 03:00:00,ringsted,-2.925,0.0,1.6,0.0,1009.97,72.75,0.0
1735959600,2025-01-04 03:00:00,2025-01-04 04:00:00,ringsted,-4.125,0.0,0.975,0.0,1010.33,78.0,0.0
1735963200,2025-01-04 04:00:00,2025-01-04 05:00:00,ringsted,-4.675,0.0,1.1,0.0,1010.5,83.0,0.0
1735966800,2025-01-04 05:00:00,2025-01-04 06:00:00,ringsted,-4.725,0.0,1.25,0.0,1010.48,83.0,0.0
1735970400,2025-01-04 06:00:00,2025-01-04 07:00:00,ringsted,-4.875,0.0,1.675,0.0,1010.42,82.0,9.66667
1735974000,2025-01-04 07:00:00,2025-01-04 08:00:00,ringsted,-4.1,0.0,2.35,0.0,1010.32,79.0,21.25
1735977600,2025-01-04 08:00:00,2025-01-04 09:00:00,ringsted,-3.4,2.5,2.675,0.0,1010.28,79.0,6.78571
1735981200,2025-01-04 09:00:00,2025-01-04 10:00:00,ringsted,-2.025,29.5,3.2,0.0,1010.01,81.5,35.2778
1735984800,2025-01-04 10:00:00,2025-01-04 11:00:00,ringsted,-0.475,73.0,3.275,0.0,1009.62,83.0,46.1111
1735988400,2025-01-04 11:00:00,2025-01-04 12:00:00,ringsted,0.475,88.0,3.75,0.0,1009.13,84.25,53.3333
1735992000,2025-01-04 12:00:00,2025-01-04 13:00:00,ringsted,1.125,84.0,3.95,0.15,1008.51,85.25,56.6667
1735995600,2025-01-04 13:00:00,2025-01-04 14:00:00,ringsted,1.475,79.5,4.65,0.05,1007.9,85.5,39.4444
1735999200,2025-01-04 14:00:00,2025-01-04 15:00:00,ringsted,1.425,45.0,4.225,0.0,1007.59,85.0,37.2222
1736002800,2025-01-04 15:00:00,2025-01-04 16:00:00,ringsted,1.125,11.0,4.225,0.0,1007.28,86.0,60.8333
1736006400,2025-01-04 16:00:00,2025-01-04 17:00:00,ringsted,1.0,0.0,4.1,0.0,1007.06,87.5,64.7222
1736010000,2025-01-04 17:00:00,2025-01-04 18:00:00,ringsted,0.775,0.0,3.95,0.05,1006.78,89.0,62.7778
1736013600,2025-01-04 18:00:00,2025-01-04 19:00:00,ringsted,0.6,0.0,3.275,0.175,1006.58,90.75,38.0556
1736017200,2025-01-04 19:00:00,2025-01-04 20:00:00,ringsted,0.725,0.0,3.6,0.025,1006.42,91.0,44.4444
1736020800,2025-01-04 20:00:00,2025-01-04 21:00:00,ringsted,0.325,0.0,3.2,0.0,1006.19,92.25,26.9444
1736024400,2025-01-04 21:00:00,2025-01-04 22:00:00,ringsted,0.075,0.0,2.775,0.0,1005.93,92.5,23.6111
1736028000,2025-01-04 22:00:00,2025-01-04 23:00:00,ringsted,0.025,0.0,2.675,0.0,1006.0,92.25,32.7778
1736031600,2025-01-04 23:00:00,2025-01-05 00:00:00,ringsted,-0.075,0.0,2.95,0.0,1005.92,92.75,28.8889
1736035200,2025-01-05 00:00:00,2025-01-05 01:00:00,ringsted,0.175,0.0,2.675,0.0,1005.54,92.5,22.3529
1736038800,2025-01-05 01:00:00,2025-01-05 02:00:00,ringsted,0.05,0.0,2.25,0.0,1005.26,93.25,9.58333
1736042400,2025-01-05 02:00:00,2025-01-05 03:00:00,ringsted,0.075,0.0,2.0,0.0,1004.78,94.0,0.0
1736046000,2025-01-05 03:00:00,2025-01-05 04:00:00,ringsted,-0.925,0.0,1.325,0.0,1004.16,95.75,29.375
1736049600,2025-01-05 04:00:00,2025-01-05 05:00:00,ringsted,-0.775,0.0,1.45,0.0,1003.99,96.5,21.6667
1736053200,2025-01-05 05:00:00,2025-01-05 06:00:00,ringsted,-0.475,0.0,1.925,0.0,1003.73,96.5,16.3889
1736056800,2025-01-05 06:00:00,2025-01-05 07:00:00,ringsted,-0.425,0.0,1.425,0.025,1003.48,96.5,16.6667
1736060400,2025-01-05 07:00:00,2025-01-05 08:00:00,ringsted,-0.675,0.0,1.6,0.0,1003.1,97.0,22.8125
1736064000,2025-01-05 08:00:00,2025-01-05 09:00:00,ringsted,-0.55,0.0,2.6,0.0,1002.83,95.75,29.7222
1736067600,2025-01-05 09:00:00,2025-01-05 10:00:00,ringsted,-0.425,18.5,2.4,0.0,1002.6,95.0,39.4444
1736071200,2025-01-05 10:00:00,2025-01-05 11:00:00,ringsted,-0.15,40.5,2.025,0.0,1001.95,95.0,49.1667
1736074800,2025-01-05 11:00:00,2025-01-05 12:00:00,ringsted,0.425,38.5,2.625,0.0,1001.16,93.5,62.9412
1736078400,2025-01-05 12:00:00,2025-01-05 13:00:00,ringsted,0.775,38.0,3.475,0.0,1000.12,90.75,46.6667
1736082000,2025-01-05 13:00:00,2025-01-05 14:00:00,ringsted,0.8,27.5,3.275,0.025,999.1,89.25,40.0
1736085600,2025-01-05 14:00:00,2025-01-05 15:00:00,ringsted,0.775,20.5,3.875,0.025,998.046,88.75,41.3889
1736089200,2025-01-05 15:00:00,2025-01-05 16:00:00,ringsted,0.825,7.0,4.75,0.0,997.046,89.0,60.5556
1736092800,2025-01-05 16:00:00,2025-01-05 17:00:00,ringsted,1.025,0.0,5.65,0.025,996.096,88.25,63.3333
1736096400,2025-01-05 17:00:00,2025-01-05 18:00:00,ringsted,1.3,0.0,6.175,0.0,995.175,86.25,61.3889
1736100000,2025-01-05 18:00:00,2025-01-05 19:00:00,ringsted,1.55,0.0,6.55,0.0,994.375,83.5,61.6667
1736103600,2025-01-05 19:00:00,2025-01-05 20:00:00,ringsted,1.2,0.0,7.725,0.125,993.338,84.25,61.6667
1736107200,2025-01-05 20:00:00,2025-01-05 21:00:00,ringsted,0.325,0.0,9.125,0.15,991.796,90.0,66.1111
1736110800,2025-01-05 21:00:00,2025-01-05 22:00:00,ringsted,0.075,0.0,10.175,0.025,990.154,91.0,66.6667
1736114400,2025-01-05 22:00:00,2025-01-05 23:00:00,ringsted,0.075,0.0,10.55,0.025,988.821,89.25,66.6667
1736118000,2025-01-05 23:00:00,2025-01-06 00:00:00,ringsted,0.175,0.0,10.6,0.05,987.662,89.25,66.6667
1736121600,2025-01-06 00:00:00,2025-01-06 01:00:00,ringsted,0.025,0.0,9.55,0.175,986.046,94.5,66.6667
1736125200,2025-01-06 01:00:00,2025-01-06 02:00:00,ringsted,0.05,0.0,9.575,0.4,984.633,97.75,82.7778
1736128800,2025-01-06 02:00:00,2025-01-06 03:00:00,ringsted,0.1,0.0,9.3,0.75,983.721,98.5,72.7778
1736132400,2025-01-06 03:00:00,2025-01-06 04:00:00,ringsted,0.25,0.0,8.6,1.475,982.958,98.25,80.5556
1736136000,2025-01-06 04:00:00,2025-01-06 05:00:00,ringsted,0.5,0.0,7.8,2.2,981.9,98.0,74.4444
1736139600,2025-01-06 05:00:00,2025-01-06 06:00:00,ringsted,0.875,0.0,7.45,1.875,980.908,97.75,68.8889
1736143200,2025-01-06 06:00:00,2025-01-06 07:00:00,ringsted,1.275,0.0,6.85,1.45,980.463,97.75,66.6667
1736146800,2025-01-06 07:00:00,2025-01-06 08:00:00,ringsted,1.775,0.0,5.825,0.825,980.196,97.75,67.7778
1736150400,2025-01-06 08:00:00,2025-01-06 09:00:00,ringsted,2.3,1.0,6.1,0.8,979.425,98.0,57.8571
1736154000,2025-01-06 09:00:00,2025-01-06 10:00:00,ringsted,3.175,4.5,4.3,1.45,979.154,98.5,61.1111
1736157600,2025-01-06 10:00:00,2025-01-06 11:00:00,ringsted,4.8,16.0,5.25,0.8,978.808,99.0,50.0
1736161200,2025-01-06 11:00:00,2025-01-06 12:00:00,ringsted,5.85,39.5,5.1,0.175,978.358,99.25,60.0
1736164800,2025-01-06 12:00:00,2025-01-06 13:00:00,ringsted,6.85,60.0,5.175,0.05,977.775,98.25,63.8889
1736168400,2025-01-06 13:00:00,2025-01-06 14:00:00,ringsted,7.45,51.0,5.325,0.1,977.367,96.0,65.0
1736172000,2025-01-06 14:00:00,2025-01-06 15:00:00,ringsted,7.55,26.5,5.6,0.1,976.867,94.5,71.1111
1736175600,2025-01-06 15:00:00,2025-01-06 16:00:00,ringsted,7.625,3.0,6.1,0.55,976.508,93.0,84.4444
1736179200,2025-01-06 16:00:00,2025-01-06 17:00:00,ringsted,7.675,0.0,6.2,1.675,975.904,95.5,71.1111
1736182800,2025-01-06 17:00:00,2025-01-06 18:00:00,ringsted,7.875,0.0,5.775,0.125,974.963,94.5,67.2222
1736186400,2025-01-06 18:00:00,2025-01-06 19:00:00,ringsted,7.95,0.0,6.55,0.1,974.346,92.25,78.3333
1736190000,2025-01-06 19:00:00,2025-01-06 20:00:00,ringsted,8.225,0.0,8.375,0.525,975.329,89.0,58.3333
1736193600,2025-01-06 20:00:00,2025-01-06 21:00:00,ringsted,8.225,0.0,10.8,0.025,976.792,80.75,41.1765
1736197200,2025-01-06 21:00:00,2025-01-06 22:00:00,ringsted,6.975,0.0,11.7,0.0,978.1,75.5,55.8333
1736200800,2025-01-06 22:00:00,2025-01-06 23:00:00,ringsted,6.3,0.0,11.625,0.0,979.108,74.5,64.4444
1736204400,2025-01-06 23:00:00,2025-01-07 00:00:00,ringsted,5.875,0.0,11.6,0.0,979.892,73.75,66.6667
1736208000,2025-01-07 00:00:00,2025-01-07 01:00:00,ringsted,5.6,0.0,11.025,0.0,980.571,74.0,66.6667
1736211600,2025-01-07 01:00:00,2025-01-07 02:00:00,ringsted,5.35,0.0,11.3,0.0,981.112,74.25,66.6667
1736215200,2025-01-07 02:00:00,2025-01-07 03:00:00,ringsted,5.25,0.0,11.25,0.0,981.2,73.0,66.6667
1736218800,2025-01-07 03:00:00,2025-01-07 04:00:00,ringsted,5.1,0.0,11.6,0.0,981.121,72.25,66.6667
1736222400,2025-01-07 04:00:00,2025-01-07 05:00:00,ringsted,5.05,0.0,12.075,0.0,981.125,71.25,66.6667
1736226000,2025-01-07 05:00:00,2025-01-07 06:00:00,ringsted,5.05,0.0,11.975,0.0,981.338,71.0,69.4444
1736229600,2025-01-07 06:00:00,2025-01-07 07:00:00,ringsted,4.85,0.0,11.8,0.05,981.875,72.75,69.4444
1736233200,2025-01-07 07:00:00,2025-01-07 08:00:00,ringsted,4.6,0.0,11.9,0.075,982.733,75.75,64.1667
1736236800,2025-01-07 08:00:00,2025-01-07 09:00:00,ringsted,4.4,2.0,11.0,0.0,983.358,79.0,64.4444
1736240400,2025-01-07 09:00:00,2025-01-07 10:00:00,ringsted,4.33333,40.5,10.4333,0.0,984.226,81.0,81.1765
1736244000,2025-01-07 10:00:00,2025-01-07 11:00:00,ringsted,4.0,28.0,9.93333,1.06667,985.128,81.6667,65.0
1736247600,2025-01-07 11:00:00,2025-01-07 12:00:00,ringsted,3.9,68.0,8.96667,0.533333,985.289,84.3333,45.0
1736251200,2025-01-07 12:00:00,2025-01-07 13:00:00,ringsted,4.9,107.0,9.76667,0.0,985.739,81.0,49.1667
1736254800,2025-01-07 13:00:00,2025-01-07 14:00:00,ringsted,4.93333,51.0,9.76667,0.0,985.91,80.3333,57.0
1736258400,2025-01-07 14:00:00,2025-01-07 15:00:00,ringsted,4.85,43.0,9.25,0.0,986.067,80.25,56.9444
1736262000,2025-01-07 15:00:00,2025-01-07 16:00:00,ringsted,4.775,17.5,9.1,0.0,986.371,80.25,63.8889
1736265600,2025-01-07 16:00:00,2025-01-07 17:00:00,ringsted,4.625,0.5,8.95,0.0,986.675,80.25,61.6667
1736269200,2025-01-07 17:00:00,2025-01-07 18:00:00,ringsted,4.45,0.0,8.95,0.0,986.904,79.5,60.0
1736272800,2025-01-07 18:00:00,2025-01-07 19:00:00,ringsted,4.1,0.0,8.775,0.0,987.017,78.75,54.7222
1736276400,2025-01-07 19:00:00,2025-01-07 20:00:00,ringsted,3.825,0.0,8.675,0.0,986.892,79.25,58.0556
1736280000,2025-01-07 20:00:00,2025-01-07 21:00:00,ringsted,3.625,0.0,8.5,0.0,986.892,80.25,63.8889
1736283600,2025-01-07 21:00:00,2025-01-07 22:00:00,ringsted,3.425,0.0,8.175,0.0,986.758,82.25,58.0556
1736287200,2025-01-07 22:00:00,2025-01-07 23:00:00,ringsted,3.025,0.0,7.8,0.05,986.496,84.5,58.0556
1736290800,2025-01-07 23:00:00,2025-01-08 00:00:00,ringsted,2.875,0.0,8.35,0.1,986.429,85.75,60.8333
1736294400,2025-01-08 00:00:00,2025-01-08 01:00:00,ringsted,2.9,0.0,8.9,0.0,986.058,84.5,60.0
1736298000,2025-01-08 01:00:00,2025-01-08 02:00:00,ringsted,2.825,0.0,9.05,0.0,985.8,84.25,63.3333
1736301600,2025-01-08 02:00:00,2025-01-08 03:00:00,ringsted,3.0,0.0,9.0,0.0,985.471,83.75,63.3333
1736305200,2025-01-08 03:00:00,2025-01-08 04:00:00,ringsted,3.15,0.0,9.25,0.0,985.088,82.0,63.3333
1736308800,2025-01-08 04:00:00,2025-01-08 05:00:00,ringsted,3.275,0.0,9.75,0.0,984.858,81.5,65.5556
1736312400,2025-01-08 05:00:00,2025-01-08 06:00:00,ringsted,3.325,0.0,9.625,0.0,984.746,82.5,63.8889
1736316000,2025-01-08 06:00:00,2025-01-08 07:00:00,ringsted,3.375,0.0,9.425,0.0,985.138,84.5,64.4444
1736319600,2025-01-08 07:00:00,2025-01-08 08:00:00,ringsted,3.375,0.0,9.425,0.0,985.692,84.75,66.6667
1736323200,2025-01-08 08:00:00,2025-01-08 09:00:00,ringsted,3.55,1.5,9.275,0.0,986.108,84.75,66.6667
1736326800,2025-01-08 09:00:00,2025-01-08 10:00:00,ringsted,3.65,33.0,8.975,0.0,986.367,85.75,63.3333
1736330400,2025-01-08 10:00:00,2025-01-08 11:00:00,ringsted,3.925,55.5,9.325,0.025,986.621,84.25,65.5556
1736334000,2025-01-08 11:00:00,2025-01-08 12:00:00,ringsted,4.225,106.0,9.725,0.0,986.654,82.75,63.8889
1736337600,2025-01-08 12:00:00,2025-01-08 13:00:00,ringsted,4.475,103.0,9.9,0.0,987.013,81.0,63.8889
1736341200,2025-01-08 13:00:00,2025-01-08 14:00:00,ringsted,4.575,83.0,9.95,0.0,987.513,81.25,63.8889
1736344800,2025-01-08 14:00:00,2025-01-08 15:00:00,ringsted,4.45,73.5,9.425,0.05,988.183,82.75,63.3333
1736348400,2025-01-08 15:00:00,2025-01-08 16:00:00,ringsted,4.375,23.5,8.8,0.0,988.862,83.75,63.3333
1736352000,2025-01-08 16:00:00,2025-01-08 17:00:00,ringsted,4.25,0.5,7.7,0.05,989.725,84.25,50.8333
1736355600,2025-01-08 17:00:00,2025-01-08 18:00:00,ringsted,4.15,0.0,7.95,0.0,990.546,83.25,61.1111
1736359200,2025-01-08 18:00:00,2025-01-08 19:00:00,ringsted,4.15,0.0,7.2,0.0,991.325,83.5,50.8333
1736362800,2025-01-08 19:00:00,2025-01-08 20:00:00,ringsted,3.975,0.0,6.625,0.0,992.013,84.5,56.1111
1736366400,2025-01-08 20:00:00,2025-01-08 21:00:00,ringsted,3.8,0.0,6.45,0.0,992.575,86.0,59.4444
1736370000,2025-01-08 21:00:00,2025-01-08 22:00:00,ringsted,3.65,0.0,6.625,0.0,992.925,86.5,45.5556
1736373600,2025-01-08 22:00:00,2025-01-08 23:00:00,ringsted,3.225,0.0,6.2,0.0,992.896,88.0,33.8889
1736377200,2025-01-08 23:00:00,2025-01-09 00:00:00,ringsted,2.85,0.0,5.25,0.0,993.033,89.75,55.8333
1736380800,2025-01-09 00:00:00,2025-01-09 01:00:00,ringsted,2.8,0.0,5.175,0.0,992.992,90.5,53.8889
1736384400,2025-01-09 01:00:00,2025-01-09 02:00:00,ringsted,2.675,0.0,5.025,0.0,993.196,91.25,59.4444
1736388000,2025-01-09 02:00:00,2025-01-09 03:00:00,ringsted,2.625,0.0,4.3,0.0,993.271,92.0,65.0
1736391600,2025-01-09 03:00:00,2025-01-09 04:00:00,ringsted,2.65,0.0,3.6,0.0,992.963,92.25,64.4444
1736395200,2025-01-09 04:00:00,2025-01-09 05:00:00,ringsted,2.525,0.0,3.25,0.0,993.067,92.5,63.3333
1736398800,2025-01-09 05:00:00,2025-01-09 06:00:00,ringsted,2.45,0.0,3.0,0.0,993.117,93.5,63.8889
1736402400,2025-01-09 06:00:00,2025-01-09 07:00:00,ringsted,2.325,0.0,2.725,0.0,993.533,93.75,66.6667
1736406000,2025-01-09 07:00:00,2025-01-09 08:00:00,ringsted,2.4,0.0,2.375,0.0,993.85,94.5,66.6667
1736409600,2025-01-09 08:00:00,2025-01-09 09:00:00,ringsted,2.45,1.5,2.15,0.0,994.05,93.75,66.6667
1736413200,2025-01-09 09:00:00,2025-01-09 10:00:00,ringsted,2.55,12.0,1.85,0.0,993.817,93.25,66.6667
1736416800,2025-01-09 10:00:00,2025-01-09 11:00:00,ringsted,2.7,28.5,1.675,0.0,994.075,91.5,66.6667
1736420400,2025-01-09 11:00:00,2025-01-09 12:00:00,ringsted,2.875,36.5,2.425,0.0,993.896,89.0,66.6667
1736424000,2025-01-09 12:00:00,2025-01-09 13:00:00,ringsted,2.925,48.5,1.9,0.0,993.65,88.0,66.6667
1736427600,2025-01-09 13:00:00,2025-01-09 14:00:00,ringsted,3.0,45.5,1.325,0.0,993.629,87.25,66.6667
1736431200,2025-01-09 14:00:00,2025-01-09 15:00:00,ringsted,3.025,36.0,1.1,0.0,993.783,87.5,66.6667
1736434800,2025-01-09 15:00:00,2025-01-09 16:00:00,ringsted,2.825,14.0,1.05,0.0,994.233,88.75,66.6667
1736438400,2025-01-09 16:00:00,2025-01-09 17:00:00,ringsted,2.425,0.5,0.95,0.0,994.562,90.25,64.4444
1736442000,2025-01-09 17:00:00,2025-01-09 18:00:00,ringsted,2.1,0.0,0.875,0.0,994.912,92.0,57.5
1736445600,2025-01-09 18:00:00,2025-01-09 19:00:00,ringsted,1.725,0.0,0.875,0.0,995.213,92.75,65.2778
1736449200,2025-01-09 19:00:00,2025-01-09 20:00:00,ringsted,1.6,0.0,1.25,0.0,995.814,93.25,60.8824
1736452800,2025-01-09 20:00:00,2025-01-09 21:00:00,ringsted,1.6,0.0,1.25,0.0,996.454,92.5,48.8889
1736456400,2025-01-09 21:00:00,2025-01-09 22:00:00,ringsted,1.425,0.0,1.75,0.0,997.162,92.75,42.2222
1736460000,2025-01-09 22:00:00,2025-01-09 23:00:00,ringsted,1.075,0.0,1.75,0.0,997.683,94.0,36.9231
1736463600,2025-01-09 23:00:00,2025-01-10 00:00:00,ringsted,0.825,0.0,2.075,0.0,998.388,95.0,43.75
1736467200,2025-01-10 00:00:00,2025-01-10 01:00:00,ringsted,0.825,0.0,2.425,0.0,999.129,95.5,43.9286
1736470800,2025-01-10 01:00:00,2025-01-10 02:00:00,ringsted,0.725,0.0,2.125,0.0,999.854,95.0,54.7222
1736474400,2025-01-10 02:00:00,2025-01-10 03:00:00,ringsted,0.575,0.0,2.2,0.05,1000.26,95.75,42.0588
1736478000,2025-01-10 03:00:00,2025-01-10 04:00:00,ringsted,0.4,0.0,2.35,0.0,1000.61,95.0,40.8333
1736481600,2025-01-10 04:00:00,2025-01-10 05:00:00,ringsted,-0.1,0.0,2.175,0.0,1000.99,95.5,49.1667
1736485200,2025-01-10 05:00:00,2025-01-10 06:00:00,ringsted,0.3,0.0,2.35,0.0,1001.33,95.5,57.8125
1736488800,2025-01-10 06:00:00,2025-01-10 07:00:00,ringsted,0.525,0.0,2.15,0.0,1001.98,94.75,64.4444
1736492400,2025-01-10 07:00:00,2025-01-10 08:00:00,ringsted,0.475,0.0,1.95,0.0,1002.68,94.25,64.4444
1736496000,2025-01-10 08:00:00,2025-01-10 09:00:00,ringsted,0.225,2.0,1.225,0.0,1003.27,92.75,56.9444
1736499600,2025-01-10 09:00:00,2025-01-10 10:00:00,ringsted,0.25,21.0,2.025,0.075,1003.81,93.75,63.6111
1736503200,2025-01-10 10:00:00,2025-01-10 11:00:00,ringsted,0.8,59.5,2.825,0.0,1004.1,92.5,62.7778
1736506800,2025-01-10 11:00:00,2025-01-10 12:00:00,ringsted,1.225,103.0,2.725,0.0,1004.54,90.0,67.5
1736510400,2025-01-10 12:00:00,2025-01-10 13:00:00,ringsted,1.5,93.0,3.15,0.025,1004.81,87.25,68.8889
1736514000,2025-01-10 13:00:00,2025-01-10 14:00:00,ringsted,1.775,90.5,3.975,0.0,1005.21,83.0,68.8889
1736517600,2025-01-10 14:00:00,2025-01-10 15:00:00,ringsted,1.325,38.5,4.225,0.0,1005.69,85.0,60.5556
1736521200,2025-01-10 15:00:00,2025-01-10 16:00:00,ringsted,1.15,13.0,4.55,0.0,1006.26,85.0,56.9444
1736524800,2025-01-10 16:00:00,2025-01-10 17:00:00,ringsted,1.0,1.0,4.575,0.025,1006.72,85.25,65.8333
1736528400,2025-01-10 17:00:00,2025-01-10 18:00:00,ringsted,0.65,0.0,4.85,0.0,1007.13,88.25,66.6667
1736532000,2025-01-10 18:00:00,2025-01-10 19:00:00,ringsted,0.475,0.0,5.0,0.0,1007.62,89.75,66.1111
1736535600,2025-01-10 19:00:00,2025-01-10 20:00:00,ringsted,0.3,0.0,5.425,0.0,1008.05,91.0,58.3333
1736539200,2025-01-10 20:00:00,2025-01-10 21:00:00,ringsted,0.1,0.0,6.075,0.0,1008.34,87.75,66.6667
1736542800,2025-01-10 21:00:00,2025-01-10 22:00:00,ringsted,0.125,0.0,5.6,0.0,1008.54,87.25,63.8889
1736546400,2025-01-10 22:00:00,2025-01-10 23:00:00,ringsted,0.35,0.0,5.1,0.0,1008.83,85.25,63.3333
1736550000,2025-01-10 23:00:00,2025-01-11 00:00:00,ringsted,0.45,0.0,5.65,0.0,1008.87,82.75,33.75
1736553600,2025-01-11 00:00:00,2025-01-11 01:00:00,ringsted,0.3,0.0,6.025,0.0,1009.05,78.5,42.3529
1736557200,2025-01-11 01:00:00,2025-01-11 02:00:00,ringsted,0.4,0.0,6.45,0.0,1009.14,76.0,32.5
1736560800,2025-01-11 02:00:00,2025-01-11 03:00:00,ringsted,0.325,0.0,6.775,0.0,1009.38,79.25,41.5385
1736564400,2025-01-11 03:00:00,2025-01-11 04:00:00,ringsted,0.35,0.0,7.25,0.0,1009.55,78.75,56.1765
1736568000,2025-01-11 04:00:00,2025-01-11 05:00:00,ringsted,0.45,0.0,7.075,0.0,1009.62,79.25,46.6667
1736571600,2025-01-11 05:00:00,2025-01-11 06:00:00,ringsted,0.65,0.0,7.8,0.0,1009.74,78.0,33.8462
1736575200,2025-01-11 06:00:00,2025-01-11 07:00:00,ringsted,0.675,0.0,7.95,0.0,1009.96,75.0,46.3889
1736578800,2025-01-11 07:00:00,2025-01-11 08:00:00,ringsted,0.75,0.0,8.275,0.0,1010.33,70.5,49.375
1736582400,2025-01-11 08:00:00,2025-01-11 09:00:00,ringsted,1.025,2.0,7.95,0.0,1010.67,68.0,18.3333
1736586000,2025-01-11 09:00:00,2025-01-11 10:00:00,ringsted,1.3,31.5,8.525,0.0,1011.26,67.0,5.83333
1736589600,2025-01-11 10:00:00,2025-01-11 11:00:00,ringsted,1.5,71.5,8.475,0.0,1011.54,69.5,7.5
1736593200,2025-01-11 11:00:00,2025-01-11 12:00:00,ringsted,1.35,92.5,9.025,0.0,1011.77,71.25,14.6875
1736596800,2025-01-11 12:00:00,2025-01-11 13:00:00,ringsted,1.25,128.0,9.175,0.0,1012.04,71.5,3.07692
1736600400,2025-01-11 13:00:00,2025-01-11 14:00:00,ringsted,1.35,155.0,9.525,0.0,1012.69,70.5,3.125
1736604000,2025-01-11 14:00:00,2025-01-11 15:00:00,ringsted,1.35,122.0,9.35,0.0,1013.42,69.5,1.66667
1736607600,2025-01-11 15:00:00,2025-01-11 16:00:00,ringsted,1.05,41.0,8.6,0.0,1014.47,71.25,0.0
1736611200,2025-01-11 16:00:00,2025-01-11 17:00:00,ringsted,0.725,1.0,8.025,0.0,1015.46,73.5,0.0
1736614800,2025-01-11 17:00:00,2025-01-11 18:00:00,ringsted,0.6,0.0,7.475,0.0,1016.55,74.5,0.0
1736618400,2025-01-11 18:00:00,2025-01-11 19:00:00,ringsted,0.525,0.0,7.1,0.0,1017.45,73.5,0.0
1736622000,2025-01-11 19:00:00,2025-01-11 20:00:00,ringsted,0.475,0.0,7.075,0.0,1018.21,73.75,0.0
1736625600,2025-01-11 20:00:00,2025-01-11 21:00:00,ringsted,0.4,0.0,7.325,0.0,1019.14,75.25,0.0
1736629200,2025-01-11 21:00:00,2025-01-11 22:00:00,ringsted,0.35,0.0,6.9,0.0,1019.98,76.25,0.0
1736632800,2025-01-11 22:00:00,2025-01-11 23:00:00,ringsted,0.225,0.0,6.475,0.0,1020.67,77.75,0.0
1736636400,2025-01-11 23:00:00,2025-01-12 00:00:00,ringsted,0.05,0.0,5.725,0.0,1021.32,79.25,0.0
1736640000,2025-01-12 00:00:00,2025-01-12 01:00:00,ringsted,-0.175,0.0,5.025,0.0,1021.94,81.5,0.0
1736643600,2025-01-12 01:00:00,2025-01-12 02:00:00,ringsted,-0.275,0.0,5.075,0.0,1022.58,82.75,0.0
1736647200,2025-01-12 02:00:00,2025-01-12 03:00:00,ringsted,-0.45,0.0,4.575,0.0,1023.28,84.25,0.0
1736650800,2025-01-12 03:00:00,2025-01-12 04:00:00,ringsted,-0.675,0.0,3.95,0.0,1023.99,86.25,18.5294
1736654400,2025-01-12 04:00:00,2025-01-12 05:00:00,ringsted,-0.45,0.0,4.4,0.0,1024.7,87.0,12.5
1736658000,2025-01-12 05:00:00,2025-01-12 06:00:00,ringsted,-0.225,0.0,4.875,0.0,1025.5,87.0,0.0
1736661600,2025-01-12 06:00:00,2025-01-12 07:00:00,ringsted,-0.35,0.0,4.325,0.0,1026.31,88.0,0.0
1736665200,2025-01-12 07:00:00,2025-01-12 08:00:00,ringsted,-0.55,0.0,3.875,0.0,1027.13,88.5,0.0
1736668800,2025-01-12 08:00:00,2025-01-12 09:00:00,ringsted,-0.55,4.0,4.225,0.0,1027.86,86.25,0.0
1736672400,2025-01-12 09:00:00,2025-01-12 10:00:00,ringsted,-0.125,51.5,4.375,0.0,1028.49,82.75,0.0
1736676000,2025-01-12 10:00:00,2025-01-12 11:00:00,ringsted,0.7,147.0,4.95,0.0,1029.11,78.5,0.0
1736679600,2025-01-12 11:00:00,2025-01-12 12:00:00,ringsted,1.175,202.0,5.55,0.0,1029.55,73.5,0.0
1736683200,2025-01-12 12:00:00,2025-01-12 13:00:00,ringsted,1.375,219.0,5.6,0.0,1030.04,70.0,0.0
1736686800,2025-01-12 13:00:00,2025-01-12 14:00:00,ringsted,1.3,195.0,6.125,0.0,1030.68,69.75,0.0
1736690400,2025-01-12 14:00:00,2025-01-12 15:00:00,ringsted,0.925,137.5,5.75,0.0,1031.24,70.75,0.0
1736694000,2025-01-12 15:00:00,2025-01-12 16:00:00,ringsted,0.25,52.5,4.0,0.0,1031.87,73.5,0.0
1736697600,2025-01-12 16:00:00,2025-01-12 17:00:00,ringsted,-0.825,2.5,2.875,0.0,1032.65,78.25,0.0
1736701200,2025-01-12 17:00:00,2025-01-12 18:00:00,ringsted,-1.65,0.0,2.2,0.0,1033.59,82.0,0.0
1736704800,2025-01-12 18:00:00,2025-01-12 19:00:00,ringsted,-2.375,0.0,2.15,0.0,1034.39,83.75,0.0
1736708400,2025-01-12 19:00:00,2025-01-12 20:00:00,ringsted,-2.625,0.0,1.8,0.0,1035.2,85.0,0.0
1736712000,2025-01-12 20:00:00,2025-01-12 21:00:00,ringsted,-3.3,0.0,0.95,0.0,1035.99,86.5,0.0
1736715600,2025-01-12 21:00:00,2025-01-12 22:00:00,ringsted,-4.0,0.0,1.3,0.0,1036.22,88.75,0.0
1736719200,2025-01-12 22:00:00,2025-01-12 23:00:00,ringsted,-4.85,0.0,0.575,0.0,1036.15,91.0,0.0
1736722800,2025-01-12 23:00:00,2025-01-13 00:00:00,ringsted,-5.375,0.0,0.525,0.0,1036.2,92.5,0.0
1736726400,2025-01-13 00:00:00,2025-01-13 01:00:00,ringsted,-5.775,0.0,0.95,0.0,1035.8,93.0,0.0
1736730000,2025-01-13 01:00:00,2025-01-13 02:00:00,ringsted,-5.925,0.0,0.725,0.0,1035.21,93.5,0.0
1736733600,2025-01-13 02:00:00,2025-01-13 03:00:00,ringsted,-6.0,0.0,1.125,0.0,1035.67,93.75,0.0
1736737200,2025-01-13 03:00:00,2025-01-13 04:00:00,ringsted,-6.025,0.0,0.775,0.0,1035.74,93.25,0.0
1736740800,2025-01-13 04:00:00,2025-01-13 05:00:00,ringsted,-5.55,0.0,1.1,0.0,1035.63,93.5,0.0
1736744400,2025-01-13 05:00:00,2025-01-13 06:00:00,ringsted,-5.4,0.0,1.075,0.0,1035.88,92.75,0.0
1736748000,2025-01-13 06:00:00,2025-01-13 07:00:00,ringsted,-5.125,0.0,1.025,0.0,1035.83,93.75,0.0
1736751600,2025-01-13 07:00:00,2025-01-13 08:00:00,ringsted,-4.725,0.0,1.45,0.0,1035.42,94.75,0.833333
1736755200,2025-01-13 08:00:00,2025-01-13 09:00:00,ringsted,-4.15,6.0,2.1,0.0,1035.15,95.5,10.8333
1736758800,2025-01-13 09:00:00,2025-01-13 10:00:00,ringsted,-2.425,60.5,2.7,0.0,1034.64,94.75,34.5833
1736762400,2025-01-13 10:00:00,2025-01-13 11:00:00,ringsted,-0.55,87.0,3.7,0.05,1034.32,91.25,40.0
1736766000,2025-01-13 11:00:00,2025-01-13 12:00:00,ringsted,0.325,78.0,3.975,0.05,1033.78,89.0,62.2222
1736769600,2025-01-13 12:00:00,2025-01-13 13:00:00,ringsted,0.825,77.0,4.3,0.025,1033.02,88.0,65.5556
1736773200,2025-01-13 13:00:00,2025-01-13 14:00:00,ringsted,1.35,72.0,4.5,0.075,1032.22,88.5,67.2222
1736776800,2025-01-13 14:00:00,2025-01-13 15:00:00,ringsted,1.7,52.5,4.9,0.075,1031.78,90.0,67.7778
1736780400,2025-01-13 15:00:00,2025-01-13 16:00:00,ringsted,1.925,19.5,4.925,0.025,1031.14,88.75,65.2778
1736784000,2025-01-13 16:00:00,2025-01-13 17:00:00,ringsted,1.9,0.5,5.775,0.05,1030.24,87.5,59.7222
1736787600,2025-01-13 17:00:00,2025-01-13 18:00:00,ringsted,1.95,0.0,6.325,0.025,1029.41,87.5,66.6667
1736791200,2025-01-13 18:00:00,2025-01-13 19:00:00,ringsted,2.15,0.0,6.85,0.025,1028.7,86.5,66.6667
1736794800,2025-01-13 19:00:00,2025-01-13 20:00:00,ringsted,2.15,0.0,6.975,0.0,1028.38,86.75,66.6667
1736798400,2025-01-13 20:00:00,2025-01-13 21:00:00,ringsted,2.125,0.0,6.775,0.0,1027.92,87.25,66.6667
1736802000,2025-01-13 21:00:00,2025-01-13 22:00:00,ringsted,2.15,0.0,6.725,0.025,1027.43,87.5,66.6667
1736805600,2025-01-13 22:00:00,2025-01-13 23:00:00,ringsted,2.275,0.0,6.75,0.0,1026.72,87.75,66.6667
1736809200,2025-01-13 23:00:00,2025-01-14 00:00:00,ringsted,2.4,0.0,6.825,0.0,1025.81,87.75,66.6667
1736812800,2025-01-14 00:00:00,2025-01-14 01:00:00,ringsted,2.425,0.0,6.7,0.0,1025.03,88.5,66.6667
1736816400,2025-01-14 01:00:00,2025-01-14 02:00:00,ringsted,2.35,0.0,7.05,0.0,1024.64,90.0,66.6667
1736820000,2025-01-14 02:00:00,2025-01-14 03:00:00,ringsted,2.325,0.0,6.6,0.0,1024.05,91.0,66.6667
1736823600,2025-01-14 03:00:00,2025-01-14 04:00:00,ringsted,2.225,0.0,6.625,0.0,1023.38,91.75,66.6667
1736827200,2025-01-14 04:00:00,2025-01-14 05:00:00,ringsted,2.3,0.0,6.6,0.0,1022.51,92.0,66.6667
1736830800,2025-01-14 05:00:00,2025-01-14 06:00:00,ringsted,2.55,0.0,6.675,0.0,1021.72,92.75,66.6667
1736834400,2025-01-14 06:00:00,2025-01-14 07:00:00,ringsted,2.825,0.0,6.825,0.0,1021.03,93.25,66.1111
1736838000,2025-01-14 07:00:00,2025-01-14 08:00:00,ringsted,2.925,0.0,6.45,0.0,1020.61,95.0,42.2222
1736841600,2025-01-14 08:00:00,2025-01-14 09:00:00,ringsted,3.075,0.5,6.4,0.025,1020.5,96.5,43.3333
1736845200,2025-01-14 09:00:00,2025-01-14 10:00:00,ringsted,3.3,11.0,6.075,0.025,1020.1,97.25,63.8889
1736848800,2025-01-14 10:00:00,2025-01-14 11:00:00,ringsted,3.625,12.5,6.325,0.025,1019.63,97.25,63.8889
1736852400,2025-01-14 11:00:00,2025-01-14 12:00:00,ringsted,3.75,11.5,6.175,0.025,1018.73,97.25,66.6667
1736856000,2025-01-14 12:00:00,2025-01-14 13:00:00,ringsted,3.975,25.0,5.925,0.075,1018.18,97.5,49.7222
1736859600,2025-01-14 13:00:00,2025-01-14 14:00:00,ringsted,4.6,29.5,6.0,0.025,1017.66,97.25,66.6667
1736863200,2025-01-14 14:00:00,2025-01-14 15:00:00,ringsted,5.175,19.5,6.425,0.1,1017.45,97.0,67.7778
1736866800,2025-01-14 15:00:00,2025-01-14 16:00:00,ringsted,5.55,6.0,5.775,0.075,1017.61,97.25,68.8889
1736870400,2025-01-14 16:00:00,2025-01-14 17:00:00,ringsted,5.575,0.0,5.65,0.075,1017.45,97.75,66.6667
1736874000,2025-01-14 17:00:00,2025-01-14 18:00:00,ringsted,5.95,0.0,5.3,0.05,1017.33,97.25,66.6667
1736877600,2025-01-14 18:00:00,2025-01-14 19:00:00,ringsted,6.1,0.0,5.275,0.025,1016.95,96.0,62.5
1736881200,2025-01-14 19:00:00,2025-01-14 20:00:00,ringsted,6.225,0.0,5.775,0.025,1016.99,95.25,66.6667
1736884800,2025-01-14 20:00:00,2025-01-14 21:00:00,ringsted,6.8,0.0,6.125,0.0,1017.65,93.5,66.6667
1736888400,2025-01-14 21:00:00,2025-01-14 22:00:00,ringsted,6.775,0.0,5.525,0.0,1018.24,91.75,63.3333
1736892000,2025-01-14 22:00:00,2025-01-14 23:00:00,ringsted,6.7,0.0,5.0,0.0,1018.88,89.75,65.5556
1736895600,2025-01-14 23:00:00,2025-01-15 00:00:00,ringsted,6.55,0.0,4.675,0.0,1019.36,90.0,63.8889
1736899200,2025-01-15 00:00:00,2025-01-15 01:00:00,ringsted,6.1,0.0,4.45,0.0,1019.75,91.25,50.8333
1736902800,2025-01-15 01:00:00,2025-01-15 02:00:00,ringsted,5.15,0.0,4.05,0.0,1019.91,93.0,2.5
1736906400,2025-01-15 02:00:00,2025-01-15 03:00:00,ringsted,4.375,0.0,4.025,0.0,1020.31,94.75,0.0
1736910000,2025-01-15 03:00:00,2025-01-15 04:00:00,ringsted,4.2,0.0,4.45,0.0,1020.97,96.0,0.0
1736913600,2025-01-15 04:00:00,2025-01-15 05:00:00,ringsted,4.225,0.0,4.575,0.0,1021.68,95.25,0.0
1736917200,2025-01-15 05:00:00,2025-01-15 06:00:00,ringsted,4.025,0.0,3.875,0.0,1022.09,95.5,0.0
1736920800,2025-01-15 06:00:00,2025-01-15 07:00:00,ringsted,3.7,0.0,3.375,0.0,1022.57,96.0,0.0
1736924400,2025-01-15 07:00:00,2025-01-15 08:00:00,ringsted,3.075,0.0,2.525,0.0,1023.3,97.0,6.25
1736928000,2025-01-15 08:00:00,2025-01-15 09:00:00,ringsted,2.8,7.5,2.0,0.0,1024.38,97.25,3.33333
1736931600,2025-01-15 09:00:00,2025-01-15 10:00:00,ringsted,2.975,30.0,1.925,0.0,1025.15,97.5,43.2143
1736935200,2025-01-15 10:00:00,2025-01-15 11:00:00,ringsted,3.675,98.5,2.275,0.0,1025.47,96.75,46.7647
1736938800,2025-01-15 11:00:00,2025-01-15 12:00:00,ringsted,4.475,135.5,2.55,0.0,1025.42,96.0,14.3333
1736942400,2025-01-15 12:00:00,2025-01-15 13:00:00,ringsted,5.125,144.5,2.2,0.0,1025.34,93.75,0.0
1736946000,2025-01-15 13:00:00,2025-01-15 14:00:00,ringsted,5.6,133.0,1.825,0.0,1025.35,90.5,20.0
1736949600,2025-01-15 14:00:00,2025-01-15 15:00:00,ringsted,5.15,98.5,2.15,0.0,1025.57,91.5,35.0
1736953200,2025-01-15 15:00:00,2025-01-15 16:00:00,ringsted,4.6,33.5,1.55,0.0,1026.01,93.5,33.3333
1736956800,2025-01-15 16:00:00,2025-01-15 17:00:00,ringsted,3.025,0.5,1.925,0.0,1026.53,96.75,34.7222
1736960400,2025-01-15 17:00:00,2025-01-15 18:00:00,ringsted,2.075,0.0,2.725,0.0,1027.07,98.5,33.3333
1736964000,2025-01-15 18:00:00,2025-01-15 19:00:00,ringsted,2.0,0.0,2.975,0.0,1027.47,98.75,33.3333
1736967600,2025-01-15 19:00:00,2025-01-15 20:00:00,ringsted,2.05,0.0,2.025,0.0,1027.46,99.25,61.1111
1736971200,2025-01-15 20:00:00,2025-01-15 21:00:00,ringsted,2.3,0.0,2.35,0.0,1027.61,99.5,66.6667
1736974800,2025-01-15 21:00:00,2025-01-15 22:00:00,ringsted,2.525,0.0,2.525,0.0,1027.58,99.5,55.5556
1736978400,2025-01-15 22:00:00,2025-01-15 23:00:00,ringsted,2.8,0.0,2.775,0.0,1027.41,99.5,50.0
1736982000,2025-01-15 23:00:00,2025-01-16 00:00:00,ringsted,3.325,0.0,3.3,0.0,1027.12,99.5,65.0
1736985600,2025-01-16 00:00:00,2025-01-16 01:00:00,ringsted,3.85,0.0,3.4,0.0,1026.89,99.25,66.6667
1736989200,2025-01-16 01:00:00,2025-01-16 02:00:00,ringsted,4.15,0.0,3.45,0.0,1026.88,98.25,66.6667
1736992800,2025-01-16 02:00:00,2025-01-16 03:00:00,ringsted,4.425,0.0,3.425,0.0,1026.82,97.25,66.6667
1736996400,2025-01-16 03:00:00,2025-01-16 04:00:00,ringsted,4.45,0.0,3.325,0.0,1026.97,96.75,66.6667
1737000000,2025-01-16 04:00:00,2025-01-16 05:00:00,ringsted,4.85,0.0,3.725,0.0,1026.95,94.6667,64.4444
1737003600,2025-01-16 05:00:00,2025-01-16 06:00:00,ringsted,4.675,0.0,3.85,0.0,1026.92,96.25,66.6667
1737007200,2025-01-16 06:00:00,2025-01-16 07:00:00,ringsted,4.625,0.0,4.425,0.0,1027.0,96.25,61.6667
1737010800,2025-01-16 07:00:00,2025-01-16 08:00:00,ringsted,4.6,0.0,4.6,0.0,1027.26,96.25,66.1111
1737014400,2025-01-16 08:00:00,2025-01-16 09:00:00,ringsted,4.575,1.5,5.25,0.0,1027.68,96.75,65.5556
1737018000,2025-01-16 09:00:00,2025-01-16 10:00:00,ringsted,4.45,14.5,5.2,0.0,1028.43,97.5,66.6667
1737021600,2025-01-16 10:00:00,2025-01-16 11:00:00,ringsted,4.525,37.5,4.9,0.0,1028.47,97.75,66.6667
1737025200,2025-01-16 11:00:00,2025-01-16 12:00:00,ringsted,4.8,78.0,5.075,0.0,1028.36,97.0,66.6667
1737028800,2025-01-16 12:00:00,2025-01-16 13:00:00,ringsted,5.0,76.5,5.1,0.0,1028.33,96.5,66.6667
1737032400,2025-01-16 13:00:00,2025-01-16 14:00:00,ringsted,4.95,52.0,4.8,0.0,1028.45,96.25,66.6667
1737036000,2025-01-16 14:00:00,2025-01-16 15:00:00,ringsted,4.975,21.0,4.775,0.0,1028.5,96.75,66.6667
1737039600,2025-01-16 15:00:00,2025-01-16 16:00:00,ringsted,5.1,6.5,4.625,0.0,1028.61,96.25,66.6667
1737043200,2025-01-16 16:00:00,2025-01-16 17:00:00,ringsted,5.1,0.0,4.5,0.0,1028.88,96.75,66.6667
1737046800,2025-01-16 17:00:00,2025-01-16 18:00:00,ringsted,5.125,0.0,4.8,0.0,1029.1,97.25,70.5882
1737050400,2025-01-16 18:00:00,2025-01-16 19:00:00,ringsted,5.125,0.0,4.675,0.0,1029.35,97.0,66.6667
1737054000,2025-01-16 19:00:00,2025-01-16 20:00:00,ringsted,5.075,0.0,4.625,0.0,1029.54,96.75,66.6667
1737057600,2025-01-16 20:00:00,2025-01-16 21:00:00,ringsted,5.05,0.0,5.2,0.0,1029.59,97.25,66.6667
1737061200,2025-01-16 21:00:00,2025-01-16 22:00:00,ringsted,5.1,0.0,5.4,0.0,1029.67,97.0,66.6667
1737064800,2025-01-16 22:00:00,2025-01-16 23:00:00,ringsted,5.15,0.0,5.5,0.0,1029.86,96.5,66.6667
1737068400,2025-01-16 23:00:00,2025-01-17 00:00:00,ringsted,5.0,0.0,5.175,0.0,1030.05,96.75,66.6667
1737072000,2025-01-17 00:00:00,2025-01-17 01:00:00,ringsted,4.775,0.0,5.025,0.0,1029.99,98.0,66.6667
1737075600,2025-01-17 01:00:00,2025-01-17 02:00:00,ringsted,4.675,0.0,4.525,0.0,1029.94,98.25,64.4444
1737079200,2025-01-17 02:00:00,2025-01-17 03:00:00,ringsted,4.575,0.0,4.35,0.0,1029.95,98.0,40.5556
1737082800,2025-01-17 03:00:00,2025-01-17 04:00:00,ringsted,4.425,0.0,4.225,0.0,1029.94,97.75,59.4444
1737086400,2025-01-17 04:00:00,2025-01-17 05:00:00,ringsted,4.3,0.0,4.175,0.0,1029.95,96.25,66.6667
1737090000,2025-01-17 05:00:00,2025-01-17 06:00:00,ringsted,4.25,0.0,4.475,0.0,1029.93,95.25,66.6667
1737093600,2025-01-17 06:00:00,2025-01-17 07:00:00,ringsted,4.075,0.0,4.575,0.0,1030.07,95.25,66.6667
1737097200,2025-01-17 07:00:00,2025-01-17 08:00:00,ringsted,3.8,0.0,4.475,0.0,1030.2,96.5,66.6667
1737100800,2025-01-17 08:00:00,2025-01-17 09:00:00,ringsted,3.5,0.5,4.75,0.0,1030.5,98.25,61.1111
1737104400,2025-01-17 09:00:00,2025-01-17 10:00:00,ringsted,3.25,11.0,4.8,0.0,1030.85,98.75,66.6667
1737108000,2025-01-17 10:00:00,2025-01-17 11:00:00,ringsted,3.1,26.0,5.025,0.0,1030.62,98.75,66.6667
1737111600,2025-01-17 11:00:00,2025-01-17 12:00:00,ringsted,3.1,40.5,4.45,0.0,1030.19,98.25,67.7778
1737115200,2025-01-17 12:00:00,2025-01-17 13:00:00,ringsted,3.05,45.5,4.825,0.0,1029.83,98.0,66.6667
1737118800,2025-01-17 13:00:00,2025-01-17 14:00:00,ringsted,2.925,43.0,5.05,0.0,1029.53,98.25,66.6667
1737122400,2025-01-17 14:00:00,2025-01-17 15:00:00,ringsted,2.75,30.5,5.025,0.0,1029.32,98.25,66.6667
1737126000,2025-01-17 15:00:00,2025-01-17 16:00:00,ringsted,2.725,12.5,4.875,0.0,1028.95,97.25,65.0
1737129600,2025-01-17 16:00:00,2025-01-17 17:00:00,ringsted,2.55,0.5,4.8,0.0,1029.11,97.0,64.4444
1737133200,2025-01-17 17:00:00,2025-01-17 18:00:00,ringsted,2.425,0.0,4.575,0.0,1029.64,97.25,47.9412
1737136800,2025-01-17 18:00:00,2025-01-17 19:00:00,ringsted,2.5,0.0,4.75,0.0,1030.01,96.25,58.3333
1737140400,2025-01-17 19:00:00,2025-01-17 20:00:00,ringsted,2.65,0.0,4.525,0.0,1029.73,96.25,66.6667
1737144000,2025-01-17 20:00:00,2025-01-17 21:00:00,ringsted,2.875,0.0,4.425,0.0,1028.94,96.5,52.0588
1737147600,2025-01-17 21:00:00,2025-01-17 22:00:00,ringsted,2.975,0.0,4.95,0.0,1028.81,97.0,65.2778
1737151200,2025-01-17 22:00:00,2025-01-17 23:00:00,ringsted,3.15,0.0,5.325,0.0,1028.91,97.0,41.3889
1737154800,2025-01-17 23:00:00,2025-01-18 00:00:00,ringsted,3.3,0.0,4.85,0.0,1029.03,97.25,40.9375
1737158400,2025-01-18 00:00:00,2025-01-18 01:00:00,ringsted,3.575,0.0,4.85,0.0,1028.83,97.0,50.0
1737162000,2025-01-18 01:00:00,2025-01-18 02:00:00,ringsted,4.0,0.0,4.8,0.0,1028.68,96.0,50.0
1737165600,2025-01-18 02:00:00,2025-01-18 03:00:00,ringsted,4.2,0.0,4.75,0.0,1028.28,95.5,50.0
1737169200,2025-01-18 03:00:00,2025-01-18 04:00:00,ringsted,4.35,0.0,4.25,0.0,1028.15,94.5,50.0
1737172800,2025-01-18 04:00:00,2025-01-18 05:00:00,ringsted,4.35,0.0,4.85,0.0,1027.82,95.0,50.0
1737176400,2025-01-18 05:00:00,2025-01-18 06:00:00,ringsted,4.3,0.0,4.75,0.0,1027.65,95.0,50.0
1737180000,2025-01-18 06:00:00,2025-01-18 07:00:00,ringsted,4.2,0.0,4.35,0.0,1028.24,96.0,43.0
1737183600,2025-01-18 07:00:00,2025-01-18 08:00:00,ringsted,4.025,0.0,3.875,0.0,1028.43,97.0,51.1765
1737187200,2025-01-18 08:00:00,2025-01-18 09:00:00,ringsted,3.975,0.5,3.5,0.0,1028.43,97.5,57.2222
1737190800,2025-01-18 09:00:00,2025-01-18 10:00:00,ringsted,3.925,12.0,3.625,0.0,1028.55,97.75,43.0
1737194400,2025-01-18 10:00:00,2025-01-18 11:00:00,ringsted,3.975,25.5,3.45,0.0,1028.4,97.5,47.5
1737198000,2025-01-18 11:00:00,2025-01-18 12:00:00,ringsted,4.0,35.5,3.2,0.0,1028.2,97.75,55.0
1737201600,2025-01-18 12:00:00,2025-01-18 13:00:00,ringsted,4.0,35.0,2.1,0.0,1028.11,98.0,66.6667
1737205200,2025-01-18 13:00:00,2025-01-18 14:00:00,ringsted,3.925,26.0,1.4,0.0,1027.85,98.5,66.6667
1737208800,2025-01-18 14:00:00,2025-01-18 15:00:00,ringsted,3.825,18.0,1.85,0.0,1027.4,98.5,66.6667
1737212400,2025-01-18 15:00:00,2025-01-18 16:00:00,ringsted,3.575,6.5,2.3,0.0,1027.23,98.75,66.6667
1737216000,2025-01-18 16:00:00,2025-01-18 17:00:00,ringsted,3.3,0.5,2.125,0.0,1027.17,98.75,38.8889
1737219600,2025-01-18 17:00:00,2025-01-18 18:00:00,ringsted,3.125,0.0,2.025,0.0,1027.05,99.0,61.1111
1737223200,2025-01-18 18:00:00,2025-01-18 19:00:00,ringsted,2.925,0.0,2.225,0.0,1026.94,99.25,66.6667
1737226800,2025-01-18 19:00:00,2025-01-18 20:00:00,ringsted,2.675,0.0,2.25,0.0,1026.66,99.25,66.6667
1737230400,2025-01-18 20:00:00,2025-01-18 21:00:00,ringsted,2.475,0.0,1.875,0.0,1026.33,99.0,61.1111
1737234000,2025-01-18 21:00:00,2025-01-18 22:00:00,ringsted,2.275,0.0,2.225,0.0,1025.97,99.0,38.8889
1737237600,2025-01-18 22:00:00,2025-01-18 23:00:00,ringsted,2.125,0.0,2.175,0.0,1025.9,99.5,38.8889
1737241200,2025-01-18 23:00:00,2025-01-19 00:00:00,ringsted,1.95,0.0,2.2,0.0,1025.61,99.5,44.4444
1737244800,2025-01-19 00:00:00,2025-01-19 01:00:00,ringsted,1.675,0.0,2.2,0.0,1025.31,99.5,50.0
1737248400,2025-01-19 01:00:00,2025-01-19 02:00:00,ringsted,1.325,0.0,2.075,0.0,1024.95,99.5,44.4444
1737252000,2025-01-19 02:00:00,2025-01-19 03:00:00,ringsted,1.05,0.0,1.9,0.0,1024.52,99.5,33.3333
1737255600,2025-01-19 03:00:00,2025-01-19 04:00:00,ringsted,0.675,0.0,1.525,0.0,1024.13,99.75,33.3333
1737259200,2025-01-19 04:00:00,2025-01-19 05:00:00,ringsted,0.35,0.0,1.075,0.0,1023.91,99.75,33.3333
1737262800,2025-01-19 05:00:00,2025-01-19 06:00:00,ringsted,-0.1,0.0,1.2,0.0,1023.62,99.75,33.3333
1737266400,2025-01-19 06:00:00,2025-01-19 07:00:00,ringsted,-0.225,0.0,1.05,0.0,1023.3,99.75,33.3333
1737270000,2025-01-19 07:00:00,2025-01-19 08:00:00,ringsted,-0.6,0.0,1.225,0.0,1023.04,99.75,33.3333
1737273600,2025-01-19 08:00:00,2025-01-19 09:00:00,ringsted,-1.025,3.0,1.225,0.0,1022.93,99.75,33.3333
1737277200,2025-01-19 09:00:00,2025-01-19 10:00:00,ringsted,-1.3,29.5,1.225,0.0,1022.79,99.5,33.3333
1737280800,2025-01-19 10:00:00,2025-01-19 11:00:00,ringsted,-1.375,65.5,0.8,0.0,1022.55,99.5,33.3333
1737284400,2025-01-19 11:00:00,2025-01-19 12:00:00,ringsted,-1.175,91.5,0.95,0.0,1022.03,99.5,33.3333
1737288000,2025-01-19 12:00:00,2025-01-19 13:00:00,ringsted,-0.775,122.5,0.95,0.0,1021.6,99.5,31.3889
1737291600,2025-01-19 13:00:00,2025-01-19 14:00:00,ringsted,-0.55,103.5,1.325,0.0,1021.13,99.5,33.3333
1737295200,2025-01-19 14:00:00,2025-01-19 15:00:00,ringsted,-0.6,71.5,1.375,0.0,1020.6,99.25,33.3333
1737298800,2025-01-19 15:00:00,2025-01-19 16:00:00,ringsted,-0.925,33.5,1.35,0.0,1020.27,99.25,23.6111
1737302400,2025-01-19 16:00:00,2025-01-19 17:00:00,ringsted,-1.175,2.5,1.875,0.0,1020.18,99.25,0.0
1737306000,2025-01-19 17:00:00,2025-01-19 18:00:00,ringsted,-1.5,0.0,2.4,0.0,1019.99,99.25,0.769231
1737309600,2025-01-19 18:00:00,2025-01-19 19:00:00,ringsted,-1.5,0.0,2.325,0.0,1019.71,99.25,0.769231
1737313200,2025-01-19 19:00:00,2025-01-19 20:00:00,ringsted,-1.35,0.0,2.575,0.0,1019.47,99.25,0.769231
1737316800,2025-01-19 20:00:00,2025-01-19 21:00:00,ringsted,-1.2,0.0,2.9,0.0,1019.29,99.25,0.0
1737320400,2025-01-19 21:00:00,2025-01-19 22:00:00,ringsted,-1.025,0.0,2.8,0.0,1019.09,99.25,0.0
1737324000,2025-01-19 22:00:00,2025-01-19 23:00:00,ringsted,-0.725,0.0,2.675,0.0,1018.8,99.0,0.0
1737327600,2025-01-19 23:00:00,2025-01-20 00:00:00,ringsted,-0.3,0.0,2.725,0.0,1018.37,98.5,0.0
1737331200,2025-01-20 00:00:00,2025-01-20 01:00:00,ringsted,0.175,0.0,2.95,0.0,1017.62,97.25,0.0
1737334800,2025-01-20 01:00:00,2025-01-20 02:00:00,ringsted,0.45,0.0,2.85,0.025,1017.15,96.0,0.0
1737338400,2025-01-20 02:00:00,2025-01-20 03:00:00,ringsted,0.55,0.0,2.875,0.0,1016.57,95.25,0.0
1737342000,2025-01-20 03:00:00,2025-01-20 04:00:00,ringsted,0.55,0.0,2.775,0.0,1016.09,94.75,17.9167
1737345600,2025-01-20 04:00:00,2025-01-20 05:00:00,ringsted,0.725,0.0,2.95,0.0,1015.41,93.5,0.0
1737349200,2025-01-20 05:00:00,2025-01-20 06:00:00,ringsted,1.175,0.0,2.8,0.0,1015.1,94.0,0.0
1737352800,2025-01-20 06:00:00,2025-01-20 07:00:00,ringsted,1.175,0.0,3.05,0.0,1014.74,95.25,7.5
1737356400,2025-01-20 07:00:00,2025-01-20 08:00:00,ringsted,1.975,0.0,3.95,0.05,1014.6,95.25,2.91667
1737360000,2025-01-20 08:00:00,2025-01-20 09:00:00,ringsted,2.525,6.0,4.175,0.05,1014.65,95.5,7.5
1737363600,2025-01-20 09:00:00,2025-01-20 10:00:00,ringsted,3.0,64.5,4.1,0.1,1014.6,93.25,30.8333
1737367200,2025-01-20 10:00:00,2025-01-20 11:00:00,ringsted,3.7,146.0,4.925,0.025,1014.35,90.5,45.8333
1737370800,2025-01-20 11:00:00,2025-01-20 12:00:00,ringsted,3.875,152.0,5.125,0.05,1013.85,90.75,50.0
1737374400,2025-01-20 12:00:00,2025-01-20 13:00:00,ringsted,4.2,171.0,4.95,0.025,1013.22,89.75,50.0
1737378000,2025-01-20 13:00:00,2025-01-20 14:00:00,ringsted,4.4,159.5,4.125,0.025,1012.7,89.0,50.0
1737381600,2025-01-20 14:00:00,2025-01-20 15:00:00,ringsted,4.075,103.0,3.85,0.025,1012.38,89.75,50.0
1737385200,2025-01-20 15:00:00,2025-01-20 16:00:00,ringsted,3.325,25.0,3.375,0.025,1012.09,92.5,50.0
1737388800,2025-01-20 16:00:00,2025-01-20 17:00:00,ringsted,2.825,2.0,3.2,0.0,1011.82,93.5,50.0
1737392400,2025-01-20 17:00:00,2025-01-20 18:00:00,ringsted,2.475,0.0,3.2,0.0,1011.53,95.5,50.0
1737396000,2025-01-20 18:00:00,2025-01-20 19:00:00,ringsted,2.2,0.0,3.3,0.0,1011.39,95.5,60.0
1737399600,2025-01-20 19:00:00,2025-01-20 20:00:00,ringsted,1.825,0.0,3.75,0.0,1011.66,95.75,66.1111
1737403200,2025-01-20 20:00:00,2025-01-20 21:00:00,ringsted,1.05,0.0,3.425,0.0,1011.65,96.25,66.6667
1737406800,2025-01-20 21:00:00,2025-01-20 22:00:00,ringsted,0.575,0.0,2.25,0.0,1011.62,97.25,61.1111
1737410400,2025-01-20 22:00:00,2025-01-20 23:00:00,ringsted,0.4,0.0,2.05,0.0,1011.46,98.0,64.4444
1737414000,2025-01-20 23:00:00,2025-01-21 00:00:00,ringsted,0.625,0.0,2.6,0.0,1011.26,98.0,44.6667
1737417600,2025-01-21 00:00:00,2025-01-21 01:00:00,ringsted,0.975,0.0,2.9,0.0,1010.95,98.0,48.0769
1737421200,2025-01-21 01:00:00,2025-01-21 02:00:00,ringsted,1.25,0.0,3.175,0.0,1010.98,97.75,61.1111
1737424800,2025-01-21 02:00:00,2025-01-21 03:00:00,ringsted,1.5,0.0,3.725,0.0,1010.72,98.0,66.6667
1737428400,2025-01-21 03:00:00,2025-01-21 04:00:00,ringsted,1.625,0.0,3.9,0.0,1010.69,97.25,66.6667
1737432000,2025-01-21 04:00:00,2025-01-21 05:00:00,ringsted,1.675,0.0,3.875,0.0,1010.73,97.25,66.6667
1737435600,2025-01-21 05:00:00,2025-01-21 06:00:00,ringsted,1.675,0.0,4.1,0.025,1010.45,96.5,66.6667
1737439200,2025-01-21 06:00:00,2025-01-21 07:00:00,ringsted,1.675,0.0,4.0,0.0,1010.47,96.25,66.6667
1737442800,2025-01-21 07:00:00,2025-01-21 08:00:00,ringsted,1.675,0.0,3.925,0.0,1010.78,96.0,66.6667
1737446400,2025-01-21 08:00:00,2025-01-21 09:00:00,ringsted,1.7,0.0,3.975,0.0,1011.05,95.5,66.6667
1737450000,2025-01-21 09:00:00,2025-01-21 10:00:00,ringsted,1.775,7.0,3.925,0.0,1011.21,95.25,66.6667
1737453600,2025-01-21 10:00:00,2025-01-21 11:00:00,ringsted,1.875,17.0,3.875,0.0,1011.34,94.75,66.6667
1737457200,2025-01-21 11:00:00,2025-01-21 12:00:00,ringsted,1.975,22.5,4.275,0.0,1011.15,94.5,64.7222
1737460800,2025-01-21 12:00:00,2025-01-21 13:00:00,ringsted,2.025,35.0,4.65,0.0,1010.83,94.75,66.6667
1737464400,2025-01-21 13:00:00,2025-01-21 14:00:00,ringsted,2.025,21.5,4.625,0.0,1010.38,94.75,66.6667
1737468000,2025-01-21 14:00:00,2025-01-21 15:00:00,ringsted,1.975,16.0,4.1,0.025,1010.31,95.0,66.6667
1737471600,2025-01-21 15:00:00,2025-01-21 16:00:00,ringsted,1.925,7.5,4.525,0.0,1010.2,94.5,66.6667
1737475200,2025-01-21 16:00:00,2025-01-21 17:00:00,ringsted,1.9,1.0,4.325,0.0,1010.22,94.25,66.6667
1737478800,2025-01-21 17:00:00,2025-01-21 18:00:00,ringsted,1.775,0.0,4.525,0.0,1010.19,93.75,63.3333
1737482400,2025-01-21 18:00:00,2025-01-21 19:00:00,ringsted,1.7,0.0,4.55,0.0,1010.16,92.75,66.6667
1737486000,2025-01-21 19:00:00,2025-01-21 20:00:00,ringsted,1.65,0.0,5.125,0.0,1009.95,92.75,66.6667
1737489600,2025-01-21 20:00:00,2025-01-21 21:00:00,ringsted,1.45,0.0,5.15,0.0,1009.83,93.25,66.6667
1737493200,2025-01-21 21:00:00,2025-01-21 22:00:00,ringsted,1.225,0.0,4.725,0.0,1009.8,94.25,66.6667
1737496800,2025-01-21 22:00:00,2025-01-21 23:00:00,ringsted,1.075,0.0,4.5,0.0,1009.86,94.75,66.6667
1737500400,2025-01-21 23:00:00,2025-01-22 00:00:00,ringsted,1.05,0.0,4.575,0.0,1009.6,95.25,65.2778
1737504000,2025-01-22 00:00:00,2025-01-22 01:00:00,ringsted,1.125,0.0,4.375,0.0,1009.27,96.25,46.3333
1737507600,2025-01-22 01:00:00,2025-01-22 02:00:00,ringsted,1.125,0.0,4.1,0.0,1008.95,96.5,50.0
1737511200,2025-01-22 02:00:00,2025-01-22 03:00:00,ringsted,1.15,0.0,3.55,0.0,1008.6,96.75,50.0
1737514800,2025-01-22 03:00:00,2025-01-22 04:00:00,ringsted,1.175,0.0,3.85,0.025,1008.35,97.5,60.2941
1737518400,2025-01-22 04:00:00,2025-01-22 05:00:00,ringsted,1.2,0.0,4.0,0.0,1008.1,98.0,66.1111
1737522000,2025-01-22 05:00:00,2025-01-22 06:00:00,ringsted,1.225,0.0,3.8,0.0,1007.95,98.25,3.57143
1737525600,2025-01-22 06:00:00,2025-01-22 07:00:00,ringsted,1.25,0.0,3.475,0.0,1007.89,99.25,33.3333
1737529200,2025-01-22 07:00:00,2025-01-22 08:00:00,ringsted,1.175,0.0,3.925,0.0,1007.87,99.0,57.8125
1737532800,2025-01-22 08:00:00,2025-01-22 09:00:00,ringsted,1.05,1.5,3.45,0.0,1007.82,98.75,66.6667
1737536400,2025-01-22 09:00:00,2025-01-22 10:00:00,ringsted,0.975,23.0,3.45,0.0,1007.71,99.0,66.6667
1737540000,2025-01-22 10:00:00,2025-01-22 11:00:00,ringsted,0.975,51.5,3.05,0.0,1007.23,99.0,63.8889
1737543600,2025-01-22 11:00:00,2025-01-22 12:00:00,ringsted,1.55,93.0,3.075,0.0,1006.33,98.75,45.625
1737547200,2025-01-22 12:00:00,2025-01-22 13:00:00,ringsted,2.0,92.5,3.475,0.0,1005.4,98.0,63.3333
1737550800,2025-01-22 13:00:00,2025-01-22 14:00:00,ringsted,2.025,104.0,4.35,0.0,1004.66,98.25,46.6667
1737554400,2025-01-22 14:00:00,2025-01-22 15:00:00,ringsted,1.9,66.0,5.15,0.0,1004.1,98.25,33.75
1737558000,2025-01-22 15:00:00,2025-01-22 16:00:00,ringsted,1.475,24.0,5.4,0.0,1003.48,97.75,44.375
1737561600,2025-01-22 16:00:00,2025-01-22 17:00:00,ringsted,1.275,2.5,5.15,0.0,1002.75,97.25,48.3333
1737565200,2025-01-22 17:00:00,2025-01-22 18:00:00,ringsted,1.15,0.0,4.875,0.0,1002.03,95.25,45.0
1737568800,2025-01-22 18:00:00,2025-01-22 19:00:00,ringsted,1.43333,0.0,4.86667,0.0,1001.1,93.0,48.3333
1737572400,2025-01-22 19:00:00,2025-01-22 20:00:00,ringsted,1.675,0.0,6.025,0.025,1000.14,92.75,71.6667
1737576000,2025-01-22 20:00:00,2025-01-22 21:00:00,ringsted,1.9,0.0,5.375,0.0,999.479,91.75,78.4375
1737579600,2025-01-22 21:00:00,2025-01-22 22:00:00,ringsted,2.2,0.0,5.0,0.0,998.858,89.0,46.9444
1737583200,2025-01-22 22:00:00,2025-01-22 23:00:00,ringsted,2.4,0.0,4.675,0.0,997.965,86.25,49.1667
1737586800,2025-01-22 23:00:00,2025-01-23 00:00:00,ringsted,2.375,0.0,4.6,0.0,997.225,84.5,54.7222
1737590400,2025-01-23 00:00:00,2025-01-23 01:00:00,ringsted,2.375,0.0,4.25,0.1,996.221,86.0,66.1111
1737594000,2025-01-23 01:00:00,2025-01-23 02:00:00,ringsted,2.275,0.0,4.325,0.25,995.0,90.0,60.625
1737597600,2025-01-23 02:00:00,2025-01-23 03:00:00,ringsted,2.175,0.0,4.325,0.325,993.912,93.5,66.1111
1737601200,2025-01-23 03:00:00,2025-01-23 04:00:00,ringsted,2.225,0.0,4.575,0.7,992.804,95.25,50.0
1737604800,2025-01-23 04:00:00,2025-01-23 05:00:00,ringsted,2.4,0.0,4.5,0.725,991.904,95.25,62.5
1737608400,2025-01-23 05:00:00,2025-01-23 06:00:00,ringsted,2.525,0.0,4.625,0.675,991.104,93.75,73.3333
1737612000,2025-01-23 06:00:00,2025-01-23 07:00:00,ringsted,2.475,0.0,4.7,1.15,990.475,94.25,68.8889
1737615600,2025-01-23 07:00:00,2025-01-23 08:00:00,ringsted,2.375,0.0,4.7,1.525,990.204,95.5,66.6667
1737619200,2025-01-23 08:00:00,2025-01-23 09:00:00,ringsted,2.1,0.5,5.125,1.5,990.15,95.5,66.6667
1737622800,2025-01-23 09:00:00,2025-01-23 10:00:00,ringsted,1.4,8.5,4.475,1.4,990.225,96.25,66.6667
1737626400,2025-01-23 10:00:00,2025-01-23 11:00:00,ringsted,1.075,37.0,3.825,0.425,990.329,97.0,67.2222
1737630000,2025-01-23 11:00:00,2025-01-23 12:00:00,ringsted,1.75,45.0,4.45,0.15,990.475,96.75,67.7778
1737633600,2025-01-23 12:00:00,2025-01-23 13:00:00,ringsted,2.575,35.0,5.025,0.05,990.992,96.75,66.6667
1737637200,2025-01-23 13:00:00,2025-01-23 14:00:00,ringsted,3.45,29.5,5.625,0.0,991.742,96.5,66.6667
1737640800,2025-01-23 14:00:00,2025-01-23 15:00:00,ringsted,4.4,66.5,6.025,0.025,992.475,91.25,64.4444
1737644400,2025-01-23 15:00:00,2025-01-23 16:00:00,ringsted,4.6,29.0,6.3,0.0,993.429,88.25,63.3333
1737648000,2025-01-23 16:00:00,2025-01-23 17:00:00,ringsted,4.575,4.0,6.0,0.0,994.267,88.0,58.6111
1737651600,2025-01-23 17:00:00,2025-01-23 18:00:00,ringsted,4.625,0.0,6.025,0.0,995.204,87.25,71.1111
1737655200,2025-01-23 18:00:00,2025-01-23 19:00:00,ringsted,4.8,0.0,6.725,0.025,996.308,87.25,63.8889
1737658800,2025-01-23 19:00:00,2025-01-23 20:00:00,ringsted,4.675,0.0,6.65,0.05,997.1,87.25,60.0
1737662400,2025-01-23 20:00:00,2025-01-23 21:00:00,ringsted,4.3,0.0,6.1,0.0,997.758,87.0,41.6667
1737666000,2025-01-23 21:00:00,2025-01-23 22:00:00,ringsted,3.775,0.0,5.275,0.0,998.191,87.75,58.6111
1737669600,2025-01-23 22:00:00,2025-01-23 23:00:00,ringsted,3.5,0.0,5.175,0.0,998.633,88.75,54.4444
1737673200,2025-01-23 23:00:00,2025-01-24 00:00:00,ringsted,3.5,0.0,5.025,0.0,998.992,89.5,42.5
1737676800,2025-01-24 00:00:00,2025-01-24 01:00:00,ringsted,3.375,0.0,4.65,0.0,999.108,90.25,61.9444
1737680400,2025-01-24 01:00:00,2025-01-24 02:00:00,ringsted,3.4,0.0,4.95,0.075,999.225,90.25,54.1667
1737684000,2025-01-24 02:00:00,2025-01-24 03:00:00,ringsted,3.15,0.0,5.025,0.1,998.879,93.0,64.1667
1737687600,2025-01-24 03:00:00,2025-01-24 04:00:00,ringsted,3.15,0.0,5.3,0.0,998.921,91.75,63.3333
1737691200,2025-01-24 04:00:00,2025-01-24 05:00:00,ringsted,3.15,0.0,5.525,0.0,998.704,88.5,65.5556
1737694800,2025-01-24 05:00:00,2025-01-24 06:00:00,ringsted,3.275,0.0,5.775,0.0,998.575,86.25,63.6111
1737698400,2025-01-24 06:00:00,2025-01-24 07:00:00,ringsted,3.225,0.0,5.6,0.0,998.479,87.75,66.6667
1737702000,2025-01-24 07:00:00,2025-01-24 08:00:00,ringsted,3.425,0.0,5.65,0.0,998.442,89.25,66.6667
1737705600,2025-01-24 08:00:00,2025-01-24 09:00:00,ringsted,3.7,3.5,5.7,0.0,998.222,90.25,66.6667
1737709200,2025-01-24 09:00:00,2025-01-24 10:00:00,ringsted,3.975,20.5,5.725,0.0,998.057,90.5,66.6667
1737712800,2025-01-24 10:00:00,2025-01-24 11:00:00,ringsted,4.325,64.5,5.85,0.0,997.779,90.25,64.4444
1737716400,2025-01-24 11:00:00,2025-01-24 12:00:00,ringsted,4.625,97.0,6.5,0.0,997.062,89.25,59.7222
1737720000,2025-01-24 12:00:00,2025-01-24 13:00:00,ringsted,4.825,93.5,6.85,0.0,995.933,87.75,56.1111
1737723600,2025-01-24 13:00:00,2025-01-24 14:00:00,ringsted,4.675,40.0,6.4,0.05,995.03,88.25,82.0588
1737727200,2025-01-24 14:00:00,2025-01-24 15:00:00,ringsted,4.525,18.0,6.925,0.4,994.117,90.0,77.7778
1737730800,2025-01-24 15:00:00,2025-01-24 16:00:00,ringsted,4.43333,14.0,7.73333,0.6,993.687,92.6667,78.5294
1737734400,2025-01-24 16:00:00,2025-01-24 17:00:00,ringsted,4.75,0.5,7.75,0.1,993.263,92.25,92.2222
1737738000,2025-01-24 17:00:00,2025-01-24 18:00:00,ringsted,4.925,0.0,8.15,0.15,992.942,94.75,67.2222
1737741600,2025-01-24 18:00:00,2025-01-24 19:00:00,ringsted,5.43333,0.0,8.63333,0.333333,993.217,93.6667,64.7059
1737745200,2025-01-24 19:00:00,2025-01-24 20:00:00,ringsted,5.975,0.0,8.45,0.025,993.458,92.0,66.6667
1737748800,2025-01-24 20:00:00,2025-01-24 21:00:00,ringsted,6.2,0.0,8.025,0.0,993.821,91.25,73.8889
1737752400,2025-01-24 21:00:00,2025-01-24 22:00:00,ringsted,6.46667,0.0,7.26667,0.0,994.452,90.6667,67.3529
1737756000,2025-01-24 22:00:00,2025-01-24 23:00:00,ringsted,6.275,0.0,6.725,0.0,994.967,91.0,42.1429
1737759600,2025-01-24 23:00:00,2025-01-25 00:00:00,ringsted,5.93333,0.0,6.36667,0.0,995.687,91.3333,39.5833
1737763200,2025-01-25 00:00:00,2025-01-25 01:00:00,ringsted,6.2,0.0,6.125,0.0,996.558,88.75,4.16667
1737766800,2025-01-25 01:00:00,2025-01-25 02:00:00,ringsted,5.95,0.0,5.75,0.0,997.146,88.0,3.33333
1737770400,2025-01-25 02:00:00,2025-01-25 03:00:00,ringsted,5.825,0.0,5.325,0.0,997.025,87.5,0.833333
1737774000,2025-01-25 03:00:00,2025-01-25 04:00:00,ringsted,5.175,0.0,4.6,0.0,996.908,89.75,63.0556
1737777600,2025-01-25 04:00:00,2025-01-25 05:00:00,ringsted,5.1,0.0,4.75,0.0,996.971,91.25,23.0769
1737781200,2025-01-25 05:00:00,2025-01-25 06:00:00,ringsted,4.975,0.0,4.7,0.0,997.167,92.75,55.8333
1737784800,2025-01-25 06:00:00,2025-01-25 07:00:00,ringsted,5.1,0.0,4.475,0.0,996.871,93.0,53.0556
1737788400,2025-01-25 07:00:00,2025-01-25 08:00:00,ringsted,5.05,0.0,3.825,0.0,996.317,94.0,66.6667
1737792000,2025-01-25 08:00:00,2025-01-25 09:00:00,ringsted,5.025,2.0,3.575,0.0,996.188,95.0,63.8889
1737795600,2025-01-25 09:00:00,2025-01-25 10:00:00,ringsted,5.075,11.5,3.475,0.05,996.388,95.75,50.5882
1737799200,2025-01-25 10:00:00,2025-01-25 11:00:00,ringsted,5.225,21.0,3.575,0.55,995.791,95.25,67.2222
1737802800,2025-01-25 11:00:00,2025-01-25 12:00:00,ringsted,5.175,64.0,3.325,0.475,995.792,94.5,68.8889
1737806400,2025-01-25 12:00:00,2025-01-25 13:00:00,ringsted,5.15,66.5,2.9,0.25,995.868,93.75,66.4706
1737810000,2025-01-25 13:00:00,2025-01-25 14:00:00,ringsted,5.225,111.5,2.9,0.025,996.263,92.75,66.6667
1737813600,2025-01-25 14:00:00,2025-01-25 15:00:00,ringsted,5.35,74.0,2.925,0.0,997.158,91.75,66.1111
1737817200,2025-01-25 15:00:00,2025-01-25 16:00:00,ringsted,5.35,35.5,3.575,0.0,997.721,90.25,55.2778
1737820800,2025-01-25 16:00:00,2025-01-25 17:00:00,ringsted,5.225,6.5,4.075,0.0,998.237,87.5,38.8889
1737824400,2025-01-25 17:00:00,2025-01-25 18:00:00,ringsted,5.1,0.0,4.275,0.0,999.037,85.75,71.6667
1737828000,2025-01-25 18:00:00,2025-01-25 19:00:00,ringsted,5.375,0.0,5.125,0.025,1000.38,86.0,49.7059
1737831600,2025-01-25 19:00:00,2025-01-25 20:00:00,ringsted,4.825,0.0,5.175,0.0,1001.24,88.25,30.4167
1737835200,2025-01-25 20:00:00,2025-01-25 21:00:00,ringsted,3.8,0.0,3.65,0.0,1001.97,88.5,0.0
1737838800,2025-01-25 21:00:00,2025-01-25 22:00:00,ringsted,2.95,0.0,3.425,0.0,1002.46,90.75,0.0
1737842400,2025-01-25 22:00:00,2025-01-25 23:00:00,ringsted,2.4,0.0,2.975,0.0,1003.07,92.25,0.0
1737846000,2025-01-25 23:00:00,2025-01-26 00:00:00,ringsted,1.975,0.0,3.025,0.0,1003.42,93.75,20.8333
1737849600,2025-01-26 00:00:00,2025-01-26 01:00:00,ringsted,1.7,0.0,2.5,0.0,1003.72,95.25,45.0
1737853200,2025-01-26 01:00:00,2025-01-26 02:00:00,ringsted,1.9,0.0,2.575,0.0,1003.7,95.25,22.5
1737856800,2025-01-26 02:00:00,2025-01-26 03:00:00,ringsted,2.15,0.0,1.825,0.0,1003.24,94.75,33.75
1737860400,2025-01-26 03:00:00,2025-01-26 04:00:00,ringsted,1.725,0.0,0.875,0.0,1002.88,95.5,48.3333
1737864000,2025-01-26 04:00:00,2025-01-26 05:00:00,ringsted,1.55,0.0,1.25,0.0,1002.96,96.75,48.0769
1737867600,2025-01-26 05:00:00,2025-01-26 06:00:00,ringsted,1.475,0.0,1.25,0.0,1002.78,97.25,65.5556
1737871200,2025-01-26 06:00:00,2025-01-26 07:00:00,ringsted,1.425,0.0,1.325,0.0,1002.72,97.75,60.8333
1737874800,2025-01-26 07:00:00,2025-01-26 08:00:00,ringsted,1.425,0.0,0.975,0.0,1002.84,98.0,65.0
1737878400,2025-01-26 08:00:00,2025-01-26 09:00:00,ringsted,1.225,4.0,0.775,0.0,1002.82,98.25,50.2778
1737882000,2025-01-26 09:00:00,2025-01-26 10:00:00,ringsted,1.2,25.5,0.6,0.0,1002.82,98.25,63.3333
1737885600,2025-01-26 10:00:00,2025-01-26 11:00:00,ringsted,1.55,41.0,0.425,0.0,1002.23,98.0,67.7778
1737889200,2025-01-26 11:00:00,2025-01-26 12:00:00,ringsted,2.25,71.0,0.625,0.0,1001.32,97.75,63.2353
1737892800,2025-01-26 12:00:00,2025-01-26 13:00:00,ringsted,2.95,79.0,1.525,0.0,1000.98,95.75,68.3333
1737896400,2025-01-26 13:00:00,2025-01-26 14:00:00,ringsted,3.075,46.0,2.475,0.025,1000.96,93.25,53.6111
1737900000,2025-01-26 14:00:00,2025-01-26 15:00:00,ringsted,2.975,50.0,2.075,0.075,1001.1,93.25,50.7692
1737903600,2025-01-26 15:00:00,2025-01-26 16:00:00,ringsted,2.825,20.5,1.6,0.075,1001.18,94.25,57.3529
1737907200,2025-01-26 16:00:00,2025-01-26 17:00:00,ringsted,2.76667,2.5,1.8,0.0666667,1001.33,95.3333,58.75
1737910800,2025-01-26 17:00:00,2025-01-26 18:00:00,ringsted,2.35,0.0,1.3,0.025,1000.82,97.0,66.6667
1737914400,2025-01-26 18:00:00,2025-01-26 19:00:00,ringsted,1.925,0.0,0.975,0.0,1000.63,97.5,64.4444
1737918000,2025-01-26 19:00:00,2025-01-26 20:00:00,ringsted,1.65,0.0,1.45,0.0,1000.12,98.0,44.4444
1737921600,2025-01-26 20:00:00,2025-01-26 21:00:00,ringsted,1.675,0.0,1.8,0.0,999.621,98.5,45.5556
1737925200,2025-01-26 21:00:00,2025-01-26 22:00:00,ringsted,1.6,0.0,2.15,0.0,999.217,98.75,45.0
1737928800,2025-01-26 22:00:00,2025-01-26 23:00:00,ringsted,1.5,0.0,2.35,0.0,998.808,98.75,38.3333
1737932400,2025-01-26 23:00:00,2025-01-27 00:00:00,ringsted,1.25,0.0,3.0,0.0,998.083,98.75,49.7222
1737936000,2025-01-27 00:00:00,2025-01-27 01:00:00,ringsted,1.55,0.0,2.775,0.0,997.442,98.25,65.5556
1737939600,2025-01-27 01:00:00,2025-01-27 02:00:00,ringsted,1.975,0.0,3.375,0.0,996.763,96.5,66.6667
1737943200,2025-01-27 02:00:00,2025-01-27 03:00:00,ringsted,2.275,0.0,4.625,0.0,995.3,93.75,62.3529
1737946800,2025-01-27 03:00:00,2025-01-27 04:00:00,ringsted,2.175,0.0,5.425,0.0,993.929,92.25,55.5556
1737950400,2025-01-27 04:00:00,2025-01-27 05:00:00,ringsted,1.975,0.0,6.325,0.0,992.55,92.75,64.4444
1737954000,2025-01-27 05:00:00,2025-01-27 06:00:00,ringsted,2.125,0.0,6.375,0.0,991.125,92.5,66.6667
1737957600,2025-01-27 06:00:00,2025-01-27 07:00:00,ringsted,2.425,0.0,6.45,0.0,989.746,91.5,66.6667
1737961200,2025-01-27 07:00:00,2025-01-27 08:00:00,ringsted,2.875,0.0,6.575,0.0,988.888,91.75,67.2222
1737964800,2025-01-27 08:00:00,2025-01-27 09:00:00,ringsted,3.225,0.5,6.775,0.05,987.792,91.5,72.0588
1737968400,2025-01-27 09:00:00,2025-01-27 10:00:00,ringsted,3.475,16.5,6.575,0.7,986.654,91.5,95.5556
1737972000,2025-01-27 10:00:00,2025-01-27 11:00:00,ringsted,3.675,20.0,6.375,1.475,986.058,95.0,80.5556
1737975600,2025-01-27 11:00:00,2025-01-27 12:00:00,ringsted,4.35,24.0,6.625,1.275,985.329,96.25,66.1111
1737979200,2025-01-27 12:00:00,2025-01-27 13:00:00,ringsted,5.65,84.0,6.6,0.2,985.846,94.25,61.3889
1737982800,2025-01-27 13:00:00,2025-01-27 14:00:00,ringsted,7.025,108.0,6.425,0.0,986.133,90.5,48.8889
1737986400,2025-01-27 14:00:00,2025-01-27 15:00:00,ringsted,7.825,86.0,6.05,0.0,986.721,87.75,56.3889
1737990000,2025-01-27 15:00:00,2025-01-27 16:00:00,ringsted,7.95,60.0,5.4,0.05,987.104,87.75,25.0
1737993600,2025-01-27 16:00:00,2025-01-27 17:00:00,ringsted,7.375,4.5,4.325,0.175,987.446,89.5,43.0
1737997200,2025-01-27 17:00:00,2025-01-27 18:00:00,ringsted,6.95,0.0,3.825,0.1,987.946,90.75,54.1667
1738000800,2025-01-27 18:00:00,2025-01-27 19:00:00,ringsted,6.5,0.0,2.75,0.05,988.713,91.0,65.2778
1738004400,2025-01-27 19:00:00,2025-01-27 20:00:00,ringsted,6.025,0.0,3.125,0.325,989.438,91.75,74.4444
1738008000,2025-01-27 20:00:00,2025-01-27 21:00:00,ringsted,5.925,0.0,3.525,1.525,989.883,90.25,69.4444
1738011600,2025-01-27 21:00:00,2025-01-27 22:00:00,ringsted,5.625,0.0,3.05,0.45,989.792,91.5,51.3889
1738015200,2025-01-27 22:00:00,2025-01-27 23:00:00,ringsted,5.25,0.0,2.825,0.025,989.713,93.0,10.0
1738018800,2025-01-27 23:00:00,2025-01-28 00:00:00,ringsted,4.25,0.0,3.475,0.0,990.146,94.5,21.6667
1738022400,2025-01-28 00:00:00,2025-01-28 01:00:00,ringsted,4.325,0.0,3.575,0.0,990.046,94.25,33.9286
1738026000,2025-01-28 01:00:00,2025-01-28 02:00:00,ringsted,4.975,0.0,3.4,0.0,989.817,93.5,37.8125
1738029600,2025-01-28 02:00:00,2025-01-28 03:00:00,ringsted,4.6,0.0,2.95,0.0,989.983,94.75,35.0
1738033200,2025-01-28 03:00:00,2025-01-28 04:00:00,ringsted,4.65,0.0,3.175,0.0,990.042,94.75,55.0
1738036800,2025-01-28 04:00:00,2025-01-28 05:00:00,ringsted,4.725,0.0,2.8,0.0,989.737,94.25,39.4118
1738040400,2025-01-28 05:00:00,2025-01-28 06:00:00,ringsted,4.4,0.0,2.5,0.0,989.808,94.5,36.6667
1738044000,2025-01-28 06:00:00,2025-01-28 07:00:00,ringsted,4.125,0.0,2.9,0.0,990.329,95.0,31.1765
1738047600,2025-01-28 07:00:00,2025-01-28 08:00:00,ringsted,4.075,0.0,3.125,0.0,991.283,95.0,29.2308
1738051200,2025-01-28 08:00:00,2025-01-28 09:00:00,ringsted,4.025,10.5,2.825,0.0,991.596,94.25,2.91667
1738054800,2025-01-28 09:00:00,2025-01-28 10:00:00,ringsted,4.15,68.5,2.875,0.0,991.921,94.25,0.0
1738058400,2025-01-28 10:00:00,2025-01-28 11:00:00,ringsted,5.725,167.0,3.375,0.0,992.004,90.25,0.0
1738062000,2025-01-28 11:00:00,2025-01-28 12:00:00,ringsted,6.65,234.5,3.15,0.0,992.158,86.75,5.83333
1738065600,2025-01-28 12:00:00,2025-01-28 13:00:00,ringsted,7.425,215.5,2.875,0.0,991.729,82.75,9.61539
1738069200,2025-01-28 13:00:00,2025-01-28 14:00:00,ringsted,7.5,193.0,2.7,0.0,991.688,83.0,32.2222
1738072800,2025-01-28 14:00:00,2025-01-28 15:00:00,ringsted,7.0,108.0,2.825,0.0,991.658,85.0,19.5833
1738076400,2025-01-28 15:00:00,2025-01-28 16:00:00,ringsted,5.975,49.5,2.525,0.0,992.142,90.25,23.4375
1738080000,2025-01-28 16:00:00,2025-01-28 17:00:00,ringsted,5.325,12.0,2.575,0.0,992.392,92.25,46.4706
1738083600,2025-01-28 17:00:00,2025-01-28 18:00:00,ringsted,4.55,0.0,2.75,0.0,992.45,94.25,61.3889
1738087200,2025-01-28 18:00:00,2025-01-28 19:00:00,ringsted,4.275,0.0,2.65,0.0,992.392,95.75,63.0556
1738090800,2025-01-28 19:00:00,2025-01-28 20:00:00,ringsted,4.175,0.0,2.85,0.0,992.308,96.5,40.8824
1738094400,2025-01-28 20:00:00,2025-01-28 21:00:00,ringsted,4.225,0.0,2.8,0.0,992.171,96.75,32.3333
1738098000,2025-01-28 21:00:00,2025-01-28 22:00:00,ringsted,3.725,0.0,2.15,0.0,991.987,97.25,8.33333
1738101600,2025-01-28 22:00:00,2025-01-28 23:00:00,ringsted,3.175,0.0,1.575,0.0,991.942,98.25,0.0
1738105200,2025-01-28 23:00:00,2025-01-29 00:00:00,ringsted,2.625,0.0,1.275,0.0,991.971,98.5,0.769231
1738108800,2025-01-29 00:00:00,2025-01-29 01:00:00,ringsted,2.3,0.0,1.6,0.0,991.879,98.75,1.92308
1738112400,2025-01-29 01:00:00,2025-01-29 02:00:00,ringsted,1.65,0.0,1.9,0.0,991.967,99.0,33.3333
1738116000,2025-01-29 02:00:00,2025-01-29 03:00:00,ringsted,1.675,0.0,1.65,0.0,991.942,99.25,33.3333
1738119600,2025-01-29 03:00:00,2025-01-29 04:00:00,ringsted,2.025,0.0,1.95,0.0,991.696,99.5,33.3333
1738123200,2025-01-29 04:00:00,2025-01-29 05:00:00,ringsted,1.8,0.0,2.1,0.0,991.662,99.5,33.3333
1738126800,2025-01-29 05:00:00,2025-01-29 06:00:00,ringsted,1.9,0.0,2.425,0.0,991.583,99.5,33.3333
1738130400,2025-01-29 06:00:00,2025-01-29 07:00:00,ringsted,2.175,0.0,2.025,0.0,991.729,99.5,33.3333
1738134000,2025-01-29 07:00:00,2025-01-29 08:00:00,ringsted,2.35,0.0,1.825,0.0,992.042,99.5,32.7778
1738137600,2025-01-29 08:00:00,2025-01-29 09:00:00,ringsted,2.5,11.5,2.05,0.0,992.2,99.75,11.0
1738141200,2025-01-29 09:00:00,2025-01-29 10:00:00,ringsted,3.025,78.0,2.075,0.0,992.325,99.5,33.3333
1738144800,2025-01-29 10:00:00,2025-01-29 11:00:00,ringsted,3.925,120.0,2.75,0.0,992.388,99.25,61.6667
1738148400,2025-01-29 11:00:00,2025-01-29 12:00:00,ringsted,4.75,193.0,2.6,0.025,992.558,97.25,66.6667
1738152000,2025-01-29 12:00:00,2025-01-29 13:00:00,ringsted,5.55,220.0,2.7,0.0,992.6,93.5,64.4444
1738155600,2025-01-29 13:00:00,2025-01-29 14:00:00,ringsted,5.8,160.0,2.375,0.0,992.925,91.75,66.6667
1738159200,2025-01-29 14:00:00,2025-01-29 15:00:00,ringsted,5.8,66.0,2.55,0.0,993.433,91.5,65.2778
1738162800,2025-01-29 15:00:00,2025-01-29 16:00:00,ringsted,5.525,20.5,2.225,0.025,993.767,93.0,60.2778
1738166400,2025-01-29 16:00:00,2025-01-29 17:00:00,ringsted,5.275,2.5,1.625,0.225,994.304,95.75,67.2222
1738170000,2025-01-29 17:00:00,2025-01-29 18:00:00,ringsted,5.125,0.0,1.4,0.125,995.058,96.5,66.9444
1738173600,2025-01-29 18:00:00,2025-01-29 19:00:00,ringsted,4.975,0.0,2.125,0.0,995.8,96.75,72.2222
1738177200,2025-01-29 19:00:00,2025-01-29 20:00:00,ringsted,5.0,0.0,2.9,0.2,996.642,97.25,74.7059
1738180800,2025-01-29 20:00:00,2025-01-29 21:00:00,ringsted,5.175,0.0,4.4,0.1,997.6,96.75,69.4444
1738184400,2025-01-29 21:00:00,2025-01-29 22:00:00,ringsted,5.25,0.0,5.0,0.075,998.321,95.0,67.7778
1738188000,2025-01-29 22:00:00,2025-01-29 23:00:00,ringsted,5.25,0.0,5.4,0.175,999.167,93.5,66.6667
1738191600,2025-01-29 23:00:00,2025-01-30 00:00:00,ringsted,5.125,0.0,5.5,0.0,999.958,92.75,69.4444
1738195200,2025-01-30 00:00:00,2025-01-30 01:00:00,ringsted,5.025,0.0,5.525,0.0,1000.43,92.5,62.7778
1738198800,2025-01-30 01:00:00,2025-01-30 02:00:00,ringsted,4.875,0.0,5.425,0.025,1000.9,92.75,55.8824
1738202400,2025-01-30 02:00:00,2025-01-30 03:00:00,ringsted,4.85,0.0,5.075,0.0,1001.28,92.5,66.6667
1738206000,2025-01-30 03:00:00,2025-01-30 04:00:00,ringsted,4.9,0.0,5.15,0.0,1001.58,91.75,66.6667
1738209600,2025-01-30 04:00:00,2025-01-30 05:00:00,ringsted,4.975,0.0,5.275,0.0,1002.0,90.25,65.5556
1738213200,2025-01-30 05:00:00,2025-01-30 06:00:00,ringsted,4.95,0.0,5.575,0.0,1002.41,89.5,66.1111
1738216800,2025-01-30 06:00:00,2025-01-30 07:00:00,ringsted,4.95,0.0,5.6,0.0,1003.11,89.75,66.6667
1738220400,2025-01-30 07:00:00,2025-01-30 08:00:00,ringsted,4.875,0.0,5.45,0.0,1003.5,90.75,66.6667
1738224000,2025-01-30 08:00:00,2025-01-30 09:00:00,ringsted,4.85,5.5,5.65,0.0,1003.93,92.25,66.6667
1738227600,2025-01-30 09:00:00,2025-01-30 10:00:00,ringsted,4.95,36.0,5.9,0.0,1004.54,94.25,68.8889
1738231200,2025-01-30 10:00:00,2025-01-30 11:00:00,ringsted,5.325,67.5,6.075,0.0,1004.9,93.0,68.3333
1738234800,2025-01-30 11:00:00,2025-01-30 12:00:00,ringsted,5.55,77.0,5.775,0.0,1005.3,93.25,67.2222
1738238400,2025-01-30 12:00:00,2025-01-30 13:00:00,ringsted,5.925,85.0,6.15,0.0,1005.7,89.5,66.6667
1738242000,2025-01-30 13:00:00,2025-01-30 14:00:00,ringsted,6.025,88.5,5.6,0.0,1005.99,87.25,61.6667
1738245600,2025-01-30 14:00:00,2025-01-30 15:00:00,ringsted,6.25,87.0,5.3,0.0,1006.25,84.25,39.7222
1738249200,2025-01-30 15:00:00,2025-01-30 16:00:00,ringsted,6.05,37.0,4.775,0.0,1006.95,84.0,68.8889
1738252800,2025-01-30 16:00:00,2025-01-30 17:00:00,ringsted,5.725,4.0,4.3,0.0,1007.85,85.5,60.8333
1738256400,2025-01-30 17:00:00,2025-01-30 18:00:00,ringsted,5.35,0.0,4.375,0.0,1008.41,86.0,52.2222
1738260000,2025-01-30 18:00:00,2025-01-30 19:00:00,ringsted,5.025,0.0,3.675,0.0,1008.7,86.5,46.6667
1738263600,2025-01-30 19:00:00,2025-01-30 20:00:00,ringsted,4.875,0.0,3.95,0.0,1009.18,86.25,57.7778
1738267200,2025-01-30 20:00:00,2025-01-30 21:00:00,ringsted,4.575,0.0,3.825,0.0,1009.76,86.75,39.0
1738270800,2025-01-30 21:00:00,2025-01-30 22:00:00,ringsted,4.2,0.0,3.925,0.0,1010.28,87.75,61.1111
1738274400,2025-01-30 22:00:00,2025-01-30 23:00:00,ringsted,3.75,0.0,3.25,0.0,1010.67,89.25,27.6667
1738278000,2025-01-30 23:00:00,2025-01-31 00:00:00,ringsted,3.425,0.0,2.875,0.0,1011.02,89.5,27.8571
1738281600,2025-01-31 00:00:00,2025-01-31 01:00:00,ringsted,3.075,0.0,2.8,0.0,1011.35,90.5,40.8333
1738285200,2025-01-31 01:00:00,2025-01-31 02:00:00,ringsted,2.725,0.0,2.675,0.0,1011.67,90.5,22.0833
1738288800,2025-01-31 02:00:00,2025-01-31 03:00:00,ringsted,2.05,0.0,2.475,0.0,1011.85,92.25,0.0
1738292400,2025-01-31 03:00:00,2025-01-31 04:00:00,ringsted,1.5,0.0,2.3,0.0,1012.14,93.75,0.0
1738296000,2025-01-31 04:00:00,2025-01-31 05:00:00,ringsted,1.025,0.0,2.05,0.0,1012.5,95.25,0.0
1738299600,2025-01-31 05:00:00,2025-01-31 06:00:00,ringsted,0.9,0.0,2.325,0.0,1012.82,95.75,0.0
1738303200,2025-01-31 06:00:00,2025-01-31 07:00:00,ringsted,0.9,0.0,2.325,0.0,1013.33,95.5,8.75
1738306800,2025-01-31 07:00:00,2025-01-31 08:00:00,ringsted,0.7,0.0,2.625,0.0,1014.03,96.0,45.8333
1738310400,2025-01-31 08:00:00,2025-01-31 09:00:00,ringsted,1.475,7.5,2.55,0.0,1014.75,95.0,55.8824
1738314000,2025-01-31 09:00:00,2025-01-31 10:00:00,ringsted,1.7,36.0,2.325,0.0,1015.38,95.5,66.1111
1738317600,2025-01-31 10:00:00,2025-01-31 11:00:00,ringsted,2.0,50.0,2.85,0.0,1016.07,95.0,66.6667
1738321200,2025-01-31 11:00:00,2025-01-31 12:00:00,ringsted,2.175,72.5,2.8,0.0,1016.32,95.0,66.6667
1738324800,2025-01-31 12:00:00,2025-01-31 13:00:00,ringsted,2.7,89.0,3.6,0.0,1016.97,92.5,68.8889
1738328400,2025-01-31 13:00:00,2025-01-31 14:00:00,ringsted,3.025,74.0,4.05,0.0,1017.96,89.0,66.6667
1738332000,2025-01-31 14:00:00,2025-01-31 15:00:00,ringsted,3.025,51.0,3.9,0.0,1018.57,88.25,65.0
1738335600,2025-01-31 15:00:00,2025-01-31 16:00:00,ringsted,3.25,37.5,3.05,0.0,1019.14,87.25,66.6667
1738339200,2025-01-31 16:00:00,2025-01-31 17:00:00,ringsted,3.3,9.5,2.6,0.0,1019.99,87.25,66.1111
1738342800,2025-01-31 17:00:00,2025-01-31 18:00:00,ringsted,3.375,0.0,2.8,0.0,1020.9,88.5,60.0
1738346400,2025-01-31 18:00:00,2025-01-31 19:00:00,ringsted,3.175,0.0,2.825,0.0,1021.69,88.75,40.0
1738350000,2025-01-31 19:00:00,2025-01-31 20:00:00,ringsted,2.55,0.0,2.725,0.0,1022.4,91.25,1.66667
1738353600,2025-01-31 20:00:00,2025-01-31 21:00:00,ringsted,1.9,0.0,2.7,0.0,1023.1,92.25,22.9167
1738357200,2025-01-31 21:00:00,2025-01-31 22:00:00,ringsted,1.575,0.0,2.1,0.0,1023.65,93.0,45.0
1738360800,2025-01-31 22:00:00,2025-01-31 23:00:00,ringsted,1.85,0.0,2.325,0.0,1024.0,93.5,45.0
1738364400,2025-01-31 23:00:00,2025-02-01 00:00:00,ringsted,2.175,0.0,2.275,0.0,1024.46,93.25,40.0
1738368000,2025-02-01 00:00:00,2025-02-01 01:00:00,ringsted,2.0,0.0,2.3,0.0,1024.79,95.0,71.7647
1738371600,2025-02-01 01:00:00,2025-02-01 02:00:00,ringsted,2.475,0.0,2.225,0.05,1025.0,95.0,73.3333
1738375200,2025-02-01 02:00:00,2025-02-01 03:00:00,ringsted,2.7,0.0,2.2,0.025,1025.1,96.0,69.4444
1738378800,2025-02-01 03:00:00,2025-02-01 04:00:00,ringsted,3.0,0.0,2.425,0.075,1024.99,97.25,81.6667
1738382400,2025-02-01 04:00:00,2025-02-01 05:00:00,ringsted,3.05,0.0,2.5,0.025,1025.35,98.0,82.7778
1738386000,2025-02-01 05:00:00,2025-02-01 06:00:00,ringsted,3.15,0.0,2.275,0.075,1025.62,97.75,76.1111
1738389600,2025-02-01 06:00:00,2025-02-01 07:00:00,ringsted,3.3,0.0,2.1,0.05,1025.93,97.0,66.6667
1738393200,2025-02-01 07:00:00,2025-02-01 08:00:00,ringsted,3.325,0.0,2.35,0.025,1026.31,96.25,66.6667
1738396800,2025-02-01 08:00:00,2025-02-01 09:00:00,ringsted,3.425,10.5,2.6,0.025,1026.56,96.25,66.1111
1738400400,2025-02-01 09:00:00,2025-02-01 10:00:00,ringsted,3.525,44.5,2.7,0.025,1026.81,96.0,64.4444
1738404000,2025-02-01 10:00:00,2025-02-01 11:00:00,ringsted,3.9,94.5,2.3,0.0,1026.92,94.25,65.0
1738407600,2025-02-01 11:00:00,2025-02-01 12:00:00,ringsted,4.275,146.5,2.575,0.0,1026.55,91.5,66.6667
1738411200,2025-02-01 12:00:00,2025-02-01 13:00:00,ringsted,4.375,113.0,2.575,0.0,1026.36,87.75,68.8889
1738414800,2025-02-01 13:00:00,2025-02-01 14:00:00,ringsted,4.425,81.5,2.7,0.0,1026.35,85.25,67.2222
1738418400,2025-02-01 14:00:00,2025-02-01 15:00:00,ringsted,4.475,68.5,2.4,0.0,1026.32,85.25,66.6667
1738422000,2025-02-01 15:00:00,2025-02-01 16:00:00,ringsted,4.25,34.5,2.25,0.075,1026.35,87.5,67.7778
1738425600,2025-02-01 16:00:00,2025-02-01 17:00:00,ringsted,3.7,10.5,1.975,0.15,1026.36,91.0,66.6667
1738429200,2025-02-01 17:00:00,2025-02-01 18:00:00,ringsted,3.325,0.0,1.925,0.0,1026.13,91.0,57.7778
1738432800,2025-02-01 18:00:00,2025-02-01 19:00:00,ringsted,2.65,0.0,1.6,0.0,1025.88,93.25,24.4444
1738436400,2025-02-01 19:00:00,2025-02-01 20:00:00,ringsted,1.85,0.0,1.325,0.0,1025.87,95.25,49.4444
1738440000,2025-02-01 20:00:00,2025-02-01 21:00:00,ringsted,1.6,0.0,1.65,0.0,1025.52,97.0,26.3889
1738443600,2025-02-01 21:00:00,2025-02-01 22:00:00,ringsted,0.975,0.0,1.3,0.0,1025.23,97.5,0.0
1738447200,2025-02-01 22:00:00,2025-02-01 23:00:00,ringsted,0.3,0.0,1.5,0.0,1024.96,98.5,61.1111
1738450800,2025-02-01 23:00:00,2025-02-02 00:00:00,ringsted,-0.225,0.0,1.375,0.0,1024.82,99.0,35.2941
1738454400,2025-02-02 00:00:00,2025-02-02 01:00:00,ringsted,-0.55,0.0,1.425,0.0,1024.39,99.0,33.3333
1738458000,2025-02-02 01:00:00,2025-02-02 02:00:00,ringsted,-0.55,0.0,1.525,0.0,1024.12,99.25,33.3333
1738461600,2025-02-02 02:00:00,2025-02-02 03:00:00,ringsted,-0.4,0.0,1.525,0.0,1023.87,99.25,40.5556
1738465200,2025-02-02 03:00:00,2025-02-02 04:00:00,ringsted,-0.275,0.0,1.1,0.0,1023.22,99.5,33.3333
1738468800,2025-02-02 04:00:00,2025-02-02 05:00:00,ringsted,-0.275,0.0,0.775,0.0,1022.78,99.5,33.3333
1738472400,2025-02-02 05:00:00,2025-02-02 06:00:00,ringsted,-0.4,0.0,0.6,0.0,1022.58,99.5,33.3333
1738476000,2025-02-02 06:00:00,2025-02-02 07:00:00,ringsted,-0.475,0.0,0.825,0.0,1022.45,99.5,33.3333
1738479600,2025-02-02 07:00:00,2025-02-02 08:00:00,ringsted,-0.325,0.0,1.1,0.0,1022.34,99.5,38.8889
1738483200,2025-02-02 08:00:00,2025-02-02 09:00:00,ringsted,-0.05,9.0,1.05,0.0,1022.29,99.5,44.4444
1738486800,2025-02-02 09:00:00,2025-02-02 10:00:00,ringsted,0.3,27.0,1.15,0.0,1022.17,99.5,66.6667
1738490400,2025-02-02 10:00:00,2025-02-02 11:00:00,ringsted,0.95,48.5,0.85,0.0,1022.16,99.5,66.6667
1738494000,2025-02-02 11:00:00,2025-02-02 12:00:00,ringsted,1.65,70.0,1.625,0.0,1021.9,99.5,66.6667
1738497600,2025-02-02 12:00:00,2025-02-02 13:00:00,ringsted,2.15,88.5,2.45,0.0,1021.75,99.25,67.7778
1738501200,2025-02-02 13:00:00,2025-02-02 14:00:00,ringsted,2.575,133.0,2.35,0.0,1021.88,98.0,66.6667
1738504800,2025-02-02 14:00:00,2025-02-02 15:00:00,ringsted,3.05,156.5,2.675,0.0,1021.78,95.5,58.8889
1738508400,2025-02-02 15:00:00,2025-02-02 16:00:00,ringsted,3.2,85.5,2.85,0.0,1021.84,92.25,53.3333
1738512000,2025-02-02 16:00:00,2025-02-02 17:00:00,ringsted,2.55,24.5,2.55,0.0,1021.76,92.5,50.0
1738515600,2025-02-02 17:00:00,2025-02-02 18:00:00,ringsted,1.9,0.5,2.225,0.0,1021.84,93.75,48.8462
1738519200,2025-02-02 18:00:00,2025-02-02 19:00:00,ringsted,1.625,0.0,1.85,0.0,1021.92,94.75,62.7778
1738522800,2025-02-02 19:00:00,2025-02-02 20:00:00,ringsted,1.425,0.0,1.475,0.0,1022.01,95.5,62.2222
1738526400,2025-02-02 20:00:00,2025-02-02 21:00:00,ringsted,1.125,0.0,1.15,0.0,1022.12,96.5,47.5
1738530000,2025-02-02 21:00:00,2025-02-02 22:00:00,ringsted,0.35,0.0,1.375,0.0,1022.36,97.0,64.7222
1738533600,2025-02-02 22:00:00,2025-02-02 23:00:00,ringsted,0.025,0.0,1.35,0.0,1022.51,97.25,60.5556
1738537200,2025-02-02 23:00:00,2025-02-03 00:00:00,ringsted,0.2,0.0,1.65,0.0,1022.74,97.75,66.6667
1738540800,2025-02-03 00:00:00,2025-02-03 01:00:00,ringsted,0.425,0.0,1.725,0.0,1022.32,97.75,63.8889
1738544400,2025-02-03 01:00:00,2025-02-03 02:00:00,ringsted,0.125,0.0,2.25,0.0,1022.1,97.5,38.0556
1738548000,2025-02-03 02:00:00,2025-02-03 03:00:00,ringsted,-0.35,0.0,2.225,0.0,1022.44,97.5,38.0556
1738551600,2025-02-03 03:00:00,2025-02-03 04:00:00,ringsted,-0.5,0.0,2.325,0.0,1022.65,96.75,65.2778
1738555200,2025-02-03 04:00:00,2025-02-03 05:00:00,ringsted,-0.675,0.0,2.025,0.0,1022.86,96.5,63.6111
1738558800,2025-02-03 05:00:00,2025-02-03 06:00:00,ringsted,-0.85,0.0,1.325,0.0,1023.29,96.25,66.6667
1738562400,2025-02-03 06:00:00,2025-02-03 07:00:00,ringsted,-0.95,0.0,1.2,0.0,1023.4,96.5,62.5
1738566000,2025-02-03 07:00:00,2025-02-03 08:00:00,ringsted,-1.25,0.0,1.45,0.0,1022.8,97.25,57.2222
1738569600,2025-02-03 08:00:00,2025-02-03 09:00:00,ringsted,-1.3,16.0,2.075,0.0,1022.74,97.75,60.8333
1738573200,2025-02-03 09:00:00,2025-02-03 10:00:00,ringsted,-0.95,81.0,1.425,0.0,1023.16,97.5,58.0556
1738576800,2025-02-03 10:00:00,2025-02-03 11:00:00,ringsted,-0.475,129.5,1.775,0.0,1023.05,96.25,43.3333
1738580400,2025-02-03 11:00:00,2025-02-03 12:00:00,ringsted,0.6,195.5,2.175,0.0,1022.75,92.5,16.6667
1738584000,2025-02-03 12:00:00,2025-02-03 13:00:00,ringsted,1.6,238.0,2.675,0.0,1022.55,87.0,13.0769
1738587600,2025-02-03 13:00:00,2025-02-03 14:00:00,ringsted,2.125,227.0,2.875,0.0,1022.27,83.75,19.1667
1738591200,2025-02-03 14:00:00,2025-02-03 15:00:00,ringsted,2.675,152.0,2.95,0.0,1022.17,80.0,8.92857
1738594800,2025-02-03 15:00:00,2025-02-03 16:00:00,ringsted,2.65,108.0,3.025,0.0,1022.16,79.0,2.30769
1738598400,2025-02-03 16:00:00,2025-02-03 17:00:00,ringsted,1.7,20.0,2.2,0.0,1022.23,82.25,35.9375
1738602000,2025-02-03 17:00:00,2025-02-03 18:00:00,ringsted,0.525,0.0,1.875,0.0,1022.16,88.25,52.2222
1738605600,2025-02-03 18:00:00,2025-02-03 19:00:00,ringsted,0.325,0.0,2.475,0.0,1021.92,89.75,12.1875
1738609200,2025-02-03 19:00:00,2025-02-03 20:00:00,ringsted,0.125,0.0,2.25,0.0,1021.83,90.75,38.3333
1738612800,2025-02-03 20:00:00,2025-02-03 21:00:00,ringsted,-0.05,0.0,1.825,0.0,1021.87,92.5,46.6667
1738616400,2025-02-03 21:00:00,2025-02-03 22:00:00,ringsted,-0.075,0.0,2.025,0.0,1021.85,93.75,50.0
1738620000,2025-02-03 22:00:00,2025-02-03 23:00:00,ringsted,-0.35,0.0,2.2,0.0,1021.78,94.5,50.0
1738623600,2025-02-03 23:00:00,2025-02-04 00:00:00,ringsted,-0.025,0.0,2.55,0.0,1021.55,94.0,53.2353
1738627200,2025-02-04 00:00:00,2025-02-04 01:00:00,ringsted,0.425,0.0,3.425,0.0,1021.47,91.0,66.6667
1738630800,2025-02-04 01:00:00,2025-02-04 02:00:00,ringsted,0.325,0.0,3.075,0.0,1021.56,90.0,66.6667
1738634400,2025-02-04 02:00:00,2025-02-04 03:00:00,ringsted,0.25,0.0,3.05,0.0,1021.53,90.0,66.6667
1738638000,2025-02-04 03:00:00,2025-02-04 04:00:00,ringsted,0.175,0.0,2.775,0.0,1021.45,89.5,66.6667
1738641600,2025-02-04 04:00:00,2025-02-04 05:00:00,ringsted,0.225,0.0,2.05,0.0,1021.52,89.0,66.6667
1738645200,2025-02-04 05:00:00,2025-02-04 06:00:00,ringsted,0.3,0.0,2.525,0.0,1021.45,89.0,66.6667
1738648800,2025-02-04 06:00:00,2025-02-04 07:00:00,ringsted,0.325,0.0,2.275,0.0,1021.25,90.5,66.1111
1738652400,2025-02-04 07:00:00,2025-02-04 08:00:00,ringsted,0.5,0.0,2.45,0.0,1021.22,91.75,62.2222
1738656000,2025-02-04 08:00:00,2025-02-04 09:00:00,ringsted,0.85,17.0,3.325,0.0,1021.27,92.5,66.6667
1738659600,2025-02-04 09:00:00,2025-02-04 10:00:00,ringsted,1.375,61.0,3.45,0.0,1021.3,92.25,60.2778
1738663200,2025-02-04 10:00:00,2025-02-04 11:00:00,ringsted,2.2,85.0,4.15,0.0,1021.3,89.75,66.6667
1738666800,2025-02-04 11:00:00,2025-02-04 12:00:00,ringsted,2.65,69.0,4.4,0.0,1021.04,87.25,66.6667
1738670400,2025-02-04 12:00:00,2025-02-04 13:00:00,ringsted,2.8,67.0,4.125,0.0,1020.73,87.5,67.3333
1738674000,2025-02-04 13:00:00,2025-02-04 14:00:00,ringsted,2.8,70.0,4.375,0.0,1020.62,88.0,69.3333
1738677600,2025-02-04 14:00:00,2025-02-04 15:00:00,ringsted,2.7,39.0,4.3,0.0,1020.67,89.5,70.6667
1738681200,2025-02-04 15:00:00,2025-02-04 16:00:00,ringsted,2.3,18.0,4.05,0.0,1020.85,91.5,70.6667
1738684800,2025-02-04 16:00:00,2025-02-04 17:00:00,ringsted,1.875,5.0,3.625,0.0,1020.85,94.0,70.6667
1738688400,2025-02-04 17:00:00,2025-02-04 18:00:00,ringsted,1.8,0.0,4.05,0.0,1020.97,94.75,70.6667
1738692000,2025-02-04 18:00:00,2025-02-04 19:00:00,ringsted,1.825,0.0,4.475,0.0,1021.08,95.0,70.6667
1738695600,2025-02-04 19:00:00,2025-02-04 20:00:00,ringsted,1.9,0.0,4.15,0.0,1021.03,94.75,70.6667
1738699200,2025-02-04 20:00:00,2025-02-04 21:00:00,ringsted,2.15,0.0,3.75,0.0,1021.16,94.0,70.6667
1738702800,2025-02-04 21:00:00,2025-02-04 22:00:00,ringsted,2.4,0.0,4.05,0.0,1021.11,93.25,66.6667
1738706400,2025-02-04 22:00:00,2025-02-04 23:00:00,ringsted,2.6,0.0,4.275,0.0,1021.28,92.75,66.6667
1738710000,2025-02-04 23:00:00,2025-02-05 00:00:00,ringsted,2.725,0.0,4.05,0.0,1021.37,91.75,66.6667
1738713600,2025-02-05 00:00:00,2025-02-05 01:00:00,ringsted,3.025,0.0,4.65,0.0,1021.45,90.5,66.6667
1738717200,2025-02-05 01:00:00,2025-02-05 02:00:00,ringsted,3.25,0.0,5.525,0.0,1021.33,89.0,66.6667
1738720800,2025-02-05 02:00:00,2025-02-05 03:00:00,ringsted,3.35,0.0,6.4,0.0,1021.2,86.25,66.6667
1738724400,2025-02-05 03:00:00,2025-02-05 04:00:00,ringsted,3.15,0.0,6.05,0.0,1021.3,87.0,67.2222
1738728000,2025-02-05 04:00:00,2025-02-05 05:00:00,ringsted,3.0,0.0,5.575,0.0,1021.66,90.25,69.6111
1738731600,2025-02-05 05:00:00,2025-02-05 06:00:00,ringsted,2.85,0.0,5.275,0.0,1021.94,93.5,70.6667
1738735200,2025-02-05 06:00:00,2025-02-05 07:00:00,ringsted,2.9,0.0,5.675,0.05,1022.47,95.5,64.6111
1738738800,2025-02-05 07:00:00,2025-02-05 08:00:00,ringsted,3.15,0.0,5.275,0.0,1023.25,96.5,44.0
1738742400,2025-02-05 08:00:00,2025-02-05 09:00:00,ringsted,3.475,7.5,5.15,0.0,1023.94,96.5,63.7778
1738746000,2025-02-05 09:00:00,2025-02-05 10:00:00,ringsted,4.1,58.5,5.15,0.0,1024.43,95.0,70.6667
1738749600,2025-02-05 10:00:00,2025-02-05 11:00:00,ringsted,4.975,107.0,5.05,0.0,1025.35,92.25,68.6667
1738753200,2025-02-05 11:00:00,2025-02-05 12:00:00,ringsted,5.875,117.5,5.4,0.0,1025.88,87.5,60.5556
1738756800,2025-02-05 12:00:00,2025-02-05 13:00:00,ringsted,6.8,183.0,4.75,0.0,1026.45,81.5,49.7222
1738760400,2025-02-05 13:00:00,2025-02-05 14:00:00,ringsted,7.75,241.0,5.65,0.0,1027.34,75.75,48.0556
1738764000,2025-02-05 14:00:00,2025-02-05 15:00:00,ringsted,7.775,162.0,5.35,0.0,1028.22,75.75,33.6111
1738767600,2025-02-05 15:00:00,2025-02-05 16:00:00,ringsted,7.6,104.0,4.625,0.0,1029.03,75.25,5.58824
1738771200,2025-02-05 16:00:00,2025-02-05 17:00:00,ringsted,6.7,31.0,3.1,0.0,1029.93,78.5,0.0
1738774800,2025-02-05 17:00:00,2025-02-05 18:00:00,ringsted,5.075,0.5,2.5,0.0,1030.84,84.5,0.0
1738778400,2025-02-05 18:00:00,2025-02-05 19:00:00,ringsted,4.35,0.0,2.5,0.0,1031.6,86.75,0.0
1738782000,2025-02-05 19:00:00,2025-02-05 20:00:00,ringsted,3.725,0.0,2.8,0.0,1032.21,88.75,0.0
1738785600,2025-02-05 20:00:00,2025-02-05 21:00:00,ringsted,3.15,0.0,2.65,0.0,1032.76,90.75,8.33333
1738789200,2025-02-05 21:00:00,2025-02-05 22:00:00,ringsted,2.925,0.0,2.35,0.0,1033.32,92.5,18.3333
1738792800,2025-02-05 22:00:00,2025-02-05 23:00:00,ringsted,2.875,0.0,2.6,0.0,1033.95,93.25,0.833333
1738796400,2025-02-05 23:00:00,2025-02-06 00:00:00,ringsted,2.45,0.0,2.425,0.0,1034.33,95.0,11.6667
1738800000,2025-02-06 00:00:00,2025-02-06 01:00:00,ringsted,2.25,0.0,2.425,0.0,1034.67,96.25,10.4167
1738803600,2025-02-06 01:00:00,2025-02-06 02:00:00,ringsted,1.9,0.0,1.8,0.0,1035.07,97.0,23.1429
1738807200,2025-02-06 02:00:00,2025-02-06 03:00:00,ringsted,1.775,0.0,1.95,0.0,1035.4,98.0,45.6667
1738810800,2025-02-06 03:00:00,2025-02-06 04:00:00,ringsted,1.3,0.0,1.9,0.0,1035.74,98.5,50.1111
1738814400,2025-02-06 04:00:00,2025-02-06 05:00:00,ringsted,1.075,0.0,2.225,0.0,1036.04,98.5,57.3333
1738818000,2025-02-06 05:00:00,2025-02-06 06:00:00,ringsted,0.95,0.0,2.45,0.0,1036.35,99.0,37.3333
1738821600,2025-02-06 06:00:00,2025-02-06 07:00:00,ringsted,0.9,0.0,2.2,0.0,1036.95,98.5,37.3333
1738825200,2025-02-06 07:00:00,2025-02-06 08:00:00,ringsted,0.675,0.0,1.85,0.0,1037.59,98.5,42.8889
1738828800,2025-02-06 08:00:00,2025-02-06 09:00:00,ringsted,0.45,31.0,1.7,0.0,1038.07,98.75,56.2222
1738832400,2025-02-06 09:00:00,2025-02-06 10:00:00,ringsted,1.15,136.0,1.65,0.0,1038.55,98.75,48.5
1738836000,2025-02-06 10:00:00,2025-02-06 11:00:00,ringsted,2.85,205.5,2.325,0.0,1038.74,97.0,33.75
1738839600,2025-02-06 11:00:00,2025-02-06 12:00:00,ringsted,4.05,244.5,2.75,0.0,1038.77,92.75,13.75
1738843200,2025-02-06 12:00:00,2025-02-06 13:00:00,ringsted,5.0,320.5,3.225,0.0,1038.64,87.5,0.0
1738846800,2025-02-06 13:00:00,2025-02-06 14:00:00,ringsted,6.0,303.5,3.575,0.0,1038.66,77.5,0.0
1738850400,2025-02-06 14:00:00,2025-02-06 15:00:00,ringsted,6.175,240.5,4.05,0.0,1038.8,72.75,0.0
1738854000,2025-02-06 15:00:00,2025-02-06 16:00:00,ringsted,5.425,142.5,3.2,0.0,1039.51,76.0,8.61539
1738857600,2025-02-06 16:00:00,2025-02-06 17:00:00,ringsted,3.625,39.0,3.075,0.0,1039.98,85.75,38.0
1738861200,2025-02-06 17:00:00,2025-02-06 18:00:00,ringsted,1.975,0.5,2.425,0.0,1040.56,93.75,38.7222
1738864800,2025-02-06 18:00:00,2025-02-06 19:00:00,ringsted,1.35,0.0,2.775,0.0,1040.99,96.0,38.8889
1738868400,2025-02-06 19:00:00,2025-02-06 20:00:00,ringsted,0.85,0.0,2.025,0.0,1041.0,96.25,29.7222
1738872000,2025-02-06 20:00:00,2025-02-06 21:00:00,ringsted,0.675,0.0,1.85,0.0,1041.2,96.75,15.8333
1738875600,2025-02-06 21:00:00,2025-02-06 22:00:00,ringsted,0.8,0.0,1.775,0.0,1041.2,97.25,36.6667
1738879200,2025-02-06 22:00:00,2025-02-06 23:00:00,ringsted,0.7,0.0,1.8,0.0,1041.33,97.5,36.6667
1738882800,2025-02-06 23:00:00,2025-02-07 00:00:00,ringsted,0.725,0.0,1.9,0.0,1041.19,97.5,37.3333
1738886400,2025-02-07 00:00:00,2025-02-07 01:00:00,ringsted,0.375,0.0,2.125,0.0,1040.92,97.0,19.9444
1738890000,2025-02-07 01:00:00,2025-02-07 02:00:00,ringsted,-0.05,0.0,2.125,0.0,1040.72,97.5,29.0556
1738893600,2025-02-07 02:00:00,2025-02-07 03:00:00,ringsted,0.275,0.0,2.3,0.0,1040.38,96.75,30.5556
1738897200,2025-02-07 03:00:00,2025-02-07 04:00:00,ringsted,0.325,0.0,2.95,0.0,1040.11,95.0,39.7222
1738900800,2025-02-07 04:00:00,2025-02-07 05:00:00,ringsted,0.775,0.0,3.625,0.0,1039.81,93.0,66.1111
1738904400,2025-02-07 05:00:00,2025-02-07 06:00:00,ringsted,1.2,0.0,3.6,0.0,1039.43,93.5,66.6667
1738908000,2025-02-07 06:00:00,2025-02-07 07:00:00,ringsted,1.45,0.0,4.65,0.0,1039.35,92.0,66.6667
1738911600,2025-02-07 07:00:00,2025-02-07 08:00:00,ringsted,1.625,0.0,4.775,0.025,1039.28,91.25,52.1875
1738915200,2025-02-07 08:00:00,2025-02-07 09:00:00,ringsted,1.8,7.0,4.95,0.0,1038.99,89.5,42.2222
1738918800,2025-02-07 09:00:00,2025-02-07 10:00:00,ringsted,1.7,65.0,4.475,0.1,1038.37,92.0,48.8889
1738922400,2025-02-07 10:00:00,2025-02-07 11:00:00,ringsted,1.925,113.0,4.875,0.025,1037.72,90.75,62.5
1738926000,2025-02-07 11:00:00,2025-02-07 12:00:00,ringsted,2.3,173.0,5.25,0.0,1036.63,88.0,63.8889
1738929600,2025-02-07 12:00:00,2025-02-07 13:00:00,ringsted,2.6,162.5,5.45,0.0,1035.79,87.75,65.5556
1738933200,2025-02-07 13:00:00,2025-02-07 14:00:00,ringsted,2.875,147.0,5.525,0.0,1034.94,86.75,54.7222
1738936800,2025-02-07 14:00:00,2025-02-07 15:00:00,ringsted,2.975,60.0,6.1,0.05,1033.88,86.25,50.5556
1738940400,2025-02-07 15:00:00,2025-02-07 16:00:00,ringsted,3.05,50.0,6.4,0.05,1033.24,87.5,59.4444
1738944000,2025-02-07 16:00:00,2025-02-07 17:00:00,ringsted,2.8,15.0,6.4,0.125,1032.85,89.75,45.8333
1738947600,2025-02-07 17:00:00,2025-02-07 18:00:00,ringsted,2.6,0.5,6.325,0.0,1032.29,91.5,67.2222
1738951200,2025-02-07 18:00:00,2025-02-07 19:00:00,ringsted,2.8,0.0,6.075,0.0,1031.65,91.0,63.8889
1738954800,2025-02-07 19:00:00,2025-02-07 20:00:00,ringsted,2.95,0.0,6.275,0.0,1031.16,89.5,66.6667
1738958400,2025-02-07 20:00:00,2025-02-07 21:00:00,ringsted,3.2,0.0,6.125,0.025,1030.96,89.25,56.6667
1738962000,2025-02-07 21:00:00,2025-02-07 22:00:00,ringsted,2.85,0.0,6.325,0.475,1030.66,90.25,66.1111
1738965600,2025-02-07 22:00:00,2025-02-07 23:00:00,ringsted,2.4,0.0,5.525,0.3,1030.4,92.0,67.7778
1738969200,2025-02-07 23:00:00,2025-02-08 00:00:00,ringsted,1.65,0.0,5.05,0.65,1030.22,94.0,70.0
1738972800,2025-02-08 00:00:00,2025-02-08 01:00:00,ringsted,1.675,0.0,5.275,0.55,1030.07,92.75,67.2222
1738976400,2025-02-08 01:00:00,2025-02-08 02:00:00,ringsted,1.7,0.0,5.8,0.25,1029.94,85.5,66.6667
1738980000,2025-02-08 02:00:00,2025-02-08 03:00:00,ringsted,1.5,0.0,6.35,0.0,1029.6,78.5,66.6667
1738983600,2025-02-08 03:00:00,2025-02-08 04:00:00,ringsted,1.2,0.0,7.0,0.0,1029.19,74.5,66.6667
1738987200,2025-02-08 04:00:00,2025-02-08 05:00:00,ringsted,1.025,0.0,5.85,0.0,1028.66,73.25,66.6667
1738990800,2025-02-08 05:00:00,2025-02-08 06:00:00,ringsted,1.0,0.0,5.8,0.0,1028.41,74.5,64.1667
1738994400,2025-02-08 06:00:00,2025-02-08 07:00:00,ringsted,0.975,0.0,5.35,0.0,1028.31,76.5,65.5556
1738998000,2025-02-08 07:00:00,2025-02-08 08:00:00,ringsted,1.05,0.5,6.075,0.0,1028.33,78.25,66.6667
1739001600,2025-02-08 08:00:00,2025-02-08 09:00:00,ringsted,1.125,5.0,6.0,0.0,1028.18,79.25,66.6667
1739005200,2025-02-08 09:00:00,2025-02-08 10:00:00,ringsted,1.175,18.0,6.225,0.0,1028.0,80.0,66.6667
1739008800,2025-02-08 10:00:00,2025-02-08 11:00:00,ringsted,1.275,35.5,6.15,0.0,1027.91,80.0,66.6667
1739012400,2025-02-08 11:00:00,2025-02-08 12:00:00,ringsted,1.3,45.0,6.125,0.0,1027.53,80.75,67.2222
1739016000,2025-02-08 12:00:00,2025-02-08 13:00:00,ringsted,1.425,57.0,5.95,0.0,1027.15,81.75,66.6667
1739019600,2025-02-08 13:00:00,2025-02-08 14:00:00,ringsted,1.5,49.0,5.675,0.0,1026.94,82.0,66.6667
1739023200,2025-02-08 14:00:00,2025-02-08 15:00:00,ringsted,1.55,38.5,5.35,0.0,1026.91,81.75,66.6667
1739026800,2025-02-08 15:00:00,2025-02-08 16:00:00,ringsted,1.6,31.5,5.225,0.0,1026.74,82.5,66.6667
1739030400,2025-02-08 16:00:00,2025-02-08 17:00:00,ringsted,1.575,18.0,5.475,0.0,1027.05,83.5,66.6667
1739034000,2025-02-08 17:00:00,2025-02-08 18:00:00,ringsted,1.55,0.5,5.35,0.0,1027.23,84.25,66.6667
1739037600,2025-02-08 18:00:00,2025-02-08 19:00:00,ringsted,1.625,0.0,4.825,0.0,1027.43,84.5,66.6667
1739041200,2025-02-08 19:00:00,2025-02-08 20:00:00,ringsted,1.65,0.0,4.5,0.0,1027.68,84.25,49.6875
1739044800,2025-02-08 20:00:00,2025-02-08 21:00:00,ringsted,1.4,0.0,4.05,0.0,1027.83,84.0,50.0
1739048400,2025-02-08 21:00:00,2025-02-08 22:00:00,ringsted,1.25,0.0,3.7,0.0,1027.98,84.25,49.1667
1739052000,2025-02-08 22:00:00,2025-02-08 23:00:00,ringsted,1.1,0.0,3.2,0.0,1028.23,83.0,45.7143
1739055600,2025-02-08 23:00:00,2025-02-09 00:00:00,ringsted,0.775,0.0,2.025,0.0,1028.45,84.5,62.2222
1739059200,2025-02-09 00:00:00,2025-02-09 01:00:00,ringsted,0.5,0.0,2.075,0.0,1028.6,86.25,47.6471
1739062800,2025-02-09 01:00:00,2025-02-09 02:00:00,ringsted,0.45,0.0,1.925,0.0,1028.65,86.75,60.5556
1739066400,2025-02-09 02:00:00,2025-02-09 03:00:00,ringsted,0.425,0.0,1.925,0.0,1028.65,87.25,51.9444
1739070000,2025-02-09 03:00:00,2025-02-09 04:00:00,ringsted,0.625,0.0,2.175,0.0,1028.87,86.0,66.1111
1739073600,2025-02-09 04:00:00,2025-02-09 05:00:00,ringsted,1.0,0.0,2.7,0.0,1029.15,85.5,63.8889
1739077200,2025-02-09 05:00:00,2025-02-09 06:00:00,ringsted,1.275,0.0,2.925,0.0,1029.61,84.25,66.6667
1739080800,2025-02-09 06:00:00,2025-02-09 07:00:00,ringsted,1.225,0.0,3.4,0.0,1030.11,84.75,65.0
1739084400,2025-02-09 07:00:00,2025-02-09 08:00:00,ringsted,1.475,0.5,3.775,0.0,1030.6,84.0,65.5556
1739088000,2025-02-09 08:00:00,2025-02-09 09:00:00,ringsted,1.525,27.5,3.6,0.0,1031.02,84.0,65.0
1739091600,2025-02-09 09:00:00,2025-02-09 10:00:00,ringsted,1.925,107.0,4.25,0.0,1031.47,81.25,68.3333
1739095200,2025-02-09 10:00:00,2025-02-09 11:00:00,ringsted,2.1,112.0,4.375,0.0,1031.77,79.5,67.2222
1739098800,2025-02-09 11:00:00,2025-02-09 12:00:00,ringsted,2.175,88.0,4.425,0.0,1031.78,79.0,66.6667
1739102400,2025-02-09 12:00:00,2025-02-09 13:00:00,ringsted,2.15,77.5,4.65,0.0,1031.75,78.0,66.6667
1739106000,2025-02-09 13:00:00,2025-02-09 14:00:00,ringsted,2.1,67.5,4.275,0.0,1031.65,78.5,66.6667
1739109600,2025-02-09 14:00:00,2025-02-09 15:00:00,ringsted,2.125,37.5,4.35,0.0,1031.79,78.0,66.6667
1739113200,2025-02-09 15:00:00,2025-02-09 16:00:00,ringsted,2.1,19.0,4.025,0.0,1032.0,79.0,66.6667
1739116800,2025-02-09 16:00:00,2025-02-09 17:00:00,ringsted,2.025,6.0,4.225,0.0,1032.19,79.5,66.6667
1739120400,2025-02-09 17:00:00,2025-02-09 18:00:00,ringsted,1.95,0.0,4.45,0.0,1032.63,79.75,66.6667
1739124000,2025-02-09 18:00:00,2025-02-09 19:00:00,ringsted,1.925,0.0,4.3,0.0,1032.84,79.25,66.6667
1739127600,2025-02-09 19:00:00,2025-02-09 20:00:00,ringsted,1.85,0.0,4.65,0.0,1032.93,79.25,66.6667
1739131200,2025-02-09 20:00:00,2025-02-09 21:00:00,ringsted,1.8,0.0,4.95,0.0,1032.99,79.75,66.6667
1739134800,2025-02-09 21:00:00,2025-02-09 22:00:00,ringsted,1.7,0.0,5.25,0.0,1032.93,80.75,66.6667
1739138400,2025-02-09 22:00:00,2025-02-09 23:00:00,ringsted,1.65,0.0,5.075,0.0,1032.92,83.0,66.6667
1739142000,2025-02-09 23:00:00,2025-02-10 00:00:00,ringsted,1.6,0.0,5.025,0.0,1033.04,83.25,66.6667
1739145600,2025-02-10 00:00:00,2025-02-10 01:00:00,ringsted,1.5,0.0,5.075,0.0,1032.9,83.5,66.6667
1739149200,2025-02-10 01:00:00,2025-02-10 02:00:00,ringsted,1.475,0.0,4.825,0.0,1032.73,83.25,66.6667
1739152800,2025-02-10 02:00:00,2025-02-10 03:00:00,ringsted,1.4,0.0,4.95,0.0,1032.48,83.0,66.6667
1739156400,2025-02-10 03:00:00,2025-02-10 04:00:00,ringsted,1.375,0.0,5.225,0.0,1032.36,81.5,66.6667
1739160000,2025-02-10 04:00:00,2025-02-10 05:00:00,ringsted,1.275,0.0,5.5,0.0,1032.31,81.25,70.5882
1739163600,2025-02-10 05:00:00,2025-02-10 06:00:00,ringsted,1.125,0.0,5.6,0.0,1032.28,81.25,66.6667
1739167200,2025-02-10 06:00:00,2025-02-10 07:00:00,ringsted,1.05,0.0,6.075,0.0,1032.37,80.25,66.6667
1739170800,2025-02-10 07:00:00,2025-02-10 08:00:00,ringsted,1.025,0.5,6.55,0.0,1032.57,79.25,66.6667
1739174400,2025-02-10 08:00:00,2025-02-10 09:00:00,ringsted,1.125,7.5,6.7,0.0,1032.57,77.5,66.6667
1739178000,2025-02-10 09:00:00,2025-02-10 10:00:00,ringsted,1.4,41.0,6.725,0.0,1032.7,75.75,66.6667
1739181600,2025-02-10 10:00:00,2025-02-10 11:00:00,ringsted,1.65,48.0,6.7,0.0,1032.81,75.75,73.3333
1739185200,2025-02-10 11:00:00,2025-02-10 12:00:00,ringsted,1.825,51.5,7.0,0.0,1032.54,75.75,96.6667
1739188800,2025-02-10 12:00:00,2025-02-10 13:00:00,ringsted,2.0,51.0,6.725,0.0,1032.24,76.75,97.0588
1739192400,2025-02-10 13:00:00,2025-02-10 14:00:00,ringsted,2.075,42.0,7.675,0.0,1031.8,76.75,96.6667
1739196000,2025-02-10 14:00:00,2025-02-10 15:00:00,ringsted,2.025,36.5,8.8,0.0,1031.73,77.5,96.6667
1739199600,2025-02-10 15:00:00,2025-02-10 16:00:00,ringsted,1.95,25.0,9.25,0.0,1031.66,77.75,96.6667
1739203200,2025-02-10 16:00:00,2025-02-10 17:00:00,ringsted,1.7,10.0,9.075,0.0,1031.72,78.75,92.7778
1739206800,2025-02-10 17:00:00,2025-02-10 18:00:00,ringsted,1.425,0.5,8.95,0.0,1031.79,80.0,91.9444
1739210400,2025-02-10 18:00:00,2025-02-10 19:00:00,ringsted,1.225,0.0,9.2,0.0,1031.95,80.5,91.1111
1739214000,2025-02-10 19:00:00,2025-02-10 20:00:00,ringsted,1.125,0.0,9.825,0.0,1032.11,80.25,91.1111
1739217600,2025-02-10 20:00:00,2025-02-10 21:00:00,ringsted,0.975,0.0,9.775,0.0,1032.29,81.0,76.9444
1739221200,2025-02-10 21:00:00,2025-02-10 22:00:00,ringsted,0.9,0.0,9.0,0.0,1032.18,81.25,81.9444
1739224800,2025-02-10 22:00:00,2025-02-10 23:00:00,ringsted,0.925,0.0,9.3,0.0,1032.2,81.0,73.3333
1739228400,2025-02-10 23:00:00,2025-02-11 00:00:00,ringsted,0.975,0.0,8.875,0.0,1032.0,80.5,70.2778
1739232000,2025-02-11 00:00:00,2025-02-11 01:00:00,ringsted,0.95,0.0,8.55,0.0,1031.73,80.75,61.9444
1739235600,2025-02-11 01:00:00,2025-02-11 02:00:00,ringsted,0.95,0.0,9.075,0.0,1031.49,80.5,70.8333
1739239200,2025-02-11 02:00:00,2025-02-11 03:00:00,ringsted,0.9,0.0,8.775,0.0,1031.31,79.75,77.0588
1739242800,2025-02-11 03:00:00,2025-02-11 04:00:00,ringsted,0.925,0.0,8.525,0.0,1031.05,79.5,77.2222
1739246400,2025-02-11 04:00:00,2025-02-11 05:00:00,ringsted,0.9,0.0,8.65,0.0,1030.84,79.75,94.4444
1739250000,2025-02-11 05:00:00,2025-02-11 06:00:00,ringsted,1.0,0.0,8.875,0.0,1030.64,79.0,93.3333
1739253600,2025-02-11 06:00:00,2025-02-11 07:00:00,ringsted,1.0,0.0,8.925,0.0,1030.5,78.25,96.1111
1739257200,2025-02-11 07:00:00,2025-02-11 08:00:00,ringsted,1.025,1.0,8.8,0.0,1030.45,78.5,95.5556
1739260800,2025-02-11 08:00:00,2025-02-11 09:00:00,ringsted,1.075,19.0,8.675,0.0,1030.43,78.5,85.0
1739264400,2025-02-11 09:00:00,2025-02-11 10:00:00,ringsted,1.175,75.0,8.1,0.0,1030.29,78.0,83.3333
1739268000,2025-02-11 10:00:00,2025-02-11 11:00:00,ringsted,1.35,158.5,8.55,0.0,1030.0,76.75,61.9444
1739271600,2025-02-11 11:00:00,2025-02-11 12:00:00,ringsted,1.6,220.0,9.275,0.0,1029.52,76.25,45.8333
1739275200,2025-02-11 12:00:00,2025-02-11 13:00:00,ringsted,1.725,270.5,9.6,0.0,1029.02,75.0,46.9444
1739278800,2025-02-11 13:00:00,2025-02-11 14:00:00,ringsted,1.9,270.5,9.075,0.0,1028.52,73.5,58.0556
1739282400,2025-02-11 14:00:00,2025-02-11 15:00:00,ringsted,1.9,220.0,8.95,0.0,1028.12,73.5,28.5294
1739286000,2025-02-11 15:00:00,2025-02-11 16:00:00,ringsted,1.5,138.5,9.05,0.0,1027.54,73.5,12.6667
1739289600,2025-02-11 16:00:00,2025-02-11 17:00:00,ringsted,1.05,41.5,8.8,0.0,1027.1,76.0,27.0833
1739293200,2025-02-11 17:00:00,2025-02-11 18:00:00,ringsted,0.6,1.0,8.725,0.0,1026.93,79.25,19.3333
1739296800,2025-02-11 18:00:00,2025-02-11 19:00:00,ringsted,0.425,0.0,8.85,0.0,1026.78,80.5,20.0
1739300400,2025-02-11 19:00:00,2025-02-11 20:00:00,ringsted,0.325,0.0,8.75,0.0,1026.43,81.75,13.4615
1739304000,2025-02-11 20:00:00,2025-02-11 21:00:00,ringsted,0.25,0.0,8.675,0.0,1026.3,82.5,10.0
1739307600,2025-02-11 21:00:00,2025-02-11 22:00:00,ringsted,0.275,0.0,8.25,0.0,1026.25,83.25,15.8824
1739311200,2025-02-11 22:00:00,2025-02-11 23:00:00,ringsted,0.275,0.0,8.075,0.0,1026.12,83.25,20.7143
1739314800,2025-02-11 23:00:00,2025-02-12 00:00:00,ringsted,0.2,0.0,8.3,0.0,1025.72,83.25,20.8824
1739318400,2025-02-12 00:00:00,2025-02-12 01:00:00,ringsted,0.075,0.0,8.075,0.0,1025.16,83.0,33.8235
1739322000,2025-02-12 01:00:00,2025-02-12 02:00:00,ringsted,0.05,0.0,8.125,0.0,1024.9,82.0,46.1765
1739325600,2025-02-12 02:00:00,2025-02-12 03:00:00,ringsted,-0.025,0.0,7.825,0.0,1024.52,80.5,60.2778
1739329200,2025-02-12 03:00:00,2025-02-12 04:00:00,ringsted,-0.075,0.0,7.875,0.0,1024.12,80.0,51.9444
1739332800,2025-02-12 04:00:00,2025-02-12 05:00:00,ringsted,-0.2,0.0,7.375,0.0,1023.71,79.5,70.0
1739336400,2025-02-12 05:00:00,2025-02-12 06:00:00,ringsted,-0.325,0.0,7.125,0.0,1023.2,78.75,84.1667
1739340000,2025-02-12 06:00:00,2025-02-12 07:00:00,ringsted,-0.525,0.0,7.2,0.0,1022.91,78.0,88.8889
1739343600,2025-02-12 07:00:00,2025-02-12 08:00:00,ringsted,-0.6,1.0,7.425,0.0,1022.83,78.0,97.2222
1739347200,2025-02-12 08:00:00,2025-02-12 09:00:00,ringsted,-0.65,13.5,6.825,0.0,1022.73,77.25,96.1111
1739350800,2025-02-12 09:00:00,2025-02-12 10:00:00,ringsted,-0.725,50.0,6.6,0.0,1022.67,75.75,90.5556
1739354400,2025-02-12 10:00:00,2025-02-12 11:00:00,ringsted,-0.6,136.0,6.1,0.0,1022.67,75.25,79.4444
1739358000,2025-02-12 11:00:00,2025-02-12 12:00:00,ringsted,-0.675,139.5,6.15,0.0,1022.27,75.25,96.1111
1739361600,2025-02-12 12:00:00,2025-02-12 13:00:00,ringsted,-0.675,151.5,6.25,0.0,1021.6,75.25,86.1111
1739365200,2025-02-12 13:00:00,2025-02-12 14:00:00,ringsted,-0.675,223.5,6.15,0.0,1021.01,74.5,86.6667
1739368800,2025-02-12 14:00:00,2025-02-12 15:00:00,ringsted,-0.575,115.0,6.05,0.0,1020.65,75.5,93.8889
1739372400,2025-02-12 15:00:00,2025-02-12 16:00:00,ringsted,-0.475,43.5,5.925,0.0,1020.17,76.25,97.2222
1739376000,2025-02-12 16:00:00,2025-02-12 17:00:00,ringsted,-0.425,15.5,6.35,0.0,1019.94,76.75,99.4444
1739379600,2025-02-12 17:00:00,2025-02-12 18:00:00,ringsted,-0.3,1.0,6.5,0.0,1019.8,77.75,99.4444
1739383200,2025-02-12 18:00:00,2025-02-12 19:00:00,ringsted,-0.15,0.5,5.775,0.0,1019.6,79.0,98.8889
1739386800,2025-02-12 19:00:00,2025-02-12 20:00:00,ringsted,-0.05,0.5,5.225,0.0,1019.37,80.25,99.4444
1739390400,2025-02-12 20:00:00,2025-02-12 21:00:00,ringsted,0.05,0.5,4.725,0.0,1019.38,80.75,98.8889
1739394000,2025-02-12 21:00:00,2025-02-12 22:00:00,ringsted,0.125,0.5,4.375,0.0,1019.14,80.25,98.8889
1739397600,2025-02-12 22:00:00,2025-02-12 23:00:00,ringsted,0.125,0.0,4.05,0.0,1018.75,81.0,98.3333
1739401200,2025-02-12 23:00:00,2025-02-13 00:00:00,ringsted,-0.1,0.5,3.65,0.125,1018.35,84.0,97.8889
1739404800,2025-02-13 00:00:00,2025-02-13 01:00:00,ringsted,-0.4,0.5,4.175,0.025,1017.88,86.5,98.8889
1739408400,2025-02-13 01:00:00,2025-02-13 02:00:00,ringsted,-0.8,0.5,4.5,0.125,1017.51,90.0,98.3333
1739412000,2025-02-13 02:00:00,2025-02-13 03:00:00,ringsted,-1.05,0.5,4.775,0.2,1017.28,90.25,98.8889
1739415600,2025-02-13 03:00:00,2025-02-13 04:00:00,ringsted,-1.45,0.5,5.025,0.1,1017.17,91.0,98.8889
1739419200,2025-02-13 04:00:00,2025-02-13 05:00:00,ringsted,-1.6,0.5,5.275,0.0,1017.04,89.5,97.2222
1739422800,2025-02-13 05:00:00,2025-02-13 06:00:00,ringsted,-1.475,0.5,5.35,0.0,1016.79,88.5,98.3333
1739426400,2025-02-13 06:00:00,2025-02-13 07:00:00,ringsted,-1.25,0.5,5.025,0.025,1016.81,87.75,98.3333
1739430000,2025-02-13 07:00:00,2025-02-13 08:00:00,ringsted,-0.8,0.5,4.65,0.0,1017.08,86.75,98.3333
1739433600,2025-02-13 08:00:00,2025-02-13 09:00:00,ringsted,-0.95,16.0,4.725,0.0,1017.22,85.6667,98.3333
1739437200,2025-02-13 09:00:00,2025-02-13 10:00:00,ringsted,-0.4,44.0,5.25,0.0,1017.54,83.5,95.5556
1739440800,2025-02-13 10:00:00,2025-02-13 11:00:00,ringsted,-0.275,80.5,5.225,0.0,1017.73,81.75,97.7778
1739444400,2025-02-13 11:00:00,2025-02-13 12:00:00,ringsted,-0.175,100.5,5.075,0.0,1017.7,81.0,97.7778
1739448000,2025-02-13 12:00:00,2025-02-13 13:00:00,ringsted,-0.075,88.5,5.025,0.0,1017.44,80.0,97.2222
1739451600,2025-02-13 13:00:00,2025-02-13 14:00:00,ringsted,0.025,80.5,4.825,0.0,1017.5,79.5,97.2222
1739455200,2025-02-13 14:00:00,2025-02-13 15:00:00,ringsted,-0.025,39.0,4.725,0.0,1017.8,79.25,97.2222
1739458800,2025-02-13 15:00:00,2025-02-13 16:00:00,ringsted,-0.15,30.5,4.35,0.0,1018.13,79.0,97.7778
1739462400,2025-02-13 16:00:00,2025-02-13 17:00:00,ringsted,-0.4,8.5,4.275,0.0,1018.45,80.0,96.6667
1739466000,2025-02-13 17:00:00,2025-02-13 18:00:00,ringsted,-0.675,1.0,4.025,0.0,1018.93,81.25,98.3333
1739469600,2025-02-13 18:00:00,2025-02-13 19:00:00,ringsted,-0.825,0.0,4.0,0.0,1019.29,80.0,98.8889
1739473200,2025-02-13 19:00:00,2025-02-13 20:00:00,ringsted,-1.05,0.5,4.2,0.0,1019.66,78.5,96.1111
1739476800,2025-02-13 20:00:00,2025-02-13 21:00:00,ringsted,-1.275,0.5,4.05,0.0,1019.92,77.25,97.2222
1739480400,2025-02-13 21:00:00,2025-02-13 22:00:00,ringsted,-1.4,0.5,3.6,0.0,1020.12,77.25,97.7778
1739484000,2025-02-13 22:00:00,2025-02-13 23:00:00,ringsted,-1.6,0.0,3.375,0.0,1020.5,78.0,95.5556
1739487600,2025-02-13 23:00:00,2025-02-14 00:00:00,ringsted,-1.625,0.0,3.55,0.0,1020.67,79.0,97.7778
1739491200,2025-02-14 00:00:00,2025-02-14 01:00:00,ringsted,-1.425,0.0,3.625,0.0,1020.75,80.75,98.8889
1739494800,2025-02-14 01:00:00,2025-02-14 02:00:00,ringsted,-0.975,0.0,3.85,0.0,1020.93,77.5,98.8889
1739498400,2025-02-14 02:00:00,2025-02-14 03:00:00,ringsted,-0.825,0.0,3.8,0.0,1021.07,73.75,99.4444
1739502000,2025-02-14 03:00:00,2025-02-14 04:00:00,ringsted,-0.875,0.0,3.675,0.0,1021.29,70.25,87.5
1739505600,2025-02-14 04:00:00,2025-02-14 05:00:00,ringsted,-1.375,0.0,3.425,0.0,1021.75,69.0,73.8889
1739509200,2025-02-14 05:00:00,2025-02-14 06:00:00,ringsted,-2.2,0.0,2.75,0.0,1022.12,69.75,42.5
1739512800,2025-02-14 06:00:00,2025-02-14 07:00:00,ringsted,-2.95,0.0,2.4,0.0,1022.49,72.25,26.7647
1739516400,2025-02-14 07:00:00,2025-02-14 08:00:00,ringsted,-3.575,4.0,2.5,0.0,1022.97,75.0,9.33333
1739520000,2025-02-14 08:00:00,2025-02-14 09:00:00,ringsted,-3.0,72.5,2.575,0.0,1023.42,72.5,19.1667
1739523600,2025-02-14 09:00:00,2025-02-14 10:00:00,ringsted,-1.7,112.0,3.225,0.0,1023.66,67.0,29.1667
1739527200,2025-02-14 10:00:00,2025-02-14 11:00:00,ringsted,-0.8,277.5,3.45,0.0,1024.0,64.75,7.5
1739530800,2025-02-14 11:00:00,2025-02-14 12:00:00,ringsted,-0.175,366.5,2.825,0.0,1023.96,62.0,18.3333
1739534400,2025-02-14 12:00:00,2025-02-14 13:00:00,ringsted,0.425,424.5,2.35,0.0,1023.81,59.25,46.6667
1739538000,2025-02-14 13:00:00,2025-02-14 14:00:00,ringsted,0.5,331.5,2.325,0.0,1023.65,57.5,57.7778
1739541600,2025-02-14 14:00:00,2025-02-14 15:00:00,ringsted,0.525,222.5,1.75,0.0,1023.65,57.25,88.3333
1739545200,2025-02-14 15:00:00,2025-02-14 16:00:00,ringsted,0.125,60.0,1.3,0.0,1023.72,59.0,78.0556
1739548800,2025-02-14 16:00:00,2025-02-14 17:00:00,ringsted,-0.45,25.0,1.225,0.0,1023.74,63.5,93.8889
1739552400,2025-02-14 17:00:00,2025-02-14 18:00:00,ringsted,-0.725,1.0,1.275,0.0,1023.69,69.75,98.8889
1739556000,2025-02-14 18:00:00,2025-02-14 19:00:00,ringsted,-0.825,0.0,1.475,0.0,1023.88,69.0,98.8889
1739559600,2025-02-14 19:00:00,2025-02-14 20:00:00,ringsted,-1.025,0.0,1.025,0.0,1024.01,70.75,96.1111
1739563200,2025-02-14 20:00:00,2025-02-14 21:00:00,ringsted,-1.175,0.0,0.95,0.0,1023.83,72.75,98.3333
1739566800,2025-02-14 21:00:00,2025-02-14 22:00:00,ringsted,-1.3,0.0,0.65,0.0,1023.68,75.25,98.8889
1739570400,2025-02-14 22:00:00,2025-02-14 23:00:00,ringsted,-1.375,0.0,0.625,0.0,1023.36,75.75,99.4444
1739574000,2025-02-14 23:00:00,2025-02-15 00:00:00,ringsted,-1.45,0.0,0.625,0.0,1023.08,76.0,99.4444
1739577600,2025-02-15 00:00:00,2025-02-15 01:00:00,ringsted,-1.45,0.5,0.8,0.0,1022.68,73.75,99.4444
1739581200,2025-02-15 01:00:00,2025-02-15 02:00:00,ringsted,-1.45,0.5,1.375,0.0,1022.22,73.5,98.3333
1739584800,2025-02-15 02:00:00,2025-02-15 03:00:00,ringsted,-1.4,0.0,1.325,0.0,1021.85,69.25,99.4444
1739588400,2025-02-15 03:00:00,2025-02-15 04:00:00,ringsted,-1.375,0.0,1.15,0.0,1021.25,66.25,98.3333
1739592000,2025-02-15 04:00:00,2025-02-15 05:00:00,ringsted,-1.4,0.0,1.25,0.0,1020.89,67.0,88.8889
1739595600,2025-02-15 05:00:00,2025-02-15 06:00:00,ringsted,-1.8,0.0,1.15,0.0,1020.51,71.5,87.2222
1739599200,2025-02-15 06:00:00,2025-02-15 07:00:00,ringsted,-1.975,0.0,1.1,0.0,1020.3,70.0,94.7059
1739602800,2025-02-15 07:00:00,2025-02-15 08:00:00,ringsted,-2.05,4.0,1.55,0.0,1020.13,72.25,93.3333
1739606400,2025-02-15 08:00:00,2025-02-15 09:00:00,ringsted,-1.675,37.5,1.95,0.0,1020.0,71.5,95.0
1739610000,2025-02-15 09:00:00,2025-02-15 10:00:00,ringsted,-0.925,87.0,2.45,0.0,1019.73,69.25,97.7778
1739613600,2025-02-15 10:00:00,2025-02-15 11:00:00,ringsted,-0.425,118.5,3.7,0.0,1019.4,70.5,98.8889
1739617200,2025-02-15 11:00:00,2025-02-15 12:00:00,ringsted,-0.6,124.0,3.775,0.15,1018.96,76.25,97.7778
1739620800,2025-02-15 12:00:00,2025-02-15 13:00:00,ringsted,-0.775,100.5,2.825,0.175,1018.47,82.0,97.2222
1739624400,2025-02-15 13:00:00,2025-02-15 14:00:00,ringsted,-0.65,105.0,3.3,0.175,1017.96,84.5,96.6667
1739628000,2025-02-15 14:00:00,2025-02-15 15:00:00,ringsted,-0.425,79.0,3.2,0.175,1017.71,85.0,98.8889
1739631600,2025-02-15 15:00:00,2025-02-15 16:00:00,ringsted,-0.0666667,41.0,3.6,0.0666667,1017.32,83.0,98.8889
1739635200,2025-02-15 16:00:00,2025-02-15 17:00:00,ringsted,0.025,9.5,3.025,0.05,1017.35,87.5,98.3333
1739638800,2025-02-15 17:00:00,2025-02-15 18:00:00,ringsted,0.075,0.5,2.4,0.0,1017.82,91.0,97.7778
1739642400,2025-02-15 18:00:00,2025-02-15 19:00:00,ringsted,-0.175,0.0,2.8,0.025,1018.41,91.25,88.6111
1739646000,2025-02-15 19:00:00,2025-02-15 20:00:00,ringsted,-0.775,0.5,4.325,0.0,1019.1,90.0,66.9444
1739649600,2025-02-15 20:00:00,2025-02-15 21:00:00,ringsted,-1.525,0.5,4.3,0.0,1019.8,89.25,46.875
1739653200,2025-02-15 21:00:00,2025-02-15 22:00:00,ringsted,-2.125,0.0,4.5,0.025,1020.4,90.0,53.0556
1739656800,2025-02-15 22:00:00,2025-02-15 23:00:00,ringsted,-2.875,0.5,5.075,0.0,1021.16,88.0,67.7778
1739660400,2025-02-15 23:00:00,2025-02-16 00:00:00,ringsted,-3.475,0.5,4.9,0.0,1021.75,81.5,63.3333
1739664000,2025-02-16 00:00:00,2025-02-16 01:00:00,ringsted,-4.075,0.5,4.45,0.0,1022.1,78.75,66.1111
1739667600,2025-02-16 01:00:00,2025-02-16 02:00:00,ringsted,-4.625,0.5,4.75,0.0,1022.35,76.75,54.4444
1739671200,2025-02-16 02:00:00,2025-02-16 03:00:00,ringsted,-5.35,0.5,4.75,0.0,1022.39,77.5,28.5294
1739674800,2025-02-16 03:00:00,2025-02-16 04:00:00,ringsted,-5.9,0.5,4.375,0.0,1022.81,76.25,0.0
1739678400,2025-02-16 04:00:00,2025-02-16 05:00:00,ringsted,-7.125,0.5,3.575,0.0,1023.1,79.75,0.0
1739682000,2025-02-16 05:00:00,2025-02-16 06:00:00,ringsted,-8.5,0.0,3.15,0.0,1023.35,83.5,0.0
1739685600,2025-02-16 06:00:00,2025-02-16 07:00:00,ringsted,-9.05,0.0,2.5,0.0,1023.71,86.0,0.0
1739689200,2025-02-16 07:00:00,2025-02-16 08:00:00,ringsted,-9.675,5.5,2.55,0.0,1024.06,86.75,0.0
1739692800,2025-02-16 08:00:00,2025-02-16 09:00:00,ringsted,-9.075,86.0,2.55,0.0,1024.35,84.75,0.0
1739696400,2025-02-16 09:00:00,2025-02-16 10:00:00,ringsted,-7.3,214.5,2.875,0.0,1024.4,82.0,0.0
1739700000,2025-02-16 10:00:00,2025-02-16 11:00:00,ringsted,-5.65,319.0,3.2,0.0,1024.6,76.75,0.0
1739703600,2025-02-16 11:00:00,2025-02-16 12:00:00,ringsted,-4.5,385.5,3.125,0.0,1024.47,71.25,0.0
1739707200,2025-02-16 12:00:00,2025-02-16 13:00:00,ringsted,-3.475,408.5,3.125,0.0,1024.38,65.75,0.0
1739710800,2025-02-16 13:00:00,2025-02-16 14:00:00,ringsted,-3.075,384.5,2.875,0.0,1024.17,59.5,0.0
1739714400,2025-02-16 14:00:00,2025-02-16 15:00:00,ringsted,-2.9,316.0,2.7,0.0,1024.06,55.25,0.0
1739718000,2025-02-16 15:00:00,2025-02-16 16:00:00,ringsted,-3.0,214.0,2.85,0.0,1023.99,52.75,0.0
1739721600,2025-02-16 16:00:00,2025-02-16 17:00:00,ringsted,-3.5,89.0,2.575,0.0,1023.92,54.0,0.0
1739725200,2025-02-16 17:00:00,2025-02-16 18:00:00,ringsted,-4.725,4.5,1.75,0.0,1024.01,63.75,0.0
1739728800,2025-02-16 18:00:00,2025-02-16 19:00:00,ringsted,-6.075,0.0,1.35,0.0,1023.99,72.5,0.0
1739732400,2025-02-16 19:00:00,2025-02-16 20:00:00,ringsted,-6.95,0.0,1.175,0.0,1023.87,79.25,0.0
1739736000,2025-02-16 20:00:00,2025-02-16 21:00:00,ringsted,-7.975,0.0,0.95,0.0,1023.83,85.0,0.0
1739739600,2025-02-16 21:00:00,2025-02-16 22:00:00,ringsted,-8.8,0.0,0.85,0.0,1023.7,89.0,0.0
1739743200,2025-02-16 22:00:00,2025-02-16 23:00:00,ringsted,-8.725,0.0,0.825,0.0,1023.71,90.25,0.0
1739746800,2025-02-16 23:00:00,2025-02-17 00:00:00,ringsted,-8.9,0.0,0.775,0.0,1023.61,90.5,0.0
1739750400,2025-02-17 00:00:00,2025-02-17 01:00:00,ringsted,-9.1,0.0,1.05,0.0,1023.44,90.5,0.0
1739754000,2025-02-17 01:00:00,2025-02-17 02:00:00,ringsted,-9.025,0.0,1.125,0.0,1023.34,90.25,0.0
1739757600,2025-02-17 02:00:00,2025-02-17 03:00:00,ringsted,-9.2,0.0,0.975,0.0,1023.25,90.0,20.0
1739761200,2025-02-17 03:00:00,2025-02-17 04:00:00,ringsted,-8.8,0.0,1.4,0.0,1023.1,90.25,20.8333
1739764800,2025-02-17 04:00:00,2025-02-17 05:00:00,ringsted,-8.1,0.0,2.05,0.0,1022.99,87.5,3.33333
1739768400,2025-02-17 05:00:00,2025-02-17 06:00:00,ringsted,-7.425,0.0,2.45,0.0,1022.6,84.75,0.0
1739772000,2025-02-17 06:00:00,2025-02-17 07:00:00,ringsted,-7.35,0.0,2.675,0.0,1022.44,83.75,0.0
1739775600,2025-02-17 07:00:00,2025-02-17 08:00:00,ringsted,-7.025,6.0,2.475,0.0,1022.38,83.0,0.0
1739779200,2025-02-17 08:00:00,2025-02-17 09:00:00,ringsted,-5.875,87.0,2.5,0.0,1022.38,80.25,0.0
1739782800,2025-02-17 09:00:00,2025-02-17 10:00:00,ringsted,-4.05,212.0,3.025,0.0,1022.4,76.25,0.0
1739786400,2025-02-17 10:00:00,2025-02-17 11:00:00,ringsted,-2.7,312.5,3.875,0.0,1022.42,71.75,0.0
1739790000,2025-02-17 11:00:00,2025-02-17 12:00:00,ringsted,-1.625,377.0,4.3,0.0,1022.34,67.5,0.0
1739793600,2025-02-17 12:00:00,2025-02-17 13:00:00,ringsted,-0.775,398.5,4.475,0.0,1022.1,65.25,0.0
1739797200,2025-02-17 13:00:00,2025-02-17 14:00:00,ringsted,-0.225,372.5,4.5,0.0,1021.91,63.75,0.0
1739800800,2025-02-17 14:00:00,2025-02-17 15:00:00,ringsted,6.93889e-18,309.0,4.6,0.0,1021.7,62.75,0.0
1739804400,2025-02-17 15:00:00,2025-02-17 16:00:00,ringsted,-0.025,207.5,4.6,0.0,1021.55,62.5,0.0
1739808000,2025-02-17 16:00:00,2025-02-17 17:00:00,ringsted,-0.5,86.5,4.075,0.0,1021.59,65.0,0.0
1739811600,2025-02-17 17:00:00,2025-02-17 18:00:00,ringsted,-1.75,5.5,2.95,0.0,1021.81,70.5,0.0
1739815200,2025-02-17 18:00:00,2025-02-17 19:00:00,ringsted,-2.7,0.0,2.425,0.0,1021.69,74.0,0.0
1739818800,2025-02-17 19:00:00,2025-02-17 20:00:00,ringsted,-3.025,0.0,2.7,0.0,1021.67,76.75,0.0
1739822400,2025-02-17 20:00:00,2025-02-17 21:00:00,ringsted,-3.1,0.0,2.875,0.0,1021.83,76.75,0.0
1739826000,2025-02-17 21:00:00,2025-02-17 22:00:00,ringsted,-3.475,0.0,2.675,0.0,1021.86,78.25,0.0
1739829600,2025-02-17 22:00:00,2025-02-17 23:00:00,ringsted,-3.55,0.0,2.95,0.0,1022.16,79.5,0.0
1739833200,2025-02-17 23:00:00,2025-02-18 00:00:00,ringsted,-3.725,0.0,2.975,0.0,1022.39,80.75,3.4375
1739836800,2025-02-18 00:00:00,2025-02-18 01:00:00,ringsted,-4.225,0.0,2.875,0.0,1022.58,83.75,3.33333
1739840400,2025-02-18 01:00:00,2025-02-18 02:00:00,ringsted,-4.45,0.0,2.975,0.0,1022.82,86.0,9.375
1739844000,2025-02-18 02:00:00,2025-02-18 03:00:00,ringsted,-4.65,0.0,2.75,0.0,1023.0,88.0,1.66667
1739847600,2025-02-18 03:00:00,2025-02-18 04:00:00,ringsted,-4.8,0.0,2.45,0.0,1023.12,89.25,0.0
1739851200,2025-02-18 04:00:00,2025-02-18 05:00:00,ringsted,-5.025,0.0,2.65,0.0,1023.35,90.75,0.0
1739854800,2025-02-18 05:00:00,2025-02-18 06:00:00,ringsted,-5.075,0.0,2.5,0.0,1023.48,91.75,2.91667
1739858400,2025-02-18 06:00:00,2025-02-18 07:00:00,ringsted,-5.6,0.0,1.5,0.0,1023.7,93.75,13.75
1739862000,2025-02-18 07:00:00,2025-02-18 08:00:00,ringsted,-6.2,7.0,1.25,0.0,1024.15,94.75,10.4167
1739865600,2025-02-18 08:00:00,2025-02-18 09:00:00,ringsted,-5.175,90.5,1.3,0.0,1024.68,93.25,11.6875
1739869200,2025-02-18 09:00:00,2025-02-18 10:00:00,ringsted,-2.6,217.0,1.325,0.0,1024.97,91.25,3.33333
1739872800,2025-02-18 10:00:00,2025-02-18 11:00:00,ringsted,-0.5,319.0,2.6,0.0,1025.2,87.75,3.33333
1739876400,2025-02-18 11:00:00,2025-02-18 12:00:00,ringsted,1.0,379.0,2.85,0.0,1025.36,78.25,0.0
1739880000,2025-02-18 12:00:00,2025-02-18 13:00:00,ringsted,2.0,409.0,2.8,0.0,1025.47,68.25,0.0
1739883600,2025-02-18 13:00:00,2025-02-18 14:00:00,ringsted,2.75,384.5,2.8,0.0,1025.29,62.25,0.0
1739887200,2025-02-18 14:00:00,2025-02-18 15:00:00,ringsted,3.1,318.0,2.65,0.0,1025.17,59.0,0.0
1739890800,2025-02-18 15:00:00,2025-02-18 16:00:00,ringsted,3.025,216.0,2.575,0.0,1025.31,61.0,0.0
1739894400,2025-02-18 16:00:00,2025-02-18 17:00:00,ringsted,2.3,92.5,2.425,0.0,1025.58,65.25,0.0
1739898000,2025-02-18 17:00:00,2025-02-18 18:00:00,ringsted,0.325,5.5,1.85,0.0,1026.12,74.25,0.0
1739901600,2025-02-18 18:00:00,2025-02-18 19:00:00,ringsted,-1.125,0.0,1.575,0.0,1026.44,82.5,0.0
1739905200,2025-02-18 19:00:00,2025-02-18 20:00:00,ringsted,-1.725,0.0,1.475,0.0,1026.46,87.0,0.0
1739908800,2025-02-18 20:00:00,2025-02-18 21:00:00,ringsted,-2.4,0.0,1.0,0.0,1026.64,90.75,0.0
1739912400,2025-02-18 21:00:00,2025-02-18 22:00:00,ringsted,-3.125,0.0,0.675,0.0,1026.85,93.5,0.0
1739916000,2025-02-18 22:00:00,2025-02-18 23:00:00,ringsted,-3.5,0.0,0.75,0.0,1026.97,95.0,0.0
1739919600,2025-02-18 23:00:00,2025-02-19 00:00:00,ringsted,-3.65,0.0,0.825,0.0,1027.18,95.5,0.0
1739923200,2025-02-19 00:00:00,2025-02-19 01:00:00,ringsted,-4.475,0.0,0.825,0.0,1027.35,95.75,22.4
1739926800,2025-02-19 01:00:00,2025-02-19 02:00:00,ringsted,-4.6,0.0,0.5,0.0,1027.31,95.75,7.33333
1739930400,2025-02-19 02:00:00,2025-02-19 03:00:00,ringsted,-5.15,0.0,0.575,0.0,1027.14,95.75,0.0
1739934000,2025-02-19 03:00:00,2025-02-19 04:00:00,ringsted,-5.375,0.0,0.725,0.0,1027.28,95.5,5.0
1739937600,2025-02-19 04:00:00,2025-02-19 05:00:00,ringsted,-6.075,0.0,0.675,0.0,1027.45,95.25,10.4167
1739941200,2025-02-19 05:00:00,2025-02-19 06:00:00,ringsted,-6.45,0.0,0.475,0.0,1027.53,95.0,0.0
1739944800,2025-02-19 06:00:00,2025-02-19 07:00:00,ringsted,-7.175,0.0,0.375,0.0,1027.64,94.5,0.0
1739948400,2025-02-19 07:00:00,2025-02-19 08:00:00,ringsted,-7.55,7.0,0.325,0.0,1027.8,94.0,8.75
1739952000,2025-02-19 08:00:00,2025-02-19 09:00:00,ringsted,-5.95,84.5,0.3,0.0,1027.87,94.0,0.0
1739955600,2025-02-19 09:00:00,2025-02-19 10:00:00,ringsted,-2.375,206.5,0.3,0.0,1027.96,95.0,0.0
1739959200,2025-02-19 10:00:00,2025-02-19 11:00:00,ringsted,0.8,323.5,1.075,0.0,1027.87,86.25,0.0
1739962800,2025-02-19 11:00:00,2025-02-19 12:00:00,ringsted,2.1,392.0,1.975,0.0,1027.78,74.25,0.0
1739966400,2025-02-19 12:00:00,2025-02-19 13:00:00,ringsted,2.8,401.5,2.6,0.0,1027.44,65.0,0.0
1739970000,2025-02-19 13:00:00,2025-02-19 14:00:00,ringsted,3.1,382.0,2.85,0.0,1027.27,60.0,0.0
1739973600,2025-02-19 14:00:00,2025-02-19 15:00:00,ringsted,3.1,328.0,2.925,0.0,1027.17,57.0,0.0
1739977200,2025-02-19 15:00:00,2025-02-19 16:00:00,ringsted,2.725,221.5,2.925,0.0,1026.93,60.25,0.0
1739980800,2025-02-19 16:00:00,2025-02-19 17:00:00,ringsted,1.725,96.5,2.975,0.0,1026.56,68.75,0.0
1739984400,2025-02-19 17:00:00,2025-02-19 18:00:00,ringsted,0.225,6.0,2.55,0.0,1026.55,78.75,0.0
1739988000,2025-02-19 18:00:00,2025-02-19 19:00:00,ringsted,-0.725,0.0,2.85,0.0,1026.35,85.5,0.833333
1739991600,2025-02-19 19:00:00,2025-02-19 20:00:00,ringsted,-0.825,0.0,3.1,0.0,1026.11,88.25,0.0
1739995200,2025-02-19 20:00:00,2025-02-19 21:00:00,ringsted,-0.95,0.0,2.95,0.0,1026.3,90.5,0.0
1739998800,2025-02-19 21:00:00,2025-02-19 22:00:00,ringsted,-1.0,0.0,2.975,0.0,1026.2,90.75,0.0
1740002400,2025-02-19 22:00:00,2025-02-19 23:00:00,ringsted,-0.925,0.0,3.675,0.0,1026.1,89.25,0.0
1740006000,2025-02-19 23:00:00,2025-02-20 00:00:00,ringsted,-0.9,0.0,3.775,0.0,1025.72,86.0,0.0
1740009600,2025-02-20 00:00:00,2025-02-20 01:00:00,ringsted,-1.125,0.0,3.85,0.0,1025.33,86.25,0.0
1740013200,2025-02-20 01:00:00,2025-02-20 02:00:00,ringsted,-1.175,0.0,4.15,0.0,1024.99,86.0,0.0
1740016800,2025-02-20 02:00:00,2025-02-20 03:00:00,ringsted,-1.375,0.0,3.95,0.0,1024.38,85.25,0.0
1740020400,2025-02-20 03:00:00,2025-02-20 04:00:00,ringsted,-1.8,0.0,3.85,0.0,1023.96,84.75,0.0
1740024000,2025-02-20 04:00:00,2025-02-20 05:00:00,ringsted,-2.0,0.0,4.325,0.0,1023.65,84.0,0.0
1740027600,2025-02-20 05:00:00,2025-02-20 06:00:00,ringsted,-1.95,0.0,4.4,0.0,1023.53,82.25,0.0
1740031200,2025-02-20 06:00:00,2025-02-20 07:00:00,ringsted,-2.15,0.0,4.05,0.0,1023.32,81.75,0.0
1740034800,2025-02-20 07:00:00,2025-02-20 08:00:00,ringsted,-2.075,12.0,4.325,0.0,1023.15,80.25,0.0
1740038400,2025-02-20 08:00:00,2025-02-20 09:00:00,ringsted,-1.15,109.0,5.1,0.0,1022.65,76.25,2.5
1740042000,2025-02-20 09:00:00,2025-02-20 10:00:00,ringsted,-0.05,211.5,6.35,0.025,1022.48,71.5,2.5
1740045600,2025-02-20 10:00:00,2025-02-20 11:00:00,ringsted,0.625,263.5,7.15,0.0,1022.16,66.25,0.0
1740049200,2025-02-20 11:00:00,2025-02-20 12:00:00,ringsted,1.225,356.0,7.725,0.0,1021.7,62.0,0.0
1740052800,2025-02-20 12:00:00,2025-02-20 13:00:00,ringsted,1.8,396.5,8.2,0.0,1021.12,59.5,0.833333
1740056400,2025-02-20 13:00:00,2025-02-20 14:00:00,ringsted,1.95,351.0,8.325,0.0,1020.72,59.0,1.66667
1740060000,2025-02-20 14:00:00,2025-02-20 15:00:00,ringsted,2.0,269.5,7.825,0.0,1020.38,59.75,0.0
1740063600,2025-02-20 15:00:00,2025-02-20 16:00:00,ringsted,1.85,186.0,7.025,0.0,1020.11,61.75,12.5
1740067200,2025-02-20 16:00:00,2025-02-20 17:00:00,ringsted,1.325,56.5,6.375,0.0,1019.82,66.25,22.5
1740070800,2025-02-20 17:00:00,2025-02-20 18:00:00,ringsted,1.0,4.0,6.075,0.0,1019.62,68.5,36.0
1740074400,2025-02-20 18:00:00,2025-02-20 19:00:00,ringsted,1.1,0.0,6.0,0.0,1019.39,68.5,61.1111
1740078000,2025-02-20 19:00:00,2025-02-20 20:00:00,ringsted,1.275,0.0,6.0,0.0,1019.05,66.0,88.6111
1740081600,2025-02-20 20:00:00,2025-02-20 21:00:00,ringsted,1.475,0.0,5.8,0.0,1018.54,64.0,97.2222
1740085200,2025-02-20 21:00:00,2025-02-20 22:00:00,ringsted,1.6,0.0,6.4,0.0,1018.0,64.25,97.7778
1740088800,2025-02-20 22:00:00,2025-02-20 23:00:00,ringsted,1.65,0.0,6.0,0.0,1017.43,64.25,98.8889
1740092400,2025-02-20 23:00:00,2025-02-21 00:00:00,ringsted,1.725,0.0,5.925,0.0,1017.65,65.25,98.3333
1740096000,2025-02-21 00:00:00,2025-02-21 01:00:00,ringsted,1.6,0.0,5.8,0.2,1017.53,69.75,89.4444
1740099600,2025-02-21 01:00:00,2025-02-21 02:00:00,ringsted,1.0,0.0,5.2,0.375,1016.8,81.5,98.3333
1740103200,2025-02-21 02:00:00,2025-02-21 03:00:00,ringsted,0.925,0.0,5.475,0.35,1016.43,85.25,96.6667
1740106800,2025-02-21 03:00:00,2025-02-21 04:00:00,ringsted,0.875,0.0,4.575,0.25,1016.39,90.25,101.667
1740110400,2025-02-21 04:00:00,2025-02-21 05:00:00,ringsted,0.775,0.0,3.625,0.375,1016.49,96.0,85.2222
1740114000,2025-02-21 05:00:00,2025-02-21 06:00:00,ringsted,1.0,0.0,3.275,0.125,1016.49,97.25,99.1667
1740117600,2025-02-21 06:00:00,2025-02-21 07:00:00,ringsted,1.2,0.0,3.0,0.05,1016.45,98.0,98.3333
1740121200,2025-02-21 07:00:00,2025-02-21 08:00:00,ringsted,1.35,2.0,2.825,0.05,1016.97,98.5,86.0
1740124800,2025-02-21 08:00:00,2025-02-21 09:00:00,ringsted,1.725,18.0,2.325,0.05,1017.28,98.5,96.0
1740128400,2025-02-21 09:00:00,2025-02-21 10:00:00,ringsted,2.15,46.0,2.6,0.1,1017.64,98.5,87.7222
1740132000,2025-02-21 10:00:00,2025-02-21 11:00:00,ringsted,2.65,59.0,2.625,0.1,1017.75,98.5,79.2857
1740135600,2025-02-21 11:00:00,2025-02-21 12:00:00,ringsted,3.2,73.0,2.65,0.125,1017.46,98.5,73.2353
1740139200,2025-02-21 12:00:00,2025-02-21 13:00:00,ringsted,3.625,99.0,2.625,0.05,1017.02,98.75,86.7778
1740142800,2025-02-21 13:00:00,2025-02-21 14:00:00,ringsted,3.825,99.0,3.35,0.0,1016.58,99.0,103.444
1740146400,2025-02-21 14:00:00,2025-02-21 15:00:00,ringsted,4.125,85.5,3.725,0.075,1016.51,99.0,92.6667
1740150000,2025-02-21 15:00:00,2025-02-21 16:00:00,ringsted,4.15,49.5,3.9,0.05,1016.22,99.25,50.1429
1740153600,2025-02-21 16:00:00,2025-02-21 17:00:00,ringsted,4.175,16.5,4.05,0.025,1016.03,99.25,68.3333
1740157200,2025-02-21 17:00:00,2025-02-21 18:00:00,ringsted,4.225,0.5,3.825,0.025,1016.11,99.25,63.3333
1740160800,2025-02-21 18:00:00,2025-02-21 19:00:00,ringsted,4.575,0.0,4.075,0.0,1015.9,99.25,72.2222
1740164400,2025-02-21 19:00:00,2025-02-21 20:00:00,ringsted,5.1,0.0,4.35,0.05,1015.53,99.0,68.9286
1740168000,2025-02-21 20:00:00,2025-02-21 21:00:00,ringsted,5.225,0.0,4.35,0.0,1015.56,98.25,63.375
1740171600,2025-02-21 21:00:00,2025-02-21 22:00:00,ringsted,5.275,0.0,4.15,0.025,1015.08,98.25,56.6667
1740175200,2025-02-21 22:00:00,2025-02-21 23:00:00,ringsted,5.275,0.0,4.575,0.025,1014.55,98.5,44.1667
1740178800,2025-02-21 23:00:00,2025-02-22 00:00:00,ringsted,4.9,0.0,4.875,0.025,1014.5,99.0,42.0
1740182400,2025-02-22 00:00:00,2025-02-22 01:00:00,ringsted,4.55,0.0,4.275,0.05,1014.45,99.0,47.6667
1740186000,2025-02-22 01:00:00,2025-02-22 02:00:00,ringsted,3.975,0.0,4.3,0.0,1014.07,98.75,65.0
1740189600,2025-02-22 02:00:00,2025-02-22 03:00:00,ringsted,3.75,0.0,4.125,0.0,1013.54,98.25,91.1111
1740193200,2025-02-22 03:00:00,2025-02-22 04:00:00,ringsted,3.45,0.0,4.425,0.0,1013.14,97.75,96.1111
1740196800,2025-02-22 04:00:00,2025-02-22 05:00:00,ringsted,3.3,0.0,4.3,0.0,1012.94,97.25,74.1667
1740200400,2025-02-22 05:00:00,2025-02-22 06:00:00,ringsted,3.1,0.0,4.525,0.0,1012.66,96.75,41.1538
1740204000,2025-02-22 06:00:00,2025-02-22 07:00:00,ringsted,2.575,0.0,3.95,0.0,1012.57,96.5,6.66667
1740207600,2025-02-22 07:00:00,2025-02-22 08:00:00,ringsted,2.3,16.5,3.6,0.0,1012.53,96.0,25.0
1740211200,2025-02-22 08:00:00,2025-02-22 09:00:00,ringsted,2.9,107.0,4.125,0.0,1012.27,93.75,26.6667
1740214800,2025-02-22 09:00:00,2025-02-22 10:00:00,ringsted,3.975,201.0,4.575,0.0,1012.06,90.0,3.33333
1740218400,2025-02-22 10:00:00,2025-02-22 11:00:00,ringsted,5.175,301.5,4.575,0.0,1011.83,84.75,7.5
1740222000,2025-02-22 11:00:00,2025-02-22 12:00:00,ringsted,5.975,328.0,5.225,0.0,1011.74,80.5,20.6667
1740225600,2025-02-22 12:00:00,2025-02-22 13:00:00,ringsted,6.25,305.5,5.45,0.0,1011.69,79.0,73.8889
1740229200,2025-02-22 13:00:00,2025-02-22 14:00:00,ringsted,6.15,208.5,4.8,0.0,1011.7,79.5,85.0
1740232800,2025-02-22 14:00:00,2025-02-22 15:00:00,ringsted,5.9,138.0,4.2,0.0,1011.67,80.25,49.1176
1740236400,2025-02-22 15:00:00,2025-02-22 16:00:00,ringsted,6.2,90.0,4.075,0.0,1011.54,79.25,55.5556
1740240000,2025-02-22 16:00:00,2025-02-22 17:00:00,ringsted,5.975,33.5,3.425,0.0,1011.9,80.75,86.6667
1740243600,2025-02-22 17:00:00,2025-02-22 18:00:00,ringsted,5.55,2.0,3.4,0.0,1012.41,81.75,86.9444
1740247200,2025-02-22 18:00:00,2025-02-22 19:00:00,ringsted,5.225,0.0,3.225,0.0,1012.58,82.0,54.6429
1740250800,2025-02-22 19:00:00,2025-02-22 20:00:00,ringsted,5.05,0.0,3.275,0.0,1012.69,82.25,76.1538
1740254400,2025-02-22 20:00:00,2025-02-22 21:00:00,ringsted,5.25,0.0,2.85,0.0,1013.08,81.75,88.3333
1740258000,2025-02-22 21:00:00,2025-02-22 22:00:00,ringsted,5.5,0.0,3.05,0.0,1013.5,81.0,80.8333
1740261600,2025-02-22 22:00:00,2025-02-22 23:00:00,ringsted,5.25,0.0,2.8,0.0,1013.85,82.25,95.0
1740265200,2025-02-22 23:00:00,2025-02-23 00:00:00,ringsted,5.35,0.0,2.6,0.025,1014.12,84.75,81.6667
1740268800,2025-02-23 00:00:00,2025-02-23 01:00:00,ringsted,5.3,0.0,2.375,0.075,1014.16,88.25,89.7059
1740272400,2025-02-23 01:00:00,2025-02-23 02:00:00,ringsted,5.25,0.0,2.2,0.075,1014.51,91.5,81.6667
1740276000,2025-02-23 02:00:00,2025-02-23 03:00:00,ringsted,5.525,0.0,2.425,0.05,1014.81,92.75,88.6111
1740279600,2025-02-23 03:00:00,2025-02-23 04:00:00,ringsted,5.625,0.0,2.45,0.0,1015.38,93.25,99.4444
1740283200,2025-02-23 04:00:00,2025-02-23 05:00:00,ringsted,5.925,0.0,2.3,0.0,1016.03,94.75,95.0
1740286800,2025-02-23 05:00:00,2025-02-23 06:00:00,ringsted,6.05,0.0,2.25,0.0,1016.87,97.25,70.1111
1740290400,2025-02-23 06:00:00,2025-02-23 07:00:00,ringsted,5.825,0.0,2.675,0.0,1017.68,98.75,73.4444
1740294000,2025-02-23 07:00:00,2025-02-23 08:00:00,ringsted,5.775,3.0,2.8,0.025,1018.41,98.75,74.6667
1740297600,2025-02-23 08:00:00,2025-02-23 09:00:00,ringsted,5.525,40.5,2.925,0.025,1019.06,99.0,85.7778
1740301200,2025-02-23 09:00:00,2025-02-23 10:00:00,ringsted,5.25,88.0,3.275,0.0,1019.76,99.0,101.778
1740304800,2025-02-23 10:00:00,2025-02-23 11:00:00,ringsted,5.05,137.0,3.75,0.0,1020.43,98.75,95.1111
1740308400,2025-02-23 11:00:00,2025-02-23 12:00:00,ringsted,5.35,168.0,3.825,0.0,1020.62,97.0,72.8889
1740312000,2025-02-23 12:00:00,2025-02-23 13:00:00,ringsted,5.75,216.0,3.7,0.0,1020.85,94.25,71.2222
1740315600,2025-02-23 13:00:00,2025-02-23 14:00:00,ringsted,6.175,222.0,3.775,0.0,1021.14,91.5,69.5556
1740319200,2025-02-23 14:00:00,2025-02-23 15:00:00,ringsted,6.125,121.0,3.9,0.0,1021.43,92.0,70.6667
1740322800,2025-02-23 15:00:00,2025-02-23 16:00:00,ringsted,5.375,58.5,4.0,0.0,1021.6,95.0,98.5556
1740326400,2025-02-23 16:00:00,2025-02-23 17:00:00,ringsted,4.975,21.0,3.5,0.0,1021.52,97.0,96.8889
1740330000,2025-02-23 17:00:00,2025-02-23 18:00:00,ringsted,4.8,1.0,3.1,0.0,1021.72,98.75,95.5556
1740333600,2025-02-23 18:00:00,2025-02-23 19:00:00,ringsted,5.025,0.0,3.45,0.0,1021.71,99.25,104.778
1740337200,2025-02-23 19:00:00,2025-02-23 20:00:00,ringsted,5.425,0.0,3.35,0.0,1021.58,98.75,99.4444
1740340800,2025-02-23 20:00:00,2025-02-23 21:00:00,ringsted,5.7,0.0,2.875,0.0,1021.28,98.0,90.0
1740344400,2025-02-23 21:00:00,2025-02-23 22:00:00,ringsted,5.5,0.0,2.35,0.0,1021.03,97.25,61.5625
1740348000,2025-02-23 22:00:00,2025-02-23 23:00:00,ringsted,4.75,0.0,2.15,0.0,1020.63,97.75,21.25
1740351600,2025-02-23 23:00:00,2025-02-24 00:00:00,ringsted,4.45,0.0,3.2,0.0,1020.16,98.25,52.6667
1740355200,2025-02-24 00:00:00,2025-02-24 01:00:00,ringsted,4.45,0.0,3.675,0.0,1019.44,98.25,65.5556
1740358800,2025-02-24 01:00:00,2025-02-24 02:00:00,ringsted,4.375,0.0,3.65,0.0,1018.93,97.0,64.7222
1740362400,2025-02-24 02:00:00,2025-02-24 03:00:00,ringsted,4.1,0.0,3.675,0.0,1018.16,96.25,66.9444
1740366000,2025-02-24 03:00:00,2025-02-24 04:00:00,ringsted,4.425,0.0,4.05,0.0,1017.21,94.75,83.3333
1740369600,2025-02-24 04:00:00,2025-02-24 05:00:00,ringsted,4.675,0.0,4.825,0.0,1016.37,92.5,88.3333
1740373200,2025-02-24 05:00:00,2025-02-24 06:00:00,ringsted,4.825,0.0,4.775,0.0,1015.58,90.25,96.6667
1740376800,2025-02-24 06:00:00,2025-02-24 07:00:00,ringsted,4.925,0.0,4.975,0.0,1015.29,89.0,95.0
1740380400,2025-02-24 07:00:00,2025-02-24 08:00:00,ringsted,5.125,11.0,4.675,0.0,1014.87,88.0,85.8333
1740384000,2025-02-24 08:00:00,2025-02-24 09:00:00,ringsted,5.5,86.5,4.85,0.0,1014.25,86.75,84.4444
1740387600,2025-02-24 09:00:00,2025-02-24 10:00:00,ringsted,6.625,165.5,5.4,0.0,1013.76,83.0,65.5556
1740391200,2025-02-24 10:00:00,2025-02-24 11:00:00,ringsted,7.5,190.5,5.625,0.0,1013.47,81.0,72.5
1740394800,2025-02-24 11:00:00,2025-02-24 12:00:00,ringsted,8.3,191.0,5.55,0.0,1012.83,79.25,92.7778
1740398400,2025-02-24 12:00:00,2025-02-24 13:00:00,ringsted,8.85,191.5,4.975,0.0,1011.83,78.0,85.5556
1740402000,2025-02-24 13:00:00,2025-02-24 14:00:00,ringsted,9.15,134.0,4.975,0.0,1010.95,77.5,89.1667
1740405600,2025-02-24 14:00:00,2025-02-24 15:00:00,ringsted,8.7,84.0,4.8,0.0,1010.2,79.5,95.0
1740409200,2025-02-24 15:00:00,2025-02-24 16:00:00,ringsted,8.55,42.5,5.2,0.075,1009.67,80.75,97.7778
1740412800,2025-02-24 16:00:00,2025-02-24 17:00:00,ringsted,8.675,18.0,4.675,0.075,1009.18,81.25,90.8333
1740416400,2025-02-24 17:00:00,2025-02-24 18:00:00,ringsted,8.525,0.5,4.9,0.1,1008.8,83.5,97.2222
1740420000,2025-02-24 18:00:00,2025-02-24 19:00:00,ringsted,8.75,0.0,5.275,0.0,1008.35,83.0,98.3333
1740423600,2025-02-24 19:00:00,2025-02-24 20:00:00,ringsted,8.975,0.0,5.4,0.2,1008.03,82.0,97.7778
1740427200,2025-02-24 20:00:00,2025-02-24 21:00:00,ringsted,8.65,0.0,5.425,0.325,1007.58,87.0,98.8889
1740430800,2025-02-24 21:00:00,2025-02-24 22:00:00,ringsted,8.275,0.0,5.35,0.25,1007.34,92.25,98.8889
1740434400,2025-02-24 22:00:00,2025-02-24 23:00:00,ringsted,8.25,0.0,5.4,0.375,1007.02,93.25,98.8889
1740438000,2025-02-24 23:00:00,2025-02-25 00:00:00,ringsted,8.125,0.0,5.55,0.05,1006.82,94.0,97.6471
1740441600,2025-02-25 00:00:00,2025-02-25 01:00:00,ringsted,7.95,0.0,5.175,0.1,1007.01,95.0,97.2222
1740445200,2025-02-25 01:00:00,2025-02-25 02:00:00,ringsted,7.675,0.0,4.475,0.0,1007.34,94.75,100.333
1740448800,2025-02-25 02:00:00,2025-02-25 03:00:00,ringsted,6.95,0.0,3.2,0.0,1007.58,96.0,102.056
1740452400,2025-02-25 03:00:00,2025-02-25 04:00:00,ringsted,6.525,0.0,3.25,0.0,1007.65,96.5,103.444
1740456000,2025-02-25 04:00:00,2025-02-25 05:00:00,ringsted,6.2,0.0,3.1,0.0,1007.78,97.5,103.444
1740459600,2025-02-25 05:00:00,2025-02-25 06:00:00,ringsted,6.05,0.0,3.05,0.0,1007.78,98.0,103.444
1740463200,2025-02-25 06:00:00,2025-02-25 07:00:00,ringsted,5.875,0.0,2.775,0.0,1008.12,98.5,104.111
1740466800,2025-02-25 07:00:00,2025-02-25 08:00:00,ringsted,5.85,2.5,3.05,0.0,1008.41,99.0,106.778
1740470400,2025-02-25 08:00:00,2025-02-25 09:00:00,ringsted,6.125,16.0,3.35,0.0,1008.51,99.25,104.611
1740474000,2025-02-25 09:00:00,2025-02-25 10:00:00,ringsted,6.075,48.5,3.7,0.0,1008.59,99.0,104.778
1740477600,2025-02-25 10:00:00,2025-02-25 11:00:00,ringsted,6.1,79.0,3.475,0.0,1008.75,98.5,101.667
1740481200,2025-02-25 11:00:00,2025-02-25 12:00:00,ringsted,6.275,95.5,3.55,0.0,1008.95,97.75,98.8889
1740484800,2025-02-25 12:00:00,2025-02-25 13:00:00,ringsted,6.55,124.0,3.2,0.0,1008.65,96.0,92.7778
1740488400,2025-02-25 13:00:00,2025-02-25 14:00:00,ringsted,7.225,178.0,3.5,0.0,1008.5,91.25,95.5556
1740492000,2025-02-25 14:00:00,2025-02-25 15:00:00,ringsted,7.55,136.5,3.3,0.0,1008.39,88.25,98.8889
1740495600,2025-02-25 15:00:00,2025-02-25 16:00:00,ringsted,7.475,48.0,2.35,0.0,1008.35,87.25,98.3333
1740499200,2025-02-25 16:00:00,2025-02-25 17:00:00,ringsted,7.55,29.5,1.85,0.0,1008.75,86.5,95.2778
1740502800,2025-02-25 17:00:00,2025-02-25 18:00:00,ringsted,7.225,3.0,2.0,0.0,1009.05,87.5,98.8889
1740506400,2025-02-25 18:00:00,2025-02-25 19:00:00,ringsted,6.75,0.0,1.35,0.0,1009.27,90.25,98.3333
1740510000,2025-02-25 19:00:00,2025-02-25 20:00:00,ringsted,6.425,0.0,1.55,0.0,1009.25,91.75,98.8889
1740513600,2025-02-25 20:00:00,2025-02-25 21:00:00,ringsted,6.15,0.0,1.05,0.0,1009.41,93.25,98.3333
1740517200,2025-02-25 21:00:00,2025-02-25 22:00:00,ringsted,5.925,0.0,1.05,0.0,1009.38,94.0,70.5556
1740520800,2025-02-25 22:00:00,2025-02-25 23:00:00,ringsted,5.45,0.0,0.85,0.0,1009.22,94.25,81.1538
1740524400,2025-02-25 23:00:00,2025-02-26 00:00:00,ringsted,4.225,0.0,0.875,0.0,1009.1,97.25,53.4375
1740528000,2025-02-26 00:00:00,2025-02-26 01:00:00,ringsted,3.45,0.0,0.925,0.0,1009.34,98.25,52.5
1740531600,2025-02-26 01:00:00,2025-02-26 02:00:00,ringsted,3.075,0.0,0.75,0.0,1009.52,98.5,101.444
1740535200,2025-02-26 02:00:00,2025-02-26 03:00:00,ringsted,3.1,0.0,0.725,0.0,1009.4,98.5,99.6667
1740538800,2025-02-26 03:00:00,2025-02-26 04:00:00,ringsted,3.0,0.0,0.65,0.0,1009.28,98.5,101.389
1740542400,2025-02-26 04:00:00,2025-02-26 05:00:00,ringsted,2.85,0.0,0.75,0.0,1009.22,98.75,103.444
1740546000,2025-02-26 05:00:00,2025-02-26 06:00:00,ringsted,3.0,0.0,0.6,0.0,1009.39,99.0,103.444
1740549600,2025-02-26 06:00:00,2025-02-26 07:00:00,ringsted,3.575,0.0,0.65,0.0,1009.62,99.0,86.2222
1740553200,2025-02-26 07:00:00,2025-02-26 08:00:00,ringsted,3.85,4.5,1.0,0.0,1009.98,99.25,69.5556
1740556800,2025-02-26 08:00:00,2025-02-26 09:00:00,ringsted,4.25,24.5,0.725,0.0,1010.1,99.5,69.1111
1740560400,2025-02-26 09:00:00,2025-02-26 10:00:00,ringsted,4.6,55.0,1.225,0.0,1010.15,99.25,69.5556
1740564000,2025-02-26 10:00:00,2025-02-26 11:00:00,ringsted,4.725,79.0,1.25,0.0,1010.28,99.0,75.1111
1740567600,2025-02-26 11:00:00,2025-02-26 12:00:00,ringsted,4.9,96.5,1.125,0.075,1010.23,99.0,92.6667
1740571200,2025-02-26 12:00:00,2025-02-26 13:00:00,ringsted,5.15,102.5,1.25,0.375,1009.97,99.0,101.556
1740574800,2025-02-26 13:00:00,2025-02-26 14:00:00,ringsted,5.225,79.5,1.275,0.825,1009.8,98.5,100.889
1740578400,2025-02-26 14:00:00,2025-02-26 15:00:00,ringsted,5.2,59.0,1.525,1.275,1009.77,98.25,98.3333
1740582000,2025-02-26 15:00:00,2025-02-26 16:00:00,ringsted,5.175,52.0,1.3,0.325,1009.82,98.5,98.5556
1740585600,2025-02-26 16:00:00,2025-02-26 17:00:00,ringsted,5.2,32.0,0.975,0.15,1010.05,98.25,103.444
1740589200,2025-02-26 17:00:00,2025-02-26 18:00:00,ringsted,4.9,2.5,1.0,0.075,1010.24,98.5,81.8889
1740592800,2025-02-26 18:00:00,2025-02-26 19:00:00,ringsted,4.575,0.0,1.075,0.15,1010.2,99.25,75.6667
1740596400,2025-02-26 19:00:00,2025-02-26 20:00:00,ringsted,4.4,0.0,0.95,0.075,1010.53,99.25,75.6667
1740600000,2025-02-26 20:00:00,2025-02-26 21:00:00,ringsted,4.325,0.0,0.55,0.05,1010.8,99.5,96.2222
1740603600,2025-02-26 21:00:00,2025-02-26 22:00:00,ringsted,4.325,0.0,0.975,0.0,1010.97,99.25,102.333
1740607200,2025-02-26 22:00:00,2025-02-26 23:00:00,ringsted,4.325,0.0,0.8,0.0,1011.06,99.25,86.2222
1740610800,2025-02-26 23:00:00,2025-02-27 00:00:00,ringsted,4.225,0.0,1.15,0.0,1011.03,98.5,95.2222
1740614400,2025-02-27 00:00:00,2025-02-27 01:00:00,ringsted,3.975,0.0,1.45,0.0,1011.03,98.0,99.4444
1740618000,2025-02-27 01:00:00,2025-02-27 02:00:00,ringsted,3.8,0.0,1.325,0.0,1010.95,98.0,93.8889
1740621600,2025-02-27 02:00:00,2025-02-27 03:00:00,ringsted,3.45,0.0,1.025,0.0,1010.79,98.25,76.6667
1740625200,2025-02-27 03:00:00,2025-02-27 04:00:00,ringsted,3.15,0.0,0.85,0.0,1010.69,98.5,78.0556
1740628800,2025-02-27 04:00:00,2025-02-27 05:00:00,ringsted,2.85,0.0,0.825,0.0,1010.74,99.0,102.889
1740632400,2025-02-27 05:00:00,2025-02-27 06:00:00,ringsted,2.625,0.0,0.825,0.0,1010.8,99.0,102.889
1740636000,2025-02-27 06:00:00,2025-02-27 07:00:00,ringsted,2.5,0.0,1.125,0.0,1010.93,99.0,91.7778
1740639600,2025-02-27 07:00:00,2025-02-27 08:00:00,ringsted,2.45,7.5,1.575,0.0,1011.2,99.25,104.889
1740643200,2025-02-27 08:00:00,2025-02-27 09:00:00,ringsted,2.6,40.0,1.9,0.0,1011.45,99.0,100.833
1740646800,2025-02-27 09:00:00,2025-02-27 10:00:00,ringsted,2.975,75.0,2.325,0.0,1011.8,97.75,105.333
1740650400,2025-02-27 10:00:00,2025-02-27 11:00:00,ringsted,3.125,97.0,2.65,0.0,1012.1,97.25,103.556
1740654000,2025-02-27 11:00:00,2025-02-27 12:00:00,ringsted,3.425,101.0,2.525,0.0,1011.97,96.75,102.222
1740657600,2025-02-27 12:00:00,2025-02-27 13:00:00,ringsted,3.775,140.5,2.225,0.0,1011.81,95.75,97.2222
1740661200,2025-02-27 13:00:00,2025-02-27 14:00:00,ringsted,4.175,146.5,1.825,0.0,1011.75,94.0,95.0
1740664800,2025-02-27 14:00:00,2025-02-27 15:00:00,ringsted,4.325,107.5,2.275,0.0,1011.97,93.0,96.6667
1740668400,2025-02-27 15:00:00,2025-02-27 16:00:00,ringsted,4.275,64.5,2.275,0.0,1012.22,91.5,97.7778
1740672000,2025-02-27 16:00:00,2025-02-27 17:00:00,ringsted,4.3,33.0,2.125,0.0,1012.43,90.75,97.7778
1740675600,2025-02-27 17:00:00,2025-02-27 18:00:00,ringsted,4.15,5.0,1.85,0.0,1012.84,92.0,100.778
1740679200,2025-02-27 18:00:00,2025-02-27 19:00:00,ringsted,3.875,0.0,1.725,0.025,1013.29,94.25,100.444
1740682800,2025-02-27 19:00:00,2025-02-27 20:00:00,ringsted,3.85,0.0,1.6,0.075,1013.76,95.75,98.6667
1740686400,2025-02-27 20:00:00,2025-02-27 21:00:00,ringsted,3.775,0.0,1.425,0.125,1014.17,95.75,101.556
1740690000,2025-02-27 21:00:00,2025-02-27 22:00:00,ringsted,3.65,0.0,1.3,0.375,1014.38,96.5,102.222
1740693600,2025-02-27 22:00:00,2025-02-27 23:00:00,ringsted,3.575,0.0,1.35,0.2,1014.52,97.25,103.444
1740697200,2025-02-27 23:00:00,2025-02-28 00:00:00,ringsted,3.55,0.0,1.9,0.15,1014.66,97.5,102.222
1740700800,2025-02-28 00:00:00,2025-02-28 01:00:00,ringsted,3.5,0.0,1.9,0.275,1014.88,98.0,100.556
1740704400,2025-02-28 01:00:00,2025-02-28 02:00:00,ringsted,3.45,0.0,2.45,0.2,1015.0,98.5,101.778
1740708000,2025-02-28 02:00:00,2025-02-28 03:00:00,ringsted,3.425,0.0,2.475,0.2,1015.22,98.25,100.833
1740711600,2025-02-28 03:00:00,2025-02-28 04:00:00,ringsted,3.35,0.0,2.5,0.125,1015.41,98.5,92.5556
1740715200,2025-02-28 04:00:00,2025-02-28 05:00:00,ringsted,3.3,0.0,2.65,0.275,1015.77,98.5,99.4444
1740718800,2025-02-28 05:00:00,2025-02-28 06:00:00,ringsted,3.225,0.0,2.75,0.175,1015.96,98.5,104.222
1740722400,2025-02-28 06:00:00,2025-02-28 07:00:00,ringsted,3.1,0.0,2.4,0.025,1016.42,98.5,102.889
1740726000,2025-02-28 07:00:00,2025-02-28 08:00:00,ringsted,3.15,5.0,2.35,0.025,1017.1,98.25,78.2222
1740729600,2025-02-28 08:00:00,2025-02-28 09:00:00,ringsted,3.35,20.5,2.55,0.075,1017.7,98.75,80.5556
1740733200,2025-02-28 09:00:00,2025-02-28 10:00:00,ringsted,3.625,44.0,2.5,0.025,1018.33,99.0,86.7778
1740736800,2025-02-28 10:00:00,2025-02-28 11:00:00,ringsted,3.9,36.0,2.75,0.0,1018.97,98.75,103.444
1740740400,2025-02-28 11:00:00,2025-02-28 12:00:00,ringsted,4.25,56.5,2.425,0.0,1018.98,97.5,103.444
1740744000,2025-02-28 12:00:00,2025-02-28 13:00:00,ringsted,4.625,111.0,2.4,0.0,1019.18,95.75,100.222
1740747600,2025-02-28 13:00:00,2025-02-28 14:00:00,ringsted,4.975,91.5,2.4,0.0,1019.43,94.5,98.3333
1740751200,2025-02-28 14:00:00,2025-02-28 15:00:00,ringsted,5.1,99.5,2.575,0.0,1019.76,94.5,99.4444
1740754800,2025-02-28 15:00:00,2025-02-28 16:00:00,ringsted,4.95,31.0,2.55,0.0,1020.25,94.0,97.7778
1740758400,2025-02-28 16:00:00,2025-02-28 17:00:00,ringsted,4.875,20.5,2.55,0.0,1020.73,94.5,96.6667
1740762000,2025-02-28 17:00:00,2025-02-28 18:00:00,ringsted,4.55,4.5,2.475,0.0,1021.25,95.25,96.6667
1740765600,2025-02-28 18:00:00,2025-02-28 19:00:00,ringsted,4.15,0.0,2.7,0.0,1021.72,96.0,82.2222
1740769200,2025-02-28 19:00:00,2025-02-28 20:00:00,ringsted,3.575,0.0,3.175,0.0,1022.26,96.75,88.4444
1740772800,2025-02-28 20:00:00,2025-02-28 21:00:00,ringsted,2.5,0.0,3.425,0.0,1022.61,97.75,74.4444
1740776400,2025-02-28 21:00:00,2025-02-28 22:00:00,ringsted,1.425,0.0,3.575,0.0,1022.7,98.0,72.7778
1740780000,2025-02-28 22:00:00,2025-02-28 23:00:00,ringsted,0.575,0.0,3.675,0.0,1023.02,99.0,83.1111
1740783600,2025-02-28 23:00:00,2025-03-01 00:00:00,ringsted,0.35,0.0,3.575,0.0,1023.28,99.0,104.889
1740787200,2025-03-01 00:00:00,2025-03-01 01:00:00,ringsted,0.375,0.0,3.95,0.0,1023.36,98.75,102.889
1740790800,2025-03-01 01:00:00,2025-03-01 02:00:00,ringsted,0.425,0.0,3.625,0.0,1023.59,98.25,98.8889
1740794400,2025-03-01 02:00:00,2025-03-01 03:00:00,ringsted,0.45,0.0,3.55,0.0,1023.58,97.25,100.889
1740798000,2025-03-01 03:00:00,2025-03-01 04:00:00,ringsted,0.475,0.0,3.575,0.0,1023.76,96.0,101.778
1740801600,2025-03-01 04:00:00,2025-03-01 05:00:00,ringsted,0.425,0.0,3.5,0.0,1023.97,95.5,101.556
1740805200,2025-03-01 05:00:00,2025-03-01 06:00:00,ringsted,0.325,0.0,3.325,0.0,1024.15,95.5,98.3333
1740808800,2025-03-01 06:00:00,2025-03-01 07:00:00,ringsted,0.2,0.0,3.125,0.0,1024.6,96.0,101.0
1740812400,2025-03-01 07:00:00,2025-03-01 08:00:00,ringsted,-0.1,10.0,3.1,0.0,1025.21,96.25,102.778
1740816000,2025-03-01 08:00:00,2025-03-01 09:00:00,ringsted,-0.05,48.5,3.2,0.0,1025.55,96.25,101.0
1740819600,2025-03-01 09:00:00,2025-03-01 10:00:00,ringsted,0.1,96.5,3.075,0.0,1026.07,95.75,102.333
1740823200,2025-03-01 10:00:00,2025-03-01 11:00:00,ringsted,0.325,157.0,3.45,0.0,1026.4,95.75,92.5
1740826800,2025-03-01 11:00:00,2025-03-01 12:00:00,ringsted,1.625,286.5,3.825,0.0,1026.16,91.5,74.1667
1740830400,2025-03-01 12:00:00,2025-03-01 13:00:00,ringsted,2.825,301.0,4.1,0.0,1025.93,88.0,85.4118
1740834000,2025-03-01 13:00:00,2025-03-01 14:00:00,ringsted,3.2,270.5,4.15,0.0,1025.73,89.5,90.0
1740837600,2025-03-01 14:00:00,2025-03-01 15:00:00,ringsted,3.75,305.5,4.2,0.0,1025.74,89.25,48.8889
1740841200,2025-03-01 15:00:00,2025-03-01 16:00:00,ringsted,4.7,246.5,3.675,0.0,1025.84,85.25,24.7222
1740844800,2025-03-01 16:00:00,2025-03-01 17:00:00,ringsted,5.1,136.0,3.35,0.0,1026.03,84.0,4.0625
1740848400,2025-03-01 17:00:00,2025-03-01 18:00:00,ringsted,4.4,30.0,3.125,0.0,1026.29,86.5,2.08333
1740852000,2025-03-01 18:00:00,2025-03-01 19:00:00,ringsted,3.125,0.0,2.725,0.0,1026.39,90.25,19.5833
1740855600,2025-03-01 19:00:00,2025-03-01 20:00:00,ringsted,2.75,0.0,2.375,0.0,1026.29,91.25,49.1667
1740859200,2025-03-01 20:00:00,2025-03-01 21:00:00,ringsted,2.875,0.0,3.15,0.0,1026.45,91.0,71.25
1740862800,2025-03-01 21:00:00,2025-03-01 22:00:00,ringsted,3.025,0.0,3.55,0.0,1026.17,90.75,77.0833
1740866400,2025-03-01 22:00:00,2025-03-01 23:00:00,ringsted,2.725,0.0,3.5,0.0,1025.84,91.5,75.8333
1740870000,2025-03-01 23:00:00,2025-03-02 00:00:00,ringsted,2.2,0.0,3.5,0.0,1025.84,93.75,46.9231
1740873600,2025-03-02 00:00:00,2025-03-02 01:00:00,ringsted,1.975,0.0,3.575,0.0,1025.57,94.75,39.6154
1740877200,2025-03-02 01:00:00,2025-03-02 02:00:00,ringsted,1.95,0.0,4.0,0.0,1025.59,95.25,95.9444
1740880800,2025-03-02 02:00:00,2025-03-02 03:00:00,ringsted,2.85,0.0,4.575,0.0,1025.3,94.5,98.8889
1740884400,2025-03-02 03:00:00,2025-03-02 04:00:00,ringsted,3.35,0.0,4.1,0.0,1024.87,93.5,98.3333
1740888000,2025-03-02 04:00:00,2025-03-02 05:00:00,ringsted,3.675,0.0,4.325,0.0,1024.84,93.25,96.1111
1740891600,2025-03-02 05:00:00,2025-03-02 06:00:00,ringsted,3.825,0.0,4.075,0.0,1025.02,93.5,91.6667
1740895200,2025-03-02 06:00:00,2025-03-02 07:00:00,ringsted,3.925,0.0,3.675,0.0,1025.16,94.0,68.6111
1740898800,2025-03-02 07:00:00,2025-03-02 08:00:00,ringsted,3.95,25.5,3.6,0.0,1025.18,94.75,51.9444
1740902400,2025-03-02 08:00:00,2025-03-02 09:00:00,ringsted,4.375,95.0,3.95,0.0,1025.1,93.5,41.5
1740906000,2025-03-02 09:00:00,2025-03-02 10:00:00,ringsted,5.375,246.0,5.025,0.0,1024.86,90.0,38.6111
1740909600,2025-03-02 10:00:00,2025-03-02 11:00:00,ringsted,6.3,332.0,6.025,0.0,1024.76,84.0,21.7647
1740913200,2025-03-02 11:00:00,2025-03-02 12:00:00,ringsted,7.275,409.0,6.125,0.0,1024.52,76.25,10.5556
1740916800,2025-03-02 12:00:00,2025-03-02 13:00:00,ringsted,7.95,382.0,6.7,0.0,1023.98,69.5,20.5556
1740920400,2025-03-02 13:00:00,2025-03-02 14:00:00,ringsted,8.1,328.5,7.2,0.0,1023.75,68.25,29.4444
1740924000,2025-03-02 14:00:00,2025-03-02 15:00:00,ringsted,8.15,280.0,6.575,0.0,1023.47,70.0,65.5556
1740927600,2025-03-02 15:00:00,2025-03-02 16:00:00,ringsted,8.0,178.5,6.15,0.0,1023.23,71.25,88.8889
1740931200,2025-03-02 16:00:00,2025-03-02 17:00:00,ringsted,7.6,67.0,5.325,0.0,1022.77,71.75,77.5
1740934800,2025-03-02 17:00:00,2025-03-02 18:00:00,ringsted,7.325,16.5,4.85,0.0,1022.78,71.25,95.0
1740938400,2025-03-02 18:00:00,2025-03-02 19:00:00,ringsted,6.775,0.0,4.925,0.0,1022.63,72.25,71.6667
1740942000,2025-03-02 19:00:00,2025-03-02 20:00:00,ringsted,6.0,0.0,4.5,0.0,1022.39,74.75,63.8889
1740945600,2025-03-02 20:00:00,2025-03-02 21:00:00,ringsted,5.7,0.0,5.125,0.0,1022.16,75.0,50.0
1740949200,2025-03-02 21:00:00,2025-03-02 22:00:00,ringsted,5.325,0.0,5.55,0.0,1021.85,75.5,15.0
1740952800,2025-03-02 22:00:00,2025-03-02 23:00:00,ringsted,4.875,0.0,5.375,0.0,1021.53,79.0,63.8889
1740956400,2025-03-02 23:00:00,2025-03-03 00:00:00,ringsted,4.675,0.0,4.75,0.0,1020.89,82.5,22.1875
1740960000,2025-03-03 00:00:00,2025-03-03 01:00:00,ringsted,4.375,0.0,5.225,0.0,1020.47,85.25,56.25
1740963600,2025-03-03 01:00:00,2025-03-03 02:00:00,ringsted,4.225,0.0,5.775,0.0,1020.0,86.5,86.1111
1740967200,2025-03-03 02:00:00,2025-03-03 03:00:00,ringsted,4.1,0.0,5.65,0.0,1019.63,87.25,95.0
1740970800,2025-03-03 03:00:00,2025-03-03 04:00:00,ringsted,4.2,0.0,6.1,0.0,1019.29,87.25,88.3333
1740974400,2025-03-03 04:00:00,2025-03-03 05:00:00,ringsted,4.075,0.0,4.7,0.0,1018.93,88.25,95.0
1740978000,2025-03-03 05:00:00,2025-03-03 06:00:00,ringsted,3.95,0.0,5.4,0.0,1018.68,90.0,98.8889
1740981600,2025-03-03 06:00:00,2025-03-03 07:00:00,ringsted,3.9,0.0,5.45,0.0,1018.58,90.5,99.4444
1740985200,2025-03-03 07:00:00,2025-03-03 08:00:00,ringsted,4.175,10.0,5.875,0.0,1018.68,89.5,98.8889
1740988800,2025-03-03 08:00:00,2025-03-03 09:00:00,ringsted,4.625,52.5,6.225,0.0,1018.54,87.5,97.2222
1740992400,2025-03-03 09:00:00,2025-03-03 10:00:00,ringsted,5.375,124.5,6.625,0.0,1018.6,85.0,90.5556
1740996000,2025-03-03 10:00:00,2025-03-03 11:00:00,ringsted,6.475,284.0,7.3,0.0,1018.65,81.25,66.1111
1740999600,2025-03-03 11:00:00,2025-03-03 12:00:00,ringsted,7.675,364.0,7.55,0.0,1018.35,75.5,61.1111
1741003200,2025-03-03 12:00:00,2025-03-03 13:00:00,ringsted,8.4,319.0,7.625,0.0,1017.92,72.25,81.1111
1741006800,2025-03-03 13:00:00,2025-03-03 14:00:00,ringsted,8.75,287.0,8.2,0.0,1017.87,72.25,85.2778
1741010400,2025-03-03 14:00:00,2025-03-03 15:00:00,ringsted,8.675,209.5,8.075,0.0,1018.11,73.25,96.1111
1741014000,2025-03-03 15:00:00,2025-03-03 16:00:00,ringsted,8.325,99.5,7.625,0.0,1018.12,74.75,88.3333
1741017600,2025-03-03 16:00:00,2025-03-03 17:00:00,ringsted,8.075,68.5,6.325,0.0,1018.23,76.75,92.2222
1741021200,2025-03-03 17:00:00,2025-03-03 18:00:00,ringsted,7.425,10.5,5.825,0.0,1018.47,80.5,99.4444
1741024800,2025-03-03 18:00:00,2025-03-03 19:00:00,ringsted,7.1,0.0,5.525,0.0,1018.36,83.25,97.2222
1741028400,2025-03-03 19:00:00,2025-03-03 20:00:00,ringsted,6.7,0.0,5.975,0.0,1018.64,85.75,96.1111
1741032000,2025-03-03 20:00:00,2025-03-03 21:00:00,ringsted,6.475,0.0,6.075,0.0,1018.63,86.75,96.1111
1741035600,2025-03-03 21:00:00,2025-03-03 22:00:00,ringsted,6.225,0.0,5.8,0.0,1018.31,88.25,96.1111
1741039200,2025-03-03 22:00:00,2025-03-03 23:00:00,ringsted,5.95,0.0,6.175,0.0,1017.98,89.25,96.1111
1741042800,2025-03-03 23:00:00,2025-03-04 00:00:00,ringsted,5.875,0.0,6.325,0.0,1017.74,90.0,98.3333
1741046400,2025-03-04 00:00:00,2025-03-04 01:00:00,ringsted,5.95,0.0,5.85,0.0,1017.21,89.75,95.0
1741050000,2025-03-04 01:00:00,2025-03-04 02:00:00,ringsted,5.9,0.0,6.1,0.0,1016.66,89.75,80.2222
1741053600,2025-03-04 02:00:00,2025-03-04 03:00:00,ringsted,5.6,0.0,6.375,0.0,1016.58,90.75,81.1111
1741057200,2025-03-04 03:00:00,2025-03-04 04:00:00,ringsted,5.5,0.0,6.475,0.0,1016.0,89.75,98.8889
1741060800,2025-03-04 04:00:00,2025-03-04 05:00:00,ringsted,5.475,0.0,6.225,0.0,1016.1,88.75,92.2222
1741064400,2025-03-04 05:00:00,2025-03-04 06:00:00,ringsted,5.2,0.0,5.825,0.0,1016.3,90.25,86.5556
1741068000,2025-03-04 06:00:00,2025-03-04 07:00:00,ringsted,4.975,0.0,5.6,0.0,1016.46,91.5,92.1111
1741071600,2025-03-04 07:00:00,2025-03-04 08:00:00,ringsted,5.1,21.0,5.35,0.0,1016.5,92.0,82.3333
1741075200,2025-03-04 08:00:00,2025-03-04 09:00:00,ringsted,5.425,78.0,5.625,0.0,1016.4,91.25,97.2222
1741078800,2025-03-04 09:00:00,2025-03-04 10:00:00,ringsted,6.125,163.0,6.3,0.0,1016.26,89.25,93.3333
1741082400,2025-03-04 10:00:00,2025-03-04 11:00:00,ringsted,6.825,248.0,6.825,0.0,1016.03,86.5,95.0
1741086000,2025-03-04 11:00:00,2025-03-04 12:00:00,ringsted,7.275,269.0,7.525,0.0,1015.95,85.5,88.6111
1741089600,2025-03-04 12:00:00,2025-03-04 13:00:00,ringsted,8.0,302.5,7.9,0.0,1015.77,83.5,94.1667
1741093200,2025-03-04 13:00:00,2025-03-04 14:00:00,ringsted,8.525,239.5,7.575,0.0,1015.22,82.0,96.6667
1741096800,2025-03-04 14:00:00,2025-03-04 15:00:00,ringsted,9.05,177.5,7.1,0.0,1015.17,80.0,84.4444
1741100400,2025-03-04 15:00:00,2025-03-04 16:00:00,ringsted,9.425,147.5,6.9,0.0,1014.75,78.0,41.1765
1741104000,2025-03-04 16:00:00,2025-03-04 17:00:00,ringsted,9.1,106.5,6.45,0.0,1014.73,79.25,1.66667
1741107600,2025-03-04 17:00:00,2025-03-04 18:00:00,ringsted,8.0,22.5,6.0,0.0,1014.85,83.5,13.125
1741111200,2025-03-04 18:00:00,2025-03-04 19:00:00,ringsted,7.35,0.0,5.875,0.0,1015.11,86.0,1.92308
1741114800,2025-03-04 19:00:00,2025-03-04 20:00:00,ringsted,6.725,0.0,5.7,0.0,1014.91,88.25,0.0
1741118400,2025-03-04 20:00:00,2025-03-04 21:00:00,ringsted,6.2,0.0,5.975,0.0,1014.24,90.0,29.2941
1741122000,2025-03-04 21:00:00,2025-03-04 22:00:00,ringsted,5.75,0.0,6.625,0.0,1013.64,91.25,45.1111
1741125600,2025-03-04 22:00:00,2025-03-04 23:00:00,ringsted,5.3,0.0,6.8,0.0,1013.22,91.75,24.0588
1741129200,2025-03-04 23:00:00,2025-03-05 00:00:00,ringsted,5.15,0.0,6.95,0.0,1012.94,90.0,0.0
1741132800,2025-03-05 00:00:00,2025-03-05 01:00:00,ringsted,5.225,0.0,7.35,0.0,1012.45,86.5,0.0
1741136400,2025-03-05 01:00:00,2025-03-05 02:00:00,ringsted,5.225,0.0,7.725,0.0,1011.95,85.75,0.0
1741140000,2025-03-05 02:00:00,2025-03-05 03:00:00,ringsted,5.1,0.0,7.625,0.0,1011.25,86.25,10.0
1741143600,2025-03-05 03:00:00,2025-03-05 04:00:00,ringsted,5.05,0.0,7.8,0.0,1011.17,84.25,6.25
1741147200,2025-03-05 04:00:00,2025-03-05 05:00:00,ringsted,4.95,0.0,7.35,0.0,1010.88,81.75,4.16667
1741150800,2025-03-05 05:00:00,2025-03-05 06:00:00,ringsted,4.7,0.0,6.65,0.0,1010.58,80.25,6.25
1741154400,2025-03-05 06:00:00,2025-03-05 07:00:00,ringsted,4.525,0.0,6.55,0.0,1010.49,79.75,0.0
1741158000,2025-03-05 07:00:00,2025-03-05 08:00:00,ringsted,4.625,31.0,6.675,0.0,1010.49,78.75,0.0
1741161600,2025-03-05 08:00:00,2025-03-05 09:00:00,ringsted,5.15,86.0,7.325,0.0,1010.8,76.0,3.33333
1741165200,2025-03-05 09:00:00,2025-03-05 10:00:00,ringsted,5.925,182.0,7.65,0.0,1010.86,73.5,0.833333
1741168800,2025-03-05 10:00:00,2025-03-05 11:00:00,ringsted,6.825,246.0,7.725,0.0,1011.01,69.5,5.625
1741172400,2025-03-05 11:00:00,2025-03-05 12:00:00,ringsted,7.825,294.0,7.875,0.0,1010.8,65.0,2.30769
1741176000,2025-03-05 12:00:00,2025-03-05 13:00:00,ringsted,9.05,433.0,8.175,0.0,1010.47,61.0,3.33333
1741179600,2025-03-05 13:00:00,2025-03-05 14:00:00,ringsted,9.95,427.5,8.55,0.0,1010.49,56.75,3.33333
1741183200,2025-03-05 14:00:00,2025-03-05 15:00:00,ringsted,10.25,351.5,8.2,0.0,1010.72,54.75,10.0
1741186800,2025-03-05 15:00:00,2025-03-05 16:00:00,ringsted,10.025,244.0,8.35,0.0,1011.0,55.5,3.33333
1741190400,2025-03-05 16:00:00,2025-03-05 17:00:00,ringsted,9.475,128.0,7.75,0.0,1011.14,56.25,0.0
1741194000,2025-03-05 17:00:00,2025-03-05 18:00:00,ringsted,8.775,33.5,7.25,0.0,1011.47,56.75,21.25
1741197600,2025-03-05 18:00:00,2025-03-05 19:00:00,ringsted,7.725,0.5,6.8,0.0,1012.02,59.25,13.75
1741201200,2025-03-05 19:00:00,2025-03-05 20:00:00,ringsted,7.225,0.0,6.975,0.0,1012.06,60.25,13.75
1741204800,2025-03-05 20:00:00,2025-03-05 21:00:00,ringsted,6.9,0.0,6.725,0.0,1012.27,59.25,0.0
1741208400,2025-03-05 21:00:00,2025-03-05 22:00:00,ringsted,6.65,0.0,6.775,0.0,1012.25,59.75,0.0
1741212000,2025-03-05 22:00:00,2025-03-05 23:00:00,ringsted,6.475,0.0,6.575,0.0,1011.94,59.75,0.0
1741215600,2025-03-05 23:00:00,2025-03-06 00:00:00,ringsted,6.325,0.0,6.5,0.0,1012.09,60.5,0.0
1741219200,2025-03-06 00:00:00,2025-03-06 01:00:00,ringsted,6.125,0.0,5.975,0.0,1012.23,61.75,0.0
1741222800,2025-03-06 01:00:00,2025-03-06 02:00:00,ringsted,5.75,0.0,5.575,0.0,1012.05,63.25,0.0
1741226400,2025-03-06 02:00:00,2025-03-06 03:00:00,ringsted,5.55,0.0,4.55,0.0,1011.85,63.25,0.0
1741230000,2025-03-06 03:00:00,2025-03-06 04:00:00,ringsted,5.3,0.0,4.825,0.0,1011.77,66.5,0.0
1741233600,2025-03-06 04:00:00,2025-03-06 05:00:00,ringsted,4.925,0.0,4.425,0.0,1011.89,71.75,0.0
1741237200,2025-03-06 05:00:00,2025-03-06 06:00:00,ringsted,4.7,0.0,4.55,0.0,1011.8,75.75,0.0
1741240800,2025-03-06 06:00:00,2025-03-06 07:00:00,ringsted,4.35,0.5,4.1,0.0,1011.69,79.25,0.0
1741244400,2025-03-06 07:00:00,2025-03-06 08:00:00,ringsted,4.325,48.0,4.15,0.0,1011.99,81.0,0.0
1741248000,2025-03-06 08:00:00,2025-03-06 09:00:00,ringsted,5.625,175.0,4.475,0.0,1012.2,78.0,0.0
1741251600,2025-03-06 09:00:00,2025-03-06 10:00:00,ringsted,7.35,301.5,4.525,0.0,1012.2,71.0,0.0
1741255200,2025-03-06 10:00:00,2025-03-06 11:00:00,ringsted,8.8,403.0,4.5,0.0,1012.2,66.0,0.0
1741258800,2025-03-06 11:00:00,2025-03-06 12:00:00,ringsted,9.925,469.5,4.925,0.0,1012.14,62.25,0.0
1741262400,2025-03-06 12:00:00,2025-03-06 13:00:00,ringsted,10.7,487.0,5.125,0.0,1011.81,59.5,0.0
1741266000,2025-03-06 13:00:00,2025-03-06 14:00:00,ringsted,11.6,456.5,5.475,0.0,1011.62,55.25,0.0
1741269600,2025-03-06 14:00:00,2025-03-06 15:00:00,ringsted,11.85,384.5,5.55,0.0,1011.5,53.75,0.0
1741273200,2025-03-06 15:00:00,2025-03-06 16:00:00,ringsted,11.7,278.5,5.7,0.0,1011.5,56.0,0.0
1741276800,2025-03-06 16:00:00,2025-03-06 17:00:00,ringsted,11.175,153.0,4.975,0.0,1011.61,58.75,0.0
1741280400,2025-03-06 17:00:00,2025-03-06 18:00:00,ringsted,9.875,36.0,3.8,0.0,1011.88,64.25,0.0
1741284000,2025-03-06 18:00:00,2025-03-06 19:00:00,ringsted,8.325,0.0,2.875,0.0,1012.19,70.5,0.0
1741287600,2025-03-06 19:00:00,2025-03-06 20:00:00,ringsted,6.85,0.0,2.175,0.0,1012.4,76.5,0.0
1741291200,2025-03-06 20:00:00,2025-03-06 21:00:00,ringsted,6.225,0.0,1.95,0.0,1012.53,78.0,0.0
1741294800,2025-03-06 21:00:00,2025-03-06 22:00:00,ringsted,5.675,0.0,2.05,0.0,1012.87,80.0,0.0
1741298400,2025-03-06 22:00:00,2025-03-06 23:00:00,ringsted,5.025,0.0,2.275,0.0,1012.98,82.25,0.0
1741302000,2025-03-06 23:00:00,2025-03-07 00:00:00,ringsted,4.825,0.0,1.875,0.0,1013.0,82.5,0.833333
1741305600,2025-03-07 00:00:00,2025-03-07 01:00:00,ringsted,4.325,0.0,1.55,0.0,1012.93,84.75,5.0
1741309200,2025-03-07 01:00:00,2025-03-07 02:00:00,ringsted,4.2,0.0,1.325,0.0,1012.98,85.25,0.833333
1741312800,2025-03-07 02:00:00,2025-03-07 03:00:00,ringsted,3.825,0.0,1.375,0.0,1012.9,85.75,15.0
1741316400,2025-03-07 03:00:00,2025-03-07 04:00:00,ringsted,3.425,0.0,1.225,0.0,1012.9,86.0,0.0
1741320000,2025-03-07 04:00:00,2025-03-07 05:00:00,ringsted,2.175,0.0,1.175,0.0,1013.06,90.25,0.0
1741323600,2025-03-07 05:00:00,2025-03-07 06:00:00,ringsted,2.125,0.0,1.375,0.0,1013.14,90.25,0.0
1741327200,2025-03-07 06:00:00,2025-03-07 07:00:00,ringsted,2.875,1.0,1.575,0.0,1013.36,87.25,0.0
1741330800,2025-03-07 07:00:00,2025-03-07 08:00:00,ringsted,2.6,52.5,1.225,0.0,1013.64,87.75,0.0
1741334400,2025-03-07 08:00:00,2025-03-07 09:00:00,ringsted,5.4,176.5,0.875,0.0,1013.85,80.75,0.0
1741338000,2025-03-07 09:00:00,2025-03-07 10:00:00,ringsted,9.025,311.0,1.925,0.0,1013.83,68.75,0.0
1741341600,2025-03-07 10:00:00,2025-03-07 11:00:00,ringsted,11.275,392.5,2.5,0.0,1013.83,60.75,0.0
1741345200,2025-03-07 11:00:00,2025-03-07 12:00:00,ringsted,12.275,443.0,3.025,0.0,1013.7,58.0,0.0
1741348800,2025-03-07 12:00:00,2025-03-07 13:00:00,ringsted,12.975,491.0,3.525,0.0,1013.35,55.5,0.0
1741352400,2025-03-07 13:00:00,2025-03-07 14:00:00,ringsted,13.525,451.5,3.825,0.0,1013.05,54.75,0.0
1741356000,2025-03-07 14:00:00,2025-03-07 15:00:00,ringsted,13.625,378.5,3.575,0.0,1012.92,54.5,0.0
1741359600,2025-03-07 15:00:00,2025-03-07 16:00:00,ringsted,13.925,287.0,3.675,0.0,1012.99,51.25,0.0
1741363200,2025-03-07 16:00:00,2025-03-07 17:00:00,ringsted,13.1,159.5,3.525,0.0,1012.9,53.25,0.0
1741366800,2025-03-07 17:00:00,2025-03-07 18:00:00,ringsted,11.0,36.5,2.775,0.0,1013.22,63.0,0.0
1741370400,2025-03-07 18:00:00,2025-03-07 19:00:00,ringsted,9.075,0.5,1.875,0.0,1013.41,70.25,0.0
1741374000,2025-03-07 19:00:00,2025-03-07 20:00:00,ringsted,7.625,0.0,1.075,0.0,1013.5,75.25,0.0
1741377600,2025-03-07 20:00:00,2025-03-07 21:00:00,ringsted,6.925,0.0,0.95,0.0,1013.82,77.75,0.0
1741381200,2025-03-07 21:00:00,2025-03-07 22:00:00,ringsted,6.025,0.0,0.775,0.0,1014.18,81.25,0.0
1741384800,2025-03-07 22:00:00,2025-03-07 23:00:00,ringsted,5.25,0.0,0.825,0.0,1014.42,83.75,0.0
1741388400,2025-03-07 23:00:00,2025-03-08 00:00:00,ringsted,4.925,0.0,0.675,0.0,1014.45,84.75,0.0
1741392000,2025-03-08 00:00:00,2025-03-08 01:00:00,ringsted,4.4,0.0,0.8,0.0,1014.34,86.5,0.0
1741395600,2025-03-08 01:00:00,2025-03-08 02:00:00,ringsted,4.0,0.0,0.75,0.0,1014.12,87.25,10.8333
1741399200,2025-03-08 02:00:00,2025-03-08 03:00:00,ringsted,3.625,0.0,0.85,0.0,1013.88,88.75,40.8333
1741402800,2025-03-08 03:00:00,2025-03-08 04:00:00,ringsted,3.55,0.0,0.5,0.0,1013.88,88.25,15.8333
1741406400,2025-03-08 04:00:00,2025-03-08 05:00:00,ringsted,2.95,0.0,0.725,0.0,1013.99,90.0,0.0
1741410000,2025-03-08 05:00:00,2025-03-08 06:00:00,ringsted,2.8,0.0,1.025,0.0,1013.98,90.75,0.0
1741413600,2025-03-08 06:00:00,2025-03-08 07:00:00,ringsted,2.325,2.0,0.9,0.0,1014.18,91.5,0.0
1741417200,2025-03-08 07:00:00,2025-03-08 08:00:00,ringsted,3.175,68.5,1.05,0.0,1014.58,90.25,0.0
1741420800,2025-03-08 08:00:00,2025-03-08 09:00:00,ringsted,6.7,215.0,0.775,0.0,1015.03,81.0,2.5
1741424400,2025-03-08 09:00:00,2025-03-08 10:00:00,ringsted,10.55,339.0,0.9,0.0,1014.99,68.75,0.0
1741428000,2025-03-08 10:00:00,2025-03-08 11:00:00,ringsted,12.775,426.0,1.025,0.0,1014.87,61.0,0.769231
1741431600,2025-03-08 11:00:00,2025-03-08 12:00:00,ringsted,13.475,484.0,1.725,0.0,1014.72,58.25,26.1111
1741435200,2025-03-08 12:00:00,2025-03-08 13:00:00,ringsted,13.95,468.5,2.075,0.0,1014.24,56.0,3.84615
1741438800,2025-03-08 13:00:00,2025-03-08 14:00:00,ringsted,14.425,464.0,2.275,0.0,1013.57,54.0,0.0
1741442400,2025-03-08 14:00:00,2025-03-08 15:00:00,ringsted,14.725,394.0,2.025,0.0,1013.18,53.0,3.07692
1741446000,2025-03-08 15:00:00,2025-03-08 16:00:00,ringsted,14.575,285.5,2.225,0.0,1012.97,55.25,22.5
1741449600,2025-03-08 16:00:00,2025-03-08 17:00:00,ringsted,13.275,146.5,1.95,0.0,1012.85,60.75,0.769231
1741453200,2025-03-08 17:00:00,2025-03-08 18:00:00,ringsted,11.9,39.5,1.15,0.0,1012.74,65.0,0.0
1741456800,2025-03-08 18:00:00,2025-03-08 19:00:00,ringsted,9.675,0.0,1.05,0.0,1012.9,70.25,0.0
1741460400,2025-03-08 19:00:00,2025-03-08 20:00:00,ringsted,7.55,0.0,0.85,0.0,1012.91,78.25,0.0
1741464000,2025-03-08 20:00:00,2025-03-08 21:00:00,ringsted,6.425,0.0,0.6,0.0,1012.72,82.75,0.0
1741467600,2025-03-08 21:00:00,2025-03-08 22:00:00,ringsted,5.975,0.0,1.075,0.0,1012.73,83.5,0.0
1741471200,2025-03-08 22:00:00,2025-03-08 23:00:00,ringsted,5.45,0.0,1.2,0.0,1012.47,86.5,0.0
1741474800,2025-03-08 23:00:00,2025-03-09 00:00:00,ringsted,5.05,0.0,1.5,0.0,1012.06,87.0,0.833333
1741478400,2025-03-09 00:00:00,2025-03-09 01:00:00,ringsted,4.8,0.0,1.625,0.0,1011.76,86.25,25.0
1741482000,2025-03-09 01:00:00,2025-03-09 02:00:00,ringsted,4.425,0.0,1.675,0.0,1011.26,88.75,10.0
1741485600,2025-03-09 02:00:00,2025-03-09 03:00:00,ringsted,4.2,0.0,1.775,0.0,1010.76,86.5,5.0
1741489200,2025-03-09 03:00:00,2025-03-09 04:00:00,ringsted,4.0,0.0,2.1,0.0,1010.29,84.25,10.8333
1741492800,2025-03-09 04:00:00,2025-03-09 05:00:00,ringsted,4.05,0.0,2.05,0.0,1009.94,83.25,4.16667
1741496400,2025-03-09 05:00:00,2025-03-09 06:00:00,ringsted,3.3,0.0,1.925,0.0,1009.6,86.0,0.0
1741500000,2025-03-09 06:00:00,2025-03-09 07:00:00,ringsted,3.275,2.0,2.35,0.0,1009.51,86.25,0.0
1741503600,2025-03-09 07:00:00,2025-03-09 08:00:00,ringsted,4.6,62.5,2.975,0.0,1009.41,82.75,0.0
1741507200,2025-03-09 08:00:00,2025-03-09 09:00:00,ringsted,6.25,175.5,3.7,0.0,1009.08,77.25,0.833333
1741510800,2025-03-09 09:00:00,2025-03-09 10:00:00,ringsted,8.05,306.0,3.975,0.0,1008.53,70.75,1.66667
1741514400,2025-03-09 10:00:00,2025-03-09 11:00:00,ringsted,9.55,379.0,3.675,0.0,1008.02,65.25,1.66667
1741518000,2025-03-09 11:00:00,2025-03-09 12:00:00,ringsted,11.125,448.5,3.65,0.0,1007.44,59.0,1.66667
1741521600,2025-03-09 12:00:00,2025-03-09 13:00:00,ringsted,12.025,492.5,4.25,0.0,1006.6,54.75,3.33333
1741525200,2025-03-09 13:00:00,2025-03-09 14:00:00,ringsted,12.625,421.0,4.225,0.0,1005.71,51.75,3.33333
1741528800,2025-03-09 14:00:00,2025-03-09 15:00:00,ringsted,13.025,364.5,4.475,0.0,1004.7,49.25,2.5
1741532400,2025-03-09 15:00:00,2025-03-09 16:00:00,ringsted,12.95,222.5,4.775,0.0,1003.92,48.25,0.0
1741536000,2025-03-09 16:00:00,2025-03-09 17:00:00,ringsted,12.25,128.5,5.0,0.0,1003.56,49.25,0.833333
1741539600,2025-03-09 17:00:00,2025-03-09 18:00:00,ringsted,10.675,37.5,4.85,0.0,1003.32,54.5,0.0
1741543200,2025-03-09 18:00:00,2025-03-09 19:00:00,ringsted,9.025,0.5,4.325,0.0,1003.11,61.75,0.0
1741546800,2025-03-09 19:00:00,2025-03-09 20:00:00,ringsted,7.875,0.0,4.275,0.0,1002.75,66.5,0.0
1741550400,2025-03-09 20:00:00,2025-03-09 21:00:00,ringsted,7.025,0.0,4.125,0.0,1002.36,69.25,10.8333
1741554000,2025-03-09 21:00:00,2025-03-09 22:00:00,ringsted,6.325,0.0,4.175,0.0,1001.88,71.75,6.66667
1741557600,2025-03-09 22:00:00,2025-03-09 23:00:00,ringsted,5.575,0.0,3.55,0.0,1001.29,74.75,0.0
1741561200,2025-03-09 23:00:00,2025-03-10 00:00:00,ringsted,4.975,0.0,2.8,0.0,1000.63,77.75,0.0
1741564800,2025-03-10 00:00:00,2025-03-10 01:00:00,ringsted,4.45,0.0,3.15,0.0,1000.1,80.5,0.0
1741568400,2025-03-10 01:00:00,2025-03-10 02:00:00,ringsted,3.925,0.0,3.075,0.0,999.508,83.25,0.0
1741572000,2025-03-10 02:00:00,2025-03-10 03:00:00,ringsted,3.425,0.0,2.375,0.0,999.042,85.5,0.0
1741575600,2025-03-10 03:00:00,2025-03-10 04:00:00,ringsted,2.9,0.0,2.25,0.0,998.496,87.25,0.0
1741579200,2025-03-10 04:00:00,2025-03-10 05:00:00,ringsted,2.56667,0.0,2.8,0.0,998.055,87.6667,0.0
1741582800,2025-03-10 05:00:00,2025-03-10 06:00:00,ringsted,2.4,0.0,2.8,0.0,998.046,90.0,0.0
1741586400,2025-03-10 06:00:00,2025-03-10 07:00:00,ringsted,1.775,2.0,2.05,0.0,997.987,91.75,0.0
1741590000,2025-03-10 07:00:00,2025-03-10 08:00:00,ringsted,2.0,51.5,2.425,0.0,997.912,91.75,0.0
1741593600,2025-03-10 08:00:00,2025-03-10 09:00:00,ringsted,3.275,157.0,2.75,0.0,997.783,89.25,21.1765
1741597200,2025-03-10 09:00:00,2025-03-10 10:00:00,ringsted,4.375,273.5,2.45,0.0,997.537,85.25,8.125
1741600800,2025-03-10 10:00:00,2025-03-10 11:00:00,ringsted,5.825,366.0,2.2,0.0,997.367,79.5,0.833333
1741604400,2025-03-10 11:00:00,2025-03-10 12:00:00,ringsted,7.275,430.5,2.275,0.0,996.9,74.5,0.0
1741608000,2025-03-10 12:00:00,2025-03-10 13:00:00,ringsted,8.55,453.0,2.175,0.0,996.333,70.5,0.0
1741611600,2025-03-10 13:00:00,2025-03-10 14:00:00,ringsted,10.025,432.5,2.2,0.0,995.996,64.75,0.0
1741615200,2025-03-10 14:00:00,2025-03-10 15:00:00,ringsted,10.85,364.0,2.5,0.0,995.624,62.5,0.0
1741618800,2025-03-10 15:00:00,2025-03-10 16:00:00,ringsted,10.1,283.0,3.6,0.0,995.904,67.0,0.0
1741622400,2025-03-10 16:00:00,2025-03-10 17:00:00,ringsted,9.2,146.5,3.45,0.0,996.196,69.25,0.0
1741626000,2025-03-10 17:00:00,2025-03-10 18:00:00,ringsted,8.0,39.5,3.325,0.0,996.45,72.0,0.0
1741629600,2025-03-10 18:00:00,2025-03-10 19:00:00,ringsted,6.55,0.5,3.625,0.0,996.396,75.0,0.0
1741633200,2025-03-10 19:00:00,2025-03-10 20:00:00,ringsted,5.6,0.0,3.725,0.0,996.375,81.25,0.0
1741636800,2025-03-10 20:00:00,2025-03-10 21:00:00,ringsted,5.325,0.0,3.525,0.0,996.396,86.0,5.0
1741640400,2025-03-10 21:00:00,2025-03-10 22:00:00,ringsted,4.275,0.0,2.65,0.0,996.537,90.25,21.25
1741644000,2025-03-10 22:00:00,2025-03-10 23:00:00,ringsted,3.875,0.0,2.35,0.0,996.521,94.0,56.0
1741647600,2025-03-10 23:00:00,2025-03-11 00:00:00,ringsted,3.325,0.0,2.675,0.0,996.575,96.75,54.9231
1741651200,2025-03-11 00:00:00,2025-03-11 01:00:00,ringsted,3.15,0.0,3.375,0.0,996.683,98.5,70.1111
1741654800,2025-03-11 01:00:00,2025-03-11 02:00:00,ringsted,3.2,0.0,3.3,0.0,996.546,98.75,70.1111
1741658400,2025-03-11 02:00:00,2025-03-11 03:00:00,ringsted,3.2,0.0,2.275,0.0,996.283,99.0,70.1111
1741662000,2025-03-11 03:00:00,2025-03-11 04:00:00,ringsted,3.1,0.0,1.65,0.0,996.254,99.25,70.1111
1741665600,2025-03-11 04:00:00,2025-03-11 05:00:00,ringsted,2.675,0.0,2.025,0.0,996.429,99.25,70.1111
1741669200,2025-03-11 05:00:00,2025-03-11 06:00:00,ringsted,2.475,0.0,2.05,0.0,996.579,99.5,70.1111
1741672800,2025-03-11 06:00:00,2025-03-11 07:00:00,ringsted,2.475,0.5,2.025,0.0,996.658,99.5,70.1111
1741676400,2025-03-11 07:00:00,2025-03-11 08:00:00,ringsted,2.575,12.5,1.9,0.0,996.725,99.5,80.6667
1741680000,2025-03-11 08:00:00,2025-03-11 09:00:00,ringsted,2.8,40.0,2.425,0.0,996.767,99.5,91.0
1741683600,2025-03-11 09:00:00,2025-03-11 10:00:00,ringsted,2.95,54.0,2.95,0.0,996.725,99.25,80.625
1741687200,2025-03-11 10:00:00,2025-03-11 11:00:00,ringsted,3.175,60.5,3.2,0.0,996.604,99.0,99.3333
1741690800,2025-03-11 11:00:00,2025-03-11 12:00:00,ringsted,3.375,73.0,3.6,0.0,996.525,98.5,98.8889
1741694400,2025-03-11 12:00:00,2025-03-11 13:00:00,ringsted,3.625,69.5,4.125,0.0,996.233,97.5,98.3333
1741698000,2025-03-11 13:00:00,2025-03-11 14:00:00,ringsted,3.65,50.0,4.25,0.0,995.787,96.0,97.7778
1741701600,2025-03-11 14:00:00,2025-03-11 15:00:00,ringsted,3.725,51.0,4.1,0.0,995.539,94.5,97.0588
1741705200,2025-03-11 15:00:00,2025-03-11 16:00:00,ringsted,3.625,37.5,3.875,0.025,995.392,95.0,102.889
1741708800,2025-03-11 16:00:00,2025-03-11 17:00:00,ringsted,3.35,18.5,4.275,0.0333333,995.173,96.75,81.5
1741712400,2025-03-11 17:00:00,2025-03-11 18:00:00,ringsted,3.13333,3.0,4.43333,0.1,995.304,97.6667,79.3333
1741716000,2025-03-11 18:00:00,2025-03-11 19:00:00,ringsted,3.025,0.0,3.875,0.025,995.086,97.0,76.1111
1741719600,2025-03-11 19:00:00,2025-03-11 20:00:00,ringsted,3.025,0.0,4.25,0.05,994.95,97.25,78.5294
1741723200,2025-03-11 20:00:00,2025-03-11 21:00:00,ringsted,3.05,0.0,4.65,0.125,994.692,97.75,100.5
1741726800,2025-03-11 21:00:00,2025-03-11 22:00:00,ringsted,3.025,0.0,4.95,0.35,994.479,97.75,101.778
1741730400,2025-03-11 22:00:00,2025-03-11 23:00:00,ringsted,2.95,0.0,4.75,1.775,994.183,97.75,102.333
1741734000,2025-03-11 23:00:00,2025-03-12 00:00:00,ringsted,3.05,0.0,4.125,0.575,993.746,97.75,102.333
1741737600,2025-03-12 00:00:00,2025-03-12 01:00:00,ringsted,3.06667,0.0,4.0,0.2,993.309,98.3333,102.222
1741741200,2025-03-12 01:00:00,2025-03-12 02:00:00,ringsted,3.075,0.0,3.475,0.05,993.004,98.25,87.6111
1741744800,2025-03-12 02:00:00,2025-03-12 03:00:00,ringsted,3.1,0.0,3.175,0.075,992.533,98.25,64.4444
1741748400,2025-03-12 03:00:00,2025-03-12 04:00:00,ringsted,2.875,0.0,2.55,0.05,992.446,98.25,63.6667
1741752000,2025-03-12 04:00:00,2025-03-12 05:00:00,ringsted,2.65,0.0,1.975,0.025,992.388,98.0,95.0556
1741755600,2025-03-12 05:00:00,2025-03-12 06:00:00,ringsted,1.975,0.0,1.45,0.0,992.588,98.5,81.6667
1741759200,2025-03-12 06:00:00,2025-03-12 07:00:00,ringsted,2.025,1.5,1.475,0.0,992.75,99.0,94.4444
1741762800,2025-03-12 07:00:00,2025-03-12 08:00:00,ringsted,2.125,27.5,1.575,0.0,992.925,99.0,94.4444
1741766400,2025-03-12 08:00:00,2025-03-12 09:00:00,ringsted,3.025,80.5,2.4,0.025,992.983,98.25,98.3333
1741770000,2025-03-12 09:00:00,2025-03-12 10:00:00,ringsted,3.575,98.5,2.825,0.0,993.225,93.75,96.6667
1741773600,2025-03-12 10:00:00,2025-03-12 11:00:00,ringsted,4.175,211.5,2.75,0.025,993.325,88.0,94.4444
1741777200,2025-03-12 11:00:00,2025-03-12 12:00:00,ringsted,4.625,140.0,3.25,0.0,993.5,84.0,87.2222
1741780800,2025-03-12 12:00:00,2025-03-12 13:00:00,ringsted,4.675,209.0,3.7,0.125,993.371,81.5,93.3333
1741784400,2025-03-12 13:00:00,2025-03-12 14:00:00,ringsted,4.825,242.5,3.825,0.075,993.358,79.5,96.1111
1741788000,2025-03-12 14:00:00,2025-03-12 15:00:00,ringsted,5.125,245.0,4.05,0.0,993.4,75.5,87.2222
1741791600,2025-03-12 15:00:00,2025-03-12 16:00:00,ringsted,5.6,266.5,3.35,0.0,993.465,69.25,41.6667
1741795200,2025-03-12 16:00:00,2025-03-12 17:00:00,ringsted,5.35,118.0,3.725,0.0,993.696,71.25,63.0556
1741798800,2025-03-12 17:00:00,2025-03-12 18:00:00,ringsted,4.475,22.5,2.775,0.0,993.987,76.75,82.5
1741802400,2025-03-12 18:00:00,2025-03-12 19:00:00,ringsted,3.9,0.5,2.45,0.0,994.192,80.25,94.4444
1741806000,2025-03-12 19:00:00,2025-03-12 20:00:00,ringsted,3.875,0.0,2.2,0.0,994.196,82.75,89.7222
1741809600,2025-03-12 20:00:00,2025-03-12 21:00:00,ringsted,3.65,0.0,2.15,0.0,993.925,84.0,66.6667
1741813200,2025-03-12 21:00:00,2025-03-12 22:00:00,ringsted,3.05,0.0,1.95,0.0,993.829,87.0,80.0
1741816800,2025-03-12 22:00:00,2025-03-12 23:00:00,ringsted,2.175,0.0,2.05,0.0,993.671,90.5,90.2778
1741820400,2025-03-12 23:00:00,2025-03-13 00:00:00,ringsted,2.25,0.0,2.325,0.0,993.579,91.5,76.9444
1741824000,2025-03-13 00:00:00,2025-03-13 01:00:00,ringsted,2.125,0.0,2.075,0.0,993.5,92.5,71.5385
1741827600,2025-03-13 01:00:00,2025-03-13 02:00:00,ringsted,1.85,0.0,1.85,0.0,993.362,94.25,65.8333
1741831200,2025-03-13 02:00:00,2025-03-13 03:00:00,ringsted,1.175,0.0,1.85,0.0,993.079,95.25,35.8333
1741834800,2025-03-13 03:00:00,2025-03-13 04:00:00,ringsted,0.45,0.0,1.425,0.0,992.871,96.5,83.3333
1741838400,2025-03-13 04:00:00,2025-03-13 05:00:00,ringsted,0.675,0.0,1.15,0.0,992.625,97.0,96.1111
1741842000,2025-03-13 05:00:00,2025-03-13 06:00:00,ringsted,1.025,0.0,1.05,0.0,992.633,96.5,98.3333
1741845600,2025-03-13 06:00:00,2025-03-13 07:00:00,ringsted,1.175,2.0,1.05,0.0,992.725,95.75,95.2778
1741849200,2025-03-13 07:00:00,2025-03-13 08:00:00,ringsted,1.7,56.5,0.55,0.0,993.025,96.25,98.3333
1741852800,2025-03-13 08:00:00,2025-03-13 09:00:00,ringsted,2.825,93.0,1.225,0.0,993.096,94.25,96.6667
1741856400,2025-03-13 09:00:00,2025-03-13 10:00:00,ringsted,3.975,164.0,1.85,0.0,992.908,86.5,96.1111
1741860000,2025-03-13 10:00:00,2025-03-13 11:00:00,ringsted,4.525,174.0,2.4,0.0,992.721,78.5,87.7778
1741863600,2025-03-13 11:00:00,2025-03-13 12:00:00,ringsted,4.725,272.0,2.85,0.0,992.595,78.25,81.1111
1741867200,2025-03-13 12:00:00,2025-03-13 13:00:00,ringsted,4.6,238.0,2.675,0.0,992.487,77.75,95.5556
1741870800,2025-03-13 13:00:00,2025-03-13 14:00:00,ringsted,4.575,163.5,2.6,0.025,992.446,76.5,92.2222
1741874400,2025-03-13 14:00:00,2025-03-13 15:00:00,ringsted,4.3,171.5,3.0,0.175,992.625,78.75,69.7222
1741878000,2025-03-13 15:00:00,2025-03-13 16:00:00,ringsted,4.5,271.0,2.5,0.025,992.958,76.0,56.1111
1741881600,2025-03-13 16:00:00,2025-03-13 17:00:00,ringsted,3.75,126.5,3.1,0.225,993.417,80.5,78.8889
1741885200,2025-03-13 17:00:00,2025-03-13 18:00:00,ringsted,3.075,24.0,2.3,0.0,993.929,85.5,91.3889
1741888800,2025-03-13 18:00:00,2025-03-13 19:00:00,ringsted,2.2,0.5,1.825,0.175,994.4,90.25,82.1667
1741892400,2025-03-13 19:00:00,2025-03-13 20:00:00,ringsted,1.63333,0.0,1.36667,0.0,995.004,92.0,51.0
1741896000,2025-03-13 20:00:00,2025-03-13 21:00:00,ringsted,1.05,0.0,1.45,0.0,995.491,95.75,50.0
1741899600,2025-03-13 21:00:00,2025-03-13 22:00:00,ringsted,1.1,0.0,1.7,0.0,995.673,94.0,59.1667
1741903200,2025-03-13 22:00:00,2025-03-13 23:00:00,ringsted,1.025,0.0,1.375,0.0,996.05,95.0,50.1176
1741906800,2025-03-13 23:00:00,2025-03-14 00:00:00,ringsted,1.075,0.0,1.375,0.0,996.433,95.75,44.2857
1741910400,2025-03-14 00:00:00,2025-03-14 01:00:00,ringsted,0.5,0.0,0.85,0.0,996.804,96.5,55.0
1741914000,2025-03-14 01:00:00,2025-03-14 02:00:00,ringsted,0.175,0.0,1.025,0.0,997.088,97.25,64.6667
1741917600,2025-03-14 02:00:00,2025-03-14 03:00:00,ringsted,-0.125,0.0,1.125,0.0,997.487,97.25,90.0
1741921200,2025-03-14 03:00:00,2025-03-14 04:00:00,ringsted,0.125,0.0,1.0,0.0,997.987,97.0,86.6667
1741924800,2025-03-14 04:00:00,2025-03-14 05:00:00,ringsted,0.625,0.0,1.6,0.0,998.396,96.5,98.3333
1741928400,2025-03-14 05:00:00,2025-03-14 06:00:00,ringsted,0.725,0.0,2.05,0.0,999.192,96.75,98.3333
1741932000,2025-03-14 06:00:00,2025-03-14 07:00:00,ringsted,0.675,6.0,1.625,0.0,1000.03,97.0,95.0
1741935600,2025-03-14 07:00:00,2025-03-14 08:00:00,ringsted,1.125,53.5,1.3,0.0,1000.9,95.5,95.8824
1741939200,2025-03-14 08:00:00,2025-03-14 09:00:00,ringsted,1.8,86.0,3.1,0.025,1001.58,92.25,95.5556
1741942800,2025-03-14 09:00:00,2025-03-14 10:00:00,ringsted,2.4,150.5,3.325,0.0,1002.22,88.5,94.4444
1741946400,2025-03-14 10:00:00,2025-03-14 11:00:00,ringsted,3.05,188.5,3.225,0.0,1003.02,83.25,98.8889
1741950000,2025-03-14 11:00:00,2025-03-14 12:00:00,ringsted,3.2,226.5,3.3,0.0,1003.82,80.75,94.4444
1741953600,2025-03-14 12:00:00,2025-03-14 13:00:00,ringsted,3.275,224.5,3.675,0.0,1004.57,81.5,92.2222
1741957200,2025-03-14 13:00:00,2025-03-14 14:00:00,ringsted,2.8,169.0,4.125,0.075,1005.18,84.5,78.3333
1741960800,2025-03-14 14:00:00,2025-03-14 15:00:00,ringsted,2.7,167.5,3.875,0.1,1006.08,81.75,94.4444
1741964400,2025-03-14 15:00:00,2025-03-14 16:00:00,ringsted,2.725,172.0,3.95,0.0,1006.83,80.75,91.6667
1741968000,2025-03-14 16:00:00,2025-03-14 17:00:00,ringsted,2.6,143.5,4.375,0.0,1007.73,78.75,76.1111
1741971600,2025-03-14 17:00:00,2025-03-14 18:00:00,ringsted,2.275,60.0,4.125,0.0,1008.91,78.75,66.3889
1741975200,2025-03-14 18:00:00,2025-03-14 19:00:00,ringsted,1.65,2.5,3.075,0.0,1009.85,80.25,55.2778
1741978800,2025-03-14 19:00:00,2025-03-14 20:00:00,ringsted,1.25,0.0,2.375,0.0,1010.91,82.25,64.1176
1741982400,2025-03-14 20:00:00,2025-03-14 21:00:00,ringsted,1.0,0.0,2.25,0.0,1011.51,84.5,75.8333
1741986000,2025-03-14 21:00:00,2025-03-14 22:00:00,ringsted,0.675,0.0,2.4,0.0,1012.26,85.25,65.5556
1741989600,2025-03-14 22:00:00,2025-03-14 23:00:00,ringsted,0.15,0.0,1.9,0.0,1013.03,85.0,36.1111
1741993200,2025-03-14 23:00:00,2025-03-15 00:00:00,ringsted,-0.7,0.0,2.225,0.0,1013.69,87.5,8.33333
1741996800,2025-03-15 00:00:00,2025-03-15 01:00:00,ringsted,-1.275,0.0,2.35,0.0,1014.29,88.0,0.0
1742000400,2025-03-15 01:00:00,2025-03-15 02:00:00,ringsted,-1.425,0.0,2.375,0.0,1014.53,87.0,1.92308
1742004000,2025-03-15 02:00:00,2025-03-15 03:00:00,ringsted,-1.7,0.0,2.275,0.0,1014.87,86.75,12.5
1742007600,2025-03-15 03:00:00,2025-03-15 04:00:00,ringsted,-2.2,0.0,1.875,0.0,1015.33,88.25,28.6111
1742011200,2025-03-15 04:00:00,2025-03-15 05:00:00,ringsted,-2.3,0.0,1.525,0.0,1015.97,88.75,24.2857
1742014800,2025-03-15 05:00:00,2025-03-15 06:00:00,ringsted,-2.425,0.0,1.325,0.0,1016.67,89.75,10.5882
1742018400,2025-03-15 06:00:00,2025-03-15 07:00:00,ringsted,-2.725,7.5,1.45,0.0,1017.3,91.25,0.833333
1742022000,2025-03-15 07:00:00,2025-03-15 08:00:00,ringsted,-1.6,106.5,1.2,0.0,1017.93,87.75,0.0
1742025600,2025-03-15 08:00:00,2025-03-15 09:00:00,ringsted,0.85,252.0,0.875,0.0,1018.4,79.25,0.0
1742029200,2025-03-15 09:00:00,2025-03-15 10:00:00,ringsted,2.85,385.0,1.1,0.0,1018.55,66.75,0.0
1742032800,2025-03-15 10:00:00,2025-03-15 11:00:00,ringsted,3.975,488.0,0.9,0.0,1018.46,58.75,0.0
1742036400,2025-03-15 11:00:00,2025-03-15 12:00:00,ringsted,4.725,552.0,0.95,0.0,1018.24,54.75,0.0
1742040000,2025-03-15 12:00:00,2025-03-15 13:00:00,ringsted,5.45,563.0,1.325,0.0,1017.95,54.5,1.92308
1742043600,2025-03-15 13:00:00,2025-03-15 14:00:00,ringsted,5.85,546.0,1.975,0.0,1017.63,53.0,21.3889
1742047200,2025-03-15 14:00:00,2025-03-15 15:00:00,ringsted,6.225,484.0,2.6,0.0,1017.2,54.25,15.0
1742050800,2025-03-15 15:00:00,2025-03-15 16:00:00,ringsted,6.2,352.0,3.05,0.0,1017.05,56.25,16.6667
1742054400,2025-03-15 16:00:00,2025-03-15 17:00:00,ringsted,5.925,226.5,3.275,0.0,1016.9,58.0,0.0
1742058000,2025-03-15 17:00:00,2025-03-15 18:00:00,ringsted,4.85,86.0,2.825,0.0,1016.85,55.25,0.0
1742061600,2025-03-15 18:00:00,2025-03-15 19:00:00,ringsted,2.9,2.5,1.875,0.0,1016.98,65.0,0.0
1742065200,2025-03-15 19:00:00,2025-03-15 20:00:00,ringsted,0.9,0.0,2.03333,0.0,1016.9,79.3333,0.0
1742068800,2025-03-15 20:00:00,2025-03-15 21:00:00,ringsted,0.85,0.0,2.225,0.0,1016.79,76.25,0.833333
1742072400,2025-03-15 21:00:00,2025-03-15 22:00:00,ringsted,1.0,0.0,2.55,0.0,1016.8,80.25,40.4167
1742076000,2025-03-15 22:00:00,2025-03-15 23:00:00,ringsted,1.3,0.0,2.525,0.0,1016.28,82.25,48.3333
1742079600,2025-03-15 23:00:00,2025-03-16 00:00:00,ringsted,1.275,0.0,2.5,0.0,1015.65,83.0,41.6667
1742083200,2025-03-16 00:00:00,2025-03-16 01:00:00,ringsted,1.1,0.0,2.775,0.0,1015.32,85.5,30.8333
1742086800,2025-03-16 01:00:00,2025-03-16 02:00:00,ringsted,0.825,0.0,2.6,0.0,1014.86,88.5,44.5833
1742090400,2025-03-16 02:00:00,2025-03-16 03:00:00,ringsted,1.05,0.0,2.925,0.0,1014.4,90.25,38.3333
1742094000,2025-03-16 03:00:00,2025-03-16 04:00:00,ringsted,1.15,0.0,2.9,0.0,1014.02,92.0,9.58333
1742097600,2025-03-16 04:00:00,2025-03-16 05:00:00,ringsted,1.225,0.0,3.025,0.0,1013.72,93.25,64.5833
1742101200,2025-03-16 05:00:00,2025-03-16 06:00:00,ringsted,1.55,0.0,3.175,0.0,1013.51,93.25,73.2353
1742104800,2025-03-16 06:00:00,2025-03-16 07:00:00,ringsted,2.05,5.5,3.5,0.0,1013.28,93.0,93.3333
1742108400,2025-03-16 07:00:00,2025-03-16 08:00:00,ringsted,2.9,59.0,3.7,0.0,1013.1,91.5,69.7222
1742112000,2025-03-16 08:00:00,2025-03-16 09:00:00,ringsted,3.825,151.0,4.05,0.0,1012.97,89.25,88.6111
1742115600,2025-03-16 09:00:00,2025-03-16 10:00:00,ringsted,4.675,119.0,4.95,0.0,1012.69,87.75,98.8889
1742119200,2025-03-16 10:00:00,2025-03-16 11:00:00,ringsted,5.35,181.5,5.425,0.0,1012.28,86.25,82.2222
1742122800,2025-03-16 11:00:00,2025-03-16 12:00:00,ringsted,6.375,321.5,5.725,0.025,1012.08,83.25,91.6667
1742126400,2025-03-16 12:00:00,2025-03-16 13:00:00,ringsted,7.125,256.5,6.2,0.0,1012.04,78.75,97.2222
1742130000,2025-03-16 13:00:00,2025-03-16 14:00:00,ringsted,7.575,216.5,6.15,0.0,1012.09,74.5,83.0556
1742133600,2025-03-16 14:00:00,2025-03-16 15:00:00,ringsted,8.05,328.5,5.4,0.0,1012.2,69.25,46.6667
1742137200,2025-03-16 15:00:00,2025-03-16 16:00:00,ringsted,8.375,323.0,5.475,0.0,1012.61,63.75,29.0625
1742140800,2025-03-16 16:00:00,2025-03-16 17:00:00,ringsted,7.85,219.5,5.75,0.0,1013.37,62.0,21.9231
1742144400,2025-03-16 17:00:00,2025-03-16 18:00:00,ringsted,6.775,85.5,5.0,0.0,1014.92,69.5,22.1429
1742148000,2025-03-16 18:00:00,2025-03-16 19:00:00,ringsted,5.3,4.0,4.7,0.0,1016.49,68.0,17.8125
1742151600,2025-03-16 19:00:00,2025-03-16 20:00:00,ringsted,4.125,0.0,5.475,0.0,1017.94,55.0,1.66667
1742155200,2025-03-16 20:00:00,2025-03-16 21:00:00,ringsted,3.125,0.0,5.55,0.0,1019.27,47.75,0.0
1742158800,2025-03-16 21:00:00,2025-03-16 22:00:00,ringsted,2.55,0.0,5.325,0.0,1020.42,47.5,0.0
1742162400,2025-03-16 22:00:00,2025-03-16 23:00:00,ringsted,2.1,0.0,5.15,0.0,1021.39,45.5,0.0
1742166000,2025-03-16 23:00:00,2025-03-17 00:00:00,ringsted,1.5,0.0,4.125,0.0,1022.31,44.5,0.0
1742169600,2025-03-17 00:00:00,2025-03-17 01:00:00,ringsted,0.775,0.0,3.6,0.0,1023.25,47.75,0.0
1742173200,2025-03-17 01:00:00,2025-03-17 02:00:00,ringsted,-0.025,0.0,3.175,0.0,1024.05,54.5,0.0
1742176800,2025-03-17 02:00:00,2025-03-17 03:00:00,ringsted,-0.125,0.0,3.125,0.0,1024.64,55.0,0.0
1742180400,2025-03-17 03:00:00,2025-03-17 04:00:00,ringsted,-0.95,0.0,2.55,0.0,1025.28,56.0,0.0
1742184000,2025-03-17 04:00:00,2025-03-17 05:00:00,ringsted,-1.55,0.0,2.1,0.0,1025.99,58.75,0.0
1742187600,2025-03-17 05:00:00,2025-03-17 06:00:00,ringsted,-2.775,0.0,1.925,0.0,1026.55,63.5,0.0
1742191200,2025-03-17 06:00:00,2025-03-17 07:00:00,ringsted,-3.275,12.5,1.65,0.0,1027.35,68.0,0.0
1742194800,2025-03-17 07:00:00,2025-03-17 08:00:00,ringsted,-1.675,125.0,1.275,0.0,1027.97,65.75,0.0
1742198400,2025-03-17 08:00:00,2025-03-17 09:00:00,ringsted,0.85,274.0,1.775,0.0,1028.35,54.75,0.0
1742202000,2025-03-17 09:00:00,2025-03-17 10:00:00,ringsted,2.5,409.5,2.025,0.0,1028.67,40.25,0.0
1742205600,2025-03-17 10:00:00,2025-03-17 11:00:00,ringsted,3.525,511.0,2.95,0.0,1028.6,35.25,0.0
1742209200,2025-03-17 11:00:00,2025-03-17 12:00:00,ringsted,4.25,570.5,3.65,0.0,1028.46,33.75,0.0
1742212800,2025-03-17 12:00:00,2025-03-17 13:00:00,ringsted,4.775,588.0,4.15,0.0,1028.3,34.75,0.0
1742216400,2025-03-17 13:00:00,2025-03-17 14:00:00,ringsted,5.2,559.5,3.775,0.0,1027.99,35.75,0.0
1742220000,2025-03-17 14:00:00,2025-03-17 15:00:00,ringsted,5.425,473.0,3.775,0.0,1027.7,37.25,0.0
1742223600,2025-03-17 15:00:00,2025-03-17 16:00:00,ringsted,5.225,350.0,4.325,0.0,1027.47,36.0,0.0
1742227200,2025-03-17 16:00:00,2025-03-17 17:00:00,ringsted,4.8,210.5,4.325,0.0,1027.19,33.75,0.0
1742230800,2025-03-17 17:00:00,2025-03-17 18:00:00,ringsted,3.875,72.5,2.875,0.0,1026.99,35.25,0.0
1742234400,2025-03-17 18:00:00,2025-03-17 19:00:00,ringsted,2.275,5.0,2.225,0.0,1026.79,47.5,0.0
1742238000,2025-03-17 19:00:00,2025-03-17 20:00:00,ringsted,1.175,0.0,2.8,0.0,1026.62,58.0,0.0
1742241600,2025-03-17 20:00:00,2025-03-17 21:00:00,ringsted,0.9,0.0,2.7,0.0,1026.76,63.0,0.0
1742245200,2025-03-17 21:00:00,2025-03-17 22:00:00,ringsted,0.75,0.0,2.45,0.0,1026.77,66.75,0.0
1742248800,2025-03-17 22:00:00,2025-03-17 23:00:00,ringsted,0.425,0.0,2.55,0.0,1026.34,70.25,0.0
1742252400,2025-03-17 23:00:00,2025-03-18 00:00:00,ringsted,0.225,0.0,2.7,0.0,1026.04,72.25,0.0
1742256000,2025-03-18 00:00:00,2025-03-18 01:00:00,ringsted,0.35,0.0,2.875,0.0,1026.0,75.0,0.0
1742259600,2025-03-18 01:00:00,2025-03-18 02:00:00,ringsted,0.475,0.0,3.1,0.0,1025.61,76.5,17.5
1742263200,2025-03-18 02:00:00,2025-03-18 03:00:00,ringsted,0.5,0.0,3.225,0.0,1025.19,77.25,0.833333
1742266800,2025-03-18 03:00:00,2025-03-18 04:00:00,ringsted,0.7,0.0,3.65,0.0,1024.87,77.5,44.375
1742270400,2025-03-18 04:00:00,2025-03-18 05:00:00,ringsted,0.875,0.0,3.5,0.0,1024.58,80.25,51.6667
1742274000,2025-03-18 05:00:00,2025-03-18 06:00:00,ringsted,0.95,0.0,3.675,0.0,1024.54,82.0,56.4706
1742277600,2025-03-18 06:00:00,2025-03-18 07:00:00,ringsted,1.3,17.5,3.325,0.0,1024.71,84.0,82.1875
1742281200,2025-03-18 07:00:00,2025-03-18 08:00:00,ringsted,1.85,46.5,3.65,0.0,1024.98,84.75,98.3333
1742284800,2025-03-18 08:00:00,2025-03-18 09:00:00,ringsted,2.8,100.0,3.875,0.0,1025.1,83.25,98.8889
1742288400,2025-03-18 09:00:00,2025-03-18 10:00:00,ringsted,3.85,189.5,4.575,0.0,1024.9,80.0,97.7778
1742292000,2025-03-18 10:00:00,2025-03-18 11:00:00,ringsted,4.725,252.0,5.35,0.025,1024.82,76.75,93.8889
1742295600,2025-03-18 11:00:00,2025-03-18 12:00:00,ringsted,5.375,250.0,5.35,0.0,1024.85,73.5,95.0
1742299200,2025-03-18 12:00:00,2025-03-18 13:00:00,ringsted,5.825,242.0,5.15,0.0,1024.65,71.5,95.0
1742302800,2025-03-18 13:00:00,2025-03-18 14:00:00,ringsted,6.3,254.0,5.23333,0.0,1024.36,68.0,95.0
1742306400,2025-03-18 14:00:00,2025-03-18 15:00:00,ringsted,6.3,220.5,5.025,0.0,1024.12,68.25,94.4444
1742310000,2025-03-18 15:00:00,2025-03-18 16:00:00,ringsted,6.45,156.5,4.825,0.0,1023.78,67.0,91.9444
1742313600,2025-03-18 16:00:00,2025-03-18 17:00:00,ringsted,6.2,90.0,4.175,0.0,1023.44,69.0,96.1111
1742317200,2025-03-18 17:00:00,2025-03-18 18:00:00,ringsted,5.85,38.5,3.325,0.0,1023.26,71.25,98.8889
1742320800,2025-03-18 18:00:00,2025-03-18 19:00:00,ringsted,5.35,2.0,2.65,0.0,1023.25,74.25,97.7778
1742324400,2025-03-18 19:00:00,2025-03-18 20:00:00,ringsted,4.85,0.0,2.875,0.0,1023.13,77.0,96.6667
1742328000,2025-03-18 20:00:00,2025-03-18 21:00:00,ringsted,4.625,0.0,2.725,0.0,1023.04,78.25,77.2222
1742331600,2025-03-18 21:00:00,2025-03-18 22:00:00,ringsted,3.625,0.0,2.425,0.0,1023.01,81.75,28.0556
1742335200,2025-03-18 22:00:00,2025-03-18 23:00:00,ringsted,2.725,0.0,2.5,0.0,1022.83,84.75,0.769231
1742338800,2025-03-18 23:00:00,2025-03-19 00:00:00,ringsted,1.95,0.0,2.375,0.0,1022.78,86.75,0.0
1742342400,2025-03-19 00:00:00,2025-03-19 01:00:00,ringsted,1.225,0.0,2.25,0.0,1022.65,88.25,44.5833
1742346000,2025-03-19 01:00:00,2025-03-19 02:00:00,ringsted,1.0,0.0,2.475,0.0,1022.42,89.25,85.0
1742349600,2025-03-19 02:00:00,2025-03-19 03:00:00,ringsted,1.5,0.0,2.75,0.0,1022.43,87.75,99.4444
1742353200,2025-03-19 03:00:00,2025-03-19 04:00:00,ringsted,2.025,0.0,3.1,0.0,1022.39,85.5,99.4444
1742356800,2025-03-19 04:00:00,2025-03-19 05:00:00,ringsted,2.25,0.0,3.375,0.0,1022.39,84.75,99.4444
1742360400,2025-03-19 05:00:00,2025-03-19 06:00:00,ringsted,2.35,0.0,3.55,0.0,1022.45,84.0,97.7778
1742364000,2025-03-19 06:00:00,2025-03-19 07:00:00,ringsted,2.225,5.5,4.05,0.0,1022.9,84.5,98.8889
1742367600,2025-03-19 07:00:00,2025-03-19 08:00:00,ringsted,2.325,35.5,4.25,0.0,1023.12,84.5,98.8889
1742371200,2025-03-19 08:00:00,2025-03-19 09:00:00,ringsted,2.7,85.0,4.45,0.0,1023.26,83.5,94.4444
1742374800,2025-03-19 09:00:00,2025-03-19 10:00:00,ringsted,3.475,223.0,4.225,0.0,1023.16,81.0,43.6111
1742378400,2025-03-19 10:00:00,2025-03-19 11:00:00,ringsted,4.65,479.0,3.5,0.0,1023.02,75.75,1.66667
1742382000,2025-03-19 11:00:00,2025-03-19 12:00:00,ringsted,5.85,570.0,2.65,0.0,1022.6,71.5,0.0
1742385600,2025-03-19 12:00:00,2025-03-19 13:00:00,ringsted,6.675,593.0,2.35,0.0,1021.97,68.5,0.0
1742389200,2025-03-19 13:00:00,2025-03-19 14:00:00,ringsted,7.7,564.0,2.15,0.0,1021.5,63.25,0.0
1742392800,2025-03-19 14:00:00,2025-03-19 15:00:00,ringsted,8.5,494.0,2.3,0.0,1021.21,58.75,0.0
1742396400,2025-03-19 15:00:00,2025-03-19 16:00:00,ringsted,8.925,373.0,2.875,0.0,1020.95,57.25,0.0
1742400000,2025-03-19 16:00:00,2025-03-19 17:00:00,ringsted,8.65,246.5,3.15,0.0,1020.65,55.5,0.0
1742403600,2025-03-19 17:00:00,2025-03-19 18:00:00,ringsted,7.6,99.5,2.825,0.0,1020.59,58.25,0.0
1742407200,2025-03-19 18:00:00,2025-03-19 19:00:00,ringsted,5.075,5.5,1.875,0.0,1020.69,65.75,0.0
1742410800,2025-03-19 19:00:00,2025-03-19 20:00:00,ringsted,3.25,0.0,1.325,0.0,1020.63,70.25,0.0
1742414400,2025-03-19 20:00:00,2025-03-19 21:00:00,ringsted,1.85,0.0,1.0,0.0,1020.55,75.75,0.0
1742418000,2025-03-19 21:00:00,2025-03-19 22:00:00,ringsted,0.8,0.0,0.9,0.0,1020.5,78.25,0.0
1742421600,2025-03-19 22:00:00,2025-03-19 23:00:00,ringsted,-0.4,0.0,1.05,0.0,1020.28,82.0,0.0
1742425200,2025-03-19 23:00:00,2025-03-20 00:00:00,ringsted,-0.45,0.0,0.975,0.0,1020.12,80.25,0.0
1742428800,2025-03-20 00:00:00,2025-03-20 01:00:00,ringsted,-0.8,0.0,0.9,0.0,1019.81,80.0,0.0
1742432400,2025-03-20 01:00:00,2025-03-20 02:00:00,ringsted,-0.8,0.0,1.3,0.0,1019.25,78.75,0.0
1742436000,2025-03-20 02:00:00,2025-03-20 03:00:00,ringsted,-0.65,0.0,1.225,0.0,1018.77,76.25,0.0
1742439600,2025-03-20 03:00:00,2025-03-20 04:00:00,ringsted,-0.95,0.0,1.35,0.0,1018.28,76.75,0.0
1742443200,2025-03-20 04:00:00,2025-03-20 05:00:00,ringsted,-0.725,0.0,1.575,0.0,1017.85,77.5,0.0
1742446800,2025-03-20 05:00:00,2025-03-20 06:00:00,ringsted,-0.65,0.0,1.4,0.0,1017.68,79.25,0.0
1742450400,2025-03-20 06:00:00,2025-03-20 07:00:00,ringsted,-0.475,19.0,1.225,0.0,1017.79,80.75,0.0
1742454000,2025-03-20 07:00:00,2025-03-20 08:00:00,ringsted,1.175,130.0,1.275,0.0,1017.79,79.0,8.33333
1742457600,2025-03-20 08:00:00,2025-03-20 09:00:00,ringsted,4.7,256.5,2.475,0.0,1017.75,70.0,23.8889
1742461200,2025-03-20 09:00:00,2025-03-20 10:00:00,ringsted,7.525,364.5,3.025,0.0,1017.73,58.25,19.0
1742464800,2025-03-20 10:00:00,2025-03-20 11:00:00,ringsted,10.25,479.5,3.4,0.0,1017.37,44.5,46.4706
1742468400,2025-03-20 11:00:00,2025-03-20 12:00:00,ringsted,11.875,487.0,4.125,0.0,1016.42,40.25,61.1111
1742472000,2025-03-20 12:00:00,2025-03-20 13:00:00,ringsted,12.925,388.5,3.95,0.0,1015.61,40.5,89.6429
1742475600,2025-03-20 13:00:00,2025-03-20 14:00:00,ringsted,13.5667,304.0,3.96667,0.0,1015.0,39.6667,82.9167
1742479200,2025-03-20 14:00:00,2025-03-20 15:00:00,ringsted,14.1,232.0,3.63333,0.0,1014.75,41.3333,77.9167
1742482800,2025-03-20 15:00:00,2025-03-20 16:00:00,ringsted,13.9,296.0,3.3,0.0,1014.51,43.6667,35.8333
1742486400,2025-03-20 16:00:00,2025-03-20 17:00:00,ringsted,13.9,60.0,3.26667,0.0,1014.44,44.6667,40.0
1742490000,2025-03-20 17:00:00,2025-03-20 18:00:00,ringsted,12.4,18.0,1.7,0.0,1014.67,50.0,46.6667
1742493600,2025-03-20 18:00:00,2025-03-20 19:00:00,ringsted,9.9,0.0,1.26667,0.0,1015.07,55.6667,34.5455
1742497200,2025-03-20 19:00:00,2025-03-20 20:00:00,ringsted,7.7,0.0,0.966667,0.0,1015.3,63.0,1.66667
1742500800,2025-03-20 20:00:00,2025-03-20 21:00:00,ringsted,6.26667,0.0,1.0,0.0,1015.5,68.6667,0.0
1742504400,2025-03-20 21:00:00,2025-03-20 22:00:00,ringsted,5.03333,0.0,0.266667,0.0,1015.83,73.0,0.0
1742508000,2025-03-20 22:00:00,2025-03-20 23:00:00,ringsted,3.53333,0.0,0.5,0.0,1015.85,77.3333,0.0
1742511600,2025-03-20 23:00:00,2025-03-21 00:00:00,ringsted,2.93333,0.0,0.633333,0.0,1016.03,78.3333,0.0
1742515200,2025-03-21 00:00:00,2025-03-21 01:00:00,ringsted,2.36667,0.0,1.3,0.0,1016.39,76.6667,0.0
1742518800,2025-03-21 01:00:00,2025-03-21 02:00:00,ringsted,1.96667,0.0,0.833333,0.0,1016.38,74.6667,0.0
1742522400,2025-03-21 02:00:00,2025-03-21 03:00:00,ringsted,2.7,0.0,1.4,0.0,1016.38,66.3333,0.0
1742526000,2025-03-21 03:00:00,2025-03-21 04:00:00,ringsted,2.9,0.0,1.36667,0.0,1016.67,64.6667,0.0
1742529600,2025-03-21 04:00:00,2025-03-21 05:00:00,ringsted,2.13333,0.0,1.33333,0.0,1017.03,68.0,1.66667
1742533200,2025-03-21 05:00:00,2025-03-21 06:00:00,ringsted,1.96667,0.0,1.9,0.0,1017.52,69.3333,30.0
1742536800,2025-03-21 06:00:00,2025-03-21 07:00:00,ringsted,2.13333,57.0,2.46667,0.0,1017.9,69.0,1.66667
1742540400,2025-03-21 07:00:00,2025-03-21 08:00:00,ringsted,3.36667,148.0,2.5,0.0,1018.24,68.0,0.0
1742544000,2025-03-21 08:00:00,2025-03-21 09:00:00,ringsted,5.33333,268.0,3.26667,0.0,1018.63,62.3333,0.0
1742547600,2025-03-21 09:00:00,2025-03-21 10:00:00,ringsted,6.975,392.5,4.65,0.0,1019.13,54.25,0.0
1742551200,2025-03-21 10:00:00,2025-03-21 11:00:00,ringsted,8.3,500.0,5.375,0.0,1019.39,51.0,0.0
1742554800,2025-03-21 11:00:00,2025-03-21 12:00:00,ringsted,9.25,564.5,5.35,0.0,1019.33,50.0,0.0
1742558400,2025-03-21 12:00:00,2025-03-21 13:00:00,ringsted,9.75,589.0,5.75,0.0,1019.07,50.0,0.0
1742562000,2025-03-21 13:00:00,2025-03-21 14:00:00,ringsted,9.775,567.0,6.65,0.0,1018.8,48.0,0.0
1742565600,2025-03-21 14:00:00,2025-03-21 15:00:00,ringsted,9.575,492.5,7.1,0.0,1018.56,48.75,0.0
1742569200,2025-03-21 15:00:00,2025-03-21 16:00:00,ringsted,9.125,382.0,7.325,0.0,1018.62,51.5,0.0
1742572800,2025-03-21 16:00:00,2025-03-21 17:00:00,ringsted,8.3,246.0,6.725,0.0,1018.53,55.75,0.0
1742576400,2025-03-21 17:00:00,2025-03-21 18:00:00,ringsted,6.85,103.0,6.725,0.0,1018.59,61.75,0.0
1742580000,2025-03-21 18:00:00,2025-03-21 19:00:00,ringsted,5.35,6.5,6.575,0.0,1018.71,67.25,0.0
1742583600,2025-03-21 19:00:00,2025-03-21 20:00:00,ringsted,5.0,0.0,7.2,0.0,1018.76,66.6667,0.769231
1742587200,2025-03-21 20:00:00,2025-03-21 21:00:00,ringsted,3.65,0.0,7.225,0.0,1019.01,80.25,22.0588
1742590800,2025-03-21 21:00:00,2025-03-21 22:00:00,ringsted,2.675,0.0,7.0,0.0,1018.97,87.25,40.5556
1742594400,2025-03-21 22:00:00,2025-03-21 23:00:00,ringsted,2.325,0.0,8.1,0.0,1018.74,89.5,40.2778
1742598000,2025-03-21 23:00:00,2025-03-22 00:00:00,ringsted,2.225,0.0,8.175,0.0,1018.42,88.5,54.1667
1742601600,2025-03-22 00:00:00,2025-03-22 01:00:00,ringsted,2.175,0.0,8.6,0.0,1018.21,88.25,52.2222
1742605200,2025-03-22 01:00:00,2025-03-22 02:00:00,ringsted,2.1,0.0,8.975,0.0,1017.67,87.25,24.7222
1742608800,2025-03-22 02:00:00,2025-03-22 03:00:00,ringsted,2.025,0.0,8.275,0.0,1017.46,86.75,2.94118
1742612400,2025-03-22 03:00:00,2025-03-22 04:00:00,ringsted,2.0,0.0,7.45,0.0,1017.48,87.0,13.3333
1742616000,2025-03-22 04:00:00,2025-03-22 05:00:00,ringsted,2.175,0.0,7.45,0.0,1017.45,87.5,13.0556
1742619600,2025-03-22 05:00:00,2025-03-22 06:00:00,ringsted,2.35,0.0,6.65,0.0,1017.39,87.25,18.8889
1742623200,2025-03-22 06:00:00,2025-03-22 07:00:00,ringsted,2.85,24.5,7.25,0.0,1017.22,86.25,1.42857
1742626800,2025-03-22 07:00:00,2025-03-22 08:00:00,ringsted,3.75,136.5,8.225,0.025,1017.39,85.0,6.66667
1742630400,2025-03-22 08:00:00,2025-03-22 09:00:00,ringsted,5.1,282.5,7.975,0.0,1017.34,79.75,1.42857
1742634000,2025-03-22 09:00:00,2025-03-22 10:00:00,ringsted,6.475,423.0,8.675,0.0,1017.36,72.25,0.0
1742637600,2025-03-22 10:00:00,2025-03-22 11:00:00,ringsted,7.6,530.5,9.225,0.0,1017.24,65.5,0.0
1742641200,2025-03-22 11:00:00,2025-03-22 12:00:00,ringsted,8.225,592.5,9.95,0.0,1017.05,61.75,0.0
1742644800,2025-03-22 12:00:00,2025-03-22 13:00:00,ringsted,8.65,606.0,10.55,0.0,1016.36,59.0,0.0
1742648400,2025-03-22 13:00:00,2025-03-22 14:00:00,ringsted,9.275,579.5,10.65,0.0,1015.71,53.75,0.0
1742652000,2025-03-22 14:00:00,2025-03-22 15:00:00,ringsted,9.25,504.5,10.325,0.0,1015.01,53.25,0.0
1742655600,2025-03-22 15:00:00,2025-03-22 16:00:00,ringsted,8.95,386.5,9.7,0.0,1014.12,54.5,0.0
1742659200,2025-03-22 16:00:00,2025-03-22 17:00:00,ringsted,8.45,249.5,9.95,0.0,1013.42,54.75,0.0
1742662800,2025-03-22 17:00:00,2025-03-22 18:00:00,ringsted,7.6,103.5,9.9,0.0,1013.16,57.25,0.833333
1742666400,2025-03-22 18:00:00,2025-03-22 19:00:00,ringsted,6.1,9.5,10.3,0.0,1013.12,65.0,0.0
1742670000,2025-03-22 19:00:00,2025-03-22 20:00:00,ringsted,5.125,0.0,9.2,0.0,1012.48,74.0,0.0
1742673600,2025-03-22 20:00:00,2025-03-22 21:00:00,ringsted,5.0,0.0,9.15,0.0,1012.09,77.25,10.4167
1742677200,2025-03-22 21:00:00,2025-03-22 22:00:00,ringsted,5.275,0.0,7.85,0.0,1011.55,77.5,49.0625
1742680800,2025-03-22 22:00:00,2025-03-22 23:00:00,ringsted,5.625,0.0,6.825,0.0,1010.88,77.25,46.9444
1742684400,2025-03-22 23:00:00,2025-03-23 00:00:00,ringsted,5.9,0.0,7.0,0.0,1010.33,76.25,35.8333
1742688000,2025-03-23 00:00:00,2025-03-23 01:00:00,ringsted,6.575,0.0,7.9,0.0,1009.64,71.0,50.2778
1742691600,2025-03-23 01:00:00,2025-03-23 02:00:00,ringsted,6.875,0.0,8.225,0.0,1008.97,67.25,47.5
1742695200,2025-03-23 02:00:00,2025-03-23 03:00:00,ringsted,6.825,0.0,7.825,0.0,1008.57,66.0,75.2778
1742698800,2025-03-23 03:00:00,2025-03-23 04:00:00,ringsted,6.675,0.0,8.175,0.0,1008.35,66.5,89.4444
1742702400,2025-03-23 04:00:00,2025-03-23 05:00:00,ringsted,6.4,0.0,7.975,0.0,1008.34,67.75,59.375
1742706000,2025-03-23 05:00:00,2025-03-23 06:00:00,ringsted,5.85,0.0,8.1,0.0,1008.38,70.75,40.0
1742709600,2025-03-23 06:00:00,2025-03-23 07:00:00,ringsted,5.45,23.0,7.85,0.0,1008.18,73.25,0.833333
1742713200,2025-03-23 07:00:00,2025-03-23 08:00:00,ringsted,5.925,128.5,7.775,0.0,1008.24,71.75,0.0
1742716800,2025-03-23 08:00:00,2025-03-23 09:00:00,ringsted,6.925,266.5,8.3,0.0,1008.05,67.0,0.0
1742720400,2025-03-23 09:00:00,2025-03-23 10:00:00,ringsted,7.65,378.5,8.85,0.0,1008.11,64.25,7.5
1742724000,2025-03-23 10:00:00,2025-03-23 11:00:00,ringsted,8.25,471.0,9.175,0.0,1007.99,62.0,28.3333
1742727600,2025-03-23 11:00:00,2025-03-23 12:00:00,ringsted,8.725,493.0,9.325,0.0,1007.72,61.0,6.66667
1742731200,2025-03-23 12:00:00,2025-03-23 13:00:00,ringsted,9.125,548.5,9.375,0.0,1007.33,61.0,0.0
1742734800,2025-03-23 13:00:00,2025-03-23 14:00:00,ringsted,9.35,545.5,8.725,0.0,1006.98,61.5,0.769231
1742738400,2025-03-23 14:00:00,2025-03-23 15:00:00,ringsted,9.175,466.5,8.625,0.0,1006.75,61.5,9.375
1742742000,2025-03-23 15:00:00,2025-03-23 16:00:00,ringsted,8.675,338.5,9.125,0.0,1006.72,63.0,2.5
1742745600,2025-03-23 16:00:00,2025-03-23 17:00:00,ringsted,7.725,230.0,8.225,0.0,1007.06,66.5,0.769231
1742749200,2025-03-23 17:00:00,2025-03-23 18:00:00,ringsted,6.55,97.5,7.075,0.0,1007.18,71.25,0.0
1742752800,2025-03-23 18:00:00,2025-03-23 19:00:00,ringsted,5.325,6.5,6.575,0.0,1007.42,76.5,0.0
1742756400,2025-03-23 19:00:00,2025-03-23 20:00:00,ringsted,4.65,0.0,5.8,0.0,1007.55,79.75,0.0
1742760000,2025-03-23 20:00:00,2025-03-23 21:00:00,ringsted,4.4,0.0,5.625,0.0,1007.6,81.0,0.769231
1742763600,2025-03-23 21:00:00,2025-03-23 22:00:00,ringsted,4.175,0.0,4.725,0.0,1007.46,82.75,21.9444
1742767200,2025-03-23 22:00:00,2025-03-23 23:00:00,ringsted,4.15,0.0,4.25,0.0,1007.2,83.5,40.5556
1742770800,2025-03-23 23:00:00,2025-03-24 00:00:00,ringsted,4.05,0.0,4.1,0.0,1006.88,84.25,28.2353
1742774400,2025-03-24 00:00:00,2025-03-24 01:00:00,ringsted,3.95,0.0,4.15,0.0,1006.66,85.75,58.9286
1742778000,2025-03-24 01:00:00,2025-03-24 02:00:00,ringsted,3.875,0.5,4.0,0.0,1006.5,86.25,65.2778
1742781600,2025-03-24 02:00:00,2025-03-24 03:00:00,ringsted,3.725,0.0,3.6,0.0,1006.38,87.5,77.2222
1742785200,2025-03-24 03:00:00,2025-03-24 04:00:00,ringsted,3.775,0.0,3.65,0.0,1006.22,87.5,83.8889
1742788800,2025-03-24 04:00:00,2025-03-24 05:00:00,ringsted,4.0,0.0,3.45,0.0,1006.37,87.25,94.4444
1742792400,2025-03-24 05:00:00,2025-03-24 06:00:00,ringsted,3.975,0.0,3.35,0.0,1006.68,88.0,96.6667
1742796000,2025-03-24 06:00:00,2025-03-24 07:00:00,ringsted,4.1,16.0,2.975,0.0,1007.09,87.5,93.3333
1742799600,2025-03-24 07:00:00,2025-03-24 08:00:00,ringsted,4.6,57.0,3.0,0.0,1007.45,85.75,93.8889
1742803200,2025-03-24 08:00:00,2025-03-24 09:00:00,ringsted,5.35,147.5,3.425,0.0,1007.88,83.0,83.6111
1742806800,2025-03-24 09:00:00,2025-03-24 10:00:00,ringsted,6.25,248.5,3.925,0.0,1008.03,78.5,52.7778
1742810400,2025-03-24 10:00:00,2025-03-24 11:00:00,ringsted,7.4,322.5,4.0,0.0,1008.38,73.5,62.5
1742814000,2025-03-24 11:00:00,2025-03-24 12:00:00,ringsted,8.325,381.5,3.575,0.0,1008.52,69.0,56.3889
1742817600,2025-03-24 12:00:00,2025-03-24 13:00:00,ringsted,9.525,508.0,3.325,0.0,1008.79,63.75,45.5556
1742821200,2025-03-24 13:00:00,2025-03-24 14:00:00,ringsted,10.275,336.5,3.95,0.0,1009.18,57.25,82.2222
1742824800,2025-03-24 14:00:00,2025-03-24 15:00:00,ringsted,9.925,254.0,3.65,0.0,1009.62,56.0,53.0556
1742828400,2025-03-24 15:00:00,2025-03-24 16:00:00,ringsted,9.8,310.5,3.55,0.0,1009.62,58.5,3.57143
1742832000,2025-03-24 16:00:00,2025-03-24 17:00:00,ringsted,9.45,213.0,2.925,0.0,1009.85,60.0,0.0
1742835600,2025-03-24 17:00:00,2025-03-24 18:00:00,ringsted,8.35,86.5,2.55,0.0,1010.04,64.25,0.0
1742839200,2025-03-24 18:00:00,2025-03-24 19:00:00,ringsted,6.55,10.5,1.925,0.0,1010.33,72.25,0.0
1742842800,2025-03-24 19:00:00,2025-03-24 20:00:00,ringsted,5.075,0.0,1.575,0.0,1010.42,77.5,0.0
1742846400,2025-03-24 20:00:00,2025-03-24 21:00:00,ringsted,4.325,0.0,1.4,0.0,1010.81,81.75,0.0
1742850000,2025-03-24 21:00:00,2025-03-24 22:00:00,ringsted,3.325,0.0,1.075,0.0,1011.02,87.5,0.0
1742853600,2025-03-24 22:00:00,2025-03-24 23:00:00,ringsted,2.8,0.0,1.225,0.0,1010.85,89.5,0.0
1742857200,2025-03-24 23:00:00,2025-03-25 00:00:00,ringsted,2.425,0.0,1.225,0.0,1010.74,91.0,0.0
1742860800,2025-03-25 00:00:00,2025-03-25 01:00:00,ringsted,2.15,0.0,1.325,0.0,1010.53,92.75,0.0
1742864400,2025-03-25 01:00:00,2025-03-25 02:00:00,ringsted,1.8,0.0,1.0,0.0,1010.22,93.75,0.0
1742868000,2025-03-25 02:00:00,2025-03-25 03:00:00,ringsted,1.325,0.0,0.925,0.0,1009.97,95.25,0.769231
1742871600,2025-03-25 03:00:00,2025-03-25 04:00:00,ringsted,1.125,0.0,0.975,0.0,1009.69,95.75,36.6667
1742875200,2025-03-25 04:00:00,2025-03-25 05:00:00,ringsted,1.375,0.0,1.7,0.0,1009.68,96.5,67.7778
1742878800,2025-03-25 05:00:00,2025-03-25 06:00:00,ringsted,2.225,0.0,2.025,0.0,1009.77,96.75,59.8333
1742882400,2025-03-25 06:00:00,2025-03-25 07:00:00,ringsted,2.925,17.5,2.7,0.0,1009.99,96.5,67.3333
1742886000,2025-03-25 07:00:00,2025-03-25 08:00:00,ringsted,3.6,54.5,4.05,0.025,1010.22,95.0,87.8333
1742889600,2025-03-25 08:00:00,2025-03-25 09:00:00,ringsted,4.05,84.0,4.7,0.0,1010.45,95.25,97.2222
1742893200,2025-03-25 09:00:00,2025-03-25 10:00:00,ringsted,5.025,213.5,4.875,0.0,1010.52,93.0,68.8889
1742896800,2025-03-25 10:00:00,2025-03-25 11:00:00,ringsted,6.475,378.0,5.1,0.0,1010.39,85.0,48.8889
1742900400,2025-03-25 11:00:00,2025-03-25 12:00:00,ringsted,7.375,260.5,5.5,0.0,1010.32,80.25,83.3333
1742904000,2025-03-25 12:00:00,2025-03-25 13:00:00,ringsted,7.275,171.0,5.775,0.025,1010.15,82.75,67.5
1742907600,2025-03-25 13:00:00,2025-03-25 14:00:00,ringsted,7.45,214.0,6.35,0.05,1009.64,83.0,85.2778
1742911200,2025-03-25 14:00:00,2025-03-25 15:00:00,ringsted,7.575,142.0,5.925,0.45,1009.34,84.75,95.0
1742914800,2025-03-25 15:00:00,2025-03-25 16:00:00,ringsted,7.475,94.0,5.725,0.325,1008.91,88.0,93.8889
1742918400,2025-03-25 16:00:00,2025-03-25 17:00:00,ringsted,7.625,66.0,5.625,0.2,1008.69,89.0,96.6667
1742922000,2025-03-25 17:00:00,2025-03-25 18:00:00,ringsted,7.9,30.0,5.05,0.025,1008.84,87.75,96.6667
1742925600,2025-03-25 18:00:00,2025-03-25 19:00:00,ringsted,7.975,7.0,5.325,0.025,1009.09,87.75,97.7778
1742929200,2025-03-25 19:00:00,2025-03-25 20:00:00,ringsted,7.875,0.0,5.15,0.0,1009.38,88.75,98.8889
1742932800,2025-03-25 20:00:00,2025-03-25 21:00:00,ringsted,7.625,0.0,5.025,0.0,1009.69,91.0,98.8889
1742936400,2025-03-25 21:00:00,2025-03-25 22:00:00,ringsted,7.5,0.0,4.95,0.0,1009.73,93.75,99.5556
1742940000,2025-03-25 22:00:00,2025-03-25 23:00:00,ringsted,7.55,0.0,4.925,0.0,1009.81,94.0,98.3333
1742943600,2025-03-25 23:00:00,2025-03-26 00:00:00,ringsted,7.575,0.0,4.275,0.0,1009.78,92.25,90.0
1742947200,2025-03-26 00:00:00,2025-03-26 01:00:00,ringsted,7.4,0.0,4.525,0.0,1009.84,89.25,97.7778
1742950800,2025-03-26 01:00:00,2025-03-26 02:00:00,ringsted,7.15,0.0,4.675,0.0,1009.82,87.25,99.4444
1742954400,2025-03-26 02:00:00,2025-03-26 03:00:00,ringsted,7.0,0.0,4.425,0.0,1009.96,87.0,99.4444
1742958000,2025-03-26 03:00:00,2025-03-26 04:00:00,ringsted,6.9,0.0,4.775,0.0,1010.15,87.25,97.7778
1742961600,2025-03-26 04:00:00,2025-03-26 05:00:00,ringsted,6.75,0.0,4.7,0.0,1010.5,88.25,96.1111
1742965200,2025-03-26 05:00:00,2025-03-26 06:00:00,ringsted,6.5,0.0,5.175,0.0,1011.0,89.25,90.5556
1742968800,2025-03-26 06:00:00,2025-03-26 07:00:00,ringsted,6.35,26.0,4.9,0.0,1011.38,89.75,55.5556
1742972400,2025-03-26 07:00:00,2025-03-26 08:00:00,ringsted,6.475,146.0,5.225,0.0,1011.89,88.5,70.8333
1742976000,2025-03-26 08:00:00,2025-03-26 09:00:00,ringsted,7.075,301.0,5.725,0.0,1012.2,84.25,34.1176
1742979600,2025-03-26 09:00:00,2025-03-26 10:00:00,ringsted,8.2,427.5,5.875,0.0,1012.93,80.0,22.5
1742983200,2025-03-26 10:00:00,2025-03-26 11:00:00,ringsted,9.05,515.0,6.6,0.0,1013.31,76.0,2.5
1742986800,2025-03-26 11:00:00,2025-03-26 12:00:00,ringsted,10.1,602.5,6.75,0.0,1013.54,70.25,0.0
1742990400,2025-03-26 12:00:00,2025-03-26 13:00:00,ringsted,10.625,614.0,6.875,0.0,1013.78,65.0,0.0
1742994000,2025-03-26 13:00:00,2025-03-26 14:00:00,ringsted,11.225,548.0,6.9,0.0,1014.06,59.25,0.0
1742997600,2025-03-26 14:00:00,2025-03-26 15:00:00,ringsted,11.475,504.5,6.375,0.0,1014.4,53.5,0.833333
1743001200,2025-03-26 15:00:00,2025-03-26 16:00:00,ringsted,11.275,393.5,6.175,0.0,1014.57,51.0,0.0
1743004800,2025-03-26 16:00:00,2025-03-26 17:00:00,ringsted,11.0,267.5,4.65,0.0,1014.87,52.5,0.0
1743008400,2025-03-26 17:00:00,2025-03-26 18:00:00,ringsted,10.225,113.0,3.175,0.0,1015.38,56.5,0.0
1743012000,2025-03-26 18:00:00,2025-03-26 19:00:00,ringsted,8.3,9.5,1.725,0.0,1015.79,63.75,7.5
1743015600,2025-03-26 19:00:00,2025-03-26 20:00:00,ringsted,6.46667,0.0,1.1,0.0,1016.0,72.6667,0.0
1743019200,2025-03-26 20:00:00,2025-03-26 21:00:00,ringsted,4.625,0.0,1.1,0.0,1016.11,79.0,0.0
1743022800,2025-03-26 21:00:00,2025-03-26 22:00:00,ringsted,4.1,0.0,1.25,0.0,1016.38,81.25,0.0
1743026400,2025-03-26 22:00:00,2025-03-26 23:00:00,ringsted,3.875,0.0,1.9,0.0,1016.38,83.5,0.0
1743030000,2025-03-26 23:00:00,2025-03-27 00:00:00,ringsted,3.65,0.0,1.95,0.0,1016.5,89.5,0.0
1743033600,2025-03-27 00:00:00,2025-03-27 01:00:00,ringsted,3.4,0.0,1.6,0.0,1016.42,91.75,0.0
1743037200,2025-03-27 01:00:00,2025-03-27 02:00:00,ringsted,2.65,0.0,1.55,0.0,1016.21,93.75,38.9286
1743040800,2025-03-27 02:00:00,2025-03-27 03:00:00,ringsted,2.75,0.0,2.025,0.0,1015.93,94.5,93.8889
1743044400,2025-03-27 03:00:00,2025-03-27 04:00:00,ringsted,4.0,0.0,2.05,0.0,1015.69,92.5,98.8889
1743048000,2025-03-27 04:00:00,2025-03-27 05:00:00,ringsted,4.775,0.0,2.125,0.0,1015.45,90.75,97.2222
1743051600,2025-03-27 05:00:00,2025-03-27 06:00:00,ringsted,5.325,0.0,3.05,0.0,1015.28,89.25,99.4444
1743055200,2025-03-27 06:00:00,2025-03-27 07:00:00,ringsted,5.775,11.0,3.35,0.0,1015.23,87.75,98.8889
1743058800,2025-03-27 07:00:00,2025-03-27 08:00:00,ringsted,6.25,55.0,3.9,0.0,1014.97,86.75,98.3333
1743062400,2025-03-27 08:00:00,2025-03-27 09:00:00,ringsted,7.375,178.5,4.85,0.0,1015.09,81.5,97.7778
1743066000,2025-03-27 09:00:00,2025-03-27 10:00:00,ringsted,8.05,261.5,5.5,0.0,1014.89,77.75,97.2222
1743069600,2025-03-27 10:00:00,2025-03-27 11:00:00,ringsted,8.35,214.0,6.175,0.0,1014.37,76.75,94.7222
1743073200,2025-03-27 11:00:00,2025-03-27 12:00:00,ringsted,8.625,251.5,6.95,0.0,1013.8,76.75,91.9444
1743076800,2025-03-27 12:00:00,2025-03-27 13:00:00,ringsted,8.95,261.5,6.775,0.0,1013.53,76.0,93.8889
1743080400,2025-03-27 13:00:00,2025-03-27 14:00:00,ringsted,9.55,273.0,6.775,0.0,1013.22,74.25,93.8889
1743084000,2025-03-27 14:00:00,2025-03-27 15:00:00,ringsted,9.8,216.5,6.9,0.0,1012.81,73.0,91.6667
1743087600,2025-03-27 15:00:00,2025-03-27 16:00:00,ringsted,10.075,187.0,6.625,0.0,1012.3,71.5,82.7778
1743091200,2025-03-27 16:00:00,2025-03-27 17:00:00,ringsted,10.0,129.5,6.0,0.0,1012.14,71.0,73.3333
1743094800,2025-03-27 17:00:00,2025-03-27 18:00:00,ringsted,9.55,66.0,5.15,0.0,1012.03,72.5,40.0
1743098400,2025-03-27 18:00:00,2025-03-27 19:00:00,ringsted,8.65,10.0,4.275,0.0,1011.92,76.5,31.6667
1743102000,2025-03-27 19:00:00,2025-03-27 20:00:00,ringsted,7.35,0.0,3.5,0.0,1012.13,82.0,65.5556
1743105600,2025-03-27 20:00:00,2025-03-27 21:00:00,ringsted,7.725,0.0,4.05,0.0,1012.08,81.5,90.8333
1743109200,2025-03-27 21:00:00,2025-03-27 22:00:00,ringsted,8.275,0.0,4.475,0.0,1011.62,80.25,93.8889
1743112800,2025-03-27 22:00:00,2025-03-27 23:00:00,ringsted,8.475,0.0,4.65,0.0,1011.31,80.75,73.3333
1743116400,2025-03-27 23:00:00,2025-03-28 00:00:00,ringsted,8.275,0.0,4.4,0.0,1010.88,82.0,37.5
1743120000,2025-03-28 00:00:00,2025-03-28 01:00:00,ringsted,7.625,0.0,4.025,0.0,1010.33,84.0,22.7778
1743123600,2025-03-28 01:00:00,2025-03-28 02:00:00,ringsted,6.525,0.0,3.375,0.0,1009.91,86.75,0.0
1743127200,2025-03-28 02:00:00,2025-03-28 03:00:00,ringsted,5.775,0.0,3.375,0.0,1009.46,88.0,0.0
1743130800,2025-03-28 03:00:00,2025-03-28 04:00:00,ringsted,5.275,0.0,3.4,0.0,1008.88,88.5,0.0
1743134400,2025-03-28 04:00:00,2025-03-28 05:00:00,ringsted,4.825,0.0,3.55,0.0,1008.53,89.25,0.0
1743138000,2025-03-28 05:00:00,2025-03-28 06:00:00,ringsted,4.525,0.5,3.8,0.0,1008.44,89.0,2.5
1743141600,2025-03-28 06:00:00,2025-03-28 07:00:00,ringsted,4.75,45.0,3.725,0.0,1008.35,88.25,0.0
1743145200,2025-03-28 07:00:00,2025-03-28 08:00:00,ringsted,6.45,176.0,3.975,0.0,1008.39,82.75,0.0
1743148800,2025-03-28 08:00:00,2025-03-28 09:00:00,ringsted,8.45,309.0,4.6,0.0,1008.02,74.25,0.0
1743152400,2025-03-28 09:00:00,2025-03-28 10:00:00,ringsted,10.475,449.5,6.1,0.0,1007.72,65.25,0.0
1743156000,2025-03-28 10:00:00,2025-03-28 11:00:00,ringsted,12.1,556.5,6.6,0.0,1007.45,58.25,0.0
1743159600,2025-03-28 11:00:00,2025-03-28 12:00:00,ringsted,13.2,616.5,7.1,0.0,1006.95,52.5,0.0
1743163200,2025-03-28 12:00:00,2025-03-28 13:00:00,ringsted,13.925,636.0,7.1,0.0,1006.46,48.25,0.0
1743166800,2025-03-28 13:00:00,2025-03-28 14:00:00,ringsted,14.35,607.5,6.725,0.0,1006.14,44.5,0.0
1743170400,2025-03-28 14:00:00,2025-03-28 15:00:00,ringsted,14.75,535.0,6.225,0.0,1005.65,40.5,0.0
1743174000,2025-03-28 15:00:00,2025-03-28 16:00:00,ringsted,14.75,421.5,5.575,0.0,1005.24,40.0,0.0
1743177600,2025-03-28 16:00:00,2025-03-28 17:00:00,ringsted,14.55,281.0,4.525,0.0,1005.01,41.5,0.0
1743181200,2025-03-28 17:00:00,2025-03-28 18:00:00,ringsted,13.625,129.0,3.15,0.0,1004.97,47.25,0.0
1743184800,2025-03-28 18:00:00,2025-03-28 19:00:00,ringsted,10.75,16.5,2.925,0.0,1005.38,59.5,0.0
1743188400,2025-03-28 19:00:00,2025-03-28 20:00:00,ringsted,8.55,0.0,3.075,0.0,1005.47,68.5,0.0
1743192000,2025-03-28 20:00:00,2025-03-28 21:00:00,ringsted,6.925,0.0,2.825,0.0,1005.64,75.0,0.0
1743195600,2025-03-28 21:00:00,2025-03-28 22:00:00,ringsted,6.225,0.0,2.35,0.0,1005.63,78.75,0.0
1743199200,2025-03-28 22:00:00,2025-03-28 23:00:00,ringsted,5.725,0.0,1.975,0.0,1005.75,82.75,0.0
1743202800,2025-03-28 23:00:00,2025-03-29 00:00:00,ringsted,4.825,0.0,1.275,0.0,1005.86,86.0,0.0
1743206400,2025-03-29 00:00:00,2025-03-29 01:00:00,ringsted,3.425,0.0,0.875,0.0,1005.82,90.0,0.833333
1743210000,2025-03-29 01:00:00,2025-03-29 02:00:00,ringsted,2.875,0.0,1.525,0.0,1005.86,92.0,40.0
1743213600,2025-03-29 02:00:00,2025-03-29 03:00:00,ringsted,3.25,0.0,1.9,0.0,1006.05,94.25,68.1875
1743217200,2025-03-29 03:00:00,2025-03-29 04:00:00,ringsted,4.2,0.0,2.625,0.0,1006.65,95.5,93.5
1743220800,2025-03-29 04:00:00,2025-03-29 05:00:00,ringsted,5.35,0.0,2.475,0.0,1007.17,96.0,85.0
1743224400,2025-03-29 05:00:00,2025-03-29 06:00:00,ringsted,5.3,0.0,1.825,0.0,1007.67,96.25,87.2222
1743228000,2025-03-29 06:00:00,2025-03-29 07:00:00,ringsted,5.675,35.0,1.625,0.0,1008.42,96.0,76.6667
1743231600,2025-03-29 07:00:00,2025-03-29 08:00:00,ringsted,6.75,89.5,2.425,0.0,1009.2,94.0,88.8889
1743235200,2025-03-29 08:00:00,2025-03-29 09:00:00,ringsted,7.575,166.5,3.4,0.0,1010.04,89.75,81.1111
1743238800,2025-03-29 09:00:00,2025-03-29 10:00:00,ringsted,8.325,281.5,4.1,0.0,1010.47,81.25,45.8333
1743242400,2025-03-29 10:00:00,2025-03-29 11:00:00,ringsted,9.275,412.0,4.55,0.0,1010.67,70.25,11.7647
1743246000,2025-03-29 11:00:00,2025-03-29 12:00:00,ringsted,10.1,534.5,4.475,0.0,1010.75,60.0,13.75
1743249600,2025-03-29 12:00:00,2025-03-29 13:00:00,ringsted,10.775,514.5,4.85,0.0,1010.93,53.0,0.833333
1743253200,2025-03-29 13:00:00,2025-03-29 14:00:00,ringsted,11.275,590.0,5.0,0.0,1011.11,51.5,5.83333
1743256800,2025-03-29 14:00:00,2025-03-29 15:00:00,ringsted,11.475,533.5,5.35,0.0,1011.2,54.0,12.8125
1743260400,2025-03-29 15:00:00,2025-03-29 16:00:00,ringsted,11.425,430.5,5.2,0.0,1011.24,54.5,12.8125
1743264000,2025-03-29 16:00:00,2025-03-29 17:00:00,ringsted,11.325,302.0,5.275,0.0,1011.13,54.25,20.2778
1743267600,2025-03-29 17:00:00,2025-03-29 18:00:00,ringsted,10.85,145.5,3.875,0.0,1011.03,54.75,6.07143
1743271200,2025-03-29 18:00:00,2025-03-29 19:00:00,ringsted,9.0,18.5,2.35,0.0,1011.11,62.5,4.16667
1743274800,2025-03-29 19:00:00,2025-03-29 20:00:00,ringsted,6.6,0.0,1.83333,0.0,1010.97,74.6667,0.0
1743278400,2025-03-29 20:00:00,2025-03-29 21:00:00,ringsted,5.975,0.0,1.9,0.0,1010.5,74.75,0.0
1743282000,2025-03-29 21:00:00,2025-03-29 22:00:00,ringsted,5.1,0.0,2.275,0.0,1010.02,78.0,0.0
1743285600,2025-03-29 22:00:00,2025-03-29 23:00:00,ringsted,4.65,0.0,2.1,0.0,1009.48,81.25,19.1667
1743289200,2025-03-29 23:00:00,2025-03-30 00:00:00,ringsted,4.1,0.0,2.425,0.0,1008.46,85.5,62.9167
1743292800,2025-03-30 00:00:00,2025-03-30 01:00:00,ringsted,3.975,0.0,2.125,0.0,1007.37,87.75,74.2857
1743296400,2025-03-30 01:00:00,2025-03-30 03:00:00,ringsted,4.55,0.0,3.225,0.0,1006.31,89.75,95.8333
1743300000,2025-03-30 02:00:00,2025-03-30 04:00:00,ringsted,4.975,0.0,3.5,0.0,1005.03,89.5,96.6667
1743303600,2025-03-30 03:00:00,2025-03-30 05:00:00,ringsted,5.15,0.0,3.625,0.0,1003.74,89.25,96.1111
1743307200,2025-03-30 04:00:00,2025-03-30 06:00:00,ringsted,5.425,0.0,4.55,0.15,1001.67,88.0,96.1111
1743310800,2025-03-30 05:00:00,2025-03-30 07:00:00,ringsted,5.55,0.0,6.175,0.25,1000.13,85.75,94.7222
1743314400,2025-03-30 06:00:00,2025-03-30 08:00:00,ringsted,5.26667,2.0,7.66667,0.9,998.952,87.6667,97.2222
1743318000,2025-03-30 07:00:00,2025-03-30 09:00:00,ringsted,5.1,14.5,7.375,0.675,998.204,91.0,96.6667
1743321600,2025-03-30 08:00:00,2025-03-30 10:00:00,ringsted,5.3,80.5,6.55,0.3,997.754,92.5,95.0
1743325200,2025-03-30 09:00:00,2025-03-30 11:00:00,ringsted,6.475,240.5,6.025,0.3,997.492,92.75,90.0
1743328800,2025-03-30 10:00:00,2025-03-30 12:00:00,ringsted,7.775,248.0,5.3,0.0,997.429,90.0,89.4444
1743332400,2025-03-30 11:00:00,2025-03-30 13:00:00,ringsted,8.775,272.5,5.175,0.0,997.254,83.5,83.6111
1743336000,2025-03-30 12:00:00,2025-03-30 14:00:00,ringsted,9.5,390.0,5.05,0.025,997.404,78.0,80.2778
1743339600,2025-03-30 13:00:00,2025-03-30 15:00:00,ringsted,8.425,81.0,4.55,0.575,998.029,81.5,78.3333
1743343200,2025-03-30 14:00:00,2025-03-30 16:00:00,ringsted,7.625,200.5,3.15,1.075,998.522,87.5,83.0556
1743346800,2025-03-30 15:00:00,2025-03-30 17:00:00,ringsted,8.0,256.5,3.925,1.4,999.235,84.25,65.0
1743350400,2025-03-30 16:00:00,2025-03-30 18:00:00,ringsted,8.775,233.0,4.3,0.0,999.896,78.0,70.0
1743354000,2025-03-30 17:00:00,2025-03-30 19:00:00,ringsted,8.3,66.0,3.4,0.175,1000.77,80.75,91.7647
1743357600,2025-03-30 18:00:00,2025-03-30 20:00:00,ringsted,7.925,7.0,3.675,0.05,1001.83,83.5,98.3333
1743361200,2025-03-30 19:00:00,2025-03-30 21:00:00,ringsted,7.43333,0.0,3.65,0.175,1002.9,87.3333,93.8889
1743364800,2025-03-30 20:00:00,2025-03-30 22:00:00,ringsted,7.075,0.0,4.325,0.0,1003.91,87.75,98.3333
1743368400,2025-03-30 21:00:00,2025-03-30 23:00:00,ringsted,6.6,0.0,5.35,0.0,1004.77,87.25,99.4444
1743372000,2025-03-30 22:00:00,2025-03-31 00:00:00,ringsted,6.15,0.0,5.65,0.0,1005.55,89.25,99.4444
1743375600,2025-03-30 23:00:00,2025-03-31 01:00:00,ringsted,6.2,0.0,6.275,0.0,1006.55,87.75,98.8889
1743379200,2025-03-31 00:00:00,2025-03-31 02:00:00,ringsted,6.225,0.0,6.575,0.0,1007.77,89.5,98.8889
1743382800,2025-03-31 01:00:00,2025-03-31 03:00:00,ringsted,6.175,0.0,6.025,0.0,1008.95,90.5,99.0
1743386400,2025-03-31 02:00:00,2025-03-31 04:00:00,ringsted,5.925,0.0,5.95,0.0,1010.04,90.0,98.3333
1743390000,2025-03-31 03:00:00,2025-03-31 05:00:00,ringsted,5.725,0.0,5.875,0.0,1011.07,87.25,96.6667
1743393600,2025-03-31 04:00:00,2025-03-31 06:00:00,ringsted,5.6,0.0,5.9,0.0,1012.2,87.0,98.3333
1743397200,2025-03-31 05:00:00,2025-03-31 07:00:00,ringsted,5.45,0.5,4.95,0.0,1013.52,86.25,98.3333
1743400800,2025-03-31 06:00:00,2025-03-31 08:00:00,ringsted,5.575,20.5,4.75,0.0,1014.67,85.75,98.8889
1743404400,2025-03-31 07:00:00,2025-03-31 09:00:00,ringsted,5.8,42.5,4.7,0.0,1015.47,84.25,92.7778
1743408000,2025-03-31 08:00:00,2025-03-31 10:00:00,ringsted,6.225,141.0,4.825,0.0,1016.5,81.5,90.0
1743411600,2025-03-31 09:00:00,2025-03-31 11:00:00,ringsted,6.875,218.5,4.9,0.0,1017.41,77.25,80.8333
1743415200,2025-03-31 10:00:00,2025-03-31 12:00:00,ringsted,7.5,304.5,5.4,0.0,1018.19,74.75,63.3333
1743418800,2025-03-31 11:00:00,2025-03-31 13:00:00,ringsted,8.45,527.0,5.425,0.0,1018.7,71.25,48.3333
1743422400,2025-03-31 12:00:00,2025-03-31 14:00:00,ringsted,9.05,537.0,5.45,0.0,1019.3,68.75,62.2222
1743426000,2025-03-31 13:00:00,2025-03-31 15:00:00,ringsted,9.275,467.0,5.725,0.0,1019.75,66.5,39.4444
1743429600,2025-03-31 14:00:00,2025-03-31 16:00:00,ringsted,9.375,449.0,5.825,0.0,1020.16,63.75,11.3333
1743433200,2025-03-31 15:00:00,2025-03-31 17:00:00,ringsted,9.375,420.5,5.925,0.0,1020.6,62.75,6.5625
1743436800,2025-03-31 16:00:00,2025-03-31 18:00:00,ringsted,9.25,295.0,5.6,0.0,1021.3,62.5,0.0
1743440400,2025-03-31 17:00:00,2025-03-31 19:00:00,ringsted,8.625,153.5,4.5,0.0,1021.87,64.25,0.0
1743444000,2025-03-31 18:00:00,2025-03-31 20:00:00,ringsted,7.4,28.0,4.1,0.0,1022.63,69.75,0.0
1743447600,2025-03-31 19:00:00,2025-03-31 21:00:00,ringsted,5.775,0.0,3.05,0.0,1023.2,77.75,0.0
1743451200,2025-03-31 20:00:00,2025-03-31 22:00:00,ringsted,5.0,0.0,2.975,0.0,1023.55,81.5,0.0
1743454800,2025-03-31 21:00:00,2025-03-31 23:00:00,ringsted,4.425,0.0,2.85,0.0,1023.75,85.0,0.0
1743458400,2025-03-31 22:00:00,2025-04-01 00:00:00,ringsted,3.95,0.0,2.875,0.0,1023.95,87.5,0.0
1743462000,2025-03-31 23:00:00,2025-04-01 01:00:00,ringsted,3.55,0.0,2.525,0.0,1024.19,89.0,0.0
1743465600,2025-04-01 00:00:00,2025-04-01 02:00:00,ringsted,2.925,0.0,2.3,0.0,1024.35,91.25,0.0
1743469200,2025-04-01 01:00:00,2025-04-01 03:00:00,ringsted,3.0,0.0,2.7,0.0,1024.57,92.25,0.0
1743472800,2025-04-01 02:00:00,2025-04-01 04:00:00,ringsted,3.1,0.0,2.875,0.0,1024.81,91.75,0.0
1743476400,2025-04-01 03:00:00,2025-04-01 05:00:00,ringsted,2.65,0.0,2.65,0.0,1025.17,92.5,0.0
1743480000,2025-04-01 04:00:00,2025-04-01 06:00:00,ringsted,2.25,0.0,1.875,0.0,1025.6,93.0,0.0
1743483600,2025-04-01 05:00:00,2025-04-01 07:00:00,ringsted,2.175,1.0,2.0,0.0,1025.99,94.0,0.0
1743487200,2025-04-01 06:00:00,2025-04-01 08:00:00,ringsted,2.725,66.5,1.925,0.0,1026.28,93.0,0.0
1743490800,2025-04-01 07:00:00,2025-04-01 09:00:00,ringsted,5.05,207.0,1.575,0.0,1026.76,88.0,0.0
1743494400,2025-04-01 08:00:00,2025-04-01 10:00:00,ringsted,7.825,355.0,1.725,0.0,1027.38,75.25,0.0
1743498000,2025-04-01 09:00:00,2025-04-01 11:00:00,ringsted,9.675,485.0,2.35,0.0,1027.57,64.5,0.0
1743501600,2025-04-01 10:00:00,2025-04-01 12:00:00,ringsted,10.975,585.0,2.525,0.0,1027.47,55.25,0.0
1743505200,2025-04-01 11:00:00,2025-04-01 13:00:00,ringsted,12.025,643.5,2.6,0.0,1027.42,48.5,0.0
1743508800,2025-04-01 12:00:00,2025-04-01 14:00:00,ringsted,12.8,658.0,2.175,0.0,1027.31,42.5,0.0
1743512400,2025-04-01 13:00:00,2025-04-01 15:00:00,ringsted,13.275,628.0,2.1,0.0,1027.04,39.5,0.0
1743516000,2025-04-01 14:00:00,2025-04-01 16:00:00,ringsted,13.575,555.0,2.3,0.0,1026.71,40.0,0.0
1743519600,2025-04-01 15:00:00,2025-04-01 17:00:00,ringsted,13.45,444.5,3.325,0.0,1026.65,43.75,0.0
1743523200,2025-04-01 16:00:00,2025-04-01 18:00:00,ringsted,13.375,306.5,3.15,0.0,1026.64,44.25,0.0
1743526800,2025-04-01 17:00:00,2025-04-01 19:00:00,ringsted,12.65,158.0,3.025,0.0,1026.57,49.25,0.0
1743530400,2025-04-01 18:00:00,2025-04-01 20:00:00,ringsted,10.85,30.5,2.9,0.0,1026.92,56.25,0.0
1743534000,2025-04-01 19:00:00,2025-04-01 21:00:00,ringsted,8.7,0.0,2.9,0.0,1027.19,63.75,0.0
1743537600,2025-04-01 20:00:00,2025-04-01 22:00:00,ringsted,6.875,0.0,2.975,0.0,1027.28,70.25,0.0
1743541200,2025-04-01 21:00:00,2025-04-01 23:00:00,ringsted,6.0,0.0,2.45,0.0,1027.47,72.75,0.0
1743544800,2025-04-01 22:00:00,2025-04-02 00:00:00,ringsted,5.15,0.0,2.075,0.0,1027.46,75.75,0.0
1743548400,2025-04-01 23:00:00,2025-04-02 01:00:00,ringsted,4.55,0.0,1.5,0.0,1027.61,78.25,0.0
1743552000,2025-04-02 00:00:00,2025-04-02 02:00:00,ringsted,4.25,0.0,1.475,0.0,1027.73,79.25,0.0
1743555600,2025-04-02 01:00:00,2025-04-02 03:00:00,ringsted,3.525,0.0,1.325,0.0,1027.62,82.5,0.0
1743559200,2025-04-02 02:00:00,2025-04-02 04:00:00,ringsted,2.55,0.0,1.225,0.0,1027.54,86.25,0.0
1743562800,2025-04-02 03:00:00,2025-04-02 05:00:00,ringsted,2.6,0.0,1.25,0.0,1027.68,86.75,0.0
1743566400,2025-04-02 04:00:00,2025-04-02 06:00:00,ringsted,2.6,0.0,1.525,0.0,1027.78,87.0,0.0
1743570000,2025-04-02 05:00:00,2025-04-02 07:00:00,ringsted,2.175,2.0,1.3,0.0,1027.98,88.25,0.0
1743573600,2025-04-02 06:00:00,2025-04-02 08:00:00,ringsted,2.975,70.5,0.975,0.0,1028.16,86.25,0.0
1743577200,2025-04-02 07:00:00,2025-04-02 09:00:00,ringsted,6.35,208.5,1.675,0.0,1028.39,75.25,0.0
1743580800,2025-04-02 08:00:00,2025-04-02 10:00:00,ringsted,8.675,359.0,2.6,0.0,1028.59,65.25,0.0
1743584400,2025-04-02 09:00:00,2025-04-02 11:00:00,ringsted,10.275,489.0,2.725,0.0,1028.8,57.75,0.0
1743588000,2025-04-02 10:00:00,2025-04-02 12:00:00,ringsted,11.725,585.0,3.375,0.0,1028.59,48.5,0.0
1743591600,2025-04-02 11:00:00,2025-04-02 13:00:00,ringsted,12.8,643.0,3.575,0.0,1028.3,41.75,0.0
1743595200,2025-04-02 12:00:00,2025-04-02 14:00:00,ringsted,13.4,661.5,3.275,0.0,1027.97,39.75,0.0
1743598800,2025-04-02 13:00:00,2025-04-02 15:00:00,ringsted,13.85,631.0,3.075,0.0,1027.51,37.75,0.0
1743602400,2025-04-02 14:00:00,2025-04-02 16:00:00,ringsted,14.325,556.0,2.775,0.0,1026.9,36.25,0.0
1743606000,2025-04-02 15:00:00,2025-04-02 17:00:00,ringsted,14.8,447.5,2.6,0.0,1026.25,35.5,0.0
1743609600,2025-04-02 16:00:00,2025-04-02 18:00:00,ringsted,14.8,312.0,2.45,0.0,1025.93,36.25,0.0
1743613200,2025-04-02 17:00:00,2025-04-02 19:00:00,ringsted,13.725,166.0,2.775,0.0,1025.83,41.5,0.0
1743616800,2025-04-02 18:00:00,2025-04-02 20:00:00,ringsted,11.125,39.0,1.575,0.0,1025.84,52.25,0.0
1743620400,2025-04-02 19:00:00,2025-04-02 21:00:00,ringsted,9.175,0.5,0.975,0.0,1025.94,61.0,0.0
1743624000,2025-04-02 20:00:00,2025-04-02 22:00:00,ringsted,7.25,0.0,0.525,0.0,1026.09,66.5,0.0
1743627600,2025-04-02 21:00:00,2025-04-02 23:00:00,ringsted,6.15,0.0,0.975,0.0,1026.35,72.25,0.0
1743631200,2025-04-02 22:00:00,2025-04-03 00:00:00,ringsted,5.525,0.0,1.15,0.0,1026.56,76.75,0.0
1743634800,2025-04-02 23:00:00,2025-04-03 01:00:00,ringsted,4.6,0.0,0.975,0.0,1026.52,81.0,0.0
1743638400,2025-04-03 00:00:00,2025-04-03 02:00:00,ringsted,4.15,0.0,1.25,0.0,1026.33,83.0,0.0
1743642000,2025-04-03 01:00:00,2025-04-03 03:00:00,ringsted,3.8,0.0,1.0,0.0,1026.09,84.0,0.0
1743645600,2025-04-03 02:00:00,2025-04-03 04:00:00,ringsted,3.4,0.0,0.85,0.0,1025.97,85.5,0.0
1743649200,2025-04-03 03:00:00,2025-04-03 05:00:00,ringsted,3.05,0.0,0.7,0.0,1026.06,85.75,0.0
1743652800,2025-04-03 04:00:00,2025-04-03 06:00:00,ringsted,2.375,0.0,0.9,0.0,1026.18,89.0,0.0
1743656400,2025-04-03 05:00:00,2025-04-03 07:00:00,ringsted,2.3,3.0,0.65,0.0,1026.31,89.0,0.0
1743660000,2025-04-03 06:00:00,2025-04-03 08:00:00,ringsted,3.45,76.5,0.625,0.0,1026.31,85.75,0.0
1743663600,2025-04-03 07:00:00,2025-04-03 09:00:00,ringsted,8.225,215.0,0.625,0.0,1026.25,71.25,0.0
1743667200,2025-04-03 08:00:00,2025-04-03 10:00:00,ringsted,12.5,359.0,0.825,0.0,1026.3,52.75,0.0
1743670800,2025-04-03 09:00:00,2025-04-03 11:00:00,ringsted,14.225,485.0,1.3,0.0,1026.23,48.25,0.0
1743674400,2025-04-03 10:00:00,2025-04-03 12:00:00,ringsted,15.075,576.5,1.925,0.0,1025.97,48.75,0.0
1743678000,2025-04-03 11:00:00,2025-04-03 13:00:00,ringsted,15.775,631.0,1.775,0.0,1025.62,47.5,0.0
1743681600,2025-04-03 12:00:00,2025-04-03 14:00:00,ringsted,16.15,642.5,2.3,0.0,1025.36,47.0,0.0
1743685200,2025-04-03 13:00:00,2025-04-03 15:00:00,ringsted,16.325,615.0,2.6,0.0,1024.71,47.5,0.0
1743688800,2025-04-03 14:00:00,2025-04-03 16:00:00,ringsted,16.2,548.0,2.6,0.0,1023.94,48.0,0.0
1743692400,2025-04-03 15:00:00,2025-04-03 17:00:00,ringsted,16.275,441.0,2.65,0.0,1023.31,47.25,0.0
1743696000,2025-04-03 16:00:00,2025-04-03 18:00:00,ringsted,16.0,312.0,2.575,0.0,1022.81,48.0,0.0
1743699600,2025-04-03 17:00:00,2025-04-03 19:00:00,ringsted,15.25,161.5,2.65,0.0,1022.51,50.75,0.0
1743703200,2025-04-03 18:00:00,2025-04-03 20:00:00,ringsted,13.5,34.5,1.775,0.0,1022.47,56.0,0.0
1743706800,2025-04-03 19:00:00,2025-04-03 21:00:00,ringsted,11.0667,0.5,1.1,0.0,1022.3,62.6667,0.0
1743710400,2025-04-03 20:00:00,2025-04-03 22:00:00,ringsted,9.05,0.0,1.125,0.0,1022.03,71.0,0.0
1743714000,2025-04-03 21:00:00,2025-04-03 23:00:00,ringsted,7.7,0.0,1.05,0.0,1021.9,76.0,0.0
1743717600,2025-04-03 22:00:00,2025-04-04 00:00:00,ringsted,6.625,0.0,0.875,0.0,1021.8,79.25,0.0
1743721200,2025-04-03 23:00:00,2025-04-04 01:00:00,ringsted,5.625,0.0,0.775,0.0,1021.48,82.75,0.0
1743724800,2025-04-04 00:00:00,2025-04-04 02:00:00,ringsted,5.075,0.0,0.5,0.0,1021.05,85.25,0.0
1743728400,2025-04-04 01:00:00,2025-04-04 03:00:00,ringsted,4.85,0.0,0.8,0.0,1020.64,85.75,0.0
1743732000,2025-04-04 02:00:00,2025-04-04 04:00:00,ringsted,4.575,0.0,1.2,0.0,1020.28,86.75,0.0
1743735600,2025-04-04 03:00:00,2025-04-04 05:00:00,ringsted,5.125,0.0,1.25,0.0,1019.61,85.25,0.0
1743739200,2025-04-04 04:00:00,2025-04-04 06:00:00,ringsted,4.875,0.0,1.45,0.0,1018.98,87.25,0.0
1743742800,2025-04-04 05:00:00,2025-04-04 07:00:00,ringsted,4.7,4.0,1.15,0.0,1018.78,88.5,0.0
1743746400,2025-04-04 06:00:00,2025-04-04 08:00:00,ringsted,5.45,79.5,1.45,0.0,1018.71,86.75,0.0
1743750000,2025-04-04 07:00:00,2025-04-04 09:00:00,ringsted,8.575,219.5,2.075,0.0,1018.5,76.75,0.0
1743753600,2025-04-04 08:00:00,2025-04-04 10:00:00,ringsted,11.15,369.0,3.025,0.0,1018.32,62.5,0.0
1743757200,2025-04-04 09:00:00,2025-04-04 11:00:00,ringsted,12.55,486.0,3.725,0.0,1018.07,53.0,0.0
1743760800,2025-04-04 10:00:00,2025-04-04 12:00:00,ringsted,13.325,598.5,4.375,0.0,1017.84,50.5,0.0
1743764400,2025-04-04 11:00:00,2025-04-04 13:00:00,ringsted,13.95,666.5,4.55,0.0,1017.42,50.75,0.0
1743768000,2025-04-04 12:00:00,2025-04-04 14:00:00,ringsted,14.025,637.5,4.5,0.0,1016.91,54.5,0.0
1743771600,2025-04-04 13:00:00,2025-04-04 15:00:00,ringsted,13.75,582.5,5.275,0.0,1016.59,58.25,2.5
1743775200,2025-04-04 14:00:00,2025-04-04 16:00:00,ringsted,12.825,490.5,5.975,0.0,1016.33,59.25,2.5
1743778800,2025-04-04 15:00:00,2025-04-04 17:00:00,ringsted,12.05,401.5,6.325,0.0,1015.99,54.5,0.0
1743782400,2025-04-04 16:00:00,2025-04-04 18:00:00,ringsted,11.65,298.0,5.95,0.0,1015.83,54.0,0.0
1743786000,2025-04-04 17:00:00,2025-04-04 19:00:00,ringsted,11.0,169.0,5.675,0.0,1016.25,53.25,0.0
1743789600,2025-04-04 18:00:00,2025-04-04 20:00:00,ringsted,8.175,39.0,3.625,0.0,1016.51,64.0,5.41667
1743793200,2025-04-04 19:00:00,2025-04-04 21:00:00,ringsted,5.975,0.5,1.65,0.0,1016.78,69.0,2.91667
1743796800,2025-04-04 20:00:00,2025-04-04 22:00:00,ringsted,4.725,0.0,1.25,0.0,1016.32,74.0,0.0
1743800400,2025-04-04 21:00:00,2025-04-04 23:00:00,ringsted,3.35,0.0,1.65,0.0,1015.92,80.0,0.0
1743804000,2025-04-04 22:00:00,2025-04-05 00:00:00,ringsted,3.1,0.0,2.275,0.0,1016.07,83.5,46.25
1743807600,2025-04-04 23:00:00,2025-04-05 01:00:00,ringsted,3.725,0.0,2.7,0.0,1016.2,81.75,69.1667
1743811200,2025-04-05 00:00:00,2025-04-05 02:00:00,ringsted,4.425,0.0,3.9,0.0,1016.32,72.5,35.8333
1743814800,2025-04-05 01:00:00,2025-04-05 03:00:00,ringsted,4.375,0.0,3.375,0.0,1016.58,65.25,1.81818
1743818400,2025-04-05 02:00:00,2025-04-05 04:00:00,ringsted,3.9,0.0,3.65,0.0,1016.65,63.0,25.8333
1743822000,2025-04-05 03:00:00,2025-04-05 05:00:00,ringsted,3.725,0.0,3.7,0.0,1016.74,64.25,30.0
1743825600,2025-04-05 04:00:00,2025-04-05 06:00:00,ringsted,3.575,0.0,3.75,0.0,1017.15,66.5,6.25
1743829200,2025-04-05 05:00:00,2025-04-05 07:00:00,ringsted,3.075,3.0,3.625,0.0,1017.67,67.5,28.5294
1743832800,2025-04-05 06:00:00,2025-04-05 08:00:00,ringsted,3.65,59.0,4.375,0.0,1018.22,62.0,16.1111
1743836400,2025-04-05 07:00:00,2025-04-05 09:00:00,ringsted,4.775,196.0,5.15,0.0,1018.67,54.5,16.6667
1743840000,2025-04-05 08:00:00,2025-04-05 10:00:00,ringsted,5.825,319.5,5.225,0.0,1018.8,49.25,5.33333
1743843600,2025-04-05 09:00:00,2025-04-05 11:00:00,ringsted,6.85,513.5,4.775,0.0,1018.99,45.25,0.0
1743847200,2025-04-05 10:00:00,2025-04-05 12:00:00,ringsted,7.6,610.5,4.6,0.0,1019.1,44.5,2.91667
1743850800,2025-04-05 11:00:00,2025-04-05 13:00:00,ringsted,8.175,673.0,4.975,0.0,1019.27,43.0,6.15385
1743854400,2025-04-05 12:00:00,2025-04-05 14:00:00,ringsted,8.5,692.0,5.325,0.0,1019.38,41.0,9.64286
1743858000,2025-04-05 13:00:00,2025-04-05 15:00:00,ringsted,8.6,661.0,4.975,0.0,1019.42,41.0,35.8333
1743861600,2025-04-05 14:00:00,2025-04-05 16:00:00,ringsted,8.675,578.5,4.55,0.0,1019.41,40.5,28.2353
1743865200,2025-04-05 15:00:00,2025-04-05 17:00:00,ringsted,8.65,441.5,4.8,0.0,1019.53,41.25,35.5556
1743868800,2025-04-05 16:00:00,2025-04-05 18:00:00,ringsted,8.25,310.0,5.875,0.0,1019.8,44.25,10.3125
1743872400,2025-04-05 17:00:00,2025-04-05 19:00:00,ringsted,7.5,182.0,6.525,0.0,1020.15,46.0,0.0
1743876000,2025-04-05 18:00:00,2025-04-05 20:00:00,ringsted,6.375,44.5,5.725,0.0,1020.89,49.25,0.0
1743879600,2025-04-05 19:00:00,2025-04-05 21:00:00,ringsted,5.16667,0.5,4.5,0.0,1021.42,56.0,0.0
1743883200,2025-04-05 20:00:00,2025-04-05 22:00:00,ringsted,4.275,0.0,3.45,0.0,1021.84,60.25,0.0
1743886800,2025-04-05 21:00:00,2025-04-05 23:00:00,ringsted,3.25,0.0,2.0,0.0,1022.26,66.0,0.0
1743890400,2025-04-05 22:00:00,2025-04-06 00:00:00,ringsted,2.125,0.0,1.625,0.0,1022.7,73.5,2.5
1743894000,2025-04-05 23:00:00,2025-04-06 01:00:00,ringsted,1.825,0.0,1.375,0.0,1023.1,75.0,8.125
1743897600,2025-04-06 00:00:00,2025-04-06 02:00:00,ringsted,0.775,0.0,0.875,0.0,1023.45,80.0,7.8125
1743901200,2025-04-06 01:00:00,2025-04-06 03:00:00,ringsted,-0.125,0.0,0.925,0.0,1023.59,84.25,0.0
1743904800,2025-04-06 02:00:00,2025-04-06 04:00:00,ringsted,-1.1,0.0,0.75,0.0,1023.95,88.25,0.0
1743908400,2025-04-06 03:00:00,2025-04-06 05:00:00,ringsted,-1.475,0.0,0.925,0.0,1024.32,89.5,0.0
1743912000,2025-04-06 04:00:00,2025-04-06 06:00:00,ringsted,-2.225,0.0,1.075,0.0,1024.66,91.75,0.0
1743915600,2025-04-06 05:00:00,2025-04-06 07:00:00,ringsted,-2.175,6.0,1.225,0.0,1025.1,92.75,0.0
1743919200,2025-04-06 06:00:00,2025-04-06 08:00:00,ringsted,-0.775,94.0,1.05,0.0,1025.32,89.5,0.0
1743922800,2025-04-06 07:00:00,2025-04-06 09:00:00,ringsted,2.65,240.0,1.35,0.0,1025.3,79.5,0.0
1743926400,2025-04-06 08:00:00,2025-04-06 10:00:00,ringsted,5.05,389.5,2.2,0.0,1025.36,53.5,0.0
1743930000,2025-04-06 09:00:00,2025-04-06 11:00:00,ringsted,6.175,521.0,2.775,0.0,1024.97,39.75,0.0
1743933600,2025-04-06 10:00:00,2025-04-06 12:00:00,ringsted,6.975,618.0,2.55,0.0,1024.59,35.75,21.6667
1743937200,2025-04-06 11:00:00,2025-04-06 13:00:00,ringsted,7.725,669.5,3.3,0.0,1024.13,34.75,38.75
1743940800,2025-04-06 12:00:00,2025-04-06 14:00:00,ringsted,8.225,685.5,4.65,0.0,1023.58,35.75,9.375
1743944400,2025-04-06 13:00:00,2025-04-06 15:00:00,ringsted,8.525,637.5,5.725,0.0,1022.97,37.5,42.3529
1743948000,2025-04-06 14:00:00,2025-04-06 16:00:00,ringsted,8.8,529.5,5.675,0.0,1022.45,37.5,75.5556
1743951600,2025-04-06 15:00:00,2025-04-06 17:00:00,ringsted,8.9,436.5,5.55,0.0,1022.0,39.0,91.1111
1743955200,2025-04-06 16:00:00,2025-04-06 18:00:00,ringsted,8.675,283.5,5.6,0.0,1021.7,39.5,60.2778
1743958800,2025-04-06 17:00:00,2025-04-06 19:00:00,ringsted,8.375,157.5,4.675,0.0,1021.27,41.75,87.7778
1743962400,2025-04-06 18:00:00,2025-04-06 20:00:00,ringsted,7.825,44.5,3.425,0.0,1021.25,44.5,98.3333
1743966000,2025-04-06 19:00:00,2025-04-06 21:00:00,ringsted,7.025,0.5,2.775,0.0,1021.32,50.25,73.3333
1743969600,2025-04-06 20:00:00,2025-04-06 22:00:00,ringsted,6.175,0.0,2.475,0.0,1021.36,54.75,37.5
1743973200,2025-04-06 21:00:00,2025-04-06 23:00:00,ringsted,4.8,0.0,2.625,0.0,1021.21,60.5,0.0
1743976800,2025-04-06 22:00:00,2025-04-07 00:00:00,ringsted,3.625,0.0,2.15,0.0,1021.22,65.25,0.0
1743980400,2025-04-06 23:00:00,2025-04-07 01:00:00,ringsted,2.85,0.0,1.8,0.0,1021.14,69.75,0.0
1743984000,2025-04-07 00:00:00,2025-04-07 02:00:00,ringsted,2.425,0.0,1.75,0.0,1020.97,71.75,0.0
1743987600,2025-04-07 01:00:00,2025-04-07 03:00:00,ringsted,2.525,0.0,1.75,0.0,1020.62,72.5,0.0
1743991200,2025-04-07 02:00:00,2025-04-07 04:00:00,ringsted,2.275,0.0,2.25,0.0,1020.48,76.5,0.0
1743994800,2025-04-07 03:00:00,2025-04-07 05:00:00,ringsted,1.7,0.0,2.425,0.0,1020.35,82.5,0.0
1743998400,2025-04-07 04:00:00,2025-04-07 06:00:00,ringsted,1.625,0.0,2.625,0.0,1020.28,86.5,0.0
1744002000,2025-04-07 05:00:00,2025-04-07 07:00:00,ringsted,1.7,5.0,2.825,0.0,1020.2,90.5,18.75
1744005600,2025-04-07 06:00:00,2025-04-07 08:00:00,ringsted,2.925,84.0,2.775,0.0,1020.26,91.25,30.6667
1744009200,2025-04-07 07:00:00,2025-04-07 09:00:00,ringsted,5.225,252.0,3.975,0.0,1020.11,87.0,42.5
1744012800,2025-04-07 08:00:00,2025-04-07 10:00:00,ringsted,6.8,364.5,5.075,0.0,1020.08,79.75,45.2778
1744016400,2025-04-07 09:00:00,2025-04-07 11:00:00,ringsted,8.05,443.5,5.175,0.0,1020.11,72.5,38.75
1744020000,2025-04-07 10:00:00,2025-04-07 12:00:00,ringsted,9.125,560.0,5.175,0.0,1020.17,66.75,13.3333
1744023600,2025-04-07 11:00:00,2025-04-07 13:00:00,ringsted,9.975,661.0,5.05,0.0,1020.13,65.0,0.833333
1744027200,2025-04-07 12:00:00,2025-04-07 14:00:00,ringsted,10.475,681.0,4.975,0.0,1020.08,63.5,16.4286
1744030800,2025-04-07 13:00:00,2025-04-07 15:00:00,ringsted,11.0,638.5,4.775,0.0,1020.05,58.25,3.4375
1744034400,2025-04-07 14:00:00,2025-04-07 16:00:00,ringsted,11.5,567.0,4.825,0.0,1019.9,55.25,0.0
1744038000,2025-04-07 15:00:00,2025-04-07 17:00:00,ringsted,11.65,470.0,5.15,0.0,1019.93,48.75,0.0
1744041600,2025-04-07 16:00:00,2025-04-07 18:00:00,ringsted,11.325,334.0,5.0,0.0,1020.04,50.0,0.0
1744045200,2025-04-07 17:00:00,2025-04-07 19:00:00,ringsted,10.625,186.0,4.5,0.0,1020.34,51.5,0.0
1744048800,2025-04-07 18:00:00,2025-04-07 20:00:00,ringsted,9.125,47.0,3.45,0.0,1020.93,59.25,0.833333
1744052400,2025-04-07 19:00:00,2025-04-07 21:00:00,ringsted,7.15,0.5,2.575,0.0,1021.59,67.0,0.0
1744056000,2025-04-07 20:00:00,2025-04-07 22:00:00,ringsted,5.775,0.0,2.075,0.0,1021.77,75.0,14.1667
1744059600,2025-04-07 21:00:00,2025-04-07 23:00:00,ringsted,4.5,0.0,1.725,0.0,1021.94,82.75,27.5
1744063200,2025-04-07 22:00:00,2025-04-08 00:00:00,ringsted,3.6,0.0,1.275,0.0,1022.32,86.5,25.8333
1744066800,2025-04-07 23:00:00,2025-04-08 01:00:00,ringsted,3.05,0.0,0.8,0.0,1022.66,89.25,57.0
1744070400,2025-04-08 00:00:00,2025-04-08 02:00:00,ringsted,2.925,0.0,1.075,0.0,1022.9,90.75,68.6111
1744074000,2025-04-08 01:00:00,2025-04-08 03:00:00,ringsted,3.025,0.0,0.825,0.0,1023.05,92.25,57.7778
1744077600,2025-04-08 02:00:00,2025-04-08 04:00:00,ringsted,2.975,0.0,1.125,0.0,1023.25,93.0,84.4444
1744081200,2025-04-08 03:00:00,2025-04-08 05:00:00,ringsted,2.925,0.0,1.0,0.0,1023.31,93.75,78.3333
1744084800,2025-04-08 04:00:00,2025-04-08 06:00:00,ringsted,3.0,0.0,0.85,0.0,1023.66,93.5,88.8889
1744088400,2025-04-08 05:00:00,2025-04-08 07:00:00,ringsted,3.4,6.0,1.025,0.0,1024.04,93.75,65.0
1744092000,2025-04-08 06:00:00,2025-04-08 08:00:00,ringsted,4.25,66.5,1.55,0.0,1024.32,92.5,59.7222
1744095600,2025-04-08 07:00:00,2025-04-08 09:00:00,ringsted,6.3,169.5,2.275,0.0,1024.64,85.5,36.7857
1744099200,2025-04-08 08:00:00,2025-04-08 10:00:00,ringsted,8.0,303.0,2.675,0.0,1024.9,74.25,17.9167
1744102800,2025-04-08 09:00:00,2025-04-08 11:00:00,ringsted,9.475,480.0,3.2,0.0,1024.94,63.0,0.0
1744106400,2025-04-08 10:00:00,2025-04-08 12:00:00,ringsted,10.35,598.5,3.675,0.0,1024.74,56.5,4.16667
1744110000,2025-04-08 11:00:00,2025-04-08 13:00:00,ringsted,11.225,643.5,2.9,0.0,1024.45,53.75,32.0833
1744113600,2025-04-08 12:00:00,2025-04-08 14:00:00,ringsted,11.6,443.0,3.0,0.0,1024.06,52.25,45.3571
1744117200,2025-04-08 13:00:00,2025-04-08 15:00:00,ringsted,11.425,399.5,3.575,0.0,1023.35,52.25,45.0
1744120800,2025-04-08 14:00:00,2025-04-08 16:00:00,ringsted,11.55,369.0,3.725,0.0,1022.42,51.5,40.0
1744124400,2025-04-08 15:00:00,2025-04-08 17:00:00,ringsted,11.7,354.5,3.75,0.0,1021.73,49.5,56.5625
1744128000,2025-04-08 16:00:00,2025-04-08 18:00:00,ringsted,11.6,222.0,3.375,0.0,1021.27,48.5,88.8889
1744131600,2025-04-08 17:00:00,2025-04-08 19:00:00,ringsted,10.925,78.5,2.3,0.0,1020.92,52.25,86.1111
1744135200,2025-04-08 18:00:00,2025-04-08 20:00:00,ringsted,10.325,31.5,1.75,0.0,1020.77,54.75,69.1667
1744138800,2025-04-08 19:00:00,2025-04-08 21:00:00,ringsted,8.56667,0.5,1.6,0.0,1020.67,65.5,71.3889
1744142400,2025-04-08 20:00:00,2025-04-08 22:00:00,ringsted,7.675,0.0,1.275,0.0,1020.47,68.5,83.8889
1744146000,2025-04-08 21:00:00,2025-04-08 23:00:00,ringsted,6.875,0.0,1.05,0.0,1020.05,72.5,80.0
1744149600,2025-04-08 22:00:00,2025-04-09 00:00:00,ringsted,6.575,0.0,1.15,0.0,1019.77,75.5,35.2778
1744153200,2025-04-08 23:00:00,2025-04-09 01:00:00,ringsted,5.65,0.0,0.95,0.0,1019.41,81.75,33.6111
1744156800,2025-04-09 00:00:00,2025-04-09 02:00:00,ringsted,4.825,0.0,0.925,0.0,1018.96,84.25,5.0
1744160400,2025-04-09 01:00:00,2025-04-09 03:00:00,ringsted,3.8,0.0,0.8,0.0,1018.38,88.25,2.5
1744164000,2025-04-09 02:00:00,2025-04-09 04:00:00,ringsted,2.8,0.0,0.775,0.0,1018.08,92.0,0.0
1744167600,2025-04-09 03:00:00,2025-04-09 05:00:00,ringsted,1.75,0.0,0.8,0.0,1017.9,94.5,0.0
1744171200,2025-04-09 04:00:00,2025-04-09 06:00:00,ringsted,1.625,0.0,1.05,0.0,1017.85,95.75,0.0
1744174800,2025-04-09 05:00:00,2025-04-09 07:00:00,ringsted,1.55,11.5,1.125,0.0,1017.84,96.0,0.0
1744178400,2025-04-09 06:00:00,2025-04-09 08:00:00,ringsted,3.025,102.0,1.25,0.0,1017.98,93.75,25.8333
1744182000,2025-04-09 07:00:00,2025-04-09 09:00:00,ringsted,6.0,185.0,2.75,0.0,1018.1,84.5,53.3333
1744185600,2025-04-09 08:00:00,2025-04-09 10:00:00,ringsted,7.4,282.5,3.3,0.0,1018.2,82.0,52.0833
1744189200,2025-04-09 09:00:00,2025-04-09 11:00:00,ringsted,8.3,473.5,3.7,0.0,1018.22,77.75,13.75
1744192800,2025-04-09 10:00:00,2025-04-09 12:00:00,ringsted,8.775,559.5,4.45,0.0,1018.13,73.5,10.3333
1744196400,2025-04-09 11:00:00,2025-04-09 13:00:00,ringsted,9.025,640.0,4.96667,0.0,1017.82,71.5,8.61111
1744200000,2025-04-09 12:00:00,2025-04-09 14:00:00,ringsted,9.625,487.0,4.85,0.0,1017.2,68.0,8.82353
1744203600,2025-04-09 13:00:00,2025-04-09 15:00:00,ringsted,9.875,468.0,5.325,0.0,1016.64,66.5,6.47059
1744207200,2025-04-09 14:00:00,2025-04-09 16:00:00,ringsted,10.225,461.0,5.525,0.0,1016.76,63.25,2.5
1744210800,2025-04-09 15:00:00,2025-04-09 17:00:00,ringsted,10.5,388.0,5.0,0.0,1016.67,62.25,0.833333
1744214400,2025-04-09 16:00:00,2025-04-09 18:00:00,ringsted,10.725,265.0,4.9,0.0,1016.44,61.25,20.8333
1744218000,2025-04-09 17:00:00,2025-04-09 19:00:00,ringsted,10.475,145.0,3.925,0.0,1016.9,61.75,49.0
1744221600,2025-04-09 18:00:00,2025-04-09 20:00:00,ringsted,9.525,42.0,2.93333,0.0,1017.06,66.0,75.8333
1744225200,2025-04-09 19:00:00,2025-04-09 21:00:00,ringsted,8.2,0.5,1.875,0.0,1017.35,72.25,15.6667
1744228800,2025-04-09 20:00:00,2025-04-09 22:00:00,ringsted,7.0,0.0,1.825,0.0,1017.62,76.25,24.1667
1744232400,2025-04-09 21:00:00,2025-04-09 23:00:00,ringsted,5.55,0.0,1.45,0.0,1018.08,82.5,39.1667
1744236000,2025-04-09 22:00:00,2025-04-10 00:00:00,ringsted,5.475,0.0,1.925,0.0,1018.38,83.0,3.84615
1744239600,2025-04-09 23:00:00,2025-04-10 01:00:00,ringsted,4.325,0.0,1.95,0.0,1018.86,86.25,2.5
1744243200,2025-04-10 00:00:00,2025-04-10 02:00:00,ringsted,3.725,0.0,2.0,0.0,1019.2,88.75,4.16667
1744246800,2025-04-10 01:00:00,2025-04-10 03:00:00,ringsted,3.25,0.0,1.325,0.0,1019.34,89.25,0.0
1744250400,2025-04-10 02:00:00,2025-04-10 04:00:00,ringsted,2.425,0.0,0.9,0.0,1019.53,91.25,0.0
1744254000,2025-04-10 03:00:00,2025-04-10 05:00:00,ringsted,1.1,0.0,1.2,0.0,1019.86,92.0,0.0
1744257600,2025-04-10 04:00:00,2025-04-10 06:00:00,ringsted,0.6,0.0,1.275,0.0,1020.05,92.0,0.0
1744261200,2025-04-10 05:00:00,2025-04-10 07:00:00,ringsted,0.2,12.5,1.175,0.0,1020.25,93.0,0.0
1744264800,2025-04-10 06:00:00,2025-04-10 08:00:00,ringsted,2.225,112.5,1.2,0.0,1020.52,84.5,0.0
1744268400,2025-04-10 07:00:00,2025-04-10 09:00:00,ringsted,5.4,233.5,1.4,0.0,1020.53,68.5,0.0
1744272000,2025-04-10 08:00:00,2025-04-10 10:00:00,ringsted,7.6,403.5,2.05,0.0,1020.35,52.5,0.0
1744275600,2025-04-10 09:00:00,2025-04-10 11:00:00,ringsted,9.05,532.0,2.75,0.0,1019.93,42.0,0.0
1744279200,2025-04-10 10:00:00,2025-04-10 12:00:00,ringsted,10.3,629.0,2.875,0.0,1019.18,38.0,0.0
1744282800,2025-04-10 11:00:00,2025-04-10 13:00:00,ringsted,11.05,687.5,4.275,0.0,1018.36,36.75,0.0
1744286400,2025-04-10 12:00:00,2025-04-10 14:00:00,ringsted,11.825,666.5,5.575,0.0,1017.47,39.5,1.66667
1744290000,2025-04-10 13:00:00,2025-04-10 15:00:00,ringsted,12.2,614.5,6.1,0.0,1016.26,45.5,3.66667
1744293600,2025-04-10 14:00:00,2025-04-10 16:00:00,ringsted,12.35,550.5,6.9,0.0,1014.91,56.75,5.0
1744297200,2025-04-10 15:00:00,2025-04-10 17:00:00,ringsted,12.775,432.0,7.425,0.0,1013.45,62.25,5.3125
1744300800,2025-04-10 16:00:00,2025-04-10 18:00:00,ringsted,13.025,285.0,7.775,0.0,1012.47,59.0,0.0
1744304400,2025-04-10 17:00:00,2025-04-10 19:00:00,ringsted,12.2,164.5,7.525,0.0,1011.62,59.75,0.0
1744308000,2025-04-10 18:00:00,2025-04-10 20:00:00,ringsted,11.025,56.0,7.625,0.0,1011.17,62.75,0.0
1744311600,2025-04-10 19:00:00,2025-04-10 21:00:00,ringsted,9.45,1.0,7.225,0.0,1010.97,69.5,31.6667
1744315200,2025-04-10 20:00:00,2025-04-10 22:00:00,ringsted,8.25,0.0,8.325,0.0,1010.53,74.0,94.7222
1744318800,2025-04-10 21:00:00,2025-04-10 23:00:00,ringsted,7.675,0.0,8.95,0.0,1009.87,77.25,96.6667
1744322400,2025-04-10 22:00:00,2025-04-11 00:00:00,ringsted,7.425,0.0,8.725,0.0,1009.5,77.25,98.3333
1744326000,2025-04-10 23:00:00,2025-04-11 01:00:00,ringsted,7.325,0.0,8.6,0.0,1008.85,77.75,80.5556
1744329600,2025-04-11 00:00:00,2025-04-11 02:00:00,ringsted,7.1,0.0,7.775,0.0,1008.17,79.75,70.0
1744333200,2025-04-11 01:00:00,2025-04-11 03:00:00,ringsted,6.95,0.0,7.625,0.0,1007.48,81.75,43.6111
1744336800,2025-04-11 02:00:00,2025-04-11 04:00:00,ringsted,6.875,0.0,7.525,0.0,1007.29,83.75,62.7778
1744340400,2025-04-11 03:00:00,2025-04-11 05:00:00,ringsted,7.075,0.0,7.475,0.0,1007.05,85.25,60.0
1744344000,2025-04-11 04:00:00,2025-04-11 06:00:00,ringsted,7.0,0.0,7.025,0.0,1007.01,85.25,59.7222
1744347600,2025-04-11 05:00:00,2025-04-11 07:00:00,ringsted,6.95,4.5,6.775,0.0,1007.25,85.0,98.3333
1744351200,2025-04-11 06:00:00,2025-04-11 08:00:00,ringsted,7.6,20.5,7.4,0.0,1007.6,83.25,99.4444
1744354800,2025-04-11 07:00:00,2025-04-11 09:00:00,ringsted,8.15,41.5,6.675,0.0,1008.0,82.75,99.4444
1744358400,2025-04-11 08:00:00,2025-04-11 10:00:00,ringsted,8.75,70.5,5.775,0.0,1008.19,82.0,96.1111
1744362000,2025-04-11 09:00:00,2025-04-11 11:00:00,ringsted,9.6,181.0,5.575,0.0,1008.21,79.25,94.4444
1744365600,2025-04-11 10:00:00,2025-04-11 12:00:00,ringsted,10.5,292.5,6.425,0.0,1008.37,75.0,94.4444
1744369200,2025-04-11 11:00:00,2025-04-11 13:00:00,ringsted,11.1,285.0,6.2,0.0,1008.44,72.25,93.8889
1744372800,2025-04-11 12:00:00,2025-04-11 14:00:00,ringsted,11.8,334.5,6.325,0.0,1008.45,70.25,85.8333
1744376400,2025-04-11 13:00:00,2025-04-11 15:00:00,ringsted,12.675,429.0,6.525,0.0,1008.62,68.0,81.3889
1744380000,2025-04-11 14:00:00,2025-04-11 16:00:00,ringsted,13.075,451.0,6.45,0.0,1008.82,67.5,71.1111
1744383600,2025-04-11 15:00:00,2025-04-11 17:00:00,ringsted,13.225,312.5,5.575,0.0,1008.7,69.5,65.8333
1744387200,2025-04-11 16:00:00,2025-04-11 18:00:00,ringsted,13.55,194.5,5.75,0.0,1008.82,68.25,71.6667
1744390800,2025-04-11 17:00:00,2025-04-11 19:00:00,ringsted,13.55,104.0,4.675,0.0,1008.91,68.75,56.6667
1744394400,2025-04-11 18:00:00,2025-04-11 20:00:00,ringsted,12.675,52.0,5.0,0.0,1009.17,71.25,57.1875
1744398000,2025-04-11 19:00:00,2025-04-11 21:00:00,ringsted,11.5,0.5,4.5,0.0,1009.46,75.0,60.2941
1744401600,2025-04-11 20:00:00,2025-04-11 22:00:00,ringsted,10.45,0.0,4.35,0.0,1009.59,79.75,88.0556
1744405200,2025-04-11 21:00:00,2025-04-11 23:00:00,ringsted,9.8,0.0,4.4,0.0,1009.59,82.75,99.4444
1744408800,2025-04-11 22:00:00,2025-04-12 00:00:00,ringsted,9.725,0.0,4.825,0.0,1009.49,83.75,98.3333
1744412400,2025-04-11 23:00:00,2025-04-12 01:00:00,ringsted,9.35,0.0,4.8,0.0,1009.42,85.25,99.4444
1744416000,2025-04-12 00:00:00,2025-04-12 02:00:00,ringsted,9.0,0.0,4.625,0.0,1009.25,86.25,97.2222
1744419600,2025-04-12 01:00:00,2025-04-12 03:00:00,ringsted,8.675,0.0,4.425,0.0,1009.12,86.0,98.3333
1744423200,2025-04-12 02:00:00,2025-04-12 04:00:00,ringsted,8.575,0.0,4.1,0.0,1009.0,84.0,98.3333
1744426800,2025-04-12 03:00:00,2025-04-12 05:00:00,ringsted,8.35,0.0,3.85,0.0,1008.77,84.25,99.4444
1744430400,2025-04-12 04:00:00,2025-04-12 06:00:00,ringsted,8.15,0.0,4.375,0.0,1008.84,85.0,99.4444
1744434000,2025-04-12 05:00:00,2025-04-12 07:00:00,ringsted,8.025,3.5,4.175,0.0,1009.15,85.5,98.8889
1744437600,2025-04-12 06:00:00,2025-04-12 08:00:00,ringsted,8.2,30.0,4.1,0.0,1009.23,84.75,98.8889
1744441200,2025-04-12 07:00:00,2025-04-12 09:00:00,ringsted,8.35,59.5,3.8,0.0,1009.2,84.25,98.3333
1744444800,2025-04-12 08:00:00,2025-04-12 10:00:00,ringsted,8.625,96.0,3.725,0.0,1009.42,85.0,97.7778
1744448400,2025-04-12 09:00:00,2025-04-12 11:00:00,ringsted,8.975,135.5,4.05,0.0,1009.5,86.0,97.7778
1744452000,2025-04-12 10:00:00,2025-04-12 12:00:00,ringsted,9.625,201.0,4.625,0.0,1009.21,84.0,98.8889
1744455600,2025-04-12 11:00:00,2025-04-12 13:00:00,ringsted,10.375,262.5,4.55,0.0,1009.04,81.75,98.8889
1744459200,2025-04-12 12:00:00,2025-04-12 14:00:00,ringsted,10.975,268.0,4.2,0.0,1008.8,79.5,95.0
1744462800,2025-04-12 13:00:00,2025-04-12 15:00:00,ringsted,11.55,351.0,4.0,0.0,1008.49,77.25,63.0556
1744466400,2025-04-12 14:00:00,2025-04-12 16:00:00,ringsted,12.325,501.0,3.375,0.0,1007.97,74.25,25.2778
1744470000,2025-04-12 15:00:00,2025-04-12 17:00:00,ringsted,13.175,480.5,2.475,0.0,1007.32,71.0,0.833333
1744473600,2025-04-12 16:00:00,2025-04-12 18:00:00,ringsted,13.525,345.0,2.125,0.0,1006.89,69.0,0.0
1744477200,2025-04-12 17:00:00,2025-04-12 19:00:00,ringsted,13.125,197.5,2.15,0.0,1006.52,70.0,0.0
1744480800,2025-04-12 18:00:00,2025-04-12 20:00:00,ringsted,11.75,59.5,1.75,0.0,1006.41,75.25,0.0
1744484400,2025-04-12 19:00:00,2025-04-12 21:00:00,ringsted,9.875,1.0,1.025,0.0,1006.43,82.25,0.0
1744488000,2025-04-12 20:00:00,2025-04-12 22:00:00,ringsted,7.85,0.0,1.075,0.0,1005.99,89.5,0.0
1744491600,2025-04-12 21:00:00,2025-04-12 23:00:00,ringsted,6.7,0.0,1.325,0.0,1005.56,92.75,0.0
1744495200,2025-04-12 22:00:00,2025-04-13 00:00:00,ringsted,6.625,0.0,1.675,0.0,1005.21,94.0,0.0
1744498800,2025-04-12 23:00:00,2025-04-13 01:00:00,ringsted,6.375,0.0,1.925,0.0,1004.76,95.5,0.833333
1744502400,2025-04-13 00:00:00,2025-04-13 02:00:00,ringsted,6.225,0.0,2.275,0.0,1004.09,96.25,6.25
1744506000,2025-04-13 01:00:00,2025-04-13 03:00:00,ringsted,6.075,0.0,2.6,0.0,1003.38,97.0,17.9167
1744509600,2025-04-13 02:00:00,2025-04-13 04:00:00,ringsted,6.075,0.0,3.125,0.0,1002.82,97.0,31.6667
1744513200,2025-04-13 03:00:00,2025-04-13 05:00:00,ringsted,6.2,0.0,3.675,0.0,1002.12,97.0,49.1667
1744516800,2025-04-13 04:00:00,2025-04-13 06:00:00,ringsted,6.375,0.0,4.15,0.0,1001.28,96.0,0.0
1744520400,2025-04-13 05:00:00,2025-04-13 07:00:00,ringsted,6.325,12.0,4.4,0.0,1000.52,95.75,9.16667
1744524000,2025-04-13 06:00:00,2025-04-13 08:00:00,ringsted,6.725,85.5,4.55,0.0,1000.26,95.0,0.0
1744527600,2025-04-13 07:00:00,2025-04-13 09:00:00,ringsted,7.725,242.5,4.9,0.0,999.692,92.25,50.0
1744531200,2025-04-13 08:00:00,2025-04-13 10:00:00,ringsted,9.5,408.0,5.35,0.0,998.838,85.75,48.2143
1744534800,2025-04-13 09:00:00,2025-04-13 11:00:00,ringsted,11.05,472.0,6.1,0.0,998.0,79.75,24.1176
1744538400,2025-04-13 10:00:00,2025-04-13 12:00:00,ringsted,12.65,544.0,6.175,0.0,997.562,73.25,28.8889
1744542000,2025-04-13 11:00:00,2025-04-13 13:00:00,ringsted,12.825,507.5,6.475,0.0,997.192,71.5,42.5
1744545600,2025-04-13 12:00:00,2025-04-13 14:00:00,ringsted,13.475,445.5,6.175,0.0,996.975,69.25,50.8333
1744549200,2025-04-13 13:00:00,2025-04-13 15:00:00,ringsted,13.8,336.5,5.425,0.0,997.096,68.75,65.2778
1744552800,2025-04-13 14:00:00,2025-04-13 16:00:00,ringsted,14.175,229.0,4.775,0.1,997.271,70.0,80.0
1744556400,2025-04-13 15:00:00,2025-04-13 17:00:00,ringsted,13.975,80.0,3.875,0.1,997.525,77.5,96.6667
1744560000,2025-04-13 16:00:00,2025-04-13 18:00:00,ringsted,13.3,72.5,4.65,0.1,997.733,84.0,86.9444
1744563600,2025-04-13 17:00:00,2025-04-13 19:00:00,ringsted,13.0,102.0,4.3,0.0,997.983,88.5,52.7778
1744567200,2025-04-13 18:00:00,2025-04-13 20:00:00,ringsted,12.775,37.5,3.625,0.0,998.461,88.75,34.375
1744570800,2025-04-13 19:00:00,2025-04-13 21:00:00,ringsted,11.975,1.5,4.05,0.0,999.208,86.6667,5.35714
1744574400,2025-04-13 20:00:00,2025-04-13 22:00:00,ringsted,11.1,0.0,5.2,0.0,999.971,83.0,0.0
1744578000,2025-04-13 21:00:00,2025-04-13 23:00:00,ringsted,9.825,0.0,4.875,0.0,1000.77,85.0,0.0
1744581600,2025-04-13 22:00:00,2025-04-14 00:00:00,ringsted,8.725,0.0,4.3,0.0,1001.43,89.0,3.75
1744585200,2025-04-13 23:00:00,2025-04-14 01:00:00,ringsted,7.85,0.0,3.7,0.0,1001.88,91.25,0.0
1744588800,2025-04-14 00:00:00,2025-04-14 02:00:00,ringsted,7.2,0.0,2.975,0.0,1002.13,93.25,0.0
1744592400,2025-04-14 01:00:00,2025-04-14 03:00:00,ringsted,6.75,0.0,2.75,0.0,1002.26,94.5,0.0
1744596000,2025-04-14 02:00:00,2025-04-14 04:00:00,ringsted,6.3,0.0,2.45,0.0,1002.61,95.75,44.4286
1744599600,2025-04-14 03:00:00,2025-04-14 05:00:00,ringsted,6.25,0.0,2.575,0.0,1003.2,97.0,97.5
1744603200,2025-04-14 04:00:00,2025-04-14 06:00:00,ringsted,6.975,0.0,3.1,0.0,1003.51,96.75,99.5556
1744606800,2025-04-14 05:00:00,2025-04-14 07:00:00,ringsted,7.0,8.0,1.85,0.0,1003.97,95.75,101.294
1744610400,2025-04-14 06:00:00,2025-04-14 08:00:00,ringsted,7.025,28.5,1.1,0.0,1004.42,95.25,98.3333
1744614000,2025-04-14 07:00:00,2025-04-14 09:00:00,ringsted,7.3,54.0,1.45,0.025,1004.71,94.5,97.2222
1744617600,2025-04-14 08:00:00,2025-04-14 10:00:00,ringsted,7.85,117.0,2.5,0.075,1005.06,94.75,93.3333
1744621200,2025-04-14 09:00:00,2025-04-14 11:00:00,ringsted,8.65,140.5,2.9,0.025,1005.36,93.5,93.8889
1744624800,2025-04-14 10:00:00,2025-04-14 12:00:00,ringsted,9.375,176.5,3.4,0.0,1005.42,90.0,91.6667
1744628400,2025-04-14 11:00:00,2025-04-14 13:00:00,ringsted,10.225,231.0,3.025,0.0,1005.53,87.75,75.0
1744632000,2025-04-14 12:00:00,2025-04-14 14:00:00,ringsted,11.675,418.5,3.3,0.0,1005.75,79.75,64.4444
1744635600,2025-04-14 13:00:00,2025-04-14 15:00:00,ringsted,13.125,472.0,4.275,0.0,1005.81,71.25,41.6667
1744639200,2025-04-14 14:00:00,2025-04-14 16:00:00,ringsted,13.925,472.5,4.425,0.0,1005.73,64.75,48.8889
1744642800,2025-04-14 15:00:00,2025-04-14 17:00:00,ringsted,14.325,467.5,4.875,0.0,1005.73,60.5,12.1429
1744646400,2025-04-14 16:00:00,2025-04-14 18:00:00,ringsted,14.125,303.0,4.6,0.0,1006.08,59.25,4.16667
1744650000,2025-04-14 17:00:00,2025-04-14 19:00:00,ringsted,13.675,206.5,4.225,0.0,1006.34,60.0,0.0
1744653600,2025-04-14 18:00:00,2025-04-14 20:00:00,ringsted,12.125,61.0,2.55,0.0,1006.75,65.75,0.0
1744657200,2025-04-14 19:00:00,2025-04-14 21:00:00,ringsted,9.775,1.0,1.275,0.0,1007.15,75.0,0.0
1744660800,2025-04-14 20:00:00,2025-04-14 22:00:00,ringsted,7.625,0.0,0.925,0.0,1007.34,84.25,0.0
1744664400,2025-04-14 21:00:00,2025-04-14 23:00:00,ringsted,6.3,0.0,1.025,0.0,1007.39,90.0,0.0
1744668000,2025-04-14 22:00:00,2025-04-15 00:00:00,ringsted,5.875,0.0,1.625,0.0,1007.35,92.5,0.0
1744671600,2025-04-14 23:00:00,2025-04-15 01:00:00,ringsted,5.925,0.0,1.9,0.0,1007.22,93.5,2.91667
1744675200,2025-04-15 00:00:00,2025-04-15 02:00:00,ringsted,5.775,0.0,1.8,0.0,1007.11,94.75,23.75
1744678800,2025-04-15 01:00:00,2025-04-15 03:00:00,ringsted,5.95,0.0,2.175,0.0,1006.73,94.0,7.91667
1744682400,2025-04-15 02:00:00,2025-04-15 04:00:00,ringsted,5.95,0.0,2.325,0.0,1006.3,93.25,2.5
1744686000,2025-04-15 03:00:00,2025-04-15 05:00:00,ringsted,6.0,0.0,2.95,0.0,1005.94,93.0,0.0
1744689600,2025-04-15 04:00:00,2025-04-15 06:00:00,ringsted,6.175,0.0,3.3,0.0,1005.65,92.5,0.0
1744693200,2025-04-15 05:00:00,2025-04-15 07:00:00,ringsted,6.5,22.0,3.825,0.0,1005.43,89.75,0.0
1744696800,2025-04-15 06:00:00,2025-04-15 08:00:00,ringsted,7.9,128.0,4.625,0.0,1005.29,84.25,1.92308
1744700400,2025-04-15 07:00:00,2025-04-15 09:00:00,ringsted,9.925,256.0,5.4,0.0,1005.07,75.75,47.2222
1744704000,2025-04-15 08:00:00,2025-04-15 10:00:00,ringsted,11.1,204.0,6.275,0.0,1004.89,73.25,93.3333
1744707600,2025-04-15 09:00:00,2025-04-15 11:00:00,ringsted,11.325,101.5,6.5,0.175,1004.53,75.75,87.2222
1744711200,2025-04-15 10:00:00,2025-04-15 12:00:00,ringsted,12.1,319.5,6.9,0.05,1003.84,76.5,50.0
1744714800,2025-04-15 11:00:00,2025-04-15 13:00:00,ringsted,14.225,555.0,7.9,0.0,1003.0,67.0,26.9444
1744718400,2025-04-15 12:00:00,2025-04-15 14:00:00,ringsted,15.275,664.5,9.0,0.0,1002.33,62.25,11.25
1744722000,2025-04-15 13:00:00,2025-04-15 15:00:00,ringsted,16.15,646.5,9.075,0.0,1001.69,61.5,0.0
1744725600,2025-04-15 14:00:00,2025-04-15 16:00:00,ringsted,16.725,574.5,8.575,0.0,1001.1,61.25,0.0
1744729200,2025-04-15 15:00:00,2025-04-15 17:00:00,ringsted,16.875,468.0,8.475,0.0,1000.62,61.5,0.0
1744732800,2025-04-15 16:00:00,2025-04-15 18:00:00,ringsted,16.425,335.5,7.875,0.0,1000.19,62.25,0.0
1744736400,2025-04-15 17:00:00,2025-04-15 19:00:00,ringsted,15.775,187.0,7.2,0.0,999.929,64.25,0.0
1744740000,2025-04-15 18:00:00,2025-04-15 20:00:00,ringsted,14.4,45.0,6.8,0.0,999.75,68.75,0.0
1744743600,2025-04-15 19:00:00,2025-04-15 21:00:00,ringsted,12.875,1.5,6.75,0.0,999.904,73.25,1.42857
1744747200,2025-04-15 20:00:00,2025-04-15 22:00:00,ringsted,11.825,0.0,6.175,0.0,999.938,76.75,33.125
1744750800,2025-04-15 21:00:00,2025-04-15 23:00:00,ringsted,11.3,0.0,5.375,0.0,1000.0,77.5,67.1875
1744754400,2025-04-15 22:00:00,2025-04-16 00:00:00,ringsted,11.075,0.0,4.525,0.0,1000.03,78.5,88.3333
1744758000,2025-04-15 23:00:00,2025-04-16 01:00:00,ringsted,10.925,0.0,4.125,0.0,1000.18,80.0,93.3333
1744761600,2025-04-16 00:00:00,2025-04-16 02:00:00,ringsted,11.375,0.0,3.675,0.0,1000.07,79.75,95.5556
1744765200,2025-04-16 01:00:00,2025-04-16 03:00:00,ringsted,11.675,0.0,3.925,0.0,1000.2,81.5,96.6667
1744768800,2025-04-16 02:00:00,2025-04-16 04:00:00,ringsted,11.825,0.0,3.85,0.025,1000.17,83.25,96.6667
1744772400,2025-04-16 03:00:00,2025-04-16 05:00:00,ringsted,11.9,0.0,3.525,0.0,1000.41,85.25,87.7778
1744776000,2025-04-16 04:00:00,2025-04-16 06:00:00,ringsted,11.925,0.0,3.15,0.0,1000.88,85.75,90.0
1744779600,2025-04-16 05:00:00,2025-04-16 07:00:00,ringsted,11.525,6.5,3.075,0.0,1001.39,87.5,96.6667
1744783200,2025-04-16 06:00:00,2025-04-16 08:00:00,ringsted,11.55,47.5,2.75,0.0,1001.76,88.25,83.0556
1744786800,2025-04-16 07:00:00,2025-04-16 09:00:00,ringsted,12.65,212.0,2.725,0.0,1002.09,84.75,45.0
1744790400,2025-04-16 08:00:00,2025-04-16 10:00:00,ringsted,14.25,400.5,2.875,0.0,1002.73,79.75,12.0833
1744794000,2025-04-16 09:00:00,2025-04-16 11:00:00,ringsted,15.575,528.0,2.8,0.0,1003.38,76.0,38.8235
1744797600,2025-04-16 10:00:00,2025-04-16 12:00:00,ringsted,16.675,598.0,3.025,0.0,1003.78,73.75,27.0588
1744801200,2025-04-16 11:00:00,2025-04-16 13:00:00,ringsted,17.55,684.5,2.7,0.0,1003.97,70.75,4.16667
1744804800,2025-04-16 12:00:00,2025-04-16 14:00:00,ringsted,18.35,595.0,2.85,0.0,1004.73,68.5,20.8333
1744808400,2025-04-16 13:00:00,2025-04-16 15:00:00,ringsted,18.175,517.5,3.775,0.0,1005.11,69.0,43.3333
1744812000,2025-04-16 14:00:00,2025-04-16 16:00:00,ringsted,18.0,494.5,3.65,0.0,1005.14,70.0,5.90909
1744815600,2025-04-16 15:00:00,2025-04-16 17:00:00,ringsted,18.0,373.5,3.275,0.0,1005.35,69.75,14.1667
1744819200,2025-04-16 16:00:00,2025-04-16 18:00:00,ringsted,17.35,311.5,3.2,0.0,1005.85,70.75,37.0833
1744822800,2025-04-16 17:00:00,2025-04-16 19:00:00,ringsted,16.575,194.5,3.175,0.0,1006.15,73.25,31.6667
1744826400,2025-04-16 18:00:00,2025-04-16 20:00:00,ringsted,15.375,70.0,2.775,0.0,1006.72,77.25,3.33333
1744830000,2025-04-16 19:00:00,2025-04-16 21:00:00,ringsted,13.2,3.0,2.5,0.0,1007.4,85.0,3.33333
1744833600,2025-04-16 20:00:00,2025-04-16 22:00:00,ringsted,11.575,0.0,1.825,0.0,1007.47,91.0,4.16667
1744837200,2025-04-16 21:00:00,2025-04-16 23:00:00,ringsted,10.775,0.0,2.025,0.0,1007.39,93.25,0.0
1744840800,2025-04-16 22:00:00,2025-04-17 00:00:00,ringsted,10.025,0.0,2.7,0.0,1007.37,94.25,0.0
1744844400,2025-04-16 23:00:00,2025-04-17 01:00:00,ringsted,10.1,0.0,3.125,0.0,1007.14,95.75,35.8333
1744848000,2025-04-17 00:00:00,2025-04-17 02:00:00,ringsted,10.3,0.0,3.475,0.0,1006.65,95.75,50.0
1744851600,2025-04-17 01:00:00,2025-04-17 03:00:00,ringsted,9.725,0.0,3.775,0.0,1006.37,97.25,57.6471
1744855200,2025-04-17 02:00:00,2025-04-17 04:00:00,ringsted,9.5,0.0,3.125,0.0,1005.73,97.25,39.7222
1744858800,2025-04-17 03:00:00,2025-04-17 05:00:00,ringsted,9.525,0.0,3.775,0.0,1005.37,97.5,85.0
1744862400,2025-04-17 04:00:00,2025-04-17 06:00:00,ringsted,9.7,0.5,4.425,0.0,1005.17,96.75,70.0
1744866000,2025-04-17 05:00:00,2025-04-17 07:00:00,ringsted,10.05,37.5,4.4,0.0,1005.0,95.5,30.8333
1744869600,2025-04-17 06:00:00,2025-04-17 08:00:00,ringsted,10.95,133.0,4.875,0.0,1005.11,92.25,7.85714
1744873200,2025-04-17 07:00:00,2025-04-17 09:00:00,ringsted,12.025,277.5,5.675,0.0,1005.07,87.0,30.8333
1744876800,2025-04-17 08:00:00,2025-04-17 10:00:00,ringsted,13.25,409.0,5.575,0.0,1004.41,82.5,33.3333
1744880400,2025-04-17 09:00:00,2025-04-17 11:00:00,ringsted,14.025,540.0,6.1,0.0,1004.19,79.5,33.8889
1744884000,2025-04-17 10:00:00,2025-04-17 12:00:00,ringsted,14.675,603.0,6.125,0.0,1003.83,76.5,29.4444
1744887600,2025-04-17 11:00:00,2025-04-17 13:00:00,ringsted,15.1667,670.0,7.025,0.0,1003.38,74.0,30.0
1744891200,2025-04-17 12:00:00,2025-04-17 14:00:00,ringsted,15.825,694.0,6.5,0.0,1003.08,72.75,31.3889
1744894800,2025-04-17 13:00:00,2025-04-17 15:00:00,ringsted,15.65,666.5,6.75,0.0,1003.0,72.5,13.3333
1744898400,2025-04-17 14:00:00,2025-04-17 16:00:00,ringsted,15.675,589.5,5.575,0.0,1003.0,72.0,1.42857
1744902000,2025-04-17 15:00:00,2025-04-17 17:00:00,ringsted,15.275,470.0,4.575,0.0,1002.98,72.5,1.53846
1744905600,2025-04-17 16:00:00,2025-04-17 18:00:00,ringsted,15.0,313.0,3.6,0.0,1003.05,73.5,3.33333
1744909200,2025-04-17 17:00:00,2025-04-17 19:00:00,ringsted,13.975,158.0,3.275,0.0,1003.45,77.25,21.6667
1744912800,2025-04-17 18:00:00,2025-04-17 20:00:00,ringsted,12.425,41.0,2.05,0.0,1004.0,82.25,38.3333
1744916400,2025-04-17 19:00:00,2025-04-17 21:00:00,ringsted,11.375,1.5,1.4,0.0,1004.43,87.0,25.6667
1744920000,2025-04-17 20:00:00,2025-04-17 22:00:00,ringsted,10.675,0.0,1.075,0.0,1004.15,89.5,69.1667
1744923600,2025-04-17 21:00:00,2025-04-17 23:00:00,ringsted,10.3,0.0,2.125,0.0,1004.06,91.25,53.5714
1744927200,2025-04-17 22:00:00,2025-04-18 00:00:00,ringsted,10.1,0.0,2.725,0.0,1004.48,93.0,92.8333
1744930800,2025-04-17 23:00:00,2025-04-18 01:00:00,ringsted,10.525,0.0,3.625,0.0,1004.59,94.75,97.3333
1744934400,2025-04-18 00:00:00,2025-04-18 02:00:00,ringsted,10.25,0.0,4.975,0.0,1004.45,96.5,102.889
1744938000,2025-04-18 01:00:00,2025-04-18 03:00:00,ringsted,9.9,0.0,5.25,0.0,1004.28,94.75,100.222
1744941600,2025-04-18 02:00:00,2025-04-18 04:00:00,ringsted,9.975,0.0,5.525,0.0,1004.22,92.75,99.4444
1744945200,2025-04-18 03:00:00,2025-04-18 05:00:00,ringsted,9.975,0.0,5.225,0.0,1004.15,90.75,98.3333
1744948800,2025-04-18 04:00:00,2025-04-18 06:00:00,ringsted,9.775,0.0,5.675,0.0,1004.18,90.75,98.8889
1744952400,2025-04-18 05:00:00,2025-04-18 07:00:00,ringsted,9.65,5.5,6.275,0.075,1003.79,90.0,96.6667
1744956000,2025-04-18 06:00:00,2025-04-18 08:00:00,ringsted,9.8,37.5,6.65,0.0,1003.99,89.0,97.2222
1744959600,2025-04-18 07:00:00,2025-04-18 09:00:00,ringsted,10.25,102.0,6.6,0.05,1004.8,88.25,97.6471
1744963200,2025-04-18 08:00:00,2025-04-18 10:00:00,ringsted,10.175,99.5,6.325,0.025,1004.65,88.0,99.4444
1744966800,2025-04-18 09:00:00,2025-04-18 11:00:00,ringsted,10.475,243.0,7.525,0.0,1004.81,83.25,98.3333
1744970400,2025-04-18 10:00:00,2025-04-18 12:00:00,ringsted,10.675,237.5,8.125,0.0,1004.79,75.75,93.8889
1744974000,2025-04-18 11:00:00,2025-04-18 13:00:00,ringsted,11.225,273.5,8.05,0.0,1004.97,68.5,96.6667
1744977600,2025-04-18 12:00:00,2025-04-18 14:00:00,ringsted,10.925,171.0,6.875,0.0,1005.31,69.75,97.7778
1744981200,2025-04-18 13:00:00,2025-04-18 15:00:00,ringsted,10.725,146.0,6.375,0.0,1005.24,68.75,98.8889
1744984800,2025-04-18 14:00:00,2025-04-18 16:00:00,ringsted,10.775,144.5,6.675,0.0,1005.06,69.5,98.8889
1744988400,2025-04-18 15:00:00,2025-04-18 17:00:00,ringsted,10.625,148.0,6.825,0.0,1005.06,73.25,98.8235
1744992000,2025-04-18 16:00:00,2025-04-18 18:00:00,ringsted,10.3,70.5,6.275,0.0,1005.0,74.5,98.3333
1744995600,2025-04-18 17:00:00,2025-04-18 19:00:00,ringsted,10.075,41.5,5.55,0.0,1004.83,75.5,98.8889
1744999200,2025-04-18 18:00:00,2025-04-18 20:00:00,ringsted,9.85,19.0,4.925,0.0,1005.2,76.5,98.8889
1745002800,2025-04-18 19:00:00,2025-04-18 21:00:00,ringsted,9.675,0.5,4.45,0.0,1005.24,77.25,98.8889
1745006400,2025-04-18 20:00:00,2025-04-18 22:00:00,ringsted,9.55,0.0,3.9,0.0,1004.9,78.0,98.8889
1745010000,2025-04-18 21:00:00,2025-04-18 23:00:00,ringsted,9.525,0.0,4.275,0.0,1004.84,78.25,98.8889
1745013600,2025-04-18 22:00:00,2025-04-19 00:00:00,ringsted,9.6,0.0,4.225,0.0,1004.64,77.75,99.4444
1745017200,2025-04-18 23:00:00,2025-04-19 01:00:00,ringsted,9.6,0.0,4.2,0.0,1004.28,79.25,99.4444
1745020800,2025-04-19 00:00:00,2025-04-19 02:00:00,ringsted,9.425,0.0,4.6,0.0,1003.56,78.75,96.6667
1745024400,2025-04-19 01:00:00,2025-04-19 03:00:00,ringsted,9.15,0.0,4.3,0.0,1003.62,81.25,99.4444
1745028000,2025-04-19 02:00:00,2025-04-19 04:00:00,ringsted,8.975,0.0,3.575,0.0,1003.3,84.25,99.4444
1745031600,2025-04-19 03:00:00,2025-04-19 05:00:00,ringsted,8.775,0.0,3.35,0.0,1002.99,87.25,99.4444
1745035200,2025-04-19 04:00:00,2025-04-19 06:00:00,ringsted,8.375,0.0,3.175,0.475,1002.42,91.25,99.4444
1745038800,2025-04-19 05:00:00,2025-04-19 07:00:00,ringsted,8.125,1.5,3.925,1.025,1002.0,94.0,98.8889
1745042400,2025-04-19 06:00:00,2025-04-19 08:00:00,ringsted,8.05,19.5,4.0,1.4,1001.99,96.0,99.4444
1745046000,2025-04-19 07:00:00,2025-04-19 09:00:00,ringsted,8.175,19.0,3.05,0.15,1002.01,96.0,99.4444
1745049600,2025-04-19 08:00:00,2025-04-19 10:00:00,ringsted,8.325,24.0,2.625,0.125,1002.08,95.5,99.5556
1745053200,2025-04-19 09:00:00,2025-04-19 11:00:00,ringsted,8.46667,39.0,2.8,0.7,1002.15,96.3333,99.0588
1745056800,2025-04-19 10:00:00,2025-04-19 12:00:00,ringsted,8.425,86.5,3.325,0.55,1002.06,97.0,96.6667
1745060400,2025-04-19 11:00:00,2025-04-19 13:00:00,ringsted,8.525,117.0,3.75,0.325,1002.06,95.75,96.6667
1745064000,2025-04-19 12:00:00,2025-04-19 14:00:00,ringsted,8.55,112.0,4.025,0.15,1002.04,95.25,98.3333
1745067600,2025-04-19 13:00:00,2025-04-19 15:00:00,ringsted,8.575,122.0,3.95,0.0,1002.08,94.0,98.3333
1745071200,2025-04-19 14:00:00,2025-04-19 16:00:00,ringsted,8.4,75.5,3.825,0.0,1001.99,94.25,100.222
1745074800,2025-04-19 15:00:00,2025-04-19 17:00:00,ringsted,8.275,64.0,3.75,0.225,1001.83,95.0,99.0
1745078400,2025-04-19 16:00:00,2025-04-19 18:00:00,ringsted,8.175,67.0,4.0,0.025,1001.54,95.5,98.8889
1745082000,2025-04-19 17:00:00,2025-04-19 19:00:00,ringsted,8.2,34.5,3.875,0.05,1001.37,95.75,98.3333
1745085600,2025-04-19 18:00:00,2025-04-19 20:00:00,ringsted,8.125,7.5,4.075,0.025,1001.36,96.0,99.4444
1745089200,2025-04-19 19:00:00,2025-04-19 21:00:00,ringsted,8.025,0.0,4.175,0.125,1001.38,96.0,100.111
1745092800,2025-04-19 20:00:00,2025-04-19 22:00:00,ringsted,8.0,0.0,4.025,0.0,1001.46,96.5,99.4444
1745096400,2025-04-19 21:00:00,2025-04-19 23:00:00,ringsted,7.9,0.0,4.1,0.025,1001.46,96.75,98.8889
1745100000,2025-04-19 22:00:00,2025-04-20 00:00:00,ringsted,7.875,0.0,3.875,0.0,1001.49,96.75,99.4444
1745103600,2025-04-19 23:00:00,2025-04-20 01:00:00,ringsted,7.75,0.0,4.225,0.0,1001.43,96.25,99.4118
1745107200,2025-04-20 00:00:00,2025-04-20 02:00:00,ringsted,7.65,0.0,4.0,0.125,1001.13,96.5,100.118
1745110800,2025-04-20 01:00:00,2025-04-20 03:00:00,ringsted,7.625,0.0,3.625,0.05,1000.84,95.75,97.7778
1745114400,2025-04-20 02:00:00,2025-04-20 04:00:00,ringsted,7.55,0.0,3.475,0.05,1000.55,96.5,99.7778
1745118000,2025-04-20 03:00:00,2025-04-20 05:00:00,ringsted,7.475,0.0,3.425,0.375,1000.34,96.75,100.333
1745121600,2025-04-20 04:00:00,2025-04-20 06:00:00,ringsted,7.4,0.0,3.5,0.15,1000.39,96.5,98.8889
1745125200,2025-04-20 05:00:00,2025-04-20 07:00:00,ringsted,7.35,4.0,3.15,0.125,1000.72,96.25,98.3333
1745128800,2025-04-20 06:00:00,2025-04-20 08:00:00,ringsted,7.4,16.5,3.2,0.95,1000.91,96.75,95.5556
1745132400,2025-04-20 07:00:00,2025-04-20 09:00:00,ringsted,7.46667,39.0,3.23333,0.8,1001.29,95.3333,97.0588
1745136000,2025-04-20 08:00:00,2025-04-20 10:00:00,ringsted,7.6,68.5,3.1,0.45,1001.4,95.0,98.8889
1745139600,2025-04-20 09:00:00,2025-04-20 11:00:00,ringsted,7.95,105.5,3.075,0.25,1001.61,94.75,99.5556
1745143200,2025-04-20 10:00:00,2025-04-20 12:00:00,ringsted,8.225,116.5,3.025,0.2,1001.91,94.25,98.8889
1745146800,2025-04-20 11:00:00,2025-04-20 13:00:00,ringsted,8.4,113.5,3.475,0.125,1002.11,94.25,98.8889
1745150400,2025-04-20 12:00:00,2025-04-20 14:00:00,ringsted,8.7,126.5,3.275,0.0,1002.26,94.0,98.8889
1745154000,2025-04-20 13:00:00,2025-04-20 15:00:00,ringsted,9.075,130.0,3.425,0.0,1002.36,92.5,99.4118
1745157600,2025-04-20 14:00:00,2025-04-20 16:00:00,ringsted,9.2,122.0,3.05,0.0,1002.37,93.0,97.7778
1745161200,2025-04-20 15:00:00,2025-04-20 17:00:00,ringsted,9.225,93.5,2.85,0.0,1002.7,94.25,98.8889
1745164800,2025-04-20 16:00:00,2025-04-20 18:00:00,ringsted,9.275,83.5,2.8,0.0,1002.75,94.5,98.3333
1745168400,2025-04-20 17:00:00,2025-04-20 19:00:00,ringsted,9.225,54.5,2.35,0.0,1002.91,95.0,98.3333
1745172000,2025-04-20 18:00:00,2025-04-20 20:00:00,ringsted,9.075,17.0,2.125,0.025,1003.4,96.0,96.6667
1745175600,2025-04-20 19:00:00,2025-04-20 21:00:00,ringsted,8.93333,0.0,2.0,0.0333333,1003.78,96.3333,97.0588
1745179200,2025-04-20 20:00:00,2025-04-20 22:00:00,ringsted,8.975,0.0,1.425,0.0,1004.03,96.75,98.8889
1745182800,2025-04-20 21:00:00,2025-04-20 23:00:00,ringsted,8.875,0.0,1.025,0.0,1004.0,96.5,98.8889
1745186400,2025-04-20 22:00:00,2025-04-21 00:00:00,ringsted,8.775,0.0,0.7,0.0,1004.1,96.5,98.8889
1745190000,2025-04-20 23:00:00,2025-04-21 01:00:00,ringsted,8.725,0.0,0.7,0.0,1004.17,96.0,98.8889
1745193600,2025-04-21 00:00:00,2025-04-21 02:00:00,ringsted,8.525,0.0,0.65,0.0,1004.31,97.0,98.3333
1745197200,2025-04-21 01:00:00,2025-04-21 03:00:00,ringsted,8.5,0.0,0.775,0.0,1004.28,97.0,99.4444
1745200800,2025-04-21 02:00:00,2025-04-21 04:00:00,ringsted,8.45,0.0,0.65,0.0,1004.35,96.5,99.4444
1745204400,2025-04-21 03:00:00,2025-04-21 05:00:00,ringsted,8.45,0.0,0.775,0.0,1004.42,96.0,99.4444
1745208000,2025-04-21 04:00:00,2025-04-21 06:00:00,ringsted,8.425,0.0,0.475,0.0,1004.5,95.75,98.8235
1745211600,2025-04-21 05:00:00,2025-04-21 07:00:00,ringsted,8.45,9.0,0.4,0.0,1004.92,96.0,97.7778
1745215200,2025-04-21 06:00:00,2025-04-21 08:00:00,ringsted,8.7,17.0,0.725,0.0,1005.41,95.5,99.4444
1745218800,2025-04-21 07:00:00,2025-04-21 09:00:00,ringsted,8.875,29.0,0.55,0.0666667,1005.68,94.75,99.4444
1745222400,2025-04-21 08:00:00,2025-04-21 10:00:00,ringsted,9.175,64.5,1.0,0.025,1005.96,92.5,99.4444
1745226000,2025-04-21 09:00:00,2025-04-21 11:00:00,ringsted,9.65,121.0,0.875,0.0,1006.36,88.5,99.4444
1745229600,2025-04-21 10:00:00,2025-04-21 12:00:00,ringsted,10.225,188.0,1.275,0.0,1006.57,85.0,98.3333
1745233200,2025-04-21 11:00:00,2025-04-21 13:00:00,ringsted,10.5,175.5,1.775,0.0,1006.72,83.75,98.8889
1745236800,2025-04-21 12:00:00,2025-04-21 14:00:00,ringsted,10.85,244.0,1.325,0.0,1007.0,81.5,98.3333
1745240400,2025-04-21 13:00:00,2025-04-21 15:00:00,ringsted,11.375,210.0,1.275,0.0,1007.21,78.5,96.6667
1745244000,2025-04-21 14:00:00,2025-04-21 16:00:00,ringsted,11.725,247.5,1.775,0.0,1007.19,78.5,87.2222
1745247600,2025-04-21 15:00:00,2025-04-21 17:00:00,ringsted,11.775,239.0,1.7,0.0,1007.39,77.75,91.6667
1745251200,2025-04-21 16:00:00,2025-04-21 18:00:00,ringsted,12.0,175.0,1.025,0.025,1007.55,76.75,88.6111
1745254800,2025-04-21 17:00:00,2025-04-21 19:00:00,ringsted,12.225,166.5,0.95,0.0,1007.76,75.75,56.9444
1745258400,2025-04-21 18:00:00,2025-04-21 20:00:00,ringsted,11.575,49.0,1.475,0.0,1008.19,79.25,76.9444
1745262000,2025-04-21 19:00:00,2025-04-21 21:00:00,ringsted,10.2333,1.5,1.725,0.0,1008.49,85.6667,59.0625
1745265600,2025-04-21 20:00:00,2025-04-21 22:00:00,ringsted,9.325,0.0,1.35,0.0,1008.67,89.25,66.6667
1745269200,2025-04-21 21:00:00,2025-04-21 23:00:00,ringsted,8.85,0.0,1.325,0.0,1008.49,89.75,57.7778
1745272800,2025-04-21 22:00:00,2025-04-22 00:00:00,ringsted,8.125,0.0,1.45,0.0,1008.75,91.5,82.7778
1745276400,2025-04-21 23:00:00,2025-04-22 01:00:00,ringsted,8.0,0.0,1.55,0.0,1009.05,92.25,93.3333
1745280000,2025-04-22 00:00:00,2025-04-22 02:00:00,ringsted,7.975,0.0,1.125,0.0,1009.11,91.75,96.1111
1745283600,2025-04-22 01:00:00,2025-04-22 03:00:00,ringsted,8.0,0.0,1.325,0.075,1008.94,92.0,94.1667
1745287200,2025-04-22 02:00:00,2025-04-22 04:00:00,ringsted,8.025,0.0,1.225,0.0,1008.89,92.0,96.6667
1745290800,2025-04-22 03:00:00,2025-04-22 05:00:00,ringsted,8.1,0.0,1.525,0.0,1008.83,92.0,98.8889
1745294400,2025-04-22 04:00:00,2025-04-22 06:00:00,ringsted,8.375,0.0,1.9,0.0,1008.9,91.25,98.3333
1745298000,2025-04-22 05:00:00,2025-04-22 07:00:00,ringsted,8.45,8.5,1.85,0.0,1009.27,92.5,91.6667
1745301600,2025-04-22 06:00:00,2025-04-22 08:00:00,ringsted,8.775,40.5,1.875,0.025,1009.64,94.0,82.2222
1745305200,2025-04-22 07:00:00,2025-04-22 09:00:00,ringsted,9.425,120.5,1.675,0.025,1009.96,94.0,79.1667
1745308800,2025-04-22 08:00:00,2025-04-22 10:00:00,ringsted,10.45,256.5,2.175,0.1,1010.45,91.5,81.1111
1745312400,2025-04-22 09:00:00,2025-04-22 11:00:00,ringsted,11.275,402.5,2.225,0.0,1010.75,88.75,74.4444
1745316000,2025-04-22 10:00:00,2025-04-22 12:00:00,ringsted,11.9,298.0,2.525,0.025,1010.97,86.0,91.1111
1745319600,2025-04-22 11:00:00,2025-04-22 13:00:00,ringsted,12.1,198.0,2.825,0.125,1011.15,84.75,96.6667
1745323200,2025-04-22 12:00:00,2025-04-22 14:00:00,ringsted,11.75,163.0,2.85,0.15,1011.6,86.25,98.8889
1745326800,2025-04-22 13:00:00,2025-04-22 15:00:00,ringsted,11.2,133.5,3.05,0.175,1011.81,90.25,98.3333
1745330400,2025-04-22 14:00:00,2025-04-22 16:00:00,ringsted,11.1,121.0,2.75,0.125,1011.86,91.0,97.7778
1745334000,2025-04-22 15:00:00,2025-04-22 17:00:00,ringsted,11.275,196.0,2.55,0.0,1012.0,89.5,83.3333
1745337600,2025-04-22 16:00:00,2025-04-22 18:00:00,ringsted,11.425,166.5,2.85,0.0,1012.13,87.25,80.5556
1745341200,2025-04-22 17:00:00,2025-04-22 19:00:00,ringsted,11.35,149.0,2.15,0.0,1012.32,85.5,62.0588
1745344800,2025-04-22 18:00:00,2025-04-22 20:00:00,ringsted,10.8,68.5,2.4,0.0,1012.84,86.75,67.3529
1745348400,2025-04-22 19:00:00,2025-04-22 21:00:00,ringsted,9.63333,5.5,1.7,0.0,1013.16,92.0,58.5714
1745352000,2025-04-22 20:00:00,2025-04-22 22:00:00,ringsted,8.925,0.0,1.0,0.0,1013.24,94.5,37.9167
1745355600,2025-04-22 21:00:00,2025-04-22 23:00:00,ringsted,7.925,0.0,0.925,0.0,1013.39,96.25,50.8333
1745359200,2025-04-22 22:00:00,2025-04-23 00:00:00,ringsted,7.3,0.0,1.1,0.0,1013.78,96.75,40.0
1745362800,2025-04-22 23:00:00,2025-04-23 01:00:00,ringsted,7.375,0.0,1.125,0.0,1013.87,97.0,26.6667
1745366400,2025-04-23 00:00:00,2025-04-23 02:00:00,ringsted,6.75,0.0,1.075,0.0,1013.78,97.25,52.9412
1745370000,2025-04-23 01:00:00,2025-04-23 03:00:00,ringsted,6.6,0.0,1.15,0.0,1013.79,97.5,55.0
1745373600,2025-04-23 02:00:00,2025-04-23 04:00:00,ringsted,6.4,0.0,1.15,0.0,1013.74,97.75,57.5
1745377200,2025-04-23 03:00:00,2025-04-23 05:00:00,ringsted,6.425,0.0,1.125,0.0,1013.53,97.75,45.3333
1745380800,2025-04-23 04:00:00,2025-04-23 06:00:00,ringsted,5.7,0.5,1.05,0.0,1013.67,98.25,68.0556
1745384400,2025-04-23 05:00:00,2025-04-23 07:00:00,ringsted,5.825,25.5,0.9,0.0,1013.87,98.5,45.5556
1745388000,2025-04-23 06:00:00,2025-04-23 08:00:00,ringsted,6.7,83.5,1.2,0.0,1014.03,98.75,71.9444
1745391600,2025-04-23 07:00:00,2025-04-23 09:00:00,ringsted,8.0,177.5,1.76667,0.0,1014.06,96.0,36.7778
1745395200,2025-04-23 08:00:00,2025-04-23 10:00:00,ringsted,9.325,349.0,2.075,0.0,1014.11,88.75,34.7222
1745398800,2025-04-23 09:00:00,2025-04-23 11:00:00,ringsted,10.625,434.5,2.0,0.0,1014.22,78.25,56.9444
1745402400,2025-04-23 10:00:00,2025-04-23 12:00:00,ringsted,11.675,525.0,1.775,0.0,1014.12,71.25,60.0
1745406000,2025-04-23 11:00:00,2025-04-23 13:00:00,ringsted,12.15,390.0,1.325,0.0,1014.11,69.5,88.3333
1745409600,2025-04-23 12:00:00,2025-04-23 14:00:00,ringsted,12.4,340.5,1.45,0.0,1014.03,68.0,81.6667
1745413200,2025-04-23 13:00:00,2025-04-23 15:00:00,ringsted,12.625,389.5,1.925,0.0,1013.65,69.0,53.6111
1745416800,2025-04-23 14:00:00,2025-04-23 16:00:00,ringsted,12.75,351.5,2.1,0.0,1013.26,70.25,28.8889
1745420400,2025-04-23 15:00:00,2025-04-23 17:00:00,ringsted,13.1,413.5,1.95,0.0,1013.03,68.5,40.2778
1745424000,2025-04-23 16:00:00,2025-04-23 18:00:00,ringsted,13.0,251.5,2.125,0.0,1012.85,68.0,36.1111
1745427600,2025-04-23 17:00:00,2025-04-23 19:00:00,ringsted,12.525,164.5,2.6,0.0,1012.84,69.5,28.8889
1745431200,2025-04-23 18:00:00,2025-04-23 20:00:00,ringsted,11.675,99.5,2.675,0.0,1013.32,69.75,29.4444
1745434800,2025-04-23 19:00:00,2025-04-23 21:00:00,ringsted,10.425,14.0,1.45,0.0,1013.78,73.25,29.4444
1745438400,2025-04-23 20:00:00,2025-04-23 22:00:00,ringsted,9.225,0.0,1.7,0.0,1013.89,80.0,0.769231
1745442000,2025-04-23 21:00:00,2025-04-23 23:00:00,ringsted,7.5,0.0,1.86667,0.0,1014.08,87.3333,0.0
1745445600,2025-04-23 22:00:00,2025-04-24 00:00:00,ringsted,6.825,0.0,2.0,0.0,1014.43,90.25,0.0
1745449200,2025-04-23 23:00:00,2025-04-24 01:00:00,ringsted,6.175,0.0,1.425,0.0,1014.4,93.25,0.833333
1745452800,2025-04-24 00:00:00,2025-04-24 02:00:00,ringsted,5.525,0.0,1.025,0.0,1014.21,95.5,12.0833
1745456400,2025-04-24 01:00:00,2025-04-24 03:00:00,ringsted,5.225,0.0,1.2,0.0,1014.22,96.5,3.33333
1745460000,2025-04-24 02:00:00,2025-04-24 04:00:00,ringsted,4.375,0.0,1.3,0.0,1014.15,97.5,3.75
1745463600,2025-04-24 03:00:00,2025-04-24 05:00:00,ringsted,4.425,0.0,1.725,0.0,1013.95,97.75,41.1875
1745467200,2025-04-24 04:00:00,2025-04-24 06:00:00,ringsted,5.0,1.5,1.875,0.0,1014.25,97.5,43.6667
1745470800,2025-04-24 05:00:00,2025-04-24 07:00:00,ringsted,5.825,44.0,1.975,0.0,1014.49,97.0,32.9167
1745474400,2025-04-24 06:00:00,2025-04-24 08:00:00,ringsted,7.625,176.5,3.0,0.0,1014.33,95.75,40.625
1745478000,2025-04-24 07:00:00,2025-04-24 09:00:00,ringsted,9.3,293.0,4.075,0.0,1014.47,91.0,39.1667
1745481600,2025-04-24 08:00:00,2025-04-24 10:00:00,ringsted,10.975,433.0,3.625,0.0,1014.83,82.0,31.9444
1745485200,2025-04-24 09:00:00,2025-04-24 11:00:00,ringsted,12.3,591.0,3.6,0.0,1014.84,72.25,44.1667
1745488800,2025-04-24 10:00:00,2025-04-24 12:00:00,ringsted,13.0,556.0,3.325,0.0,1014.69,66.25,74.4444
1745492400,2025-04-24 11:00:00,2025-04-24 13:00:00,ringsted,13.45,655.0,2.9,0.0,1014.81,62.75,89.1667
1745496000,2025-04-24 12:00:00,2025-04-24 14:00:00,ringsted,13.925,622.5,2.375,0.0,1014.72,59.0,85.2778
1745499600,2025-04-24 13:00:00,2025-04-24 15:00:00,ringsted,13.85,446.0,2.65,0.0,1014.83,62.75,74.4444
1745503200,2025-04-24 14:00:00,2025-04-24 16:00:00,ringsted,11.75,345.5,5.225,0.0,1014.93,78.25,75.8333
1745506800,2025-04-24 15:00:00,2025-04-24 17:00:00,ringsted,11.075,350.0,4.925,0.0,1015.18,80.0,90.5556
1745510400,2025-04-24 16:00:00,2025-04-24 18:00:00,ringsted,10.0,98.5,4.525,0.0,1015.36,84.5,97.7778
1745514000,2025-04-24 17:00:00,2025-04-24 19:00:00,ringsted,9.175,46.5,3.925,0.0,1015.6,87.25,98.3333
1745517600,2025-04-24 18:00:00,2025-04-24 20:00:00,ringsted,8.35,22.0,3.675,0.0,1016.11,89.5,98.3333
1745521200,2025-04-24 19:00:00,2025-04-24 21:00:00,ringsted,7.93333,2.5,3.4,0.0,1016.52,91.0,88.3333
1745524800,2025-04-24 20:00:00,2025-04-24 22:00:00,ringsted,7.225,0.0,2.725,0.0,1016.68,93.25,93.3333
1745528400,2025-04-24 21:00:00,2025-04-24 23:00:00,ringsted,6.75,0.0,2.325,0.0,1016.78,94.0,94.7222
1745532000,2025-04-24 22:00:00,2025-04-25 00:00:00,ringsted,6.275,0.0,1.975,0.0,1016.94,95.0,96.3889
1745535600,2025-04-24 23:00:00,2025-04-25 01:00:00,ringsted,6.35,0.0,1.875,0.0,1017.08,94.5,95.5556
1745539200,2025-04-25 00:00:00,2025-04-25 02:00:00,ringsted,6.375,0.0,1.875,0.0,1016.93,94.0,78.6111
1745542800,2025-04-25 01:00:00,2025-04-25 03:00:00,ringsted,5.85,0.0,1.75,0.0,1017.04,94.75,98.3333
1745546400,2025-04-25 02:00:00,2025-04-25 04:00:00,ringsted,5.975,0.0,1.375,0.0,1017.13,94.5,98.8889
1745550000,2025-04-25 03:00:00,2025-04-25 05:00:00,ringsted,5.825,0.0,0.975,0.0,1017.2,94.75,98.8889
1745553600,2025-04-25 04:00:00,2025-04-25 06:00:00,ringsted,5.7,0.0,0.65,0.0,1017.47,95.0,98.8889
1745557200,2025-04-25 05:00:00,2025-04-25 07:00:00,ringsted,5.575,23.0,0.85,0.0,1017.84,95.5,77.2222
1745560800,2025-04-25 06:00:00,2025-04-25 08:00:00,ringsted,5.75,84.5,0.875,0.0,1018.08,95.5,93.3333
1745564400,2025-04-25 07:00:00,2025-04-25 09:00:00,ringsted,6.15,143.0,1.125,0.0,1018.45,94.0,88.3333
1745568000,2025-04-25 08:00:00,2025-04-25 10:00:00,ringsted,7.125,276.5,0.9,0.0,1018.83,90.0,98.8889
1745571600,2025-04-25 09:00:00,2025-04-25 11:00:00,ringsted,8.45,332.0,0.7,0.0,1019.11,83.75,97.7778
1745575200,2025-04-25 10:00:00,2025-04-25 12:00:00,ringsted,9.425,347.5,1.2,0.0,1019.08,80.0,83.8889
1745578800,2025-04-25 11:00:00,2025-04-25 13:00:00,ringsted,10.425,225.5,1.075,0.0,1019.14,76.75,93.3333
1745582400,2025-04-25 12:00:00,2025-04-25 14:00:00,ringsted,10.95,278.5,1.675,0.0,1019.14,72.0,78.0556
1745586000,2025-04-25 13:00:00,2025-04-25 15:00:00,ringsted,11.825,649.5,1.95,0.0,1018.97,65.0,55.625
1745589600,2025-04-25 14:00:00,2025-04-25 16:00:00,ringsted,12.5,598.0,1.95,0.0,1018.67,62.75,32.1875
1745593200,2025-04-25 15:00:00,2025-04-25 17:00:00,ringsted,12.675,400.0,2.225,0.0,1018.79,61.5,37.8571
1745596800,2025-04-25 16:00:00,2025-04-25 18:00:00,ringsted,12.275,351.0,2.975,0.0,1018.93,61.5,38.8889
1745600400,2025-04-25 17:00:00,2025-04-25 19:00:00,ringsted,11.425,196.0,3.2,0.0,1019.22,65.5,49.0625
1745604000,2025-04-25 18:00:00,2025-04-25 20:00:00,ringsted,10.025,86.5,2.975,0.0,1019.74,66.5,20.0
1745607600,2025-04-25 19:00:00,2025-04-25 21:00:00,ringsted,8.55,9.5,2.6,0.0,1020.23,72.75,42.5
1745611200,2025-04-25 20:00:00,2025-04-25 22:00:00,ringsted,7.5,0.0,2.4,0.0,1020.56,75.75,40.8333
1745614800,2025-04-25 21:00:00,2025-04-25 23:00:00,ringsted,6.575,0.0,2.3,0.0,1020.91,79.5,45.8333
1745618400,2025-04-25 22:00:00,2025-04-26 00:00:00,ringsted,6.025,0.0,1.75,0.0,1021.2,83.0,56.1111
1745622000,2025-04-25 23:00:00,2025-04-26 01:00:00,ringsted,6.025,0.0,2.125,0.0,1021.44,87.0,29.0625
1745625600,2025-04-26 00:00:00,2025-04-26 02:00:00,ringsted,5.4,0.0,1.675,0.0,1021.44,91.0,15.0
1745629200,2025-04-26 01:00:00,2025-04-26 03:00:00,ringsted,4.975,0.0,1.65,0.0,1021.45,93.25,27.5
1745632800,2025-04-26 02:00:00,2025-04-26 04:00:00,ringsted,4.7,0.0,1.75,0.0,1021.6,94.5,45.0
1745636400,2025-04-26 03:00:00,2025-04-26 05:00:00,ringsted,4.275,0.0,1.175,0.0,1021.76,93.75,44.6154
1745640000,2025-04-26 04:00:00,2025-04-26 06:00:00,ringsted,3.85,0.5,1.525,0.0,1022.2,93.5,80.2778
1745643600,2025-04-26 05:00:00,2025-04-26 07:00:00,ringsted,5.125,27.5,2.175,0.0,1022.5,92.25,87.2222
1745647200,2025-04-26 06:00:00,2025-04-26 08:00:00,ringsted,6.66667,77.0,2.63333,0.0,1023.01,89.6667,93.3333
1745650800,2025-04-26 07:00:00,2025-04-26 09:00:00,ringsted,7.85,145.0,2.475,0.0,1023.36,85.5,93.6111
1745654400,2025-04-26 08:00:00,2025-04-26 10:00:00,ringsted,9.025,241.0,2.875,0.0,1023.65,77.0,77.7778
1745658000,2025-04-26 09:00:00,2025-04-26 11:00:00,ringsted,10.3,435.0,2.6,0.0,1023.8,68.5,44.4444
1745661600,2025-04-26 10:00:00,2025-04-26 12:00:00,ringsted,11.425,575.5,1.975,0.0,1023.74,64.5,56.9444
1745665200,2025-04-26 11:00:00,2025-04-26 13:00:00,ringsted,12.25,580.5,2.1,0.0,1023.67,61.75,64.1667
1745668800,2025-04-26 12:00:00,2025-04-26 14:00:00,ringsted,12.8,722.5,2.65,0.0,1023.57,60.0,61.9444
1745672400,2025-04-26 13:00:00,2025-04-26 15:00:00,ringsted,13.0,498.5,2.6,0.0,1023.48,59.0,36.1111
1745676000,2025-04-26 14:00:00,2025-04-26 16:00:00,ringsted,13.225,604.5,2.925,0.0,1023.38,58.0,48.6111
1745679600,2025-04-26 15:00:00,2025-04-26 17:00:00,ringsted,12.975,473.5,3.625,0.0,1023.32,58.5,44.1176
1745683200,2025-04-26 16:00:00,2025-04-26 18:00:00,ringsted,12.575,323.0,3.7,0.0,1023.32,58.25,45.0
1745686800,2025-04-26 17:00:00,2025-04-26 19:00:00,ringsted,11.95,122.5,3.75,0.0,1023.51,59.25,46.875
1745690400,2025-04-26 18:00:00,2025-04-26 20:00:00,ringsted,10.9,95.0,3.13333,0.0,1023.83,64.25,49.1667
1745694000,2025-04-26 19:00:00,2025-04-26 21:00:00,ringsted,9.7,13.0,2.95,0.0,1024.12,68.5,59.1667
1745697600,2025-04-26 20:00:00,2025-04-26 22:00:00,ringsted,8.325,0.0,2.325,0.0,1024.45,74.5,52.2222
1745701200,2025-04-26 21:00:00,2025-04-26 23:00:00,ringsted,7.55,0.0,2.0,0.0,1024.57,76.75,54.1667
1745704800,2025-04-26 22:00:00,2025-04-27 00:00:00,ringsted,6.875,0.0,1.975,0.0,1024.65,80.25,31.1538
1745708400,2025-04-26 23:00:00,2025-04-27 01:00:00,ringsted,6.275,0.0,2.25,0.0,1024.74,82.75,15.0
1745712000,2025-04-27 00:00:00,2025-04-27 02:00:00,ringsted,5.875,0.0,1.9,0.0,1024.74,84.75,0.0
1745715600,2025-04-27 01:00:00,2025-04-27 03:00:00,ringsted,5.275,0.0,1.85,0.0,1024.76,87.25,0.0
1745719200,2025-04-27 02:00:00,2025-04-27 04:00:00,ringsted,5.175,0.0,2.15,0.0,1024.9,87.75,0.0
1745722800,2025-04-27 03:00:00,2025-04-27 05:00:00,ringsted,5.0,0.0,2.075,0.0,1025.07,87.5,0.0
1745726400,2025-04-27 04:00:00,2025-04-27 06:00:00,ringsted,4.225,1.5,1.7,0.0,1025.4,89.5,0.0
1745730000,2025-04-27 05:00:00,2025-04-27 07:00:00,ringsted,4.225,66.5,1.875,0.0,1025.39,89.5,0.0
1745733600,2025-04-27 06:00:00,2025-04-27 08:00:00,ringsted,6.825,204.5,2.375,0.0,1025.62,82.5,0.0
1745737200,2025-04-27 07:00:00,2025-04-27 09:00:00,ringsted,8.7,362.5,3.15,0.0,1025.75,71.5,3.33333
1745740800,2025-04-27 08:00:00,2025-04-27 10:00:00,ringsted,9.825,507.0,3.15,0.0,1025.82,61.75,0.0
1745744400,2025-04-27 09:00:00,2025-04-27 11:00:00,ringsted,10.575,624.0,3.55,0.0,1025.8,56.5,0.0
1745748000,2025-04-27 10:00:00,2025-04-27 12:00:00,ringsted,11.425,712.5,3.9,0.0,1025.61,51.75,0.0
1745751600,2025-04-27 11:00:00,2025-04-27 13:00:00,ringsted,12.025,742.5,4.2,0.0,1025.4,50.25,0.0
1745755200,2025-04-27 12:00:00,2025-04-27 14:00:00,ringsted,12.45,750.5,4.525,0.0,1024.99,50.75,0.0
1745758800,2025-04-27 13:00:00,2025-04-27 15:00:00,ringsted,13.075,715.5,4.525,0.0,1024.55,48.75,0.0
1745762400,2025-04-27 14:00:00,2025-04-27 16:00:00,ringsted,13.475,639.5,4.825,0.0,1024.14,46.5,0.0
1745766000,2025-04-27 15:00:00,2025-04-27 17:00:00,ringsted,13.6,547.5,5.125,0.0,1024.04,45.0,0.0
1745769600,2025-04-27 16:00:00,2025-04-27 18:00:00,ringsted,13.475,424.5,4.75,0.0,1023.75,43.75,0.0
1745773200,2025-04-27 17:00:00,2025-04-27 19:00:00,ringsted,12.875,277.0,4.225,0.0,1023.62,45.25,0.0
1745776800,2025-04-27 18:00:00,2025-04-27 20:00:00,ringsted,11.6,124.5,3.65,0.0,1023.58,52.5,2.5
1745780400,2025-04-27 19:00:00,2025-04-27 21:00:00,ringsted,9.56667,16.0,2.53333,0.0,1023.8,63.5,0.0
1745784000,2025-04-27 20:00:00,2025-04-27 22:00:00,ringsted,7.65,0.0,2.5,0.0,1023.8,72.75,0.0
1745787600,2025-04-27 21:00:00,2025-04-27 23:00:00,ringsted,6.475,0.0,2.475,0.0,1023.73,80.5,0.0
1745791200,2025-04-27 22:00:00,2025-04-28 00:00:00,ringsted,5.975,0.0,2.525,0.0,1023.69,82.25,0.0
1745794800,2025-04-27 23:00:00,2025-04-28 01:00:00,ringsted,5.525,0.0,1.625,0.0,1023.57,85.25,0.0
1745798400,2025-04-28 00:00:00,2025-04-28 02:00:00,ringsted,4.85,0.0,0.95,0.0,1023.25,87.5,0.0
1745802000,2025-04-28 01:00:00,2025-04-28 03:00:00,ringsted,3.925,0.0,0.875,0.0,1023.05,90.5,0.0
1745805600,2025-04-28 02:00:00,2025-04-28 04:00:00,ringsted,2.875,0.0,0.525,0.0,1022.68,93.0,0.0
1745809200,2025-04-28 03:00:00,2025-04-28 05:00:00,ringsted,2.625,0.0,0.925,0.0,1022.5,95.0,0.0
1745812800,2025-04-28 04:00:00,2025-04-28 06:00:00,ringsted,2.3,2.5,0.825,0.0,1022.48,95.5,0.0
1745816400,2025-04-28 05:00:00,2025-04-28 07:00:00,ringsted,3.15,69.5,0.85,0.0,1022.56,94.5,0.0
1745820000,2025-04-28 06:00:00,2025-04-28 08:00:00,ringsted,6.9,205.5,0.45,0.0,1022.77,87.5,0.0
1745823600,2025-04-28 07:00:00,2025-04-28 09:00:00,ringsted,10.9,352.5,0.675,0.0,1022.65,74.25,0.0
1745827200,2025-04-28 08:00:00,2025-04-28 10:00:00,ringsted,13.375,502.5,1.55,0.0,1022.45,56.75,0.833333
1745830800,2025-04-28 09:00:00,2025-04-28 11:00:00,ringsted,14.725,603.0,2.525,0.0,1022.3,49.5,0.0
1745834400,2025-04-28 10:00:00,2025-04-28 12:00:00,ringsted,15.65,655.0,3.5,0.0,1022.13,44.25,2.5
1745838000,2025-04-28 11:00:00,2025-04-28 13:00:00,ringsted,16.325,721.5,4.225,0.0,1021.68,40.0,4.16667
1745841600,2025-04-28 12:00:00,2025-04-28 14:00:00,ringsted,16.8,709.5,5.0,0.0,1021.28,38.5,2.66667
1745845200,2025-04-28 13:00:00,2025-04-28 15:00:00,ringsted,16.975,633.0,5.375,0.0,1020.92,38.0,2.5
1745848800,2025-04-28 14:00:00,2025-04-28 16:00:00,ringsted,17.35,605.0,5.225,0.0,1020.47,38.0,0.833333
1745852400,2025-04-28 15:00:00,2025-04-28 17:00:00,ringsted,16.975,373.5,5.0,0.0,1020.0,40.75,6.0
1745856000,2025-04-28 16:00:00,2025-04-28 18:00:00,ringsted,16.675,283.5,4.55,0.0,1019.58,44.5,2.5
1745859600,2025-04-28 17:00:00,2025-04-28 19:00:00,ringsted,16.475,231.5,4.225,0.0,1019.08,48.25,10.0
1745863200,2025-04-28 18:00:00,2025-04-28 20:00:00,ringsted,15.8,106.5,4.125,0.0,1019.12,51.75,38.8889
1745866800,2025-04-28 19:00:00,2025-04-28 21:00:00,ringsted,14.3,9.0,3.675,0.0,1019.25,59.25,51.3889
1745870400,2025-04-28 20:00:00,2025-04-28 22:00:00,ringsted,13.15,0.0,3.875,0.0,1019.2,64.25,33.3333
1745874000,2025-04-28 21:00:00,2025-04-28 23:00:00,ringsted,12.45,0.0,3.95,0.0,1019.19,66.0,18.0
1745877600,2025-04-28 22:00:00,2025-04-29 00:00:00,ringsted,11.675,0.0,3.775,0.0,1019.03,68.5,0.0
1745881200,2025-04-28 23:00:00,2025-04-29 01:00:00,ringsted,11.05,0.0,3.85,0.0,1018.9,76.0,0.0
1745884800,2025-04-29 00:00:00,2025-04-29 02:00:00,ringsted,10.425,0.0,3.8,0.0,1018.78,83.0,0.0
1745888400,2025-04-29 01:00:00,2025-04-29 03:00:00,ringsted,9.925,0.0,3.475,0.0,1018.6,88.0,17.6471
1745892000,2025-04-29 02:00:00,2025-04-29 04:00:00,ringsted,9.625,0.0,3.325,0.0,1018.65,91.5,22.3333
1745895600,2025-04-29 03:00:00,2025-04-29 05:00:00,ringsted,9.3,0.0,3.125,0.0,1018.7,94.25,87.9412
1745899200,2025-04-29 04:00:00,2025-04-29 06:00:00,ringsted,9.825,0.5,4.8,0.0,1019.09,94.0,96.1111
1745902800,2025-04-29 05:00:00,2025-04-29 07:00:00,ringsted,10.15,29.0,5.025,0.0,1019.52,93.0,95.0
1745906400,2025-04-29 06:00:00,2025-04-29 08:00:00,ringsted,10.85,123.5,5.425,0.0,1019.6,89.75,69.4444
1745910000,2025-04-29 07:00:00,2025-04-29 09:00:00,ringsted,11.9,264.0,5.8,0.0,1019.6,82.75,18.0556
1745913600,2025-04-29 08:00:00,2025-04-29 10:00:00,ringsted,12.95,461.0,6.3,0.0,1019.64,74.0,3.84615
1745917200,2025-04-29 09:00:00,2025-04-29 11:00:00,ringsted,13.8,608.5,6.3,0.0,1020.05,65.5,0.833333
1745920800,2025-04-29 10:00:00,2025-04-29 12:00:00,ringsted,14.5,689.5,5.875,0.0,1020.12,59.75,0.0
1745924400,2025-04-29 11:00:00,2025-04-29 13:00:00,ringsted,15.225,724.0,5.5,0.0,1020.16,54.5,4.16667
1745928000,2025-04-29 12:00:00,2025-04-29 14:00:00,ringsted,15.85,729.5,5.375,0.0,1020.1,50.0,2.5
1745931600,2025-04-29 13:00:00,2025-04-29 15:00:00,ringsted,16.475,688.5,5.325,0.0,1020.13,46.25,2.5
1745935200,2025-04-29 14:00:00,2025-04-29 16:00:00,ringsted,17.075,596.0,5.1,0.0,1019.88,46.5,0.0
1745938800,2025-04-29 15:00:00,2025-04-29 17:00:00,ringsted,17.425,497.5,5.325,0.0,1019.61,46.0,0.833333
1745942400,2025-04-29 16:00:00,2025-04-29 18:00:00,ringsted,17.55,379.5,5.475,0.0,1019.29,47.25,0.833333
1745946000,2025-04-29 17:00:00,2025-04-29 19:00:00,ringsted,17.175,233.5,4.8,0.0,1019.13,50.0,0.0
1745949600,2025-04-29 18:00:00,2025-04-29 20:00:00,ringsted,16.35,128.5,3.775,0.0,1019.15,51.75,0.0
1745953200,2025-04-29 19:00:00,2025-04-29 21:00:00,ringsted,14.2,18.5,2.725,0.0,1019.56,58.3333,0.0
1745956800,2025-04-29 20:00:00,2025-04-29 22:00:00,ringsted,12.25,0.0,1.9,0.0,1019.72,67.5,0.0
1745960400,2025-04-29 21:00:00,2025-04-29 23:00:00,ringsted,11.3,0.0,2.2,0.0,1019.63,72.5,0.0
1745964000,2025-04-29 22:00:00,2025-04-30 00:00:00,ringsted,10.0,0.0,2.0,0.0,1019.55,78.5,25.0
1745967600,2025-04-29 23:00:00,2025-04-30 01:00:00,ringsted,9.725,0.0,2.125,0.0,1019.3,82.25,46.1111
1745971200,2025-04-30 00:00:00,2025-04-30 02:00:00,ringsted,9.225,0.0,2.0,0.0,1019.18,86.0,11.6667
1745974800,2025-04-30 01:00:00,2025-04-30 03:00:00,ringsted,9.275,0.0,2.875,0.0,1018.95,89.0,12.5
1745978400,2025-04-30 02:00:00,2025-04-30 04:00:00,ringsted,9.0,0.0,3.2,0.0,1018.89,92.0,0.0
1745982000,2025-04-30 03:00:00,2025-04-30 05:00:00,ringsted,8.775,0.0,3.275,0.0,1018.85,93.75,14.5833
1745985600,2025-04-30 04:00:00,2025-04-30 06:00:00,ringsted,8.75,4.0,3.075,0.0,1018.91,95.25,48.3333
1745989200,2025-04-30 05:00:00,2025-04-30 07:00:00,ringsted,9.25,54.0,3.875,0.0,1018.94,94.75,67.0833
1745992800,2025-04-30 06:00:00,2025-04-30 08:00:00,ringsted,10.15,134.0,4.45,0.0,1019.07,92.5,41.4286
1745996400,2025-04-30 07:00:00,2025-04-30 09:00:00,ringsted,11.5,280.0,4.725,0.0,1019.04,87.25,41.0
1746000000,2025-04-30 08:00:00,2025-04-30 10:00:00,ringsted,13.025,425.5,4.75,0.0,1019.17,81.0,40.0
1746003600,2025-04-30 09:00:00,2025-04-30 11:00:00,ringsted,14.1,561.0,4.95,0.0,1019.15,77.25,23.0769
1746007200,2025-04-30 10:00:00,2025-04-30 12:00:00,ringsted,15.175,634.0,4.7,0.0,1018.94,73.5,20.8333
1746010800,2025-04-30 11:00:00,2025-04-30 13:00:00,ringsted,16.2,680.0,5.075,0.0,1018.62,70.0,20.8333
1746014400,2025-04-30 12:00:00,2025-04-30 14:00:00,ringsted,16.825,717.0,5.3,0.0,1018.21,67.0,31.9444
1746018000,2025-04-30 13:00:00,2025-04-30 15:00:00,ringsted,17.35,678.5,5.625,0.0,1017.91,64.5,36.1111
1746021600,2025-04-30 14:00:00,2025-04-30 16:00:00,ringsted,17.8,593.0,5.5,0.0,1017.45,64.25,39.2308
1746025200,2025-04-30 15:00:00,2025-04-30 17:00:00,ringsted,17.825,404.5,4.775,0.0,1017.09,65.75,41.1111
1746028800,2025-04-30 16:00:00,2025-04-30 18:00:00,ringsted,18.1,315.0,4.7,0.0,1016.78,62.75,35.8333
1746032400,2025-04-30 17:00:00,2025-04-30 19:00:00,ringsted,17.95,189.5,4.5,0.0,1016.69,62.0,24.6154
1746036000,2025-04-30 18:00:00,2025-04-30 20:00:00,ringsted,16.95,94.0,3.43333,0.0,1016.83,64.75,34.7222
1746039600,2025-04-30 19:00:00,2025-04-30 21:00:00,ringsted,14.9,13.5,2.8,0.0,1017.31,75.0,27.2222
1746043200,2025-04-30 20:00:00,2025-04-30 22:00:00,ringsted,14.175,0.0,2.45,0.0,1017.56,76.25,12.8571
1746046800,2025-04-30 21:00:00,2025-04-30 23:00:00,ringsted,12.55,0.0,2.0,0.0,1017.63,81.5,44.5833
1746050400,2025-04-30 22:00:00,2025-05-01 00:00:00,ringsted,11.375,0.0,1.2,0.0,1017.75,86.5,31.5385
1746054000,2025-04-30 23:00:00,2025-05-01 01:00:00,ringsted,9.525,0.0,0.775,0.0,1017.83,92.0,2.91667
1746057600,2025-05-01 00:00:00,2025-05-01 02:00:00,ringsted,8.575,0.0,0.75,0.0,1017.9,95.0,0.0
1746061200,2025-05-01 01:00:00,2025-05-01 03:00:00,ringsted,7.35,0.0,0.175,0.0,1017.85,96.75,3.33333
1746064800,2025-05-01 02:00:00,2025-05-01 04:00:00,ringsted,6.35,0.0,0.15,0.0,1017.78,97.5,4.16667
1746068400,2025-05-01 03:00:00,2025-05-01 05:00:00,ringsted,5.8,0.0,0.5,0.0,1017.71,98.0,0.0
1746072000,2025-05-01 04:00:00,2025-05-01 06:00:00,ringsted,5.65,4.0,0.575,0.0,1017.83,98.0,7.08333
1746075600,2025-05-01 05:00:00,2025-05-01 07:00:00,ringsted,6.15,73.0,0.6,0.0,1017.83,97.5,0.0
1746079200,2025-05-01 06:00:00,2025-05-01 08:00:00,ringsted,10.4,202.0,1.15,0.0,1017.74,91.5,0.0
1746082800,2025-05-01 07:00:00,2025-05-01 09:00:00,ringsted,13.175,345.5,2.325,0.0,1017.67,80.0,0.0
1746086400,2025-05-01 08:00:00,2025-05-01 10:00:00,ringsted,14.95,489.0,3.775,0.0,1017.64,70.75,0.0
1746090000,2025-05-01 09:00:00,2025-05-01 11:00:00,ringsted,16.175,604.0,4.125,0.0,1017.35,66.75,1.66667
1746093600,2025-05-01 10:00:00,2025-05-01 12:00:00,ringsted,17.2,682.0,4.3,0.0,1016.92,65.25,5.83333
1746097200,2025-05-01 11:00:00,2025-05-01 13:00:00,ringsted,18.175,737.5,4.05,0.0,1016.45,59.75,1.66667
1746100800,2025-05-01 12:00:00,2025-05-01 14:00:00,ringsted,18.875,746.5,3.95,0.0,1016.02,54.75,0.833333
1746104400,2025-05-01 13:00:00,2025-05-01 15:00:00,ringsted,19.525,705.0,4.05,0.0,1015.3,51.75,0.833333
1746108000,2025-05-01 14:00:00,2025-05-01 16:00:00,ringsted,19.975,635.0,3.85,0.0,1014.63,50.25,0.0
1746111600,2025-05-01 15:00:00,2025-05-01 17:00:00,ringsted,20.2,539.0,3.975,0.0,1013.96,50.0,0.0
1746115200,2025-05-01 16:00:00,2025-05-01 18:00:00,ringsted,20.225,421.5,3.65,0.0,1013.23,50.75,1.66667
1746118800,2025-05-01 17:00:00,2025-05-01 19:00:00,ringsted,19.95,281.0,3.5,0.0,1012.47,51.75,0.0
1746122400,2025-05-01 18:00:00,2025-05-01 20:00:00,ringsted,18.9,127.5,2.425,0.0,1012.0,57.25,0.0
1746126000,2025-05-01 19:00:00,2025-05-01 21:00:00,ringsted,16.6333,20.0,2.06667,0.0,1011.79,65.3333,0.0
1746129600,2025-05-01 20:00:00,2025-05-01 22:00:00,ringsted,13.875,0.0,3.125,0.0,1011.25,79.0,0.0
1746133200,2025-05-01 21:00:00,2025-05-01 23:00:00,ringsted,13.35,0.0,3.325,0.0,1010.45,78.25,40.4167
1746136800,2025-05-01 22:00:00,2025-05-02 00:00:00,ringsted,13.375,0.0,3.2,0.0,1009.69,79.0,56.6667
1746140400,2025-05-01 23:00:00,2025-05-02 01:00:00,ringsted,13.175,0.0,2.85,0.0,1008.85,82.75,54.6875
1746144000,2025-05-02 00:00:00,2025-05-02 02:00:00,ringsted,13.375,0.0,2.825,0.0,1008.06,82.0,41.3889
1746147600,2025-05-02 01:00:00,2025-05-02 03:00:00,ringsted,13.025,0.0,2.175,0.0,1007.49,83.5,46.9444
1746151200,2025-05-02 02:00:00,2025-05-02 04:00:00,ringsted,12.925,0.0,2.075,0.0,1007.08,82.25,15.2941
1746154800,2025-05-02 03:00:00,2025-05-02 05:00:00,ringsted,12.675,0.0,2.2,0.0,1006.74,82.5,8.05556
1746158400,2025-05-02 04:00:00,2025-05-02 06:00:00,ringsted,11.725,6.5,1.9,0.0,1006.64,86.75,18.6111
1746162000,2025-05-02 05:00:00,2025-05-02 07:00:00,ringsted,11.95,70.0,2.0,0.0,1006.4,88.5,10.0
1746165600,2025-05-02 06:00:00,2025-05-02 08:00:00,ringsted,13.75,185.0,1.675,0.0,1006.24,82.5,2.66667
1746169200,2025-05-02 07:00:00,2025-05-02 09:00:00,ringsted,15.45,326.0,2.65,0.0,1006.21,72.0,25.8824
1746172800,2025-05-02 08:00:00,2025-05-02 10:00:00,ringsted,16.475,287.0,3.8,0.0,1006.47,64.5,71.6667
1746176400,2025-05-02 09:00:00,2025-05-02 11:00:00,ringsted,16.075,229.0,4.15,0.0,1006.54,64.75,78.6111
1746180000,2025-05-02 10:00:00,2025-05-02 12:00:00,ringsted,14.9,210.0,4.725,0.15,1006.97,73.75,74.7222
1746183600,2025-05-02 11:00:00,2025-05-02 13:00:00,ringsted,13.8,247.0,5.575,0.2,1007.12,82.5,60.8333
1746187200,2025-05-02 12:00:00,2025-05-02 14:00:00,ringsted,14.325,370.5,4.875,0.0,1007.2,79.75,42.7778
1746190800,2025-05-02 13:00:00,2025-05-02 15:00:00,ringsted,15.275,619.0,5.325,0.0,1007.26,65.25,18.6111
1746194400,2025-05-02 14:00:00,2025-05-02 16:00:00,ringsted,15.55,541.5,5.275,0.0,1007.18,57.75,33.8889
1746198000,2025-05-02 15:00:00,2025-05-02 17:00:00,ringsted,15.675,475.5,5.3,0.0,1006.96,55.0,20.8333
1746201600,2025-05-02 16:00:00,2025-05-02 18:00:00,ringsted,15.7,431.5,5.725,0.0,1006.58,50.5,4.28571
1746205200,2025-05-02 17:00:00,2025-05-02 19:00:00,ringsted,15.075,295.0,5.625,0.0,1006.6,49.0,0.0
1746208800,2025-05-02 18:00:00,2025-05-02 20:00:00,ringsted,13.975,142.0,5.075,0.0,1006.63,52.25,0.0
1746212400,2025-05-02 19:00:00,2025-05-02 21:00:00,ringsted,12.075,26.0,3.925,0.0,1006.85,59.25,0.0
1746216000,2025-05-02 20:00:00,2025-05-02 22:00:00,ringsted,10.15,0.0,3.075,0.0,1007.18,68.5,0.0
1746219600,2025-05-02 21:00:00,2025-05-02 23:00:00,ringsted,8.975,0.0,3.375,0.0,1007.18,72.75,7.5
1746223200,2025-05-02 22:00:00,2025-05-03 00:00:00,ringsted,8.175,0.0,3.775,0.0,1007.01,76.25,37.0
1746226800,2025-05-02 23:00:00,2025-05-03 01:00:00,ringsted,8.1,0.0,3.725,0.0,1006.93,77.25,10.0
1746230400,2025-05-03 00:00:00,2025-05-03 02:00:00,ringsted,7.2,0.0,3.475,0.0,1006.72,81.0,25.8333
1746234000,2025-05-03 01:00:00,2025-05-03 03:00:00,ringsted,6.775,0.0,3.1,0.0,1006.42,83.75,15.7692
1746237600,2025-05-03 02:00:00,2025-05-03 04:00:00,ringsted,6.15,0.0,2.825,0.0,1006.11,88.25,12.0833
1746241200,2025-05-03 03:00:00,2025-05-03 05:00:00,ringsted,6.0,0.0,2.675,0.0,1005.95,90.0,71.7857
1746244800,2025-05-03 04:00:00,2025-05-03 06:00:00,ringsted,6.9,2.0,3.15,0.0,1005.72,88.75,94.4444
1746248400,2025-05-03 05:00:00,2025-05-03 07:00:00,ringsted,7.875,22.5,3.775,0.0,1005.49,86.0,96.1111
1746252000,2025-05-03 06:00:00,2025-05-03 08:00:00,ringsted,8.55,45.0,3.85,0.0,1005.21,84.0,83.3333
1746255600,2025-05-03 07:00:00,2025-05-03 09:00:00,ringsted,9.75,231.0,5.4,0.0,1004.86,79.0,63.0556
1746259200,2025-05-03 08:00:00,2025-05-03 10:00:00,ringsted,10.525,383.5,4.95,0.0,1004.68,75.0,74.7222
1746262800,2025-05-03 09:00:00,2025-05-03 11:00:00,ringsted,11.55,508.5,5.575,0.05,1004.58,68.25,81.3889
1746266400,2025-05-03 10:00:00,2025-05-03 12:00:00,ringsted,11.825,439.5,5.45,0.0,1004.03,67.0,73.3333
1746270000,2025-05-03 11:00:00,2025-05-03 13:00:00,ringsted,12.8,519.0,5.025,0.0,1003.54,62.5,92.2222
1746273600,2025-05-03 12:00:00,2025-05-03 14:00:00,ringsted,12.65,274.5,4.85,0.0,1003.06,63.5,93.8889
1746277200,2025-05-03 13:00:00,2025-05-03 15:00:00,ringsted,12.425,246.5,4.775,0.05,1002.47,67.75,95.0
1746280800,2025-05-03 14:00:00,2025-05-03 16:00:00,ringsted,12.225,214.5,5.175,0.0,1001.95,69.5,96.6667
1746284400,2025-05-03 15:00:00,2025-05-03 17:00:00,ringsted,11.45,81.0,4.275,0.0,1001.22,73.0,96.6667
1746288000,2025-05-03 16:00:00,2025-05-03 18:00:00,ringsted,11.025,64.0,4.35,0.0,1000.32,73.75,91.9444
1746291600,2025-05-03 17:00:00,2025-05-03 19:00:00,ringsted,10.25,40.0,2.925,0.3,999.5,80.75,83.8889
1746295200,2025-05-03 18:00:00,2025-05-03 20:00:00,ringsted,9.375,22.0,3.025,0.55,998.892,87.25,88.3333
1746298800,2025-05-03 19:00:00,2025-05-03 21:00:00,ringsted,8.65,2.0,2.85,0.725,998.525,89.5,88.8889
1746302400,2025-05-03 20:00:00,2025-05-03 22:00:00,ringsted,8.125,0.0,2.775,0.875,998.213,91.5,97.2222
1746306000,2025-05-03 21:00:00,2025-05-03 23:00:00,ringsted,7.725,0.0,3.4,0.225,998.188,91.5,77.2222
1746309600,2025-05-03 22:00:00,2025-05-04 00:00:00,ringsted,7.15,0.0,3.375,0.025,998.058,91.5,65.2778
1746313200,2025-05-03 23:00:00,2025-05-04 01:00:00,ringsted,6.75,0.0,2.975,0.0,997.917,91.75,85.2778
1746316800,2025-05-04 00:00:00,2025-05-04 02:00:00,ringsted,6.375,0.0,3.0,0.425,997.792,92.25,53.8889
1746320400,2025-05-04 01:00:00,2025-05-04 03:00:00,ringsted,6.0,0.0,2.65,0.575,997.729,92.5,38.0769
1746324000,2025-05-04 02:00:00,2025-05-04 04:00:00,ringsted,5.575,0.0,2.875,0.0,997.654,94.0,11.25
1746327600,2025-05-04 03:00:00,2025-05-04 05:00:00,ringsted,5.075,0.0,2.5,0.0,997.558,95.25,19.1667
1746331200,2025-05-04 04:00:00,2025-05-04 06:00:00,ringsted,5.3,2.5,2.85,0.0,997.671,95.25,51.25
1746334800,2025-05-04 05:00:00,2025-05-04 07:00:00,ringsted,6.1,59.5,3.475,0.0,997.921,95.0,50.9375
1746338400,2025-05-04 06:00:00,2025-05-04 08:00:00,ringsted,7.45,108.5,4.25,0.075,998.342,93.75,82.5
1746342000,2025-05-04 07:00:00,2025-05-04 09:00:00,ringsted,8.8,208.0,4.525,0.0,998.992,88.25,60.5556
1746345600,2025-05-04 08:00:00,2025-05-04 10:00:00,ringsted,9.75,374.5,4.8,0.2,999.792,79.5,52.5
1746349200,2025-05-04 09:00:00,2025-05-04 11:00:00,ringsted,10.2,520.0,5.75,0.2,1000.87,77.25,59.1667
1746352800,2025-05-04 10:00:00,2025-05-04 12:00:00,ringsted,10.875,628.0,6.625,0.0,1002.03,71.5,53.0556
1746356400,2025-05-04 11:00:00,2025-05-04 13:00:00,ringsted,10.975,675.0,7.025,0.0,1003.03,65.5,50.0
1746360000,2025-05-04 12:00:00,2025-05-04 14:00:00,ringsted,11.175,639.5,6.75,0.0,1004.04,61.75,37.7778
1746363600,2025-05-04 13:00:00,2025-05-04 15:00:00,ringsted,11.15,600.5,6.85,0.0,1004.87,59.0,55.5556
1746367200,2025-05-04 14:00:00,2025-05-04 16:00:00,ringsted,10.85,611.5,6.75,0.0,1005.6,57.0,43.3333
1746370800,2025-05-04 15:00:00,2025-05-04 17:00:00,ringsted,10.7,453.5,6.425,0.0,1006.4,55.25,36.1111
1746374400,2025-05-04 16:00:00,2025-05-04 18:00:00,ringsted,10.175,424.0,6.05,0.0,1007.12,55.0,66.3889
1746378000,2025-05-04 17:00:00,2025-05-04 19:00:00,ringsted,9.65,226.0,5.55,0.0,1007.78,54.75,77.7778
1746381600,2025-05-04 18:00:00,2025-05-04 20:00:00,ringsted,9.275,141.0,4.45,0.0,1008.59,53.25,52.5
1746385200,2025-05-04 19:00:00,2025-05-04 21:00:00,ringsted,7.925,35.0,2.875,0.0,1009.28,58.5,34.4444
1746388800,2025-05-04 20:00:00,2025-05-04 22:00:00,ringsted,6.325,0.5,2.225,0.0,1010.12,67.5,35.2778
1746392400,2025-05-04 21:00:00,2025-05-04 23:00:00,ringsted,5.65,0.0,3.225,0.025,1011.07,73.75,36.1111
1746396000,2025-05-04 22:00:00,2025-05-05 00:00:00,ringsted,5.375,0.0,3.025,0.3,1011.73,80.5,41.875
1746399600,2025-05-04 23:00:00,2025-05-05 01:00:00,ringsted,4.9,0.0,2.25,0.0,1012.26,85.75,64.7222
1746403200,2025-05-05 00:00:00,2025-05-05 02:00:00,ringsted,4.7,0.0,1.85,0.0,1012.75,87.0,46.1111
1746406800,2025-05-05 01:00:00,2025-05-05 03:00:00,ringsted,4.025,0.0,1.575,0.0,1013.25,91.5,25.0
1746410400,2025-05-05 02:00:00,2025-05-05 04:00:00,ringsted,3.225,0.0,1.575,0.0,1013.73,92.5,28.0556
1746414000,2025-05-05 03:00:00,2025-05-05 05:00:00,ringsted,2.35,0.0,1.275,0.0,1014.3,92.75,0.769231
1746417600,2025-05-05 04:00:00,2025-05-05 06:00:00,ringsted,1.8,9.5,1.375,0.0,1014.95,93.0,0.0
1746421200,2025-05-05 05:00:00,2025-05-05 07:00:00,ringsted,2.725,89.0,1.125,0.0,1015.47,92.0,0.0
1746424800,2025-05-05 06:00:00,2025-05-05 08:00:00,ringsted,5.225,233.0,1.25,0.0,1015.94,86.5,0.0
1746428400,2025-05-05 07:00:00,2025-05-05 09:00:00,ringsted,7.525,379.0,1.375,0.0,1016.22,71.25,1.92308
1746432000,2025-05-05 08:00:00,2025-05-05 10:00:00,ringsted,8.8,540.5,1.875,0.0,1016.46,51.25,5.83333
1746435600,2025-05-05 09:00:00,2025-05-05 11:00:00,ringsted,9.5,670.0,1.55,0.0,1016.54,43.0,2.5
1746439200,2025-05-05 10:00:00,2025-05-05 12:00:00,ringsted,10.125,757.5,1.4,0.0,1016.42,37.0,14.7059
1746442800,2025-05-05 11:00:00,2025-05-05 13:00:00,ringsted,10.8,810.5,1.8,0.0,1016.24,34.75,32.2222
1746446400,2025-05-05 12:00:00,2025-05-05 14:00:00,ringsted,11.35,818.0,2.0,0.0,1015.99,33.75,23.125
1746450000,2025-05-05 13:00:00,2025-05-05 15:00:00,ringsted,11.45,620.5,2.85,0.0,1015.54,37.0,38.0556
1746453600,2025-05-05 14:00:00,2025-05-05 16:00:00,ringsted,11.475,661.0,3.95,0.0,1015.03,39.0,11.25
1746457200,2025-05-05 15:00:00,2025-05-05 17:00:00,ringsted,11.95,603.5,4.225,0.0,1014.48,35.75,0.769231
1746460800,2025-05-05 16:00:00,2025-05-05 18:00:00,ringsted,11.975,479.5,3.925,0.0,1014.03,35.25,0.0
1746464400,2025-05-05 17:00:00,2025-05-05 19:00:00,ringsted,11.75,305.0,3.5,0.0,1013.7,35.75,0.0
1746468000,2025-05-05 18:00:00,2025-05-05 20:00:00,ringsted,10.85,141.5,3.35,0.0,1013.6,40.75,0.0
1746471600,2025-05-05 19:00:00,2025-05-05 21:00:00,ringsted,9.2,31.5,3.1,0.0,1013.61,49.0,0.0
1746475200,2025-05-05 20:00:00,2025-05-05 22:00:00,ringsted,7.975,0.0,3.325,0.0,1013.37,55.0,0.0
1746478800,2025-05-05 21:00:00,2025-05-05 23:00:00,ringsted,7.525,0.0,3.675,0.0,1013.16,61.0,0.0
1746482400,2025-05-05 22:00:00,2025-05-06 00:00:00,ringsted,7.475,0.0,3.95,0.0,1013.04,64.5,0.0
1746486000,2025-05-05 23:00:00,2025-05-06 01:00:00,ringsted,7.075,0.0,3.875,0.0,1012.56,70.5,3.75
1746489600,2025-05-06 00:00:00,2025-05-06 02:00:00,ringsted,6.1,0.0,3.15,0.0,1011.86,79.0,22.9167
1746493200,2025-05-06 01:00:00,2025-05-06 03:00:00,ringsted,5.9,0.0,3.45,0.0,1011.26,83.5,68.2353
1746496800,2025-05-06 02:00:00,2025-05-06 04:00:00,ringsted,6.7,0.0,4.075,0.0,1010.79,84.25,96.1111
1746500400,2025-05-06 03:00:00,2025-05-06 05:00:00,ringsted,7.4,0.0,4.3,0.0,1010.6,85.25,96.6667
1746504000,2025-05-06 04:00:00,2025-05-06 06:00:00,ringsted,7.925,3.5,4.0,0.0,1010.61,86.25,96.6667
1746507600,2025-05-06 05:00:00,2025-05-06 07:00:00,ringsted,8.425,28.5,3.525,0.0,1010.79,86.75,98.3333
1746511200,2025-05-06 06:00:00,2025-05-06 08:00:00,ringsted,9.05,73.5,3.325,0.0,1010.87,84.5,81.3889
1746514800,2025-05-06 07:00:00,2025-05-06 09:00:00,ringsted,10.325,289.0,3.6,0.0,1011.05,78.0,50.8333
1746518400,2025-05-06 08:00:00,2025-05-06 10:00:00,ringsted,11.325,441.5,4.3,0.0,1011.33,71.75,58.8889
1746522000,2025-05-06 09:00:00,2025-05-06 11:00:00,ringsted,12.325,595.5,4.25,0.0,1011.58,67.5,25.5556
1746525600,2025-05-06 10:00:00,2025-05-06 12:00:00,ringsted,13.35,720.5,4.925,0.0,1011.94,63.5,13.3333
1746529200,2025-05-06 11:00:00,2025-05-06 13:00:00,ringsted,14.2,734.5,5.475,0.0,1012.39,54.5,2.85714
1746532800,2025-05-06 12:00:00,2025-05-06 14:00:00,ringsted,14.4,804.5,6.1,0.0,1012.77,42.75,0.0
1746536400,2025-05-06 13:00:00,2025-05-06 15:00:00,ringsted,14.15,773.5,6.375,0.0,1012.91,38.75,0.0
1746540000,2025-05-06 14:00:00,2025-05-06 16:00:00,ringsted,13.775,706.0,6.85,0.0,1013.06,40.0,0.0
1746543600,2025-05-06 15:00:00,2025-05-06 17:00:00,ringsted,13.675,591.0,6.775,0.0,1013.36,41.0,0.0
1746547200,2025-05-06 16:00:00,2025-05-06 18:00:00,ringsted,13.4,467.0,6.225,0.0,1013.83,42.25,0.0
1746550800,2025-05-06 17:00:00,2025-05-06 19:00:00,ringsted,12.725,281.0,5.375,0.0,1014.13,44.75,0.0
1746554400,2025-05-06 18:00:00,2025-05-06 20:00:00,ringsted,11.725,136.0,4.75,0.0,1014.56,50.5,0.0
1746558000,2025-05-06 19:00:00,2025-05-06 21:00:00,ringsted,10.2667,48.0,3.9,0.0,1015.08,57.3333,8.75
1746561600,2025-05-06 20:00:00,2025-05-06 22:00:00,ringsted,8.95,0.0,2.85,0.0,1015.49,66.0,1.66667
1746565200,2025-05-06 21:00:00,2025-05-06 23:00:00,ringsted,7.8,0.0,2.325,0.0,1015.86,73.25,0.769231
1746568800,2025-05-06 22:00:00,2025-05-07 00:00:00,ringsted,6.575,0.0,1.525,0.0,1016.13,78.75,25.2778
1746572400,2025-05-06 23:00:00,2025-05-07 01:00:00,ringsted,6.05,0.0,1.625,0.0,1016.25,84.5,31.1765
1746576000,2025-05-07 00:00:00,2025-05-07 02:00:00,ringsted,5.175,0.0,1.675,0.0,1016.45,89.75,5.0
1746579600,2025-05-07 01:00:00,2025-05-07 03:00:00,ringsted,5.475,0.0,2.025,0.0,1016.76,91.0,28.3333
1746583200,2025-05-07 02:00:00,2025-05-07 04:00:00,ringsted,6.075,0.0,1.9,0.0,1016.9,91.75,36.7647
1746586800,2025-05-07 03:00:00,2025-05-07 05:00:00,ringsted,6.025,0.0,1.5,0.0,1017.15,92.75,31.5625
1746590400,2025-05-07 04:00:00,2025-05-07 06:00:00,ringsted,5.825,9.0,1.275,0.0,1017.5,93.25,21.7647
1746594000,2025-05-07 05:00:00,2025-05-07 07:00:00,ringsted,6.35,89.5,1.275,0.0,1017.93,92.5,4.66667
1746597600,2025-05-07 06:00:00,2025-05-07 08:00:00,ringsted,9.25,235.0,1.875,0.0,1018.39,84.0,10.0
1746601200,2025-05-07 07:00:00,2025-05-07 09:00:00,ringsted,10.7,371.5,2.125,0.0,1018.63,76.5,16.6667
1746604800,2025-05-07 08:00:00,2025-05-07 10:00:00,ringsted,11.675,500.5,2.525,0.0,1018.69,72.0,14.7222
1746608400,2025-05-07 09:00:00,2025-05-07 11:00:00,ringsted,12.425,653.0,3.25,0.0,1018.98,61.75,6.78571
1746612000,2025-05-07 10:00:00,2025-05-07 12:00:00,ringsted,13.05,725.5,3.85,0.0,1018.97,52.75,3.07692
1746615600,2025-05-07 11:00:00,2025-05-07 13:00:00,ringsted,13.55,784.0,3.65,0.0,1018.89,44.25,8.33333
1746619200,2025-05-07 12:00:00,2025-05-07 14:00:00,ringsted,13.8,674.0,3.4,0.0,1018.67,40.25,5.0
1746622800,2025-05-07 13:00:00,2025-05-07 15:00:00,ringsted,13.975,683.0,3.4,0.0,1018.34,36.5,3.75
1746626400,2025-05-07 14:00:00,2025-05-07 16:00:00,ringsted,14.2,664.5,3.325,0.0,1018.01,35.25,10.4167
1746630000,2025-05-07 15:00:00,2025-05-07 17:00:00,ringsted,14.275,589.5,2.575,0.0,1017.66,35.0,39.5833
1746633600,2025-05-07 16:00:00,2025-05-07 18:00:00,ringsted,13.925,402.5,2.275,0.0,1017.53,37.0,75.8333
1746637200,2025-05-07 17:00:00,2025-05-07 19:00:00,ringsted,13.575,322.5,2.875,0.0,1017.44,38.5,24.1667
1746640800,2025-05-07 18:00:00,2025-05-07 20:00:00,ringsted,12.6,126.5,2.525,0.0,1017.58,41.0,15.3333
1746644400,2025-05-07 19:00:00,2025-05-07 21:00:00,ringsted,10.7667,44.0,1.8,0.0,1017.64,53.0,0.833333
1746648000,2025-05-07 20:00:00,2025-05-07 22:00:00,ringsted,8.05,0.5,1.35,0.0,1017.6,63.25,0.0
1746651600,2025-05-07 21:00:00,2025-05-07 23:00:00,ringsted,6.375,0.0,1.375,0.0,1017.61,72.25,0.0
1746655200,2025-05-07 22:00:00,2025-05-08 00:00:00,ringsted,5.3,0.0,0.5,0.0,1017.72,77.0,0.0
1746658800,2025-05-07 23:00:00,2025-05-08 01:00:00,ringsted,4.45,0.0,0.65,0.0,1017.49,80.75,0.0
1746662400,2025-05-08 00:00:00,2025-05-08 02:00:00,ringsted,3.9,0.0,1.175,0.0,1017.28,83.5,1.42857
1746666000,2025-05-08 01:00:00,2025-05-08 03:00:00,ringsted,3.15,0.0,1.65,0.0,1017.17,86.75,35.4167
1746669600,2025-05-08 02:00:00,2025-05-08 04:00:00,ringsted,3.525,0.0,1.3,0.0,1016.94,85.5,75.2778
1746673200,2025-05-08 03:00:00,2025-05-08 05:00:00,ringsted,4.6,0.0,1.5,0.0,1016.7,85.25,71.9444
1746676800,2025-05-08 04:00:00,2025-05-08 06:00:00,ringsted,5.45,11.0,1.475,0.0,1016.48,84.0,93.3333
1746680400,2025-05-08 05:00:00,2025-05-08 07:00:00,ringsted,7.05,45.5,1.525,0.0,1016.51,82.25,76.6667
1746684000,2025-05-08 06:00:00,2025-05-08 08:00:00,ringsted,8.95,158.5,1.775,0.0,1016.65,80.0,62.2222
1746687600,2025-05-08 07:00:00,2025-05-08 09:00:00,ringsted,10.975,269.0,2.75,0.0,1016.6,72.25,55.5556
1746691200,2025-05-08 08:00:00,2025-05-08 10:00:00,ringsted,12.15,412.5,3.45,0.0,1016.63,63.75,15.0
1746694800,2025-05-08 09:00:00,2025-05-08 11:00:00,ringsted,12.9,620.5,3.25,0.0,1016.68,58.75,20.0
1746698400,2025-05-08 10:00:00,2025-05-08 12:00:00,ringsted,13.625,775.5,3.225,0.0,1016.58,52.25,50.5556
1746702000,2025-05-08 11:00:00,2025-05-08 13:00:00,ringsted,13.45,638.0,2.95,0.0,1016.48,55.0,54.7222
1746705600,2025-05-08 12:00:00,2025-05-08 14:00:00,ringsted,13.775,635.0,3.35,0.0,1016.41,53.0,60.8333
1746709200,2025-05-08 13:00:00,2025-05-08 15:00:00,ringsted,13.95,649.5,3.65,0.0,1016.37,52.0,46.7647
1746712800,2025-05-08 14:00:00,2025-05-08 16:00:00,ringsted,14.05,531.0,3.425,0.0,1016.19,51.25,44.5833
1746716400,2025-05-08 15:00:00,2025-05-08 17:00:00,ringsted,13.75,459.0,3.1,0.0,1016.06,56.25,30.0
1746720000,2025-05-08 16:00:00,2025-05-08 18:00:00,ringsted,13.65,350.5,3.075,0.0,1016.0,57.5,2.5
1746723600,2025-05-08 17:00:00,2025-05-08 19:00:00,ringsted,13.3,293.5,3.125,0.0,1016.08,58.5,0.0
1746727200,2025-05-08 18:00:00,2025-05-08 20:00:00,ringsted,12.625,145.5,2.175,0.0,1016.21,59.5,0.0
1746730800,2025-05-08 19:00:00,2025-05-08 21:00:00,ringsted,11.025,37.0,1.25,0.0,1016.38,65.0,7.5
1746734400,2025-05-08 20:00:00,2025-05-08 22:00:00,ringsted,8.75,0.5,0.65,0.0,1016.7,72.0,50.4167
1746738000,2025-05-08 21:00:00,2025-05-08 23:00:00,ringsted,7.15,0.0,0.675,0.0,1016.68,80.5,37.0833
1746741600,2025-05-08 22:00:00,2025-05-09 00:00:00,ringsted,6.25,0.0,0.7,0.0,1016.63,83.0,0.0
1746745200,2025-05-08 23:00:00,2025-05-09 01:00:00,ringsted,5.75,0.0,1.025,0.0,1016.59,85.25,4.16667
1746748800,2025-05-09 00:00:00,2025-05-09 02:00:00,ringsted,5.1,0.0,0.8,0.0,1016.4,86.25,19.5833
1746752400,2025-05-09 01:00:00,2025-05-09 03:00:00,ringsted,4.775,0.0,0.675,0.0,1016.13,88.25,0.833333
1746756000,2025-05-09 02:00:00,2025-05-09 04:00:00,ringsted,4.9,0.0,0.775,0.0,1016.03,90.25,0.0
1746759600,2025-05-09 03:00:00,2025-05-09 05:00:00,ringsted,4.675,0.0,0.95,0.0,1015.92,93.0,11.6667
1746763200,2025-05-09 04:00:00,2025-05-09 06:00:00,ringsted,4.5,14.0,1.05,0.0,1016.09,95.25,42.9167
1746766800,2025-05-09 05:00:00,2025-05-09 07:00:00,ringsted,6.05,85.5,1.3,0.0,1016.28,94.0,47.3333
1746770400,2025-05-09 06:00:00,2025-05-09 08:00:00,ringsted,9.025,253.5,1.925,0.0,1016.3,85.75,11.6667
1746774000,2025-05-09 07:00:00,2025-05-09 09:00:00,ringsted,11.65,364.0,3.375,0.0,1016.28,72.25,0.0
1746777600,2025-05-09 08:00:00,2025-05-09 10:00:00,ringsted,13.775,536.5,3.875,0.0,1016.12,57.5,0.833333
1746781200,2025-05-09 09:00:00,2025-05-09 11:00:00,ringsted,14.975,662.0,4.975,0.0,1015.86,50.5,0.833333
1746784800,2025-05-09 10:00:00,2025-05-09 12:00:00,ringsted,15.875,737.5,6.1,0.0,1015.5,44.5,0.0
1746788400,2025-05-09 11:00:00,2025-05-09 13:00:00,ringsted,16.05,800.0,6.275,0.0,1015.23,48.75,6.33333
1746792000,2025-05-09 12:00:00,2025-05-09 14:00:00,ringsted,15.85,732.0,6.4,0.0,1015.17,54.0,42.5
1746795600,2025-05-09 13:00:00,2025-05-09 15:00:00,ringsted,15.65,722.5,6.325,0.0,1015.08,58.25,62.7778
1746799200,2025-05-09 14:00:00,2025-05-09 16:00:00,ringsted,15.175,576.5,5.925,0.0,1014.88,62.5,39.1667
1746802800,2025-05-09 15:00:00,2025-05-09 17:00:00,ringsted,14.775,484.0,6.05,0.0,1014.75,66.0,69.4444
1746806400,2025-05-09 16:00:00,2025-05-09 18:00:00,ringsted,13.9,312.5,6.025,0.0,1014.69,69.5,83.3333
1746810000,2025-05-09 17:00:00,2025-05-09 19:00:00,ringsted,13.125,200.5,5.25,0.0,1014.7,71.75,82.2222
1746813600,2025-05-09 18:00:00,2025-05-09 20:00:00,ringsted,12.675,73.5,5.05,0.0,1015.03,74.0,93.8889
1746817200,2025-05-09 19:00:00,2025-05-09 21:00:00,ringsted,12.15,11.5,4.05,0.0,1015.3,76.25,98.8889
1746820800,2025-05-09 20:00:00,2025-05-09 22:00:00,ringsted,11.775,0.5,4.075,0.0,1015.38,77.75,96.6667
1746824400,2025-05-09 21:00:00,2025-05-09 23:00:00,ringsted,11.3,0.0,3.625,0.0,1015.53,80.0,96.4706
1746828000,2025-05-09 22:00:00,2025-05-10 00:00:00,ringsted,11.025,0.0,3.5,0.0,1015.56,82.5,91.6667
1746831600,2025-05-09 23:00:00,2025-05-10 01:00:00,ringsted,10.675,0.0,2.825,0.0,1015.88,85.25,90.5556
1746835200,2025-05-10 00:00:00,2025-05-10 02:00:00,ringsted,10.425,0.0,3.05,0.0,1015.86,86.0,98.3333
1746838800,2025-05-10 01:00:00,2025-05-10 03:00:00,ringsted,10.35,0.0,2.575,0.0,1015.84,85.75,97.2222
1746842400,2025-05-10 02:00:00,2025-05-10 04:00:00,ringsted,10.15,0.0,2.275,0.0,1016.1,86.75,97.2222
1746846000,2025-05-10 03:00:00,2025-05-10 05:00:00,ringsted,9.95,0.0,1.925,0.0,1016.33,87.75,96.1111
1746849600,2025-05-10 04:00:00,2025-05-10 06:00:00,ringsted,10.0,7.0,1.6,0.0,1016.56,88.25,98.3333
1746853200,2025-05-10 05:00:00,2025-05-10 07:00:00,ringsted,10.375,40.5,1.925,0.0,1016.83,87.25,95.5556
1746856800,2025-05-10 06:00:00,2025-05-10 08:00:00,ringsted,10.8,103.0,1.8,0.0,1017.11,86.0,83.3333
1746860400,2025-05-10 07:00:00,2025-05-10 09:00:00,ringsted,11.35,214.0,1.675,0.0,1017.3,84.25,85.5556
1746864000,2025-05-10 08:00:00,2025-05-10 10:00:00,ringsted,11.875,212.5,1.4,0.025,1017.55,83.5,96.6667
1746867600,2025-05-10 09:00:00,2025-05-10 11:00:00,ringsted,12.275,202.5,1.15,0.025,1017.8,82.0,96.6667
1746871200,2025-05-10 10:00:00,2025-05-10 12:00:00,ringsted,11.65,248.0,2.975,0.0,1017.91,84.5,96.6667
1746874800,2025-05-10 11:00:00,2025-05-10 13:00:00,ringsted,11.25,276.5,3.8,0.0,1018.01,85.25,96.6667
1746878400,2025-05-10 12:00:00,2025-05-10 14:00:00,ringsted,11.525,316.0,4.0,0.0,1018.17,82.75,96.6667
1746882000,2025-05-10 13:00:00,2025-05-10 15:00:00,ringsted,11.55,193.5,3.95,0.0,1018.16,82.5,96.6667
1746885600,2025-05-10 14:00:00,2025-05-10 16:00:00,ringsted,11.275,179.5,4.25,0.0,1018.1,84.0,96.6667
1746889200,2025-05-10 15:00:00,2025-05-10 17:00:00,ringsted,11.025,228.5,4.275,0.0,1018.16,85.25,92.2222
1746892800,2025-05-10 16:00:00,2025-05-10 18:00:00,ringsted,10.75,208.0,4.325,0.0,1017.96,85.0,87.7778
1746896400,2025-05-10 17:00:00,2025-05-10 19:00:00,ringsted,10.55,130.5,4.325,0.0,1017.88,85.0,83.6111
1746900000,2025-05-10 18:00:00,2025-05-10 20:00:00,ringsted,10.125,48.5,4.55,0.0,1017.94,85.25,79.7222
1746903600,2025-05-10 19:00:00,2025-05-10 21:00:00,ringsted,9.6,21.0,4.16667,0.0,1018.39,84.0,70.0
1746907200,2025-05-10 20:00:00,2025-05-10 22:00:00,ringsted,8.35,1.0,2.725,0.0,1018.58,86.75,71.3889
1746910800,2025-05-10 21:00:00,2025-05-10 23:00:00,ringsted,7.875,0.0,3.225,0.0,1018.69,88.0,30.5556
1746914400,2025-05-10 22:00:00,2025-05-11 00:00:00,ringsted,7.325,0.0,2.975,0.0,1018.83,89.5,12.3077
1746918000,2025-05-10 23:00:00,2025-05-11 01:00:00,ringsted,6.925,0.0,3.1,0.0,1018.96,91.0,34.1667
1746921600,2025-05-11 00:00:00,2025-05-11 02:00:00,ringsted,6.75,0.0,3.45,0.0,1019.1,90.5,13.75
1746925200,2025-05-11 01:00:00,2025-05-11 03:00:00,ringsted,6.225,0.0,2.75,0.0,1019.04,90.5,23.2353
1746928800,2025-05-11 02:00:00,2025-05-11 04:00:00,ringsted,5.725,0.0,2.425,0.0,1019.03,91.0,30.0
1746932400,2025-05-11 03:00:00,2025-05-11 05:00:00,ringsted,5.45,0.0,2.225,0.0,1018.78,88.75,55.8333
1746936000,2025-05-11 04:00:00,2025-05-11 06:00:00,ringsted,5.775,12.5,2.0,0.0,1018.78,86.5,63.3333
1746939600,2025-05-11 05:00:00,2025-05-11 07:00:00,ringsted,6.7,78.0,2.275,0.0,1018.87,83.25,70.0
1746943200,2025-05-11 06:00:00,2025-05-11 08:00:00,ringsted,8.15,168.0,3.075,0.0,1018.79,77.5,63.8889
1746946800,2025-05-11 07:00:00,2025-05-11 09:00:00,ringsted,9.175,321.0,3.675,0.0,1018.71,74.75,71.9444
1746950400,2025-05-11 08:00:00,2025-05-11 10:00:00,ringsted,10.025,446.5,3.8,0.0,1018.58,72.0,63.3333
1746954000,2025-05-11 09:00:00,2025-05-11 11:00:00,ringsted,10.7,532.5,3.8,0.0,1018.34,69.75,30.0
1746957600,2025-05-11 10:00:00,2025-05-11 12:00:00,ringsted,11.475,657.0,3.975,0.0,1018.17,67.25,45.0
1746961200,2025-05-11 11:00:00,2025-05-11 13:00:00,ringsted,11.975,760.0,4.475,0.0,1017.91,63.0,45.8333
1746964800,2025-05-11 12:00:00,2025-05-11 14:00:00,ringsted,12.2,794.5,4.7,0.0,1017.76,60.0,16.6667
1746968400,2025-05-11 13:00:00,2025-05-11 15:00:00,ringsted,12.225,766.5,4.775,0.0,1017.5,57.25,0.0
1746972000,2025-05-11 14:00:00,2025-05-11 16:00:00,ringsted,12.075,695.5,4.65,0.0,1017.24,55.75,0.0
1746975600,2025-05-11 15:00:00,2025-05-11 17:00:00,ringsted,12.075,594.0,4.4,0.0,1017.05,50.25,0.0
1746979200,2025-05-11 16:00:00,2025-05-11 18:00:00,ringsted,11.8,464.5,4.25,0.0,1016.93,50.75,0.0
1746982800,2025-05-11 17:00:00,2025-05-11 19:00:00,ringsted,11.275,318.0,3.975,0.0,1016.81,49.0,0.769231
1746986400,2025-05-11 18:00:00,2025-05-11 20:00:00,ringsted,10.525,171.0,3.8,0.0,1016.8,51.0,0.0
1746990000,2025-05-11 19:00:00,2025-05-11 21:00:00,ringsted,8.975,48.0,2.725,0.0,1016.99,61.25,0.0
1746993600,2025-05-11 20:00:00,2025-05-11 22:00:00,ringsted,6.85,1.0,1.275,0.0,1017.1,73.5,0.0
1746997200,2025-05-11 21:00:00,2025-05-11 23:00:00,ringsted,5.625,0.0,0.65,0.0,1017.26,79.75,0.0
1747000800,2025-05-11 22:00:00,2025-05-12 00:00:00,ringsted,4.475,0.0,1.025,0.0,1017.32,85.25,0.0
1747004400,2025-05-11 23:00:00,2025-05-12 01:00:00,ringsted,3.75,0.0,1.25,0.0,1017.15,88.75,0.0
1747008000,2025-05-12 00:00:00,2025-05-12 02:00:00,ringsted,3.525,0.0,0.875,0.0,1017.16,90.5,0.0
1747011600,2025-05-12 01:00:00,2025-05-12 03:00:00,ringsted,2.9,0.0,0.875,0.0,1017.4,92.5,0.0
1747015200,2025-05-12 02:00:00,2025-05-12 04:00:00,ringsted,2.6,0.0,1.125,0.0,1017.32,93.5,0.0
1747018800,2025-05-12 03:00:00,2025-05-12 05:00:00,ringsted,2.5,0.0,0.95,0.0,1017.32,94.5,0.0
1747022400,2025-05-12 04:00:00,2025-05-12 06:00:00,ringsted,2.575,17.5,0.975,0.0,1017.51,94.5,0.0
1747026000,2025-05-12 05:00:00,2025-05-12 07:00:00,ringsted,4.55,118.0,0.875,0.0,1017.73,92.0,0.0
1747029600,2025-05-12 06:00:00,2025-05-12 08:00:00,ringsted,8.3,260.5,1.75,0.0,1018.03,79.75,33.0769
1747033200,2025-05-12 07:00:00,2025-05-12 09:00:00,ringsted,9.625,387.5,2.725,0.0,1018.25,71.5,41.7857
1747036800,2025-05-12 08:00:00,2025-05-12 10:00:00,ringsted,10.35,502.0,3.15,0.0,1018.37,64.75,44.4118
1747040400,2025-05-12 09:00:00,2025-05-12 11:00:00,ringsted,10.7,489.0,3.0,0.0,1018.43,62.25,59.1176
1747044000,2025-05-12 10:00:00,2025-05-12 12:00:00,ringsted,11.35,619.0,3.275,0.0,1018.45,57.5,68.3333
1747047600,2025-05-12 11:00:00,2025-05-12 13:00:00,ringsted,11.85,576.5,3.325,0.0,1018.56,54.25,68.0556
1747051200,2025-05-12 12:00:00,2025-05-12 14:00:00,ringsted,11.9,513.0,3.175,0.0,1018.38,54.75,85.2778
1747054800,2025-05-12 13:00:00,2025-05-12 15:00:00,ringsted,12.125,531.5,2.65,0.0,1018.03,54.75,62.2222
1747058400,2025-05-12 14:00:00,2025-05-12 16:00:00,ringsted,12.825,604.5,2.3,0.0,1017.69,55.5,5.0
1747062000,2025-05-12 15:00:00,2025-05-12 17:00:00,ringsted,13.45,555.0,2.35,0.0,1017.45,54.5,2.5
1747065600,2025-05-12 16:00:00,2025-05-12 18:00:00,ringsted,13.475,450.5,2.125,0.0,1017.25,56.5,6.25
1747069200,2025-05-12 17:00:00,2025-05-12 19:00:00,ringsted,13.275,325.0,2.525,0.0,1017.09,57.75,3.75
1747072800,2025-05-12 18:00:00,2025-05-12 20:00:00,ringsted,12.4,154.0,2.1,0.0,1017.23,61.75,7.08333
1747076400,2025-05-12 19:00:00,2025-05-12 21:00:00,ringsted,10.75,47.5,1.4,0.0,1017.47,68.0,5.41667
1747080000,2025-05-12 20:00:00,2025-05-12 22:00:00,ringsted,8.65,1.5,1.1,0.0,1017.59,76.5,5.0
1747083600,2025-05-12 21:00:00,2025-05-12 23:00:00,ringsted,7.075,0.0,0.825,0.0,1017.71,82.25,30.2778
1747087200,2025-05-12 22:00:00,2025-05-13 00:00:00,ringsted,6.6,0.0,0.65,0.0,1017.71,85.75,61.6667
1747090800,2025-05-12 23:00:00,2025-05-13 01:00:00,ringsted,7.125,0.0,0.65,0.0,1017.73,84.25,81.1111
1747094400,2025-05-13 00:00:00,2025-05-13 02:00:00,ringsted,7.425,0.0,0.575,0.0,1017.82,85.25,75.0
1747098000,2025-05-13 01:00:00,2025-05-13 03:00:00,ringsted,7.525,0.0,0.8,0.0,1017.97,86.25,37.5
1747101600,2025-05-13 02:00:00,2025-05-13 04:00:00,ringsted,6.6,0.0,0.55,0.0,1018.05,90.0,2.5
1747105200,2025-05-13 03:00:00,2025-05-13 05:00:00,ringsted,5.925,0.0,0.65,0.0,1018.05,91.25,0.0
1747108800,2025-05-13 04:00:00,2025-05-13 06:00:00,ringsted,5.75,19.5,1.125,0.0,1018.02,92.25,0.0
1747112400,2025-05-13 05:00:00,2025-05-13 07:00:00,ringsted,7.525,115.5,1.35,0.0,1018.18,90.5,0.0
1747116000,2025-05-13 06:00:00,2025-05-13 08:00:00,ringsted,10.525,253.0,2.35,0.0,1018.05,83.75,0.0
1747119600,2025-05-13 07:00:00,2025-05-13 09:00:00,ringsted,13.15,402.0,3.125,0.0,1017.86,73.0,0.0
1747123200,2025-05-13 08:00:00,2025-05-13 10:00:00,ringsted,14.95,542.5,3.975,0.0,1017.67,64.25,0.0
1747126800,2025-05-13 09:00:00,2025-05-13 11:00:00,ringsted,16.15,657.0,4.675,0.0,1017.44,58.25,0.0
1747130400,2025-05-13 10:00:00,2025-05-13 12:00:00,ringsted,17.25,717.0,4.575,0.0,1016.91,54.5,2.5
1747134000,2025-05-13 11:00:00,2025-05-13 13:00:00,ringsted,17.95,730.0,5.575,0.0,1016.42,49.25,5.3125
1747137600,2025-05-13 12:00:00,2025-05-13 14:00:00,ringsted,18.45,748.5,5.6,0.0,1015.88,47.75,0.0
1747141200,2025-05-13 13:00:00,2025-05-13 15:00:00,ringsted,18.725,713.5,5.5,0.0,1015.3,48.5,1.66667
1747144800,2025-05-13 14:00:00,2025-05-13 16:00:00,ringsted,18.875,667.5,6.05,0.0,1014.64,48.75,5.83333
1747148400,2025-05-13 15:00:00,2025-05-13 17:00:00,ringsted,19.025,559.5,6.425,0.0,1014.05,47.25,3.66667
1747152000,2025-05-13 16:00:00,2025-05-13 18:00:00,ringsted,18.825,435.0,6.25,0.0,1013.45,48.25,2.14286
1747155600,2025-05-13 17:00:00,2025-05-13 19:00:00,ringsted,18.4,285.5,5.95,0.0,1012.92,46.25,0.0
1747159200,2025-05-13 18:00:00,2025-05-13 20:00:00,ringsted,17.25,123.0,5.375,0.0,1012.58,46.25,6.92308
1747162800,2025-05-13 19:00:00,2025-05-13 21:00:00,ringsted,15.725,22.5,4.425,0.0,1012.46,50.0,50.8333
1747166400,2025-05-13 20:00:00,2025-05-13 22:00:00,ringsted,14.575,0.5,3.825,0.0,1012.3,56.0,64.1667
1747170000,2025-05-13 21:00:00,2025-05-13 23:00:00,ringsted,13.625,0.0,3.5,0.0,1012.04,61.25,88.6111
1747173600,2025-05-13 22:00:00,2025-05-14 00:00:00,ringsted,12.775,0.0,3.525,0.0,1011.65,68.25,31.1111
1747177200,2025-05-13 23:00:00,2025-05-14 01:00:00,ringsted,11.4,0.0,3.2,0.0,1011.28,78.25,0.769231
1747180800,2025-05-14 00:00:00,2025-05-14 02:00:00,ringsted,10.25,0.0,2.75,0.0,1010.83,86.0,0.0
1747184400,2025-05-14 01:00:00,2025-05-14 03:00:00,ringsted,9.45,0.0,2.475,0.0,1010.52,90.25,0.0
1747188000,2025-05-14 02:00:00,2025-05-14 04:00:00,ringsted,8.85,0.0,2.4,0.0,1010.27,92.5,0.0
1747191600,2025-05-14 03:00:00,2025-05-14 05:00:00,ringsted,8.3,0.0,2.275,0.0,1009.94,94.0,0.0
1747195200,2025-05-14 04:00:00,2025-05-14 06:00:00,ringsted,7.875,14.5,2.125,0.0,1009.64,95.0,13.3333
1747198800,2025-05-14 05:00:00,2025-05-14 07:00:00,ringsted,8.725,74.0,2.1,0.0,1009.4,94.75,51.0714
1747202400,2025-05-14 06:00:00,2025-05-14 08:00:00,ringsted,10.45,153.0,3.4,0.0,1009.3,91.25,93.6111
1747206000,2025-05-14 07:00:00,2025-05-14 09:00:00,ringsted,11.65,212.5,4.175,0.0,1009.33,86.25,96.1111
1747209600,2025-05-14 08:00:00,2025-05-14 10:00:00,ringsted,12.275,300.5,4.075,0.0,1009.32,82.75,78.0556
1747213200,2025-05-14 09:00:00,2025-05-14 11:00:00,ringsted,13.35,473.0,3.95,0.0,1009.27,79.5,59.1667
1747216800,2025-05-14 10:00:00,2025-05-14 12:00:00,ringsted,14.575,554.0,4.025,0.0,1009.14,76.25,47.5
1747220400,2025-05-14 11:00:00,2025-05-14 13:00:00,ringsted,15.425,608.5,4.925,0.0,1009.0,74.5,47.7778
1747224000,2025-05-14 12:00:00,2025-05-14 14:00:00,ringsted,16.15,624.0,5.175,0.0,1008.93,69.25,18.3333
1747227600,2025-05-14 13:00:00,2025-05-14 15:00:00,ringsted,16.2,523.0,5.85,0.0,1009.06,62.75,5.83333
1747231200,2025-05-14 14:00:00,2025-05-14 16:00:00,ringsted,15.45,489.0,6.5,0.0,1009.13,56.25,7.77778
1747234800,2025-05-14 15:00:00,2025-05-14 17:00:00,ringsted,14.45,502.5,6.925,0.0,1009.17,51.5,0.833333
1747238400,2025-05-14 16:00:00,2025-05-14 18:00:00,ringsted,12.975,343.0,7.375,0.0,1008.97,51.5,3.07692
1747242000,2025-05-14 17:00:00,2025-05-14 19:00:00,ringsted,11.75,204.5,7.05,0.0,1008.8,53.5,11.1765
1747245600,2025-05-14 18:00:00,2025-05-14 20:00:00,ringsted,10.7,82.0,5.9,0.0,1008.88,55.5,54.7222
1747249200,2025-05-14 19:00:00,2025-05-14 21:00:00,ringsted,10.0,23.5,5.15,0.0,1009.15,60.25,84.7222
1747252800,2025-05-14 20:00:00,2025-05-14 22:00:00,ringsted,9.5,1.0,4.45,0.0,1009.56,63.75,93.3333
1747256400,2025-05-14 21:00:00,2025-05-14 23:00:00,ringsted,9.275,0.0,3.95,0.0,1009.92,66.25,42.1875
1747260000,2025-05-14 22:00:00,2025-05-15 00:00:00,ringsted,8.575,0.0,3.55,0.0,1010.14,70.75,4.16667
1747263600,2025-05-14 23:00:00,2025-05-15 01:00:00,ringsted,7.6,0.0,2.925,0.0,1010.36,72.0,0.0
1747267200,2025-05-15 00:00:00,2025-05-15 02:00:00,ringsted,7.225,0.0,2.975,0.0,1010.58,67.75,0.0
1747270800,2025-05-15 01:00:00,2025-05-15 03:00:00,ringsted,6.95,0.0,2.975,0.0,1010.76,66.25,0.0
1747274400,2025-05-15 02:00:00,2025-05-15 04:00:00,ringsted,6.325,0.0,3.0,0.0,1011.15,64.5,0.0
1747278000,2025-05-15 03:00:00,2025-05-15 05:00:00,ringsted,5.6,0.5,2.75,0.0,1011.47,65.25,0.0
1747281600,2025-05-15 04:00:00,2025-05-15 06:00:00,ringsted,5.125,24.5,2.35,0.0,1011.92,68.0,0.0
1747285200,2025-05-15 05:00:00,2025-05-15 07:00:00,ringsted,7.1,132.0,3.675,0.0,1012.15,64.25,0.0
1747288800,2025-05-15 06:00:00,2025-05-15 08:00:00,ringsted,9.375,276.5,5.975,0.0,1012.36,59.0,0.0
1747292400,2025-05-15 07:00:00,2025-05-15 09:00:00,ringsted,10.5,426.0,7.25,0.0,1012.65,57.25,6.78571
1747296000,2025-05-15 08:00:00,2025-05-15 10:00:00,ringsted,11.175,556.5,7.8,0.0,1012.83,57.0,5.35714
1747299600,2025-05-15 09:00:00,2025-05-15 11:00:00,ringsted,12.05,685.0,8.075,0.0,1013.1,56.75,1.66667
1747303200,2025-05-15 10:00:00,2025-05-15 12:00:00,ringsted,12.675,768.0,9.1,0.0,1013.38,56.5,2.0
1747306800,2025-05-15 11:00:00,2025-05-15 13:00:00,ringsted,13.425,815.5,9.075,0.0,1013.8,55.0,0.0
1747310400,2025-05-15 12:00:00,2025-05-15 14:00:00,ringsted,14.0,827.0,8.775,0.0,1014.09,53.5,2.30769
1747314000,2025-05-15 13:00:00,2025-05-15 15:00:00,ringsted,14.3,791.5,8.5,0.0,1014.1,54.0,3.33333
1747317600,2025-05-15 14:00:00,2025-05-15 16:00:00,ringsted,14.65,716.0,7.875,0.0,1014.14,52.75,1.42857
1747321200,2025-05-15 15:00:00,2025-05-15 17:00:00,ringsted,14.8,603.0,7.65,0.0,1014.09,51.0,2.5
1747324800,2025-05-15 16:00:00,2025-05-15 18:00:00,ringsted,14.525,487.0,7.4,0.0,1014.17,52.0,2.14286
1747328400,2025-05-15 17:00:00,2025-05-15 19:00:00,ringsted,13.925,333.5,7.15,0.0,1014.25,53.5,11.5385
1747332000,2025-05-15 18:00:00,2025-05-15 20:00:00,ringsted,13.2,199.5,6.575,0.0,1014.44,52.5,27.5
1747335600,2025-05-15 19:00:00,2025-05-15 21:00:00,ringsted,12.1333,65.0,4.66667,0.0,1014.45,56.6667,27.5
1747339200,2025-05-15 20:00:00,2025-05-15 22:00:00,ringsted,10.55,2.5,3.475,0.0,1014.41,63.75,5.33333
1747342800,2025-05-15 21:00:00,2025-05-15 23:00:00,ringsted,9.225,0.0,3.05,0.0,1014.32,72.0,9.16667
1747346400,2025-05-15 22:00:00,2025-05-16 00:00:00,ringsted,7.775,0.0,2.8,0.0,1013.97,78.0,0.0
1747350000,2025-05-15 23:00:00,2025-05-16 01:00:00,ringsted,7.025,0.0,2.925,0.0,1013.79,82.0,14.1667
1747353600,2025-05-16 00:00:00,2025-05-16 02:00:00,ringsted,7.825,0.0,3.225,0.0,1013.56,84.25,78.6111
1747357200,2025-05-16 01:00:00,2025-05-16 03:00:00,ringsted,9.375,0.0,3.35,0.0,1013.0,84.75,91.6667
1747360800,2025-05-16 02:00:00,2025-05-16 04:00:00,ringsted,9.65,0.0,3.1,0.0,1012.42,86.0,96.6667
1747364400,2025-05-16 03:00:00,2025-05-16 05:00:00,ringsted,9.7,0.0,3.2,0.0,1012.06,86.5,75.5556
1747368000,2025-05-16 04:00:00,2025-05-16 06:00:00,ringsted,9.4,11.0,2.95,0.0,1011.87,87.25,45.0
1747371600,2025-05-16 05:00:00,2025-05-16 07:00:00,ringsted,9.65,76.5,2.875,0.0,1011.72,88.25,13.5294
1747375200,2025-05-16 06:00:00,2025-05-16 08:00:00,ringsted,11.1,199.5,3.325,0.0,1011.59,83.75,26.9444
1747378800,2025-05-16 07:00:00,2025-05-16 09:00:00,ringsted,12.5,376.0,3.625,0.0,1011.62,72.0,48.2143
1747382400,2025-05-16 08:00:00,2025-05-16 10:00:00,ringsted,13.725,484.0,3.525,0.0,1011.92,60.25,38.3333
1747386000,2025-05-16 09:00:00,2025-05-16 11:00:00,ringsted,14.85,673.0,4.025,0.0,1012.15,48.25,18.8889
1747389600,2025-05-16 10:00:00,2025-05-16 12:00:00,ringsted,15.425,694.5,4.5,0.0,1012.39,42.0,24.7222
1747393200,2025-05-16 11:00:00,2025-05-16 13:00:00,ringsted,15.9,741.0,5.6,0.0,1012.45,42.0,39.1667
1747396800,2025-05-16 12:00:00,2025-05-16 14:00:00,ringsted,16.075,746.5,5.675,0.0,1012.65,40.5,59.7222
1747400400,2025-05-16 13:00:00,2025-05-16 15:00:00,ringsted,15.95,621.5,5.975,0.0,1012.72,44.25,63.3333
1747404000,2025-05-16 14:00:00,2025-05-16 16:00:00,ringsted,15.8,516.5,6.2,0.0,1012.75,46.0,53.8889
1747407600,2025-05-16 15:00:00,2025-05-16 17:00:00,ringsted,15.925,538.0,6.275,0.0,1012.64,48.75,24.7222
1747411200,2025-05-16 16:00:00,2025-05-16 18:00:00,ringsted,15.875,355.0,5.65,0.0,1012.42,49.25,11.4706
1747414800,2025-05-16 17:00:00,2025-05-16 19:00:00,ringsted,15.95,337.5,5.675,0.0,1012.49,49.25,3.57143
1747418400,2025-05-16 18:00:00,2025-05-16 20:00:00,ringsted,15.225,185.0,5.55,0.0,1012.61,49.5,0.0
1747422000,2025-05-16 19:00:00,2025-05-16 21:00:00,ringsted,13.8,58.5,4.625,0.0,1012.55,57.25,0.0
1747425600,2025-05-16 20:00:00,2025-05-16 22:00:00,ringsted,12.175,2.5,3.775,0.0,1012.29,68.5,0.0
1747429200,2025-05-16 21:00:00,2025-05-16 23:00:00,ringsted,11.175,0.0,3.65,0.0,1012.09,75.75,0.0
1747432800,2025-05-16 22:00:00,2025-05-17 00:00:00,ringsted,10.55,0.0,3.275,0.0,1011.79,77.5,0.0
1747436400,2025-05-16 23:00:00,2025-05-17 01:00:00,ringsted,10.1,0.0,2.85,0.0,1011.43,77.25,0.0
1747440000,2025-05-17 00:00:00,2025-05-17 02:00:00,ringsted,9.775,0.0,3.25,0.0,1011.05,78.75,0.0
1747443600,2025-05-17 01:00:00,2025-05-17 03:00:00,ringsted,9.65,0.0,3.5,0.0,1010.58,81.0,4.16667
1747447200,2025-05-17 02:00:00,2025-05-17 04:00:00,ringsted,9.1,0.0,3.225,0.0,1009.84,81.0,70.3333
1747450800,2025-05-17 03:00:00,2025-05-17 05:00:00,ringsted,8.925,0.0,3.25,0.0,1009.43,83.25,94.4444
1747454400,2025-05-17 04:00:00,2025-05-17 06:00:00,ringsted,9.65,17.5,2.7,0.0,1009.29,85.0,89.1667
1747458000,2025-05-17 05:00:00,2025-05-17 07:00:00,ringsted,10.925,71.5,2.625,0.0,1009.23,84.25,91.9444
1747461600,2025-05-17 06:00:00,2025-05-17 08:00:00,ringsted,11.9,104.0,3.325,0.0,1009.13,77.75,77.7778
1747465200,2025-05-17 07:00:00,2025-05-17 09:00:00,ringsted,12.65,225.5,3.6,0.0,1009.0,67.0,68.3333
1747468800,2025-05-17 08:00:00,2025-05-17 10:00:00,ringsted,13.75,364.0,4.075,0.0,1008.96,56.75,92.7778
1747472400,2025-05-17 09:00:00,2025-05-17 11:00:00,ringsted,14.975,534.5,5.0,0.0,1009.07,51.75,84.4444
1747476000,2025-05-17 10:00:00,2025-05-17 12:00:00,ringsted,15.425,543.5,5.725,0.0,1008.99,52.0,56.3889
1747479600,2025-05-17 11:00:00,2025-05-17 13:00:00,ringsted,15.65,518.5,6.275,0.0,1008.86,53.25,56.875
1747483200,2025-05-17 12:00:00,2025-05-17 14:00:00,ringsted,15.75,563.5,6.725,0.0,1008.89,53.5,59.7222
1747486800,2025-05-17 13:00:00,2025-05-17 15:00:00,ringsted,15.0,424.0,6.35,0.0,1009.48,55.5,68.3333
1747490400,2025-05-17 14:00:00,2025-05-17 16:00:00,ringsted,11.85,394.0,4.55,0.3,1009.48,76.5,78.8889
1747494000,2025-05-17 15:00:00,2025-05-17 17:00:00,ringsted,11.5,235.5,2.95,0.225,1009.45,81.0,92.7778
1747497600,2025-05-17 16:00:00,2025-05-17 18:00:00,ringsted,11.675,187.5,2.0,0.1,1009.38,82.75,77.2222
1747501200,2025-05-17 17:00:00,2025-05-17 19:00:00,ringsted,11.375,108.0,1.95,0.1,1009.43,88.5,73.8889
1747504800,2025-05-17 18:00:00,2025-05-17 20:00:00,ringsted,11.575,90.5,1.95,0.0,1009.45,86.75,56.4706
1747508400,2025-05-17 19:00:00,2025-05-17 21:00:00,ringsted,11.1,31.0,2.1,0.0,1009.48,83.5,62.0588
1747512000,2025-05-17 20:00:00,2025-05-17 22:00:00,ringsted,9.65,1.5,2.1,0.0,1009.65,88.25,29.6154
1747515600,2025-05-17 21:00:00,2025-05-17 23:00:00,ringsted,8.625,0.0,2.225,0.0,1009.74,86.25,6.25
1747519200,2025-05-17 22:00:00,2025-05-18 00:00:00,ringsted,7.875,0.0,2.425,0.0,1009.76,85.5,42.5
1747522800,2025-05-17 23:00:00,2025-05-18 01:00:00,ringsted,7.575,0.0,2.5,0.0,1009.75,86.0,46.6667
1747526400,2025-05-18 00:00:00,2025-05-18 02:00:00,ringsted,7.175,0.0,2.25,0.0,1009.61,87.75,61.25
1747530000,2025-05-18 01:00:00,2025-05-18 03:00:00,ringsted,7.225,0.0,2.325,0.0,1009.36,88.0,57.5
1747533600,2025-05-18 02:00:00,2025-05-18 04:00:00,ringsted,7.025,0.0,2.4,0.0,1009.19,90.0,75.4167
1747537200,2025-05-18 03:00:00,2025-05-18 05:00:00,ringsted,6.875,0.0,2.175,0.0,1009.14,90.75,71.25
1747540800,2025-05-18 04:00:00,2025-05-18 06:00:00,ringsted,6.925,22.0,2.35,0.0,1009.2,90.5,52.1429
1747544400,2025-05-18 05:00:00,2025-05-18 07:00:00,ringsted,8.4,120.5,2.65,0.0,1009.17,87.0,14.4444
1747548000,2025-05-18 06:00:00,2025-05-18 08:00:00,ringsted,9.925,265.0,3.8,0.0,1009.09,80.5,9.66667
1747551600,2025-05-18 07:00:00,2025-05-18 09:00:00,ringsted,11.425,396.0,5.25,0.0,1008.95,71.75,37.5
1747555200,2025-05-18 08:00:00,2025-05-18 10:00:00,ringsted,12.425,419.5,5.55,0.0,1008.97,65.75,40.5556
1747558800,2025-05-18 09:00:00,2025-05-18 11:00:00,ringsted,13.45,556.0,5.825,0.0,1008.98,61.25,36.6667
1747562400,2025-05-18 10:00:00,2025-05-18 12:00:00,ringsted,14.0,606.0,5.775,0.0,1009.31,58.0,52.7778
1747566000,2025-05-18 11:00:00,2025-05-18 13:00:00,ringsted,14.45,631.5,5.375,0.0,1009.7,56.25,66.9444
1747569600,2025-05-18 12:00:00,2025-05-18 14:00:00,ringsted,14.05,461.0,4.3,0.0,1010.03,57.75,85.0
1747573200,2025-05-18 13:00:00,2025-05-18 15:00:00,ringsted,13.95,298.0,4.3,0.0,1010.32,60.25,76.6667
1747576800,2025-05-18 14:00:00,2025-05-18 16:00:00,ringsted,13.725,303.0,4.675,0.025,1010.29,63.25,50.625
1747580400,2025-05-18 15:00:00,2025-05-18 17:00:00,ringsted,13.475,283.0,4.425,0.05,1010.35,68.25,55.8333
1747584000,2025-05-18 16:00:00,2025-05-18 18:00:00,ringsted,13.75,182.0,4.525,0.0,1010.41,65.75,56.1111
1747587600,2025-05-18 17:00:00,2025-05-18 19:00:00,ringsted,14.025,148.0,4.55,0.0,1010.61,65.25,65.2778
1747591200,2025-05-18 18:00:00,2025-05-18 20:00:00,ringsted,14.125,86.5,4.375,0.0,1011.14,63.75,73.0556
1747594800,2025-05-18 19:00:00,2025-05-18 21:00:00,ringsted,13.575,37.5,2.725,0.025,1011.73,69.75,92.2222
1747598400,2025-05-18 20:00:00,2025-05-18 22:00:00,ringsted,12.525,1.5,1.8,0.15,1012.22,78.0,88.6111
1747602000,2025-05-18 21:00:00,2025-05-18 23:00:00,ringsted,11.725,0.0,0.475,0.125,1012.52,85.5,80.6667
1747605600,2025-05-18 22:00:00,2025-05-19 00:00:00,ringsted,11.075,0.0,0.875,0.025,1012.83,89.75,73.0556
1747609200,2025-05-18 23:00:00,2025-05-19 01:00:00,ringsted,10.925,0.0,1.2,0.1,1012.99,91.5,77.1875
1747612800,2025-05-19 00:00:00,2025-05-19 02:00:00,ringsted,10.9,0.0,1.725,0.075,1012.85,92.25,95.8333
1747616400,2025-05-19 01:00:00,2025-05-19 03:00:00,ringsted,10.675,0.0,1.75,0.05,1012.82,93.5,90.9375
1747620000,2025-05-19 02:00:00,2025-05-19 04:00:00,ringsted,10.675,0.0,2.15,0.0,1012.88,93.25,85.2941
1747623600,2025-05-19 03:00:00,2025-05-19 05:00:00,ringsted,10.825,0.0,2.55,0.025,1013.05,89.5,53.3333
1747627200,2025-05-19 04:00:00,2025-05-19 06:00:00,ringsted,10.7,12.5,2.05,0.0,1013.26,87.0,62.7778
1747630800,2025-05-19 05:00:00,2025-05-19 07:00:00,ringsted,11.025,54.5,2.475,0.0,1013.39,81.75,81.6667
1747634400,2025-05-19 06:00:00,2025-05-19 08:00:00,ringsted,11.475,107.5,2.925,0.0,1013.66,71.25,79.4444
1747638000,2025-05-19 07:00:00,2025-05-19 09:00:00,ringsted,12.25,203.0,3.55,0.0,1013.96,64.25,82.2222
1747641600,2025-05-19 08:00:00,2025-05-19 10:00:00,ringsted,13.525,416.5,4.35,0.0,1014.06,58.75,15.5556
1747645200,2025-05-19 09:00:00,2025-05-19 11:00:00,ringsted,15.125,604.0,4.175,0.0,1014.14,55.5,5.33333
1747648800,2025-05-19 10:00:00,2025-05-19 12:00:00,ringsted,16.9,736.5,4.25,0.0,1014.12,52.75,0.769231
1747652400,2025-05-19 11:00:00,2025-05-19 13:00:00,ringsted,18.325,808.5,4.375,0.0,1014.12,49.5,0.0
1747656000,2025-05-19 12:00:00,2025-05-19 14:00:00,ringsted,19.3,819.0,4.575,0.0,1014.15,47.0,0.0
1747659600,2025-05-19 13:00:00,2025-05-19 15:00:00,ringsted,19.825,781.0,4.4,0.0,1014.27,45.5,0.0
1747663200,2025-05-19 14:00:00,2025-05-19 16:00:00,ringsted,20.05,714.5,4.575,0.0,1014.21,43.25,0.0
1747666800,2025-05-19 15:00:00,2025-05-19 17:00:00,ringsted,19.925,613.0,4.55,0.0,1014.15,41.25,0.0
1747670400,2025-05-19 16:00:00,2025-05-19 18:00:00,ringsted,19.475,485.5,4.55,0.0,1013.89,41.25,0.0
1747674000,2025-05-19 17:00:00,2025-05-19 19:00:00,ringsted,18.9,341.5,4.025,0.0,1013.86,40.0,0.0
1747677600,2025-05-19 18:00:00,2025-05-19 20:00:00,ringsted,17.85,197.5,3.275,0.0,1013.78,40.0,0.0
1747681200,2025-05-19 19:00:00,2025-05-19 21:00:00,ringsted,15.7333,71.5,2.43333,0.0,1013.74,44.6667,0.0
1747684800,2025-05-19 20:00:00,2025-05-19 22:00:00,ringsted,12.375,3.0,1.9,0.0,1013.87,60.25,0.0
1747688400,2025-05-19 21:00:00,2025-05-19 23:00:00,ringsted,9.825,0.0,1.375,0.0,1013.82,72.5,0.0
1747692000,2025-05-19 22:00:00,2025-05-20 00:00:00,ringsted,8.5,0.0,1.175,0.0,1013.69,77.25,0.0
1747695600,2025-05-19 23:00:00,2025-05-20 01:00:00,ringsted,7.725,0.0,1.3,0.0,1013.31,77.75,0.0
1747699200,2025-05-20 00:00:00,2025-05-20 02:00:00,ringsted,7.125,0.0,0.95,0.0,1012.94,78.75,0.0
1747702800,2025-05-20 01:00:00,2025-05-20 03:00:00,ringsted,7.3,0.0,1.55,0.0,1012.67,76.25,0.0
1747706400,2025-05-20 02:00:00,2025-05-20 04:00:00,ringsted,6.75,0.0,1.375,0.0,1012.16,78.75,0.0
1747710000,2025-05-20 03:00:00,2025-05-20 05:00:00,ringsted,6.525,0.5,1.25,0.0,1011.64,81.5,0.0
1747713600,2025-05-20 04:00:00,2025-05-20 06:00:00,ringsted,7.15,34.5,1.65,0.0,1011.38,80.0,0.0
1747717200,2025-05-20 05:00:00,2025-05-20 07:00:00,ringsted,10.025,145.5,2.2,0.0,1010.99,72.5,0.0
1747720800,2025-05-20 06:00:00,2025-05-20 08:00:00,ringsted,13.6,289.0,3.85,0.0,1010.73,60.75,0.0
1747724400,2025-05-20 07:00:00,2025-05-20 09:00:00,ringsted,15.925,439.5,4.925,0.0,1010.54,49.25,0.0
1747728000,2025-05-20 08:00:00,2025-05-20 10:00:00,ringsted,17.675,580.0,6.125,0.0,1010.23,42.0,0.0
1747731600,2025-05-20 09:00:00,2025-05-20 11:00:00,ringsted,18.925,697.5,6.775,0.0,1009.99,36.75,0.0
1747735200,2025-05-20 10:00:00,2025-05-20 12:00:00,ringsted,19.925,783.0,6.675,0.0,1009.71,34.0,0.0
1747738800,2025-05-20 11:00:00,2025-05-20 13:00:00,ringsted,20.625,831.5,6.4,0.0,1009.37,33.0,0.0
1747742400,2025-05-20 12:00:00,2025-05-20 14:00:00,ringsted,21.025,837.0,6.2,0.0,1009.02,33.5,0.0
1747746000,2025-05-20 13:00:00,2025-05-20 15:00:00,ringsted,21.375,796.0,6.15,0.0,1008.52,33.75,0.0
1747749600,2025-05-20 14:00:00,2025-05-20 16:00:00,ringsted,21.6,726.5,6.05,0.0,1008.12,32.5,0.0
1747753200,2025-05-20 15:00:00,2025-05-20 17:00:00,ringsted,21.4,622.0,6.175,0.0,1007.76,32.0,0.0
1747756800,2025-05-20 16:00:00,2025-05-20 18:00:00,ringsted,20.95,495.5,6.0,0.0,1007.36,33.25,0.0
1747760400,2025-05-20 17:00:00,2025-05-20 19:00:00,ringsted,19.975,350.5,5.875,0.0,1006.97,37.0,0.0
1747764000,2025-05-20 18:00:00,2025-05-20 20:00:00,ringsted,18.625,202.0,5.225,0.0,1006.62,40.0,0.0
1747767600,2025-05-20 19:00:00,2025-05-20 21:00:00,ringsted,16.1667,72.5,4.1,0.0,1006.29,47.3333,0.0
1747771200,2025-05-20 20:00:00,2025-05-20 22:00:00,ringsted,14.1,3.0,3.45,0.0,1005.99,58.5,0.0
1747774800,2025-05-20 21:00:00,2025-05-20 23:00:00,ringsted,12.475,0.0,3.4,0.0,1005.65,68.75,9.61539
1747778400,2025-05-20 22:00:00,2025-05-21 00:00:00,ringsted,10.9,0.0,3.675,0.0,1005.44,80.0,63.0556
1747782000,2025-05-20 23:00:00,2025-05-21 01:00:00,ringsted,10.75,0.0,4.0,0.0,1005.03,83.5,94.4444
1747785600,2025-05-21 00:00:00,2025-05-21 02:00:00,ringsted,11.225,0.0,4.75,0.0,1004.56,81.5,95.0
1747789200,2025-05-21 01:00:00,2025-05-21 03:00:00,ringsted,11.25,0.0,4.825,0.0,1003.79,80.5,86.6667
1747792800,2025-05-21 02:00:00,2025-05-21 04:00:00,ringsted,11.125,0.0,4.15,0.0,1003.34,79.5,95.0
1747796400,2025-05-21 03:00:00,2025-05-21 05:00:00,ringsted,10.95,0.0,5.0,0.0,1002.8,78.0,82.2222
1747800000,2025-05-21 04:00:00,2025-05-21 06:00:00,ringsted,10.775,6.5,4.825,0.0,1002.33,77.5,71.6667
1747803600,2025-05-21 05:00:00,2025-05-21 07:00:00,ringsted,10.725,44.0,5.175,0.0,1001.94,76.25,70.0
1747807200,2025-05-21 06:00:00,2025-05-21 08:00:00,ringsted,10.95,126.5,5.65,0.0,1001.57,74.75,67.7778
1747810800,2025-05-21 07:00:00,2025-05-21 09:00:00,ringsted,11.475,252.0,6.3,0.0,1001.31,72.5,67.2222
1747814400,2025-05-21 08:00:00,2025-05-21 10:00:00,ringsted,12.25,377.5,6.65,0.0,1000.95,69.75,65.0
1747818000,2025-05-21 09:00:00,2025-05-21 11:00:00,ringsted,13.3,620.0,7.1,0.0,1000.72,66.75,54.7222
1747821600,2025-05-21 10:00:00,2025-05-21 12:00:00,ringsted,14.5,767.5,7.4,0.0,1000.5,62.5,30.0
1747825200,2025-05-21 11:00:00,2025-05-21 13:00:00,ringsted,15.225,824.0,7.825,0.0,1000.16,59.0,11.4706
1747828800,2025-05-21 12:00:00,2025-05-21 14:00:00,ringsted,15.975,799.5,7.875,0.0,999.979,55.25,26.7857
1747832400,2025-05-21 13:00:00,2025-05-21 15:00:00,ringsted,16.0,743.5,8.525,0.0,999.812,55.0,27.1875
1747836000,2025-05-21 14:00:00,2025-05-21 16:00:00,ringsted,15.925,647.0,8.725,0.0,999.746,53.5,45.8333
1747839600,2025-05-21 15:00:00,2025-05-21 17:00:00,ringsted,15.075,346.0,8.625,0.0,999.654,56.5,58.0556
1747843200,2025-05-21 16:00:00,2025-05-21 18:00:00,ringsted,13.475,119.5,7.35,0.0,999.579,67.5,68.8889
1747846800,2025-05-21 17:00:00,2025-05-21 19:00:00,ringsted,12.75,149.5,5.675,0.225,999.275,76.25,62.7778
1747850400,2025-05-21 18:00:00,2025-05-21 20:00:00,ringsted,12.05,30.5,4.625,0.575,999.104,83.25,53.3333
1747854000,2025-05-21 19:00:00,2025-05-21 21:00:00,ringsted,11.45,43.5,2.875,1.15,999.217,86.75,68.6111
1747857600,2025-05-21 20:00:00,2025-05-21 22:00:00,ringsted,10.6,2.0,3.325,0.0,999.354,87.5,83.8889
1747861200,2025-05-21 21:00:00,2025-05-21 23:00:00,ringsted,10.0,0.0,4.525,0.0,999.35,85.25,45.5556
1747864800,2025-05-21 22:00:00,2025-05-22 00:00:00,ringsted,8.675,0.0,5.65,0.0,999.404,76.5,17.5
1747868400,2025-05-21 23:00:00,2025-05-22 01:00:00,ringsted,7.125,0.0,5.1,0.0,999.312,74.75,7.85714
1747872000,2025-05-22 00:00:00,2025-05-22 02:00:00,ringsted,6.25,0.0,4.55,0.0,998.912,75.5,45.0
1747875600,2025-05-22 01:00:00,2025-05-22 03:00:00,ringsted,6.05,0.0,4.525,0.0,998.091,75.75,19.1176
1747879200,2025-05-22 02:00:00,2025-05-22 04:00:00,ringsted,6.05,0.0,4.7,0.0,997.2,75.0,8.66667
1747882800,2025-05-22 03:00:00,2025-05-22 05:00:00,ringsted,6.0,0.5,5.25,0.0,996.142,74.75,33.0556
1747886400,2025-05-22 04:00:00,2025-05-22 06:00:00,ringsted,6.575,25.0,6.3,0.0,995.183,73.75,93.3333
1747890000,2025-05-22 05:00:00,2025-05-22 07:00:00,ringsted,7.45,62.0,7.25,0.175,994.342,73.5,96.1111
1747893600,2025-05-22 06:00:00,2025-05-22 08:00:00,ringsted,7.425,96.0,7.75,0.05,994.158,78.0,93.3333
1747897200,2025-05-22 07:00:00,2025-05-22 09:00:00,ringsted,7.325,205.0,7.875,0.3,994.533,79.75,79.4444
1747900800,2025-05-22 08:00:00,2025-05-22 10:00:00,ringsted,7.375,305.5,7.725,0.95,995.388,81.5,74.4444
1747904400,2025-05-22 09:00:00,2025-05-22 11:00:00,ringsted,7.4,404.0,7.225,0.525,996.1,85.0,61.1111
1747908000,2025-05-22 10:00:00,2025-05-22 12:00:00,ringsted,8.6,640.5,7.425,0.1,996.879,78.75,63.8889
1747911600,2025-05-22 11:00:00,2025-05-22 13:00:00,ringsted,8.8,591.5,6.875,0.55,997.575,78.75,66.3889
1747915200,2025-05-22 12:00:00,2025-05-22 14:00:00,ringsted,9.4,589.0,7.0,0.1,998.317,74.5,64.1667
1747918800,2025-05-22 13:00:00,2025-05-22 15:00:00,ringsted,8.875,397.5,7.25,0.475,999.425,78.25,69.7222
1747922400,2025-05-22 14:00:00,2025-05-22 16:00:00,ringsted,8.875,439.5,7.15,0.35,1000.19,79.0,75.2778
1747926000,2025-05-22 15:00:00,2025-05-22 17:00:00,ringsted,9.125,385.0,7.3,0.025,1001.01,73.25,61.3889
1747929600,2025-05-22 16:00:00,2025-05-22 18:00:00,ringsted,8.75,350.0,6.675,0.2,1001.66,73.0,51.9444
1747933200,2025-05-22 17:00:00,2025-05-22 19:00:00,ringsted,8.45,136.5,5.25,0.175,1002.28,75.75,45.2778
1747936800,2025-05-22 18:00:00,2025-05-22 20:00:00,ringsted,7.9,70.5,4.825,0.05,1003.05,78.0,81.3889
1747940400,2025-05-22 19:00:00,2025-05-22 21:00:00,ringsted,6.825,15.5,4.375,0.65,1003.65,81.5,75.0
1747944000,2025-05-22 20:00:00,2025-05-22 22:00:00,ringsted,5.75,0.5,3.575,0.75,1003.85,86.25,83.3333
1747947600,2025-05-22 21:00:00,2025-05-22 23:00:00,ringsted,5.35,0.0,4.175,0.475,1003.76,88.75,38.0556
1747951200,2025-05-22 22:00:00,2025-05-23 00:00:00,ringsted,4.85,0.0,3.2,0.15,1003.69,91.75,66.1111
1747954800,2025-05-22 23:00:00,2025-05-23 01:00:00,ringsted,5.225,0.0,2.85,0.225,1003.71,90.0,77.7778
1747958400,2025-05-23 00:00:00,2025-05-23 02:00:00,ringsted,5.375,0.0,3.45,1.0,1003.39,91.0,83.0556
1747962000,2025-05-23 01:00:00,2025-05-23 03:00:00,ringsted,5.025,0.0,3.325,0.65,1003.12,92.5,84.4444
1747965600,2025-05-23 02:00:00,2025-05-23 04:00:00,ringsted,5.0,0.0,3.175,0.275,1002.91,92.25,74.1667
1747969200,2025-05-23 03:00:00,2025-05-23 05:00:00,ringsted,5.1,0.5,2.725,0.125,1002.94,92.75,53.8889
1747972800,2025-05-23 04:00:00,2025-05-23 06:00:00,ringsted,5.2,16.5,2.625,0.1,1003.17,92.25,36.9444
1747976400,2025-05-23 05:00:00,2025-05-23 07:00:00,ringsted,5.75,64.5,2.65,0.3,1003.37,92.5,50.0
1747980000,2025-05-23 06:00:00,2025-05-23 08:00:00,ringsted,6.85,222.0,3.1,0.225,1003.57,89.75,35.5556
1747983600,2025-05-23 07:00:00,2025-05-23 09:00:00,ringsted,8.675,359.5,4.6,0.0,1003.55,82.0,30.0
1747987200,2025-05-23 08:00:00,2025-05-23 10:00:00,ringsted,9.75,498.0,5.55,0.0,1003.68,71.75,28.9286
1747990800,2025-05-23 09:00:00,2025-05-23 11:00:00,ringsted,10.85,690.0,6.3,0.0,1003.85,63.25,41.4706
1747994400,2025-05-23 10:00:00,2025-05-23 12:00:00,ringsted,11.0,749.5,6.15,0.0,1003.95,59.5,38.0556
1747998000,2025-05-23 11:00:00,2025-05-23 13:00:00,ringsted,11.6,662.5,5.85,0.0,1003.94,57.25,47.7778
1748001600,2025-05-23 12:00:00,2025-05-23 14:00:00,ringsted,12.175,518.5,6.65,0.0,1004.37,54.5,62.2222
1748005200,2025-05-23 13:00:00,2025-05-23 15:00:00,ringsted,10.9,311.0,6.45,0.2,1005.0,62.5,62.5
1748008800,2025-05-23 14:00:00,2025-05-23 16:00:00,ringsted,8.925,213.5,4.8,1.525,1005.48,75.75,83.8889
1748012400,2025-05-23 15:00:00,2025-05-23 17:00:00,ringsted,8.425,250.5,3.95,0.1,1005.67,81.0,76.6667
1748016000,2025-05-23 16:00:00,2025-05-23 18:00:00,ringsted,8.725,182.5,3.675,0.25,1006.18,78.0,76.6667
1748019600,2025-05-23 17:00:00,2025-05-23 19:00:00,ringsted,8.075,134.0,3.625,0.15,1006.16,80.0,75.0
1748023200,2025-05-23 18:00:00,2025-05-23 20:00:00,ringsted,7.975,88.5,1.575,0.025,1006.38,79.75,85.2778
1748026800,2025-05-23 19:00:00,2025-05-23 21:00:00,ringsted,7.65,24.0,2.53333,0.0,1006.43,83.5,68.8889
1748030400,2025-05-23 20:00:00,2025-05-23 22:00:00,ringsted,7.05,2.5,3.125,0.0,1006.43,86.75,73.3333
1748034000,2025-05-23 21:00:00,2025-05-23 23:00:00,ringsted,6.925,0.0,2.55,0.05,1006.47,84.75,73.8889
1748037600,2025-05-23 22:00:00,2025-05-24 00:00:00,ringsted,6.7,0.0,2.475,0.9,1006.48,86.25,90.0
1748041200,2025-05-23 23:00:00,2025-05-24 01:00:00,ringsted,6.8,0.0,2.925,1.375,1006.47,84.0,91.9444
1748044800,2025-05-24 00:00:00,2025-05-24 02:00:00,ringsted,6.4,0.0,2.625,0.575,1006.38,88.75,88.6111
1748048400,2025-05-24 01:00:00,2025-05-24 03:00:00,ringsted,6.4,0.0,2.375,0.75,1006.3,91.75,75.2778
1748052000,2025-05-24 02:00:00,2025-05-24 04:00:00,ringsted,6.175,0.0,1.85,0.2,1006.26,93.25,36.9444
1748055600,2025-05-24 03:00:00,2025-05-24 05:00:00,ringsted,5.85,0.5,1.975,0.025,1006.4,94.5,52.5
1748059200,2025-05-24 04:00:00,2025-05-24 06:00:00,ringsted,5.75,37.5,2.175,0.0,1006.5,94.25,56.5625
1748062800,2025-05-24 05:00:00,2025-05-24 07:00:00,ringsted,7.125,147.5,2.55,0.0,1006.72,91.0,60.5556
1748066400,2025-05-24 06:00:00,2025-05-24 08:00:00,ringsted,8.425,285.0,3.6,0.0,1007.01,85.0,69.7222
1748070000,2025-05-24 07:00:00,2025-05-24 09:00:00,ringsted,9.325,294.0,3.925,0.0,1007.4,79.5,72.7778
1748073600,2025-05-24 08:00:00,2025-05-24 10:00:00,ringsted,9.975,411.5,4.0,0.0,1007.65,75.25,64.4444
1748077200,2025-05-24 09:00:00,2025-05-24 11:00:00,ringsted,10.5,426.5,4.275,0.075,1007.83,70.25,67.5
1748080800,2025-05-24 10:00:00,2025-05-24 12:00:00,ringsted,10.925,371.0,4.725,0.0,1007.92,67.0,78.6111
1748084400,2025-05-24 11:00:00,2025-05-24 13:00:00,ringsted,11.375,406.0,4.65,0.025,1007.95,63.75,81.6667
1748088000,2025-05-24 12:00:00,2025-05-24 14:00:00,ringsted,11.85,426.5,4.525,0.0,1007.98,62.25,66.9444
1748091600,2025-05-24 13:00:00,2025-05-24 15:00:00,ringsted,12.65,645.5,4.825,0.0,1007.92,58.75,40.0
1748095200,2025-05-24 14:00:00,2025-05-24 16:00:00,ringsted,13.425,629.0,4.775,0.0,1007.75,56.5,30.625
1748098800,2025-05-24 15:00:00,2025-05-24 17:00:00,ringsted,13.975,602.5,4.625,0.0,1007.61,54.25,41.6667
1748102400,2025-05-24 16:00:00,2025-05-24 18:00:00,ringsted,13.875,369.0,4.2,0.0,1007.29,56.5,42.2222
1748106000,2025-05-24 17:00:00,2025-05-24 19:00:00,ringsted,14.025,274.5,3.775,0.0,1006.93,59.0,11.25
1748109600,2025-05-24 18:00:00,2025-05-24 20:00:00,ringsted,13.325,131.0,2.85,0.0,1006.75,65.0,19.375
1748113200,2025-05-24 19:00:00,2025-05-24 21:00:00,ringsted,12.075,38.5,2.95,0.0,1006.58,72.5,65.5556
1748116800,2025-05-24 20:00:00,2025-05-24 22:00:00,ringsted,11.3,1.5,3.5,0.0,1006.34,75.75,69.4444
1748120400,2025-05-24 21:00:00,2025-05-24 23:00:00,ringsted,10.9,0.0,3.55,0.025,1005.8,78.5,83.3333
1748124000,2025-05-24 22:00:00,2025-05-25 00:00:00,ringsted,10.7,0.0,2.95,0.025,1005.34,84.25,91.1111
1748127600,2025-05-24 23:00:00,2025-05-25 01:00:00,ringsted,10.825,0.0,2.3,0.025,1004.84,89.0,81.6667
1748131200,2025-05-25 00:00:00,2025-05-25 02:00:00,ringsted,11.05,0.0,2.4,0.0,1004.35,90.5,88.3333
1748134800,2025-05-25 01:00:00,2025-05-25 03:00:00,ringsted,11.375,0.0,3.05,0.0,1003.79,89.25,69.4444
1748138400,2025-05-25 02:00:00,2025-05-25 04:00:00,ringsted,11.5,0.0,3.625,0.0,1003.24,88.75,93.3333
1748142000,2025-05-25 03:00:00,2025-05-25 05:00:00,ringsted,11.525,0.0,4.3,0.625,1002.75,87.5,93.3333
1748145600,2025-05-25 04:00:00,2025-05-25 06:00:00,ringsted,11.075,4.5,4.4,0.85,1002.22,90.5,95.0
1748149200,2025-05-25 05:00:00,2025-05-25 07:00:00,ringsted,10.725,16.5,4.725,1.0,1001.89,93.25,96.1111
1748152800,2025-05-25 06:00:00,2025-05-25 08:00:00,ringsted,10.775,35.0,4.725,1.275,1001.72,95.0,99.6667
1748156400,2025-05-25 07:00:00,2025-05-25 09:00:00,ringsted,10.9,42.0,4.95,1.4,1001.4,96.25,101.222
1748160000,2025-05-25 08:00:00,2025-05-25 10:00:00,ringsted,11.225,84.5,4.95,1.05,1001.18,96.75,97.75
1748163600,2025-05-25 09:00:00,2025-05-25 11:00:00,ringsted,11.775,97.0,5.0,0.55,1000.78,96.75,96.6667
1748167200,2025-05-25 10:00:00,2025-05-25 12:00:00,ringsted,12.3,89.0,4.9,1.1,1000.56,96.75,98.6667
1748170800,2025-05-25 11:00:00,2025-05-25 13:00:00,ringsted,12.875,144.0,5.1,1.075,1000.41,97.0,98.0
1748174400,2025-05-25 12:00:00,2025-05-25 14:00:00,ringsted,13.475,139.0,5.55,0.325,1000.37,96.0,98.3333
1748178000,2025-05-25 13:00:00,2025-05-25 15:00:00,ringsted,13.975,163.5,5.55,0.525,1000.14,95.5,95.0
1748181600,2025-05-25 14:00:00,2025-05-25 16:00:00,ringsted,14.5,183.5,5.4,1.05,1000.2,94.5,90.0
1748185200,2025-05-25 15:00:00,2025-05-25 17:00:00,ringsted,14.6,119.5,5.025,0.7,1000.28,93.75,85.5556
1748188800,2025-05-25 16:00:00,2025-05-25 18:00:00,ringsted,14.75,189.0,4.625,0.075,1000.3,93.75,70.0
1748192400,2025-05-25 17:00:00,2025-05-25 19:00:00,ringsted,15.15,253.5,4.375,0.025,1000.77,91.0,63.8235
1748196000,2025-05-25 18:00:00,2025-05-25 20:00:00,ringsted,15.05,106.5,4.275,0.0,1001.22,89.0,56.1111
1748199600,2025-05-25 19:00:00,2025-05-25 21:00:00,ringsted,14.4,36.5,3.5,0.0,1001.84,90.0,64.1667
1748203200,2025-05-25 20:00:00,2025-05-25 22:00:00,ringsted,13.9,1.0,3.5,0.0,1002.3,91.0,66.3889
1748206800,2025-05-25 21:00:00,2025-05-25 23:00:00,ringsted,13.525,0.0,3.875,0.0,1002.81,90.0,56.9444
1748210400,2025-05-25 22:00:00,2025-05-26 00:00:00,ringsted,12.8,0.0,4.125,0.0,1003.38,90.25,12.0833
1748214000,2025-05-25 23:00:00,2025-05-26 01:00:00,ringsted,11.8,0.0,3.45,0.0,1003.71,91.5,13.3333
1748217600,2025-05-26 00:00:00,2025-05-26 02:00:00,ringsted,10.8,0.0,3.175,0.0,1003.99,92.25,11.25
1748221200,2025-05-26 01:00:00,2025-05-26 03:00:00,ringsted,10.05,0.0,2.95,0.0,1004.39,94.0,32.9167
1748224800,2025-05-26 02:00:00,2025-05-26 04:00:00,ringsted,9.65,0.0,2.825,0.0,1004.85,94.75,0.0
1748228400,2025-05-26 03:00:00,2025-05-26 05:00:00,ringsted,9.125,0.5,2.45,0.0,1005.29,96.0,0.0
1748232000,2025-05-26 04:00:00,2025-05-26 06:00:00,ringsted,9.3,38.5,2.4,0.0,1005.67,95.75,0.0
1748235600,2025-05-26 05:00:00,2025-05-26 07:00:00,ringsted,10.55,146.0,3.15,0.0,1006.23,92.75,9.33333
1748239200,2025-05-26 06:00:00,2025-05-26 08:00:00,ringsted,11.95,284.0,4.125,0.0,1006.62,88.0,13.3333
1748242800,2025-05-26 07:00:00,2025-05-26 09:00:00,ringsted,13.25,438.5,4.425,0.0,1006.98,80.75,6.66667
1748246400,2025-05-26 08:00:00,2025-05-26 10:00:00,ringsted,14.325,541.0,4.575,0.0,1007.4,74.25,21.875
1748250000,2025-05-26 09:00:00,2025-05-26 11:00:00,ringsted,15.05,586.0,5.35,0.0,1007.43,68.25,25.0
1748253600,2025-05-26 10:00:00,2025-05-26 12:00:00,ringsted,15.9,773.0,5.425,0.0,1007.47,62.5,40.2941
1748257200,2025-05-26 11:00:00,2025-05-26 13:00:00,ringsted,15.625,498.5,6.025,0.35,1007.77,61.0,59.1667
1748260800,2025-05-26 12:00:00,2025-05-26 14:00:00,ringsted,13.825,436.5,5.425,1.125,1007.75,69.75,31.25
1748264400,2025-05-26 13:00:00,2025-05-26 15:00:00,ringsted,15.425,705.0,5.225,0.0,1007.78,64.25,17.6923
1748268000,2025-05-26 14:00:00,2025-05-26 16:00:00,ringsted,16.7,564.0,6.15,0.0,1007.87,56.75,30.8333
1748271600,2025-05-26 15:00:00,2025-05-26 17:00:00,ringsted,17.0,596.0,6.3,0.0,1008.23,51.75,23.3333
1748275200,2025-05-26 16:00:00,2025-05-26 18:00:00,ringsted,16.625,422.5,6.325,0.0,1008.5,52.5,27.8571
1748278800,2025-05-26 17:00:00,2025-05-26 19:00:00,ringsted,15.825,335.5,6.05,0.0,1008.82,55.0,19.7222
1748282400,2025-05-26 18:00:00,2025-05-26 20:00:00,ringsted,15.025,203.5,5.075,0.0,1009.29,56.0,8.46154
1748286000,2025-05-26 19:00:00,2025-05-26 21:00:00,ringsted,13.475,56.0,3.825,0.0,1009.72,60.5,5.76923
1748289600,2025-05-26 20:00:00,2025-05-26 22:00:00,ringsted,11.375,5.5,2.5,0.0,1010.08,71.25,10.625
1748293200,2025-05-26 21:00:00,2025-05-26 23:00:00,ringsted,9.9,0.0,2.575,0.0,1010.24,79.0,6.42857
1748296800,2025-05-26 22:00:00,2025-05-27 00:00:00,ringsted,9.4,0.0,2.65,0.0,1010.2,81.25,10.8333
1748300400,2025-05-26 23:00:00,2025-05-27 01:00:00,ringsted,9.0,0.0,2.725,0.0,1010.19,83.25,53.3333
1748304000,2025-05-27 00:00:00,2025-05-27 02:00:00,ringsted,8.75,0.0,2.45,0.0,1009.89,86.25,59.7222
1748307600,2025-05-27 01:00:00,2025-05-27 03:00:00,ringsted,8.725,0.0,2.65,0.05,1009.75,88.25,89.1667
1748311200,2025-05-27 02:00:00,2025-05-27 04:00:00,ringsted,9.7,0.0,2.775,0.075,1009.36,86.75,91.6667
1748314800,2025-05-27 03:00:00,2025-05-27 05:00:00,ringsted,9.9,0.0,2.95,0.0,1008.87,87.25,96.6667
1748318400,2025-05-27 04:00:00,2025-05-27 06:00:00,ringsted,10.35,15.0,3.1,0.0,1008.4,87.5,92.2222
1748322000,2025-05-27 05:00:00,2025-05-27 07:00:00,ringsted,11.425,88.0,4.2,0.0,1007.95,84.5,77.7778
1748325600,2025-05-27 06:00:00,2025-05-27 08:00:00,ringsted,12.85,203.0,5.275,0.0,1007.49,80.75,54.4444
1748329200,2025-05-27 07:00:00,2025-05-27 09:00:00,ringsted,14.125,280.5,6.25,0.0,1007.15,73.25,55.5556
1748332800,2025-05-27 08:00:00,2025-05-27 10:00:00,ringsted,14.75,358.5,7.45,0.0,1006.83,69.5,80.5556
1748336400,2025-05-27 09:00:00,2025-05-27 11:00:00,ringsted,14.775,360.0,8.225,0.0,1006.61,69.0,92.5
1748340000,2025-05-27 10:00:00,2025-05-27 12:00:00,ringsted,14.475,309.0,8.25,0.0,1006.6,72.75,92.2222
1748343600,2025-05-27 11:00:00,2025-05-27 13:00:00,ringsted,13.925,219.0,7.95,0.05,1006.74,78.5,96.6667
1748347200,2025-05-27 12:00:00,2025-05-27 14:00:00,ringsted,13.05,157.5,7.4,0.45,1006.82,88.75,97.2222
1748350800,2025-05-27 13:00:00,2025-05-27 15:00:00,ringsted,13.05,222.0,7.625,0.5,1006.78,91.25,95.0
1748354400,2025-05-27 14:00:00,2025-05-27 16:00:00,ringsted,13.75,321.0,7.675,0.0,1006.74,90.0,83.8889
1748358000,2025-05-27 15:00:00,2025-05-27 17:00:00,ringsted,14.7,380.0,7.025,0.0,1006.78,86.25,60.0
1748361600,2025-05-27 16:00:00,2025-05-27 18:00:00,ringsted,15.4,350.5,7.2,0.0,1006.81,81.75,66.6667
1748365200,2025-05-27 17:00:00,2025-05-27 19:00:00,ringsted,15.025,214.5,6.55,0.0,1006.72,82.0,65.0
1748368800,2025-05-27 18:00:00,2025-05-27 20:00:00,ringsted,14.5,103.0,5.175,0.0,1006.65,84.25,63.8889
1748372400,2025-05-27 19:00:00,2025-05-27 21:00:00,ringsted,13.975,30.0,3.95,0.0,1006.7,86.75,69.7222
1748376000,2025-05-27 20:00:00,2025-05-27 22:00:00,ringsted,13.375,1.0,3.25,0.025,1006.68,89.5,86.3889
1748379600,2025-05-27 21:00:00,2025-05-27 23:00:00,ringsted,12.825,0.0,2.525,0.275,1006.58,93.0,96.9444
1748383200,2025-05-27 22:00:00,2025-05-28 00:00:00,ringsted,12.375,0.0,2.2,0.7,1006.0,95.25,97.2222
1748386800,2025-05-27 23:00:00,2025-05-28 01:00:00,ringsted,11.95,0.0,2.15,0.675,1005.39,96.0,91.6667
1748390400,2025-05-28 00:00:00,2025-05-28 02:00:00,ringsted,11.2,0.0,1.625,1.25,1004.56,96.0,94.7222
1748394000,2025-05-28 01:00:00,2025-05-28 03:00:00,ringsted,10.725,0.0,1.5,0.55,1003.65,96.5,94.7222
1748397600,2025-05-28 02:00:00,2025-05-28 04:00:00,ringsted,10.575,0.0,1.8,0.625,1002.9,97.0,81.9444
1748401200,2025-05-28 03:00:00,2025-05-28 05:00:00,ringsted,10.425,0.5,2.1,0.275,1002.45,97.0,98.3333
1748404800,2025-05-28 04:00:00,2025-05-28 06:00:00,ringsted,10.375,12.0,2.275,0.25,1002.25,96.75,99.4444
1748408400,2025-05-28 05:00:00,2025-05-28 07:00:00,ringsted,10.375,28.0,2.425,0.175,1002.35,96.75,97.3333
1748412000,2025-05-28 06:00:00,2025-05-28 08:00:00,ringsted,10.8,97.0,2.375,0.125,1002.54,96.0,96.1111
1748415600,2025-05-28 07:00:00,2025-05-28 09:00:00,ringsted,11.425,173.0,2.35,0.075,1002.9,94.75,95.5556
1748419200,2025-05-28 08:00:00,2025-05-28 10:00:00,ringsted,12.125,193.0,2.275,0.0,1003.21,91.25,92.7778
1748422800,2025-05-28 09:00:00,2025-05-28 11:00:00,ringsted,12.525,170.0,2.625,0.0,1003.55,88.25,92.2222
1748426400,2025-05-28 10:00:00,2025-05-28 12:00:00,ringsted,12.775,147.0,2.8,0.0,1004.13,86.5,84.4444
1748430000,2025-05-28 11:00:00,2025-05-28 13:00:00,ringsted,12.85,164.0,3.2,0.025,1004.42,85.5,96.1111
1748433600,2025-05-28 12:00:00,2025-05-28 14:00:00,ringsted,13.125,269.0,4.125,0.0,1004.81,81.75,90.5556
1748437200,2025-05-28 13:00:00,2025-05-28 15:00:00,ringsted,13.8,258.5,4.125,0.0,1005.19,76.75,87.2222
1748440800,2025-05-28 14:00:00,2025-05-28 16:00:00,ringsted,14.225,334.5,4.6,0.0,1005.7,71.75,82.6471
1748444400,2025-05-28 15:00:00,2025-05-28 17:00:00,ringsted,14.3,387.0,4.6,0.0,1006.27,68.5,82.2222
1748448000,2025-05-28 16:00:00,2025-05-28 18:00:00,ringsted,14.625,406.5,3.975,0.0,1006.85,65.5,69.4444
1748451600,2025-05-28 17:00:00,2025-05-28 19:00:00,ringsted,14.45,277.0,4.025,0.0,1007.51,61.25,62.7778
1748455200,2025-05-28 18:00:00,2025-05-28 20:00:00,ringsted,14.125,180.5,3.75,0.0,1008.08,62.75,41.9444
1748458800,2025-05-28 19:00:00,2025-05-28 21:00:00,ringsted,13.1,60.0,2.625,0.0,1008.71,70.0,12.6667
1748462400,2025-05-28 20:00:00,2025-05-28 22:00:00,ringsted,11.175,5.0,2.15,0.0,1009.27,79.75,9.0
1748466000,2025-05-28 21:00:00,2025-05-28 23:00:00,ringsted,10.075,0.0,2.275,0.0,1009.72,84.75,6.76471
1748469600,2025-05-28 22:00:00,2025-05-29 00:00:00,ringsted,9.925,0.0,2.325,0.0,1010.22,86.5,38.0556
1748473200,2025-05-28 23:00:00,2025-05-29 01:00:00,ringsted,9.525,0.0,2.975,0.0,1010.54,89.75,6.78571
1748476800,2025-05-29 00:00:00,2025-05-29 02:00:00,ringsted,9.45,0.0,3.225,0.0,1011.03,92.0,7.5
1748480400,2025-05-29 01:00:00,2025-05-29 03:00:00,ringsted,9.05,0.0,3.05,0.0,1011.72,92.75,5.83333
1748484000,2025-05-29 02:00:00,2025-05-29 04:00:00,ringsted,8.8,0.0,3.125,0.0,1011.9,93.5,1.66667
1748487600,2025-05-29 03:00:00,2025-05-29 05:00:00,ringsted,8.125,1.0,2.4,0.0,1012.22,94.5,2.5
1748491200,2025-05-29 04:00:00,2025-05-29 06:00:00,ringsted,7.8,46.5,2.125,0.0,1012.98,94.75,6.66667
1748494800,2025-05-29 05:00:00,2025-05-29 07:00:00,ringsted,9.425,158.5,3.275,0.0,1013.47,91.0,18.2143
1748498400,2025-05-29 06:00:00,2025-05-29 08:00:00,ringsted,10.85,322.5,4.35,0.0,1013.67,84.75,51.1111
1748502000,2025-05-29 07:00:00,2025-05-29 09:00:00,ringsted,11.825,382.0,4.875,0.0,1014.14,77.5,42.5
1748505600,2025-05-29 08:00:00,2025-05-29 10:00:00,ringsted,12.625,529.0,5.05,0.0,1014.24,71.25,35.2778
1748509200,2025-05-29 09:00:00,2025-05-29 11:00:00,ringsted,13.475,681.0,4.825,0.0,1014.28,65.75,32.2222
1748512800,2025-05-29 10:00:00,2025-05-29 12:00:00,ringsted,14.2,740.0,4.7,0.0,1014.1,60.75,21.6667
1748516400,2025-05-29 11:00:00,2025-05-29 13:00:00,ringsted,14.8,735.5,4.575,0.0,1014.05,58.25,29.1667
1748520000,2025-05-29 12:00:00,2025-05-29 14:00:00,ringsted,15.3,795.0,4.65,0.0,1014.34,58.0,29.7059
1748523600,2025-05-29 13:00:00,2025-05-29 15:00:00,ringsted,15.575,669.0,4.725,0.0,1013.98,57.0,16.9231
1748527200,2025-05-29 14:00:00,2025-05-29 16:00:00,ringsted,15.65,549.0,4.6,0.0,1013.8,55.0,30.2778
1748530800,2025-05-29 15:00:00,2025-05-29 17:00:00,ringsted,15.225,353.0,4.4,0.0,1013.32,59.0,44.7222
1748534400,2025-05-29 16:00:00,2025-05-29 18:00:00,ringsted,14.975,241.0,4.3,0.0,1012.86,60.5,36.6667
1748538000,2025-05-29 17:00:00,2025-05-29 19:00:00,ringsted,14.725,148.5,3.3,0.0,1012.42,60.75,50.2778
1748541600,2025-05-29 18:00:00,2025-05-29 20:00:00,ringsted,14.475,90.5,3.15,0.0,1011.88,64.0,77.7778
1748545200,2025-05-29 19:00:00,2025-05-29 21:00:00,ringsted,13.6667,21.0,3.2,0.05,1011.69,69.5,98.8889
1748548800,2025-05-29 20:00:00,2025-05-29 22:00:00,ringsted,12.925,1.5,3.175,0.1,1011.22,76.25,99.4444
1748552400,2025-05-29 21:00:00,2025-05-29 23:00:00,ringsted,12.475,0.0,3.175,0.1,1010.52,81.5,99.4444
1748556000,2025-05-29 22:00:00,2025-05-30 00:00:00,ringsted,12.15,0.0,3.625,0.175,1009.65,86.0,99.4444
1748559600,2025-05-29 23:00:00,2025-05-30 01:00:00,ringsted,12.075,0.0,4.45,0.125,1008.9,91.25,99.5556
1748563200,2025-05-30 00:00:00,2025-05-30 02:00:00,ringsted,12.3667,0.0,4.53333,0.766667,1008.17,93.6667,102.941
1748566800,2025-05-30 01:00:00,2025-05-30 03:00:00,ringsted,12.875,0.0,4.75,0.95,1007.58,96.25,100.667
1748570400,2025-05-30 02:00:00,2025-05-30 04:00:00,ringsted,13.45,0.0,4.7,0.325,1007.33,96.75,98.6667
1748574000,2025-05-30 03:00:00,2025-05-30 05:00:00,ringsted,14.0,0.0,5.23333,0.0666667,1007.42,97.3333,96.6667
1748577600,2025-05-30 04:00:00,2025-05-30 06:00:00,ringsted,14.35,8.5,4.525,0.025,1007.66,96.25,96.1111
1748581200,2025-05-30 05:00:00,2025-05-30 07:00:00,ringsted,14.625,42.0,4.775,0.0,1007.82,94.75,71.9444
1748584800,2025-05-30 06:00:00,2025-05-30 08:00:00,ringsted,15.125,215.0,5.325,0.0,1008.01,91.5,63.0556
1748588400,2025-05-30 07:00:00,2025-05-30 09:00:00,ringsted,15.8,374.5,5.825,0.0,1008.27,87.75,66.6667
1748592000,2025-05-30 08:00:00,2025-05-30 10:00:00,ringsted,16.575,511.0,6.675,0.0,1008.45,83.5,44.4444
1748595600,2025-05-30 09:00:00,2025-05-30 11:00:00,ringsted,17.625,715.5,6.825,0.0,1008.69,79.0,53.3333
1748599200,2025-05-30 10:00:00,2025-05-30 12:00:00,ringsted,18.125,655.0,7.2,0.0,1008.8,77.0,74.1667
1748602800,2025-05-30 11:00:00,2025-05-30 13:00:00,ringsted,18.4,576.5,7.15,0.0,1008.75,77.5,69.1667
1748606400,2025-05-30 12:00:00,2025-05-30 14:00:00,ringsted,18.15,494.5,7.325,0.0,1008.71,79.0,70.0
1748610000,2025-05-30 13:00:00,2025-05-30 15:00:00,ringsted,18.05,437.5,7.725,0.0,1008.79,80.25,69.4444
1748613600,2025-05-30 14:00:00,2025-05-30 16:00:00,ringsted,17.675,290.5,7.85,0.0,1009.01,81.25,79.4444
1748617200,2025-05-30 15:00:00,2025-05-30 17:00:00,ringsted,17.3,155.5,8.425,0.0,1009.53,81.25,97.2222
1748620800,2025-05-30 16:00:00,2025-05-30 18:00:00,ringsted,16.125,121.0,7.825,0.05,1009.95,86.5,93.3333
1748624400,2025-05-30 17:00:00,2025-05-30 19:00:00,ringsted,15.7,132.0,6.625,0.0,1010.11,87.75,91.1111
1748628000,2025-05-30 18:00:00,2025-05-30 20:00:00,ringsted,15.325,86.5,6.25,0.0,1010.3,88.0,83.6111
1748631600,2025-05-30 19:00:00,2025-05-30 21:00:00,ringsted,14.925,29.0,5.625,0.0,1010.5,89.75,81.6667
1748635200,2025-05-30 20:00:00,2025-05-30 22:00:00,ringsted,14.5,4.0,5.325,0.0,1010.57,90.75,83.0556
1748638800,2025-05-30 21:00:00,2025-05-30 23:00:00,ringsted,14.15,0.0,5.55,0.0,1010.73,91.5,77.7778
1748642400,2025-05-30 22:00:00,2025-05-31 00:00:00,ringsted,13.975,0.0,5.475,0.0,1010.83,89.25,50.8333
1748646000,2025-05-30 23:00:00,2025-05-31 01:00:00,ringsted,13.475,0.0,4.45,0.0,1010.95,89.75,58.8889
1748649600,2025-05-31 00:00:00,2025-05-31 02:00:00,ringsted,13.125,0.0,3.9,0.0,1011.02,90.75,92.5
1748653200,2025-05-31 01:00:00,2025-05-31 03:00:00,ringsted,13.125,0.0,3.875,0.0,1011.12,90.25,93.3333
1748656800,2025-05-31 02:00:00,2025-05-31 04:00:00,ringsted,13.125,0.0,3.375,0.0,1011.14,89.5,90.0
1748660400,2025-05-31 03:00:00,2025-05-31 05:00:00,ringsted,13.05,0.0,3.375,0.0,1011.36,89.0,95.0
1748664000,2025-05-31 04:00:00,2025-05-31 06:00:00,ringsted,13.075,16.5,3.65,0.0,1011.59,88.25,96.6667
1748667600,2025-05-31 05:00:00,2025-05-31 07:00:00,ringsted,13.25,67.5,3.9,0.0,1011.84,85.5,88.8889
1748671200,2025-05-31 06:00:00,2025-05-31 08:00:00,ringsted,13.475,190.0,4.525,0.0,1012.19,80.75,78.3333
1748674800,2025-05-31 07:00:00,2025-05-31 09:00:00,ringsted,13.825,256.0,4.525,0.0,1012.55,78.25,60.0
1748678400,2025-05-31 08:00:00,2025-05-31 10:00:00,ringsted,14.425,459.5,4.55,0.0,1012.75,75.25,33.3333
1748682000,2025-05-31 09:00:00,2025-05-31 11:00:00,ringsted,15.125,635.5,4.175,0.0,1012.98,73.25,54.7059
1748685600,2025-05-31 10:00:00,2025-05-31 12:00:00,ringsted,15.975,724.5,4.1,0.0,1013.12,72.25,47.7778
1748689200,2025-05-31 11:00:00,2025-05-31 13:00:00,ringsted,16.55,758.5,4.375,0.0,1013.17,71.0,42.7778
1748692800,2025-05-31 12:00:00,2025-05-31 14:00:00,ringsted,17.25,741.0,4.3,0.0,1013.3,70.25,40.5556
1748696400,2025-05-31 13:00:00,2025-05-31 15:00:00,ringsted,17.625,641.5,4.8,0.0,1013.26,70.25,41.9444
1748700000,2025-05-31 14:00:00,2025-05-31 16:00:00,ringsted,17.8,476.5,4.225,0.0,1013.07,70.75,48.75
1748703600,2025-05-31 15:00:00,2025-05-31 17:00:00,ringsted,18.125,434.5,3.675,0.0,1012.8,69.75,49.6154
1748707200,2025-05-31 16:00:00,2025-05-31 18:00:00,ringsted,18.2,339.0,3.075,0.0,1012.66,69.75,52.5
1748710800,2025-05-31 17:00:00,2025-05-31 19:00:00,ringsted,18.0,250.5,2.325,0.0,1012.62,70.25,13.75
1748714400,2025-05-31 18:00:00,2025-05-31 20:00:00,ringsted,17.825,177.0,1.85,0.0,1012.48,71.0,1.66667
1748718000,2025-05-31 19:00:00,2025-05-31 21:00:00,ringsted,16.3333,61.0,1.175,0.0,1012.47,80.6667,0.0
1748721600,2025-05-31 20:00:00,2025-05-31 22:00:00,ringsted,14.425,8.0,0.875,0.0,1012.46,87.0,0.0
1748725200,2025-05-31 21:00:00,2025-05-31 23:00:00,ringsted,12.675,0.0,1.1,0.0,1012.38,93.75,0.0
1748728800,2025-05-31 22:00:00,2025-06-01 00:00:00,ringsted,11.675,0.0,0.975,0.0,1012.03,95.25,3.33333
1748732400,2025-05-31 23:00:00,2025-06-01 01:00:00,ringsted,11.15,0.0,0.975,0.0,1011.56,96.5,10.4167
1748736000,2025-06-01 00:00:00,2025-06-01 02:00:00,ringsted,11.25,0.0,1.35,0.0,1011.13,97.25,17.0833
1748739600,2025-06-01 01:00:00,2025-06-01 03:00:00,ringsted,11.7,0.0,2.0,0.0,1010.67,96.5,24.5833
1748743200,2025-06-01 02:00:00,2025-06-01 04:00:00,ringsted,11.925,0.0,2.15,0.0,1010.07,95.5,37.7778
1748746800,2025-06-01 03:00:00,2025-06-01 05:00:00,ringsted,12.6,0.0,2.425,0.0,1009.4,94.25,34.375
1748750400,2025-06-01 04:00:00,2025-06-01 06:00:00,ringsted,13.3,22.5,2.7,0.0,1008.87,91.0,46.6667
1748754000,2025-06-01 05:00:00,2025-06-01 07:00:00,ringsted,14.1,85.0,3.2,0.0,1008.5,88.75,34.4444
1748757600,2025-06-01 06:00:00,2025-06-01 08:00:00,ringsted,15.05,160.5,3.575,0.0,1008.05,85.25,30.2778
1748761200,2025-06-01 07:00:00,2025-06-01 09:00:00,ringsted,15.85,202.0,4.275,0.0,1007.71,82.75,37.7778
1748764800,2025-06-01 08:00:00,2025-06-01 10:00:00,ringsted,16.025,216.5,4.825,0.0,1007.06,83.25,29.4444
1748768400,2025-06-01 09:00:00,2025-06-01 11:00:00,ringsted,16.725,224.0,3.65,0.0,1006.55,84.25,38.3333
1748772000,2025-06-01 10:00:00,2025-06-01 12:00:00,ringsted,17.95,401.0,3.65,0.0,1006.15,80.75,33.8889
1748775600,2025-06-01 11:00:00,2025-06-01 13:00:00,ringsted,19.625,761.0,4.25,0.0,1005.7,75.25,23.0
1748779200,2025-06-01 12:00:00,2025-06-01 14:00:00,ringsted,20.25,743.0,5.1,0.0,1005.25,73.0,41.1111
1748782800,2025-06-01 13:00:00,2025-06-01 15:00:00,ringsted,20.475,507.5,4.575,0.0,1004.75,72.75,67.7778
1748786400,2025-06-01 14:00:00,2025-06-01 16:00:00,ringsted,21.05,373.5,4.725,0.0,1004.26,68.25,54.4444
1748790000,2025-06-01 15:00:00,2025-06-01 17:00:00,ringsted,20.65,232.5,4.875,0.05,1003.72,68.5,62.2222
1748793600,2025-06-01 16:00:00,2025-06-01 18:00:00,ringsted,20.025,219.0,3.35,0.0,1003.47,72.25,65.0
1748797200,2025-06-01 17:00:00,2025-06-01 19:00:00,ringsted,19.4,129.0,3.075,0.025,1003.45,76.75,48.0556
1748800800,2025-06-01 18:00:00,2025-06-01 20:00:00,ringsted,18.875,96.5,4.25,0.0,1003.65,77.75,22.7778
1748804400,2025-06-01 19:00:00,2025-06-01 21:00:00,ringsted,17.9,40.0,4.7,0.0,1004.15,78.5,23.6111
1748808000,2025-06-01 20:00:00,2025-06-01 22:00:00,ringsted,16.525,10.5,5.125,0.0,1004.97,78.25,22.0
1748811600,2025-06-01 21:00:00,2025-06-01 23:00:00,ringsted,14.85,0.0,4.575,0.0,1005.23,83.0,27.9167
1748815200,2025-06-01 22:00:00,2025-06-02 00:00:00,ringsted,13.525,0.0,4.225,0.0,1005.53,83.5,12.9167
1748818800,2025-06-01 23:00:00,2025-06-02 01:00:00,ringsted,12.3,0.0,3.925,0.0,1005.71,85.0,0.833333
1748822400,2025-06-02 00:00:00,2025-06-02 02:00:00,ringsted,11.375,0.0,3.325,0.0,1005.92,89.25,6.92308
1748826000,2025-06-02 01:00:00,2025-06-02 03:00:00,ringsted,10.875,0.0,3.325,0.0,1006.22,91.25,16.875
1748829600,2025-06-02 02:00:00,2025-06-02 04:00:00,ringsted,10.6,0.0,2.875,0.0,1006.25,92.0,25.0
1748833200,2025-06-02 03:00:00,2025-06-02 05:00:00,ringsted,10.425,1.0,2.65,0.0,1006.24,92.75,7.14286
1748836800,2025-06-02 04:00:00,2025-06-02 06:00:00,ringsted,10.575,47.0,2.875,0.0,1006.54,93.25,0.833333
1748840400,2025-06-02 05:00:00,2025-06-02 07:00:00,ringsted,11.725,141.0,2.95,0.0,1006.78,91.0,42.3333
1748844000,2025-06-02 06:00:00,2025-06-02 08:00:00,ringsted,13.2,220.5,4.125,0.0,1006.69,83.5,39.1667
1748847600,2025-06-02 07:00:00,2025-06-02 09:00:00,ringsted,14.6,387.0,5.025,0.0,1006.97,79.0,45.5556
1748851200,2025-06-02 08:00:00,2025-06-02 10:00:00,ringsted,15.575,474.0,5.725,0.0,1007.09,76.0,52.2222
1748854800,2025-06-02 09:00:00,2025-06-02 11:00:00,ringsted,15.85,356.5,6.075,0.0,1007.25,74.5,72.2222
1748858400,2025-06-02 10:00:00,2025-06-02 12:00:00,ringsted,15.725,354.5,5.875,0.0,1007.38,75.5,76.1111
1748862000,2025-06-02 11:00:00,2025-06-02 13:00:00,ringsted,15.775,504.0,6.325,0.25,1007.31,76.75,80.0
1748865600,2025-06-02 12:00:00,2025-06-02 14:00:00,ringsted,15.65,505.0,6.35,0.125,1007.22,77.5,62.7778
1748869200,2025-06-02 13:00:00,2025-06-02 15:00:00,ringsted,16.6,667.0,6.2,0.0,1007.01,72.25,55.625
1748872800,2025-06-02 14:00:00,2025-06-02 16:00:00,ringsted,16.75,535.0,6.4,0.725,1007.35,69.0,52.6471
1748876400,2025-06-02 15:00:00,2025-06-02 17:00:00,ringsted,15.85,475.0,4.775,0.0,1007.38,69.0,42.8125
1748880000,2025-06-02 16:00:00,2025-06-02 18:00:00,ringsted,17.075,428.0,4.9,0.0,1007.46,62.5,26.1111
1748883600,2025-06-02 17:00:00,2025-06-02 19:00:00,ringsted,16.95,290.5,5.675,0.0,1007.58,59.25,20.0
1748887200,2025-06-02 18:00:00,2025-06-02 20:00:00,ringsted,16.0,149.5,4.5,0.0,1007.81,63.0,28.75
1748890800,2025-06-02 19:00:00,2025-06-02 21:00:00,ringsted,14.6,39.5,3.3,0.0,1008.38,69.6667,44.6875
1748894400,2025-06-02 20:00:00,2025-06-02 22:00:00,ringsted,13.275,6.5,2.275,0.0,1008.85,78.0,67.6667
1748898000,2025-06-02 21:00:00,2025-06-02 23:00:00,ringsted,12.6,0.0,2.3,0.0,1009.13,81.75,53.0556
1748901600,2025-06-02 22:00:00,2025-06-03 00:00:00,ringsted,11.9,0.0,2.35,0.0,1009.35,84.75,41.1111
1748905200,2025-06-02 23:00:00,2025-06-03 01:00:00,ringsted,11.2,0.0,2.25,0.0,1009.35,84.5,17.7273
1748908800,2025-06-03 00:00:00,2025-06-03 02:00:00,ringsted,9.775,0.0,1.975,0.0,1009.26,88.75,0.0
1748912400,2025-06-03 01:00:00,2025-06-03 03:00:00,ringsted,8.7,0.0,2.05,0.0,1009.38,91.0,0.0
1748916000,2025-06-03 02:00:00,2025-06-03 04:00:00,ringsted,7.625,0.0,1.05,0.0,1009.42,92.5,0.0
1748919600,2025-06-03 03:00:00,2025-06-03 05:00:00,ringsted,6.525,2.0,0.6,0.0,1009.62,95.25,0.0
1748923200,2025-06-03 04:00:00,2025-06-03 06:00:00,ringsted,6.55,51.0,0.575,0.0,1009.64,96.25,0.0
1748926800,2025-06-03 05:00:00,2025-06-03 07:00:00,ringsted,9.025,164.5,0.35,0.0,1009.68,90.75,0.0
1748930400,2025-06-03 06:00:00,2025-06-03 08:00:00,ringsted,11.475,304.5,1.35,0.0,1009.69,78.75,15.9375
1748934000,2025-06-03 07:00:00,2025-06-03 09:00:00,ringsted,12.425,397.0,2.725,0.0,1009.67,72.0,41.9444
1748937600,2025-06-03 08:00:00,2025-06-03 10:00:00,ringsted,13.425,617.5,3.4,0.0,1009.42,67.75,24.6875
1748941200,2025-06-03 09:00:00,2025-06-03 11:00:00,ringsted,14.175,680.5,3.65,0.0,1008.99,64.25,7.5
1748944800,2025-06-03 10:00:00,2025-06-03 12:00:00,ringsted,15.3,789.5,3.875,0.0,1008.49,61.0,6.33333
1748948400,2025-06-03 11:00:00,2025-06-03 13:00:00,ringsted,16.225,822.0,4.35,0.0,1008.08,59.0,17.5
1748952000,2025-06-03 12:00:00,2025-06-03 14:00:00,ringsted,16.95,799.5,4.95,0.0,1007.77,58.5,32.2222
1748955600,2025-06-03 13:00:00,2025-06-03 15:00:00,ringsted,17.25,738.5,5.425,0.0,1007.59,61.5,17.8125
1748959200,2025-06-03 14:00:00,2025-06-03 16:00:00,ringsted,17.725,644.0,5.7,0.0,1007.28,56.0,8.57143
1748962800,2025-06-03 15:00:00,2025-06-03 17:00:00,ringsted,17.85,521.5,5.525,0.0,1006.99,54.75,3.33333
1748966400,2025-06-03 16:00:00,2025-06-03 18:00:00,ringsted,18.175,423.0,5.1,0.0,1006.47,53.75,0.833333
1748970000,2025-06-03 17:00:00,2025-06-03 19:00:00,ringsted,18.025,261.5,3.925,0.0,1005.97,54.5,0.0
1748973600,2025-06-03 18:00:00,2025-06-03 20:00:00,ringsted,17.125,135.5,3.075,0.0,1005.56,61.75,0.833333
1748977200,2025-06-03 19:00:00,2025-06-03 21:00:00,ringsted,14.7,48.5,3.6,0.0,1005.23,77.25,22.0588
1748980800,2025-06-03 20:00:00,2025-06-03 22:00:00,ringsted,13.4,6.5,3.675,0.0,1005.01,83.5,41.5625
1748984400,2025-06-03 21:00:00,2025-06-03 23:00:00,ringsted,12.725,0.0,3.6,0.0,1004.66,86.75,71.7647
1748988000,2025-06-03 22:00:00,2025-06-04 00:00:00,ringsted,12.725,0.0,3.275,0.0,1004.12,86.5,63.6111
1748991600,2025-06-03 23:00:00,2025-06-04 01:00:00,ringsted,13.375,0.0,3.7,0.0,1003.56,84.75,85.5556
1748995200,2025-06-04 00:00:00,2025-06-04 02:00:00,ringsted,14.075,0.0,3.425,0.0,1003.01,83.0,83.3333
1748998800,2025-06-04 01:00:00,2025-06-04 03:00:00,ringsted,14.525,0.0,3.075,0.0,1002.41,81.5,96.6667
1749002400,2025-06-04 02:00:00,2025-06-04 04:00:00,ringsted,15.075,0.0,3.05,0.0,1001.95,79.5,90.0
1749006000,2025-06-04 03:00:00,2025-06-04 05:00:00,ringsted,14.925,0.5,2.75,0.05,1001.74,81.75,87.2222
1749009600,2025-06-04 04:00:00,2025-06-04 06:00:00,ringsted,14.85,16.5,3.125,0.025,1001.71,82.75,78.0556
1749013200,2025-06-04 05:00:00,2025-06-04 07:00:00,ringsted,15.275,59.0,2.95,0.0,1001.81,81.75,83.0556
1749016800,2025-06-04 06:00:00,2025-06-04 08:00:00,ringsted,16.0,122.5,3.075,0.0,1001.81,80.0,70.5556
1749020400,2025-06-04 07:00:00,2025-06-04 09:00:00,ringsted,16.7,232.5,3.225,0.0,1001.76,75.75,74.4444
1749024000,2025-06-04 08:00:00,2025-06-04 10:00:00,ringsted,17.325,314.0,3.875,0.0,1001.65,70.75,72.5
1749027600,2025-06-04 09:00:00,2025-06-04 11:00:00,ringsted,17.9,395.0,4.5,0.0,1001.72,66.25,79.1667
1749031200,2025-06-04 10:00:00,2025-06-04 12:00:00,ringsted,18.275,406.0,4.975,0.0,1001.62,66.5,82.2222
1749034800,2025-06-04 11:00:00,2025-06-04 13:00:00,ringsted,19.05,583.0,5.325,0.0,1001.38,63.5,50.9375
1749038400,2025-06-04 12:00:00,2025-06-04 14:00:00,ringsted,20.1,743.0,5.575,0.0,1000.86,59.5,26.25
1749042000,2025-06-04 13:00:00,2025-06-04 15:00:00,ringsted,20.7,702.5,5.625,0.0,1000.5,56.5,28.2353
1749045600,2025-06-04 14:00:00,2025-06-04 16:00:00,ringsted,20.525,451.0,5.35,0.0,1000.23,58.25,69.7222
1749049200,2025-06-04 15:00:00,2025-06-04 17:00:00,ringsted,20.0,299.0,5.1,0.025,1000.12,61.5,66.6667
1749052800,2025-06-04 16:00:00,2025-06-04 18:00:00,ringsted,18.45,98.0,4.85,0.125,1000.68,71.25,77.2222
1749056400,2025-06-04 17:00:00,2025-06-04 19:00:00,ringsted,16.1333,49.0,4.46667,1.26667,1001.15,83.6667,89.375
1749060000,2025-06-04 18:00:00,2025-06-04 20:00:00,ringsted,14.675,68.5,4.125,0.175,1001.17,87.75,70.2778
1749063600,2025-06-04 19:00:00,2025-06-04 21:00:00,ringsted,13.95,54.5,2.725,0.0,1001.72,89.75,58.3333
1749067200,2025-06-04 20:00:00,2025-06-04 22:00:00,ringsted,13.5,8.0,2.825,0.0,1002.28,88.75,23.3333
1749070800,2025-06-04 21:00:00,2025-06-04 23:00:00,ringsted,12.5,0.0,2.65,0.0,1002.52,90.25,0.0
1749074400,2025-06-04 22:00:00,2025-06-05 00:00:00,ringsted,11.475,0.0,2.45,0.0,1002.57,90.5,0.0
1749078000,2025-06-04 23:00:00,2025-06-05 01:00:00,ringsted,10.875,0.0,2.125,0.0,1002.97,90.0,0.0
1749081600,2025-06-05 00:00:00,2025-06-05 02:00:00,ringsted,10.175,0.0,1.775,0.0,1003.55,90.75,0.0
1749085200,2025-06-05 01:00:00,2025-06-05 03:00:00,ringsted,8.875,0.0,1.2,0.0,1003.68,95.0,0.0
1749088800,2025-06-05 02:00:00,2025-06-05 04:00:00,ringsted,8.25,0.0,1.05,0.0,1003.91,96.5,0.833333
1749092400,2025-06-05 03:00:00,2025-06-05 05:00:00,ringsted,7.975,0.5,1.125,0.0,1004.12,96.75,26.6667
1749096000,2025-06-05 04:00:00,2025-06-05 06:00:00,ringsted,8.325,40.5,0.85,0.0,1004.36,96.5,6.66667
1749099600,2025-06-05 05:00:00,2025-06-05 07:00:00,ringsted,9.8,129.5,0.775,0.0,1004.56,96.5,41.7647
1749103200,2025-06-05 06:00:00,2025-06-05 08:00:00,ringsted,12.325,219.0,1.275,0.0,1004.55,91.75,37.5
1749106800,2025-06-05 07:00:00,2025-06-05 09:00:00,ringsted,13.625,273.0,2.5,0.0,1004.57,83.25,31.1111
1749110400,2025-06-05 08:00:00,2025-06-05 10:00:00,ringsted,14.55,395.5,3.65,0.0,1004.48,76.5,38.8889
1749114000,2025-06-05 09:00:00,2025-06-05 11:00:00,ringsted,15.625,534.5,4.45,0.0,1004.46,68.5,48.0556
1749117600,2025-06-05 10:00:00,2025-06-05 12:00:00,ringsted,16.4,603.5,4.85,0.0,1004.22,68.25,59.4444
1749121200,2025-06-05 11:00:00,2025-06-05 13:00:00,ringsted,16.9,668.5,5.475,0.0,1004.05,67.75,48.6111
1749124800,2025-06-05 12:00:00,2025-06-05 14:00:00,ringsted,17.575,785.0,5.825,0.0,1003.76,66.5,55.2778
1749128400,2025-06-05 13:00:00,2025-06-05 15:00:00,ringsted,17.825,461.5,5.15,0.0,1003.58,64.25,64.4444
1749132000,2025-06-05 14:00:00,2025-06-05 16:00:00,ringsted,17.6,215.5,5.05,0.025,1003.41,65.25,80.5556
1749135600,2025-06-05 15:00:00,2025-06-05 17:00:00,ringsted,16.7,220.5,3.925,0.15,1003.13,71.75,71.1111
1749139200,2025-06-05 16:00:00,2025-06-05 18:00:00,ringsted,16.875,366.0,3.65,0.0,1002.67,71.25,39.4444
1749142800,2025-06-05 17:00:00,2025-06-05 19:00:00,ringsted,17.1,201.5,3.55,0.0,1002.51,67.0,61.1111
1749146400,2025-06-05 18:00:00,2025-06-05 20:00:00,ringsted,16.175,68.0,3.15,0.0,1002.32,71.5,83.3333
1749150000,2025-06-05 19:00:00,2025-06-05 21:00:00,ringsted,15.05,31.0,2.55,0.05,1002.04,81.0,70.8333
1749153600,2025-06-05 20:00:00,2025-06-05 22:00:00,ringsted,14.375,5.0,3.05,0.0,1001.68,83.25,71.6667
1749157200,2025-06-05 21:00:00,2025-06-05 23:00:00,ringsted,13.675,0.0,2.825,0.0,1001.57,86.0,82.7778
1749160800,2025-06-05 22:00:00,2025-06-06 00:00:00,ringsted,13.525,0.0,3.5,0.0,1001.4,87.25,63.8235
1749164400,2025-06-05 23:00:00,2025-06-06 01:00:00,ringsted,13.175,0.0,3.25,0.0,1001.2,88.0,46.1111
1749168000,2025-06-06 00:00:00,2025-06-06 02:00:00,ringsted,12.45,0.0,3.025,0.0,1000.92,92.25,33.3333
1749171600,2025-06-06 01:00:00,2025-06-06 03:00:00,ringsted,12.15,0.0,2.55,0.0,1000.17,94.75,29.1667
1749175200,2025-06-06 02:00:00,2025-06-06 04:00:00,ringsted,11.55,0.0,2.45,0.0,999.5,96.0,35.3125
1749178800,2025-06-06 03:00:00,2025-06-06 05:00:00,ringsted,11.575,3.5,2.6,0.0,998.662,95.75,27.5
1749182400,2025-06-06 04:00:00,2025-06-06 06:00:00,ringsted,12.275,26.0,2.775,0.0,997.725,95.5,60.2941
1749186000,2025-06-06 05:00:00,2025-06-06 07:00:00,ringsted,13.15,31.5,3.525,0.3,997.013,94.5,78.5294
1749189600,2025-06-06 06:00:00,2025-06-06 08:00:00,ringsted,13.375,51.5,4.175,0.75,995.938,94.5,93.0556
1749193200,2025-06-06 07:00:00,2025-06-06 09:00:00,ringsted,13.4667,55.0,5.3,2.26667,994.978,95.6667,92.2222
1749196800,2025-06-06 08:00:00,2025-06-06 10:00:00,ringsted,13.725,82.5,6.125,2.35,994.792,96.25,83.3333
1749200400,2025-06-06 09:00:00,2025-06-06 11:00:00,ringsted,14.275,88.0,6.375,2.6,995.004,96.0,76.3889
1749204000,2025-06-06 10:00:00,2025-06-06 12:00:00,ringsted,15.4667,499.5,7.36667,0.433333,995.582,89.6667,62.1875
1749207600,2025-06-06 11:00:00,2025-06-06 13:00:00,ringsted,16.2,637.5,8.925,0.325,996.158,80.5,36.5625
1749211200,2025-06-06 12:00:00,2025-06-06 14:00:00,ringsted,16.55,579.0,9.825,0.15,997.013,72.75,52.2222
1749214800,2025-06-06 13:00:00,2025-06-06 15:00:00,ringsted,16.175,320.5,8.825,0.125,997.9,72.5,43.3333
1749218400,2025-06-06 14:00:00,2025-06-06 16:00:00,ringsted,16.65,508.5,9.725,0.0,998.654,70.5,37.6471
1749222000,2025-06-06 15:00:00,2025-06-06 17:00:00,ringsted,16.925,490.0,9.475,0.0,999.35,67.5,46.1538
1749225600,2025-06-06 16:00:00,2025-06-06 18:00:00,ringsted,16.4,320.0,8.15,0.0,999.912,68.25,40.8333
1749229200,2025-06-06 17:00:00,2025-06-06 19:00:00,ringsted,16.15,280.5,8.475,0.0,1000.61,66.75,18.3333
1749232800,2025-06-06 18:00:00,2025-06-06 20:00:00,ringsted,15.6,194.5,7.75,0.0,1001.15,67.5,14.3333
1749236400,2025-06-06 19:00:00,2025-06-06 21:00:00,ringsted,14.775,99.0,6.25,0.0,1001.43,68.75,22.5
1749240000,2025-06-06 20:00:00,2025-06-06 22:00:00,ringsted,13.7,12.0,4.675,0.0,1001.61,73.75,45.5556
1749243600,2025-06-06 21:00:00,2025-06-06 23:00:00,ringsted,13.05,0.0,4.825,0.025,1001.89,78.75,71.9444
1749247200,2025-06-06 22:00:00,2025-06-07 00:00:00,ringsted,13.025,0.0,5.25,0.1,1002.13,82.0,48.3333
1749250800,2025-06-06 23:00:00,2025-06-07 01:00:00,ringsted,12.525,0.0,4.95,0.0,1002.35,84.25,32.7778
1749254400,2025-06-07 00:00:00,2025-06-07 02:00:00,ringsted,11.475,0.0,3.775,0.075,1002.55,88.25,13.125
1749258000,2025-06-07 01:00:00,2025-06-07 03:00:00,ringsted,10.375,0.0,2.85,0.0,1002.72,90.5,3.0
1749261600,2025-06-07 02:00:00,2025-06-07 04:00:00,ringsted,9.425,0.0,2.85,0.0,1002.89,91.5,4.375
1749265200,2025-06-07 03:00:00,2025-06-07 05:00:00,ringsted,9.125,5.0,2.5,0.0,1003.05,92.0,7.35294
1749268800,2025-06-07 04:00:00,2025-06-07 06:00:00,ringsted,9.85,42.0,2.55,0.0,1003.04,90.5,21.9444
1749272400,2025-06-07 05:00:00,2025-06-07 07:00:00,ringsted,11.05,125.5,2.775,0.0,1003.03,87.25,31.6667
1749276000,2025-06-07 06:00:00,2025-06-07 08:00:00,ringsted,11.975,179.5,2.95,0.0,1003.22,84.0,31.9444
1749279600,2025-06-07 07:00:00,2025-06-07 09:00:00,ringsted,13.0,349.5,3.9,0.0,1003.24,78.25,50.5556
1749283200,2025-06-07 08:00:00,2025-06-07 10:00:00,ringsted,13.675,440.0,3.6,0.0,1003.15,73.0,42.5
1749286800,2025-06-07 09:00:00,2025-06-07 11:00:00,ringsted,14.925,733.0,4.175,0.0,1002.96,66.25,42.5
1749290400,2025-06-07 10:00:00,2025-06-07 12:00:00,ringsted,15.7,726.0,4.425,0.0,1002.75,62.25,48.3333
1749294000,2025-06-07 11:00:00,2025-06-07 13:00:00,ringsted,16.125,658.5,4.075,0.0,1002.43,62.0,57.2222
1749297600,2025-06-07 12:00:00,2025-06-07 14:00:00,ringsted,16.225,555.5,3.5,0.0,1001.98,62.0,63.0556
1749301200,2025-06-07 13:00:00,2025-06-07 15:00:00,ringsted,16.05,402.5,3.525,0.0,1001.67,65.0,58.3333
1749304800,2025-06-07 14:00:00,2025-06-07 16:00:00,ringsted,15.475,349.5,3.675,0.025,1001.39,71.0,51.1111
1749308400,2025-06-07 15:00:00,2025-06-07 17:00:00,ringsted,15.3667,378.5,2.93333,0.0666667,1001.24,74.0,64.0
1749312000,2025-06-07 16:00:00,2025-06-07 18:00:00,ringsted,15.0,192.5,2.675,0.0,1001.02,74.25,75.0
1749315600,2025-06-07 17:00:00,2025-06-07 19:00:00,ringsted,14.7,112.0,2.525,0.025,1000.89,75.5,86.6667
1749319200,2025-06-07 18:00:00,2025-06-07 20:00:00,ringsted,14.275,71.0,2.075,0.075,1000.86,79.5,76.1111
1749322800,2025-06-07 19:00:00,2025-06-07 21:00:00,ringsted,13.35,22.0,1.76667,0.0,1000.98,82.5,79.3333
1749326400,2025-06-07 20:00:00,2025-06-07 22:00:00,ringsted,12.7,4.0,1.525,0.1,1000.93,88.5,70.5556
1749330000,2025-06-07 21:00:00,2025-06-07 23:00:00,ringsted,12.325,0.0,1.2,0.0,1001.03,91.75,59.7059
1749333600,2025-06-07 22:00:00,2025-06-08 00:00:00,ringsted,12.0333,0.0,1.46667,0.0,1001.18,93.0,65.3333
1749337200,2025-06-07 23:00:00,2025-06-08 01:00:00,ringsted,11.7,0.0,1.65,0.0,1000.83,93.5,69.4444
1749340800,2025-06-08 00:00:00,2025-06-08 02:00:00,ringsted,11.425,0.0,1.525,0.0,1000.62,94.25,59.4444
1749344400,2025-06-08 01:00:00,2025-06-08 03:00:00,ringsted,11.3,0.0,1.6,0.775,1000.38,95.25,60.5556
1749348000,2025-06-08 02:00:00,2025-06-08 04:00:00,ringsted,10.725,0.0,1.25,0.0,1000.3,96.25,37.7778
1749351600,2025-06-08 03:00:00,2025-06-08 05:00:00,ringsted,10.375,1.0,1.35,0.0,1000.32,96.75,60.8333
1749355200,2025-06-08 04:00:00,2025-06-08 06:00:00,ringsted,10.675,27.5,0.5,0.0,1000.1,96.5,67.2222
1749358800,2025-06-08 05:00:00,2025-06-08 07:00:00,ringsted,11.375,76.5,0.7,0.1,999.867,96.25,53.8889
1749362400,2025-06-08 06:00:00,2025-06-08 08:00:00,ringsted,12.35,117.5,0.575,0.0,999.721,93.0,48.0556
1749366000,2025-06-08 07:00:00,2025-06-08 09:00:00,ringsted,13.025,137.0,1.225,0.0,999.517,88.5,55.2778
1749369600,2025-06-08 08:00:00,2025-06-08 10:00:00,ringsted,13.55,223.5,1.85,0.0,999.375,84.5,66.1111
1749373200,2025-06-08 09:00:00,2025-06-08 11:00:00,ringsted,13.7,188.5,2.25,0.0,999.067,83.0,70.5556
1749376800,2025-06-08 10:00:00,2025-06-08 12:00:00,ringsted,13.6,133.0,2.425,1.125,999.088,84.25,78.3333
1749380400,2025-06-08 11:00:00,2025-06-08 13:00:00,ringsted,12.925,108.0,2.15,2.025,999.192,90.75,91.6667
1749384000,2025-06-08 12:00:00,2025-06-08 14:00:00,ringsted,12.6,133.0,1.925,1.675,999.425,94.0,84.4444
1749387600,2025-06-08 13:00:00,2025-06-08 15:00:00,ringsted,12.525,150.5,1.95,2.05,999.908,93.0,95.5556
1749391200,2025-06-08 14:00:00,2025-06-08 16:00:00,ringsted,12.2,119.0,3.025,1.5,1000.58,93.25,78.3333
1749394800,2025-06-08 15:00:00,2025-06-08 17:00:00,ringsted,12.275,153.0,3.875,0.875,1001.28,93.0,78.6111
1749398400,2025-06-08 16:00:00,2025-06-08 18:00:00,ringsted,12.475,159.0,3.95,0.7,1001.95,91.75,64.7059
1749402000,2025-06-08 17:00:00,2025-06-08 19:00:00,ringsted,12.375,131.5,3.9,0.075,1002.53,90.5,53.6111
1749405600,2025-06-08 18:00:00,2025-06-08 20:00:00,ringsted,12.425,101.5,3.625,0.0,1003.25,89.75,68.8889
1749409200,2025-06-08 19:00:00,2025-06-08 21:00:00,ringsted,12.1,43.5,3.4,0.0,1003.99,86.5,57.7778
1749412800,2025-06-08 20:00:00,2025-06-08 22:00:00,ringsted,11.55,10.5,3.225,0.0,1004.71,91.0,41.3889
1749416400,2025-06-08 21:00:00,2025-06-08 23:00:00,ringsted,11.125,0.0,3.5,0.0,1005.38,91.5,39.3333
1749420000,2025-06-08 22:00:00,2025-06-09 00:00:00,ringsted,10.725,0.0,3.775,0.0,1006.05,90.0,7.91667
1749423600,2025-06-08 23:00:00,2025-06-09 01:00:00,ringsted,10.075,0.0,4.525,0.0,1006.63,86.5,0.0
1749427200,2025-06-09 00:00:00,2025-06-09 02:00:00,ringsted,9.25,0.0,4.225,0.0,1007.14,87.25,1.66667
1749430800,2025-06-09 01:00:00,2025-06-09 03:00:00,ringsted,8.75,0.0,3.975,0.0,1007.61,89.25,7.08333
1749434400,2025-06-09 02:00:00,2025-06-09 04:00:00,ringsted,8.6,0.0,4.05,0.0,1008.0,89.5,6.25
1749438000,2025-06-09 03:00:00,2025-06-09 05:00:00,ringsted,8.5,1.0,4.125,0.0,1008.8,89.5,3.33333
1749441600,2025-06-09 04:00:00,2025-06-09 06:00:00,ringsted,8.875,44.5,4.75,0.0,1009.53,87.0,6.25
1749445200,2025-06-09 05:00:00,2025-06-09 07:00:00,ringsted,9.425,127.5,4.55,0.0,1010.04,84.25,10.8333
1749448800,2025-06-09 06:00:00,2025-06-09 08:00:00,ringsted,10.3,251.0,4.95,0.0,1010.57,81.5,42.1875
1749452400,2025-06-09 07:00:00,2025-06-09 09:00:00,ringsted,11.325,410.0,6.55,0.0,1011.04,75.5,34.4444
1749456000,2025-06-09 08:00:00,2025-06-09 10:00:00,ringsted,12.2,550.0,7.55,0.0,1011.63,68.0,35.8333
1749459600,2025-06-09 09:00:00,2025-06-09 11:00:00,ringsted,13.0,608.5,7.5,0.0,1012.32,64.0,55.0
1749463200,2025-06-09 10:00:00,2025-06-09 12:00:00,ringsted,13.525,680.0,7.15,0.0,1012.76,61.75,55.5556
1749466800,2025-06-09 11:00:00,2025-06-09 13:00:00,ringsted,14.0,642.5,7.0,0.0,1013.02,59.25,56.6667
1749470400,2025-06-09 12:00:00,2025-06-09 14:00:00,ringsted,14.65,759.5,7.425,0.0,1013.38,54.75,64.1667
1749474000,2025-06-09 13:00:00,2025-06-09 15:00:00,ringsted,15.175,739.5,7.625,0.0,1013.67,52.0,61.3889
1749477600,2025-06-09 14:00:00,2025-06-09 16:00:00,ringsted,15.7,683.5,7.5,0.0,1013.96,51.0,19.0
1749481200,2025-06-09 15:00:00,2025-06-09 17:00:00,ringsted,15.7,591.5,7.425,0.0,1014.01,49.75,10.4167
1749484800,2025-06-09 16:00:00,2025-06-09 18:00:00,ringsted,15.575,459.5,6.35,0.0,1013.91,49.0,5.83333
1749488400,2025-06-09 17:00:00,2025-06-09 19:00:00,ringsted,15.15,323.5,5.8,0.0,1013.99,50.0,15.0
1749492000,2025-06-09 18:00:00,2025-06-09 20:00:00,ringsted,14.475,96.0,4.5,0.0,1014.1,55.0,52.6471
1749495600,2025-06-09 19:00:00,2025-06-09 21:00:00,ringsted,13.325,35.5,3.225,0.075,1014.2,65.75,68.3333
1749499200,2025-06-09 20:00:00,2025-06-09 22:00:00,ringsted,12.05,6.0,2.475,0.075,1013.97,78.0,90.8333
1749502800,2025-06-09 21:00:00,2025-06-09 23:00:00,ringsted,11.225,0.0,2.875,0.0,1013.61,85.25,85.0
1749506400,2025-06-09 22:00:00,2025-06-10 00:00:00,ringsted,11.15,0.0,2.6,0.0,1013.33,87.5,59.1667
1749510000,2025-06-09 23:00:00,2025-06-10 01:00:00,ringsted,10.9,0.0,2.4,0.0,1013.16,89.5,40.5556
1749513600,2025-06-10 00:00:00,2025-06-10 02:00:00,ringsted,10.7,0.0,2.275,0.0,1012.78,91.0,65.8333
1749517200,2025-06-10 01:00:00,2025-06-10 03:00:00,ringsted,11.25,0.0,2.675,0.0,1012.05,91.75,68.6111
1749520800,2025-06-10 02:00:00,2025-06-10 04:00:00,ringsted,11.3,0.0,2.45,0.175,1011.42,93.0,70.0
1749524400,2025-06-10 03:00:00,2025-06-10 05:00:00,ringsted,11.4,0.5,2.0,0.0,1010.78,93.5,87.2222
1749528000,2025-06-10 04:00:00,2025-06-10 06:00:00,ringsted,11.65,16.0,1.825,0.1,1010.15,94.25,84.1667
1749531600,2025-06-10 05:00:00,2025-06-10 07:00:00,ringsted,11.9,27.0,2.275,0.6,1009.55,95.25,95.5556
1749535200,2025-06-10 06:00:00,2025-06-10 08:00:00,ringsted,12.275,89.0,3.65,0.8,1008.92,95.25,84.4444
1749538800,2025-06-10 07:00:00,2025-06-10 09:00:00,ringsted,12.625,133.5,4.45,0.275,1008.28,93.25,82.7778
1749542400,2025-06-10 08:00:00,2025-06-10 10:00:00,ringsted,12.75,149.5,4.725,0.25,1007.63,91.25,92.7778
1749546000,2025-06-10 09:00:00,2025-06-10 11:00:00,ringsted,12.825,185.5,4.6,0.55,1006.87,90.5,90.0
1749549600,2025-06-10 10:00:00,2025-06-10 12:00:00,ringsted,12.725,158.5,4.575,0.525,1006.12,91.75,95.5556
1749553200,2025-06-10 11:00:00,2025-06-10 13:00:00,ringsted,12.6,103.0,3.875,0.925,1005.29,93.75,96.6667
1749556800,2025-06-10 12:00:00,2025-06-10 14:00:00,ringsted,12.825,143.0,4.025,1.475,1004.59,94.25,85.5556
1749560400,2025-06-10 13:00:00,2025-06-10 15:00:00,ringsted,13.35,198.5,4.925,0.6,1004.08,92.75,92.2222
1749564000,2025-06-10 14:00:00,2025-06-10 16:00:00,ringsted,13.55,211.0,4.6,0.6,1003.42,91.25,92.7778
1749567600,2025-06-10 15:00:00,2025-06-10 17:00:00,ringsted,13.075,105.5,4.55,1.0,1002.75,92.5,95.5556
1749571200,2025-06-10 16:00:00,2025-06-10 18:00:00,ringsted,12.75,67.5,4.05,1.65,1002.23,95.75,96.6667
1749574800,2025-06-10 17:00:00,2025-06-10 19:00:00,ringsted,12.95,67.0,3.825,1.4,1001.73,96.75,96.6667
1749578400,2025-06-10 18:00:00,2025-06-10 20:00:00,ringsted,13.375,51.5,3.675,0.35,1001.66,97.0,96.6667
1749582000,2025-06-10 19:00:00,2025-06-10 21:00:00,ringsted,13.7,32.0,3.15,0.05,1002.13,96.5,91.6667
1749585600,2025-06-10 20:00:00,2025-06-10 22:00:00,ringsted,13.7,2.5,3.15,0.125,1002.85,96.0,93.8889
1749589200,2025-06-10 21:00:00,2025-06-10 23:00:00,ringsted,13.5,0.0,3.7,1.375,1003.65,96.0,68.0556
1749592800,2025-06-10 22:00:00,2025-06-11 00:00:00,ringsted,12.825,0.0,4.975,0.1,1004.65,93.75,78.8889
1749596400,2025-06-10 23:00:00,2025-06-11 01:00:00,ringsted,12.1,0.0,5.45,0.075,1005.71,92.75,59.1667
1749600000,2025-06-11 00:00:00,2025-06-11 02:00:00,ringsted,11.65,0.0,5.475,0.0,1006.68,92.5,77.5
1749603600,2025-06-11 01:00:00,2025-06-11 03:00:00,ringsted,11.375,0.0,4.925,0.0,1007.48,91.5,65.2778
1749607200,2025-06-11 02:00:00,2025-06-11 04:00:00,ringsted,11.1,0.0,4.675,0.0,1008.24,91.25,63.0556
1749610800,2025-06-11 03:00:00,2025-06-11 05:00:00,ringsted,11.075,1.5,4.875,0.0,1009.18,90.25,60.2778
1749614400,2025-06-11 04:00:00,2025-06-11 06:00:00,ringsted,11.075,33.0,4.6,0.0,1010.1,91.0,58.8462
1749618000,2025-06-11 05:00:00,2025-06-11 07:00:00,ringsted,11.275,112.5,4.575,0.0,1010.89,90.0,83.0556
1749621600,2025-06-11 06:00:00,2025-06-11 08:00:00,ringsted,11.775,156.0,5.125,0.0,1011.67,87.25,91.6667
1749625200,2025-06-11 07:00:00,2025-06-11 09:00:00,ringsted,12.125,250.5,5.75,0.0,1012.28,83.5,67.5
1749628800,2025-06-11 08:00:00,2025-06-11 10:00:00,ringsted,12.9,463.0,6.5,0.0,1012.86,78.0,55.0
1749632400,2025-06-11 09:00:00,2025-06-11 11:00:00,ringsted,13.65,651.0,6.85,0.0,1013.35,73.5,34.1667
1749636000,2025-06-11 10:00:00,2025-06-11 12:00:00,ringsted,14.575,775.5,6.65,0.0,1013.72,68.5,21.1765
1749639600,2025-06-11 11:00:00,2025-06-11 13:00:00,ringsted,15.425,862.0,6.525,0.0,1014.31,64.0,22.0833
1749643200,2025-06-11 12:00:00,2025-06-11 14:00:00,ringsted,16.175,855.5,6.725,0.0,1014.63,60.25,16.6667
1749646800,2025-06-11 13:00:00,2025-06-11 15:00:00,ringsted,16.85,825.0,6.825,0.0,1014.85,57.25,7.08333
1749650400,2025-06-11 14:00:00,2025-06-11 16:00:00,ringsted,17.375,694.5,6.9,0.0,1014.97,54.5,7.5
1749654000,2025-06-11 15:00:00,2025-06-11 17:00:00,ringsted,17.5,657.5,6.35,0.0,1015.2,53.0,5.83333
1749657600,2025-06-11 16:00:00,2025-06-11 18:00:00,ringsted,17.225,524.5,6.175,0.0,1015.56,53.0,6.66667
1749661200,2025-06-11 17:00:00,2025-06-11 19:00:00,ringsted,16.825,380.5,5.6,0.0,1016.0,54.75,5.41667
1749664800,2025-06-11 18:00:00,2025-06-11 20:00:00,ringsted,16.15,228.5,4.775,0.0,1016.48,57.25,0.833333
1749668400,2025-06-11 19:00:00,2025-06-11 21:00:00,ringsted,15.0,102.5,3.5,0.0,1017.08,62.5,0.0
1749672000,2025-06-11 20:00:00,2025-06-11 22:00:00,ringsted,13.175,18.5,2.2,0.0,1017.42,70.0,0.0
1749675600,2025-06-11 21:00:00,2025-06-11 23:00:00,ringsted,11.0,0.0,1.35,0.0,1017.83,79.5,0.0
1749679200,2025-06-11 22:00:00,2025-06-12 00:00:00,ringsted,9.7,0.0,1.275,0.0,1018.29,85.25,0.0
1749682800,2025-06-11 23:00:00,2025-06-12 01:00:00,ringsted,9.05,0.0,1.85,0.0,1018.6,88.0,0.0
1749686400,2025-06-12 00:00:00,2025-06-12 02:00:00,ringsted,8.725,0.0,1.825,0.0,1018.84,89.5,0.0
1749690000,2025-06-12 01:00:00,2025-06-12 03:00:00,ringsted,8.55,0.0,1.525,0.05,1019.08,89.75,0.0
1749693600,2025-06-12 02:00:00,2025-06-12 04:00:00,ringsted,7.55,0.0,1.275,0.0,1019.34,93.0,0.0
1749697200,2025-06-12 03:00:00,2025-06-12 05:00:00,ringsted,6.825,3.5,1.4,0.0,1019.42,95.25,0.0
1749700800,2025-06-12 04:00:00,2025-06-12 06:00:00,ringsted,7.525,50.0,1.175,0.0,1019.78,95.25,0.833333
1749704400,2025-06-12 05:00:00,2025-06-12 07:00:00,ringsted,9.65,162.5,0.775,0.0,1020.18,92.25,0.0
1749708000,2025-06-12 06:00:00,2025-06-12 08:00:00,ringsted,12.2,298.5,1.4,0.0,1020.41,85.75,0.0
1749711600,2025-06-12 07:00:00,2025-06-12 09:00:00,ringsted,14.35,442.5,1.0,0.0,1020.72,77.0,0.0
1749715200,2025-06-12 08:00:00,2025-06-12 10:00:00,ringsted,16.35,577.5,1.2,0.0,1021.04,61.75,0.0
1749718800,2025-06-12 09:00:00,2025-06-12 11:00:00,ringsted,17.45,690.0,2.05,0.0,1021.26,54.0,0.769231
1749722400,2025-06-12 10:00:00,2025-06-12 12:00:00,ringsted,18.175,783.0,2.825,0.0,1021.32,50.75,1.66667
1749726000,2025-06-12 11:00:00,2025-06-12 13:00:00,ringsted,18.5,777.0,3.025,0.0,1021.49,51.0,0.833333
1749729600,2025-06-12 12:00:00,2025-06-12 14:00:00,ringsted,19.0,818.0,2.875,0.0,1021.49,47.75,0.0
1749733200,2025-06-12 13:00:00,2025-06-12 15:00:00,ringsted,19.25,811.5,3.025,0.0,1021.35,46.25,2.5
1749736800,2025-06-12 14:00:00,2025-06-12 16:00:00,ringsted,19.375,712.0,3.175,0.0,1021.3,45.0,0.0
1749740400,2025-06-12 15:00:00,2025-06-12 17:00:00,ringsted,19.425,644.5,3.25,0.0,1021.22,43.75,0.0
1749744000,2025-06-12 16:00:00,2025-06-12 18:00:00,ringsted,19.3,517.0,2.75,0.0,1021.08,41.75,0.0
1749747600,2025-06-12 17:00:00,2025-06-12 19:00:00,ringsted,19.025,380.0,2.6,0.0,1021.07,41.25,0.0
1749751200,2025-06-12 18:00:00,2025-06-12 20:00:00,ringsted,18.35,232.5,2.275,0.0,1021.26,43.75,0.0
1749754800,2025-06-12 19:00:00,2025-06-12 21:00:00,ringsted,16.7667,109.5,1.83333,0.0,1021.81,53.6667,0.0
1749758400,2025-06-12 20:00:00,2025-06-12 22:00:00,ringsted,14.575,19.0,1.7,0.0,1022.37,61.75,0.0
1749762000,2025-06-12 21:00:00,2025-06-12 23:00:00,ringsted,12.4,0.0,1.575,0.0,1022.68,70.25,0.0
1749765600,2025-06-12 22:00:00,2025-06-13 00:00:00,ringsted,11.2,0.0,1.1,0.0,1022.73,75.5,0.0
1749769200,2025-06-12 23:00:00,2025-06-13 01:00:00,ringsted,10.55,0.0,1.15,0.0,1023.08,78.0,0.0
1749772800,2025-06-13 00:00:00,2025-06-13 02:00:00,ringsted,10.15,0.0,1.925,0.0,1023.45,80.5,0.0
1749776400,2025-06-13 01:00:00,2025-06-13 03:00:00,ringsted,10.025,0.0,2.425,0.0,1023.59,83.25,0.0
1749780000,2025-06-13 02:00:00,2025-06-13 04:00:00,ringsted,10.125,0.0,2.275,0.0,1023.89,85.75,0.0
1749783600,2025-06-13 03:00:00,2025-06-13 05:00:00,ringsted,10.475,2.5,2.375,0.0,1024.28,82.75,0.0
1749787200,2025-06-13 04:00:00,2025-06-13 06:00:00,ringsted,10.725,54.5,2.425,0.0,1024.38,82.5,0.0
1749790800,2025-06-13 05:00:00,2025-06-13 07:00:00,ringsted,12.35,166.5,2.425,0.0,1024.55,80.25,0.0
1749794400,2025-06-13 06:00:00,2025-06-13 08:00:00,ringsted,14.2,308.0,3.225,0.0,1024.98,70.0,0.0
1749798000,2025-06-13 07:00:00,2025-06-13 09:00:00,ringsted,15.7,457.0,4.825,0.0,1025.34,55.0,0.0
1749801600,2025-06-13 08:00:00,2025-06-13 10:00:00,ringsted,16.75,593.0,5.575,0.0,1025.75,47.5,0.0
1749805200,2025-06-13 09:00:00,2025-06-13 11:00:00,ringsted,17.325,707.0,5.725,0.0,1025.85,48.25,1.42857
1749808800,2025-06-13 10:00:00,2025-06-13 12:00:00,ringsted,17.375,793.5,6.275,0.0,1025.73,48.75,0.0
1749812400,2025-06-13 11:00:00,2025-06-13 13:00:00,ringsted,17.425,844.5,6.575,0.0,1025.61,49.5,0.0
1749816000,2025-06-13 12:00:00,2025-06-13 14:00:00,ringsted,17.275,845.0,6.7,0.0,1025.39,50.0,0.0
1749819600,2025-06-13 13:00:00,2025-06-13 15:00:00,ringsted,17.075,823.5,6.6,0.0,1025.21,51.5,0.0
1749823200,2025-06-13 14:00:00,2025-06-13 16:00:00,ringsted,16.95,757.0,6.625,0.0,1025.0,53.0,0.0
1749826800,2025-06-13 15:00:00,2025-06-13 17:00:00,ringsted,16.7,644.0,6.725,0.0,1024.49,53.25,0.0
1749830400,2025-06-13 16:00:00,2025-06-13 18:00:00,ringsted,16.35,518.5,6.45,0.0,1024.07,53.25,0.0
1749834000,2025-06-13 17:00:00,2025-06-13 19:00:00,ringsted,15.7,334.5,6.125,0.0,1023.87,55.25,0.0
1749837600,2025-06-13 18:00:00,2025-06-13 20:00:00,ringsted,14.95,236.5,5.05,0.0,1023.67,60.75,0.0
1749841200,2025-06-13 19:00:00,2025-06-13 21:00:00,ringsted,14.2,117.0,4.3,0.0,1023.48,65.3333,0.0
1749844800,2025-06-13 20:00:00,2025-06-13 22:00:00,ringsted,12.625,25.0,3.525,0.0,1023.33,73.75,0.0
1749848400,2025-06-13 21:00:00,2025-06-13 23:00:00,ringsted,11.575,0.5,3.35,0.0,1023.13,81.25,0.0
1749852000,2025-06-13 22:00:00,2025-06-14 00:00:00,ringsted,11.325,0.0,3.5,0.0,1022.8,84.0,0.0
1749855600,2025-06-13 23:00:00,2025-06-14 01:00:00,ringsted,11.2,0.0,3.35,0.0,1022.56,84.0,0.0
1749859200,2025-06-14 00:00:00,2025-06-14 02:00:00,ringsted,11.05,0.0,3.225,0.0,1022.3,84.75,0.0
1749862800,2025-06-14 01:00:00,2025-06-14 03:00:00,ringsted,10.925,0.0,3.525,0.0,1022.14,85.75,0.0
1749866400,2025-06-14 02:00:00,2025-06-14 04:00:00,ringsted,10.875,0.0,3.275,0.0,1022.02,87.25,0.0
1749870000,2025-06-14 03:00:00,2025-06-14 05:00:00,ringsted,11.0,3.0,3.275,0.0,1021.73,88.75,0.0
1749873600,2025-06-14 04:00:00,2025-06-14 06:00:00,ringsted,12.0,53.0,3.45,0.0,1021.25,87.5,0.0
1749877200,2025-06-14 05:00:00,2025-06-14 07:00:00,ringsted,13.575,160.5,3.95,0.0,1021.14,83.75,0.0
1749880800,2025-06-14 06:00:00,2025-06-14 08:00:00,ringsted,15.075,295.5,4.625,0.0,1021.12,80.5,0.833333
1749884400,2025-06-14 07:00:00,2025-06-14 09:00:00,ringsted,16.275,437.0,4.975,0.0,1020.96,78.5,5.0
1749888000,2025-06-14 08:00:00,2025-06-14 10:00:00,ringsted,17.275,550.0,5.25,0.0,1020.38,76.5,2.0
1749891600,2025-06-14 09:00:00,2025-06-14 11:00:00,ringsted,18.15,685.5,5.675,0.0,1019.78,74.5,4.0
1749895200,2025-06-14 10:00:00,2025-06-14 12:00:00,ringsted,18.75,772.5,6.275,0.0,1019.54,72.75,0.769231
1749898800,2025-06-14 11:00:00,2025-06-14 13:00:00,ringsted,19.15,822.5,6.675,0.0,1019.21,70.5,0.0
1749902400,2025-06-14 12:00:00,2025-06-14 14:00:00,ringsted,19.4,836.0,6.7,0.0,1018.77,68.25,0.833333
1749906000,2025-06-14 13:00:00,2025-06-14 15:00:00,ringsted,19.35,801.0,7.125,0.0,1018.16,67.75,2.5
1749909600,2025-06-14 14:00:00,2025-06-14 16:00:00,ringsted,19.1,735.0,7.325,0.0,1017.74,67.25,5.0
1749913200,2025-06-14 15:00:00,2025-06-14 17:00:00,ringsted,18.75,636.0,7.525,0.0,1017.55,63.25,10.0
1749916800,2025-06-14 16:00:00,2025-06-14 18:00:00,ringsted,18.5,512.0,6.95,0.0,1017.11,61.25,0.0
1749920400,2025-06-14 17:00:00,2025-06-14 19:00:00,ringsted,17.9,360.5,6.625,0.0,1016.8,61.0,0.0
1749924000,2025-06-14 18:00:00,2025-06-14 20:00:00,ringsted,17.125,220.5,6.075,0.0,1016.51,63.0,0.0
1749927600,2025-06-14 19:00:00,2025-06-14 21:00:00,ringsted,16.075,92.5,5.275,0.0,1016.4,66.6667,0.0
1749931200,2025-06-14 20:00:00,2025-06-14 22:00:00,ringsted,14.75,15.0,4.825,0.0,1016.43,74.5,2.5
1749934800,2025-06-14 21:00:00,2025-06-14 23:00:00,ringsted,13.825,0.0,4.3,0.0,1016.29,78.75,0.0
1749938400,2025-06-14 22:00:00,2025-06-15 00:00:00,ringsted,13.525,0.0,4.45,0.0,1015.82,77.5,0.0
1749942000,2025-06-14 23:00:00,2025-06-15 01:00:00,ringsted,13.2,0.0,4.1,0.0,1015.34,79.5,0.0
1749945600,2025-06-15 00:00:00,2025-06-15 02:00:00,ringsted,12.775,0.0,3.65,0.0,1014.95,83.5,4.61538
1749949200,2025-06-15 01:00:00,2025-06-15 03:00:00,ringsted,12.425,0.0,3.15,0.0,1014.53,87.5,15.8333
1749952800,2025-06-15 02:00:00,2025-06-15 04:00:00,ringsted,12.225,0.0,2.7,0.0,1014.02,89.75,3.66667
1749956400,2025-06-15 03:00:00,2025-06-15 05:00:00,ringsted,12.05,4.0,2.375,0.0,1013.5,91.75,10.8824
1749960000,2025-06-15 04:00:00,2025-06-15 06:00:00,ringsted,13.25,61.0,2.75,0.0,1013.4,90.0,20.5882
1749963600,2025-06-15 05:00:00,2025-06-15 07:00:00,ringsted,14.9,134.0,2.875,0.0,1013.26,86.5,23.6111
1749967200,2025-06-15 06:00:00,2025-06-15 08:00:00,ringsted,17.0,235.0,3.075,0.0,1013.07,80.5,35.5556
1749970800,2025-06-15 07:00:00,2025-06-15 09:00:00,ringsted,18.775,425.0,2.875,0.0,1012.8,74.75,38.3333
1749974400,2025-06-15 08:00:00,2025-06-15 10:00:00,ringsted,19.125,272.0,2.825,0.0,1012.84,75.0,42.5
1749978000,2025-06-15 09:00:00,2025-06-15 11:00:00,ringsted,19.075,259.5,2.875,0.0,1012.88,74.5,50.0
1749981600,2025-06-15 10:00:00,2025-06-15 12:00:00,ringsted,20.1,548.0,2.75,0.0,1012.61,72.5,23.125
1749985200,2025-06-15 11:00:00,2025-06-15 13:00:00,ringsted,21.625,606.5,2.25,0.0,1012.36,68.0,18.75
1749988800,2025-06-15 12:00:00,2025-06-15 14:00:00,ringsted,22.45,552.5,2.425,0.0,1012.04,67.75,7.8125
1749992400,2025-06-15 13:00:00,2025-06-15 15:00:00,ringsted,22.75,725.0,3.05,0.0,1011.94,68.25,11.7647
1749996000,2025-06-15 14:00:00,2025-06-15 16:00:00,ringsted,22.575,538.0,3.225,0.0,1011.9,69.25,23.5294
1749999600,2025-06-15 15:00:00,2025-06-15 17:00:00,ringsted,22.425,419.0,3.125,0.0,1011.98,71.25,63.6111
1750003200,2025-06-15 16:00:00,2025-06-15 18:00:00,ringsted,21.625,250.0,4.025,0.0,1012.04,67.75,93.8889
1750006800,2025-06-15 17:00:00,2025-06-15 19:00:00,ringsted,19.7,74.0,4.25,0.225,1012.3,73.25,93.3333
1750010400,2025-06-15 18:00:00,2025-06-15 20:00:00,ringsted,17.65,34.0,3.775,0.45,1012.75,81.0,56.9444
1750014000,2025-06-15 19:00:00,2025-06-15 21:00:00,ringsted,15.225,7.5,3.0,0.825,1013.25,93.25,93.8889
1750017600,2025-06-15 20:00:00,2025-06-15 22:00:00,ringsted,14.925,0.5,2.6,0.3,1013.66,95.25,73.8889
1750021200,2025-06-15 21:00:00,2025-06-15 23:00:00,ringsted,15.125,0.0,2.45,0.275,1013.73,96.75,67.2222
1750024800,2025-06-15 22:00:00,2025-06-16 00:00:00,ringsted,15.375,0.0,2.225,0.55,1013.66,97.25,71.6667
1750028400,2025-06-15 23:00:00,2025-06-16 01:00:00,ringsted,15.5,0.0,2.975,0.525,1013.72,96.75,83.3333
1750032000,2025-06-16 00:00:00,2025-06-16 02:00:00,ringsted,15.3,0.0,3.525,0.075,1013.84,95.25,78.8889
1750035600,2025-06-16 01:00:00,2025-06-16 03:00:00,ringsted,14.975,0.0,3.55,0.0,1014.08,95.0,70.5556
1750039200,2025-06-16 02:00:00,2025-06-16 04:00:00,ringsted,14.2,0.0,3.925,0.0,1014.35,94.0,59.4444
1750042800,2025-06-16 03:00:00,2025-06-16 05:00:00,ringsted,13.35,1.0,3.6,0.0,1014.65,94.75,26.6667
1750046400,2025-06-16 04:00:00,2025-06-16 06:00:00,ringsted,12.925,29.0,3.05,0.0,1015.05,95.75,84.1667
1750050000,2025-06-16 05:00:00,2025-06-16 07:00:00,ringsted,13.3,62.0,3.375,0.0,1015.41,95.25,88.6111
1750053600,2025-06-16 06:00:00,2025-06-16 08:00:00,ringsted,13.925,72.0,4.325,0.0,1015.97,92.5,73.3333
1750057200,2025-06-16 07:00:00,2025-06-16 09:00:00,ringsted,14.225,199.0,5.0,0.0,1016.51,88.75,64.1667
1750060800,2025-06-16 08:00:00,2025-06-16 10:00:00,ringsted,15.1,352.0,5.85,0.0,1016.88,81.5,68.8889
1750064400,2025-06-16 09:00:00,2025-06-16 11:00:00,ringsted,15.6,479.5,5.9,0.0,1017.13,78.25,66.6667
1750068000,2025-06-16 10:00:00,2025-06-16 12:00:00,ringsted,16.55,557.5,5.925,0.0,1017.14,74.0,64.1667
1750071600,2025-06-16 11:00:00,2025-06-16 13:00:00,ringsted,17.55,581.5,5.8,0.0,1017.25,70.75,66.9444
1750075200,2025-06-16 12:00:00,2025-06-16 14:00:00,ringsted,18.425,570.0,6.225,0.0,1017.14,67.0,60.0
1750078800,2025-06-16 13:00:00,2025-06-16 15:00:00,ringsted,19.225,622.5,6.5,0.0,1017.05,65.0,50.2778
1750082400,2025-06-16 14:00:00,2025-06-16 16:00:00,ringsted,19.85,740.5,6.775,0.0,1016.9,63.5,56.9444
1750086000,2025-06-16 15:00:00,2025-06-16 17:00:00,ringsted,20.15,569.5,6.85,0.0,1016.87,61.75,65.8333
1750089600,2025-06-16 16:00:00,2025-06-16 18:00:00,ringsted,19.825,345.0,6.475,0.0,1016.92,64.5,35.8333
1750093200,2025-06-16 17:00:00,2025-06-16 19:00:00,ringsted,19.275,295.0,6.675,0.0,1017.22,68.0,15.3125
1750096800,2025-06-16 18:00:00,2025-06-16 20:00:00,ringsted,18.2,142.5,5.7,0.0,1017.47,72.0,33.5714
1750100400,2025-06-16 19:00:00,2025-06-16 21:00:00,ringsted,17.2,79.0,5.23333,0.0,1017.81,76.3333,29.1667
1750104000,2025-06-16 20:00:00,2025-06-16 22:00:00,ringsted,16.225,15.0,4.875,0.0,1018.42,78.0,4.64286
1750107600,2025-06-16 21:00:00,2025-06-16 23:00:00,ringsted,15.025,0.0,4.425,0.0,1018.85,82.0,25.0
1750111200,2025-06-16 22:00:00,2025-06-17 00:00:00,ringsted,14.3,0.0,3.775,0.0,1018.98,86.25,18.5294
1750114800,2025-06-16 23:00:00,2025-06-17 01:00:00,ringsted,13.7,0.0,3.725,0.0,1019.03,90.5,10.0
1750118400,2025-06-17 00:00:00,2025-06-17 02:00:00,ringsted,13.325,0.0,3.525,0.0,1019.08,91.75,11.6667
1750122000,2025-06-17 01:00:00,2025-06-17 03:00:00,ringsted,13.1,0.0,3.6,0.0,1019.08,92.5,31.9444
1750125600,2025-06-17 02:00:00,2025-06-17 04:00:00,ringsted,12.875,0.0,4.0,0.0,1019.06,92.5,26.1538
1750129200,2025-06-17 03:00:00,2025-06-17 05:00:00,ringsted,12.625,2.5,3.9,0.0,1019.05,92.25,38.75
1750132800,2025-06-17 04:00:00,2025-06-17 06:00:00,ringsted,12.55,32.5,3.275,0.0,1019.15,93.0,48.0
1750136400,2025-06-17 05:00:00,2025-06-17 07:00:00,ringsted,13.05,73.0,3.575,0.0,1019.1,92.0,39.4444
1750140000,2025-06-17 06:00:00,2025-06-17 08:00:00,ringsted,14.0,197.0,4.05,0.0,1019.11,88.5,26.3889
1750143600,2025-06-17 07:00:00,2025-06-17 09:00:00,ringsted,15.625,398.5,4.35,0.0,1019.26,82.75,3.33333
1750147200,2025-06-17 08:00:00,2025-06-17 10:00:00,ringsted,17.1,500.0,4.275,0.0,1019.17,77.0,8.125
1750150800,2025-06-17 09:00:00,2025-06-17 11:00:00,ringsted,18.3,652.5,4.5,0.0,1019.24,73.5,1.53846
1750154400,2025-06-17 10:00:00,2025-06-17 12:00:00,ringsted,19.275,688.5,4.9,0.0,1018.84,69.5,8.75
1750158000,2025-06-17 11:00:00,2025-06-17 13:00:00,ringsted,20.2,792.0,5.125,0.0,1018.53,66.75,2.30769
1750161600,2025-06-17 12:00:00,2025-06-17 14:00:00,ringsted,20.75,797.0,5.875,0.0,1018.16,65.25,1.66667
1750165200,2025-06-17 13:00:00,2025-06-17 15:00:00,ringsted,21.1,753.5,6.125,0.0,1017.79,65.5,12.3333
1750168800,2025-06-17 14:00:00,2025-06-17 16:00:00,ringsted,21.45,726.0,6.475,0.0,1017.47,64.0,7.5
1750172400,2025-06-17 15:00:00,2025-06-17 17:00:00,ringsted,21.325,482.5,6.175,0.0,1017.0,63.75,10.8333
1750176000,2025-06-17 16:00:00,2025-06-17 18:00:00,ringsted,20.925,285.5,5.5,0.0,1016.39,64.75,12.5
1750179600,2025-06-17 17:00:00,2025-06-17 19:00:00,ringsted,20.75,252.0,5.4,0.0,1016.0,67.5,33.8889
1750183200,2025-06-17 18:00:00,2025-06-17 20:00:00,ringsted,20.3,150.0,4.925,0.0,1015.68,71.0,7.66667
1750186800,2025-06-17 19:00:00,2025-06-17 21:00:00,ringsted,19.4,67.0,4.45,0.0,1015.34,74.5,17.8125
1750190400,2025-06-17 20:00:00,2025-06-17 22:00:00,ringsted,18.1,11.0,3.825,0.0,1015.36,81.25,35.3333
1750194000,2025-06-17 21:00:00,2025-06-17 23:00:00,ringsted,17.15,0.0,3.575,0.0,1015.1,84.5,43.0
1750197600,2025-06-17 22:00:00,2025-06-18 00:00:00,ringsted,16.675,0.0,3.8,0.0,1015.0,85.0,56.5625
1750201200,2025-06-17 23:00:00,2025-06-18 01:00:00,ringsted,16.325,0.0,4.225,0.0,1014.47,83.25,47.6923
1750204800,2025-06-18 00:00:00,2025-06-18 02:00:00,ringsted,15.525,0.0,4.25,0.0,1014.24,85.0,58.6667
1750208400,2025-06-18 01:00:00,2025-06-18 03:00:00,ringsted,14.925,0.0,4.375,0.0,1014.11,87.5,45.0
1750212000,2025-06-18 02:00:00,2025-06-18 04:00:00,ringsted,14.5,0.0,4.075,0.0,1013.96,90.25,65.2778
1750215600,2025-06-18 03:00:00,2025-06-18 05:00:00,ringsted,14.55,0.5,4.375,0.0,1013.97,90.0,68.8889
1750219200,2025-06-18 04:00:00,2025-06-18 06:00:00,ringsted,14.75,8.0,4.55,0.0,1014.06,88.75,70.0
1750222800,2025-06-18 05:00:00,2025-06-18 07:00:00,ringsted,15.05,53.0,4.725,0.0,1014.24,87.75,63.3333
1750226400,2025-06-18 06:00:00,2025-06-18 08:00:00,ringsted,15.575,135.0,5.275,0.0,1014.45,85.0,52.7778
1750230000,2025-06-18 07:00:00,2025-06-18 09:00:00,ringsted,16.375,352.5,6.325,0.0,1014.67,76.5,31.1111
1750233600,2025-06-18 08:00:00,2025-06-18 10:00:00,ringsted,17.15,504.5,6.05,0.0,1014.85,70.5,28.3333
1750237200,2025-06-18 09:00:00,2025-06-18 11:00:00,ringsted,17.825,568.5,5.95,0.0,1015.2,66.0,28.6111
1750240800,2025-06-18 10:00:00,2025-06-18 12:00:00,ringsted,18.775,757.0,5.425,0.0,1015.27,61.25,33.6111
1750244400,2025-06-18 11:00:00,2025-06-18 13:00:00,ringsted,19.325,665.0,5.35,0.0,1015.44,59.75,52.2222
1750248000,2025-06-18 12:00:00,2025-06-18 14:00:00,ringsted,19.75,774.0,5.6,0.0,1015.41,61.0,50.2778
1750251600,2025-06-18 13:00:00,2025-06-18 15:00:00,ringsted,20.1,663.5,6.1,0.0,1015.15,62.25,56.1111
1750255200,2025-06-18 14:00:00,2025-06-18 16:00:00,ringsted,20.3,588.5,6.025,0.0,1014.92,61.0,42.7778
1750258800,2025-06-18 15:00:00,2025-06-18 17:00:00,ringsted,20.525,525.5,6.45,0.0,1014.62,60.5,47.5
1750262400,2025-06-18 16:00:00,2025-06-18 18:00:00,ringsted,20.225,336.0,6.175,0.0,1014.2,62.25,42.7778
1750266000,2025-06-18 17:00:00,2025-06-18 19:00:00,ringsted,19.975,320.5,6.2,0.0,1014.15,61.25,22.2222
1750269600,2025-06-18 18:00:00,2025-06-18 20:00:00,ringsted,19.1,201.0,6.53333,0.0,1014.33,58.25,17.2222
1750273200,2025-06-18 19:00:00,2025-06-18 21:00:00,ringsted,17.6,120.5,5.75,0.0,1014.69,58.75,11.3333
1750276800,2025-06-18 20:00:00,2025-06-18 22:00:00,ringsted,15.875,19.0,4.95,0.0,1014.99,65.75,27.3077
1750280400,2025-06-18 21:00:00,2025-06-18 23:00:00,ringsted,14.7,0.5,4.35,0.0,1015.07,71.25,60.6667
1750284000,2025-06-18 22:00:00,2025-06-19 00:00:00,ringsted,13.825,0.0,3.875,0.0,1015.06,72.5,95.0
1750287600,2025-06-18 23:00:00,2025-06-19 01:00:00,ringsted,13.65,0.0,4.5,0.0,1015.2,71.0,92.2222
1750291200,2025-06-19 00:00:00,2025-06-19 02:00:00,ringsted,13.375,0.0,4.825,0.0,1015.18,70.25,83.0556
1750294800,2025-06-19 01:00:00,2025-06-19 03:00:00,ringsted,12.9,0.0,4.975,0.0,1015.15,76.0,81.3889
1750298400,2025-06-19 02:00:00,2025-06-19 04:00:00,ringsted,12.775,0.0,5.25,0.0,1015.14,81.75,73.0556
1750302000,2025-06-19 03:00:00,2025-06-19 05:00:00,ringsted,12.85,2.5,5.9,0.0,1015.32,80.5,55.2778
1750305600,2025-06-19 04:00:00,2025-06-19 06:00:00,ringsted,12.575,55.0,5.775,0.0,1015.45,77.75,13.6111
1750309200,2025-06-19 05:00:00,2025-06-19 07:00:00,ringsted,12.825,164.0,6.25,0.0,1015.43,75.25,25.3846
1750312800,2025-06-19 06:00:00,2025-06-19 08:00:00,ringsted,13.6,298.0,7.275,0.0,1015.57,72.5,30.0
1750316400,2025-06-19 07:00:00,2025-06-19 09:00:00,ringsted,14.35,419.5,8.35,0.0,1016.02,68.5,43.0556
1750320000,2025-06-19 08:00:00,2025-06-19 10:00:00,ringsted,15.0,465.5,8.5,0.0,1016.33,64.5,54.7222
1750323600,2025-06-19 09:00:00,2025-06-19 11:00:00,ringsted,15.2,503.0,8.525,0.0,1016.84,63.0,58.0556
1750327200,2025-06-19 10:00:00,2025-06-19 12:00:00,ringsted,15.9,574.5,8.025,0.0,1017.29,61.0,61.1111
1750330800,2025-06-19 11:00:00,2025-06-19 13:00:00,ringsted,16.475,713.0,7.725,0.0,1017.73,57.5,42.7778
1750334400,2025-06-19 12:00:00,2025-06-19 14:00:00,ringsted,17.225,797.0,7.9,0.0,1018.1,54.5,59.1667
1750338000,2025-06-19 13:00:00,2025-06-19 15:00:00,ringsted,17.7,756.0,7.325,0.0,1018.34,53.25,52.2222
1750341600,2025-06-19 14:00:00,2025-06-19 16:00:00,ringsted,17.65,732.5,7.225,0.0,1018.42,53.5,33.6111
1750345200,2025-06-19 15:00:00,2025-06-19 17:00:00,ringsted,17.75,660.0,7.15,0.0,1018.41,52.25,22.6471
1750348800,2025-06-19 16:00:00,2025-06-19 18:00:00,ringsted,17.85,533.0,6.925,0.0,1018.54,49.5,31.1765
1750352400,2025-06-19 17:00:00,2025-06-19 19:00:00,ringsted,17.475,393.5,6.475,0.0,1018.76,50.75,27.7778
1750356000,2025-06-19 18:00:00,2025-06-19 20:00:00,ringsted,16.775,234.0,5.875,0.0,1019.11,53.25,15.5556
1750359600,2025-06-19 19:00:00,2025-06-19 21:00:00,ringsted,15.775,114.0,5.225,0.0,1019.31,58.5,6.78571
1750363200,2025-06-19 20:00:00,2025-06-19 22:00:00,ringsted,14.025,20.5,3.85,0.0,1019.63,66.75,3.66667
1750366800,2025-06-19 21:00:00,2025-06-19 23:00:00,ringsted,12.4,0.5,2.975,0.0,1019.81,74.75,5.0
1750370400,2025-06-19 22:00:00,2025-06-20 00:00:00,ringsted,11.375,0.0,2.575,0.0,1020.12,80.25,3.33333
1750374000,2025-06-19 23:00:00,2025-06-20 01:00:00,ringsted,10.675,0.0,2.675,0.0,1020.27,84.0,0.0
1750377600,2025-06-20 00:00:00,2025-06-20 02:00:00,ringsted,9.975,0.0,2.65,0.0,1020.31,86.5,0.0
1750381200,2025-06-20 01:00:00,2025-06-20 03:00:00,ringsted,9.6,0.0,2.5,0.0,1020.33,88.25,0.0
1750384800,2025-06-20 02:00:00,2025-06-20 04:00:00,ringsted,9.1,0.0,2.275,0.0,1020.2,90.5,0.0
1750388400,2025-06-20 03:00:00,2025-06-20 05:00:00,ringsted,8.475,3.0,2.0,0.0,1020.28,92.75,0.0
1750392000,2025-06-20 04:00:00,2025-06-20 06:00:00,ringsted,8.7,51.0,2.15,0.0,1020.53,93.75,0.0
1750395600,2025-06-20 05:00:00,2025-06-20 07:00:00,ringsted,10.675,149.0,2.75,0.0,1020.78,91.25,4.61538
1750399200,2025-06-20 06:00:00,2025-06-20 08:00:00,ringsted,12.675,280.5,3.725,0.0,1020.99,86.0,5.38462
1750402800,2025-06-20 07:00:00,2025-06-20 09:00:00,ringsted,14.3,432.0,3.9,0.0,1021.2,79.75,1.66667
1750406400,2025-06-20 08:00:00,2025-06-20 10:00:00,ringsted,15.75,580.5,3.625,0.0,1021.37,74.0,2.5
1750410000,2025-06-20 09:00:00,2025-06-20 11:00:00,ringsted,16.925,702.5,3.7,0.0,1021.52,68.5,2.5
1750413600,2025-06-20 10:00:00,2025-06-20 12:00:00,ringsted,18.025,799.0,3.7,0.0,1021.48,61.75,9.16667
1750417200,2025-06-20 11:00:00,2025-06-20 13:00:00,ringsted,18.95,840.0,3.525,0.0,1021.52,53.75,5.41667
1750420800,2025-06-20 12:00:00,2025-06-20 14:00:00,ringsted,19.525,851.5,3.45,0.0,1021.56,51.75,1.66667
1750424400,2025-06-20 13:00:00,2025-06-20 15:00:00,ringsted,19.775,787.5,3.825,0.0,1021.4,50.0,24.0
1750428000,2025-06-20 14:00:00,2025-06-20 16:00:00,ringsted,19.975,759.5,3.8,0.0,1021.24,50.75,23.5294
1750431600,2025-06-20 15:00:00,2025-06-20 17:00:00,ringsted,20.1,656.0,3.55,0.0,1020.95,48.25,0.769231
1750435200,2025-06-20 16:00:00,2025-06-20 18:00:00,ringsted,19.95,525.5,3.525,0.0,1020.68,49.0,0.0
1750438800,2025-06-20 17:00:00,2025-06-20 19:00:00,ringsted,19.625,372.5,3.325,0.0,1020.42,51.5,0.0
1750442400,2025-06-20 18:00:00,2025-06-20 20:00:00,ringsted,19.05,225.5,2.775,0.0,1020.25,53.5,0.0
1750446000,2025-06-20 19:00:00,2025-06-20 21:00:00,ringsted,17.7,102.0,1.9,0.0,1020.2,66.0,0.0
1750449600,2025-06-20 20:00:00,2025-06-20 22:00:00,ringsted,16.0,21.0,1.375,0.0,1020.21,71.25,0.0
1750453200,2025-06-20 21:00:00,2025-06-20 23:00:00,ringsted,13.775,0.5,1.075,0.0,1020.08,78.75,0.0
1750456800,2025-06-20 22:00:00,2025-06-21 00:00:00,ringsted,12.475,0.0,0.875,0.0,1020.0,85.0,0.0
1750460400,2025-06-20 23:00:00,2025-06-21 01:00:00,ringsted,12.15,0.0,1.575,0.0,1019.59,86.5,0.0
1750464000,2025-06-21 00:00:00,2025-06-21 02:00:00,ringsted,11.375,0.0,1.475,0.0,1019.52,90.0,0.0
1750467600,2025-06-21 01:00:00,2025-06-21 03:00:00,ringsted,11.5,0.0,1.65,0.0,1019.28,90.0,0.0
1750471200,2025-06-21 02:00:00,2025-06-21 04:00:00,ringsted,11.0,0.0,1.7,0.0,1019.02,91.0,0.0
1750474800,2025-06-21 03:00:00,2025-06-21 05:00:00,ringsted,10.725,2.5,1.925,0.0,1018.92,93.5,11.6667
1750478400,2025-06-21 04:00:00,2025-06-21 06:00:00,ringsted,11.375,40.5,1.75,0.0,1018.8,93.75,19.6429
1750482000,2025-06-21 05:00:00,2025-06-21 07:00:00,ringsted,12.875,148.0,1.775,0.0,1018.46,92.0,15.0
1750485600,2025-06-21 06:00:00,2025-06-21 08:00:00,ringsted,14.45,257.5,2.775,0.0,1018.43,85.0,0.0
1750489200,2025-06-21 07:00:00,2025-06-21 09:00:00,ringsted,16.1,429.5,3.5,0.0,1018.3,70.25,5.71429
1750492800,2025-06-21 08:00:00,2025-06-21 10:00:00,ringsted,17.525,496.0,3.975,0.0,1018.08,62.5,40.8333
1750496400,2025-06-21 09:00:00,2025-06-21 11:00:00,ringsted,18.5,611.5,4.0,0.0,1017.73,61.25,46.9444
1750500000,2025-06-21 10:00:00,2025-06-21 12:00:00,ringsted,19.725,731.5,4.45,0.0,1017.23,58.5,12.0
1750503600,2025-06-21 11:00:00,2025-06-21 13:00:00,ringsted,20.725,805.0,4.75,0.0,1016.93,56.25,3.33333
1750507200,2025-06-21 12:00:00,2025-06-21 14:00:00,ringsted,21.775,817.0,4.95,0.0,1016.56,54.75,3.33333
1750510800,2025-06-21 13:00:00,2025-06-21 15:00:00,ringsted,22.6,785.5,5.4,0.0,1016.28,52.75,3.33333
1750514400,2025-06-21 14:00:00,2025-06-21 16:00:00,ringsted,23.2,714.0,5.525,0.0,1015.75,52.5,9.58333
1750518000,2025-06-21 15:00:00,2025-06-21 17:00:00,ringsted,23.725,611.0,5.5,0.0,1015.32,51.5,0.0
1750521600,2025-06-21 16:00:00,2025-06-21 18:00:00,ringsted,23.95,488.5,4.9,0.0,1015.05,51.75,2.5
1750525200,2025-06-21 17:00:00,2025-06-21 19:00:00,ringsted,23.725,356.0,4.4,0.0,1014.76,53.25,0.0
1750528800,2025-06-21 18:00:00,2025-06-21 20:00:00,ringsted,23.225,230.5,3.525,0.0,1014.67,54.5,0.0
1750532400,2025-06-21 19:00:00,2025-06-21 21:00:00,ringsted,22.2333,104.0,2.725,0.0,1014.77,57.0,0.0
1750536000,2025-06-21 20:00:00,2025-06-21 22:00:00,ringsted,19.425,20.0,2.15,0.0,1014.93,69.75,0.0
1750539600,2025-06-21 21:00:00,2025-06-21 23:00:00,ringsted,17.3,0.0,1.7,0.0,1015.12,78.0,0.0
1750543200,2025-06-21 22:00:00,2025-06-22 00:00:00,ringsted,16.65,0.0,1.875,0.0,1015.25,75.5,0.0
1750546800,2025-06-21 23:00:00,2025-06-22 01:00:00,ringsted,15.85,0.0,1.475,0.0,1015.22,76.25,0.0
1750550400,2025-06-22 00:00:00,2025-06-22 02:00:00,ringsted,15.05,0.0,1.15,0.0,1015.02,78.25,0.0
1750554000,2025-06-22 01:00:00,2025-06-22 03:00:00,ringsted,13.225,0.0,0.775,0.0,1014.32,85.25,0.0
1750557600,2025-06-22 02:00:00,2025-06-22 04:00:00,ringsted,11.9,0.0,0.825,0.0,1013.92,91.0,0.0
1750561200,2025-06-22 03:00:00,2025-06-22 05:00:00,ringsted,11.275,4.0,0.65,0.0,1013.91,93.0,0.0
1750564800,2025-06-22 04:00:00,2025-06-22 06:00:00,ringsted,11.55,53.0,1.0,0.0,1013.9,92.25,0.0
1750568400,2025-06-22 05:00:00,2025-06-22 07:00:00,ringsted,14.6,158.5,0.825,0.0,1013.9,86.75,2.5
1750572000,2025-06-22 06:00:00,2025-06-22 08:00:00,ringsted,17.65,243.0,1.425,0.0,1013.75,77.0,5.58824
1750575600,2025-06-22 07:00:00,2025-06-22 09:00:00,ringsted,19.7,406.5,2.9,0.0,1013.48,69.0,6.0
1750579200,2025-06-22 08:00:00,2025-06-22 10:00:00,ringsted,21.2,561.5,3.825,0.0,1012.91,61.0,0.0
1750582800,2025-06-22 09:00:00,2025-06-22 11:00:00,ringsted,22.2,681.0,4.6,0.0,1012.4,57.0,6.0
1750586400,2025-06-22 10:00:00,2025-06-22 12:00:00,ringsted,23.1,759.5,4.725,0.0,1011.9,55.0,8.66667
1750590000,2025-06-22 11:00:00,2025-06-22 13:00:00,ringsted,23.5,812.5,5.2,0.0,1011.2,56.25,3.07692
1750593600,2025-06-22 12:00:00,2025-06-22 14:00:00,ringsted,23.175,739.5,5.475,0.0,1010.88,61.0,8.23529
1750597200,2025-06-22 13:00:00,2025-06-22 15:00:00,ringsted,22.8,620.0,5.325,0.0,1010.4,64.5,10.8333
1750600800,2025-06-22 14:00:00,2025-06-22 16:00:00,ringsted,22.075,380.5,4.95,0.0,1009.52,67.0,34.1176
1750604400,2025-06-22 15:00:00,2025-06-22 17:00:00,ringsted,21.575,380.5,4.9,0.0,1008.58,68.5,10.0
1750608000,2025-06-22 16:00:00,2025-06-22 18:00:00,ringsted,21.15,324.0,5.1,0.0,1007.74,72.25,35.8333
1750611600,2025-06-22 17:00:00,2025-06-22 19:00:00,ringsted,19.8,134.0,5.225,0.0,1006.57,74.75,61.6667
1750615200,2025-06-22 18:00:00,2025-06-22 20:00:00,ringsted,18.6,54.5,5.375,0.0,1006.39,76.0,78.8889
1750618800,2025-06-22 19:00:00,2025-06-22 21:00:00,ringsted,18.025,33.0,5.45,0.0,1005.03,77.3333,65.2778
1750622400,2025-06-22 20:00:00,2025-06-22 22:00:00,ringsted,17.625,7.0,5.275,0.0,1004.38,80.0,51.6667
1750626000,2025-06-22 21:00:00,2025-06-22 23:00:00,ringsted,17.075,0.0,4.25,0.0,1003.9,81.75,43.8889
1750629600,2025-06-22 22:00:00,2025-06-23 00:00:00,ringsted,16.7,0.0,3.65,0.375,1003.81,87.5,62.2222
1750633200,2025-06-22 23:00:00,2025-06-23 01:00:00,ringsted,16.875,0.0,2.975,0.175,1003.09,90.0,72.3529
1750636800,2025-06-23 00:00:00,2025-06-23 02:00:00,ringsted,17.0,0.0,2.175,0.0,1002.32,91.5,61.3889
1750640400,2025-06-23 01:00:00,2025-06-23 03:00:00,ringsted,16.875,0.0,1.875,0.0,1001.92,91.25,65.5556
1750644000,2025-06-23 02:00:00,2025-06-23 04:00:00,ringsted,16.75,0.0,2.45,0.0,1001.44,90.75,64.4444
1750647600,2025-06-23 03:00:00,2025-06-23 05:00:00,ringsted,16.025,1.0,2.65,0.0,1000.63,91.25,44.4444
1750651200,2025-06-23 04:00:00,2025-06-23 06:00:00,ringsted,15.325,33.5,2.175,0.0,1000.14,93.5,24.0625
1750654800,2025-06-23 05:00:00,2025-06-23 07:00:00,ringsted,15.9,135.0,2.7,0.0,999.588,92.75,24.4118
1750658400,2025-06-23 06:00:00,2025-06-23 08:00:00,ringsted,17.375,218.5,3.6,0.0,998.775,86.25,50.5882
1750662000,2025-06-23 07:00:00,2025-06-23 09:00:00,ringsted,18.425,356.5,4.925,0.0,997.961,81.5,57.7778
1750665600,2025-06-23 08:00:00,2025-06-23 10:00:00,ringsted,18.9,374.0,6.1,0.0,997.388,80.0,59.1667
1750669200,2025-06-23 09:00:00,2025-06-23 11:00:00,ringsted,18.65,239.0,6.475,0.575,996.779,82.0,88.3333
1750672800,2025-06-23 10:00:00,2025-06-23 12:00:00,ringsted,17.725,270.5,6.575,0.95,996.022,87.25,70.5556
1750676400,2025-06-23 11:00:00,2025-06-23 13:00:00,ringsted,18.05,408.5,7.15,0.375,995.633,87.5,74.4444
1750680000,2025-06-23 12:00:00,2025-06-23 14:00:00,ringsted,16.975,301.5,7.575,0.725,995.938,86.75,58.3333
1750683600,2025-06-23 13:00:00,2025-06-23 15:00:00,ringsted,16.725,547.0,6.825,0.1,996.492,81.0,57.7778
1750687200,2025-06-23 14:00:00,2025-06-23 16:00:00,ringsted,17.1,300.0,7.1,0.375,996.608,73.5,56.6667
1750690800,2025-06-23 15:00:00,2025-06-23 17:00:00,ringsted,16.475,339.5,7.85,0.0,997.312,68.5,66.6667
1750694400,2025-06-23 16:00:00,2025-06-23 18:00:00,ringsted,15.575,240.0,7.3,0.025,997.804,70.5,43.0556
1750698000,2025-06-23 17:00:00,2025-06-23 19:00:00,ringsted,14.6,277.5,6.75,0.475,998.054,76.0,27.7778
1750701600,2025-06-23 18:00:00,2025-06-23 20:00:00,ringsted,15.025,186.5,7.225,0.0,998.783,72.0,20.0
1750705200,2025-06-23 19:00:00,2025-06-23 21:00:00,ringsted,14.4,67.5,6.4,0.0,999.35,72.25,23.8235
1750708800,2025-06-23 20:00:00,2025-06-23 22:00:00,ringsted,13.625,22.0,5.625,0.0,999.771,74.25,21.1538
1750712400,2025-06-23 21:00:00,2025-06-23 23:00:00,ringsted,13.075,0.5,5.525,0.0,999.925,77.75,61.9444
1750716000,2025-06-23 22:00:00,2025-06-24 00:00:00,ringsted,13.125,0.0,6.3,0.0,1000.15,79.25,73.8889
1750719600,2025-06-23 23:00:00,2025-06-24 01:00:00,ringsted,13.125,0.0,6.15,0.0,999.875,79.5,76.1111
1750723200,2025-06-24 00:00:00,2025-06-24 02:00:00,ringsted,13.275,0.0,6.25,0.0,999.617,79.0,57.7778
1750726800,2025-06-24 01:00:00,2025-06-24 03:00:00,ringsted,13.4,0.0,6.575,0.0,999.325,79.75,68.3333
1750730400,2025-06-24 02:00:00,2025-06-24 04:00:00,ringsted,13.85,0.0,6.65,0.0,998.908,78.5,67.5
1750734000,2025-06-24 03:00:00,2025-06-24 05:00:00,ringsted,14.0,0.5,6.7,0.0,998.648,78.25,71.6667
1750737600,2025-06-24 04:00:00,2025-06-24 06:00:00,ringsted,13.75,26.0,6.55,0.7,998.424,81.75,62.7778
1750741200,2025-06-24 05:00:00,2025-06-24 07:00:00,ringsted,13.675,120.5,6.9,0.25,998.746,83.0,64.4444
1750744800,2025-06-24 06:00:00,2025-06-24 08:00:00,ringsted,14.15,184.5,7.675,0.025,998.908,78.0,63.8889
1750748400,2025-06-24 07:00:00,2025-06-24 09:00:00,ringsted,14.525,239.0,7.35,0.0,998.982,76.75,65.8824
1750752000,2025-06-24 08:00:00,2025-06-24 10:00:00,ringsted,15.25,338.0,8.025,0.1,999.037,74.0,68.8889
1750755600,2025-06-24 09:00:00,2025-06-24 11:00:00,ringsted,15.35,441.0,7.7,0.1,999.079,74.75,66.6667
1750759200,2025-06-24 10:00:00,2025-06-24 12:00:00,ringsted,16.15,495.5,7.65,0.0,999.188,70.0,70.5556
1750762800,2025-06-24 11:00:00,2025-06-24 13:00:00,ringsted,16.45,532.0,8.55,0.0,999.417,68.25,65.8333
1750766400,2025-06-24 12:00:00,2025-06-24 14:00:00,ringsted,16.05,374.0,7.1,0.275,999.562,73.75,60.8333
1750770000,2025-06-24 13:00:00,2025-06-24 15:00:00,ringsted,16.525,460.0,7.825,0.0,999.838,70.5,77.7778
1750773600,2025-06-24 14:00:00,2025-06-24 16:00:00,ringsted,16.325,184.0,8.1,0.0,1000.03,71.5,90.5556
1750777200,2025-06-24 15:00:00,2025-06-24 17:00:00,ringsted,15.1,88.5,6.25,0.15,999.933,83.75,80.5556
1750780800,2025-06-24 16:00:00,2025-06-24 18:00:00,ringsted,14.85,87.5,5.975,0.175,999.779,90.0,68.3333
1750784400,2025-06-24 17:00:00,2025-06-24 19:00:00,ringsted,14.975,93.5,6.4,0.15,999.717,90.25,79.4444
1750788000,2025-06-24 18:00:00,2025-06-24 20:00:00,ringsted,14.85,47.0,5.425,0.275,999.492,91.75,90.0
1750791600,2025-06-24 19:00:00,2025-06-24 21:00:00,ringsted,14.525,15.0,4.8,0.8,999.138,93.75,96.6667
1750795200,2025-06-24 20:00:00,2025-06-24 22:00:00,ringsted,14.425,3.0,4.525,1.025,998.771,95.0,95.0
1750798800,2025-06-24 21:00:00,2025-06-24 23:00:00,ringsted,14.5,0.0,5.1,1.46667,998.443,96.6667,76.1111
1750802400,2025-06-24 22:00:00,2025-06-25 00:00:00,ringsted,14.675,0.0,4.875,0.25,998.176,96.0,71.6667
1750806000,2025-06-24 23:00:00,2025-06-25 01:00:00,ringsted,14.825,0.0,4.075,0.0,998.296,95.5,66.1111
1750809600,2025-06-25 00:00:00,2025-06-25 02:00:00,ringsted,14.8,0.0,4.25,0.125,998.308,94.5,72.2222
1750813200,2025-06-25 01:00:00,2025-06-25 03:00:00,ringsted,14.775,0.0,4.475,0.575,998.271,94.5,71.6667
1750816800,2025-06-25 02:00:00,2025-06-25 04:00:00,ringsted,14.725,0.0,3.975,0.425,998.129,95.25,68.3333
1750820400,2025-06-25 03:00:00,2025-06-25 05:00:00,ringsted,14.525,1.0,4.15,0.175,998.571,95.0,65.2941
1750824000,2025-06-25 04:00:00,2025-06-25 06:00:00,ringsted,14.275,23.5,5.1,0.025,999.042,93.0,72.7778
1750827600,2025-06-25 05:00:00,2025-06-25 07:00:00,ringsted,14.025,81.5,5.275,0.425,999.483,91.0,70.0
1750831200,2025-06-25 06:00:00,2025-06-25 08:00:00,ringsted,14.35,144.0,5.575,0.075,999.883,89.5,66.6667
1750834800,2025-06-25 07:00:00,2025-06-25 09:00:00,ringsted,15.175,290.0,6.2,0.0,1000.52,84.5,61.1111
1750838400,2025-06-25 08:00:00,2025-06-25 10:00:00,ringsted,15.65,348.5,7.075,0.0,1001.18,80.0,63.0556
1750842000,2025-06-25 09:00:00,2025-06-25 11:00:00,ringsted,16.2,467.0,7.3,0.0,1001.75,73.25,61.3889
1750845600,2025-06-25 10:00:00,2025-06-25 12:00:00,ringsted,16.85,554.0,7.675,0.0,1002.19,68.25,58.8889
1750849200,2025-06-25 11:00:00,2025-06-25 13:00:00,ringsted,17.725,793.0,8.15,0.0,1002.84,63.25,44.4444
1750852800,2025-06-25 12:00:00,2025-06-25 14:00:00,ringsted,18.25,688.5,8.275,0.0,1003.58,60.5,35.2778
1750856400,2025-06-25 13:00:00,2025-06-25 15:00:00,ringsted,18.5,684.5,7.925,0.0,1004.49,58.75,35.2778
1750860000,2025-06-25 14:00:00,2025-06-25 16:00:00,ringsted,19.025,664.0,7.1,0.0,1005.11,57.75,18.3333
1750863600,2025-06-25 15:00:00,2025-06-25 17:00:00,ringsted,19.225,637.0,6.2,0.0,1005.66,57.0,31.1111
1750867200,2025-06-25 16:00:00,2025-06-25 18:00:00,ringsted,19.5,506.5,5.975,0.0,1006.11,56.25,21.9444
1750870800,2025-06-25 17:00:00,2025-06-25 19:00:00,ringsted,19.275,362.0,5.325,0.0,1006.64,56.25,16.6667
1750874400,2025-06-25 18:00:00,2025-06-25 20:00:00,ringsted,18.85,247.5,4.775,0.0,1007.0,57.75,4.66667
1750878000,2025-06-25 19:00:00,2025-06-25 21:00:00,ringsted,17.825,125.0,3.6,0.0,1007.26,62.5,0.0
1750881600,2025-06-25 20:00:00,2025-06-25 22:00:00,ringsted,15.775,24.0,2.05,0.0,1007.88,72.75,0.0
1750885200,2025-06-25 21:00:00,2025-06-25 23:00:00,ringsted,13.95,0.5,1.775,0.0,1008.23,80.5,0.0
1750888800,2025-06-25 22:00:00,2025-06-26 00:00:00,ringsted,12.875,0.0,1.775,0.0,1008.22,85.25,0.0
1750892400,2025-06-25 23:00:00,2025-06-26 01:00:00,ringsted,11.975,0.0,1.4,0.0,1008.22,89.75,0.0
1750896000,2025-06-26 00:00:00,2025-06-26 02:00:00,ringsted,10.8,0.0,0.95,0.0,1008.59,92.75,0.0
1750899600,2025-06-26 01:00:00,2025-06-26 03:00:00,ringsted,10.25,0.0,0.725,0.0,1008.67,95.25,0.0
1750903200,2025-06-26 02:00:00,2025-06-26 04:00:00,ringsted,9.45,0.0,0.575,0.0,1008.74,96.25,0.0
1750906800,2025-06-26 03:00:00,2025-06-26 05:00:00,ringsted,8.775,2.5,0.55,0.0,1008.88,97.25,0.0
1750910400,2025-06-26 04:00:00,2025-06-26 06:00:00,ringsted,9.0,54.5,0.3,0.0,1008.47,97.75,0.0
1750914000,2025-06-26 05:00:00,2025-06-26 07:00:00,ringsted,11.425,167.0,0.4,0.0,1008.55,95.75,0.0
1750917600,2025-06-26 06:00:00,2025-06-26 08:00:00,ringsted,14.75,300.0,0.725,0.0,1008.64,86.5,9.0625
1750921200,2025-06-26 07:00:00,2025-06-26 09:00:00,ringsted,15.95,362.0,2.85,0.0,1008.85,80.0,28.5294
1750924800,2025-06-26 08:00:00,2025-06-26 10:00:00,ringsted,16.65,421.0,3.425,0.0,1008.44,74.25,32.9412
1750928400,2025-06-26 09:00:00,2025-06-26 11:00:00,ringsted,17.6,534.0,2.975,0.0,1008.01,70.25,28.3333
1750932000,2025-06-26 10:00:00,2025-06-26 12:00:00,ringsted,18.6,688.5,2.775,0.0,1007.65,66.0,24.4444
1750935600,2025-06-26 11:00:00,2025-06-26 13:00:00,ringsted,19.625,758.0,3.0,0.0,1007.21,63.5,40.2778
1750939200,2025-06-26 12:00:00,2025-06-26 14:00:00,ringsted,20.275,721.0,2.675,0.0,1006.82,64.25,45.0
1750942800,2025-06-26 13:00:00,2025-06-26 15:00:00,ringsted,19.475,375.5,4.225,0.0,1006.3,70.5,66.6667
1750946400,2025-06-26 14:00:00,2025-06-26 16:00:00,ringsted,18.65,272.0,4.075,0.0,1005.71,75.0,67.7778
1750950000,2025-06-26 15:00:00,2025-06-26 17:00:00,ringsted,17.975,115.0,3.725,0.25,1005.28,77.75,72.5
1750953600,2025-06-26 16:00:00,2025-06-26 18:00:00,ringsted,16.325,54.5,3.075,1.175,1004.44,89.25,95.0
1750957200,2025-06-26 17:00:00,2025-06-26 19:00:00,ringsted,15.475,22.0,2.95,1.875,1003.89,94.5,96.1111
1750960800,2025-06-26 18:00:00,2025-06-26 20:00:00,ringsted,15.2,13.5,2.775,1.25,1003.67,95.75,95.2778
1750964400,2025-06-26 19:00:00,2025-06-26 21:00:00,ringsted,15.05,6.5,1.525,1.225,1003.69,96.5,82.7778
1750968000,2025-06-26 20:00:00,2025-06-26 22:00:00,ringsted,15.025,1.5,1.8,0.4,1004.26,97.0,90.5556
1750971600,2025-06-26 21:00:00,2025-06-26 23:00:00,ringsted,14.85,0.0,2.075,0.15,1004.64,97.25,95.0
1750975200,2025-06-26 22:00:00,2025-06-27 00:00:00,ringsted,14.775,0.0,1.925,0.1,1005.13,97.5,97.7778
1750978800,2025-06-26 23:00:00,2025-06-27 01:00:00,ringsted,14.85,0.0,2.1,0.0,1005.35,97.75,97.7778
1750982400,2025-06-27 00:00:00,2025-06-27 02:00:00,ringsted,15.225,0.0,2.875,0.025,1005.25,98.25,95.0
1750986000,2025-06-27 01:00:00,2025-06-27 03:00:00,ringsted,15.65,0.0,3.0,0.0,1005.6,98.0,70.0
1750989600,2025-06-27 02:00:00,2025-06-27 04:00:00,ringsted,15.875,0.0,4.0,0.0,1005.68,97.25,64.1667
1750993200,2025-06-27 03:00:00,2025-06-27 05:00:00,ringsted,15.9,0.5,4.125,0.0,1006.07,95.5,74.1667
1750996800,2025-06-27 04:00:00,2025-06-27 06:00:00,ringsted,15.95,7.0,3.675,0.0,1006.22,95.0,87.2222
1751000400,2025-06-27 05:00:00,2025-06-27 07:00:00,ringsted,16.15,25.0,3.725,0.225,1006.64,95.0,92.2222
1751004000,2025-06-27 06:00:00,2025-06-27 08:00:00,ringsted,16.625,115.0,4.55,0.225,1007.41,93.75,92.7778
1751007600,2025-06-27 07:00:00,2025-06-27 09:00:00,ringsted,16.775,163.5,6.025,0.0,1008.42,89.25,82.2222
1751011200,2025-06-27 08:00:00,2025-06-27 10:00:00,ringsted,16.4,217.5,6.15,0.0,1009.14,83.5,65.2778
1751014800,2025-06-27 09:00:00,2025-06-27 11:00:00,ringsted,16.625,242.5,5.9,0.0,1009.54,81.5,62.5
1751018400,2025-06-27 10:00:00,2025-06-27 12:00:00,ringsted,17.05,351.0,6.35,0.0,1010.17,77.75,59.0625
1751022000,2025-06-27 11:00:00,2025-06-27 13:00:00,ringsted,18.15,713.5,7.475,0.0,1010.63,67.0,13.0556
1751025600,2025-06-27 12:00:00,2025-06-27 14:00:00,ringsted,19.05,743.0,7.75,0.0,1011.29,58.0,16.9444
1751029200,2025-06-27 13:00:00,2025-06-27 15:00:00,ringsted,19.625,774.5,7.875,0.0,1011.78,53.75,25.3125
1751032800,2025-06-27 14:00:00,2025-06-27 16:00:00,ringsted,20.025,662.0,7.6,0.0,1012.23,51.25,55.5556
1751036400,2025-06-27 15:00:00,2025-06-27 17:00:00,ringsted,19.7,474.0,6.8,0.0,1012.68,53.25,58.6111
1751040000,2025-06-27 16:00:00,2025-06-27 18:00:00,ringsted,19.725,422.0,7.2,0.0,1012.91,55.25,50.5556
1751043600,2025-06-27 17:00:00,2025-06-27 19:00:00,ringsted,19.275,324.5,6.75,0.0,1013.29,56.5,24.6875
1751047200,2025-06-27 18:00:00,2025-06-27 20:00:00,ringsted,18.9,222.5,6.525,0.0,1013.71,59.5,3.33333
1751050800,2025-06-27 19:00:00,2025-06-27 21:00:00,ringsted,17.725,82.0,5.375,0.0,1014.15,65.25,0.0
1751054400,2025-06-27 20:00:00,2025-06-27 22:00:00,ringsted,16.3,14.5,4.475,0.0,1014.65,72.25,0.0
1751058000,2025-06-27 21:00:00,2025-06-27 23:00:00,ringsted,15.15,0.0,3.575,0.0,1014.83,78.75,20.3333
1751061600,2025-06-27 22:00:00,2025-06-28 00:00:00,ringsted,14.525,0.0,3.5,0.0,1015.0,82.0,27.8571
1751065200,2025-06-27 23:00:00,2025-06-28 01:00:00,ringsted,14.05,0.0,3.35,0.0,1014.97,85.75,66.1111
1751068800,2025-06-28 00:00:00,2025-06-28 02:00:00,ringsted,13.95,0.0,3.3,0.0,1014.8,88.25,79.4444
1751072400,2025-06-28 01:00:00,2025-06-28 03:00:00,ringsted,14.325,0.0,2.925,0.0,1014.55,88.5,84.4444
1751076000,2025-06-28 02:00:00,2025-06-28 04:00:00,ringsted,14.775,0.0,3.35,0.0,1014.23,89.0,86.6667
1751079600,2025-06-28 03:00:00,2025-06-28 05:00:00,ringsted,15.025,0.0,3.525,0.0,1014.05,89.5,95.5556
1751083200,2025-06-28 04:00:00,2025-06-28 06:00:00,ringsted,15.2,4.5,3.375,0.0,1014.0,89.25,96.6667
1751086800,2025-06-28 05:00:00,2025-06-28 07:00:00,ringsted,15.5,21.0,3.425,0.1,1013.58,90.25,87.7778
1751090400,2025-06-28 06:00:00,2025-06-28 08:00:00,ringsted,15.9,90.5,3.65,0.1,1013.26,90.5,77.2222
1751094000,2025-06-28 07:00:00,2025-06-28 09:00:00,ringsted,17.125,252.0,4.625,0.0,1013.06,86.0,72.7778
1751097600,2025-06-28 08:00:00,2025-06-28 10:00:00,ringsted,18.5,344.5,5.775,0.0,1012.9,81.25,83.0556
1751101200,2025-06-28 09:00:00,2025-06-28 11:00:00,ringsted,19.475,446.5,6.55,0.0,1012.71,79.75,72.2222
1751104800,2025-06-28 10:00:00,2025-06-28 12:00:00,ringsted,20.4,611.5,6.425,0.0,1012.65,78.75,55.5556
1751108400,2025-06-28 11:00:00,2025-06-28 13:00:00,ringsted,21.725,596.0,6.625,0.0,1012.66,76.0,52.2222
1751112000,2025-06-28 12:00:00,2025-06-28 14:00:00,ringsted,22.45,498.0,6.8,0.0,1012.73,73.75,83.0556
1751115600,2025-06-28 13:00:00,2025-06-28 15:00:00,ringsted,22.225,301.0,6.425,0.0,1012.79,75.0,86.6667
1751119200,2025-06-28 14:00:00,2025-06-28 16:00:00,ringsted,21.675,173.5,6.325,0.0,1012.97,77.5,74.1667
1751122800,2025-06-28 15:00:00,2025-06-28 17:00:00,ringsted,21.475,329.5,6.45,0.0,1012.89,79.5,66.6667
1751126400,2025-06-28 16:00:00,2025-06-28 18:00:00,ringsted,21.425,348.5,6.65,0.0,1013.07,79.5,91.6667
1751130000,2025-06-28 17:00:00,2025-06-28 19:00:00,ringsted,20.3,101.5,6.025,0.0,1012.99,82.75,96.6667
1751133600,2025-06-28 18:00:00,2025-06-28 20:00:00,ringsted,19.575,39.0,5.55,0.0,1012.95,85.5,88.8889
1751137200,2025-06-28 19:00:00,2025-06-28 21:00:00,ringsted,19.075,17.5,5.45,0.0,1012.87,88.0,97.0588
1751140800,2025-06-28 20:00:00,2025-06-28 22:00:00,ringsted,18.65,2.0,5.425,0.0,1012.95,90.5,95.0
1751144400,2025-06-28 21:00:00,2025-06-28 23:00:00,ringsted,18.425,0.0,5.65,0.0,1013.05,90.75,95.5556
1751148000,2025-06-28 22:00:00,2025-06-29 00:00:00,ringsted,18.25,0.0,5.9,0.0,1013.19,90.0,76.1111
1751151600,2025-06-28 23:00:00,2025-06-29 01:00:00,ringsted,17.875,0.0,5.475,0.0,1013.22,89.5,54.7222
1751155200,2025-06-29 00:00:00,2025-06-29 02:00:00,ringsted,17.425,0.0,5.025,0.0,1012.96,90.25,70.5556
1751158800,2025-06-29 01:00:00,2025-06-29 03:00:00,ringsted,17.15,0.0,5.15,0.0,1012.85,91.75,78.8889
1751162400,2025-06-29 02:00:00,2025-06-29 04:00:00,ringsted,17.125,0.0,4.9,0.025,1012.6,92.5,94.4444
1751166000,2025-06-29 03:00:00,2025-06-29 05:00:00,ringsted,17.2,0.5,4.675,0.0,1012.42,92.5,71.9444
1751169600,2025-06-29 04:00:00,2025-06-29 06:00:00,ringsted,17.325,23.5,4.2,0.0,1012.38,91.5,69.7222
1751173200,2025-06-29 05:00:00,2025-06-29 07:00:00,ringsted,17.625,106.0,4.625,0.0,1012.52,88.0,60.8333
1751176800,2025-06-29 06:00:00,2025-06-29 08:00:00,ringsted,18.2,253.5,5.55,0.0,1012.73,79.25,42.5
1751180400,2025-06-29 07:00:00,2025-06-29 09:00:00,ringsted,18.925,414.0,6.2,0.0,1012.99,70.25,7.1875
1751184000,2025-06-29 08:00:00,2025-06-29 10:00:00,ringsted,19.475,575.5,6.8,0.0,1013.22,62.25,7.08333
1751187600,2025-06-29 09:00:00,2025-06-29 11:00:00,ringsted,19.95,696.5,7.05,0.0,1013.54,58.75,13.3333
1751191200,2025-06-29 10:00:00,2025-06-29 12:00:00,ringsted,20.325,783.0,7.1,0.0,1013.87,55.75,17.1875
1751194800,2025-06-29 11:00:00,2025-06-29 13:00:00,ringsted,20.575,817.5,7.75,0.0,1014.04,53.0,29.7222
1751198400,2025-06-29 12:00:00,2025-06-29 14:00:00,ringsted,20.75,849.0,8.45,0.0,1014.12,50.75,15.0
1751202000,2025-06-29 13:00:00,2025-06-29 15:00:00,ringsted,20.725,815.5,9.1,0.0,1014.41,49.0,1.53846
1751205600,2025-06-29 14:00:00,2025-06-29 16:00:00,ringsted,20.55,748.0,9.025,0.0,1014.51,48.75,0.0
1751209200,2025-06-29 15:00:00,2025-06-29 17:00:00,ringsted,20.225,617.5,9.45,0.0,1014.74,48.5,0.0
1751212800,2025-06-29 16:00:00,2025-06-29 18:00:00,ringsted,19.525,508.0,9.3,0.0,1014.97,49.25,0.0
1751216400,2025-06-29 17:00:00,2025-06-29 19:00:00,ringsted,18.775,378.0,8.7,0.0,1015.17,51.75,0.769231
1751220000,2025-06-29 18:00:00,2025-06-29 20:00:00,ringsted,17.875,237.0,8.15,0.0,1015.29,54.5,2.5
1751223600,2025-06-29 19:00:00,2025-06-29 21:00:00,ringsted,16.7,114.0,7.1,0.0,1015.55,59.5,4.58333
1751227200,2025-06-29 20:00:00,2025-06-29 22:00:00,ringsted,15.4,21.0,6.275,0.0,1015.95,65.25,4.16667
1751230800,2025-06-29 21:00:00,2025-06-29 23:00:00,ringsted,14.25,0.5,5.05,0.0,1016.25,71.0,10.0
1751234400,2025-06-29 22:00:00,2025-06-30 00:00:00,ringsted,13.7,0.0,5.1,0.0,1016.38,73.75,11.6667
1751238000,2025-06-29 23:00:00,2025-06-30 01:00:00,ringsted,13.175,0.0,5.3,0.0,1016.39,77.0,0.833333
1751241600,2025-06-30 00:00:00,2025-06-30 02:00:00,ringsted,12.4,0.0,4.55,0.0,1016.55,81.75,0.0
1751245200,2025-06-30 01:00:00,2025-06-30 03:00:00,ringsted,12.175,0.0,4.225,0.0,1016.63,83.5,2.5
1751248800,2025-06-30 02:00:00,2025-06-30 04:00:00,ringsted,12.025,0.0,4.1,0.0,1016.69,85.5,2.5
1751252400,2025-06-30 03:00:00,2025-06-30 05:00:00,ringsted,11.425,1.5,3.575,0.0,1016.81,88.5,0.833333
1751256000,2025-06-30 04:00:00,2025-06-30 06:00:00,ringsted,11.65,37.0,3.45,0.0,1016.93,88.75,0.833333
1751259600,2025-06-30 05:00:00,2025-06-30 07:00:00,ringsted,12.8,146.5,3.8,0.0,1017.14,84.5,35.0
1751263200,2025-06-30 06:00:00,2025-06-30 08:00:00,ringsted,14.125,282.0,5.05,0.0,1017.46,78.0,36.6667
1751266800,2025-06-30 07:00:00,2025-06-30 09:00:00,ringsted,15.025,402.5,5.1,0.0,1017.69,73.5,47.3529
1751270400,2025-06-30 08:00:00,2025-06-30 10:00:00,ringsted,15.925,507.5,4.475,0.0,1018.0,70.25,44.4118
1751274000,2025-06-30 09:00:00,2025-06-30 11:00:00,ringsted,16.975,568.0,4.15,0.0,1018.14,66.25,21.25
1751277600,2025-06-30 10:00:00,2025-06-30 12:00:00,ringsted,17.95,769.0,3.9,0.0,1018.04,62.5,4.16667
1751281200,2025-06-30 11:00:00,2025-06-30 13:00:00,ringsted,18.75,826.5,4.225,0.0,1018.14,58.75,12.5
1751284800,2025-06-30 12:00:00,2025-06-30 14:00:00,ringsted,19.475,847.0,4.2,0.0,1018.18,56.5,0.769231
1751288400,2025-06-30 13:00:00,2025-06-30 15:00:00,ringsted,20.075,818.0,3.875,0.0,1017.96,53.5,0.0
1751292000,2025-06-30 14:00:00,2025-06-30 16:00:00,ringsted,20.6,752.5,3.85,0.0,1017.65,51.25,0.0
1751295600,2025-06-30 15:00:00,2025-06-30 17:00:00,ringsted,20.975,659.0,3.75,0.0,1017.3,49.25,0.0
1751299200,2025-06-30 16:00:00,2025-06-30 18:00:00,ringsted,21.1,534.0,3.325,0.0,1016.85,47.5,0.0
1751302800,2025-06-30 17:00:00,2025-06-30 19:00:00,ringsted,21.075,393.5,2.675,0.0,1016.6,49.5,0.0
1751306400,2025-06-30 18:00:00,2025-06-30 20:00:00,ringsted,20.75,246.5,2.15,0.0,1016.58,52.0,0.0
1751310000,2025-06-30 19:00:00,2025-06-30 21:00:00,ringsted,19.4,116.0,1.5,0.0,1016.62,59.3333,0.0
1751313600,2025-06-30 20:00:00,2025-06-30 22:00:00,ringsted,17.05,23.0,0.75,0.0,1016.57,73.5,0.0
1751317200,2025-06-30 21:00:00,2025-06-30 23:00:00,ringsted,14.525,0.5,0.35,0.0,1016.52,83.5,0.0
1751320800,2025-06-30 22:00:00,2025-07-01 00:00:00,ringsted,12.875,0.0,0.475,0.0,1016.5,89.0,0.0
1751324400,2025-06-30 23:00:00,2025-07-01 01:00:00,ringsted,11.925,0.0,0.425,0.0,1016.34,92.75,0.0
1751328000,2025-07-01 00:00:00,2025-07-01 02:00:00,ringsted,11.175,0.0,0.65,0.0,1016.38,94.5,0.0
1751331600,2025-07-01 01:00:00,2025-07-01 03:00:00,ringsted,10.575,0.0,0.475,0.0,1016.45,95.75,0.0
1751335200,2025-07-01 02:00:00,2025-07-01 04:00:00,ringsted,10.0,0.0,0.25,0.0,1016.39,96.5,0.0
1751338800,2025-07-01 03:00:00,2025-07-01 05:00:00,ringsted,9.575,2.5,0.675,0.0,1016.24,96.75,0.0
1751342400,2025-07-01 04:00:00,2025-07-01 06:00:00,ringsted,10.475,50.5,0.75,0.0,1016.08,95.75,0.0
1751346000,2025-07-01 05:00:00,2025-07-01 07:00:00,ringsted,14.075,159.5,0.8,0.0,1015.97,90.25,0.0
1751349600,2025-07-01 06:00:00,2025-07-01 08:00:00,ringsted,16.95,297.0,1.575,0.0,1016.01,81.0,0.0
1751353200,2025-07-01 07:00:00,2025-07-01 09:00:00,ringsted,18.85,441.0,2.725,0.0,1015.87,68.75,0.0
1751356800,2025-07-01 08:00:00,2025-07-01 10:00:00,ringsted,20.25,575.5,2.95,0.0,1015.62,62.0,0.0
1751360400,2025-07-01 09:00:00,2025-07-01 11:00:00,ringsted,21.3,689.0,2.6,0.0,1015.58,57.5,0.0
1751364000,2025-07-01 10:00:00,2025-07-01 12:00:00,ringsted,22.275,775.5,2.55,0.0,1015.31,54.25,0.0
1751367600,2025-07-01 11:00:00,2025-07-01 13:00:00,ringsted,23.15,825.0,2.6,0.0,1014.94,50.0,0.0
1751371200,2025-07-01 12:00:00,2025-07-01 14:00:00,ringsted,23.775,838.5,3.375,0.0,1015.0,48.75,0.0
1751374800,2025-07-01 13:00:00,2025-07-01 15:00:00,ringsted,24.325,811.5,3.2,0.0,1014.73,46.75,0.0
1751378400,2025-07-01 14:00:00,2025-07-01 16:00:00,ringsted,24.5,746.0,3.675,0.0,1014.48,50.25,0.0
1751382000,2025-07-01 15:00:00,2025-07-01 17:00:00,ringsted,24.4,652.0,3.85,0.0,1014.07,48.5,0.0
1751385600,2025-07-01 16:00:00,2025-07-01 18:00:00,ringsted,24.325,529.0,3.775,0.0,1013.82,47.25,0.0
1751389200,2025-07-01 17:00:00,2025-07-01 19:00:00,ringsted,23.95,388.5,3.4,0.0,1013.4,47.75,0.0
1751392800,2025-07-01 18:00:00,2025-07-01 20:00:00,ringsted,22.6,247.0,3.2,0.0,1013.32,56.25,0.0
1751396400,2025-07-01 19:00:00,2025-07-01 21:00:00,ringsted,20.85,116.0,2.275,0.0,1013.22,65.5,0.0
1751400000,2025-07-01 20:00:00,2025-07-01 22:00:00,ringsted,18.525,22.5,1.925,0.0,1013.38,70.5,0.0
1751403600,2025-07-01 21:00:00,2025-07-01 23:00:00,ringsted,16.8,0.0,2.325,0.0,1013.45,80.25,0.0
1751407200,2025-07-01 22:00:00,2025-07-02 00:00:00,ringsted,15.6,0.0,2.525,0.0,1013.51,84.75,0.0
1751410800,2025-07-01 23:00:00,2025-07-02 01:00:00,ringsted,15.3667,0.0,2.2,0.0,1013.08,85.6667,0.0
1751414400,2025-07-02 00:00:00,2025-07-02 02:00:00,ringsted,14.7333,0.0,1.86667,0.0,1012.62,87.6667,0.0
1751418000,2025-07-02 01:00:00,2025-07-02 03:00:00,ringsted,14.5333,0.0,1.83333,0.0,1012.39,88.0,0.0
1751421600,2025-07-02 02:00:00,2025-07-02 04:00:00,ringsted,14.5,0.0,1.83333,0.0,1011.76,88.0,0.0
1751425200,2025-07-02 03:00:00,2025-07-02 05:00:00,ringsted,14.7667,2.0,1.7,0.0,1011.53,86.3333,0.0
1751428800,2025-07-02 04:00:00,2025-07-02 06:00:00,ringsted,15.5667,50.0,1.66667,0.0,1011.46,86.6667,0.0
1751432400,2025-07-02 05:00:00,2025-07-02 07:00:00,ringsted,17.5333,153.0,1.73333,0.0,1011.09,83.6667,0.0
1751436000,2025-07-02 06:00:00,2025-07-02 08:00:00,ringsted,19.8667,269.0,2.56667,0.0,1010.85,77.3333,0.0
1751439600,2025-07-02 07:00:00,2025-07-02 09:00:00,ringsted,22.2667,415.5,3.3,0.0,1010.66,67.3333,0.833333
1751443200,2025-07-02 08:00:00,2025-07-02 10:00:00,ringsted,24.4333,550.5,3.6,0.0,1010.26,59.6667,2.5
1751446800,2025-07-02 09:00:00,2025-07-02 11:00:00,ringsted,26.5667,651.5,3.9,0.0,1010.1,55.0,2.5
1751450400,2025-07-02 10:00:00,2025-07-02 12:00:00,ringsted,28.7667,743.0,3.76667,0.0,1009.73,48.6667,18.75
1751454000,2025-07-02 11:00:00,2025-07-02 13:00:00,ringsted,29.7333,787.0,3.76667,0.0,1009.31,48.0,35.0
1751457600,2025-07-02 12:00:00,2025-07-02 14:00:00,ringsted,29.8,750.5,4.7,0.0,1009.31,47.6667,27.9167
1751461200,2025-07-02 13:00:00,2025-07-02 15:00:00,ringsted,28.8333,706.5,4.76667,0.0,1009.42,50.3333,10.4167
1751464800,2025-07-02 14:00:00,2025-07-02 16:00:00,ringsted,30.8333,666.0,4.26667,0.0,1008.76,44.6667,17.5
1751468400,2025-07-02 15:00:00,2025-07-02 17:00:00,ringsted,30.6,391.5,3.13333,0.0,1008.47,45.0,20.4167
1751472000,2025-07-02 16:00:00,2025-07-02 18:00:00,ringsted,29.1,260.0,2.76667,0.0,1007.73,52.6667,41.6667
1751475600,2025-07-02 17:00:00,2025-07-02 19:00:00,ringsted,27.7667,231.5,2.5,0.0,1007.51,59.6667,44.1667
1751479200,2025-07-02 18:00:00,2025-07-02 20:00:00,ringsted,26.4,74.0,1.43333,0.0,1007.94,64.6667,62.5
1751482800,2025-07-02 19:00:00,2025-07-02 21:00:00,ringsted,23.4,8.0,2.625,2.1,1008.04,73.6667,63.75
1751486400,2025-07-02 20:00:00,2025-07-02 22:00:00,ringsted,21.425,1.5,3.025,2.075,1008.31,86.0,86.1111
1751490000,2025-07-02 21:00:00,2025-07-02 23:00:00,ringsted,20.525,0.0,4.175,2.4,1009.52,88.75,85.5556
1751493600,2025-07-02 22:00:00,2025-07-03 00:00:00,ringsted,19.725,0.0,5.525,1.05,1009.17,89.25,86.5625
1751497200,2025-07-02 23:00:00,2025-07-03 01:00:00,ringsted,18.575,0.0,2.75,0.1,1007.87,89.5,59.2308
1751500800,2025-07-03 00:00:00,2025-07-03 02:00:00,ringsted,17.9333,0.0,1.0,0.0,1007.57,92.6667,49.1667
1751504400,2025-07-03 01:00:00,2025-07-03 03:00:00,ringsted,17.4,0.0,1.66667,0.0,1008.16,96.0,45.0
1751508000,2025-07-03 02:00:00,2025-07-03 04:00:00,ringsted,17.6,0.0,2.73333,0.0,1008.52,95.0,55.8333
1751511600,2025-07-03 03:00:00,2025-07-03 05:00:00,ringsted,17.8333,0.0,4.03333,0.075,1009.22,92.6667,59.1667
1751515200,2025-07-03 04:00:00,2025-07-03 06:00:00,ringsted,16.1333,11.5,6.13333,0.05,1010.38,91.0,51.6667
1751518800,2025-07-03 05:00:00,2025-07-03 07:00:00,ringsted,14.7,65.0,6.56667,0.0,1011.33,87.3333,61.4286
1751522400,2025-07-03 06:00:00,2025-07-03 08:00:00,ringsted,14.25,85.0,6.4,0.0,1011.99,84.25,55.0
1751526000,2025-07-03 07:00:00,2025-07-03 09:00:00,ringsted,14.75,342.0,6.25,0.0,1012.55,76.5,39.1667
1751529600,2025-07-03 08:00:00,2025-07-03 10:00:00,ringsted,16.025,522.5,7.15,0.0,1013.01,67.5,25.8333
1751533200,2025-07-03 09:00:00,2025-07-03 11:00:00,ringsted,17.025,670.5,7.85,0.0,1013.75,61.5,17.7778
1751536800,2025-07-03 10:00:00,2025-07-03 12:00:00,ringsted,17.85,769.5,8.525,0.0,1014.57,56.75,11.1111
1751540400,2025-07-03 11:00:00,2025-07-03 13:00:00,ringsted,18.525,839.0,9.0,0.0,1015.53,53.25,7.5
1751544000,2025-07-03 12:00:00,2025-07-03 14:00:00,ringsted,19.15,859.0,9.25,0.0,1015.93,49.5,3.33333
1751547600,2025-07-03 13:00:00,2025-07-03 15:00:00,ringsted,19.4,826.0,9.375,0.0,1016.45,48.25,0.0
1751551200,2025-07-03 14:00:00,2025-07-03 16:00:00,ringsted,19.6,757.0,8.825,0.0,1017.1,47.0,3.33333
1751554800,2025-07-03 15:00:00,2025-07-03 17:00:00,ringsted,19.625,652.0,8.45,0.0,1017.45,47.5,11.9444
1751558400,2025-07-03 16:00:00,2025-07-03 18:00:00,ringsted,19.35,538.0,7.975,0.0,1017.95,49.0,18.3333
1751562000,2025-07-03 17:00:00,2025-07-03 19:00:00,ringsted,18.7,393.0,7.75,0.0,1018.43,50.25,2.5
1751565600,2025-07-03 18:00:00,2025-07-03 20:00:00,ringsted,17.95,247.0,6.75,0.0,1018.79,52.75,5.33333
1751569200,2025-07-03 19:00:00,2025-07-03 21:00:00,ringsted,16.75,98.0,5.625,0.0,1019.27,56.75,11.25
1751572800,2025-07-03 20:00:00,2025-07-03 22:00:00,ringsted,15.175,16.5,4.2,0.0,1019.61,64.5,0.0
1751576400,2025-07-03 21:00:00,2025-07-03 23:00:00,ringsted,13.5,0.0,3.225,0.0,1019.97,71.75,2.0
1751580000,2025-07-03 22:00:00,2025-07-04 00:00:00,ringsted,12.65,0.0,2.875,0.0,1020.23,76.0,0.0
1751583600,2025-07-03 23:00:00,2025-07-04 01:00:00,ringsted,11.875,0.0,2.7,0.0,1020.22,80.0,0.0
1751587200,2025-07-04 00:00:00,2025-07-04 02:00:00,ringsted,11.35,0.0,2.55,0.0,1020.32,83.0,0.0
1751590800,2025-07-04 01:00:00,2025-07-04 03:00:00,ringsted,10.975,0.0,2.475,0.0,1020.45,85.75,0.0
1751594400,2025-07-04 02:00:00,2025-07-04 04:00:00,ringsted,10.65,0.0,2.05,0.0,1020.34,88.75,0.0
1751598000,2025-07-04 03:00:00,2025-07-04 05:00:00,ringsted,10.35,2.0,1.75,0.0,1020.21,91.0,0.0
1751601600,2025-07-04 04:00:00,2025-07-04 06:00:00,ringsted,10.45,39.5,1.675,0.0,1020.15,93.0,9.375
1751605200,2025-07-04 05:00:00,2025-07-04 07:00:00,ringsted,12.325,142.0,1.95,0.0,1020.19,90.5,34.7059
1751608800,2025-07-04 06:00:00,2025-07-04 08:00:00,ringsted,14.45,266.0,3.225,0.0,1020.18,82.75,34.1667
1751612400,2025-07-04 07:00:00,2025-07-04 09:00:00,ringsted,15.475,350.0,4.525,0.0,1020.12,75.0,48.6111
1751616000,2025-07-04 08:00:00,2025-07-04 10:00:00,ringsted,16.275,392.0,4.85,0.0,1019.81,69.75,49.4444
1751619600,2025-07-04 09:00:00,2025-07-04 11:00:00,ringsted,16.95,433.5,5.63333,0.0,1019.56,66.3333,30.2778
1751623200,2025-07-04 10:00:00,2025-07-04 12:00:00,ringsted,18.125,698.0,5.35,0.0,1019.5,60.25,31.3889
1751626800,2025-07-04 11:00:00,2025-07-04 13:00:00,ringsted,18.725,672.0,5.8,0.0,1019.12,56.0,35.2778
1751630400,2025-07-04 12:00:00,2025-07-04 14:00:00,ringsted,19.1,568.5,5.725,0.0,1018.63,55.25,40.8333
1751634000,2025-07-04 13:00:00,2025-07-04 15:00:00,ringsted,19.3,518.0,5.55,0.0,1018.36,56.25,60.2778
1751637600,2025-07-04 14:00:00,2025-07-04 16:00:00,ringsted,18.75,480.5,5.425,0.175,1017.68,60.25,54.7222
1751641200,2025-07-04 15:00:00,2025-07-04 17:00:00,ringsted,19.2,484.0,5.225,0.0,1016.89,60.25,55.8333
1751644800,2025-07-04 16:00:00,2025-07-04 18:00:00,ringsted,18.95,279.0,5.425,0.0,1016.32,63.25,66.1111
1751648400,2025-07-04 17:00:00,2025-07-04 19:00:00,ringsted,18.125,128.0,4.925,0.175,1016.12,67.75,66.1111
1751652000,2025-07-04 18:00:00,2025-07-04 20:00:00,ringsted,17.25,54.0,3.85,0.025,1015.95,74.0,65.0
1751655600,2025-07-04 19:00:00,2025-07-04 21:00:00,ringsted,16.9,32.5,3.475,0.0,1015.6,75.25,67.2222
1751659200,2025-07-04 20:00:00,2025-07-04 22:00:00,ringsted,16.35,6.0,2.95,0.025,1015.28,77.5,63.8889
1751662800,2025-07-04 21:00:00,2025-07-04 23:00:00,ringsted,15.75,0.0,2.6,0.0,1014.79,77.0,65.5556
1751666400,2025-07-04 22:00:00,2025-07-05 00:00:00,ringsted,15.425,0.0,2.7,0.0,1014.26,75.25,68.3333
1751670000,2025-07-04 23:00:00,2025-07-05 01:00:00,ringsted,15.15,0.0,2.575,0.0,1013.56,77.5,68.8889
1751673600,2025-07-05 00:00:00,2025-07-05 02:00:00,ringsted,14.875,0.0,2.75,0.0,1012.58,80.5,66.6667
1751677200,2025-07-05 01:00:00,2025-07-05 03:00:00,ringsted,14.9,0.0,3.0,0.0,1011.68,81.5,69.4444
1751680800,2025-07-05 02:00:00,2025-07-05 04:00:00,ringsted,15.125,0.0,3.0,0.0,1010.82,82.0,71.6667
1751684400,2025-07-05 03:00:00,2025-07-05 05:00:00,ringsted,15.25,0.0,3.35,0.1,1010.08,81.25,83.8889
1751688000,2025-07-05 04:00:00,2025-07-05 06:00:00,ringsted,15.125,3.5,3.7,0.45,1009.43,85.5,96.6667
1751691600,2025-07-05 05:00:00,2025-07-05 07:00:00,ringsted,14.975,24.0,4.0,0.925,1008.73,88.25,85.0
1751695200,2025-07-05 06:00:00,2025-07-05 08:00:00,ringsted,15.1,65.5,4.175,0.575,1007.91,88.75,70.5556
1751698800,2025-07-05 07:00:00,2025-07-05 09:00:00,ringsted,15.925,142.5,4.75,0.025,1007.57,85.5,91.1111
1751702400,2025-07-05 08:00:00,2025-07-05 10:00:00,ringsted,16.35,141.0,5.35,0.125,1007.22,84.0,95.0
1751706000,2025-07-05 09:00:00,2025-07-05 11:00:00,ringsted,15.975,137.0,4.9,0.475,1006.72,87.5,75.0
1751709600,2025-07-05 10:00:00,2025-07-05 12:00:00,ringsted,16.1,133.0,4.725,0.1,1006.27,88.0,75.5556
1751713200,2025-07-05 11:00:00,2025-07-05 13:00:00,ringsted,16.475,122.5,5.675,0.025,1005.92,84.25,70.0
1751716800,2025-07-05 12:00:00,2025-07-05 14:00:00,ringsted,16.05,174.0,6.425,0.175,1005.56,88.25,68.8889
1751720400,2025-07-05 13:00:00,2025-07-05 15:00:00,ringsted,16.625,235.0,6.875,0.0,1005.22,87.5,68.8889
1751724000,2025-07-05 14:00:00,2025-07-05 16:00:00,ringsted,17.55,294.5,7.1,0.0,1004.95,83.25,66.6667
1751727600,2025-07-05 15:00:00,2025-07-05 17:00:00,ringsted,17.65,231.5,6.975,0.025,1004.72,83.0,71.6667
1751731200,2025-07-05 16:00:00,2025-07-05 18:00:00,ringsted,17.35,142.5,6.875,0.0,1004.48,85.5,67.7778
1751734800,2025-07-05 17:00:00,2025-07-05 19:00:00,ringsted,17.125,66.0,6.65,0.1,1004.14,87.25,70.5556
1751738400,2025-07-05 18:00:00,2025-07-05 20:00:00,ringsted,17.025,42.0,6.25,0.05,1003.86,87.75,72.7778
1751742000,2025-07-05 19:00:00,2025-07-05 21:00:00,ringsted,16.825,18.0,6.55,0.05,1004.06,88.75,73.8889
1751745600,2025-07-05 20:00:00,2025-07-05 22:00:00,ringsted,16.525,5.0,5.6,0.125,1004.07,89.25,76.6667
1751749200,2025-07-05 21:00:00,2025-07-05 23:00:00,ringsted,16.325,0.0,4.825,0.05,1003.88,91.0,76.6667
1751752800,2025-07-05 22:00:00,2025-07-06 00:00:00,ringsted,16.325,0.0,5.175,0.625,1003.8,91.5,77.2222
1751756400,2025-07-05 23:00:00,2025-07-06 01:00:00,ringsted,16.1,0.0,4.7,0.025,1003.64,90.75,65.0
1751760000,2025-07-06 00:00:00,2025-07-06 02:00:00,ringsted,16.05,0.0,3.925,0.0,1003.13,91.5,67.2222
1751763600,2025-07-06 01:00:00,2025-07-06 03:00:00,ringsted,16.2,0.0,3.65,0.0,1002.55,91.75,66.6667
1751767200,2025-07-06 02:00:00,2025-07-06 04:00:00,ringsted,16.25,0.0,3.2,0.0,1001.92,92.5,63.3333
1751770800,2025-07-06 03:00:00,2025-07-06 05:00:00,ringsted,15.85,0.0,2.7,0.0,1001.71,93.75,58.6111
1751774400,2025-07-06 04:00:00,2025-07-06 06:00:00,ringsted,16.0,19.0,2.975,0.0,1001.37,93.25,61.3889
1751778000,2025-07-06 05:00:00,2025-07-06 07:00:00,ringsted,16.45,84.0,3.575,0.0,1001.12,91.75,67.7778
1751781600,2025-07-06 06:00:00,2025-07-06 08:00:00,ringsted,17.025,122.5,4.075,0.0,1000.74,91.0,68.3333
1751785200,2025-07-06 07:00:00,2025-07-06 09:00:00,ringsted,17.15,91.0,4.55,0.15,1000.54,92.0,77.2222
1751788800,2025-07-06 08:00:00,2025-07-06 10:00:00,ringsted,17.225,127.5,4.4,0.225,1000.17,93.5,67.2222
1751792400,2025-07-06 09:00:00,2025-07-06 11:00:00,ringsted,17.95,261.0,4.825,0.0,999.942,91.5,66.6667
1751796000,2025-07-06 10:00:00,2025-07-06 12:00:00,ringsted,19.075,423.0,5.7,0.0,999.817,85.5,64.1667
1751799600,2025-07-06 11:00:00,2025-07-06 13:00:00,ringsted,20.15,561.0,6.125,0.0,999.642,79.25,60.5556
1751803200,2025-07-06 12:00:00,2025-07-06 14:00:00,ringsted,21.1,639.5,6.225,0.0,999.592,73.75,41.9444
1751806800,2025-07-06 13:00:00,2025-07-06 15:00:00,ringsted,21.675,540.0,5.975,0.0,999.617,69.0,58.0556
1751810400,2025-07-06 14:00:00,2025-07-06 16:00:00,ringsted,21.175,335.0,5.675,0.0,999.571,71.75,66.1111
1751814000,2025-07-06 15:00:00,2025-07-06 17:00:00,ringsted,20.25,210.5,4.15,0.125,999.213,77.0,67.2222
1751817600,2025-07-06 16:00:00,2025-07-06 18:00:00,ringsted,20.0,174.5,3.7,0.0,999.1,76.75,58.8889
1751821200,2025-07-06 17:00:00,2025-07-06 19:00:00,ringsted,19.925,220.0,3.725,0.0,998.742,76.25,63.0556
1751824800,2025-07-06 18:00:00,2025-07-06 20:00:00,ringsted,19.225,115.0,2.725,0.0,998.287,78.75,57.5
1751828400,2025-07-06 19:00:00,2025-07-06 21:00:00,ringsted,18.15,24.5,1.925,0.0,998.062,84.0,88.8889
1751832000,2025-07-06 20:00:00,2025-07-06 22:00:00,ringsted,17.275,1.5,2.075,0.3,997.821,88.0,69.4444
1751835600,2025-07-06 21:00:00,2025-07-06 23:00:00,ringsted,16.7,0.0,1.975,0.0,997.596,91.0,68.3333
1751839200,2025-07-06 22:00:00,2025-07-07 00:00:00,ringsted,16.275,0.0,1.125,0.125,997.321,95.0,65.5556
1751842800,2025-07-06 23:00:00,2025-07-07 01:00:00,ringsted,16.0,0.0,1.5,0.025,996.946,96.25,66.1111
1751846400,2025-07-07 00:00:00,2025-07-07 02:00:00,ringsted,15.8,0.0,1.05,0.7,996.492,96.25,85.5556
1751850000,2025-07-07 01:00:00,2025-07-07 03:00:00,ringsted,15.525,0.0,0.75,0.725,996.125,97.0,94.4444
1751853600,2025-07-07 02:00:00,2025-07-07 04:00:00,ringsted,15.35,0.0,0.9,0.725,995.679,97.75,96.6667
1751857200,2025-07-07 03:00:00,2025-07-07 05:00:00,ringsted,15.275,0.0,1.3,3.375,995.471,97.75,96.6667
1751860800,2025-07-07 04:00:00,2025-07-07 06:00:00,ringsted,14.95,7.0,2.5,2.15,995.533,97.75,91.6667
1751864400,2025-07-07 05:00:00,2025-07-07 07:00:00,ringsted,14.6,18.5,3.6,3.15,995.696,97.25,71.6667
1751868000,2025-07-07 06:00:00,2025-07-07 08:00:00,ringsted,14.475,54.5,3.65,0.425,995.987,96.25,67.7778
1751871600,2025-07-07 07:00:00,2025-07-07 09:00:00,ringsted,14.85,241.0,3.2,0.275,996.213,95.0,55.2778
1751875200,2025-07-07 08:00:00,2025-07-07 10:00:00,ringsted,15.575,224.5,3.7,0.0,996.317,91.5,56.6667
1751878800,2025-07-07 09:00:00,2025-07-07 11:00:00,ringsted,16.4,424.5,3.725,0.075,996.546,85.25,55.8333
1751882400,2025-07-07 10:00:00,2025-07-07 12:00:00,ringsted,17.075,555.0,3.55,0.125,996.588,81.25,63.0556
1751886000,2025-07-07 11:00:00,2025-07-07 13:00:00,ringsted,17.85,513.0,3.05,0.0,996.2,75.25,64.4444
1751889600,2025-07-07 12:00:00,2025-07-07 14:00:00,ringsted,18.975,644.5,3.525,0.0,996.325,68.0,59.7222
1751893200,2025-07-07 13:00:00,2025-07-07 15:00:00,ringsted,19.3,547.0,3.85,0.0,996.392,64.75,62.5
1751896800,2025-07-07 14:00:00,2025-07-07 16:00:00,ringsted,19.425,540.5,3.8,0.0,996.438,63.5,55.0
1751900400,2025-07-07 15:00:00,2025-07-07 17:00:00,ringsted,19.425,285.0,3.5,0.0,996.465,63.5,53.3333
1751904000,2025-07-07 16:00:00,2025-07-07 18:00:00,ringsted,19.025,222.5,2.9,0.0,996.554,66.5,49.4444
1751907600,2025-07-07 17:00:00,2025-07-07 19:00:00,ringsted,18.85,176.5,2.925,0.0,996.675,66.75,38.0556
1751911200,2025-07-07 18:00:00,2025-07-07 20:00:00,ringsted,18.425,146.5,2.65,0.0,996.763,68.5,30.7143
1751914800,2025-07-07 19:00:00,2025-07-07 21:00:00,ringsted,17.325,82.0,2.65,0.0,996.9,74.5,43.6111
1751918400,2025-07-07 20:00:00,2025-07-07 22:00:00,ringsted,16.35,12.0,2.05,0.0,997.233,80.25,61.9444
1751922000,2025-07-07 21:00:00,2025-07-07 23:00:00,ringsted,15.35,0.0,2.325,0.0,997.579,83.25,51.3889
1751925600,2025-07-07 22:00:00,2025-07-08 00:00:00,ringsted,14.925,0.0,2.75,0.0,997.983,85.5,63.3333
1751929200,2025-07-07 23:00:00,2025-07-08 01:00:00,ringsted,14.5,0.0,2.95,0.0,998.129,86.0,63.8889
1751932800,2025-07-08 00:00:00,2025-07-08 02:00:00,ringsted,14.0,0.0,2.775,0.0,998.261,86.5,63.3333
1751936400,2025-07-08 01:00:00,2025-07-08 03:00:00,ringsted,13.1,0.0,2.45,0.0,998.592,89.25,41.1111
1751940000,2025-07-08 02:00:00,2025-07-08 04:00:00,ringsted,12.2,0.0,2.275,0.0,999.108,92.25,48.0556
1751943600,2025-07-08 03:00:00,2025-07-08 05:00:00,ringsted,11.9,0.5,1.85,0.0,999.321,93.5,29.7222
1751947200,2025-07-08 04:00:00,2025-07-08 06:00:00,ringsted,11.95,27.0,1.85,0.0,999.588,94.25,31.1538
1751950800,2025-07-08 05:00:00,2025-07-08 07:00:00,ringsted,12.925,92.0,1.975,0.0,999.796,91.75,24.4444
1751954400,2025-07-08 06:00:00,2025-07-08 08:00:00,ringsted,14.525,216.5,3.2,0.0,1000.01,85.0,40.0
1751958000,2025-07-08 07:00:00,2025-07-08 09:00:00,ringsted,15.525,325.0,3.6,0.0,1000.28,81.0,55.0
1751961600,2025-07-08 08:00:00,2025-07-08 10:00:00,ringsted,16.325,398.0,3.475,0.0,1000.48,77.25,55.2778
1751965200,2025-07-08 09:00:00,2025-07-08 11:00:00,ringsted,17.1,367.5,3.625,0.0,1000.89,73.0,38.5294
1751968800,2025-07-08 10:00:00,2025-07-08 12:00:00,ringsted,17.725,410.0,3.425,0.0,1001.36,70.25,54.1667
1751972400,2025-07-08 11:00:00,2025-07-08 13:00:00,ringsted,18.075,413.0,3.25,0.0,1001.72,69.5,51.6667
1751976000,2025-07-08 12:00:00,2025-07-08 14:00:00,ringsted,18.075,458.0,3.15,0.025,1002.24,71.0,57.5
1751979600,2025-07-08 13:00:00,2025-07-08 15:00:00,ringsted,18.9,701.5,3.25,0.0,1002.67,67.75,55.8333
1751983200,2025-07-08 14:00:00,2025-07-08 16:00:00,ringsted,18.175,271.0,2.8,0.366667,1003.07,73.25,50.2778
1751986800,2025-07-08 15:00:00,2025-07-08 17:00:00,ringsted,18.925,398.5,2.5,0.0,1003.52,70.5,58.0556
1751990400,2025-07-08 16:00:00,2025-07-08 18:00:00,ringsted,18.125,222.5,2.875,1.225,1003.93,75.0,48.0556
1751994000,2025-07-08 17:00:00,2025-07-08 19:00:00,ringsted,17.6,186.5,3.025,0.125,1004.4,78.75,28.6111
1751997600,2025-07-08 18:00:00,2025-07-08 20:00:00,ringsted,17.275,240.0,3.65,0.0,1005.0,78.0,20.8824
1752001200,2025-07-08 19:00:00,2025-07-08 21:00:00,ringsted,16.35,111.0,3.475,0.0,1005.6,78.75,19.2857
1752004800,2025-07-08 20:00:00,2025-07-08 22:00:00,ringsted,14.9,17.0,2.625,0.0,1006.11,83.0,22.0833
1752008400,2025-07-08 21:00:00,2025-07-08 23:00:00,ringsted,13.5,0.0,1.775,0.0,1006.53,88.25,31.6667
1752012000,2025-07-08 22:00:00,2025-07-09 00:00:00,ringsted,12.55,0.0,2.03333,0.0,1006.85,91.25,10.4167
1752015600,2025-07-08 23:00:00,2025-07-09 01:00:00,ringsted,12.35,0.0,1.625,0.0,1007.23,91.75,8.46154
1752019200,2025-07-09 00:00:00,2025-07-09 02:00:00,ringsted,11.925,0.0,1.225,0.0,1007.3,92.75,68.3333
1752022800,2025-07-09 01:00:00,2025-07-09 03:00:00,ringsted,12.6,0.0,1.525,0.0,1007.52,93.25,78.3333
1752026400,2025-07-09 02:00:00,2025-07-09 04:00:00,ringsted,13.3,0.0,1.65,0.0,1007.7,92.75,67.7778
1752030000,2025-07-09 03:00:00,2025-07-09 05:00:00,ringsted,13.775,0.0,1.75,0.0,1007.79,92.75,78.6111
1752033600,2025-07-09 04:00:00,2025-07-09 06:00:00,ringsted,14.3,22.0,2.425,0.0,1008.12,91.75,66.6667
1752037200,2025-07-09 05:00:00,2025-07-09 07:00:00,ringsted,15.025,95.0,2.55,0.0,1008.62,90.5,57.2222
1752040800,2025-07-09 06:00:00,2025-07-09 08:00:00,ringsted,16.025,124.5,3.05,0.0,1009.15,87.0,46.3889
1752044400,2025-07-09 07:00:00,2025-07-09 09:00:00,ringsted,17.0,294.0,3.6,0.0,1009.63,82.75,56.3889
1752048000,2025-07-09 08:00:00,2025-07-09 10:00:00,ringsted,18.15,429.5,4.1,0.0,1010.12,76.75,52.2222
1752051600,2025-07-09 09:00:00,2025-07-09 11:00:00,ringsted,18.35,413.5,4.4,0.0,1010.71,76.5,65.5556
1752055200,2025-07-09 10:00:00,2025-07-09 12:00:00,ringsted,18.325,378.0,4.625,0.1,1011.16,76.75,66.1111
1752058800,2025-07-09 11:00:00,2025-07-09 13:00:00,ringsted,18.175,338.0,4.575,0.025,1011.46,78.75,66.6667
1752062400,2025-07-09 12:00:00,2025-07-09 14:00:00,ringsted,18.575,447.0,4.7,0.325,1011.85,76.5,56.6667
1752066000,2025-07-09 13:00:00,2025-07-09 15:00:00,ringsted,19.15,491.0,4.325,0.0,1012.2,74.5,56.3889
1752069600,2025-07-09 14:00:00,2025-07-09 16:00:00,ringsted,19.775,641.0,4.65,0.0,1012.45,68.5,36.3889
1752073200,2025-07-09 15:00:00,2025-07-09 17:00:00,ringsted,19.9,443.0,4.725,0.0,1012.8,64.0,24.7222
1752076800,2025-07-09 16:00:00,2025-07-09 18:00:00,ringsted,20.45,422.0,4.325,0.0,1012.84,59.75,5.66667
1752080400,2025-07-09 17:00:00,2025-07-09 19:00:00,ringsted,20.275,331.0,3.825,0.0,1013.15,60.5,7.1875
1752084000,2025-07-09 18:00:00,2025-07-09 20:00:00,ringsted,19.525,139.5,3.1,0.0,1013.34,65.5,13.8889
1752087600,2025-07-09 19:00:00,2025-07-09 21:00:00,ringsted,18.6,64.5,2.375,0.0,1013.7,72.5,39.4444
1752091200,2025-07-09 20:00:00,2025-07-09 22:00:00,ringsted,17.525,10.0,2.2,0.0,1013.92,79.75,59.7222
1752094800,2025-07-09 21:00:00,2025-07-09 23:00:00,ringsted,16.275,0.0,2.275,0.0,1014.12,86.0,62.5
1752098400,2025-07-09 22:00:00,2025-07-10 00:00:00,ringsted,15.55,0.0,2.125,0.0,1014.31,89.75,63.0556
1752102000,2025-07-09 23:00:00,2025-07-10 01:00:00,ringsted,15.325,0.0,2.025,0.0,1014.36,91.0,42.2222
1752105600,2025-07-10 00:00:00,2025-07-10 02:00:00,ringsted,14.775,0.0,1.875,0.0,1014.39,92.5,29.4444
1752109200,2025-07-10 01:00:00,2025-07-10 03:00:00,ringsted,13.925,0.0,1.675,0.0,1014.4,93.0,3.84615
1752112800,2025-07-10 02:00:00,2025-07-10 04:00:00,ringsted,13.325,0.0,1.675,0.0,1014.58,93.25,0.0
1752116400,2025-07-10 03:00:00,2025-07-10 05:00:00,ringsted,12.875,0.5,1.725,0.0,1014.67,91.5,3.33333
1752120000,2025-07-10 04:00:00,2025-07-10 06:00:00,ringsted,12.35,16.5,1.775,0.0,1014.72,92.25,53.3333
1752123600,2025-07-10 05:00:00,2025-07-10 07:00:00,ringsted,13.75,78.0,2.0,0.0,1014.78,88.0,66.1111
1752127200,2025-07-10 06:00:00,2025-07-10 08:00:00,ringsted,15.2,208.5,2.525,0.0,1015.05,81.5,51.1111
1752130800,2025-07-10 07:00:00,2025-07-10 09:00:00,ringsted,16.8,348.5,3.6,0.0,1015.21,70.75,27.6923
1752134400,2025-07-10 08:00:00,2025-07-10 10:00:00,ringsted,18.325,542.5,4.05,0.0,1015.4,62.0,4.375
1752138000,2025-07-10 09:00:00,2025-07-10 11:00:00,ringsted,19.65,673.5,3.825,0.0,1015.44,56.25,0.0
1752141600,2025-07-10 10:00:00,2025-07-10 12:00:00,ringsted,20.45,766.0,4.225,0.0,1015.49,50.5,0.0
1752145200,2025-07-10 11:00:00,2025-07-10 13:00:00,ringsted,21.1,822.5,3.875,0.0,1015.49,46.5,1.66667
1752148800,2025-07-10 12:00:00,2025-07-10 14:00:00,ringsted,21.6,814.0,3.175,0.0,1015.45,44.75,3.82353
1752152400,2025-07-10 13:00:00,2025-07-10 15:00:00,ringsted,21.925,791.5,3.575,0.0,1015.2,45.75,1.53846
1752156000,2025-07-10 14:00:00,2025-07-10 16:00:00,ringsted,22.225,731.0,3.6,0.0,1014.96,45.0,8.75
1752159600,2025-07-10 15:00:00,2025-07-10 17:00:00,ringsted,22.2,646.0,3.725,0.0,1014.95,45.5,10.4167
1752163200,2025-07-10 16:00:00,2025-07-10 18:00:00,ringsted,21.8,512.0,3.725,0.0,1014.72,50.0,0.0
1752166800,2025-07-10 17:00:00,2025-07-10 19:00:00,ringsted,21.3,361.0,3.75,0.0,1014.59,54.75,5.66667
1752170400,2025-07-10 18:00:00,2025-07-10 20:00:00,ringsted,20.45,232.0,3.6,0.0,1014.62,61.0,1.92308
1752174000,2025-07-10 19:00:00,2025-07-10 21:00:00,ringsted,19.1,105.5,3.225,0.0,1014.75,69.0,0.0
1752177600,2025-07-10 20:00:00,2025-07-10 22:00:00,ringsted,17.3,17.5,2.15,0.0,1014.82,76.5,0.0
1752181200,2025-07-10 21:00:00,2025-07-10 23:00:00,ringsted,15.625,0.0,1.775,0.0,1014.74,83.5,0.0
1752184800,2025-07-10 22:00:00,2025-07-11 00:00:00,ringsted,14.3,0.0,1.725,0.0,1014.53,88.25,0.0
1752188400,2025-07-10 23:00:00,2025-07-11 01:00:00,ringsted,13.475,0.0,1.625,0.0,1014.33,91.5,0.0
1752192000,2025-07-11 00:00:00,2025-07-11 02:00:00,ringsted,13.5,0.0,1.575,0.0,1013.97,93.5,0.0
1752195600,2025-07-11 01:00:00,2025-07-11 03:00:00,ringsted,13.75,0.0,2.0,0.0,1013.61,94.0,1.66667
1752199200,2025-07-11 02:00:00,2025-07-11 04:00:00,ringsted,14.25,0.0,2.75,0.0,1013.23,94.5,3.33333
1752202800,2025-07-11 03:00:00,2025-07-11 05:00:00,ringsted,15.05,0.5,3.85,0.025,1013.02,94.25,7.08333
1752206400,2025-07-11 04:00:00,2025-07-11 06:00:00,ringsted,15.475,25.5,3.9,0.05,1012.9,94.75,11.25
1752210000,2025-07-11 05:00:00,2025-07-11 07:00:00,ringsted,16.1,85.0,4.525,0.05,1012.74,93.0,30.3125
1752213600,2025-07-11 06:00:00,2025-07-11 08:00:00,ringsted,17.075,251.5,4.5,0.0,1012.7,89.25,15.9375
1752217200,2025-07-11 07:00:00,2025-07-11 09:00:00,ringsted,18.475,402.5,5.2,0.0,1012.28,80.5,0.0
1752220800,2025-07-11 08:00:00,2025-07-11 10:00:00,ringsted,19.475,435.0,5.75,0.0,1012.24,73.25,3.57143
1752224400,2025-07-11 09:00:00,2025-07-11 11:00:00,ringsted,19.975,540.5,6.425,0.0,1012.02,69.5,29.6429
1752228000,2025-07-11 10:00:00,2025-07-11 12:00:00,ringsted,19.925,616.0,6.55,0.0,1011.75,70.25,45.0
1752231600,2025-07-11 11:00:00,2025-07-11 13:00:00,ringsted,19.85,634.5,6.375,0.0,1011.49,70.75,35.8333
1752235200,2025-07-11 12:00:00,2025-07-11 14:00:00,ringsted,20.225,547.0,5.775,0.0,1011.29,67.75,35.0
1752238800,2025-07-11 13:00:00,2025-07-11 15:00:00,ringsted,19.875,377.5,5.275,0.0,1011.32,69.0,32.7778
1752242400,2025-07-11 14:00:00,2025-07-11 16:00:00,ringsted,20.125,357.5,4.45,0.0,1011.33,65.5,53.8889
1752246000,2025-07-11 15:00:00,2025-07-11 17:00:00,ringsted,19.425,147.5,3.5,0.35,1011.27,70.25,56.1111
1752249600,2025-07-11 16:00:00,2025-07-11 18:00:00,ringsted,18.675,124.5,3.375,0.025,1011.04,76.25,66.6667
1752253200,2025-07-11 17:00:00,2025-07-11 19:00:00,ringsted,18.025,71.5,3.45,0.075,1010.97,80.75,68.3333
1752256800,2025-07-11 18:00:00,2025-07-11 20:00:00,ringsted,17.35,29.0,3.35,0.0,1011.18,81.0,70.5556
1752260400,2025-07-11 19:00:00,2025-07-11 21:00:00,ringsted,16.4,7.5,2.625,0.925,1010.9,85.5,58.0556
1752264000,2025-07-11 20:00:00,2025-07-11 22:00:00,ringsted,15.4,0.5,1.0,0.775,1010.33,92.5,71.6667
1752267600,2025-07-11 21:00:00,2025-07-11 23:00:00,ringsted,14.9,0.0,2.25,0.075,1009.81,94.0,66.6667
1752271200,2025-07-11 22:00:00,2025-07-12 00:00:00,ringsted,15.025,0.0,2.15,0.0,1009.4,95.0,66.6667
1752274800,2025-07-11 23:00:00,2025-07-12 01:00:00,ringsted,15.3,0.0,2.35,0.0,1008.66,94.75,67.2222
1752278400,2025-07-12 00:00:00,2025-07-12 02:00:00,ringsted,16.225,0.0,2.55,0.0,1008.33,92.25,68.3333
1752282000,2025-07-12 01:00:00,2025-07-12 03:00:00,ringsted,16.525,0.0,2.575,0.0,1007.91,87.5,64.4444
1752285600,2025-07-12 02:00:00,2025-07-12 04:00:00,ringsted,16.35,0.0,2.6,0.0,1007.63,84.25,61.9444
1752289200,2025-07-12 03:00:00,2025-07-12 05:00:00,ringsted,16.05,0.5,3.025,0.0,1007.37,80.5,66.6667
1752292800,2025-07-12 04:00:00,2025-07-12 06:00:00,ringsted,16.1,7.0,3.375,0.0,1006.8,77.0,62.7778
1752296400,2025-07-12 05:00:00,2025-07-12 07:00:00,ringsted,16.25,43.5,3.575,0.125,1006.57,76.75,44.7222
1752300000,2025-07-12 06:00:00,2025-07-12 08:00:00,ringsted,16.925,119.5,4.65,0.0,1006.75,75.5,48.6111
1752303600,2025-07-12 07:00:00,2025-07-12 09:00:00,ringsted,17.775,251.5,5.475,0.0,1007.07,74.0,65.5556
1752307200,2025-07-12 08:00:00,2025-07-12 10:00:00,ringsted,18.025,227.0,5.25,0.0,1007.02,75.75,68.3333
1752310800,2025-07-12 09:00:00,2025-07-12 11:00:00,ringsted,17.525,170.5,4.7,0.775,1006.8,81.5,70.5556
1752314400,2025-07-12 10:00:00,2025-07-12 12:00:00,ringsted,16.95,197.5,3.8,0.2,1006.95,90.25,67.2222
1752318000,2025-07-12 11:00:00,2025-07-12 13:00:00,ringsted,17.7,164.5,3.4,0.0,1007.13,88.0,66.6667
1752321600,2025-07-12 12:00:00,2025-07-12 14:00:00,ringsted,18.275,192.5,3.675,0.025,1007.12,87.75,62.2222
1752325200,2025-07-12 13:00:00,2025-07-12 15:00:00,ringsted,19.475,304.0,3.8,0.0,1007.14,83.5,67.7778
1752328800,2025-07-12 14:00:00,2025-07-12 16:00:00,ringsted,19.875,335.5,4.325,0.025,1007.32,81.5,69.4444
1752332400,2025-07-12 15:00:00,2025-07-12 17:00:00,ringsted,20.075,337.0,4.225,0.125,1007.59,80.75,56.3889
1752336000,2025-07-12 16:00:00,2025-07-12 18:00:00,ringsted,19.95,310.0,4.375,0.0,1007.76,81.5,63.3333
1752339600,2025-07-12 17:00:00,2025-07-12 19:00:00,ringsted,19.2,120.5,3.925,0.0,1007.96,82.75,65.5556
1752343200,2025-07-12 18:00:00,2025-07-12 20:00:00,ringsted,18.2,51.0,3.575,0.05,1008.19,85.0,66.6667
1752346800,2025-07-12 19:00:00,2025-07-12 21:00:00,ringsted,17.25,26.5,4.1,0.0,1008.69,86.5,41.6667
1752350400,2025-07-12 20:00:00,2025-07-12 22:00:00,ringsted,16.35,4.5,3.85,0.0,1009.0,84.75,8.23529
1752354000,2025-07-12 21:00:00,2025-07-12 23:00:00,ringsted,15.35,0.0,3.375,0.0,1009.09,85.75,40.5556
1752357600,2025-07-12 22:00:00,2025-07-13 00:00:00,ringsted,14.8,0.0,2.975,0.0,1008.9,87.0,56.6667
1752361200,2025-07-12 23:00:00,2025-07-13 01:00:00,ringsted,14.875,0.0,3.35,0.0,1008.67,88.25,66.6667
1752364800,2025-07-13 00:00:00,2025-07-13 02:00:00,ringsted,15.175,0.0,3.625,0.025,1008.25,88.0,66.6667
1752368400,2025-07-13 01:00:00,2025-07-13 03:00:00,ringsted,15.35,0.0,4.275,0.0,1007.89,89.0,66.6667
1752372000,2025-07-13 02:00:00,2025-07-13 04:00:00,ringsted,15.15,0.0,4.275,0.2,1007.62,91.25,77.7778
1752375600,2025-07-13 03:00:00,2025-07-13 05:00:00,ringsted,15.025,0.0,4.325,0.425,1007.69,93.5,90.0
1752379200,2025-07-13 04:00:00,2025-07-13 06:00:00,ringsted,15.125,5.0,4.4,0.225,1007.77,95.0,82.2222
1752382800,2025-07-13 05:00:00,2025-07-13 07:00:00,ringsted,15.4,16.0,4.575,0.025,1007.58,95.5,80.0
1752386400,2025-07-13 06:00:00,2025-07-13 08:00:00,ringsted,15.775,40.0,4.525,0.0,1007.7,95.25,80.5556
1752390000,2025-07-13 07:00:00,2025-07-13 09:00:00,ringsted,16.3,74.5,4.475,0.0,1007.99,94.25,73.3333
1752393600,2025-07-13 08:00:00,2025-07-13 10:00:00,ringsted,17.05,217.5,5.0,0.0,1008.29,91.5,65.0
1752397200,2025-07-13 09:00:00,2025-07-13 11:00:00,ringsted,17.975,302.0,5.425,0.0,1008.56,86.5,62.7778
1752400800,2025-07-13 10:00:00,2025-07-13 12:00:00,ringsted,18.575,234.0,5.775,0.0,1008.7,82.25,66.6667
1752404400,2025-07-13 11:00:00,2025-07-13 13:00:00,ringsted,19.075,458.0,6.175,0.0,1008.71,78.75,56.9444
1752408000,2025-07-13 12:00:00,2025-07-13 14:00:00,ringsted,19.975,398.0,6.65,0.0,1008.58,75.0,31.6667
1752411600,2025-07-13 13:00:00,2025-07-13 15:00:00,ringsted,20.9,526.0,7.15,0.0,1008.46,70.0,25.9375
1752415200,2025-07-13 14:00:00,2025-07-13 16:00:00,ringsted,21.3,570.5,6.325,0.0,1008.6,67.5,55.0
1752418800,2025-07-13 15:00:00,2025-07-13 17:00:00,ringsted,21.2,423.0,5.475,0.0,1008.64,66.5,45.0
1752422400,2025-07-13 16:00:00,2025-07-13 18:00:00,ringsted,21.275,335.5,5.375,0.0,1008.58,65.25,38.0
1752426000,2025-07-13 17:00:00,2025-07-13 19:00:00,ringsted,20.725,203.5,4.375,0.0,1008.41,67.75,48.3333
1752429600,2025-07-13 18:00:00,2025-07-13 20:00:00,ringsted,20.5,181.5,3.9,0.0,1008.38,69.75,38.3333
1752433200,2025-07-13 19:00:00,2025-07-13 21:00:00,ringsted,19.675,88.0,3.475,0.0,1008.83,73.0,52.2222
1752436800,2025-07-13 20:00:00,2025-07-13 22:00:00,ringsted,18.55,8.0,2.975,0.0,1009.0,79.25,37.3529
1752440400,2025-07-13 21:00:00,2025-07-13 23:00:00,ringsted,17.575,0.0,3.425,0.0,1009.05,84.75,2.08333
1752444000,2025-07-13 22:00:00,2025-07-14 00:00:00,ringsted,16.775,0.0,3.15,0.0,1008.97,88.25,2.08333
1752447600,2025-07-13 23:00:00,2025-07-14 01:00:00,ringsted,16.2,0.0,2.45,0.0,1008.93,90.0,23.5714
1752451200,2025-07-14 00:00:00,2025-07-14 02:00:00,ringsted,15.85,0.0,2.475,0.0,1008.72,90.75,50.2778
1752454800,2025-07-14 01:00:00,2025-07-14 03:00:00,ringsted,15.7,0.0,2.375,0.0,1008.42,91.5,61.6667
1752458400,2025-07-14 02:00:00,2025-07-14 04:00:00,ringsted,15.7,0.0,2.325,0.0,1008.15,92.0,63.8889
1752462000,2025-07-14 03:00:00,2025-07-14 05:00:00,ringsted,15.7,0.0,2.325,0.0,1008.11,92.0,66.1111
1752465600,2025-07-14 04:00:00,2025-07-14 06:00:00,ringsted,15.875,14.5,1.975,0.0,1008.12,92.5,61.6667
1752469200,2025-07-14 05:00:00,2025-07-14 07:00:00,ringsted,16.45,67.0,2.425,0.0,1008.31,91.25,66.6667
1752472800,2025-07-14 06:00:00,2025-07-14 08:00:00,ringsted,17.075,96.5,2.825,0.0,1008.56,90.0,71.6667
1752476400,2025-07-14 07:00:00,2025-07-14 09:00:00,ringsted,17.8,184.0,3.1,0.0,1008.73,86.75,65.0
1752480000,2025-07-14 08:00:00,2025-07-14 10:00:00,ringsted,18.575,199.5,3.075,0.0,1008.91,82.75,47.7778
1752483600,2025-07-14 09:00:00,2025-07-14 11:00:00,ringsted,19.25,291.0,2.7,0.0,1009.01,80.0,32.5
1752487200,2025-07-14 10:00:00,2025-07-14 12:00:00,ringsted,20.225,421.0,2.675,0.0,1009.0,76.0,49.1667
1752490800,2025-07-14 11:00:00,2025-07-14 13:00:00,ringsted,20.85,502.0,2.775,0.0,1009.08,73.25,53.3333
1752494400,2025-07-14 12:00:00,2025-07-14 14:00:00,ringsted,21.475,708.5,3.0,0.0,1008.94,69.25,28.6111
1752498000,2025-07-14 13:00:00,2025-07-14 15:00:00,ringsted,22.025,592.5,2.775,0.0,1008.86,67.0,52.6471
1752501600,2025-07-14 14:00:00,2025-07-14 16:00:00,ringsted,21.875,551.0,3.15,0.0,1008.74,67.0,34.1176
1752505200,2025-07-14 15:00:00,2025-07-14 17:00:00,ringsted,21.425,288.5,2.525,0.0,1008.74,70.0,43.8889
1752508800,2025-07-14 16:00:00,2025-07-14 18:00:00,ringsted,21.175,362.0,2.825,0.0,1008.8,72.5,33.3333
1752512400,2025-07-14 17:00:00,2025-07-14 19:00:00,ringsted,20.875,217.5,2.225,0.0,1009.1,74.0,34.4444
1752516000,2025-07-14 18:00:00,2025-07-14 20:00:00,ringsted,20.275,91.5,1.425,0.0,1009.04,76.75,20.2778
1752519600,2025-07-14 19:00:00,2025-07-14 21:00:00,ringsted,19.7,90.0,1.06667,0.0,1009.21,82.0,43.8889
1752523200,2025-07-14 20:00:00,2025-07-14 22:00:00,ringsted,18.1,11.5,0.95,0.0,1009.62,89.0,33.6111
1752526800,2025-07-14 21:00:00,2025-07-14 23:00:00,ringsted,16.8,0.0,0.7,0.0,1009.67,92.25,21.875
1752530400,2025-07-14 22:00:00,2025-07-15 00:00:00,ringsted,15.65,0.0,0.6,0.0,1009.75,94.75,2.0
1752534000,2025-07-14 23:00:00,2025-07-15 01:00:00,ringsted,14.775,0.0,0.9,0.0,1009.68,96.25,2.94118
1752537600,2025-07-15 00:00:00,2025-07-15 02:00:00,ringsted,14.375,0.0,0.525,0.0,1009.72,97.25,6.07143
1752541200,2025-07-15 01:00:00,2025-07-15 03:00:00,ringsted,14.05,0.0,0.25,0.0,1009.77,98.0,26.6667
1752544800,2025-07-15 02:00:00,2025-07-15 04:00:00,ringsted,13.975,0.0,0.525,0.0,1009.4,98.25,10.0
1752548400,2025-07-15 03:00:00,2025-07-15 05:00:00,ringsted,13.575,0.0,0.575,0.0,1009.31,98.5,33.3333
1752552000,2025-07-15 04:00:00,2025-07-15 06:00:00,ringsted,13.85,20.5,0.725,0.0,1009.29,98.5,33.3333
1752555600,2025-07-15 05:00:00,2025-07-15 07:00:00,ringsted,15.1,86.5,0.525,0.0,1009.22,98.75,59.4444
1752559200,2025-07-15 06:00:00,2025-07-15 08:00:00,ringsted,16.525,141.0,0.975,0.0,1009.26,98.5,67.2222
1752562800,2025-07-15 07:00:00,2025-07-15 09:00:00,ringsted,17.45,221.5,1.075,0.0,1009.17,98.25,36.6667
1752566400,2025-07-15 08:00:00,2025-07-15 10:00:00,ringsted,18.95,283.5,1.5,0.0,1008.88,90.25,34.7222
1752570000,2025-07-15 09:00:00,2025-07-15 11:00:00,ringsted,20.525,492.5,1.925,0.0,1008.66,79.5,8.23529
1752573600,2025-07-15 10:00:00,2025-07-15 12:00:00,ringsted,21.75,499.0,2.575,0.0,1008.3,72.0,18.6111
1752577200,2025-07-15 11:00:00,2025-07-15 13:00:00,ringsted,21.25,444.0,3.4,8.725,1008.15,73.75,19.7222
1752580800,2025-07-15 12:00:00,2025-07-15 14:00:00,ringsted,21.7,581.0,3.65,0.0,1008.21,72.75,44.1667
1752584400,2025-07-15 13:00:00,2025-07-15 15:00:00,ringsted,20.6,372.0,5.175,0.0,1008.33,77.5,54.7222
1752588000,2025-07-15 14:00:00,2025-07-15 16:00:00,ringsted,18.525,174.5,4.45,0.275,1008.32,86.0,80.8333
1752591600,2025-07-15 15:00:00,2025-07-15 17:00:00,ringsted,17.675,180.5,3.925,1.2,1007.84,90.75,64.4444
1752595200,2025-07-15 16:00:00,2025-07-15 18:00:00,ringsted,17.6,179.0,3.85,0.175,1007.83,90.5,63.6111
1752598800,2025-07-15 17:00:00,2025-07-15 19:00:00,ringsted,17.525,67.0,3.975,0.0,1007.98,91.0,63.3333
1752602400,2025-07-15 18:00:00,2025-07-15 20:00:00,ringsted,17.3,37.5,3.5,0.0,1008.13,90.75,71.3889
1752606000,2025-07-15 19:00:00,2025-07-15 21:00:00,ringsted,16.975,12.0,3.4,0.075,1008.32,92.25,51.1111
1752609600,2025-07-15 20:00:00,2025-07-15 22:00:00,ringsted,16.475,1.0,3.875,0.15,1008.33,93.0,66.6667
1752613200,2025-07-15 21:00:00,2025-07-15 23:00:00,ringsted,15.95,0.0,3.775,0.05,1008.38,94.5,70.5556
1752616800,2025-07-15 22:00:00,2025-07-16 00:00:00,ringsted,15.675,0.0,4.125,0.025,1008.21,94.5,69.4444
1752620400,2025-07-15 23:00:00,2025-07-16 01:00:00,ringsted,15.425,0.0,4.275,0.0,1007.97,94.75,66.1111
1752624000,2025-07-16 00:00:00,2025-07-16 02:00:00,ringsted,15.275,0.0,4.225,0.0,1007.72,93.5,63.8889
1752627600,2025-07-16 01:00:00,2025-07-16 03:00:00,ringsted,14.975,0.0,3.975,0.0,1007.47,91.75,65.5556
1752631200,2025-07-16 02:00:00,2025-07-16 04:00:00,ringsted,14.7,0.0,3.7,0.0,1007.25,88.25,66.6667
1752634800,2025-07-16 03:00:00,2025-07-16 05:00:00,ringsted,14.425,0.0,3.5,0.0,1007.0,88.0,65.5556
1752638400,2025-07-16 04:00:00,2025-07-16 06:00:00,ringsted,14.4,10.0,3.125,0.0,1006.86,88.0,66.6667
1752642000,2025-07-16 05:00:00,2025-07-16 07:00:00,ringsted,14.7,33.5,3.425,0.0,1006.73,88.75,66.6667
1752645600,2025-07-16 06:00:00,2025-07-16 08:00:00,ringsted,15.15,69.0,3.65,0.0,1006.51,88.75,66.6667
1752649200,2025-07-16 07:00:00,2025-07-16 09:00:00,ringsted,15.975,146.0,4.2,0.0,1006.52,86.0,65.5556
1752652800,2025-07-16 08:00:00,2025-07-16 10:00:00,ringsted,16.675,258.5,4.2,0.0,1006.58,81.25,60.5556
1752656400,2025-07-16 09:00:00,2025-07-16 11:00:00,ringsted,17.7,420.5,4.775,0.0,1006.63,74.0,63.3333
1752660000,2025-07-16 10:00:00,2025-07-16 12:00:00,ringsted,18.5,419.0,4.95,0.0,1006.63,67.0,61.3889
1752663600,2025-07-16 11:00:00,2025-07-16 13:00:00,ringsted,19.05,497.0,4.825,0.0,1006.47,65.0,41.25
1752667200,2025-07-16 12:00:00,2025-07-16 14:00:00,ringsted,19.775,673.0,4.975,0.0,1006.05,60.25,40.5882
1752670800,2025-07-16 13:00:00,2025-07-16 15:00:00,ringsted,19.775,531.5,4.675,0.0,1005.87,61.25,50.2778
1752674400,2025-07-16 14:00:00,2025-07-16 16:00:00,ringsted,20.225,683.5,4.85,0.0,1005.77,58.5,50.0
1752678000,2025-07-16 15:00:00,2025-07-16 17:00:00,ringsted,19.85,444.5,4.8,0.0,1005.78,61.0,46.9444
1752681600,2025-07-16 16:00:00,2025-07-16 18:00:00,ringsted,18.75,172.5,4.2,0.0,1005.72,65.5,55.8333
1752685200,2025-07-16 17:00:00,2025-07-16 19:00:00,ringsted,17.825,77.0,3.575,0.0,1005.62,73.25,47.7778
1752688800,2025-07-16 18:00:00,2025-07-16 20:00:00,ringsted,17.225,68.5,3.275,0.025,1005.67,82.0,46.6667
1752692400,2025-07-16 19:00:00,2025-07-16 21:00:00,ringsted,16.825,49.0,3.0,0.0,1005.77,86.5,63.3333
1752696000,2025-07-16 20:00:00,2025-07-16 22:00:00,ringsted,16.45,5.5,2.95,0.0,1005.84,89.5,66.6667
1752699600,2025-07-16 21:00:00,2025-07-16 23:00:00,ringsted,16.275,0.0,3.025,0.0,1005.84,91.75,61.6667
1752703200,2025-07-16 22:00:00,2025-07-17 00:00:00,ringsted,16.15,0.0,2.55,0.0,1005.82,93.5,64.1667
1752706800,2025-07-16 23:00:00,2025-07-17 01:00:00,ringsted,16.325,0.0,2.8,0.025,1005.62,94.0,62.5
1752710400,2025-07-17 00:00:00,2025-07-17 02:00:00,ringsted,16.575,0.0,3.325,0.35,1005.11,95.25,65.0
1752714000,2025-07-17 01:00:00,2025-07-17 03:00:00,ringsted,16.8,0.0,2.9,0.15,1004.86,96.25,70.0
1752717600,2025-07-17 02:00:00,2025-07-17 04:00:00,ringsted,16.975,0.0,2.675,0.2,1004.68,97.0,76.1111
1752721200,2025-07-17 03:00:00,2025-07-17 05:00:00,ringsted,17.3,0.0,2.55,0.1,1004.72,97.5,63.6111
1752724800,2025-07-17 04:00:00,2025-07-17 06:00:00,ringsted,17.55,15.0,2.1,0.025,1004.79,97.25,67.5
1752728400,2025-07-17 05:00:00,2025-07-17 07:00:00,ringsted,18.025,57.0,2.55,0.025,1004.89,97.0,85.5556
1752732000,2025-07-17 06:00:00,2025-07-17 08:00:00,ringsted,18.775,122.5,2.775,0.0,1005.38,95.25,85.5556
1752735600,2025-07-17 07:00:00,2025-07-17 09:00:00,ringsted,19.5,139.5,3.275,0.0,1005.83,91.0,68.3333
1752739200,2025-07-17 08:00:00,2025-07-17 10:00:00,ringsted,20.025,234.5,3.45,0.0,1006.22,86.25,61.6667
1752742800,2025-07-17 09:00:00,2025-07-17 11:00:00,ringsted,20.9,363.0,3.3,0.025,1006.56,82.5,61.6667
1752746400,2025-07-17 10:00:00,2025-07-17 12:00:00,ringsted,21.85,461.0,3.8,0.0,1006.84,76.5,52.2222
1752750000,2025-07-17 11:00:00,2025-07-17 13:00:00,ringsted,22.6,553.0,3.925,0.0,1007.08,71.5,54.3333
1752753600,2025-07-17 12:00:00,2025-07-17 14:00:00,ringsted,23.25,596.5,3.7,0.0,1007.24,68.5,40.8333
1752757200,2025-07-17 13:00:00,2025-07-17 15:00:00,ringsted,23.475,569.0,3.4,0.0,1007.5,67.5,39.2857
1752760800,2025-07-17 14:00:00,2025-07-17 16:00:00,ringsted,23.825,651.5,3.175,0.0,1007.85,66.0,2.08333
1752764400,2025-07-17 15:00:00,2025-07-17 17:00:00,ringsted,23.85,422.5,2.825,0.0,1008.08,66.25,2.5
1752768000,2025-07-17 16:00:00,2025-07-17 18:00:00,ringsted,23.65,350.0,2.575,0.0,1008.28,66.75,5.83333
1752771600,2025-07-17 17:00:00,2025-07-17 19:00:00,ringsted,23.35,280.5,2.425,0.075,1008.5,68.25,0.833333
1752775200,2025-07-17 18:00:00,2025-07-17 20:00:00,ringsted,22.65,207.0,1.625,0.0,1008.73,71.75,2.5
1752778800,2025-07-17 19:00:00,2025-07-17 21:00:00,ringsted,21.575,81.5,1.05,0.0,1009.21,77.0,27.9167
1752782400,2025-07-17 20:00:00,2025-07-17 22:00:00,ringsted,20.1,10.0,1.275,0.0,1009.44,83.75,46.1765
1752786000,2025-07-17 21:00:00,2025-07-17 23:00:00,ringsted,18.75,0.0,0.825,0.0,1009.38,89.25,8.33333
1752789600,2025-07-17 22:00:00,2025-07-18 00:00:00,ringsted,18.0,0.0,0.725,0.0,1009.39,91.5,30.8333
1752793200,2025-07-17 23:00:00,2025-07-18 01:00:00,ringsted,17.225,0.0,0.7,0.0,1009.32,95.0,23.0
1752796800,2025-07-18 00:00:00,2025-07-18 02:00:00,ringsted,16.85,0.0,0.95,0.0,1009.27,96.5,0.833333
1752800400,2025-07-18 01:00:00,2025-07-18 03:00:00,ringsted,16.55,0.0,0.875,0.0,1009.27,97.25,26.25
1752804000,2025-07-18 02:00:00,2025-07-18 04:00:00,ringsted,16.35,0.0,0.85,0.15,1009.36,97.75,36.6667
1752807600,2025-07-18 03:00:00,2025-07-18 05:00:00,ringsted,17.175,0.5,1.425,0.9,1009.53,98.0,22.7778
1752811200,2025-07-18 04:00:00,2025-07-18 06:00:00,ringsted,17.4,22.0,1.475,0.0,1009.52,97.75,7.69231
1752814800,2025-07-18 05:00:00,2025-07-18 07:00:00,ringsted,18.025,81.0,1.575,0.0,1009.54,98.0,26.25
1752818400,2025-07-18 06:00:00,2025-07-18 08:00:00,ringsted,19.475,207.0,1.45,0.0,1009.86,94.0,36.7647
1752822000,2025-07-18 07:00:00,2025-07-18 09:00:00,ringsted,20.275,252.0,2.825,0.0,1010.24,88.75,64.4444
1752825600,2025-07-18 08:00:00,2025-07-18 10:00:00,ringsted,19.5,269.0,2.625,0.0,1010.52,89.75,66.6667
1752829200,2025-07-18 09:00:00,2025-07-18 11:00:00,ringsted,19.625,369.0,2.7,0.0,1010.51,89.25,60.2778
1752832800,2025-07-18 10:00:00,2025-07-18 12:00:00,ringsted,20.875,567.0,2.175,0.0,1010.45,81.5,10.5882
1752836400,2025-07-18 11:00:00,2025-07-18 13:00:00,ringsted,22.525,562.0,2.175,0.0,1010.25,72.5,0.0
1752840000,2025-07-18 12:00:00,2025-07-18 14:00:00,ringsted,23.9,756.0,2.9,0.0,1010.1,63.5,0.0
1752843600,2025-07-18 13:00:00,2025-07-18 15:00:00,ringsted,23.975,523.5,3.0,0.0,1009.9,61.25,0.0
1752847200,2025-07-18 14:00:00,2025-07-18 16:00:00,ringsted,24.7,553.5,2.525,0.0,1009.84,56.0,10.8333
1752850800,2025-07-18 15:00:00,2025-07-18 17:00:00,ringsted,24.175,346.5,3.075,0.5,1009.85,59.75,5.0
1752854400,2025-07-18 16:00:00,2025-07-18 18:00:00,ringsted,24.0,443.0,2.425,0.0,1009.57,61.5,0.0
1752858000,2025-07-18 17:00:00,2025-07-18 19:00:00,ringsted,24.3,340.5,2.25,0.0,1009.57,59.75,0.0
1752861600,2025-07-18 18:00:00,2025-07-18 20:00:00,ringsted,23.9,205.5,1.95,0.0,1009.69,60.5,0.833333
1752865200,2025-07-18 19:00:00,2025-07-18 21:00:00,ringsted,22.25,81.0,1.6,0.0,1009.84,68.5,0.0
1752868800,2025-07-18 20:00:00,2025-07-18 22:00:00,ringsted,20.25,6.0,0.975,0.0,1009.78,77.0,2.5
1752872400,2025-07-18 21:00:00,2025-07-18 23:00:00,ringsted,18.1,0.0,0.675,0.0,1009.78,87.0,0.0
1752876000,2025-07-18 22:00:00,2025-07-19 00:00:00,ringsted,17.175,0.0,0.225,0.0,1009.78,90.0,0.0
1752879600,2025-07-18 23:00:00,2025-07-19 01:00:00,ringsted,16.05,0.0,0.35,0.0,1009.69,93.75,0.0
1752883200,2025-07-19 00:00:00,2025-07-19 02:00:00,ringsted,15.75,0.0,0.525,0.0,1009.52,94.5,0.0
1752886800,2025-07-19 01:00:00,2025-07-19 03:00:00,ringsted,15.075,0.0,0.45,0.0,1009.33,95.75,0.0
1752890400,2025-07-19 02:00:00,2025-07-19 04:00:00,ringsted,14.675,0.0,0.4,0.0,1009.3,96.75,0.0
1752894000,2025-07-19 03:00:00,2025-07-19 05:00:00,ringsted,14.4,0.0,0.5,0.0,1009.23,97.25,0.0
1752897600,2025-07-19 04:00:00,2025-07-19 06:00:00,ringsted,14.4,16.0,0.5,0.0,1009.1,97.25,17.1875
1752901200,2025-07-19 05:00:00,2025-07-19 07:00:00,ringsted,15.875,99.0,0.725,0.0,1009.01,96.75,0.0
1752904800,2025-07-19 06:00:00,2025-07-19 08:00:00,ringsted,19.175,233.0,0.475,0.0,1008.95,90.5,0.0
1752908400,2025-07-19 07:00:00,2025-07-19 09:00:00,ringsted,22.075,380.0,1.05,0.0,1008.97,75.75,0.833333
1752912000,2025-07-19 08:00:00,2025-07-19 10:00:00,ringsted,24.15,503.0,1.175,0.0,1008.76,66.75,3.0
1752915600,2025-07-19 09:00:00,2025-07-19 11:00:00,ringsted,25.275,617.5,1.85,0.0,1008.46,59.75,13.6111
1752919200,2025-07-19 10:00:00,2025-07-19 12:00:00,ringsted,25.975,557.0,2.175,0.0,1008.4,55.75,28.75
1752922800,2025-07-19 11:00:00,2025-07-19 13:00:00,ringsted,25.925,521.0,2.625,0.0,1008.15,56.25,2.91667
1752926400,2025-07-19 12:00:00,2025-07-19 14:00:00,ringsted,26.5,556.5,3.075,0.0,1007.73,52.75,0.0
1752930000,2025-07-19 13:00:00,2025-07-19 15:00:00,ringsted,26.925,646.0,2.975,0.0,1007.32,52.25,0.0
1752933600,2025-07-19 14:00:00,2025-07-19 16:00:00,ringsted,26.875,488.0,3.175,0.0,1006.97,52.75,0.0
1752937200,2025-07-19 15:00:00,2025-07-19 17:00:00,ringsted,26.65,513.5,3.5,0.0,1006.97,53.5,0.0
1752940800,2025-07-19 16:00:00,2025-07-19 18:00:00,ringsted,26.5,388.5,3.35,0.0,1007.07,52.25,0.0
1752944400,2025-07-19 17:00:00,2025-07-19 19:00:00,ringsted,25.925,310.0,3.4,0.0,1007.2,54.25,0.0
1752948000,2025-07-19 18:00:00,2025-07-19 20:00:00,ringsted,25.1,191.0,2.66667,0.0,1007.05,56.25,0.0
1752951600,2025-07-19 19:00:00,2025-07-19 21:00:00,ringsted,23.15,67.0,1.775,0.0,1006.9,65.75,0.0
1752955200,2025-07-19 20:00:00,2025-07-19 22:00:00,ringsted,20.6,7.5,1.75,0.0,1006.95,77.5,0.0
1752958800,2025-07-19 21:00:00,2025-07-19 23:00:00,ringsted,18.65,0.0,1.625,0.0,1006.88,85.0,0.0
1752962400,2025-07-19 22:00:00,2025-07-20 00:00:00,ringsted,17.425,0.0,1.65,0.0,1006.95,90.5,0.0
1752966000,2025-07-19 23:00:00,2025-07-20 01:00:00,ringsted,16.775,0.0,0.975,0.0,1006.78,93.75,0.833333
1752969600,2025-07-20 00:00:00,2025-07-20 02:00:00,ringsted,15.775,0.0,0.925,0.0,1006.45,96.0,1.66667
1752973200,2025-07-20 01:00:00,2025-07-20 03:00:00,ringsted,15.775,0.0,0.675,0.0,1006.2,96.25,2.5
1752976800,2025-07-20 02:00:00,2025-07-20 04:00:00,ringsted,15.4,0.0,1.0,0.0,1006.13,97.0,0.0
1752980400,2025-07-20 03:00:00,2025-07-20 05:00:00,ringsted,15.2,0.0,1.0,0.0,1006.0,97.0,0.0
1752984000,2025-07-20 04:00:00,2025-07-20 06:00:00,ringsted,15.6,21.5,1.775,0.0,1005.83,97.25,0.0
1752987600,2025-07-20 05:00:00,2025-07-20 07:00:00,ringsted,17.575,113.0,1.5,0.0,1005.67,93.5,0.0
1752991200,2025-07-20 06:00:00,2025-07-20 08:00:00,ringsted,20.1,246.5,2.075,0.0,1005.7,84.25,0.0
1752994800,2025-07-20 07:00:00,2025-07-20 09:00:00,ringsted,22.275,382.0,3.225,0.0,1005.62,71.25,0.0
1752998400,2025-07-20 08:00:00,2025-07-20 10:00:00,ringsted,23.775,478.5,4.225,0.0,1005.62,62.0,0.0
1753002000,2025-07-20 09:00:00,2025-07-20 11:00:00,ringsted,24.625,534.5,4.525,0.0,1005.36,58.75,2.5
1753005600,2025-07-20 10:00:00,2025-07-20 12:00:00,ringsted,25.225,647.5,4.95,0.0,1005.12,57.0,3.33333
1753009200,2025-07-20 11:00:00,2025-07-20 13:00:00,ringsted,25.65,696.5,4.725,0.0,1004.99,54.0,0.0
1753012800,2025-07-20 12:00:00,2025-07-20 14:00:00,ringsted,26.125,740.5,5.275,0.0,1004.63,51.0,0.0
1753016400,2025-07-20 13:00:00,2025-07-20 15:00:00,ringsted,26.075,762.0,5.55,0.0,1004.31,51.25,0.0
1753020000,2025-07-20 14:00:00,2025-07-20 16:00:00,ringsted,26.25,699.0,5.7,0.0,1003.98,50.0,0.0
1753023600,2025-07-20 15:00:00,2025-07-20 17:00:00,ringsted,26.1,604.5,5.575,0.0,1003.83,49.25,0.0
1753027200,2025-07-20 16:00:00,2025-07-20 18:00:00,ringsted,25.6,446.5,5.475,0.0,1003.44,52.5,17.1875
1753030800,2025-07-20 17:00:00,2025-07-20 19:00:00,ringsted,24.375,273.5,5.15,0.0,1003.18,57.25,33.3333
1753034400,2025-07-20 18:00:00,2025-07-20 20:00:00,ringsted,23.05,153.5,4.2,0.0,1003.11,62.5,35.5556
1753038000,2025-07-20 19:00:00,2025-07-20 21:00:00,ringsted,21.85,70.5,3.9,0.0,1003.24,72.25,47.5
1753041600,2025-07-20 20:00:00,2025-07-20 22:00:00,ringsted,20.575,5.0,3.4,0.0,1003.17,79.0,52.5
1753045200,2025-07-20 21:00:00,2025-07-20 23:00:00,ringsted,19.65,0.0,3.25,0.0,1003.11,82.75,24.0
1753048800,2025-07-20 22:00:00,2025-07-21 00:00:00,ringsted,19.1,0.0,3.225,0.0,1002.88,85.5,0.769231
1753052400,2025-07-20 23:00:00,2025-07-21 01:00:00,ringsted,18.7,0.0,3.325,0.0,1002.42,88.75,5.76923
1753056000,2025-07-21 00:00:00,2025-07-21 02:00:00,ringsted,19.075,0.0,3.725,0.0,1002.12,86.25,11.3889
1753059600,2025-07-21 01:00:00,2025-07-21 03:00:00,ringsted,19.225,0.0,3.625,0.0,1001.78,83.0,7.33333
1753063200,2025-07-21 02:00:00,2025-07-21 04:00:00,ringsted,19.45,0.0,3.95,0.0,1001.36,80.5,38.2353
1753066800,2025-07-21 03:00:00,2025-07-21 05:00:00,ringsted,19.6,0.0,4.15,0.05,1001.5,81.0,64.7222
1753070400,2025-07-21 04:00:00,2025-07-21 06:00:00,ringsted,19.45,5.0,3.875,0.85,1001.63,83.5,47.5
1753074000,2025-07-21 05:00:00,2025-07-21 07:00:00,ringsted,19.525,15.0,3.875,0.2,1001.15,84.0,40.3125
1753077600,2025-07-21 06:00:00,2025-07-21 08:00:00,ringsted,19.4,32.0,4.075,0.05,1000.98,86.0,23.3333
1753081200,2025-07-21 07:00:00,2025-07-21 09:00:00,ringsted,19.575,60.0,4.425,0.05,1001.11,86.25,38.0556
1753084800,2025-07-21 08:00:00,2025-07-21 10:00:00,ringsted,19.65,84.0,3.925,0.2,1001.25,88.25,38.0556
1753088400,2025-07-21 09:00:00,2025-07-21 11:00:00,ringsted,20.075,169.0,4.5,0.025,1001.31,87.0,26.7647
1753092000,2025-07-21 10:00:00,2025-07-21 12:00:00,ringsted,20.675,211.5,4.625,0.075,1001.55,84.75,50.8333
1753095600,2025-07-21 11:00:00,2025-07-21 13:00:00,ringsted,21.075,191.0,4.7,0.0,1001.7,82.25,63.3333
1753099200,2025-07-21 12:00:00,2025-07-21 14:00:00,ringsted,20.7,141.0,4.15,0.0,1001.75,84.5,65.5556
1753102800,2025-07-21 13:00:00,2025-07-21 15:00:00,ringsted,20.6,140.0,3.95,0.325,1001.99,86.25,57.2222
1753106400,2025-07-21 14:00:00,2025-07-21 16:00:00,ringsted,20.2,122.5,3.325,0.275,1002.15,89.25,62.7778
1753110000,2025-07-21 15:00:00,2025-07-21 17:00:00,ringsted,19.75,86.5,2.875,0.25,1002.04,91.25,66.6667
1753113600,2025-07-21 16:00:00,2025-07-21 18:00:00,ringsted,19.375,38.5,2.25,0.175,1001.69,91.75,66.6667
1753117200,2025-07-21 17:00:00,2025-07-21 19:00:00,ringsted,18.75,18.0,2.4,0.5,1001.56,93.25,85.5556
1753120800,2025-07-21 18:00:00,2025-07-21 20:00:00,ringsted,17.625,12.0,3.075,3.175,1001.45,93.75,91.1111
1753124400,2025-07-21 19:00:00,2025-07-21 21:00:00,ringsted,16.8,1.5,1.0,3.575,1001.84,95.75,79.375
1753128000,2025-07-21 20:00:00,2025-07-21 22:00:00,ringsted,16.55,0.0,1.125,2.875,1001.68,96.25,76.9444
1753131600,2025-07-21 21:00:00,2025-07-21 23:00:00,ringsted,16.425,0.0,1.45,2.275,1001.62,97.25,87.5
1753135200,2025-07-21 22:00:00,2025-07-22 00:00:00,ringsted,16.325,0.0,1.5,2.05,1001.23,97.5,83.0556
1753138800,2025-07-21 23:00:00,2025-07-22 01:00:00,ringsted,16.2,0.0,1.375,1.2,1000.83,97.75,83.0556
1753142400,2025-07-22 00:00:00,2025-07-22 02:00:00,ringsted,16.25,0.0,1.45,0.775,1000.39,97.75,72.2222
1753146000,2025-07-22 01:00:00,2025-07-22 03:00:00,ringsted,16.3,0.0,1.95,1.225,999.875,97.75,82.2222
1753149600,2025-07-22 02:00:00,2025-07-22 04:00:00,ringsted,16.5,0.0,2.425,1.125,999.292,97.75,73.8889
1753153200,2025-07-22 03:00:00,2025-07-22 05:00:00,ringsted,16.7,0.0,2.375,1.25,999.037,97.5,93.3333
1753156800,2025-07-22 04:00:00,2025-07-22 06:00:00,ringsted,16.8,0.5,2.3,2.6,998.683,97.75,95.2941
1753160400,2025-07-22 05:00:00,2025-07-22 07:00:00,ringsted,17.075,6.5,2.5,2.5,998.312,97.75,95.0
1753164000,2025-07-22 06:00:00,2025-07-22 08:00:00,ringsted,17.5,16.5,2.475,4.525,998.108,97.75,91.6667
1753167600,2025-07-22 07:00:00,2025-07-22 09:00:00,ringsted,18.075,27.5,2.6,5.775,998.05,96.5,92.2222
1753171200,2025-07-22 08:00:00,2025-07-22 10:00:00,ringsted,18.525,76.5,2.65,2.1,998.165,95.0,86.6667
1753174800,2025-07-22 09:00:00,2025-07-22 11:00:00,ringsted,18.8333,33.0,2.86667,7.16667,998.17,93.3333,90.0
1753178400,2025-07-22 10:00:00,2025-07-22 12:00:00,ringsted,19.55,97.0,2.45,2.025,997.904,92.0,87.7778
1753182000,2025-07-22 11:00:00,2025-07-22 13:00:00,ringsted,19.55,133.0,2.7,1.125,997.8,91.25,78.1667
1753185600,2025-07-22 12:00:00,2025-07-22 14:00:00,ringsted,18.925,124.0,3.25,4.25,997.7,92.5,80.5556
1753189200,2025-07-22 13:00:00,2025-07-22 15:00:00,ringsted,18.475,114.0,2.75,2.4,997.438,95.75,97.2222
1753192800,2025-07-22 14:00:00,2025-07-22 16:00:00,ringsted,17.875,54.5,4.15,6.425,996.791,96.5,96.1111
1753196400,2025-07-22 15:00:00,2025-07-22 17:00:00,ringsted,17.625,34.5,4.85,4.85,996.237,96.25,95.0
1753200000,2025-07-22 16:00:00,2025-07-22 18:00:00,ringsted,17.375,31.5,5.075,8.6,995.829,96.0,94.4444
1753203600,2025-07-22 17:00:00,2025-07-22 19:00:00,ringsted,17.75,18.5,4.825,10.8,995.404,96.0,91.7647
1753207200,2025-07-22 18:00:00,2025-07-22 20:00:00,ringsted,18.05,22.5,4.625,2.5,994.708,95.25,87.2222
1753210800,2025-07-22 19:00:00,2025-07-22 21:00:00,ringsted,17.625,11.0,4.7,1.875,994.554,95.0,90.8333
1753214400,2025-07-22 20:00:00,2025-07-22 22:00:00,ringsted,17.425,0.0,4.275,1.35,994.725,96.25,72.2222
1753218000,2025-07-22 21:00:00,2025-07-22 23:00:00,ringsted,17.25,0.0,5.125,0.6,995.126,97.0,92.2222
1753221600,2025-07-22 22:00:00,2025-07-23 00:00:00,ringsted,17.225,0.0,5.175,0.325,995.579,96.75,86.1111
1753225200,2025-07-22 23:00:00,2025-07-23 01:00:00,ringsted,17.15,0.0,5.0,0.025,995.817,96.75,90.0
1753228800,2025-07-23 00:00:00,2025-07-23 02:00:00,ringsted,17.125,0.0,4.5,0.025,996.126,96.25,87.0588
1753232400,2025-07-23 01:00:00,2025-07-23 03:00:00,ringsted,16.925,0.0,4.675,0.0,996.275,96.25,96.6667
1753236000,2025-07-23 02:00:00,2025-07-23 04:00:00,ringsted,16.8,0.0,4.825,0.15,996.433,96.0,93.8889
1753239600,2025-07-23 03:00:00,2025-07-23 05:00:00,ringsted,16.725,0.0,4.6,0.0,996.787,96.25,95.0
1753243200,2025-07-23 04:00:00,2025-07-23 06:00:00,ringsted,16.775,3.0,4.975,0.0,996.946,96.5,96.6667
1753246800,2025-07-23 05:00:00,2025-07-23 07:00:00,ringsted,16.85,19.0,4.85,0.0,997.296,96.25,96.6667
1753250400,2025-07-23 06:00:00,2025-07-23 08:00:00,ringsted,17.05,64.0,4.675,0.0,997.808,95.5,96.6667
1753254000,2025-07-23 07:00:00,2025-07-23 09:00:00,ringsted,17.275,90.0,4.2,0.0,998.521,94.5,96.6667
1753257600,2025-07-23 08:00:00,2025-07-23 10:00:00,ringsted,17.575,103.5,4.25,0.0,999.175,93.0,96.6667
1753261200,2025-07-23 09:00:00,2025-07-23 11:00:00,ringsted,17.85,147.0,4.1,0.05,999.779,92.0,96.6667
1753264800,2025-07-23 10:00:00,2025-07-23 12:00:00,ringsted,18.475,218.0,4.275,0.0,1000.1,88.5,90.5556
1753268400,2025-07-23 11:00:00,2025-07-23 13:00:00,ringsted,19.025,331.5,4.4,0.0,1000.37,85.5,91.6667
1753272000,2025-07-23 12:00:00,2025-07-23 14:00:00,ringsted,19.25,382.5,3.725,0.0,1000.65,83.75,91.6667
1753275600,2025-07-23 13:00:00,2025-07-23 15:00:00,ringsted,20.075,380.0,3.575,0.0,1000.96,78.5,88.6111
1753279200,2025-07-23 14:00:00,2025-07-23 16:00:00,ringsted,20.3667,226.0,2.43333,0.0,1001.53,76.6667,90.625
1753282800,2025-07-23 15:00:00,2025-07-23 17:00:00,ringsted,20.475,266.0,2.075,0.0,1001.8,75.25,91.3889
1753286400,2025-07-23 16:00:00,2025-07-23 18:00:00,ringsted,21.0,276.5,1.5,0.0,1002.0,73.0,65.5556
1753290000,2025-07-23 17:00:00,2025-07-23 19:00:00,ringsted,21.2,166.5,1.475,0.0,1002.25,71.75,72.7778
1753293600,2025-07-23 18:00:00,2025-07-23 20:00:00,ringsted,20.675,84.0,1.6,0.0,1002.58,76.25,70.8333
1753297200,2025-07-23 19:00:00,2025-07-23 21:00:00,ringsted,19.975,38.0,1.6,0.0,1002.72,80.5,77.2222
1753300800,2025-07-23 20:00:00,2025-07-23 22:00:00,ringsted,18.875,2.5,1.225,0.0,1003.35,86.0,76.1111
1753304400,2025-07-23 21:00:00,2025-07-23 23:00:00,ringsted,18.125,0.0,1.1,0.0,1003.79,90.25,78.8889
1753308000,2025-07-23 22:00:00,2025-07-24 00:00:00,ringsted,17.65,0.0,1.2,0.0,1003.75,92.0,41.6667
1753311600,2025-07-23 23:00:00,2025-07-24 01:00:00,ringsted,16.825,0.0,0.875,0.0,1003.91,94.0,19.4118
1753315200,2025-07-24 00:00:00,2025-07-24 02:00:00,ringsted,16.275,0.0,1.1,0.0,1004.08,96.0,17.6923
1753318800,2025-07-24 01:00:00,2025-07-24 03:00:00,ringsted,16.15,0.0,1.675,0.0,1004.21,95.5,0.0
1753322400,2025-07-24 02:00:00,2025-07-24 04:00:00,ringsted,15.375,0.0,1.1,0.0,1004.23,95.75,0.0
1753326000,2025-07-24 03:00:00,2025-07-24 05:00:00,ringsted,14.75,0.0,0.75,0.0,1004.34,97.0,18.75
1753329600,2025-07-24 04:00:00,2025-07-24 06:00:00,ringsted,14.3,16.5,0.525,0.0,1004.5,97.75,17.0833
1753333200,2025-07-24 05:00:00,2025-07-24 07:00:00,ringsted,15.625,109.5,0.5,0.0,1004.73,97.0,47.5
1753336800,2025-07-24 06:00:00,2025-07-24 08:00:00,ringsted,18.175,214.0,0.675,0.0,1005.16,91.25,69.4118
1753340400,2025-07-24 07:00:00,2025-07-24 09:00:00,ringsted,19.6,209.0,1.65,0.0,1005.38,85.5,68.8235
1753344000,2025-07-24 08:00:00,2025-07-24 10:00:00,ringsted,20.675,361.5,2.05,0.0,1005.45,78.75,41.7647
1753347600,2025-07-24 09:00:00,2025-07-24 11:00:00,ringsted,21.95,512.0,2.5,0.0,1005.72,71.75,75.8333
1753351200,2025-07-24 10:00:00,2025-07-24 12:00:00,ringsted,22.75,566.5,2.6,0.0,1005.98,68.0,53.75
1753354800,2025-07-24 11:00:00,2025-07-24 13:00:00,ringsted,23.5,580.5,2.175,0.0,1006.0,66.0,56.6667
1753358400,2025-07-24 12:00:00,2025-07-24 14:00:00,ringsted,23.675,387.0,3.225,0.0,1006.11,66.75,62.2222
1753362000,2025-07-24 13:00:00,2025-07-24 15:00:00,ringsted,24.1,491.5,3.125,0.0,1006.03,65.75,28.0556
1753365600,2025-07-24 14:00:00,2025-07-24 16:00:00,ringsted,24.425,552.0,3.475,0.0,1006.03,64.75,36.6667
1753369200,2025-07-24 15:00:00,2025-07-24 17:00:00,ringsted,24.025,429.5,3.05,0.0,1006.23,66.75,62.5
1753372800,2025-07-24 16:00:00,2025-07-24 18:00:00,ringsted,23.3,354.0,3.525,0.0,1006.38,72.0,66.6667
1753376400,2025-07-24 17:00:00,2025-07-24 19:00:00,ringsted,22.65,301.0,3.25,0.4,1006.5,76.25,62.7778
1753380000,2025-07-24 18:00:00,2025-07-24 20:00:00,ringsted,22.2,119.0,2.95,0.0,1006.49,78.0,58.0556
1753383600,2025-07-24 19:00:00,2025-07-24 21:00:00,ringsted,21.5,51.5,1.95,0.0,1006.8,84.5,44.6154
1753387200,2025-07-24 20:00:00,2025-07-24 22:00:00,ringsted,20.2,4.0,1.3,0.0,1007.15,89.75,32.3333
1753390800,2025-07-24 21:00:00,2025-07-24 23:00:00,ringsted,19.05,0.0,1.075,0.0,1007.31,94.25,7.14286
1753394400,2025-07-24 22:00:00,2025-07-25 00:00:00,ringsted,18.225,0.0,1.425,0.0,1007.34,95.75,15.0
1753398000,2025-07-24 23:00:00,2025-07-25 01:00:00,ringsted,17.4,0.0,0.75,0.0,1007.32,97.25,33.6111
1753401600,2025-07-25 00:00:00,2025-07-25 02:00:00,ringsted,16.625,0.0,0.675,0.0,1007.22,98.0,14.3333
1753405200,2025-07-25 01:00:00,2025-07-25 03:00:00,ringsted,16.375,0.0,0.625,0.0,1007.1,98.25,1.66667
1753408800,2025-07-25 02:00:00,2025-07-25 04:00:00,ringsted,15.975,0.0,0.75,0.0,1007.11,98.5,9.23077
1753412400,2025-07-25 03:00:00,2025-07-25 05:00:00,ringsted,15.85,0.0,0.525,0.0,1007.4,99.0,3.4375
1753416000,2025-07-25 04:00:00,2025-07-25 06:00:00,ringsted,15.85,9.0,0.525,0.0,1007.44,99.0,31.6667
1753419600,2025-07-25 05:00:00,2025-07-25 07:00:00,ringsted,17.075,84.0,0.9,0.0,1007.4,98.75,63.3333
1753423200,2025-07-25 06:00:00,2025-07-25 08:00:00,ringsted,18.55,168.0,1.625,0.0,1007.63,98.25,60.0
1753426800,2025-07-25 07:00:00,2025-07-25 09:00:00,ringsted,19.775,200.5,2.35,0.0,1007.87,93.0,67.6471
1753430400,2025-07-25 08:00:00,2025-07-25 10:00:00,ringsted,20.7,274.0,3.175,0.0,1008.09,87.75,90.0
1753434000,2025-07-25 09:00:00,2025-07-25 11:00:00,ringsted,21.025,170.5,3.775,0.0,1008.25,84.75,84.4444
1753437600,2025-07-25 10:00:00,2025-07-25 12:00:00,ringsted,21.475,391.5,4.125,0.0,1008.42,80.75,88.8889
1753441200,2025-07-25 11:00:00,2025-07-25 13:00:00,ringsted,21.5,445.5,3.975,0.0,1008.51,78.25,87.7778
1753444800,2025-07-25 12:00:00,2025-07-25 14:00:00,ringsted,21.875,373.5,4.225,0.0,1008.56,75.5,75.5556
1753448400,2025-07-25 13:00:00,2025-07-25 15:00:00,ringsted,21.9,306.5,3.95,0.0,1008.52,75.25,78.8889
1753452000,2025-07-25 14:00:00,2025-07-25 16:00:00,ringsted,21.725,252.0,4.575,0.0,1008.61,74.75,78.8889
1753455600,2025-07-25 15:00:00,2025-07-25 17:00:00,ringsted,21.575,284.5,4.35,0.0,1008.6,74.0,70.0
1753459200,2025-07-25 16:00:00,2025-07-25 18:00:00,ringsted,21.05,235.5,4.575,0.0,1008.59,74.0,81.1111
1753462800,2025-07-25 17:00:00,2025-07-25 19:00:00,ringsted,20.45,104.0,4.075,0.0,1008.65,76.0,90.5556
1753466400,2025-07-25 18:00:00,2025-07-25 20:00:00,ringsted,20.025,37.0,3.425,0.0,1008.95,77.5,90.0
1753470000,2025-07-25 19:00:00,2025-07-25 21:00:00,ringsted,19.65,11.5,2.975,0.0,1009.25,79.0,96.6667
1753473600,2025-07-25 20:00:00,2025-07-25 22:00:00,ringsted,19.275,1.0,2.825,0.0,1009.35,79.0,96.6667
1753477200,2025-07-25 21:00:00,2025-07-25 23:00:00,ringsted,18.925,0.0,3.0,0.0,1009.42,79.5,96.6667
1753480800,2025-07-25 22:00:00,2025-07-26 00:00:00,ringsted,18.525,0.0,2.85,0.0,1009.67,79.25,96.6667
1753484400,2025-07-25 23:00:00,2025-07-26 01:00:00,ringsted,18.2,0.0,2.775,0.0,1009.69,80.25,87.2222
1753488000,2025-07-26 00:00:00,2025-07-26 02:00:00,ringsted,17.85,0.0,2.925,0.0,1009.69,80.0,96.6667
1753491600,2025-07-26 01:00:00,2025-07-26 03:00:00,ringsted,17.5,0.0,3.025,0.0,1009.63,79.5,96.6667
1753495200,2025-07-26 02:00:00,2025-07-26 04:00:00,ringsted,17.275,0.0,2.825,0.0,1009.45,79.0,96.6667
1753498800,2025-07-26 03:00:00,2025-07-26 05:00:00,ringsted,16.975,0.0,2.375,0.0,1009.45,80.5,82.7778
1753502400,2025-07-26 04:00:00,2025-07-26 06:00:00,ringsted,16.825,2.0,2.575,0.0,1009.42,82.25,61.1111
1753506000,2025-07-26 05:00:00,2025-07-26 07:00:00,ringsted,16.775,48.0,2.375,0.0,1009.45,82.5,37.2222
1753509600,2025-07-26 06:00:00,2025-07-26 08:00:00,ringsted,17.65,204.5,3.6,0.0,1009.44,79.25,62.7778
1753513200,2025-07-26 07:00:00,2025-07-26 09:00:00,ringsted,18.525,334.5,4.15,0.0,1009.47,75.75,63.0556
1753516800,2025-07-26 08:00:00,2025-07-26 10:00:00,ringsted,19.125,219.0,4.225,0.0,1009.37,72.75,68.3333
1753520400,2025-07-26 09:00:00,2025-07-26 11:00:00,ringsted,19.75,342.5,4.175,0.0,1009.42,69.75,62.5
1753524000,2025-07-26 10:00:00,2025-07-26 12:00:00,ringsted,20.375,390.0,4.45,0.0,1009.19,65.75,59.7222
1753527600,2025-07-26 11:00:00,2025-07-26 13:00:00,ringsted,21.2,476.5,4.475,0.0,1009.05,62.5,63.6111
1753531200,2025-07-26 12:00:00,2025-07-26 14:00:00,ringsted,21.75,513.5,4.35,0.0,1009.16,60.25,57.5
1753534800,2025-07-26 13:00:00,2025-07-26 15:00:00,ringsted,22.025,439.5,4.55,0.0,1009.19,59.75,73.8889
1753538400,2025-07-26 14:00:00,2025-07-26 16:00:00,ringsted,21.7,322.5,4.625,0.0,1009.12,61.0,85.5556
1753542000,2025-07-26 15:00:00,2025-07-26 17:00:00,ringsted,21.575,293.0,4.8,0.0,1008.93,63.0,82.2222
1753545600,2025-07-26 16:00:00,2025-07-26 18:00:00,ringsted,21.4,171.5,4.05,0.0,1008.62,63.75,77.2222
1753549200,2025-07-26 17:00:00,2025-07-26 19:00:00,ringsted,21.175,148.0,3.725,0.0,1008.4,65.0,85.0
1753552800,2025-07-26 18:00:00,2025-07-26 20:00:00,ringsted,20.925,125.0,3.125,0.0,1008.15,67.0,67.7778
1753556400,2025-07-26 19:00:00,2025-07-26 21:00:00,ringsted,19.95,30.5,2.225,0.0,1008.15,73.25,76.3889
1753560000,2025-07-26 20:00:00,2025-07-26 22:00:00,ringsted,18.7,0.5,1.55,0.0,1008.5,81.25,82.7778
1753563600,2025-07-26 21:00:00,2025-07-26 23:00:00,ringsted,18.2,0.0,1.65,0.0,1008.61,84.0,73.3333
1753567200,2025-07-26 22:00:00,2025-07-27 00:00:00,ringsted,18.05,0.0,1.75,0.0,1008.55,85.25,73.8889
1753570800,2025-07-26 23:00:00,2025-07-27 01:00:00,ringsted,17.85,0.0,1.625,0.0,1008.17,85.5,90.5556
1753574400,2025-07-27 00:00:00,2025-07-27 02:00:00,ringsted,17.55,0.0,1.55,0.0,1007.74,86.5,88.0556
1753578000,2025-07-27 01:00:00,2025-07-27 03:00:00,ringsted,17.275,0.0,1.525,0.0,1007.33,87.75,67.6667
1753581600,2025-07-27 02:00:00,2025-07-27 04:00:00,ringsted,16.65,0.0,1.175,0.0,1007.07,91.0,54.7059
1753585200,2025-07-27 03:00:00,2025-07-27 05:00:00,ringsted,15.975,0.0,1.375,0.0,1007.16,93.5,63.3333
1753588800,2025-07-27 04:00:00,2025-07-27 06:00:00,ringsted,16.275,6.5,1.25,0.0,1007.12,94.25,55.8333
1753592400,2025-07-27 05:00:00,2025-07-27 07:00:00,ringsted,16.975,46.5,1.35,0.0,1006.94,92.75,52.7778
1753596000,2025-07-27 06:00:00,2025-07-27 08:00:00,ringsted,18.0,134.0,1.8,0.0,1006.76,88.75,41.9444
1753599600,2025-07-27 07:00:00,2025-07-27 09:00:00,ringsted,19.0,229.5,2.425,0.0,1006.66,81.75,65.5556
1753603200,2025-07-27 08:00:00,2025-07-27 10:00:00,ringsted,19.275,253.5,2.65,0.0,1006.59,77.0,65.8333
1753606800,2025-07-27 09:00:00,2025-07-27 11:00:00,ringsted,19.95,426.0,3.1,0.025,1006.5,71.5,60.8333
1753610400,2025-07-27 10:00:00,2025-07-27 12:00:00,ringsted,20.45,392.0,3.3,0.0,1006.35,67.0,40.8333
1753614000,2025-07-27 11:00:00,2025-07-27 13:00:00,ringsted,20.725,428.5,3.25,0.0,1006.21,65.25,68.3333
1753617600,2025-07-27 12:00:00,2025-07-27 14:00:00,ringsted,21.0,378.5,3.125,0.0,1006.01,63.5,63.0556
1753621200,2025-07-27 13:00:00,2025-07-27 15:00:00,ringsted,21.075,444.5,3.675,0.0,1005.92,62.0,59.4444
1753624800,2025-07-27 14:00:00,2025-07-27 16:00:00,ringsted,20.975,393.5,3.55,0.0,1005.96,61.0,68.3333
1753628400,2025-07-27 15:00:00,2025-07-27 17:00:00,ringsted,20.625,241.0,3.175,0.0,1005.83,63.5,57.5
1753632000,2025-07-27 16:00:00,2025-07-27 18:00:00,ringsted,20.575,202.0,2.875,0.0,1005.65,64.0,52.7778
1753635600,2025-07-27 17:00:00,2025-07-27 19:00:00,ringsted,20.625,152.5,2.975,0.0,1005.62,63.0,49.7222
1753639200,2025-07-27 18:00:00,2025-07-27 20:00:00,ringsted,20.4,129.5,2.375,0.0,1005.64,62.5,48.0556
1753642800,2025-07-27 19:00:00,2025-07-27 21:00:00,ringsted,19.375,42.0,1.825,0.0,1005.86,67.25,30.5556
1753646400,2025-07-27 20:00:00,2025-07-27 22:00:00,ringsted,17.05,2.0,1.4,0.0,1005.95,79.25,45.0
1753650000,2025-07-27 21:00:00,2025-07-27 23:00:00,ringsted,15.6,0.0,1.025,0.0,1006.01,86.0,44.5833
1753653600,2025-07-27 22:00:00,2025-07-28 00:00:00,ringsted,14.725,0.0,1.2,0.0,1006.1,89.25,37.9167
1753657200,2025-07-27 23:00:00,2025-07-28 01:00:00,ringsted,14.75,0.0,1.675,0.0,1006.2,89.5,13.6667
1753660800,2025-07-28 00:00:00,2025-07-28 02:00:00,ringsted,14.725,0.0,2.05,0.0,1006.28,89.0,18.0
1753664400,2025-07-28 01:00:00,2025-07-28 03:00:00,ringsted,14.8,0.0,2.275,0.0,1006.12,85.5,51.1111
1753668000,2025-07-28 02:00:00,2025-07-28 04:00:00,ringsted,14.35,0.0,2.125,0.0,1006.04,86.25,10.0
1753671600,2025-07-28 03:00:00,2025-07-28 05:00:00,ringsted,13.6,0.0,1.525,0.0,1006.0,88.25,24.1667
1753675200,2025-07-28 04:00:00,2025-07-28 06:00:00,ringsted,13.075,11.0,1.45,0.0,1006.1,90.75,33.3333
1753678800,2025-07-28 05:00:00,2025-07-28 07:00:00,ringsted,14.175,97.0,1.7,0.0,1005.97,89.25,42.5
1753682400,2025-07-28 06:00:00,2025-07-28 08:00:00,ringsted,16.525,222.5,2.925,0.0,1005.85,84.25,38.8889
1753686000,2025-07-28 07:00:00,2025-07-28 09:00:00,ringsted,17.875,320.5,4.275,0.0,1005.9,78.0,34.4444
1753689600,2025-07-28 08:00:00,2025-07-28 10:00:00,ringsted,18.825,395.0,4.3,0.0,1005.98,71.5,34.1667
1753693200,2025-07-28 09:00:00,2025-07-28 11:00:00,ringsted,19.675,504.0,4.5,0.0,1005.97,66.75,46.3889
1753696800,2025-07-28 10:00:00,2025-07-28 12:00:00,ringsted,20.4,670.5,4.975,0.0,1005.91,62.0,24.4444
1753700400,2025-07-28 11:00:00,2025-07-28 13:00:00,ringsted,21.0,673.0,5.675,0.0,1005.8,57.5,12.3333
1753704000,2025-07-28 12:00:00,2025-07-28 14:00:00,ringsted,21.475,737.0,6.225,0.0,1005.72,52.0,20.7143
1753707600,2025-07-28 13:00:00,2025-07-28 15:00:00,ringsted,21.8,681.5,6.425,0.0,1005.6,52.5,43.3333
1753711200,2025-07-28 14:00:00,2025-07-28 16:00:00,ringsted,21.825,586.5,6.35,0.0,1005.58,52.5,35.8333
1753714800,2025-07-28 15:00:00,2025-07-28 17:00:00,ringsted,21.7,443.0,6.1,0.0,1005.49,52.25,17.7778
1753718400,2025-07-28 16:00:00,2025-07-28 18:00:00,ringsted,21.725,380.0,6.4,0.0,1005.44,50.5,4.64286
1753722000,2025-07-28 17:00:00,2025-07-28 19:00:00,ringsted,21.225,321.0,6.55,0.0,1005.63,52.0,15.2778
1753725600,2025-07-28 18:00:00,2025-07-28 20:00:00,ringsted,20.425,180.0,6.35,0.0,1005.77,53.5,5.58824
1753729200,2025-07-28 19:00:00,2025-07-28 21:00:00,ringsted,19.2,55.5,5.275,0.0,1005.93,56.75,0.769231
1753732800,2025-07-28 20:00:00,2025-07-28 22:00:00,ringsted,17.55,3.0,4.075,0.0,1006.13,63.0,1.66667
1753736400,2025-07-28 21:00:00,2025-07-28 23:00:00,ringsted,16.45,0.0,3.625,0.0,1006.12,68.0,0.0
1753740000,2025-07-28 22:00:00,2025-07-29 00:00:00,ringsted,15.725,0.0,3.675,0.0,1006.11,72.0,0.833333
1753743600,2025-07-28 23:00:00,2025-07-29 01:00:00,ringsted,15.1,0.0,3.75,0.0,1005.92,75.75,3.33333
1753747200,2025-07-29 00:00:00,2025-07-29 02:00:00,ringsted,14.725,0.0,3.75,0.0,1005.91,80.0,5.0
1753750800,2025-07-29 01:00:00,2025-07-29 03:00:00,ringsted,14.325,0.0,3.325,0.0,1005.7,83.75,2.5
1753754400,2025-07-29 02:00:00,2025-07-29 04:00:00,ringsted,13.825,0.0,3.375,0.0,1005.37,86.5,2.5
1753758000,2025-07-29 03:00:00,2025-07-29 05:00:00,ringsted,13.525,0.0,3.475,0.0,1004.97,88.25,0.0
1753761600,2025-07-29 04:00:00,2025-07-29 06:00:00,ringsted,13.4,6.0,3.475,0.0,1004.85,89.75,0.0
1753765200,2025-07-29 05:00:00,2025-07-29 07:00:00,ringsted,14.15,89.5,4.25,0.0,1004.76,86.75,0.0
1753768800,2025-07-29 06:00:00,2025-07-29 08:00:00,ringsted,15.65,230.5,5.525,0.0,1004.79,79.0,10.3571
1753772400,2025-07-29 07:00:00,2025-07-29 09:00:00,ringsted,16.9,350.0,6.525,0.0,1004.72,70.25,43.6111
1753776000,2025-07-29 08:00:00,2025-07-29 10:00:00,ringsted,17.725,402.0,6.75,0.0,1004.6,65.5,45.5882
1753779600,2025-07-29 09:00:00,2025-07-29 11:00:00,ringsted,18.625,491.5,7.075,0.0,1004.51,61.0,54.7222
1753783200,2025-07-29 10:00:00,2025-07-29 12:00:00,ringsted,19.35,465.5,7.225,0.0,1004.38,57.0,44.1667
1753786800,2025-07-29 11:00:00,2025-07-29 13:00:00,ringsted,20.15,666.5,7.225,0.0,1004.33,53.5,37.2222
1753790400,2025-07-29 12:00:00,2025-07-29 14:00:00,ringsted,20.575,592.0,7.125,0.0,1004.25,51.0,51.6667
1753794000,2025-07-29 13:00:00,2025-07-29 15:00:00,ringsted,21.175,631.5,6.9,0.0,1004.28,48.5,42.7778
1753797600,2025-07-29 14:00:00,2025-07-29 16:00:00,ringsted,21.2,521.5,6.45,0.0,1004.38,47.5,45.8333
1753801200,2025-07-29 15:00:00,2025-07-29 17:00:00,ringsted,21.075,513.0,6.625,0.0,1004.46,47.25,22.8125
1753804800,2025-07-29 16:00:00,2025-07-29 18:00:00,ringsted,20.8,333.0,6.425,0.0,1004.47,49.25,19.2857
1753808400,2025-07-29 17:00:00,2025-07-29 19:00:00,ringsted,19.9,218.0,6.325,0.15,1004.68,52.25,21.3889
1753812000,2025-07-29 18:00:00,2025-07-29 20:00:00,ringsted,19.15,154.5,5.4,0.0,1004.82,55.5,5.58824
1753815600,2025-07-29 19:00:00,2025-07-29 21:00:00,ringsted,17.75,53.5,4.65,0.0,1005.12,61.5,3.0
1753819200,2025-07-29 20:00:00,2025-07-29 22:00:00,ringsted,16.1,1.5,2.875,0.0,1005.2,68.75,15.0
1753822800,2025-07-29 21:00:00,2025-07-29 23:00:00,ringsted,15.425,0.0,3.35,0.0,1005.25,73.25,1.92308
1753826400,2025-07-29 22:00:00,2025-07-30 00:00:00,ringsted,14.675,0.0,2.875,0.0,1005.21,77.5,6.76471
1753830000,2025-07-29 23:00:00,2025-07-30 01:00:00,ringsted,14.1,0.0,3.125,0.025,1005.06,80.75,14.4444
1753833600,2025-07-30 00:00:00,2025-07-30 02:00:00,ringsted,13.875,0.0,3.05,0.0,1005.01,82.75,18.3333
1753837200,2025-07-30 01:00:00,2025-07-30 03:00:00,ringsted,13.75,0.0,3.375,0.0,1004.74,84.0,8.33333
1753840800,2025-07-30 02:00:00,2025-07-30 04:00:00,ringsted,13.775,0.0,3.75,0.125,1004.39,84.75,16.1111
1753844400,2025-07-30 03:00:00,2025-07-30 05:00:00,ringsted,13.7,0.0,3.725,0.025,1004.04,85.5,49.7222
1753848000,2025-07-30 04:00:00,2025-07-30 06:00:00,ringsted,13.375,10.0,3.45,0.075,1003.73,89.5,48.3333
1753851600,2025-07-30 05:00:00,2025-07-30 07:00:00,ringsted,13.875,50.0,3.675,0.325,1003.7,90.75,64.7222
1753855200,2025-07-30 06:00:00,2025-07-30 08:00:00,ringsted,14.35,96.5,4.65,0.475,1003.94,90.5,68.6111
1753858800,2025-07-30 07:00:00,2025-07-30 09:00:00,ringsted,14.825,98.5,4.65,2.325,1003.98,92.25,60.0
1753862400,2025-07-30 08:00:00,2025-07-30 10:00:00,ringsted,15.725,221.5,5.075,1.45,1004.13,90.0,54.7222
1753866000,2025-07-30 09:00:00,2025-07-30 11:00:00,ringsted,16.475,357.5,5.125,1.05,1004.37,86.0,53.8889
1753869600,2025-07-30 10:00:00,2025-07-30 12:00:00,ringsted,17.4,473.0,5.7,0.275,1004.46,78.0,54.1667
1753873200,2025-07-30 11:00:00,2025-07-30 13:00:00,ringsted,17.975,527.0,6.125,0.0,1004.5,72.75,44.7222
1753876800,2025-07-30 12:00:00,2025-07-30 14:00:00,ringsted,17.75,330.5,6.55,0.075,1004.62,74.0,61.3889
1753880400,2025-07-30 13:00:00,2025-07-30 15:00:00,ringsted,17.5,324.0,6.625,0.475,1004.82,76.0,82.7778
1753884000,2025-07-30 14:00:00,2025-07-30 16:00:00,ringsted,16.725,223.5,5.675,2.625,1004.54,81.0,79.1176
1753887600,2025-07-30 15:00:00,2025-07-30 17:00:00,ringsted,16.65,184.0,5.975,3.225,1004.23,82.5,81.3889
1753891200,2025-07-30 16:00:00,2025-07-30 18:00:00,ringsted,16.55,114.0,5.75,0.825,1003.85,84.0,75.2778
1753894800,2025-07-30 17:00:00,2025-07-30 19:00:00,ringsted,16.65,256.0,5.7,0.425,1003.9,85.0,57.2222
1753898400,2025-07-30 18:00:00,2025-07-30 20:00:00,ringsted,16.425,94.0,5.85,0.0,1004.19,85.25,56.1111
1753902000,2025-07-30 19:00:00,2025-07-30 21:00:00,ringsted,15.95,21.5,4.65,0.0,1004.34,88.0,47.7778
1753905600,2025-07-30 20:00:00,2025-07-30 22:00:00,ringsted,15.35,0.5,3.75,0.0,1004.41,90.75,44.4444
1753909200,2025-07-30 21:00:00,2025-07-30 23:00:00,ringsted,15.05,0.0,3.7,0.0,1004.43,92.25,70.8333
1753912800,2025-07-30 22:00:00,2025-07-31 00:00:00,ringsted,15.025,0.0,3.325,0.325,1004.22,93.75,70.5556
1753916400,2025-07-30 23:00:00,2025-07-31 01:00:00,ringsted,14.925,0.0,3.325,0.15,1004.01,94.5,61.6667
1753920000,2025-07-31 00:00:00,2025-07-31 02:00:00,ringsted,14.95,0.0,3.375,0.025,1003.87,94.25,71.1111
1753923600,2025-07-31 01:00:00,2025-07-31 03:00:00,ringsted,15.075,0.0,3.325,0.05,1003.58,93.75,67.2222
1753927200,2025-07-31 02:00:00,2025-07-31 04:00:00,ringsted,14.95,0.0,2.9,0.0,1003.4,94.0,66.6667
1753930800,2025-07-31 03:00:00,2025-07-31 05:00:00,ringsted,14.75,0.0,2.225,0.0,1003.19,94.5,66.6667
1753934400,2025-07-31 04:00:00,2025-07-31 06:00:00,ringsted,14.625,10.5,2.25,0.0,1003.12,95.0,55.0
1753938000,2025-07-31 05:00:00,2025-07-31 07:00:00,ringsted,14.675,32.5,1.8,0.0,1003.17,95.75,48.3333
1753941600,2025-07-31 06:00:00,2025-07-31 08:00:00,ringsted,15.5,115.0,2.175,0.0,1003.31,94.75,63.0556
1753945200,2025-07-31 07:00:00,2025-07-31 09:00:00,ringsted,16.25,247.0,2.45,0.25,1003.47,91.0,68.8889
1753948800,2025-07-31 08:00:00,2025-07-31 10:00:00,ringsted,16.825,206.5,2.9,0.025,1003.42,87.0,57.0588
1753952400,2025-07-31 09:00:00,2025-07-31 11:00:00,ringsted,17.65,424.0,3.675,0.025,1003.64,82.75,58.125
1753956000,2025-07-31 10:00:00,2025-07-31 12:00:00,ringsted,18.25,405.0,3.75,0.0,1003.74,79.25,63.0556
1753959600,2025-07-31 11:00:00,2025-07-31 13:00:00,ringsted,18.675,316.5,3.425,0.0,1003.8,75.0,58.8889
1753963200,2025-07-31 12:00:00,2025-07-31 14:00:00,ringsted,18.425,423.5,4.025,3.75,1003.79,75.5,57.2222
1753966800,2025-07-31 13:00:00,2025-07-31 15:00:00,ringsted,18.3,311.0,3.825,0.325,1003.76,76.5,50.0
1753970400,2025-07-31 14:00:00,2025-07-31 16:00:00,ringsted,18.2,315.0,3.775,0.675,1003.68,76.0,46.3889
1753974000,2025-07-31 15:00:00,2025-07-31 17:00:00,ringsted,18.175,314.0,3.35,0.025,1003.53,79.0,42.7778
1753977600,2025-07-31 16:00:00,2025-07-31 18:00:00,ringsted,18.75,268.5,3.575,0.025,1003.35,76.5,46.6667
1753981200,2025-07-31 17:00:00,2025-07-31 19:00:00,ringsted,18.5,197.0,3.25,0.05,1003.38,79.75,59.4444
1753984800,2025-07-31 18:00:00,2025-07-31 20:00:00,ringsted,18.075,67.0,2.475,0.0,1003.37,82.25,62.2222
1753988400,2025-07-31 19:00:00,2025-07-31 21:00:00,ringsted,17.35,21.5,1.925,0.0,1003.48,86.75,65.0
1753992000,2025-07-31 20:00:00,2025-07-31 22:00:00,ringsted,16.675,0.5,1.75,0.0,1003.34,90.0,66.1111
1753995600,2025-07-31 21:00:00,2025-07-31 23:00:00,ringsted,15.975,0.0,1.425,0.0,1003.03,92.5,45.5882
1753999200,2025-07-31 22:00:00,2025-08-01 00:00:00,ringsted,15.075,0.0,1.15,0.0,1002.92,94.5,45.0
1754002800,2025-07-31 23:00:00,2025-08-01 01:00:00,ringsted,14.325,0.0,1.1,0.0,1002.8,95.75,46.1538
1754006400,2025-08-01 00:00:00,2025-08-01 02:00:00,ringsted,14.175,0.0,1.075,0.0,1002.41,96.25,47.1429
1754010000,2025-08-01 01:00:00,2025-08-01 03:00:00,ringsted,14.2,0.0,0.95,0.0,1001.92,96.25,25.3125
1754013600,2025-08-01 02:00:00,2025-08-01 04:00:00,ringsted,13.675,0.0,0.775,0.0,1001.64,97.25,19.6667
1754017200,2025-08-01 03:00:00,2025-08-01 05:00:00,ringsted,12.9,0.0,0.85,0.0,1001.58,97.75,58.6111
1754020800,2025-08-01 04:00:00,2025-08-01 06:00:00,ringsted,12.75,6.0,0.8,0.0,1001.55,97.75,39.4444
1754024400,2025-08-01 05:00:00,2025-08-01 07:00:00,ringsted,13.7,49.0,0.75,0.0,1001.35,97.5,32.7778
1754028000,2025-08-01 06:00:00,2025-08-01 08:00:00,ringsted,15.5,109.0,0.85,0.0,1001.37,96.25,50.8824
1754031600,2025-08-01 07:00:00,2025-08-01 09:00:00,ringsted,17.3,208.5,1.025,0.0,1001.31,90.5,64.4118
1754035200,2025-08-01 08:00:00,2025-08-01 10:00:00,ringsted,18.0,163.5,1.25,0.35,1001.33,85.25,73.8889
1754038800,2025-08-01 09:00:00,2025-08-01 11:00:00,ringsted,17.95,263.5,1.35,0.775,1001.22,84.75,60.5556
1754042400,2025-08-01 10:00:00,2025-08-01 12:00:00,ringsted,18.9,464.5,1.45,0.35,1001.25,79.75,66.1111
1754046000,2025-08-01 11:00:00,2025-08-01 13:00:00,ringsted,17.225,378.0,2.725,7.2,1001.25,83.25,65.8824
1754049600,2025-08-01 12:00:00,2025-08-01 14:00:00,ringsted,17.35,384.5,1.875,6.05,1001.42,81.75,88.3333
1754053200,2025-08-01 13:00:00,2025-08-01 15:00:00,ringsted,17.2,225.5,1.625,5.75,1001.51,84.25,55.2778
1754056800,2025-08-01 14:00:00,2025-08-01 16:00:00,ringsted,17.0,207.0,1.875,1.25,1001.5,83.5,18.125
1754060400,2025-08-01 15:00:00,2025-08-01 17:00:00,ringsted,18.3,389.5,1.9,0.0,1001.23,77.5,17.3333
1754064000,2025-08-01 16:00:00,2025-08-01 18:00:00,ringsted,19.225,434.5,2.175,0.0,1001.3,71.5,31.9444
1754067600,2025-08-01 17:00:00,2025-08-01 19:00:00,ringsted,19.225,318.0,2.425,0.0,1001.37,71.75,46.875
1754071200,2025-08-01 18:00:00,2025-08-01 20:00:00,ringsted,19.15,162.0,1.875,0.0,1001.38,72.75,49.3333
1754074800,2025-08-01 19:00:00,2025-08-01 21:00:00,ringsted,17.65,45.0,1.7,0.0,1001.66,81.5,72.3529
1754078400,2025-08-01 20:00:00,2025-08-01 22:00:00,ringsted,16.4,1.5,1.275,0.0,1001.65,88.25,46.7647
1754082000,2025-08-01 21:00:00,2025-08-01 23:00:00,ringsted,15.1,0.0,0.85,0.0,1001.78,92.5,32.9167
1754085600,2025-08-01 22:00:00,2025-08-02 00:00:00,ringsted,14.3,0.0,0.7,0.0,1001.77,95.25,81.1111
1754089200,2025-08-01 23:00:00,2025-08-02 01:00:00,ringsted,13.825,0.0,0.575,0.0,1001.7,96.0,93.0556
1754092800,2025-08-02 00:00:00,2025-08-02 02:00:00,ringsted,13.9,0.0,0.55,0.0,1001.55,96.75,80.0
1754096400,2025-08-02 01:00:00,2025-08-02 03:00:00,ringsted,13.975,0.0,0.475,0.0,1001.6,97.25,70.0
1754100000,2025-08-02 02:00:00,2025-08-02 04:00:00,ringsted,13.95,0.0,0.475,0.0,1001.77,97.25,92.8571
1754103600,2025-08-02 03:00:00,2025-08-02 05:00:00,ringsted,14.05,0.0,0.525,0.0,1001.44,97.0,83.3333
1754107200,2025-08-02 04:00:00,2025-08-02 06:00:00,ringsted,14.15,2.5,0.7,0.0,1001.37,97.25,88.3333
1754110800,2025-08-02 05:00:00,2025-08-02 07:00:00,ringsted,14.8,28.0,0.875,0.0,1001.43,97.5,97.7778
1754114400,2025-08-02 06:00:00,2025-08-02 08:00:00,ringsted,15.725,66.0,1.05,0.0,1001.61,97.0,93.8889
1754118000,2025-08-02 07:00:00,2025-08-02 09:00:00,ringsted,16.7,142.0,1.425,0.0,1001.73,94.75,86.1111
1754121600,2025-08-02 08:00:00,2025-08-02 10:00:00,ringsted,17.775,294.0,1.975,0.15,1001.97,88.25,75.2778
1754125200,2025-08-02 09:00:00,2025-08-02 11:00:00,ringsted,18.775,485.5,2.15,0.45,1002.14,80.0,48.6111
1754128800,2025-08-02 10:00:00,2025-08-02 12:00:00,ringsted,19.725,429.5,2.825,0.025,1002.4,72.75,59.7222
1754132400,2025-08-02 11:00:00,2025-08-02 13:00:00,ringsted,19.775,445.5,3.325,0.025,1002.8,72.25,39.1176
1754136000,2025-08-02 12:00:00,2025-08-02 14:00:00,ringsted,19.175,493.0,2.95,0.1,1003.1,74.75,44.4444
1754139600,2025-08-02 13:00:00,2025-08-02 15:00:00,ringsted,19.75,571.5,3.175,0.0,1003.22,72.75,45.8333
1754143200,2025-08-02 14:00:00,2025-08-02 16:00:00,ringsted,20.05,391.5,3.275,0.0,1003.28,71.25,46.9444
1754146800,2025-08-02 15:00:00,2025-08-02 17:00:00,ringsted,20.225,423.5,3.65,0.0,1003.5,69.75,48.0556
1754150400,2025-08-02 16:00:00,2025-08-02 18:00:00,ringsted,20.25,322.5,3.875,0.0,1003.62,70.5,49.4444
1754154000,2025-08-02 17:00:00,2025-08-02 19:00:00,ringsted,19.15,104.5,3.325,0.175,1003.81,77.5,54.6429
1754157600,2025-08-02 18:00:00,2025-08-02 20:00:00,ringsted,18.05,50.5,1.9,0.0,1004.05,83.25,64.6875
1754161200,2025-08-02 19:00:00,2025-08-02 21:00:00,ringsted,17.575,16.5,1.475,0.025,1004.22,86.25,49.1667
1754164800,2025-08-02 20:00:00,2025-08-02 22:00:00,ringsted,16.575,0.5,2.125,0.0,1004.42,90.5,42.8571
1754168400,2025-08-02 21:00:00,2025-08-02 23:00:00,ringsted,16.3,0.0,2.525,0.0,1004.53,92.5,30.8824
1754172000,2025-08-02 22:00:00,2025-08-03 00:00:00,ringsted,16.3,0.0,2.625,0.0,1004.59,92.0,43.8889
1754175600,2025-08-02 23:00:00,2025-08-03 01:00:00,ringsted,16.0,0.0,2.125,0.025,1004.75,93.25,74.7222
1754179200,2025-08-03 00:00:00,2025-08-03 02:00:00,ringsted,15.875,0.0,2.575,0.125,1004.67,94.25,76.1111
1754182800,2025-08-03 01:00:00,2025-08-03 03:00:00,ringsted,15.9,0.0,2.975,0.225,1004.56,95.25,78.3333
1754186400,2025-08-03 02:00:00,2025-08-03 04:00:00,ringsted,16.1,0.0,2.8,0.425,1004.46,96.0,92.7778
1754190000,2025-08-03 03:00:00,2025-08-03 05:00:00,ringsted,15.975,0.0,2.9,0.25,1004.35,96.0,93.8889
1754193600,2025-08-03 04:00:00,2025-08-03 06:00:00,ringsted,15.85,0.5,3.5,0.075,1004.23,95.5,93.8889
1754197200,2025-08-03 05:00:00,2025-08-03 07:00:00,ringsted,15.875,22.5,4.65,0.75,1004.16,94.75,87.5
1754200800,2025-08-03 06:00:00,2025-08-03 08:00:00,ringsted,15.95,36.0,5.325,1.875,1004.04,94.25,95.5556
1754204400,2025-08-03 07:00:00,2025-08-03 09:00:00,ringsted,15.675,29.5,5.425,3.825,1003.99,95.5,96.6667
1754208000,2025-08-03 08:00:00,2025-08-03 10:00:00,ringsted,15.6,53.5,6.875,4.0,1004.37,96.25,98.8889
1754211600,2025-08-03 09:00:00,2025-08-03 11:00:00,ringsted,15.75,69.0,6.975,2.7,1005.17,95.75,98.8889
1754215200,2025-08-03 10:00:00,2025-08-03 12:00:00,ringsted,16.0,129.5,6.175,0.675,1005.7,94.75,97.2222
1754218800,2025-08-03 11:00:00,2025-08-03 13:00:00,ringsted,16.275,233.0,6.1,0.175,1006.09,93.75,88.8889
1754222400,2025-08-03 12:00:00,2025-08-03 14:00:00,ringsted,16.95,415.5,6.075,0.125,1006.35,90.25,93.3333
1754226000,2025-08-03 13:00:00,2025-08-03 15:00:00,ringsted,17.025,303.5,6.1,0.15,1006.48,89.0,93.0556
1754229600,2025-08-03 14:00:00,2025-08-03 16:00:00,ringsted,16.7,220.0,5.825,0.425,1006.64,91.25,94.4444
1754233200,2025-08-03 15:00:00,2025-08-03 17:00:00,ringsted,16.375,155.0,5.75,0.625,1006.9,91.5,96.6667
1754236800,2025-08-03 16:00:00,2025-08-03 18:00:00,ringsted,16.175,90.5,5.4,0.125,1006.94,91.75,97.2222
1754240400,2025-08-03 17:00:00,2025-08-03 19:00:00,ringsted,15.8,71.0,5.3,0.35,1007.01,93.0,97.7778
1754244000,2025-08-03 18:00:00,2025-08-03 20:00:00,ringsted,15.425,32.0,4.9,0.25,1007.0,93.25,96.6667
1754247600,2025-08-03 19:00:00,2025-08-03 21:00:00,ringsted,15.5,4.0,4.25,0.0,1007.35,91.25,96.6667
1754251200,2025-08-03 20:00:00,2025-08-03 22:00:00,ringsted,15.375,0.0,3.625,0.025,1007.47,91.25,96.6667
1754254800,2025-08-03 21:00:00,2025-08-03 23:00:00,ringsted,15.45,0.0,3.225,0.0,1007.1,91.5,96.6667
1754258400,2025-08-03 22:00:00,2025-08-04 00:00:00,ringsted,15.7,0.0,3.6,0.05,1006.95,92.0,96.6667
1754262000,2025-08-03 23:00:00,2025-08-04 01:00:00,ringsted,15.775,0.0,3.375,0.175,1006.8,92.0,96.6667
1754265600,2025-08-04 00:00:00,2025-08-04 02:00:00,ringsted,15.925,0.0,3.325,0.125,1006.42,90.75,96.6667
1754269200,2025-08-04 01:00:00,2025-08-04 03:00:00,ringsted,15.65,0.0,3.375,0.45,1006.1,93.5,94.4444
1754272800,2025-08-04 02:00:00,2025-08-04 04:00:00,ringsted,15.4,0.0,3.425,0.075,1005.94,94.5,96.1111
1754276400,2025-08-04 03:00:00,2025-08-04 05:00:00,ringsted,15.1,0.0,3.6,0.15,1005.97,95.25,97.2222
1754280000,2025-08-04 04:00:00,2025-08-04 06:00:00,ringsted,14.975,0.0,3.25,0.025,1006.05,95.75,94.7222
1754283600,2025-08-04 05:00:00,2025-08-04 07:00:00,ringsted,15.125,6.0,3.025,0.025,1006.37,96.0,98.8889
1754287200,2025-08-04 06:00:00,2025-08-04 08:00:00,ringsted,15.475,42.5,2.775,0.025,1006.52,96.5,92.7778
1754290800,2025-08-04 07:00:00,2025-08-04 09:00:00,ringsted,16.1,116.5,2.8,0.0,1006.6,95.75,92.7778
1754294400,2025-08-04 08:00:00,2025-08-04 10:00:00,ringsted,16.7,153.0,3.25,0.0,1007.06,94.0,97.2222
1754298000,2025-08-04 09:00:00,2025-08-04 11:00:00,ringsted,17.025,245.0,3.35,0.175,1007.08,92.25,92.2222
1754301600,2025-08-04 10:00:00,2025-08-04 12:00:00,ringsted,17.475,362.0,3.425,0.375,1007.35,88.25,68.6111
1754305200,2025-08-04 11:00:00,2025-08-04 13:00:00,ringsted,18.1,503.5,4.5,0.0,1007.4,80.75,62.2222
1754308800,2025-08-04 12:00:00,2025-08-04 14:00:00,ringsted,19.425,591.0,4.125,0.0,1007.36,71.0,41.1765
1754312400,2025-08-04 13:00:00,2025-08-04 15:00:00,ringsted,20.375,662.0,4.525,0.0,1007.45,65.25,35.2778
1754316000,2025-08-04 14:00:00,2025-08-04 16:00:00,ringsted,20.85,401.0,4.725,0.0,1007.36,62.75,35.0
1754319600,2025-08-04 15:00:00,2025-08-04 17:00:00,ringsted,20.775,408.0,5.625,0.0,1007.28,63.5,45.0
1754323200,2025-08-04 16:00:00,2025-08-04 18:00:00,ringsted,20.225,228.5,5.725,0.0,1006.93,64.0,53.3333
1754326800,2025-08-04 17:00:00,2025-08-04 19:00:00,ringsted,19.4,89.5,4.925,0.0,1006.59,65.25,65.2778
1754330400,2025-08-04 18:00:00,2025-08-04 20:00:00,ringsted,18.575,34.5,4.4,0.0,1006.44,68.75,89.7222
1754334000,2025-08-04 19:00:00,2025-08-04 21:00:00,ringsted,17.2333,10.0,3.66667,0.35,1006.03,81.5,85.8333
1754337600,2025-08-04 20:00:00,2025-08-04 22:00:00,ringsted,16.5,0.0,3.875,0.35,1005.02,85.5,96.6667
1754341200,2025-08-04 21:00:00,2025-08-04 23:00:00,ringsted,16.125,0.0,5.525,1.0,1003.83,89.75,95.0
1754344800,2025-08-04 22:00:00,2025-08-05 00:00:00,ringsted,15.975,0.0,6.525,0.175,1003.02,92.25,96.6667
1754348400,2025-08-04 23:00:00,2025-08-05 01:00:00,ringsted,15.95,0.0,6.8,1.1,1002.67,94.5,93.3333
1754352000,2025-08-05 00:00:00,2025-08-05 02:00:00,ringsted,16.575,0.0,6.0,0.575,1002.72,94.75,85.5556
1754355600,2025-08-05 01:00:00,2025-08-05 03:00:00,ringsted,16.725,0.0,4.95,0.025,1003.2,91.5,83.3333
1754359200,2025-08-05 02:00:00,2025-08-05 04:00:00,ringsted,16.075,0.0,4.8,0.025,1003.47,87.75,25.3125
1754362800,2025-08-05 03:00:00,2025-08-05 05:00:00,ringsted,14.85,0.0,3.6,0.0,1003.88,85.5,5.33333
1754366400,2025-08-05 04:00:00,2025-08-05 06:00:00,ringsted,14.275,4.5,3.95,0.0,1004.28,85.75,25.3571
1754370000,2025-08-05 05:00:00,2025-08-05 07:00:00,ringsted,14.475,62.5,3.85,0.0,1004.63,84.0,33.3333
1754373600,2025-08-05 06:00:00,2025-08-05 08:00:00,ringsted,15.25,150.0,3.975,0.0,1005.0,81.25,43.8889
1754377200,2025-08-05 07:00:00,2025-08-05 09:00:00,ringsted,16.175,287.5,5.05,0.0,1005.17,77.0,20.0
1754380800,2025-08-05 08:00:00,2025-08-05 10:00:00,ringsted,17.2,454.0,6.45,0.0,1005.28,69.0,41.9444
1754384400,2025-08-05 09:00:00,2025-08-05 11:00:00,ringsted,17.925,608.0,7.375,0.0,1005.51,63.25,30.2778
1754388000,2025-08-05 10:00:00,2025-08-05 12:00:00,ringsted,18.625,635.0,7.65,0.0,1005.67,58.75,33.0556
1754391600,2025-08-05 11:00:00,2025-08-05 13:00:00,ringsted,19.075,632.0,8.075,0.0,1005.72,56.5,27.1429
1754395200,2025-08-05 12:00:00,2025-08-05 14:00:00,ringsted,19.55,713.5,8.6,0.0,1005.92,55.0,29.2308
1754398800,2025-08-05 13:00:00,2025-08-05 15:00:00,ringsted,19.875,655.5,8.725,0.0,1006.16,52.5,14.6875
1754402400,2025-08-05 14:00:00,2025-08-05 16:00:00,ringsted,19.95,636.0,9.0,0.0,1006.51,50.5,42.8125
1754406000,2025-08-05 15:00:00,2025-08-05 17:00:00,ringsted,19.225,462.5,8.35,0.025,1006.94,54.25,35.0
1754409600,2025-08-05 16:00:00,2025-08-05 18:00:00,ringsted,18.275,376.5,7.65,0.075,1007.3,57.75,22.5
1754413200,2025-08-05 17:00:00,2025-08-05 19:00:00,ringsted,17.45,222.0,7.275,0.0,1007.77,61.0,37.6471
1754416800,2025-08-05 18:00:00,2025-08-05 20:00:00,ringsted,16.0,122.5,5.25,0.15,1008.09,69.25,18.0
1754420400,2025-08-05 19:00:00,2025-08-05 21:00:00,ringsted,15.475,32.5,5.15,0.0,1008.5,73.0,7.35294
1754424000,2025-08-05 20:00:00,2025-08-05 22:00:00,ringsted,14.8,0.5,4.95,0.0,1008.95,74.0,9.23077
1754427600,2025-08-05 21:00:00,2025-08-05 23:00:00,ringsted,14.1,0.0,4.6,0.0,1009.21,75.0,25.0
1754431200,2025-08-05 22:00:00,2025-08-06 00:00:00,ringsted,13.875,0.0,4.9,0.0,1009.51,75.5,5.83333
1754434800,2025-08-05 23:00:00,2025-08-06 01:00:00,ringsted,13.625,0.0,4.85,0.0,1009.75,78.75,3.0
1754438400,2025-08-06 00:00:00,2025-08-06 02:00:00,ringsted,13.4,0.0,4.8,0.0,1009.88,79.5,0.0
1754442000,2025-08-06 01:00:00,2025-08-06 03:00:00,ringsted,13.1,0.0,4.525,0.0,1009.88,79.75,49.375
1754445600,2025-08-06 02:00:00,2025-08-06 04:00:00,ringsted,13.025,0.0,4.6,0.0,1010.1,80.75,35.5556
1754449200,2025-08-06 03:00:00,2025-08-06 05:00:00,ringsted,12.925,0.0,4.85,0.0,1010.48,81.75,22.0833
1754452800,2025-08-06 04:00:00,2025-08-06 06:00:00,ringsted,12.8,4.5,4.7,0.0,1010.79,83.75,26.4286
1754456400,2025-08-06 05:00:00,2025-08-06 07:00:00,ringsted,13.35,68.0,5.075,0.025,1011.28,82.5,53.0556
1754460000,2025-08-06 06:00:00,2025-08-06 08:00:00,ringsted,14.4,181.5,5.825,0.0,1011.61,76.25,35.0
1754463600,2025-08-06 07:00:00,2025-08-06 09:00:00,ringsted,15.525,318.0,6.625,0.0,1012.0,70.25,45.2778
1754467200,2025-08-06 08:00:00,2025-08-06 10:00:00,ringsted,16.35,407.0,7.25,0.0,1012.28,63.75,61.1111
1754470800,2025-08-06 09:00:00,2025-08-06 11:00:00,ringsted,17.175,529.5,7.8,0.0,1012.65,58.75,46.9444
1754474400,2025-08-06 10:00:00,2025-08-06 12:00:00,ringsted,17.675,510.5,7.725,0.0,1013.02,56.0,66.6667
1754478000,2025-08-06 11:00:00,2025-08-06 13:00:00,ringsted,18.35,616.5,7.525,0.0,1013.3,51.25,65.8333
1754481600,2025-08-06 12:00:00,2025-08-06 14:00:00,ringsted,18.725,443.5,7.275,0.0,1013.41,51.25,87.7778
1754485200,2025-08-06 13:00:00,2025-08-06 15:00:00,ringsted,18.275,368.5,7.475,0.0,1013.66,56.75,76.6667
1754488800,2025-08-06 14:00:00,2025-08-06 16:00:00,ringsted,18.05,478.5,6.8,0.0,1013.58,62.0,61.3889
1754492400,2025-08-06 15:00:00,2025-08-06 17:00:00,ringsted,17.475,268.5,6.475,0.85,1013.54,68.5,74.1667
1754496000,2025-08-06 16:00:00,2025-08-06 18:00:00,ringsted,17.05,272.0,5.775,0.9,1013.42,71.0,70.8333
1754499600,2025-08-06 17:00:00,2025-08-06 19:00:00,ringsted,17.375,170.5,5.05,0.0,1013.42,68.75,58.6111
1754503200,2025-08-06 18:00:00,2025-08-06 20:00:00,ringsted,17.2,81.0,5.125,0.0,1013.57,68.75,74.4444
1754506800,2025-08-06 19:00:00,2025-08-06 21:00:00,ringsted,16.475,23.5,4.575,0.0,1013.88,72.25,40.625
1754510400,2025-08-06 20:00:00,2025-08-06 22:00:00,ringsted,15.475,0.5,3.9,0.0,1014.03,78.5,18.8235
1754514000,2025-08-06 21:00:00,2025-08-06 23:00:00,ringsted,14.575,0.0,3.3,0.0,1014.23,83.0,0.0
1754517600,2025-08-06 22:00:00,2025-08-07 00:00:00,ringsted,14.025,0.0,3.25,0.0,1014.2,85.25,2.5
1754521200,2025-08-06 23:00:00,2025-08-07 01:00:00,ringsted,13.775,0.0,2.925,0.0,1014.13,86.5,11.6667
1754524800,2025-08-07 00:00:00,2025-08-07 02:00:00,ringsted,13.575,0.0,2.9,0.0,1013.96,88.25,43.2143
1754528400,2025-08-07 01:00:00,2025-08-07 03:00:00,ringsted,13.35,0.0,2.65,0.0,1013.92,90.0,29.1667
1754532000,2025-08-07 02:00:00,2025-08-07 04:00:00,ringsted,13.275,0.0,2.525,0.0,1013.97,91.0,59.7222
1754535600,2025-08-07 03:00:00,2025-08-07 05:00:00,ringsted,13.3,0.0,2.275,0.0,1013.93,91.25,66.1111
1754539200,2025-08-07 04:00:00,2025-08-07 06:00:00,ringsted,13.725,1.0,2.5,0.0,1013.9,89.25,38.0556
1754542800,2025-08-07 05:00:00,2025-08-07 07:00:00,ringsted,14.075,45.5,2.325,0.0,1013.72,89.0,49.4444
1754546400,2025-08-07 06:00:00,2025-08-07 08:00:00,ringsted,15.2,124.5,3.2,0.0,1013.9,85.75,63.8889
1754550000,2025-08-07 07:00:00,2025-08-07 09:00:00,ringsted,15.825,164.5,3.6,0.0,1013.78,83.0,45.0
1754553600,2025-08-07 08:00:00,2025-08-07 10:00:00,ringsted,16.6,253.0,4.5,0.0,1013.39,78.25,38.8889
1754557200,2025-08-07 09:00:00,2025-08-07 11:00:00,ringsted,17.3,303.0,4.95,0.0,1013.18,71.25,58.0556
1754560800,2025-08-07 10:00:00,2025-08-07 12:00:00,ringsted,17.325,216.5,4.875,0.0,1012.86,70.5,55.8333
1754564400,2025-08-07 11:00:00,2025-08-07 13:00:00,ringsted,17.775,352.0,4.625,0.0,1012.8,68.75,50.0
1754568000,2025-08-07 12:00:00,2025-08-07 14:00:00,ringsted,18.75,481.5,4.475,0.0,1012.54,63.0,41.9444
1754571600,2025-08-07 13:00:00,2025-08-07 15:00:00,ringsted,19.225,435.5,4.3,0.0,1012.11,60.25,31.9444
1754575200,2025-08-07 14:00:00,2025-08-07 16:00:00,ringsted,19.8,531.5,4.575,0.0,1011.83,58.0,28.6111
1754578800,2025-08-07 15:00:00,2025-08-07 17:00:00,ringsted,19.85,341.0,4.65,0.0,1011.48,59.25,70.8333
1754582400,2025-08-07 16:00:00,2025-08-07 18:00:00,ringsted,19.4,109.5,3.5,0.0,1011.22,62.0,87.5
1754586000,2025-08-07 17:00:00,2025-08-07 19:00:00,ringsted,19.475,108.0,3.325,0.0,1011.09,63.0,74.1667
1754589600,2025-08-07 18:00:00,2025-08-07 20:00:00,ringsted,19.225,75.0,2.725,0.0,1010.65,64.75,61.3889
1754593200,2025-08-07 19:00:00,2025-08-07 21:00:00,ringsted,18.0,11.0,2.63333,0.0,1010.63,71.5,88.3333
1754596800,2025-08-07 20:00:00,2025-08-07 22:00:00,ringsted,17.25,0.0,2.7,0.0,1010.53,76.0,96.6667
1754600400,2025-08-07 21:00:00,2025-08-07 23:00:00,ringsted,17.25,0.0,2.375,0.0,1010.11,75.5,95.0
1754604000,2025-08-07 22:00:00,2025-08-08 00:00:00,ringsted,17.0,0.0,2.525,0.025,1009.91,78.25,96.6667
1754607600,2025-08-07 23:00:00,2025-08-08 01:00:00,ringsted,17.0,0.0,2.375,0.0,1009.6,79.5,96.6667
1754611200,2025-08-08 00:00:00,2025-08-08 02:00:00,ringsted,16.85,0.0,1.925,0.0,1009.48,80.75,95.0
1754614800,2025-08-08 01:00:00,2025-08-08 03:00:00,ringsted,16.3,0.0,1.325,0.0,1009.23,84.0,75.8333
1754618400,2025-08-08 02:00:00,2025-08-08 04:00:00,ringsted,15.725,0.0,1.25,0.0,1008.93,87.5,78.3333
1754622000,2025-08-08 03:00:00,2025-08-08 05:00:00,ringsted,14.875,0.0,0.825,0.0,1009.19,91.5,40.8824
1754625600,2025-08-08 04:00:00,2025-08-08 06:00:00,ringsted,14.675,1.5,1.175,0.0,1009.26,91.75,37.0588
1754629200,2025-08-08 05:00:00,2025-08-08 07:00:00,ringsted,14.35,45.5,0.775,0.0,1009.58,93.5,34.0625
1754632800,2025-08-08 06:00:00,2025-08-08 08:00:00,ringsted,16.2,150.5,1.1,0.0,1009.8,90.25,6.875
1754636400,2025-08-08 07:00:00,2025-08-08 09:00:00,ringsted,18.325,320.5,2.425,0.0,1009.78,77.0,8.57143
1754640000,2025-08-08 08:00:00,2025-08-08 10:00:00,ringsted,19.675,451.5,3.5,0.0,1009.93,66.75,13.4615
1754643600,2025-08-08 09:00:00,2025-08-08 11:00:00,ringsted,20.675,586.0,3.85,0.0,1010.16,60.5,28.8235
1754647200,2025-08-08 10:00:00,2025-08-08 12:00:00,ringsted,21.525,696.5,4.175,0.0,1010.14,56.25,49.6667
1754650800,2025-08-08 11:00:00,2025-08-08 13:00:00,ringsted,22.175,683.0,4.0,0.0,1010.4,52.0,65.3333
1754654400,2025-08-08 12:00:00,2025-08-08 14:00:00,ringsted,22.25,522.0,3.975,0.0,1010.68,50.5,39.3333
1754658000,2025-08-08 13:00:00,2025-08-08 15:00:00,ringsted,22.875,645.0,3.95,0.0,1010.81,49.25,10.7143
1754661600,2025-08-08 14:00:00,2025-08-08 16:00:00,ringsted,23.4,635.5,4.775,0.0,1011.0,49.75,29.6154
1754665200,2025-08-08 15:00:00,2025-08-08 17:00:00,ringsted,23.275,491.5,5.275,0.0,1011.32,53.0,38.4375
1754668800,2025-08-08 16:00:00,2025-08-08 18:00:00,ringsted,22.975,329.5,5.4,0.0,1011.74,57.25,34.5833
1754672400,2025-08-08 17:00:00,2025-08-08 19:00:00,ringsted,22.375,244.0,5.25,0.0,1012.22,59.25,5.0
1754676000,2025-08-08 18:00:00,2025-08-08 20:00:00,ringsted,21.5,140.5,4.725,0.0,1012.97,55.5,0.0
1754679600,2025-08-08 19:00:00,2025-08-08 21:00:00,ringsted,19.575,31.5,3.325,0.0,1013.81,60.75,0.0
1754683200,2025-08-08 20:00:00,2025-08-08 22:00:00,ringsted,17.475,0.0,2.35,0.0,1014.35,69.75,0.0
1754686800,2025-08-08 21:00:00,2025-08-08 23:00:00,ringsted,16.525,0.0,2.525,0.0,1014.68,74.5,0.0
1754690400,2025-08-08 22:00:00,2025-08-09 00:00:00,ringsted,15.575,0.0,2.45,0.0,1014.94,79.0,0.0
1754694000,2025-08-08 23:00:00,2025-08-09 01:00:00,ringsted,14.65,0.0,2.05,0.0,1015.18,84.0,0.0
1754697600,2025-08-09 00:00:00,2025-08-09 02:00:00,ringsted,14.0,0.0,1.975,0.0,1015.32,88.0,0.0
1754701200,2025-08-09 01:00:00,2025-08-09 03:00:00,ringsted,13.55,0.0,1.775,0.0,1015.33,90.5,0.0
1754704800,2025-08-09 02:00:00,2025-08-09 04:00:00,ringsted,12.65,0.0,1.325,0.0,1015.45,92.75,0.0
1754708400,2025-08-09 03:00:00,2025-08-09 05:00:00,ringsted,12.325,0.0,1.375,0.0,1015.86,94.0,7.91667
1754712000,2025-08-09 04:00:00,2025-08-09 06:00:00,ringsted,11.775,1.5,1.35,0.0,1016.28,93.25,18.75
1754715600,2025-08-09 05:00:00,2025-08-09 07:00:00,ringsted,12.425,61.0,1.425,0.0,1016.56,92.75,2.5
1754719200,2025-08-09 06:00:00,2025-08-09 08:00:00,ringsted,14.525,187.5,1.35,0.0,1016.57,86.25,31.1538
1754722800,2025-08-09 07:00:00,2025-08-09 09:00:00,ringsted,16.325,271.0,2.35,0.0,1016.66,75.5,46.6667
1754726400,2025-08-09 08:00:00,2025-08-09 10:00:00,ringsted,17.525,383.5,3.1,0.0,1016.58,64.75,45.8333
1754730000,2025-08-09 09:00:00,2025-08-09 11:00:00,ringsted,18.4,575.5,3.4,0.0,1016.42,60.25,51.4706
1754733600,2025-08-09 10:00:00,2025-08-09 12:00:00,ringsted,19.325,564.0,3.85,0.0,1015.94,58.25,38.9286
1754737200,2025-08-09 11:00:00,2025-08-09 13:00:00,ringsted,19.9,611.5,3.775,0.0,1015.6,58.0,29.7222
1754740800,2025-08-09 12:00:00,2025-08-09 14:00:00,ringsted,20.75,690.0,3.975,0.0,1015.32,56.0,46.6667
1754744400,2025-08-09 13:00:00,2025-08-09 15:00:00,ringsted,21.35,682.5,3.85,0.0,1015.01,54.25,36.6667
1754748000,2025-08-09 14:00:00,2025-08-09 16:00:00,ringsted,21.875,650.0,3.9,0.0,1014.75,51.5,32.5
1754751600,2025-08-09 15:00:00,2025-08-09 17:00:00,ringsted,22.175,552.5,3.925,0.0,1014.3,51.25,25.8333
1754755200,2025-08-09 16:00:00,2025-08-09 18:00:00,ringsted,22.25,429.5,3.75,0.0,1013.87,52.0,5.83333
1754758800,2025-08-09 17:00:00,2025-08-09 19:00:00,ringsted,22.1,279.5,3.2,0.0,1013.56,53.75,5.83333
1754762400,2025-08-09 18:00:00,2025-08-09 20:00:00,ringsted,21.175,119.5,1.9,0.0,1013.42,58.75,26.1111
1754766000,2025-08-09 19:00:00,2025-08-09 21:00:00,ringsted,19.5,17.0,1.875,0.0,1013.7,67.5,57.2222
1754769600,2025-08-09 20:00:00,2025-08-09 22:00:00,ringsted,17.5,0.0,2.475,0.0,1013.76,79.5,43.8889
1754773200,2025-08-09 21:00:00,2025-08-09 23:00:00,ringsted,16.675,0.0,2.15,0.0,1014.06,85.75,43.3333
1754776800,2025-08-09 22:00:00,2025-08-10 00:00:00,ringsted,16.825,0.0,2.25,0.0,1014.4,86.0,33.0556
1754780400,2025-08-09 23:00:00,2025-08-10 01:00:00,ringsted,16.85,0.0,3.025,0.0,1014.65,84.5,4.66667
1754784000,2025-08-10 00:00:00,2025-08-10 02:00:00,ringsted,15.7,0.0,2.8,0.0,1014.83,87.75,0.833333
1754787600,2025-08-10 01:00:00,2025-08-10 03:00:00,ringsted,14.775,0.0,2.5,0.0,1015.16,90.25,0.0
1754791200,2025-08-10 02:00:00,2025-08-10 04:00:00,ringsted,13.925,0.0,2.45,0.0,1015.49,92.0,0.0
1754794800,2025-08-10 03:00:00,2025-08-10 05:00:00,ringsted,13.45,0.0,2.225,0.0,1015.69,92.75,2.5
1754798400,2025-08-10 04:00:00,2025-08-10 06:00:00,ringsted,13.225,1.5,1.9,0.0,1016.14,93.5,23.75
1754802000,2025-08-10 05:00:00,2025-08-10 07:00:00,ringsted,13.975,51.0,2.175,0.0,1016.66,92.75,22.8125
1754805600,2025-08-10 06:00:00,2025-08-10 08:00:00,ringsted,15.475,173.5,3.775,0.0,1017.12,88.75,34.1667
1754809200,2025-08-10 07:00:00,2025-08-10 09:00:00,ringsted,16.7,304.0,5.175,0.0,1017.62,80.0,30.0
1754812800,2025-08-10 08:00:00,2025-08-10 10:00:00,ringsted,17.6,393.0,5.8,0.0,1018.3,68.5,45.8333
1754816400,2025-08-10 09:00:00,2025-08-10 11:00:00,ringsted,18.4,418.0,6.225,0.0,1018.78,63.0,51.1111
1754820000,2025-08-10 10:00:00,2025-08-10 12:00:00,ringsted,18.875,451.5,6.375,0.0,1019.08,59.75,46.1111
1754823600,2025-08-10 11:00:00,2025-08-10 13:00:00,ringsted,19.225,543.0,6.25,0.0,1019.43,57.5,45.2778
1754827200,2025-08-10 12:00:00,2025-08-10 14:00:00,ringsted,19.85,591.5,6.25,0.0,1019.76,54.5,66.6667
1754830800,2025-08-10 13:00:00,2025-08-10 15:00:00,ringsted,20.075,551.5,5.65,0.0,1020.12,52.5,81.9444
1754834400,2025-08-10 14:00:00,2025-08-10 16:00:00,ringsted,19.825,312.0,5.675,0.0,1020.41,54.0,78.0556
1754838000,2025-08-10 15:00:00,2025-08-10 17:00:00,ringsted,19.8,333.5,5.25,0.0,1020.54,54.25,74.4444
1754841600,2025-08-10 16:00:00,2025-08-10 18:00:00,ringsted,19.625,141.0,4.625,0.0,1020.47,56.0,65.2778
1754845200,2025-08-10 17:00:00,2025-08-10 19:00:00,ringsted,19.325,170.5,4.725,0.0,1020.69,56.5,31.1111
1754848800,2025-08-10 18:00:00,2025-08-10 20:00:00,ringsted,18.925,144.0,4.125,0.0,1020.92,57.5,3.57143
1754852400,2025-08-10 19:00:00,2025-08-10 21:00:00,ringsted,17.3,25.0,2.725,0.0,1021.35,64.75,0.0
1754856000,2025-08-10 20:00:00,2025-08-10 22:00:00,ringsted,15.125,0.5,1.725,0.0,1021.65,74.0,0.0
1754859600,2025-08-10 21:00:00,2025-08-10 23:00:00,ringsted,14.075,0.0,1.4,0.0,1021.93,78.25,0.0
1754863200,2025-08-10 22:00:00,2025-08-11 00:00:00,ringsted,12.9,0.0,1.125,0.0,1022.11,84.5,0.0
1754866800,2025-08-10 23:00:00,2025-08-11 01:00:00,ringsted,12.2,0.0,1.425,0.0,1022.25,87.5,0.0
1754870400,2025-08-11 00:00:00,2025-08-11 02:00:00,ringsted,11.65,0.0,1.625,0.0,1022.12,90.5,6.81818
1754874000,2025-08-11 01:00:00,2025-08-11 03:00:00,ringsted,10.725,0.0,0.625,0.0,1021.95,93.25,38.0
1754877600,2025-08-11 02:00:00,2025-08-11 04:00:00,ringsted,10.375,0.0,0.5,0.0,1021.96,94.75,50.0
1754881200,2025-08-11 03:00:00,2025-08-11 05:00:00,ringsted,9.7,0.0,0.625,0.0,1022.07,95.75,23.75
1754884800,2025-08-11 04:00:00,2025-08-11 06:00:00,ringsted,9.3,2.0,0.525,0.0,1021.84,96.75,0.0
1754888400,2025-08-11 05:00:00,2025-08-11 07:00:00,ringsted,10.0,48.0,0.65,0.0,1021.83,97.0,0.0
1754892000,2025-08-11 06:00:00,2025-08-11 08:00:00,ringsted,12.425,159.5,0.9,0.0,1021.94,95.0,0.833333
1754895600,2025-08-11 07:00:00,2025-08-11 09:00:00,ringsted,15.0,314.5,2.425,0.0,1021.79,82.75,31.3333
1754899200,2025-08-11 08:00:00,2025-08-11 10:00:00,ringsted,16.325,369.0,3.15,0.0,1021.56,72.5,52.5
1754902800,2025-08-11 09:00:00,2025-08-11 11:00:00,ringsted,17.1,423.5,3.575,0.0,1021.23,66.25,63.0556
1754906400,2025-08-11 10:00:00,2025-08-11 12:00:00,ringsted,17.75,476.0,3.925,0.0,1021.05,62.5,55.8333
1754910000,2025-08-11 11:00:00,2025-08-11 13:00:00,ringsted,18.325,502.0,4.05,0.0,1020.87,59.0,75.0
1754913600,2025-08-11 12:00:00,2025-08-11 14:00:00,ringsted,18.65,486.5,4.325,0.0,1020.58,58.5,61.1111
1754917200,2025-08-11 13:00:00,2025-08-11 15:00:00,ringsted,18.925,372.5,4.025,0.0,1020.15,58.25,69.4444
1754920800,2025-08-11 14:00:00,2025-08-11 16:00:00,ringsted,19.2,425.5,3.55,0.0,1019.58,57.75,88.8889
1754924400,2025-08-11 15:00:00,2025-08-11 17:00:00,ringsted,19.525,427.5,3.25,0.0,1019.1,57.0,68.6111
1754928000,2025-08-11 16:00:00,2025-08-11 18:00:00,ringsted,19.575,337.5,3.4,0.0,1018.69,57.0,34.7059
1754931600,2025-08-11 17:00:00,2025-08-11 19:00:00,ringsted,19.65,260.0,2.925,0.0,1018.29,56.25,2.08333
1754935200,2025-08-11 18:00:00,2025-08-11 20:00:00,ringsted,18.975,116.5,2.925,0.0,1018.24,60.75,5.83333
1754938800,2025-08-11 19:00:00,2025-08-11 21:00:00,ringsted,17.15,17.0,1.875,0.0,1018.29,70.0,7.91667
1754942400,2025-08-11 20:00:00,2025-08-11 22:00:00,ringsted,15.7,0.0,1.7,0.0,1018.08,78.25,46.9231
1754946000,2025-08-11 21:00:00,2025-08-11 23:00:00,ringsted,14.975,0.0,1.55,0.0,1017.93,83.25,65.2778
1754949600,2025-08-11 22:00:00,2025-08-12 00:00:00,ringsted,15.275,0.0,1.75,0.0,1017.91,84.25,44.2857
1754953200,2025-08-11 23:00:00,2025-08-12 01:00:00,ringsted,15.05,0.0,1.725,0.0,1017.68,85.5,2.08333
1754956800,2025-08-12 00:00:00,2025-08-12 02:00:00,ringsted,14.275,0.0,1.2,0.0,1017.67,89.5,0.0
1754960400,2025-08-12 01:00:00,2025-08-12 03:00:00,ringsted,13.725,0.0,0.825,0.0,1017.49,92.75,4.16667
1754964000,2025-08-12 02:00:00,2025-08-12 04:00:00,ringsted,13.275,0.0,0.775,0.0,1017.55,94.5,2.5
1754967600,2025-08-12 03:00:00,2025-08-12 05:00:00,ringsted,12.475,0.0,0.5,0.0,1017.49,96.25,0.0
1754971200,2025-08-12 04:00:00,2025-08-12 06:00:00,ringsted,12.375,1.0,0.625,0.0,1017.74,97.25,11.25
1754974800,2025-08-12 05:00:00,2025-08-12 07:00:00,ringsted,12.3333,35.5,0.233333,0.0,1017.9,97.6667,24.4444
1754978400,2025-08-12 06:00:00,2025-08-12 08:00:00,ringsted,14.675,168.0,0.5,0.0,1017.85,95.0,51.9444
1754982000,2025-08-12 07:00:00,2025-08-12 09:00:00,ringsted,17.175,253.5,1.45,0.0,1017.78,81.5,50.8824
1754985600,2025-08-12 08:00:00,2025-08-12 10:00:00,ringsted,18.275,409.5,1.675,0.0,1017.72,76.75,55.5556
1754989200,2025-08-12 09:00:00,2025-08-12 11:00:00,ringsted,19.35,506.5,2.25,0.0,1017.73,70.0,41.6667
1754992800,2025-08-12 10:00:00,2025-08-12 12:00:00,ringsted,20.15,393.5,2.6,0.0,1017.78,65.0,36.1111
1754996400,2025-08-12 11:00:00,2025-08-12 13:00:00,ringsted,20.75,440.5,2.75,0.0,1017.53,62.0,32.5
1755000000,2025-08-12 12:00:00,2025-08-12 14:00:00,ringsted,21.425,501.5,2.15,0.0,1017.16,59.0,32.3529
1755003600,2025-08-12 13:00:00,2025-08-12 15:00:00,ringsted,22.025,477.5,1.65,0.0,1016.97,57.0,49.1667
1755007200,2025-08-12 14:00:00,2025-08-12 16:00:00,ringsted,22.025,360.0,1.875,0.0,1016.51,58.0,54.4444
1755010800,2025-08-12 15:00:00,2025-08-12 17:00:00,ringsted,22.4,319.0,1.45,0.0,1016.15,57.0,56.6667
1755014400,2025-08-12 16:00:00,2025-08-12 18:00:00,ringsted,21.8,166.5,1.725,0.0,1015.93,60.25,77.5
1755018000,2025-08-12 17:00:00,2025-08-12 19:00:00,ringsted,21.3,75.0,1.825,0.0,1015.78,63.0,79.7222
1755021600,2025-08-12 18:00:00,2025-08-12 20:00:00,ringsted,20.3,34.0,1.65,0.0,1015.92,68.75,82.5
1755025200,2025-08-12 19:00:00,2025-08-12 21:00:00,ringsted,19.275,8.5,1.0,0.0,1016.04,74.25,73.6111
1755028800,2025-08-12 20:00:00,2025-08-12 22:00:00,ringsted,18.075,0.0,1.2,0.0,1016.03,79.5,72.2222
1755032400,2025-08-12 21:00:00,2025-08-12 23:00:00,ringsted,17.225,0.0,1.775,0.0,1016.02,84.0,70.0
1755036000,2025-08-12 22:00:00,2025-08-13 00:00:00,ringsted,17.15,0.0,1.7,0.0,1015.86,84.75,48.0
1755039600,2025-08-12 23:00:00,2025-08-13 01:00:00,ringsted,16.5,0.0,2.075,0.0,1015.84,85.0,49.6429
1755043200,2025-08-13 00:00:00,2025-08-13 02:00:00,ringsted,16.375,0.0,2.075,0.0,1015.71,88.25,35.2941
1755046800,2025-08-13 01:00:00,2025-08-13 03:00:00,ringsted,15.975,0.0,2.175,0.0,1015.41,88.0,8.33333
1755050400,2025-08-13 02:00:00,2025-08-13 04:00:00,ringsted,15.95,0.0,2.575,0.0,1015.12,89.0,0.0
1755054000,2025-08-13 03:00:00,2025-08-13 05:00:00,ringsted,15.75,0.0,2.425,0.0,1014.99,88.5,0.0
1755057600,2025-08-13 04:00:00,2025-08-13 06:00:00,ringsted,15.225,1.0,2.6,0.0,1015.08,90.5,1.92308
1755061200,2025-08-13 05:00:00,2025-08-13 07:00:00,ringsted,15.825,50.0,2.6,0.0,1015.25,89.25,9.41177
1755064800,2025-08-13 06:00:00,2025-08-13 08:00:00,ringsted,17.75,162.5,3.575,0.0,1015.38,81.5,13.0769
1755068400,2025-08-13 07:00:00,2025-08-13 09:00:00,ringsted,19.375,289.0,4.075,0.0,1015.42,74.5,15.8333
1755072000,2025-08-13 08:00:00,2025-08-13 10:00:00,ringsted,20.575,414.0,4.175,0.0,1015.53,69.5,30.8333
1755075600,2025-08-13 09:00:00,2025-08-13 11:00:00,ringsted,22.075,568.0,4.5,0.0,1015.65,61.0,14.7222
1755079200,2025-08-13 10:00:00,2025-08-13 12:00:00,ringsted,23.5,618.5,4.4,0.0,1015.8,55.75,21.6667
1755082800,2025-08-13 11:00:00,2025-08-13 13:00:00,ringsted,24.225,656.5,4.95,0.0,1015.63,52.75,0.0
1755086400,2025-08-13 12:00:00,2025-08-13 14:00:00,ringsted,24.65,702.5,5.25,0.0,1015.54,51.0,3.82353
1755090000,2025-08-13 13:00:00,2025-08-13 15:00:00,ringsted,24.8,678.5,5.675,0.0,1015.36,49.75,0.0
1755093600,2025-08-13 14:00:00,2025-08-13 16:00:00,ringsted,24.9,607.0,5.45,0.0,1015.23,49.0,0.0
1755097200,2025-08-13 15:00:00,2025-08-13 17:00:00,ringsted,24.725,510.5,5.25,0.0,1015.14,49.5,0.0
1755100800,2025-08-13 16:00:00,2025-08-13 18:00:00,ringsted,24.3,387.5,5.025,0.0,1015.09,51.75,0.0
1755104400,2025-08-13 17:00:00,2025-08-13 19:00:00,ringsted,23.425,250.5,4.55,0.0,1015.29,55.75,0.0
1755108000,2025-08-13 18:00:00,2025-08-13 20:00:00,ringsted,22.075,110.5,3.875,0.0,1015.64,62.5,0.0
1755111600,2025-08-13 19:00:00,2025-08-13 21:00:00,ringsted,20.0,21.0,3.2,0.0,1015.84,71.3333,0.0
1755115200,2025-08-13 20:00:00,2025-08-13 22:00:00,ringsted,18.3,0.0,2.575,0.0,1015.89,79.75,0.0
1755118800,2025-08-13 21:00:00,2025-08-13 23:00:00,ringsted,18.15,0.0,2.925,0.0,1016.0,80.5,0.0
1755122400,2025-08-13 22:00:00,2025-08-14 00:00:00,ringsted,17.75,0.0,2.8,0.0,1016.09,82.25,0.0
1755126000,2025-08-13 23:00:00,2025-08-14 01:00:00,ringsted,17.325,0.0,2.575,0.0,1015.69,83.75,0.0
1755129600,2025-08-14 00:00:00,2025-08-14 02:00:00,ringsted,17.1,0.0,2.75,0.0,1015.63,85.5,0.0
1755133200,2025-08-14 01:00:00,2025-08-14 03:00:00,ringsted,17.0,0.0,2.7,0.0,1015.67,86.5,2.30769
1755136800,2025-08-14 02:00:00,2025-08-14 04:00:00,ringsted,16.725,0.0,2.725,0.0,1015.47,87.5,30.5556
1755140400,2025-08-14 03:00:00,2025-08-14 05:00:00,ringsted,16.775,0.0,3.05,0.0,1015.33,89.0,86.1111
1755144000,2025-08-14 04:00:00,2025-08-14 06:00:00,ringsted,17.1,0.5,2.95,0.0,1015.64,89.75,94.7059
1755147600,2025-08-14 05:00:00,2025-08-14 07:00:00,ringsted,17.75,23.0,2.9,0.0,1015.85,90.25,80.0
1755151200,2025-08-14 06:00:00,2025-08-14 08:00:00,ringsted,18.725,72.5,2.775,0.0,1016.11,88.75,57.0588
1755154800,2025-08-14 07:00:00,2025-08-14 09:00:00,ringsted,20.05,183.0,3.35,0.0,1016.04,84.0,19.375
1755158400,2025-08-14 08:00:00,2025-08-14 10:00:00,ringsted,22.025,414.5,4.225,0.0,1016.05,74.75,11.1765
1755162000,2025-08-14 09:00:00,2025-08-14 11:00:00,ringsted,23.825,525.5,4.85,0.0,1016.13,65.25,6.0
1755165600,2025-08-14 10:00:00,2025-08-14 12:00:00,ringsted,24.6,520.5,5.175,0.0,1015.93,61.0,10.0
1755169200,2025-08-14 11:00:00,2025-08-14 13:00:00,ringsted,24.875,596.0,5.175,0.0,1015.76,60.25,3.07692
1755172800,2025-08-14 12:00:00,2025-08-14 14:00:00,ringsted,25.625,682.5,5.025,0.0,1015.68,58.5,17.1875
1755176400,2025-08-14 13:00:00,2025-08-14 15:00:00,ringsted,25.8,502.5,4.925,0.0,1015.9,57.5,23.6111
1755180000,2025-08-14 14:00:00,2025-08-14 16:00:00,ringsted,24.95,258.0,3.925,0.0,1015.69,60.5,20.2778
1755183600,2025-08-14 15:00:00,2025-08-14 17:00:00,ringsted,23.825,188.0,4.025,0.0,1015.38,65.5,45.5556
1755187200,2025-08-14 16:00:00,2025-08-14 18:00:00,ringsted,23.125,143.0,4.05,0.0,1015.1,68.25,56.6667
1755190800,2025-08-14 17:00:00,2025-08-14 19:00:00,ringsted,22.775,159.0,3.6,0.0,1015.16,70.25,37.5
1755194400,2025-08-14 18:00:00,2025-08-14 20:00:00,ringsted,22.425,103.5,3.675,0.0,1015.33,71.5,24.7222
1755198000,2025-08-14 19:00:00,2025-08-14 21:00:00,ringsted,21.25,18.0,3.275,0.0,1015.47,77.0,13.75
1755201600,2025-08-14 20:00:00,2025-08-14 22:00:00,ringsted,20.025,0.0,2.95,0.0,1015.44,82.75,0.0
1755205200,2025-08-14 21:00:00,2025-08-14 23:00:00,ringsted,19.325,0.0,2.525,0.0,1015.34,86.0,0.0
1755208800,2025-08-14 22:00:00,2025-08-15 00:00:00,ringsted,19.15,0.0,2.65,0.0,1015.13,87.25,17.1875
1755212400,2025-08-14 23:00:00,2025-08-15 01:00:00,ringsted,19.025,0.0,2.575,0.0,1014.86,88.5,33.0556
1755216000,2025-08-15 00:00:00,2025-08-15 02:00:00,ringsted,19.2,0.0,2.2,0.0,1014.39,88.25,4.0
1755219600,2025-08-15 01:00:00,2025-08-15 03:00:00,ringsted,18.55,0.0,1.475,0.0,1014.0,91.25,26.3889
1755223200,2025-08-15 02:00:00,2025-08-15 04:00:00,ringsted,18.4,0.0,1.4,0.0,1013.77,92.5,24.1667
1755226800,2025-08-15 03:00:00,2025-08-15 05:00:00,ringsted,18.025,0.0,1.25,0.0,1013.6,92.75,9.0
1755230400,2025-08-15 04:00:00,2025-08-15 06:00:00,ringsted,17.8,0.5,0.95,0.0,1013.76,92.5,5.0
1755234000,2025-08-15 05:00:00,2025-08-15 07:00:00,ringsted,17.8333,29.5,1.06667,0.0,1013.75,93.0,17.3333
1755237600,2025-08-15 06:00:00,2025-08-15 08:00:00,ringsted,19.2,111.5,1.25,0.0,1013.75,92.5,10.0
1755241200,2025-08-15 07:00:00,2025-08-15 09:00:00,ringsted,21.375,248.0,1.9,0.0,1013.76,84.75,4.16667
1755244800,2025-08-15 08:00:00,2025-08-15 10:00:00,ringsted,23.725,395.0,2.2,0.0,1013.85,74.25,14.0
1755248400,2025-08-15 09:00:00,2025-08-15 11:00:00,ringsted,25.025,509.0,3.325,0.0,1013.91,67.25,11.6667
1755252000,2025-08-15 10:00:00,2025-08-15 12:00:00,ringsted,25.625,608.5,4.8,0.0,1013.9,65.0,5.0
1755255600,2025-08-15 11:00:00,2025-08-15 13:00:00,ringsted,25.4,644.0,5.625,0.0,1014.03,65.75,7.08333
1755259200,2025-08-15 12:00:00,2025-08-15 14:00:00,ringsted,25.05,695.5,6.1,0.0,1014.13,65.0,25.0
1755262800,2025-08-15 13:00:00,2025-08-15 15:00:00,ringsted,25.1,690.0,6.2,0.0,1014.17,60.25,24.7222
1755266400,2025-08-15 14:00:00,2025-08-15 16:00:00,ringsted,25.075,561.5,6.3,0.0,1014.15,59.0,37.2222
1755270000,2025-08-15 15:00:00,2025-08-15 17:00:00,ringsted,25.05,472.0,6.0,0.0,1014.04,60.0,29.4444
1755273600,2025-08-15 16:00:00,2025-08-15 18:00:00,ringsted,24.75,373.5,6.275,0.0,1013.89,60.75,7.08333
1755277200,2025-08-15 17:00:00,2025-08-15 19:00:00,ringsted,24.05,245.0,6.15,0.0,1013.84,63.5,0.0
1755280800,2025-08-15 18:00:00,2025-08-15 20:00:00,ringsted,22.6,105.0,5.175,0.0,1014.12,69.0,0.0
1755284400,2025-08-15 19:00:00,2025-08-15 21:00:00,ringsted,20.775,15.0,4.15,0.0,1014.5,75.0,0.0
1755288000,2025-08-15 20:00:00,2025-08-15 22:00:00,ringsted,19.575,0.0,3.575,0.0,1014.7,79.75,0.0
1755291600,2025-08-15 21:00:00,2025-08-15 23:00:00,ringsted,18.875,0.0,3.95,0.0,1014.88,83.0,0.833333
1755295200,2025-08-15 22:00:00,2025-08-16 00:00:00,ringsted,18.2,0.0,5.025,0.0,1014.93,84.25,1.66667
1755298800,2025-08-15 23:00:00,2025-08-16 01:00:00,ringsted,17.125,0.0,5.05,0.0,1014.8,86.75,3.75
1755302400,2025-08-16 00:00:00,2025-08-16 02:00:00,ringsted,16.4,0.0,5.325,0.0,1015.03,87.5,51.0
1755306000,2025-08-16 01:00:00,2025-08-16 03:00:00,ringsted,16.05,0.0,5.925,0.0,1015.14,84.5,48.3333
1755309600,2025-08-16 02:00:00,2025-08-16 04:00:00,ringsted,15.5,0.0,5.625,0.0,1015.09,81.75,21.6667
1755313200,2025-08-16 03:00:00,2025-08-16 05:00:00,ringsted,14.75,0.0,4.625,0.0,1015.07,82.0,6.66667
1755316800,2025-08-16 04:00:00,2025-08-16 06:00:00,ringsted,14.2,0.5,4.5,0.0,1015.05,83.5,15.0
1755320400,2025-08-16 05:00:00,2025-08-16 07:00:00,ringsted,14.15,27.5,4.225,0.0,1014.85,83.5,22.0588
1755324000,2025-08-16 06:00:00,2025-08-16 08:00:00,ringsted,14.8,115.5,4.6,0.0,1014.91,81.75,6.47059
1755327600,2025-08-16 07:00:00,2025-08-16 09:00:00,ringsted,15.6,197.5,5.375,0.0,1015.1,79.0,19.6667
1755331200,2025-08-16 08:00:00,2025-08-16 10:00:00,ringsted,16.925,417.5,5.3,0.0,1015.3,74.5,11.3333
1755334800,2025-08-16 09:00:00,2025-08-16 11:00:00,ringsted,18.325,589.5,5.475,0.0,1015.3,68.5,7.1875
1755338400,2025-08-16 10:00:00,2025-08-16 12:00:00,ringsted,19.475,665.5,5.75,0.0,1015.23,63.0,9.0
1755342000,2025-08-16 11:00:00,2025-08-16 13:00:00,ringsted,20.325,728.0,6.325,0.0,1015.22,58.75,17.1875
1755345600,2025-08-16 12:00:00,2025-08-16 14:00:00,ringsted,20.825,739.5,5.95,0.0,1015.28,55.0,3.84615
1755349200,2025-08-16 13:00:00,2025-08-16 15:00:00,ringsted,21.025,657.0,5.95,0.0,1015.15,51.25,0.769231
1755352800,2025-08-16 14:00:00,2025-08-16 16:00:00,ringsted,21.075,614.0,5.925,0.0,1014.76,49.0,0.0
1755356400,2025-08-16 15:00:00,2025-08-16 17:00:00,ringsted,21.0,521.0,5.625,0.0,1014.44,47.5,1.53846
1755360000,2025-08-16 16:00:00,2025-08-16 18:00:00,ringsted,20.725,390.0,5.175,0.0,1014.17,46.75,0.0
1755363600,2025-08-16 17:00:00,2025-08-16 19:00:00,ringsted,20.25,223.5,4.175,0.0,1014.06,48.0,1.66667
1755367200,2025-08-16 18:00:00,2025-08-16 20:00:00,ringsted,19.6,126.0,3.45,0.0,1014.07,53.5,5.41667
1755370800,2025-08-16 19:00:00,2025-08-16 21:00:00,ringsted,18.05,18.5,2.6,0.0,1014.06,61.75,5.0
1755374400,2025-08-16 20:00:00,2025-08-16 22:00:00,ringsted,16.35,0.0,2.35,0.0,1013.96,69.75,0.0
1755378000,2025-08-16 21:00:00,2025-08-16 23:00:00,ringsted,15.625,0.0,2.875,0.0,1013.91,74.5,0.0
1755381600,2025-08-16 22:00:00,2025-08-17 00:00:00,ringsted,14.75,0.0,2.625,0.0,1014.0,79.25,0.0
1755385200,2025-08-16 23:00:00,2025-08-17 01:00:00,ringsted,13.65,0.0,1.975,0.0,1014.11,84.25,0.0
1755388800,2025-08-17 00:00:00,2025-08-17 02:00:00,ringsted,12.825,0.0,2.025,0.0,1014.0,88.25,0.0
1755392400,2025-08-17 01:00:00,2025-08-17 03:00:00,ringsted,12.3,0.0,1.875,0.0,1014.02,90.5,0.0
1755396000,2025-08-17 02:00:00,2025-08-17 04:00:00,ringsted,11.9,0.0,1.375,0.0,1014.01,92.25,0.0
1755399600,2025-08-17 03:00:00,2025-08-17 05:00:00,ringsted,11.8,0.0,0.933333,0.0,1014.31,94.3333,0.0
1755403200,2025-08-17 04:00:00,2025-08-17 06:00:00,ringsted,10.6,0.5,1.05,0.0,1014.34,95.75,0.0
1755406800,2025-08-17 05:00:00,2025-08-17 07:00:00,ringsted,10.925,45.0,1.225,0.0,1014.55,96.25,0.0
1755410400,2025-08-17 06:00:00,2025-08-17 08:00:00,ringsted,13.475,168.5,1.275,0.0,1014.71,92.75,0.0
1755414000,2025-08-17 07:00:00,2025-08-17 09:00:00,ringsted,16.35,312.0,1.85,0.0,1014.85,80.25,0.0
1755417600,2025-08-17 08:00:00,2025-08-17 10:00:00,ringsted,18.25,451.0,3.5,0.0,1015.0,66.5,0.0
1755421200,2025-08-17 09:00:00,2025-08-17 11:00:00,ringsted,19.475,570.5,3.95,0.0,1015.17,58.0,12.3529
1755424800,2025-08-17 10:00:00,2025-08-17 12:00:00,ringsted,20.475,660.0,4.625,0.0,1015.23,50.75,10.625
1755428400,2025-08-17 11:00:00,2025-08-17 13:00:00,ringsted,21.05,713.0,5.225,0.0,1015.14,45.5,0.0
1755432000,2025-08-17 12:00:00,2025-08-17 14:00:00,ringsted,21.15,733.5,5.8,0.0,1015.19,42.75,0.0
1755435600,2025-08-17 13:00:00,2025-08-17 15:00:00,ringsted,21.125,696.0,6.3,0.0,1015.22,42.5,0.0
1755439200,2025-08-17 14:00:00,2025-08-17 16:00:00,ringsted,20.825,634.5,6.425,0.0,1015.22,44.0,0.0
1755442800,2025-08-17 15:00:00,2025-08-17 17:00:00,ringsted,20.4,543.0,6.55,0.0,1015.27,46.0,0.0
1755446400,2025-08-17 16:00:00,2025-08-17 18:00:00,ringsted,19.975,402.5,6.0,0.0,1015.6,49.25,0.0
1755450000,2025-08-17 17:00:00,2025-08-17 19:00:00,ringsted,19.45,258.0,5.275,0.0,1015.81,52.5,0.0
1755453600,2025-08-17 18:00:00,2025-08-17 20:00:00,ringsted,18.675,118.0,3.9,0.0,1015.99,58.0,0.0
1755457200,2025-08-17 19:00:00,2025-08-17 21:00:00,ringsted,16.8,15.5,2.05,0.0,1016.46,67.25,0.0
1755460800,2025-08-17 20:00:00,2025-08-17 22:00:00,ringsted,15.0,0.0,1.325,0.0,1016.68,76.25,0.0
1755464400,2025-08-17 21:00:00,2025-08-17 23:00:00,ringsted,13.5,0.0,0.975,0.0,1016.69,84.75,0.0
1755468000,2025-08-17 22:00:00,2025-08-18 00:00:00,ringsted,13.0,0.0,1.525,0.0,1016.68,88.75,0.0
1755471600,2025-08-17 23:00:00,2025-08-18 01:00:00,ringsted,12.55,0.0,1.35,0.0,1016.72,90.25,0.0
1755475200,2025-08-18 00:00:00,2025-08-18 02:00:00,ringsted,11.9,0.0,1.2,0.0,1016.84,92.75,0.0
1755478800,2025-08-18 01:00:00,2025-08-18 03:00:00,ringsted,11.575,0.0,1.2,0.0,1016.98,94.5,0.0
1755482400,2025-08-18 02:00:00,2025-08-18 04:00:00,ringsted,11.375,0.0,1.025,0.0,1017.11,96.0,10.0
1755486000,2025-08-18 03:00:00,2025-08-18 05:00:00,ringsted,11.05,0.0,1.25,0.0,1017.17,96.75,2.5
1755489600,2025-08-18 04:00:00,2025-08-18 06:00:00,ringsted,11.05,0.5,0.975,0.0,1017.33,97.25,0.0
1755493200,2025-08-18 05:00:00,2025-08-18 07:00:00,ringsted,11.475,43.0,1.3,0.0,1017.55,97.5,0.0
1755496800,2025-08-18 06:00:00,2025-08-18 08:00:00,ringsted,14.125,165.0,1.0,0.0,1017.52,94.0,0.0
1755500400,2025-08-18 07:00:00,2025-08-18 09:00:00,ringsted,17.125,307.0,1.375,0.0,1017.73,79.0,0.0
1755504000,2025-08-18 08:00:00,2025-08-18 10:00:00,ringsted,19.275,445.0,1.65,0.0,1017.88,60.75,0.0
1755507600,2025-08-18 09:00:00,2025-08-18 11:00:00,ringsted,20.675,568.0,1.65,0.0,1017.87,51.0,0.0
1755511200,2025-08-18 10:00:00,2025-08-18 12:00:00,ringsted,21.675,658.5,1.775,0.0,1017.76,46.0,0.0
1755514800,2025-08-18 11:00:00,2025-08-18 13:00:00,ringsted,22.35,709.0,1.55,0.0,1017.47,43.5,0.0
1755518400,2025-08-18 12:00:00,2025-08-18 14:00:00,ringsted,23.0,728.5,1.65,0.0,1017.21,44.5,0.0
1755522000,2025-08-18 13:00:00,2025-08-18 15:00:00,ringsted,23.275,696.0,2.475,0.0,1016.95,45.75,0.0
1755525600,2025-08-18 14:00:00,2025-08-18 16:00:00,ringsted,23.375,617.5,2.85,0.0,1016.43,46.0,0.0
1755529200,2025-08-18 15:00:00,2025-08-18 17:00:00,ringsted,23.3,517.0,3.075,0.0,1016.1,46.0,0.0
1755532800,2025-08-18 16:00:00,2025-08-18 18:00:00,ringsted,22.925,386.5,3.625,0.0,1015.65,48.75,0.0
1755536400,2025-08-18 17:00:00,2025-08-18 19:00:00,ringsted,22.375,243.5,3.45,0.0,1015.15,51.25,0.0
1755540000,2025-08-18 18:00:00,2025-08-18 20:00:00,ringsted,21.4,108.5,2.6,0.0,1014.97,53.75,0.0
1755543600,2025-08-18 19:00:00,2025-08-18 21:00:00,ringsted,19.125,13.0,1.675,0.0,1015.21,62.25,0.0
1755547200,2025-08-18 20:00:00,2025-08-18 22:00:00,ringsted,17.0333,0.0,1.0,0.0,1014.99,72.0,0.0
1755550800,2025-08-18 21:00:00,2025-08-18 23:00:00,ringsted,14.7,0.0,0.266667,0.0,1014.5,83.3333,0.0
1755554400,2025-08-18 22:00:00,2025-08-19 00:00:00,ringsted,13.575,0.0,0.275,0.0,1014.12,86.0,0.0
1755558000,2025-08-18 23:00:00,2025-08-19 01:00:00,ringsted,12.85,0.0,0.425,0.0,1013.7,89.0,0.0
1755561600,2025-08-19 00:00:00,2025-08-19 02:00:00,ringsted,12.825,0.0,0.65,0.0,1013.1,89.5,0.0
1755565200,2025-08-19 01:00:00,2025-08-19 03:00:00,ringsted,13.35,0.0,0.7,0.0,1012.47,90.75,0.0
1755568800,2025-08-19 02:00:00,2025-08-19 04:00:00,ringsted,13.275,0.0,0.875,0.0,1012.02,92.5,0.0
1755572400,2025-08-19 03:00:00,2025-08-19 05:00:00,ringsted,13.0,0.0,1.025,0.0,1011.62,93.75,0.0
1755576000,2025-08-19 04:00:00,2025-08-19 06:00:00,ringsted,12.9,0.5,1.075,0.0,1011.14,95.5,0.0
1755579600,2025-08-19 05:00:00,2025-08-19 07:00:00,ringsted,13.2,36.5,1.275,0.0,1010.82,95.5,0.833333
1755583200,2025-08-19 06:00:00,2025-08-19 08:00:00,ringsted,15.4,141.5,2.025,0.0,1010.57,91.0,5.0
1755586800,2025-08-19 07:00:00,2025-08-19 09:00:00,ringsted,16.675,284.0,4.075,0.0,1010.2,82.25,28.3333
1755590400,2025-08-19 08:00:00,2025-08-19 10:00:00,ringsted,17.35,386.5,5.125,0.0,1009.77,76.25,43.8889
1755594000,2025-08-19 09:00:00,2025-08-19 11:00:00,ringsted,17.85,496.5,5.35,0.0,1009.47,73.75,44.7222
1755597600,2025-08-19 10:00:00,2025-08-19 12:00:00,ringsted,18.6,631.0,5.35,0.0,1008.93,70.75,27.7778
1755601200,2025-08-19 11:00:00,2025-08-19 13:00:00,ringsted,19.375,688.5,5.275,0.0,1008.38,67.5,2.0
1755604800,2025-08-19 12:00:00,2025-08-19 14:00:00,ringsted,20.225,706.5,5.425,0.0,1007.9,64.0,3.0
1755608400,2025-08-19 13:00:00,2025-08-19 15:00:00,ringsted,20.875,670.0,5.125,0.0,1007.47,62.25,0.0
1755612000,2025-08-19 14:00:00,2025-08-19 16:00:00,ringsted,21.375,596.5,5.45,0.0,1007.14,59.75,0.0
1755615600,2025-08-19 15:00:00,2025-08-19 17:00:00,ringsted,21.525,500.5,5.3,0.0,1006.83,58.75,3.21429
1755619200,2025-08-19 16:00:00,2025-08-19 18:00:00,ringsted,21.25,360.0,4.95,0.0,1006.6,60.25,7.8125
1755622800,2025-08-19 17:00:00,2025-08-19 19:00:00,ringsted,20.9,223.5,4.4,0.0,1006.42,60.5,36.25
1755626400,2025-08-19 18:00:00,2025-08-19 20:00:00,ringsted,20.15,86.0,3.775,0.0,1006.6,64.0,46.1765
1755630000,2025-08-19 19:00:00,2025-08-19 21:00:00,ringsted,18.75,7.5,3.4,0.0,1006.93,73.25,28.4375
1755633600,2025-08-19 20:00:00,2025-08-19 22:00:00,ringsted,17.2,0.0,2.625,0.0,1006.84,82.0,45.8333
1755637200,2025-08-19 21:00:00,2025-08-19 23:00:00,ringsted,16.575,0.0,2.725,0.0,1006.73,87.0,5.83333
1755640800,2025-08-19 22:00:00,2025-08-20 00:00:00,ringsted,15.8,0.0,2.875,0.0,1006.88,90.25,22.5
1755644400,2025-08-19 23:00:00,2025-08-20 01:00:00,ringsted,15.45,0.0,3.35,0.0,1007.22,90.75,13.3333
1755648000,2025-08-20 00:00:00,2025-08-20 02:00:00,ringsted,14.975,0.0,3.575,0.0,1007.5,87.5,11.0714
1755651600,2025-08-20 01:00:00,2025-08-20 03:00:00,ringsted,13.975,0.0,2.95,0.0,1007.65,88.5,71.1111
1755655200,2025-08-20 02:00:00,2025-08-20 04:00:00,ringsted,13.95,0.0,3.65,0.0,1007.78,87.75,72.7778
1755658800,2025-08-20 03:00:00,2025-08-20 05:00:00,ringsted,13.85,0.0,3.875,0.0,1007.91,85.5,63.0556
1755662400,2025-08-20 04:00:00,2025-08-20 06:00:00,ringsted,13.35,0.5,3.775,0.0,1008.43,83.25,28.3333
1755666000,2025-08-20 05:00:00,2025-08-20 07:00:00,ringsted,13.1,31.0,3.75,0.0,1008.88,80.75,2.5
1755669600,2025-08-20 06:00:00,2025-08-20 08:00:00,ringsted,14.025,153.5,4.35,0.0,1009.28,75.25,0.0
1755673200,2025-08-20 07:00:00,2025-08-20 09:00:00,ringsted,15.675,305.5,4.85,0.0,1009.7,66.0,0.0
1755676800,2025-08-20 08:00:00,2025-08-20 10:00:00,ringsted,17.075,446.0,5.425,0.0,1010.25,55.5,0.0
1755680400,2025-08-20 09:00:00,2025-08-20 11:00:00,ringsted,18.0,573.5,5.2,0.0,1010.57,49.25,0.0
1755684000,2025-08-20 10:00:00,2025-08-20 12:00:00,ringsted,18.825,667.5,4.275,0.0,1010.5,43.0,0.0
1755687600,2025-08-20 11:00:00,2025-08-20 13:00:00,ringsted,19.375,726.0,3.75,0.0,1010.29,40.5,2.5
1755691200,2025-08-20 12:00:00,2025-08-20 14:00:00,ringsted,20.075,733.0,3.45,0.0,1010.05,37.75,1.92308
1755694800,2025-08-20 13:00:00,2025-08-20 15:00:00,ringsted,20.225,704.0,3.875,0.0,1009.89,38.25,3.84615
1755698400,2025-08-20 14:00:00,2025-08-20 16:00:00,ringsted,20.175,573.0,4.45,0.0,1009.73,41.25,1.66667
1755702000,2025-08-20 15:00:00,2025-08-20 17:00:00,ringsted,19.7,529.5,4.875,0.0,1009.55,43.0,0.0
1755705600,2025-08-20 16:00:00,2025-08-20 18:00:00,ringsted,18.75,395.0,5.275,0.0,1009.35,44.5,0.0
1755709200,2025-08-20 17:00:00,2025-08-20 19:00:00,ringsted,17.725,250.0,4.725,0.0,1009.32,48.5,0.0
1755712800,2025-08-20 18:00:00,2025-08-20 20:00:00,ringsted,16.45,111.0,3.95,0.0,1009.38,54.75,0.0
1755716400,2025-08-20 19:00:00,2025-08-20 21:00:00,ringsted,14.55,11.0,2.475,0.0,1009.41,62.25,0.0
1755720000,2025-08-20 20:00:00,2025-08-20 22:00:00,ringsted,12.325,0.0,1.1,0.0,1009.26,72.25,0.0
1755723600,2025-08-20 21:00:00,2025-08-20 23:00:00,ringsted,10.625,0.0,0.975,0.0,1008.95,80.5,0.0
1755727200,2025-08-20 22:00:00,2025-08-21 00:00:00,ringsted,9.45,0.0,0.6,0.0,1008.83,85.5,5.83333
1755730800,2025-08-20 23:00:00,2025-08-21 01:00:00,ringsted,8.725,0.0,0.475,0.0,1008.64,89.25,43.6364
1755734400,2025-08-21 00:00:00,2025-08-21 02:00:00,ringsted,8.725,0.0,0.5,0.0,1008.29,89.25,66.0
1755738000,2025-08-21 01:00:00,2025-08-21 03:00:00,ringsted,9.15,0.0,0.4,0.0,1007.72,87.75,73.6667
1755741600,2025-08-21 02:00:00,2025-08-21 04:00:00,ringsted,9.675,0.0,0.75,0.0,1007.32,87.0,75.0
1755745200,2025-08-21 03:00:00,2025-08-21 05:00:00,ringsted,10.25,0.0,0.875,0.0,1006.91,84.5,68.75
1755748800,2025-08-21 04:00:00,2025-08-21 06:00:00,ringsted,10.825,0.0,1.1,0.0,1006.6,82.0,86.1111
1755752400,2025-08-21 05:00:00,2025-08-21 07:00:00,ringsted,11.3,15.0,1.3,0.0,1006.37,81.5,85.8333
1755756000,2025-08-21 06:00:00,2025-08-21 08:00:00,ringsted,12.875,82.5,1.7,0.0,1006.21,81.0,75.0
1755759600,2025-08-21 07:00:00,2025-08-21 09:00:00,ringsted,14.675,195.5,2.725,0.0,1005.97,76.5,50.5556
1755763200,2025-08-21 08:00:00,2025-08-21 10:00:00,ringsted,15.725,389.5,3.9,0.0,1005.84,69.25,61.6667
1755766800,2025-08-21 09:00:00,2025-08-21 11:00:00,ringsted,16.375,438.5,5.05,0.0,1005.8,60.5,64.7222
1755770400,2025-08-21 10:00:00,2025-08-21 12:00:00,ringsted,16.575,447.5,5.6,0.0,1005.63,55.0,59.4444
1755774000,2025-08-21 11:00:00,2025-08-21 13:00:00,ringsted,16.95,529.0,6.1,0.0,1005.56,51.25,67.2222
1755777600,2025-08-21 12:00:00,2025-08-21 14:00:00,ringsted,17.25,623.5,6.625,0.0,1005.48,51.75,37.2222
1755781200,2025-08-21 13:00:00,2025-08-21 15:00:00,ringsted,17.675,571.0,6.025,0.0,1005.48,48.75,59.4444
1755784800,2025-08-21 14:00:00,2025-08-21 16:00:00,ringsted,17.325,322.5,5.925,0.0,1005.51,53.25,84.4444
1755788400,2025-08-21 15:00:00,2025-08-21 17:00:00,ringsted,16.925,299.5,5.025,0.0,1005.63,58.75,69.1667
1755792000,2025-08-21 16:00:00,2025-08-21 18:00:00,ringsted,16.85,246.5,4.975,0.0,1005.78,59.75,34.7059
1755795600,2025-08-21 17:00:00,2025-08-21 19:00:00,ringsted,16.65,211.5,4.9,0.0,1006.05,58.5,17.5
1755799200,2025-08-21 18:00:00,2025-08-21 20:00:00,ringsted,15.75,87.0,3.8,0.0,1006.48,60.5,3.75
1755802800,2025-08-21 19:00:00,2025-08-21 21:00:00,ringsted,14.35,5.5,2.6,0.0,1006.94,65.75,0.833333
1755806400,2025-08-21 20:00:00,2025-08-21 22:00:00,ringsted,12.9,0.0,2.05,0.0,1007.05,72.5,13.3333
1755810000,2025-08-21 21:00:00,2025-08-21 23:00:00,ringsted,11.55,0.0,1.825,0.0,1007.08,79.75,3.33333
1755813600,2025-08-21 22:00:00,2025-08-22 00:00:00,ringsted,10.9,0.0,1.7,0.0,1007.28,83.5,2.5
1755817200,2025-08-21 23:00:00,2025-08-22 01:00:00,ringsted,10.4,0.0,1.8,0.0,1007.3,85.0,1.66667
1755820800,2025-08-22 00:00:00,2025-08-22 02:00:00,ringsted,10.425,0.0,2.525,0.0,1007.21,83.5,1.66667
1755824400,2025-08-22 01:00:00,2025-08-22 03:00:00,ringsted,10.175,0.0,2.475,0.0,1007.21,83.75,0.833333
1755828000,2025-08-22 02:00:00,2025-08-22 04:00:00,ringsted,9.375,0.0,2.175,0.0,1007.14,86.0,0.833333
1755831600,2025-08-22 03:00:00,2025-08-22 05:00:00,ringsted,9.425,0.0,2.55,0.0,1006.67,87.0,10.0
1755835200,2025-08-22 04:00:00,2025-08-22 06:00:00,ringsted,9.8,0.0,2.7,0.0,1006.38,88.25,23.3333
1755838800,2025-08-22 05:00:00,2025-08-22 07:00:00,ringsted,10.65,28.0,3.25,0.0,1006.22,88.25,18.125
1755842400,2025-08-22 06:00:00,2025-08-22 08:00:00,ringsted,11.875,124.0,3.775,0.0,1006.17,82.25,71.1111
1755846000,2025-08-22 07:00:00,2025-08-22 09:00:00,ringsted,13.15,124.5,5.125,0.0,1006.24,74.25,95.0
1755849600,2025-08-22 08:00:00,2025-08-22 10:00:00,ringsted,13.75,139.0,5.6,0.0,1006.23,67.75,88.8889
1755853200,2025-08-22 09:00:00,2025-08-22 11:00:00,ringsted,14.325,272.5,6.8,0.0,1006.24,63.5,94.4444
1755856800,2025-08-22 10:00:00,2025-08-22 12:00:00,ringsted,15.225,323.0,7.55,0.0,1006.25,59.75,75.2778
1755860400,2025-08-22 11:00:00,2025-08-22 13:00:00,ringsted,16.3,482.5,8.1,0.0,1006.33,55.5,84.1667
1755864000,2025-08-22 12:00:00,2025-08-22 14:00:00,ringsted,16.65,496.0,8.075,0.0,1006.24,55.0,44.7222
1755867600,2025-08-22 13:00:00,2025-08-22 15:00:00,ringsted,16.825,385.5,8.025,0.05,1006.06,55.0,59.1667
1755871200,2025-08-22 14:00:00,2025-08-22 16:00:00,ringsted,16.275,274.0,7.825,0.1,1006.0,57.5,60.5556
1755874800,2025-08-22 15:00:00,2025-08-22 17:00:00,ringsted,16.775,329.0,7.725,0.0,1006.01,53.25,45.5556
1755878400,2025-08-22 16:00:00,2025-08-22 18:00:00,ringsted,16.45,178.0,7.05,0.0,1006.11,55.0,45.5556
1755882000,2025-08-22 17:00:00,2025-08-22 19:00:00,ringsted,15.65,152.5,6.3,0.35,1006.21,58.5,47.2222
1755885600,2025-08-22 18:00:00,2025-08-22 20:00:00,ringsted,15.125,41.5,5.375,0.025,1006.31,58.75,61.3889
1755889200,2025-08-22 19:00:00,2025-08-22 21:00:00,ringsted,14.05,5.5,4.675,0.075,1006.55,63.5,52.2222
1755892800,2025-08-22 20:00:00,2025-08-22 22:00:00,ringsted,12.9,0.0,4.4,0.1,1006.6,69.25,17.0588
1755896400,2025-08-22 21:00:00,2025-08-22 23:00:00,ringsted,12.125,0.0,3.95,0.0,1006.47,72.25,38.6111
1755900000,2025-08-22 22:00:00,2025-08-23 00:00:00,ringsted,11.825,0.0,3.975,0.0,1006.44,74.0,58.3333
1755903600,2025-08-22 23:00:00,2025-08-23 01:00:00,ringsted,11.375,0.0,3.725,0.0,1006.18,78.25,31.6667
1755907200,2025-08-23 00:00:00,2025-08-23 02:00:00,ringsted,10.925,0.0,3.725,0.0,1005.9,81.75,17.8125
1755910800,2025-08-23 01:00:00,2025-08-23 03:00:00,ringsted,10.75,0.0,3.7,0.0,1005.65,84.0,26.3889
1755914400,2025-08-23 02:00:00,2025-08-23 04:00:00,ringsted,10.3,0.0,2.85,0.0,1005.45,86.75,52.2222
1755918000,2025-08-23 03:00:00,2025-08-23 05:00:00,ringsted,10.375,0.0,3.15,0.025,1005.63,87.25,83.2353
1755921600,2025-08-23 04:00:00,2025-08-23 06:00:00,ringsted,10.075,0.0,2.7,0.525,1005.72,87.25,78.3333
1755925200,2025-08-23 05:00:00,2025-08-23 07:00:00,ringsted,9.175,12.0,1.575,0.025,1006.2,90.5,73.125
1755928800,2025-08-23 06:00:00,2025-08-23 08:00:00,ringsted,9.55,53.0,1.625,0.25,1006.38,90.0,45.0
1755932400,2025-08-23 07:00:00,2025-08-23 09:00:00,ringsted,10.85,205.5,2.75,0.075,1007.32,83.25,73.3333
1755936000,2025-08-23 08:00:00,2025-08-23 10:00:00,ringsted,10.875,62.0,4.275,0.775,1007.78,75.5,67.2222
1755939600,2025-08-23 09:00:00,2025-08-23 11:00:00,ringsted,10.625,190.5,3.1,0.025,1008.09,76.0,33.6667
1755943200,2025-08-23 10:00:00,2025-08-23 12:00:00,ringsted,13.225,661.5,4.15,0.0,1008.36,69.25,40.5556
1755946800,2025-08-23 11:00:00,2025-08-23 13:00:00,ringsted,14.275,503.5,5.6,0.35,1008.68,64.75,42.5
1755950400,2025-08-23 12:00:00,2025-08-23 14:00:00,ringsted,14.775,686.0,6.85,0.025,1008.97,60.75,33.0556
1755954000,2025-08-23 13:00:00,2025-08-23 15:00:00,ringsted,15.85,655.5,7.4,0.0,1009.3,54.0,26.3889
1755957600,2025-08-23 14:00:00,2025-08-23 16:00:00,ringsted,16.325,597.5,7.175,0.0,1009.75,50.5,9.70588
1755961200,2025-08-23 15:00:00,2025-08-23 17:00:00,ringsted,16.45,520.5,6.85,0.0,1010.03,48.5,2.0
1755964800,2025-08-23 16:00:00,2025-08-23 18:00:00,ringsted,16.4,396.5,6.45,0.0,1010.22,48.25,0.0
1755968400,2025-08-23 17:00:00,2025-08-23 19:00:00,ringsted,16.075,240.5,5.475,0.0,1010.45,48.0,0.0
1755972000,2025-08-23 18:00:00,2025-08-23 20:00:00,ringsted,15.275,92.0,3.75,0.0,1010.81,55.75,0.0
1755975600,2025-08-23 19:00:00,2025-08-23 21:00:00,ringsted,13.55,6.5,2.25,0.0,1011.1,65.75,0.0
1755979200,2025-08-23 20:00:00,2025-08-23 22:00:00,ringsted,11.55,0.0,1.425,0.0,1011.45,75.0,0.0
1755982800,2025-08-23 21:00:00,2025-08-23 23:00:00,ringsted,9.875,0.0,1.025,0.0,1011.74,83.0,1.81818
1755986400,2025-08-23 22:00:00,2025-08-24 00:00:00,ringsted,8.975,0.0,0.85,0.0,1011.62,87.5,0.0
1755990000,2025-08-23 23:00:00,2025-08-24 01:00:00,ringsted,8.3,0.0,1.225,0.0,1011.76,89.75,0.0
1755993600,2025-08-24 00:00:00,2025-08-24 02:00:00,ringsted,7.6,0.0,1.2,0.0,1011.7,90.25,0.0
1755997200,2025-08-24 01:00:00,2025-08-24 03:00:00,ringsted,7.025,0.0,1.125,0.0,1011.62,91.0,0.0
1756000800,2025-08-24 02:00:00,2025-08-24 04:00:00,ringsted,7.625,0.0,1.825,0.0,1011.45,88.5,0.0
1756004400,2025-08-24 03:00:00,2025-08-24 05:00:00,ringsted,8.225,0.0,2.1,0.0,1011.33,88.75,0.833333
1756008000,2025-08-24 04:00:00,2025-08-24 06:00:00,ringsted,8.775,0.0,2.175,0.0,1011.21,90.25,1.66667
1756011600,2025-08-24 05:00:00,2025-08-24 07:00:00,ringsted,9.25,25.5,2.3,0.0,1011.08,92.0,4.16667
1756015200,2025-08-24 06:00:00,2025-08-24 08:00:00,ringsted,11.15,138.5,2.65,0.0,1011.17,90.5,15.4167
1756018800,2025-08-24 07:00:00,2025-08-24 09:00:00,ringsted,13.275,279.0,4.275,0.0,1011.04,84.5,23.5294
1756022400,2025-08-24 08:00:00,2025-08-24 10:00:00,ringsted,14.6,352.5,5.575,0.025,1010.98,77.0,54.7222
1756026000,2025-08-24 09:00:00,2025-08-24 11:00:00,ringsted,15.575,441.0,5.75,0.0,1011.09,70.25,60.5556
1756029600,2025-08-24 10:00:00,2025-08-24 12:00:00,ringsted,16.3,442.5,6.1,0.0,1010.95,64.5,57.2222
1756033200,2025-08-24 11:00:00,2025-08-24 13:00:00,ringsted,16.9,584.5,6.475,0.0,1010.81,60.25,48.6111
1756036800,2025-08-24 12:00:00,2025-08-24 14:00:00,ringsted,17.7,565.0,6.45,0.0,1010.81,56.25,48.6111
1756040400,2025-08-24 13:00:00,2025-08-24 15:00:00,ringsted,18.15,557.0,5.875,0.0,1010.66,53.75,28.6111
1756044000,2025-08-24 14:00:00,2025-08-24 16:00:00,ringsted,18.675,523.0,6.25,0.0,1010.4,51.25,28.6111
1756047600,2025-08-24 15:00:00,2025-08-24 17:00:00,ringsted,19.05,505.5,6.025,0.0,1010.35,50.25,20.0
1756051200,2025-08-24 16:00:00,2025-08-24 18:00:00,ringsted,18.65,283.0,5.875,0.0,1010.25,53.5,23.125
1756054800,2025-08-24 17:00:00,2025-08-24 19:00:00,ringsted,18.05,214.5,5.725,0.0,1010.15,56.0,25.0
1756058400,2025-08-24 18:00:00,2025-08-24 20:00:00,ringsted,17.1,71.5,4.95,0.0,1010.35,60.75,42.3529
1756062000,2025-08-24 19:00:00,2025-08-24 21:00:00,ringsted,15.875,5.0,4.775,0.0,1010.7,66.75,36.1765
1756065600,2025-08-24 20:00:00,2025-08-24 22:00:00,ringsted,14.975,0.0,5.5,0.0,1010.98,71.0,22.9167
1756069200,2025-08-24 21:00:00,2025-08-24 23:00:00,ringsted,14.075,0.0,5.025,0.0,1011.25,74.75,42.3077
1756072800,2025-08-24 22:00:00,2025-08-25 00:00:00,ringsted,13.45,0.0,4.45,0.0,1011.32,76.5,51.9231
1756076400,2025-08-24 23:00:00,2025-08-25 01:00:00,ringsted,13.0,0.0,3.55,0.0,1011.35,77.75,37.6471
1756080000,2025-08-25 00:00:00,2025-08-25 02:00:00,ringsted,12.875,0.0,3.725,0.0,1011.18,77.5,61.1111
1756083600,2025-08-25 01:00:00,2025-08-25 03:00:00,ringsted,12.25,0.0,3.125,0.0,1011.23,79.5,81.3889
1756087200,2025-08-25 02:00:00,2025-08-25 04:00:00,ringsted,12.125,0.0,3.125,0.0,1011.14,79.5,71.3889
1756090800,2025-08-25 03:00:00,2025-08-25 05:00:00,ringsted,11.8,0.0,3.0,0.0,1010.97,80.0,68.6111
1756094400,2025-08-25 04:00:00,2025-08-25 06:00:00,ringsted,11.6,0.0,3.05,0.0,1010.78,79.0,73.6111
1756098000,2025-08-25 05:00:00,2025-08-25 07:00:00,ringsted,12.15,14.5,3.25,0.0,1010.76,77.75,95.5556
1756101600,2025-08-25 06:00:00,2025-08-25 08:00:00,ringsted,12.95,45.5,3.15,0.0,1010.89,75.25,96.6667
1756105200,2025-08-25 07:00:00,2025-08-25 09:00:00,ringsted,13.375,82.5,3.525,0.0,1010.9,72.5,96.6667
1756108800,2025-08-25 08:00:00,2025-08-25 10:00:00,ringsted,13.975,145.0,4.325,0.0,1010.87,69.75,96.6667
1756112400,2025-08-25 09:00:00,2025-08-25 11:00:00,ringsted,14.5,228.0,4.875,0.0,1010.95,65.5,96.6667
1756116000,2025-08-25 10:00:00,2025-08-25 12:00:00,ringsted,15.0,297.0,5.1,0.0,1010.9,62.75,91.6667
1756119600,2025-08-25 11:00:00,2025-08-25 13:00:00,ringsted,15.575,371.5,5.25,0.0,1010.6,61.25,81.6667
1756123200,2025-08-25 12:00:00,2025-08-25 14:00:00,ringsted,16.275,420.5,4.975,0.0,1010.25,59.25,60.2778
1756126800,2025-08-25 13:00:00,2025-08-25 15:00:00,ringsted,17.0,487.5,4.775,0.0,1009.9,57.0,58.8889
1756130400,2025-08-25 14:00:00,2025-08-25 16:00:00,ringsted,17.85,528.0,4.75,0.0,1009.55,55.5,43.8889
1756134000,2025-08-25 15:00:00,2025-08-25 17:00:00,ringsted,18.3,507.5,4.875,0.0,1009.16,54.0,17.5
1756137600,2025-08-25 16:00:00,2025-08-25 18:00:00,ringsted,18.525,360.5,5.0,0.0,1008.93,53.25,1.66667
1756141200,2025-08-25 17:00:00,2025-08-25 19:00:00,ringsted,18.4,220.0,4.2,0.0,1008.86,54.5,1.66667
1756144800,2025-08-25 18:00:00,2025-08-25 20:00:00,ringsted,17.45,75.5,3.0,0.0,1008.96,60.25,13.3333
1756148400,2025-08-25 19:00:00,2025-08-25 21:00:00,ringsted,15.35,2.5,2.2,0.0,1009.09,70.5,19.0
1756152000,2025-08-25 20:00:00,2025-08-25 22:00:00,ringsted,14.725,0.0,2.4,0.0,1009.1,75.25,11.0
1756155600,2025-08-25 21:00:00,2025-08-25 23:00:00,ringsted,14.0,0.0,2.225,0.0,1009.12,82.0,2.91667
1756159200,2025-08-25 22:00:00,2025-08-26 00:00:00,ringsted,13.4,0.0,2.675,0.0,1009.36,87.25,3.33333
1756162800,2025-08-25 23:00:00,2025-08-26 01:00:00,ringsted,12.325,0.0,1.675,0.0,1009.31,92.0,0.0
1756166400,2025-08-26 00:00:00,2025-08-26 02:00:00,ringsted,11.325,0.0,1.55,0.0,1009.21,94.75,2.5
1756170000,2025-08-26 01:00:00,2025-08-26 03:00:00,ringsted,10.675,0.0,1.55,0.0,1009.08,95.75,0.0
1756173600,2025-08-26 02:00:00,2025-08-26 04:00:00,ringsted,10.025,0.0,1.575,0.0,1009.05,96.5,0.0
1756177200,2025-08-26 03:00:00,2025-08-26 05:00:00,ringsted,9.45,0.0,1.4,0.0,1008.87,97.0,0.0
1756180800,2025-08-26 04:00:00,2025-08-26 06:00:00,ringsted,8.95,0.0,1.125,0.0,1008.82,96.5,0.0
1756184400,2025-08-26 05:00:00,2025-08-26 07:00:00,ringsted,8.65,20.0,1.0,0.0,1008.8,96.25,0.0
1756188000,2025-08-26 06:00:00,2025-08-26 08:00:00,ringsted,10.65,134.0,0.925,0.0,1008.75,95.0,0.0
1756191600,2025-08-26 07:00:00,2025-08-26 09:00:00,ringsted,13.425,277.0,1.6,0.0,1008.88,89.75,5.0
1756195200,2025-08-26 08:00:00,2025-08-26 10:00:00,ringsted,15.75,374.5,2.225,0.0,1008.97,72.75,14.6875
1756198800,2025-08-26 09:00:00,2025-08-26 11:00:00,ringsted,16.775,528.0,2.55,0.0,1008.8,62.25,30.5556
1756202400,2025-08-26 10:00:00,2025-08-26 12:00:00,ringsted,17.45,591.0,2.525,0.0,1008.63,60.0,35.8333
1756206000,2025-08-26 11:00:00,2025-08-26 13:00:00,ringsted,18.025,547.5,2.675,0.0,1008.33,57.75,36.3889
1756209600,2025-08-26 12:00:00,2025-08-26 14:00:00,ringsted,18.425,456.0,2.6,0.0,1008.07,57.75,46.3889
1756213200,2025-08-26 13:00:00,2025-08-26 15:00:00,ringsted,19.0,542.0,2.425,0.0,1007.83,56.0,27.6471
1756216800,2025-08-26 14:00:00,2025-08-26 16:00:00,ringsted,19.45,569.5,2.975,0.0,1007.61,55.0,48.75
1756220400,2025-08-26 15:00:00,2025-08-26 17:00:00,ringsted,19.5,439.5,2.725,0.0,1007.39,57.5,31.7647
1756224000,2025-08-26 16:00:00,2025-08-26 18:00:00,ringsted,19.1,279.0,2.825,0.0,1007.35,60.25,37.7778
1756227600,2025-08-26 17:00:00,2025-08-26 19:00:00,ringsted,18.675,146.5,2.375,0.0,1007.33,63.75,31.1765
1756231200,2025-08-26 18:00:00,2025-08-26 20:00:00,ringsted,17.175,32.0,1.4,0.0,1007.25,73.25,78.2353
1756234800,2025-08-26 19:00:00,2025-08-26 21:00:00,ringsted,16.125,1.0,0.725,0.0,1007.2,78.25,54.1667
1756238400,2025-08-26 20:00:00,2025-08-26 22:00:00,ringsted,15.0,0.0,0.9,0.0,1007.08,83.5,86.3889
1756242000,2025-08-26 21:00:00,2025-08-26 23:00:00,ringsted,14.8,0.0,0.75,0.0,1007.11,84.25,92.1429
1756245600,2025-08-26 22:00:00,2025-08-27 00:00:00,ringsted,14.1,0.0,0.666667,0.0,1007.0,89.0,85.3333
1756249200,2025-08-26 23:00:00,2025-08-27 01:00:00,ringsted,14.075,0.0,1.15,0.0,1006.93,87.75,93.8889
1756252800,2025-08-27 00:00:00,2025-08-27 02:00:00,ringsted,14.3,0.0,1.65,0.0,1006.79,86.25,90.5556
1756256400,2025-08-27 01:00:00,2025-08-27 03:00:00,ringsted,14.2,0.0,1.75,0.0,1006.53,88.75,92.7778
1756260000,2025-08-27 02:00:00,2025-08-27 04:00:00,ringsted,14.5,0.0,2.175,0.0,1006.39,88.25,88.8889
1756263600,2025-08-27 03:00:00,2025-08-27 05:00:00,ringsted,14.65,0.0,2.475,0.0,1006.01,88.75,92.2222
1756267200,2025-08-27 04:00:00,2025-08-27 06:00:00,ringsted,15.0,0.0,2.675,0.0,1005.76,88.25,72.2222
1756270800,2025-08-27 05:00:00,2025-08-27 07:00:00,ringsted,15.275,6.5,3.075,0.05,1005.61,88.75,78.6111
1756274400,2025-08-27 06:00:00,2025-08-27 08:00:00,ringsted,15.95,42.0,3.2,0.0,1005.45,86.75,75.0
1756278000,2025-08-27 07:00:00,2025-08-27 09:00:00,ringsted,16.725,99.5,3.9,0.025,1005.36,82.75,68.3333
1756281600,2025-08-27 08:00:00,2025-08-27 10:00:00,ringsted,17.95,237.5,4.65,0.0,1005.15,75.0,59.1667
1756285200,2025-08-27 09:00:00,2025-08-27 11:00:00,ringsted,19.275,312.5,5.45,0.0,1004.92,66.75,56.1111
1756288800,2025-08-27 10:00:00,2025-08-27 12:00:00,ringsted,20.125,437.0,6.025,0.0,1004.58,62.25,43.75
1756292400,2025-08-27 11:00:00,2025-08-27 13:00:00,ringsted,20.675,465.5,6.4,0.0,1004.38,60.5,40.8333
1756296000,2025-08-27 12:00:00,2025-08-27 14:00:00,ringsted,20.95,442.5,6.575,0.0,1004.28,60.25,52.5
1756299600,2025-08-27 13:00:00,2025-08-27 15:00:00,ringsted,21.125,486.5,6.225,0.0,1004.07,60.75,35.3333
1756303200,2025-08-27 14:00:00,2025-08-27 16:00:00,ringsted,21.2,424.5,5.925,0.0,1004.0,61.0,31.3889
1756306800,2025-08-27 15:00:00,2025-08-27 17:00:00,ringsted,20.925,318.0,4.725,0.0,1003.93,63.25,52.7778
1756310400,2025-08-27 16:00:00,2025-08-27 18:00:00,ringsted,20.975,252.5,4.65,0.0,1003.72,65.5,70.8333
1756314000,2025-08-27 17:00:00,2025-08-27 19:00:00,ringsted,20.3,63.5,3.475,0.0,1003.66,70.75,84.4444
1756317600,2025-08-27 18:00:00,2025-08-27 20:00:00,ringsted,19.525,20.0,2.225,0.0,1004.11,75.5,70.8333
1756321200,2025-08-27 19:00:00,2025-08-27 21:00:00,ringsted,18.675,0.5,2.025,0.0,1004.45,79.5,43.4375
1756324800,2025-08-27 20:00:00,2025-08-27 22:00:00,ringsted,17.3,0.0,1.6,0.0,1004.45,86.0,31.4706
1756328400,2025-08-27 21:00:00,2025-08-27 23:00:00,ringsted,15.725,0.0,0.825,0.0,1004.34,90.5,5.0
1756332000,2025-08-27 22:00:00,2025-08-28 00:00:00,ringsted,14.8333,0.0,0.333333,0.0,1004.17,93.6667,5.5
1756335600,2025-08-27 23:00:00,2025-08-28 01:00:00,ringsted,13.7667,0.0,0.333333,0.0,1003.99,95.6667,0.0
1756339200,2025-08-28 00:00:00,2025-08-28 02:00:00,ringsted,12.9,0.0,0.4,0.0,1003.65,97.0,2.72727
1756342800,2025-08-28 01:00:00,2025-08-28 03:00:00,ringsted,12.9667,0.0,0.533333,0.0,1003.44,97.0,36.1538
1756346400,2025-08-28 02:00:00,2025-08-28 04:00:00,ringsted,13.0333,0.0,0.566667,0.0,1002.98,96.6667,35.0
1756350000,2025-08-28 03:00:00,2025-08-28 05:00:00,ringsted,12.9667,0.0,0.333333,0.0,1002.93,97.0,73.8889
1756353600,2025-08-28 04:00:00,2025-08-28 06:00:00,ringsted,12.925,0.0,0.425,0.0,1002.58,96.75,33.3333
1756357200,2025-08-28 05:00:00,2025-08-28 07:00:00,ringsted,12.925,9.5,0.675,0.0,1002.72,97.0,1.81818
1756360800,2025-08-28 06:00:00,2025-08-28 08:00:00,ringsted,14.05,73.5,0.725,0.0,1002.78,96.25,0.833333
1756364400,2025-08-28 07:00:00,2025-08-28 09:00:00,ringsted,16.275,163.0,1.1,0.0,1002.83,92.75,4.61538
1756368000,2025-08-28 08:00:00,2025-08-28 10:00:00,ringsted,18.45,234.0,2.1,0.0,1002.54,84.0,3.75
1756371600,2025-08-28 09:00:00,2025-08-28 11:00:00,ringsted,19.625,301.5,2.8,0.0,1002.42,76.75,10.2941
1756375200,2025-08-28 10:00:00,2025-08-28 12:00:00,ringsted,20.925,421.0,3.75,0.0,1002.25,67.75,3.33333
1756378800,2025-08-28 11:00:00,2025-08-28 13:00:00,ringsted,21.225,393.5,3.9,0.0,1001.8,66.75,7.77778
1756382400,2025-08-28 12:00:00,2025-08-28 14:00:00,ringsted,21.125,369.0,3.65,0.0,1001.39,67.25,5.27778
1756386000,2025-08-28 13:00:00,2025-08-28 15:00:00,ringsted,21.275,359.5,4.05,0.0,1000.95,66.5,30.2778
1756389600,2025-08-28 14:00:00,2025-08-28 16:00:00,ringsted,20.875,334.5,4.325,0.0,1000.53,67.75,54.1667
1756393200,2025-08-28 15:00:00,2025-08-28 17:00:00,ringsted,20.375,283.5,4.55,0.0,1000.17,71.75,65.0
1756396800,2025-08-28 16:00:00,2025-08-28 18:00:00,ringsted,19.15,117.5,4.45,1.125,999.954,82.25,70.5556
1756400400,2025-08-28 17:00:00,2025-08-28 19:00:00,ringsted,18.25,55.0,3.675,0.475,999.475,88.75,65.8333
1756404000,2025-08-28 18:00:00,2025-08-28 20:00:00,ringsted,17.875,10.0,3.775,0.25,999.062,92.25,62.5
1756407600,2025-08-28 19:00:00,2025-08-28 21:00:00,ringsted,17.6,0.5,3.625,0.1,999.054,94.5,65.5556
1756411200,2025-08-28 20:00:00,2025-08-28 22:00:00,ringsted,17.8,0.0,3.5,1.1,998.825,95.0,61.6667
1756414800,2025-08-28 21:00:00,2025-08-28 23:00:00,ringsted,17.875,0.0,3.5,0.325,998.492,95.25,67.2222
1756418400,2025-08-28 22:00:00,2025-08-29 00:00:00,ringsted,17.95,0.0,2.975,0.025,997.904,96.0,69.4444
1756422000,2025-08-28 23:00:00,2025-08-29 01:00:00,ringsted,17.95,0.0,2.5,0.025,997.508,96.25,71.3889
1756425600,2025-08-29 00:00:00,2025-08-29 02:00:00,ringsted,17.875,0.0,2.4,0.025,997.192,96.75,75.0
1756429200,2025-08-29 01:00:00,2025-08-29 03:00:00,ringsted,17.75,0.0,2.175,0.025,997.067,97.25,61.9444
1756432800,2025-08-29 02:00:00,2025-08-29 04:00:00,ringsted,17.475,0.0,1.85,0.025,997.271,97.5,50.7692
1756436400,2025-08-29 03:00:00,2025-08-29 05:00:00,ringsted,17.175,0.0,1.075,0.0,997.246,97.75,35.0
1756440000,2025-08-29 04:00:00,2025-08-29 06:00:00,ringsted,16.6,0.0,1.275,0.0,997.6,98.0,39.375
1756443600,2025-08-29 05:00:00,2025-08-29 07:00:00,ringsted,16.475,6.0,1.7,0.0,997.783,98.25,59.1667
1756447200,2025-08-29 06:00:00,2025-08-29 08:00:00,ringsted,16.75,68.5,2.175,0.0,997.692,97.5,24.4444
1756450800,2025-08-29 07:00:00,2025-08-29 09:00:00,ringsted,17.075,151.0,2.2,0.0,998.242,94.5,60.8824
1756454400,2025-08-29 08:00:00,2025-08-29 10:00:00,ringsted,17.75,258.0,2.975,0.0,998.313,89.25,52.2222
1756458000,2025-08-29 09:00:00,2025-08-29 11:00:00,ringsted,18.425,386.5,3.325,0.0,998.278,83.75,24.7222
1756461600,2025-08-29 10:00:00,2025-08-29 12:00:00,ringsted,19.325,446.5,3.4,0.0,998.283,76.75,21.1765
1756465200,2025-08-29 11:00:00,2025-08-29 13:00:00,ringsted,19.7,448.0,3.475,0.0,998.261,72.25,35.2778
1756468800,2025-08-29 12:00:00,2025-08-29 14:00:00,ringsted,19.925,386.0,3.2,0.0,998.721,67.25,45.5556
1756472400,2025-08-29 13:00:00,2025-08-29 15:00:00,ringsted,19.975,315.5,2.6,0.0,998.812,63.25,51.6667
1756476000,2025-08-29 14:00:00,2025-08-29 16:00:00,ringsted,20.075,273.5,2.475,0.0,998.946,61.25,65.8333
1756479600,2025-08-29 15:00:00,2025-08-29 17:00:00,ringsted,20.0,216.5,2.625,0.0,999.083,60.5,74.7222
1756483200,2025-08-29 16:00:00,2025-08-29 18:00:00,ringsted,19.775,171.0,2.575,0.0,998.954,61.5,67.5
1756486800,2025-08-29 17:00:00,2025-08-29 19:00:00,ringsted,20.025,202.5,2.175,0.0,999.083,58.5,39.6667
1756490400,2025-08-29 18:00:00,2025-08-29 20:00:00,ringsted,19.15,61.5,1.3,0.0,999.471,63.5,31.3333
1756494000,2025-08-29 19:00:00,2025-08-29 21:00:00,ringsted,16.375,1.5,0.825,0.0,999.858,76.0,33.3333
1756497600,2025-08-29 20:00:00,2025-08-29 22:00:00,ringsted,14.6,0.0,0.75,0.0,999.858,85.75,24.7222
1756501200,2025-08-29 21:00:00,2025-08-29 23:00:00,ringsted,13.75,0.0,0.75,0.0,999.961,89.0,35.0
1756504800,2025-08-29 22:00:00,2025-08-30 00:00:00,ringsted,12.7333,0.0,0.7,0.0,1000.03,94.0,27.5
1756508400,2025-08-29 23:00:00,2025-08-30 01:00:00,ringsted,12.4667,0.0,0.733333,0.0,1000.1,94.3333,32.3333
1756512000,2025-08-30 00:00:00,2025-08-30 02:00:00,ringsted,11.975,0.0,0.625,0.0,1000.08,94.25,67.6471
1756515600,2025-08-30 01:00:00,2025-08-30 03:00:00,ringsted,12.7,0.0,1.1,0.0,999.85,93.25,35.2778
1756519200,2025-08-30 02:00:00,2025-08-30 04:00:00,ringsted,13.125,0.0,1.475,0.0,999.9,92.5,23.2143
1756522800,2025-08-30 03:00:00,2025-08-30 05:00:00,ringsted,14.0,0.0,1.825,0.0,999.842,90.75,31.6667
1756526400,2025-08-30 04:00:00,2025-08-30 06:00:00,ringsted,13.55,0.0,1.625,0.0,999.871,93.5,2.08333
1756530000,2025-08-30 05:00:00,2025-08-30 07:00:00,ringsted,13.275,10.0,1.85,0.0,1000.0,95.75,11.6667
1756533600,2025-08-30 06:00:00,2025-08-30 08:00:00,ringsted,14.9,90.0,2.3,0.0,1000.18,95.75,16.25
1756537200,2025-08-30 07:00:00,2025-08-30 09:00:00,ringsted,17.375,193.0,3.325,0.0,1000.45,92.75,60.0
1756540800,2025-08-30 08:00:00,2025-08-30 10:00:00,ringsted,18.25,191.0,4.05,0.0,1000.85,90.0,57.3529
1756544400,2025-08-30 09:00:00,2025-08-30 11:00:00,ringsted,18.625,179.5,3.8,0.05,1001.17,86.5,60.0
1756548000,2025-08-30 10:00:00,2025-08-30 12:00:00,ringsted,19.075,342.0,3.775,0.0,1001.33,83.0,58.3333
1756551600,2025-08-30 11:00:00,2025-08-30 13:00:00,ringsted,19.825,375.5,3.775,0.0,1001.65,78.75,50.2778
1756555200,2025-08-30 12:00:00,2025-08-30 14:00:00,ringsted,20.3,511.5,4.475,0.0,1001.95,74.5,54.1667
1756558800,2025-08-30 13:00:00,2025-08-30 15:00:00,ringsted,20.525,419.0,5.0,0.0,1002.14,72.5,40.0
1756562400,2025-08-30 14:00:00,2025-08-30 16:00:00,ringsted,20.625,519.0,4.625,0.0,1002.51,70.25,17.3077
1756566000,2025-08-30 15:00:00,2025-08-30 17:00:00,ringsted,21.625,447.0,4.775,0.0,1003.17,58.25,7.1875
1756569600,2025-08-30 16:00:00,2025-08-30 18:00:00,ringsted,21.15,238.5,4.725,0.0,1003.48,59.5,20.8333
1756573200,2025-08-30 17:00:00,2025-08-30 19:00:00,ringsted,20.525,138.0,3.525,0.0,1003.6,63.75,5.83333
1756576800,2025-08-30 18:00:00,2025-08-30 20:00:00,ringsted,19.25,48.0,2.85,0.0,1004.08,68.75,0.0
1756580400,2025-08-30 19:00:00,2025-08-30 21:00:00,ringsted,16.675,1.0,1.35,0.0,1004.94,79.75,0.0
1756584000,2025-08-30 20:00:00,2025-08-30 22:00:00,ringsted,15.225,0.0,1.075,0.0,1005.3,87.25,20.9091
1756587600,2025-08-30 21:00:00,2025-08-30 23:00:00,ringsted,14.5,0.0,0.625,0.0,1005.49,90.25,31.6667
1756591200,2025-08-30 22:00:00,2025-08-31 00:00:00,ringsted,13.775,0.0,0.5,0.0,1005.57,93.0,0.0
1756594800,2025-08-30 23:00:00,2025-08-31 01:00:00,ringsted,13.425,0.0,0.65,0.0,1005.68,95.0,0.0
1756598400,2025-08-31 00:00:00,2025-08-31 02:00:00,ringsted,12.8,0.0,0.6,0.0,1005.8,96.75,0.0
1756602000,2025-08-31 01:00:00,2025-08-31 03:00:00,ringsted,12.7,0.0,0.475,0.0,1005.96,97.5,0.0
1756605600,2025-08-31 02:00:00,2025-08-31 04:00:00,ringsted,12.175,0.0,0.675,0.0,1005.9,97.75,0.0
1756609200,2025-08-31 03:00:00,2025-08-31 05:00:00,ringsted,12.125,0.0,0.9,0.0,1006.02,97.75,0.0
1756612800,2025-08-31 04:00:00,2025-08-31 06:00:00,ringsted,12.225,0.0,1.125,0.0,1006.17,97.75,2.5
1756616400,2025-08-31 05:00:00,2025-08-31 07:00:00,ringsted,12.225,12.5,1.175,0.0,1006.29,97.25,0.0
1756620000,2025-08-31 06:00:00,2025-08-31 08:00:00,ringsted,13.75,93.0,1.2,0.0,1006.47,96.0,0.0
1756623600,2025-08-31 07:00:00,2025-08-31 09:00:00,ringsted,16.625,248.0,1.95,0.0,1006.73,92.75,10.3571
1756627200,2025-08-31 08:00:00,2025-08-31 10:00:00,ringsted,19.1,328.0,3.15,0.0,1007.0,80.5,45.2778
1756630800,2025-08-31 09:00:00,2025-08-31 11:00:00,ringsted,20.275,375.0,4.075,0.0,1007.15,71.25,29.0625
1756634400,2025-08-31 10:00:00,2025-08-31 12:00:00,ringsted,21.65,597.0,4.675,0.0,1007.12,62.25,25.3125
1756638000,2025-08-31 11:00:00,2025-08-31 13:00:00,ringsted,22.325,603.0,4.6,0.0,1007.2,57.25,39.6429
1756641600,2025-08-31 12:00:00,2025-08-31 14:00:00,ringsted,22.775,647.0,4.875,0.0,1007.15,55.25,34.6875
1756645200,2025-08-31 13:00:00,2025-08-31 15:00:00,ringsted,22.85,596.5,5.25,0.0,1007.04,53.0,27.2222
1756648800,2025-08-31 14:00:00,2025-08-31 16:00:00,ringsted,22.8,375.5,5.575,0.0,1007.14,51.5,28.8235
1756652400,2025-08-31 15:00:00,2025-08-31 17:00:00,ringsted,22.85,418.5,5.575,0.0,1007.16,51.25,42.2222
1756656000,2025-08-31 16:00:00,2025-08-31 18:00:00,ringsted,22.15,186.5,4.425,0.0,1007.16,54.75,41.3889
1756659600,2025-08-31 17:00:00,2025-08-31 19:00:00,ringsted,21.0,113.0,3.95,0.0,1007.05,63.75,58.8889
1756663200,2025-08-31 18:00:00,2025-08-31 20:00:00,ringsted,19.75,18.0,3.65,0.0,1007.17,72.25,72.5
1756666800,2025-08-31 19:00:00,2025-08-31 21:00:00,ringsted,18.925,0.5,4.0,0.0,1007.32,77.75,54.4118
1756670400,2025-08-31 20:00:00,2025-08-31 22:00:00,ringsted,18.325,0.0,3.825,0.0,1007.17,81.25,21.7647
1756674000,2025-08-31 21:00:00,2025-08-31 23:00:00,ringsted,18.025,0.0,3.525,0.0,1007.12,82.0,52.2222
1756677600,2025-08-31 22:00:00,2025-09-01 00:00:00,ringsted,18.0,0.0,3.6,0.0,1006.8,83.0,32.0588
1756681200,2025-08-31 23:00:00,2025-09-01 01:00:00,ringsted,18.025,0.0,3.825,0.0,1006.58,84.0,3.33333
1756684800,2025-09-01 00:00:00,2025-09-01 02:00:00,ringsted,17.725,0.0,3.45,0.0,1006.62,85.25,10.6667
1756688400,2025-09-01 01:00:00,2025-09-01 03:00:00,ringsted,17.575,0.0,3.3,0.0,1006.67,86.0,65.8333
1756692000,2025-09-01 02:00:00,2025-09-01 04:00:00,ringsted,17.625,0.0,3.375,0.0,1006.22,85.75,19.4444
1756695600,2025-09-01 03:00:00,2025-09-01 05:00:00,ringsted,17.325,0.0,3.45,0.0,1005.72,87.25,5.29412
1756699200,2025-09-01 04:00:00,2025-09-01 06:00:00,ringsted,17.0,0.0,3.475,0.0,1005.32,88.25,3.07692
1756702800,2025-09-01 05:00:00,2025-09-01 07:00:00,ringsted,16.925,9.0,3.425,0.0,1005.11,87.75,2.5
1756706400,2025-09-01 06:00:00,2025-09-01 08:00:00,ringsted,17.675,86.0,3.525,0.0,1005.2,84.5,29.6667
1756710000,2025-09-01 07:00:00,2025-09-01 09:00:00,ringsted,19.075,172.0,4.0,0.0,1004.85,77.5,31.1765
1756713600,2025-09-01 08:00:00,2025-09-01 10:00:00,ringsted,20.925,342.5,4.8,0.0,1004.48,68.25,0.0
1756717200,2025-09-01 09:00:00,2025-09-01 11:00:00,ringsted,22.225,507.5,5.875,0.0,1004.47,62.5,16.1538
1756720800,2025-09-01 10:00:00,2025-09-01 12:00:00,ringsted,22.75,518.5,6.675,0.0,1004.22,60.25,12.5
1756724400,2025-09-01 11:00:00,2025-09-01 13:00:00,ringsted,23.15,538.5,7.1,0.0,1003.99,58.5,1.53846
1756728000,2025-09-01 12:00:00,2025-09-01 14:00:00,ringsted,23.0,435.0,7.075,0.0,1003.84,59.75,6.66667
1756731600,2025-09-01 13:00:00,2025-09-01 15:00:00,ringsted,22.775,427.5,6.75,0.0,1003.58,62.75,8.66667
1756735200,2025-09-01 14:00:00,2025-09-01 16:00:00,ringsted,23.15,473.5,6.675,0.0,1003.38,60.75,60.5882
1756738800,2025-09-01 15:00:00,2025-09-01 17:00:00,ringsted,22.7,280.5,6.1,0.0,1003.44,63.75,65.5556
1756742400,2025-09-01 16:00:00,2025-09-01 18:00:00,ringsted,21.425,72.0,5.525,0.025,1003.51,70.5,95.0
1756746000,2025-09-01 17:00:00,2025-09-01 19:00:00,ringsted,19.675,23.0,4.825,0.2,1003.84,80.5,91.6667
1756749600,2025-09-01 18:00:00,2025-09-01 20:00:00,ringsted,18.575,3.5,2.625,0.0,1004.18,84.75,96.6667
1756753200,2025-09-01 19:00:00,2025-09-01 21:00:00,ringsted,17.4,0.0,1.2,0.225,1004.2,90.75,91.6667
1756756800,2025-09-01 20:00:00,2025-09-01 22:00:00,ringsted,17.175,0.0,1.125,0.0,1004.51,92.0,80.0
1756760400,2025-09-01 21:00:00,2025-09-01 23:00:00,ringsted,16.9,0.0,0.466667,0.0,1004.7,94.0,65.0
1756764000,2025-09-01 22:00:00,2025-09-02 00:00:00,ringsted,16.4,0.0,0.375,0.0,1004.76,95.0,55.2941
1756767600,2025-09-01 23:00:00,2025-09-02 01:00:00,ringsted,15.7667,0.0,0.333333,0.0,1004.93,96.3333,37.8125
1756771200,2025-09-02 00:00:00,2025-09-02 02:00:00,ringsted,15.55,0.0,1.15,0.0,1004.85,96.5,45.5882
1756774800,2025-09-02 01:00:00,2025-09-02 03:00:00,ringsted,15.275,0.0,1.075,0.0,1004.88,96.75,44.7222
1756778400,2025-09-02 02:00:00,2025-09-02 04:00:00,ringsted,14.875,0.0,0.825,0.0,1004.95,97.5,41.7647
1756782000,2025-09-02 03:00:00,2025-09-02 05:00:00,ringsted,14.575,0.0,0.475,0.0,1004.77,98.0,47.9412
1756785600,2025-09-02 04:00:00,2025-09-02 06:00:00,ringsted,14.075,0.0,0.4,0.0,1004.7,98.0,15.5882
1756789200,2025-09-02 05:00:00,2025-09-02 07:00:00,ringsted,13.35,4.5,0.45,0.0,1004.58,98.0,5.35714
1756792800,2025-09-02 06:00:00,2025-09-02 08:00:00,ringsted,13.825,83.5,0.675,0.0,1004.62,98.5,15.7143
1756796400,2025-09-02 07:00:00,2025-09-02 09:00:00,ringsted,15.35,150.5,0.7,0.0,1004.72,98.75,53.8889
1756800000,2025-09-02 08:00:00,2025-09-02 10:00:00,ringsted,16.5,159.0,0.95,0.0,1004.87,96.0,48.8889
1756803600,2025-09-02 09:00:00,2025-09-02 11:00:00,ringsted,17.425,180.0,0.725,0.0,1005.08,89.5,20.3125
1756807200,2025-09-02 10:00:00,2025-09-02 12:00:00,ringsted,18.0667,216.5,1.0,0.0,1004.89,85.3333,20.0
1756810800,2025-09-02 11:00:00,2025-09-02 13:00:00,ringsted,18.6,266.5,1.35,0.0,1004.8,80.75,29.7222
1756814400,2025-09-02 12:00:00,2025-09-02 14:00:00,ringsted,19.1,256.0,1.725,0.0,1004.43,76.25,20.5556
1756818000,2025-09-02 13:00:00,2025-09-02 15:00:00,ringsted,19.35,242.5,1.95,0.0,1004.08,74.0,17.7778
1756821600,2025-09-02 14:00:00,2025-09-02 16:00:00,ringsted,19.675,275.5,2.75,0.0,1003.91,76.0,15.0
1756825200,2025-09-02 15:00:00,2025-09-02 17:00:00,ringsted,19.875,320.5,3.125,0.0,1003.66,75.25,0.833333
1756828800,2025-09-02 16:00:00,2025-09-02 18:00:00,ringsted,20.175,223.5,2.725,0.0,1003.74,73.0,22.0833
1756832400,2025-09-02 17:00:00,2025-09-02 19:00:00,ringsted,19.35,77.5,2.25,0.0,1003.9,79.25,25.0
1756836000,2025-09-02 18:00:00,2025-09-02 20:00:00,ringsted,18.325,14.0,1.75,0.0,1004.26,84.25,45.2778
1756839600,2025-09-02 19:00:00,2025-09-02 21:00:00,ringsted,17.175,0.0,1.925,0.0,1004.61,89.5,65.0
1756843200,2025-09-02 20:00:00,2025-09-02 22:00:00,ringsted,16.6,0.0,0.75,0.025,1004.79,92.75,77.2222
1756846800,2025-09-02 21:00:00,2025-09-02 23:00:00,ringsted,16.3333,0.0,1.7,0.333333,1005.04,95.0,47.8125
1756850400,2025-09-02 22:00:00,2025-09-03 00:00:00,ringsted,15.475,0.0,0.95,0.15,1005.09,93.75,47.5
1756854000,2025-09-02 23:00:00,2025-09-03 01:00:00,ringsted,14.675,0.0,0.625,0.05,1005.18,95.0,7.08333
1756857600,2025-09-03 00:00:00,2025-09-03 02:00:00,ringsted,13.775,0.0,0.925,0.0,1005.15,97.0,2.91667
1756861200,2025-09-03 01:00:00,2025-09-03 03:00:00,ringsted,12.75,0.0,0.95,0.0,1005.18,97.75,6.81818
1756864800,2025-09-03 02:00:00,2025-09-03 04:00:00,ringsted,12.225,0.0,0.575,0.0,1005.1,98.0,0.0
1756868400,2025-09-03 03:00:00,2025-09-03 05:00:00,ringsted,12.075,0.0,0.925,0.0,1005.06,98.75,5.0
1756872000,2025-09-03 04:00:00,2025-09-03 06:00:00,ringsted,12.225,0.0,0.9,0.0,1005.05,98.75,0.0
1756875600,2025-09-03 05:00:00,2025-09-03 07:00:00,ringsted,12.025,9.5,0.975,0.0,1005.12,98.75,10.4167
1756879200,2025-09-03 06:00:00,2025-09-03 08:00:00,ringsted,13.575,100.0,1.8,0.0,1004.95,98.25,0.0
1756882800,2025-09-03 07:00:00,2025-09-03 09:00:00,ringsted,16.325,235.0,2.825,0.0,1004.92,94.5,0.0
1756886400,2025-09-03 08:00:00,2025-09-03 10:00:00,ringsted,18.475,368.0,3.975,0.0,1004.91,85.0,0.769231
1756890000,2025-09-03 09:00:00,2025-09-03 11:00:00,ringsted,20.05,489.5,5.175,0.0,1004.86,72.0,5.0
1756893600,2025-09-03 10:00:00,2025-09-03 12:00:00,ringsted,21.05,589.5,6.25,0.0,1004.49,63.25,5.41667
1756897200,2025-09-03 11:00:00,2025-09-03 13:00:00,ringsted,21.55,645.0,6.6,0.0,1004.08,58.25,15.5
1756900800,2025-09-03 12:00:00,2025-09-03 14:00:00,ringsted,21.85,647.0,7.125,0.0,1003.9,56.25,41.25
1756904400,2025-09-03 13:00:00,2025-09-03 15:00:00,ringsted,22.2,547.5,7.975,0.0,1003.6,52.75,38.0556
1756908000,2025-09-03 14:00:00,2025-09-03 16:00:00,ringsted,22.175,405.5,7.55,0.0,1003.25,54.25,58.0556
1756911600,2025-09-03 15:00:00,2025-09-03 17:00:00,ringsted,22.05,301.5,6.725,0.0,1003.03,58.75,45.0
1756915200,2025-09-03 16:00:00,2025-09-03 18:00:00,ringsted,21.925,223.5,6.05,0.0,1002.89,59.5,25.5556
1756918800,2025-09-03 17:00:00,2025-09-03 19:00:00,ringsted,21.475,119.0,5.2,0.0,1002.93,62.0,48.3333
1756922400,2025-09-03 18:00:00,2025-09-03 20:00:00,ringsted,20.575,16.5,4.15,0.0,1003.02,67.0,78.6111
1756926000,2025-09-03 19:00:00,2025-09-03 21:00:00,ringsted,20.35,0.0,4.2,0.0,1003.05,68.25,85.2778
1756929600,2025-09-03 20:00:00,2025-09-03 22:00:00,ringsted,20.425,0.0,4.55,0.0,1002.86,67.75,73.5294
1756933200,2025-09-03 21:00:00,2025-09-03 23:00:00,ringsted,20.175,0.0,4.85,0.0,1002.87,69.0,69.4444
1756936800,2025-09-03 22:00:00,2025-09-04 00:00:00,ringsted,19.7,0.0,4.35,0.0,1002.8,71.25,29.6875
1756940400,2025-09-03 23:00:00,2025-09-04 01:00:00,ringsted,19.25,0.0,4.625,0.0,1002.98,73.0,23.6111
1756944000,2025-09-04 00:00:00,2025-09-04 02:00:00,ringsted,19.0,0.0,4.65,0.0,1002.85,74.75,26.5385
1756947600,2025-09-04 01:00:00,2025-09-04 03:00:00,ringsted,18.7,0.0,4.375,0.0,1002.67,75.75,33.0556
1756951200,2025-09-04 02:00:00,2025-09-04 04:00:00,ringsted,18.45,0.0,4.35,0.0,1002.72,77.75,28.3333
1756954800,2025-09-04 03:00:00,2025-09-04 05:00:00,ringsted,18.225,0.0,4.425,0.0,1002.88,79.25,25.3571
1756958400,2025-09-04 04:00:00,2025-09-04 06:00:00,ringsted,18.0,0.0,4.35,0.0,1003.31,79.5,8.0
1756962000,2025-09-04 05:00:00,2025-09-04 07:00:00,ringsted,17.775,5.0,4.075,0.0,1003.89,81.25,41.4286
1756965600,2025-09-04 06:00:00,2025-09-04 08:00:00,ringsted,18.125,65.5,3.825,0.0,1004.37,81.25,31.6667
1756969200,2025-09-04 07:00:00,2025-09-04 09:00:00,ringsted,19.375,195.5,4.2,0.0,1004.94,77.75,29.1667
1756972800,2025-09-04 08:00:00,2025-09-04 10:00:00,ringsted,20.5,309.5,5.6,0.0,1005.63,73.3333,36.1765
1756976400,2025-09-04 09:00:00,2025-09-04 11:00:00,ringsted,20.75,337.0,5.425,0.0,1006.1,73.25,53.8889
1756980000,2025-09-04 10:00:00,2025-09-04 12:00:00,ringsted,20.95,407.5,5.5,0.0,1006.55,72.0,33.6111
1756983600,2025-09-04 11:00:00,2025-09-04 13:00:00,ringsted,21.65,571.0,5.9,0.0,1006.98,65.0,27.5
1756987200,2025-09-04 12:00:00,2025-09-04 14:00:00,ringsted,21.975,558.0,5.825,0.0,1007.32,60.5,30.2778
1756990800,2025-09-04 13:00:00,2025-09-04 15:00:00,ringsted,22.125,506.5,5.2,0.0,1007.53,59.0,46.1538
1756994400,2025-09-04 14:00:00,2025-09-04 16:00:00,ringsted,22.4,473.5,5.1,0.0,1007.69,57.5,38.2353
1756998000,2025-09-04 15:00:00,2025-09-04 17:00:00,ringsted,22.3,328.5,4.2,0.0,1008.12,56.75,64.7222
1757001600,2025-09-04 16:00:00,2025-09-04 18:00:00,ringsted,21.95,161.5,3.675,0.0,1008.48,58.0,66.7647
1757005200,2025-09-04 17:00:00,2025-09-04 19:00:00,ringsted,21.475,84.0,2.425,0.0,1008.65,60.0,52.0
1757008800,2025-09-04 18:00:00,2025-09-04 20:00:00,ringsted,19.75,11.5,1.2,0.0,1008.98,69.25,5.0
1757012400,2025-09-04 19:00:00,2025-09-04 21:00:00,ringsted,17.425,0.0,0.475,0.0,1009.04,79.25,0.0
1757016000,2025-09-04 20:00:00,2025-09-04 22:00:00,ringsted,16.2,0.0,0.8,0.0,1009.05,84.75,5.83333
1757019600,2025-09-04 21:00:00,2025-09-04 23:00:00,ringsted,15.625,0.0,1.6,0.0,1009.03,89.5,20.0
1757023200,2025-09-04 22:00:00,2025-09-05 00:00:00,ringsted,15.425,0.0,1.575,0.0,1009.14,92.25,26.3889
1757026800,2025-09-04 23:00:00,2025-09-05 01:00:00,ringsted,15.475,0.0,1.4,0.0,1009.12,93.25,71.3889
1757030400,2025-09-05 00:00:00,2025-09-05 02:00:00,ringsted,16.075,0.0,1.35,0.0,1008.83,90.75,82.7778
1757034000,2025-09-05 01:00:00,2025-09-05 03:00:00,ringsted,16.425,0.0,1.025,0.05,1008.29,91.75,96.6667
1757037600,2025-09-05 02:00:00,2025-09-05 04:00:00,ringsted,16.6,0.0,0.925,0.0,1007.97,92.5,91.3889
1757041200,2025-09-05 03:00:00,2025-09-05 05:00:00,ringsted,16.675,0.0,0.975,0.225,1007.65,92.75,93.8889
1757044800,2025-09-05 04:00:00,2025-09-05 06:00:00,ringsted,17.175,0.0,1.125,0.0,1008.06,93.25,86.1111
1757048400,2025-09-05 05:00:00,2025-09-05 07:00:00,ringsted,16.8,0.0,1.35,0.95,1008.8,95.0,86.6667
1757052000,2025-09-05 06:00:00,2025-09-05 08:00:00,ringsted,16.425,5.0,1.7,3.05,1009.22,96.5,86.6667
1757055600,2025-09-05 07:00:00,2025-09-05 09:00:00,ringsted,15.9,19.0,2.35,3.425,1009.12,96.75,87.2222
1757059200,2025-09-05 08:00:00,2025-09-05 10:00:00,ringsted,16.025,78.5,2.15,0.8,1009.56,96.5,90.5556
1757062800,2025-09-05 09:00:00,2025-09-05 11:00:00,ringsted,16.475,106.0,1.95,0.05,1010.07,94.25,96.6667
1757066400,2025-09-05 10:00:00,2025-09-05 12:00:00,ringsted,16.65,66.0,1.5,0.35,1010.48,93.25,84.4444
1757070000,2025-09-05 11:00:00,2025-09-05 13:00:00,ringsted,16.625,82.5,1.0,0.8,1010.92,92.5,93.8889
1757073600,2025-09-05 12:00:00,2025-09-05 14:00:00,ringsted,17.025,222.5,1.525,0.125,1011.28,91.0,73.8889
1757077200,2025-09-05 13:00:00,2025-09-05 15:00:00,ringsted,17.625,207.0,2.575,0.0,1011.72,87.5,81.1111
1757080800,2025-09-05 14:00:00,2025-09-05 16:00:00,ringsted,17.5,167.0,3.375,0.0,1012.18,86.75,81.6667
1757084400,2025-09-05 15:00:00,2025-09-05 17:00:00,ringsted,18.1,234.5,3.075,0.0,1012.56,81.5,70.0
1757088000,2025-09-05 16:00:00,2025-09-05 18:00:00,ringsted,18.7,235.0,3.2,0.0,1013.03,76.75,49.1667
1757091600,2025-09-05 17:00:00,2025-09-05 19:00:00,ringsted,18.375,130.5,2.6,0.0,1013.65,77.0,45.0
1757095200,2025-09-05 18:00:00,2025-09-05 20:00:00,ringsted,17.65,34.5,1.7,0.0,1014.22,81.25,19.1667
1757098800,2025-09-05 19:00:00,2025-09-05 21:00:00,ringsted,16.3,0.0,2.225,0.0,1014.87,84.75,5.38462
1757102400,2025-09-05 20:00:00,2025-09-05 22:00:00,ringsted,15.5,0.0,2.25,0.0,1015.53,86.0,6.25
1757106000,2025-09-05 21:00:00,2025-09-05 23:00:00,ringsted,14.925,0.0,2.2,0.0,1016.04,87.75,0.0
1757109600,2025-09-05 22:00:00,2025-09-06 00:00:00,ringsted,14.4,0.0,2.3,0.0,1016.47,89.5,3.33333
1757113200,2025-09-05 23:00:00,2025-09-06 01:00:00,ringsted,13.9,0.0,2.225,0.0,1016.67,91.25,1.66667
1757116800,2025-09-06 00:00:00,2025-09-06 02:00:00,ringsted,13.425,0.0,2.275,0.0,1017.05,92.75,0.0
1757120400,2025-09-06 01:00:00,2025-09-06 03:00:00,ringsted,12.9,0.0,1.825,0.0,1017.46,94.5,0.0
1757124000,2025-09-06 02:00:00,2025-09-06 04:00:00,ringsted,12.7,0.0,2.075,0.0,1017.8,95.5,0.0
1757127600,2025-09-06 03:00:00,2025-09-06 05:00:00,ringsted,12.4,0.0,1.35,0.0,1017.72,96.25,0.0
1757131200,2025-09-06 04:00:00,2025-09-06 06:00:00,ringsted,12.175,0.0,1.575,0.0,1018.08,97.5,0.0
1757134800,2025-09-06 05:00:00,2025-09-06 07:00:00,ringsted,12.35,2.0,2.1,0.0,1018.65,97.75,0.0
1757138400,2025-09-06 06:00:00,2025-09-06 08:00:00,ringsted,12.9,64.0,2.0,0.025,1019.16,97.75,0.0
1757142000,2025-09-06 07:00:00,2025-09-06 09:00:00,ringsted,14.425,210.5,2.65,0.025,1019.52,95.0,8.66667
1757145600,2025-09-06 08:00:00,2025-09-06 10:00:00,ringsted,15.95,327.0,3.7,0.0,1019.68,86.0,35.5556
1757149200,2025-09-06 09:00:00,2025-09-06 11:00:00,ringsted,16.9,439.5,4.0,0.0,1019.8,77.25,39.4444
1757152800,2025-09-06 10:00:00,2025-09-06 12:00:00,ringsted,17.55,503.0,4.025,0.0,1019.91,70.5,26.9444
1757156400,2025-09-06 11:00:00,2025-09-06 13:00:00,ringsted,18.2,625.5,3.95,0.0,1020.17,65.25,19.4118
1757160000,2025-09-06 12:00:00,2025-09-06 14:00:00,ringsted,18.8,631.5,3.575,0.0,1020.32,61.5,12.8125
1757163600,2025-09-06 13:00:00,2025-09-06 15:00:00,ringsted,18.975,496.0,3.625,0.0,1020.18,59.75,31.3889
1757167200,2025-09-06 14:00:00,2025-09-06 16:00:00,ringsted,19.35,522.0,2.8,0.0,1020.01,59.0,35.5556
1757170800,2025-09-06 15:00:00,2025-09-06 17:00:00,ringsted,19.475,463.0,2.8,0.0,1019.83,59.75,10.0
1757174400,2025-09-06 16:00:00,2025-09-06 18:00:00,ringsted,19.425,312.5,2.7,0.0,1019.68,59.25,2.5
1757178000,2025-09-06 17:00:00,2025-09-06 19:00:00,ringsted,18.9,155.0,2.075,0.0,1019.76,62.0,0.0
1757181600,2025-09-06 18:00:00,2025-09-06 20:00:00,ringsted,17.25,31.0,1.475,0.0,1020.06,69.75,0.0
1757185200,2025-09-06 19:00:00,2025-09-06 21:00:00,ringsted,14.6,0.0,0.45,0.0,1020.33,82.3333,0.0
1757188800,2025-09-06 20:00:00,2025-09-06 22:00:00,ringsted,12.35,0.0,0.2,0.0,1020.47,92.75,0.0
1757192400,2025-09-06 21:00:00,2025-09-06 23:00:00,ringsted,11.55,0.0,0.5,0.0,1020.54,94.5,0.0
1757196000,2025-09-06 22:00:00,2025-09-07 00:00:00,ringsted,10.6,0.0,0.325,0.0,1020.59,95.75,0.0
1757199600,2025-09-06 23:00:00,2025-09-07 01:00:00,ringsted,10.1,0.0,0.35,0.0,1020.71,96.75,0.0
1757203200,2025-09-07 00:00:00,2025-09-07 02:00:00,ringsted,9.525,0.0,0.475,0.0,1020.65,96.75,0.0
1757206800,2025-09-07 01:00:00,2025-09-07 03:00:00,ringsted,9.425,0.0,0.6,0.0,1020.72,97.0,0.0
1757210400,2025-09-07 02:00:00,2025-09-07 04:00:00,ringsted,8.9,0.0,0.4,0.0,1020.7,97.25,0.0
1757214000,2025-09-07 03:00:00,2025-09-07 05:00:00,ringsted,8.75,0.0,0.55,0.0,1020.48,97.5,2.08333
1757217600,2025-09-07 04:00:00,2025-09-07 06:00:00,ringsted,8.525,0.0,0.525,0.0,1020.46,98.0,7.08333
1757221200,2025-09-07 05:00:00,2025-09-07 07:00:00,ringsted,8.375,5.0,0.6,0.0,1020.47,98.0,7.08333
1757224800,2025-09-07 06:00:00,2025-09-07 08:00:00,ringsted,9.75,89.5,0.625,0.0,1020.5,97.5,0.0
1757228400,2025-09-07 07:00:00,2025-09-07 09:00:00,ringsted,14.3,228.5,0.6,0.0,1020.59,91.75,1.92308
1757232000,2025-09-07 08:00:00,2025-09-07 10:00:00,ringsted,17.05,364.0,2.325,0.0,1020.56,80.0,9.16667
1757235600,2025-09-07 09:00:00,2025-09-07 11:00:00,ringsted,18.075,452.5,2.75,0.0,1020.53,69.25,14.1667
1757239200,2025-09-07 10:00:00,2025-09-07 12:00:00,ringsted,18.7,546.5,2.65,0.0,1020.34,63.25,17.6471
1757242800,2025-09-07 11:00:00,2025-09-07 13:00:00,ringsted,19.125,631.0,2.925,0.0,1020.17,59.0,5.38462
1757246400,2025-09-07 12:00:00,2025-09-07 14:00:00,ringsted,19.3,538.0,2.775,0.0,1019.68,57.0,5.0
1757250000,2025-09-07 13:00:00,2025-09-07 15:00:00,ringsted,19.6,588.5,3.4,0.0,1019.2,54.25,0.833333
1757253600,2025-09-07 14:00:00,2025-09-07 16:00:00,ringsted,19.775,526.5,3.4,0.0,1018.72,51.75,0.0
1757257200,2025-09-07 15:00:00,2025-09-07 17:00:00,ringsted,19.7,432.0,3.725,0.0,1018.33,49.75,0.0
1757260800,2025-09-07 16:00:00,2025-09-07 18:00:00,ringsted,19.275,301.5,3.625,0.0,1018.0,52.75,0.0
1757264400,2025-09-07 17:00:00,2025-09-07 19:00:00,ringsted,18.325,156.0,2.75,0.0,1018.17,58.75,0.0
1757268000,2025-09-07 18:00:00,2025-09-07 20:00:00,ringsted,16.1,17.5,1.7,0.0,1018.38,71.75,0.0
1757271600,2025-09-07 19:00:00,2025-09-07 21:00:00,ringsted,13.8,0.0,0.9,0.0,1018.47,83.0,0.0
1757275200,2025-09-07 20:00:00,2025-09-07 22:00:00,ringsted,12.825,0.0,0.625,0.0,1018.45,87.75,0.0
1757278800,2025-09-07 21:00:00,2025-09-07 23:00:00,ringsted,11.8,0.0,0.8,0.0,1018.33,91.75,0.0
1757282400,2025-09-07 22:00:00,2025-09-08 00:00:00,ringsted,11.575,0.0,1.05,0.0,1018.05,93.5,0.0
1757286000,2025-09-07 23:00:00,2025-09-08 01:00:00,ringsted,12.15,0.0,2.125,0.0,1017.78,93.0,0.833333
1757289600,2025-09-08 00:00:00,2025-09-08 02:00:00,ringsted,12.425,0.0,2.25,0.0,1017.52,92.75,0.0
1757293200,2025-09-08 01:00:00,2025-09-08 03:00:00,ringsted,12.3,0.0,1.775,0.0,1017.36,94.75,3.33333
1757296800,2025-09-08 02:00:00,2025-09-08 04:00:00,ringsted,12.375,0.0,1.55,0.0,1016.98,96.5,22.9167
1757300400,2025-09-08 03:00:00,2025-09-08 05:00:00,ringsted,12.475,0.0,1.525,0.0,1016.65,97.5,46.6667
1757304000,2025-09-08 04:00:00,2025-09-08 06:00:00,ringsted,12.375,0.0,1.075,0.0,1016.65,97.5,45.0
1757307600,2025-09-08 05:00:00,2025-09-08 07:00:00,ringsted,12.175,3.0,1.05,0.0,1016.54,97.5,30.4167
1757311200,2025-09-08 06:00:00,2025-09-08 08:00:00,ringsted,13.3,65.0,1.45,0.0,1016.28,97.75,19.5833
1757314800,2025-09-08 07:00:00,2025-09-08 09:00:00,ringsted,16.15,200.5,2.65,0.0,1016.26,94.0,41.1765
1757318400,2025-09-08 08:00:00,2025-09-08 10:00:00,ringsted,17.925,310.5,4.05,0.025,1016.22,86.25,30.5556
1757322000,2025-09-08 09:00:00,2025-09-08 11:00:00,ringsted,18.8,420.0,4.3,0.0,1016.1,78.25,31.3889
1757325600,2025-09-08 10:00:00,2025-09-08 12:00:00,ringsted,19.475,502.5,4.175,0.0,1015.88,74.0,40.2778
1757329200,2025-09-08 11:00:00,2025-09-08 13:00:00,ringsted,19.975,556.5,4.45,0.0,1015.78,70.5,29.1667
1757332800,2025-09-08 12:00:00,2025-09-08 14:00:00,ringsted,20.1,390.5,4.525,0.0,1015.52,70.5,24.0625
1757336400,2025-09-08 13:00:00,2025-09-08 15:00:00,ringsted,20.35,333.0,4.25,0.0,1015.28,70.0,29.7059
1757340000,2025-09-08 14:00:00,2025-09-08 16:00:00,ringsted,20.35,317.0,4.075,0.0,1014.98,70.75,6.38889
1757343600,2025-09-08 15:00:00,2025-09-08 17:00:00,ringsted,20.325,303.0,4.0,0.0,1014.88,70.25,6.66667
1757347200,2025-09-08 16:00:00,2025-09-08 18:00:00,ringsted,20.2,299.0,3.95,0.0,1014.87,71.25,1.11111
1757350800,2025-09-08 17:00:00,2025-09-08 19:00:00,ringsted,19.35,140.0,3.175,0.0,1014.95,76.75,0.0
1757354400,2025-09-08 18:00:00,2025-09-08 20:00:00,ringsted,17.75,17.5,2.8,0.0,1015.23,85.25,1.11111
1757358000,2025-09-08 19:00:00,2025-09-08 21:00:00,ringsted,16.125,0.0,2.3,0.0,1015.4,92.25,4.16667
1757361600,2025-09-08 20:00:00,2025-09-08 22:00:00,ringsted,15.475,0.0,2.15,0.0,1015.42,94.75,2.77778
1757365200,2025-09-08 21:00:00,2025-09-08 23:00:00,ringsted,14.85,0.0,2.125,0.0,1015.22,96.25,3.05556
1757368800,2025-09-08 22:00:00,2025-09-09 00:00:00,ringsted,14.525,0.0,2.05,0.0,1015.11,96.75,2.77778
1757372400,2025-09-08 23:00:00,2025-09-09 01:00:00,ringsted,14.175,0.0,1.875,0.0,1014.92,97.0,2.22222
1757376000,2025-09-09 00:00:00,2025-09-09 02:00:00,ringsted,13.95,0.0,1.675,0.0,1014.6,97.5,0.555556
1757379600,2025-09-09 01:00:00,2025-09-09 03:00:00,ringsted,13.775,0.0,1.5,0.0,1014.3,97.5,23.8889
1757383200,2025-09-09 02:00:00,2025-09-09 04:00:00,ringsted,13.475,0.0,1.225,0.0,1013.99,98.25,19.9444
1757386800,2025-09-09 03:00:00,2025-09-09 05:00:00,ringsted,13.1,0.0,1.45,0.0,1013.91,98.25,53.7778
1757390400,2025-09-09 04:00:00,2025-09-09 06:00:00,ringsted,13.65,0.0,1.375,0.0,1013.94,98.5,76.0588
1757394000,2025-09-09 05:00:00,2025-09-09 07:00:00,ringsted,14.625,2.5,1.375,0.0,1013.72,98.5,89.0
1757397600,2025-09-09 06:00:00,2025-09-09 08:00:00,ringsted,15.35,35.5,1.575,0.0,1013.47,98.5,74.0
1757401200,2025-09-09 07:00:00,2025-09-09 09:00:00,ringsted,16.35,107.5,1.9,0.0,1013.44,98.25,68.0
1757404800,2025-09-09 08:00:00,2025-09-09 10:00:00,ringsted,17.175,186.0,1.95,0.025,1013.55,97.75,83.8889
1757408400,2025-09-09 09:00:00,2025-09-09 11:00:00,ringsted,17.975,210.5,2.6,0.025,1013.58,95.0,73.3333
1757412000,2025-09-09 10:00:00,2025-09-09 12:00:00,ringsted,18.95,182.5,2.675,0.025,1013.45,91.0,61.9444
1757415600,2025-09-09 11:00:00,2025-09-09 13:00:00,ringsted,20.125,311.0,4.025,0.0,1013.16,82.75,61.6667
1757419200,2025-09-09 12:00:00,2025-09-09 14:00:00,ringsted,21.075,387.5,5.025,0.0,1012.98,75.75,36.9444
1757422800,2025-09-09 13:00:00,2025-09-09 15:00:00,ringsted,21.575,427.5,5.425,0.0,1012.7,68.25,7.77778
1757426400,2025-09-09 14:00:00,2025-09-09 16:00:00,ringsted,21.825,437.5,5.725,0.0,1012.41,62.75,6.66667
1757430000,2025-09-09 15:00:00,2025-09-09 17:00:00,ringsted,21.475,315.0,5.25,0.0,1012.26,61.25,3.33333
1757433600,2025-09-09 16:00:00,2025-09-09 18:00:00,ringsted,20.975,230.5,4.775,0.0,1012.07,63.0,0.0
1757437200,2025-09-09 17:00:00,2025-09-09 19:00:00,ringsted,19.95,89.0,3.9,0.0,1011.83,67.0,0.0
1757440800,2025-09-09 18:00:00,2025-09-09 20:00:00,ringsted,18.2,6.5,3.375,0.0,1011.82,79.5,0.0
1757444400,2025-09-09 19:00:00,2025-09-09 21:00:00,ringsted,17.125,0.0,3.1,0.0,1011.61,87.75,1.94444
1757448000,2025-09-09 20:00:00,2025-09-09 22:00:00,ringsted,17.075,0.0,3.525,0.0,1011.33,90.25,1.11111
1757451600,2025-09-09 21:00:00,2025-09-09 23:00:00,ringsted,17.025,0.0,3.5,0.0,1010.84,92.0,0.0
1757455200,2025-09-09 22:00:00,2025-09-10 00:00:00,ringsted,16.75,0.0,3.125,0.0,1010.39,94.5,0.0
1757458800,2025-09-09 23:00:00,2025-09-10 01:00:00,ringsted,16.675,0.0,3.0,0.0,1009.88,95.75,8.33333
1757462400,2025-09-10 00:00:00,2025-09-10 02:00:00,ringsted,16.95,0.0,2.85,0.0,1009.48,95.25,6.11111
1757466000,2025-09-10 01:00:00,2025-09-10 03:00:00,ringsted,17.275,0.0,3.125,0.0,1009.14,94.25,19.4444
1757469600,2025-09-10 02:00:00,2025-09-10 04:00:00,ringsted,17.35,0.0,3.4,0.025,1008.77,93.5,19.1667
1757473200,2025-09-10 03:00:00,2025-09-10 05:00:00,ringsted,17.225,0.0,3.375,0.025,1008.25,93.0,18.8889
1757476800,2025-09-10 04:00:00,2025-09-10 06:00:00,ringsted,17.15,0.0,3.3,0.05,1007.97,91.75,33.8889
1757480400,2025-09-10 05:00:00,2025-09-10 07:00:00,ringsted,17.175,5.0,3.875,0.025,1008.02,92.25,27.5
1757484000,2025-09-10 06:00:00,2025-09-10 08:00:00,ringsted,17.675,78.0,4.275,0.025,1007.75,91.75,16.9444
1757487600,2025-09-10 07:00:00,2025-09-10 09:00:00,ringsted,18.425,168.5,4.975,0.0,1007.69,89.25,47.7778
1757491200,2025-09-10 08:00:00,2025-09-10 10:00:00,ringsted,18.525,134.0,5.725,0.525,1007.36,89.0,51.9444
1757494800,2025-09-10 09:00:00,2025-09-10 11:00:00,ringsted,18.825,227.5,5.5,0.025,1006.98,87.25,55.5556
1757498400,2025-09-10 10:00:00,2025-09-10 12:00:00,ringsted,19.45,321.5,6.7,0.0,1006.55,83.75,56.1111
1757502000,2025-09-10 11:00:00,2025-09-10 13:00:00,ringsted,19.575,298.5,6.325,0.725,1006.0,83.0,73.8889
1757505600,2025-09-10 12:00:00,2025-09-10 14:00:00,ringsted,19.0,141.5,6.3,1.875,1005.56,86.5,83.6667
1757509200,2025-09-10 13:00:00,2025-09-10 15:00:00,ringsted,18.9333,279.0,6.8,0.0,1005.33,87.3333,95.0
1757512800,2025-09-10 14:00:00,2025-09-10 16:00:00,ringsted,19.0667,173.0,6.33333,0.0,1004.92,85.6667,95.0
1757516400,2025-09-10 15:00:00,2025-09-10 17:00:00,ringsted,18.9,77.0,5.73333,0.0,1004.72,86.3333,93.3333
1757520000,2025-09-10 16:00:00,2025-09-10 18:00:00,ringsted,18.5333,30.0,4.5,0.0,1004.57,88.0,84.1667
1757523600,2025-09-10 17:00:00,2025-09-10 19:00:00,ringsted,18.2667,22.0,3.23333,0.0666667,1004.31,89.3333,58.75
1757527200,2025-09-10 18:00:00,2025-09-10 20:00:00,ringsted,17.8333,3.0,2.73333,0.0,1003.81,92.3333,77.0833
1757530800,2025-09-10 19:00:00,2025-09-10 21:00:00,ringsted,17.7333,0.0,2.8,0.0,1003.21,93.3333,94.1667
1757534400,2025-09-10 20:00:00,2025-09-10 22:00:00,ringsted,17.6667,0.0,2.06667,0.0,1002.76,94.0,78.75
1757538000,2025-09-10 21:00:00,2025-09-10 23:00:00,ringsted,17.5333,0.0,2.46667,0.0,1002.47,94.6667,81.6667
1757541600,2025-09-10 22:00:00,2025-09-11 00:00:00,ringsted,17.1,0.0,2.2,0.0333333,1002.24,92.3333,72.0833
1757545200,2025-09-10 23:00:00,2025-09-11 01:00:00,ringsted,16.7333,0.0,1.96667,0.0,1001.81,94.3333,56.6667
1757548800,2025-09-11 00:00:00,2025-09-11 02:00:00,ringsted,16.6333,0.0,1.76667,0.0,1001.28,94.6667,92.0833
1757552400,2025-09-11 01:00:00,2025-09-11 03:00:00,ringsted,16.2,0.0,1.53333,0.0333333,1000.74,95.6667,93.3333
1757556000,2025-09-11 02:00:00,2025-09-11 04:00:00,ringsted,15.9,0.0,1.86667,0.1,1000.08,96.3333,96.25
1757559600,2025-09-11 03:00:00,2025-09-11 05:00:00,ringsted,15.6333,0.0,1.23333,0.1,999.361,96.3333,87.0833
1757563200,2025-09-11 04:00:00,2025-09-11 06:00:00,ringsted,15.0667,0.0,0.966667,0.0333333,999.139,96.6667,50.0
1757566800,2025-09-11 05:00:00,2025-09-11 07:00:00,ringsted,14.2,0.0,0.766667,0.0,998.939,95.3333,61.9167
1757570400,2025-09-11 06:00:00,2025-09-11 08:00:00,ringsted,13.5,28.0,0.866667,0.0,998.594,97.0,46.6667
1757574000,2025-09-11 07:00:00,2025-09-11 09:00:00,ringsted,14.7667,160.0,0.866667,0.0,998.278,95.3333,7.91667
1757577600,2025-09-11 08:00:00,2025-09-11 10:00:00,ringsted,16.7667,322.0,2.2,0.0,998.139,85.6667,23.75
1757581200,2025-09-11 09:00:00,2025-09-11 11:00:00,ringsted,17.7667,456.0,3.03333,0.0,997.75,75.6667,5.41667
1757584800,2025-09-11 10:00:00,2025-09-11 12:00:00,ringsted,18.7667,560.0,3.8,0.0,997.561,63.3333,3.33333
1757588400,2025-09-11 11:00:00,2025-09-11 13:00:00,ringsted,19.8,606.0,4.33333,0.0,997.609,57.3333,31.6667
1757592000,2025-09-11 12:00:00,2025-09-11 14:00:00,ringsted,20.2,483.0,6.05,0.0,997.662,60.0,50.9091
1757595600,2025-09-11 13:00:00,2025-09-11 15:00:00,ringsted,20.2,458.0,6.575,0.0,997.896,64.25,51.25
1757599200,2025-09-11 14:00:00,2025-09-11 16:00:00,ringsted,19.65,329.0,6.8,0.0,998.4,67.5,72.5
1757602800,2025-09-11 15:00:00,2025-09-11 17:00:00,ringsted,18.575,204.5,6.05,0.275,998.758,75.25,55.0
1757606400,2025-09-11 16:00:00,2025-09-11 18:00:00,ringsted,18.4,168.5,5.05,0.2,999.267,77.0,42.9167
1757610000,2025-09-11 17:00:00,2025-09-11 19:00:00,ringsted,17.725,65.0,4.225,0.025,1000.05,76.5,81.6667
1757613600,2025-09-11 18:00:00,2025-09-11 20:00:00,ringsted,16.575,13.0,2.925,0.475,1000.65,80.5,75.4167
1757617200,2025-09-11 19:00:00,2025-09-11 21:00:00,ringsted,15.3,0.0,2.25,0.025,1001.38,87.75,50.8333
1757620800,2025-09-11 20:00:00,2025-09-11 22:00:00,ringsted,14.8,0.0,2.2,0.0,1001.9,88.25,40.8333
1757624400,2025-09-11 21:00:00,2025-09-11 23:00:00,ringsted,14.4,0.0,2.475,0.175,1002.33,89.0,24.5833
1757628000,2025-09-11 22:00:00,2025-09-12 00:00:00,ringsted,13.55,0.0,2.275,0.0,1002.54,91.75,14.1667
1757631600,2025-09-11 23:00:00,2025-09-12 01:00:00,ringsted,13.325,0.0,2.45,0.0,1002.68,93.25,2.08333
1757635200,2025-09-12 00:00:00,2025-09-12 02:00:00,ringsted,13.275,0.0,2.5,0.0,1002.58,94.25,23.75
1757638800,2025-09-12 01:00:00,2025-09-12 03:00:00,ringsted,13.75,0.0,3.65,0.0,1002.74,91.75,32.5
1757642400,2025-09-12 02:00:00,2025-09-12 04:00:00,ringsted,14.05,0.0,3.975,0.0,1002.91,89.25,61.6667
1757646000,2025-09-12 03:00:00,2025-09-12 05:00:00,ringsted,13.925,0.0,4.175,0.0,1003.13,86.5,25.4167
1757649600,2025-09-12 04:00:00,2025-09-12 06:00:00,ringsted,13.3,0.0,3.45,0.0,1003.5,87.25,9.58333
1757653200,2025-09-12 05:00:00,2025-09-12 07:00:00,ringsted,13.025,1.0,3.725,0.0,1003.98,88.25,32.9167
1757656800,2025-09-12 06:00:00,2025-09-12 08:00:00,ringsted,13.25,63.5,4.05,0.0,1004.35,87.75,73.3333
1757660400,2025-09-12 07:00:00,2025-09-12 09:00:00,ringsted,14.175,165.5,4.625,0.0,1004.9,85.25,60.0
1757664000,2025-09-12 08:00:00,2025-09-12 10:00:00,ringsted,14.825,279.5,5.2,0.0,1005.47,83.0,77.9167
1757667600,2025-09-12 09:00:00,2025-09-12 11:00:00,ringsted,15.525,365.5,5.875,0.0,1006.02,77.75,47.5
1757671200,2025-09-12 10:00:00,2025-09-12 12:00:00,ringsted,16.1,503.5,6.25,0.0,1006.63,73.5,42.0833
1757674800,2025-09-12 11:00:00,2025-09-12 13:00:00,ringsted,16.575,562.5,6.275,0.0,1007.08,69.5,40.4167
1757678400,2025-09-12 12:00:00,2025-09-12 14:00:00,ringsted,17.3,520.5,6.7,0.0,1007.42,65.75,65.4167
1757682000,2025-09-12 13:00:00,2025-09-12 15:00:00,ringsted,16.675,273.5,6.25,1.4,1007.83,66.5,56.6667
1757685600,2025-09-12 14:00:00,2025-09-12 16:00:00,ringsted,17.0,296.0,6.625,0.05,1008.33,65.0,38.3333
1757689200,2025-09-12 15:00:00,2025-09-12 17:00:00,ringsted,16.675,156.5,5.925,0.175,1009.05,64.5,66.25
1757692800,2025-09-12 16:00:00,2025-09-12 18:00:00,ringsted,14.975,143.0,4.4,1.525,1009.42,71.0,50.0
1757696400,2025-09-12 17:00:00,2025-09-12 19:00:00,ringsted,13.7,99.5,2.675,0.375,1010.06,82.75,14.1667
1757700000,2025-09-12 18:00:00,2025-09-12 20:00:00,ringsted,13.125,7.0,3.05,0.0,1010.6,83.25,61.25
1757703600,2025-09-12 19:00:00,2025-09-12 21:00:00,ringsted,12.85,0.0,3.0,0.0,1010.99,83.5,31.6667
1757707200,2025-09-12 20:00:00,2025-09-12 22:00:00,ringsted,12.325,0.0,2.475,0.0,1011.32,86.25,6.25
1757710800,2025-09-12 21:00:00,2025-09-12 23:00:00,ringsted,11.925,0.0,2.525,0.0,1011.45,88.0,0.0
1757714400,2025-09-12 22:00:00,2025-09-13 00:00:00,ringsted,11.275,0.0,2.175,0.0,1011.77,89.75,0.0
1757718000,2025-09-12 23:00:00,2025-09-13 01:00:00,ringsted,10.9,0.0,2.125,0.0,1011.95,92.25,0.0
1757721600,2025-09-13 00:00:00,2025-09-13 02:00:00,ringsted,10.9,0.0,2.375,0.0,1012.06,91.25,0.0
1757725200,2025-09-13 01:00:00,2025-09-13 03:00:00,ringsted,10.675,0.0,2.6,0.0,1012.1,91.75,0.0
1757728800,2025-09-13 02:00:00,2025-09-13 04:00:00,ringsted,11.1,0.0,2.775,0.0,1012.17,89.75,0.0
1757732400,2025-09-13 03:00:00,2025-09-13 05:00:00,ringsted,10.925,0.0,2.95,0.0,1012.28,91.0,0.0
1757736000,2025-09-13 04:00:00,2025-09-13 06:00:00,ringsted,11.4,0.0,3.125,0.0,1012.27,90.0,2.5
1757739600,2025-09-13 05:00:00,2025-09-13 07:00:00,ringsted,11.675,1.5,3.4,0.0,1012.38,89.75,2.5
1757743200,2025-09-13 06:00:00,2025-09-13 08:00:00,ringsted,12.875,60.0,3.55,0.025,1012.6,87.25,5.41667
1757746800,2025-09-13 07:00:00,2025-09-13 09:00:00,ringsted,14.375,193.0,3.475,0.0,1012.56,84.25,0.833333
1757750400,2025-09-13 08:00:00,2025-09-13 10:00:00,ringsted,15.875,337.0,4.6,0.0,1012.39,78.75,10.4167
1757754000,2025-09-13 09:00:00,2025-09-13 11:00:00,ringsted,16.95,412.5,5.225,0.0,1012.17,72.0,5.0
1757757600,2025-09-13 10:00:00,2025-09-13 12:00:00,ringsted,17.875,556.0,6.15,0.0,1011.77,65.0,9.58333
1757761200,2025-09-13 11:00:00,2025-09-13 13:00:00,ringsted,18.3,592.0,6.725,0.0,1011.34,59.5,5.83333
1757764800,2025-09-13 12:00:00,2025-09-13 14:00:00,ringsted,18.425,555.5,7.125,0.0,1010.95,59.0,7.08333
1757768400,2025-09-13 13:00:00,2025-09-13 15:00:00,ringsted,18.15,380.5,6.75,0.0,1010.66,60.25,52.0833
1757772000,2025-09-13 14:00:00,2025-09-13 16:00:00,ringsted,17.8,206.5,5.925,0.0,1010.27,62.25,92.5
1757775600,2025-09-13 15:00:00,2025-09-13 17:00:00,ringsted,17.425,135.0,5.5,0.0,1009.85,65.0,96.6667
1757779200,2025-09-13 16:00:00,2025-09-13 18:00:00,ringsted,16.5,66.5,4.7,0.35,1009.56,72.25,100.0
1757782800,2025-09-13 17:00:00,2025-09-13 19:00:00,ringsted,14.65,20.5,3.325,0.575,1008.97,84.0,93.3333
1757786400,2025-09-13 18:00:00,2025-09-13 20:00:00,ringsted,13.875,3.5,3.425,0.5,1008.9,89.5,53.3333
1757790000,2025-09-13 19:00:00,2025-09-13 21:00:00,ringsted,13.1333,0.0,3.33333,0.0333333,1008.9,91.6667,30.8333
1757793600,2025-09-13 20:00:00,2025-09-13 22:00:00,ringsted,12.6667,0.0,2.6,0.0,1008.74,92.6667,0.833333
1757797200,2025-09-13 21:00:00,2025-09-13 23:00:00,ringsted,12.3,0.0,2.275,0.0,1008.45,94.5,0.0
1757800800,2025-09-13 22:00:00,2025-09-14 00:00:00,ringsted,12.125,0.0,2.325,0.0,1008.2,93.75,0.0
1757804400,2025-09-13 23:00:00,2025-09-14 01:00:00,ringsted,12.325,0.0,2.55,0.0,1007.85,93.0,0.0
1757808000,2025-09-14 00:00:00,2025-09-14 02:00:00,ringsted,12.075,0.0,2.575,0.0,1007.13,95.25,7.08333
1757811600,2025-09-14 01:00:00,2025-09-14 03:00:00,ringsted,12.6,0.0,3.125,0.0,1006.85,96.25,47.9167
1757815200,2025-09-14 02:00:00,2025-09-14 04:00:00,ringsted,13.625,0.0,3.05,0.4,1006.71,93.75,85.0
1757818800,2025-09-14 03:00:00,2025-09-14 05:00:00,ringsted,13.675,0.0,2.15,0.05,1006.41,92.75,95.8333
1757822400,2025-09-14 04:00:00,2025-09-14 06:00:00,ringsted,13.425,0.0,2.35,0.025,1006.19,93.5,96.6667
1757826000,2025-09-14 05:00:00,2025-09-14 07:00:00,ringsted,13.5,0.0,2.2,0.125,1006.28,93.25,93.3333
1757829600,2025-09-14 06:00:00,2025-09-14 08:00:00,ringsted,13.575,11.5,2.275,1.275,1006.61,93.0,91.6667
1757833200,2025-09-14 07:00:00,2025-09-14 09:00:00,ringsted,13.55,42.0,1.95,1.375,1006.74,93.75,61.25
1757836800,2025-09-14 08:00:00,2025-09-14 10:00:00,ringsted,13.625,65.5,2.0,0.725,1006.95,93.25,52.0833
1757840400,2025-09-14 09:00:00,2025-09-14 11:00:00,ringsted,13.9,121.5,2.3,0.95,1007.08,93.0,76.25
1757844000,2025-09-14 10:00:00,2025-09-14 12:00:00,ringsted,14.65,301.5,3.05,0.05,1006.94,87.5,75.8333
1757847600,2025-09-14 11:00:00,2025-09-14 13:00:00,ringsted,15.625,377.0,3.775,0.0,1007.08,81.25,82.5
1757851200,2025-09-14 12:00:00,2025-09-14 14:00:00,ringsted,16.0,400.5,4.025,0.0,1007.15,76.75,77.9167
1757854800,2025-09-14 13:00:00,2025-09-14 15:00:00,ringsted,16.625,461.5,4.675,0.0,1007.29,72.25,53.75
1757858400,2025-09-14 14:00:00,2025-09-14 16:00:00,ringsted,16.6,347.5,4.675,0.0,1007.27,71.0,50.8333
1757862000,2025-09-14 15:00:00,2025-09-14 17:00:00,ringsted,16.475,334.5,4.8,0.025,1007.39,69.75,38.75
1757865600,2025-09-14 16:00:00,2025-09-14 18:00:00,ringsted,16.175,230.0,4.575,0.05,1007.42,71.75,13.75
1757869200,2025-09-14 17:00:00,2025-09-14 19:00:00,ringsted,15.45,86.0,3.775,0.025,1007.47,74.0,6.25
1757872800,2025-09-14 18:00:00,2025-09-14 20:00:00,ringsted,13.75,4.5,2.4,0.0,1007.31,79.0,1.66667
1757876400,2025-09-14 19:00:00,2025-09-14 21:00:00,ringsted,12.325,0.0,1.575,0.0,1007.18,86.25,9.16667
1757880000,2025-09-14 20:00:00,2025-09-14 22:00:00,ringsted,11.425,0.0,1.175,0.0,1006.92,90.5,4.58333
1757883600,2025-09-14 21:00:00,2025-09-14 23:00:00,ringsted,10.875,0.0,1.625,0.0,1006.65,92.75,0.0
1757887200,2025-09-14 22:00:00,2025-09-15 00:00:00,ringsted,10.65,0.0,1.325,0.0,1006.11,93.5,0.0
1757890800,2025-09-14 23:00:00,2025-09-15 01:00:00,ringsted,10.8,0.0,1.5,0.0,1005.58,94.25,0.0
1757894400,2025-09-15 00:00:00,2025-09-15 02:00:00,ringsted,10.85,0.0,1.575,0.0,1004.72,94.0,0.0
1757898000,2025-09-15 01:00:00,2025-09-15 03:00:00,ringsted,10.875,0.0,1.85,0.0,1003.48,94.25,28.75
1757901600,2025-09-15 02:00:00,2025-09-15 04:00:00,ringsted,11.3,0.0,2.325,0.0,1002.52,93.5,47.9167
1757905200,2025-09-15 03:00:00,2025-09-15 05:00:00,ringsted,11.975,0.0,2.525,0.0,1001.61,91.75,76.6667
1757908800,2025-09-15 04:00:00,2025-09-15 06:00:00,ringsted,13.3,0.0,3.8,0.0,1000.23,87.75,96.6667
1757912400,2025-09-15 05:00:00,2025-09-15 07:00:00,ringsted,14.175,0.0,5.875,0.0,998.975,78.75,100.0
1757916000,2025-09-15 06:00:00,2025-09-15 08:00:00,ringsted,14.525,27.5,5.375,0.0,997.908,72.25,100.0
1757919600,2025-09-15 07:00:00,2025-09-15 09:00:00,ringsted,14.95,71.0,6.2,0.0,997.067,69.5,92.5
1757923200,2025-09-15 08:00:00,2025-09-15 10:00:00,ringsted,14.625,95.5,8.425,0.0,996.446,80.5,96.6667
1757926800,2025-09-15 09:00:00,2025-09-15 11:00:00,ringsted,14.475,79.5,7.35,0.0,996.088,89.25,100.0
1757930400,2025-09-15 10:00:00,2025-09-15 12:00:00,ringsted,15.625,255.5,7.3,0.0,995.758,88.25,95.8333
1757934000,2025-09-15 11:00:00,2025-09-15 13:00:00,ringsted,17.15,389.5,7.625,0.0,995.821,81.5,67.0833
1757937600,2025-09-15 12:00:00,2025-09-15 14:00:00,ringsted,18.3,419.5,8.05,0.0,996.025,72.5,71.6667
1757941200,2025-09-15 13:00:00,2025-09-15 15:00:00,ringsted,18.6,465.0,9.225,0.0,996.371,66.75,70.0
1757944800,2025-09-15 14:00:00,2025-09-15 16:00:00,ringsted,17.5,265.5,8.775,0.075,996.804,70.75,86.25
1757948400,2025-09-15 15:00:00,2025-09-15 17:00:00,ringsted,16.725,196.0,7.725,0.3,996.904,77.75,65.4167
1757952000,2025-09-15 16:00:00,2025-09-15 18:00:00,ringsted,16.225,141.0,6.5,0.325,996.938,80.75,70.4167
1757955600,2025-09-15 17:00:00,2025-09-15 19:00:00,ringsted,15.2,37.0,6.775,0.075,997.117,83.25,73.3333
1757959200,2025-09-15 18:00:00,2025-09-15 20:00:00,ringsted,15.1,1.0,7.15,0.0,997.317,82.25,95.0
1757962800,2025-09-15 19:00:00,2025-09-15 21:00:00,ringsted,15.05,0.0,7.35,0.225,997.463,80.75,95.8333
1757966400,2025-09-15 20:00:00,2025-09-15 22:00:00,ringsted,14.7,0.0,7.25,0.075,997.308,81.25,92.5
1757970000,2025-09-15 21:00:00,2025-09-15 23:00:00,ringsted,14.35,0.0,6.05,0.425,997.158,82.5,84.1667
1757973600,2025-09-15 22:00:00,2025-09-16 00:00:00,ringsted,13.725,0.0,5.975,1.3,996.713,84.75,78.3333
1757977200,2025-09-15 23:00:00,2025-09-16 01:00:00,ringsted,13.225,0.0,4.85,0.325,996.179,87.0,96.6667
1757980800,2025-09-16 00:00:00,2025-09-16 02:00:00,ringsted,13.7,0.0,6.425,0.35,995.725,85.0,97.5
1757984400,2025-09-16 01:00:00,2025-09-16 03:00:00,ringsted,13.925,0.0,6.7,0.475,995.1,85.5,95.8333
1757988000,2025-09-16 02:00:00,2025-09-16 04:00:00,ringsted,14.125,0.0,7.95,0.55,994.429,85.0,99.1667
1757991600,2025-09-16 03:00:00,2025-09-16 05:00:00,ringsted,14.025,0.0,8.2,0.625,993.65,85.75,98.3333
1757995200,2025-09-16 04:00:00,2025-09-16 06:00:00,ringsted,13.65,0.0,8.525,1.65,992.929,89.75,100.0
1757998800,2025-09-16 05:00:00,2025-09-16 07:00:00,ringsted,13.575,0.0,9.25,1.4,992.45,91.25,100.0
1758002400,2025-09-16 06:00:00,2025-09-16 08:00:00,ringsted,13.85,9.5,9.45,0.425,992.996,91.25,96.6667
1758006000,2025-09-16 07:00:00,2025-09-16 09:00:00,ringsted,14.35,95.5,8.775,0.15,993.763,89.25,83.3333
1758009600,2025-09-16 08:00:00,2025-09-16 10:00:00,ringsted,15.15,192.0,7.85,0.625,994.575,85.75,94.1667
1758013200,2025-09-16 09:00:00,2025-09-16 11:00:00,ringsted,15.675,257.5,8.2,0.025,995.196,82.75,85.4167
1758016800,2025-09-16 10:00:00,2025-09-16 12:00:00,ringsted,16.375,369.0,9.35,0.0,996.008,77.5,92.5
1758020400,2025-09-16 11:00:00,2025-09-16 13:00:00,ringsted,16.525,373.0,9.775,0.0,997.2,74.75,78.3333
1758024000,2025-09-16 12:00:00,2025-09-16 14:00:00,ringsted,16.6,467.0,8.9,0.0,998.246,73.75,42.0833
1758027600,2025-09-16 13:00:00,2025-09-16 15:00:00,ringsted,17.075,393.0,8.775,0.075,999.167,67.0,20.4167
1758031200,2025-09-16 14:00:00,2025-09-16 16:00:00,ringsted,17.7,410.0,8.425,0.0,999.729,59.5,12.9167
1758034800,2025-09-16 15:00:00,2025-09-16 17:00:00,ringsted,17.375,255.0,7.525,0.0,1000.32,59.25,48.3333
1758038400,2025-09-16 16:00:00,2025-09-16 18:00:00,ringsted,16.925,188.0,6.825,0.0,1000.89,65.5,4.16667
1758042000,2025-09-16 17:00:00,2025-09-16 19:00:00,ringsted,16.05,79.5,5.775,0.0,1001.3,70.0,4.16667
1758045600,2025-09-16 18:00:00,2025-09-16 20:00:00,ringsted,14.925,3.5,4.95,0.0,1002.06,74.5,0.833333
1758049200,2025-09-16 19:00:00,2025-09-16 21:00:00,ringsted,14.225,0.0,4.7,0.0,1002.9,74.25,33.3333
1758052800,2025-09-16 20:00:00,2025-09-16 22:00:00,ringsted,13.85,0.0,4.85,0.0,1003.3,76.75,50.0
1758056400,2025-09-16 21:00:00,2025-09-16 23:00:00,ringsted,13.4,0.0,4.525,0.0,1003.63,81.75,7.91667
1758060000,2025-09-16 22:00:00,2025-09-17 00:00:00,ringsted,13.225,0.0,5.025,0.0,1003.83,81.0,0.0
1758063600,2025-09-16 23:00:00,2025-09-17 01:00:00,ringsted,13.0,0.0,5.125,0.0,1003.98,81.25,7.08333
1758067200,2025-09-17 00:00:00,2025-09-17 02:00:00,ringsted,12.875,0.0,5.15,0.0,1004.1,81.0,27.5
1758070800,2025-09-17 01:00:00,2025-09-17 03:00:00,ringsted,12.9,0.0,5.2,0.0,1004.03,80.5,65.4167
1758074400,2025-09-17 02:00:00,2025-09-17 04:00:00,ringsted,13.225,0.0,5.8,0.0,1003.99,78.75,73.75
1758078000,2025-09-17 03:00:00,2025-09-17 05:00:00,ringsted,13.45,0.0,6.35,0.0,1004.19,78.0,85.8333
1758081600,2025-09-17 04:00:00,2025-09-17 06:00:00,ringsted,13.65,0.0,6.675,0.0,1004.76,79.0,92.5
1758085200,2025-09-17 05:00:00,2025-09-17 07:00:00,ringsted,13.525,0.0,5.975,0.0,1005.3,82.5,55.8333
1758088800,2025-09-17 06:00:00,2025-09-17 08:00:00,ringsted,13.425,47.5,5.5,0.0,1005.8,84.5,35.8333
1758092400,2025-09-17 07:00:00,2025-09-17 09:00:00,ringsted,14.1,181.0,5.85,0.0,1006.2,83.5,57.0833
1758096000,2025-09-17 08:00:00,2025-09-17 10:00:00,ringsted,15.075,284.0,7.125,0.0,1006.43,78.0,80.0
1758099600,2025-09-17 09:00:00,2025-09-17 11:00:00,ringsted,15.775,356.5,8.025,0.0,1006.66,73.5,95.0
1758103200,2025-09-17 10:00:00,2025-09-17 12:00:00,ringsted,16.125,338.5,8.2,0.0,1006.97,70.0,97.5
1758106800,2025-09-17 11:00:00,2025-09-17 13:00:00,ringsted,16.2,407.0,7.7,0.075,1007.6,72.0,87.5
1758110400,2025-09-17 12:00:00,2025-09-17 14:00:00,ringsted,16.325,335.0,7.525,0.075,1007.92,72.5,69.5833
1758114000,2025-09-17 13:00:00,2025-09-17 15:00:00,ringsted,17.175,461.0,6.975,0.0,1008.3,68.25,45.8333
1758117600,2025-09-17 14:00:00,2025-09-17 16:00:00,ringsted,17.3,314.0,7.675,0.0,1008.6,66.5,43.3333
1758121200,2025-09-17 15:00:00,2025-09-17 17:00:00,ringsted,17.475,337.5,7.2,0.0,1008.89,64.5,30.4167
1758124800,2025-09-17 16:00:00,2025-09-17 18:00:00,ringsted,17.2,192.0,6.225,0.0,1009.15,64.5,2.91667
1758128400,2025-09-17 17:00:00,2025-09-17 19:00:00,ringsted,16.5,74.5,5.475,0.0,1009.81,66.25,2.5
1758132000,2025-09-17 18:00:00,2025-09-17 20:00:00,ringsted,15.15,2.5,3.925,0.0,1010.07,72.5,0.0
1758135600,2025-09-17 19:00:00,2025-09-17 21:00:00,ringsted,14.35,0.0,3.725,0.0,1010.4,77.5,11.0
1758139200,2025-09-17 20:00:00,2025-09-17 22:00:00,ringsted,14.3667,0.0,3.73333,0.0,1010.22,81.0,35.4545
1758142800,2025-09-17 21:00:00,2025-09-17 23:00:00,ringsted,13.525,0.0,4.025,0.0,1010.11,84.25,42.9167
1758146400,2025-09-17 22:00:00,2025-09-18 00:00:00,ringsted,13.575,0.0,4.3,0.0,1009.83,86.25,81.25
1758150000,2025-09-17 23:00:00,2025-09-18 01:00:00,ringsted,13.9,0.0,4.25,0.0,1009.4,87.25,100.0
1758153600,2025-09-18 00:00:00,2025-09-18 02:00:00,ringsted,13.875,0.0,4.275,0.175,1008.67,89.75,100.5
1758157200,2025-09-18 01:00:00,2025-09-18 03:00:00,ringsted,13.6,0.0,4.325,0.55,1007.95,94.0,106.0
1758160800,2025-09-18 02:00:00,2025-09-18 04:00:00,ringsted,13.575,0.0,4.425,0.675,1007.34,95.75,106.0
1758164400,2025-09-18 03:00:00,2025-09-18 05:00:00,ringsted,13.85,0.0,4.4,0.925,1006.6,96.5,106.0
1758168000,2025-09-18 04:00:00,2025-09-18 06:00:00,ringsted,14.425,0.0,4.575,0.55,1006.4,97.25,103.0
1758171600,2025-09-18 05:00:00,2025-09-18 07:00:00,ringsted,15.325,0.0,4.475,0.1,1006.76,97.25,99.1667
1758175200,2025-09-18 06:00:00,2025-09-18 08:00:00,ringsted,16.025,19.5,4.45,0.05,1007.08,96.5,95.8333
1758178800,2025-09-18 07:00:00,2025-09-18 09:00:00,ringsted,16.625,87.5,4.5,0.05,1007.38,94.75,95.0
1758182400,2025-09-18 08:00:00,2025-09-18 10:00:00,ringsted,17.35,197.0,5.2,0.025,1007.82,91.5,94.1667
1758186000,2025-09-18 09:00:00,2025-09-18 11:00:00,ringsted,18.05,294.0,5.9,0.0,1008.22,87.75,82.5
1758189600,2025-09-18 10:00:00,2025-09-18 12:00:00,ringsted,18.475,297.5,6.125,0.0,1008.32,84.25,63.75
1758193200,2025-09-18 11:00:00,2025-09-18 13:00:00,ringsted,18.75,306.5,6.775,0.0,1008.46,80.25,36.25
1758196800,2025-09-18 12:00:00,2025-09-18 14:00:00,ringsted,18.95,352.0,7.025,0.0,1008.69,77.0,38.3333
1758200400,2025-09-18 13:00:00,2025-09-18 15:00:00,ringsted,19.55,486.0,7.775,0.0,1008.97,71.75,41.6667
1758204000,2025-09-18 14:00:00,2025-09-18 16:00:00,ringsted,19.325,304.5,7.525,0.0,1009.14,69.0,60.8333
1758207600,2025-09-18 15:00:00,2025-09-18 17:00:00,ringsted,18.925,201.5,6.525,0.0,1009.15,70.0,65.0
1758211200,2025-09-18 16:00:00,2025-09-18 18:00:00,ringsted,18.675,141.0,6.15,0.0,1009.51,70.25,80.4167
1758214800,2025-09-18 17:00:00,2025-09-18 19:00:00,ringsted,17.95,48.5,6.075,0.0,1009.78,72.75,47.0833
1758218400,2025-09-18 18:00:00,2025-09-18 20:00:00,ringsted,17.2,3.0,5.6,0.0,1010.08,76.25,23.3333
1758222000,2025-09-18 19:00:00,2025-09-18 21:00:00,ringsted,16.575,0.0,5.1,0.0,1010.19,82.25,4.16667
1758225600,2025-09-18 20:00:00,2025-09-18 22:00:00,ringsted,16.325,0.0,4.975,0.0,1010.48,86.0,22.0833
1758229200,2025-09-18 21:00:00,2025-09-18 23:00:00,ringsted,16.35,0.0,5.25,0.0,1010.76,87.5,47.0833
1758232800,2025-09-18 22:00:00,2025-09-19 00:00:00,ringsted,16.35,0.0,4.875,0.0,1011.13,88.75,58.3333
1758236400,2025-09-18 23:00:00,2025-09-19 01:00:00,ringsted,16.35,0.0,4.4,0.0,1011.65,90.0,70.0
1758240000,2025-09-19 00:00:00,2025-09-19 02:00:00,ringsted,16.225,0.0,4.3,0.0,1012.05,89.0,28.75
1758243600,2025-09-19 01:00:00,2025-09-19 03:00:00,ringsted,15.65,0.0,3.675,0.0,1012.22,89.0,42.9167
1758247200,2025-09-19 02:00:00,2025-09-19 04:00:00,ringsted,15.475,0.0,2.95,0.0,1012.24,90.5,45.4167
1758250800,2025-09-19 03:00:00,2025-09-19 05:00:00,ringsted,15.575,0.0,3.05,0.0,1012.4,92.25,65.8333
1758254400,2025-09-19 04:00:00,2025-09-19 06:00:00,ringsted,16.15,0.0,3.225,0.0,1012.67,93.25,99.1667
1758258000,2025-09-19 05:00:00,2025-09-19 07:00:00,ringsted,16.775,0.0,3.775,0.0,1013.05,93.5,100.0
1758261600,2025-09-19 06:00:00,2025-09-19 08:00:00,ringsted,17.175,15.0,4.0,0.025,1013.6,94.0,100.0
1758265200,2025-09-19 07:00:00,2025-09-19 09:00:00,ringsted,17.775,77.0,4.9,0.025,1014.33,92.75,97.5
1758268800,2025-09-19 08:00:00,2025-09-19 10:00:00,ringsted,18.3,108.0,5.2,0.0,1014.67,91.0,95.0
1758272400,2025-09-19 09:00:00,2025-09-19 11:00:00,ringsted,18.75,185.5,5.6,0.0,1015.19,88.5,95.0
1758276000,2025-09-19 10:00:00,2025-09-19 12:00:00,ringsted,19.25,323.5,6.25,0.0,1015.33,84.5,89.1667
1758279600,2025-09-19 11:00:00,2025-09-19 13:00:00,ringsted,20.0,503.0,6.425,0.0,1015.55,80.25,70.0
1758283200,2025-09-19 12:00:00,2025-09-19 14:00:00,ringsted,20.05,356.5,6.7,0.0,1015.75,79.5,70.8333
1758286800,2025-09-19 13:00:00,2025-09-19 15:00:00,ringsted,19.7,231.5,6.2,0.0,1015.97,81.0,74.1667
1758290400,2025-09-19 14:00:00,2025-09-19 16:00:00,ringsted,19.175,180.0,5.925,0.0,1015.82,83.25,40.8333
1758294000,2025-09-19 15:00:00,2025-09-19 17:00:00,ringsted,19.275,253.0,5.875,0.0,1015.75,81.75,42.0833
1758297600,2025-09-19 16:00:00,2025-09-19 18:00:00,ringsted,19.0,136.0,5.325,0.0,1015.67,82.0,44.5833
1758301200,2025-09-19 17:00:00,2025-09-19 19:00:00,ringsted,18.15,41.5,4.5,0.0,1015.51,85.5,6.81818
1758304800,2025-09-19 18:00:00,2025-09-19 20:00:00,ringsted,17.475,1.0,3.875,0.0,1015.63,88.75,47.9167
1758308400,2025-09-19 19:00:00,2025-09-19 21:00:00,ringsted,17.325,0.0,3.6,0.0,1015.37,88.75,70.0
1758312000,2025-09-19 20:00:00,2025-09-19 22:00:00,ringsted,17.575,0.0,3.475,0.0,1014.97,87.25,95.0
1758315600,2025-09-19 21:00:00,2025-09-19 23:00:00,ringsted,17.425,0.0,3.05,0.0,1014.44,88.75,57.0833
1758319200,2025-09-19 22:00:00,2025-09-20 00:00:00,ringsted,16.825,0.0,2.525,0.0,1013.78,90.5,45.8333
1758322800,2025-09-19 23:00:00,2025-09-20 01:00:00,ringsted,15.975,0.0,2.85,0.0,1013.21,92.75,14.5833
1758326400,2025-09-20 00:00:00,2025-09-20 02:00:00,ringsted,15.425,0.0,3.0,0.0,1012.43,94.25,0.0
1758330000,2025-09-20 01:00:00,2025-09-20 03:00:00,ringsted,15.0,0.0,2.375,0.0,1011.7,95.25,0.0
1758333600,2025-09-20 02:00:00,2025-09-20 04:00:00,ringsted,14.525,0.0,2.3,0.0,1011.06,96.0,0.0
1758337200,2025-09-20 03:00:00,2025-09-20 05:00:00,ringsted,14.1,0.0,2.075,0.0,1010.48,97.0,0.833333
1758340800,2025-09-20 04:00:00,2025-09-20 06:00:00,ringsted,13.75,0.0,2.125,0.0,1009.77,97.5,5.0
1758344400,2025-09-20 05:00:00,2025-09-20 07:00:00,ringsted,13.6,0.0,1.8,0.0,1009.26,97.75,4.58333
1758348000,2025-09-20 06:00:00,2025-09-20 08:00:00,ringsted,13.9,44.5,1.975,0.0,1009.11,97.25,0.0
1758351600,2025-09-20 07:00:00,2025-09-20 09:00:00,ringsted,15.375,172.0,2.35,0.0,1008.88,94.75,0.0
1758355200,2025-09-20 08:00:00,2025-09-20 10:00:00,ringsted,17.3,249.5,3.075,0.0,1008.72,88.25,0.833333
1758358800,2025-09-20 09:00:00,2025-09-20 11:00:00,ringsted,19.025,382.0,3.675,0.0,1008.14,80.75,7.5
1758362400,2025-09-20 10:00:00,2025-09-20 12:00:00,ringsted,20.475,464.5,4.25,0.0,1007.4,73.75,50.4167
1758366000,2025-09-20 11:00:00,2025-09-20 13:00:00,ringsted,21.0,277.5,4.45,0.0,1006.83,70.75,66.6667
1758369600,2025-09-20 12:00:00,2025-09-20 14:00:00,ringsted,21.625,311.5,4.75,0.0,1006.33,69.25,39.5833
1758373200,2025-09-20 13:00:00,2025-09-20 15:00:00,ringsted,22.4,465.0,5.45,0.0,1005.58,65.75,12.0833
1758376800,2025-09-20 14:00:00,2025-09-20 16:00:00,ringsted,23.25,384.5,5.65,0.025,1005.3,62.5,35.4167
1758380400,2025-09-20 15:00:00,2025-09-20 17:00:00,ringsted,22.825,194.0,4.65,0.05,1005.19,65.25,48.3333
1758384000,2025-09-20 16:00:00,2025-09-20 18:00:00,ringsted,21.85,87.5,3.5,0.0,1005.55,70.5,69.5833
1758387600,2025-09-20 17:00:00,2025-09-20 19:00:00,ringsted,21.15,15.0,3.85,0.0,1005.62,74.0,92.9167
1758391200,2025-09-20 18:00:00,2025-09-20 20:00:00,ringsted,20.3,0.0,3.55,0.3,1005.44,77.75,85.8333
1758394800,2025-09-20 19:00:00,2025-09-20 21:00:00,ringsted,19.325,0.0,2.425,0.1,1005.61,81.5,91.25
1758398400,2025-09-20 20:00:00,2025-09-20 22:00:00,ringsted,18.7,0.0,2.275,0.075,1005.54,82.75,96.6667
1758402000,2025-09-20 21:00:00,2025-09-20 23:00:00,ringsted,18.125,0.0,2.4,0.0,1005.29,86.25,76.6667
1758405600,2025-09-20 22:00:00,2025-09-21 00:00:00,ringsted,17.325,0.0,2.0,0.0,1004.8,89.5,77.2727
1758409200,2025-09-20 23:00:00,2025-09-21 01:00:00,ringsted,16.625,0.0,1.8,0.0,1004.22,92.25,71.6667
1758412800,2025-09-21 00:00:00,2025-09-21 02:00:00,ringsted,16.275,0.0,1.825,0.0,1003.64,94.0,5.0
1758416400,2025-09-21 01:00:00,2025-09-21 03:00:00,ringsted,16.1,0.0,2.05,0.0,1002.88,94.5,0.0
1758420000,2025-09-21 02:00:00,2025-09-21 04:00:00,ringsted,15.9,0.0,2.525,0.0,1002.25,95.0,25.4167
1758423600,2025-09-21 03:00:00,2025-09-21 05:00:00,ringsted,16.375,0.0,3.5,0.0,1001.42,94.5,49.1667
1758427200,2025-09-21 04:00:00,2025-09-21 06:00:00,ringsted,17.2,0.0,4.475,0.0,1000.99,91.75,59.5833
1758430800,2025-09-21 05:00:00,2025-09-21 07:00:00,ringsted,17.675,0.0,4.125,0.0,1000.88,90.75,91.25
1758434400,2025-09-21 06:00:00,2025-09-21 08:00:00,ringsted,18.35,17.0,4.225,0.0,1000.66,89.0,88.3333
1758438000,2025-09-21 07:00:00,2025-09-21 09:00:00,ringsted,18.85,74.0,4.95,0.0,1000.69,87.0,34.1667
1758441600,2025-09-21 08:00:00,2025-09-21 10:00:00,ringsted,19.525,187.0,6.025,0.0,1000.62,83.25,89.5833
1758445200,2025-09-21 09:00:00,2025-09-21 11:00:00,ringsted,19.6,106.0,6.2,0.1,1000.57,82.25,100.0
1758448800,2025-09-21 10:00:00,2025-09-21 12:00:00,ringsted,19.45,207.0,6.725,0.1,1000.91,80.25,85.4167
1758452400,2025-09-21 11:00:00,2025-09-21 13:00:00,ringsted,18.5,241.0,7.05,0.0,1001.26,77.25,52.9167
1758456000,2025-09-21 12:00:00,2025-09-21 14:00:00,ringsted,18.05,336.5,7.975,0.0,1001.7,71.0,80.0
1758459600,2025-09-21 13:00:00,2025-09-21 15:00:00,ringsted,17.475,294.0,8.4,0.0,1001.81,68.0,95.0
1758463200,2025-09-21 14:00:00,2025-09-21 16:00:00,ringsted,17.225,230.5,7.875,0.0,1002.15,67.25,95.0
1758466800,2025-09-21 15:00:00,2025-09-21 17:00:00,ringsted,16.9,100.5,8.15,0.0,1002.94,69.5,100.0
1758470400,2025-09-21 16:00:00,2025-09-21 18:00:00,ringsted,15.275,39.5,7.0,0.35,1004.38,79.5,99.1667
1758474000,2025-09-21 17:00:00,2025-09-21 19:00:00,ringsted,12.6,13.5,5.975,0.25,1005.53,87.0,85.8333
1758477600,2025-09-21 18:00:00,2025-09-21 20:00:00,ringsted,12.375,2.0,4.825,0.0,1006.85,82.5,44.1667
1758481200,2025-09-21 19:00:00,2025-09-21 21:00:00,ringsted,12.05,0.0,4.6,0.0,1008.07,75.0,10.4167
1758484800,2025-09-21 20:00:00,2025-09-21 22:00:00,ringsted,11.4,0.0,4.325,0.0,1008.7,72.0,0.0
1758488400,2025-09-21 21:00:00,2025-09-21 23:00:00,ringsted,10.775,0.0,4.05,0.0,1009.21,73.5,0.0
1758492000,2025-09-21 22:00:00,2025-09-22 00:00:00,ringsted,10.5,0.0,4.15,0.0,1009.62,75.25,3.75
1758495600,2025-09-21 23:00:00,2025-09-22 01:00:00,ringsted,10.65,0.0,4.35,0.0,1009.87,77.0,6.25
1758499200,2025-09-22 00:00:00,2025-09-22 02:00:00,ringsted,10.725,0.0,4.425,0.0,1010.13,79.5,32.9167
1758502800,2025-09-22 01:00:00,2025-09-22 03:00:00,ringsted,10.45,0.0,4.525,0.0,1010.56,82.0,22.9167
1758506400,2025-09-22 02:00:00,2025-09-22 04:00:00,ringsted,10.25,0.0,4.475,0.0,1010.75,82.5,10.4167
1758510000,2025-09-22 03:00:00,2025-09-22 05:00:00,ringsted,10.15,0.0,4.7,0.0,1011.18,79.0,12.0833
1758513600,2025-09-22 04:00:00,2025-09-22 06:00:00,ringsted,9.6,0.0,3.675,0.0,1011.33,76.75,0.833333
1758517200,2025-09-22 05:00:00,2025-09-22 07:00:00,ringsted,9.275,0.0,4.175,0.0,1012.01,76.5,4.58333
1758520800,2025-09-22 06:00:00,2025-09-22 08:00:00,ringsted,9.4,32.5,3.875,0.0,1012.78,76.25,2.91667
1758524400,2025-09-22 07:00:00,2025-09-22 09:00:00,ringsted,10.675,199.0,4.325,0.0,1013.45,72.0,18.0
1758528000,2025-09-22 08:00:00,2025-09-22 10:00:00,ringsted,12.125,314.5,6.075,0.0,1013.93,64.75,42.0833
1758531600,2025-09-22 09:00:00,2025-09-22 11:00:00,ringsted,12.375,316.0,6.5,0.0,1014.31,62.75,29.1667
1758535200,2025-09-22 10:00:00,2025-09-22 12:00:00,ringsted,12.675,410.5,6.975,0.0,1014.43,60.0,43.75
1758538800,2025-09-22 11:00:00,2025-09-22 13:00:00,ringsted,12.65,349.0,6.825,0.0,1014.47,59.25,38.3333
1758542400,2025-09-22 12:00:00,2025-09-22 14:00:00,ringsted,13.275,472.0,7.325,0.0,1014.47,55.75,40.4167
1758546000,2025-09-22 13:00:00,2025-09-22 15:00:00,ringsted,13.75,486.0,7.275,0.0,1014.6,53.75,33.75
1758549600,2025-09-22 14:00:00,2025-09-22 16:00:00,ringsted,13.7,374.0,6.85,0.0,1014.5,53.5,23.75
1758553200,2025-09-22 15:00:00,2025-09-22 17:00:00,ringsted,13.475,279.5,6.2,0.075,1014.41,55.75,44.5833
1758556800,2025-09-22 16:00:00,2025-09-22 18:00:00,ringsted,12.95,133.5,5.3,0.05,1014.46,58.25,3.33333
1758560400,2025-09-22 17:00:00,2025-09-22 19:00:00,ringsted,12.3,60.0,3.825,0.1,1014.42,60.75,47.0833
1758564000,2025-09-22 18:00:00,2025-09-22 20:00:00,ringsted,11.15,0.5,2.45,0.05,1014.8,68.25,82.0833
1758567600,2025-09-22 19:00:00,2025-09-22 21:00:00,ringsted,10.475,0.0,2.625,0.025,1015.0,77.25,41.25
1758571200,2025-09-22 20:00:00,2025-09-22 22:00:00,ringsted,9.675,0.0,2.475,0.05,1015.4,81.75,32.9167
1758574800,2025-09-22 21:00:00,2025-09-22 23:00:00,ringsted,9.15,0.0,2.2,0.0,1015.54,84.75,40.4167
1758578400,2025-09-22 22:00:00,2025-09-23 00:00:00,ringsted,9.025,0.0,2.625,0.0,1015.49,85.25,29.1667
1758582000,2025-09-22 23:00:00,2025-09-23 01:00:00,ringsted,8.7,0.0,2.275,0.0,1015.49,86.25,42.9167
1758585600,2025-09-23 00:00:00,2025-09-23 02:00:00,ringsted,8.625,0.0,2.65,0.0,1015.67,89.25,18.3333
1758589200,2025-09-23 01:00:00,2025-09-23 03:00:00,ringsted,8.575,0.0,2.65,0.4,1015.91,90.25,0.0
1758592800,2025-09-23 02:00:00,2025-09-23 04:00:00,ringsted,8.0,0.0,2.2,0.0,1016.26,90.75,0.0
1758596400,2025-09-23 03:00:00,2025-09-23 05:00:00,ringsted,7.55,0.0,1.675,0.0,1016.75,92.75,0.0
1758600000,2025-09-23 04:00:00,2025-09-23 06:00:00,ringsted,7.275,0.0,1.825,0.0,1017.15,92.25,0.0
1758603600,2025-09-23 05:00:00,2025-09-23 07:00:00,ringsted,6.7,0.0,1.625,0.0,1017.72,93.5,0.0
1758607200,2025-09-23 06:00:00,2025-09-23 08:00:00,ringsted,6.675,36.0,1.525,0.0,1018.33,93.25,1.66667
1758610800,2025-09-23 07:00:00,2025-09-23 09:00:00,ringsted,8.675,164.5,1.7,0.0,1018.93,89.25,19.5833
1758614400,2025-09-23 08:00:00,2025-09-23 10:00:00,ringsted,11.2,302.0,2.5,0.0,1019.49,79.5,2.91667
1758618000,2025-09-23 09:00:00,2025-09-23 11:00:00,ringsted,12.55,387.5,2.65,0.0,1020.07,71.75,25.9091
1758621600,2025-09-23 10:00:00,2025-09-23 12:00:00,ringsted,13.65,499.5,2.775,0.0,1020.51,61.5,21.25
1758625200,2025-09-23 11:00:00,2025-09-23 13:00:00,ringsted,14.55,534.5,2.8,0.05,1020.81,54.25,30.8333
1758628800,2025-09-23 12:00:00,2025-09-23 14:00:00,ringsted,15.15,536.5,3.0,0.075,1020.98,48.25,14.5833
1758632400,2025-09-23 13:00:00,2025-09-23 15:00:00,ringsted,15.375,433.0,3.4,0.025,1021.06,46.25,22.5
1758636000,2025-09-23 14:00:00,2025-09-23 16:00:00,ringsted,15.35,409.5,3.35,0.15,1021.26,45.0,3.33333
1758639600,2025-09-23 15:00:00,2025-09-23 17:00:00,ringsted,15.0,240.5,3.125,0.275,1021.6,46.25,0.0
1758643200,2025-09-23 16:00:00,2025-09-23 18:00:00,ringsted,14.5,155.0,3.325,0.025,1022.05,44.75,0.0
1758646800,2025-09-23 17:00:00,2025-09-23 19:00:00,ringsted,12.875,54.0,2.875,0.05,1022.63,50.75,0.0
1758650400,2025-09-23 18:00:00,2025-09-23 20:00:00,ringsted,10.275,0.5,1.8,0.0,1023.47,61.5,0.0
1758654000,2025-09-23 19:00:00,2025-09-23 21:00:00,ringsted,8.475,0.0,1.25,0.0,1024.16,72.25,0.0
1758657600,2025-09-23 20:00:00,2025-09-23 22:00:00,ringsted,7.125,0.0,1.05,0.0,1024.63,79.25,0.0
1758661200,2025-09-23 21:00:00,2025-09-23 23:00:00,ringsted,6.325,0.0,1.0,0.0,1025.12,83.0,0.0
1758664800,2025-09-23 22:00:00,2025-09-24 00:00:00,ringsted,5.65,0.0,1.0,0.0,1025.38,86.25,0.0
1758668400,2025-09-23 23:00:00,2025-09-24 01:00:00,ringsted,5.325,0.0,0.875,0.0,1025.51,87.25,0.0
1758672000,2025-09-24 00:00:00,2025-09-24 02:00:00,ringsted,5.15,0.0,1.1,0.0,1025.62,89.75,0.0
1758675600,2025-09-24 01:00:00,2025-09-24 03:00:00,ringsted,4.8,0.0,1.325,0.0,1025.88,91.75,0.0
1758679200,2025-09-24 02:00:00,2025-09-24 04:00:00,ringsted,4.875,0.0,1.325,0.0,1026.07,91.25,0.0
1758682800,2025-09-24 03:00:00,2025-09-24 05:00:00,ringsted,4.4,0.0,1.375,0.0,1026.29,92.75,0.0
1758686400,2025-09-24 04:00:00,2025-09-24 06:00:00,ringsted,3.825,0.0,1.075,0.0,1026.44,94.5,0.0
1758690000,2025-09-24 05:00:00,2025-09-24 07:00:00,ringsted,3.65,0.0,1.175,0.0,1026.7,94.5,0.0
1758693600,2025-09-24 06:00:00,2025-09-24 08:00:00,ringsted,3.825,36.5,1.125,0.0,1027.16,94.25,0.0
1758697200,2025-09-24 07:00:00,2025-09-24 09:00:00,ringsted,7.475,165.0,1.0,0.0,1027.7,90.75,0.0
1758700800,2025-09-24 08:00:00,2025-09-24 10:00:00,ringsted,11.35,287.5,1.725,0.0,1028.22,77.5,0.0
1758704400,2025-09-24 09:00:00,2025-09-24 11:00:00,ringsted,13.35,397.0,2.85,0.0,1028.32,65.25,0.0
1758708000,2025-09-24 10:00:00,2025-09-24 12:00:00,ringsted,14.4,510.0,3.45,0.0,1028.18,56.25,0.833333
1758711600,2025-09-24 11:00:00,2025-09-24 13:00:00,ringsted,15.05,558.5,3.325,0.0,1028.08,49.0,0.833333
1758715200,2025-09-24 12:00:00,2025-09-24 14:00:00,ringsted,15.45,559.5,3.225,0.0,1027.91,48.25,0.0
1758718800,2025-09-24 13:00:00,2025-09-24 15:00:00,ringsted,15.525,518.5,3.375,0.0,1027.66,47.25,0.0
1758722400,2025-09-24 14:00:00,2025-09-24 16:00:00,ringsted,15.45,438.5,3.225,0.0,1027.35,47.25,0.0
1758726000,2025-09-24 15:00:00,2025-09-24 17:00:00,ringsted,15.25,328.0,2.875,0.025,1027.28,48.75,0.0
1758729600,2025-09-24 16:00:00,2025-09-24 18:00:00,ringsted,14.65,169.5,2.2,0.075,1027.22,50.75,0.0
1758733200,2025-09-24 17:00:00,2025-09-24 19:00:00,ringsted,13.025,45.5,1.4,0.05,1027.32,58.75,0.0
1758736800,2025-09-24 18:00:00,2025-09-24 20:00:00,ringsted,10.575,0.0,0.875,0.0,1027.42,71.0,0.0
1758740400,2025-09-24 19:00:00,2025-09-24 21:00:00,ringsted,8.8,0.0,1.625,0.0,1027.58,80.5,0.0
1758744000,2025-09-24 20:00:00,2025-09-24 22:00:00,ringsted,8.3,0.0,1.7,0.0,1027.97,84.0,0.0
1758747600,2025-09-24 21:00:00,2025-09-24 23:00:00,ringsted,7.975,0.0,1.625,0.0,1028.15,83.75,0.0
1758751200,2025-09-24 22:00:00,2025-09-25 00:00:00,ringsted,7.325,0.0,1.35,0.0,1027.98,83.25,0.0
1758754800,2025-09-24 23:00:00,2025-09-25 01:00:00,ringsted,7.1,0.0,1.375,0.0,1027.99,84.0,0.0
1758758400,2025-09-25 00:00:00,2025-09-25 02:00:00,ringsted,6.9,0.0,1.225,0.0,1028.11,84.25,0.0
1758762000,2025-09-25 01:00:00,2025-09-25 03:00:00,ringsted,6.3,0.0,1.425,0.0,1028.15,85.75,0.0
1758765600,2025-09-25 02:00:00,2025-09-25 04:00:00,ringsted,5.575,0.0,1.725,0.0,1028.05,88.5,0.0
1758769200,2025-09-25 03:00:00,2025-09-25 05:00:00,ringsted,5.675,0.0,1.725,0.0,1027.96,88.75,0.0
1758772800,2025-09-25 04:00:00,2025-09-25 06:00:00,ringsted,5.875,0.0,1.675,0.0,1027.99,88.5,0.0
1758776400,2025-09-25 05:00:00,2025-09-25 07:00:00,ringsted,6.05,0.0,1.475,0.0,1028.15,89.0,0.0
1758780000,2025-09-25 06:00:00,2025-09-25 08:00:00,ringsted,6.5,31.5,1.725,0.0,1028.44,88.75,0.0
1758783600,2025-09-25 07:00:00,2025-09-25 09:00:00,ringsted,9.0,154.5,1.975,0.0,1028.62,84.5,0.0
1758787200,2025-09-25 08:00:00,2025-09-25 10:00:00,ringsted,12.05,291.0,3.125,0.0,1028.54,72.0,1.66667
1758790800,2025-09-25 09:00:00,2025-09-25 11:00:00,ringsted,13.75,409.0,3.825,0.0,1028.36,66.0,27.9167
1758794400,2025-09-25 10:00:00,2025-09-25 12:00:00,ringsted,14.825,498.5,4.575,0.05,1028.36,59.5,31.6667
1758798000,2025-09-25 11:00:00,2025-09-25 13:00:00,ringsted,15.025,398.5,4.875,0.0,1028.15,58.75,44.1667
1758801600,2025-09-25 12:00:00,2025-09-25 14:00:00,ringsted,15.075,383.5,4.425,0.0,1027.87,58.25,50.0
1758805200,2025-09-25 13:00:00,2025-09-25 15:00:00,ringsted,15.15,393.5,4.0,0.05,1027.63,59.0,57.0833
1758808800,2025-09-25 14:00:00,2025-09-25 16:00:00,ringsted,15.175,307.5,4.125,0.025,1027.43,59.0,47.5
1758812400,2025-09-25 15:00:00,2025-09-25 17:00:00,ringsted,14.925,199.0,4.05,0.075,1027.24,60.5,55.9091
1758816000,2025-09-25 16:00:00,2025-09-25 18:00:00,ringsted,14.675,146.5,4.5,0.075,1027.31,63.5,32.5
1758819600,2025-09-25 17:00:00,2025-09-25 19:00:00,ringsted,13.5,27.0,4.05,0.025,1027.43,68.25,19.1667
1758823200,2025-09-25 18:00:00,2025-09-25 20:00:00,ringsted,12.575,0.0,3.725,0.025,1027.42,71.0,45.8333
1758826800,2025-09-25 19:00:00,2025-09-25 21:00:00,ringsted,12.5,0.0,4.525,0.0,1027.57,73.0,12.9167
1758830400,2025-09-25 20:00:00,2025-09-25 22:00:00,ringsted,11.9,0.0,4.0,0.0,1027.74,78.0,21.6667
1758834000,2025-09-25 21:00:00,2025-09-25 23:00:00,ringsted,11.525,0.0,3.4,0.0,1028.04,82.5,36.6667
1758837600,2025-09-25 22:00:00,2025-09-26 00:00:00,ringsted,11.45,0.0,3.25,0.0,1028.11,85.0,45.8333
1758841200,2025-09-25 23:00:00,2025-09-26 01:00:00,ringsted,11.55,0.0,3.175,0.0,1027.94,85.75,52.9167
1758844800,2025-09-26 00:00:00,2025-09-26 02:00:00,ringsted,11.475,0.0,3.075,0.0,1027.75,85.25,59.1667
1758848400,2025-09-26 01:00:00,2025-09-26 03:00:00,ringsted,11.7,0.0,3.15,0.0,1027.68,84.0,57.9167
1758852000,2025-09-26 02:00:00,2025-09-26 04:00:00,ringsted,11.525,0.0,2.625,0.0,1027.51,84.25,47.9167
1758855600,2025-09-26 03:00:00,2025-09-26 05:00:00,ringsted,11.075,0.0,2.475,0.0,1027.42,84.75,33.1818
1758859200,2025-09-26 04:00:00,2025-09-26 06:00:00,ringsted,10.525,0.0,2.4,0.0,1027.45,84.25,48.3333
1758862800,2025-09-26 05:00:00,2025-09-26 07:00:00,ringsted,10.35,0.0,2.825,0.0,1027.55,83.25,32.5
1758866400,2025-09-26 06:00:00,2025-09-26 08:00:00,ringsted,10.6,25.0,3.0,0.0,1027.75,82.25,13.3333
1758870000,2025-09-26 07:00:00,2025-09-26 09:00:00,ringsted,12.125,133.0,3.825,0.0,1027.92,75.75,3.75
1758873600,2025-09-26 08:00:00,2025-09-26 10:00:00,ringsted,13.8,289.5,5.575,0.0,1028.07,67.0,15.4167
1758877200,2025-09-26 09:00:00,2025-09-26 11:00:00,ringsted,14.45,333.5,6.525,0.0,1028.19,62.5,42.0833
1758880800,2025-09-26 10:00:00,2025-09-26 12:00:00,ringsted,14.9,439.5,7.475,0.0,1028.1,58.25,34.1667
1758884400,2025-09-26 11:00:00,2025-09-26 13:00:00,ringsted,15.125,475.0,7.975,0.0,1027.79,56.25,19.1667
1758888000,2025-09-26 12:00:00,2025-09-26 14:00:00,ringsted,15.25,481.0,7.775,0.0,1027.42,55.5,28.75
1758891600,2025-09-26 13:00:00,2025-09-26 15:00:00,ringsted,15.1,438.0,7.5,0.0,1027.03,56.25,42.5
1758895200,2025-09-26 14:00:00,2025-09-26 16:00:00,ringsted,15.0,416.0,7.425,0.0,1026.6,57.5,12.0833
1758898800,2025-09-26 15:00:00,2025-09-26 17:00:00,ringsted,14.6,284.0,7.6,0.0,1026.3,58.75,0.0
1758902400,2025-09-26 16:00:00,2025-09-26 18:00:00,ringsted,13.975,108.5,7.4,0.0,1026.02,60.5,14.1667
1758906000,2025-09-26 17:00:00,2025-09-26 19:00:00,ringsted,13.3,33.0,6.575,0.0,1025.85,65.75,24.1667
1758909600,2025-09-26 18:00:00,2025-09-26 20:00:00,ringsted,12.775,0.0,6.15,0.0,1026.05,70.0,38.3333
1758913200,2025-09-26 19:00:00,2025-09-26 21:00:00,ringsted,12.6,0.0,5.9,0.0,1026.1,72.25,51.6667
1758916800,2025-09-26 20:00:00,2025-09-26 22:00:00,ringsted,12.2,0.0,5.55,0.0,1025.97,76.5,12.5
1758920400,2025-09-26 21:00:00,2025-09-26 23:00:00,ringsted,12.1,0.0,5.175,0.0,1025.65,79.75,0.0
1758924000,2025-09-26 22:00:00,2025-09-27 00:00:00,ringsted,12.075,0.0,4.55,0.0,1025.42,81.75,0.833333
1758927600,2025-09-26 23:00:00,2025-09-27 01:00:00,ringsted,11.875,0.0,4.125,0.0,1025.22,79.0,6.66667
1758931200,2025-09-27 00:00:00,2025-09-27 02:00:00,ringsted,11.5,0.0,3.825,0.0,1024.87,76.5,0.0
1758934800,2025-09-27 01:00:00,2025-09-27 03:00:00,ringsted,11.4,0.0,3.5,0.0,1024.31,75.75,0.0
1758938400,2025-09-27 02:00:00,2025-09-27 04:00:00,ringsted,11.175,0.0,3.625,0.0,1023.97,78.0,0.0
1758942000,2025-09-27 03:00:00,2025-09-27 05:00:00,ringsted,10.875,0.0,3.475,0.0,1023.88,79.25,0.0
1758945600,2025-09-27 04:00:00,2025-09-27 06:00:00,ringsted,11.025,0.0,4.275,0.0,1023.81,80.0,0.0
1758949200,2025-09-27 05:00:00,2025-09-27 07:00:00,ringsted,11.325,0.0,4.575,0.0,1023.63,80.0,0.0
1758952800,2025-09-27 06:00:00,2025-09-27 08:00:00,ringsted,11.55,25.0,4.675,0.0,1023.76,80.5,0.0
1758956400,2025-09-27 07:00:00,2025-09-27 09:00:00,ringsted,12.7,144.0,5.4,0.0,1023.87,76.75,0.0
1758960000,2025-09-27 08:00:00,2025-09-27 10:00:00,ringsted,14.075,280.5,6.425,0.0,1024.07,69.0,2.5
1758963600,2025-09-27 09:00:00,2025-09-27 11:00:00,ringsted,15.05,399.5,7.575,0.0,1024.43,60.5,10.0
1758967200,2025-09-27 10:00:00,2025-09-27 12:00:00,ringsted,15.475,482.5,8.275,0.0,1024.48,57.0,8.33333
1758970800,2025-09-27 11:00:00,2025-09-27 13:00:00,ringsted,15.65,534.0,8.65,0.0,1024.38,55.75,0.0
1758974400,2025-09-27 12:00:00,2025-09-27 14:00:00,ringsted,15.725,540.5,8.45,0.0,1024.09,54.25,0.0
1758978000,2025-09-27 13:00:00,2025-09-27 15:00:00,ringsted,15.675,498.0,8.275,0.0,1023.72,54.25,0.0
1758981600,2025-09-27 14:00:00,2025-09-27 16:00:00,ringsted,15.575,416.5,7.9,0.0,1023.37,55.5,0.0
1758985200,2025-09-27 15:00:00,2025-09-27 17:00:00,ringsted,15.225,297.0,7.275,0.0,1023.2,58.5,0.0
1758988800,2025-09-27 16:00:00,2025-09-27 18:00:00,ringsted,14.675,154.5,6.775,0.0,1023.24,61.5,0.0
1758992400,2025-09-27 17:00:00,2025-09-27 19:00:00,ringsted,13.65,40.0,5.275,0.025,1023.27,67.75,0.0
1758996000,2025-09-27 18:00:00,2025-09-27 20:00:00,ringsted,12.775,0.0,4.85,0.0,1023.26,75.25,2.5
1758999600,2025-09-27 19:00:00,2025-09-27 21:00:00,ringsted,12.65,0.0,5.25,0.0,1023.31,78.5,1.66667
1759003200,2025-09-27 20:00:00,2025-09-27 22:00:00,ringsted,12.35,0.0,5.075,0.0,1023.44,82.0,0.0
1759006800,2025-09-27 21:00:00,2025-09-27 23:00:00,ringsted,11.975,0.0,4.05,0.0,1023.44,84.0,0.0
1759010400,2025-09-27 22:00:00,2025-09-28 00:00:00,ringsted,11.475,0.0,2.525,0.0,1023.41,87.5,0.0
1759014000,2025-09-27 23:00:00,2025-09-28 01:00:00,ringsted,11.05,0.0,2.45,0.0,1023.25,89.75,0.0
1759017600,2025-09-28 00:00:00,2025-09-28 02:00:00,ringsted,10.775,0.0,2.325,0.0,1023.11,91.5,0.0
1759021200,2025-09-28 01:00:00,2025-09-28 03:00:00,ringsted,10.75,0.0,2.85,0.0,1022.83,92.75,0.0
1759024800,2025-09-28 02:00:00,2025-09-28 04:00:00,ringsted,10.525,0.0,2.5,0.0,1022.56,93.25,0.0
1759028400,2025-09-28 03:00:00,2025-09-28 05:00:00,ringsted,9.875,0.0,2.375,0.0,1022.45,94.25,0.0
1759032000,2025-09-28 04:00:00,2025-09-28 06:00:00,ringsted,9.525,0.0,2.275,0.0,1022.55,95.25,0.0
1759035600,2025-09-28 05:00:00,2025-09-28 07:00:00,ringsted,9.375,0.0,2.075,0.0,1022.65,95.25,0.0
1759039200,2025-09-28 06:00:00,2025-09-28 08:00:00,ringsted,9.175,20.5,2.15,0.0,1022.66,95.25,0.0
1759042800,2025-09-28 07:00:00,2025-09-28 09:00:00,ringsted,11.35,134.5,2.55,0.0,1022.67,89.5,2.08333
1759046400,2025-09-28 08:00:00,2025-09-28 10:00:00,ringsted,13.575,269.5,4.0,0.0,1022.83,81.25,11.3636
1759050000,2025-09-28 09:00:00,2025-09-28 11:00:00,ringsted,14.575,345.5,5.1,0.0,1022.93,76.75,4.16667
1759053600,2025-09-28 10:00:00,2025-09-28 12:00:00,ringsted,15.3,402.5,5.6,0.0,1022.89,71.5,6.25
1759057200,2025-09-28 11:00:00,2025-09-28 13:00:00,ringsted,15.7,369.5,5.7,0.0,1022.77,70.5,7.08333
1759060800,2025-09-28 12:00:00,2025-09-28 14:00:00,ringsted,15.7667,401.0,5.8,0.0,1022.49,70.3333,44.5833
1759064400,2025-09-28 13:00:00,2025-09-28 15:00:00,ringsted,15.8667,336.0,6.2,0.0,1022.17,69.0,10.0
1759068000,2025-09-28 14:00:00,2025-09-28 16:00:00,ringsted,15.75,233.0,5.0,0.0,1021.91,68.25,14.1667
1759071600,2025-09-28 15:00:00,2025-09-28 17:00:00,ringsted,15.7,277.5,4.475,0.025,1021.92,67.25,37.0833
1759075200,2025-09-28 16:00:00,2025-09-28 18:00:00,ringsted,15.3,167.5,4.3,0.05,1021.87,71.0,53.6364
1759078800,2025-09-28 17:00:00,2025-09-28 19:00:00,ringsted,14.325,31.5,3.575,0.05,1022.16,77.5,35.4167
1759082400,2025-09-28 18:00:00,2025-09-28 20:00:00,ringsted,12.8,0.0,2.5,0.0,1022.31,83.5,34.5833
1759086000,2025-09-28 19:00:00,2025-09-28 21:00:00,ringsted,11.65,0.0,1.8,0.0,1022.43,86.5,25.0
1759089600,2025-09-28 20:00:00,2025-09-28 22:00:00,ringsted,11.175,0.0,2.075,0.0,1022.25,88.75,51.6667
1759093200,2025-09-28 21:00:00,2025-09-28 23:00:00,ringsted,11.725,0.0,2.875,0.0,1022.04,88.75,57.5
1759096800,2025-09-28 22:00:00,2025-09-29 00:00:00,ringsted,12.375,0.0,3.375,0.0,1022.09,88.0,45.8333
1759100400,2025-09-28 23:00:00,2025-09-29 01:00:00,ringsted,12.15,0.0,2.55,0.0,1022.14,90.0,41.6667
1759104000,2025-09-29 00:00:00,2025-09-29 02:00:00,ringsted,12.0,0.0,2.3,0.0,1022.19,90.5,56.25
1759107600,2025-09-29 01:00:00,2025-09-29 03:00:00,ringsted,11.775,0.0,2.175,0.0,1021.99,92.0,71.25
1759111200,2025-09-29 02:00:00,2025-09-29 04:00:00,ringsted,11.7,0.0,1.925,0.0,1021.81,92.75,24.1667
1759114800,2025-09-29 03:00:00,2025-09-29 05:00:00,ringsted,11.275,0.0,2.15,0.0,1021.61,93.25,8.75
1759118400,2025-09-29 04:00:00,2025-09-29 06:00:00,ringsted,10.775,0.0,2.325,0.0,1021.44,95.0,59.5455
1759122000,2025-09-29 05:00:00,2025-09-29 07:00:00,ringsted,10.85,0.0,2.35,0.0,1021.52,94.5,95.4167
1759125600,2025-09-29 06:00:00,2025-09-29 08:00:00,ringsted,11.4,5.0,2.925,0.05,1021.71,92.0,100.0
1759129200,2025-09-29 07:00:00,2025-09-29 09:00:00,ringsted,11.85,36.5,2.05,0.025,1021.75,91.25,100.0
1759132800,2025-09-29 08:00:00,2025-09-29 10:00:00,ringsted,12.5,54.0,2.25,0.025,1021.95,89.75,92.5
1759136400,2025-09-29 09:00:00,2025-09-29 11:00:00,ringsted,13.125,105.0,2.5,0.0,1021.96,84.5,88.3333
1759140000,2025-09-29 10:00:00,2025-09-29 12:00:00,ringsted,13.65,155.5,3.725,0.0,1022.08,75.75,96.6667
1759143600,2025-09-29 11:00:00,2025-09-29 13:00:00,ringsted,14.15,302.5,4.525,0.0,1022.14,71.75,96.6667
1759147200,2025-09-29 12:00:00,2025-09-29 14:00:00,ringsted,13.85,173.5,4.925,0.0,1021.98,71.5,97.5
1759150800,2025-09-29 13:00:00,2025-09-29 15:00:00,ringsted,13.8,218.5,4.4,0.025,1021.65,65.5,80.8333
1759154400,2025-09-29 14:00:00,2025-09-29 16:00:00,ringsted,13.925,280.5,4.575,0.0,1021.43,63.25,20.8333
1759158000,2025-09-29 15:00:00,2025-09-29 17:00:00,ringsted,13.95,191.0,4.8,0.125,1021.52,59.5,61.6667
1759161600,2025-09-29 16:00:00,2025-09-29 18:00:00,ringsted,13.25,72.0,4.375,0.025,1021.83,65.75,84.1667
1759165200,2025-09-29 17:00:00,2025-09-29 19:00:00,ringsted,12.5,11.5,4.375,0.0,1022.15,72.5,93.75
1759168800,2025-09-29 18:00:00,2025-09-29 20:00:00,ringsted,12.225,0.0,4.875,0.0,1022.4,74.0,95.8333
1759172400,2025-09-29 19:00:00,2025-09-29 21:00:00,ringsted,12.15,0.0,5.4,0.0,1022.61,72.0,85.8333
1759176000,2025-09-29 20:00:00,2025-09-29 22:00:00,ringsted,11.9,0.0,5.35,0.0,1022.63,71.5,50.8333
1759179600,2025-09-29 21:00:00,2025-09-29 23:00:00,ringsted,11.5,0.0,4.9,0.0,1022.81,71.75,41.25
1759183200,2025-09-29 22:00:00,2025-09-30 00:00:00,ringsted,10.825,0.0,3.875,0.0,1022.86,73.5,35.4167
1759186800,2025-09-29 23:00:00,2025-09-30 01:00:00,ringsted,10.175,0.0,3.275,0.0,1022.9,76.75,33.75
1759190400,2025-09-30 00:00:00,2025-09-30 02:00:00,ringsted,9.725,0.0,3.3,0.0,1022.69,79.25,25.8333
1759194000,2025-09-30 01:00:00,2025-09-30 03:00:00,ringsted,9.375,0.0,2.825,0.0,1022.5,79.0,0.0
1759197600,2025-09-30 02:00:00,2025-09-30 04:00:00,ringsted,8.125,0.0,1.9,0.0,1022.46,83.75,2.5
1759201200,2025-09-30 03:00:00,2025-09-30 05:00:00,ringsted,6.775,0.0,1.5,0.0,1022.45,88.75,0.833333
1759204800,2025-09-30 04:00:00,2025-09-30 06:00:00,ringsted,6.375,0.0,1.6,0.0,1022.86,90.5,22.9167
1759208400,2025-09-30 05:00:00,2025-09-30 07:00:00,ringsted,7.1,0.0,2.175,0.0,1023.33,91.75,4.16667
1759212000,2025-09-30 06:00:00,2025-09-30 08:00:00,ringsted,7.825,14.5,2.7,0.0,1023.77,91.25,18.3333
1759215600,2025-09-30 07:00:00,2025-09-30 09:00:00,ringsted,9.375,99.0,2.8,0.0,1024.04,87.75,4.16667
1759219200,2025-09-30 08:00:00,2025-09-30 10:00:00,ringsted,11.05,215.0,3.625,0.0,1024.37,80.5,37.0833
1759222800,2025-09-30 09:00:00,2025-09-30 11:00:00,ringsted,12.375,356.0,4.125,0.0,1024.57,75.0,55.0
1759226400,2025-09-30 10:00:00,2025-09-30 12:00:00,ringsted,13.0,365.5,4.825,0.0,1024.9,69.5,72.5
1759230000,2025-09-30 11:00:00,2025-09-30 13:00:00,ringsted,12.85,268.0,4.6,0.025,1025.16,67.0,89.1667
1759233600,2025-09-30 12:00:00,2025-09-30 14:00:00,ringsted,12.725,235.5,3.75,0.05,1025.41,66.75,72.5
1759237200,2025-09-30 13:00:00,2025-09-30 15:00:00,ringsted,12.95,169.0,3.55,0.075,1025.65,64.25,35.8333
1759240800,2025-09-30 14:00:00,2025-09-30 16:00:00,ringsted,13.15,278.0,3.3,0.05,1025.88,63.25,15.4167
1759244400,2025-09-30 15:00:00,2025-09-30 17:00:00,ringsted,13.175,231.0,3.7,0.0,1026.17,62.25,41.25
1759248000,2025-09-30 16:00:00,2025-09-30 18:00:00,ringsted,12.425,121.0,3.45,0.025,1026.45,66.25,10.4167
1759251600,2025-09-30 17:00:00,2025-09-30 19:00:00,ringsted,10.85,19.5,2.05,0.05,1026.62,73.5,19.5833
1759255200,2025-09-30 18:00:00,2025-09-30 20:00:00,ringsted,9.375,0.0,1.425,0.0,1027.07,80.75,20.0
1759258800,2025-09-30 19:00:00,2025-09-30 21:00:00,ringsted,8.1,0.0,0.775,0.0,1027.5,86.0,20.0
1759262400,2025-09-30 20:00:00,2025-09-30 22:00:00,ringsted,7.35,0.0,1.0,0.0,1027.75,89.5,78.3333
1759266000,2025-09-30 21:00:00,2025-09-30 23:00:00,ringsted,7.35,0.0,1.05,0.0,1027.92,91.25,99.0
1759269600,2025-09-30 22:00:00,2025-10-01 00:00:00,ringsted,7.525,0.0,1.225,0.05,1028.0,92.0,67.5
1759273200,2025-09-30 23:00:00,2025-10-01 01:00:00,ringsted,7.55,0.0,1.275,0.225,1027.91,93.75,33.3333
1759276800,2025-10-01 00:00:00,2025-10-01 02:00:00,ringsted,7.4,0.0,1.025,0.025,1028.11,93.75,42.5
1759280400,2025-10-01 01:00:00,2025-10-01 03:00:00,ringsted,7.3,0.0,1.2,0.225,1028.04,95.25,47.0833
1759284000,2025-10-01 02:00:00,2025-10-01 04:00:00,ringsted,7.4,0.0,1.2,0.0,1028.23,96.0,40.8333
1759287600,2025-10-01 03:00:00,2025-10-01 05:00:00,ringsted,7.3,0.0,1.125,0.0,1028.37,96.25,99.1667
1759291200,2025-10-01 04:00:00,2025-10-01 06:00:00,ringsted,7.55,0.0,1.125,0.025,1028.52,96.25,99.1667
1759294800,2025-10-01 05:00:00,2025-10-01 07:00:00,ringsted,7.7,0.0,0.85,0.125,1029.02,96.75,92.9167
1759298400,2025-10-01 06:00:00,2025-10-01 08:00:00,ringsted,7.675,8.5,0.625,0.025,1029.47,97.0,87.0833
1759302000,2025-10-01 07:00:00,2025-10-01 09:00:00,ringsted,8.675,84.0,0.475,0.0,1029.64,95.75,50.0
1759305600,2025-10-01 08:00:00,2025-10-01 10:00:00,ringsted,10.15,172.5,0.65,0.0,1029.82,90.25,82.9167
1759309200,2025-10-01 09:00:00,2025-10-01 11:00:00,ringsted,11.35,272.0,0.975,0.0,1029.91,79.5,90.8333
1759312800,2025-10-01 10:00:00,2025-10-01 12:00:00,ringsted,12.475,378.5,0.9,0.0,1029.89,65.75,60.0
1759316400,2025-10-01 11:00:00,2025-10-01 13:00:00,ringsted,13.3,542.5,1.25,0.0,1029.74,58.5,22.5
1759320000,2025-10-01 12:00:00,2025-10-01 14:00:00,ringsted,13.35,441.5,1.575,0.0,1029.57,57.0,30.8333
1759323600,2025-10-01 13:00:00,2025-10-01 15:00:00,ringsted,13.25,385.0,1.6,0.05,1029.47,58.75,18.75
1759327200,2025-10-01 14:00:00,2025-10-01 16:00:00,ringsted,13.15,265.0,1.775,0.075,1029.29,58.5,8.33333
1759330800,2025-10-01 15:00:00,2025-10-01 17:00:00,ringsted,13.1,219.5,2.45,0.05,1029.17,60.75,10.4167
1759334400,2025-10-01 16:00:00,2025-10-01 18:00:00,ringsted,12.5,127.0,2.25,0.15,1029.27,65.0,0.0
1759338000,2025-10-01 17:00:00,2025-10-01 19:00:00,ringsted,10.575,22.0,1.275,0.0,1029.44,74.75,23.75
1759341600,2025-10-01 18:00:00,2025-10-01 20:00:00,ringsted,8.9,0.0,1.05,0.0,1029.64,81.25,34.5833
1759345200,2025-10-01 19:00:00,2025-10-01 21:00:00,ringsted,7.875,0.0,0.65,0.0,1029.58,86.75,52.5
1759348800,2025-10-01 20:00:00,2025-10-01 22:00:00,ringsted,6.95,0.0,0.625,0.0,1029.54,90.5,27.0833
1759352400,2025-10-01 21:00:00,2025-10-01 23:00:00,ringsted,5.93333,0.0,0.433333,0.0,1029.2,93.3333,0.0
1759356000,2025-10-01 22:00:00,2025-10-02 00:00:00,ringsted,5.2,0.0,0.475,0.0,1029.08,95.5,5.41667
1759359600,2025-10-01 23:00:00,2025-10-02 01:00:00,ringsted,4.65,0.0,0.675,0.0,1029.01,96.0,36.6667
1759363200,2025-10-02 00:00:00,2025-10-02 02:00:00,ringsted,4.8,0.0,0.75,0.0,1028.97,95.75,36.6667
1759366800,2025-10-02 01:00:00,2025-10-02 03:00:00,ringsted,4.825,0.0,0.525,0.0,1028.69,95.75,50.0
1759370400,2025-10-02 02:00:00,2025-10-02 04:00:00,ringsted,4.925,0.0,0.3,0.0,1028.51,96.75,50.0
1759374000,2025-10-02 03:00:00,2025-10-02 05:00:00,ringsted,4.875,0.0,0.625,0.0,1028.45,96.75,50.0
1759377600,2025-10-02 04:00:00,2025-10-02 06:00:00,ringsted,5.25,0.0,0.625,0.0,1028.32,96.75,45.0
1759381200,2025-10-02 05:00:00,2025-10-02 07:00:00,ringsted,5.125,0.0,0.825,0.0,1028.25,96.75,46.6667
1759384800,2025-10-02 06:00:00,2025-10-02 08:00:00,ringsted,4.675,10.5,0.7,0.0,1028.27,97.0,45.0
1759388400,2025-10-02 07:00:00,2025-10-02 09:00:00,ringsted,5.55,77.0,0.65,0.0,1028.41,96.0,34.1667
1759392000,2025-10-02 08:00:00,2025-10-02 10:00:00,ringsted,8.875,229.0,0.825,0.0,1028.43,91.5,45.0
1759395600,2025-10-02 09:00:00,2025-10-02 11:00:00,ringsted,11.575,253.0,1.15,0.0,1028.18,76.5,54.1667
1759399200,2025-10-02 10:00:00,2025-10-02 12:00:00,ringsted,12.575,364.5,1.575,0.0,1027.75,69.25,27.2727
1759402800,2025-10-02 11:00:00,2025-10-02 13:00:00,ringsted,13.275,410.0,2.65,0.0,1027.18,65.5,16.25
1759406400,2025-10-02 12:00:00,2025-10-02 14:00:00,ringsted,13.625,511.0,2.75,0.0,1026.62,64.25,24.1667
1759410000,2025-10-02 13:00:00,2025-10-02 15:00:00,ringsted,13.8333,465.0,3.0,0.0333333,1026.19,62.3333,10.4167
1759413600,2025-10-02 14:00:00,2025-10-02 16:00:00,ringsted,13.6,377.5,3.55,0.075,1025.98,64.0,13.3333
1759417200,2025-10-02 15:00:00,2025-10-02 17:00:00,ringsted,13.25,272.0,3.4,0.125,1025.7,65.75,0.0
1759420800,2025-10-02 16:00:00,2025-10-02 18:00:00,ringsted,12.3,120.0,2.85,0.05,1025.51,71.25,2.5
1759424400,2025-10-02 17:00:00,2025-10-02 19:00:00,ringsted,10.875,16.5,1.5,0.075,1025.44,78.0,0.0
1759428000,2025-10-02 18:00:00,2025-10-02 20:00:00,ringsted,9.1,0.0,1.1,0.0,1025.41,85.0,0.0
1759431600,2025-10-02 19:00:00,2025-10-02 21:00:00,ringsted,7.45,0.0,1.0,0.0,1025.05,90.0,0.0
1759435200,2025-10-02 20:00:00,2025-10-02 22:00:00,ringsted,6.925,0.0,1.2,0.0,1024.57,91.75,1.66667
1759438800,2025-10-02 21:00:00,2025-10-02 23:00:00,ringsted,6.325,0.0,1.5,0.0,1024.15,92.75,12.0833
1759442400,2025-10-02 22:00:00,2025-10-03 00:00:00,ringsted,6.65,0.0,1.3,0.0,1023.91,93.25,41.25
1759446000,2025-10-02 23:00:00,2025-10-03 01:00:00,ringsted,6.725,0.0,0.95,0.0,1023.59,94.0,27.9167
1759449600,2025-10-03 00:00:00,2025-10-03 02:00:00,ringsted,6.475,0.0,1.075,0.0,1023.18,94.25,2.5
1759453200,2025-10-03 01:00:00,2025-10-03 03:00:00,ringsted,5.9,0.0,1.225,0.0,1022.7,96.0,2.5
1759456800,2025-10-03 02:00:00,2025-10-03 04:00:00,ringsted,6.05,0.0,1.575,0.0,1022.37,96.5,2.5
1759460400,2025-10-03 03:00:00,2025-10-03 05:00:00,ringsted,5.825,0.0,1.5,0.0,1022.1,96.25,5.41667
1759464000,2025-10-03 04:00:00,2025-10-03 06:00:00,ringsted,5.275,0.0,1.2,0.0,1021.75,97.25,2.91667
1759467600,2025-10-03 05:00:00,2025-10-03 07:00:00,ringsted,5.35,0.0,1.7,0.025,1021.59,97.25,0.833333
1759471200,2025-10-03 06:00:00,2025-10-03 08:00:00,ringsted,4.85,11.5,1.525,0.0,1021.42,97.5,0.0
1759474800,2025-10-03 07:00:00,2025-10-03 09:00:00,ringsted,6.975,113.5,1.725,0.0,1021.32,96.5,0.0
1759478400,2025-10-03 08:00:00,2025-10-03 10:00:00,ringsted,10.3,240.5,2.475,0.0,1020.95,89.5,3.75
1759482000,2025-10-03 09:00:00,2025-10-03 11:00:00,ringsted,12.0,301.5,3.875,0.0,1020.49,79.25,30.0
1759485600,2025-10-03 10:00:00,2025-10-03 12:00:00,ringsted,12.75,375.5,5.025,0.0,1019.92,69.5,22.5
1759489200,2025-10-03 11:00:00,2025-10-03 13:00:00,ringsted,13.325,436.5,5.225,0.0,1019.15,64.0,30.0
1759492800,2025-10-03 12:00:00,2025-10-03 14:00:00,ringsted,13.725,485.0,5.65,0.0,1018.55,60.0,10.8333
1759496400,2025-10-03 13:00:00,2025-10-03 15:00:00,ringsted,13.575,432.0,5.725,0.0,1017.96,59.5,11.25
1759500000,2025-10-03 14:00:00,2025-10-03 16:00:00,ringsted,13.425,364.5,5.725,0.0,1017.04,60.5,4.16667
1759503600,2025-10-03 15:00:00,2025-10-03 17:00:00,ringsted,12.95,248.5,5.825,0.125,1016.2,64.5,3.33333
1759507200,2025-10-03 16:00:00,2025-10-03 18:00:00,ringsted,12.325,91.5,4.85,0.125,1015.47,66.5,0.0
1759510800,2025-10-03 17:00:00,2025-10-03 19:00:00,ringsted,11.175,8.0,4.075,0.0,1014.82,69.5,0.0
1759514400,2025-10-03 18:00:00,2025-10-03 20:00:00,ringsted,10.55,0.0,3.95,0.0,1013.8,71.25,0.0
1759518000,2025-10-03 19:00:00,2025-10-03 21:00:00,ringsted,10.55,0.0,4.875,0.0,1012.97,73.5,0.0
1759521600,2025-10-03 20:00:00,2025-10-03 22:00:00,ringsted,11.025,0.0,5.925,0.0,1011.61,72.5,0.0
1759525200,2025-10-03 21:00:00,2025-10-03 23:00:00,ringsted,11.05,0.0,6.675,0.0,1009.98,70.75,5.0
1759528800,2025-10-03 22:00:00,2025-10-04 00:00:00,ringsted,10.975,0.0,7.325,0.0,1008.72,70.0,48.75
1759532400,2025-10-03 23:00:00,2025-10-04 01:00:00,ringsted,10.875,0.0,7.6,0.0,1006.97,69.25,89.1667
1759536000,2025-10-04 00:00:00,2025-10-04 02:00:00,ringsted,10.75,0.0,7.5,0.0,1005.05,69.0,83.75
1759539600,2025-10-04 01:00:00,2025-10-04 03:00:00,ringsted,10.75,,9.25,0.0,1002.43,67.0,84.1667
1759543200,2025-10-04 02:00:00,2025-10-04 04:00:00,ringsted,11.0333,0.0,9.6,0.0,999.93,67.0,97.9167
1759546800,2025-10-04 03:00:00,2025-10-04 05:00:00,ringsted,10.775,0.0,9.375,0.325,997.425,71.0,83.3333
1759550400,2025-10-04 04:00:00,2025-10-04 06:00:00,ringsted,10.0,0.0,9.6,0.7,995.217,78.5,94.1667
1759554000,2025-10-04 05:00:00,2025-10-04 07:00:00,ringsted,9.325,0.0,9.8,0.875,992.75,83.25,98.3333
1759557600,2025-10-04 06:00:00,2025-10-04 08:00:00,ringsted,9.0,0.0,10.225,2.425,991.175,86.25,100.0
1759561200,2025-10-04 07:00:00,2025-10-04 09:00:00,ringsted,8.675,3.5,10.325,5.35,990.271,91.0,100.0
1759564800,2025-10-04 08:00:00,2025-10-04 10:00:00,ringsted,8.625,8.0,8.925,5.05,989.454,94.0,100.0
1759568400,2025-10-04 09:00:00,2025-10-04 11:00:00,ringsted,8.675,18.0,7.975,4.475,988.117,94.75,100.0
1759572000,2025-10-04 10:00:00,2025-10-04 12:00:00,ringsted,9.025,25.0,6.55,2.95,987.217,95.75,100.0
1759575600,2025-10-04 11:00:00,2025-10-04 13:00:00,ringsted,9.4,27.0,6.2,3.475,986.146,95.75,100.0
1759579200,2025-10-04 12:00:00,2025-10-04 14:00:00,ringsted,9.725,46.5,5.55,2.325,985.096,96.0,103.0
1759582800,2025-10-04 13:00:00,2025-10-04 15:00:00,ringsted,10.35,48.0,4.95,0.9,984.617,96.25,100.0
1759586400,2025-10-04 14:00:00,2025-10-04 16:00:00,ringsted,10.55,53.5,4.5,2.275,984.217,95.0,99.1667
1759590000,2025-10-04 15:00:00,2025-10-04 17:00:00,ringsted,11.1333,51.0,5.2,1.23333,984.183,94.0,95.0
1759593600,2025-10-04 16:00:00,2025-10-04 18:00:00,ringsted,10.6667,38.0,5.16667,0.9,984.326,91.3333,85.0
1759597200,2025-10-04 17:00:00,2025-10-04 19:00:00,ringsted,10.375,4.0,4.825,0.2,984.604,90.75,76.6667
1759600800,2025-10-04 18:00:00,2025-10-04 20:00:00,ringsted,10.2,0.0,5.325,0.05,984.912,90.25,29.5833
1759604400,2025-10-04 19:00:00,2025-10-04 21:00:00,ringsted,10.2,0.0,5.625,0.0,985.037,87.25,34.5833
1759608000,2025-10-04 20:00:00,2025-10-04 22:00:00,ringsted,9.975,0.0,5.425,0.0,984.95,85.25,50.0
1759611600,2025-10-04 21:00:00,2025-10-04 23:00:00,ringsted,9.875,0.0,5.95,0.075,984.858,85.75,88.75
1759615200,2025-10-04 22:00:00,2025-10-05 00:00:00,ringsted,9.9,0.0,6.2,0.025,985.167,88.25,95.4167
1759618800,2025-10-04 23:00:00,2025-10-05 01:00:00,ringsted,10.15,0.0,6.35,0.0,985.688,88.0,88.75
1759622400,2025-10-05 00:00:00,2025-10-05 02:00:00,ringsted,10.25,0.0,6.775,0.0,986.017,87.75,80.8333
1759626000,2025-10-05 01:00:00,2025-10-05 03:00:00,ringsted,10.5,0.0,6.375,0.0,986.358,88.0,77.0833
1759629600,2025-10-05 02:00:00,2025-10-05 04:00:00,ringsted,10.45,0.0,6.625,0.0,986.775,89.5,95.0
1759633200,2025-10-05 03:00:00,2025-10-05 05:00:00,ringsted,10.575,0.0,6.975,0.05,987.287,90.75,95.0
1759636800,2025-10-05 04:00:00,2025-10-05 06:00:00,ringsted,10.65,0.0,6.3,0.275,987.688,92.0,95.0
1759640400,2025-10-05 05:00:00,2025-10-05 07:00:00,ringsted,10.65,0.0,6.525,0.1,988.237,92.5,97.5
1759644000,2025-10-05 06:00:00,2025-10-05 08:00:00,ringsted,10.825,3.5,6.925,0.225,988.95,91.75,95.8333
1759647600,2025-10-05 07:00:00,2025-10-05 09:00:00,ringsted,11.025,48.0,6.575,0.025,989.737,90.75,95.8333
1759651200,2025-10-05 08:00:00,2025-10-05 10:00:00,ringsted,11.5,143.5,6.775,0.0,990.525,89.25,84.5833
1759654800,2025-10-05 09:00:00,2025-10-05 11:00:00,ringsted,12.25,170.0,7.25,0.0,991.042,85.5,92.5
1759658400,2025-10-05 10:00:00,2025-10-05 12:00:00,ringsted,12.7,271.0,7.55,0.05,991.487,82.75,90.8333
1759662000,2025-10-05 11:00:00,2025-10-05 13:00:00,ringsted,12.85,257.5,7.45,0.2,991.767,82.75,88.75
1759665600,2025-10-05 12:00:00,2025-10-05 14:00:00,ringsted,13.225,291.5,7.95,0.0,992.042,80.25,88.3333
1759669200,2025-10-05 13:00:00,2025-10-05 15:00:00,ringsted,13.125,204.0,8.375,0.2,992.35,82.75,98.3333
1759672800,2025-10-05 14:00:00,2025-10-05 16:00:00,ringsted,12.9,158.0,7.5,0.1,992.504,85.0,95.0
1759676400,2025-10-05 15:00:00,2025-10-05 17:00:00,ringsted,12.95,102.0,7.5,0.025,992.668,84.75,95.0
1759680000,2025-10-05 16:00:00,2025-10-05 18:00:00,ringsted,12.35,30.5,7.625,0.475,992.767,87.0,94.1667
1759683600,2025-10-05 17:00:00,2025-10-05 19:00:00,ringsted,11.975,6.0,7.875,0.525,992.688,90.0,100.0
1759687200,2025-10-05 18:00:00,2025-10-05 20:00:00,ringsted,11.775,0.0,8.1,1.5,992.692,92.25,100.0
1759690800,2025-10-05 19:00:00,2025-10-05 21:00:00,ringsted,11.9,0.0,7.825,0.625,992.588,91.0,100.0
1759694400,2025-10-05 20:00:00,2025-10-05 22:00:00,ringsted,11.825,0.0,8.275,1.425,992.521,91.5,100.0
1759698000,2025-10-05 21:00:00,2025-10-05 23:00:00,ringsted,11.7,0.0,8.4,2.2,992.85,92.75,98.3333
1759701600,2025-10-05 22:00:00,2025-10-06 00:00:00,ringsted,11.975,0.0,9.15,0.975,993.662,91.75,99.1667
1759705200,2025-10-05 23:00:00,2025-10-06 01:00:00,ringsted,12.25,0.0,9.775,0.725,994.854,91.0,97.5
1759708800,2025-10-06 00:00:00,2025-10-06 02:00:00,ringsted,12.225,0.0,9.525,0.275,996.112,91.0,100.0
1759712400,2025-10-06 01:00:00,2025-10-06 03:00:00,ringsted,12.325,0.0,9.3,0.5,997.463,91.0,100.0
1759716000,2025-10-06 02:00:00,2025-10-06 04:00:00,ringsted,12.3,0.0,9.275,0.55,998.813,90.25,100.0
1759719600,2025-10-06 03:00:00,2025-10-06 05:00:00,ringsted,12.1,0.0,8.775,0.5,1000.15,88.5,100.0
1759723200,2025-10-06 04:00:00,2025-10-06 06:00:00,ringsted,11.975,0.0,8.575,0.025,1001.4,86.5,100.0
1759726800,2025-10-06 05:00:00,2025-10-06 07:00:00,ringsted,11.95,0.0,8.6,0.0,1002.65,84.25,97.5
1759730400,2025-10-06 06:00:00,2025-10-06 08:00:00,ringsted,11.925,3.5,7.775,0.0,1003.67,84.25,83.75
1759734000,2025-10-06 07:00:00,2025-10-06 09:00:00,ringsted,12.0,66.0,7.175,0.0,1004.88,84.5,98.3333
1759737600,2025-10-06 08:00:00,2025-10-06 10:00:00,ringsted,12.425,164.5,7.0,0.0,1006.0,83.25,91.6667
1759741200,2025-10-06 09:00:00,2025-10-06 11:00:00,ringsted,12.9,242.5,6.675,0.0,1007.03,82.0,100.0
1759744800,2025-10-06 10:00:00,2025-10-06 12:00:00,ringsted,13.4,289.0,6.4,0.0,1007.95,81.0,100.0
1759748400,2025-10-06 11:00:00,2025-10-06 13:00:00,ringsted,13.5,345.0,6.475,0.1,1008.85,81.75,95.0
1759752000,2025-10-06 12:00:00,2025-10-06 14:00:00,ringsted,14.1,360.5,6.4,0.0,1009.59,79.0,88.75
1759755600,2025-10-06 13:00:00,2025-10-06 15:00:00,ringsted,14.525,379.5,6.125,0.0,1010.3,75.75,57.9167
1759759200,2025-10-06 14:00:00,2025-10-06 16:00:00,ringsted,14.6,325.0,5.575,0.0,1010.93,73.75,93.75
1759762800,2025-10-06 15:00:00,2025-10-06 17:00:00,ringsted,14.65,216.0,5.225,0.0,1011.82,73.5,60.0
1759766400,2025-10-06 16:00:00,2025-10-06 18:00:00,ringsted,13.925,97.0,3.925,0.0,1012.72,76.5,58.3333
1759770000,2025-10-06 17:00:00,2025-10-06 19:00:00,ringsted,12.325,5.0,2.0,0.0,1013.14,83.75,38.3333
1759773600,2025-10-06 18:00:00,2025-10-06 20:00:00,ringsted,10.75,0.0,0.975,0.0,1013.84,89.5,37.5
1759777200,2025-10-06 19:00:00,2025-10-06 21:00:00,ringsted,10.05,0.0,0.725,0.0,1014.47,93.25,37.5
1759780800,2025-10-06 20:00:00,2025-10-06 22:00:00,ringsted,9.7,0.0,0.7,0.0,1015.09,95.5,9.16667
1759784400,2025-10-06 21:00:00,2025-10-06 23:00:00,ringsted,9.475,0.0,0.625,0.0,1015.26,96.0,1.66667
1759788000,2025-10-06 22:00:00,2025-10-07 00:00:00,ringsted,9.1,0.0,0.75,0.0,1015.62,96.75,39.1667
1759791600,2025-10-06 23:00:00,2025-10-07 01:00:00,ringsted,8.95,0.0,1.325,0.0,1015.82,97.0,73.75
1759795200,2025-10-07 00:00:00,2025-10-07 02:00:00,ringsted,9.075,0.0,0.85,0.0,1015.8,97.0,97.5
1759798800,2025-10-07 01:00:00,2025-10-07 03:00:00,ringsted,9.425,0.0,0.65,0.0,1016.06,97.25,97.5
1759802400,2025-10-07 02:00:00,2025-10-07 04:00:00,ringsted,9.975,0.0,0.925,0.0,1016.25,97.25,100.0
1759806000,2025-10-07 03:00:00,2025-10-07 05:00:00,ringsted,10.625,0.0,1.0,0.075,1016.25,97.25,98.3333
1759809600,2025-10-07 04:00:00,2025-10-07 06:00:00,ringsted,10.65,0.0,0.45,0.0,1016.47,98.0,99.1667
1759813200,2025-10-07 05:00:00,2025-10-07 07:00:00,ringsted,10.775,0.0,0.925,0.0,1016.5,98.0,100.0
1759816800,2025-10-07 06:00:00,2025-10-07 08:00:00,ringsted,10.9,3.0,1.15,0.0,1016.68,98.5,97.5
1759820400,2025-10-07 07:00:00,2025-10-07 09:00:00,ringsted,11.825,52.5,1.525,0.0,1016.72,98.5,97.5
1759824000,2025-10-07 08:00:00,2025-10-07 10:00:00,ringsted,12.65,90.0,2.125,0.0,1017.05,97.25,95.0
1759827600,2025-10-07 09:00:00,2025-10-07 11:00:00,ringsted,13.225,114.5,2.975,0.0,1017.16,95.5,96.6667
1759831200,2025-10-07 10:00:00,2025-10-07 12:00:00,ringsted,13.625,99.0,3.125,0.0,1017.05,93.75,100.0
1759834800,2025-10-07 11:00:00,2025-10-07 13:00:00,ringsted,13.875,74.5,3.15,0.125,1016.75,93.0,100.0
1759838400,2025-10-07 12:00:00,2025-10-07 14:00:00,ringsted,13.7667,77.0,3.13333,0.833333,1016.48,95.0,104.0
1759842000,2025-10-07 13:00:00,2025-10-07 15:00:00,ringsted,13.8333,61.0,3.3,1.2,1016.13,96.3333,106.0
1759845600,2025-10-07 14:00:00,2025-10-07 16:00:00,ringsted,14.0,48.0,3.5,1.15,1015.81,96.75,106.0
1759849200,2025-10-07 15:00:00,2025-10-07 17:00:00,ringsted,14.05,26.5,3.5,1.375,1015.45,97.5,106.0
1759852800,2025-10-07 16:00:00,2025-10-07 18:00:00,ringsted,14.075,12.0,3.675,0.425,1015.2,97.75,106.0
1759856400,2025-10-07 17:00:00,2025-10-07 19:00:00,ringsted,14.05,1.0,4.025,0.025,1015.14,97.5,106.0
1759860000,2025-10-07 18:00:00,2025-10-07 20:00:00,ringsted,14.05,0.0,4.1,0.05,1014.89,97.25,103.5
1759863600,2025-10-07 19:00:00,2025-10-07 21:00:00,ringsted,14.1,0.0,4.225,0.0,1014.78,96.5,106.0
1759867200,2025-10-07 20:00:00,2025-10-07 22:00:00,ringsted,14.25,0.0,4.35,0.05,1014.67,97.0,105.0
1759870800,2025-10-07 21:00:00,2025-10-07 23:00:00,ringsted,14.325,0.0,4.025,0.0,1014.47,97.0,103.5
1759874400,2025-10-07 22:00:00,2025-10-08 00:00:00,ringsted,14.275,0.0,3.975,0.0,1014.21,95.25,102.167
1759878000,2025-10-07 23:00:00,2025-10-08 01:00:00,ringsted,14.025,0.0,3.625,0.0,1014.05,94.25,97.5
1759881600,2025-10-08 00:00:00,2025-10-08 02:00:00,ringsted,13.625,0.0,3.45,0.0,1013.82,94.0,95.0
1759885200,2025-10-08 01:00:00,2025-10-08 03:00:00,ringsted,13.15,,3.05,0.0,1013.58,95.0,95.0
1759888800,2025-10-08 02:00:00,2025-10-08 04:00:00,ringsted,13.1,,3.2,0.0,1013.3,95.5,92.5
1759892400,2025-10-08 03:00:00,2025-10-08 05:00:00,ringsted,12.775,0.0,2.575,0.0,1013.1,95.0,95.8333
1759896000,2025-10-08 04:00:00,2025-10-08 06:00:00,ringsted,12.6,0.0,2.35,0.0,1013.09,95.25,100.0
1759899600,2025-10-08 05:00:00,2025-10-08 07:00:00,ringsted,12.625,0.0,2.575,0.0,1013.13,95.75,100.0
1759903200,2025-10-08 06:00:00,2025-10-08 08:00:00,ringsted,12.725,1.5,2.775,0.0,1013.12,95.5,100.0
1759906800,2025-10-08 07:00:00,2025-10-08 09:00:00,ringsted,12.775,25.0,2.775,0.0,1013.24,96.0,103.0
1759910400,2025-10-08 08:00:00,2025-10-08 10:00:00,ringsted,13.0,47.0,3.05,0.025,1013.4,96.5,106.0
1759914000,2025-10-08 09:00:00,2025-10-08 11:00:00,ringsted,13.225,94.0,3.3,0.075,1013.4,96.5,105.0
1759917600,2025-10-08 10:00:00,2025-10-08 12:00:00,ringsted,13.625,110.5,2.975,0.0,1013.31,96.25,101.0
1759921200,2025-10-08 11:00:00,2025-10-08 13:00:00,ringsted,14.025,137.5,2.9,0.05,1013.02,95.5,100.0
1759924800,2025-10-08 12:00:00,2025-10-08 14:00:00,ringsted,14.4,131.5,3.0,0.025,1013.07,93.75,100.0
1759928400,2025-10-08 13:00:00,2025-10-08 15:00:00,ringsted,14.375,174.0,3.05,0.375,1013.29,91.75,99.1667
1759932000,2025-10-08 14:00:00,2025-10-08 16:00:00,ringsted,14.525,196.0,3.2,0.1,1013.3,88.25,71.6667
1759935600,2025-10-08 15:00:00,2025-10-08 17:00:00,ringsted,14.65,175.5,3.0,0.0,1013.26,83.5,57.9167
1759939200,2025-10-08 16:00:00,2025-10-08 18:00:00,ringsted,14.15,74.0,2.425,0.0,1013.5,81.0,6.25
1759942800,2025-10-08 17:00:00,2025-10-08 19:00:00,ringsted,12.4,2.0,1.225,0.0,1013.74,87.5,29.1667
1759946400,2025-10-08 18:00:00,2025-10-08 20:00:00,ringsted,10.725,0.0,1.125,0.0,1014.0,94.25,12.9167
1759950000,2025-10-08 19:00:00,2025-10-08 21:00:00,ringsted,10.55,0.0,1.0,0.0,1014.1,96.5,88.75
1759953600,2025-10-08 20:00:00,2025-10-08 22:00:00,ringsted,10.475,0.0,1.025,0.0,1014.28,95.75,62.7273
1759957200,2025-10-08 21:00:00,2025-10-08 23:00:00,ringsted,10.575,0.0,1.675,0.0,1014.38,95.5,93.3333
1759960800,2025-10-08 22:00:00,2025-10-09 00:00:00,ringsted,10.55,0.0,1.45,0.0,1014.51,94.75,100.0
1759964400,2025-10-08 23:00:00,2025-10-09 01:00:00,ringsted,10.8,0.0,1.5,0.0,1014.52,94.5,99.1667
1759968000,2025-10-09 00:00:00,2025-10-09 02:00:00,ringsted,10.875,0.0,1.225,0.0,1014.51,95.0,87.9167
1759971600,2025-10-09 01:00:00,2025-10-09 03:00:00,ringsted,10.35,0.0,1.25,0.0,1014.7,95.0,66.6667
1759975200,2025-10-09 02:00:00,2025-10-09 04:00:00,ringsted,9.575,0.0,1.35,0.0,1014.78,95.25,40.4167
1759978800,2025-10-09 03:00:00,2025-10-09 05:00:00,ringsted,8.675,0.0,1.025,0.0,1014.67,96.0,2.5
1759982400,2025-10-09 04:00:00,2025-10-09 06:00:00,ringsted,8.3,0.0,1.4,0.0,1014.69,96.5,0.0
1759986000,2025-10-09 05:00:00,2025-10-09 07:00:00,ringsted,7.6,0.0,1.225,0.0,1015.0,97.5,0.0
1759989600,2025-10-09 06:00:00,2025-10-09 08:00:00,ringsted,7.8,3.5,1.45,0.0,1015.18,97.75,0.0
1759993200,2025-10-09 07:00:00,2025-10-09 09:00:00,ringsted,8.825,89.5,1.975,0.0,1015.32,97.0,0.0
1759996800,2025-10-09 08:00:00,2025-10-09 10:00:00,ringsted,10.75,204.5,2.475,0.0,1015.36,93.25,0.0
1760000400,2025-10-09 09:00:00,2025-10-09 11:00:00,ringsted,12.425,314.0,3.775,0.0,1015.15,84.75,35.0
1760004000,2025-10-09 10:00:00,2025-10-09 12:00:00,ringsted,13.45,388.0,5.025,0.0,1015.22,78.75,52.9167
1760007600,2025-10-09 11:00:00,2025-10-09 13:00:00,ringsted,13.825,287.0,5.225,0.0,1015.06,77.5,99.1667
1760011200,2025-10-09 12:00:00,2025-10-09 14:00:00,ringsted,13.9,176.0,5.125,0.0,1014.6,78.25,97.5
1760014800,2025-10-09 13:00:00,2025-10-09 15:00:00,ringsted,13.725,133.0,5.35,0.0,1014.23,81.0,94.5833
1760018400,2025-10-09 14:00:00,2025-10-09 16:00:00,ringsted,13.625,145.0,5.225,0.0,1013.92,85.25,99.1667
1760022000,2025-10-09 15:00:00,2025-10-09 17:00:00,ringsted,13.325,63.0,5.1,0.0,1013.48,90.0,100.0
1760025600,2025-10-09 16:00:00,2025-10-09 18:00:00,ringsted,13.275,17.5,5.275,0.025,1013.32,91.25,100.0
1760029200,2025-10-09 17:00:00,2025-10-09 19:00:00,ringsted,13.325,0.0,5.675,0.0,1013.35,90.25,100.0
1760032800,2025-10-09 18:00:00,2025-10-09 20:00:00,ringsted,13.075,0.0,5.6,0.15,1013.27,93.0,100.0
1760036400,2025-10-09 19:00:00,2025-10-09 21:00:00,ringsted,13.05,0.0,5.475,0.05,1013.49,93.5,95.0
1760040000,2025-10-09 20:00:00,2025-10-09 22:00:00,ringsted,13.05,0.0,5.425,0.0,1013.59,90.5,86.25
1760043600,2025-10-09 21:00:00,2025-10-09 23:00:00,ringsted,12.8,0.0,5.6,0.0,1013.7,88.75,70.4545
1760047200,2025-10-09 22:00:00,2025-10-10 00:00:00,ringsted,12.625,0.0,6.1,0.0,1014.01,88.25,64.5833
1760050800,2025-10-09 23:00:00,2025-10-10 01:00:00,ringsted,12.4,0.0,6.85,0.0,1014.23,84.75,79.1667
1760054400,2025-10-10 00:00:00,2025-10-10 02:00:00,ringsted,12.025,0.0,6.625,0.0,1014.43,82.75,67.5
1760058000,2025-10-10 01:00:00,2025-10-10 03:00:00,ringsted,11.75,0.0,6.925,0.0,1014.54,80.75,51.25
1760061600,2025-10-10 02:00:00,2025-10-10 04:00:00,ringsted,11.5,0.0,6.925,0.0,1014.97,80.25,47.5
1760065200,2025-10-10 03:00:00,2025-10-10 05:00:00,ringsted,11.4,0.0,6.15,0.0,1015.34,80.75,56.8182
1760068800,2025-10-10 04:00:00,2025-10-10 06:00:00,ringsted,11.15,0.0,5.8,0.0,1016.01,82.75,64.5833
1760072400,2025-10-10 05:00:00,2025-10-10 07:00:00,ringsted,11.15,0.0,5.6,0.0,1016.36,84.25,92.2727
1760076000,2025-10-10 06:00:00,2025-10-10 08:00:00,ringsted,11.45,3.0,6.3,0.0,1017.03,83.75,72.0833
1760079600,2025-10-10 07:00:00,2025-10-10 09:00:00,ringsted,11.95,36.5,6.575,0.0,1017.64,83.25,94.1667
1760083200,2025-10-10 08:00:00,2025-10-10 10:00:00,ringsted,12.7,102.5,6.75,0.0,1018.3,81.5,87.5
1760086800,2025-10-10 09:00:00,2025-10-10 11:00:00,ringsted,13.275,186.0,7.175,0.0,1018.79,82.5,95.0
1760090400,2025-10-10 10:00:00,2025-10-10 12:00:00,ringsted,13.875,212.5,7.325,0.0,1019.0,81.25,98.3333
1760094000,2025-10-10 11:00:00,2025-10-10 13:00:00,ringsted,14.425,201.5,7.275,0.0,1019.01,79.5,96.6667
1760097600,2025-10-10 12:00:00,2025-10-10 14:00:00,ringsted,14.65,195.0,7.45,0.0,1019.21,79.5,100.0
1760101200,2025-10-10 13:00:00,2025-10-10 15:00:00,ringsted,14.525,102.5,6.975,0.0,1019.38,80.5,100.0
1760104800,2025-10-10 14:00:00,2025-10-10 16:00:00,ringsted,14.25,66.0,6.75,0.0,1019.52,81.5,100.0
1760108400,2025-10-10 15:00:00,2025-10-10 17:00:00,ringsted,14.225,45.5,6.9,0.0,1019.63,79.75,100.0
1760112000,2025-10-10 16:00:00,2025-10-10 18:00:00,ringsted,14.075,34.0,6.9,0.0,1019.97,81.25,98.3333
1760115600,2025-10-10 17:00:00,2025-10-10 19:00:00,ringsted,13.85,1.5,6.775,0.0,1019.96,83.75,95.0
1760119200,2025-10-10 18:00:00,2025-10-10 20:00:00,ringsted,13.725,0.0,7.55,0.0,1020.14,82.75,99.1667
1760122800,2025-10-10 19:00:00,2025-10-10 21:00:00,ringsted,13.6,0.0,7.275,0.0,1020.22,83.25,100.0
1760126400,2025-10-10 20:00:00,2025-10-10 22:00:00,ringsted,13.6,0.0,7.725,0.0,1020.29,83.5,100.0
1760130000,2025-10-10 21:00:00,2025-10-10 23:00:00,ringsted,13.55,0.0,8.05,0.0,1020.2,83.0,100.0
1760133600,2025-10-10 22:00:00,2025-10-11 00:00:00,ringsted,13.55,0.0,8.6,0.0,1019.89,82.75,100.0
1760137200,2025-10-10 23:00:00,2025-10-11 01:00:00,ringsted,13.65,0.0,8.9,0.0,1019.76,83.0,100.0
1760140800,2025-10-11 00:00:00,2025-10-11 02:00:00,ringsted,13.65,0.0,8.9,0.0,1019.73,83.25,96.6667
1760144400,2025-10-11 01:00:00,2025-10-11 03:00:00,ringsted,13.5,0.0,9.05,0.0,1019.79,82.25,95.8333
1760148000,2025-10-11 02:00:00,2025-10-11 04:00:00,ringsted,13.25,0.0,8.475,0.0,1020.01,81.75,97.5
1760151600,2025-10-11 03:00:00,2025-10-11 05:00:00,ringsted,12.875,0.0,8.425,0.0,1020.32,81.5,100.0
1760155200,2025-10-11 04:00:00,2025-10-11 06:00:00,ringsted,12.325,0.0,7.8,0.0,1020.44,81.5,99.1667
1760158800,2025-10-11 05:00:00,2025-10-11 07:00:00,ringsted,12.15,0.0,7.925,0.0,1020.59,82.75,96.6667
1760162400,2025-10-11 06:00:00,2025-10-11 08:00:00,ringsted,12.05,0.5,7.575,0.0,1020.89,83.25,96.6667
1760166000,2025-10-11 07:00:00,2025-10-11 09:00:00,ringsted,12.175,31.0,7.225,0.0,1021.46,83.0,96.6667
1760169600,2025-10-11 08:00:00,2025-10-11 10:00:00,ringsted,12.5,78.5,6.95,0.0,1021.93,82.0,95.8333
1760173200,2025-10-11 09:00:00,2025-10-11 11:00:00,ringsted,12.9,147.0,7.275,0.0,1022.17,81.25,95.8333
1760176800,2025-10-11 10:00:00,2025-10-11 12:00:00,ringsted,13.125,211.0,7.575,0.0,1022.51,80.5,100.0
1760180400,2025-10-11 11:00:00,2025-10-11 13:00:00,ringsted,13.225,174.5,6.7,0.0,1022.58,79.25,100.0
1760184000,2025-10-11 12:00:00,2025-10-11 14:00:00,ringsted,13.175,185.5,6.5,0.0,1022.49,79.25,100.0
1760187600,2025-10-11 13:00:00,2025-10-11 15:00:00,ringsted,13.15,150.5,5.85,0.0,1022.43,80.0,100.0
1760191200,2025-10-11 14:00:00,2025-10-11 16:00:00,ringsted,13.35,121.5,5.725,0.0,1022.36,78.75,100.0
1760194800,2025-10-11 15:00:00,2025-10-11 17:00:00,ringsted,13.375,67.5,5.2,0.0,1022.18,80.5,100.0
1760198400,2025-10-11 16:00:00,2025-10-11 18:00:00,ringsted,13.325,23.0,4.675,0.0,1021.95,82.25,99.1667
1760202000,2025-10-11 17:00:00,2025-10-11 19:00:00,ringsted,13.075,1.5,5.0,0.0,1022.15,83.25,96.25
1760205600,2025-10-11 18:00:00,2025-10-11 20:00:00,ringsted,12.85,0.0,5.675,0.0,1022.24,83.5,99.1667
1760209200,2025-10-11 19:00:00,2025-10-11 21:00:00,ringsted,12.525,0.0,5.1,0.0,1022.12,84.25,90.0
1760212800,2025-10-11 20:00:00,2025-10-11 22:00:00,ringsted,12.225,0.0,5.3,0.0,1022.1,83.5,96.6667
1760216400,2025-10-11 21:00:00,2025-10-11 23:00:00,ringsted,11.925,0.0,4.85,0.0,1022.14,84.75,95.0
1760220000,2025-10-11 22:00:00,2025-10-12 00:00:00,ringsted,11.675,0.0,5.2,0.0,1021.85,86.0,99.1667
1760223600,2025-10-11 23:00:00,2025-10-12 01:00:00,ringsted,11.675,0.0,5.325,0.0,1021.42,87.0,100.0
1760227200,2025-10-12 00:00:00,2025-10-12 02:00:00,ringsted,11.8,0.0,5.725,0.0,1021.01,88.5,100.0
1760230800,2025-10-12 01:00:00,2025-10-12 03:00:00,ringsted,11.975,0.0,5.05,0.0,1020.35,89.75,100.0
1760234400,2025-10-12 02:00:00,2025-10-12 04:00:00,ringsted,12.15,0.0,5.3,0.0,1019.82,90.75,100.0
1760238000,2025-10-12 03:00:00,2025-10-12 05:00:00,ringsted,12.325,0.0,5.175,0.0,1019.28,91.0,100.0
1760241600,2025-10-12 04:00:00,2025-10-12 06:00:00,ringsted,12.4,0.0,5.325,0.0,1018.79,91.75,100.0
1760245200,2025-10-12 05:00:00,2025-10-12 07:00:00,ringsted,12.3,0.0,5.475,0.025,1018.6,93.75,100.0
1760248800,2025-10-12 06:00:00,2025-10-12 08:00:00,ringsted,12.2,0.5,5.075,0.075,1018.53,96.0,100.0
1760252400,2025-10-12 07:00:00,2025-10-12 09:00:00,ringsted,12.4,23.5,4.425,0.1,1018.85,96.25,100.0
1760256000,2025-10-12 08:00:00,2025-10-12 10:00:00,ringsted,12.9,66.0,4.75,0.0,1019.08,93.5,97.5
1760259600,2025-10-12 09:00:00,2025-10-12 11:00:00,ringsted,13.35,106.0,4.4,0.0,1019.27,89.75,98.3333
1760263200,2025-10-12 10:00:00,2025-10-12 12:00:00,ringsted,13.95,158.0,4.3,0.0,1019.39,86.5,96.6667
1760266800,2025-10-12 11:00:00,2025-10-12 13:00:00,ringsted,14.475,223.0,4.3,0.0,1019.26,83.5,77.9167
1760270400,2025-10-12 12:00:00,2025-10-12 14:00:00,ringsted,14.975,257.0,3.8,0.0,1019.37,81.75,59.1667
1760274000,2025-10-12 13:00:00,2025-10-12 15:00:00,ringsted,15.5,355.0,3.525,0.0,1019.63,78.5,23.75
1760277600,2025-10-12 14:00:00,2025-10-12 16:00:00,ringsted,15.975,279.5,3.15,0.0,1019.83,75.25,34.5833
1760281200,2025-10-12 15:00:00,2025-10-12 17:00:00,ringsted,15.775,185.0,3.075,0.0,1020.08,75.5,10.0
1760284800,2025-10-12 16:00:00,2025-10-12 18:00:00,ringsted,14.775,67.0,2.925,0.0,1020.5,79.75,6.25
1760288400,2025-10-12 17:00:00,2025-10-12 19:00:00,ringsted,13.05,2.5,2.5,0.0,1021.02,84.25,0.0
1760292000,2025-10-12 18:00:00,2025-10-12 20:00:00,ringsted,11.8,0.0,2.475,0.0,1021.43,86.5,0.833333
1760295600,2025-10-12 19:00:00,2025-10-12 21:00:00,ringsted,10.65,0.0,1.95,0.0,1021.8,86.5,0.0
1760299200,2025-10-12 20:00:00,2025-10-12 22:00:00,ringsted,9.775,0.0,2.075,0.0,1022.14,87.0,0.0
1760302800,2025-10-12 21:00:00,2025-10-12 23:00:00,ringsted,9.125,0.0,1.925,0.0,1022.38,88.5,0.0
1760306400,2025-10-12 22:00:00,2025-10-13 00:00:00,ringsted,7.85,0.0,1.7,0.0,1022.69,92.25,0.0
1760310000,2025-10-12 23:00:00,2025-10-13 01:00:00,ringsted,7.125,0.0,1.575,0.0,1022.92,93.5,0.0
1760313600,2025-10-13 00:00:00,2025-10-13 02:00:00,ringsted,6.725,0.0,1.3,0.0,1022.98,93.0,0.0
1760317200,2025-10-13 01:00:00,2025-10-13 03:00:00,ringsted,5.5,0.0,1.025,0.0,1022.94,95.0,0.0
1760320800,2025-10-13 02:00:00,2025-10-13 04:00:00,ringsted,4.55,0.0,0.95,0.0,1023.08,96.5,0.0
1760324400,2025-10-13 03:00:00,2025-10-13 05:00:00,ringsted,4.1,0.0,1.05,0.0,1023.06,95.75,0.0
1760328000,2025-10-13 04:00:00,2025-10-13 06:00:00,ringsted,3.325,0.0,1.025,0.0,1023.0,96.5,0.0
1760331600,2025-10-13 05:00:00,2025-10-13 07:00:00,ringsted,2.9,0.0,1.025,0.0,1022.96,97.0,0.0
1760335200,2025-10-13 06:00:00,2025-10-13 08:00:00,ringsted,2.825,1.5,1.275,0.0,1023.14,97.25,0.0
1760338800,2025-10-13 07:00:00,2025-10-13 09:00:00,ringsted,3.675,68.5,1.15,0.0,1023.05,96.5,2.5
1760342400,2025-10-13 08:00:00,2025-10-13 10:00:00,ringsted,6.95,193.0,0.625,0.0,1022.98,89.25,0.0
1760346000,2025-10-13 09:00:00,2025-10-13 11:00:00,ringsted,10.2,300.0,1.3,0.0,1023.02,73.0,0.0
1760349600,2025-10-13 10:00:00,2025-10-13 12:00:00,ringsted,12.0,378.5,1.8,0.0,1023.04,64.25,0.833333
1760353200,2025-10-13 11:00:00,2025-10-13 13:00:00,ringsted,13.0,413.0,2.075,0.0,1022.7,59.5,1.66667
1760356800,2025-10-13 12:00:00,2025-10-13 14:00:00,ringsted,13.625,413.0,2.35,0.0,1022.25,57.0,0.0
1760360400,2025-10-13 13:00:00,2025-10-13 15:00:00,ringsted,14.05,382.0,2.725,0.0,1021.97,55.25,44.5833
1760364000,2025-10-13 14:00:00,2025-10-13 16:00:00,ringsted,14.175,263.0,2.325,0.0,1021.68,58.0,29.1667
1760367600,2025-10-13 15:00:00,2025-10-13 17:00:00,ringsted,13.85,147.0,2.175,0.0,1021.26,61.75,7.5
1760371200,2025-10-13 16:00:00,2025-10-13 18:00:00,ringsted,12.4,46.0,1.875,0.0,1020.79,68.25,1.66667
1760374800,2025-10-13 17:00:00,2025-10-13 19:00:00,ringsted,10.15,1.5,1.225,0.0,1020.31,78.25,12.0833
1760378400,2025-10-13 18:00:00,2025-10-13 20:00:00,ringsted,9.325,0.0,1.175,0.0,1020.0,84.0,70.8333
1760382000,2025-10-13 19:00:00,2025-10-13 21:00:00,ringsted,10.075,0.0,1.675,0.0,1019.54,87.0,100.0
1760385600,2025-10-13 20:00:00,2025-10-13 22:00:00,ringsted,10.8,0.0,1.75,0.0,1019.34,87.25,100.0
1760389200,2025-10-13 21:00:00,2025-10-13 23:00:00,ringsted,10.8,0.0,1.9,0.0,1018.89,89.5,100.0
1760392800,2025-10-13 22:00:00,2025-10-14 00:00:00,ringsted,11.2,0.0,2.2,0.0,1018.58,90.25,100.0
1760396400,2025-10-13 23:00:00,2025-10-14 01:00:00,ringsted,11.575,0.0,2.075,0.0,1018.24,91.75,100.0
1760400000,2025-10-14 00:00:00,2025-10-14 02:00:00,ringsted,11.575,0.0,1.775,0.0,1017.95,93.0,100.0
1760403600,2025-10-14 01:00:00,2025-10-14 03:00:00,ringsted,11.6,0.0,1.45,0.0,1017.65,93.0,100.0
1760407200,2025-10-14 02:00:00,2025-10-14 04:00:00,ringsted,11.575,0.0,1.35,0.0,1017.37,93.75,98.3333
1760410800,2025-10-14 03:00:00,2025-10-14 05:00:00,ringsted,11.625,0.0,1.4,0.0,1017.2,94.5,98.3333
1760414400,2025-10-14 04:00:00,2025-10-14 06:00:00,ringsted,11.65,0.0,1.525,0.0,1017.16,94.75,97.5
1760418000,2025-10-14 05:00:00,2025-10-14 07:00:00,ringsted,11.6,0.0,1.5,0.0,1017.24,95.25,100.0
1760421600,2025-10-14 06:00:00,2025-10-14 08:00:00,ringsted,11.525,0.5,1.325,0.0,1017.47,96.25,100.0
1760425200,2025-10-14 07:00:00,2025-10-14 09:00:00,ringsted,11.625,15.0,1.025,0.0,1017.82,96.5,100.0
1760428800,2025-10-14 08:00:00,2025-10-14 10:00:00,ringsted,12.1,49.5,1.225,0.0,1018.16,95.75,99.1667
1760432400,2025-10-14 09:00:00,2025-10-14 11:00:00,ringsted,12.475,89.5,1.825,0.0,1018.49,93.0,66.6667
1760436000,2025-10-14 10:00:00,2025-10-14 12:00:00,ringsted,12.825,193.0,1.125,0.0,1018.5,89.75,60.4167
1760439600,2025-10-14 11:00:00,2025-10-14 13:00:00,ringsted,13.35,206.5,1.55,0.05,1018.42,85.0,38.3333
1760443200,2025-10-14 12:00:00,2025-10-14 14:00:00,ringsted,14.025,241.5,1.225,0.0,1018.49,80.5,79.1667
1760446800,2025-10-14 13:00:00,2025-10-14 15:00:00,ringsted,14.4,176.5,2.025,0.0,1018.53,78.5,72.9167
1760450400,2025-10-14 14:00:00,2025-10-14 16:00:00,ringsted,14.375,165.5,2.625,0.0,1018.41,78.25,51.3636
1760454000,2025-10-14 15:00:00,2025-10-14 17:00:00,ringsted,14.2,140.0,2.725,0.0,1018.72,77.25,45.8333
1760457600,2025-10-14 16:00:00,2025-10-14 18:00:00,ringsted,13.475,62.5,2.125,0.0,1019.01,79.0,58.75
1760461200,2025-10-14 17:00:00,2025-10-14 19:00:00,ringsted,12.05,1.0,2.0,0.0,1019.39,83.0,37.0833
1760464800,2025-10-14 18:00:00,2025-10-14 20:00:00,ringsted,10.7,0.0,1.4,0.0,1019.58,88.25,45.8333
1760468400,2025-10-14 19:00:00,2025-10-14 21:00:00,ringsted,9.45,0.0,1.025,0.0,1019.78,93.75,45.0
1760472000,2025-10-14 20:00:00,2025-10-14 22:00:00,ringsted,9.4,0.0,1.15,0.0,1019.95,94.75,2.08333
1760475600,2025-10-14 21:00:00,2025-10-14 23:00:00,ringsted,8.7,0.0,1.05,0.0,1020.16,95.75,25.0
1760479200,2025-10-14 22:00:00,2025-10-15 00:00:00,ringsted,8.3,0.0,0.7,0.0,1020.29,97.25,7.08333
1760482800,2025-10-14 23:00:00,2025-10-15 01:00:00,ringsted,7.75,0.0,0.85,0.0,1020.34,97.5,0.833333
1760486400,2025-10-15 00:00:00,2025-10-15 02:00:00,ringsted,7.775,0.0,0.95,0.0,1020.36,98.25,0.0
1760490000,2025-10-15 01:00:00,2025-10-15 03:00:00,ringsted,7.45,0.0,1.1,0.0,1020.17,98.25,25.1667
1760493600,2025-10-15 02:00:00,2025-10-15 04:00:00,ringsted,7.1,0.0,0.95,0.0,1019.89,98.75,52.9167
1760497200,2025-10-15 03:00:00,2025-10-15 05:00:00,ringsted,6.875,0.0,0.85,0.0,1019.58,99.0,22.8333
1760500800,2025-10-15 04:00:00,2025-10-15 06:00:00,ringsted,7.0,0.0,0.675,0.0,1019.38,99.0,56.0
1760504400,2025-10-15 05:00:00,2025-10-15 07:00:00,ringsted,7.25,0.0,1.0,0.0,1019.35,99.0,56.0
1760508000,2025-10-15 06:00:00,2025-10-15 08:00:00,ringsted,8.3,0.5,1.3,0.0,1019.5,99.25,56.0
1760511600,2025-10-15 07:00:00,2025-10-15 09:00:00,ringsted,9.325,23.0,1.475,0.0,1019.46,99.25,72.6667
1760515200,2025-10-15 08:00:00,2025-10-15 10:00:00,ringsted,10.225,73.0,2.525,0.025,1019.24,99.25,105.0
1760518800,2025-10-15 09:00:00,2025-10-15 11:00:00,ringsted,10.8,111.5,2.675,0.075,1018.95,98.75,101.0
1760522400,2025-10-15 10:00:00,2025-10-15 12:00:00,ringsted,11.575,153.5,3.55,0.05,1018.62,97.25,100.0
1760526000,2025-10-15 11:00:00,2025-10-15 13:00:00,ringsted,12.175,154.0,3.7,0.075,1018.12,94.75,100.0
1760529600,2025-10-15 12:00:00,2025-10-15 14:00:00,ringsted,12.475,111.0,3.725,0.0,1017.53,93.25,100.0
1760533200,2025-10-15 13:00:00,2025-10-15 15:00:00,ringsted,12.475,87.5,4.0,0.05,1017.08,92.25,97.5
1760536800,2025-10-15 14:00:00,2025-10-15 16:00:00,ringsted,12.425,98.0,4.3,0.075,1016.82,90.0,100.0
1760540400,2025-10-15 15:00:00,2025-10-15 17:00:00,ringsted,12.0,43.5,3.85,0.0,1016.44,86.25,100.0
1760544000,2025-10-15 16:00:00,2025-10-15 18:00:00,ringsted,11.65,7.0,3.65,0.0,1016.12,83.75,100.0
1760547600,2025-10-15 17:00:00,2025-10-15 19:00:00,ringsted,11.375,0.5,3.75,0.0,1015.74,82.75,100.0
1760551200,2025-10-15 18:00:00,2025-10-15 20:00:00,ringsted,11.175,0.0,3.55,0.0,1015.33,84.75,100.0
1760554800,2025-10-15 19:00:00,2025-10-15 21:00:00,ringsted,11.075,0.0,3.725,0.0,1014.92,87.75,100.0
1760558400,2025-10-15 20:00:00,2025-10-15 22:00:00,ringsted,11.225,0.0,3.8,0.0,1014.61,88.0,100.0
1760562000,2025-10-15 21:00:00,2025-10-15 23:00:00,ringsted,11.3,0.0,3.775,0.0,1014.42,88.75,100.0
1760565600,2025-10-15 22:00:00,2025-10-16 00:00:00,ringsted,11.35,0.0,3.575,0.0,1014.07,88.75,100.0
1760569200,2025-10-15 23:00:00,2025-10-16 01:00:00,ringsted,11.225,0.0,3.4,0.0,1013.97,90.0,100.0
1760572800,2025-10-16 00:00:00,2025-10-16 02:00:00,ringsted,11.05,0.0,2.875,0.0,1013.9,89.75,62.5
1760576400,2025-10-16 01:00:00,2025-10-16 03:00:00,ringsted,10.525,0.0,3.0,0.0,1013.65,90.25,13.75
1760580000,2025-10-16 02:00:00,2025-10-16 04:00:00,ringsted,9.4,0.0,2.825,0.0,1013.43,94.25,17.5
1760583600,2025-10-16 03:00:00,2025-10-16 05:00:00,ringsted,9.225,0.0,2.4,0.0,1013.21,95.75,72.2727
1760587200,2025-10-16 04:00:00,2025-10-16 06:00:00,ringsted,9.7,0.0,2.7,0.0,1013.04,95.5,72.9167
1760590800,2025-10-16 05:00:00,2025-10-16 07:00:00,ringsted,9.625,0.0,2.675,0.0,1012.95,96.0,68.3333
1760594400,2025-10-16 06:00:00,2025-10-16 08:00:00,ringsted,9.625,1.0,2.575,0.0,1013.18,95.75,65.0
1760598000,2025-10-16 07:00:00,2025-10-16 09:00:00,ringsted,9.7,41.5,2.65,0.0,1013.34,95.5,28.3333
1760601600,2025-10-16 08:00:00,2025-10-16 10:00:00,ringsted,10.7,121.5,3.3,0.0,1013.4,93.75,45.0
1760605200,2025-10-16 09:00:00,2025-10-16 11:00:00,ringsted,11.725,177.5,4.2,0.0,1013.47,89.0,87.9167
1760608800,2025-10-16 10:00:00,2025-10-16 12:00:00,ringsted,12.625,172.5,4.325,0.0,1013.35,84.0,95.0
1760612400,2025-10-16 11:00:00,2025-10-16 13:00:00,ringsted,13.15,205.5,4.85,0.0,1012.85,81.75,95.0
1760616000,2025-10-16 12:00:00,2025-10-16 14:00:00,ringsted,13.725,263.0,4.9,0.0,1012.54,80.75,86.6667
1760619600,2025-10-16 13:00:00,2025-10-16 15:00:00,ringsted,13.575,131.0,4.825,0.0,1012.38,79.75,95.0
1760623200,2025-10-16 14:00:00,2025-10-16 16:00:00,ringsted,13.65,108.5,4.825,0.0,1012.36,77.75,93.75
1760626800,2025-10-16 15:00:00,2025-10-16 17:00:00,ringsted,13.4,54.5,4.425,0.0,1012.44,78.25,96.6667
1760630400,2025-10-16 16:00:00,2025-10-16 18:00:00,ringsted,13.125,14.0,4.375,0.0,1012.53,78.5,97.5
1760634000,2025-10-16 17:00:00,2025-10-16 19:00:00,ringsted,12.75,0.0,4.1,0.0,1012.61,77.75,100.0
1760637600,2025-10-16 18:00:00,2025-10-16 20:00:00,ringsted,12.425,0.0,3.95,0.0,1012.7,78.0,100.0
1760641200,2025-10-16 19:00:00,2025-10-16 21:00:00,ringsted,12.15,0.0,4.15,0.0,1012.76,78.75,72.0833
1760644800,2025-10-16 20:00:00,2025-10-16 22:00:00,ringsted,11.3,0.0,3.675,0.0,1012.77,81.75,57.0833
1760648400,2025-10-16 21:00:00,2025-10-16 23:00:00,ringsted,10.775,0.0,3.675,0.0,1012.76,83.5,60.0
1760652000,2025-10-16 22:00:00,2025-10-17 00:00:00,ringsted,10.225,0.0,3.6,0.0,1012.7,86.25,89.5833
1760655600,2025-10-16 23:00:00,2025-10-17 01:00:00,ringsted,10.225,0.0,3.15,0.0,1012.6,88.25,95.0
1760659200,2025-10-17 00:00:00,2025-10-17 02:00:00,ringsted,10.35,0.0,2.825,0.0,1012.56,90.0,98.3333
1760662800,2025-10-17 01:00:00,2025-10-17 03:00:00,ringsted,10.35,0.0,3.0,0.0,1012.43,89.5,73.75
1760666400,2025-10-17 02:00:00,2025-10-17 04:00:00,ringsted,9.7,0.0,3.125,0.0,1012.3,88.75,46.6667
1760670000,2025-10-17 03:00:00,2025-10-17 05:00:00,ringsted,8.625,0.0,3.05,0.0,1012.33,89.5,13.75
1760673600,2025-10-17 04:00:00,2025-10-17 06:00:00,ringsted,7.525,0.0,2.275,0.0,1012.33,90.5,0.0
1760677200,2025-10-17 05:00:00,2025-10-17 07:00:00,ringsted,6.975,0.0,2.425,0.0,1012.3,92.0,0.0
1760680800,2025-10-17 06:00:00,2025-10-17 08:00:00,ringsted,6.625,0.5,2.525,0.0,1012.46,92.75,38.75
1760684400,2025-10-17 07:00:00,2025-10-17 09:00:00,ringsted,7.35,28.5,2.575,0.0,1012.65,92.75,48.75
1760688000,2025-10-17 08:00:00,2025-10-17 10:00:00,ringsted,8.6,100.0,2.45,0.0,1012.75,92.0,95.4167
1760691600,2025-10-17 09:00:00,2025-10-17 11:00:00,ringsted,10.025,210.5,3.775,0.025,1012.79,89.75,100.0
1760695200,2025-10-17 10:00:00,2025-10-17 12:00:00,ringsted,10.475,175.0,4.025,0.0,1012.89,86.0,73.75
1760698800,2025-10-17 11:00:00,2025-10-17 13:00:00,ringsted,10.7,247.5,4.675,0.0,1012.8,80.25,87.9167
1760702400,2025-10-17 12:00:00,2025-10-17 14:00:00,ringsted,10.575,186.0,4.85,0.0,1012.75,77.0,92.9167
1760706000,2025-10-17 13:00:00,2025-10-17 15:00:00,ringsted,10.475,204.5,4.55,0.0,1012.74,74.0,69.1667
1760709600,2025-10-17 14:00:00,2025-10-17 16:00:00,ringsted,10.1,148.0,4.3,0.15,1012.93,73.0,64.5833
1760713200,2025-10-17 15:00:00,2025-10-17 17:00:00,ringsted,9.425,102.5,4.175,0.125,1013.26,71.0,62.9167
1760716800,2025-10-17 16:00:00,2025-10-17 18:00:00,ringsted,8.425,40.0,3.35,0.475,1013.89,74.25,67.0833
1760720400,2025-10-17 17:00:00,2025-10-17 19:00:00,ringsted,7.45,0.0,3.475,0.4,1014.67,82.75,87.5
1760724000,2025-10-17 18:00:00,2025-10-17 20:00:00,ringsted,6.625,0.0,3.7,0.0,1015.92,85.75,35.8333
1760727600,2025-10-17 19:00:00,2025-10-17 21:00:00,ringsted,5.675,0.0,3.95,0.0,1016.93,85.75,20.0
1760731200,2025-10-17 20:00:00,2025-10-17 22:00:00,ringsted,5.2,0.0,3.425,0.0,1017.78,83.0,0.0
1760734800,2025-10-17 21:00:00,2025-10-17 23:00:00,ringsted,4.5,0.0,2.7,0.0,1018.46,87.25,0.0
1760738400,2025-10-17 22:00:00,2025-10-18 00:00:00,ringsted,3.925,0.0,2.55,0.0,1019.22,89.75,0.0
1760742000,2025-10-17 23:00:00,2025-10-18 01:00:00,ringsted,3.65,0.0,2.05,0.0,1019.87,88.75,0.0
1760745600,2025-10-18 00:00:00,2025-10-18 02:00:00,ringsted,2.975,0.0,1.725,0.0,1020.47,90.25,0.0
1760749200,2025-10-18 01:00:00,2025-10-18 03:00:00,ringsted,2.425,0.0,1.275,0.0,1020.92,92.25,0.0
1760752800,2025-10-18 02:00:00,2025-10-18 04:00:00,ringsted,2.175,0.0,1.175,0.0,1021.39,92.0,0.0
1760756400,2025-10-18 03:00:00,2025-10-18 05:00:00,ringsted,1.65,0.0,1.15,0.0,1021.87,93.5,0.0
1760760000,2025-10-18 04:00:00,2025-10-18 06:00:00,ringsted,0.9,0.0,0.675,0.0,1022.36,95.75,0.0
1760763600,2025-10-18 05:00:00,2025-10-18 07:00:00,ringsted,0.45,0.0,0.7,0.0,1022.75,97.0,0.0
1760767200,2025-10-18 06:00:00,2025-10-18 08:00:00,ringsted,0.0,0.5,0.575,0.0,1023.16,97.25,0.0
1760770800,2025-10-18 07:00:00,2025-10-18 09:00:00,ringsted,0.625,51.0,0.55,0.0,1023.64,96.75,0.0
1760774400,2025-10-18 08:00:00,2025-10-18 10:00:00,ringsted,3.475,175.5,0.275,0.0,1024.08,91.75,0.0
1760778000,2025-10-18 09:00:00,2025-10-18 11:00:00,ringsted,6.775,288.0,1.55,0.0,1024.3,78.25,0.0
1760781600,2025-10-18 10:00:00,2025-10-18 12:00:00,ringsted,8.325,371.5,2.575,0.0,1024.5,66.0,0.0
1760785200,2025-10-18 11:00:00,2025-10-18 13:00:00,ringsted,9.0,415.5,3.05,0.0,1024.4,61.5,1.66667
1760788800,2025-10-18 12:00:00,2025-10-18 14:00:00,ringsted,9.525,390.0,2.575,0.0,1024.1,58.75,31.6667
1760792400,2025-10-18 13:00:00,2025-10-18 15:00:00,ringsted,9.625,248.5,2.075,0.0,1023.88,57.75,16.25
1760796000,2025-10-18 14:00:00,2025-10-18 16:00:00,ringsted,9.85,273.0,1.625,0.0,1023.56,57.0,5.41667
1760799600,2025-10-18 15:00:00,2025-10-18 17:00:00,ringsted,9.625,159.5,1.725,0.0,1023.4,58.0,0.833333
1760803200,2025-10-18 16:00:00,2025-10-18 18:00:00,ringsted,8.2,45.0,1.4,0.0,1023.46,66.75,0.0
1760806800,2025-10-18 17:00:00,2025-10-18 19:00:00,ringsted,5.675,0.0,0.575,0.0,1023.43,79.25,0.0
1760810400,2025-10-18 18:00:00,2025-10-18 20:00:00,ringsted,3.4,0.0,0.125,0.0,1023.26,90.0,0.0
1760814000,2025-10-18 19:00:00,2025-10-18 21:00:00,ringsted,2.575,0.0,0.45,0.0,1023.0,93.25,0.0
1760817600,2025-10-18 20:00:00,2025-10-18 22:00:00,ringsted,1.45,0.0,0.25,0.0,1022.96,95.25,0.0
1760821200,2025-10-18 21:00:00,2025-10-18 23:00:00,ringsted,0.925,0.0,0.45,0.0,1022.84,96.5,0.0
1760824800,2025-10-18 22:00:00,2025-10-19 00:00:00,ringsted,0.575,0.0,0.425,0.0,1022.51,96.75,0.0
1760828400,2025-10-18 23:00:00,2025-10-19 01:00:00,ringsted,0.075,0.0,0.575,0.0,1022.23,96.75,0.0
1760832000,2025-10-19 00:00:00,2025-10-19 02:00:00,ringsted,-0.15,0.0,0.625,0.0,1021.95,96.75,0.0
1760835600,2025-10-19 01:00:00,2025-10-19 03:00:00,ringsted,-0.025,0.0,0.825,0.0,1021.35,96.25,0.0
1760839200,2025-10-19 02:00:00,2025-10-19 04:00:00,ringsted,0.55,0.0,0.825,0.0,1020.72,94.75,0.0
1760842800,2025-10-19 03:00:00,2025-10-19 05:00:00,ringsted,0.475,0.0,0.8,0.0,1020.27,95.0,0.0
1760846400,2025-10-19 04:00:00,2025-10-19 06:00:00,ringsted,0.375,0.0,0.775,0.0,1019.98,95.25,2.5
1760850000,2025-10-19 05:00:00,2025-10-19 07:00:00,ringsted,0.35,0.0,0.95,0.0,1019.6,95.75,0.0
1760853600,2025-10-19 06:00:00,2025-10-19 08:00:00,ringsted,0.475,1.0,1.275,0.0,1019.3,94.5,0.0
1760857200,2025-10-19 07:00:00,2025-10-19 09:00:00,ringsted,1.425,54.5,1.525,0.0,1019.08,92.75,0.0
1760860800,2025-10-19 08:00:00,2025-10-19 10:00:00,ringsted,3.925,172.0,1.725,0.025,1018.51,87.5,0.0
1760864400,2025-10-19 09:00:00,2025-10-19 11:00:00,ringsted,6.775,284.5,2.375,0.0,1017.91,77.75,0.833333
1760868000,2025-10-19 10:00:00,2025-10-19 12:00:00,ringsted,8.275,350.0,4.275,0.0,1017.35,69.0,0.0
1760871600,2025-10-19 11:00:00,2025-10-19 13:00:00,ringsted,9.05,409.0,5.0,0.0,1016.42,61.5,0.0
1760875200,2025-10-19 12:00:00,2025-10-19 14:00:00,ringsted,9.325,406.5,5.425,0.0,1015.61,58.5,0.0
1760878800,2025-10-19 13:00:00,2025-10-19 15:00:00,ringsted,9.35,361.0,5.225,0.0,1014.67,57.75,0.0
1760882400,2025-10-19 14:00:00,2025-10-19 16:00:00,ringsted,9.075,277.5,5.075,0.0,1013.5,58.0,0.0
1760886000,2025-10-19 15:00:00,2025-10-19 17:00:00,ringsted,8.475,162.5,4.975,0.0,1012.63,62.25,0.0
1760889600,2025-10-19 16:00:00,2025-10-19 18:00:00,ringsted,7.375,42.0,4.2,0.0,1012.34,67.0,0.0
1760893200,2025-10-19 17:00:00,2025-10-19 19:00:00,ringsted,6.125,0.0,3.475,0.0,1012.13,73.75,0.0
1760896800,2025-10-19 18:00:00,2025-10-19 20:00:00,ringsted,5.9,0.0,3.775,0.0,1011.55,77.0,0.0
1760900400,2025-10-19 19:00:00,2025-10-19 21:00:00,ringsted,6.175,0.0,4.25,0.0,1010.84,79.5,0.0
1760904000,2025-10-19 20:00:00,2025-10-19 22:00:00,ringsted,6.225,0.0,4.175,0.0,1010.43,80.5,0.0
1760907600,2025-10-19 21:00:00,2025-10-19 23:00:00,ringsted,6.275,0.0,4.175,0.0,1009.86,81.25,0.0
1760911200,2025-10-19 22:00:00,2025-10-20 00:00:00,ringsted,6.35,0.0,3.725,0.0,1009.03,80.75,0.0
1760914800,2025-10-19 23:00:00,2025-10-20 01:00:00,ringsted,6.475,0.0,4.05,0.0,1008.13,80.0,0.0
1760918400,2025-10-20 00:00:00,2025-10-20 02:00:00,ringsted,6.4,0.0,4.15,0.0,1007.38,81.5,0.0
1760922000,2025-10-20 01:00:00,2025-10-20 03:00:00,ringsted,6.375,0.0,4.5,0.0,1006.5,82.75,0.0
1760925600,2025-10-20 02:00:00,2025-10-20 04:00:00,ringsted,6.325,0.0,4.575,0.0,1005.69,84.5,0.0
1760929200,2025-10-20 03:00:00,2025-10-20 05:00:00,ringsted,6.225,0.0,4.75,0.0,1004.82,85.75,0.0
1760932800,2025-10-20 04:00:00,2025-10-20 06:00:00,ringsted,6.175,0.0,5.225,0.0,1004.18,86.5,0.0
1760936400,2025-10-20 05:00:00,2025-10-20 07:00:00,ringsted,6.275,0.0,5.225,0.0,1003.7,86.5,0.0
1760940000,2025-10-20 06:00:00,2025-10-20 08:00:00,ringsted,6.275,0.0,5.375,0.0,1003.33,87.0,0.0
1760943600,2025-10-20 07:00:00,2025-10-20 09:00:00,ringsted,6.725,39.0,5.425,0.0,1003.02,85.25,0.0
1760947200,2025-10-20 08:00:00,2025-10-20 10:00:00,ringsted,7.85,158.0,6.35,0.0,1002.62,81.0,0.0
1760950800,2025-10-20 09:00:00,2025-10-20 11:00:00,ringsted,8.775,257.5,7.075,0.0,1002.02,77.0,0.0
1760954400,2025-10-20 10:00:00,2025-10-20 12:00:00,ringsted,9.45,304.5,7.8,0.0,1001.51,74.75,0.0
1760958000,2025-10-20 11:00:00,2025-10-20 13:00:00,ringsted,9.85,316.5,7.675,0.0,1000.98,73.75,0.0
1760961600,2025-10-20 12:00:00,2025-10-20 14:00:00,ringsted,10.25,313.5,7.475,0.0,1000.38,73.75,14.0909
1760965200,2025-10-20 13:00:00,2025-10-20 15:00:00,ringsted,10.525,245.5,7.375,0.0,999.938,73.5,53.3333
1760968800,2025-10-20 14:00:00,2025-10-20 16:00:00,ringsted,10.4,151.0,6.925,0.0,999.296,74.5,91.25
1760972400,2025-10-20 15:00:00,2025-10-20 17:00:00,ringsted,10.25,68.5,6.5,0.0,998.721,75.25,90.4167
1760976000,2025-10-20 16:00:00,2025-10-20 18:00:00,ringsted,10.125,15.0,6.3,0.0,998.367,76.0,96.6667
1760979600,2025-10-20 17:00:00,2025-10-20 19:00:00,ringsted,10.25,0.0,6.45,0.0,998.088,75.25,98.3333
1760983200,2025-10-20 18:00:00,2025-10-20 20:00:00,ringsted,10.5,0.0,6.425,0.0,997.75,74.0,97.5
1760986800,2025-10-20 19:00:00,2025-10-20 21:00:00,ringsted,10.5,0.0,6.25,0.0,997.275,72.75,96.6667
1760990400,2025-10-20 20:00:00,2025-10-20 22:00:00,ringsted,10.2,0.0,5.55,0.0,996.854,73.0,95.0
1760994000,2025-10-20 21:00:00,2025-10-20 23:00:00,ringsted,10.1,0.0,5.275,0.0,996.267,75.0,95.0
1760997600,2025-10-20 22:00:00,2025-10-21 00:00:00,ringsted,10.125,0.0,4.975,0.0,995.625,76.0,81.25
1761001200,2025-10-20 23:00:00,2025-10-21 01:00:00,ringsted,10.05,0.0,4.8,0.0,995.013,78.25,75.0
1761004800,2025-10-21 00:00:00,2025-10-21 02:00:00,ringsted,9.775,0.0,4.3,0.275,994.342,82.75,95.8333
1761008400,2025-10-21 01:00:00,2025-10-21 03:00:00,ringsted,9.475,0.0,4.225,0.775,993.662,88.25,102.0
1761012000,2025-10-21 02:00:00,2025-10-21 04:00:00,ringsted,9.25,0.0,4.225,0.65,992.917,92.0,100.0
1761015600,2025-10-21 03:00:00,2025-10-21 05:00:00,ringsted,9.175,0.0,4.5,0.7,992.237,95.25,100.0
1761019200,2025-10-21 04:00:00,2025-10-21 06:00:00,ringsted,9.6,0.0,4.55,0.15,991.575,96.5,100.0
1761022800,2025-10-21 05:00:00,2025-10-21 07:00:00,ringsted,10.025,0.0,4.5,0.0,991.25,95.75,95.8333
1761026400,2025-10-21 06:00:00,2025-10-21 08:00:00,ringsted,10.125,0.0,4.05,0.0,991.158,92.5,52.9167
1761030000,2025-10-21 07:00:00,2025-10-21 09:00:00,ringsted,10.05,11.0,4.125,0.0,990.921,91.75,75.8333
1761033600,2025-10-21 08:00:00,2025-10-21 10:00:00,ringsted,10.375,63.5,5.2,0.0,990.629,90.25,97.5
1761037200,2025-10-21 09:00:00,2025-10-21 11:00:00,ringsted,10.575,91.5,5.75,0.0,990.383,89.0,100.0
1761040800,2025-10-21 10:00:00,2025-10-21 12:00:00,ringsted,10.925,158.5,5.675,0.0,990.246,87.75,100.0
1761044400,2025-10-21 11:00:00,2025-10-21 13:00:00,ringsted,11.45,208.0,5.625,0.0,989.808,85.5,100.0
1761048000,2025-10-21 12:00:00,2025-10-21 14:00:00,ringsted,11.925,175.5,5.575,0.0,989.345,84.5,95.0
1761051600,2025-10-21 13:00:00,2025-10-21 15:00:00,ringsted,12.4,145.0,5.55,0.0,989.146,83.5,99.1667
1761055200,2025-10-21 14:00:00,2025-10-21 16:00:00,ringsted,12.45,65.5,5.275,0.025,989.037,84.75,100.0
1761058800,2025-10-21 15:00:00,2025-10-21 17:00:00,ringsted,12.675,50.0,5.3,0.0,989.058,85.5,97.0833
1761062400,2025-10-21 16:00:00,2025-10-21 18:00:00,ringsted,12.425,5.5,5.45,0.225,989.179,90.0,97.5
1761066000,2025-10-21 17:00:00,2025-10-21 19:00:00,ringsted,12.15,0.0,5.4,0.375,989.404,93.75,99.1667
1761069600,2025-10-21 18:00:00,2025-10-21 20:00:00,ringsted,12.25,0.0,5.5,0.1,989.588,94.0,97.5
1761073200,2025-10-21 19:00:00,2025-10-21 21:00:00,ringsted,12.35,0.0,5.7,0.0,989.721,94.0,95.8333
1761076800,2025-10-21 20:00:00,2025-10-21 22:00:00,ringsted,12.4,0.0,5.325,0.025,990.067,93.0,81.6667
1761080400,2025-10-21 21:00:00,2025-10-21 23:00:00,ringsted,12.3,0.0,5.25,0.0,990.425,92.25,80.0
1761084000,2025-10-21 22:00:00,2025-10-22 00:00:00,ringsted,12.05,0.0,5.025,0.0,990.671,93.0,91.25
1761087600,2025-10-21 23:00:00,2025-10-22 01:00:00,ringsted,12.075,0.0,4.95,0.0,990.838,93.25,94.1667
1761091200,2025-10-22 00:00:00,2025-10-22 02:00:00,ringsted,12.125,0.0,4.725,0.125,990.958,93.0,93.3333
1761094800,2025-10-22 01:00:00,2025-10-22 03:00:00,ringsted,11.975,0.0,4.5,0.025,990.996,93.25,100.0
1761098400,2025-10-22 02:00:00,2025-10-22 04:00:00,ringsted,11.65,0.0,3.9,0.025,990.929,93.5,97.5
1761102000,2025-10-22 03:00:00,2025-10-22 05:00:00,ringsted,11.525,0.0,3.625,0.0,990.978,93.75,100.0
1761105600,2025-10-22 04:00:00,2025-10-22 06:00:00,ringsted,11.375,0.0,3.725,0.0,990.95,93.5,84.1667
1761109200,2025-10-22 05:00:00,2025-10-22 07:00:00,ringsted,11.25,0.0,3.85,0.05,990.912,93.5,87.5
1761112800,2025-10-22 06:00:00,2025-10-22 08:00:00,ringsted,10.975,0.0,3.725,0.1,991.054,94.25,97.5
1761116400,2025-10-22 07:00:00,2025-10-22 09:00:00,ringsted,10.95,10.5,3.875,0.0,991.308,94.75,98.3333
1761120000,2025-10-22 08:00:00,2025-10-22 10:00:00,ringsted,11.15,52.0,4.1,0.125,991.675,94.5,98.3333
1761123600,2025-10-22 09:00:00,2025-10-22 11:00:00,ringsted,11.5,84.0,4.325,0.05,992.033,93.0,97.5
1761127200,2025-10-22 10:00:00,2025-10-22 12:00:00,ringsted,11.825,81.0,4.275,0.0,992.162,91.75,99.1667
1761130800,2025-10-22 11:00:00,2025-10-22 13:00:00,ringsted,12.025,79.5,4.625,0.0,992.225,91.25,100.0
1761134400,2025-10-22 12:00:00,2025-10-22 14:00:00,ringsted,12.425,139.5,4.65,0.0,992.304,90.25,99.1667
1761138000,2025-10-22 13:00:00,2025-10-22 15:00:00,ringsted,12.6,80.0,4.3,0.0,992.471,89.0,95.8333
1761141600,2025-10-22 14:00:00,2025-10-22 16:00:00,ringsted,12.775,70.0,4.05,0.0,992.733,88.0,100.0
1761145200,2025-10-22 15:00:00,2025-10-22 17:00:00,ringsted,12.7,31.0,3.775,0.025,993.013,88.5,100.0
1761148800,2025-10-22 16:00:00,2025-10-22 18:00:00,ringsted,12.175,19.5,3.325,0.0,993.329,89.0,100.0
1761152400,2025-10-22 17:00:00,2025-10-22 19:00:00,ringsted,11.5,0.0,2.7,0.0,993.596,89.75,97.5
1761156000,2025-10-22 18:00:00,2025-10-22 20:00:00,ringsted,10.875,0.0,2.35,0.0,993.796,91.25,71.25
1761159600,2025-10-22 19:00:00,2025-10-22 21:00:00,ringsted,10.6,0.0,2.225,0.0,993.963,92.5,12.0833
1761163200,2025-10-22 20:00:00,2025-10-22 22:00:00,ringsted,9.7,0.0,1.975,0.0,993.992,94.75,22.9167
1761166800,2025-10-22 21:00:00,2025-10-22 23:00:00,ringsted,8.925,0.0,1.8,0.0,993.983,96.5,6.66667
1761170400,2025-10-22 22:00:00,2025-10-23 00:00:00,ringsted,8.375,0.0,1.575,0.0,993.721,97.75,37.0
1761174000,2025-10-22 23:00:00,2025-10-23 01:00:00,ringsted,7.575,0.0,1.05,0.0,993.165,98.25,34.9167
1761177600,2025-10-23 00:00:00,2025-10-23 02:00:00,ringsted,6.95,0.0,0.825,0.0,992.621,98.5,55.0
1761181200,2025-10-23 01:00:00,2025-10-23 03:00:00,ringsted,6.075,0.0,1.1,0.0,992.062,99.0,58.3333
1761184800,2025-10-23 02:00:00,2025-10-23 04:00:00,ringsted,6.0,0.0,0.925,0.0,991.121,99.25,97.5
1761188400,2025-10-23 03:00:00,2025-10-23 05:00:00,ringsted,7.4,0.0,1.7,0.0,990.267,99.0,78.0
1761192000,2025-10-23 04:00:00,2025-10-23 06:00:00,ringsted,8.3,0.0,1.95,0.0,989.167,99.25,90.6667
1761195600,2025-10-23 05:00:00,2025-10-23 07:00:00,ringsted,8.8,0.0,2.875,0.075,987.883,98.75,89.5833
1761199200,2025-10-23 06:00:00,2025-10-23 08:00:00,ringsted,9.75,0.0,4.025,0.125,986.946,98.25,100.0
1761202800,2025-10-23 07:00:00,2025-10-23 09:00:00,ringsted,10.525,7.5,4.825,0.125,986.0,97.5,100.0
1761206400,2025-10-23 08:00:00,2025-10-23 10:00:00,ringsted,11.225,20.5,6.0,0.175,984.946,95.5,100.0
1761210000,2025-10-23 09:00:00,2025-10-23 11:00:00,ringsted,11.9,91.5,6.7,0.1,983.883,94.5,99.1667
1761213600,2025-10-23 10:00:00,2025-10-23 12:00:00,ringsted,12.15,98.5,7.4,0.075,982.933,92.5,98.0
1761217200,2025-10-23 11:00:00,2025-10-23 13:00:00,ringsted,12.1,72.0,7.825,0.25,981.892,92.5,100.167
1761220800,2025-10-23 12:00:00,2025-10-23 14:00:00,ringsted,11.75,32.5,7.675,1.25,980.775,94.75,102.0
1761224400,2025-10-23 13:00:00,2025-10-23 15:00:00,ringsted,11.7,30.5,7.525,1.55,979.817,96.0,102.0
1761228000,2025-10-23 14:00:00,2025-10-23 16:00:00,ringsted,11.8,16.5,7.65,0.5,979.517,95.75,101.0
1761231600,2025-10-23 15:00:00,2025-10-23 17:00:00,ringsted,11.95,7.5,7.5,2.075,978.829,96.5,102.0
1761235200,2025-10-23 16:00:00,2025-10-23 18:00:00,ringsted,12.2,0.5,7.025,1.375,978.629,96.5,100.0
1761238800,2025-10-23 17:00:00,2025-10-23 19:00:00,ringsted,12.475,0.0,5.525,0.75,978.85,96.75,97.5
1761242400,2025-10-23 18:00:00,2025-10-23 20:00:00,ringsted,12.55,0.0,4.075,0.475,978.938,95.75,84.5833
1761246000,2025-10-23 19:00:00,2025-10-23 21:00:00,ringsted,12.35,0.0,2.8,0.05,978.921,95.25,75.8333
1761249600,2025-10-23 20:00:00,2025-10-23 22:00:00,ringsted,11.9,0.0,2.95,0.0,978.838,94.25,71.6667
1761253200,2025-10-23 21:00:00,2025-10-23 23:00:00,ringsted,12.275,0.0,3.625,0.0,978.933,94.25,90.8333
1761256800,2025-10-23 22:00:00,2025-10-24 00:00:00,ringsted,12.15,0.0,4.15,0.0,979.029,88.25,50.0
1761260400,2025-10-23 23:00:00,2025-10-24 01:00:00,ringsted,11.375,0.0,3.9,0.0,978.675,83.75,22.0833
1761264000,2025-10-24 00:00:00,2025-10-24 02:00:00,ringsted,10.6,0.0,3.25,0.0,978.379,85.0,40.4167
1761267600,2025-10-24 01:00:00,2025-10-24 03:00:00,ringsted,10.95,0.0,3.925,0.0,978.467,84.0,64.5833
1761271200,2025-10-24 02:00:00,2025-10-24 04:00:00,ringsted,10.85,0.0,4.875,0.0,978.612,83.5,95.0
1761274800,2025-10-24 03:00:00,2025-10-24 05:00:00,ringsted,10.625,0.0,4.775,0.05,979.017,87.25,95.0
1761278400,2025-10-24 04:00:00,2025-10-24 06:00:00,ringsted,10.475,0.0,4.875,0.0,979.4,88.75,98.3333
1761282000,2025-10-24 05:00:00,2025-10-24 07:00:00,ringsted,10.275,0.0,4.775,0.075,979.588,89.0,92.5
1761285600,2025-10-24 06:00:00,2025-10-24 08:00:00,ringsted,10.175,0.0,5.25,0.1,979.833,88.5,91.6667
1761289200,2025-10-24 07:00:00,2025-10-24 09:00:00,ringsted,10.275,3.0,6.6,0.0,980.338,87.75,100.0
1761292800,2025-10-24 08:00:00,2025-10-24 10:00:00,ringsted,10.2,37.0,7.125,0.025,980.854,90.75,100.0
1761296400,2025-10-24 09:00:00,2025-10-24 11:00:00,ringsted,10.6,112.5,7.475,0.0,981.675,88.75,96.6667
1761300000,2025-10-24 10:00:00,2025-10-24 12:00:00,ringsted,10.925,115.0,8.075,0.0,982.296,87.0,98.3333
1761303600,2025-10-24 11:00:00,2025-10-24 13:00:00,ringsted,11.3,164.5,9.15,0.0,982.775,81.75,100.0
1761307200,2025-10-24 12:00:00,2025-10-24 14:00:00,ringsted,11.15,97.0,10.35,0.0,982.958,79.75,100.0
1761310800,2025-10-24 13:00:00,2025-10-24 15:00:00,ringsted,10.925,99.5,10.825,0.0,983.083,79.5,100.0
1761314400,2025-10-24 14:00:00,2025-10-24 16:00:00,ringsted,10.625,51.5,11.25,0.0,983.733,82.25,100.0
1761318000,2025-10-24 15:00:00,2025-10-24 17:00:00,ringsted,10.0,15.5,10.15,0.175,984.55,89.5,100.0
1761321600,2025-10-24 16:00:00,2025-10-24 18:00:00,ringsted,9.825,3.0,9.725,0.675,985.704,92.0,100.0
1761325200,2025-10-24 17:00:00,2025-10-24 19:00:00,ringsted,9.85,0.0,9.125,0.425,986.521,90.75,97.5
1761328800,2025-10-24 18:00:00,2025-10-24 20:00:00,ringsted,9.8,0.0,8.8,0.325,987.058,89.75,98.3333
1761332400,2025-10-24 19:00:00,2025-10-24 21:00:00,ringsted,9.7,0.0,7.65,0.15,987.573,87.5,94.5455
1761336000,2025-10-24 20:00:00,2025-10-24 22:00:00,ringsted,10.05,0.0,9.0,0.0,987.862,79.75,95.0
1761339600,2025-10-24 21:00:00,2025-10-24 23:00:00,ringsted,9.75,0.0,8.55,0.0,988.029,77.0,91.25
1761343200,2025-10-24 22:00:00,2025-10-25 00:00:00,ringsted,9.5,0.0,8.9,0.0,988.258,78.25,92.9167
1761346800,2025-10-24 23:00:00,2025-10-25 01:00:00,ringsted,9.325,0.0,8.25,0.0,988.342,78.25,95.0
1761350400,2025-10-25 00:00:00,2025-10-25 02:00:00,ringsted,9.125,0.0,7.65,0.0,988.146,79.0,95.8333
1761354000,2025-10-25 01:00:00,2025-10-25 03:00:00,ringsted,9.025,0.0,7.175,0.0,987.996,80.25,100.0
1761357600,2025-10-25 02:00:00,2025-10-25 04:00:00,ringsted,8.95,0.0,6.45,0.0,987.688,81.75,100.0
1761361200,2025-10-25 03:00:00,2025-10-25 05:00:00,ringsted,8.825,0.0,6.25,0.0,987.254,83.0,100.0
1761364800,2025-10-25 04:00:00,2025-10-25 06:00:00,ringsted,8.725,0.0,6.175,0.0,986.825,83.25,100.0
1761368400,2025-10-25 05:00:00,2025-10-25 07:00:00,ringsted,8.5,0.0,6.125,0.0,986.371,84.0,100.0
1761372000,2025-10-25 06:00:00,2025-10-25 08:00:00,ringsted,8.675,0.0,6.55,0.0,986.204,83.0,100.0
1761375600,2025-10-25 07:00:00,2025-10-25 09:00:00,ringsted,8.825,4.0,6.75,0.0,986.075,81.25,100.0
1761379200,2025-10-25 08:00:00,2025-10-25 10:00:00,ringsted,9.05,14.5,6.375,0.0,985.796,81.0,100.0
1761382800,2025-10-25 09:00:00,2025-10-25 11:00:00,ringsted,9.3,44.0,6.725,0.0,985.471,80.5,100.0
1761386400,2025-10-25 10:00:00,2025-10-25 12:00:00,ringsted,9.35,64.0,6.725,0.1,985.096,82.25,100.0
1761390000,2025-10-25 11:00:00,2025-10-25 13:00:00,ringsted,9.425,103.5,6.875,0.275,984.508,84.0,75.0
1761393600,2025-10-25 12:00:00,2025-10-25 14:00:00,ringsted,9.225,72.5,6.675,0.65,983.892,88.25,81.6667
1761397200,2025-10-25 13:00:00,2025-10-25 15:00:00,ringsted,9.0,63.5,6.75,0.75,983.279,91.5,100.0
1761400800,2025-10-25 14:00:00,2025-10-25 16:00:00,ringsted,8.775,29.5,6.6,0.775,982.737,94.0,100.0
1761404400,2025-10-25 15:00:00,2025-10-25 17:00:00,ringsted,8.725,10.0,6.35,0.35,982.346,95.75,100.0
1761408000,2025-10-25 16:00:00,2025-10-25 18:00:00,ringsted,8.95,0.5,5.925,0.475,981.975,95.5,100.0
1761411600,2025-10-25 17:00:00,2025-10-25 19:00:00,ringsted,9.25,0.0,5.15,0.475,981.85,96.25,103.0
1761415200,2025-10-25 18:00:00,2025-10-25 20:00:00,ringsted,9.675,0.0,5.2,0.8,982.192,95.25,99.1667
1761418800,2025-10-25 19:00:00,2025-10-25 21:00:00,ringsted,10.1,0.0,6.05,0.05,982.733,91.75,95.8333
1761422400,2025-10-25 20:00:00,2025-10-25 22:00:00,ringsted,9.9,0.0,6.025,0.0,983.333,89.5,95.0
1761426000,2025-10-25 21:00:00,2025-10-25 23:00:00,ringsted,9.775,0.0,6.325,0.0,983.812,87.5,77.9167
1761429600,2025-10-25 22:00:00,2025-10-26 00:00:00,ringsted,9.475,0.0,5.875,0.0,984.121,87.5,48.75
1761433200,2025-10-25 23:00:00,2025-10-26 01:00:00,ringsted,9.375,0.0,6.225,0.0,984.408,86.0,80.8333
1761436800,2025-10-26 00:00:00,2025-10-26 02:00:00,ringsted,9.4,0.0,6.45,0.0,984.513,84.75,66.6667
1761440400,2025-10-26 01:00:00,2025-10-26 02:00:00,ringsted,9.175,0.0,6.425,0.0,984.371,84.75,77.5
1761444000,2025-10-26 02:00:00,2025-10-26 03:00:00,ringsted,8.975,0.0,6.4,0.0,984.233,85.5,66.6667
1761447600,2025-10-26 03:00:00,2025-10-26 04:00:00,ringsted,8.825,0.0,7.025,0.0,984.108,85.5,77.0833
1761451200,2025-10-26 04:00:00,2025-10-26 05:00:00,ringsted,8.35,0.0,7.275,0.0,983.825,84.75,93.75
1761454800,2025-10-26 05:00:00,2025-10-26 06:00:00,ringsted,7.925,0.0,7.2,0.0,983.542,84.5,96.6667
1761458400,2025-10-26 06:00:00,2025-10-26 07:00:00,ringsted,7.675,0.0,7.4,0.0,983.25,83.75,100.0
1761462000,2025-10-26 07:00:00,2025-10-26 08:00:00,ringsted,7.45,3.0,6.675,0.0,982.882,84.5,100.0
1761465600,2025-10-26 08:00:00,2025-10-26 09:00:00,ringsted,7.2,,6.7,0.0,982.568,83.5,100.0
1761469200,2025-10-26 09:00:00,2025-10-26 10:00:00,ringsted,6.9,,6.25,0.0,982.268,84.0,100.0
1761472800,2025-10-26 10:00:00,2025-10-26 11:00:00,ringsted,7.1,81.0,6.725,0.0,982.088,82.5,100.0
1761476400,2025-10-26 11:00:00,2025-10-26 12:00:00,ringsted,6.85,64.5,5.45,0.0,981.65,87.25,100.0
1761480000,2025-10-26 12:00:00,2025-10-26 13:00:00,ringsted,6.65,78.0,4.7,0.2,981.421,93.0,101.0
1761483600,2025-10-26 13:00:00,2025-10-26 14:00:00,ringsted,6.8,76.0,3.65,0.075,981.321,94.0,100.0
1761487200,2025-10-26 14:00:00,2025-10-26 15:00:00,ringsted,7.025,57.5,2.65,0.025,981.537,94.75,102.0
1761490800,2025-10-26 15:00:00,2025-10-26 16:00:00,ringsted,7.2,36.5,1.55,0.05,981.912,95.5,100.0
1761494400,2025-10-26 16:00:00,2025-10-26 17:00:00,ringsted,7.475,8.0,1.0,0.075,982.308,97.0,99.1667
1761498000,2025-10-26 17:00:00,2025-10-26 18:00:00,ringsted,7.625,0.0,1.575,0.625,982.804,96.75,100.0
1761501600,2025-10-26 18:00:00,2025-10-26 19:00:00,ringsted,7.9,0.0,2.2,0.175,983.178,96.25,100.0
1761505200,2025-10-26 19:00:00,2025-10-26 20:00:00,ringsted,8.075,0.0,2.525,0.05,983.417,95.5,72.0833
1761508800,2025-10-26 20:00:00,2025-10-26 21:00:00,ringsted,8.1,0.0,2.875,0.075,983.688,94.75,43.75
1761512400,2025-10-26 21:00:00,2025-10-26 22:00:00,ringsted,8.1,0.0,2.9,0.0,983.479,94.5,36.6667
1761516000,2025-10-26 22:00:00,2025-10-26 23:00:00,ringsted,7.975,0.0,2.8,0.0,983.221,95.0,60.4167
1761519600,2025-10-26 23:00:00,2025-10-27 00:00:00,ringsted,7.825,0.0,2.725,0.15,983.321,95.5,84.5833
1761523200,2025-10-27 00:00:00,2025-10-27 01:00:00,ringsted,7.725,0.0,3.675,1.025,983.258,95.25,89.5833
1761526800,2025-10-27 01:00:00,2025-10-27 02:00:00,ringsted,8.0,0.0,4.725,0.525,983.062,92.25,87.5
1761530400,2025-10-27 02:00:00,2025-10-27 03:00:00,ringsted,8.175,0.0,5.675,0.225,982.75,90.75,94.5833
1761534000,2025-10-27 03:00:00,2025-10-27 04:00:00,ringsted,8.0,0.0,5.625,0.0,982.496,88.25,63.75
1761537600,2025-10-27 04:00:00,2025-10-27 05:00:00,ringsted,7.75,0.0,5.525,0.0,982.329,88.0,90.0
1761541200,2025-10-27 05:00:00,2025-10-27 06:00:00,ringsted,7.55,0.0,5.85,0.0,982.062,89.25,81.6667
1761544800,2025-10-27 06:00:00,2025-10-27 07:00:00,ringsted,7.225,0.0,4.875,0.0,981.896,90.75,59.1667
1761548400,2025-10-27 07:00:00,2025-10-27 08:00:00,ringsted,7.025,17.5,3.775,0.0,981.805,92.0,52.5
1761552000,2025-10-27 08:00:00,2025-10-27 09:00:00,ringsted,7.35,,3.9,0.55,981.864,92.0,49.1667
1761555600,2025-10-27 09:00:00,2025-10-27 10:00:00,ringsted,8.025,147.0,3.2,0.55,982.213,90.25,36.6667
1761559200,2025-10-27 10:00:00,2025-10-27 11:00:00,ringsted,8.725,252.0,3.05,0.0,982.529,87.25,61.8182
1761562800,2025-10-27 11:00:00,2025-10-27 12:00:00,ringsted,9.4,305.5,3.825,0.025,982.758,82.5,77.0833
1761566400,2025-10-27 12:00:00,2025-10-27 13:00:00,ringsted,9.5,165.0,4.5,0.175,983.025,82.25,91.6667
1761570000,2025-10-27 13:00:00,2025-10-27 14:00:00,ringsted,9.65,158.0,4.825,0.0,983.404,80.75,93.75
1761573600,2025-10-27 14:00:00,2025-10-27 15:00:00,ringsted,9.7,102.5,4.725,0.0,983.992,80.25,86.6667
1761577200,2025-10-27 15:00:00,2025-10-27 16:00:00,ringsted,9.8,91.0,4.375,0.0,984.567,80.25,96.6667
1761580800,2025-10-27 16:00:00,2025-10-27 17:00:00,ringsted,9.35,16.0,4.025,0.05,985.213,80.75,87.9167
1761584400,2025-10-27 17:00:00,2025-10-27 18:00:00,ringsted,8.95,0.0,4.2,0.0,985.95,80.5,61.6667
1761588000,2025-10-27 18:00:00,2025-10-27 19:00:00,ringsted,8.6,0.0,4.05,0.0,986.571,83.0,63.75
1761591600,2025-10-27 19:00:00,2025-10-27 20:00:00,ringsted,8.125,0.0,3.8,0.0,987.179,86.25,28.75
1761595200,2025-10-27 20:00:00,2025-10-27 21:00:00,ringsted,7.7,0.0,3.375,0.0,987.779,89.0,11.6667
1761598800,2025-10-27 21:00:00,2025-10-27 22:00:00,ringsted,7.25,0.0,3.1,0.0,988.037,92.0,2.08333
1761602400,2025-10-27 22:00:00,2025-10-27 23:00:00,ringsted,7.075,0.0,2.95,0.0,988.121,93.25,3.33333
1761606000,2025-10-27 23:00:00,2025-10-28 00:00:00,ringsted,7.3,0.0,3.4,0.0,988.438,93.75,30.4167
1761609600,2025-10-28 00:00:00,2025-10-28 01:00:00,ringsted,7.675,0.0,3.875,0.0,988.729,94.0,54.5455
1761613200,2025-10-28 01:00:00,2025-10-28 02:00:00,ringsted,8.275,0.0,4.125,0.0,989.15,93.25,93.75
1761616800,2025-10-28 02:00:00,2025-10-28 03:00:00,ringsted,8.75,0.0,4.85,0.0,989.629,91.5,92.9167
1761620400,2025-10-28 03:00:00,2025-10-28 04:00:00,ringsted,8.925,0.0,5.575,0.1,990.213,90.5,92.9167
1761624000,2025-10-28 04:00:00,2025-10-28 05:00:00,ringsted,8.875,0.0,6.45,0.025,990.925,89.0,93.75
1761627600,2025-10-28 05:00:00,2025-10-28 06:00:00,ringsted,8.7,0.0,6.3,0.0,991.263,86.75,66.25
1761631200,2025-10-28 06:00:00,2025-10-28 07:00:00,ringsted,8.2,0.0,5.125,0.0,991.604,84.5,4.58333
1761634800,2025-10-28 07:00:00,2025-10-28 08:00:00,ringsted,7.525,19.0,4.2,0.0,991.867,84.25,0.0
1761638400,2025-10-28 08:00:00,2025-10-28 09:00:00,ringsted,8.0,103.5,4.2,0.0,991.658,80.75,17.9167
1761642000,2025-10-28 09:00:00,2025-10-28 10:00:00,ringsted,8.5,104.0,4.55,0.0,991.379,80.25,79.1667
1761645600,2025-10-28 10:00:00,2025-10-28 11:00:00,ringsted,8.625,116.5,4.25,0.025,991.112,79.75,97.5
1761649200,2025-10-28 11:00:00,2025-10-28 12:00:00,ringsted,8.7,79.5,4.125,0.125,990.8,81.5,86.6667
1761652800,2025-10-28 12:00:00,2025-10-28 13:00:00,ringsted,8.2,81.5,4.15,0.8,990.508,86.25,92.0833
1761656400,2025-10-28 13:00:00,2025-10-28 14:00:00,ringsted,7.65,76.0,3.6,0.45,990.208,89.5,85.4167
1761660000,2025-10-28 14:00:00,2025-10-28 15:00:00,ringsted,7.5,88.0,2.375,0.0,990.35,89.25,100.0
1761663600,2025-10-28 15:00:00,2025-10-28 16:00:00,ringsted,7.45,43.0,1.8,0.0,990.875,90.75,95.0
1761667200,2025-10-28 16:00:00,2025-10-28 17:00:00,ringsted,7.1,2.5,1.55,0.0,991.342,91.25,76.25
1761670800,2025-10-28 17:00:00,2025-10-28 18:00:00,ringsted,6.7,0.0,1.65,0.0,991.842,93.75,69.1667
1761674400,2025-10-28 18:00:00,2025-10-28 19:00:00,ringsted,6.225,0.0,2.25,0.0,992.254,94.0,63.75
1761678000,2025-10-28 19:00:00,2025-10-28 20:00:00,ringsted,6.2,0.0,2.5,0.0,992.404,94.6667,95.8333
1761681600,2025-10-28 20:00:00,2025-10-28 21:00:00,ringsted,6.95,0.0,2.6,0.0,992.529,94.75,97.5
1761685200,2025-10-28 21:00:00,2025-10-28 22:00:00,ringsted,7.375,0.0,2.375,0.0,992.713,95.5,95.8333
1761688800,2025-10-28 22:00:00,2025-10-28 23:00:00,ringsted,8.075,0.0,3.625,0.25,992.862,94.75,100.0
1761692400,2025-10-28 23:00:00,2025-10-29 00:00:00,ringsted,8.825,0.0,4.75,0.1,993.054,94.0,97.5
1761696000,2025-10-29 00:00:00,2025-10-29 01:00:00,ringsted,9.5,0.0,5.5,0.075,993.562,91.5,100.0
1761699600,2025-10-29 01:00:00,2025-10-29 02:00:00,ringsted,9.575,0.0,5.45,0.425,993.862,91.0,99.1667
1761703200,2025-10-29 02:00:00,2025-10-29 03:00:00,ringsted,9.525,0.0,5.075,0.125,994.242,91.5,100.0
1761706800,2025-10-29 03:00:00,2025-10-29 04:00:00,ringsted,9.6,0.0,5.2,0.15,994.737,91.5,100.0
1761710400,2025-10-29 04:00:00,2025-10-29 05:00:00,ringsted,9.775,0.0,5.5,0.0,995.254,89.75,93.75
1761714000,2025-10-29 05:00:00,2025-10-29 06:00:00,ringsted,9.875,0.0,5.85,0.075,995.679,89.0,87.5
1761717600,2025-10-29 06:00:00,2025-10-29 07:00:00,ringsted,9.7,0.0,5.4,0.05,996.188,89.5,67.5
1761721200,2025-10-29 07:00:00,2025-10-29 08:00:00,ringsted,9.6,16.0,5.225,0.025,996.708,90.0,42.9167
1761724800,2025-10-29 08:00:00,2025-10-29 09:00:00,ringsted,9.85,69.0,5.625,0.0,997.088,89.75,38.3333
1761728400,2025-10-29 09:00:00,2025-10-29 10:00:00,ringsted,10.35,113.5,6.375,0.0,997.567,88.75,68.75
1761732000,2025-10-29 10:00:00,2025-10-29 11:00:00,ringsted,10.55,127.0,6.55,0.025,997.908,87.75,70.4167
1761735600,2025-10-29 11:00:00,2025-10-29 12:00:00,ringsted,10.825,142.0,6.55,0.0,997.783,86.25,93.3333
1761739200,2025-10-29 12:00:00,2025-10-29 13:00:00,ringsted,10.875,121.5,5.975,0.0,997.675,86.5,90.0
1761742800,2025-10-29 13:00:00,2025-10-29 14:00:00,ringsted,10.875,73.0,5.65,0.0,997.533,86.75,95.0
1761746400,2025-10-29 14:00:00,2025-10-29 15:00:00,ringsted,10.8,34.5,5.6,0.0,997.333,87.0,99.1667
1761750000,2025-10-29 15:00:00,2025-10-29 16:00:00,ringsted,10.525,15.0,5.4,0.025,996.878,87.25,100.0
1761753600,2025-10-29 16:00:00,2025-10-29 17:00:00,ringsted,10.325,1.0,5.05,0.025,996.438,88.75,100.0
1761757200,2025-10-29 17:00:00,2025-10-29 18:00:00,ringsted,10.175,0.0,5.3,0.075,996.042,92.5,100.0
1761760800,2025-10-29 18:00:00,2025-10-29 19:00:00,ringsted,10.425,0.0,5.15,0.025,995.746,93.25,97.5
1761764400,2025-10-29 19:00:00,2025-10-29 20:00:00,ringsted,10.825,0.0,5.35,0.0,995.333,90.75,95.8333
1761768000,2025-10-29 20:00:00,2025-10-29 21:00:00,ringsted,10.925,0.0,5.575,0.0,995.167,88.75,99.1667
1761771600,2025-10-29 21:00:00,2025-10-29 22:00:00,ringsted,10.925,0.0,5.375,0.175,994.908,87.75,79.1667
1761775200,2025-10-29 22:00:00,2025-10-29 23:00:00,ringsted,10.475,0.0,3.9,0.175,994.129,90.0,96.6667
1761778800,2025-10-29 23:00:00,2025-10-30 00:00:00,ringsted,10.175,0.0,2.9,0.1,993.037,91.5,81.6667
1761782400,2025-10-30 00:00:00,2025-10-30 01:00:00,ringsted,9.875,0.0,2.775,0.0,992.117,92.0,92.9167
1761786000,2025-10-30 01:00:00,2025-10-30 02:00:00,ringsted,9.9,0.0,3.2,0.0,991.004,92.0,97.5
1761789600,2025-10-30 02:00:00,2025-10-30 03:00:00,ringsted,9.8,0.0,2.975,0.0,989.963,91.75,90.4167
1761793200,2025-10-30 03:00:00,2025-10-30 04:00:00,ringsted,9.575,0.0,3.0,0.15,989.092,92.0,82.5
1761796800,2025-10-30 04:00:00,2025-10-30 05:00:00,ringsted,9.425,0.0,3.45,0.475,987.983,93.75,61.25
1761800400,2025-10-30 05:00:00,2025-10-30 06:00:00,ringsted,9.075,0.0,2.4,0.425,987.029,95.5,50.8333
1761804000,2025-10-30 06:00:00,2025-10-30 07:00:00,ringsted,8.925,0.0,2.15,0.425,986.65,96.25,88.3333
1761807600,2025-10-30 07:00:00,2025-10-30 08:00:00,ringsted,9.075,0.0,1.825,1.7,986.358,97.0,104.0
1761811200,2025-10-30 08:00:00,2025-10-30 09:00:00,ringsted,9.2,7.5,1.275,1.775,986.412,97.25,106.0
1761814800,2025-10-30 09:00:00,2025-10-30 10:00:00,ringsted,9.3,15.0,3.2,1.75,987.3,97.25,100.0
1761818400,2025-10-30 10:00:00,2025-10-30 11:00:00,ringsted,9.2,24.5,6.025,2.525,989.021,96.0,99.1667
1761822000,2025-10-30 11:00:00,2025-10-30 12:00:00,ringsted,9.3,47.5,7.65,1.425,990.708,92.75,100.0
1761825600,2025-10-30 12:00:00,2025-10-30 13:00:00,ringsted,9.5,90.0,8.725,0.05,992.471,89.75,95.8333
1761829200,2025-10-30 13:00:00,2025-10-30 14:00:00,ringsted,9.875,171.0,8.725,0.0,994.296,86.25,61.6667
1761832800,2025-10-30 14:00:00,2025-10-30 15:00:00,ringsted,10.05,198.0,8.15,0.0,995.804,79.25,30.4167
1761836400,2025-10-30 15:00:00,2025-10-30 16:00:00,ringsted,10.0,96.5,6.8,0.0,997.117,76.5,47.0833
1761840000,2025-10-30 16:00:00,2025-10-30 17:00:00,ringsted,9.475,12.0,5.975,0.0,998.504,79.25,22.0833
1761843600,2025-10-30 17:00:00,2025-10-30 18:00:00,ringsted,8.95,0.0,5.275,0.0,1000.09,82.0,40.0
1761847200,2025-10-30 18:00:00,2025-10-30 19:00:00,ringsted,8.625,0.0,4.925,0.0,1001.22,84.75,10.8333
1761850800,2025-10-30 19:00:00,2025-10-30 20:00:00,ringsted,8.375,0.0,4.825,0.0,1002.29,86.5,35.8333
1761854400,2025-10-30 20:00:00,2025-10-30 21:00:00,ringsted,8.3,0.0,4.25,0.0,1003.47,87.75,45.0
1761858000,2025-10-30 21:00:00,2025-10-30 22:00:00,ringsted,8.15,0.0,4.025,0.0,1004.47,88.75,22.9167
1761861600,2025-10-30 22:00:00,2025-10-30 23:00:00,ringsted,7.425,0.0,3.1,0.0,1005.15,91.0,19.5833
1761865200,2025-10-30 23:00:00,2025-10-31 00:00:00,ringsted,6.775,0.0,2.525,0.0,1005.86,92.75,1.66667
1761868800,2025-10-31 00:00:00,2025-10-31 01:00:00,ringsted,6.375,0.0,2.55,0.0,1006.62,94.0,10.4167
1761872400,2025-10-31 01:00:00,2025-10-31 02:00:00,ringsted,6.325,0.0,2.225,0.0,1007.2,93.75,0.0
1761876000,2025-10-31 02:00:00,2025-10-31 03:00:00,ringsted,6.0,0.0,1.825,0.0,1007.65,95.0,2.5
1761879600,2025-10-31 03:00:00,2025-10-31 04:00:00,ringsted,5.55,0.0,1.525,0.0,1008.03,96.0,3.33333
1761883200,2025-10-31 04:00:00,2025-10-31 05:00:00,ringsted,4.775,0.0,0.85,0.0,1008.51,97.25,34.5833
1761886800,2025-10-31 05:00:00,2025-10-31 06:00:00,ringsted,4.125,0.0,0.825,0.0,1008.9,97.5,34.5833
1761890400,2025-10-31 06:00:00,2025-10-31 07:00:00,ringsted,3.75,0.0,0.8,0.0,1009.37,98.5,16.25
1761894000,2025-10-31 07:00:00,2025-10-31 08:00:00,ringsted,3.55,13.0,0.825,0.0,1009.91,98.75,37.3333
1761897600,2025-10-31 08:00:00,2025-10-31 09:00:00,ringsted,4.95,92.5,0.775,0.0,1010.35,98.25,65.1667
1761901200,2025-10-31 09:00:00,2025-10-31 10:00:00,ringsted,7.575,111.0,1.1,0.0,1010.65,97.5,53.5
1761904800,2025-10-31 10:00:00,2025-10-31 11:00:00,ringsted,8.9,153.0,2.125,0.0,1010.53,96.5,74.1667
1761908400,2025-10-31 11:00:00,2025-10-31 12:00:00,ringsted,9.75,191.5,2.6,0.0,1010.4,93.0,69.1667
1761912000,2025-10-31 12:00:00,2025-10-31 13:00:00,ringsted,10.275,230.0,2.975,0.0,1010.47,87.75,30.8333
1761915600,2025-10-31 13:00:00,2025-10-31 14:00:00,ringsted,10.45,144.0,2.575,0.0,1010.4,84.75,21.6667
1761919200,2025-10-31 14:00:00,2025-10-31 15:00:00,ringsted,10.175,103.0,2.35,0.0,1009.82,85.75,10.8333
1761922800,2025-10-31 15:00:00,2025-10-31 16:00:00,ringsted,9.475,49.0,2.725,0.0,1009.68,89.25,56.25
1761926400,2025-10-31 16:00:00,2025-10-31 17:00:00,ringsted,8.625,4.5,2.975,0.0,1009.65,91.25,80.8333
1761930000,2025-10-31 17:00:00,2025-10-31 18:00:00,ringsted,8.2,0.0,3.05,0.0,1009.6,92.5,77.9167
1761933600,2025-10-31 18:00:00,2025-10-31 19:00:00,ringsted,8.6,0.0,3.9,0.0,1009.33,91.0,63.3333
1761937200,2025-10-31 19:00:00,2025-10-31 20:00:00,ringsted,8.975,0.0,4.2,0.0,1009.15,89.25,58.3333
1761940800,2025-10-31 20:00:00,2025-10-31 21:00:00,ringsted,9.2,0.0,4.35,0.0,1009.03,87.0,63.3333
1761944400,2025-10-31 21:00:00,2025-10-31 22:00:00,ringsted,9.05,0.0,3.95,0.0,1008.6,86.25,70.8333
1761948000,2025-10-31 22:00:00,2025-10-31 23:00:00,ringsted,8.95,0.0,3.625,0.0,1008.33,87.0,82.5
1761951600,2025-10-31 23:00:00,2025-11-01 00:00:00,ringsted,8.95,0.0,3.975,0.0,1008.24,86.75,70.8333
1761955200,2025-11-01 00:00:00,2025-11-01 01:00:00,ringsted,8.7,0.0,3.325,0.0,1008.08,87.75,55.8333
1761958800,2025-11-01 01:00:00,2025-11-01 02:00:00,ringsted,7.925,0.0,2.925,0.0,1007.93,90.25,19.5833
1761962400,2025-11-01 02:00:00,2025-11-01 03:00:00,ringsted,7.175,0.0,2.575,0.0,1007.6,92.5,0.0
1761966000,2025-11-01 03:00:00,2025-11-01 04:00:00,ringsted,6.675,0.0,2.8,0.0,1007.12,94.25,0.0
1761969600,2025-11-01 04:00:00,2025-11-01 05:00:00,ringsted,6.45,0.0,2.675,0.0,1006.85,95.25,0.0
1761973200,2025-11-01 05:00:00,2025-11-01 06:00:00,ringsted,6.55,0.0,2.85,0.0,1006.7,95.5,0.0
1761976800,2025-11-01 06:00:00,2025-11-01 07:00:00,ringsted,6.675,0.0,3.1,0.0,1006.64,96.25,0.0
1761980400,2025-11-01 07:00:00,2025-11-01 08:00:00,ringsted,6.825,6.5,3.175,0.0,1006.24,96.25,0.0
1761984000,2025-11-01 08:00:00,2025-11-01 09:00:00,ringsted,7.425,52.5,3.375,0.0,1005.88,95.75,0.0
1761987600,2025-11-01 09:00:00,2025-11-01 10:00:00,ringsted,8.6,132.5,3.625,0.05,1005.4,94.5,0.0
1761991200,2025-11-01 10:00:00,2025-11-01 11:00:00,ringsted,9.9,179.0,4.325,0.0,1005.21,91.25,5.83333
1761994800,2025-11-01 11:00:00,2025-11-01 12:00:00,ringsted,10.45,162.0,4.475,0.0,1004.45,89.75,12.5
1761998400,2025-11-01 12:00:00,2025-11-01 13:00:00,ringsted,10.975,153.5,4.625,0.025,1003.52,88.0,15.0
1762002000,2025-11-01 13:00:00,2025-11-01 14:00:00,ringsted,11.15,101.0,5.225,0.05,1002.6,88.0,47.0833
1762005600,2025-11-01 14:00:00,2025-11-01 15:00:00,ringsted,11.1,72.0,4.975,0.0,1001.92,87.5,74.1667
1762009200,2025-11-01 15:00:00,2025-11-01 16:00:00,ringsted,11.075,32.0,4.7,0.025,1001.5,88.25,90.8333
1762012800,2025-11-01 16:00:00,2025-11-01 17:00:00,ringsted,11.375,1.5,4.375,0.025,1001.2,88.0,90.0
1762016400,2025-11-01 17:00:00,2025-11-01 18:00:00,ringsted,11.425,0.0,5.075,0.375,1001.09,89.25,95.8333
1762020000,2025-11-01 18:00:00,2025-11-01 19:00:00,ringsted,11.3,0.0,5.3,0.9,1001.1,92.75,106.0
1762023600,2025-11-01 19:00:00,2025-11-01 20:00:00,ringsted,11.575,0.0,4.7,0.825,1001.48,96.25,101.5
1762027200,2025-11-01 20:00:00,2025-11-01 21:00:00,ringsted,11.75,0.0,4.3,0.225,1002.17,96.0,81.6667
1762030800,2025-11-01 21:00:00,2025-11-01 22:00:00,ringsted,11.475,0.0,3.8,0.125,1002.8,94.5,83.3333
1762034400,2025-11-01 22:00:00,2025-11-01 23:00:00,ringsted,10.875,0.0,3.675,0.0,1003.08,94.75,42.9167
1762038000,2025-11-01 23:00:00,2025-11-02 00:00:00,ringsted,10.425,0.0,3.525,0.0,1003.39,94.75,87.5
1762041600,2025-11-02 00:00:00,2025-11-02 01:00:00,ringsted,10.55,0.0,3.6,0.0,1003.53,94.75,70.0
1762045200,2025-11-02 01:00:00,2025-11-02 02:00:00,ringsted,10.05,0.0,3.1,0.0,1003.49,95.25,86.0
1762048800,2025-11-02 02:00:00,2025-11-02 03:00:00,ringsted,9.875,0.0,3.05,0.0,1003.54,95.0,80.8333
1762052400,2025-11-02 03:00:00,2025-11-02 04:00:00,ringsted,9.8,0.0,3.3,0.0,1003.53,95.5,66.1667
1762056000,2025-11-02 04:00:00,2025-11-02 05:00:00,ringsted,9.8,0.0,3.15,0.0,1003.55,96.0,98.6667
1762059600,2025-11-02 05:00:00,2025-11-02 06:00:00,ringsted,9.9,0.0,3.5,0.0,1003.57,95.75,95.8333
1762063200,2025-11-02 06:00:00,2025-11-02 07:00:00,ringsted,9.925,0.0,3.625,0.0,1003.83,94.75,58.3333
1762066800,2025-11-02 07:00:00,2025-11-02 08:00:00,ringsted,9.55,1.5,3.475,0.0,1004.01,94.5,85.0
1762070400,2025-11-02 08:00:00,2025-11-02 09:00:00,ringsted,9.575,19.5,3.5,0.0,1003.92,94.0,67.0833
1762074000,2025-11-02 09:00:00,2025-11-02 10:00:00,ringsted,10.025,55.0,3.8,0.0,1003.85,91.75,98.3333
1762077600,2025-11-02 10:00:00,2025-11-02 11:00:00,ringsted,10.325,46.5,4.425,0.0,1003.81,91.75,100.0
1762081200,2025-11-02 11:00:00,2025-11-02 12:00:00,ringsted,10.3,39.5,4.525,0.05,1003.61,93.0,100.0
1762084800,2025-11-02 12:00:00,2025-11-02 13:00:00,ringsted,10.4,80.0,4.275,0.0,1003.8,93.5,100.0
1762088400,2025-11-02 13:00:00,2025-11-02 14:00:00,ringsted,10.6,86.0,4.275,0.0,1003.75,92.25,97.5
1762092000,2025-11-02 14:00:00,2025-11-02 15:00:00,ringsted,10.65,79.5,3.875,0.0,1003.91,91.5,74.1667
1762095600,2025-11-02 15:00:00,2025-11-02 16:00:00,ringsted,10.475,42.0,3.575,0.0,1004.36,91.0,55.4167
1762099200,2025-11-02 16:00:00,2025-11-02 17:00:00,ringsted,9.7,2.0,2.8,0.0,1004.78,93.0,42.5
1762102800,2025-11-02 17:00:00,2025-11-02 18:00:00,ringsted,8.975,0.0,2.5,0.0,1004.96,94.5,45.0
1762106400,2025-11-02 18:00:00,2025-11-02 19:00:00,ringsted,8.275,0.0,1.875,0.0,1004.94,95.75,10.4167
1762110000,2025-11-02 19:00:00,2025-11-02 20:00:00,ringsted,7.475,0.0,1.875,0.0,1005.3,97.25,7.08333
1762113600,2025-11-02 20:00:00,2025-11-02 21:00:00,ringsted,7.05,0.0,2.275,0.0,1005.54,98.0,15.8333
1762117200,2025-11-02 21:00:00,2025-11-02 22:00:00,ringsted,6.875,0.0,2.05,0.0,1005.57,98.0,0.0
1762120800,2025-11-02 22:00:00,2025-11-02 23:00:00,ringsted,5.925,0.0,1.375,0.0,1005.44,98.75,0.0
1762124400,2025-11-02 23:00:00,2025-11-03 00:00:00,ringsted,5.35,0.0,1.425,0.0,1005.39,98.75,20.75
1762128000,2025-11-03 00:00:00,2025-11-03 01:00:00,ringsted,5.45,0.0,1.25,0.0,1005.49,98.75,56.0
1762131600,2025-11-03 01:00:00,2025-11-03 02:00:00,ringsted,5.375,0.0,1.425,0.0,1005.72,98.75,52.9167
1762135200,2025-11-03 02:00:00,2025-11-03 03:00:00,ringsted,5.55,0.0,1.65,0.0,1005.89,99.25,50.8333
1762138800,2025-11-03 03:00:00,2025-11-03 04:00:00,ringsted,5.55,0.0,1.975,0.0,1006.0,99.75,55.6364
1762142400,2025-11-03 04:00:00,2025-11-03 05:00:00,ringsted,6.0,0.0,1.55,0.0,1006.08,99.75,36.6667
1762146000,2025-11-03 05:00:00,2025-11-03 06:00:00,ringsted,6.5,0.0,1.625,0.0,1006.35,99.75,100.0
1762149600,2025-11-03 06:00:00,2025-11-03 07:00:00,ringsted,7.225,0.0,2.35,0.0,1006.96,99.75,101.0
1762153200,2025-11-03 07:00:00,2025-11-03 08:00:00,ringsted,8.025,2.5,2.625,0.025,1007.61,98.5,98.3333
1762156800,2025-11-03 08:00:00,2025-11-03 09:00:00,ringsted,8.775,36.5,2.925,0.1,1008.09,98.0,95.0
1762160400,2025-11-03 09:00:00,2025-11-03 10:00:00,ringsted,9.375,107.5,3.525,0.1,1008.5,96.25,75.0
1762164000,2025-11-03 10:00:00,2025-11-03 11:00:00,ringsted,10.225,218.5,4.3,0.05,1008.75,92.25,57.9167
1762167600,2025-11-03 11:00:00,2025-11-03 12:00:00,ringsted,10.8,270.5,4.875,0.0,1008.69,86.75,68.3333
1762171200,2025-11-03 12:00:00,2025-11-03 13:00:00,ringsted,10.95,195.5,5.575,0.0,1008.66,83.0,39.1667
1762174800,2025-11-03 13:00:00,2025-11-03 14:00:00,ringsted,10.775,175.0,5.275,0.0,1008.88,80.75,58.75
1762178400,2025-11-03 14:00:00,2025-11-03 15:00:00,ringsted,10.425,88.0,5.15,0.0,1009.04,81.25,77.9167
1762182000,2025-11-03 15:00:00,2025-11-03 16:00:00,ringsted,10.025,22.0,4.975,0.075,1008.9,83.5,74.1667
1762185600,2025-11-03 16:00:00,2025-11-03 17:00:00,ringsted,9.65,0.5,4.8,0.225,1008.74,86.5,90.8333
1762189200,2025-11-03 17:00:00,2025-11-03 18:00:00,ringsted,9.4,0.0,5.025,0.15,1008.64,88.75,100.0
1762192800,2025-11-03 18:00:00,2025-11-03 19:00:00,ringsted,9.25,0.0,6.1,0.175,1008.24,91.5,100.0
1762196400,2025-11-03 19:00:00,2025-11-03 20:00:00,ringsted,9.16667,0.0,7.0,0.2,1008.25,95.3333,102.0
1762200000,2025-11-03 20:00:00,2025-11-03 21:00:00,ringsted,9.56667,0.0,7.26667,0.566667,1008.47,96.0,102.0
1762203600,2025-11-03 21:00:00,2025-11-03 22:00:00,ringsted,9.95,0.0,6.875,0.075,1008.59,95.5,100.0
1762207200,2025-11-03 22:00:00,2025-11-03 23:00:00,ringsted,10.35,0.0,6.975,0.125,1008.69,95.0,100.0
1762210800,2025-11-03 23:00:00,2025-11-04 00:00:00,ringsted,10.6,0.0,7.0,0.175,1008.86,94.5,100.0
1762214400,2025-11-04 00:00:00,2025-11-04 01:00:00,ringsted,10.95,0.0,7.1,0.025,1009.18,94.25,100.0
1762218000,2025-11-04 01:00:00,2025-11-04 02:00:00,ringsted,11.125,0.0,6.95,0.025,1009.43,94.5,100.0
1762221600,2025-11-04 02:00:00,2025-11-04 03:00:00,ringsted,11.125,0.0,6.625,0.025,1009.52,95.5,101.0
1762225200,2025-11-04 03:00:00,2025-11-04 04:00:00,ringsted,11.25,0.0,6.3,0.0,1009.68,95.5,100.0
1762228800,2025-11-04 04:00:00,2025-11-04 05:00:00,ringsted,11.3,0.0,6.1,0.025,1009.87,94.75,100.0
1762232400,2025-11-04 05:00:00,2025-11-04 06:00:00,ringsted,11.325,0.0,6.125,0.0,1009.89,94.5,100.0
1762236000,2025-11-04 06:00:00,2025-11-04 07:00:00,ringsted,11.3,0.0,5.85,0.0,1010.22,95.0,100.0
1762239600,2025-11-04 07:00:00,2025-11-04 08:00:00,ringsted,11.4,1.0,6.275,0.075,1010.63,95.0,100.0
1762243200,2025-11-04 08:00:00,2025-11-04 09:00:00,ringsted,11.625,11.0,6.15,0.0,1011.17,94.5,100.0
1762246800,2025-11-04 09:00:00,2025-11-04 10:00:00,ringsted,11.925,26.5,6.275,0.0,1011.6,93.5,100.0
1762250400,2025-11-04 10:00:00,2025-11-04 11:00:00,ringsted,12.125,32.5,5.7,0.0,1011.9,92.25,100.0
1762254000,2025-11-04 11:00:00,2025-11-04 12:00:00,ringsted,12.325,42.5,5.95,0.0,1011.88,91.0,100.0
1762257600,2025-11-04 12:00:00,2025-11-04 13:00:00,ringsted,12.5,59.5,5.85,0.0,1012.03,89.5,100.0
1762261200,2025-11-04 13:00:00,2025-11-04 14:00:00,ringsted,12.725,44.5,5.675,0.0,1012.49,88.5,100.0
1762264800,2025-11-04 14:00:00,2025-11-04 15:00:00,ringsted,12.775,37.0,5.75,0.0,1012.66,88.5,85.4167
1762268400,2025-11-04 15:00:00,2025-11-04 16:00:00,ringsted,12.75,41.5,5.55,0.0,1012.85,88.0,50.0
1762272000,2025-11-04 16:00:00,2025-11-04 17:00:00,ringsted,12.2,2.0,4.75,0.0,1013.09,89.5,7.08333
1762275600,2025-11-04 17:00:00,2025-11-04 18:00:00,ringsted,11.675,0.0,3.9,0.0,1013.28,91.5,54.5833
1762279200,2025-11-04 18:00:00,2025-11-04 19:00:00,ringsted,11.425,0.0,3.25,0.0,1013.4,92.25,89.1667
1762282800,2025-11-04 19:00:00,2025-11-04 20:00:00,ringsted,11.4,0.0,3.2,0.0,1013.25,90.5,99.1667
1762286400,2025-11-04 20:00:00,2025-11-04 21:00:00,ringsted,11.8,0.0,3.65,0.0,1013.15,87.75,100.0
1762290000,2025-11-04 21:00:00,2025-11-04 22:00:00,ringsted,11.925,0.0,4.0,0.0,1012.93,85.25,100.0
1762293600,2025-11-04 22:00:00,2025-11-04 23:00:00,ringsted,11.975,0.0,3.875,0.0,1012.88,83.5,88.75
1762297200,2025-11-04 23:00:00,2025-11-05 00:00:00,ringsted,11.75,0.0,3.925,0.0,1013.08,83.5,93.3333
1762300800,2025-11-05 00:00:00,2025-11-05 01:00:00,ringsted,11.325,0.0,3.875,0.0,1012.79,85.25,84.5833
1762304400,2025-11-05 01:00:00,2025-11-05 02:00:00,ringsted,11.025,0.0,3.95,0.0,1012.45,85.5,95.0
1762308000,2025-11-05 02:00:00,2025-11-05 03:00:00,ringsted,10.875,0.0,3.8,0.0,1011.91,85.75,97.5
1762311600,2025-11-05 03:00:00,2025-11-05 04:00:00,ringsted,10.575,0.0,3.825,0.0,1011.52,86.5,96.6667
1762315200,2025-11-05 04:00:00,2025-11-05 05:00:00,ringsted,10.4,0.0,3.75,0.0,1011.36,87.0,93.75
1762318800,2025-11-05 05:00:00,2025-11-05 06:00:00,ringsted,10.375,0.0,3.725,0.0,1011.14,87.0,100.0
1762322400,2025-11-05 06:00:00,2025-11-05 07:00:00,ringsted,10.45,0.0,3.85,0.0,1011.05,85.5,96.25
1762326000,2025-11-05 07:00:00,2025-11-05 08:00:00,ringsted,10.525,5.0,4.125,0.0,1011.29,84.0,85.8333
1762329600,2025-11-05 08:00:00,2025-11-05 09:00:00,ringsted,10.5,35.5,4.25,0.0,1011.59,84.5,95.0
1762333200,2025-11-05 09:00:00,2025-11-05 10:00:00,ringsted,11.025,64.5,3.925,0.0,1011.85,82.25,88.75
1762336800,2025-11-05 10:00:00,2025-11-05 11:00:00,ringsted,11.35,77.5,3.875,0.0,1011.8,81.75,94.1667
1762340400,2025-11-05 11:00:00,2025-11-05 12:00:00,ringsted,11.65,119.0,3.925,0.0,1011.47,81.25,95.0
1762344000,2025-11-05 12:00:00,2025-11-05 13:00:00,ringsted,11.95,132.5,4.4,0.0,1011.32,79.5,95.8333
1762347600,2025-11-05 13:00:00,2025-11-05 14:00:00,ringsted,12.1,100.0,4.65,0.0,1011.12,78.0,96.6667
1762351200,2025-11-05 14:00:00,2025-11-05 15:00:00,ringsted,11.975,57.0,4.4,0.0,1011.22,77.5,99.1667
1762354800,2025-11-05 15:00:00,2025-11-05 16:00:00,ringsted,11.725,27.0,4.15,0.0,1011.25,79.25,97.5
1762358400,2025-11-05 16:00:00,2025-11-05 17:00:00,ringsted,11.35,3.0,3.7,0.0,1011.25,80.75,95.8333
1762362000,2025-11-05 17:00:00,2025-11-05 18:00:00,ringsted,11.05,0.0,3.175,0.0,1011.47,81.5,70.8333
1762365600,2025-11-05 18:00:00,2025-11-05 19:00:00,ringsted,10.825,0.0,2.975,0.0,1011.75,83.5,49.5833
1762369200,2025-11-05 19:00:00,2025-11-05 20:00:00,ringsted,10.6667,0.0,1.8,0.0,1011.66,83.3333,53.3333
1762372800,2025-11-05 20:00:00,2025-11-05 21:00:00,ringsted,10.075,0.0,1.95,0.0,1011.62,87.25,90.8333
1762376400,2025-11-05 21:00:00,2025-11-05 22:00:00,ringsted,10.2,0.0,1.95,0.0,1011.64,88.0,97.5
1762380000,2025-11-05 22:00:00,2025-11-05 23:00:00,ringsted,10.3,0.0,1.925,0.0,1011.45,88.0,82.5
1762383600,2025-11-05 23:00:00,2025-11-06 00:00:00,ringsted,10.275,0.0,1.7,0.0,1011.25,87.75,74.1667
1762387200,2025-11-06 00:00:00,2025-11-06 01:00:00,ringsted,10.15,0.0,1.475,0.0,1011.02,87.5,70.4167
1762390800,2025-11-06 01:00:00,2025-11-06 02:00:00,ringsted,9.95,0.0,1.675,0.0,1010.83,89.0,92.5
1762394400,2025-11-06 02:00:00,2025-11-06 03:00:00,ringsted,9.875,0.0,2.15,0.0,1010.55,89.75,93.75
1762398000,2025-11-06 03:00:00,2025-11-06 04:00:00,ringsted,9.5,0.0,1.9,0.0,1010.44,91.0,99.1667
1762401600,2025-11-06 04:00:00,2025-11-06 05:00:00,ringsted,9.075,0.0,1.9,0.0,1010.28,93.0,95.0
1762405200,2025-11-06 05:00:00,2025-11-06 06:00:00,ringsted,9.075,0.0,2.35,0.0,1009.93,93.25,90.4167
1762408800,2025-11-06 06:00:00,2025-11-06 07:00:00,ringsted,8.975,0.0,2.425,0.0,1009.86,92.75,49.5833
1762412400,2025-11-06 07:00:00,2025-11-06 08:00:00,ringsted,9.025,7.0,2.425,0.0,1009.99,90.5,73.3333
1762416000,2025-11-06 08:00:00,2025-11-06 09:00:00,ringsted,9.7,69.0,2.6,0.0,1010.03,88.5,59.5833
1762419600,2025-11-06 09:00:00,2025-11-06 10:00:00,ringsted,10.85,154.5,2.775,0.0,1010.09,84.25,11.25
1762423200,2025-11-06 10:00:00,2025-11-06 11:00:00,ringsted,11.525,185.5,2.8,0.0,1010.15,82.0,19.5833
1762426800,2025-11-06 11:00:00,2025-11-06 12:00:00,ringsted,12.5,263.0,2.775,0.0,1009.94,78.0,2.5
1762430400,2025-11-06 12:00:00,2025-11-06 13:00:00,ringsted,13.125,275.5,2.875,0.0,1009.62,75.75,0.0
1762434000,2025-11-06 13:00:00,2025-11-06 14:00:00,ringsted,13.275,237.0,3.075,0.0,1009.21,73.5,0.0
1762437600,2025-11-06 14:00:00,2025-11-06 15:00:00,ringsted,12.725,160.5,3.325,0.0,1009.09,76.0,0.0
1762441200,2025-11-06 15:00:00,2025-11-06 16:00:00,ringsted,11.25,58.0,3.45,0.0,1009.05,82.25,0.0
1762444800,2025-11-06 16:00:00,2025-11-06 17:00:00,ringsted,9.675,1.0,3.325,0.0,1009.05,88.25,0.0
1762448400,2025-11-06 17:00:00,2025-11-06 18:00:00,ringsted,8.875,0.0,2.85,0.0,1009.15,91.25,0.0
1762452000,2025-11-06 18:00:00,2025-11-06 19:00:00,ringsted,8.25,0.0,2.85,0.0,1009.05,91.75,0.0
1762455600,2025-11-06 19:00:00,2025-11-06 20:00:00,ringsted,8.0,0.0,3.3,0.0,1008.92,91.75,0.0
1762459200,2025-11-06 20:00:00,2025-11-06 21:00:00,ringsted,8.075,0.0,3.175,0.0,1009.03,91.75,0.0
1762462800,2025-11-06 21:00:00,2025-11-06 22:00:00,ringsted,7.95,0.0,2.8,0.0,1008.97,91.25,0.0
1762466400,2025-11-06 22:00:00,2025-11-06 23:00:00,ringsted,7.225,0.0,2.4,0.0,1008.8,92.5,0.0
1762470000,2025-11-06 23:00:00,2025-11-07 00:00:00,ringsted,6.525,0.0,2.05,0.0,1008.66,93.75,0.0
1762473600,2025-11-07 00:00:00,2025-11-07 01:00:00,ringsted,5.93333,0.0,1.76667,0.0,1008.37,94.0,0.0
1762477200,2025-11-07 01:00:00,2025-11-07 02:00:00,ringsted,5.9,0.0,2.16667,0.0,1007.91,94.6667,0.0
1762480800,2025-11-07 02:00:00,2025-11-07 03:00:00,ringsted,6.03333,0.0,2.6,0.0,1007.24,95.3333,0.0
1762484400,2025-11-07 03:00:00,2025-11-07 04:00:00,ringsted,6.9,0.0,2.9,0.0,1007.1,95.75,0.0
1762488000,2025-11-07 04:00:00,2025-11-07 05:00:00,ringsted,6.5,0.0,2.425,0.0,1006.89,96.0,0.0
1762491600,2025-11-07 05:00:00,2025-11-07 06:00:00,ringsted,6.65,0.0,2.55,0.0,1006.78,96.75,0.833333
1762495200,2025-11-07 06:00:00,2025-11-07 07:00:00,ringsted,6.25,0.0,2.675,0.025,1006.77,97.25,9.58333
1762498800,2025-11-07 07:00:00,2025-11-07 08:00:00,ringsted,6.325,3.5,2.725,0.0,1007.03,96.5,0.0
1762502400,2025-11-07 08:00:00,2025-11-07 09:00:00,ringsted,6.5,52.5,2.35,0.0,1007.15,95.5,0.0
1762506000,2025-11-07 09:00:00,2025-11-07 10:00:00,ringsted,7.7,127.0,2.875,0.0,1007.22,93.25,3.33333
1762509600,2025-11-07 10:00:00,2025-11-07 11:00:00,ringsted,8.65,168.5,3.9,0.0,1007.25,89.5,21.6667
1762513200,2025-11-07 11:00:00,2025-11-07 12:00:00,ringsted,8.975,199.5,3.55,0.0,1006.95,88.0,11.25
1762516800,2025-11-07 12:00:00,2025-11-07 13:00:00,ringsted,9.175,172.0,3.475,0.0,1006.97,86.75,5.41667
1762520400,2025-11-07 13:00:00,2025-11-07 14:00:00,ringsted,9.35,164.5,2.825,0.0,1006.88,86.0,0.0
1762524000,2025-11-07 14:00:00,2025-11-07 15:00:00,ringsted,9.125,109.0,2.775,0.0,1006.99,86.5,15.0
1762527600,2025-11-07 15:00:00,2025-11-07 16:00:00,ringsted,8.275,42.0,2.25,0.0,1007.26,90.0,48.3333
1762531200,2025-11-07 16:00:00,2025-11-07 17:00:00,ringsted,7.15,1.5,1.875,0.0,1007.53,93.0,58.3333
1762534800,2025-11-07 17:00:00,2025-11-07 18:00:00,ringsted,6.725,0.0,1.9,0.0,1007.83,94.75,52.0833
1762538400,2025-11-07 18:00:00,2025-11-07 19:00:00,ringsted,6.625,0.0,2.075,0.0,1008.12,95.25,75.6667
1762542000,2025-11-07 19:00:00,2025-11-07 20:00:00,ringsted,6.75,0.0,2.025,0.0,1008.48,96.5,97.6667
1762545600,2025-11-07 20:00:00,2025-11-07 21:00:00,ringsted,6.625,0.0,2.45,0.0,1008.75,97.0,106.0
1762549200,2025-11-07 21:00:00,2025-11-07 22:00:00,ringsted,6.525,0.0,2.35,0.0,1008.91,97.25,106.0
1762552800,2025-11-07 22:00:00,2025-11-07 23:00:00,ringsted,6.425,0.0,1.6,0.0,1009.12,97.25,106.0
1762556400,2025-11-07 23:00:00,2025-11-08 00:00:00,ringsted,6.3,0.0,1.3,0.0,1009.29,97.25,105.0
1762560000,2025-11-08 00:00:00,2025-11-08 01:00:00,ringsted,6.125,0.0,0.625,0.0,1009.28,96.75,102.0
1762563600,2025-11-08 01:00:00,2025-11-08 02:00:00,ringsted,6.075,0.0,0.55,0.0,1009.24,96.25,100.0
1762567200,2025-11-08 02:00:00,2025-11-08 03:00:00,ringsted,5.875,0.0,0.9,0.0,1009.3,95.75,100.0
1762570800,2025-11-08 03:00:00,2025-11-08 04:00:00,ringsted,5.75,0.0,1.2,0.0,1009.45,96.0,100.0
1762574400,2025-11-08 04:00:00,2025-11-08 05:00:00,ringsted,5.65,0.0,1.15,0.0,1009.46,95.5,100.0
1762578000,2025-11-08 05:00:00,2025-11-08 06:00:00,ringsted,5.7,0.0,0.9,0.0,1009.48,95.5,100.0
1762581600,2025-11-08 06:00:00,2025-11-08 07:00:00,ringsted,5.825,0.0,0.75,0.0,1009.85,95.75,100.0
1762585200,2025-11-08 07:00:00,2025-11-08 08:00:00,ringsted,5.975,0.5,0.85,0.0,1010.1,95.25,100.0
1762588800,2025-11-08 08:00:00,2025-11-08 09:00:00,ringsted,6.1,13.0,0.85,0.0,1010.26,95.0,100.0
1762592400,2025-11-08 09:00:00,2025-11-08 10:00:00,ringsted,6.45,25.5,1.1,0.0,1010.51,93.5,100.0
1762596000,2025-11-08 10:00:00,2025-11-08 11:00:00,ringsted,6.925,39.0,0.8,0.0,1010.58,91.75,100.0
1762599600,2025-11-08 11:00:00,2025-11-08 12:00:00,ringsted,7.275,40.0,0.825,0.0,1010.45,90.5,100.0
1762603200,2025-11-08 12:00:00,2025-11-08 13:00:00,ringsted,7.6,40.0,0.8,0.0,1010.26,89.25,100.0
1762606800,2025-11-08 13:00:00,2025-11-08 14:00:00,ringsted,7.7,34.5,1.025,0.0,1010.33,89.0,100.0
1762610400,2025-11-08 14:00:00,2025-11-08 15:00:00,ringsted,7.7,24.0,1.425,0.0,1010.4,89.75,100.0
1762614000,2025-11-08 15:00:00,2025-11-08 16:00:00,ringsted,7.625,10.5,1.0,0.0,1010.3,89.75,98.3333
1762617600,2025-11-08 16:00:00,2025-11-08 17:00:00,ringsted,7.4,0.5,1.075,0.0,1010.33,91.0,99.1667
1762621200,2025-11-08 17:00:00,2025-11-08 18:00:00,ringsted,7.3,0.0,0.925,0.0,1010.45,92.25,100.0
1762624800,2025-11-08 18:00:00,2025-11-08 19:00:00,ringsted,7.275,0.0,1.125,0.0,1010.6,92.25,100.0
1762628400,2025-11-08 19:00:00,2025-11-08 20:00:00,ringsted,7.35,0.0,1.125,0.0,1010.7,92.0,100.0
1762632000,2025-11-08 20:00:00,2025-11-08 21:00:00,ringsted,7.4,0.0,1.475,0.0,1010.92,91.0,100.0
1762635600,2025-11-08 21:00:00,2025-11-08 22:00:00,ringsted,7.35,0.0,1.9,0.0,1010.83,90.75,100.0
1762639200,2025-11-08 22:00:00,2025-11-08 23:00:00,ringsted,7.175,0.0,1.925,0.0,1010.87,91.5,100.0
1762642800,2025-11-08 23:00:00,2025-11-09 00:00:00,ringsted,6.925,0.0,1.975,0.0,1010.88,91.5,100.0
1762646400,2025-11-09 00:00:00,2025-11-09 01:00:00,ringsted,6.675,0.0,1.75,0.0,1010.73,91.75,105.0
1762650000,2025-11-09 01:00:00,2025-11-09 02:00:00,ringsted,6.35,0.0,1.75,0.0,1010.62,93.25,102.917
1762653600,2025-11-09 02:00:00,2025-11-09 03:00:00,ringsted,6.075,0.0,1.85,0.0,1010.36,94.25,102.0
1762657200,2025-11-09 03:00:00,2025-11-09 04:00:00,ringsted,5.975,0.0,1.275,0.0,1010.19,95.25,100.0
1762660800,2025-11-09 04:00:00,2025-11-09 05:00:00,ringsted,5.925,0.0,1.2,0.0,1010.2,96.0,100.0
1762664400,2025-11-09 05:00:00,2025-11-09 06:00:00,ringsted,5.9,0.0,1.6,0.0,1010.17,96.25,100.0
1762668000,2025-11-09 06:00:00,2025-11-09 07:00:00,ringsted,5.9,0.0,1.45,0.0,1010.46,96.75,100.0
1762671600,2025-11-09 07:00:00,2025-11-09 08:00:00,ringsted,5.925,0.0,1.2,0.0,1010.83,96.25,100.0
1762675200,2025-11-09 08:00:00,2025-11-09 09:00:00,ringsted,6.05,9.0,1.6,0.0,1011.02,95.75,100.0
1762678800,2025-11-09 09:00:00,2025-11-09 10:00:00,ringsted,6.375,31.0,1.775,0.0,1011.08,94.25,100.0
1762682400,2025-11-09 10:00:00,2025-11-09 11:00:00,ringsted,6.875,63.5,1.65,0.0,1010.98,91.5,100.0
1762686000,2025-11-09 11:00:00,2025-11-09 12:00:00,ringsted,7.3,68.5,1.625,0.0,1010.82,88.25,100.0
1762689600,2025-11-09 12:00:00,2025-11-09 13:00:00,ringsted,7.475,50.0,1.75,0.0,1010.7,86.75,100.0
1762693200,2025-11-09 13:00:00,2025-11-09 14:00:00,ringsted,7.5,38.0,1.7,0.0,1010.55,87.0,100.0
1762696800,2025-11-09 14:00:00,2025-11-09 15:00:00,ringsted,7.475,22.5,1.75,0.0,1010.57,87.25,100.0
1762700400,2025-11-09 15:00:00,2025-11-09 16:00:00,ringsted,7.375,8.5,1.425,0.0,1010.61,88.0,100.0
1762704000,2025-11-09 16:00:00,2025-11-09 17:00:00,ringsted,7.175,0.5,0.975,0.0,1010.66,89.75,100.0
1762707600,2025-11-09 17:00:00,2025-11-09 18:00:00,ringsted,7.0,0.0,0.925,0.0,1010.69,90.0,100.0
1762711200,2025-11-09 18:00:00,2025-11-09 19:00:00,ringsted,6.875,0.0,0.975,0.0,1010.64,90.0,100.0
1762714800,2025-11-09 19:00:00,2025-11-09 20:00:00,ringsted,6.8,0.0,1.125,0.0,1010.77,90.5,100.0
1762718400,2025-11-09 20:00:00,2025-11-09 21:00:00,ringsted,6.775,0.0,1.1,0.0,1010.85,90.75,100.0
1762722000,2025-11-09 21:00:00,2025-11-09 22:00:00,ringsted,6.7,0.0,1.1,0.025,1010.67,92.0,100.0
1762725600,2025-11-09 22:00:00,2025-11-09 23:00:00,ringsted,6.6,0.0,1.175,0.025,1010.46,92.5,100.0
1762729200,2025-11-09 23:00:00,2025-11-10 00:00:00,ringsted,6.475,0.0,1.15,0.025,1010.36,93.0,86.6667
1762732800,2025-11-10 00:00:00,2025-11-10 01:00:00,ringsted,6.375,0.0,1.425,0.05,1010.03,94.0,50.0
1762736400,2025-11-10 01:00:00,2025-11-10 02:00:00,ringsted,6.325,0.0,1.45,0.05,1009.89,95.0,87.3333
1762740000,2025-11-10 02:00:00,2025-11-10 03:00:00,ringsted,6.375,0.0,1.475,0.025,1009.75,95.25,102.333
1762743600,2025-11-10 03:00:00,2025-11-10 04:00:00,ringsted,6.35,0.0,1.025,0.025,1009.68,95.5,102.0
1762747200,2025-11-10 04:00:00,2025-11-10 05:00:00,ringsted,6.275,0.0,1.1,0.025,1009.63,96.0,100.0
1762750800,2025-11-10 05:00:00,2025-11-10 06:00:00,ringsted,6.25,0.0,1.05,0.0,1009.57,95.75,100.0
1762754400,2025-11-10 06:00:00,2025-11-10 07:00:00,ringsted,6.25,0.0,0.625,0.0,1009.75,95.5,100.0
1762758000,2025-11-10 07:00:00,2025-11-10 08:00:00,ringsted,6.225,0.5,0.5,0.0,1010.11,95.5,100.0
1762761600,2025-11-10 08:00:00,2025-11-10 09:00:00,ringsted,6.4,15.5,0.95,0.0,1010.25,95.5,100.0
1762765200,2025-11-10 09:00:00,2025-11-10 10:00:00,ringsted,6.775,42.5,0.95,0.0,1010.15,93.5,100.0
1762768800,2025-11-10 10:00:00,2025-11-10 11:00:00,ringsted,7.175,72.5,1.05,0.0,1009.91,91.25,100.0
1762772400,2025-11-10 11:00:00,2025-11-10 12:00:00,ringsted,7.9,155.0,1.05,0.0,1009.58,85.0,100.0
1762776000,2025-11-10 12:00:00,2025-11-10 13:00:00,ringsted,8.3,136.5,0.9,0.0,1009.34,81.25,100.0
1762779600,2025-11-10 13:00:00,2025-11-10 14:00:00,ringsted,8.525,108.0,0.875,0.0,1009.07,77.25,81.25
1762783200,2025-11-10 14:00:00,2025-11-10 15:00:00,ringsted,8.425,101.5,1.0,0.0,1009.09,77.0,61.25
1762786800,2025-11-10 15:00:00,2025-11-10 16:00:00,ringsted,7.95,29.0,0.775,0.0,1009.2,81.0,100.0
1762790400,2025-11-10 16:00:00,2025-11-10 17:00:00,ringsted,7.4,1.0,0.45,0.0,1009.32,85.0,100.0
1762794000,2025-11-10 17:00:00,2025-11-10 18:00:00,ringsted,6.85,0.0,0.525,0.0,1009.29,87.25,99.1667
1762797600,2025-11-10 18:00:00,2025-11-10 19:00:00,ringsted,6.425,0.0,0.625,0.0,1009.17,89.5,73.3333
1762801200,2025-11-10 19:00:00,2025-11-10 20:00:00,ringsted,5.675,0.0,0.775,0.0,1008.82,92.25,51.6667
1762804800,2025-11-10 20:00:00,2025-11-10 21:00:00,ringsted,4.6,0.0,0.7,0.0,1008.55,94.0,47.5
1762808400,2025-11-10 21:00:00,2025-11-10 22:00:00,ringsted,4.275,0.0,0.45,0.0,1008.44,95.5,50.0
1762812000,2025-11-10 22:00:00,2025-11-10 23:00:00,ringsted,4.025,0.0,0.525,0.0,1008.22,96.25,77.9167
1762815600,2025-11-10 23:00:00,2025-11-11 00:00:00,ringsted,4.725,0.0,0.9,0.0,1007.81,96.75,100.0
1762819200,2025-11-11 00:00:00,2025-11-11 01:00:00,ringsted,5.525,0.0,1.125,0.0,1007.39,95.0,100.0
1762822800,2025-11-11 01:00:00,2025-11-11 02:00:00,ringsted,5.65,0.0,0.975,0.0,1007.13,93.75,100.0
1762826400,2025-11-11 02:00:00,2025-11-11 03:00:00,ringsted,5.875,0.0,1.325,0.0,1006.56,93.25,100.0
1762830000,2025-11-11 03:00:00,2025-11-11 04:00:00,ringsted,6.15,0.0,1.7,0.0,1006.18,93.25,100.0
1762833600,2025-11-11 04:00:00,2025-11-11 05:00:00,ringsted,6.375,0.0,1.425,0.0,1005.87,94.25,98.3333
1762837200,2025-11-11 05:00:00,2025-11-11 06:00:00,ringsted,6.6,0.0,1.975,0.0,1005.8,92.5,95.8333
1762840800,2025-11-11 06:00:00,2025-11-11 07:00:00,ringsted,6.975,0.0,2.45,0.0,1005.93,92.0,100.0
1762844400,2025-11-11 07:00:00,2025-11-11 08:00:00,ringsted,7.05,1.0,2.925,0.0,1006.02,92.25,100.0
1762848000,2025-11-11 08:00:00,2025-11-11 09:00:00,ringsted,7.175,10.0,2.35,0.1,1006.08,91.75,95.1667
1762851600,2025-11-11 09:00:00,2025-11-11 10:00:00,ringsted,7.55,32.0,2.6,0.2,1006.25,91.5,89.9167
1762855200,2025-11-11 10:00:00,2025-11-11 11:00:00,ringsted,7.925,56.0,3.25,0.25,1006.31,93.0,103.0
1762858800,2025-11-11 11:00:00,2025-11-11 12:00:00,ringsted,8.075,47.0,3.325,0.25,1006.23,94.25,100.0
1762862400,2025-11-11 12:00:00,2025-11-11 13:00:00,ringsted,8.25,54.5,3.225,0.125,1006.28,95.0,104.0
1762866000,2025-11-11 13:00:00,2025-11-11 14:00:00,ringsted,8.4,35.0,2.925,0.1,1006.21,96.0,106.0
1762869600,2025-11-11 14:00:00,2025-11-11 15:00:00,ringsted,8.475,17.0,2.825,0.05,1006.47,96.75,106.0
1762873200,2025-11-11 15:00:00,2025-11-11 16:00:00,ringsted,8.65,7.0,2.725,0.0,1007.01,97.0,102.0
1762876800,2025-11-11 16:00:00,2025-11-11 17:00:00,ringsted,8.875,0.5,2.725,0.0,1007.47,97.75,100.0
1762880400,2025-11-11 17:00:00,2025-11-11 18:00:00,ringsted,9.175,0.0,2.8,0.025,1007.94,97.5,100.0
1762884000,2025-11-11 18:00:00,2025-11-11 19:00:00,ringsted,9.525,0.0,3.375,0.15,1008.12,96.75,97.5
1762887600,2025-11-11 19:00:00,2025-11-11 20:00:00,ringsted,9.725,0.0,3.45,0.05,1008.53,95.75,99.1667
1762891200,2025-11-11 20:00:00,2025-11-11 21:00:00,ringsted,9.55,0.0,3.125,0.025,1008.72,95.5,62.0833
1762894800,2025-11-11 21:00:00,2025-11-11 22:00:00,ringsted,8.75,0.0,2.75,0.025,1009.11,96.25,39.5833
1762898400,2025-11-11 22:00:00,2025-11-11 23:00:00,ringsted,8.125,0.0,2.625,0.0,1009.46,96.5,25.0
1762902000,2025-11-11 23:00:00,2025-11-12 00:00:00,ringsted,7.625,0.0,2.725,0.0,1009.41,96.75,0.0
1762905600,2025-11-12 00:00:00,2025-11-12 01:00:00,ringsted,7.4,0.0,2.525,0.0,1009.29,97.5,20.8333
1762909200,2025-11-12 01:00:00,2025-11-12 02:00:00,ringsted,7.025,0.0,2.45,0.0,1008.85,97.75,0.0
1762912800,2025-11-12 02:00:00,2025-11-12 03:00:00,ringsted,6.775,0.0,2.975,0.0,1008.54,97.75,0.0
1762916400,2025-11-12 03:00:00,2025-11-12 04:00:00,ringsted,6.975,0.0,3.125,0.0,1008.36,97.5,5.83333
1762920000,2025-11-12 04:00:00,2025-11-12 05:00:00,ringsted,7.425,0.0,3.8,0.0,1007.86,96.75,40.4167
1762923600,2025-11-12 05:00:00,2025-11-12 06:00:00,ringsted,7.925,0.0,3.975,0.025,1007.79,96.25,32.5
1762927200,2025-11-12 06:00:00,2025-11-12 07:00:00,ringsted,8.275,0.0,4.025,0.025,1007.35,95.5,48.3333
1762930800,2025-11-12 07:00:00,2025-11-12 08:00:00,ringsted,8.6,0.0,4.6,0.05,1006.94,94.0,67.9167
1762934400,2025-11-12 08:00:00,2025-11-12 09:00:00,ringsted,8.825,15.0,5.325,0.05,1006.52,92.25,95.0
1762938000,2025-11-12 09:00:00,2025-11-12 10:00:00,ringsted,9.15,48.5,5.9,0.05,1006.48,90.25,76.6667
1762941600,2025-11-12 10:00:00,2025-11-12 11:00:00,ringsted,9.725,72.0,6.15,0.0,1006.01,87.25,81.6667
1762945200,2025-11-12 11:00:00,2025-11-12 12:00:00,ringsted,10.2,77.0,5.95,0.0,1005.41,85.0,94.5833
1762948800,2025-11-12 12:00:00,2025-11-12 13:00:00,ringsted,10.65,81.0,5.8,0.0,1004.77,82.75,100.0
1762952400,2025-11-12 13:00:00,2025-11-12 14:00:00,ringsted,11.05,63.5,5.85,0.0,1004.04,81.0,100.0
1762956000,2025-11-12 14:00:00,2025-11-12 15:00:00,ringsted,11.075,31.0,5.775,0.0,1003.99,80.5,100.0
1762959600,2025-11-12 15:00:00,2025-11-12 16:00:00,ringsted,11.025,6.0,5.7,0.0,1003.71,80.5,100.0
1762963200,2025-11-12 16:00:00,2025-11-12 17:00:00,ringsted,10.725,0.0,5.425,0.05,1003.2,82.25,100.0
1762966800,2025-11-12 17:00:00,2025-11-12 18:00:00,ringsted,10.625,0.0,5.2,0.0,1003.13,82.75,100.0
1762970400,2025-11-12 18:00:00,2025-11-12 19:00:00,ringsted,10.55,0.0,4.975,0.0,1002.75,83.25,96.6667
1762974000,2025-11-12 19:00:00,2025-11-12 20:00:00,ringsted,10.5,0.0,5.3,0.0,1002.5,83.75,95.8333
1762977600,2025-11-12 20:00:00,2025-11-12 21:00:00,ringsted,10.65,0.0,5.775,0.0,1002.41,83.5,100.0
1762981200,2025-11-12 21:00:00,2025-11-12 22:00:00,ringsted,10.725,0.0,5.2,0.0,1002.35,83.75,95.0
1762984800,2025-11-12 22:00:00,2025-11-12 23:00:00,ringsted,10.625,0.0,4.9,0.0,1002.03,84.25,60.4167
1762988400,2025-11-12 23:00:00,2025-11-13 00:00:00,ringsted,10.2,0.0,4.45,0.0,1001.65,84.75,21.6667
1762992000,2025-11-13 00:00:00,2025-11-13 01:00:00,ringsted,9.675,0.0,3.925,0.0,1001.19,87.0,35.8333
1762995600,2025-11-13 01:00:00,2025-11-13 02:00:00,ringsted,9.725,0.0,4.65,0.0,1000.81,86.0,23.75
1762999200,2025-11-13 02:00:00,2025-11-13 03:00:00,ringsted,9.775,0.0,4.875,0.0,1000.48,85.75,41.25
1763002800,2025-11-13 03:00:00,2025-11-13 04:00:00,ringsted,9.8,0.0,5.0,0.0,1000.43,85.5,20.8333
1763006400,2025-11-13 04:00:00,2025-11-13 05:00:00,ringsted,9.6,0.0,4.25,0.0,999.892,86.0,81.6667
1763010000,2025-11-13 05:00:00,2025-11-13 06:00:00,ringsted,9.25,0.0,3.95,0.0,999.513,87.75,66.6667
1763013600,2025-11-13 06:00:00,2025-11-13 07:00:00,ringsted,8.875,0.0,4.375,0.0,999.171,88.75,44.5833
1763017200,2025-11-13 07:00:00,2025-11-13 08:00:00,ringsted,8.775,0.5,4.65,0.0,999.346,89.25,36.25
1763020800,2025-11-13 08:00:00,2025-11-13 09:00:00,ringsted,9.025,41.0,4.725,0.0,999.133,88.5,1.66667
1763024400,2025-11-13 09:00:00,2025-11-13 10:00:00,ringsted,9.975,143.0,4.725,0.0,998.696,86.25,28.75
1763028000,2025-11-13 10:00:00,2025-11-13 11:00:00,ringsted,10.8667,130.5,5.53333,0.0,998.835,85.0,54.0909
1763031600,2025-11-13 11:00:00,2025-11-13 12:00:00,ringsted,11.3333,155.0,6.36667,0.0,998.378,84.0,89.0909
1763035200,2025-11-13 12:00:00,2025-11-13 13:00:00,ringsted,11.5,116.0,6.83333,0.0,997.87,84.0,93.6364
1763038800,2025-11-13 13:00:00,2025-11-13 14:00:00,ringsted,11.9,113.5,7.125,0.0,997.675,83.75,98.3333
1763042400,2025-11-13 14:00:00,2025-11-13 15:00:00,ringsted,12.35,31.5,7.85,0.0,997.667,85.0,96.6667
1763046000,2025-11-13 15:00:00,2025-11-13 16:00:00,ringsted,12.6,16.5,7.4,0.0,997.971,86.25,90.4167
1763049600,2025-11-13 16:00:00,2025-11-13 17:00:00,ringsted,12.575,0.0,7.775,0.0,998.571,85.5,92.5
1763053200,2025-11-13 17:00:00,2025-11-13 18:00:00,ringsted,12.575,0.0,7.825,0.0,999.396,84.75,95.0
1763056800,2025-11-13 18:00:00,2025-11-13 19:00:00,ringsted,12.575,0.0,7.75,0.0,999.983,83.5,95.0
1763060400,2025-11-13 19:00:00,2025-11-13 20:00:00,ringsted,12.425,0.0,7.975,0.0,1001.28,83.0,91.6667
1763064000,2025-11-13 20:00:00,2025-11-13 21:00:00,ringsted,10.75,0.0,7.175,0.0,1002.87,85.25,83.75
1763067600,2025-11-13 21:00:00,2025-11-13 22:00:00,ringsted,8.575,0.0,7.325,0.0,1004.06,82.0,42.0833
1763071200,2025-11-13 22:00:00,2025-11-13 23:00:00,ringsted,7.425,0.0,5.675,0.0,1004.5,80.5,22.9167
1763074800,2025-11-13 23:00:00,2025-11-14 00:00:00,ringsted,6.575,0.0,3.7,0.0,1005.02,83.25,39.5833
1763078400,2025-11-14 00:00:00,2025-11-14 01:00:00,ringsted,5.85,0.0,2.375,0.0,1005.12,87.25,44.1667
1763082000,2025-11-14 01:00:00,2025-11-14 02:00:00,ringsted,5.425,0.0,2.05,0.0,1005.65,89.75,42.5
1763085600,2025-11-14 02:00:00,2025-11-14 03:00:00,ringsted,5.6,0.0,1.9,0.0,1005.72,90.0,75.4167
1763089200,2025-11-14 03:00:00,2025-11-14 04:00:00,ringsted,5.7,0.0,1.35,0.0,1005.87,91.0,81.25
1763092800,2025-11-14 04:00:00,2025-11-14 05:00:00,ringsted,5.775,0.0,1.175,0.0,1005.78,91.25,80.8333
1763096400,2025-11-14 05:00:00,2025-11-14 06:00:00,ringsted,5.525,0.0,0.775,0.0,1005.8,93.25,60.4167
1763100000,2025-11-14 06:00:00,2025-11-14 07:00:00,ringsted,5.425,0.0,0.65,0.0,1006.26,93.5,82.5
1763103600,2025-11-14 07:00:00,2025-11-14 08:00:00,ringsted,5.5,0.5,0.375,0.0,1006.7,94.5,69.1667
1763107200,2025-11-14 08:00:00,2025-11-14 09:00:00,ringsted,5.75,14.5,0.425,0.0,1006.78,94.25,42.5
1763110800,2025-11-14 09:00:00,2025-11-14 10:00:00,ringsted,6.3,45.0,0.25,0.0,1007.1,93.75,40.4167
1763114400,2025-11-14 10:00:00,2025-11-14 11:00:00,ringsted,7.025,69.5,0.55,0.0,1007.19,90.75,37.9167
1763118000,2025-11-14 11:00:00,2025-11-14 12:00:00,ringsted,7.525,89.5,1.0,0.0,1007.23,87.75,77.5
1763121600,2025-11-14 12:00:00,2025-11-14 13:00:00,ringsted,7.75,59.0,1.825,0.0,1006.98,85.0,67.9167
1763125200,2025-11-14 13:00:00,2025-11-14 14:00:00,ringsted,7.5,70.5,2.5,0.0,1007.07,85.0,67.0833
1763128800,2025-11-14 14:00:00,2025-11-14 15:00:00,ringsted,7.15,55.5,3.125,0.0,1007.39,79.75,97.5
1763132400,2025-11-14 15:00:00,2025-11-14 16:00:00,ringsted,6.525,12.5,3.275,0.0,1007.85,77.5,98.3333
1763136000,2025-11-14 16:00:00,2025-11-14 17:00:00,ringsted,6.0,0.0,2.95,0.0,1008.24,75.25,100.0
1763139600,2025-11-14 17:00:00,2025-11-14 18:00:00,ringsted,5.475,0.0,2.65,0.0,1008.93,72.5,96.25
1763143200,2025-11-14 18:00:00,2025-11-14 19:00:00,ringsted,4.975,0.0,2.275,0.0,1009.46,74.25,58.75
1763146800,2025-11-14 19:00:00,2025-11-14 20:00:00,ringsted,4.6,0.0,2.975,0.0,1010.39,72.5,96.6667
1763150400,2025-11-14 20:00:00,2025-11-14 21:00:00,ringsted,4.25,0.0,3.0,0.0,1011.2,74.5,97.9167
1763154000,2025-11-14 21:00:00,2025-11-14 22:00:00,ringsted,4.0,0.0,2.475,0.0,1011.65,75.0,88.3333
1763157600,2025-11-14 22:00:00,2025-11-14 23:00:00,ringsted,3.75,0.0,2.4,0.0,1012.28,73.0,64.5833
1763161200,2025-11-14 23:00:00,2025-11-15 00:00:00,ringsted,3.4,0.0,3.075,0.0,1012.81,71.0,10.8333
1763164800,2025-11-15 00:00:00,2025-11-15 01:00:00,ringsted,2.8,0.0,3.075,0.0,1013.22,75.75,66.25
1763168400,2025-11-15 01:00:00,2025-11-15 02:00:00,ringsted,2.9,0.0,3.4,0.0,1013.95,78.75,93.75
1763172000,2025-11-15 02:00:00,2025-11-15 03:00:00,ringsted,2.7,0.0,3.225,0.0,1014.28,78.25,56.6667
1763175600,2025-11-15 03:00:00,2025-11-15 04:00:00,ringsted,2.4,0.0,2.8,0.0,1014.58,77.75,31.25
1763179200,2025-11-15 04:00:00,2025-11-15 05:00:00,ringsted,1.925,0.0,2.975,0.0,1015.5,80.0,47.0833
1763182800,2025-11-15 05:00:00,2025-11-15 06:00:00,ringsted,1.575,0.0,2.775,0.0,1015.96,80.5,24.5833
1763186400,2025-11-15 06:00:00,2025-11-15 07:00:00,ringsted,0.875,0.0,2.45,0.0,1016.1,83.25,0.0
1763190000,2025-11-15 07:00:00,2025-11-15 08:00:00,ringsted,0.175,0.5,2.15,0.0,1016.7,85.0,0.0
1763193600,2025-11-15 08:00:00,2025-11-15 09:00:00,ringsted,0.8,30.5,2.525,0.0,1016.99,83.0,0.0
1763197200,2025-11-15 09:00:00,2025-11-15 10:00:00,ringsted,2.175,142.5,3.15,0.0,1017.03,77.25,0.0
1763200800,2025-11-15 10:00:00,2025-11-15 11:00:00,ringsted,3.575,219.5,3.825,0.0,1016.78,74.0,2.91667
1763204400,2025-11-15 11:00:00,2025-11-15 12:00:00,ringsted,4.525,244.5,4.15,0.0,1016.16,73.0,10.4167
1763208000,2025-11-15 12:00:00,2025-11-15 13:00:00,ringsted,5.325,252.0,4.15,0.0,1015.56,74.75,0.0
1763211600,2025-11-15 13:00:00,2025-11-15 14:00:00,ringsted,5.775,209.5,4.025,0.0,1015.08,72.75,0.0
1763215200,2025-11-15 14:00:00,2025-11-15 15:00:00,ringsted,5.65,132.0,3.425,0.0,1014.77,72.25,0.0
1763218800,2025-11-15 15:00:00,2025-11-15 16:00:00,ringsted,4.725,38.5,2.425,0.0,1014.36,75.5,0.833333
1763222400,2025-11-15 16:00:00,2025-11-15 17:00:00,ringsted,2.925,0.0,1.825,0.0,1013.8,79.5,0.0
1763226000,2025-11-15 17:00:00,2025-11-15 18:00:00,ringsted,1.675,0.0,1.65,0.0,1013.4,84.5,0.0
1763229600,2025-11-15 18:00:00,2025-11-15 19:00:00,ringsted,0.825,0.0,1.625,0.0,1013.09,88.25,4.58333
1763233200,2025-11-15 19:00:00,2025-11-15 20:00:00,ringsted,0.625,0.0,1.725,0.0,1012.6,89.0,0.0
1763236800,2025-11-15 20:00:00,2025-11-15 21:00:00,ringsted,0.65,0.0,1.8,0.0,1011.79,89.5,0.0
1763240400,2025-11-15 21:00:00,2025-11-15 22:00:00,ringsted,0.275,0.0,1.475,0.0,1010.97,91.75,0.0
1763244000,2025-11-15 22:00:00,2025-11-15 23:00:00,ringsted,-0.05,0.0,1.35,0.0,1010.35,92.5,4.16667
1763247600,2025-11-15 23:00:00,2025-11-16 00:00:00,ringsted,-0.7,0.0,1.55,0.0,1009.76,93.5,19.5833
1763251200,2025-11-16 00:00:00,2025-11-16 01:00:00,ringsted,-0.95,0.0,1.575,0.0,1008.85,94.5,40.4167
1763254800,2025-11-16 01:00:00,2025-11-16 02:00:00,ringsted,-1.45,0.0,1.25,0.0,1008.03,95.75,39.1667
1763258400,2025-11-16 02:00:00,2025-11-16 03:00:00,ringsted,-1.525,0.0,1.325,0.0,1006.99,96.5,36.25
1763262000,2025-11-16 03:00:00,2025-11-16 04:00:00,ringsted,-1.45,0.0,1.75,0.0,1006.52,96.5,21.6667
1763265600,2025-11-16 04:00:00,2025-11-16 05:00:00,ringsted,-1.125,0.0,2.2,0.0,1006.13,96.0,12.5
1763269200,2025-11-16 05:00:00,2025-11-16 06:00:00,ringsted,-1.025,0.0,2.075,0.0,1005.52,95.75,0.833333
1763272800,2025-11-16 06:00:00,2025-11-16 07:00:00,ringsted,-0.875,0.0,2.075,0.0,1005.14,96.25,0.0
1763276400,2025-11-16 07:00:00,2025-11-16 08:00:00,ringsted,-1.025,0.5,1.55,0.0,1004.72,97.0,0.0
1763280000,2025-11-16 08:00:00,2025-11-16 09:00:00,ringsted,-1.5,25.0,1.3,0.0,1004.39,98.0,23.3333
1763283600,2025-11-16 09:00:00,2025-11-16 10:00:00,ringsted,-0.7,83.5,1.325,0.0,1004.1,97.75,43.75
1763287200,2025-11-16 10:00:00,2025-11-16 11:00:00,ringsted,1.175,166.0,1.075,0.075,1003.58,96.75,36.6667
1763290800,2025-11-16 11:00:00,2025-11-16 12:00:00,ringsted,3.325,221.0,1.525,0.0,1002.85,91.5,57.0833
1763294400,2025-11-16 12:00:00,2025-11-16 13:00:00,ringsted,4.375,135.0,2.0,0.0,1002.18,83.25,65.8333
1763298000,2025-11-16 13:00:00,2025-11-16 14:00:00,ringsted,4.5,113.5,1.95,0.0,1001.51,80.75,71.25
1763301600,2025-11-16 14:00:00,2025-11-16 15:00:00,ringsted,4.3,68.5,2.05,0.0,1000.97,80.0,76.25
1763305200,2025-11-16 15:00:00,2025-11-16 16:00:00,ringsted,3.875,21.0,2.2,0.0,1000.33,82.0,87.9167
1763308800,2025-11-16 16:00:00,2025-11-16 17:00:00,ringsted,3.5,0.5,2.4,0.0,1000.01,84.25,84.5833
1763312400,2025-11-16 17:00:00,2025-11-16 18:00:00,ringsted,3.85,0.0,2.825,0.0,999.771,83.75,92.5
1763316000,2025-11-16 18:00:00,2025-11-16 19:00:00,ringsted,3.975,0.0,2.8,0.0,999.25,84.5,56.25
1763319600,2025-11-16 19:00:00,2025-11-16 20:00:00,ringsted,4.0,0.0,3.35,0.0,998.758,86.25,58.1818
1763323200,2025-11-16 20:00:00,2025-11-16 21:00:00,ringsted,4.4,0.0,3.575,0.0,998.217,87.75,98.3333
1763326800,2025-11-16 21:00:00,2025-11-16 22:00:00,ringsted,4.975,0.0,4.15,0.15,997.729,90.25,56.25
1763330400,2025-11-16 22:00:00,2025-11-16 23:00:00,ringsted,4.45,0.0,3.075,0.0,997.304,93.25,18.3333
1763334000,2025-11-16 23:00:00,2025-11-17 00:00:00,ringsted,4.15,0.0,3.05,0.0,996.892,94.0,3.33333
1763337600,2025-11-17 00:00:00,2025-11-17 01:00:00,ringsted,3.7,0.0,2.875,0.0,996.554,94.75,0.0
1763341200,2025-11-17 01:00:00,2025-11-17 02:00:00,ringsted,3.275,0.0,3.15,0.0,996.579,94.75,0.0
1763344800,2025-11-17 02:00:00,2025-11-17 03:00:00,ringsted,2.8,0.0,3.1,0.0,996.542,91.75,1.66667
1763348400,2025-11-17 03:00:00,2025-11-17 04:00:00,ringsted,2.3,0.0,2.75,0.0,996.763,89.5,3.33333
1763352000,2025-11-17 04:00:00,2025-11-17 05:00:00,ringsted,1.65,0.0,2.7,0.0,996.996,90.75,0.0
1763355600,2025-11-17 05:00:00,2025-11-17 06:00:00,ringsted,1.15,0.0,2.625,0.0,997.25,90.5,9.16667
1763359200,2025-11-17 06:00:00,2025-11-17 07:00:00,ringsted,0.925,0.0,2.25,0.0,997.633,88.75,5.0
1763362800,2025-11-17 07:00:00,2025-11-17 08:00:00,ringsted,0.5,0.5,1.775,0.0,998.465,89.75,21.25
1763366400,2025-11-17 08:00:00,2025-11-17 09:00:00,ringsted,1.275,31.0,1.65,0.0,999.417,89.0,42.9167
1763370000,2025-11-17 09:00:00,2025-11-17 10:00:00,ringsted,3.1,158.5,2.575,0.0,1000.23,85.0,41.25
1763373600,2025-11-17 10:00:00,2025-11-17 11:00:00,ringsted,4.275,214.5,3.75,0.0,1001.13,78.75,18.3333
1763377200,2025-11-17 11:00:00,2025-11-17 12:00:00,ringsted,4.65,133.0,4.5,0.0,1002.04,78.5,4.58333
1763380800,2025-11-17 12:00:00,2025-11-17 13:00:00,ringsted,5.275,196.5,5.7,0.0,1002.7,72.75,4.58333
1763384400,2025-11-17 13:00:00,2025-11-17 14:00:00,ringsted,5.55,171.0,5.6,0.0,1003.15,65.25,16.25
1763388000,2025-11-17 14:00:00,2025-11-17 15:00:00,ringsted,5.4,121.5,5.325,0.0,1003.87,65.25,0.0
1763391600,2025-11-17 15:00:00,2025-11-17 16:00:00,ringsted,4.475,29.5,4.175,0.0,1004.4,69.0,0.0
1763395200,2025-11-17 16:00:00,2025-11-17 17:00:00,ringsted,3.075,0.0,3.05,0.0,1004.88,71.0,9.58333
1763398800,2025-11-17 17:00:00,2025-11-17 18:00:00,ringsted,1.875,0.0,2.6,0.0,1005.52,75.75,5.41667
1763402400,2025-11-17 18:00:00,2025-11-17 19:00:00,ringsted,1.7,0.0,3.0,0.0,1005.9,78.0,0.833333
1763406000,2025-11-17 19:00:00,2025-11-17 20:00:00,ringsted,1.55,0.0,2.6,0.0,1006.12,80.0,25.0
1763409600,2025-11-17 20:00:00,2025-11-17 21:00:00,ringsted,1.525,0.0,2.575,0.0,1006.19,82.0,25.4167
1763413200,2025-11-17 21:00:00,2025-11-17 22:00:00,ringsted,1.45,0.0,2.125,0.0,1005.93,83.0,0.0
1763416800,2025-11-17 22:00:00,2025-11-17 23:00:00,ringsted,1.125,0.0,2.4,0.0,1005.67,84.5,0.0
1763420400,2025-11-17 23:00:00,2025-11-18 00:00:00,ringsted,1.175,0.0,2.4,0.0,1005.51,87.0,6.25
1763424000,2025-11-18 00:00:00,2025-11-18 01:00:00,ringsted,1.675,0.0,3.025,0.0,1005.05,88.25,12.5
1763427600,2025-11-18 01:00:00,2025-11-18 02:00:00,ringsted,2.1,0.0,3.1,0.0,1004.94,89.5,51.6667
1763431200,2025-11-18 02:00:00,2025-11-18 03:00:00,ringsted,2.775,0.0,3.625,0.0,1004.72,89.25,46.6667
1763434800,2025-11-18 03:00:00,2025-11-18 04:00:00,ringsted,2.925,0.0,3.325,0.0,1004.46,89.75,30.4167
1763438400,2025-11-18 04:00:00,2025-11-18 05:00:00,ringsted,3.1,0.0,3.525,0.0,1004.29,89.75,24.5833
1763442000,2025-11-18 05:00:00,2025-11-18 06:00:00,ringsted,3.4,0.0,4.125,0.0,1004.15,88.75,54.5833
1763445600,2025-11-18 06:00:00,2025-11-18 07:00:00,ringsted,3.425,0.0,3.75,0.0,1004.25,88.0,20.0
1763449200,2025-11-18 07:00:00,2025-11-18 08:00:00,ringsted,3.125,0.5,3.25,0.0,1004.33,88.75,42.0833
1763452800,2025-11-18 08:00:00,2025-11-18 09:00:00,ringsted,3.425,27.0,3.6,0.0,1004.4,87.75,26.6667
1763456400,2025-11-18 09:00:00,2025-11-18 10:00:00,ringsted,4.225,94.0,3.85,0.0,1004.58,86.0,65.4167
1763460000,2025-11-18 10:00:00,2025-11-18 11:00:00,ringsted,4.95,120.0,3.95,0.0,1004.41,83.25,46.6667
1763463600,2025-11-18 11:00:00,2025-11-18 12:00:00,ringsted,5.3,117.5,4.475,0.0,1003.95,81.5,25.0
1763467200,2025-11-18 12:00:00,2025-11-18 13:00:00,ringsted,5.55,124.5,4.85,0.0,1003.67,79.5,17.0833
1763470800,2025-11-18 13:00:00,2025-11-18 14:00:00,ringsted,5.475,104.0,4.65,0.0,1003.42,79.75,38.75
1763474400,2025-11-18 14:00:00,2025-11-18 15:00:00,ringsted,5.125,67.0,4.3,0.0,1003.13,80.25,43.75
1763478000,2025-11-18 15:00:00,2025-11-18 16:00:00,ringsted,4.475,18.0,3.25,0.05,1002.93,84.0,18.75
1763481600,2025-11-18 16:00:00,2025-11-18 17:00:00,ringsted,3.9,0.0,3.075,0.0,1002.75,85.75,20.0
1763485200,2025-11-18 17:00:00,2025-11-18 18:00:00,ringsted,3.275,0.0,2.65,0.025,1002.62,87.5,19.1667
1763488800,2025-11-18 18:00:00,2025-11-18 19:00:00,ringsted,3.0,0.0,2.55,0.0,1002.56,88.75,25.8333
1763492400,2025-11-18 19:00:00,2025-11-18 20:00:00,ringsted,2.725,0.0,2.45,0.0,1002.4,89.5,23.75
1763496000,2025-11-18 20:00:00,2025-11-18 21:00:00,ringsted,2.425,0.0,2.05,0.0,1002.18,90.0,14.5833
1763499600,2025-11-18 21:00:00,2025-11-18 22:00:00,ringsted,1.95,0.0,1.65,0.0,1001.78,92.75,10.4167
1763503200,2025-11-18 22:00:00,2025-11-18 23:00:00,ringsted,1.775,0.0,1.45,0.0,1001.43,93.5,75.8333
1763506800,2025-11-18 23:00:00,2025-11-19 00:00:00,ringsted,1.3,0.0,0.775,0.0,1001.24,94.75,37.0833
1763510400,2025-11-19 00:00:00,2025-11-19 01:00:00,ringsted,0.925,0.0,0.9,0.0,1000.91,96.0,41.6667
1763514000,2025-11-19 01:00:00,2025-11-19 02:00:00,ringsted,0.8,0.0,1.025,0.0,1000.73,96.5,12.5
1763517600,2025-11-19 02:00:00,2025-11-19 03:00:00,ringsted,0.75,0.0,1.125,0.0,1000.45,97.25,29.1667
1763521200,2025-11-19 03:00:00,2025-11-19 04:00:00,ringsted,0.375,0.0,0.775,0.0,1000.12,97.75,9.16667
1763524800,2025-11-19 04:00:00,2025-11-19 05:00:00,ringsted,-0.15,0.0,0.475,0.0,1000.0,98.0,2.91667
1763528400,2025-11-19 05:00:00,2025-11-19 06:00:00,ringsted,-1.075,0.0,0.675,0.0,999.908,98.25,0.0
1763532000,2025-11-19 06:00:00,2025-11-19 07:00:00,ringsted,-1.575,0.0,0.6,0.0,1000.04,98.25,4.58333
1763535600,2025-11-19 07:00:00,2025-11-19 08:00:00,ringsted,-2.025,0.0,0.625,0.0,1000.22,98.25,10.4167
1763539200,2025-11-19 08:00:00,2025-11-19 09:00:00,ringsted,-1.95,20.5,0.85,0.0,1000.28,98.25,4.09091
1763542800,2025-11-19 09:00:00,2025-11-19 10:00:00,ringsted,-0.95,72.0,0.625,0.0,1000.02,98.0,13.75
1763546400,2025-11-19 10:00:00,2025-11-19 11:00:00,ringsted,0.475,97.5,0.85,0.025,999.742,97.75,24.1667
1763550000,2025-11-19 11:00:00,2025-11-19 12:00:00,ringsted,1.5,89.5,0.925,0.0,999.287,97.5,51.6667
1763553600,2025-11-19 12:00:00,2025-11-19 13:00:00,ringsted,2.325,66.0,0.75,0.1,998.9,97.0,84.5833
1763557200,2025-11-19 13:00:00,2025-11-19 14:00:00,ringsted,2.75,35.5,0.425,0.2,998.625,96.25,57.0833
1763560800,2025-11-19 14:00:00,2025-11-19 15:00:00,ringsted,2.6,11.0,0.825,0.375,998.45,96.0,74.9167
1763564400,2025-11-19 15:00:00,2025-11-19 16:00:00,ringsted,2.125,1.0,1.3,1.525,998.346,96.0,88.4167
1763568000,2025-11-19 16:00:00,2025-11-19 17:00:00,ringsted,1.225,0.0,1.05,1.75,998.037,95.25,61.0
1763571600,2025-11-19 17:00:00,2025-11-19 18:00:00,ringsted,0.45,0.0,1.4,1.425,997.779,96.75,95.3636
1763575200,2025-11-19 18:00:00,2025-11-19 19:00:00,ringsted,0.2,0.0,1.3,1.15,997.575,97.5,87.4167
1763578800,2025-11-19 19:00:00,2025-11-19 20:00:00,ringsted,0.175,0.0,1.35,1.05,997.333,98.25,97.0833
1763582400,2025-11-19 20:00:00,2025-11-19 21:00:00,ringsted,0.225,0.0,1.15,0.575,997.263,98.25,100.0
1763586000,2025-11-19 21:00:00,2025-11-19 22:00:00,ringsted,0.2,0.0,1.25,0.875,997.013,98.0,106.0
1763589600,2025-11-19 22:00:00,2025-11-19 23:00:00,ringsted,0.2,0.0,2.175,0.1,996.858,98.25,106.0
1763593200,2025-11-19 23:00:00,2025-11-20 00:00:00,ringsted,0.25,0.0,2.675,0.35,996.842,98.25,106.0
1763596800,2025-11-20 00:00:00,2025-11-20 01:00:00,ringsted,0.35,0.0,3.1,0.35,996.486,98.0,104.0
1763600400,2025-11-20 01:00:00,2025-11-20 02:00:00,ringsted,0.3,,3.45,0.2,996.414,98.0,104.0
1763604000,2025-11-20 02:00:00,2025-11-20 03:00:00,ringsted,0.466667,0.0,3.46667,0.133333,996.352,97.6667,101.0
1763607600,2025-11-20 03:00:00,2025-11-20 04:00:00,ringsted,0.6,0.0,3.775,0.125,996.312,96.75,100.0
1763611200,2025-11-20 04:00:00,2025-11-20 05:00:00,ringsted,0.575,0.0,3.975,0.05,996.358,96.25,100.0
1763614800,2025-11-20 05:00:00,2025-11-20 06:00:00,ringsted,0.575,0.0,4.225,0.025,996.45,96.25,99.1667
1763618400,2025-11-20 06:00:00,2025-11-20 07:00:00,ringsted,0.7,0.0,4.95,0.1,996.688,95.75,86.6667
1763622000,2025-11-20 07:00:00,2025-11-20 08:00:00,ringsted,0.75,0.0,5.1,0.05,997.192,95.25,96.6667
1763625600,2025-11-20 08:00:00,2025-11-20 09:00:00,ringsted,0.85,11.5,5.25,0.0,997.596,94.25,93.75
1763629200,2025-11-20 09:00:00,2025-11-20 10:00:00,ringsted,0.95,56.5,5.55,0.025,997.933,94.0,70.8333
1763632800,2025-11-20 10:00:00,2025-11-20 11:00:00,ringsted,1.125,95.5,6.05,0.025,998.213,92.5,69.5833
1763636400,2025-11-20 11:00:00,2025-11-20 12:00:00,ringsted,1.225,121.0,6.05,0.075,998.471,91.0,86.8333
1763640000,2025-11-20 12:00:00,2025-11-20 13:00:00,ringsted,1.2,125.5,6.6,0.05,998.917,89.75,80.3333
1763643600,2025-11-20 13:00:00,2025-11-20 14:00:00,ringsted,1.15,56.0,6.425,0.05,999.554,90.25,80.75
1763647200,2025-11-20 14:00:00,2025-11-20 15:00:00,ringsted,1.025,40.0,5.625,0.075,1000.3,90.0,92.9167
1763650800,2025-11-20 15:00:00,2025-11-20 16:00:00,ringsted,0.875,13.0,5.9,0.075,1001.1,87.75,95.4167
1763654400,2025-11-20 16:00:00,2025-11-20 17:00:00,ringsted,0.75,0.0,5.65,0.0,1001.94,85.5,100.0
1763658000,2025-11-20 17:00:00,2025-11-20 18:00:00,ringsted,0.975,0.0,5.225,0.0,1002.76,81.75,95.0
1763661600,2025-11-20 18:00:00,2025-11-20 19:00:00,ringsted,0.833333,0.0,4.7,0.0,1003.46,84.3333,95.8333
1763665200,2025-11-20 19:00:00,2025-11-20 20:00:00,ringsted,0.825,0.0,5.3,0.0,1004.2,83.25,95.0
1763668800,2025-11-20 20:00:00,2025-11-20 21:00:00,ringsted,0.75,0.0,4.6,0.0,1004.93,83.0,95.0
1763672400,2025-11-20 21:00:00,2025-11-20 22:00:00,ringsted,0.55,0.0,3.85,0.025,1005.55,88.0,91.6667
1763676000,2025-11-20 22:00:00,2025-11-20 23:00:00,ringsted,0.7,0.0,4.15,0.125,1006.17,87.0,67.5
1763679600,2025-11-20 23:00:00,2025-11-21 00:00:00,ringsted,0.9,0.0,4.4,0.1,1006.88,85.25,68.75
1763683200,2025-11-21 00:00:00,2025-11-21 01:00:00,ringsted,1.225,0.0,4.225,0.0,1007.58,79.0,44.5833
1763686800,2025-11-21 01:00:00,2025-11-21 02:00:00,ringsted,1.125,0.0,4.0,0.0,1008.35,76.75,36.25
1763690400,2025-11-21 02:00:00,2025-11-21 03:00:00,ringsted,0.875,0.0,3.875,0.0,1009.1,77.0,15.4167
1763694000,2025-11-21 03:00:00,2025-11-21 04:00:00,ringsted,0.475,0.0,3.725,0.0,1009.71,78.0,25.0
1763697600,2025-11-21 04:00:00,2025-11-21 05:00:00,ringsted,0.225,0.0,3.5,0.0,1010.38,76.5,22.5
1763701200,2025-11-21 05:00:00,2025-11-21 06:00:00,ringsted,0.1,0.0,3.475,0.0,1011.13,75.5,19.1667
1763704800,2025-11-21 06:00:00,2025-11-21 07:00:00,ringsted,-2.77556e-17,0.0,3.3,0.0,1011.97,74.75,5.41667
1763708400,2025-11-21 07:00:00,2025-11-21 08:00:00,ringsted,-0.3,0.0,3.0,0.0,1013.08,75.5,34.1667
1763712000,2025-11-21 08:00:00,2025-11-21 09:00:00,ringsted,-0.375,21.0,2.35,0.0,1013.91,75.75,4.16667
1763715600,2025-11-21 09:00:00,2025-11-21 10:00:00,ringsted,0.5,112.0,2.3,0.0,1014.74,73.75,1.66667
1763719200,2025-11-21 10:00:00,2025-11-21 11:00:00,ringsted,1.575,195.0,2.55,0.0,1015.35,70.0,12.5
1763722800,2025-11-21 11:00:00,2025-11-21 12:00:00,ringsted,2.375,228.0,3.025,0.0,1015.65,66.75,10.8333
1763726400,2025-11-21 12:00:00,2025-11-21 13:00:00,ringsted,2.9,228.0,3.175,0.0,1016.08,65.0,25.8333
1763730000,2025-11-21 13:00:00,2025-11-21 14:00:00,ringsted,2.9,179.0,3.125,0.0,1016.4,63.5,38.75
1763733600,2025-11-21 14:00:00,2025-11-21 15:00:00,ringsted,2.8,105.0,2.95,0.0,1016.9,66.0,20.4167
1763737200,2025-11-21 15:00:00,2025-11-21 16:00:00,ringsted,1.85,20.0,2.05,0.0,1017.5,72.75,31.6667
1763740800,2025-11-21 16:00:00,2025-11-21 17:00:00,ringsted,0.5,0.0,1.65,0.0,1017.95,79.5,28.3333
1763744400,2025-11-21 17:00:00,2025-11-21 18:00:00,ringsted,-0.15,0.0,1.7,0.0,1018.37,81.75,0.833333
1763748000,2025-11-21 18:00:00,2025-11-21 19:00:00,ringsted,-0.35,0.0,1.6,0.0,1018.57,80.75,0.0
1763751600,2025-11-21 19:00:00,2025-11-21 20:00:00,ringsted,-1.1,0.0,1.275,0.0,1018.79,83.25,0.0
1763755200,2025-11-21 20:00:00,2025-11-21 21:00:00,ringsted,-1.925,0.0,1.225,0.0,1019.05,86.75,0.0
1763758800,2025-11-21 21:00:00,2025-11-21 22:00:00,ringsted,-2.025,0.0,1.9,0.0,1018.93,87.5,7.08333
1763762400,2025-11-21 22:00:00,2025-11-21 23:00:00,ringsted,-1.8,0.0,1.9,0.0,1018.72,86.0,0.0
1763766000,2025-11-21 23:00:00,2025-11-22 00:00:00,ringsted,-1.7,0.0,2.0,0.0,1018.79,85.5,0.0
1763769600,2025-11-22 00:00:00,2025-11-22 01:00:00,ringsted,-1.025,0.0,2.675,0.0,1018.4,83.75,0.0
1763773200,2025-11-22 01:00:00,2025-11-22 02:00:00,ringsted,-0.6,0.0,2.75,0.0,1018.26,85.25,19.1667
1763776800,2025-11-22 02:00:00,2025-11-22 03:00:00,ringsted,0.1,0.0,3.075,0.025,1018.1,88.5,35.0
1763780400,2025-11-22 03:00:00,2025-11-22 04:00:00,ringsted,0.7,0.0,3.325,0.05,1017.82,91.5,71.6667
1763784000,2025-11-22 04:00:00,2025-11-22 05:00:00,ringsted,1.225,0.0,3.625,0.025,1017.62,93.25,90.0
1763787600,2025-11-22 05:00:00,2025-11-22 06:00:00,ringsted,1.775,0.0,3.525,0.025,1017.23,93.75,83.3333
1763791200,2025-11-22 06:00:00,2025-11-22 07:00:00,ringsted,1.675,0.0,3.35,0.05,1017.3,94.75,81.6667
1763794800,2025-11-22 07:00:00,2025-11-22 08:00:00,ringsted,1.725,0.5,3.275,0.05,1017.39,95.0,84.1667
1763798400,2025-11-22 08:00:00,2025-11-22 09:00:00,ringsted,2.2,33.5,3.625,0.05,1017.16,94.0,81.25
1763802000,2025-11-22 09:00:00,2025-11-22 10:00:00,ringsted,2.875,94.5,3.9,0.0,1017.12,91.5,86.25
1763805600,2025-11-22 10:00:00,2025-11-22 11:00:00,ringsted,3.575,103.0,4.325,0.025,1016.79,90.0,98.3333
1763809200,2025-11-22 11:00:00,2025-11-22 12:00:00,ringsted,3.875,127.5,5.3,0.025,1016.28,89.75,95.0
1763812800,2025-11-22 12:00:00,2025-11-22 13:00:00,ringsted,4.05,121.0,5.3,0.025,1015.92,90.0,76.6667
1763816400,2025-11-22 13:00:00,2025-11-22 14:00:00,ringsted,3.975,98.0,5.05,0.0,1015.62,90.0,93.75
1763820000,2025-11-22 14:00:00,2025-11-22 15:00:00,ringsted,3.925,65.0,4.725,0.0,1015.38,89.25,67.9167
1763823600,2025-11-22 15:00:00,2025-11-22 16:00:00,ringsted,3.525,20.0,4.35,0.0,1015.16,89.0,45.8333
1763827200,2025-11-22 16:00:00,2025-11-22 17:00:00,ringsted,2.875,0.0,3.9,0.0,1014.88,90.5,58.3333
1763830800,2025-11-22 17:00:00,2025-11-22 18:00:00,ringsted,2.525,0.0,4.325,0.0,1014.64,91.5,49.1667
1763834400,2025-11-22 18:00:00,2025-11-22 19:00:00,ringsted,2.4,0.0,4.2,0.0,1014.47,90.75,9.58333
1763838000,2025-11-22 19:00:00,2025-11-22 20:00:00,ringsted,2.15,0.0,4.05,0.0,1014.4,90.0,14.5833
1763841600,2025-11-22 20:00:00,2025-11-22 21:00:00,ringsted,2.025,0.0,4.6,0.0,1014.15,86.25,18.75
1763845200,2025-11-22 21:00:00,2025-11-22 22:00:00,ringsted,1.675,0.0,4.175,0.0,1013.64,84.75,57.5
1763848800,2025-11-22 22:00:00,2025-11-22 23:00:00,ringsted,1.7,0.0,4.525,0.0,1013.23,81.0,18.75
1763852400,2025-11-22 23:00:00,2025-11-23 00:00:00,ringsted,1.625,0.0,4.75,0.0,1012.94,77.25,1.81818
1763856000,2025-11-23 00:00:00,2025-11-23 01:00:00,ringsted,1.4,0.0,4.7,0.0,1012.32,73.0,42.5
1763859600,2025-11-23 01:00:00,2025-11-23 02:00:00,ringsted,1.4,0.0,5.075,0.0,1011.85,70.75,91.25
1763863200,2025-11-23 02:00:00,2025-11-23 03:00:00,ringsted,1.6,0.0,5.475,0.0,1011.18,69.0,97.5
1763866800,2025-11-23 03:00:00,2025-11-23 04:00:00,ringsted,1.625,0.0,5.45,0.0,1010.69,68.0,68.75
1763870400,2025-11-23 04:00:00,2025-11-23 05:00:00,ringsted,1.525,0.0,4.85,0.0,1010.3,68.0,17.9167
1763874000,2025-11-23 05:00:00,2025-11-23 06:00:00,ringsted,1.25,0.0,5.025,0.0,1009.96,73.5,31.6667
1763877600,2025-11-23 06:00:00,2025-11-23 07:00:00,ringsted,1.125,0.0,5.325,0.0,1009.59,76.5,0.833333
1763881200,2025-11-23 07:00:00,2025-11-23 08:00:00,ringsted,1.025,0.0,5.325,0.0,1009.22,77.0,65.8333
1763884800,2025-11-23 08:00:00,2025-11-23 09:00:00,ringsted,1.35,23.0,5.3,0.0,1008.78,74.25,50.0
1763888400,2025-11-23 09:00:00,2025-11-23 10:00:00,ringsted,2.125,107.0,5.725,0.0,1008.41,72.5,50.0
1763892000,2025-11-23 10:00:00,2025-11-23 11:00:00,ringsted,2.8,187.0,6.0,0.0,1007.81,70.5,18.3333
1763895600,2025-11-23 11:00:00,2025-11-23 12:00:00,ringsted,3.125,234.5,5.95,0.0,1006.8,70.5,0.0
1763899200,2025-11-23 12:00:00,2025-11-23 13:00:00,ringsted,3.2,197.5,5.45,0.0,1005.94,71.25,2.08333
1763902800,2025-11-23 13:00:00,2025-11-23 14:00:00,ringsted,3.0,148.5,4.925,0.0,1005.13,73.5,1.66667
1763906400,2025-11-23 14:00:00,2025-11-23 15:00:00,ringsted,2.225,64.5,4.475,0.0,1004.24,77.25,0.0
1763910000,2025-11-23 15:00:00,2025-11-23 16:00:00,ringsted,1.2,13.5,3.725,0.0,1003.23,79.5,1.66667
1763913600,2025-11-23 16:00:00,2025-11-23 17:00:00,ringsted,0.925,0.0,4.1,0.0,1002.32,78.75,36.25
1763917200,2025-11-23 17:00:00,2025-11-23 18:00:00,ringsted,1.275,0.0,4.65,0.0,1001.45,75.5,42.5
1763920800,2025-11-23 18:00:00,2025-11-23 19:00:00,ringsted,1.2,0.0,4.675,0.0,1000.54,71.75,60.4167
1763924400,2025-11-23 19:00:00,2025-11-23 20:00:00,ringsted,1.0,0.0,5.15,0.0,999.562,74.75,45.4167
1763928000,2025-11-23 20:00:00,2025-11-23 21:00:00,ringsted,0.925,0.0,5.375,0.0,998.671,73.5,89.1667
1763931600,2025-11-23 21:00:00,2025-11-23 22:00:00,ringsted,0.9,0.0,5.175,0.0,997.704,69.5,73.75
1763935200,2025-11-23 22:00:00,2025-11-23 23:00:00,ringsted,0.675,0.0,5.125,0.0,996.612,72.0,79.5833
1763938800,2025-11-23 23:00:00,2025-11-24 00:00:00,ringsted,0.525,0.0,5.55,0.0,995.513,74.5,75.8333
1763942400,2025-11-24 00:00:00,2025-11-24 01:00:00,ringsted,0.625,0.0,6.025,0.0,994.812,75.0,78.3333
1763946000,2025-11-24 01:00:00,2025-11-24 02:00:00,ringsted,0.775,0.0,5.85,0.0,994.246,75.25,95.0
1763949600,2025-11-24 02:00:00,2025-11-24 03:00:00,ringsted,0.375,0.0,6.05,0.025,993.487,76.5,96.0
1763953200,2025-11-24 03:00:00,2025-11-24 04:00:00,ringsted,-0.35,0.0,5.35,0.275,992.758,83.25,95.0
1763956800,2025-11-24 04:00:00,2025-11-24 05:00:00,ringsted,-0.7,0.0,4.75,0.15,992.338,87.5,98.3333
1763960400,2025-11-24 05:00:00,2025-11-24 06:00:00,ringsted,-0.775,0.0,4.2,0.1,991.892,91.0,101.0
1763964000,2025-11-24 06:00:00,2025-11-24 07:00:00,ringsted,-1.075,0.0,4.3,0.125,991.654,95.0,101.0
1763967600,2025-11-24 07:00:00,2025-11-24 08:00:00,ringsted,-1.1,0.0,4.4,0.05,991.592,94.5,100.0
1763971200,2025-11-24 08:00:00,2025-11-24 09:00:00,ringsted,-0.9,4.0,3.7,0.025,991.438,94.0,100.0
1763974800,2025-11-24 09:00:00,2025-11-24 10:00:00,ringsted,-0.65,17.5,3.55,0.075,991.346,95.25,100.0
1763978400,2025-11-24 10:00:00,2025-11-24 11:00:00,ringsted,-0.35,27.0,3.325,0.05,990.975,96.0,105.0
1763982000,2025-11-24 11:00:00,2025-11-24 12:00:00,ringsted,0.075,52.0,3.35,0.1,990.583,95.25,106.0
1763985600,2025-11-24 12:00:00,2025-11-24 13:00:00,ringsted,0.2,52.5,3.35,0.55,990.442,96.5,105.0
1763989200,2025-11-24 13:00:00,2025-11-24 14:00:00,ringsted,0.35,38.5,3.125,0.45,990.475,97.0,106.0
1763992800,2025-11-24 14:00:00,2025-11-24 15:00:00,ringsted,0.55,22.0,2.875,0.7,990.65,97.25,106.0
1763996400,2025-11-24 15:00:00,2025-11-24 16:00:00,ringsted,0.85,2.5,2.825,0.975,990.748,97.5,104.0
1764000000,2025-11-24 16:00:00,2025-11-24 17:00:00,ringsted,1.2,0.0,3.075,0.85,991.05,97.75,100.0
1764003600,2025-11-24 17:00:00,2025-11-24 18:00:00,ringsted,1.85,0.0,3.075,0.675,991.583,98.0,101.0
1764007200,2025-11-24 18:00:00,2025-11-24 19:00:00,ringsted,2.525,0.0,2.625,1.475,992.092,98.25,92.9167
1764010800,2025-11-24 19:00:00,2025-11-24 20:00:00,ringsted,2.7,0.0,2.625,1.3,992.537,98.25,100.0
1764014400,2025-11-24 20:00:00,2025-11-24 21:00:00,ringsted,2.95,0.0,3.15,0.75,992.987,98.0,100.0
1764018000,2025-11-24 21:00:00,2025-11-24 22:00:00,ringsted,3.15,0.0,3.05,0.65,993.492,97.25,100.0
1764021600,2025-11-24 22:00:00,2025-11-24 23:00:00,ringsted,3.175,0.0,2.95,0.4,994.217,96.75,98.3333
1764025200,2025-11-24 23:00:00,2025-11-25 00:00:00,ringsted,3.125,0.0,2.525,0.45,994.783,96.5,98.3333
1764028800,2025-11-25 00:00:00,2025-11-25 01:00:00,ringsted,2.95,0.0,2.2,0.125,995.296,96.5,99.1667
1764032400,2025-11-25 01:00:00,2025-11-25 02:00:00,ringsted,2.975,0.0,1.975,0.0,995.879,96.5,100.0
1764036000,2025-11-25 02:00:00,2025-11-25 03:00:00,ringsted,2.775,0.0,1.75,0.0,996.479,96.5,100.0
1764039600,2025-11-25 03:00:00,2025-11-25 04:00:00,ringsted,2.625,0.0,1.325,0.0,996.983,97.25,100.0
1764043200,2025-11-25 04:00:00,2025-11-25 05:00:00,ringsted,2.775,0.0,1.2,0.0,997.675,97.25,77.5
1764046800,2025-11-25 05:00:00,2025-11-25 06:00:00,ringsted,2.775,0.0,1.575,0.025,998.467,97.0,80.8333
1764050400,2025-11-25 06:00:00,2025-11-25 07:00:00,ringsted,2.75,0.0,1.6,0.0,999.375,96.75,69.5833
1764054000,2025-11-25 07:00:00,2025-11-25 08:00:00,ringsted,2.825,0.0,1.5,0.0,1000.31,96.5,87.5
1764057600,2025-11-25 08:00:00,2025-11-25 09:00:00,ringsted,2.85,6.5,1.1,0.075,1001.2,97.25,100.0
1764061200,2025-11-25 09:00:00,2025-11-25 10:00:00,ringsted,3.0,23.5,1.225,0.275,1002.22,96.75,97.5
1764064800,2025-11-25 10:00:00,2025-11-25 11:00:00,ringsted,3.35,44.5,1.075,0.15,1002.99,97.0,94.1667
1764068400,2025-11-25 11:00:00,2025-11-25 12:00:00,ringsted,3.825,51.0,1.45,0.025,1003.33,96.0,100.0
1764072000,2025-11-25 12:00:00,2025-11-25 13:00:00,ringsted,4.325,79.5,1.475,0.0,1003.69,93.25,95.8333
1764075600,2025-11-25 13:00:00,2025-11-25 14:00:00,ringsted,4.3,62.5,1.7,0.0,1004.3,92.25,92.0833
1764079200,2025-11-25 14:00:00,2025-11-25 15:00:00,ringsted,4.125,36.0,2.125,0.0,1004.98,93.25,95.8333
1764082800,2025-11-25 15:00:00,2025-11-25 16:00:00,ringsted,3.9,7.5,2.15,0.0,1005.9,94.25,100.0
1764086400,2025-11-25 16:00:00,2025-11-25 17:00:00,ringsted,3.525,0.0,2.475,0.0,1006.74,94.5,100.0
1764090000,2025-11-25 17:00:00,2025-11-25 18:00:00,ringsted,3.2,0.0,2.575,0.0,1007.57,95.0,100.0
1764093600,2025-11-25 18:00:00,2025-11-25 19:00:00,ringsted,3.175,0.0,2.575,0.0,1008.29,95.0,100.0
1764097200,2025-11-25 19:00:00,2025-11-25 20:00:00,ringsted,3.2,0.0,2.375,0.0,1008.81,94.75,100.0
1764100800,2025-11-25 20:00:00,2025-11-25 21:00:00,ringsted,3.025,0.0,2.2,0.0,1009.35,95.5,100.0
1764104400,2025-11-25 21:00:00,2025-11-25 22:00:00,ringsted,3.0,0.0,2.475,0.0,1009.84,95.25,100.0
1764108000,2025-11-25 22:00:00,2025-11-25 23:00:00,ringsted,2.8,0.0,2.25,0.0,1010.33,96.25,100.0
1764111600,2025-11-25 23:00:00,2025-11-26 00:00:00,ringsted,2.85,0.0,2.525,0.0,1010.71,96.25,100.0
1764115200,2025-11-26 00:00:00,2025-11-26 01:00:00,ringsted,2.725,0.0,2.525,0.0,1011.08,96.5,102.167
1764118800,2025-11-26 01:00:00,2025-11-26 02:00:00,ringsted,2.575,0.0,2.75,0.0,1011.54,96.75,106.0
1764122400,2025-11-26 02:00:00,2025-11-26 03:00:00,ringsted,2.55,0.0,2.725,0.0,1011.73,97.0,104.0
1764126000,2025-11-26 03:00:00,2025-11-26 04:00:00,ringsted,2.4,0.0,2.4,0.0,1011.98,97.25,81.0
1764129600,2025-11-26 04:00:00,2025-11-26 05:00:00,ringsted,2.225,0.0,2.475,0.0,1012.32,97.5,40.75
1764133200,2025-11-26 05:00:00,2025-11-26 06:00:00,ringsted,2.05,0.0,2.775,0.0,1012.72,98.0,106.0
1764136800,2025-11-26 06:00:00,2025-11-26 07:00:00,ringsted,1.825,0.0,2.9,0.0,1013.3,98.0,106.0
1764140400,2025-11-26 07:00:00,2025-11-26 08:00:00,ringsted,1.55,0.0,2.4,0.0,1013.79,98.25,106.0
1764144000,2025-11-26 08:00:00,2025-11-26 09:00:00,ringsted,1.625,10.0,1.8,0.0,1014.43,98.25,104.167
1764147600,2025-11-26 09:00:00,2025-11-26 10:00:00,ringsted,1.75,33.0,1.2,0.0,1014.75,97.75,103.167
1764151200,2025-11-26 10:00:00,2025-11-26 11:00:00,ringsted,2.275,66.5,1.25,0.0,1014.73,97.25,100.0
1764154800,2025-11-26 11:00:00,2025-11-26 12:00:00,ringsted,2.8,90.5,1.425,0.0,1014.6,95.75,99.1667
1764158400,2025-11-26 12:00:00,2025-11-26 13:00:00,ringsted,3.525,131.0,1.55,0.0,1014.45,94.0,79.1667
1764162000,2025-11-26 13:00:00,2025-11-26 14:00:00,ringsted,3.2,,2.6,0.0,1014.31,91.0,51.8182
1764165600,2025-11-26 14:00:00,2025-11-26 15:00:00,ringsted,3.6,49.5,2.325,0.0,1014.28,91.25,57.0833
1764169200,2025-11-26 15:00:00,2025-11-26 16:00:00,ringsted,2.825,10.0,1.225,0.0,1014.52,92.75,93.3333
1764172800,2025-11-26 16:00:00,2025-11-26 17:00:00,ringsted,2.375,0.0,0.65,0.0,1014.88,93.25,95.0
1764176400,2025-11-26 17:00:00,2025-11-26 18:00:00,ringsted,1.975,0.0,0.7,0.0,1015.28,94.75,99.1667
1764180000,2025-11-26 18:00:00,2025-11-26 19:00:00,ringsted,1.7,0.0,0.75,0.0,1015.55,95.75,95.8333
1764183600,2025-11-26 19:00:00,2025-11-26 20:00:00,ringsted,1.55,0.0,0.775,0.0,1015.21,96.5,74.5833
1764187200,2025-11-26 20:00:00,2025-11-26 21:00:00,ringsted,0.875,0.0,0.825,0.0,1015.02,95.5,34.1667
1764190800,2025-11-26 21:00:00,2025-11-26 22:00:00,ringsted,-0.125,0.0,0.875,0.0,1014.91,96.5,0.833333
1764194400,2025-11-26 22:00:00,2025-11-26 23:00:00,ringsted,-0.475,0.0,0.525,0.0,1014.81,97.25,34.5833
1764198000,2025-11-26 23:00:00,2025-11-27 00:00:00,ringsted,-0.9,0.0,0.5,0.0,1014.55,97.75,50.0
1764201600,2025-11-27 00:00:00,2025-11-27 01:00:00,ringsted,-1.225,0.0,0.45,0.0,1013.94,98.25,22.5
1764205200,2025-11-27 01:00:00,2025-11-27 02:00:00,ringsted,-1.35,0.0,0.875,0.0,1013.55,98.0,20.0
1764208800,2025-11-27 02:00:00,2025-11-27 03:00:00,ringsted,-0.525,0.0,2.2,0.0,1013.01,95.5,73.75
1764212400,2025-11-27 03:00:00,2025-11-27 04:00:00,ringsted,-0.1,0.0,2.475,0.0,1012.58,96.25,92.5
1764216000,2025-11-27 04:00:00,2025-11-27 05:00:00,ringsted,0.75,0.0,3.2,0.0,1012.17,95.5,99.1667
1764219600,2025-11-27 05:00:00,2025-11-27 06:00:00,ringsted,1.725,0.0,3.825,0.05,1011.76,94.0,100.0
1764223200,2025-11-27 06:00:00,2025-11-27 07:00:00,ringsted,2.225,0.0,4.475,0.025,1011.43,94.25,82.5
1764226800,2025-11-27 07:00:00,2025-11-27 08:00:00,ringsted,2.275,0.5,4.575,0.025,1010.92,94.75,46.6667
1764230400,2025-11-27 08:00:00,2025-11-27 09:00:00,ringsted,2.5,15.0,4.975,0.025,1010.57,92.25,14.1667
1764234000,2025-11-27 09:00:00,2025-11-27 10:00:00,ringsted,2.9,49.5,5.55,0.025,1010.08,89.25,28.3333
1764237600,2025-11-27 10:00:00,2025-11-27 11:00:00,ringsted,3.125,54.0,6.125,0.0,1009.45,88.25,59.1667
1764241200,2025-11-27 11:00:00,2025-11-27 12:00:00,ringsted,3.175,56.0,6.875,0.0,1008.5,88.0,84.5833
1764244800,2025-11-27 12:00:00,2025-11-27 13:00:00,ringsted,3.325,48.0,7.475,0.3,1007.69,88.25,95.0
1764248400,2025-11-27 13:00:00,2025-11-27 14:00:00,ringsted,3.55,33.0,7.85,0.35,1007.13,90.25,100.0
1764252000,2025-11-27 14:00:00,2025-11-27 15:00:00,ringsted,3.625,11.5,7.9,0.4,1006.8,91.5,100.0
1764255600,2025-11-27 15:00:00,2025-11-27 16:00:00,ringsted,3.35,,7.9,0.5,1006.54,93.0,100.0
1764259200,2025-11-27 16:00:00,2025-11-27 17:00:00,ringsted,3.7,0.0,7.75,0.1,1006.43,94.5,105.0
1764262800,2025-11-27 17:00:00,2025-11-27 18:00:00,ringsted,3.775,0.0,7.35,0.15,1006.61,95.25,106.0
1764266400,2025-11-27 18:00:00,2025-11-27 19:00:00,ringsted,4.175,0.0,6.975,0.15,1006.62,95.75,106.0
1764270000,2025-11-27 19:00:00,2025-11-27 20:00:00,ringsted,4.475,0.0,6.975,0.1,1006.65,96.0,102.917
1764273600,2025-11-27 20:00:00,2025-11-27 21:00:00,ringsted,4.775,0.0,7.0,0.05,1006.63,96.75,106.0
1764277200,2025-11-27 21:00:00,2025-11-27 22:00:00,ringsted,5.25,0.0,6.975,0.05,1006.53,97.5,106.0
1764280800,2025-11-27 22:00:00,2025-11-27 23:00:00,ringsted,5.4,,6.7,0.1,1006.5,97.5,106.0
1764284400,2025-11-27 23:00:00,2025-11-28 00:00:00,ringsted,5.7,0.0,6.2,0.05,1006.43,97.5,106.0
1764288000,2025-11-28 00:00:00,2025-11-28 01:00:00,ringsted,6.1,0.0,6.475,0.25,1006.18,97.0,104.167
1764291600,2025-11-28 01:00:00,2025-11-28 02:00:00,ringsted,6.2,,6.5,0.35,1006.04,97.5,92.5833
1764295200,2025-11-28 02:00:00,2025-11-28 03:00:00,ringsted,6.625,0.0,6.775,0.4,1005.8,97.0,106.0
1764298800,2025-11-28 03:00:00,2025-11-28 04:00:00,ringsted,6.775,0.0,6.475,0.15,1005.35,97.5,97.75
1764302400,2025-11-28 04:00:00,2025-11-28 05:00:00,ringsted,6.7,,6.85,0.2,1005.54,97.5,106.0
1764306000,2025-11-28 05:00:00,2025-11-28 06:00:00,ringsted,7.075,0.0,7.05,0.15,1005.5,97.5,101.667
1764309600,2025-11-28 06:00:00,2025-11-28 07:00:00,ringsted,7.175,0.0,7.0,0.05,1005.56,97.25,98.5833
1764313200,2025-11-28 07:00:00,2025-11-28 08:00:00,ringsted,7.275,0.0,6.675,0.133333,1005.8,96.75,106.0
1764316800,2025-11-28 08:00:00,2025-11-28 09:00:00,ringsted,7.05,,6.4,0.05,1006.04,97.0,106.0
1764320400,2025-11-28 09:00:00,2025-11-28 10:00:00,ringsted,7.375,11.5,6.25,0.05,1006.15,96.75,95.5
1764324000,2025-11-28 10:00:00,2025-11-28 11:00:00,ringsted,7.5,22.5,6.375,0.0,1006.23,96.5,106.0
1764327600,2025-11-28 11:00:00,2025-11-28 12:00:00,ringsted,7.4,,5.85,0.05,1006.05,97.5,105.455
1764331200,2025-11-28 12:00:00,2025-11-28 13:00:00,ringsted,7.65,28.0,5.575,0.0,1005.64,97.25,106.0
1764334800,2025-11-28 13:00:00,2025-11-28 14:00:00,ringsted,7.7,23.0,5.65,0.0,1005.33,97.0,106.0
1764338400,2025-11-28 14:00:00,2025-11-28 15:00:00,ringsted,7.725,11.0,5.625,0.05,1005.27,97.0,102.0
1764342000,2025-11-28 15:00:00,2025-11-28 16:00:00,ringsted,7.6,3.0,5.125,0.0,1005.04,96.25,96.6667
1764345600,2025-11-28 16:00:00,2025-11-28 17:00:00,ringsted,7.45,0.0,4.825,0.0,1004.8,95.5,99.1667
1764349200,2025-11-28 17:00:00,2025-11-28 18:00:00,ringsted,7.35,0.0,5.05,0.0,1004.76,94.75,101.167
1764352800,2025-11-28 18:00:00,2025-11-28 19:00:00,ringsted,7.275,0.0,4.875,0.0,1004.58,94.5,99.1667
1764356400,2025-11-28 19:00:00,2025-11-28 20:00:00,ringsted,7.35,0.0,5.275,0.0,1004.43,95.25,89.6667
1764360000,2025-11-28 20:00:00,2025-11-28 21:00:00,ringsted,7.45,0.0,5.25,0.0,1004.13,96.5,90.25
1764363600,2025-11-28 21:00:00,2025-11-28 22:00:00,ringsted,7.45,0.0,5.1,0.0,1003.62,96.0,100.0
1764367200,2025-11-28 22:00:00,2025-11-28 23:00:00,ringsted,7.45,0.0,5.325,0.0,1003.35,94.25,98.3333
1764370800,2025-11-28 23:00:00,2025-11-29 00:00:00,ringsted,7.5,0.0,5.525,0.0,1003.12,92.25,95.0
1764374400,2025-11-29 00:00:00,2025-11-29 01:00:00,ringsted,7.375,0.0,6.0,0.0,1002.78,91.75,99.1667
1764378000,2025-11-29 01:00:00,2025-11-29 02:00:00,ringsted,7.425,0.0,6.225,0.0,1002.92,91.25,100.0
1764381600,2025-11-29 02:00:00,2025-11-29 03:00:00,ringsted,7.525,0.0,5.875,0.0,1002.78,91.25,85.4167
1764385200,2025-11-29 03:00:00,2025-11-29 04:00:00,ringsted,7.5,0.0,5.675,0.0,1002.91,91.75,89.1667
1764388800,2025-11-29 04:00:00,2025-11-29 05:00:00,ringsted,7.5,0.0,5.075,0.0,1003.16,92.0,81.6667
1764392400,2025-11-29 05:00:00,2025-11-29 06:00:00,ringsted,7.325,0.0,4.85,0.0,1003.5,92.0,45.8333
1764396000,2025-11-29 06:00:00,2025-11-29 07:00:00,ringsted,6.925,0.0,4.35,0.0,1003.9,92.75,76.25
1764399600,2025-11-29 07:00:00,2025-11-29 08:00:00,ringsted,6.575,0.0,4.125,0.0,1004.18,94.0,49.1667
1764403200,2025-11-29 08:00:00,2025-11-29 09:00:00,ringsted,6.25,8.0,3.8,0.0,1004.35,94.5,45.0
1764406800,2025-11-29 09:00:00,2025-11-29 10:00:00,ringsted,6.65,49.0,4.2,0.0,1004.7,94.0,60.4167
1764410400,2025-11-29 10:00:00,2025-11-29 11:00:00,ringsted,7.35,74.0,4.4,0.0,1004.77,92.75,95.0
1764414000,2025-11-29 11:00:00,2025-11-29 12:00:00,ringsted,7.675,89.5,4.85,0.0,1004.57,91.0,95.0
1764417600,2025-11-29 12:00:00,2025-11-29 13:00:00,ringsted,7.8,65.5,4.825,0.0,1004.76,89.25,95.0
1764421200,2025-11-29 13:00:00,2025-11-29 14:00:00,ringsted,7.8,53.0,4.175,0.0,1004.52,89.25,95.0
1764424800,2025-11-29 14:00:00,2025-11-29 15:00:00,ringsted,7.55,34.5,4.6,0.0,1004.57,90.5,84.5833
1764428400,2025-11-29 15:00:00,2025-11-29 16:00:00,ringsted,7.325,5.5,3.5,0.0,1004.46,90.25,92.0833
1764432000,2025-11-29 16:00:00,2025-11-29 17:00:00,ringsted,7.025,0.0,3.1,0.0,1004.17,91.0,95.8333
1764435600,2025-11-29 17:00:00,2025-11-29 18:00:00,ringsted,6.975,0.0,3.025,0.0,1004.2,92.25,96.6667
1764439200,2025-11-29 18:00:00,2025-11-29 19:00:00,ringsted,6.925,0.0,3.1,0.0,1004.09,92.75,85.8333
1764442800,2025-11-29 19:00:00,2025-11-29 20:00:00,ringsted,6.8,0.0,3.375,0.0,1003.99,92.75,89.5833
1764446400,2025-11-29 20:00:00,2025-11-29 21:00:00,ringsted,6.775,0.0,3.825,0.0,1003.84,93.0,98.3333
1764450000,2025-11-29 21:00:00,2025-11-29 22:00:00,ringsted,6.8,0.0,4.3,0.0,1003.56,91.25,95.0
1764453600,2025-11-29 22:00:00,2025-11-29 23:00:00,ringsted,6.55,0.0,4.35,0.0,1003.36,90.75,82.9167
1764457200,2025-11-29 23:00:00,2025-11-30 00:00:00,ringsted,6.4,0.0,4.725,0.0,1003.21,90.25,95.4167
1764460800,2025-11-30 00:00:00,2025-11-30 01:00:00,ringsted,6.4,0.0,4.775,0.0,1002.57,89.75,94.1667
1764464400,2025-11-30 01:00:00,2025-11-30 02:00:00,ringsted,6.4,0.0,4.75,0.0,1002.0,90.5,83.75
1764468000,2025-11-30 02:00:00,2025-11-30 03:00:00,ringsted,6.35,0.0,4.825,0.0,1001.75,91.5,88.3333
1764471600,2025-11-30 03:00:00,2025-11-30 04:00:00,ringsted,6.325,0.0,4.725,0.0,1001.45,92.5,100.0
1764475200,2025-11-30 04:00:00,2025-11-30 05:00:00,ringsted,6.5,0.0,5.2,0.0,1001.4,92.5,101.0
1764478800,2025-11-30 05:00:00,2025-11-30 06:00:00,ringsted,6.6,0.0,5.275,0.05,1001.08,93.0,87.0
1764482400,2025-11-30 06:00:00,2025-11-30 07:00:00,ringsted,6.525,0.0,5.325,0.325,1001.0,94.75,100.167
1764486000,2025-11-30 07:00:00,2025-11-30 08:00:00,ringsted,6.675,0.0,5.275,0.2,1001.22,95.0,100.0
1764489600,2025-11-30 08:00:00,2025-11-30 09:00:00,ringsted,6.75,0.5,5.5,0.675,1001.46,95.75,104.0
1764493200,2025-11-30 09:00:00,2025-11-30 10:00:00,ringsted,6.875,12.0,5.15,0.525,1001.62,97.0,100.0
1764496800,2025-11-30 10:00:00,2025-11-30 11:00:00,ringsted,7.225,31.5,4.55,0.15,1001.75,96.25,100.0
1764500400,2025-11-30 11:00:00,2025-11-30 12:00:00,ringsted,7.5,60.0,4.3,0.0,1001.67,95.0,98.3333
1764504000,2025-11-30 12:00:00,2025-11-30 13:00:00,ringsted,7.85,76.0,4.55,0.0,1001.8,92.5,66.6667
1764507600,2025-11-30 13:00:00,2025-11-30 14:00:00,ringsted,7.85,77.5,5.15,0.0,1001.65,87.75,34.5833
1764511200,2025-11-30 14:00:00,2025-11-30 15:00:00,ringsted,7.4,62.5,5.375,0.0,1001.74,85.25,14.1667
1764514800,2025-11-30 15:00:00,2025-11-30 16:00:00,ringsted,6.75,,4.5,0.0,1002.08,84.0,83.75
1764518400,2025-11-30 16:00:00,2025-11-30 17:00:00,ringsted,6.575,0.0,5.15,0.0,1001.99,85.0,100.0
1764522000,2025-11-30 17:00:00,2025-11-30 18:00:00,ringsted,6.75,0.0,5.8,0.0,1002.08,81.0,81.25
1764525600,2025-11-30 18:00:00,2025-11-30 19:00:00,ringsted,6.45,0.0,5.6,0.0,1002.21,79.5,67.0833
1764529200,2025-11-30 19:00:00,2025-11-30 20:00:00,ringsted,6.35,0.0,6.9,0.0,1002.31,78.6667,99.1667
1764532800,2025-11-30 20:00:00,2025-11-30 21:00:00,ringsted,6.35,0.0,7.5,0.0,1002.64,78.0,100.0
1764536400,2025-11-30 21:00:00,2025-11-30 22:00:00,ringsted,6.35,0.0,8.275,0.0,1003.05,79.5,98.3333
1764540000,2025-11-30 22:00:00,2025-11-30 23:00:00,ringsted,5.85,,7.7,0.0,1003.56,84.0,52.9167
1764543600,2025-11-30 23:00:00,2025-12-01 00:00:00,ringsted,5.775,0.0,7.0,0.0,1004.2,85.75,2.91667
1764547200,2025-12-01 00:00:00,2025-12-01 01:00:00,ringsted,5.66667,0.0,6.26667,0.0,1004.76,84.6667,0.0
1764550800,2025-12-01 01:00:00,2025-12-01 02:00:00,ringsted,5.35,0.0,6.175,0.0,1005.44,86.5,12.0833
1764554400,2025-12-01 02:00:00,2025-12-01 03:00:00,ringsted,5.35,0.0,6.1,0.0,1005.95,86.75,40.4167
1764558000,2025-12-01 03:00:00,2025-12-01 04:00:00,ringsted,5.225,0.0,6.25,0.0,1006.52,88.75,16.25
1764561600,2025-12-01 04:00:00,2025-12-01 05:00:00,ringsted,4.85,,6.0,0.0,1007.09,90.5,11.6667
1764565200,2025-12-01 05:00:00,2025-12-01 06:00:00,ringsted,4.975,0.0,5.075,0.0,1007.73,90.0,11.6667
1764568800,2025-12-01 06:00:00,2025-12-01 07:00:00,ringsted,4.825,0.0,4.9,0.0,1008.37,90.0,72.0833
1764572400,2025-12-01 07:00:00,2025-12-01 08:00:00,ringsted,4.725,0.0,4.775,0.0,1008.83,91.5,52.5
1764576000,2025-12-01 08:00:00,2025-12-01 09:00:00,ringsted,4.2,4.0,4.3,0.0,1009.11,93.0,69.5833
1764579600,2025-12-01 09:00:00,2025-12-01 10:00:00,ringsted,4.975,29.5,5.3,0.0,1009.67,90.5,95.0
1764583200,2025-12-01 10:00:00,2025-12-01 11:00:00,ringsted,5.3,58.5,5.275,0.0,1009.69,88.75,95.0
1764586800,2025-12-01 11:00:00,2025-12-01 12:00:00,ringsted,5.4,106.0,5.475,0.0,1009.35,88.25,78.75
1764590400,2025-12-01 12:00:00,2025-12-01 13:00:00,ringsted,5.55,117.5,5.525,0.0,1009.03,86.25,53.3333
1764594000,2025-12-01 13:00:00,2025-12-01 14:00:00,ringsted,5.475,77.5,5.025,0.0,1008.67,85.5,91.25
1764597600,2025-12-01 14:00:00,2025-12-01 15:00:00,ringsted,5.325,39.0,4.45,0.0,1008.51,85.25,69.1667
1764601200,2025-12-01 15:00:00,2025-12-01 16:00:00,ringsted,5.1,6.5,4.525,0.0,1008.33,86.5,67.0833
1764604800,2025-12-01 16:00:00,2025-12-01 17:00:00,ringsted,4.8,0.0,5.125,0.0,1008.15,87.5,85.8333
1764608400,2025-12-01 17:00:00,2025-12-01 18:00:00,ringsted,4.85,0.0,5.8,0.0,1007.91,87.5,78.75
1764612000,2025-12-01 18:00:00,2025-12-01 19:00:00,ringsted,5.1,0.0,6.075,0.0,1007.68,86.25,89.5833
1764615600,2025-12-01 19:00:00,2025-12-01 20:00:00,ringsted,5.1,0.0,6.575,0.0,1007.47,85.0,80.4167
1764619200,2025-12-01 20:00:00,2025-12-01 21:00:00,ringsted,5.125,0.0,6.075,0.0,1007.31,83.75,65.0
1764622800,2025-12-01 21:00:00,2025-12-01 22:00:00,ringsted,5.05,0.0,6.375,0.0,1007.05,81.5,47.9167
1764626400,2025-12-01 22:00:00,2025-12-01 23:00:00,ringsted,4.975,0.0,6.35,0.0,1006.81,79.5,77.9167
1764630000,2025-12-01 23:00:00,2025-12-02 00:00:00,ringsted,4.925,0.0,6.45,0.0,1006.53,78.75,78.3333
1764633600,2025-12-02 00:00:00,2025-12-02 01:00:00,ringsted,4.9,0.0,6.1,0.0,1006.22,78.5,96.25
1764637200,2025-12-02 01:00:00,2025-12-02 02:00:00,ringsted,4.75,0.0,5.95,0.0,1006.18,79.25,87.9167
1764640800,2025-12-02 02:00:00,2025-12-02 03:00:00,ringsted,4.575,0.0,5.85,0.0,1005.86,80.0,95.0
1764644400,2025-12-02 03:00:00,2025-12-02 04:00:00,ringsted,4.45,0.0,5.475,0.0,1005.6,80.0,97.5
1764648000,2025-12-02 04:00:00,2025-12-02 05:00:00,ringsted,4.35,0.0,5.075,0.0,1005.56,79.75,96.6667
1764651600,2025-12-02 05:00:00,2025-12-02 06:00:00,ringsted,4.3,0.0,5.075,0.0,1005.4,79.0,95.8333
1764655200,2025-12-02 06:00:00,2025-12-02 07:00:00,ringsted,4.275,0.0,5.1,0.0,1005.6,78.5,97.5
1764658800,2025-12-02 07:00:00,2025-12-02 08:00:00,ringsted,4.2,0.0,5.4,0.0,1005.88,77.25,82.0833
1764662400,2025-12-02 08:00:00,2025-12-02 09:00:00,ringsted,4.2,5.5,5.55,0.0,1006.25,75.75,96.25
1764666000,2025-12-02 09:00:00,2025-12-02 10:00:00,ringsted,4.45,36.5,5.9,0.0,1006.66,75.25,74.1667
1764669600,2025-12-02 10:00:00,2025-12-02 11:00:00,ringsted,4.475,85.0,6.0,0.0,1006.6,77.75,60.4167
1764673200,2025-12-02 11:00:00,2025-12-02 12:00:00,ringsted,4.475,81.0,5.7,0.0,1006.54,79.25,97.5
1764676800,2025-12-02 12:00:00,2025-12-02 13:00:00,ringsted,4.425,47.5,5.25,0.0,1006.5,81.0,97.5
1764680400,2025-12-02 13:00:00,2025-12-02 14:00:00,ringsted,4.525,50.5,4.825,0.0,1006.5,82.0,100.0
1764684000,2025-12-02 14:00:00,2025-12-02 15:00:00,ringsted,4.55,20.5,4.425,0.0,1006.82,82.25,100.0
1764687600,2025-12-02 15:00:00,2025-12-02 16:00:00,ringsted,4.45,3.5,3.825,0.075,1007.19,83.5,100.0
1764691200,2025-12-02 16:00:00,2025-12-02 17:00:00,ringsted,4.325,0.0,3.925,0.2,1007.45,84.75,100.0
1764694800,2025-12-02 17:00:00,2025-12-02 18:00:00,ringsted,4.25,0.0,3.7,0.1,1007.9,86.75,100.0
1764698400,2025-12-02 18:00:00,2025-12-02 19:00:00,ringsted,4.3,0.0,3.675,0.1,1008.39,88.0,100.0
1764702000,2025-12-02 19:00:00,2025-12-02 20:00:00,ringsted,4.4,0.0,3.3,0.075,1008.69,88.25,100.0
1764705600,2025-12-02 20:00:00,2025-12-02 21:00:00,ringsted,4.35,0.0,2.75,0.0,1008.9,89.5,100.0
1764709200,2025-12-02 21:00:00,2025-12-02 22:00:00,ringsted,4.275,0.0,2.5,0.025,1009.12,91.75,100.0
1764712800,2025-12-02 22:00:00,2025-12-02 23:00:00,ringsted,4.275,0.0,2.45,0.0,1009.35,93.0,100.0
1764716400,2025-12-02 23:00:00,2025-12-03 00:00:00,ringsted,4.35,0.0,2.425,0.025,1009.45,94.5,100.0
1764720000,2025-12-03 00:00:00,2025-12-03 01:00:00,ringsted,4.425,0.0,2.025,0.025,1009.5,94.5,100.0
1764723600,2025-12-03 01:00:00,2025-12-03 02:00:00,ringsted,4.475,0.0,1.6,0.0,1009.43,95.25,100.0
1764727200,2025-12-03 02:00:00,2025-12-03 03:00:00,ringsted,4.5,0.0,1.95,0.0,1009.4,95.5,100.0
1764730800,2025-12-03 03:00:00,2025-12-03 04:00:00,ringsted,4.575,0.0,2.15,0.0,1009.42,95.5,100.0
1764734400,2025-12-03 04:00:00,2025-12-03 05:00:00,ringsted,4.675,0.0,2.1,0.0,1009.45,95.25,100.0
1764738000,2025-12-03 05:00:00,2025-12-03 06:00:00,ringsted,4.675,0.0,1.925,0.0,1009.48,95.0,100.0
1764741600,2025-12-03 06:00:00,2025-12-03 07:00:00,ringsted,4.7,0.0,2.175,0.0,1009.53,95.25,100.0
1764745200,2025-12-03 07:00:00,2025-12-03 08:00:00,ringsted,4.675,0.0,2.325,0.0,1009.75,95.0,100.0
1764748800,2025-12-03 08:00:00,2025-12-03 09:00:00,ringsted,4.725,3.0,2.775,0.0,1009.84,95.25,100.0
1764752400,2025-12-03 09:00:00,2025-12-03 10:00:00,ringsted,4.8,14.5,3.325,0.0,1009.85,95.0,102.0
1764756000,2025-12-03 10:00:00,2025-12-03 11:00:00,ringsted,4.85,29.5,3.05,0.0,1009.62,94.75,103.0
1764759600,2025-12-03 11:00:00,2025-12-03 12:00:00,ringsted,4.85,33.0,2.85,0.0,1009.38,94.75,100.0
1764763200,2025-12-03 12:00:00,2025-12-03 13:00:00,ringsted,4.9,40.0,2.75,0.0,1008.98,94.25,101.0
1764766800,2025-12-03 13:00:00,2025-12-03 14:00:00,ringsted,4.85,27.5,3.175,0.0,1008.75,94.5,106.0
1764770400,2025-12-03 14:00:00,2025-12-03 15:00:00,ringsted,4.775,18.0,3.2,0.0,1008.78,94.75,106.0
1764774000,2025-12-03 15:00:00,2025-12-03 16:00:00,ringsted,4.65,1.5,2.9,0.0,1008.66,95.75,104.167
1764777600,2025-12-03 16:00:00,2025-12-03 17:00:00,ringsted,4.575,0.0,2.725,0.025,1008.5,97.0,106.0
1764781200,2025-12-03 17:00:00,2025-12-03 18:00:00,ringsted,4.625,0.0,2.525,0.05,1008.3,97.75,106.0
1764784800,2025-12-03 18:00:00,2025-12-03 19:00:00,ringsted,4.775,0.0,2.5,0.1,1008.34,98.0,106.0
1764788400,2025-12-03 19:00:00,2025-12-03 20:00:00,ringsted,4.75,0.0,2.65,0.125,1008.35,98.25,104.167
1764792000,2025-12-03 20:00:00,2025-12-03 21:00:00,ringsted,4.725,0.0,2.25,0.075,1008.3,98.25,90.5
1764795600,2025-12-03 21:00:00,2025-12-03 22:00:00,ringsted,4.75,0.0,2.35,0.025,1008.21,98.25,93.4167
1764799200,2025-12-03 22:00:00,2025-12-03 23:00:00,ringsted,4.8,0.0,2.55,0.0,1008.03,98.25,106.0
1764802800,2025-12-03 23:00:00,2025-12-04 00:00:00,ringsted,4.8,0.0,2.65,0.0,1007.85,98.25,86.25
1764806400,2025-12-04 00:00:00,2025-12-04 01:00:00,ringsted,4.775,0.0,2.475,0.125,1007.65,98.75,106.0
1764810000,2025-12-04 01:00:00,2025-12-04 02:00:00,ringsted,4.8,0.0,2.25,0.025,1007.51,98.75,106.0
1764813600,2025-12-04 02:00:00,2025-12-04 03:00:00,ringsted,4.8,0.0,2.525,0.025,1007.18,98.5,102.917
1764817200,2025-12-04 03:00:00,2025-12-04 04:00:00,ringsted,4.825,0.0,2.8,0.025,1006.96,98.5,106.0
1764820800,2025-12-04 04:00:00,2025-12-04 05:00:00,ringsted,4.8,0.0,2.775,0.0,1006.84,99.0,102.917
1764824400,2025-12-04 05:00:00,2025-12-04 06:00:00,ringsted,4.775,0.0,2.55,0.0,1006.75,99.0,85.0833
1764828000,2025-12-04 06:00:00,2025-12-04 07:00:00,ringsted,4.8,0.0,2.575,0.0,1006.71,98.5,104.167
1764831600,2025-12-04 07:00:00,2025-12-04 08:00:00,ringsted,4.775,0.0,2.75,0.0,1006.75,98.25,102.667
1764835200,2025-12-04 08:00:00,2025-12-04 09:00:00,ringsted,4.7,0.5,2.925,0.0,1006.8,97.75,102.667
1764838800,2025-12-04 09:00:00,2025-12-04 10:00:00,ringsted,4.725,11.5,3.1,0.05,1006.86,97.0,97.6667
1764842400,2025-12-04 10:00:00,2025-12-04 11:00:00,ringsted,4.775,26.5,3.3,0.075,1006.77,96.5,98.3333
1764846000,2025-12-04 11:00:00,2025-12-04 12:00:00,ringsted,4.775,41.0,3.575,0.1,1006.46,95.25,95.0
1764849600,2025-12-04 12:00:00,2025-12-04 13:00:00,ringsted,4.725,36.0,3.475,0.15,1006.16,94.25,74.1667
1764853200,2025-12-04 13:00:00,2025-12-04 14:00:00,ringsted,4.625,26.0,3.3,0.125,1006.08,94.0,74.5
1764856800,2025-12-04 14:00:00,2025-12-04 15:00:00,ringsted,4.475,11.5,2.975,0.35,1006.03,95.25,91.3333
1764860400,2025-12-04 15:00:00,2025-12-04 16:00:00,ringsted,4.45,1.0,3.2,0.55,1005.92,96.5,73.6667
1764864000,2025-12-04 16:00:00,2025-12-04 17:00:00,ringsted,4.4,0.0,2.75,0.325,1005.84,96.75,101.0
1764867600,2025-12-04 17:00:00,2025-12-04 18:00:00,ringsted,4.525,0.0,2.6,0.075,1006.16,97.25,101.5
1764871200,2025-12-04 18:00:00,2025-12-04 19:00:00,ringsted,4.725,0.0,3.125,0.0,1006.45,96.75,99.1667
1764874800,2025-12-04 19:00:00,2025-12-04 20:00:00,ringsted,4.8,0.0,3.625,0.0,1006.58,95.5,98.3333
1764878400,2025-12-04 20:00:00,2025-12-04 21:00:00,ringsted,4.8,0.0,4.075,0.0,1006.62,93.5,95.8333
1764882000,2025-12-04 21:00:00,2025-12-04 22:00:00,ringsted,4.375,0.0,3.775,0.0,1006.66,93.25,95.0
1764885600,2025-12-04 22:00:00,2025-12-04 23:00:00,ringsted,4.2,0.0,3.825,0.0,1006.76,93.25,95.0
1764889200,2025-12-04 23:00:00,2025-12-05 00:00:00,ringsted,4.45,0.0,4.1,0.0,1006.83,92.5,98.3333
1764892800,2025-12-05 00:00:00,2025-12-05 01:00:00,ringsted,4.55,0.0,4.35,0.0,1007.1,91.25,100.0
1764896400,2025-12-05 01:00:00,2025-12-05 02:00:00,ringsted,4.425,0.0,3.975,0.0,1007.2,90.75,100.0
1764900000,2025-12-05 02:00:00,2025-12-05 03:00:00,ringsted,4.4,0.0,4.5,0.0,1007.35,90.5,101.0
1764903600,2025-12-05 03:00:00,2025-12-05 04:00:00,ringsted,4.125,0.0,4.65,0.0,1007.63,91.25,100.0
1764907200,2025-12-05 04:00:00,2025-12-05 05:00:00,ringsted,3.925,0.0,4.375,0.0,1007.77,90.75,100.0
1764910800,2025-12-05 05:00:00,2025-12-05 06:00:00,ringsted,4.2,0.0,3.4,0.0,1007.78,89.0,100.0
1764914400,2025-12-05 06:00:00,2025-12-05 07:00:00,ringsted,4.6,0.0,3.075,0.0,1007.74,86.5,100.0
1764918000,2025-12-05 07:00:00,2025-12-05 08:00:00,ringsted,4.825,0.0,2.975,0.0,1007.97,85.5,89.5833
1764921600,2025-12-05 08:00:00,2025-12-05 09:00:00,ringsted,4.9,0.5,2.525,0.0,1008.22,87.0,100.0
1764925200,2025-12-05 09:00:00,2025-12-05 10:00:00,ringsted,5.3,5.5,2.65,0.0,1008.25,88.25,102.0
1764928800,2025-12-05 10:00:00,2025-12-05 11:00:00,ringsted,5.425,9.0,2.675,0.0,1008.25,89.75,100.0
1764932400,2025-12-05 11:00:00,2025-12-05 12:00:00,ringsted,5.525,12.5,2.925,0.025,1008.07,91.75,100.0
1764936000,2025-12-05 12:00:00,2025-12-05 13:00:00,ringsted,5.625,21.5,2.35,0.0,1007.85,93.5,100.0
1764939600,2025-12-05 13:00:00,2025-12-05 14:00:00,ringsted,5.8,19.0,1.55,0.1,1007.67,94.0,85.1667
1764943200,2025-12-05 14:00:00,2025-12-05 15:00:00,ringsted,5.85,7.0,2.1,0.2,1007.46,95.75,89.4167
1764946800,2025-12-05 15:00:00,2025-12-05 16:00:00,ringsted,5.825,1.5,2.425,0.3,1007.35,96.5,101.667
1764950400,2025-12-05 16:00:00,2025-12-05 17:00:00,ringsted,5.75,0.0,2.6,0.65,1007.28,96.5,102.917
1764954000,2025-12-05 17:00:00,2025-12-05 18:00:00,ringsted,5.7,0.0,2.2,0.825,1007.17,97.0,106.0
1764957600,2025-12-05 18:00:00,2025-12-05 19:00:00,ringsted,5.6,0.0,2.075,0.75,1006.99,97.25,106.0
1764961200,2025-12-05 19:00:00,2025-12-05 20:00:00,ringsted,5.35,0.0,2.2,0.4,1007.01,97.5,104.167
1764964800,2025-12-05 20:00:00,2025-12-05 21:00:00,ringsted,5.0,0.0,2.35,0.075,1006.86,97.5,102.917
1764968400,2025-12-05 21:00:00,2025-12-05 22:00:00,ringsted,4.85,0.0,2.25,0.025,1006.52,97.5,100.0
1764972000,2025-12-05 22:00:00,2025-12-05 23:00:00,ringsted,4.575,0.0,2.35,0.025,1006.31,96.75,100.0
1764975600,2025-12-05 23:00:00,2025-12-06 00:00:00,ringsted,4.375,0.0,2.425,0.0,1006.11,94.75,98.3333
1764979200,2025-12-06 00:00:00,2025-12-06 01:00:00,ringsted,4.1,0.0,2.6,0.0,1006.04,93.0,99.1667
1764982800,2025-12-06 01:00:00,2025-12-06 02:00:00,ringsted,3.9,0.0,2.825,0.0,1005.94,92.0,100.0
1764986400,2025-12-06 02:00:00,2025-12-06 03:00:00,ringsted,3.675,0.0,2.3,0.0,1005.81,92.25,97.5
1764990000,2025-12-06 03:00:00,2025-12-06 04:00:00,ringsted,3.55,0.0,2.55,0.0,1005.42,94.0,100.0
1764993600,2025-12-06 04:00:00,2025-12-06 05:00:00,ringsted,3.55,0.0,2.475,0.0,1005.12,94.75,100.0
1764997200,2025-12-06 05:00:00,2025-12-06 06:00:00,ringsted,3.7,0.0,2.6,0.0,1004.98,95.5,100.0
1765000800,2025-12-06 06:00:00,2025-12-06 07:00:00,ringsted,3.925,0.0,2.95,0.0,1004.81,96.0,100.0
1765004400,2025-12-06 07:00:00,2025-12-06 08:00:00,ringsted,4.15,0.0,2.9,0.0,1004.65,95.25,100.0
1765008000,2025-12-06 08:00:00,2025-12-06 09:00:00,ringsted,4.275,2.0,3.25,0.0,1004.49,94.75,100.0
1765011600,2025-12-06 09:00:00,2025-12-06 10:00:00,ringsted,4.5,19.5,3.65,0.0,1004.42,94.0,100.0
1765015200,2025-12-06 10:00:00,2025-12-06 11:00:00,ringsted,4.65,34.5,3.95,0.0,1004.05,92.5,100.0
1765018800,2025-12-06 11:00:00,2025-12-06 12:00:00,ringsted,4.825,67.0,4.15,0.0,1003.4,90.5,91.6667
1765022400,2025-12-06 12:00:00,2025-12-06 13:00:00,ringsted,4.775,48.0,4.45,0.0,1003.05,87.0,74.1667
1765026000,2025-12-06 13:00:00,2025-12-06 14:00:00,ringsted,4.6,48.0,4.575,0.0,1002.76,85.5,80.0
1765029600,2025-12-06 14:00:00,2025-12-06 15:00:00,ringsted,4.275,17.5,5.05,0.0,1002.41,87.75,95.0
1765033200,2025-12-06 15:00:00,2025-12-06 16:00:00,ringsted,4.025,4.0,5.025,0.0,1002.12,89.5,98.3333
1765036800,2025-12-06 16:00:00,2025-12-06 17:00:00,ringsted,4.025,0.0,5.125,0.0,1002.12,90.5,100.0
1765040400,2025-12-06 17:00:00,2025-12-06 18:00:00,ringsted,4.125,0.0,5.225,0.075,1001.91,91.25,79.5833
1765044000,2025-12-06 18:00:00,2025-12-06 19:00:00,ringsted,4.1,0.0,4.775,0.1,1001.73,93.0,73.75
1765047600,2025-12-06 19:00:00,2025-12-06 20:00:00,ringsted,4.2,0.0,4.0,0.0,1001.75,92.0,100.0
1765051200,2025-12-06 20:00:00,2025-12-06 21:00:00,ringsted,4.325,0.0,4.05,0.0,1001.5,91.5,100.0
1765054800,2025-12-06 21:00:00,2025-12-06 22:00:00,ringsted,4.45,0.0,4.025,0.0,1001.3,91.25,100.0
1765058400,2025-12-06 22:00:00,2025-12-06 23:00:00,ringsted,4.475,0.0,3.675,0.025,1001.26,92.25,101.0
1765062000,2025-12-06 23:00:00,2025-12-07 00:00:00,ringsted,4.575,0.0,3.725,0.025,1001.31,93.25,100.083
1765065600,2025-12-07 00:00:00,2025-12-07 01:00:00,ringsted,4.7,0.0,3.9,0.15,1001.01,94.0,92.5
1765069200,2025-12-07 01:00:00,2025-12-07 02:00:00,ringsted,4.8,0.0,3.35,0.15,1000.91,95.0,90.8333
1765072800,2025-12-07 02:00:00,2025-12-07 03:00:00,ringsted,4.925,0.0,3.275,0.05,1000.86,95.5,100.0
1765076400,2025-12-07 03:00:00,2025-12-07 04:00:00,ringsted,5.15,0.0,3.35,0.075,1000.88,95.75,101.0
1765080000,2025-12-07 04:00:00,2025-12-07 05:00:00,ringsted,5.325,0.0,3.675,0.275,1000.88,95.0,101.0
1765083600,2025-12-07 05:00:00,2025-12-07 06:00:00,ringsted,5.3,0.0,4.025,0.15,1000.86,96.25,106.0
1765087200,2025-12-07 06:00:00,2025-12-07 07:00:00,ringsted,5.3,0.0,3.975,0.0,1001.02,96.5,106.0
1765090800,2025-12-07 07:00:00,2025-12-07 08:00:00,ringsted,5.45,0.0,3.725,0.1,1001.31,97.25,106.0
1765094400,2025-12-07 08:00:00,2025-12-07 09:00:00,ringsted,5.675,0.5,3.15,0.1,1001.77,97.25,106.0
1765098000,2025-12-07 09:00:00,2025-12-07 10:00:00,ringsted,5.925,12.5,3.125,0.05,1002.04,97.5,106.0
1765101600,2025-12-07 10:00:00,2025-12-07 11:00:00,ringsted,6.2,25.0,2.975,0.025,1002.11,97.75,106.0
1765105200,2025-12-07 11:00:00,2025-12-07 12:00:00,ringsted,6.475,31.5,3.025,0.0,1002.2,98.0,106.0
1765108800,2025-12-07 12:00:00,2025-12-07 13:00:00,ringsted,6.725,29.5,3.0,0.025,1002.3,98.25,106.0
1765112400,2025-12-07 13:00:00,2025-12-07 14:00:00,ringsted,6.975,23.5,2.65,0.025,1002.42,98.25,106.0
1765116000,2025-12-07 14:00:00,2025-12-07 15:00:00,ringsted,7.15,13.0,2.675,0.05,1002.46,98.25,97.6667
1765119600,2025-12-07 15:00:00,2025-12-07 16:00:00,ringsted,7.275,1.0,2.275,0.025,1002.98,98.75,51.6667
1765123200,2025-12-07 16:00:00,2025-12-07 17:00:00,ringsted,7.3,0.0,2.05,0.05,1003.15,98.75,56.0
1765126800,2025-12-07 17:00:00,2025-12-07 18:00:00,ringsted,7.4,0.0,2.25,0.1,1003.19,99.0,30.5833
1765130400,2025-12-07 18:00:00,2025-12-07 19:00:00,ringsted,7.575,0.0,2.675,0.1,1003.01,99.0,79.0
1765134000,2025-12-07 19:00:00,2025-12-07 20:00:00,ringsted,7.575,0.0,2.775,0.125,1002.77,99.0,99.1667
1765137600,2025-12-07 20:00:00,2025-12-07 21:00:00,ringsted,7.65,0.0,2.75,0.0,1002.31,98.75,100.0
1765141200,2025-12-07 21:00:00,2025-12-07 22:00:00,ringsted,7.425,0.0,3.025,0.025,1001.91,98.5,100.0
1765144800,2025-12-07 22:00:00,2025-12-07 23:00:00,ringsted,7.475,0.0,3.375,0.025,1001.35,98.25,100.0
1765148400,2025-12-07 23:00:00,2025-12-08 00:00:00,ringsted,7.575,0.0,3.85,0.0,1000.92,97.5,100.0
1765152000,2025-12-08 00:00:00,2025-12-08 01:00:00,ringsted,7.6,0.0,3.95,0.025,999.571,96.5,91.6667
1765155600,2025-12-08 01:00:00,2025-12-08 02:00:00,ringsted,7.55,0.0,4.775,0.0,998.346,94.25,95.0
1765159200,2025-12-08 02:00:00,2025-12-08 03:00:00,ringsted,7.625,0.0,5.775,0.05,997.325,93.25,85.5833
1765162800,2025-12-08 03:00:00,2025-12-08 04:00:00,ringsted,7.625,0.0,6.375,0.425,996.746,93.25,100.917
1765166400,2025-12-08 04:00:00,2025-12-08 05:00:00,ringsted,7.525,0.0,6.725,1.05,996.421,95.75,105.0
1765170000,2025-12-08 05:00:00,2025-12-08 06:00:00,ringsted,7.8,0.0,6.45,0.225,996.754,97.0,101.0
1765173600,2025-12-08 06:00:00,2025-12-08 07:00:00,ringsted,8.725,0.0,6.275,0.025,997.471,94.75,100.0
1765177200,2025-12-08 07:00:00,2025-12-08 08:00:00,ringsted,9.1,0.0,5.85,0.025,998.696,89.75,97.5
1765180800,2025-12-08 08:00:00,2025-12-08 09:00:00,ringsted,8.95,2.5,7.175,0.0,999.483,87.5,98.3333
1765184400,2025-12-08 09:00:00,2025-12-08 10:00:00,ringsted,8.9,26.5,7.35,0.0,1000.03,86.75,96.6667
1765188000,2025-12-08 10:00:00,2025-12-08 11:00:00,ringsted,9.0,54.5,7.625,0.0,1000.31,86.0,95.8333
1765191600,2025-12-08 11:00:00,2025-12-08 12:00:00,ringsted,9.0,65.0,7.65,0.0,1000.44,86.25,95.0
1765195200,2025-12-08 12:00:00,2025-12-08 13:00:00,ringsted,9.2,98.0,8.05,0.0,1000.78,85.75,92.0833
1765198800,2025-12-08 13:00:00,2025-12-08 14:00:00,ringsted,9.3,68.5,8.025,0.0,1001.12,85.5,95.0
1765202400,2025-12-08 14:00:00,2025-12-08 15:00:00,ringsted,9.275,24.0,7.95,0.0,1001.61,85.75,97.5
1765206000,2025-12-08 15:00:00,2025-12-08 16:00:00,ringsted,9.3,4.0,7.4,0.0,1001.92,86.75,100.0
1765209600,2025-12-08 16:00:00,2025-12-08 17:00:00,ringsted,9.275,0.0,6.775,0.0,1002.23,88.0,100.0
1765213200,2025-12-08 17:00:00,2025-12-08 18:00:00,ringsted,9.475,0.0,6.25,0.0,1002.64,89.5,100.0
1765216800,2025-12-08 18:00:00,2025-12-08 19:00:00,ringsted,9.55,0.0,6.375,0.0,1002.62,91.5,100.0
1765220400,2025-12-08 19:00:00,2025-12-08 20:00:00,ringsted,9.675,0.0,6.425,0.0,1002.53,92.5,100.0
1765224000,2025-12-08 20:00:00,2025-12-08 21:00:00,ringsted,9.75,0.0,6.25,0.0,1002.81,93.0,100.0
1765227600,2025-12-08 21:00:00,2025-12-08 22:00:00,ringsted,9.825,0.0,5.675,0.0,1003.15,92.75,96.6667
1765231200,2025-12-08 22:00:00,2025-12-08 23:00:00,ringsted,9.65,0.0,5.225,0.0,1003.72,91.75,78.75
1765234800,2025-12-08 23:00:00,2025-12-09 00:00:00,ringsted,9.25,0.0,5.25,0.0,1004.25,89.5,68.75
1765238400,2025-12-09 00:00:00,2025-12-09 01:00:00,ringsted,8.75,0.0,4.525,0.0,1004.62,89.5,45.8333
1765242000,2025-12-09 01:00:00,2025-12-09 02:00:00,ringsted,8.15,0.0,3.975,0.0,1004.9,91.75,36.0
1765245600,2025-12-09 02:00:00,2025-12-09 03:00:00,ringsted,7.75,0.0,3.5,0.0,1005.12,93.25,49.75
1765249200,2025-12-09 03:00:00,2025-12-09 04:00:00,ringsted,7.7,0.0,4.05,0.0,1005.16,94.5,21.25
1765252800,2025-12-09 04:00:00,2025-12-09 05:00:00,ringsted,7.4,0.0,3.975,0.0,1005.34,96.0,60.4167
1765256400,2025-12-09 05:00:00,2025-12-09 06:00:00,ringsted,7.825,0.0,4.1,0.0,1005.49,96.25,92.5
1765260000,2025-12-09 06:00:00,2025-12-09 07:00:00,ringsted,8.175,0.0,3.7,0.0,1005.67,94.75,53.75
1765263600,2025-12-09 07:00:00,2025-12-09 08:00:00,ringsted,8.0,0.0,3.825,0.0,1006.03,95.0,72.9167
1765267200,2025-12-09 08:00:00,2025-12-09 09:00:00,ringsted,8.15,1.5,3.575,0.0,1006.5,96.0,89.3333
1765270800,2025-12-09 09:00:00,2025-12-09 10:00:00,ringsted,8.425,12.0,3.075,0.0,1006.8,95.5,105.0
1765274400,2025-12-09 10:00:00,2025-12-09 11:00:00,ringsted,8.75,23.0,2.475,0.0,1006.83,95.75,102.0
1765278000,2025-12-09 11:00:00,2025-12-09 12:00:00,ringsted,9.1,28.5,2.95,0.0,1006.62,95.75,106.0
1765281600,2025-12-09 12:00:00,2025-12-09 13:00:00,ringsted,9.275,30.0,2.875,0.025,1006.29,95.25,100.833
1765285200,2025-12-09 13:00:00,2025-12-09 14:00:00,ringsted,9.4,30.5,2.3,0.0,1006.13,95.25,106.0
1765288800,2025-12-09 14:00:00,2025-12-09 15:00:00,ringsted,9.4,16.5,2.225,0.0,1006.15,95.25,97.3333
1765292400,2025-12-09 15:00:00,2025-12-09 16:00:00,ringsted,9.45,0.5,2.425,0.175,1005.98,97.25,49.6667
1765296000,2025-12-09 16:00:00,2025-12-09 17:00:00,ringsted,9.525,0.0,2.3,0.125,1005.74,98.5,48.5833
1765299600,2025-12-09 17:00:00,2025-12-09 18:00:00,ringsted,9.675,0.0,2.625,0.05,1005.53,98.75,19.1667
1765303200,2025-12-09 18:00:00,2025-12-09 19:00:00,ringsted,9.75,0.0,3.075,0.25,1005.31,99.0,76.0833
1765306800,2025-12-09 19:00:00,2025-12-09 20:00:00,ringsted,9.775,0.0,3.4,0.3,1004.81,99.0,66.75
1765310400,2025-12-09 20:00:00,2025-12-09 21:00:00,ringsted,10.0,0.0,3.9,0.375,1004.37,98.75,106.0
1765314000,2025-12-09 21:00:00,2025-12-09 22:00:00,ringsted,10.225,0.0,4.575,1.0,1004.04,98.25,106.0
1765317600,2025-12-09 22:00:00,2025-12-09 23:00:00,ringsted,10.25,0.0,4.825,1.575,1003.74,98.25,106.0
1765321200,2025-12-09 23:00:00,2025-12-10 00:00:00,ringsted,10.25,0.0,5.15,1.475,1003.59,97.75,101.0
1765324800,2025-12-10 00:00:00,2025-12-10 01:00:00,ringsted,10.25,0.0,4.6,0.6,1003.35,97.5,96.6667
1765328400,2025-12-10 01:00:00,2025-12-10 02:00:00,ringsted,10.375,0.0,4.95,0.45,1003.19,96.0,88.3333
1765332000,2025-12-10 02:00:00,2025-12-10 03:00:00,ringsted,10.375,0.0,5.35,0.2,1003.14,94.75,100.0
1765335600,2025-12-10 03:00:00,2025-12-10 04:00:00,ringsted,10.275,0.0,5.7,0.275,1003.2,94.25,105.0
1765339200,2025-12-10 04:00:00,2025-12-10 05:00:00,ringsted,10.075,0.0,5.8,0.3,1003.42,96.25,97.3333
1765342800,2025-12-10 05:00:00,2025-12-10 06:00:00,ringsted,10.1,0.0,5.6,0.025,1003.76,96.25,100.0
1765346400,2025-12-10 06:00:00,2025-12-10 07:00:00,ringsted,10.125,0.0,5.35,0.0,1004.4,95.5,99.1667
1765350000,2025-12-10 07:00:00,2025-12-10 08:00:00,ringsted,10.1,0.0,4.7,0.0,1005.11,94.5,84.1667
1765353600,2025-12-10 08:00:00,2025-12-10 09:00:00,ringsted,9.925,1.5,4.55,0.0,1005.84,94.0,90.4167
1765357200,2025-12-10 09:00:00,2025-12-10 10:00:00,ringsted,9.85,22.5,4.625,0.0,1006.47,93.25,75.4167
1765360800,2025-12-10 10:00:00,2025-12-10 11:00:00,ringsted,9.875,39.0,4.525,0.0,1006.81,92.5,61.6667
1765364400,2025-12-10 11:00:00,2025-12-10 12:00:00,ringsted,9.925,56.0,4.775,0.0,1007.05,91.75,69.1667
1765368000,2025-12-10 12:00:00,2025-12-10 13:00:00,ringsted,9.825,55.5,4.8,0.0,1007.32,90.75,64.1667
1765371600,2025-12-10 13:00:00,2025-12-10 14:00:00,ringsted,9.6,47.0,4.425,0.0,1007.47,91.25,54.5833
1765375200,2025-12-10 14:00:00,2025-12-10 15:00:00,ringsted,9.3,31.5,4.65,0.0,1007.87,91.75,67.0833
1765378800,2025-12-10 15:00:00,2025-12-10 16:00:00,ringsted,9.025,4.5,5.0,0.0,1008.29,92.25,77.5
1765382400,2025-12-10 16:00:00,2025-12-10 17:00:00,ringsted,8.925,0.0,5.275,0.0,1008.36,92.5,90.4167
1765386000,2025-12-10 17:00:00,2025-12-10 18:00:00,ringsted,9.05,0.0,5.6,0.0,1008.71,91.5,85.4167
1765389600,2025-12-10 18:00:00,2025-12-10 19:00:00,ringsted,9.475,0.0,5.725,0.0,1008.73,89.5,81.6667
1765393200,2025-12-10 19:00:00,2025-12-10 20:00:00,ringsted,9.575,0.0,5.7,0.0,1008.63,89.0,82.5
1765396800,2025-12-10 20:00:00,2025-12-10 21:00:00,ringsted,9.55,0.0,6.5,0.0,1008.73,89.0,87.9167
1765400400,2025-12-10 21:00:00,2025-12-10 22:00:00,ringsted,9.5,0.0,6.4,0.0,1008.84,89.0,90.0
1765404000,2025-12-10 22:00:00,2025-12-10 23:00:00,ringsted,9.3,0.0,6.275,0.0,1008.77,88.5,89.1667
1765407600,2025-12-10 23:00:00,2025-12-11 00:00:00,ringsted,9.025,0.0,6.375,0.0,1009.07,88.75,79.5833
1765411200,2025-12-11 00:00:00,2025-12-11 01:00:00,ringsted,9.0,0.0,6.275,0.0,1009.46,87.5,98.3333
1765414800,2025-12-11 01:00:00,2025-12-11 02:00:00,ringsted,8.975,0.0,5.975,0.0,1009.47,86.75,97.5
1765418400,2025-12-11 02:00:00,2025-12-11 03:00:00,ringsted,9.0,0.0,6.3,0.0,1009.62,86.75,90.0
1765422000,2025-12-11 03:00:00,2025-12-11 04:00:00,ringsted,8.85,0.0,6.025,0.0,1009.73,86.5,90.8333
1765425600,2025-12-11 04:00:00,2025-12-11 05:00:00,ringsted,8.725,0.0,6.4,0.0,1009.82,87.0,93.3333
1765429200,2025-12-11 05:00:00,2025-12-11 06:00:00,ringsted,8.525,0.0,6.5,0.0,1009.92,87.0,75.0
1765432800,2025-12-11 06:00:00,2025-12-11 07:00:00,ringsted,8.425,0.0,6.0,0.0,1010.03,87.25,63.75
1765436400,2025-12-11 07:00:00,2025-12-11 08:00:00,ringsted,8.2,0.0,6.15,0.0,1010.51,89.5,95.0
1765440000,2025-12-11 08:00:00,2025-12-11 09:00:00,ringsted,8.4,0.0,6.325,0.125,1010.84,90.5,82.5
1765443600,2025-12-11 09:00:00,2025-12-11 10:00:00,ringsted,8.55,11.0,6.4,0.05,1010.87,91.25,89.1667
1765447200,2025-12-11 10:00:00,2025-12-11 11:00:00,ringsted,8.7,32.5,6.2,0.025,1011.08,91.0,100.0
1765450800,2025-12-11 11:00:00,2025-12-11 12:00:00,ringsted,8.75,42.0,6.45,0.05,1010.75,91.25,98.3333
1765454400,2025-12-11 12:00:00,2025-12-11 13:00:00,ringsted,8.725,41.0,6.5,0.1,1010.73,91.75,87.5
1765458000,2025-12-11 13:00:00,2025-12-11 14:00:00,ringsted,8.85,23.0,6.1,0.0,1011.03,91.0,86.6667
1765461600,2025-12-11 14:00:00,2025-12-11 15:00:00,ringsted,8.825,11.5,6.15,0.0,1011.15,89.75,95.0
1765465200,2025-12-11 15:00:00,2025-12-11 16:00:00,ringsted,8.875,1.5,6.3,0.0,1011.3,88.25,99.1667
1765468800,2025-12-11 16:00:00,2025-12-11 17:00:00,ringsted,8.9,0.0,6.45,0.0,1011.66,86.75,96.6667
1765472400,2025-12-11 17:00:00,2025-12-11 18:00:00,ringsted,8.9,0.0,6.075,0.0,1011.83,85.75,95.0
1765476000,2025-12-11 18:00:00,2025-12-11 19:00:00,ringsted,8.875,0.0,5.825,0.0,1012.01,85.75,95.8333
1765479600,2025-12-11 19:00:00,2025-12-11 20:00:00,ringsted,8.775,0.0,5.525,0.0,1012.38,85.75,96.6667
1765483200,2025-12-11 20:00:00,2025-12-11 21:00:00,ringsted,8.825,0.0,5.8,0.0,1012.59,85.75,100.0
1765486800,2025-12-11 21:00:00,2025-12-11 22:00:00,ringsted,8.9,0.0,6.25,0.0,1012.64,85.25,100.0
1765490400,2025-12-11 22:00:00,2025-12-11 23:00:00,ringsted,8.85,0.0,5.9,0.0,1012.92,85.75,95.0
1765494000,2025-12-11 23:00:00,2025-12-12 00:00:00,ringsted,8.575,0.0,5.5,0.0,1013.37,87.25,95.0
1765497600,2025-12-12 00:00:00,2025-12-12 01:00:00,ringsted,8.375,0.0,4.25,0.0,1013.95,88.5,95.8333
1765501200,2025-12-12 01:00:00,2025-12-12 02:00:00,ringsted,8.375,0.0,3.45,0.0,1014.52,88.25,98.3333
1765504800,2025-12-12 02:00:00,2025-12-12 03:00:00,ringsted,8.3,0.0,3.0,0.0,1014.68,88.25,100.0
1765508400,2025-12-12 03:00:00,2025-12-12 04:00:00,ringsted,8.25,0.0,3.275,0.0,1014.85,87.75,100.0
1765512000,2025-12-12 04:00:00,2025-12-12 05:00:00,ringsted,8.175,0.0,2.9,0.0,1015.16,88.25,100.0
1765515600,2025-12-12 05:00:00,2025-12-12 06:00:00,ringsted,8.025,0.0,2.475,0.0,1015.39,89.5,100.0
1765519200,2025-12-12 06:00:00,2025-12-12 07:00:00,ringsted,7.9,0.0,2.35,0.0,1015.77,90.0,100.0
1765522800,2025-12-12 07:00:00,2025-12-12 08:00:00,ringsted,8.0,0.0,2.525,0.0,1016.22,86.5,100.0
1765526400,2025-12-12 08:00:00,2025-12-12 09:00:00,ringsted,8.0,1.0,2.3,0.0,1016.93,84.5,100.0
1765530000,2025-12-12 09:00:00,2025-12-12 10:00:00,ringsted,8.0,11.5,2.6,0.0,1017.7,82.5,100.0
1765533600,2025-12-12 10:00:00,2025-12-12 11:00:00,ringsted,7.85,20.0,2.325,0.0,1018.08,82.25,100.0
1765537200,2025-12-12 11:00:00,2025-12-12 12:00:00,ringsted,7.75,30.0,2.15,0.0,1018.19,82.5,100.0
1765540800,2025-12-12 12:00:00,2025-12-12 13:00:00,ringsted,7.65,36.0,2.125,0.0,1018.44,83.0,100.0
1765544400,2025-12-12 13:00:00,2025-12-12 14:00:00,ringsted,7.4,29.0,2.25,0.0,1018.65,81.5,100.0
1765548000,2025-12-12 14:00:00,2025-12-12 15:00:00,ringsted,7.1,14.0,1.725,0.0,1018.65,81.75,100.0
1765551600,2025-12-12 15:00:00,2025-12-12 16:00:00,ringsted,6.75,3.0,1.05,0.0,1019.27,82.75,100.0
1765555200,2025-12-12 16:00:00,2025-12-12 17:00:00,ringsted,6.45,0.0,1.25,0.0,1019.32,83.75,100.0
1765558800,2025-12-12 17:00:00,2025-12-12 18:00:00,ringsted,6.15,0.0,1.475,0.0,1018.96,83.5,100.0
1765562400,2025-12-12 18:00:00,2025-12-12 19:00:00,ringsted,5.65,0.0,2.025,0.0,1018.9,84.5,97.5
1765566000,2025-12-12 19:00:00,2025-12-12 20:00:00,ringsted,5.5,0.0,2.875,0.0,1019.02,85.25,96.6667
1765569600,2025-12-12 20:00:00,2025-12-12 21:00:00,ringsted,5.25,0.0,4.025,0.0,1019.35,84.75,95.8333
1765573200,2025-12-12 21:00:00,2025-12-12 22:00:00,ringsted,5.0,0.0,4.8,0.0,1019.59,84.75,100.0
1765576800,2025-12-12 22:00:00,2025-12-12 23:00:00,ringsted,4.95,0.0,4.45,0.0,1019.28,84.5,100.0
1765580400,2025-12-12 23:00:00,2025-12-13 00:00:00,ringsted,4.85,0.0,3.825,0.0,1019.02,85.5,100.0
1765584000,2025-12-13 00:00:00,2025-12-13 01:00:00,ringsted,4.725,0.0,2.675,0.0,1018.61,88.0,101.0
1765587600,2025-12-13 01:00:00,2025-12-13 02:00:00,ringsted,4.775,0.0,2.95,0.0,1018.37,90.75,106.0
1765591200,2025-12-13 02:00:00,2025-12-13 03:00:00,ringsted,4.875,0.0,3.0,0.0,1018.04,93.25,106.0
1765594800,2025-12-13 03:00:00,2025-12-13 04:00:00,ringsted,5.025,0.0,3.225,0.025,1017.42,96.25,106.0
1765598400,2025-12-13 04:00:00,2025-12-13 05:00:00,ringsted,5.25,0.0,3.075,0.1,1017.05,98.0,106.0
1765602000,2025-12-13 05:00:00,2025-12-13 06:00:00,ringsted,5.525,0.0,3.1,0.1,1016.82,98.5,106.0
1765605600,2025-12-13 06:00:00,2025-12-13 07:00:00,ringsted,5.925,0.0,2.95,0.1,1016.5,98.75,81.0
1765609200,2025-12-13 07:00:00,2025-12-13 08:00:00,ringsted,6.525,0.0,3.225,0.025,1016.57,98.75,67.25
1765612800,2025-12-13 08:00:00,2025-12-13 09:00:00,ringsted,7.075,1.0,3.85,0.075,1016.6,98.75,101.667
1765616400,2025-12-13 09:00:00,2025-12-13 10:00:00,ringsted,7.475,11.5,3.9,0.1,1016.47,98.25,105.0
1765620000,2025-12-13 10:00:00,2025-12-13 11:00:00,ringsted,7.825,16.0,4.275,0.05,1016.17,97.5,99.0
1765623600,2025-12-13 11:00:00,2025-12-13 12:00:00,ringsted,8.05,22.5,4.775,0.05,1015.96,97.5,71.5833
1765627200,2025-12-13 12:00:00,2025-12-13 13:00:00,ringsted,8.2,14.0,4.925,0.05,1016.03,97.5,79.9167
1765630800,2025-12-13 13:00:00,2025-12-13 14:00:00,ringsted,8.475,42.0,4.875,0.075,1016.46,96.0,86.6667
1765634400,2025-12-13 14:00:00,2025-12-13 15:00:00,ringsted,8.3,48.5,5.575,0.0,1017.11,90.5,74.5833
1765638000,2025-12-13 15:00:00,2025-12-13 16:00:00,ringsted,7.525,5.5,4.25,0.0,1017.67,88.5,70.4167
1765641600,2025-12-13 16:00:00,2025-12-13 17:00:00,ringsted,6.775,0.0,3.3,0.0,1017.95,89.5,25.0
1765645200,2025-12-13 17:00:00,2025-12-13 18:00:00,ringsted,6.5,0.0,3.2,0.0,1018.22,89.25,50.0
1765648800,2025-12-13 18:00:00,2025-12-13 19:00:00,ringsted,6.15,0.0,3.025,0.0,1018.31,89.75,45.8333
1765652400,2025-12-13 19:00:00,2025-12-13 20:00:00,ringsted,6.075,0.0,3.325,0.0,1018.28,90.75,2.91667
1765656000,2025-12-13 20:00:00,2025-12-13 21:00:00,ringsted,5.925,0.0,3.65,0.0,1018.25,93.0,0.0
1765659600,2025-12-13 21:00:00,2025-12-13 22:00:00,ringsted,5.775,0.0,3.925,0.0,1018.27,95.0,0.0
1765663200,2025-12-13 22:00:00,2025-12-13 23:00:00,ringsted,5.875,0.0,4.175,0.0,1018.17,95.75,22.0833
1765666800,2025-12-13 23:00:00,2025-12-14 00:00:00,ringsted,5.95,0.0,4.525,0.025,1017.89,95.5,45.0
1765670400,2025-12-14 00:00:00,2025-12-14 01:00:00,ringsted,6.125,0.0,4.625,0.0,1017.54,94.5,89.5
1765674000,2025-12-14 01:00:00,2025-12-14 02:00:00,ringsted,6.25,0.0,4.8,0.0,1017.26,94.0,95.0
1765677600,2025-12-14 02:00:00,2025-12-14 03:00:00,ringsted,6.225,0.0,4.95,0.0,1016.86,93.5,95.0
1765681200,2025-12-14 03:00:00,2025-12-14 04:00:00,ringsted,6.025,0.0,5.2,0.0,1016.31,93.75,95.8333
1765684800,2025-12-14 04:00:00,2025-12-14 05:00:00,ringsted,5.9,0.0,5.275,0.0,1015.99,93.5,95.8333
1765688400,2025-12-14 05:00:00,2025-12-14 06:00:00,ringsted,5.825,0.0,5.725,0.0,1015.6,92.5,97.5
1765692000,2025-12-14 06:00:00,2025-12-14 07:00:00,ringsted,5.8,0.0,5.9,0.0,1015.31,91.75,93.3333
1765695600,2025-12-14 07:00:00,2025-12-14 08:00:00,ringsted,5.675,0.0,6.475,0.0,1014.94,91.0,63.75
1765699200,2025-12-14 08:00:00,2025-12-14 09:00:00,ringsted,5.55,1.5,6.4,0.0,1014.69,90.25,45.0
1765702800,2025-12-14 09:00:00,2025-12-14 10:00:00,ringsted,5.6,24.5,6.575,0.0,1014.74,87.75,75.0
1765706400,2025-12-14 10:00:00,2025-12-14 11:00:00,ringsted,5.875,38.0,7.35,0.0,1014.42,86.5,95.0
1765710000,2025-12-14 11:00:00,2025-12-14 12:00:00,ringsted,6.1,50.5,7.425,0.0,1014.1,87.0,98.3333
1765713600,2025-12-14 12:00:00,2025-12-14 13:00:00,ringsted,6.25,42.5,7.1,0.0,1013.58,87.25,100.0
1765717200,2025-12-14 13:00:00,2025-12-14 14:00:00,ringsted,6.375,34.5,7.15,0.0,1013.27,87.0,100.0
1765720800,2025-12-14 14:00:00,2025-12-14 15:00:00,ringsted,6.45,18.5,6.775,0.0,1013.0,85.75,95.0
1765724400,2025-12-14 15:00:00,2025-12-14 16:00:00,ringsted,6.4,2.5,6.625,0.0,1013.2,86.75,99.1667
1765728000,2025-12-14 16:00:00,2025-12-14 17:00:00,ringsted,6.4,0.0,5.975,0.0,1013.05,86.5,96.6667
1765731600,2025-12-14 17:00:00,2025-12-14 18:00:00,ringsted,6.35,0.0,5.9,0.0,1012.61,86.75,95.0
1765735200,2025-12-14 18:00:00,2025-12-14 19:00:00,ringsted,6.3,0.0,6.425,0.0,1012.28,85.75,95.8333
1765738800,2025-12-14 19:00:00,2025-12-14 20:00:00,ringsted,6.2,0.0,6.5,0.0,1012.32,85.5,95.0
1765742400,2025-12-14 20:00:00,2025-12-14 21:00:00,ringsted,6.325,0.0,6.4,0.0,1012.28,84.0,95.0
1765746000,2025-12-14 21:00:00,2025-12-14 22:00:00,ringsted,6.375,0.0,6.175,0.0,1011.94,84.0,95.0
1765749600,2025-12-14 22:00:00,2025-12-14 23:00:00,ringsted,6.5,0.0,6.3,0.0,1011.75,84.5,99.1667
1765753200,2025-12-14 23:00:00,2025-12-15 00:00:00,ringsted,6.725,0.0,6.55,0.0,1011.46,85.0,100.0
1765756800,2025-12-15 00:00:00,2025-12-15 01:00:00,ringsted,6.825,0.0,6.675,0.0,1011.22,85.25,100.0
1765760400,2025-12-15 01:00:00,2025-12-15 02:00:00,ringsted,6.9,0.0,6.875,0.0,1010.94,86.0,100.0
1765764000,2025-12-15 02:00:00,2025-12-15 03:00:00,ringsted,6.875,0.0,6.725,0.0,1010.28,86.5,100.0
1765767600,2025-12-15 03:00:00,2025-12-15 04:00:00,ringsted,6.675,0.0,6.275,0.0,1009.82,87.5,100.0
1765771200,2025-12-15 04:00:00,2025-12-15 05:00:00,ringsted,6.55,0.0,5.8,0.0,1009.51,86.25,100.0
1765774800,2025-12-15 05:00:00,2025-12-15 06:00:00,ringsted,6.75,0.0,5.675,0.0,1009.33,82.25,100.0
1765778400,2025-12-15 06:00:00,2025-12-15 07:00:00,ringsted,6.95,0.0,5.75,0.0,1009.11,80.75,100.0
1765782000,2025-12-15 07:00:00,2025-12-15 08:00:00,ringsted,7.025,0.0,5.725,0.0,1009.1,80.75,100.0
1765785600,2025-12-15 08:00:00,2025-12-15 09:00:00,ringsted,7.1,0.5,5.35,0.0,1009.34,82.5,100.0
1765789200,2025-12-15 09:00:00,2025-12-15 10:00:00,ringsted,7.1,13.5,5.0,0.0,1009.67,85.25,100.0
1765792800,2025-12-15 10:00:00,2025-12-15 11:00:00,ringsted,7.025,36.5,5.2,0.0,1009.71,87.0,100.0
1765796400,2025-12-15 11:00:00,2025-12-15 12:00:00,ringsted,6.95,60.5,5.575,0.0,1009.35,88.0,95.8333
1765800000,2025-12-15 12:00:00,2025-12-15 13:00:00,ringsted,6.925,81.5,5.6,0.0,1009.02,87.25,93.75
1765803600,2025-12-15 13:00:00,2025-12-15 14:00:00,ringsted,6.65,69.5,5.125,0.0,1008.7,87.5,55.8333
1765807200,2025-12-15 14:00:00,2025-12-15 15:00:00,ringsted,6.2,39.5,4.675,0.0,1008.68,89.0,49.1667
1765810800,2025-12-15 15:00:00,2025-12-15 16:00:00,ringsted,5.55,6.5,3.675,0.0,1008.88,91.25,45.8333
1765814400,2025-12-15 16:00:00,2025-12-15 17:00:00,ringsted,5.0,0.0,3.3,0.0,1008.88,93.5,48.3333
1765818000,2025-12-15 17:00:00,2025-12-15 18:00:00,ringsted,4.65,0.0,3.2,0.0,1008.88,95.0,23.75
1765821600,2025-12-15 18:00:00,2025-12-15 19:00:00,ringsted,4.025,0.0,3.375,0.0,1009.05,96.25,0.0
1765825200,2025-12-15 19:00:00,2025-12-15 20:00:00,ringsted,3.95,0.0,3.125,0.0,1008.93,96.0,0.0
1765828800,2025-12-15 20:00:00,2025-12-15 21:00:00,ringsted,3.6,0.0,3.05,0.0,1009.05,96.25,0.0
1765832400,2025-12-15 21:00:00,2025-12-15 22:00:00,ringsted,3.4,0.0,3.3,0.0,1009.64,96.75,0.833333
1765836000,2025-12-15 22:00:00,2025-12-15 23:00:00,ringsted,3.2,0.0,2.95,0.0,1009.8,97.0,2.5
1765839600,2025-12-15 23:00:00,2025-12-16 00:00:00,ringsted,2.825,0.0,2.825,0.0,1009.72,97.5,0.0
1765843200,2025-12-16 00:00:00,2025-12-16 01:00:00,ringsted,2.925,0.0,2.55,0.0,1009.61,97.5,0.0
1765846800,2025-12-16 01:00:00,2025-12-16 02:00:00,ringsted,2.9,0.0,2.3,0.0,1009.58,97.75,22.9167
1765850400,2025-12-16 02:00:00,2025-12-16 03:00:00,ringsted,3.15,0.0,2.1,0.0,1009.4,97.5,49.1667
1765854000,2025-12-16 03:00:00,2025-12-16 04:00:00,ringsted,3.65,0.0,2.875,0.0,1009.09,97.25,12.5
1765857600,2025-12-16 04:00:00,2025-12-16 05:00:00,ringsted,3.45,0.0,2.725,0.0,1009.19,97.25,30.4167
1765861200,2025-12-16 05:00:00,2025-12-16 06:00:00,ringsted,3.625,0.0,3.125,0.0,1009.32,97.25,37.9167
1765864800,2025-12-16 06:00:00,2025-12-16 07:00:00,ringsted,4.075,0.0,3.2,0.0,1009.64,96.5,50.0
1765868400,2025-12-16 07:00:00,2025-12-16 08:00:00,ringsted,4.275,0.0,2.75,0.0,1010.25,96.25,50.0
1765872000,2025-12-16 08:00:00,2025-12-16 09:00:00,ringsted,4.325,1.5,2.75,0.0,1010.75,96.75,50.0
1765875600,2025-12-16 09:00:00,2025-12-16 10:00:00,ringsted,4.35,26.0,2.45,0.0,1011.25,96.25,49.1667
1765879200,2025-12-16 10:00:00,2025-12-16 11:00:00,ringsted,4.825,87.0,2.325,0.0,1011.35,95.5,13.3333
1765882800,2025-12-16 11:00:00,2025-12-16 12:00:00,ringsted,5.725,96.0,2.075,0.0,1011.2,93.25,36.25
1765886400,2025-12-16 12:00:00,2025-12-16 13:00:00,ringsted,6.45,153.0,1.75,0.0,1010.57,91.0,34.5833
1765890000,2025-12-16 13:00:00,2025-12-16 14:00:00,ringsted,7.05,121.0,2.425,0.0,1010.4,88.25,0.0
1765893600,2025-12-16 14:00:00,2025-12-16 15:00:00,ringsted,6.425,56.0,2.5,0.0,1010.6,90.75,0.0
1765897200,2025-12-16 15:00:00,2025-12-16 16:00:00,ringsted,5.5,5.5,2.5,0.0,1010.68,93.0,0.0
1765900800,2025-12-16 16:00:00,2025-12-16 17:00:00,ringsted,5.05,0.0,3.175,0.0,1010.35,93.5,0.0
1765904400,2025-12-16 17:00:00,2025-12-16 18:00:00,ringsted,4.9,0.0,3.35,0.0,1010.37,92.75,5.0
1765908000,2025-12-16 18:00:00,2025-12-16 19:00:00,ringsted,4.825,0.0,3.25,0.0,1010.42,92.25,12.0833
1765911600,2025-12-16 19:00:00,2025-12-16 20:00:00,ringsted,4.925,0.0,2.925,0.0,1010.39,92.0,0.0
1765915200,2025-12-16 20:00:00,2025-12-16 21:00:00,ringsted,4.875,0.0,3.15,0.0,1010.33,90.75,0.0
1765918800,2025-12-16 21:00:00,2025-12-16 22:00:00,ringsted,4.675,0.0,3.4,0.0,1010.25,90.25,5.0
1765922400,2025-12-16 22:00:00,2025-12-16 23:00:00,ringsted,4.525,0.0,3.2,0.0,1010.15,89.75,26.25
1765926000,2025-12-16 23:00:00,2025-12-17 00:00:00,ringsted,4.55,0.0,2.525,0.0,1009.92,89.25,32.5
1765929600,2025-12-17 00:00:00,2025-12-17 01:00:00,ringsted,4.275,0.0,2.5,0.0,1009.56,90.0,67.5
1765933200,2025-12-17 01:00:00,2025-12-17 02:00:00,ringsted,4.5,0.0,2.675,0.0,1009.46,90.0,68.75
1765936800,2025-12-17 02:00:00,2025-12-17 03:00:00,ringsted,5.0,0.0,2.425,0.0,1009.44,89.0,65.0
1765940400,2025-12-17 03:00:00,2025-12-17 04:00:00,ringsted,5.125,0.0,2.4,0.0,1009.25,89.0,55.0
1765944000,2025-12-17 04:00:00,2025-12-17 05:00:00,ringsted,5.05,0.0,1.975,0.0,1009.17,89.75,66.25
1765947600,2025-12-17 05:00:00,2025-12-17 06:00:00,ringsted,4.925,0.0,2.1,0.0,1009.28,90.0,70.0
1765951200,2025-12-17 06:00:00,2025-12-17 07:00:00,ringsted,4.95,0.0,1.75,0.0,1009.47,90.5,82.0833
1765954800,2025-12-17 07:00:00,2025-12-17 08:00:00,ringsted,4.9,0.0,0.85,0.0,1009.82,90.5,87.5
1765958400,2025-12-17 08:00:00,2025-12-17 09:00:00,ringsted,4.825,0.5,1.625,0.0,1010.0,92.25,100.0
1765962000,2025-12-17 09:00:00,2025-12-17 10:00:00,ringsted,5.0,7.5,1.45,0.0,1010.22,92.25,97.2727
1765965600,2025-12-17 10:00:00,2025-12-17 11:00:00,ringsted,5.35,28.0,1.575,0.0,1010.25,91.75,95.4167
1765969200,2025-12-17 11:00:00,2025-12-17 12:00:00,ringsted,5.875,55.0,1.35,0.025,1009.96,91.0,87.5
1765972800,2025-12-17 12:00:00,2025-12-17 13:00:00,ringsted,6.475,83.0,1.575,0.0,1009.76,88.75,70.4167
1765976400,2025-12-17 13:00:00,2025-12-17 14:00:00,ringsted,6.775,69.5,2.1,0.0,1009.91,88.25,97.5
1765980000,2025-12-17 14:00:00,2025-12-17 15:00:00,ringsted,6.55,27.5,1.875,0.0,1010.12,89.0,80.8333
1765983600,2025-12-17 15:00:00,2025-12-17 16:00:00,ringsted,6.375,3.0,1.5,0.0,1010.31,91.5,90.8333
1765987200,2025-12-17 16:00:00,2025-12-17 17:00:00,ringsted,6.15,0.0,1.325,0.0,1010.66,92.75,100.0
1765990800,2025-12-17 17:00:00,2025-12-17 18:00:00,ringsted,6.2,0.0,1.775,0.0,1010.91,93.5,100.0
1765994400,2025-12-17 18:00:00,2025-12-17 19:00:00,ringsted,6.325,0.0,1.33333,0.0,1011.33,94.75,101.0
1765998000,2025-12-17 19:00:00,2025-12-17 20:00:00,ringsted,6.45,0.0,2.6,0.0,1011.83,95.75,95.9167
1766001600,2025-12-17 20:00:00,2025-12-17 21:00:00,ringsted,6.675,0.0,2.75,0.0,1012.08,96.25,98.1667
1766005200,2025-12-17 21:00:00,2025-12-17 22:00:00,ringsted,6.875,0.0,2.9,0.0,1012.4,97.5,56.0
1766008800,2025-12-17 22:00:00,2025-12-17 23:00:00,ringsted,6.8,0.0,3.275,0.05,1012.5,98.5,56.0
1766012400,2025-12-17 23:00:00,2025-12-18 00:00:00,ringsted,6.775,0.0,3.25,0.0,1012.62,99.0,58.1667
1766016000,2025-12-18 00:00:00,2025-12-18 01:00:00,ringsted,6.825,0.0,3.4,0.025,1012.43,99.0,75.0
1766019600,2025-12-18 01:00:00,2025-12-18 02:00:00,ringsted,6.85,0.0,3.375,0.0,1012.41,98.25,85.3333
1766023200,2025-12-18 02:00:00,2025-12-18 03:00:00,ringsted,6.875,0.0,3.4,0.0,1012.3,96.25,86.0
1766026800,2025-12-18 03:00:00,2025-12-18 04:00:00,ringsted,6.6,0.0,3.475,0.0,1011.89,96.25,87.75
1766030400,2025-12-18 04:00:00,2025-12-18 05:00:00,ringsted,6.55,0.0,3.8,0.0,1011.4,96.25,79.5833
1766034000,2025-12-18 05:00:00,2025-12-18 06:00:00,ringsted,6.475,0.0,3.875,0.0,1010.96,96.0,84.5833
1766037600,2025-12-18 06:00:00,2025-12-18 07:00:00,ringsted,6.4,0.0,4.65,0.0,1010.99,95.25,57.0833
1766041200,2025-12-18 07:00:00,2025-12-18 08:00:00,ringsted,6.35,0.0,4.575,0.0,1010.97,93.5,18.3333
1766044800,2025-12-18 08:00:00,2025-12-18 09:00:00,ringsted,6.0,2.0,4.7,0.0,1011.04,91.25,15.4167
1766048400,2025-12-18 09:00:00,2025-12-18 10:00:00,ringsted,6.15,28.0,5.5,0.0,1011.25,89.25,64.5833
1766052000,2025-12-18 10:00:00,2025-12-18 11:00:00,ringsted,6.4,55.5,5.8,0.0,1010.85,89.75,45.4167
1766055600,2025-12-18 11:00:00,2025-12-18 12:00:00,ringsted,6.725,96.0,5.9,0.0,1010.81,88.75,32.5
1766059200,2025-12-18 12:00:00,2025-12-18 13:00:00,ringsted,7.15,112.5,6.3,0.0,1010.71,87.25,53.3333
1766062800,2025-12-18 13:00:00,2025-12-18 14:00:00,ringsted,7.225,56.5,6.3,0.0,1010.56,87.0,95.8333
1766066400,2025-12-18 14:00:00,2025-12-18 15:00:00,ringsted,7.175,17.0,5.325,0.0,1010.45,87.75,95.0
1766070000,2025-12-18 15:00:00,2025-12-18 16:00:00,ringsted,7.175,4.0,4.65,0.0,1010.67,88.0,99.1667
1766073600,2025-12-18 16:00:00,2025-12-18 17:00:00,ringsted,7.2,0.0,4.325,0.0,1010.9,88.25,100.0
1766077200,2025-12-18 17:00:00,2025-12-18 18:00:00,ringsted,7.325,0.0,4.45,0.0,1010.83,89.0,100.0
1766080800,2025-12-18 18:00:00,2025-12-18 19:00:00,ringsted,7.4,0.0,4.35,0.0,1010.47,90.0,97.5
1766084400,2025-12-18 19:00:00,2025-12-18 20:00:00,ringsted,7.5,0.0,4.45,0.0,1010.37,89.25,91.25
1766088000,2025-12-18 20:00:00,2025-12-18 21:00:00,ringsted,7.3,0.0,4.2,0.0,1009.92,89.5,36.6667
1766091600,2025-12-18 21:00:00,2025-12-18 22:00:00,ringsted,6.6,0.0,4.2,0.0,1009.6,91.25,2.08333
1766095200,2025-12-18 22:00:00,2025-12-18 23:00:00,ringsted,6.325,0.0,4.9,0.0,1008.91,92.5,0.0
1766098800,2025-12-18 23:00:00,2025-12-19 00:00:00,ringsted,6.4,0.0,4.875,0.0,1008.28,92.25,10.8333
1766102400,2025-12-19 00:00:00,2025-12-19 01:00:00,ringsted,6.5,0.0,5.25,0.0,1007.74,91.75,25.8333
1766106000,2025-12-19 01:00:00,2025-12-19 02:00:00,ringsted,6.5,0.0,5.425,0.0,1007.41,91.5,47.0833
1766109600,2025-12-19 02:00:00,2025-12-19 03:00:00,ringsted,6.725,0.0,5.2,0.0,1006.96,91.0,64.5833
1766113200,2025-12-19 03:00:00,2025-12-19 04:00:00,ringsted,6.975,0.0,5.5,0.0,1006.83,88.75,50.4167
1766116800,2025-12-19 04:00:00,2025-12-19 05:00:00,ringsted,7.3,0.0,5.7,0.0,1006.97,86.5,92.5
1766120400,2025-12-19 05:00:00,2025-12-19 06:00:00,ringsted,7.925,0.0,5.575,0.0,1006.9,84.0,100.0
1766124000,2025-12-19 06:00:00,2025-12-19 07:00:00,ringsted,8.525,0.0,6.175,0.0,1007.22,81.75,100.0
1766127600,2025-12-19 07:00:00,2025-12-19 08:00:00,ringsted,8.575,0.0,5.775,0.0,1007.72,83.25,95.8333
1766131200,2025-12-19 08:00:00,2025-12-19 09:00:00,ringsted,8.85,0.5,5.5,0.0,1008.17,82.75,95.8333
1766134800,2025-12-19 09:00:00,2025-12-19 10:00:00,ringsted,9.175,13.5,5.425,0.0,1008.62,82.25,97.5
1766138400,2025-12-19 10:00:00,2025-12-19 11:00:00,ringsted,9.4,32.5,5.1,0.0,1008.8,82.5,96.6667
1766142000,2025-12-19 11:00:00,2025-12-19 12:00:00,ringsted,9.45,43.5,4.3,0.0,1009.04,83.5,95.8333
1766145600,2025-12-19 12:00:00,2025-12-19 13:00:00,ringsted,9.525,24.5,4.25,0.0,1009.19,84.0,100.0
1766149200,2025-12-19 13:00:00,2025-12-19 14:00:00,ringsted,9.375,23.0,4.9,0.0,1009.18,86.0,97.6667
1766152800,2025-12-19 14:00:00,2025-12-19 15:00:00,ringsted,8.95,14.5,4.85,0.025,1009.35,91.0,99.1667
1766156400,2025-12-19 15:00:00,2025-12-19 16:00:00,ringsted,9.05,1.0,5.05,0.025,1009.68,93.75,99.6667
1766160000,2025-12-19 16:00:00,2025-12-19 17:00:00,ringsted,8.925,0.0,4.6,0.05,1009.97,96.25,53.75
1766163600,2025-12-19 17:00:00,2025-12-19 18:00:00,ringsted,8.675,0.0,3.75,0.075,1010.01,97.0,71.5833
1766167200,2025-12-19 18:00:00,2025-12-19 19:00:00,ringsted,8.575,0.0,3.925,0.0,1010.49,97.0,84.6667
1766170800,2025-12-19 19:00:00,2025-12-19 20:00:00,ringsted,8.4,0.0,4.0,0.0,1010.94,95.5,30.0
1766174400,2025-12-19 20:00:00,2025-12-19 21:00:00,ringsted,7.65,0.0,3.7,0.0,1011.24,93.75,12.0833
1766178000,2025-12-19 21:00:00,2025-12-19 22:00:00,ringsted,6.95,0.0,3.35,0.0,1011.31,92.75,5.41667
1766181600,2025-12-19 22:00:00,2025-12-19 23:00:00,ringsted,6.675,0.0,3.725,0.0,1011.6,91.5,50.8333
1766185200,2025-12-19 23:00:00,2025-12-20 00:00:00,ringsted,6.8,0.0,4.225,0.0,1011.65,91.0,100.0
1766188800,2025-12-20 00:00:00,2025-12-20 01:00:00,ringsted,7.2,0.0,4.1,0.0,1011.58,89.75,90.0
1766192400,2025-12-20 01:00:00,2025-12-20 02:00:00,ringsted,6.9,0.0,3.675,0.0,1011.8,90.75,100.0
1766196000,2025-12-20 02:00:00,2025-12-20 03:00:00,ringsted,7.4,0.0,3.975,0.0,1012.08,88.5,100.0
1766199600,2025-12-20 03:00:00,2025-12-20 04:00:00,ringsted,7.4,0.0,3.925,0.0,1011.92,88.25,95.8333
1766203200,2025-12-20 04:00:00,2025-12-20 05:00:00,ringsted,7.075,0.0,3.85,0.0,1012.04,90.0,100.0
1766206800,2025-12-20 05:00:00,2025-12-20 06:00:00,ringsted,6.975,0.0,3.85,0.0,1012.31,90.75,100.0
1766210400,2025-12-20 06:00:00,2025-12-20 07:00:00,ringsted,6.875,0.0,4.075,0.0,1012.65,91.5,95.0
1766214000,2025-12-20 07:00:00,2025-12-20 08:00:00,ringsted,6.675,0.0,4.25,0.0,1012.91,93.5,99.5
1766217600,2025-12-20 08:00:00,2025-12-20 09:00:00,ringsted,6.6,1.0,4.025,0.0,1013.27,94.25,95.0
1766221200,2025-12-20 09:00:00,2025-12-20 10:00:00,ringsted,6.45,21.5,3.875,0.0,1013.57,93.5,80.4167
1766224800,2025-12-20 10:00:00,2025-12-20 11:00:00,ringsted,6.725,39.0,4.225,0.0,1013.9,92.25,80.4167
1766228400,2025-12-20 11:00:00,2025-12-20 12:00:00,ringsted,6.85,72.5,3.975,0.0,1014.0,90.5,79.5833
1766232000,2025-12-20 12:00:00,2025-12-20 13:00:00,ringsted,7.0,90.5,3.925,0.0,1013.97,89.25,85.8333
1766235600,2025-12-20 13:00:00,2025-12-20 14:00:00,ringsted,6.95,45.5,3.7,0.0,1014.11,89.0,78.3333
1766239200,2025-12-20 14:00:00,2025-12-20 15:00:00,ringsted,6.65,25.5,3.675,0.0,1014.25,90.5,65.0
1766242800,2025-12-20 15:00:00,2025-12-20 16:00:00,ringsted,5.6,3.5,2.75,0.0,1014.3,92.5,5.41667
1766246400,2025-12-20 16:00:00,2025-12-20 17:00:00,ringsted,4.425,0.0,2.3,0.0,1014.37,95.75,32.0833
1766250000,2025-12-20 17:00:00,2025-12-20 18:00:00,ringsted,4.05,0.0,2.275,0.0,1014.71,97.0,46.6667
1766253600,2025-12-20 18:00:00,2025-12-20 19:00:00,ringsted,3.5,0.0,1.925,0.0,1015.03,97.5,50.0
1766257200,2025-12-20 19:00:00,2025-12-20 20:00:00,ringsted,3.4,0.0,1.8,0.0,1015.21,97.75,16.6667
1766260800,2025-12-20 20:00:00,2025-12-20 21:00:00,ringsted,3.25,0.0,1.725,0.0,1015.45,98.5,0.0
1766264400,2025-12-20 21:00:00,2025-12-20 22:00:00,ringsted,3.2,0.0,1.05,0.0,1015.69,98.75,0.833333
1766268000,2025-12-20 22:00:00,2025-12-20 23:00:00,ringsted,3.125,0.0,1.275,0.0,1015.69,98.75,56.0
1766271600,2025-12-20 23:00:00,2025-12-21 00:00:00,ringsted,3.55,0.0,0.675,0.0,1015.64,98.75,71.6667
1766275200,2025-12-21 00:00:00,2025-12-21 01:00:00,ringsted,3.85,0.0,0.875,0.0,1015.69,98.5,106.0
1766278800,2025-12-21 01:00:00,2025-12-21 02:00:00,ringsted,4.0,0.0,1.375,0.0,1015.94,98.25,55.0
1766282400,2025-12-21 02:00:00,2025-12-21 03:00:00,ringsted,3.925,0.0,1.65,0.0,1016.1,98.25,51.0
1766286000,2025-12-21 03:00:00,2025-12-21 04:00:00,ringsted,4.05,0.0,1.975,0.0,1016.17,98.25,100.0
1766289600,2025-12-21 04:00:00,2025-12-21 05:00:00,ringsted,4.2,0.0,2.625,0.0,1016.46,97.25,100.0
1766293200,2025-12-21 05:00:00,2025-12-21 06:00:00,ringsted,4.45,0.0,2.7,0.0,1016.43,94.5,100.0
1766296800,2025-12-21 06:00:00,2025-12-21 07:00:00,ringsted,4.575,0.0,2.775,0.0,1016.6,93.0,100.0
1766300400,2025-12-21 07:00:00,2025-12-21 08:00:00,ringsted,4.625,0.0,3.0,0.0,1016.87,92.0,100.0
1766304000,2025-12-21 08:00:00,2025-12-21 09:00:00,ringsted,4.75,0.5,3.025,0.0,1017.0,90.5,100.0
1766307600,2025-12-21 09:00:00,2025-12-21 10:00:00,ringsted,4.875,13.0,3.05,0.0,1017.1,90.5,100.0
1766311200,2025-12-21 10:00:00,2025-12-21 11:00:00,ringsted,5.075,42.5,3.4,0.0,1017.02,89.75,100.0
1766314800,2025-12-21 11:00:00,2025-12-21 12:00:00,ringsted,5.225,48.5,3.75,0.0,1016.86,88.0,100.0
1766318400,2025-12-21 12:00:00,2025-12-21 13:00:00,ringsted,5.325,58.0,4.125,0.0,1016.85,86.0,100.0
1766322000,2025-12-21 13:00:00,2025-12-21 14:00:00,ringsted,5.25,44.0,3.775,0.0,1017.01,86.0,100.0
1766325600,2025-12-21 14:00:00,2025-12-21 15:00:00,ringsted,5.125,20.5,3.6,0.0,1017.01,86.0,100.0
1766329200,2025-12-21 15:00:00,2025-12-21 16:00:00,ringsted,4.975,3.5,4.0,0.0,1016.96,86.0,100.0
1766332800,2025-12-21 16:00:00,2025-12-21 17:00:00,ringsted,4.9,0.0,4.125,0.0,1017.03,85.5,100.0
1766336400,2025-12-21 17:00:00,2025-12-21 18:00:00,ringsted,4.875,0.0,4.1,0.0,1017.07,85.0,100.0
1766340000,2025-12-21 18:00:00,2025-12-21 19:00:00,ringsted,4.875,0.0,3.95,0.0,1017.1,84.75,100.0
1766343600,2025-12-21 19:00:00,2025-12-21 20:00:00,ringsted,4.925,0.0,4.075,0.0,1017.28,84.75,100.0
1766347200,2025-12-21 20:00:00,2025-12-21 21:00:00,ringsted,4.975,0.0,4.4,0.0,1017.46,84.0,100.0
1766350800,2025-12-21 21:00:00,2025-12-21 22:00:00,ringsted,4.975,0.0,4.475,0.0,1017.42,83.75,100.0
1766354400,2025-12-21 22:00:00,2025-12-21 23:00:00,ringsted,5.025,0.0,4.45,0.0,1017.4,84.5,100.0
1766358000,2025-12-21 23:00:00,2025-12-22 00:00:00,ringsted,5.1,0.0,4.5,0.0,1017.36,84.25,100.0
1766361600,2025-12-22 00:00:00,2025-12-22 01:00:00,ringsted,5.15,0.0,4.875,0.0,1017.37,83.25,100.0
1766365200,2025-12-22 01:00:00,2025-12-22 02:00:00,ringsted,5.15,0.0,4.75,0.0,1017.47,83.5,100.0
1766368800,2025-12-22 02:00:00,2025-12-22 03:00:00,ringsted,5.1,0.0,4.675,0.0,1017.35,83.25,100.0
1766372400,2025-12-22 03:00:00,2025-12-22 04:00:00,ringsted,5.1,0.0,5.175,0.0,1017.01,83.25,100.0
1766376000,2025-12-22 04:00:00,2025-12-22 05:00:00,ringsted,5.225,0.0,5.4,0.0,1016.83,83.25,100.0
1766379600,2025-12-22 05:00:00,2025-12-22 06:00:00,ringsted,5.275,0.0,5.725,0.0,1016.89,82.75,100.0
1766383200,2025-12-22 06:00:00,2025-12-22 07:00:00,ringsted,5.225,0.0,5.425,0.0,1017.04,83.25,100.0
1766386800,2025-12-22 07:00:00,2025-12-22 08:00:00,ringsted,5.125,0.0,6.0,0.0,1017.3,83.25,100.0
1766390400,2025-12-22 08:00:00,2025-12-22 09:00:00,ringsted,5.05,0.5,5.4,0.0,1017.61,84.25,100.0
1766394000,2025-12-22 09:00:00,2025-12-22 10:00:00,ringsted,5.05,13.0,5.775,0.0,1017.83,83.25,100.0
1766397600,2025-12-22 10:00:00,2025-12-22 11:00:00,ringsted,5.075,33.0,5.925,0.0,1017.84,82.5,100.0
1766401200,2025-12-22 11:00:00,2025-12-22 12:00:00,ringsted,5.175,49.0,5.85,0.0,1017.7,82.25,100.0
1766404800,2025-12-22 12:00:00,2025-12-22 13:00:00,ringsted,5.175,54.5,6.025,0.0,1017.53,81.5,100.0
1766408400,2025-12-22 13:00:00,2025-12-22 14:00:00,ringsted,5.2,44.5,5.65,0.0,1017.61,80.75,98.3333
1766412000,2025-12-22 14:00:00,2025-12-22 15:00:00,ringsted,5.1,22.5,5.75,0.0,1017.71,80.25,98.3333
1766415600,2025-12-22 15:00:00,2025-12-22 16:00:00,ringsted,4.925,3.5,6.1,0.0,1017.92,79.75,100.0
1766419200,2025-12-22 16:00:00,2025-12-22 17:00:00,ringsted,4.775,0.0,6.075,0.0,1018.08,79.25,97.5
1766422800,2025-12-22 17:00:00,2025-12-22 18:00:00,ringsted,4.675,0.0,6.0,0.0,1018.36,79.0,100.0
1766426400,2025-12-22 18:00:00,2025-12-22 19:00:00,ringsted,4.725,0.0,5.75,0.0,1018.73,78.0,100.0
1766430000,2025-12-22 19:00:00,2025-12-22 20:00:00,ringsted,4.775,0.0,5.9,0.0,1019.22,77.0,100.0
1766433600,2025-12-22 20:00:00,2025-12-22 21:00:00,ringsted,4.8,0.0,6.075,0.0,1019.65,76.0,100.0
1766437200,2025-12-22 21:00:00,2025-12-22 22:00:00,ringsted,4.95,0.0,5.525,0.0,1019.89,74.75,100.0
1766440800,2025-12-22 22:00:00,2025-12-22 23:00:00,ringsted,5.05,0.0,5.3,0.0,1019.96,74.25,100.0
1766444400,2025-12-22 23:00:00,2025-12-23 00:00:00,ringsted,5.225,0.0,6.0,0.0,1020.18,72.75,100.0
1766448000,2025-12-23 00:00:00,2025-12-23 01:00:00,ringsted,5.225,0.0,5.025,0.0,1020.44,71.75,100.0
1766451600,2025-12-23 01:00:00,2025-12-23 02:00:00,ringsted,5.25,0.0,5.3,0.0,1020.86,73.0,100.0
1766455200,2025-12-23 02:00:00,2025-12-23 03:00:00,ringsted,5.15,0.0,5.425,0.0,1021.29,74.5,92.9167
1766458800,2025-12-23 03:00:00,2025-12-23 04:00:00,ringsted,4.6,0.0,5.55,0.0,1021.56,79.0,53.75
1766462400,2025-12-23 04:00:00,2025-12-23 05:00:00,ringsted,3.75,0.0,5.05,0.0,1021.68,86.25,67.0833
1766466000,2025-12-23 05:00:00,2025-12-23 06:00:00,ringsted,3.35,0.0,4.9,0.0,1021.99,87.75,31.25
1766469600,2025-12-23 06:00:00,2025-12-23 07:00:00,ringsted,3.1,0.0,4.975,0.0,1022.49,88.25,41.25
1766473200,2025-12-23 07:00:00,2025-12-23 08:00:00,ringsted,3.125,0.0,5.4,0.0,1023.15,86.25,44.1667
1766476800,2025-12-23 08:00:00,2025-12-23 09:00:00,ringsted,3.0,1.0,4.9,0.025,1023.88,87.0,40.0
1766480400,2025-12-23 09:00:00,2025-12-23 10:00:00,ringsted,2.825,23.0,4.75,0.0,1024.75,88.75,21.25
1766484000,2025-12-23 10:00:00,2025-12-23 11:00:00,ringsted,3.1,53.5,5.35,0.0,1025.32,88.5,50.0
1766487600,2025-12-23 11:00:00,2025-12-23 12:00:00,ringsted,3.375,79.5,5.425,0.0,1025.69,87.25,55.8333
1766491200,2025-12-23 12:00:00,2025-12-23 13:00:00,ringsted,3.575,84.5,5.5,0.0,1026.0,86.25,27.5
1766494800,2025-12-23 13:00:00,2025-12-23 14:00:00,ringsted,3.8,55.5,5.55,0.0,1026.54,83.75,59.1667
1766498400,2025-12-23 14:00:00,2025-12-23 15:00:00,ringsted,3.8,33.5,5.2,0.0,1026.9,81.75,79.5833
1766502000,2025-12-23 15:00:00,2025-12-23 16:00:00,ringsted,3.65,5.5,5.35,0.0,1027.4,81.5,38.3333
1766505600,2025-12-23 16:00:00,2025-12-23 17:00:00,ringsted,3.1,0.0,5.025,0.0,1028.04,82.5,76.25
1766509200,2025-12-23 17:00:00,2025-12-23 18:00:00,ringsted,2.95,0.0,5.125,0.0,1028.79,84.0,97.5
1766512800,2025-12-23 18:00:00,2025-12-23 19:00:00,ringsted,3.15,0.0,5.2,0.0,1029.5,84.75,41.25
1766516400,2025-12-23 19:00:00,2025-12-23 20:00:00,ringsted,2.875,0.0,5.75,0.15,1030.2,84.25,5.0
1766520000,2025-12-23 20:00:00,2025-12-23 21:00:00,ringsted,2.175,0.0,5.775,0.0,1030.95,80.75,9.16667
1766523600,2025-12-23 21:00:00,2025-12-23 22:00:00,ringsted,1.325,0.0,5.35,0.0,1031.63,78.0,0.0
1766527200,2025-12-23 22:00:00,2025-12-23 23:00:00,ringsted,0.575,0.0,3.925,0.0,1032.09,77.75,0.0
1766530800,2025-12-23 23:00:00,2025-12-24 00:00:00,ringsted,0.025,0.0,3.525,0.0,1032.28,77.25,10.8333
1766534400,2025-12-24 00:00:00,2025-12-24 01:00:00,ringsted,-0.45,0.0,3.45,0.0,1032.53,78.75,77.9167
1766538000,2025-12-24 01:00:00,2025-12-24 02:00:00,ringsted,-0.075,0.0,3.575,0.0,1032.95,76.25,100.0
1766541600,2025-12-24 02:00:00,2025-12-24 03:00:00,ringsted,0.125,0.0,3.725,0.0,1033.27,75.75,97.5
1766545200,2025-12-24 03:00:00,2025-12-24 04:00:00,ringsted,0.225,0.0,3.625,0.0,1033.42,74.75,100.0
1766548800,2025-12-24 04:00:00,2025-12-24 05:00:00,ringsted,0.2,0.0,3.4,0.0,1033.69,75.25,100.0
1766552400,2025-12-24 05:00:00,2025-12-24 06:00:00,ringsted,6.93889e-17,0.0,3.35,0.0,1033.63,75.25,96.6667
1766556000,2025-12-24 06:00:00,2025-12-24 07:00:00,ringsted,-0.35,0.0,3.125,0.0,1034.19,78.25,99.1667
1766559600,2025-12-24 07:00:00,2025-12-24 08:00:00,ringsted,-0.35,,3.45,0.0,1034.71,78.5,100.0
1766563200,2025-12-24 08:00:00,2025-12-24 09:00:00,ringsted,-0.275,1.0,3.425,0.0,1035.52,78.75,100.0
1766566800,2025-12-24 09:00:00,2025-12-24 10:00:00,ringsted,-0.3,9.0,3.575,0.0,1035.93,79.5,96.6667
1766570400,2025-12-24 10:00:00,2025-12-24 11:00:00,ringsted,-0.1,48.0,3.65,0.0,1035.9,79.0,81.25
1766574000,2025-12-24 11:00:00,2025-12-24 12:00:00,ringsted,0.2,124.0,3.7,0.0,1035.56,76.25,44.5833
1766577600,2025-12-24 12:00:00,2025-12-24 13:00:00,ringsted,0.525,157.5,3.75,0.0,1035.34,74.0,27.0833
1766581200,2025-12-24 13:00:00,2025-12-24 14:00:00,ringsted,0.65,111.5,3.75,0.0,1035.55,73.25,44.5833
1766584800,2025-12-24 14:00:00,2025-12-24 15:00:00,ringsted,0.4,60.5,3.475,0.0,1035.94,74.5,50.0
1766588400,2025-12-24 15:00:00,2025-12-24 16:00:00,ringsted,-0.25,8.5,3.2,0.0,1036.25,77.0,49.1667
1766592000,2025-12-24 16:00:00,2025-12-24 17:00:00,ringsted,-1.025,0.0,2.75,0.0,1036.4,79.75,18.3333
1766595600,2025-12-24 17:00:00,2025-12-24 18:00:00,ringsted,-1.425,0.0,2.825,0.0,1036.29,81.25,24.5833
1766599200,2025-12-24 18:00:00,2025-12-24 19:00:00,ringsted,-1.725,0.0,2.825,0.0,1036.59,82.0,40.4167
1766602800,2025-12-24 19:00:00,2025-12-24 20:00:00,ringsted,-1.825,0.0,2.375,0.0,1036.88,83.0,50.0
1766606400,2025-12-24 20:00:00,2025-12-24 21:00:00,ringsted,-1.975,0.0,1.975,0.0,1036.87,84.25,50.0
1766610000,2025-12-24 21:00:00,2025-12-24 22:00:00,ringsted,-1.825,0.0,2.0,0.0,1037.0,85.25,50.0
1766613600,2025-12-24 22:00:00,2025-12-24 23:00:00,ringsted,-1.625,0.0,2.25,0.0,1036.96,86.0,50.0
1766617200,2025-12-24 23:00:00,2025-12-25 00:00:00,ringsted,-2.0,0.0,2.1,0.0,1036.97,87.5,50.0
1766620800,2025-12-25 00:00:00,2025-12-25 01:00:00,ringsted,-2.0,0.0,2.45,0.0,1036.97,89.25,75.4167
1766624400,2025-12-25 01:00:00,2025-12-25 02:00:00,ringsted,-1.775,0.0,2.875,0.0,1036.75,89.5,76.6667
1766628000,2025-12-25 02:00:00,2025-12-25 03:00:00,ringsted,-1.625,0.0,2.65,0.0,1036.45,89.0,50.0
1766631600,2025-12-25 03:00:00,2025-12-25 04:00:00,ringsted,-1.55,0.0,2.25,0.0,1036.55,89.0,50.0
1766635200,2025-12-25 04:00:00,2025-12-25 05:00:00,ringsted,-1.65,0.0,2.15,0.0,1036.46,90.25,50.0
1766638800,2025-12-25 05:00:00,2025-12-25 06:00:00,ringsted,-1.575,0.0,1.975,0.0,1036.12,90.75,50.0
1766642400,2025-12-25 06:00:00,2025-12-25 07:00:00,ringsted,-2.05,0.0,1.325,0.0,1036.04,92.0,50.0
1766646000,2025-12-25 07:00:00,2025-12-25 08:00:00,ringsted,-2.125,0.0,1.725,0.0,1036.16,92.5,77.9167
1766649600,2025-12-25 08:00:00,2025-12-25 09:00:00,ringsted,-1.7,1.0,1.4,0.0,1036.1,92.0,95.8333
1766653200,2025-12-25 09:00:00,2025-12-25 10:00:00,ringsted,-1.2,19.5,1.225,0.0,1035.9,91.75,99.1667
1766656800,2025-12-25 10:00:00,2025-12-25 11:00:00,ringsted,-0.45,79.0,1.05,0.0,1035.43,90.75,74.5833
1766660400,2025-12-25 11:00:00,2025-12-25 12:00:00,ringsted,0.325,122.0,0.9,0.0,1034.77,87.25,22.9167
1766664000,2025-12-25 12:00:00,2025-12-25 13:00:00,ringsted,0.825,117.5,1.2,0.0,1034.34,83.0,47.9167
1766667600,2025-12-25 13:00:00,2025-12-25 14:00:00,ringsted,0.9,106.0,1.275,0.0,1033.74,84.25,50.0
1766671200,2025-12-25 14:00:00,2025-12-25 15:00:00,ringsted,0.725,72.5,0.9,0.0,1033.41,84.75,29.5833
1766674800,2025-12-25 15:00:00,2025-12-25 16:00:00,ringsted,0.125,17.5,0.975,0.0,1033.24,86.75,25.8333
1766678400,2025-12-25 16:00:00,2025-12-25 17:00:00,ringsted,-0.875,0.5,0.675,0.0,1032.85,90.5,14.5833
1766682000,2025-12-25 17:00:00,2025-12-25 18:00:00,ringsted,-1.6,0.0,0.575,0.0,1032.38,93.25,7.08333
1766685600,2025-12-25 18:00:00,2025-12-25 19:00:00,ringsted,-1.775,0.0,0.675,0.0,1032.1,94.5,2.08333
1766689200,2025-12-25 19:00:00,2025-12-25 20:00:00,ringsted,-2.15,0.0,0.625,0.0,1032.05,95.5,0.0
1766692800,2025-12-25 20:00:00,2025-12-25 21:00:00,ringsted,-2.7,0.0,0.75,0.0,1031.9,95.5,0.0
1766696400,2025-12-25 21:00:00,2025-12-25 22:00:00,ringsted,-2.825,0.0,0.925,0.0,1031.78,95.75,0.0
1766700000,2025-12-25 22:00:00,2025-12-25 23:00:00,ringsted,-2.75,0.0,1.125,0.0,1031.42,95.75,14.5833
1766703600,2025-12-25 23:00:00,2025-12-26 00:00:00,ringsted,-2.225,0.0,1.8,0.0,1031.37,94.5,22.9167
1766707200,2025-12-26 00:00:00,2025-12-26 01:00:00,ringsted,-2.525,0.0,1.225,0.0,1030.84,94.75,33.75
1766710800,2025-12-26 01:00:00,2025-12-26 02:00:00,ringsted,-2.0,0.0,1.925,0.0,1030.23,95.25,48.3333
1766714400,2025-12-26 02:00:00,2025-12-26 03:00:00,ringsted,-1.275,0.0,1.875,0.0,1030.1,95.0,50.8333
1766718000,2025-12-26 03:00:00,2025-12-26 04:00:00,ringsted,-0.525,0.0,2.0,0.0,1029.7,94.75,102.0
1766721600,2025-12-26 04:00:00,2025-12-26 05:00:00,ringsted,0.3,0.0,2.0,0.025,1029.21,95.25,100.0
1766725200,2025-12-26 05:00:00,2025-12-26 06:00:00,ringsted,1.0,0.0,2.45,0.15,1029.02,95.0,100.0
1766728800,2025-12-26 06:00:00,2025-12-26 07:00:00,ringsted,1.425,0.0,2.175,0.05,1029.17,96.0,100.0
1766732400,2025-12-26 07:00:00,2025-12-26 08:00:00,ringsted,1.825,0.0,2.35,0.05,1029.32,96.5,106.0
1766736000,2025-12-26 08:00:00,2025-12-26 09:00:00,ringsted,2.175,0.5,2.4,0.05,1029.52,97.5,106.0
1766739600,2025-12-26 09:00:00,2025-12-26 10:00:00,ringsted,2.575,8.0,2.3,0.025,1029.69,97.75,106.0
1766743200,2025-12-26 10:00:00,2025-12-26 11:00:00,ringsted,3.0,26.0,2.05,0.025,1029.58,98.25,106.0
1766746800,2025-12-26 11:00:00,2025-12-26 12:00:00,ringsted,3.5,41.0,2.2,0.0,1029.26,98.0,106.0
1766750400,2025-12-26 12:00:00,2025-12-26 13:00:00,ringsted,3.925,51.0,3.275,0.1,1029.0,97.25,106.0
1766754000,2025-12-26 13:00:00,2025-12-26 14:00:00,ringsted,4.0,38.0,3.75,0.1,1028.84,97.25,106.0
1766757600,2025-12-26 14:00:00,2025-12-26 15:00:00,ringsted,3.975,19.5,3.75,0.05,1028.89,97.25,106.0
1766761200,2025-12-26 15:00:00,2025-12-26 16:00:00,ringsted,3.975,3.0,3.2,0.05,1028.99,97.5,106.0
1766764800,2025-12-26 16:00:00,2025-12-26 17:00:00,ringsted,3.8,0.0,2.675,0.025,1029.07,98.0,106.0
1766768400,2025-12-26 17:00:00,2025-12-26 18:00:00,ringsted,3.75,0.0,2.05,0.025,1029.58,98.0,106.0
1766772000,2025-12-26 18:00:00,2025-12-26 19:00:00,ringsted,3.7,0.0,1.75,0.0,1029.82,98.75,106.0
1766775600,2025-12-26 19:00:00,2025-12-26 20:00:00,ringsted,3.65,0.0,1.75,0.0,1029.75,98.5,106.0
1766779200,2025-12-26 20:00:00,2025-12-26 21:00:00,ringsted,3.7,0.0,1.95,0.0,1029.69,98.5,106.0
1766782800,2025-12-26 21:00:00,2025-12-26 22:00:00,ringsted,3.925,0.0,2.5,0.0,1029.42,98.5,106.0
1766786400,2025-12-26 22:00:00,2025-12-26 23:00:00,ringsted,3.85,0.0,2.925,0.025,1028.91,98.75,64.3333
1766790000,2025-12-26 23:00:00,2025-12-27 00:00:00,ringsted,3.925,0.0,2.875,0.0,1028.28,99.0,56.0
1766793600,2025-12-27 00:00:00,2025-12-27 01:00:00,ringsted,4.125,0.0,2.975,0.025,1027.66,99.25,106.0
1766797200,2025-12-27 01:00:00,2025-12-27 02:00:00,ringsted,4.1,0.0,3.35,0.025,1027.31,99.25,81.0
1766800800,2025-12-27 02:00:00,2025-12-27 03:00:00,ringsted,4.125,0.0,3.9,0.0,1026.57,99.0,72.6667
1766804400,2025-12-27 03:00:00,2025-12-27 04:00:00,ringsted,3.925,0.0,4.7,0.025,1025.72,99.0,106.0
1766808000,2025-12-27 04:00:00,2025-12-27 05:00:00,ringsted,3.75,0.0,4.725,0.0,1024.91,99.0,90.5
1766811600,2025-12-27 05:00:00,2025-12-27 06:00:00,ringsted,3.9,0.0,5.15,0.0,1024.2,98.75,106.0
1766815200,2025-12-27 06:00:00,2025-12-27 07:00:00,ringsted,3.975,0.0,5.225,0.0,1022.85,97.5,101.333
1766818800,2025-12-27 07:00:00,2025-12-27 08:00:00,ringsted,4.225,0.0,5.525,0.0,1022.88,96.5,98.3333
1766822400,2025-12-27 08:00:00,2025-12-27 09:00:00,ringsted,4.85,0.0,6.8,0.0,1021.28,95.25,97.5
1766826000,2025-12-27 09:00:00,2025-12-27 10:00:00,ringsted,5.2,19.5,5.9,0.0,1021.05,94.75,97.5
1766829600,2025-12-27 10:00:00,2025-12-27 11:00:00,ringsted,5.825,59.0,6.575,0.0,1020.94,92.25,63.75
1766833200,2025-12-27 11:00:00,2025-12-27 12:00:00,ringsted,6.575,147.5,6.9,0.0,1020.71,88.0,10.4167
1766836800,2025-12-27 12:00:00,2025-12-27 13:00:00,ringsted,7.15,163.0,6.65,0.0,1020.85,83.25,0.0
1766840400,2025-12-27 13:00:00,2025-12-27 14:00:00,ringsted,7.3,128.5,6.275,0.0,1021.28,80.5,0.0
1766844000,2025-12-27 14:00:00,2025-12-27 15:00:00,ringsted,7.0,66.0,5.45,0.0,1021.77,76.5,0.0
1766847600,2025-12-27 15:00:00,2025-12-27 16:00:00,ringsted,5.85,9.0,3.625,0.0,1022.2,73.75,0.0
1766851200,2025-12-27 16:00:00,2025-12-27 17:00:00,ringsted,4.425,0.0,3.125,0.0,1022.54,75.75,0.0
1766854800,2025-12-27 17:00:00,2025-12-27 18:00:00,ringsted,3.65,0.0,2.975,0.0,1023.02,76.5,0.0
1766858400,2025-12-27 18:00:00,2025-12-27 19:00:00,ringsted,2.8,0.0,2.725,0.0,1023.53,80.0,0.0
1766862000,2025-12-27 19:00:00,2025-12-27 20:00:00,ringsted,2.775,0.0,3.125,0.0,1023.83,77.75,0.0
1766865600,2025-12-27 20:00:00,2025-12-27 21:00:00,ringsted,2.6,0.0,2.75,0.0,1024.19,79.0,0.0
1766869200,2025-12-27 21:00:00,2025-12-27 22:00:00,ringsted,2.45,0.0,2.9,0.0,1024.74,80.5,0.0
1766872800,2025-12-27 22:00:00,2025-12-27 23:00:00,ringsted,3.525,0.0,4.1,0.0,1025.2,77.0,0.0
1766876400,2025-12-27 23:00:00,2025-12-28 00:00:00,ringsted,3.6,0.0,4.95,0.0,1025.52,69.5,0.0
1766880000,2025-12-28 00:00:00,2025-12-28 01:00:00,ringsted,3.15,0.0,4.225,0.0,1025.63,66.0,0.0
1766883600,2025-12-28 01:00:00,2025-12-28 02:00:00,ringsted,2.75,0.0,4.25,0.0,1025.96,66.25,0.0
1766887200,2025-12-28 02:00:00,2025-12-28 03:00:00,ringsted,2.4,0.0,3.4,0.0,1026.12,66.0,0.0
1766890800,2025-12-28 03:00:00,2025-12-28 04:00:00,ringsted,2.125,0.0,3.075,0.0,1025.84,65.75,0.0
1766894400,2025-12-28 04:00:00,2025-12-28 05:00:00,ringsted,1.425,0.0,2.5,0.0,1025.62,67.25,0.0
1766898000,2025-12-28 05:00:00,2025-12-28 06:00:00,ringsted,0.8,0.0,2.35,0.0,1025.95,69.75,0.0
1766901600,2025-12-28 06:00:00,2025-12-28 07:00:00,ringsted,0.375,0.0,2.25,0.0,1026.42,72.75,0.0
1766905200,2025-12-28 07:00:00,2025-12-28 08:00:00,ringsted,-0.175,0.0,1.9,0.0,1026.78,74.5,0.0
1766908800,2025-12-28 08:00:00,2025-12-28 09:00:00,ringsted,-0.65,1.0,1.425,0.0,1026.55,76.75,23.3333
1766912400,2025-12-28 09:00:00,2025-12-28 10:00:00,ringsted,-0.85,32.5,1.5,0.0,1026.4,80.25,0.0
1766916000,2025-12-28 10:00:00,2025-12-28 11:00:00,ringsted,0.7,113.5,2.2,0.0,1025.85,78.75,0.0
1766919600,2025-12-28 11:00:00,2025-12-28 12:00:00,ringsted,2.225,162.0,2.6,0.0,1024.85,80.25,0.0
1766923200,2025-12-28 12:00:00,2025-12-28 13:00:00,ringsted,3.3,173.0,3.0,0.0,1023.64,81.0,0.0
1766926800,2025-12-28 13:00:00,2025-12-28 14:00:00,ringsted,3.7,148.5,3.525,0.0,1022.55,75.25,0.0
1766930400,2025-12-28 14:00:00,2025-12-28 15:00:00,ringsted,3.775,83.5,3.6,0.0,1021.27,70.0,0.0
1766934000,2025-12-28 15:00:00,2025-12-28 16:00:00,ringsted,3.325,14.5,4.475,0.0,1019.93,67.0,0.0
1766937600,2025-12-28 16:00:00,2025-12-28 17:00:00,ringsted,2.975,0.0,5.425,0.0,1018.6,70.75,45.0
1766941200,2025-12-28 17:00:00,2025-12-28 18:00:00,ringsted,3.125,0.0,5.525,0.0,1017.45,80.0,95.0
1766944800,2025-12-28 18:00:00,2025-12-28 19:00:00,ringsted,3.65,0.0,6.13333,0.0,1016.38,85.75,87.5
1766948400,2025-12-28 19:00:00,2025-12-28 20:00:00,ringsted,3.7,0.0,5.65,0.0,1015.63,87.75,78.75
1766952000,2025-12-28 20:00:00,2025-12-28 21:00:00,ringsted,3.65,0.0,6.075,0.0,1015.47,89.5,95.8333
1766955600,2025-12-28 21:00:00,2025-12-28 22:00:00,ringsted,3.375,0.0,5.375,0.0,1015.06,90.75,37.0833
1766959200,2025-12-28 22:00:00,2025-12-28 23:00:00,ringsted,2.8,0.0,4.525,0.0,1014.61,91.5,0.0
1766962800,2025-12-28 23:00:00,2025-12-29 00:00:00,ringsted,2.55,0.0,4.475,0.0,1014.09,91.0,0.0
1766966400,2025-12-29 00:00:00,2025-12-29 01:00:00,ringsted,2.45,0.0,4.425,0.0,1013.77,89.5,0.0
1766970000,2025-12-29 01:00:00,2025-12-29 02:00:00,ringsted,2.2,0.0,4.45,0.0,1013.77,88.75,0.0
1766973600,2025-12-29 02:00:00,2025-12-29 03:00:00,ringsted,2.325,0.0,4.75,0.0,1013.8,88.25,0.0
1766977200,2025-12-29 03:00:00,2025-12-29 04:00:00,ringsted,2.2,0.0,3.875,0.0,1013.4,89.25,0.0
1766980800,2025-12-29 04:00:00,2025-12-29 05:00:00,ringsted,1.7,0.0,3.4,0.0,1012.92,90.5,0.0
1766984400,2025-12-29 05:00:00,2025-12-29 06:00:00,ringsted,1.2,0.0,2.6,0.0,1012.49,92.75,0.0
1766988000,2025-12-29 06:00:00,2025-12-29 07:00:00,ringsted,0.975,0.0,2.375,0.0,1012.38,94.25,0.0
1766991600,2025-12-29 07:00:00,2025-12-29 08:00:00,ringsted,0.775,0.0,2.3,0.0,1012.25,95.75,0.0
1766995200,2025-12-29 08:00:00,2025-12-29 09:00:00,ringsted,0.875,1.5,2.4,0.0,1012.17,96.25,0.0
1766998800,2025-12-29 09:00:00,2025-12-29 10:00:00,ringsted,1.45,32.0,2.7,0.0,1012.15,96.5,0.0
1767002400,2025-12-29 10:00:00,2025-12-29 11:00:00,ringsted,2.425,108.0,2.6,0.0,1012.02,95.25,0.0
1767006000,2025-12-29 11:00:00,2025-12-29 12:00:00,ringsted,3.85,154.0,2.875,0.0,1011.8,91.25,14.5833
1767009600,2025-12-29 12:00:00,2025-12-29 13:00:00,ringsted,4.925,170.5,3.875,0.025,1011.91,84.0,47.5
1767013200,2025-12-29 13:00:00,2025-12-29 14:00:00,ringsted,4.85,133.0,3.975,0.0,1012.33,79.5,88.3333
1767016800,2025-12-29 14:00:00,2025-12-29 15:00:00,ringsted,4.3,71.5,4.025,0.0,1012.91,69.0,99.1667
1767020400,2025-12-29 15:00:00,2025-12-29 16:00:00,ringsted,3.15,7.5,3.125,0.0,1013.35,65.5,98.3333
1767024000,2025-12-29 16:00:00,2025-12-29 17:00:00,ringsted,2.225,0.0,2.125,0.0,1013.55,69.0,97.5
1767027600,2025-12-29 17:00:00,2025-12-29 18:00:00,ringsted,1.75,0.0,2.175,0.0,1013.78,68.5,89.1667
1767031200,2025-12-29 18:00:00,2025-12-29 19:00:00,ringsted,1.775,0.0,3.25,0.0,1013.95,64.0,50.4167
1767034800,2025-12-29 19:00:00,2025-12-29 20:00:00,ringsted,1.525,0.0,3.575,0.0,1014.32,59.75,8.33333
1767038400,2025-12-29 20:00:00,2025-12-29 21:00:00,ringsted,1.025,0.0,3.15,0.0,1014.63,57.75,2.91667
1767042000,2025-12-29 21:00:00,2025-12-29 22:00:00,ringsted,0.95,0.0,3.45,0.0,1014.88,60.75,35.0
1767045600,2025-12-29 22:00:00,2025-12-29 23:00:00,ringsted,1.05,0.0,4.35,0.025,1015.18,64.5,24.1667
1767049200,2025-12-29 23:00:00,2025-12-30 00:00:00,ringsted,1.125,0.0,4.925,0.0,1015.22,68.0,37.9167
1767052800,2025-12-30 00:00:00,2025-12-30 01:00:00,ringsted,1.025,0.0,4.375,0.0,1015.46,69.5,23.3333
1767056400,2025-12-30 01:00:00,2025-12-30 02:00:00,ringsted,0.975,0.0,4.375,0.0,1015.89,66.75,45.0
1767060000,2025-12-30 02:00:00,2025-12-30 03:00:00,ringsted,1.325,0.0,4.575,0.0,1016.2,63.5,56.25
1767063600,2025-12-30 03:00:00,2025-12-30 04:00:00,ringsted,1.45,0.0,5.025,0.0,1016.25,61.75,72.0833
1767067200,2025-12-30 04:00:00,2025-12-30 05:00:00,ringsted,1.4,0.0,5.575,0.025,1016.33,63.5,50.4167
1767070800,2025-12-30 05:00:00,2025-12-30 06:00:00,ringsted,1.175,0.0,5.475,0.0,1016.52,64.5,26.25
1767074400,2025-12-30 06:00:00,2025-12-30 07:00:00,ringsted,1.0,0.0,5.425,0.0,1016.93,64.0,10.4167
1767078000,2025-12-30 07:00:00,2025-12-30 08:00:00,ringsted,0.8,0.0,5.0,0.075,1017.48,62.75,0.0
1767081600,2025-12-30 08:00:00,2025-12-30 09:00:00,ringsted,0.75,1.0,4.725,0.0,1017.86,61.25,10.4167
1767085200,2025-12-30 09:00:00,2025-12-30 10:00:00,ringsted,0.725,21.5,4.65,0.0,1018.27,64.75,19.1667
1767088800,2025-12-30 10:00:00,2025-12-30 11:00:00,ringsted,1.325,96.0,4.55,0.0,1018.44,63.25,13.3333
1767092400,2025-12-30 11:00:00,2025-12-30 12:00:00,ringsted,1.55,109.0,5.5,0.075,1018.33,63.25,2.5
1767096000,2025-12-30 12:00:00,2025-12-30 13:00:00,ringsted,1.5,109.5,5.85,0.125,1018.3,64.25,0.833333
1767099600,2025-12-30 13:00:00,2025-12-30 14:00:00,ringsted,1.525,97.5,5.75,0.325,1018.16,62.0,1.66667
1767103200,2025-12-30 14:00:00,2025-12-30 15:00:00,ringsted,1.275,62.5,5.075,0.0,1018.53,62.75,23.3333
1767106800,2025-12-30 15:00:00,2025-12-30 16:00:00,ringsted,0.875,14.0,4.425,0.0,1018.6,63.5,30.4167
1767110400,2025-12-30 16:00:00,2025-12-30 17:00:00,ringsted,0.475,0.0,3.9,0.0,1018.64,66.25,49.1667
1767114000,2025-12-30 17:00:00,2025-12-30 18:00:00,ringsted,0.2,0.0,3.625,0.0,1018.62,68.25,51.6667
1767117600,2025-12-30 18:00:00,2025-12-30 19:00:00,ringsted,-0.325,0.0,2.225,0.0,1018.32,70.0,28.3333
1767121200,2025-12-30 19:00:00,2025-12-30 20:00:00,ringsted,-0.975,0.0,2.125,0.0,1018.15,75.25,2.5
1767124800,2025-12-30 20:00:00,2025-12-30 21:00:00,ringsted,-1.0,0.0,2.45,0.0,1017.91,76.25,21.25
1767128400,2025-12-30 21:00:00,2025-12-30 22:00:00,ringsted,-1.375,0.0,2.45,0.0,1017.26,78.5,15.0
1767132000,2025-12-30 22:00:00,2025-12-30 23:00:00,ringsted,-1.425,0.0,2.875,0.0,1016.62,76.0,7.91667
1767135600,2025-12-30 23:00:00,2025-12-31 00:00:00,ringsted,-1.625,0.0,3.025,0.0,1015.88,78.25,0.0
1767139200,2025-12-31 00:00:00,2025-12-31 01:00:00,ringsted,-1.875,0.0,2.575,0.0,1014.62,78.25,6.25
1767142800,2025-12-31 01:00:00,2025-12-31 02:00:00,ringsted,-1.5,0.0,2.425,0.0,1013.23,76.75,81.6667
1767146400,2025-12-31 02:00:00,2025-12-31 03:00:00,ringsted,-0.85,0.0,2.85,0.0,1012.12,77.5,97.5
1767150000,2025-12-31 03:00:00,2025-12-31 04:00:00,ringsted,0.0,0.0,3.5,0.0,1010.68,77.75,88.75
1767153600,2025-12-31 04:00:00,2025-12-31 05:00:00,ringsted,0.275,0.0,3.5,0.1,1009.39,84.25,100.667
1767157200,2025-12-31 05:00:00,2025-12-31 06:00:00,ringsted,0.5,0.0,3.35,0.2,1008.38,93.5,105.0
1767160800,2025-12-31 06:00:00,2025-12-31 07:00:00,ringsted,0.9,0.0,2.6,0.175,1007.64,96.5,91.5833
1767164400,2025-12-31 07:00:00,2025-12-31 08:00:00,ringsted,1.35,0.0,2.7,0.05,1007.4,96.25,27.5
1767168000,2025-12-31 08:00:00,2025-12-31 09:00:00,ringsted,1.125,1.0,2.575,0.025,1007.3,96.75,20.8333
1767171600,2025-12-31 09:00:00,2025-12-31 10:00:00,ringsted,0.8,23.5,2.475,0.0,1007.03,96.5,2.91667
1767175200,2025-12-31 10:00:00,2025-12-31 11:00:00,ringsted,1.475,105.5,2.4,0.0,1006.7,96.0,0.0
1767178800,2025-12-31 11:00:00,2025-12-31 12:00:00,ringsted,2.525,151.5,3.15,0.0,1006.45,94.25,2.5
1767182400,2025-12-31 12:00:00,2025-12-31 13:00:00,ringsted,3.275,165.0,3.2,0.05,1005.98,91.25,0.0
1767186000,2025-12-31 13:00:00,2025-12-31 14:00:00,ringsted,3.525,138.5,2.975,0.0,1005.72,89.0,0.0
1767189600,2025-12-31 14:00:00,2025-12-31 15:00:00,ringsted,3.05,73.5,2.45,0.0,1005.62,90.5,10.4167
1767193200,2025-12-31 15:00:00,2025-12-31 16:00:00,ringsted,2.25,19.0,2.075,0.0,1005.41,93.0,35.8333
1767196800,2025-12-31 16:00:00,2025-12-31 17:00:00,ringsted,1.35,0.0,2.325,0.0,1005.09,95.5,38.75
1767200400,2025-12-31 17:00:00,2025-12-31 18:00:00,ringsted,1.125,0.0,1.925,0.0,1004.6,96.75,45.4167
1767204000,2025-12-31 18:00:00,2025-12-31 19:00:00,ringsted,0.675,0.0,1.45,0.0,1003.84,97.5,74.1667
1767207600,2025-12-31 19:00:00,2025-12-31 20:00:00,ringsted,0.175,0.0,1.0,0.0,1002.93,98.25,21.5833
1767211200,2025-12-31 20:00:00,2025-12-31 21:00:00,ringsted,-0.125,0.0,1.5,0.0,1002.04,98.5,24.9167
1767214800,2025-12-31 21:00:00,2025-12-31 22:00:00,ringsted,0.825,0.0,2.125,0.0,1000.62,98.5,0.0
1767218400,2025-12-31 22:00:00,2025-12-31 23:00:00,ringsted,1.375,0.0,3.05,0.025,999.304,97.75,71.6667
1767222000,2025-12-31 23:00:00,2026-01-01 00:00:00,ringsted,2.075,0.0,3.85,0.175,997.742,98.25,106.0
