unixtime,hour_utc,hour_dk,area,temp_mean_past1h,radia_glob_past1h,wind_speed_past1h,precip_past1h,pressure,humidity_past1h,cloud_cover
1704067200,2024-01-01 00:00:00,2024-01-01 01:00:00,ringsted,5.425,0.0,3.5,0.725,996.058,97.0,95.0
1704070800,2024-01-01 01:00:00,2024-01-01 02:00:00,ringsted,5.325,0.0,3.175,0.625,995.938,97.25,80.8333
1704074400,2024-01-01 02:00:00,2024-01-01 03:00:00,ringsted,5.175,0.0,3.075,0.075,995.908,96.25,87.5
1704078000,2024-01-01 03:00:00,2024-01-01 04:00:00,ringsted,4.925,0.0,3.425,0.025,995.946,96.0,96.6667
1704081600,2024-01-01 04:00:00,2024-01-01 05:00:00,ringsted,4.95,0.0,3.525,0.025,995.808,94.75,91.6667
1704085200,2024-01-01 05:00:00,2024-01-01 06:00:00,ringsted,4.925,0.0,3.25,0.025,995.771,93.75,95.0
1704088800,2024-01-01 06:00:00,2024-01-01 07:00:00,ringsted,5.025,0.0,3.05,0.0,995.908,92.25,92.5
1704092400,2024-01-01 07:00:00,2024-01-01 08:00:00,ringsted,4.975,0.0,3.025,0.05,996.25,92.75,95.0
1704096000,2024-01-01 08:00:00,2024-01-01 09:00:00,ringsted,5.0,1.0,3.05,0.175,996.442,93.25,95.0
1704099600,2024-01-01 09:00:00,2024-01-01 10:00:00,ringsted,5.025,14.5,2.95,0.2,996.621,94.25,95.0
1704103200,2024-01-01 10:00:00,2024-01-01 11:00:00,ringsted,5.275,40.5,3.175,0.075,996.729,93.0,93.3333
1704106800,2024-01-01 11:00:00,2024-01-01 12:00:00,ringsted,5.475,51.0,3.625,0.0,996.713,91.5,95.0
1704110400,2024-01-01 12:00:00,2024-01-01 13:00:00,ringsted,5.525,58.5,3.325,0.0,996.529,91.0,91.6667
1704114000,2024-01-01 13:00:00,2024-01-01 14:00:00,ringsted,5.575,37.0,3.425,0.05,996.421,91.0,90.8333
1704117600,2024-01-01 14:00:00,2024-01-01 15:00:00,ringsted,5.575,31.5,3.65,0.1,996.575,91.25,96.6667
1704121200,2024-01-01 15:00:00,2024-01-01 16:00:00,ringsted,5.4,5.0,3.4,0.0,996.75,92.5,95.0
1704124800,2024-01-01 16:00:00,2024-01-01 17:00:00,ringsted,5.125,0.0,3.2,0.2,996.983,94.25,97.5
1704128400,2024-01-01 17:00:00,2024-01-01 18:00:00,ringsted,4.925,0.0,3.375,0.75,997.267,95.5,95.8333
1704132000,2024-01-01 18:00:00,2024-01-01 19:00:00,ringsted,4.775,0.0,3.225,0.275,997.55,96.5,96.6667
1704135600,2024-01-01 19:00:00,2024-01-01 20:00:00,ringsted,4.725,0.0,3.3,0.3,997.796,97.0,97.5
1704139200,2024-01-01 20:00:00,2024-01-01 21:00:00,ringsted,4.9,0.0,2.875,0.6,997.896,97.5,95.8333
1704142800,2024-01-01 21:00:00,2024-01-01 22:00:00,ringsted,4.95,0.0,3.25,0.675,998.112,97.75,97.5
1704146400,2024-01-01 22:00:00,2024-01-01 23:00:00,ringsted,4.9,0.0,3.05,0.5,998.408,97.75,95.8333
1704150000,2024-01-01 23:00:00,2024-01-02 00:00:00,ringsted,4.9,0.0,2.825,0.325,998.575,97.5,98.3333
1704153600,2024-01-02 00:00:00,2024-01-02 01:00:00,ringsted,4.825,0.0,2.725,0.6,998.554,97.5,97.5
1704157200,2024-01-02 01:00:00,2024-01-02 02:00:00,ringsted,4.75,0.0,2.825,0.35,998.471,97.75,97.5
1704160800,2024-01-02 02:00:00,2024-01-02 03:00:00,ringsted,4.7,0.0,2.725,0.325,998.458,97.5,95.0
1704164400,2024-01-02 03:00:00,2024-01-02 04:00:00,ringsted,4.575,0.0,2.9,0.4,998.283,97.75,93.3333
1704168000,2024-01-02 04:00:00,2024-01-02 05:00:00,ringsted,4.35,0.0,3.1,0.225,997.746,97.75,95.8333
1704171600,2024-01-02 05:00:00,2024-01-02 06:00:00,ringsted,4.075,0.0,3.825,0.175,997.362,97.25,98.3333
1704175200,2024-01-02 06:00:00,2024-01-02 07:00:00,ringsted,4.0,0.0,4.675,0.025,997.213,97.25,99.1667
1704178800,2024-01-02 07:00:00,2024-01-02 08:00:00,ringsted,3.925,0.0,5.0,0.05,997.008,96.5,99.1667
1704182400,2024-01-02 08:00:00,2024-01-02 09:00:00,ringsted,3.75,0.5,5.925,0.1,996.796,96.5,97.5
1704186000,2024-01-02 09:00:00,2024-01-02 10:00:00,ringsted,3.625,12.0,6.5,0.1,996.467,96.25,93.3333
1704189600,2024-01-02 10:00:00,2024-01-02 11:00:00,ringsted,3.725,27.5,6.675,0.15,996.079,95.75,88.3333
1704193200,2024-01-02 11:00:00,2024-01-02 12:00:00,ringsted,3.875,41.5,7.6,0.05,995.333,94.25,75.0
1704196800,2024-01-02 12:00:00,2024-01-02 13:00:00,ringsted,4.125,95.5,8.375,0.0,994.604,92.25,85.8333
1704200400,2024-01-02 13:00:00,2024-01-02 14:00:00,ringsted,4.125,54.0,8.875,0.0,993.875,91.25,80.8333
1704204000,2024-01-02 14:00:00,2024-01-02 15:00:00,ringsted,3.8,19.5,9.475,0.0,993.275,91.5,95.8333
1704207600,2024-01-02 15:00:00,2024-01-02 16:00:00,ringsted,3.5,3.0,10.0,0.0,992.767,92.25,99.1667
1704211200,2024-01-02 16:00:00,2024-01-02 17:00:00,ringsted,3.35,0.0,10.45,0.0,992.108,92.5,98.3333
1704214800,2024-01-02 17:00:00,2024-01-02 18:00:00,ringsted,3.15,0.0,11.0,0.025,991.079,93.25,96.6667
1704218400,2024-01-02 18:00:00,2024-01-02 19:00:00,ringsted,3.125,0.0,11.375,0.1,990.383,93.75,95.8333
1704222000,2024-01-02 19:00:00,2024-01-02 20:00:00,ringsted,3.225,0.0,11.325,0.1,989.342,93.25,95.0
1704225600,2024-01-02 20:00:00,2024-01-02 21:00:00,ringsted,3.175,0.0,11.825,0.175,988.483,93.25,95.0
1704229200,2024-01-02 21:00:00,2024-01-02 22:00:00,ringsted,3.15,0.0,12.0,0.45,987.825,93.75,97.5
1704232800,2024-01-02 22:00:00,2024-01-02 23:00:00,ringsted,3.15,0.0,11.75,1.3,986.683,93.5,96.6667
1704236400,2024-01-02 23:00:00,2024-01-03 00:00:00,ringsted,2.95,0.0,12.425,1.375,985.654,93.0,98.3333
1704240000,2024-01-03 00:00:00,2024-01-03 01:00:00,ringsted,2.5,0.0,12.575,1.4,984.829,92.75,98.3333
1704243600,2024-01-03 01:00:00,2024-01-03 02:00:00,ringsted,2.25,0.0,12.725,1.55,984.104,93.0,98.3333
1704247200,2024-01-03 02:00:00,2024-01-03 03:00:00,ringsted,1.925,0.0,12.65,2.025,983.392,93.75,97.5
1704250800,2024-01-03 03:00:00,2024-01-03 04:00:00,ringsted,1.75,0.0,12.475,1.725,983.0,94.5,99.1667
1704254400,2024-01-03 04:00:00,2024-01-03 05:00:00,ringsted,1.625,0.0,12.75,1.85,982.604,94.75,99.1667
1704258000,2024-01-03 05:00:00,2024-01-03 06:00:00,ringsted,1.45,0.0,13.15,1.65,982.217,95.0,97.5
1704261600,2024-01-03 06:00:00,2024-01-03 07:00:00,ringsted,1.55,0.0,13.3,1.15,981.754,95.0,99.1667
1704265200,2024-01-03 07:00:00,2024-01-03 08:00:00,ringsted,1.525,0.0,13.375,0.775,981.854,94.0,99.1667
1704268800,2024-01-03 08:00:00,2024-01-03 09:00:00,ringsted,1.55,0.5,12.925,0.875,981.85,94.0,99.1667
1704272400,2024-01-03 09:00:00,2024-01-03 10:00:00,ringsted,1.525,5.5,12.15,0.9,981.779,95.0,99.1667
1704276000,2024-01-03 10:00:00,2024-01-03 11:00:00,ringsted,1.7,15.5,12.125,0.6,981.592,94.5,99.1667
1704279600,2024-01-03 11:00:00,2024-01-03 12:00:00,ringsted,1.775,23.0,11.95,0.45,981.55,94.0,99.1667
1704283200,2024-01-03 12:00:00,2024-01-03 13:00:00,ringsted,1.8,25.5,11.725,0.825,981.175,93.5,98.3333
1704286800,2024-01-03 13:00:00,2024-01-03 14:00:00,ringsted,1.775,15.0,11.4,0.65,980.958,93.75,97.5
1704290400,2024-01-03 14:00:00,2024-01-03 15:00:00,ringsted,1.65,9.5,11.275,0.7,980.892,94.0,97.5
1704294000,2024-01-03 15:00:00,2024-01-03 16:00:00,ringsted,1.575,3.0,11.525,0.75,981.067,94.5,98.3333
1704297600,2024-01-03 16:00:00,2024-01-03 17:00:00,ringsted,1.55,0.0,11.825,0.85,981.108,94.0,98.3333
1704301200,2024-01-03 17:00:00,2024-01-03 18:00:00,ringsted,1.425,0.0,11.9,0.65,981.192,94.0,98.3333
1704304800,2024-01-03 18:00:00,2024-01-03 19:00:00,ringsted,1.225,0.0,11.775,0.525,981.517,94.25,98.3333
1704308400,2024-01-03 19:00:00,2024-01-03 20:00:00,ringsted,0.925,0.0,11.85,0.65,981.975,94.75,98.3333
1704312000,2024-01-03 20:00:00,2024-01-03 21:00:00,ringsted,0.625,0.0,12.05,0.45,982.308,94.75,98.3333
1704315600,2024-01-03 21:00:00,2024-01-03 22:00:00,ringsted,0.6,0.0,12.0,0.4,982.758,94.25,98.3333
1704319200,2024-01-03 22:00:00,2024-01-03 23:00:00,ringsted,0.375,0.0,11.525,0.825,982.95,94.75,99.1667
1704322800,2024-01-03 23:00:00,2024-01-04 00:00:00,ringsted,0.075,0.0,11.6,0.375,983.612,95.75,99.1667
1704326400,2024-01-04 00:00:00,2024-01-04 01:00:00,ringsted,-0.125,0.0,10.85,0.425,984.3,96.0,99.1667
1704330000,2024-01-04 01:00:00,2024-01-04 02:00:00,ringsted,-0.325,0.0,9.675,0.25,985.175,97.0,99.1667
1704333600,2024-01-04 02:00:00,2024-01-04 03:00:00,ringsted,-0.675,0.0,9.175,0.45,985.979,97.25,100.167
1704337200,2024-01-04 03:00:00,2024-01-04 04:00:00,ringsted,-1.025,0.0,9.25,0.35,986.975,97.25,99.1667
1704340800,2024-01-04 04:00:00,2024-01-04 05:00:00,ringsted,-1.525,0.0,8.05,0.3,987.958,97.5,100.167
1704344400,2024-01-04 05:00:00,2024-01-04 06:00:00,ringsted,-2.0,0.0,7.925,0.25,989.292,96.5,97.5
1704348000,2024-01-04 06:00:00,2024-01-04 07:00:00,ringsted,-2.575,0.0,7.775,0.3,990.917,95.0,99.1667
1704351600,2024-01-04 07:00:00,2024-01-04 08:00:00,ringsted,-2.95,0.0,7.5,0.225,992.483,94.25,98.3333
1704355200,2024-01-04 08:00:00,2024-01-04 09:00:00,ringsted,-3.075,1.5,6.9,0.025,993.879,91.5,98.3333
1704358800,2024-01-04 09:00:00,2024-01-04 10:00:00,ringsted,-3.2,9.5,6.35,0.025,995.333,88.75,95.8333
1704362400,2024-01-04 10:00:00,2024-01-04 11:00:00,ringsted,-3.275,38.0,6.075,0.0,996.604,86.75,99.1667
1704366000,2024-01-04 11:00:00,2024-01-04 12:00:00,ringsted,-3.425,66.5,5.55,0.0,997.492,84.5,95.8333
1704369600,2024-01-04 12:00:00,2024-01-04 13:00:00,ringsted,-3.525,75.5,5.725,0.0,998.296,82.0,86.3636
1704373200,2024-01-04 13:00:00,2024-01-04 14:00:00,ringsted,-3.65,66.0,5.2,0.0,999.367,78.5,50.0
1704376800,2024-01-04 14:00:00,2024-01-04 15:00:00,ringsted,-3.775,45.5,4.85,0.0,1000.2,75.75,51.6667
1704380400,2024-01-04 15:00:00,2024-01-04 16:00:00,ringsted,-4.55,14.5,4.525,0.0,1001.14,76.75,30.8333
1704384000,2024-01-04 16:00:00,2024-01-04 17:00:00,ringsted,-5.3,0.5,3.475,0.0,1001.77,80.0,25.4167
1704387600,2024-01-04 17:00:00,2024-01-04 18:00:00,ringsted,-5.95,0.0,2.875,0.0,1002.47,80.75,50.0
1704391200,2024-01-04 18:00:00,2024-01-04 19:00:00,ringsted,-6.3,0.0,2.7,0.0,1003.13,81.5,90.0
1704394800,2024-01-04 19:00:00,2024-01-04 20:00:00,ringsted,-6.5,0.0,2.15,0.0,1003.72,83.25,80.4167
1704398400,2024-01-04 20:00:00,2024-01-04 21:00:00,ringsted,-6.85,0.0,2.2,0.0,1004.33,84.75,66.25
1704402000,2024-01-04 21:00:00,2024-01-04 22:00:00,ringsted,-7.225,0.0,2.075,0.0,1004.6,85.75,31.25
1704405600,2024-01-04 22:00:00,2024-01-04 23:00:00,ringsted,-8.175,0.0,2.125,0.0,1004.74,88.0,0.0
1704409200,2024-01-04 23:00:00,2024-01-05 00:00:00,ringsted,-8.85,0.0,1.775,0.0,1004.86,89.75,0.0
1704412800,2024-01-05 00:00:00,2024-01-05 01:00:00,ringsted,-8.925,0.0,1.8,0.0,1005.13,90.0,0.0
1704416400,2024-01-05 01:00:00,2024-01-05 02:00:00,ringsted,-8.875,0.0,2.0,0.0,1005.15,90.25,0.0
1704420000,2024-01-05 02:00:00,2024-01-05 03:00:00,ringsted,-8.6,0.0,2.175,0.0,1005.12,90.25,0.0
1704423600,2024-01-05 03:00:00,2024-01-05 04:00:00,ringsted,-8.0,0.0,2.675,0.0,1005.09,88.75,0.0
1704427200,2024-01-05 04:00:00,2024-01-05 05:00:00,ringsted,-7.8,0.0,3.05,0.0,1004.83,89.25,0.0
1704430800,2024-01-05 05:00:00,2024-01-05 06:00:00,ringsted,-7.925,0.0,2.975,0.0,1004.77,88.75,18.75
1704434400,2024-01-05 06:00:00,2024-01-05 07:00:00,ringsted,-7.9,0.0,3.325,0.0,1004.79,86.75,80.0
1704438000,2024-01-05 07:00:00,2024-01-05 08:00:00,ringsted,-7.95,0.0,3.225,0.0,1004.88,87.25,70.0
1704441600,2024-01-05 08:00:00,2024-01-05 09:00:00,ringsted,-7.675,3.0,3.575,0.0,1005.16,86.75,52.9167
1704445200,2024-01-05 09:00:00,2024-01-05 10:00:00,ringsted,-7.5,53.0,3.75,0.0,1005.44,85.25,58.75
1704448800,2024-01-05 10:00:00,2024-01-05 11:00:00,ringsted,-6.875,156.0,4.15,0.0,1005.29,82.0,39.5833
1704452400,2024-01-05 11:00:00,2024-01-05 12:00:00,ringsted,-6.2,155.5,4.5,0.0,1004.96,79.25,49.5833
1704456000,2024-01-05 12:00:00,2024-01-05 13:00:00,ringsted,-5.525,242.5,4.45,0.0,1004.44,76.75,74.5833
1704459600,2024-01-05 13:00:00,2024-01-05 14:00:00,ringsted,-5.3,111.0,4.75,0.0,1004.27,78.25,80.8333
1704463200,2024-01-05 14:00:00,2024-01-05 15:00:00,ringsted,-5.225,54.0,4.475,0.0,1004.37,80.75,80.8333
1704466800,2024-01-05 15:00:00,2024-01-05 16:00:00,ringsted,-4.975,24.5,4.7,0.0,1004.67,83.0,92.5
1704470400,2024-01-05 16:00:00,2024-01-05 17:00:00,ringsted,-5.15,0.5,4.675,0.0,1004.95,85.0,89.0909
1704474000,2024-01-05 17:00:00,2024-01-05 18:00:00,ringsted,-5.15,0.0,4.65,0.0,1005.22,83.5,53.3333
1704477600,2024-01-05 18:00:00,2024-01-05 19:00:00,ringsted,-5.2,0.0,4.75,0.0,1005.52,85.5,78.75
1704481200,2024-01-05 19:00:00,2024-01-05 20:00:00,ringsted,-5.3,0.0,4.95,0.0,1005.75,87.5,37.0833
1704484800,2024-01-05 20:00:00,2024-01-05 21:00:00,ringsted,-5.425,0.0,5.075,0.0,1005.99,88.75,28.75
1704488400,2024-01-05 21:00:00,2024-01-05 22:00:00,ringsted,-5.125,0.0,5.175,0.0,1006.17,88.25,59.5833
1704492000,2024-01-05 22:00:00,2024-01-05 23:00:00,ringsted,-4.375,0.0,5.25,0.0,1006.35,86.25,90.0
1704495600,2024-01-05 23:00:00,2024-01-06 00:00:00,ringsted,-3.525,0.0,5.4,0.0,1006.49,83.25,94.1667
1704499200,2024-01-06 00:00:00,2024-01-06 01:00:00,ringsted,-3.425,0.0,5.375,0.0,1006.9,85.75,96.6667
1704502800,2024-01-06 01:00:00,2024-01-06 02:00:00,ringsted,-2.975,0.0,5.3,0.0,1007.15,85.25,98.3333
1704506400,2024-01-06 02:00:00,2024-01-06 03:00:00,ringsted,-2.85,0.0,6.275,0.025,1007.55,85.25,87.5
1704510000,2024-01-06 03:00:00,2024-01-06 04:00:00,ringsted,-3.55,0.0,6.5,0.0,1008.15,89.5,96.6667
1704513600,2024-01-06 04:00:00,2024-01-06 05:00:00,ringsted,-3.575,0.0,6.8,0.0,1008.66,90.75,96.6667
1704517200,2024-01-06 05:00:00,2024-01-06 06:00:00,ringsted,-3.55,0.0,6.5,0.0,1009.28,90.5,94.1667
1704520800,2024-01-06 06:00:00,2024-01-06 07:00:00,ringsted,-3.9,0.0,6.45,0.0,1010.24,90.25,64.5833
1704524400,2024-01-06 07:00:00,2024-01-06 08:00:00,ringsted,-4.325,0.0,6.3,0.0,1011.25,90.5,63.3333
1704528000,2024-01-06 08:00:00,2024-01-06 09:00:00,ringsted,-4.675,3.0,6.2,0.0,1012.03,89.25,88.75
1704531600,2024-01-06 09:00:00,2024-01-06 10:00:00,ringsted,-5.0,35.0,5.875,0.0,1012.89,89.25,69.1667
1704535200,2024-01-06 10:00:00,2024-01-06 11:00:00,ringsted,-4.95,84.0,5.525,0.0,1013.59,86.75,91.6667
1704538800,2024-01-06 11:00:00,2024-01-06 12:00:00,ringsted,-4.625,108.5,5.075,0.0,1013.99,85.5,88.75
1704542400,2024-01-06 12:00:00,2024-01-06 13:00:00,ringsted,-4.575,120.5,4.975,0.0,1014.03,84.5,72.9167
1704546000,2024-01-06 13:00:00,2024-01-06 14:00:00,ringsted,-4.8,92.5,5.025,0.0,1014.4,85.75,47.9167
1704549600,2024-01-06 14:00:00,2024-01-06 15:00:00,ringsted,-5.0,52.5,4.75,0.0,1015.04,86.25,54.1667
1704553200,2024-01-06 15:00:00,2024-01-06 16:00:00,ringsted,-4.95,18.0,4.95,0.0,1015.87,86.0,45.0
1704556800,2024-01-06 16:00:00,2024-01-06 17:00:00,ringsted,-4.925,0.5,4.85,0.0,1016.49,86.0,42.5
1704560400,2024-01-06 17:00:00,2024-01-06 18:00:00,ringsted,-5.05,0.0,4.675,0.0,1016.9,85.25,24.5833
1704564000,2024-01-06 18:00:00,2024-01-06 19:00:00,ringsted,-5.3,0.0,4.95,0.0,1017.6,85.0,74.1667
1704567600,2024-01-06 19:00:00,2024-01-06 20:00:00,ringsted,-5.575,0.0,5.15,0.0,1018.26,85.5,17.9167
1704571200,2024-01-06 20:00:00,2024-01-06 21:00:00,ringsted,-6.125,0.0,4.95,0.0,1018.69,86.75,5.0
1704574800,2024-01-06 21:00:00,2024-01-06 22:00:00,ringsted,-6.25,0.0,4.525,0.0,1019.07,87.75,0.0
1704578400,2024-01-06 22:00:00,2024-01-06 23:00:00,ringsted,-6.75,0.0,4.375,0.0,1019.56,88.0,0.0
1704582000,2024-01-06 23:00:00,2024-01-07 00:00:00,ringsted,-7.125,0.0,3.975,0.0,1020.19,88.75,0.0
1704585600,2024-01-07 00:00:00,2024-01-07 01:00:00,ringsted,-7.225,0.0,3.925,0.0,1020.66,89.0,0.0
1704589200,2024-01-07 01:00:00,2024-01-07 02:00:00,ringsted,-7.35,0.0,3.55,0.0,1020.93,89.25,0.0
1704592800,2024-01-07 02:00:00,2024-01-07 03:00:00,ringsted,-7.75,0.0,3.575,0.0,1021.35,89.5,0.0
1704596400,2024-01-07 03:00:00,2024-01-07 04:00:00,ringsted,-8.375,0.0,2.925,0.0,1021.54,90.0,0.0
1704600000,2024-01-07 04:00:00,2024-01-07 05:00:00,ringsted,-8.825,0.0,3.025,0.0,1021.89,90.0,0.0
1704603600,2024-01-07 05:00:00,2024-01-07 06:00:00,ringsted,-9.275,0.0,2.675,0.0,1022.17,90.5,0.0
1704607200,2024-01-07 06:00:00,2024-01-07 07:00:00,ringsted,-9.775,0.0,2.95,0.0,1022.71,90.25,0.0
1704610800,2024-01-07 07:00:00,2024-01-07 08:00:00,ringsted,-9.875,0.0,3.5,0.0,1023.25,89.25,0.0
1704614400,2024-01-07 08:00:00,2024-01-07 09:00:00,ringsted,-10.075,3.5,3.2,0.0,1023.82,88.5,0.833333
1704618000,2024-01-07 09:00:00,2024-01-07 10:00:00,ringsted,-9.875,43.0,2.95,0.0,1024.28,88.0,45.8333
1704621600,2024-01-07 10:00:00,2024-01-07 11:00:00,ringsted,-8.625,107.5,3.2,0.0,1024.54,87.25,54.5833
1704625200,2024-01-07 11:00:00,2024-01-07 12:00:00,ringsted,-7.175,113.5,3.4,0.0,1024.75,86.75,57.0833
1704628800,2024-01-07 12:00:00,2024-01-07 13:00:00,ringsted,-6.15,172.0,3.325,0.0,1024.66,84.75,50.8333
1704632400,2024-01-07 13:00:00,2024-01-07 14:00:00,ringsted,-5.475,129.0,3.6,0.05,1024.86,81.75,59.1667
1704636000,2024-01-07 14:00:00,2024-01-07 15:00:00,ringsted,-5.05,68.5,3.975,0.0,1025.26,78.75,95.8333
1704639600,2024-01-07 15:00:00,2024-01-07 16:00:00,ringsted,-4.85,14.0,4.275,0.0,1025.8,80.5,95.0
1704643200,2024-01-07 16:00:00,2024-01-07 17:00:00,ringsted,-4.675,0.5,4.35,0.0,1026.35,82.75,52.9167
1704646800,2024-01-07 17:00:00,2024-01-07 18:00:00,ringsted,-4.95,0.0,4.25,0.0,1027.06,84.0,12.5
1704650400,2024-01-07 18:00:00,2024-01-07 19:00:00,ringsted,-5.025,0.0,4.55,0.0,1027.58,83.0,11.6667
1704654000,2024-01-07 19:00:00,2024-01-07 20:00:00,ringsted,-5.5,0.0,4.325,0.0,1028.14,82.0,0.0
1704657600,2024-01-07 20:00:00,2024-01-07 21:00:00,ringsted,-5.9,0.0,4.375,0.0,1028.67,81.75,0.0
1704661200,2024-01-07 21:00:00,2024-01-07 22:00:00,ringsted,-6.3,0.0,4.775,0.0,1029.06,82.0,0.0
1704664800,2024-01-07 22:00:00,2024-01-07 23:00:00,ringsted,-6.475,0.0,4.875,0.0,1029.4,82.25,40.8333
1704668400,2024-01-07 23:00:00,2024-01-08 00:00:00,ringsted,-5.8,0.0,4.9,0.0,1030.01,82.75,60.8333
1704672000,2024-01-08 00:00:00,2024-01-08 01:00:00,ringsted,-5.8,0.0,4.75,0.0,1030.48,83.75,91.6667
1704675600,2024-01-08 01:00:00,2024-01-08 02:00:00,ringsted,-5.5,0.0,4.7,0.0,1030.64,83.75,75.8333
1704679200,2024-01-08 02:00:00,2024-01-08 03:00:00,ringsted,-5.25,0.0,5.1,0.0,1030.72,83.25,17.9167
1704682800,2024-01-08 03:00:00,2024-01-08 04:00:00,ringsted,-5.75,0.0,4.675,0.0,1031.25,84.5,20.0
1704686400,2024-01-08 04:00:00,2024-01-08 05:00:00,ringsted,-5.75,0.0,4.65,0.0,1031.75,85.0,16.6667
1704690000,2024-01-08 05:00:00,2024-01-08 06:00:00,ringsted,-5.9,0.0,4.575,0.0,1032.06,85.5,0.0
1704693600,2024-01-08 06:00:00,2024-01-08 07:00:00,ringsted,-6.925,0.0,4.025,0.0,1032.59,87.5,0.0
1704697200,2024-01-08 07:00:00,2024-01-08 08:00:00,ringsted,-6.525,0.0,4.875,0.0,1033.47,87.25,0.0
1704700800,2024-01-08 08:00:00,2024-01-08 09:00:00,ringsted,-7.05,4.0,4.075,0.0,1033.88,87.5,0.0
1704704400,2024-01-08 09:00:00,2024-01-08 10:00:00,ringsted,-6.925,68.0,2.975,0.0,1034.4,87.25,0.0
1704708000,2024-01-08 10:00:00,2024-01-08 11:00:00,ringsted,-6.3,158.0,3.2,0.0,1034.63,85.75,0.0
1704711600,2024-01-08 11:00:00,2024-01-08 12:00:00,ringsted,-5.525,210.0,3.3,0.0,1034.7,84.5,0.0
1704715200,2024-01-08 12:00:00,2024-01-08 13:00:00,ringsted,-4.525,225.0,3.35,0.025,1034.68,82.75,0.0
1704718800,2024-01-08 13:00:00,2024-01-08 14:00:00,ringsted,-4.05,199.0,3.25,0.0,1034.74,81.5,0.0
1704722400,2024-01-08 14:00:00,2024-01-08 15:00:00,ringsted,-4.475,133.0,2.9,0.0,1034.9,81.25,0.0
1704726000,2024-01-08 15:00:00,2024-01-08 16:00:00,ringsted,-5.45,44.0,2.9,0.05,1035.11,83.0,0.0
1704729600,2024-01-08 16:00:00,2024-01-08 17:00:00,ringsted,-6.7,1.0,2.525,0.0,1035.4,87.25,0.0
1704733200,2024-01-08 17:00:00,2024-01-08 18:00:00,ringsted,-7.15,0.0,1.875,0.0,1035.65,88.75,0.0
1704736800,2024-01-08 18:00:00,2024-01-08 19:00:00,ringsted,-7.675,0.0,1.425,0.0,1035.71,90.25,0.0
1704740400,2024-01-08 19:00:00,2024-01-08 20:00:00,ringsted,-8.2,0.0,1.4,0.0,1035.9,92.5,35.4167
1704744000,2024-01-08 20:00:00,2024-01-08 21:00:00,ringsted,-8.2,0.0,1.575,0.0,1036.03,93.0,46.6667
1704747600,2024-01-08 21:00:00,2024-01-08 22:00:00,ringsted,-7.925,0.0,1.975,0.0,1036.09,92.75,50.0
1704751200,2024-01-08 22:00:00,2024-01-08 23:00:00,ringsted,-7.3,0.0,2.1,0.0,1036.03,92.25,50.0
1704754800,2024-01-08 23:00:00,2024-01-09 00:00:00,ringsted,-6.475,0.0,1.65,0.0,1035.84,91.75,84.1667
1704758400,2024-01-09 00:00:00,2024-01-09 01:00:00,ringsted,-6.0,0.0,1.45,0.025,1035.51,91.25,95.0
1704762000,2024-01-09 01:00:00,2024-01-09 02:00:00,ringsted,-5.1,0.0,1.825,0.0,1035.32,91.25,95.8333
1704765600,2024-01-09 02:00:00,2024-01-09 03:00:00,ringsted,-4.425,0.0,2.25,0.05,1034.95,90.5,96.6667
1704769200,2024-01-09 03:00:00,2024-01-09 04:00:00,ringsted,-4.125,0.0,2.125,0.0,1034.68,89.75,93.3333
1704772800,2024-01-09 04:00:00,2024-01-09 05:00:00,ringsted,-4.125,0.0,2.3,0.025,1034.41,90.0,82.5
1704776400,2024-01-09 05:00:00,2024-01-09 06:00:00,ringsted,-4.35,0.0,2.125,0.0,1034.32,90.25,60.0
1704780000,2024-01-09 06:00:00,2024-01-09 07:00:00,ringsted,-4.475,0.0,2.35,0.0,1034.27,91.0,79.1667
1704783600,2024-01-09 07:00:00,2024-01-09 08:00:00,ringsted,-3.9,0.0,2.525,0.025,1034.31,90.75,98.3333
1704787200,2024-01-09 08:00:00,2024-01-09 09:00:00,ringsted,-3.6,3.0,1.95,0.025,1034.35,90.75,98.3333
1704790800,2024-01-09 09:00:00,2024-01-09 10:00:00,ringsted,-3.5,24.5,1.775,0.0,1034.59,91.0,96.6667
1704794400,2024-01-09 10:00:00,2024-01-09 11:00:00,ringsted,-3.45,53.5,2.025,0.025,1034.48,91.5,97.5
1704798000,2024-01-09 11:00:00,2024-01-09 12:00:00,ringsted,-3.5,75.5,2.35,0.0,1034.04,91.75,98.3333
1704801600,2024-01-09 12:00:00,2024-01-09 13:00:00,ringsted,-3.7,80.5,2.275,0.0,1033.58,92.75,96.6667
1704805200,2024-01-09 13:00:00,2024-01-09 14:00:00,ringsted,-3.725,78.0,2.075,0.0,1033.17,94.0,99.1667
1704808800,2024-01-09 14:00:00,2024-01-09 15:00:00,ringsted,-3.575,52.5,1.65,0.0,1032.88,95.5,49.1667
1704812400,2024-01-09 15:00:00,2024-01-09 16:00:00,ringsted,-3.55,19.0,1.15,0.0,1032.55,97.0,40.0
1704816000,2024-01-09 16:00:00,2024-01-09 17:00:00,ringsted,-3.575,1.0,1.2,0.0,1032.44,97.75,49.1667
1704819600,2024-01-09 17:00:00,2024-01-09 18:00:00,ringsted,-3.55,0.0,1.175,0.0,1032.34,97.75,99.1667
1704823200,2024-01-09 18:00:00,2024-01-09 19:00:00,ringsted,-3.425,0.0,1.125,0.0,1032.06,97.75,99.1667
1704826800,2024-01-09 19:00:00,2024-01-09 20:00:00,ringsted,-3.2,0.0,1.45,0.0,1032.06,98.0,96.6667
1704830400,2024-01-09 20:00:00,2024-01-09 21:00:00,ringsted,-2.9,0.0,1.15,0.0,1032.17,97.75,98.3333
1704834000,2024-01-09 21:00:00,2024-01-09 22:00:00,ringsted,-2.5,0.0,1.05,0.0,1031.93,97.75,98.8889
1704837600,2024-01-09 22:00:00,2024-01-09 23:00:00,ringsted,-2.15,0.0,1.375,0.0,1031.64,98.0,100.0
1704841200,2024-01-09 23:00:00,2024-01-10 00:00:00,ringsted,-1.7,0.0,1.55,0.0,1031.38,98.5,100.0
1704844800,2024-01-10 00:00:00,2024-01-10 01:00:00,ringsted,-1.325,0.0,1.525,0.025,1030.87,98.5,98.3333
1704848400,2024-01-10 01:00:00,2024-01-10 02:00:00,ringsted,-1.025,0.0,1.575,0.025,1030.55,98.75,98.3333
1704852000,2024-01-10 02:00:00,2024-01-10 03:00:00,ringsted,-0.7,0.0,1.3,0.025,1030.49,99.25,96.6667
1704855600,2024-01-10 03:00:00,2024-01-10 04:00:00,ringsted,-0.35,0.0,1.55,0.05,1030.39,99.25,98.3333
1704859200,2024-01-10 04:00:00,2024-01-10 05:00:00,ringsted,-0.05,0.0,1.8,0.025,1030.06,98.5,98.3333
1704862800,2024-01-10 05:00:00,2024-01-10 06:00:00,ringsted,0.075,0.0,2.1,0.025,1029.62,96.75,99.1667
1704866400,2024-01-10 06:00:00,2024-01-10 07:00:00,ringsted,0.075,0.0,2.25,0.025,1029.4,95.5,99.1667
1704870000,2024-01-10 07:00:00,2024-01-10 08:00:00,ringsted,-0.025,0.0,2.45,0.0,1029.42,94.5,99.1667
1704873600,2024-01-10 08:00:00,2024-01-10 09:00:00,ringsted,-0.2,2.0,2.65,0.0,1029.52,93.5,99.1667
1704877200,2024-01-10 09:00:00,2024-01-10 10:00:00,ringsted,-0.35,23.0,2.625,0.0,1029.75,93.0,99.1667
1704880800,2024-01-10 10:00:00,2024-01-10 11:00:00,ringsted,-0.35,49.5,2.6,0.0,1029.8,92.5,90.8333
1704884400,2024-01-10 11:00:00,2024-01-10 12:00:00,ringsted,-0.4,62.0,2.525,0.0,1029.64,93.0,90.8333
1704888000,2024-01-10 12:00:00,2024-01-10 13:00:00,ringsted,-0.5,63.0,3.125,0.0,1029.25,94.0,49.1667
1704891600,2024-01-10 13:00:00,2024-01-10 14:00:00,ringsted,-0.625,64.0,3.125,0.0,1028.82,94.75,49.1667
1704895200,2024-01-10 14:00:00,2024-01-10 15:00:00,ringsted,-0.675,40.0,3.2,0.0,1028.5,95.5,49.1667
1704898800,2024-01-10 15:00:00,2024-01-10 16:00:00,ringsted,-0.775,15.0,3.1,0.0,1028.44,96.0,90.0
1704902400,2024-01-10 16:00:00,2024-01-10 17:00:00,ringsted,-0.75,0.5,3.1,0.0,1028.26,96.25,98.3333
1704906000,2024-01-10 17:00:00,2024-01-10 18:00:00,ringsted,-0.675,0.0,3.25,0.0,1027.9,96.25,99.1667
1704909600,2024-01-10 18:00:00,2024-01-10 19:00:00,ringsted,-0.525,0.0,3.3,0.0,1027.95,95.25,99.1667
1704913200,2024-01-10 19:00:00,2024-01-10 20:00:00,ringsted,-0.5,0.0,3.525,0.0,1027.91,95.0,99.1667
1704916800,2024-01-10 20:00:00,2024-01-10 21:00:00,ringsted,-0.725,0.0,3.675,0.0,1028.09,95.0,97.5
1704920400,2024-01-10 21:00:00,2024-01-10 22:00:00,ringsted,-0.825,0.0,3.45,0.0,1027.66,95.25,90.0
1704924000,2024-01-10 22:00:00,2024-01-10 23:00:00,ringsted,-0.775,0.0,3.3,0.0,1027.31,96.0,99.1667
1704927600,2024-01-10 23:00:00,2024-01-11 00:00:00,ringsted,-0.675,0.0,3.925,0.0,1027.02,97.0,100.0
1704931200,2024-01-11 00:00:00,2024-01-11 01:00:00,ringsted,-0.525,0.0,4.175,0.0,1026.43,98.0,100.2
1704934800,2024-01-11 01:00:00,2024-01-11 02:00:00,ringsted,-0.475,0.0,4.75,0.0,1026.18,98.75,98.5714
1704938400,2024-01-11 02:00:00,2024-01-11 03:00:00,ringsted,-0.35,0.0,4.925,0.0,1025.88,98.75,100.0
1704942000,2024-01-11 03:00:00,2024-01-11 04:00:00,ringsted,-0.025,0.0,5.05,0.025,1025.43,98.5,66.0
1704945600,2024-01-11 04:00:00,2024-01-11 05:00:00,ringsted,0.325,0.0,4.55,0.025,1025.05,98.5,90.0
1704949200,2024-01-11 05:00:00,2024-01-11 06:00:00,ringsted,0.525,0.0,4.2,0.0,1024.85,98.75,98.3333
1704952800,2024-01-11 06:00:00,2024-01-11 07:00:00,ringsted,0.85,0.0,4.2,0.0,1024.93,96.5,95.8333
1704956400,2024-01-11 07:00:00,2024-01-11 08:00:00,ringsted,0.9,0.0,3.975,0.0,1025.01,94.5,95.8333
1704960000,2024-01-11 08:00:00,2024-01-11 09:00:00,ringsted,0.75,3.5,4.35,0.0,1025.02,94.0,93.3333
1704963600,2024-01-11 09:00:00,2024-01-11 10:00:00,ringsted,0.45,41.5,4.025,0.0,1025.4,94.0,88.3333
1704967200,2024-01-11 10:00:00,2024-01-11 11:00:00,ringsted,0.275,114.5,4.275,0.0,1025.46,93.5,49.5833
1704970800,2024-01-11 11:00:00,2024-01-11 12:00:00,ringsted,0.275,152.5,4.5,0.0,1025.36,91.25,45.0
1704974400,2024-01-11 12:00:00,2024-01-11 13:00:00,ringsted,0.75,176.0,4.575,0.0,1025.16,88.0,5.0
1704978000,2024-01-11 13:00:00,2024-01-11 14:00:00,ringsted,1.35,192.0,4.825,0.0,1025.19,84.75,0.0
1704981600,2024-01-11 14:00:00,2024-01-11 15:00:00,ringsted,1.575,132.0,4.75,0.0,1025.38,83.0,0.0
1704985200,2024-01-11 15:00:00,2024-01-11 16:00:00,ringsted,1.45,47.0,4.3,0.0,1025.79,83.25,0.0
1704988800,2024-01-11 16:00:00,2024-01-11 17:00:00,ringsted,0.925,2.0,3.775,0.0,1026.02,84.0,0.0
1704992400,2024-01-11 17:00:00,2024-01-11 18:00:00,ringsted,0.75,0.0,3.9,0.0,1026.26,84.0,0.0
1704996000,2024-01-11 18:00:00,2024-01-11 19:00:00,ringsted,0.125,0.0,3.75,0.0,1026.52,87.75,0.0
1704999600,2024-01-11 19:00:00,2024-01-11 20:00:00,ringsted,-0.35,0.0,3.125,0.0,1026.73,90.0,0.0
1705003200,2024-01-11 20:00:00,2024-01-11 21:00:00,ringsted,-0.95,0.0,1.675,0.0,1026.95,92.75,0.0
1705006800,2024-01-11 21:00:00,2024-01-11 22:00:00,ringsted,-1.6,0.0,1.2,0.0,1026.88,95.5,2.08333
1705010400,2024-01-11 22:00:00,2024-01-11 23:00:00,ringsted,-3.075,0.0,0.95,0.0,1026.72,97.25,0.0
1705014000,2024-01-11 23:00:00,2024-01-12 00:00:00,ringsted,-3.575,0.0,1.125,0.0,1026.58,97.5,0.0
1705017600,2024-01-12 00:00:00,2024-01-12 01:00:00,ringsted,-3.875,0.0,1.4,0.0,1026.3,97.25,0.0
1705021200,2024-01-12 01:00:00,2024-01-12 02:00:00,ringsted,-4.35,0.0,1.15,0.0,1025.82,97.5,0.833333
1705024800,2024-01-12 02:00:00,2024-01-12 03:00:00,ringsted,-4.65,0.0,1.275,0.0,1025.19,97.75,10.0
1705028400,2024-01-12 03:00:00,2024-01-12 04:00:00,ringsted,-5.05,0.0,0.6,0.0,1024.48,96.75,7.08333
1705032000,2024-01-12 04:00:00,2024-01-12 05:00:00,ringsted,-5.025,0.0,0.675,0.0,1023.97,96.75,0.0
1705035600,2024-01-12 05:00:00,2024-01-12 06:00:00,ringsted,-5.25,0.0,0.625,0.0,1023.15,96.75,0.0
1705039200,2024-01-12 06:00:00,2024-01-12 07:00:00,ringsted,-4.95,0.0,0.725,0.0,1022.37,96.75,14.1667
1705042800,2024-01-12 07:00:00,2024-01-12 08:00:00,ringsted,-4.4,0.0,1.25,0.0,1022.09,96.75,0.0
1705046400,2024-01-12 08:00:00,2024-01-12 09:00:00,ringsted,-3.925,5.5,1.375,0.0,1021.59,96.25,0.0
1705050000,2024-01-12 09:00:00,2024-01-12 10:00:00,ringsted,-3.25,87.5,1.775,0.0,1021.4,95.0,9.16667
1705053600,2024-01-12 10:00:00,2024-01-12 11:00:00,ringsted,-1.325,136.0,2.025,0.0,1021.04,96.0,81.6667
1705057200,2024-01-12 11:00:00,2024-01-12 12:00:00,ringsted,-0.3,73.0,3.075,0.0,1020.39,96.25,99.1667
1705060800,2024-01-12 12:00:00,2024-01-12 13:00:00,ringsted,0.075,65.5,3.475,0.05,1020.2,96.5,97.5
1705064400,2024-01-12 13:00:00,2024-01-12 14:00:00,ringsted,-0.1,43.0,4.2,0.025,1019.48,95.25,99.1667
1705068000,2024-01-12 14:00:00,2024-01-12 15:00:00,ringsted,-0.4,32.5,3.875,0.0,1018.92,94.75,97.5
1705071600,2024-01-12 15:00:00,2024-01-12 16:00:00,ringsted,-0.65,13.0,3.675,0.0,1018.9,94.75,99.1667
1705075200,2024-01-12 16:00:00,2024-01-12 17:00:00,ringsted,-0.85,0.5,3.425,0.0,1018.74,95.0,99.1667
1705078800,2024-01-12 17:00:00,2024-01-12 18:00:00,ringsted,-1.1,0.0,3.15,0.0,1018.36,95.5,97.5
1705082400,2024-01-12 18:00:00,2024-01-12 19:00:00,ringsted,-1.225,0.0,2.8,0.0,1018.06,96.25,98.3333
1705086000,2024-01-12 19:00:00,2024-01-12 20:00:00,ringsted,-1.4,0.0,2.8,0.0,1017.78,97.0,97.5
1705089600,2024-01-12 20:00:00,2024-01-12 21:00:00,ringsted,-1.375,0.0,2.325,0.0,1017.17,97.5,98.3333
1705093200,2024-01-12 21:00:00,2024-01-12 22:00:00,ringsted,-1.25,0.0,2.625,0.0,1016.35,97.25,99.0
1705096800,2024-01-12 22:00:00,2024-01-12 23:00:00,ringsted,-1.275,0.0,2.775,0.0,1015.54,98.0,76.6667
1705100400,2024-01-12 23:00:00,2024-01-13 00:00:00,ringsted,-1.125,0.0,2.975,0.0,1014.67,98.75,97.5
1705104000,2024-01-13 00:00:00,2024-01-13 01:00:00,ringsted,-0.55,0.0,3.15,0.0,1013.7,98.75,65.0
1705107600,2024-01-13 01:00:00,2024-01-13 02:00:00,ringsted,0.275,0.0,3.125,0.0,1012.83,98.75,95.8333
1705111200,2024-01-13 02:00:00,2024-01-13 03:00:00,ringsted,0.975,0.0,3.55,0.0,1011.88,98.0,96.6667
1705114800,2024-01-13 03:00:00,2024-01-13 04:00:00,ringsted,1.275,0.0,3.525,0.025,1011.05,96.75,96.6667
1705118400,2024-01-13 04:00:00,2024-01-13 05:00:00,ringsted,1.475,0.0,3.9,0.025,1010.09,96.5,99.1667
1705122000,2024-01-13 05:00:00,2024-01-13 06:00:00,ringsted,1.575,0.0,4.5,0.025,1008.94,97.0,99.1667
1705125600,2024-01-13 06:00:00,2024-01-13 07:00:00,ringsted,1.6,0.0,5.0,0.0,1007.9,96.5,98.3333
1705129200,2024-01-13 07:00:00,2024-01-13 08:00:00,ringsted,1.625,0.0,5.25,0.025,1006.79,96.75,99.1667
1705132800,2024-01-13 08:00:00,2024-01-13 09:00:00,ringsted,1.6,1.5,4.975,0.125,1005.49,96.75,99.1667
1705136400,2024-01-13 09:00:00,2024-01-13 10:00:00,ringsted,1.675,8.0,6.0,0.95,1004.04,96.0,99.1667
1705140000,2024-01-13 10:00:00,2024-01-13 11:00:00,ringsted,2.0,31.0,6.525,0.35,1002.77,96.25,99.1667
1705143600,2024-01-13 11:00:00,2024-01-13 12:00:00,ringsted,2.625,58.5,7.425,0.075,1001.4,95.75,97.5
1705147200,2024-01-13 12:00:00,2024-01-13 13:00:00,ringsted,3.0,68.5,7.375,0.025,1000.1,95.25,88.3333
1705150800,2024-01-13 13:00:00,2024-01-13 14:00:00,ringsted,3.475,87.0,7.775,0.0,999.005,92.0,80.8333
1705154400,2024-01-13 14:00:00,2024-01-13 15:00:00,ringsted,3.825,68.5,7.975,0.0,998.442,85.0,92.5
1705158000,2024-01-13 15:00:00,2024-01-13 16:00:00,ringsted,3.75,18.5,8.4,0.0,998.029,83.25,83.75
1705161600,2024-01-13 16:00:00,2024-01-13 17:00:00,ringsted,3.675,1.5,8.325,0.0,997.754,83.0,46.25
1705165200,2024-01-13 17:00:00,2024-01-13 18:00:00,ringsted,3.25,0.0,7.775,0.0,997.35,84.0,45.0
1705168800,2024-01-13 18:00:00,2024-01-13 19:00:00,ringsted,2.85,0.0,7.925,0.0,997.067,84.5,54.5833
1705172400,2024-01-13 19:00:00,2024-01-13 20:00:00,ringsted,2.625,0.0,7.525,0.0,996.883,83.75,79.1667
1705176000,2024-01-13 20:00:00,2024-01-13 21:00:00,ringsted,2.575,0.0,7.4,0.0,996.542,83.25,55.4167
1705179600,2024-01-13 21:00:00,2024-01-13 22:00:00,ringsted,2.3,0.0,7.425,0.0,996.308,84.0,68.3333
1705183200,2024-01-13 22:00:00,2024-01-13 23:00:00,ringsted,2.2,0.0,7.1,0.0,996.138,84.0,60.8333
1705186800,2024-01-13 23:00:00,2024-01-14 00:00:00,ringsted,2.125,0.0,6.975,0.0,996.008,84.25,57.9167
1705190400,2024-01-14 00:00:00,2024-01-14 01:00:00,ringsted,1.975,0.0,6.4,0.0,995.846,85.25,51.6667
1705194000,2024-01-14 01:00:00,2024-01-14 02:00:00,ringsted,1.85,0.0,6.3,0.0,995.596,86.5,40.0
1705197600,2024-01-14 02:00:00,2024-01-14 03:00:00,ringsted,1.6,0.0,5.95,0.0,995.367,87.5,6.66667
1705201200,2024-01-14 03:00:00,2024-01-14 04:00:00,ringsted,1.25,0.0,5.25,0.0,995.079,89.0,0.0
1705204800,2024-01-14 04:00:00,2024-01-14 05:00:00,ringsted,0.975,0.0,4.95,0.0,994.992,90.5,0.0
1705208400,2024-01-14 05:00:00,2024-01-14 06:00:00,ringsted,0.825,0.0,4.65,0.0,994.929,91.25,0.0
1705212000,2024-01-14 06:00:00,2024-01-14 07:00:00,ringsted,0.65,0.0,4.0,0.0,994.567,91.75,9.16667
1705215600,2024-01-14 07:00:00,2024-01-14 08:00:00,ringsted,0.55,0.0,3.7,0.0,994.475,92.5,45.0
1705219200,2024-01-14 08:00:00,2024-01-14 09:00:00,ringsted,0.9,5.0,4.225,0.0,994.175,91.0,30.0
1705222800,2024-01-14 09:00:00,2024-01-14 10:00:00,ringsted,1.45,56.5,4.1,0.0,993.925,90.5,46.25
1705226400,2024-01-14 10:00:00,2024-01-14 11:00:00,ringsted,2.175,87.0,4.525,0.0,993.325,89.75,90.8333
1705230000,2024-01-14 11:00:00,2024-01-14 12:00:00,ringsted,2.6,92.0,4.95,0.0,992.546,88.75,90.8333
1705233600,2024-01-14 12:00:00,2024-01-14 13:00:00,ringsted,2.925,62.0,6.075,0.0,991.817,86.5,94.1667
1705237200,2024-01-14 13:00:00,2024-01-14 14:00:00,ringsted,2.925,57.0,5.95,0.0,990.938,85.0,86.6667
1705240800,2024-01-14 14:00:00,2024-01-14 15:00:00,ringsted,2.975,75.0,5.65,0.0,990.217,83.75,89.1667
1705244400,2024-01-14 15:00:00,2024-01-14 16:00:00,ringsted,2.675,28.0,5.8,0.0,989.296,83.5,85.0
1705248000,2024-01-14 16:00:00,2024-01-14 17:00:00,ringsted,2.3,1.5,5.525,0.0,988.208,85.0,90.0
1705251600,2024-01-14 17:00:00,2024-01-14 18:00:00,ringsted,2.1,0.0,5.175,0.0,987.1,85.5,95.8333
1705255200,2024-01-14 18:00:00,2024-01-14 19:00:00,ringsted,2.025,0.0,5.8,0.05,985.85,86.25,98.3333
1705258800,2024-01-14 19:00:00,2024-01-14 20:00:00,ringsted,1.725,0.0,6.125,0.25,984.983,89.5,97.5
1705262400,2024-01-14 20:00:00,2024-01-14 21:00:00,ringsted,1.425,0.0,5.65,0.3,984.25,92.5,98.3333
1705266000,2024-01-14 21:00:00,2024-01-14 22:00:00,ringsted,1.175,0.0,5.3,0.175,983.357,92.75,75.8333
1705269600,2024-01-14 22:00:00,2024-01-14 23:00:00,ringsted,0.9,0.0,5.3,0.0,982.242,91.5,50.4167
1705273200,2024-01-14 23:00:00,2024-01-15 00:00:00,ringsted,0.725,0.0,5.275,0.0,980.658,89.25,64.5833
1705276800,2024-01-15 00:00:00,2024-01-15 01:00:00,ringsted,0.575,0.0,6.275,0.025,978.912,89.5,95.8333
1705280400,2024-01-15 01:00:00,2024-01-15 02:00:00,ringsted,0.7,0.0,6.4,0.2,977.742,91.25,96.6667
1705284000,2024-01-15 02:00:00,2024-01-15 03:00:00,ringsted,0.625,0.0,6.175,0.175,977.467,92.75,95.8333
1705287600,2024-01-15 03:00:00,2024-01-15 04:00:00,ringsted,0.3,0.0,7.875,0.15,977.867,91.75,83.3333
1705291200,2024-01-15 04:00:00,2024-01-15 05:00:00,ringsted,0.15,0.0,7.8,0.0,978.121,83.75,95.0
1705294800,2024-01-15 05:00:00,2024-01-15 06:00:00,ringsted,0.15,0.0,8.825,0.0,978.417,82.25,96.6667
1705298400,2024-01-15 06:00:00,2024-01-15 07:00:00,ringsted,-0.2,0.0,9.725,0.0,978.975,80.0,96.6667
1705302000,2024-01-15 07:00:00,2024-01-15 08:00:00,ringsted,-0.825,0.0,10.225,0.025,980.454,81.75,98.3333
1705305600,2024-01-15 08:00:00,2024-01-15 09:00:00,ringsted,-1.35,1.0,9.325,0.0,981.533,77.0,96.6667
1705309200,2024-01-15 09:00:00,2024-01-15 10:00:00,ringsted,-1.675,16.0,9.5,0.0,982.675,76.25,98.3333
1705312800,2024-01-15 10:00:00,2024-01-15 11:00:00,ringsted,-1.825,37.5,9.375,0.0,983.912,75.25,98.3333
1705316400,2024-01-15 11:00:00,2024-01-15 12:00:00,ringsted,-1.925,70.0,9.175,0.0,985.092,72.75,98.3333
1705320000,2024-01-15 12:00:00,2024-01-15 13:00:00,ringsted,-2.075,91.0,8.875,0.0,986.088,72.0,98.3333
1705323600,2024-01-15 13:00:00,2024-01-15 14:00:00,ringsted,-2.3,80.0,7.7,0.0,987.088,72.75,65.0
1705327200,2024-01-15 14:00:00,2024-01-15 15:00:00,ringsted,-2.4,83.0,6.575,0.0,988.237,71.75,50.0
1705330800,2024-01-15 15:00:00,2024-01-15 16:00:00,ringsted,-2.6,33.0,5.4,0.0,989.471,74.75,93.3333
1705334400,2024-01-15 16:00:00,2024-01-15 17:00:00,ringsted,-2.6,1.0,5.925,0.0,990.542,75.0,91.6667
1705338000,2024-01-15 17:00:00,2024-01-15 18:00:00,ringsted,-2.8,0.0,6.175,0.0,991.396,73.0,91.6667
1705341600,2024-01-15 18:00:00,2024-01-15 19:00:00,ringsted,-3.1,0.0,5.35,0.0,992.463,74.0,91.6667
1705345200,2024-01-15 19:00:00,2024-01-15 20:00:00,ringsted,-3.425,0.0,4.35,0.0,993.088,75.0,72.5
1705348800,2024-01-15 20:00:00,2024-01-15 21:00:00,ringsted,-3.95,0.0,2.875,0.0,993.983,77.75,25.4167
1705352400,2024-01-15 21:00:00,2024-01-15 22:00:00,ringsted,-4.825,0.0,1.95,0.0,994.629,80.25,1.66667
1705356000,2024-01-15 22:00:00,2024-01-15 23:00:00,ringsted,-5.525,0.0,1.225,0.0,995.296,82.75,0.833333
1705359600,2024-01-15 23:00:00,2024-01-16 00:00:00,ringsted,-6.475,0.0,0.875,0.0,995.867,86.5,3.33333
1705363200,2024-01-16 00:00:00,2024-01-16 01:00:00,ringsted,-7.15,0.0,0.425,0.0,996.479,90.0,23.3333
1705366800,2024-01-16 01:00:00,2024-01-16 02:00:00,ringsted,-7.525,0.0,0.65,0.0,997.067,91.75,80.8333
1705370400,2024-01-16 02:00:00,2024-01-16 03:00:00,ringsted,-6.8,0.0,0.55,0.0,997.55,91.25,82.0833
1705374000,2024-01-16 03:00:00,2024-01-16 04:00:00,ringsted,-6.625,0.0,0.925,0.0,997.975,90.5,95.8333
1705377600,2024-01-16 04:00:00,2024-01-16 05:00:00,ringsted,-5.9,0.0,1.175,0.0,997.862,88.0,74.5833
1705381200,2024-01-16 05:00:00,2024-01-16 06:00:00,ringsted,-5.9,0.0,0.7,0.0,997.9,88.75,42.5
1705384800,2024-01-16 06:00:00,2024-01-16 07:00:00,ringsted,-6.675,0.0,0.575,0.0,998.392,91.5,8.33333
1705388400,2024-01-16 07:00:00,2024-01-16 08:00:00,ringsted,-7.275,0.0,0.725,0.0,998.888,91.0,8.33333
1705392000,2024-01-16 08:00:00,2024-01-16 09:00:00,ringsted,-7.625,7.0,0.95,0.0,999.283,90.25,2.5
1705395600,2024-01-16 09:00:00,2024-01-16 10:00:00,ringsted,-6.375,82.5,1.25,0.0,999.362,86.75,14.1667
1705399200,2024-01-16 10:00:00,2024-01-16 11:00:00,ringsted,-4.7,150.0,1.85,0.0,999.658,83.0,62.0833
1705402800,2024-01-16 11:00:00,2024-01-16 12:00:00,ringsted,-3.775,175.5,2.575,0.0,999.554,79.5,89.5833
1705406400,2024-01-16 12:00:00,2024-01-16 13:00:00,ringsted,-3.05,139.5,2.875,0.0,999.217,76.25,63.3333
1705410000,2024-01-16 13:00:00,2024-01-16 14:00:00,ringsted,-2.7,136.5,3.25,0.0,998.862,74.0,35.8333
1705413600,2024-01-16 14:00:00,2024-01-16 15:00:00,ringsted,-2.55,70.5,3.05,0.0,998.487,75.0,30.8333
1705417200,2024-01-16 15:00:00,2024-01-16 16:00:00,ringsted,-2.475,36.5,2.825,0.0,998.283,78.0,73.3333
1705420800,2024-01-16 16:00:00,2024-01-16 17:00:00,ringsted,-2.3,3.0,2.9,0.0,997.935,81.75,85.0
1705424400,2024-01-16 17:00:00,2024-01-16 18:00:00,ringsted,-2.2,0.0,3.5,0.0,997.529,84.5,75.0
1705428000,2024-01-16 18:00:00,2024-01-16 19:00:00,ringsted,-2.05,0.0,4.025,0.0,997.013,85.0,78.75
1705431600,2024-01-16 19:00:00,2024-01-16 20:00:00,ringsted,-1.825,0.0,4.35,0.0,996.375,86.25,87.0833
1705435200,2024-01-16 20:00:00,2024-01-16 21:00:00,ringsted,-1.325,0.0,4.825,0.025,995.65,87.5,96.6667
1705438800,2024-01-16 21:00:00,2024-01-16 22:00:00,ringsted,-0.75,0.0,5.4,0.075,995.071,90.25,95.8333
1705442400,2024-01-16 22:00:00,2024-01-16 23:00:00,ringsted,-0.5,0.0,5.525,0.1,994.55,93.25,91.6667
1705446000,2024-01-16 23:00:00,2024-01-17 00:00:00,ringsted,-0.075,0.0,5.725,0.075,993.879,92.75,94.1667
1705449600,2024-01-17 00:00:00,2024-01-17 01:00:00,ringsted,0.125,0.0,6.0,0.025,992.946,88.5,91.6667
1705453200,2024-01-17 01:00:00,2024-01-17 02:00:00,ringsted,0.0,0.0,6.6,0.0,992.162,86.25,95.0
1705456800,2024-01-17 02:00:00,2024-01-17 03:00:00,ringsted,-0.25,0.0,6.75,0.0,991.362,86.0,92.5
1705460400,2024-01-17 03:00:00,2024-01-17 04:00:00,ringsted,-0.825,0.0,6.9,0.0,990.2,86.5,93.3333
1705464000,2024-01-17 04:00:00,2024-01-17 05:00:00,ringsted,-0.85,0.0,7.875,0.125,988.733,86.75,97.2727
1705467600,2024-01-17 05:00:00,2024-01-17 06:00:00,ringsted,-1.075,0.0,8.725,0.275,987.1,91.75,97.5
1705471200,2024-01-17 06:00:00,2024-01-17 07:00:00,ringsted,-1.325,0.0,9.325,0.275,985.987,93.75,95.8333
1705474800,2024-01-17 07:00:00,2024-01-17 08:00:00,ringsted,-1.1,0.0,9.25,0.1,985.304,91.25,95.8333
1705478400,2024-01-17 08:00:00,2024-01-17 09:00:00,ringsted,-0.825,1.5,9.825,0.025,985.204,86.5,99.1667
1705482000,2024-01-17 09:00:00,2024-01-17 10:00:00,ringsted,-0.95,15.0,9.025,0.175,985.375,87.5,95.0
1705485600,2024-01-17 10:00:00,2024-01-17 11:00:00,ringsted,-0.875,38.0,8.475,0.05,985.167,87.25,93.3333
1705489200,2024-01-17 11:00:00,2024-01-17 12:00:00,ringsted,-0.775,70.0,6.925,0.075,984.692,88.25,82.5
1705492800,2024-01-17 12:00:00,2024-01-17 13:00:00,ringsted,-0.475,95.5,6.75,0.0,984.371,86.25,87.5
1705496400,2024-01-17 13:00:00,2024-01-17 14:00:00,ringsted,-0.375,84.0,6.625,0.0,984.162,87.25,94.1667
1705500000,2024-01-17 14:00:00,2024-01-17 15:00:00,ringsted,-0.4,52.5,5.75,0.0,983.875,88.5,90.0
1705503600,2024-01-17 15:00:00,2024-01-17 16:00:00,ringsted,-0.6,16.5,4.975,0.025,983.575,90.25,87.5
1705507200,2024-01-17 16:00:00,2024-01-17 17:00:00,ringsted,-0.825,1.0,4.225,0.0,983.367,91.5,56.6667
1705510800,2024-01-17 17:00:00,2024-01-17 18:00:00,ringsted,-1.0,0.0,3.65,0.0,983.367,92.0,37.0833
1705514400,2024-01-17 18:00:00,2024-01-17 19:00:00,ringsted,-1.325,0.0,3.075,0.0,983.408,93.0,83.75
1705518000,2024-01-17 19:00:00,2024-01-17 20:00:00,ringsted,-1.2,0.0,2.925,0.0,983.463,93.5,86.6667
1705521600,2024-01-17 20:00:00,2024-01-17 21:00:00,ringsted,-1.15,0.0,2.825,0.0,983.596,94.0,47.0833
1705525200,2024-01-17 21:00:00,2024-01-17 22:00:00,ringsted,-1.9,0.0,2.125,0.0,983.783,95.0,20.0
1705528800,2024-01-17 22:00:00,2024-01-17 23:00:00,ringsted,-2.75,0.0,2.1,0.0,983.975,96.75,24.1667
1705532400,2024-01-17 23:00:00,2024-01-18 00:00:00,ringsted,-3.4,0.0,1.775,0.0,984.013,97.25,32.5
1705536000,2024-01-18 00:00:00,2024-01-18 01:00:00,ringsted,-3.95,0.0,1.825,0.0,984.417,97.5,11.25
1705539600,2024-01-18 01:00:00,2024-01-18 02:00:00,ringsted,-5.5,0.0,1.125,0.0,984.854,96.75,0.0
1705543200,2024-01-18 02:00:00,2024-01-18 03:00:00,ringsted,-5.75,0.0,1.375,0.0,985.325,96.25,0.0
1705546800,2024-01-18 03:00:00,2024-01-18 04:00:00,ringsted,-5.15,0.0,1.775,0.0,985.65,96.25,0.0
1705550400,2024-01-18 04:00:00,2024-01-18 05:00:00,ringsted,-4.025,0.0,2.175,0.0,986.004,96.0,0.0
1705554000,2024-01-18 05:00:00,2024-01-18 06:00:00,ringsted,-3.825,0.0,2.025,0.0,986.092,96.0,0.0
1705557600,2024-01-18 06:00:00,2024-01-18 07:00:00,ringsted,-3.4,0.0,2.575,0.0,986.446,94.75,0.0
1705561200,2024-01-18 07:00:00,2024-01-18 08:00:00,ringsted,-3.225,0.0,2.7,0.0,986.987,94.0,7.5
1705564800,2024-01-18 08:00:00,2024-01-18 09:00:00,ringsted,-3.45,10.0,2.8,0.0,987.671,94.0,56.25
1705568400,2024-01-18 09:00:00,2024-01-18 10:00:00,ringsted,-2.225,63.5,3.225,0.05,988.483,92.75,42.0833
1705572000,2024-01-18 10:00:00,2024-01-18 11:00:00,ringsted,-1.725,174.5,3.525,0.025,989.129,90.5,14.5455
1705575600,2024-01-18 11:00:00,2024-01-18 12:00:00,ringsted,-1.475,237.0,3.76667,0.0,989.771,89.0,10.0
1705579200,2024-01-18 12:00:00,2024-01-18 13:00:00,ringsted,-0.633333,271.5,4.23333,0.0,990.392,82.3333,0.0
1705582800,2024-01-18 13:00:00,2024-01-18 14:00:00,ringsted,-1.025,226.5,4.275,0.0,991.117,77.0,0.0
1705586400,2024-01-18 14:00:00,2024-01-18 15:00:00,ringsted,-1.4,176.0,4.05,0.0,991.862,72.75,0.0
1705590000,2024-01-18 15:00:00,2024-01-18 16:00:00,ringsted,-1.925,74.5,3.625,0.0,992.775,74.25,0.0
1705593600,2024-01-18 16:00:00,2024-01-18 17:00:00,ringsted,-2.775,4.5,3.15,0.0,993.5,77.0,0.0
1705597200,2024-01-18 17:00:00,2024-01-18 18:00:00,ringsted,-2.75,0.0,3.3,0.0,994.167,79.0,0.0
1705600800,2024-01-18 18:00:00,2024-01-18 19:00:00,ringsted,-2.15,0.0,3.675,0.0,994.721,81.75,0.0
1705604400,2024-01-18 19:00:00,2024-01-18 20:00:00,ringsted,-1.775,0.0,3.75,0.0,995.4,81.0,0.0
1705608000,2024-01-18 20:00:00,2024-01-18 21:00:00,ringsted,-1.45,0.0,4.3,0.0,995.967,81.25,8.33333
1705611600,2024-01-18 21:00:00,2024-01-18 22:00:00,ringsted,-1.15,0.0,4.5,0.0,996.338,82.25,14.1667
1705615200,2024-01-18 22:00:00,2024-01-18 23:00:00,ringsted,-1.025,0.0,4.9,0.0,996.558,84.0,75.8333
1705618800,2024-01-18 23:00:00,2024-01-19 00:00:00,ringsted,-0.65,0.0,5.375,0.0,996.483,85.5,90.8333
1705622400,2024-01-19 00:00:00,2024-01-19 01:00:00,ringsted,-0.25,0.0,6.025,0.0,996.558,86.25,95.0
1705626000,2024-01-19 01:00:00,2024-01-19 02:00:00,ringsted,0.125,0.0,6.575,0.0,996.446,86.0,89.1667
1705629600,2024-01-19 02:00:00,2024-01-19 03:00:00,ringsted,0.125,0.0,7.15,0.0,996.708,87.25,87.5
1705633200,2024-01-19 03:00:00,2024-01-19 04:00:00,ringsted,0.25,0.0,7.4,0.0,997.15,85.75,85.0
1705636800,2024-01-19 04:00:00,2024-01-19 05:00:00,ringsted,-6.93889e-18,0.0,6.675,0.0,997.878,84.0,67.0833
1705640400,2024-01-19 05:00:00,2024-01-19 06:00:00,ringsted,-0.5,0.0,5.45,0.0,998.817,82.25,17.9167
1705644000,2024-01-19 06:00:00,2024-01-19 07:00:00,ringsted,-0.85,0.0,4.975,0.0,999.733,84.5,7.91667
1705647600,2024-01-19 07:00:00,2024-01-19 08:00:00,ringsted,-1.025,0.0,5.4,0.0,1000.6,85.25,1.66667
1705651200,2024-01-19 08:00:00,2024-01-19 09:00:00,ringsted,-1.2,9.0,5.525,0.0,1001.43,84.75,0.833333
1705654800,2024-01-19 09:00:00,2024-01-19 10:00:00,ringsted,-0.85,88.0,5.575,0.0,1002.29,83.5,4.16667
1705658400,2024-01-19 10:00:00,2024-01-19 11:00:00,ringsted,-0.35,176.5,5.65,0.0,1002.98,80.5,10.0
1705662000,2024-01-19 11:00:00,2024-01-19 12:00:00,ringsted,0.175,218.0,5.825,0.0,1003.32,78.0,72.0833
1705665600,2024-01-19 12:00:00,2024-01-19 13:00:00,ringsted,0.825,174.0,6.125,0.0,1003.66,77.25,78.3333
1705669200,2024-01-19 13:00:00,2024-01-19 14:00:00,ringsted,1.0,151.0,6.1,0.075,1003.83,82.25,92.5
1705672800,2024-01-19 14:00:00,2024-01-19 15:00:00,ringsted,1.225,74.0,5.675,0.0,1004.32,84.0,93.3333
1705676400,2024-01-19 15:00:00,2024-01-19 16:00:00,ringsted,1.4,27.0,5.0,0.025,1004.58,87.0,93.3333
1705680000,2024-01-19 16:00:00,2024-01-19 17:00:00,ringsted,1.475,2.0,4.725,0.025,1004.62,87.75,99.1667
1705683600,2024-01-19 17:00:00,2024-01-19 18:00:00,ringsted,0.825,0.0,4.35,0.6,1004.66,93.0,99.1667
1705687200,2024-01-19 18:00:00,2024-01-19 19:00:00,ringsted,0.675,0.0,4.975,0.375,1004.84,95.75,99.1667
1705690800,2024-01-19 19:00:00,2024-01-19 20:00:00,ringsted,1.025,0.0,5.45,0.1,1005.03,94.75,99.1667
1705694400,2024-01-19 20:00:00,2024-01-19 21:00:00,ringsted,1.275,0.0,5.35,0.0,1005.01,94.0,98.3333
1705698000,2024-01-19 21:00:00,2024-01-19 22:00:00,ringsted,1.475,0.0,6.55,0.7,1005.05,94.0,95.8333
1705701600,2024-01-19 22:00:00,2024-01-19 23:00:00,ringsted,1.65,0.0,6.75,0.775,1005.2,93.75,91.6667
1705705200,2024-01-19 23:00:00,2024-01-20 00:00:00,ringsted,2.35,0.0,7.85,0.475,1005.49,91.0,87.5
1705708800,2024-01-20 00:00:00,2024-01-20 01:00:00,ringsted,2.95,0.0,8.8,0.0,1005.75,86.5,87.5
1705712400,2024-01-20 01:00:00,2024-01-20 02:00:00,ringsted,3.0,0.0,8.625,0.0,1006.2,86.0,92.5
1705716000,2024-01-20 02:00:00,2024-01-20 03:00:00,ringsted,3.1,0.0,8.425,0.0,1006.6,86.25,98.3333
1705719600,2024-01-20 03:00:00,2024-01-20 04:00:00,ringsted,3.25,0.0,8.5,0.0,1006.77,86.25,98.3333
1705723200,2024-01-20 04:00:00,2024-01-20 05:00:00,ringsted,3.325,0.0,8.95,0.025,1007.23,86.25,98.3333
1705726800,2024-01-20 05:00:00,2024-01-20 06:00:00,ringsted,3.375,0.0,9.275,0.0,1007.66,85.75,98.3333
1705730400,2024-01-20 06:00:00,2024-01-20 07:00:00,ringsted,3.325,0.0,9.375,0.0,1008.12,86.0,98.3333
1705734000,2024-01-20 07:00:00,2024-01-20 08:00:00,ringsted,3.35,0.0,9.275,0.05,1009.03,86.25,95.0
1705737600,2024-01-20 08:00:00,2024-01-20 09:00:00,ringsted,3.4,2.5,8.65,0.2,1010.33,85.25,95.8333
1705741200,2024-01-20 09:00:00,2024-01-20 10:00:00,ringsted,3.05,12.5,7.2,0.425,1011.6,87.25,99.1667
1705744800,2024-01-20 10:00:00,2024-01-20 11:00:00,ringsted,2.775,25.5,6.525,0.375,1012.91,90.0,99.1667
1705748400,2024-01-20 11:00:00,2024-01-20 12:00:00,ringsted,2.675,34.5,5.125,0.825,1013.85,92.75,99.1667
1705752000,2024-01-20 12:00:00,2024-01-20 13:00:00,ringsted,2.7,42.0,4.125,0.7,1014.32,94.5,98.3333
1705755600,2024-01-20 13:00:00,2024-01-20 14:00:00,ringsted,2.7,45.0,3.5,0.35,1014.85,94.75,96.6667
1705759200,2024-01-20 14:00:00,2024-01-20 15:00:00,ringsted,2.75,26.5,3.1,0.275,1015.64,94.25,99.1667
1705762800,2024-01-20 15:00:00,2024-01-20 16:00:00,ringsted,2.55,8.5,2.95,0.225,1016.39,94.0,98.3333
1705766400,2024-01-20 16:00:00,2024-01-20 17:00:00,ringsted,2.325,0.5,2.775,0.0,1016.88,94.5,99.1667
1705770000,2024-01-20 17:00:00,2024-01-20 18:00:00,ringsted,2.375,0.0,3.275,0.0,1017.35,94.5,98.3333
1705773600,2024-01-20 18:00:00,2024-01-20 19:00:00,ringsted,2.55,0.0,4.075,0.0,1018.02,94.25,95.8333
1705777200,2024-01-20 19:00:00,2024-01-20 20:00:00,ringsted,2.525,0.0,4.825,0.0,1018.42,93.75,95.0
1705780800,2024-01-20 20:00:00,2024-01-20 21:00:00,ringsted,2.425,0.0,5.175,0.0,1018.49,92.75,98.3333
1705784400,2024-01-20 21:00:00,2024-01-20 22:00:00,ringsted,2.175,0.0,5.025,0.0,1018.4,92.5,95.8333
1705788000,2024-01-20 22:00:00,2024-01-20 23:00:00,ringsted,1.975,0.0,5.2,0.0,1018.36,91.75,85.0
1705791600,2024-01-20 23:00:00,2024-01-21 00:00:00,ringsted,1.65,0.0,5.325,0.0,1018.28,90.0,78.3333
1705795200,2024-01-21 00:00:00,2024-01-21 01:00:00,ringsted,1.075,0.0,5.325,0.0,1017.94,88.0,95.8333
1705798800,2024-01-21 01:00:00,2024-01-21 02:00:00,ringsted,0.625,0.0,4.925,0.0,1017.57,86.0,85.0
1705802400,2024-01-21 02:00:00,2024-01-21 03:00:00,ringsted,0.35,0.0,4.625,0.0,1017.28,84.75,94.1667
1705806000,2024-01-21 03:00:00,2024-01-21 04:00:00,ringsted,0.325,0.0,4.675,0.0,1016.8,80.5,94.1667
1705809600,2024-01-21 04:00:00,2024-01-21 05:00:00,ringsted,0.625,0.0,5.075,0.0,1016.37,75.0,99.1667
1705813200,2024-01-21 05:00:00,2024-01-21 06:00:00,ringsted,0.9,0.0,5.175,0.0,1015.76,69.75,97.5
1705816800,2024-01-21 06:00:00,2024-01-21 07:00:00,ringsted,1.15,0.0,5.6,0.0,1014.96,66.0,82.5
1705820400,2024-01-21 07:00:00,2024-01-21 08:00:00,ringsted,1.15,0.0,5.225,0.0,1014.21,64.0,89.5833
1705824000,2024-01-21 08:00:00,2024-01-21 09:00:00,ringsted,1.375,3.5,5.65,0.0,1013.31,60.75,95.0
1705827600,2024-01-21 09:00:00,2024-01-21 10:00:00,ringsted,1.95,24.5,6.25,0.0,1011.92,55.25,78.3333
1705831200,2024-01-21 10:00:00,2024-01-21 11:00:00,ringsted,2.525,55.5,7.7,0.0,1010.94,48.75,70.4167
1705834800,2024-01-21 11:00:00,2024-01-21 12:00:00,ringsted,2.8,65.5,7.775,0.0,1009.94,47.25,89.5833
1705838400,2024-01-21 12:00:00,2024-01-21 13:00:00,ringsted,2.6,52.5,7.95,0.0,1009.22,48.5,95.0
1705842000,2024-01-21 13:00:00,2024-01-21 14:00:00,ringsted,2.35,56.0,8.3,0.0,1008.88,51.25,94.1667
1705845600,2024-01-21 14:00:00,2024-01-21 15:00:00,ringsted,1.825,47.0,8.5,0.0,1008.92,63.0,93.3333
1705849200,2024-01-21 15:00:00,2024-01-21 16:00:00,ringsted,1.55,12.0,7.925,0.025,1008.82,74.0,97.5
1705852800,2024-01-21 16:00:00,2024-01-21 17:00:00,ringsted,1.7,0.5,7.175,0.05,1008.69,79.75,98.3333
1705856400,2024-01-21 17:00:00,2024-01-21 18:00:00,ringsted,2.175,0.0,6.8,0.0,1008.11,79.75,98.3333
1705860000,2024-01-21 18:00:00,2024-01-21 19:00:00,ringsted,2.65,0.0,7.625,0.0,1008.2,77.5,98.3333
1705863600,2024-01-21 19:00:00,2024-01-21 20:00:00,ringsted,2.575,0.0,8.075,0.0,1007.77,83.25,96.6667
1705867200,2024-01-21 20:00:00,2024-01-21 21:00:00,ringsted,2.725,0.0,7.85,0.0,1006.8,84.75,96.6667
1705870800,2024-01-21 21:00:00,2024-01-21 22:00:00,ringsted,2.875,0.0,7.75,0.0,1005.74,84.75,98.3333
1705874400,2024-01-21 22:00:00,2024-01-21 23:00:00,ringsted,3.05,0.0,8.175,0.0,1003.89,85.25,91.6667
1705878000,2024-01-21 23:00:00,2024-01-22 00:00:00,ringsted,3.05,0.0,8.0,0.0,1002.33,85.75,95.8333
1705881600,2024-01-22 00:00:00,2024-01-22 01:00:00,ringsted,3.25,0.0,8.65,0.0,1001.36,85.75,95.0
1705885200,2024-01-22 01:00:00,2024-01-22 02:00:00,ringsted,3.675,0.0,9.125,0.05,998.87,85.0,93.3333
1705888800,2024-01-22 02:00:00,2024-01-22 03:00:00,ringsted,3.65,0.0,9.15,0.4,996.246,89.0,97.5
1705892400,2024-01-22 03:00:00,2024-01-22 04:00:00,ringsted,3.875,0.0,9.875,0.0,995.05,88.75,96.6667
1705896000,2024-01-22 04:00:00,2024-01-22 05:00:00,ringsted,4.425,0.0,11.25,0.225,993.275,85.5,97.5
1705899600,2024-01-22 05:00:00,2024-01-22 06:00:00,ringsted,4.3,0.0,11.4,1.5,991.571,90.0,98.3333
1705903200,2024-01-22 06:00:00,2024-01-22 07:00:00,ringsted,4.7,0.0,11.125,0.2,990.483,91.0,99.1667
1705906800,2024-01-22 07:00:00,2024-01-22 08:00:00,ringsted,5.125,0.0,11.175,0.55,989.854,92.25,99.1667
1705910400,2024-01-22 08:00:00,2024-01-22 09:00:00,ringsted,5.4,0.5,11.3,0.5,989.6,92.75,99.1667
1705914000,2024-01-22 09:00:00,2024-01-22 10:00:00,ringsted,5.725,9.0,11.2,0.6,989.763,94.5,90.8333
1705917600,2024-01-22 10:00:00,2024-01-22 11:00:00,ringsted,6.5,58.0,9.7,0.6,990.329,94.5,70.8333
1705921200,2024-01-22 11:00:00,2024-01-22 12:00:00,ringsted,7.525,155.0,8.45,0.0,990.612,89.5,67.5
1705924800,2024-01-22 12:00:00,2024-01-22 13:00:00,ringsted,7.975,205.0,8.3,0.0,991.108,82.25,61.6667
1705928400,2024-01-22 13:00:00,2024-01-22 14:00:00,ringsted,7.925,192.0,8.125,0.0,991.438,78.0,83.3333
1705932000,2024-01-22 14:00:00,2024-01-22 15:00:00,ringsted,7.55,95.0,8.025,0.0,992.017,77.25,98.3333
1705935600,2024-01-22 15:00:00,2024-01-22 16:00:00,ringsted,7.15,27.0,7.6,0.0,992.754,77.75,98.3333
1705939200,2024-01-22 16:00:00,2024-01-22 17:00:00,ringsted,6.725,3.0,7.2,0.0,993.525,78.75,87.5
1705942800,2024-01-22 17:00:00,2024-01-22 18:00:00,ringsted,6.35,0.0,7.3,0.0,994.312,80.0,95.0
1705946400,2024-01-22 18:00:00,2024-01-22 19:00:00,ringsted,5.975,0.0,7.1,0.0,995.054,81.25,98.3333
1705950000,2024-01-22 19:00:00,2024-01-22 20:00:00,ringsted,5.725,0.0,7.125,0.0,995.621,82.5,97.5
1705953600,2024-01-22 20:00:00,2024-01-22 21:00:00,ringsted,5.65,0.0,7.85,0.0,996.079,82.0,92.5
1705957200,2024-01-22 21:00:00,2024-01-22 22:00:00,ringsted,5.525,0.0,8.1,0.0,996.45,82.5,94.1667
1705960800,2024-01-22 22:00:00,2024-01-22 23:00:00,ringsted,5.625,0.0,8.075,0.0,997.104,82.25,95.0
1705964400,2024-01-22 23:00:00,2024-01-23 00:00:00,ringsted,5.5,0.0,7.8,0.025,997.5,82.75,90.0
1705968000,2024-01-23 00:00:00,2024-01-23 01:00:00,ringsted,5.425,0.0,7.9,0.0,997.692,83.25,76.6667
1705971600,2024-01-23 01:00:00,2024-01-23 02:00:00,ringsted,5.125,0.0,7.4,0.0,998.054,84.0,83.3333
1705975200,2024-01-23 02:00:00,2024-01-23 03:00:00,ringsted,5.225,0.0,7.7,0.0,998.142,82.5,82.0833
1705978800,2024-01-23 03:00:00,2024-01-23 04:00:00,ringsted,5.075,0.0,7.575,0.0,998.227,82.25,65.9091
1705982400,2024-01-23 04:00:00,2024-01-23 05:00:00,ringsted,4.65,0.0,7.575,0.075,998.891,84.5,77.9167
1705986000,2024-01-23 05:00:00,2024-01-23 06:00:00,ringsted,4.625,0.0,7.1,0.025,999.588,85.25,83.3333
1705989600,2024-01-23 06:00:00,2024-01-23 07:00:00,ringsted,4.65,0.0,7.675,0.0,1000.0,85.25,91.25
1705993200,2024-01-23 07:00:00,2024-01-23 08:00:00,ringsted,4.55,0.0,7.55,0.0,1001.26,86.75,97.5
1705996800,2024-01-23 08:00:00,2024-01-23 09:00:00,ringsted,4.75,5.0,7.125,0.0,1002.92,88.5,93.3333
1706000400,2024-01-23 09:00:00,2024-01-23 10:00:00,ringsted,5.35,28.5,6.675,0.05,1004.52,86.75,93.3333
1706004000,2024-01-23 10:00:00,2024-01-23 11:00:00,ringsted,5.95,65.0,7.325,0.05,1005.79,83.75,92.5
1706007600,2024-01-23 11:00:00,2024-01-23 12:00:00,ringsted,6.5,111.0,7.35,0.0,1006.73,79.75,90.8333
1706011200,2024-01-23 12:00:00,2024-01-23 13:00:00,ringsted,6.575,93.5,7.775,0.0,1007.65,79.0,92.5
1706014800,2024-01-23 13:00:00,2024-01-23 14:00:00,ringsted,6.825,148.0,7.7,0.0,1008.18,77.5,50.4167
1706018400,2024-01-23 14:00:00,2024-01-23 15:00:00,ringsted,6.7,131.0,7.25,0.0,1009.19,77.25,52.9167
1706022000,2024-01-23 15:00:00,2024-01-23 16:00:00,ringsted,6.1,39.0,7.1,0.0,1009.57,79.25,32.5
1706025600,2024-01-23 16:00:00,2024-01-23 17:00:00,ringsted,5.25,5.0,5.975,0.0,1010.03,82.25,6.25
1706029200,2024-01-23 17:00:00,2024-01-23 18:00:00,ringsted,4.75,0.0,5.975,0.0,1010.06,85.75,65.8333
1706032800,2024-01-23 18:00:00,2024-01-23 19:00:00,ringsted,4.8,0.0,6.4,0.0,1009.72,87.25,78.3333
1706036400,2024-01-23 19:00:00,2024-01-23 20:00:00,ringsted,4.6,0.0,5.825,0.0,1008.84,88.5,92.5
1706040000,2024-01-23 20:00:00,2024-01-23 21:00:00,ringsted,4.45,0.0,5.6,0.0,1007.28,88.75,94.1667
1706043600,2024-01-23 21:00:00,2024-01-23 22:00:00,ringsted,4.6,0.0,6.925,0.1,1005.3,87.0,97.5
1706047200,2024-01-23 22:00:00,2024-01-23 23:00:00,ringsted,4.35,0.0,7.6,0.8,1002.33,89.75,95.8333
1706050800,2024-01-23 23:00:00,2024-01-24 00:00:00,ringsted,4.05,0.0,7.7,0.95,999.204,93.25,98.3333
1706054400,2024-01-24 00:00:00,2024-01-24 01:00:00,ringsted,4.3,0.0,9.275,1.55,996.371,94.75,98.3333
1706058000,2024-01-24 01:00:00,2024-01-24 02:00:00,ringsted,4.7,0.0,9.45,2.6,994.096,95.25,98.3333
1706061600,2024-01-24 02:00:00,2024-01-24 03:00:00,ringsted,5.25,0.0,9.775,1.6,992.467,95.75,99.1667
1706065200,2024-01-24 03:00:00,2024-01-24 04:00:00,ringsted,6.2,0.0,9.4,1.425,991.708,96.5,95.8333
1706068800,2024-01-24 04:00:00,2024-01-24 05:00:00,ringsted,7.85,0.0,9.275,0.25,991.329,94.5,95.0
1706072400,2024-01-24 05:00:00,2024-01-24 06:00:00,ringsted,8.25,0.0,8.575,0.225,991.2,92.25,95.0
1706076000,2024-01-24 06:00:00,2024-01-24 07:00:00,ringsted,8.0,0.0,9.0,0.2,991.292,90.5,96.6667
1706079600,2024-01-24 07:00:00,2024-01-24 08:00:00,ringsted,7.925,0.0,9.575,0.025,991.554,86.25,97.5
1706083200,2024-01-24 08:00:00,2024-01-24 09:00:00,ringsted,7.8,3.0,9.6,0.0,991.917,83.0,97.5
1706086800,2024-01-24 09:00:00,2024-01-24 10:00:00,ringsted,7.6,17.5,9.825,0.025,992.0,82.25,96.6667
1706090400,2024-01-24 10:00:00,2024-01-24 11:00:00,ringsted,7.175,46.5,10.05,0.0,991.992,86.0,95.8333
1706094000,2024-01-24 11:00:00,2024-01-24 12:00:00,ringsted,7.425,73.5,10.55,0.025,992.325,84.75,95.8333
1706097600,2024-01-24 12:00:00,2024-01-24 13:00:00,ringsted,7.05,66.5,10.325,0.0,992.896,88.5,97.5
1706101200,2024-01-24 13:00:00,2024-01-24 14:00:00,ringsted,7.225,53.0,9.3,0.0,993.483,87.0,96.6667
1706104800,2024-01-24 14:00:00,2024-01-24 15:00:00,ringsted,7.4,49.5,9.175,0.025,994.296,85.75,95.0
1706108400,2024-01-24 15:00:00,2024-01-24 16:00:00,ringsted,7.325,19.0,9.55,0.1,995.233,87.0,95.8333
1706112000,2024-01-24 16:00:00,2024-01-24 17:00:00,ringsted,7.025,1.5,10.525,0.1,996.267,89.75,95.0
1706115600,2024-01-24 17:00:00,2024-01-24 18:00:00,ringsted,7.175,0.0,11.2,0.025,997.267,83.25,95.0
1706119200,2024-01-24 18:00:00,2024-01-24 19:00:00,ringsted,7.0,0.0,10.825,0.15,998.1,81.5,95.0
1706122800,2024-01-24 19:00:00,2024-01-24 20:00:00,ringsted,7.025,0.0,11.675,0.0,999.27,80.25,84.1667
1706126400,2024-01-24 20:00:00,2024-01-24 21:00:00,ringsted,6.95,0.0,11.95,0.0,1000.3,79.75,70.8333
1706130000,2024-01-24 21:00:00,2024-01-24 22:00:00,ringsted,6.8,0.0,11.45,0.0,1001.21,77.75,95.0
1706133600,2024-01-24 22:00:00,2024-01-24 23:00:00,ringsted,6.65,0.0,11.075,0.025,1001.86,78.0,92.5
1706137200,2024-01-24 23:00:00,2024-01-25 00:00:00,ringsted,6.45,0.0,11.15,0.1,1002.53,79.75,95.8333
1706140800,2024-01-25 00:00:00,2024-01-25 01:00:00,ringsted,6.525,0.0,11.725,0.0,1003.0,81.25,99.1667
1706144400,2024-01-25 01:00:00,2024-01-25 02:00:00,ringsted,6.7,0.0,12.825,0.0,1003.84,81.0,93.3333
1706148000,2024-01-25 02:00:00,2024-01-25 03:00:00,ringsted,6.65,0.0,12.15,0.0,1004.95,77.0,57.5
1706151600,2024-01-25 03:00:00,2024-01-25 04:00:00,ringsted,6.4,0.0,11.35,0.0,1006.06,76.0,69.1667
1706155200,2024-01-25 04:00:00,2024-01-25 05:00:00,ringsted,6.225,0.0,10.45,0.0,1007.28,76.25,67.5
1706158800,2024-01-25 05:00:00,2024-01-25 06:00:00,ringsted,6.05,0.0,10.525,0.0,1008.45,77.0,50.8333
1706162400,2024-01-25 06:00:00,2024-01-25 07:00:00,ringsted,5.725,0.0,9.775,0.0,1009.72,79.0,41.25
1706166000,2024-01-25 07:00:00,2024-01-25 08:00:00,ringsted,5.425,0.0,8.95,0.0,1011.15,80.0,21.25
1706169600,2024-01-25 08:00:00,2024-01-25 09:00:00,ringsted,5.15,15.0,8.075,0.0,1012.27,81.75,33.75
1706173200,2024-01-25 09:00:00,2024-01-25 10:00:00,ringsted,5.325,95.0,7.85,0.0,1013.33,81.5,0.833333
1706176800,2024-01-25 10:00:00,2024-01-25 11:00:00,ringsted,5.725,183.5,7.1,0.0,1014.58,79.5,7.08333
1706180400,2024-01-25 11:00:00,2024-01-25 12:00:00,ringsted,6.1,256.0,6.825,0.0,1015.27,78.5,36.6667
1706184000,2024-01-25 12:00:00,2024-01-25 13:00:00,ringsted,6.275,218.0,6.225,0.0,1015.7,78.25,39.5833
1706187600,2024-01-25 13:00:00,2024-01-25 14:00:00,ringsted,6.35,223.0,6.275,0.0,1016.22,77.75,0.833333
1706191200,2024-01-25 14:00:00,2024-01-25 15:00:00,ringsted,6.275,180.5,5.05,0.0,1016.68,78.5,0.0
1706194800,2024-01-25 15:00:00,2024-01-25 16:00:00,ringsted,5.8,78.5,4.3,0.0,1017.25,81.5,14.5833
1706198400,2024-01-25 16:00:00,2024-01-25 17:00:00,ringsted,4.425,6.0,3.05,0.0,1017.68,87.0,0.909091
1706202000,2024-01-25 17:00:00,2024-01-25 18:00:00,ringsted,3.55,0.0,2.15,0.0,1017.78,90.25,0.0
1706205600,2024-01-25 18:00:00,2024-01-25 19:00:00,ringsted,2.925,0.0,2.3,0.0,1017.92,91.25,0.0
1706209200,2024-01-25 19:00:00,2024-01-25 20:00:00,ringsted,2.225,0.0,1.8,0.0,1018.05,92.75,0.0
1706212800,2024-01-25 20:00:00,2024-01-25 21:00:00,ringsted,1.8,0.0,2.1,0.0,1018.0,94.0,0.0
1706216400,2024-01-25 21:00:00,2024-01-25 22:00:00,ringsted,1.825,0.0,1.825,0.0,1017.92,95.25,21.25
1706220000,2024-01-25 22:00:00,2024-01-25 23:00:00,ringsted,1.475,0.0,1.975,0.0,1017.86,96.5,61.6667
1706223600,2024-01-25 23:00:00,2024-01-26 00:00:00,ringsted,1.8,0.0,2.25,0.0,1017.84,97.0,79.5833
1706227200,2024-01-26 00:00:00,2024-01-26 01:00:00,ringsted,2.025,0.0,1.675,0.0,1017.64,97.0,98.3333
1706230800,2024-01-26 01:00:00,2024-01-26 02:00:00,ringsted,2.575,0.0,2.8,0.0,1017.29,96.25,99.1667
1706234400,2024-01-26 02:00:00,2024-01-26 03:00:00,ringsted,2.675,0.0,2.975,0.0,1016.41,96.75,99.1667
1706238000,2024-01-26 03:00:00,2024-01-26 04:00:00,ringsted,2.625,0.0,2.95,0.0,1015.5,97.25,100.0
1706241600,2024-01-26 04:00:00,2024-01-26 05:00:00,ringsted,2.525,0.0,3.525,0.0,1014.5,98.5,47.5
1706245200,2024-01-26 05:00:00,2024-01-26 06:00:00,ringsted,2.575,0.0,4.0,0.0,1013.27,99.0,56.6667
1706248800,2024-01-26 06:00:00,2024-01-26 07:00:00,ringsted,2.875,0.0,4.525,0.0,1011.89,99.0,98.3333
1706252400,2024-01-26 07:00:00,2024-01-26 08:00:00,ringsted,3.275,0.0,5.225,0.0,1010.37,98.0,98.3333
1706256000,2024-01-26 08:00:00,2024-01-26 09:00:00,ringsted,3.475,2.0,5.65,0.0,1008.7,97.75,90.0
1706259600,2024-01-26 09:00:00,2024-01-26 10:00:00,ringsted,3.875,11.5,6.325,0.075,1006.85,98.5,98.3333
1706263200,2024-01-26 10:00:00,2024-01-26 11:00:00,ringsted,4.25,13.0,6.95,1.15,1005.15,98.75,98.3333
1706266800,2024-01-26 11:00:00,2024-01-26 12:00:00,ringsted,4.825,10.0,6.85,4.05,1003.08,98.5,98.3333
1706270400,2024-01-26 12:00:00,2024-01-26 13:00:00,ringsted,5.825,16.0,7.275,2.525,1001.93,97.25,97.5
1706274000,2024-01-26 13:00:00,2024-01-26 14:00:00,ringsted,7.125,53.0,7.6,0.35,1001.82,96.25,92.5
1706277600,2024-01-26 14:00:00,2024-01-26 15:00:00,ringsted,7.6,32.5,7.275,0.05,1002.64,93.0,95.0
1706281200,2024-01-26 15:00:00,2024-01-26 16:00:00,ringsted,6.775,19.0,8.575,0.875,1004.6,90.75,85.0
1706284800,2024-01-26 16:00:00,2024-01-26 17:00:00,ringsted,5.4,8.5,10.325,0.2,1006.25,82.75,84.5833
1706288400,2024-01-26 17:00:00,2024-01-26 18:00:00,ringsted,5.35,0.0,10.0,0.0,1007.43,81.5,61.6667
1706292000,2024-01-26 18:00:00,2024-01-26 19:00:00,ringsted,5.375,0.0,11.025,0.0,1008.7,76.5,78.3333
1706295600,2024-01-26 19:00:00,2024-01-26 20:00:00,ringsted,5.225,0.0,11.425,0.0,1009.84,73.75,66.25
1706299200,2024-01-26 20:00:00,2024-01-26 21:00:00,ringsted,5.075,0.0,11.375,0.0,1010.98,74.25,26.6667
1706302800,2024-01-26 21:00:00,2024-01-26 22:00:00,ringsted,4.9,0.0,11.25,0.0,1012.2,75.25,12.9167
1706306400,2024-01-26 22:00:00,2024-01-26 23:00:00,ringsted,4.8,0.0,11.025,0.0,1013.42,75.5,3.33333
1706310000,2024-01-26 23:00:00,2024-01-27 00:00:00,ringsted,4.725,0.0,10.95,0.0,1014.66,75.75,11.25
1706313600,2024-01-27 00:00:00,2024-01-27 01:00:00,ringsted,4.65,0.0,10.8,0.0,1015.76,77.25,20.8333
1706317200,2024-01-27 01:00:00,2024-01-27 02:00:00,ringsted,4.5,0.0,10.025,0.0,1016.78,78.75,28.75
1706320800,2024-01-27 02:00:00,2024-01-27 03:00:00,ringsted,4.375,0.0,9.25,0.0,1017.67,80.5,7.5
1706324400,2024-01-27 03:00:00,2024-01-27 04:00:00,ringsted,4.25,0.0,8.625,0.0,1018.53,83.0,12.0833
1706328000,2024-01-27 04:00:00,2024-01-27 05:00:00,ringsted,4.15,0.0,7.65,0.0,1019.35,85.0,53.3333
1706331600,2024-01-27 05:00:00,2024-01-27 06:00:00,ringsted,4.1,0.0,6.525,0.0,1020.22,86.5,64.1667
1706335200,2024-01-27 06:00:00,2024-01-27 07:00:00,ringsted,4.1,0.0,6.05,0.0,1021.2,87.0,86.25
1706338800,2024-01-27 07:00:00,2024-01-27 08:00:00,ringsted,4.3,0.0,5.15,0.0,1022.06,87.25,95.8333
1706342400,2024-01-27 08:00:00,2024-01-27 09:00:00,ringsted,4.75,8.0,5.125,0.0,1022.68,86.5,98.3333
1706346000,2024-01-27 09:00:00,2024-01-27 10:00:00,ringsted,5.15,32.0,5.875,0.0,1023.29,85.25,95.8333
1706349600,2024-01-27 10:00:00,2024-01-27 11:00:00,ringsted,5.475,73.0,6.025,0.0,1023.8,85.0,94.1667
1706353200,2024-01-27 11:00:00,2024-01-27 12:00:00,ringsted,5.725,110.5,6.25,0.0,1024.09,84.75,99.1667
1706356800,2024-01-27 12:00:00,2024-01-27 13:00:00,ringsted,5.65,94.0,5.925,0.0,1024.38,86.0,100.0
1706360400,2024-01-27 13:00:00,2024-01-27 14:00:00,ringsted,5.5,72.5,5.65,0.0,1024.67,88.0,99.1667
1706364000,2024-01-27 14:00:00,2024-01-27 15:00:00,ringsted,5.475,62.0,5.55,0.0,1024.94,88.25,97.5
1706367600,2024-01-27 15:00:00,2024-01-27 16:00:00,ringsted,5.55,33.0,5.25,0.0,1025.22,88.25,94.1667
1706371200,2024-01-27 16:00:00,2024-01-27 17:00:00,ringsted,5.55,5.0,5.15,0.0,1025.49,88.75,82.5
1706374800,2024-01-27 17:00:00,2024-01-27 18:00:00,ringsted,5.425,0.0,4.9,0.0,1025.99,89.0,88.75
1706378400,2024-01-27 18:00:00,2024-01-27 19:00:00,ringsted,5.425,0.0,4.5,0.0,1026.43,88.5,94.1667
1706382000,2024-01-27 19:00:00,2024-01-27 20:00:00,ringsted,5.4,0.0,4.475,0.0,1026.62,89.0,97.5
1706385600,2024-01-27 20:00:00,2024-01-27 21:00:00,ringsted,5.3,0.0,4.675,0.0,1026.91,89.25,95.0
1706389200,2024-01-27 21:00:00,2024-01-27 22:00:00,ringsted,5.225,0.0,4.0,0.0,1027.25,89.0,52.5
1706392800,2024-01-27 22:00:00,2024-01-27 23:00:00,ringsted,4.8,0.0,4.275,0.0,1027.35,89.75,27.9167
1706396400,2024-01-27 23:00:00,2024-01-28 00:00:00,ringsted,4.2,0.0,4.15,0.0,1027.63,91.5,30.4167
1706400000,2024-01-28 00:00:00,2024-01-28 01:00:00,ringsted,3.925,0.0,4.55,0.0,1027.49,92.75,21.6667
1706403600,2024-01-28 01:00:00,2024-01-28 02:00:00,ringsted,3.55,0.0,4.5,0.0,1027.56,94.5,34.5833
1706407200,2024-01-28 02:00:00,2024-01-28 03:00:00,ringsted,3.225,0.0,4.175,0.0,1027.65,95.0,40.8333
1706410800,2024-01-28 03:00:00,2024-01-28 04:00:00,ringsted,2.975,0.0,3.95,0.0,1027.72,95.25,80.8333
1706414400,2024-01-28 04:00:00,2024-01-28 05:00:00,ringsted,3.175,0.0,4.0,0.0,1027.67,94.25,94.1667
1706418000,2024-01-28 05:00:00,2024-01-28 06:00:00,ringsted,3.1,0.0,4.075,0.0,1027.71,94.0,91.6667
1706421600,2024-01-28 06:00:00,2024-01-28 07:00:00,ringsted,2.875,0.0,2.95,0.0,1027.61,93.5,48.3333
1706425200,2024-01-28 07:00:00,2024-01-28 08:00:00,ringsted,2.35,0.0,2.825,0.0,1027.8,94.25,45.8333
1706428800,2024-01-28 08:00:00,2024-01-28 09:00:00,ringsted,1.95,14.5,2.35,0.0,1027.7,95.0,45.8333
1706432400,2024-01-28 09:00:00,2024-01-28 10:00:00,ringsted,2.025,111.0,3.0,0.0,1027.62,95.25,10.4167
1706436000,2024-01-28 10:00:00,2024-01-28 11:00:00,ringsted,2.825,190.5,3.65,0.0,1027.58,91.25,0.833333
1706439600,2024-01-28 11:00:00,2024-01-28 12:00:00,ringsted,3.8,241.0,4.4,0.0,1027.35,84.75,0.0
1706443200,2024-01-28 12:00:00,2024-01-28 13:00:00,ringsted,4.675,269.0,5.075,0.0,1026.89,79.0,0.0
1706446800,2024-01-28 13:00:00,2024-01-28 14:00:00,ringsted,5.475,234.0,5.3,0.0,1026.3,73.75,0.833333
1706450400,2024-01-28 14:00:00,2024-01-28 15:00:00,ringsted,5.425,143.0,5.025,0.0,1025.71,70.75,0.0
1706454000,2024-01-28 15:00:00,2024-01-28 16:00:00,ringsted,4.875,88.0,4.175,0.0,1025.33,72.75,0.0
1706457600,2024-01-28 16:00:00,2024-01-28 17:00:00,ringsted,3.9,23.5,3.875,0.0,1024.9,78.5,9.58333
1706461200,2024-01-28 17:00:00,2024-01-28 18:00:00,ringsted,3.075,0.0,4.05,0.0,1024.54,82.5,2.72727
1706464800,2024-01-28 18:00:00,2024-01-28 19:00:00,ringsted,3.15,0.0,4.55,0.0,1023.92,81.0,3.33333
1706468400,2024-01-28 19:00:00,2024-01-28 20:00:00,ringsted,3.45,0.0,5.5,0.0,1023.43,80.0,1.66667
1706472000,2024-01-28 20:00:00,2024-01-28 21:00:00,ringsted,3.325,0.0,4.95,0.0,1022.89,79.75,56.25
1706475600,2024-01-28 21:00:00,2024-01-28 22:00:00,ringsted,3.325,0.0,4.575,0.0,1022.42,77.5,55.0
1706479200,2024-01-28 22:00:00,2024-01-28 23:00:00,ringsted,3.275,0.0,4.525,0.0,1022.06,76.5,60.0
1706482800,2024-01-28 23:00:00,2024-01-29 00:00:00,ringsted,3.225,0.0,4.2,0.0,1021.59,76.0,73.75
1706486400,2024-01-29 00:00:00,2024-01-29 01:00:00,ringsted,3.225,0.0,4.575,0.0,1021.04,76.0,88.75
1706490000,2024-01-29 01:00:00,2024-01-29 02:00:00,ringsted,3.275,0.0,4.725,0.0,1020.8,75.5,90.0
1706493600,2024-01-29 02:00:00,2024-01-29 03:00:00,ringsted,3.275,0.0,4.275,0.0,1020.53,75.25,75.8333
1706497200,2024-01-29 03:00:00,2024-01-29 04:00:00,ringsted,3.375,0.0,3.975,0.0,1019.98,74.0,30.4167
1706500800,2024-01-29 04:00:00,2024-01-29 05:00:00,ringsted,3.4,0.0,4.625,0.0,1019.62,72.5,8.33333
1706504400,2024-01-29 05:00:00,2024-01-29 06:00:00,ringsted,3.075,0.0,4.8,0.0,1019.37,73.25,0.0
1706508000,2024-01-29 06:00:00,2024-01-29 07:00:00,ringsted,2.675,0.0,4.325,0.0,1019.47,74.25,0.0
1706511600,2024-01-29 07:00:00,2024-01-29 08:00:00,ringsted,2.425,0.0,4.1,0.0,1019.76,74.75,0.0
1706515200,2024-01-29 08:00:00,2024-01-29 09:00:00,ringsted,2.625,25.0,4.1,0.0,1020.15,74.0,0.0
1706518800,2024-01-29 09:00:00,2024-01-29 10:00:00,ringsted,3.425,115.5,3.425,0.0,1020.5,71.75,0.0
1706522400,2024-01-29 10:00:00,2024-01-29 11:00:00,ringsted,4.6,196.0,3.35,0.0,1020.8,68.25,9.16667
1706526000,2024-01-29 11:00:00,2024-01-29 12:00:00,ringsted,5.75,254.0,3.725,0.0,1020.7,64.5,4.16667
1706529600,2024-01-29 12:00:00,2024-01-29 13:00:00,ringsted,6.325,261.5,3.675,0.0,1020.58,63.0,8.33333
1706533200,2024-01-29 13:00:00,2024-01-29 14:00:00,ringsted,6.625,223.0,3.3,0.0,1020.56,62.25,21.6667
1706536800,2024-01-29 14:00:00,2024-01-29 15:00:00,ringsted,6.125,126.0,2.825,0.0,1020.92,66.0,3.33333
1706540400,2024-01-29 15:00:00,2024-01-29 16:00:00,ringsted,5.35,64.0,2.15,0.0,1021.08,71.25,12.0833
1706544000,2024-01-29 16:00:00,2024-01-29 17:00:00,ringsted,4.3,12.5,2.0,0.0,1021.21,75.5,29.5833
1706547600,2024-01-29 17:00:00,2024-01-29 18:00:00,ringsted,3.325,0.0,2.4,0.0,1021.54,80.25,64.5833
1706551200,2024-01-29 18:00:00,2024-01-29 19:00:00,ringsted,2.975,0.0,2.0,0.0,1021.68,81.75,39.5833
1706554800,2024-01-29 19:00:00,2024-01-29 20:00:00,ringsted,2.575,0.0,1.825,0.0,1021.98,83.5,67.5
1706558400,2024-01-29 20:00:00,2024-01-29 21:00:00,ringsted,2.5,0.0,2.15,0.0,1022.17,85.25,60.0
1706562000,2024-01-29 21:00:00,2024-01-29 22:00:00,ringsted,2.675,0.0,1.575,0.0,1022.22,87.25,93.3333
1706565600,2024-01-29 22:00:00,2024-01-29 23:00:00,ringsted,2.95,0.0,1.375,0.0,1022.26,91.5,98.3333
1706569200,2024-01-29 23:00:00,2024-01-30 00:00:00,ringsted,3.35,0.0,1.825,0.0,1022.35,94.5,99.1667
1706572800,2024-01-30 00:00:00,2024-01-30 01:00:00,ringsted,3.525,0.0,1.975,0.0,1022.31,97.75,99.1667
1706576400,2024-01-30 01:00:00,2024-01-30 02:00:00,ringsted,3.8,0.0,1.425,0.0,1022.17,98.5,99.1667
1706580000,2024-01-30 02:00:00,2024-01-30 03:00:00,ringsted,3.975,0.0,0.9,0.0,1022.21,98.75,100.0
1706583600,2024-01-30 03:00:00,2024-01-30 04:00:00,ringsted,4.0,0.0,1.275,0.0,1022.02,98.75,82.5
1706587200,2024-01-30 04:00:00,2024-01-30 05:00:00,ringsted,4.075,0.0,1.95,0.0,1021.83,99.0,0.0
1706590800,2024-01-30 05:00:00,2024-01-30 06:00:00,ringsted,4.25,0.0,2.0,0.0,1021.48,99.0,0.0
1706594400,2024-01-30 06:00:00,2024-01-30 07:00:00,ringsted,4.525,0.0,1.6,0.0,1021.19,99.0,16.0
1706598000,2024-01-30 07:00:00,2024-01-30 08:00:00,ringsted,4.725,0.0,1.975,0.0,1021.0,99.0,0.0
1706601600,2024-01-30 08:00:00,2024-01-30 09:00:00,ringsted,5.1,5.0,2.3,0.025,1020.75,99.25,31.1111
1706605200,2024-01-30 09:00:00,2024-01-30 10:00:00,ringsted,5.25,33.5,3.125,0.025,1020.43,99.0,32.2222
1706608800,2024-01-30 10:00:00,2024-01-30 11:00:00,ringsted,5.55,55.0,3.85,0.025,1019.97,99.0,55.0
1706612400,2024-01-30 11:00:00,2024-01-30 12:00:00,ringsted,5.625,88.0,4.0,0.025,1019.41,99.0,72.5
1706616000,2024-01-30 12:00:00,2024-01-30 13:00:00,ringsted,5.5,100.5,4.075,0.025,1018.89,98.75,76.6667
1706619600,2024-01-30 13:00:00,2024-01-30 14:00:00,ringsted,5.5,89.5,3.4,0.025,1018.21,96.0,61.6667
1706623200,2024-01-30 14:00:00,2024-01-30 15:00:00,ringsted,5.875,52.0,3.45,0.0,1017.81,93.0,89.1667
1706626800,2024-01-30 15:00:00,2024-01-30 16:00:00,ringsted,5.825,22.0,3.575,0.0,1017.6,92.25,96.6667
1706630400,2024-01-30 16:00:00,2024-01-30 17:00:00,ringsted,5.9,4.0,3.65,0.0,1017.53,91.5,95.8333
1706634000,2024-01-30 17:00:00,2024-01-30 18:00:00,ringsted,6.225,0.0,3.975,0.0,1017.68,91.0,97.5
1706637600,2024-01-30 18:00:00,2024-01-30 19:00:00,ringsted,6.7,0.0,4.95,0.0,1017.59,92.0,95.8333
1706641200,2024-01-30 19:00:00,2024-01-30 20:00:00,ringsted,6.8,0.0,5.35,0.0,1017.61,92.5,99.1667
1706644800,2024-01-30 20:00:00,2024-01-30 21:00:00,ringsted,6.95,0.0,5.925,0.0,1017.65,91.25,99.1667
1706648400,2024-01-30 21:00:00,2024-01-30 22:00:00,ringsted,6.75,0.0,6.2,0.0,1017.33,93.5,99.1667
1706652000,2024-01-30 22:00:00,2024-01-30 23:00:00,ringsted,6.6,0.0,6.1,0.0,1017.08,95.75,99.1667
1706655600,2024-01-30 23:00:00,2024-01-31 00:00:00,ringsted,6.425,0.0,6.675,0.05,1017.18,96.25,98.3333
1706659200,2024-01-31 00:00:00,2024-01-31 01:00:00,ringsted,6.175,0.0,6.2,0.05,1017.42,96.0,97.5
1706662800,2024-01-31 01:00:00,2024-01-31 02:00:00,ringsted,5.825,0.0,5.825,0.0,1017.78,97.0,99.1667
1706666400,2024-01-31 02:00:00,2024-01-31 03:00:00,ringsted,5.625,0.0,5.825,0.025,1018.53,97.5,97.5
1706670000,2024-01-31 03:00:00,2024-01-31 04:00:00,ringsted,5.025,0.0,7.35,0.0,1019.45,94.75,99.1667
1706673600,2024-01-31 04:00:00,2024-01-31 05:00:00,ringsted,4.425,0.0,7.1,0.0,1020.4,89.25,96.6667
1706677200,2024-01-31 05:00:00,2024-01-31 06:00:00,ringsted,4.35,0.0,7.15,0.0,1021.04,83.75,80.8333
1706680800,2024-01-31 06:00:00,2024-01-31 07:00:00,ringsted,3.875,0.0,6.5,0.0,1021.68,82.5,68.3333
1706684400,2024-01-31 07:00:00,2024-01-31 08:00:00,ringsted,3.6,0.0,6.075,0.0,1021.99,83.25,17.0833
1706688000,2024-01-31 08:00:00,2024-01-31 09:00:00,ringsted,3.05,31.5,5.125,0.0,1022.35,84.75,9.16667
1706691600,2024-01-31 09:00:00,2024-01-31 10:00:00,ringsted,3.4,105.0,5.675,0.0,1022.33,84.25,4.16667
1706695200,2024-01-31 10:00:00,2024-01-31 11:00:00,ringsted,4.0,205.5,5.95,0.0,1021.81,83.75,29.5833
1706698800,2024-01-31 11:00:00,2024-01-31 12:00:00,ringsted,4.575,218.0,6.525,0.0,1021.64,82.75,93.75
1706702400,2024-01-31 12:00:00,2024-01-31 13:00:00,ringsted,4.825,137.5,7.075,0.0,1020.71,81.25,90.0
1706706000,2024-01-31 13:00:00,2024-01-31 14:00:00,ringsted,4.95,127.0,7.175,0.0,1019.75,79.0,88.75
1706709600,2024-01-31 14:00:00,2024-01-31 15:00:00,ringsted,4.7,78.0,7.725,0.0,1018.75,76.5,93.3333
1706713200,2024-01-31 15:00:00,2024-01-31 16:00:00,ringsted,4.325,42.0,8.275,0.0,1017.9,75.5,94.1667
1706716800,2024-01-31 16:00:00,2024-01-31 17:00:00,ringsted,3.85,5.0,9.1,0.0,1016.87,76.25,95.8333
1706720400,2024-01-31 17:00:00,2024-01-31 18:00:00,ringsted,3.65,0.0,9.05,0.0,1015.49,77.0,98.3333
1706724000,2024-01-31 18:00:00,2024-01-31 19:00:00,ringsted,3.8,0.0,9.375,0.0,1013.65,76.75,99.1667
1706727600,2024-01-31 19:00:00,2024-01-31 20:00:00,ringsted,3.875,0.0,9.875,0.0,1012.04,78.0,97.5
1706731200,2024-01-31 20:00:00,2024-01-31 21:00:00,ringsted,4.1,0.0,9.5,0.0,1010.63,79.0,99.1667
1706734800,2024-01-31 21:00:00,2024-01-31 22:00:00,ringsted,4.5,0.0,10.2,0.0,1009.3,79.25,99.1667
1706738400,2024-01-31 22:00:00,2024-01-31 23:00:00,ringsted,4.925,0.0,10.325,0.025,1008.25,79.5,99.1667
1706742000,2024-01-31 23:00:00,2024-02-01 00:00:00,ringsted,4.625,0.0,10.075,0.35,1007.54,86.0,98.3333
1706745600,2024-02-01 00:00:00,2024-02-01 01:00:00,ringsted,4.525,0.0,9.325,0.5,1006.58,90.25,98.3333
1706749200,2024-02-01 01:00:00,2024-02-01 02:00:00,ringsted,4.75,0.0,8.65,0.1,1006.85,92.25,76.6667
1706752800,2024-02-01 02:00:00,2024-02-01 03:00:00,ringsted,5.125,0.0,7.65,0.0,1007.79,91.75,18.3333
1706756400,2024-02-01 03:00:00,2024-02-01 04:00:00,ringsted,4.725,0.0,6.725,0.0,1008.25,84.0,21.6667
1706760000,2024-02-01 04:00:00,2024-02-01 05:00:00,ringsted,4.1,0.0,6.05,0.0,1008.88,82.5,43.75
1706763600,2024-02-01 05:00:00,2024-02-01 06:00:00,ringsted,3.875,0.0,6.375,0.0,1009.37,82.0,45.0
1706767200,2024-02-01 06:00:00,2024-02-01 07:00:00,ringsted,3.825,0.0,6.4,0.0,1009.66,81.25,47.5
1706770800,2024-02-01 07:00:00,2024-02-01 08:00:00,ringsted,3.775,0.0,6.35,0.0,1009.92,81.0,42.5
1706774400,2024-02-01 08:00:00,2024-02-01 09:00:00,ringsted,4.25,26.5,7.625,0.0,1010.23,79.0,59.1667
1706778000,2024-02-01 09:00:00,2024-02-01 10:00:00,ringsted,4.825,101.0,8.65,0.0,1010.71,78.25,70.4167
1706781600,2024-02-01 10:00:00,2024-02-01 11:00:00,ringsted,5.35,137.5,8.875,0.0,1011.09,76.0,62.0833
1706785200,2024-02-01 11:00:00,2024-02-01 12:00:00,ringsted,5.35,189.0,9.65,0.0,1011.35,75.25,39.1667
1706788800,2024-02-01 12:00:00,2024-02-01 13:00:00,ringsted,5.875,255.5,10.475,0.0,1011.75,72.25,65.4167
1706792400,2024-02-01 13:00:00,2024-02-01 14:00:00,ringsted,5.625,213.0,10.325,0.025,1012.05,74.25,45.9091
1706796000,2024-02-01 14:00:00,2024-02-01 15:00:00,ringsted,5.825,141.0,9.675,0.0,1012.6,70.25,12.5
1706799600,2024-02-01 15:00:00,2024-02-01 16:00:00,ringsted,5.675,103.5,9.4,0.0,1013.46,72.5,1.66667
1706803200,2024-02-01 16:00:00,2024-02-01 17:00:00,ringsted,5.125,15.0,9.25,0.0,1014.3,70.0,2.91667
1706806800,2024-02-01 17:00:00,2024-02-01 18:00:00,ringsted,4.65,0.0,8.925,0.0,1015.08,68.25,33.75
1706810400,2024-02-01 18:00:00,2024-02-01 19:00:00,ringsted,4.45,0.0,8.45,0.0,1015.54,70.25,51.6667
1706814000,2024-02-01 19:00:00,2024-02-01 20:00:00,ringsted,4.3,0.0,8.575,0.0,1015.99,74.5,42.5
1706817600,2024-02-01 20:00:00,2024-02-01 21:00:00,ringsted,4.225,0.0,8.225,0.0,1016.25,75.25,10.8333
1706821200,2024-02-01 21:00:00,2024-02-01 22:00:00,ringsted,4.15,0.0,7.9,0.0,1016.45,76.75,46.25
1706824800,2024-02-01 22:00:00,2024-02-01 23:00:00,ringsted,4.125,0.0,7.125,0.0,1016.93,79.25,59.1667
1706828400,2024-02-01 23:00:00,2024-02-02 00:00:00,ringsted,3.95,0.0,6.275,0.0,1017.2,82.25,51.6667
1706832000,2024-02-02 00:00:00,2024-02-02 01:00:00,ringsted,3.8,0.0,5.35,0.0,1017.31,84.75,77.9167
1706835600,2024-02-02 01:00:00,2024-02-02 02:00:00,ringsted,3.4,0.0,4.225,0.0,1017.28,89.5,95.8333
1706839200,2024-02-02 02:00:00,2024-02-02 03:00:00,ringsted,3.725,0.0,5.3,0.0,1017.02,90.5,94.1667
1706842800,2024-02-02 03:00:00,2024-02-02 04:00:00,ringsted,3.975,0.0,5.225,0.0,1016.42,91.25,96.6667
1706846400,2024-02-02 04:00:00,2024-02-02 05:00:00,ringsted,4.175,0.0,5.125,0.0,1015.65,91.25,97.5
1706850000,2024-02-02 05:00:00,2024-02-02 06:00:00,ringsted,4.4,0.0,5.15,0.0,1014.86,90.5,96.6667
1706853600,2024-02-02 06:00:00,2024-02-02 07:00:00,ringsted,4.5,0.0,5.025,0.05,1014.39,91.25,98.3333
1706857200,2024-02-02 07:00:00,2024-02-02 08:00:00,ringsted,4.425,0.0,5.0,0.325,1013.6,93.25,98.3333
1706860800,2024-02-02 08:00:00,2024-02-02 09:00:00,ringsted,4.375,6.0,5.275,0.75,1012.96,94.75,98.3333
1706864400,2024-02-02 09:00:00,2024-02-02 10:00:00,ringsted,4.375,24.5,5.725,0.475,1011.78,95.0,99.1667
1706868000,2024-02-02 10:00:00,2024-02-02 11:00:00,ringsted,4.45,47.0,6.825,0.1,1010.64,95.5,99.1667
1706871600,2024-02-02 11:00:00,2024-02-02 12:00:00,ringsted,4.575,49.5,7.8,0.025,1009.35,96.0,99.1667
1706875200,2024-02-02 12:00:00,2024-02-02 13:00:00,ringsted,4.725,39.5,7.75,0.025,1008.23,96.5,99.1667
1706878800,2024-02-02 13:00:00,2024-02-02 14:00:00,ringsted,5.125,30.5,7.65,0.0,1007.28,96.5,99.1667
1706882400,2024-02-02 14:00:00,2024-02-02 15:00:00,ringsted,5.6,26.5,8.175,0.05,1006.42,96.25,99.1667
1706886000,2024-02-02 15:00:00,2024-02-02 16:00:00,ringsted,6.1,20.0,8.375,0.025,1005.79,95.25,99.1667
1706889600,2024-02-02 16:00:00,2024-02-02 17:00:00,ringsted,6.3,6.5,8.175,0.0,1005.66,94.25,99.0909
1706893200,2024-02-02 17:00:00,2024-02-02 18:00:00,ringsted,6.43333,0.0,8.5,0.0333333,1005.52,93.3333,100.0
1706896800,2024-02-02 18:00:00,2024-02-02 19:00:00,ringsted,6.43333,0.0,8.23333,0.0,1005.8,94.0,100.0
1706900400,2024-02-02 19:00:00,2024-02-02 20:00:00,ringsted,6.6,0.0,8.06667,0.0333333,1005.84,93.6667,99.1667
1706904000,2024-02-02 20:00:00,2024-02-02 21:00:00,ringsted,6.8,0.0,7.625,0.0,1005.78,94.0,99.1667
1706907600,2024-02-02 21:00:00,2024-02-02 22:00:00,ringsted,6.925,0.0,7.625,0.0,1005.79,93.75,98.3333
1706911200,2024-02-02 22:00:00,2024-02-02 23:00:00,ringsted,6.85,0.0,7.475,0.0,1005.56,94.5,98.3333
1706914800,2024-02-02 23:00:00,2024-02-03 00:00:00,ringsted,6.675,0.0,7.625,0.025,1005.39,95.5,98.3333
1706918400,2024-02-03 00:00:00,2024-02-03 01:00:00,ringsted,6.625,0.0,7.55,0.025,1005.5,95.5,98.3333
1706922000,2024-02-03 01:00:00,2024-02-03 02:00:00,ringsted,6.7,0.0,7.85,0.0,1005.37,95.0,98.3333
1706925600,2024-02-03 02:00:00,2024-02-03 03:00:00,ringsted,6.8,0.0,7.55,0.0,1005.24,95.25,98.3333
1706929200,2024-02-03 03:00:00,2024-02-03 04:00:00,ringsted,6.775,0.0,7.4,0.0,1004.85,96.0,98.3333
1706932800,2024-02-03 04:00:00,2024-02-03 05:00:00,ringsted,6.95,0.0,7.2,0.0,1005.04,94.75,98.3333
1706936400,2024-02-03 05:00:00,2024-02-03 06:00:00,ringsted,7.125,0.0,6.9,0.0,1005.33,93.5,93.3333
1706940000,2024-02-03 06:00:00,2024-02-03 07:00:00,ringsted,7.05,0.0,6.175,0.0,1005.36,92.75,49.1667
1706943600,2024-02-03 07:00:00,2024-02-03 08:00:00,ringsted,6.725,0.0,6.0,0.0,1005.6,92.25,38.1818
1706947200,2024-02-03 08:00:00,2024-02-03 09:00:00,ringsted,6.325,20.5,5.75,0.0,1005.87,91.25,52.9167
1706950800,2024-02-03 09:00:00,2024-02-03 10:00:00,ringsted,6.55,117.0,5.7,0.0,1006.34,87.0,44.5833
1706954400,2024-02-03 10:00:00,2024-02-03 11:00:00,ringsted,6.775,187.0,7.25,0.0,1006.6,83.75,26.6667
1706958000,2024-02-03 11:00:00,2024-02-03 12:00:00,ringsted,7.025,193.5,7.825,0.0,1006.9,81.5,47.5
1706961600,2024-02-03 12:00:00,2024-02-03 13:00:00,ringsted,7.05,181.0,6.625,0.0,1006.75,80.75,70.0
1706965200,2024-02-03 13:00:00,2024-02-03 14:00:00,ringsted,7.375,135.0,6.9,0.0,1006.72,79.25,51.6667
1706968800,2024-02-03 14:00:00,2024-02-03 15:00:00,ringsted,7.275,141.5,6.775,0.0,1006.78,77.25,79.1667
1706972400,2024-02-03 15:00:00,2024-02-03 16:00:00,ringsted,6.85,77.5,6.8,0.0,1007.15,76.0,54.1667
1706976000,2024-02-03 16:00:00,2024-02-03 17:00:00,ringsted,6.3,17.0,6.9,0.0,1007.34,74.5,60.8333
1706979600,2024-02-03 17:00:00,2024-02-03 18:00:00,ringsted,5.225,0.0,5.725,0.0,1007.61,78.0,65.0
1706983200,2024-02-03 18:00:00,2024-02-03 19:00:00,ringsted,4.65,0.0,5.625,0.0,1007.77,78.5,6.66667
1706986800,2024-02-03 19:00:00,2024-02-03 20:00:00,ringsted,3.925,0.0,5.15,0.0,1007.94,78.5,20.8333
1706990400,2024-02-03 20:00:00,2024-02-03 21:00:00,ringsted,3.6,0.0,5.75,0.0,1007.9,79.75,49.5833
1706994000,2024-02-03 21:00:00,2024-02-03 22:00:00,ringsted,3.5,0.0,6.15,0.0,1007.65,82.5,84.1667
1706997600,2024-02-03 22:00:00,2024-02-03 23:00:00,ringsted,3.425,0.0,6.15,0.0,1007.3,81.5,78.3333
1707001200,2024-02-03 23:00:00,2024-02-04 00:00:00,ringsted,3.2,0.0,6.225,0.0,1006.71,84.0,58.3333
1707004800,2024-02-04 00:00:00,2024-02-04 01:00:00,ringsted,3.075,0.0,6.825,0.0,1006.17,86.25,45.0
1707008400,2024-02-04 01:00:00,2024-02-04 02:00:00,ringsted,2.95,0.0,7.0,0.0,1005.74,87.75,35.8333
1707012000,2024-02-04 02:00:00,2024-02-04 03:00:00,ringsted,3.05,0.0,6.9,0.0,1005.26,87.5,75.8333
1707015600,2024-02-04 03:00:00,2024-02-04 04:00:00,ringsted,3.375,0.0,7.45,0.0,1004.61,86.25,75.0
1707019200,2024-02-04 04:00:00,2024-02-04 05:00:00,ringsted,3.525,0.0,7.125,0.0,1003.88,85.75,67.9167
1707022800,2024-02-04 05:00:00,2024-02-04 06:00:00,ringsted,3.6,0.0,7.425,0.0,1003.42,84.75,78.75
1707026400,2024-02-04 06:00:00,2024-02-04 07:00:00,ringsted,3.775,0.0,7.075,0.0,1002.88,83.75,79.5833
1707030000,2024-02-04 07:00:00,2024-02-04 08:00:00,ringsted,3.825,0.0,7.65,0.0,1002.31,84.75,81.6667
1707033600,2024-02-04 08:00:00,2024-02-04 09:00:00,ringsted,4.075,16.0,7.875,0.0,1002.16,83.5,86.6667
1707037200,2024-02-04 09:00:00,2024-02-04 10:00:00,ringsted,4.4,48.0,8.35,0.0,1001.75,82.0,95.0
1707040800,2024-02-04 10:00:00,2024-02-04 11:00:00,ringsted,4.75,66.0,8.875,0.0,1001.39,80.5,89.1667
1707044400,2024-02-04 11:00:00,2024-02-04 12:00:00,ringsted,4.975,86.0,9.025,0.0,1000.93,80.0,81.6667
1707048000,2024-02-04 12:00:00,2024-02-04 13:00:00,ringsted,5.2,98.5,9.325,0.0,1000.69,78.25,64.1667
1707051600,2024-02-04 13:00:00,2024-02-04 14:00:00,ringsted,5.375,95.0,9.6,0.0,1000.5,77.0,67.9167
1707055200,2024-02-04 14:00:00,2024-02-04 15:00:00,ringsted,5.3,58.0,9.35,0.0,1000.32,77.0,70.0
1707058800,2024-02-04 15:00:00,2024-02-04 16:00:00,ringsted,5.2,28.5,9.125,0.0,1000.29,77.5,95.0
1707062400,2024-02-04 16:00:00,2024-02-04 17:00:00,ringsted,5.025,5.5,8.675,0.0,1000.04,79.0,91.6667
1707066000,2024-02-04 17:00:00,2024-02-04 18:00:00,ringsted,4.775,0.0,8.5,0.0,999.692,82.0,85.0
1707069600,2024-02-04 18:00:00,2024-02-04 19:00:00,ringsted,4.7,0.0,8.425,0.0,999.438,82.5,90.8333
1707073200,2024-02-04 19:00:00,2024-02-04 20:00:00,ringsted,4.65,0.0,8.225,0.0,999.143,83.0,87.5
1707076800,2024-02-04 20:00:00,2024-02-04 21:00:00,ringsted,4.425,0.0,8.225,0.0,999.03,82.5,93.3333
1707080400,2024-02-04 21:00:00,2024-02-04 22:00:00,ringsted,4.25,0.0,7.35,0.0,998.626,82.5,97.5
1707084000,2024-02-04 22:00:00,2024-02-04 23:00:00,ringsted,4.0,0.0,6.825,0.025,998.396,84.5,97.5
1707087600,2024-02-04 23:00:00,2024-02-05 00:00:00,ringsted,3.6,0.0,6.825,0.075,998.492,88.25,97.5
1707091200,2024-02-05 00:00:00,2024-02-05 01:00:00,ringsted,3.225,0.0,6.65,0.05,998.481,89.5,95.0
1707094800,2024-02-05 01:00:00,2024-02-05 02:00:00,ringsted,3.025,0.0,6.2,0.275,998.761,90.25,95.4545
1707098400,2024-02-05 02:00:00,2024-02-05 03:00:00,ringsted,2.875,0.0,5.325,0.0,998.888,89.0,80.8333
1707102000,2024-02-05 03:00:00,2024-02-05 04:00:00,ringsted,2.8,0.0,5.5,0.0,998.95,88.0,95.8333
1707105600,2024-02-05 04:00:00,2024-02-05 05:00:00,ringsted,2.85,0.0,5.925,0.0,999.358,86.25,97.5
1707109200,2024-02-05 05:00:00,2024-02-05 06:00:00,ringsted,3.15,0.0,6.925,0.0,999.4,83.0,93.6364
1707112800,2024-02-05 06:00:00,2024-02-05 07:00:00,ringsted,2.6,0.0,7.25,0.0,999.6,82.0,94.1667
1707116400,2024-02-05 07:00:00,2024-02-05 08:00:00,ringsted,3.55,0.0,5.825,0.0,999.783,82.75,95.0
1707120000,2024-02-05 08:00:00,2024-02-05 09:00:00,ringsted,2.8,11.5,5.225,0.0,999.921,83.75,96.6667
1707123600,2024-02-05 09:00:00,2024-02-05 10:00:00,ringsted,2.2,38.5,4.875,0.0,1000.05,84.25,96.6667
1707127200,2024-02-05 10:00:00,2024-02-05 11:00:00,ringsted,1.925,75.0,5.15,0.0,1000.02,86.25,95.0
1707130800,2024-02-05 11:00:00,2024-02-05 12:00:00,ringsted,1.825,67.0,4.925,0.0,999.817,86.5,98.3333
1707134400,2024-02-05 12:00:00,2024-02-05 13:00:00,ringsted,1.65,60.5,4.0,0.0,999.339,89.75,95.8333
1707138000,2024-02-05 13:00:00,2024-02-05 14:00:00,ringsted,1.375,50.0,3.4,0.4,998.983,90.0,98.3333
1707141600,2024-02-05 14:00:00,2024-02-05 15:00:00,ringsted,1.0,25.0,2.7,0.9,998.558,92.0,98.3333
1707145200,2024-02-05 15:00:00,2024-02-05 16:00:00,ringsted,0.55,12.5,1.6,1.6,998.191,94.5,98.3333
1707148800,2024-02-05 16:00:00,2024-02-05 17:00:00,ringsted,0.275,2.0,1.65,2.325,997.85,96.0,97.5
1707152400,2024-02-05 17:00:00,2024-02-05 18:00:00,ringsted,0.125,0.0,3.85,2.475,997.588,96.5,95.8333
1707156000,2024-02-05 18:00:00,2024-02-05 19:00:00,ringsted,-0.1,0.0,4.725,1.5,997.375,96.0,95.0
1707159600,2024-02-05 19:00:00,2024-02-05 20:00:00,ringsted,-0.175,0.0,5.025,1.7,997.217,96.25,95.0
1707163200,2024-02-05 20:00:00,2024-02-05 21:00:00,ringsted,-0.175,0.0,4.925,1.525,996.654,96.25,95.8333
1707166800,2024-02-05 21:00:00,2024-02-05 22:00:00,ringsted,-0.15,0.0,4.825,1.2,996.292,96.5,95.8333
1707170400,2024-02-05 22:00:00,2024-02-05 23:00:00,ringsted,-0.025,0.0,5.175,1.9,996.079,97.0,96.6667
1707174000,2024-02-05 23:00:00,2024-02-06 00:00:00,ringsted,-0.075,0.0,5.1,2.075,995.708,97.0,95.8333
1707177600,2024-02-06 00:00:00,2024-02-06 01:00:00,ringsted,-0.05,0.0,5.075,1.525,995.096,97.25,96.6667
1707181200,2024-02-06 01:00:00,2024-02-06 02:00:00,ringsted,0.375,0.0,5.75,1.3,994.375,97.0,98.3333
1707184800,2024-02-06 02:00:00,2024-02-06 03:00:00,ringsted,0.75,0.0,5.325,1.05,993.9,96.25,98.3333
1707188400,2024-02-06 03:00:00,2024-02-06 04:00:00,ringsted,1.3,0.0,6.95,1.2,993.258,95.25,96.6667
1707192000,2024-02-06 04:00:00,2024-02-06 05:00:00,ringsted,1.125,0.0,7.025,1.1,992.821,94.75,97.5
1707195600,2024-02-06 05:00:00,2024-02-06 06:00:00,ringsted,1.15,0.0,7.0,0.925,992.213,95.0,99.1667
1707199200,2024-02-06 06:00:00,2024-02-06 07:00:00,ringsted,1.1,0.0,7.25,0.875,991.662,94.75,98.3333
1707202800,2024-02-06 07:00:00,2024-02-06 08:00:00,ringsted,1.1,0.0,7.3,0.625,991.3,94.75,98.3333
1707206400,2024-02-06 08:00:00,2024-02-06 09:00:00,ringsted,1.125,7.0,7.325,1.0,990.992,94.5,98.3333
1707210000,2024-02-06 09:00:00,2024-02-06 10:00:00,ringsted,1.15,23.5,7.0,0.825,990.458,95.0,97.5
1707213600,2024-02-06 10:00:00,2024-02-06 11:00:00,ringsted,4.95,71.0,7.3,0.825,989.946,94.5,97.5
1707217200,2024-02-06 11:00:00,2024-02-06 12:00:00,ringsted,7.25,64.5,7.425,0.65,989.138,94.0,98.3333
1707220800,2024-02-06 12:00:00,2024-02-06 13:00:00,ringsted,7.375,50.0,7.825,0.525,988.317,93.5,96.6667
1707224400,2024-02-06 13:00:00,2024-02-06 14:00:00,ringsted,7.45,40.0,8.575,0.925,987.592,93.5,97.5
1707228000,2024-02-06 14:00:00,2024-02-06 15:00:00,ringsted,7.45,26.0,7.975,1.025,986.671,94.0,98.3333
1707231600,2024-02-06 15:00:00,2024-02-06 16:00:00,ringsted,7.45,20.5,8.25,0.275,986.1,93.25,97.5
1707235200,2024-02-06 16:00:00,2024-02-06 17:00:00,ringsted,7.3,3.5,8.125,0.0,985.767,94.25,95.0
1707238800,2024-02-06 17:00:00,2024-02-06 18:00:00,ringsted,6.9,0.0,7.75,0.375,985.946,95.25,96.6667
1707242400,2024-02-06 18:00:00,2024-02-06 19:00:00,ringsted,6.1,0.0,6.75,0.35,986.15,93.5,90.8333
1707246000,2024-02-06 19:00:00,2024-02-06 20:00:00,ringsted,5.35,0.0,7.25,0.175,986.746,88.0,91.6667
1707249600,2024-02-06 20:00:00,2024-02-06 21:00:00,ringsted,4.775,0.0,6.875,0.025,987.279,85.5,90.8333
1707253200,2024-02-06 21:00:00,2024-02-06 22:00:00,ringsted,4.375,0.0,6.025,0.0,987.338,83.5,90.8333
1707256800,2024-02-06 22:00:00,2024-02-06 23:00:00,ringsted,4.1,0.0,6.225,0.075,987.325,83.0,90.0
1707260400,2024-02-06 23:00:00,2024-02-07 00:00:00,ringsted,3.975,0.0,6.25,0.075,987.05,83.0,55.8333
1707264000,2024-02-07 00:00:00,2024-02-07 01:00:00,ringsted,3.9,0.0,6.275,0.425,986.933,82.5,58.75
1707267600,2024-02-07 01:00:00,2024-02-07 02:00:00,ringsted,3.55,0.0,6.825,0.375,986.721,83.5,32.9167
1707271200,2024-02-07 02:00:00,2024-02-07 03:00:00,ringsted,3.725,0.0,6.65,0.0,986.713,82.5,80.8333
1707274800,2024-02-07 03:00:00,2024-02-07 04:00:00,ringsted,3.875,0.0,6.475,0.125,987.025,82.5,87.9167
1707278400,2024-02-07 04:00:00,2024-02-07 05:00:00,ringsted,3.6,0.0,7.275,0.0,987.713,82.25,87.5
1707282000,2024-02-07 05:00:00,2024-02-07 06:00:00,ringsted,3.05,0.0,7.25,0.175,988.667,84.5,88.75
1707285600,2024-02-07 06:00:00,2024-02-07 07:00:00,ringsted,2.325,0.0,6.375,0.1,989.704,87.5,93.3333
1707289200,2024-02-07 07:00:00,2024-02-07 08:00:00,ringsted,2.0,0.0,5.375,0.025,990.838,87.75,95.4545
1707292800,2024-02-07 08:00:00,2024-02-07 09:00:00,ringsted,1.8,7.5,5.325,0.2,992.046,88.0,91.6667
1707296400,2024-02-07 09:00:00,2024-02-07 10:00:00,ringsted,1.225,35.5,4.9,0.375,992.996,88.75,94.5455
1707300000,2024-02-07 10:00:00,2024-02-07 11:00:00,ringsted,1.15,74.5,4.55,0.225,993.883,88.75,62.5
1707303600,2024-02-07 11:00:00,2024-02-07 12:00:00,ringsted,1.15,204.5,5.425,0.075,994.542,85.25,50.0
1707307200,2024-02-07 12:00:00,2024-02-07 13:00:00,ringsted,1.325,209.0,6.925,0.125,995.233,78.0,59.1667
1707310800,2024-02-07 13:00:00,2024-02-07 14:00:00,ringsted,1.2,218.0,6.65,0.05,995.892,78.5,46.25
1707314400,2024-02-07 14:00:00,2024-02-07 15:00:00,ringsted,1.575,255.5,6.375,0.0,996.396,72.75,38.3333
1707318000,2024-02-07 15:00:00,2024-02-07 16:00:00,ringsted,1.525,149.0,5.85,0.0,996.775,68.75,15.8333
1707321600,2024-02-07 16:00:00,2024-02-07 17:00:00,ringsted,0.825,29.0,4.025,0.0,997.15,70.5,1.66667
1707325200,2024-02-07 17:00:00,2024-02-07 18:00:00,ringsted,-0.175,0.5,2.325,0.0,997.379,77.0,14.1667
1707328800,2024-02-07 18:00:00,2024-02-07 19:00:00,ringsted,-0.975,0.0,1.45,0.0,997.425,85.0,0.0
1707332400,2024-02-07 19:00:00,2024-02-07 20:00:00,ringsted,-0.95,0.0,1.675,0.0,997.142,86.0,0.0
1707336000,2024-02-07 20:00:00,2024-02-07 21:00:00,ringsted,-1.05,0.0,2.025,0.0,997.321,86.25,5.0
1707339600,2024-02-07 21:00:00,2024-02-07 22:00:00,ringsted,-0.8,0.0,2.15,0.0,997.021,87.0,69.5833
1707343200,2024-02-07 22:00:00,2024-02-07 23:00:00,ringsted,-0.4,0.0,2.25,0.0,996.358,87.5,92.5
1707346800,2024-02-07 23:00:00,2024-02-08 00:00:00,ringsted,0.275,0.0,3.35,0.0,995.533,87.0,95.8333
1707350400,2024-02-08 00:00:00,2024-02-08 01:00:00,ringsted,1.0,0.0,5.325,0.225,994.854,85.5,95.8333
1707354000,2024-02-08 01:00:00,2024-02-08 02:00:00,ringsted,0.925,0.0,6.8,0.125,994.654,90.25,93.3333
1707357600,2024-02-08 02:00:00,2024-02-08 03:00:00,ringsted,1.0,0.0,6.75,0.05,994.517,92.0,55.0
1707361200,2024-02-08 03:00:00,2024-02-08 04:00:00,ringsted,1.15,0.0,6.125,0.0,994.508,89.0,46.6667
1707364800,2024-02-08 04:00:00,2024-02-08 05:00:00,ringsted,1.175,0.0,5.375,0.0,994.65,87.5,48.75
1707368400,2024-02-08 05:00:00,2024-02-08 06:00:00,ringsted,0.9,0.0,4.6,0.0,994.908,87.5,5.0
1707372000,2024-02-08 06:00:00,2024-02-08 07:00:00,ringsted,0.55,0.0,4.55,0.0,995.075,87.5,0.0
1707375600,2024-02-08 07:00:00,2024-02-08 08:00:00,ringsted,0.3,1.0,3.95,0.0,995.279,88.0,0.0
1707379200,2024-02-08 08:00:00,2024-02-08 09:00:00,ringsted,0.375,52.5,3.825,0.0,995.463,87.0,0.0
1707382800,2024-02-08 09:00:00,2024-02-08 10:00:00,ringsted,1.075,170.5,3.725,0.0,995.583,85.0,0.0
1707386400,2024-02-08 10:00:00,2024-02-08 11:00:00,ringsted,1.8,269.0,4.125,0.0,995.583,82.25,4.58333
1707390000,2024-02-08 11:00:00,2024-02-08 12:00:00,ringsted,2.575,329.0,4.4,0.0,995.392,79.75,7.08333
1707393600,2024-02-08 12:00:00,2024-02-08 13:00:00,ringsted,3.125,309.5,4.7,0.0,995.271,77.25,47.9167
1707397200,2024-02-08 13:00:00,2024-02-08 14:00:00,ringsted,3.475,230.0,4.55,0.0,995.162,75.25,50.0
1707400800,2024-02-08 14:00:00,2024-02-08 15:00:00,ringsted,3.325,168.5,3.525,0.0,994.958,73.75,33.3333
1707404400,2024-02-08 15:00:00,2024-02-08 16:00:00,ringsted,2.725,96.0,2.375,0.0,994.963,74.0,5.83333
1707408000,2024-02-08 16:00:00,2024-02-08 17:00:00,ringsted,1.775,22.5,1.275,0.0,994.671,78.75,4.16667
1707411600,2024-02-08 17:00:00,2024-02-08 18:00:00,ringsted,0.45,0.5,0.65,0.0,994.567,85.75,19.1667
1707415200,2024-02-08 18:00:00,2024-02-08 19:00:00,ringsted,-0.425,0.0,0.675,0.0,994.717,90.5,12.5
1707418800,2024-02-08 19:00:00,2024-02-08 20:00:00,ringsted,-1.15,0.0,0.5,0.0,994.967,92.75,5.0
1707422400,2024-02-08 20:00:00,2024-02-08 21:00:00,ringsted,-1.775,0.0,0.475,0.0,995.013,95.25,0.833333
1707426000,2024-02-08 21:00:00,2024-02-08 22:00:00,ringsted,-2.1,0.0,0.825,0.0,995.042,96.0,0.833333
1707429600,2024-02-08 22:00:00,2024-02-08 23:00:00,ringsted,-1.775,0.0,1.375,0.0,995.204,95.75,25.0
1707433200,2024-02-08 23:00:00,2024-02-09 00:00:00,ringsted,-1.6,0.0,1.725,0.0,995.15,96.0,59.5833
1707436800,2024-02-09 00:00:00,2024-02-09 01:00:00,ringsted,-1.125,0.0,2.425,0.0,995.008,94.0,80.0
1707440400,2024-02-09 01:00:00,2024-02-09 02:00:00,ringsted,-0.225,0.0,3.25,0.0,994.65,93.5,81.6667
1707444000,2024-02-09 02:00:00,2024-02-09 03:00:00,ringsted,0.275,0.0,4.125,0.0,994.158,92.75,71.6667
1707447600,2024-02-09 03:00:00,2024-02-09 04:00:00,ringsted,0.525,0.5,5.375,0.0,993.921,92.0,92.5
1707451200,2024-02-09 04:00:00,2024-02-09 05:00:00,ringsted,0.625,0.5,5.9,0.0,993.383,91.0,89.5833
1707454800,2024-02-09 05:00:00,2024-02-09 06:00:00,ringsted,0.65,0.5,7.0,0.0,992.9,88.75,92.0833
1707458400,2024-02-09 06:00:00,2024-02-09 07:00:00,ringsted,0.55,0.5,7.675,0.0,992.867,86.75,93.3333
1707462000,2024-02-09 07:00:00,2024-02-09 08:00:00,ringsted,0.55,0.5,7.725,0.0,992.838,84.5,95.0
1707465600,2024-02-09 08:00:00,2024-02-09 09:00:00,ringsted,0.65,8.0,7.525,0.0,992.45,85.0,95.0
1707469200,2024-02-09 09:00:00,2024-02-09 10:00:00,ringsted,0.875,23.5,8.725,0.0,992.108,83.0,95.8333
1707472800,2024-02-09 10:00:00,2024-02-09 11:00:00,ringsted,0.825,31.0,9.075,0.025,991.6,84.25,96.6667
1707476400,2024-02-09 11:00:00,2024-02-09 12:00:00,ringsted,0.45,48.0,9.45,0.175,990.917,89.25,97.5
1707480000,2024-02-09 12:00:00,2024-02-09 13:00:00,ringsted,-0.075,61.5,9.475,0.5,990.275,94.25,97.5
1707483600,2024-02-09 13:00:00,2024-02-09 14:00:00,ringsted,-0.275,42.5,9.4,0.375,989.688,96.25,99.1667
1707487200,2024-02-09 14:00:00,2024-02-09 15:00:00,ringsted,-0.3,41.0,9.65,0.55,989.042,97.25,99.1667
1707490800,2024-02-09 15:00:00,2024-02-09 16:00:00,ringsted,-0.25,26.0,10.125,0.35,988.821,98.0,98.3333
1707494400,2024-02-09 16:00:00,2024-02-09 17:00:00,ringsted,-0.3,10.5,10.075,0.2,988.758,98.0,99.0909
1707498000,2024-02-09 17:00:00,2024-02-09 18:00:00,ringsted,-0.225,0.5,9.725,0.35,988.654,98.0,98.3333
1707501600,2024-02-09 18:00:00,2024-02-09 19:00:00,ringsted,-0.175,0.0,10.375,0.5,988.562,98.75,98.3333
1707505200,2024-02-09 19:00:00,2024-02-09 20:00:00,ringsted,-0.1,0.0,10.55,0.35,988.567,98.5,98.3333
1707508800,2024-02-09 20:00:00,2024-02-09 21:00:00,ringsted,-0.075,0.0,9.975,0.425,988.504,98.75,96.6667
1707512400,2024-02-09 21:00:00,2024-02-09 22:00:00,ringsted,0.125,0.0,9.55,0.475,988.662,98.5,98.3333
1707516000,2024-02-09 22:00:00,2024-02-09 23:00:00,ringsted,0.35,0.0,9.25,0.225,988.654,98.0,98.3333
1707519600,2024-02-09 23:00:00,2024-02-10 00:00:00,ringsted,0.625,0.0,9.0,0.175,988.7,97.0,98.3333
1707523200,2024-02-10 00:00:00,2024-02-10 01:00:00,ringsted,0.8,0.0,8.55,0.225,988.696,96.25,99.1667
1707526800,2024-02-10 01:00:00,2024-02-10 02:00:00,ringsted,1.0,0.0,8.375,0.1,988.7,94.75,99.1667
1707530400,2024-02-10 02:00:00,2024-02-10 03:00:00,ringsted,1.075,0.0,8.55,0.0,988.7,94.0,99.1667
1707534000,2024-02-10 03:00:00,2024-02-10 04:00:00,ringsted,1.2,0.0,8.375,0.0,988.992,93.75,99.1667
1707537600,2024-02-10 04:00:00,2024-02-10 05:00:00,ringsted,1.225,0.0,8.275,0.0,989.158,93.5,99.1667
1707541200,2024-02-10 05:00:00,2024-02-10 06:00:00,ringsted,1.3,0.0,8.125,0.025,989.079,92.25,99.1667
1707544800,2024-02-10 06:00:00,2024-02-10 07:00:00,ringsted,1.425,0.0,8.725,0.0,989.254,91.5,99.1667
1707548400,2024-02-10 07:00:00,2024-02-10 08:00:00,ringsted,1.475,0.5,8.575,0.0,989.862,91.5,99.1667
1707552000,2024-02-10 08:00:00,2024-02-10 09:00:00,ringsted,1.575,7.5,8.375,0.0,990.242,90.75,99.1667
1707555600,2024-02-10 09:00:00,2024-02-10 10:00:00,ringsted,1.675,26.0,8.65,0.0,990.7,91.5,99.1667
1707559200,2024-02-10 10:00:00,2024-02-10 11:00:00,ringsted,1.7,33.0,8.05,0.0,991.171,91.75,99.1667
1707562800,2024-02-10 11:00:00,2024-02-10 12:00:00,ringsted,1.75,48.0,7.275,0.0,991.463,92.25,98.3333
1707566400,2024-02-10 12:00:00,2024-02-10 13:00:00,ringsted,1.825,54.5,7.125,0.0,991.612,92.75,98.3333
1707570000,2024-02-10 13:00:00,2024-02-10 14:00:00,ringsted,1.875,41.0,7.35,0.0,991.621,93.25,98.3333
1707573600,2024-02-10 14:00:00,2024-02-10 15:00:00,ringsted,1.85,35.0,7.625,0.0,991.588,93.75,98.3333
1707577200,2024-02-10 15:00:00,2024-02-10 16:00:00,ringsted,1.8,18.0,7.925,0.0,991.821,93.75,99.0909
1707580800,2024-02-10 16:00:00,2024-02-10 17:00:00,ringsted,1.7,4.0,7.85,0.0,992.15,94.75,98.3333
1707584400,2024-02-10 17:00:00,2024-02-10 18:00:00,ringsted,1.75,0.0,7.85,0.0,992.558,94.25,98.3333
1707588000,2024-02-10 18:00:00,2024-02-10 19:00:00,ringsted,1.75,0.0,8.125,0.025,992.904,94.5,98.3333
1707591600,2024-02-10 19:00:00,2024-02-10 20:00:00,ringsted,1.75,0.0,8.8,0.0,993.279,93.75,98.3333
1707595200,2024-02-10 20:00:00,2024-02-10 21:00:00,ringsted,1.675,0.0,8.475,0.0,993.588,94.25,98.3333
1707598800,2024-02-10 21:00:00,2024-02-10 22:00:00,ringsted,1.65,0.0,8.275,0.0,993.679,94.25,99.1667
1707602400,2024-02-10 22:00:00,2024-02-10 23:00:00,ringsted,1.625,0.0,8.3,0.0,993.483,94.0,98.3333
1707606000,2024-02-10 23:00:00,2024-02-11 00:00:00,ringsted,1.55,0.0,8.325,0.0,993.421,94.25,98.3333
1707609600,2024-02-11 00:00:00,2024-02-11 01:00:00,ringsted,1.525,0.0,8.075,0.0,992.963,94.25,99.1667
1707613200,2024-02-11 01:00:00,2024-02-11 02:00:00,ringsted,1.475,0.0,8.425,0.0,992.9,94.25,99.1667
1707616800,2024-02-11 02:00:00,2024-02-11 03:00:00,ringsted,1.4,0.0,8.0,0.0,992.862,94.25,99.1667
1707620400,2024-02-11 03:00:00,2024-02-11 04:00:00,ringsted,1.325,0.0,8.4,0.0,992.779,94.5,99.1667
1707624000,2024-02-11 04:00:00,2024-02-11 05:00:00,ringsted,1.3,0.0,8.375,0.0,992.479,94.75,99.1667
1707627600,2024-02-11 05:00:00,2024-02-11 06:00:00,ringsted,1.275,0.0,8.35,0.0,992.237,94.5,99.1667
1707631200,2024-02-11 06:00:00,2024-02-11 07:00:00,ringsted,1.325,0.0,8.475,0.0,992.263,93.75,98.3333
1707634800,2024-02-11 07:00:00,2024-02-11 08:00:00,ringsted,1.425,0.5,8.25,0.025,992.517,93.5,97.5
1707638400,2024-02-11 08:00:00,2024-02-11 09:00:00,ringsted,1.525,7.0,8.125,0.025,992.729,93.5,98.3333
1707642000,2024-02-11 09:00:00,2024-02-11 10:00:00,ringsted,1.675,21.0,8.15,0.025,992.588,93.25,98.3333
1707645600,2024-02-11 10:00:00,2024-02-11 11:00:00,ringsted,1.85,38.0,8.35,0.025,992.417,92.5,98.3333
1707649200,2024-02-11 11:00:00,2024-02-11 12:00:00,ringsted,2.025,73.5,8.575,0.025,992.133,92.25,98.3333
1707652800,2024-02-11 12:00:00,2024-02-11 13:00:00,ringsted,2.275,67.5,8.3,0.0,992.029,91.5,98.3333
1707656400,2024-02-11 13:00:00,2024-02-11 14:00:00,ringsted,2.275,54.0,7.425,0.0,991.733,92.25,98.3333
1707660000,2024-02-11 14:00:00,2024-02-11 15:00:00,ringsted,2.175,32.0,6.925,0.0,991.633,93.75,98.3333
1707663600,2024-02-11 15:00:00,2024-02-11 16:00:00,ringsted,1.975,20.0,7.4,0.0,991.558,95.0,98.3333
1707667200,2024-02-11 16:00:00,2024-02-11 17:00:00,ringsted,1.875,3.5,6.475,0.0,991.671,96.25,98.3333
1707670800,2024-02-11 17:00:00,2024-02-11 18:00:00,ringsted,1.85,0.0,6.85,0.0,991.725,96.5,99.1667
1707674400,2024-02-11 18:00:00,2024-02-11 19:00:00,ringsted,2.0,0.0,6.675,0.125,991.812,95.5,99.1667
1707678000,2024-02-11 19:00:00,2024-02-11 20:00:00,ringsted,2.1,0.0,6.525,0.225,991.746,94.25,99.1667
1707681600,2024-02-11 20:00:00,2024-02-11 21:00:00,ringsted,2.1,0.0,6.75,0.25,991.704,94.0,99.1667
1707685200,2024-02-11 21:00:00,2024-02-11 22:00:00,ringsted,2.125,0.0,7.175,0.25,991.817,93.75,99.1667
1707688800,2024-02-11 22:00:00,2024-02-11 23:00:00,ringsted,2.175,0.0,7.425,0.475,991.954,94.0,98.3333
1707692400,2024-02-11 23:00:00,2024-02-12 00:00:00,ringsted,2.125,0.0,6.825,0.425,992.008,94.75,98.3333
1707696000,2024-02-12 00:00:00,2024-02-12 01:00:00,ringsted,2.15,0.0,6.725,0.3,991.912,95.5,99.1667
1707699600,2024-02-12 01:00:00,2024-02-12 02:00:00,ringsted,2.15,0.0,6.35,0.275,991.904,95.5,99.1667
1707703200,2024-02-12 02:00:00,2024-02-12 03:00:00,ringsted,2.2,0.0,5.8,0.375,991.946,95.25,99.1667
1707706800,2024-02-12 03:00:00,2024-02-12 04:00:00,ringsted,2.175,0.0,5.25,0.475,992.042,95.25,98.3333
1707710400,2024-02-12 04:00:00,2024-02-12 05:00:00,ringsted,2.15,0.0,4.8,0.525,992.196,94.75,98.3333
1707714000,2024-02-12 05:00:00,2024-02-12 06:00:00,ringsted,2.1,0.0,3.95,0.225,992.367,94.5,98.3333
1707717600,2024-02-12 06:00:00,2024-02-12 07:00:00,ringsted,2.0,0.0,2.45,0.575,992.725,94.75,98.3333
1707721200,2024-02-12 07:00:00,2024-02-12 08:00:00,ringsted,1.875,0.5,2.025,0.375,993.213,95.25,98.3333
1707724800,2024-02-12 08:00:00,2024-02-12 09:00:00,ringsted,1.8,9.0,1.625,0.425,993.688,95.75,98.3333
1707728400,2024-02-12 09:00:00,2024-02-12 10:00:00,ringsted,1.725,27.5,1.925,0.75,994.192,96.5,97.5
1707732000,2024-02-12 10:00:00,2024-02-12 11:00:00,ringsted,1.6,58.0,2.2,0.525,994.592,96.5,100.0
1707735600,2024-02-12 11:00:00,2024-02-12 12:00:00,ringsted,1.575,71.0,2.2,0.55,994.908,96.0,
1707739200,2024-02-12 12:00:00,2024-02-12 13:00:00,ringsted,1.4,71.0,1.875,0.825,995.358,95.75,95.0
1707742800,2024-02-12 13:00:00,2024-02-12 14:00:00,ringsted,1.3,80.0,1.2,0.875,995.767,95.75,
1707746400,2024-02-12 14:00:00,2024-02-12 15:00:00,ringsted,1.25,60.0,0.875,0.575,996.375,96.0,
1707750000,2024-02-12 15:00:00,2024-02-12 16:00:00,ringsted,1.3,27.0,0.85,0.5,997.008,95.75,100.0
1707753600,2024-02-12 16:00:00,2024-02-12 17:00:00,ringsted,1.3,16.5,0.95,0.175,997.6,96.75,
1707757200,2024-02-12 17:00:00,2024-02-12 18:00:00,ringsted,1.275,1.0,1.0,0.2,998.252,97.5,
1707760800,2024-02-12 18:00:00,2024-02-12 19:00:00,ringsted,1.4,0.0,0.875,0.0,998.825,98.25,100.0
1707764400,2024-02-12 19:00:00,2024-02-12 20:00:00,ringsted,1.575,0.0,1.15,0.0,999.304,98.5,
1707768000,2024-02-12 20:00:00,2024-02-12 21:00:00,ringsted,1.8,0.0,1.175,0.025,999.867,98.5,
1707771600,2024-02-12 21:00:00,2024-02-12 22:00:00,ringsted,2.35,0.0,1.5,0.0,1000.48,98.5,95.0
1707775200,2024-02-12 22:00:00,2024-02-12 23:00:00,ringsted,2.975,0.0,2.15,0.0,1001.23,99.0,
1707778800,2024-02-12 23:00:00,2024-02-13 00:00:00,ringsted,3.7,0.0,3.4,0.0,1001.9,98.0,
1707782400,2024-02-13 00:00:00,2024-02-13 01:00:00,ringsted,4.15,0.0,4.425,0.0,1002.63,95.5,95.0
1707786000,2024-02-13 01:00:00,2024-02-13 02:00:00,ringsted,3.875,0.0,4.875,0.0,1003.25,92.75,
1707789600,2024-02-13 02:00:00,2024-02-13 03:00:00,ringsted,3.625,0.0,3.775,0.0,1003.74,92.0,
1707793200,2024-02-13 03:00:00,2024-02-13 04:00:00,ringsted,3.5,0.0,3.675,0.0,1004.29,93.25,95.0
1707796800,2024-02-13 04:00:00,2024-02-13 05:00:00,ringsted,3.6,0.0,3.75,0.0,1004.72,94.5,
1707800400,2024-02-13 05:00:00,2024-02-13 06:00:00,ringsted,3.575,0.0,3.225,0.0,1005.07,94.25,
1707804000,2024-02-13 06:00:00,2024-02-13 07:00:00,ringsted,3.55,0.0,3.275,0.0,1005.52,93.0,70.0
1707807600,2024-02-13 07:00:00,2024-02-13 08:00:00,ringsted,3.35,1.5,3.425,0.0,1006.2,93.0,
1707811200,2024-02-13 08:00:00,2024-02-13 09:00:00,ringsted,3.65,23.0,3.85,0.0,1006.49,93.25,
1707814800,2024-02-13 09:00:00,2024-02-13 10:00:00,ringsted,3.975,82.5,4.425,0.0,1006.74,93.25,70.0
1707818400,2024-02-13 10:00:00,2024-02-13 11:00:00,ringsted,4.525,99.5,4.95,0.0,1007.11,92.5,
1707822000,2024-02-13 11:00:00,2024-02-13 12:00:00,ringsted,4.925,127.5,5.35,0.0,1007.18,90.75,
1707825600,2024-02-13 12:00:00,2024-02-13 13:00:00,ringsted,5.225,138.0,5.65,0.0,1007.41,89.5,95.0
1707829200,2024-02-13 13:00:00,2024-02-13 14:00:00,ringsted,5.35,99.0,5.75,0.0,1007.54,89.0,
1707832800,2024-02-13 14:00:00,2024-02-13 15:00:00,ringsted,5.65,118.5,5.625,0.0,1007.91,88.5,
1707836400,2024-02-13 15:00:00,2024-02-13 16:00:00,ringsted,5.825,114.0,5.225,0.0,1008.33,87.5,42.5
1707840000,2024-02-13 16:00:00,2024-02-13 17:00:00,ringsted,5.45,48.0,4.65,0.0,1008.91,89.25,
1707843600,2024-02-13 17:00:00,2024-02-13 18:00:00,ringsted,4.725,2.0,4.475,0.0,1009.42,92.25,
1707847200,2024-02-13 18:00:00,2024-02-13 19:00:00,ringsted,4.25,0.0,4.45,0.0,1009.65,94.5,82.5
1707850800,2024-02-13 19:00:00,2024-02-13 20:00:00,ringsted,4.55,0.0,4.1,0.0,1009.78,94.5,
1707854400,2024-02-13 20:00:00,2024-02-13 21:00:00,ringsted,4.675,0.0,4.075,0.0,1010.08,94.25,
1707858000,2024-02-13 21:00:00,2024-02-13 22:00:00,ringsted,4.75,0.0,3.925,0.025,1010.13,93.75,90.0
1707861600,2024-02-13 22:00:00,2024-02-13 23:00:00,ringsted,4.775,0.0,3.825,0.05,1010.1,93.75,
1707865200,2024-02-13 23:00:00,2024-02-14 00:00:00,ringsted,4.775,0.0,3.575,0.2,1010.12,94.5,
1707868800,2024-02-14 00:00:00,2024-02-14 01:00:00,ringsted,4.9,0.0,3.35,0.075,1010.06,93.75,95.0
1707872400,2024-02-14 01:00:00,2024-02-14 02:00:00,ringsted,4.8,0.0,3.55,0.0,1010.01,94.0,
1707876000,2024-02-14 02:00:00,2024-02-14 03:00:00,ringsted,4.825,0.0,3.7,0.1,1009.82,93.5,
1707879600,2024-02-14 03:00:00,2024-02-14 04:00:00,ringsted,4.725,0.0,3.575,0.075,1009.57,94.25,90.0
1707883200,2024-02-14 04:00:00,2024-02-14 05:00:00,ringsted,4.575,0.0,3.225,0.0,1009.52,95.25,
1707886800,2024-02-14 05:00:00,2024-02-14 06:00:00,ringsted,4.575,0.0,3.05,0.05,1009.45,96.0,
1707890400,2024-02-14 06:00:00,2024-02-14 07:00:00,ringsted,4.35,0.0,3.0,0.075,1009.55,95.0,100.0
1707894000,2024-02-14 07:00:00,2024-02-14 08:00:00,ringsted,4.05,0.5,3.025,0.125,1009.71,94.5,
1707897600,2024-02-14 08:00:00,2024-02-14 09:00:00,ringsted,3.9,25.0,3.1,0.025,1009.64,94.5,
1707901200,2024-02-14 09:00:00,2024-02-14 10:00:00,ringsted,3.975,59.5,3.025,0.0,1009.69,94.5,95.0
1707904800,2024-02-14 10:00:00,2024-02-14 11:00:00,ringsted,4.275,100.0,2.7,0.0,1009.56,95.0,
1707908400,2024-02-14 11:00:00,2024-02-14 12:00:00,ringsted,4.75,123.5,3.125,0.0,1009.37,94.25,
1707912000,2024-02-14 12:00:00,2024-02-14 13:00:00,ringsted,4.925,118.5,3.125,0.0,1009.4,93.75,95.0
1707915600,2024-02-14 13:00:00,2024-02-14 14:00:00,ringsted,4.875,93.0,3.475,0.0,1009.45,93.5,
1707919200,2024-02-14 14:00:00,2024-02-14 15:00:00,ringsted,4.5,66.5,3.175,0.0,1009.46,95.75,
1707922800,2024-02-14 15:00:00,2024-02-14 16:00:00,ringsted,4.4,47.5,2.75,0.025,1009.64,96.75,100.0
1707926400,2024-02-14 16:00:00,2024-02-14 17:00:00,ringsted,4.3,11.5,2.425,0.0,1009.78,98.25,
1707930000,2024-02-14 17:00:00,2024-02-14 18:00:00,ringsted,4.1,0.5,2.2,0.0,1009.75,99.0,
1707933600,2024-02-14 18:00:00,2024-02-14 19:00:00,ringsted,4.05,0.0,2.55,0.0,1009.81,99.25,45.0
1707937200,2024-02-14 19:00:00,2024-02-14 20:00:00,ringsted,4.125,0.0,2.85,0.0,1009.85,99.25,
1707940800,2024-02-14 20:00:00,2024-02-14 21:00:00,ringsted,4.15,0.0,3.075,0.05,1009.77,99.5,
1707944400,2024-02-14 21:00:00,2024-02-14 22:00:00,ringsted,4.275,0.0,3.0,0.0,1009.85,99.5,56.0
1707948000,2024-02-14 22:00:00,2024-02-14 23:00:00,ringsted,4.375,0.0,2.9,0.0,1009.65,99.5,
1707951600,2024-02-14 23:00:00,2024-02-15 00:00:00,ringsted,4.425,0.0,2.75,0.0,1009.67,99.5,
1707955200,2024-02-15 00:00:00,2024-02-15 01:00:00,ringsted,4.475,0.0,2.3,0.0,1009.54,99.75,56.0
1707958800,2024-02-15 01:00:00,2024-02-15 02:00:00,ringsted,4.525,0.0,2.15,0.0,1009.51,99.75,
1707962400,2024-02-15 02:00:00,2024-02-15 03:00:00,ringsted,4.575,0.0,2.1,0.0,1009.4,99.75,
1707966000,2024-02-15 03:00:00,2024-02-15 04:00:00,ringsted,4.55,0.0,2.025,0.0,1009.44,99.75,56.0
1707969600,2024-02-15 04:00:00,2024-02-15 05:00:00,ringsted,4.575,0.0,2.025,0.0,1009.46,99.75,
1707973200,2024-02-15 05:00:00,2024-02-15 06:00:00,ringsted,4.7,0.0,1.75,0.0,1009.39,99.75,
1707976800,2024-02-15 06:00:00,2024-02-15 07:00:00,ringsted,4.825,0.0,1.625,0.0,1009.4,100.0,56.0
1707980400,2024-02-15 07:00:00,2024-02-15 08:00:00,ringsted,5.1,1.5,1.5,0.075,1009.66,100.0,
1707984000,2024-02-15 08:00:00,2024-02-15 09:00:00,ringsted,5.5,19.0,1.625,0.625,1009.72,100.0,
1707987600,2024-02-15 09:00:00,2024-02-15 10:00:00,ringsted,6.35,53.0,1.85,0.175,1009.71,99.75,56.0
1707991200,2024-02-15 10:00:00,2024-02-15 11:00:00,ringsted,7.3,76.5,2.3,0.025,1009.75,100.0,
1707994800,2024-02-15 11:00:00,2024-02-15 12:00:00,ringsted,7.925,77.0,2.225,0.025,1009.66,100.0,
1707998400,2024-02-15 12:00:00,2024-02-15 13:00:00,ringsted,8.25,81.0,2.75,0.025,1009.58,100.0,56.0
1708002000,2024-02-15 13:00:00,2024-02-15 14:00:00,ringsted,8.5,77.5,2.85,0.025,1009.45,100.0,
1708005600,2024-02-15 14:00:00,2024-02-15 15:00:00,ringsted,9.175,81.0,2.675,0.0,1009.28,100.0,
1708009200,2024-02-15 15:00:00,2024-02-15 16:00:00,ringsted,9.525,37.5,2.8,0.025,1009.2,99.75,90.0
1708012800,2024-02-15 16:00:00,2024-02-15 17:00:00,ringsted,9.6,9.0,2.65,0.075,1009.13,100.0,
1708016400,2024-02-15 17:00:00,2024-02-15 18:00:00,ringsted,9.55,0.0,2.475,0.025,1009.11,100.0,
1708020000,2024-02-15 18:00:00,2024-02-15 19:00:00,ringsted,9.225,0.0,2.875,0.05,1009.09,100.0,112.0
1708023600,2024-02-15 19:00:00,2024-02-15 20:00:00,ringsted,9.125,0.0,3.2,0.025,1008.79,100.0,
1708027200,2024-02-15 20:00:00,2024-02-15 21:00:00,ringsted,9.175,0.0,3.525,0.025,1008.54,100.0,
1708030800,2024-02-15 21:00:00,2024-02-15 22:00:00,ringsted,9.2,0.0,3.375,0.025,1008.34,100.0,56.0
1708034400,2024-02-15 22:00:00,2024-02-15 23:00:00,ringsted,9.175,0.0,3.225,0.025,1008.24,100.0,
1708038000,2024-02-15 23:00:00,2024-02-16 00:00:00,ringsted,9.35,0.0,3.525,0.025,1008.0,100.0,
1708041600,2024-02-16 00:00:00,2024-02-16 01:00:00,ringsted,9.6,0.0,3.3,0.0,1007.78,100.0,112.0
1708045200,2024-02-16 01:00:00,2024-02-16 02:00:00,ringsted,9.35,0.0,3.275,0.0,1007.42,100.0,
1708048800,2024-02-16 02:00:00,2024-02-16 03:00:00,ringsted,9.2,0.0,3.225,0.0,1006.83,100.0,
1708052400,2024-02-16 03:00:00,2024-02-16 04:00:00,ringsted,9.075,0.0,3.575,0.025,1006.29,100.0,112.0
1708056000,2024-02-16 04:00:00,2024-02-16 05:00:00,ringsted,8.85,0.0,3.5,0.025,1005.81,99.75,
1708059600,2024-02-16 05:00:00,2024-02-16 06:00:00,ringsted,8.825,0.0,3.925,0.05,1005.4,99.5,
1708063200,2024-02-16 06:00:00,2024-02-16 07:00:00,ringsted,8.9,0.0,3.8,0.05,1005.04,99.25,90.0
1708066800,2024-02-16 07:00:00,2024-02-16 08:00:00,ringsted,8.775,1.5,4.175,0.0,1004.81,98.25,
1708070400,2024-02-16 08:00:00,2024-02-16 09:00:00,ringsted,8.725,27.0,4.425,0.0,1004.55,97.0,
1708074000,2024-02-16 09:00:00,2024-02-16 10:00:00,ringsted,8.775,74.5,4.375,0.0,1004.19,96.75,90.0
1708077600,2024-02-16 10:00:00,2024-02-16 11:00:00,ringsted,9.3,181.5,4.55,0.0,1004.19,94.75,
1708081200,2024-02-16 11:00:00,2024-02-16 12:00:00,ringsted,10.325,163.5,4.475,0.025,1003.88,90.5,
1708084800,2024-02-16 12:00:00,2024-02-16 13:00:00,ringsted,10.775,167.5,4.4,0.025,1003.4,88.0,75.0
1708088400,2024-02-16 13:00:00,2024-02-16 14:00:00,ringsted,10.85,134.0,5.05,0.225,1003.0,87.5,
1708092000,2024-02-16 14:00:00,2024-02-16 15:00:00,ringsted,10.825,86.5,4.8,0.025,1002.82,87.25,
1708095600,2024-02-16 15:00:00,2024-02-16 16:00:00,ringsted,10.825,53.0,5.5,0.0,1002.95,86.0,90.0
1708099200,2024-02-16 16:00:00,2024-02-16 17:00:00,ringsted,10.775,15.0,6.325,0.0,1003.22,84.75,
1708102800,2024-02-16 17:00:00,2024-02-16 18:00:00,ringsted,10.325,0.0,6.825,0.0,1003.83,88.0,
1708106400,2024-02-16 18:00:00,2024-02-16 19:00:00,ringsted,9.2,0.0,6.875,0.0,1005.15,92.0,100.0
1708110000,2024-02-16 19:00:00,2024-02-16 20:00:00,ringsted,8.375,0.0,6.125,0.0,1006.35,93.25,
1708113600,2024-02-16 20:00:00,2024-02-16 21:00:00,ringsted,8.075,0.0,6.175,0.0,1007.28,94.0,
1708117200,2024-02-16 21:00:00,2024-02-16 22:00:00,ringsted,7.85,0.0,5.925,0.0,1008.08,93.75,100.0
1708120800,2024-02-16 22:00:00,2024-02-16 23:00:00,ringsted,7.425,0.0,6.275,0.0,1008.89,91.0,
1708124400,2024-02-16 23:00:00,2024-02-17 00:00:00,ringsted,6.6,0.0,6.725,0.0,1009.55,90.5,
1708128000,2024-02-17 00:00:00,2024-02-17 01:00:00,ringsted,6.1,0.0,6.725,0.0,1010.11,90.25,100.0
1708131600,2024-02-17 01:00:00,2024-02-17 02:00:00,ringsted,5.9,0.0,6.85,0.0,1010.53,89.5,
1708135200,2024-02-17 02:00:00,2024-02-17 03:00:00,ringsted,5.825,0.0,7.125,0.0,1010.93,88.5,
1708138800,2024-02-17 03:00:00,2024-02-17 04:00:00,ringsted,5.325,0.0,7.625,0.0,1011.31,88.75,100.0
1708142400,2024-02-17 04:00:00,2024-02-17 05:00:00,ringsted,5.35,0.0,6.775,0.0,1012.12,85.0,
1708146000,2024-02-17 05:00:00,2024-02-17 06:00:00,ringsted,5.375,0.0,7.4,0.0,1013.15,86.25,
1708149600,2024-02-17 06:00:00,2024-02-17 07:00:00,ringsted,5.4,0.0,7.675,0.0,1014.49,86.25,100.0
1708153200,2024-02-17 07:00:00,2024-02-17 08:00:00,ringsted,5.1,1.5,7.4,0.0,1016.34,89.5,
1708156800,2024-02-17 08:00:00,2024-02-17 09:00:00,ringsted,4.475,24.5,6.3,0.025,1018.03,91.5,
1708160400,2024-02-17 09:00:00,2024-02-17 10:00:00,ringsted,4.325,123.5,6.225,0.0,1019.64,85.25,30.0
1708164000,2024-02-17 10:00:00,2024-02-17 11:00:00,ringsted,4.85,295.5,6.1,0.0,1021.01,78.75,
1708167600,2024-02-17 11:00:00,2024-02-17 12:00:00,ringsted,5.425,322.5,5.875,0.0,1021.97,74.75,
1708171200,2024-02-17 12:00:00,2024-02-17 13:00:00,ringsted,5.8,397.0,5.725,0.0,1022.9,73.0,17.5
1708174800,2024-02-17 13:00:00,2024-02-17 14:00:00,ringsted,6.225,393.0,5.475,0.0,1023.8,69.75,
1708178400,2024-02-17 14:00:00,2024-02-17 15:00:00,ringsted,6.25,327.0,5.1,0.0,1024.76,67.0,
1708182000,2024-02-17 15:00:00,2024-02-17 16:00:00,ringsted,6.125,223.5,4.45,0.0,1025.62,65.0,0.0
1708185600,2024-02-17 16:00:00,2024-02-17 17:00:00,ringsted,5.375,98.0,3.325,0.0,1026.28,67.25,
1708189200,2024-02-17 17:00:00,2024-02-17 18:00:00,ringsted,3.8,6.0,2.1,0.0,1026.94,75.25,
1708192800,2024-02-17 18:00:00,2024-02-17 19:00:00,ringsted,2.6,0.0,1.675,0.0,1027.5,80.5,0.0
1708196400,2024-02-17 19:00:00,2024-02-17 20:00:00,ringsted,1.45,0.0,0.775,0.0,1027.97,85.5,
1708200000,2024-02-17 20:00:00,2024-02-17 21:00:00,ringsted,0.0,0.0,0.55,0.0,1028.38,92.5,
1708203600,2024-02-17 21:00:00,2024-02-17 22:00:00,ringsted,-0.65,0.0,0.875,0.0,1028.66,94.75,0.0
1708207200,2024-02-17 22:00:00,2024-02-17 23:00:00,ringsted,-0.825,0.0,0.8,0.0,1028.85,95.0,
1708210800,2024-02-17 23:00:00,2024-02-18 00:00:00,ringsted,-1.225,0.0,0.925,0.0,1028.7,95.0,
1708214400,2024-02-18 00:00:00,2024-02-18 01:00:00,ringsted,-0.85,0.0,1.375,0.0,1028.34,96.0,30.0
1708218000,2024-02-18 01:00:00,2024-02-18 02:00:00,ringsted,-0.775,0.0,1.7,0.0,1028.03,95.25,
1708221600,2024-02-18 02:00:00,2024-02-18 03:00:00,ringsted,-0.25,0.0,2.225,0.0,1027.58,94.25,
1708225200,2024-02-18 03:00:00,2024-02-18 04:00:00,ringsted,-0.15,0.0,2.45,0.0,1027.27,94.5,82.5
1708228800,2024-02-18 04:00:00,2024-02-18 05:00:00,ringsted,0.25,0.0,2.1,0.0,1026.68,95.0,
1708232400,2024-02-18 05:00:00,2024-02-18 06:00:00,ringsted,0.85,0.0,2.775,0.0,1025.93,96.5,
1708236000,2024-02-18 06:00:00,2024-02-18 07:00:00,ringsted,1.4,0.0,3.5,0.025,1025.2,95.5,95.0
1708239600,2024-02-18 07:00:00,2024-02-18 08:00:00,ringsted,1.875,2.5,3.625,0.025,1024.29,95.25,
1708243200,2024-02-18 08:00:00,2024-02-18 09:00:00,ringsted,2.525,23.0,4.325,0.0,1023.31,92.5,
1708246800,2024-02-18 09:00:00,2024-02-18 10:00:00,ringsted,3.4,39.0,5.275,0.175,1022.4,88.0,100.0
1708250400,2024-02-18 10:00:00,2024-02-18 11:00:00,ringsted,3.825,39.5,5.375,0.225,1021.45,88.5,
1708254000,2024-02-18 11:00:00,2024-02-18 12:00:00,ringsted,4.025,41.5,5.425,1.425,1020.28,91.0,
1708257600,2024-02-18 12:00:00,2024-02-18 13:00:00,ringsted,4.175,46.5,6.05,1.475,1018.95,94.25,100.0
1708261200,2024-02-18 13:00:00,2024-02-18 14:00:00,ringsted,4.5,42.0,6.35,1.2,1017.69,96.25,
1708264800,2024-02-18 14:00:00,2024-02-18 15:00:00,ringsted,5.125,42.5,6.5,1.375,1016.59,96.25,
1708268400,2024-02-18 15:00:00,2024-02-18 16:00:00,ringsted,5.5,19.5,6.2,1.725,1015.7,97.0,100.0
1708272000,2024-02-18 16:00:00,2024-02-18 17:00:00,ringsted,5.9,10.5,6.1,1.225,1014.86,96.5,
1708275600,2024-02-18 17:00:00,2024-02-18 18:00:00,ringsted,6.025,0.5,5.725,1.175,1014.19,96.75,
1708279200,2024-02-18 18:00:00,2024-02-18 19:00:00,ringsted,5.95,0.0,5.875,1.575,1013.55,97.0,95.0
1708282800,2024-02-18 19:00:00,2024-02-18 20:00:00,ringsted,5.925,0.0,5.525,1.55,1012.86,97.0,
1708286400,2024-02-18 20:00:00,2024-02-18 21:00:00,ringsted,5.875,0.0,4.825,1.925,1012.2,97.0,
1708290000,2024-02-18 21:00:00,2024-02-18 22:00:00,ringsted,5.8,0.0,3.925,1.625,1011.7,97.5,95.0
1708293600,2024-02-18 22:00:00,2024-02-18 23:00:00,ringsted,5.7,0.0,3.175,1.4,1011.06,97.5,
1708297200,2024-02-18 23:00:00,2024-02-19 00:00:00,ringsted,5.475,0.0,2.45,1.175,1010.57,98.0,
1708300800,2024-02-19 00:00:00,2024-02-19 01:00:00,ringsted,5.3,0.0,2.3,0.9,1010.35,98.75,100.0
1708304400,2024-02-19 01:00:00,2024-02-19 02:00:00,ringsted,5.175,0.0,1.325,0.4,1010.09,98.75,
1708308000,2024-02-19 02:00:00,2024-02-19 03:00:00,ringsted,5.025,0.0,0.675,0.2,1009.81,99.25,
1708311600,2024-02-19 03:00:00,2024-02-19 04:00:00,ringsted,4.975,0.0,1.075,0.25,1009.56,99.25,100.0
1708315200,2024-02-19 04:00:00,2024-02-19 05:00:00,ringsted,4.825,0.0,1.8,0.0,1009.9,99.25,
1708318800,2024-02-19 05:00:00,2024-02-19 06:00:00,ringsted,4.9,0.0,4.175,0.05,1010.47,98.75,
1708322400,2024-02-19 06:00:00,2024-02-19 07:00:00,ringsted,4.5,0.0,5.975,0.0,1010.91,97.25,100.0
1708326000,2024-02-19 07:00:00,2024-02-19 08:00:00,ringsted,4.1,1.0,6.1,0.025,1011.68,96.25,
1708329600,2024-02-19 08:00:00,2024-02-19 09:00:00,ringsted,3.7,14.5,6.15,0.0,1012.38,95.5,
1708333200,2024-02-19 09:00:00,2024-02-19 10:00:00,ringsted,3.575,44.0,6.175,0.0,1012.53,94.0,100.0
1708336800,2024-02-19 10:00:00,2024-02-19 11:00:00,ringsted,3.8,89.0,6.05,0.0,1012.52,93.5,
1708340400,2024-02-19 11:00:00,2024-02-19 12:00:00,ringsted,4.325,104.5,5.425,0.125,1012.41,95.0,
1708344000,2024-02-19 12:00:00,2024-02-19 13:00:00,ringsted,5.1,116.5,4.9,0.0,1012.16,95.75,100.0
1708347600,2024-02-19 13:00:00,2024-02-19 14:00:00,ringsted,6.025,143.0,4.975,0.05,1011.88,95.0,
1708351200,2024-02-19 14:00:00,2024-02-19 15:00:00,ringsted,7.05,174.0,5.8,0.075,1011.72,92.75,
1708354800,2024-02-19 15:00:00,2024-02-19 16:00:00,ringsted,7.55,106.0,5.775,0.0,1011.71,88.5,95.0
1708358400,2024-02-19 16:00:00,2024-02-19 17:00:00,ringsted,7.5,56.5,4.775,0.0,1011.81,86.25,
1708362000,2024-02-19 17:00:00,2024-02-19 18:00:00,ringsted,6.9,4.0,3.675,0.025,1012.06,88.5,
1708365600,2024-02-19 18:00:00,2024-02-19 19:00:00,ringsted,6.375,0.0,3.75,0.0,1012.28,91.5,95.0
1708369200,2024-02-19 19:00:00,2024-02-19 20:00:00,ringsted,6.15,0.0,3.85,0.0,1012.14,93.25,
1708372800,2024-02-19 20:00:00,2024-02-19 21:00:00,ringsted,6.3,0.0,4.125,0.0,1012.2,94.75,
1708376400,2024-02-19 21:00:00,2024-02-19 22:00:00,ringsted,6.55,0.0,4.25,0.0,1012.39,95.0,95.0
1708380000,2024-02-19 22:00:00,2024-02-19 23:00:00,ringsted,6.6,0.0,4.175,0.05,1012.47,95.0,
1708383600,2024-02-19 23:00:00,2024-02-20 00:00:00,ringsted,6.55,0.0,3.975,0.05,1012.53,95.5,
1708387200,2024-02-20 00:00:00,2024-02-20 01:00:00,ringsted,6.425,0.0,4.0,0.0,1012.62,95.75,90.0
1708390800,2024-02-20 01:00:00,2024-02-20 02:00:00,ringsted,6.375,0.0,3.775,0.1,1012.51,95.5,
1708394400,2024-02-20 02:00:00,2024-02-20 03:00:00,ringsted,6.2,0.0,3.525,0.0,1012.65,95.5,
1708398000,2024-02-20 03:00:00,2024-02-20 04:00:00,ringsted,6.25,0.0,4.65,0.0,1012.96,95.0,95.0
1708401600,2024-02-20 04:00:00,2024-02-20 05:00:00,ringsted,6.275,0.0,5.45,0.0,1013.4,94.0,
1708405200,2024-02-20 05:00:00,2024-02-20 06:00:00,ringsted,6.075,0.0,5.9,0.0,1013.77,92.75,
1708408800,2024-02-20 06:00:00,2024-02-20 07:00:00,ringsted,5.85,0.0,5.925,0.0,1014.05,90.75,90.0
1708412400,2024-02-20 07:00:00,2024-02-20 08:00:00,ringsted,5.725,3.5,5.475,0.0,1014.06,87.25,
1708416000,2024-02-20 08:00:00,2024-02-20 09:00:00,ringsted,5.83333,47.0,5.33333,0.0,1013.87,86.0,
1708419600,2024-02-20 09:00:00,2024-02-20 10:00:00,ringsted,6.16667,158.0,5.93333,0.0,1014.07,86.6667,65.0
1708423200,2024-02-20 10:00:00,2024-02-20 11:00:00,ringsted,6.56667,188.0,5.9,0.0,1014.12,87.3333,
1708426800,2024-02-20 11:00:00,2024-02-20 12:00:00,ringsted,7.2,304.0,6.23333,0.0,1014.15,85.0,
1708430400,2024-02-20 12:00:00,2024-02-20 13:00:00,ringsted,7.33333,405.0,6.56667,0.0,1014.26,84.6667,42.5
1708434000,2024-02-20 13:00:00,2024-02-20 14:00:00,ringsted,7.83333,352.0,6.43333,0.0,1014.33,83.3333,
1708437600,2024-02-20 14:00:00,2024-02-20 15:00:00,ringsted,8.1,247.0,5.96667,0.0,1014.12,82.6667,
1708441200,2024-02-20 15:00:00,2024-02-20 16:00:00,ringsted,7.8,108.0,5.76667,0.0,1013.94,84.0,67.5
1708444800,2024-02-20 16:00:00,2024-02-20 17:00:00,ringsted,7.4,44.0,4.83333,0.0,1013.74,85.3333,
1708448400,2024-02-20 17:00:00,2024-02-20 18:00:00,ringsted,6.93333,2.0,4.36667,0.0,1013.38,87.6667,
1708452000,2024-02-20 18:00:00,2024-02-20 19:00:00,ringsted,6.66667,0.0,4.1,0.0,1012.92,89.6667,90.0
1708455600,2024-02-20 19:00:00,2024-02-20 20:00:00,ringsted,6.53333,0.0,4.93333,0.4,1012.59,90.3333,
1708459200,2024-02-20 20:00:00,2024-02-20 21:00:00,ringsted,6.36667,0.0,4.93333,0.0333333,1012.11,92.6667,
1708462800,2024-02-20 21:00:00,2024-02-20 22:00:00,ringsted,6.5,0.0,5.56667,0.0,1011.38,92.6667,90.0
1708466400,2024-02-20 22:00:00,2024-02-20 23:00:00,ringsted,6.56667,0.0,5.93333,0.0,1010.33,91.0,
1708470000,2024-02-20 23:00:00,2024-02-21 00:00:00,ringsted,6.63333,0.0,6.16667,0.0,1009.42,91.3333,
1708473600,2024-02-21 00:00:00,2024-02-21 01:00:00,ringsted,6.5,0.0,6.36667,0.0,1008.31,94.6667,100.0
1708477200,2024-02-21 01:00:00,2024-02-21 02:00:00,ringsted,6.5,0.0,6.5,0.0,1007.08,96.3333,
1708480800,2024-02-21 02:00:00,2024-02-21 03:00:00,ringsted,6.63333,0.0,6.7,0.0,1005.75,96.6667,
1708484400,2024-02-21 03:00:00,2024-02-21 04:00:00,ringsted,6.66667,0.0,6.86667,0.333333,1004.9,98.0,100.0
1708488000,2024-02-21 04:00:00,2024-02-21 05:00:00,ringsted,6.93333,0.0,7.3,0.833333,1004.82,97.3333,
1708491600,2024-02-21 05:00:00,2024-02-21 06:00:00,ringsted,7.0,0.0,6.93333,0.533333,1004.29,95.3333,
1708495200,2024-02-21 06:00:00,2024-02-21 07:00:00,ringsted,6.43333,0.0,5.5,0.0,1004.43,93.3333,57.5
1708498800,2024-02-21 07:00:00,2024-02-21 08:00:00,ringsted,5.96667,7.0,6.73333,0.0,1004.48,89.0,
1708502400,2024-02-21 08:00:00,2024-02-21 09:00:00,ringsted,5.8,42.0,7.76667,0.0,1004.79,86.0,
1708506000,2024-02-21 09:00:00,2024-02-21 10:00:00,ringsted,5.9,140.0,7.56667,0.0333333,1005.1,86.6667,70.0
1708509600,2024-02-21 10:00:00,2024-02-21 11:00:00,ringsted,6.2,151.0,7.73333,0.0,1005.29,86.0,
1708513200,2024-02-21 11:00:00,2024-02-21 12:00:00,ringsted,6.86667,368.0,7.96667,0.0,1005.18,83.0,
1708516800,2024-02-21 12:00:00,2024-02-21 13:00:00,ringsted,7.23333,369.0,7.9,0.0,1004.89,81.6667,25.0
1708520400,2024-02-21 13:00:00,2024-02-21 14:00:00,ringsted,7.83333,400.0,7.13333,0.0,1004.59,77.0,
1708524000,2024-02-21 14:00:00,2024-02-21 15:00:00,ringsted,7.76667,261.0,6.73333,0.0,1004.03,75.0,
1708527600,2024-02-21 15:00:00,2024-02-21 16:00:00,ringsted,7.6,184.0,5.6,0.0,1003.14,75.3333,0.0
1708531200,2024-02-21 16:00:00,2024-02-21 17:00:00,ringsted,6.96667,51.0,3.36667,0.0,1002.51,80.0,
1708534800,2024-02-21 17:00:00,2024-02-21 18:00:00,ringsted,6.33333,3.0,3.26667,0.0,1001.99,87.3333,
1708538400,2024-02-21 18:00:00,2024-02-21 19:00:00,ringsted,6.46667,0.0,3.8,0.0,1001.06,92.0,95.0
1708542000,2024-02-21 19:00:00,2024-02-21 20:00:00,ringsted,6.6,0.0,4.13333,0.0,1000.09,94.3333,
1708545600,2024-02-21 20:00:00,2024-02-21 21:00:00,ringsted,6.56667,0.0,3.9,0.0,999.05,93.3333,
1708549200,2024-02-21 21:00:00,2024-02-21 22:00:00,ringsted,6.7,0.0,4.26667,0.0,997.822,91.3333,95.0
1708552800,2024-02-21 22:00:00,2024-02-21 23:00:00,ringsted,6.8,0.0,4.4,0.0,996.689,86.6667,
1708556400,2024-02-21 23:00:00,2024-02-22 00:00:00,ringsted,6.76667,0.0,5.3,0.0,995.6,85.0,
1708560000,2024-02-22 00:00:00,2024-02-22 01:00:00,ringsted,6.46667,0.0,4.86667,0.2,994.406,86.0,95.0
1708563600,2024-02-22 01:00:00,2024-02-22 02:00:00,ringsted,6.13333,0.0,4.76667,0.1,993.006,88.3333,
1708567200,2024-02-22 02:00:00,2024-02-22 03:00:00,ringsted,6.06667,0.0,4.83333,0.0,991.761,88.3333,
1708570800,2024-02-22 03:00:00,2024-02-22 04:00:00,ringsted,6.03333,0.0,4.86667,0.0,990.95,89.6667,100.0
1708574400,2024-02-22 04:00:00,2024-02-22 05:00:00,ringsted,6.16667,0.0,4.73333,0.0,990.167,89.6667,
1708578000,2024-02-22 05:00:00,2024-02-22 06:00:00,ringsted,6.06667,0.0,4.36667,0.0,989.433,92.3333,
1708581600,2024-02-22 06:00:00,2024-02-22 07:00:00,ringsted,5.73333,0.0,4.3,0.0,988.772,96.0,100.0
1708585200,2024-02-22 07:00:00,2024-02-22 08:00:00,ringsted,5.7,1.0,4.23333,0.0,988.128,96.6667,
1708588800,2024-02-22 08:00:00,2024-02-22 09:00:00,ringsted,5.83333,14.0,4.23333,0.0,987.572,97.6667,
1708592400,2024-02-22 09:00:00,2024-02-22 10:00:00,ringsted,6.06667,39.0,4.63333,0.166667,987.117,97.3333,100.0
1708596000,2024-02-22 10:00:00,2024-02-22 11:00:00,ringsted,6.46667,80.0,4.33333,0.0,986.633,97.3333,
1708599600,2024-02-22 11:00:00,2024-02-22 12:00:00,ringsted,6.83333,97.0,4.5,0.0,986.233,97.3333,
1708603200,2024-02-22 12:00:00,2024-02-22 13:00:00,ringsted,7.1,111.0,3.95,0.075,985.125,98.25,100.0
1708606800,2024-02-22 13:00:00,2024-02-22 14:00:00,ringsted,7.375,112.5,3.525,0.0,983.987,98.0,
1708610400,2024-02-22 14:00:00,2024-02-22 15:00:00,ringsted,7.125,62.0,4.025,0.0,983.317,98.5,
1708614000,2024-02-22 15:00:00,2024-02-22 16:00:00,ringsted,7.075,38.5,4.25,0.0,982.704,99.25,106.0
1708617600,2024-02-22 16:00:00,2024-02-22 17:00:00,ringsted,7.125,19.5,3.475,0.0,981.458,99.25,
1708621200,2024-02-22 17:00:00,2024-02-22 18:00:00,ringsted,7.025,1.0,3.65,0.0,980.021,99.25,
1708624800,2024-02-22 18:00:00,2024-02-22 19:00:00,ringsted,6.9,0.0,4.525,0.0,979.217,99.5,56.0
1708628400,2024-02-22 19:00:00,2024-02-22 20:00:00,ringsted,7.025,0.0,4.9,0.0,978.333,99.5,
1708632000,2024-02-22 20:00:00,2024-02-22 21:00:00,ringsted,7.1,0.0,4.475,0.0,976.679,98.75,
1708635600,2024-02-22 21:00:00,2024-02-22 22:00:00,ringsted,7.0,0.0,5.35,0.0,974.942,97.75,50.0
1708639200,2024-02-22 22:00:00,2024-02-22 23:00:00,ringsted,7.175,0.0,6.975,0.45,973.246,98.25,
1708642800,2024-02-22 23:00:00,2024-02-23 00:00:00,ringsted,7.525,0.0,7.3,0.95,971.925,98.25,
1708646400,2024-02-23 00:00:00,2024-02-23 01:00:00,ringsted,7.825,0.0,7.4,1.45,971.154,97.75,95.0
1708650000,2024-02-23 01:00:00,2024-02-23 02:00:00,ringsted,8.45,0.0,8.275,1.05,970.975,96.0,
1708653600,2024-02-23 02:00:00,2024-02-23 03:00:00,ringsted,9.2,0.0,9.85,0.05,972.033,87.0,
1708657200,2024-02-23 03:00:00,2024-02-23 04:00:00,ringsted,7.8,0.0,12.975,0.0,973.904,72.75,75.0
1708660800,2024-02-23 04:00:00,2024-02-23 05:00:00,ringsted,6.1,0.0,13.025,0.0,975.65,76.25,
1708664400,2024-02-23 05:00:00,2024-02-23 06:00:00,ringsted,5.45,0.0,11.85,0.0,977.033,78.25,
1708668000,2024-02-23 06:00:00,2024-02-23 07:00:00,ringsted,5.15,0.0,11.625,0.0,978.567,79.25,90.0
1708671600,2024-02-23 07:00:00,2024-02-23 08:00:00,ringsted,5.1,7.5,10.675,0.0,980.204,81.0,
1708675200,2024-02-23 08:00:00,2024-02-23 09:00:00,ringsted,5.3,82.0,10.6,0.0,981.704,80.0,
1708678800,2024-02-23 09:00:00,2024-02-23 10:00:00,ringsted,5.5,156.0,10.625,0.0,983.129,78.25,65.0
1708682400,2024-02-23 10:00:00,2024-02-23 11:00:00,ringsted,5.525,207.0,10.325,0.0,984.833,77.0,
1708686000,2024-02-23 11:00:00,2024-02-23 12:00:00,ringsted,5.525,193.5,9.225,0.125,985.983,78.75,
1708689600,2024-02-23 12:00:00,2024-02-23 13:00:00,ringsted,6.225,324.0,8.825,0.025,986.858,74.5,25.0
1708693200,2024-02-23 13:00:00,2024-02-23 14:00:00,ringsted,7.05,366.0,9.8,0.0,987.404,69.5,
1708696800,2024-02-23 14:00:00,2024-02-23 15:00:00,ringsted,7.275,308.5,9.4,0.0,987.996,65.75,
1708700400,2024-02-23 15:00:00,2024-02-23 16:00:00,ringsted,7.325,178.5,8.025,0.0,988.696,65.0,45.0
1708704000,2024-02-23 16:00:00,2024-02-23 17:00:00,ringsted,6.975,37.5,6.825,0.0,989.25,66.25,
1708707600,2024-02-23 17:00:00,2024-02-23 18:00:00,ringsted,6.775,4.0,6.4,0.0,989.742,66.25,
1708711200,2024-02-23 18:00:00,2024-02-23 19:00:00,ringsted,6.7,0.0,6.525,0.0,990.221,64.75,80.0
1708714800,2024-02-23 19:00:00,2024-02-23 20:00:00,ringsted,6.525,0.0,6.175,0.0,990.775,67.75,
1708718400,2024-02-23 20:00:00,2024-02-23 21:00:00,ringsted,6.375,0.0,6.225,0.0,991.362,70.5,
1708722000,2024-02-23 21:00:00,2024-02-23 22:00:00,ringsted,6.025,0.0,5.825,0.0,991.938,72.75,45.0
1708725600,2024-02-23 22:00:00,2024-02-23 23:00:00,ringsted,5.35,0.0,4.4,0.0,992.408,77.0,
1708729200,2024-02-23 23:00:00,2024-02-24 00:00:00,ringsted,4.675,0.0,3.7,0.0,992.854,80.5,
1708732800,2024-02-24 00:00:00,2024-02-24 01:00:00,ringsted,3.9,0.0,3.575,0.0,993.325,84.0,20.0
1708736400,2024-02-24 01:00:00,2024-02-24 02:00:00,ringsted,3.525,0.0,3.075,0.0,993.396,85.5,
1708740000,2024-02-24 02:00:00,2024-02-24 03:00:00,ringsted,3.275,0.0,2.675,0.0,993.467,86.75,
1708743600,2024-02-24 03:00:00,2024-02-24 04:00:00,ringsted,2.775,0.0,1.95,0.0,993.638,87.75,0.0
1708747200,2024-02-24 04:00:00,2024-02-24 05:00:00,ringsted,2.6,0.0,2.275,0.0,993.775,88.25,
1708750800,2024-02-24 05:00:00,2024-02-24 06:00:00,ringsted,3.15,0.0,1.925,0.0,994.021,88.5,
1708754400,2024-02-24 06:00:00,2024-02-24 07:00:00,ringsted,3.225,0.0,1.9,0.0,994.233,89.75,95.0
1708758000,2024-02-24 07:00:00,2024-02-24 08:00:00,ringsted,3.2,7.0,2.275,0.0,994.504,90.75,
1708761600,2024-02-24 08:00:00,2024-02-24 09:00:00,ringsted,3.825,71.5,2.5,0.0,994.75,89.5,
1708765200,2024-02-24 09:00:00,2024-02-24 10:00:00,ringsted,5.05,245.5,2.7,0.0,994.883,84.0,45.0
1708768800,2024-02-24 10:00:00,2024-02-24 11:00:00,ringsted,6.2,348.5,3.15,0.0,995.179,79.0,
1708772400,2024-02-24 11:00:00,2024-02-24 12:00:00,ringsted,6.85,407.0,3.8,0.0,995.304,76.0,
1708776000,2024-02-24 12:00:00,2024-02-24 13:00:00,ringsted,7.3,393.0,4.0,0.0,995.325,74.75,0.0
1708779600,2024-02-24 13:00:00,2024-02-24 14:00:00,ringsted,7.85,353.5,3.85,0.0,995.521,71.75,
1708783200,2024-02-24 14:00:00,2024-02-24 15:00:00,ringsted,7.7,239.0,3.85,0.0,995.883,73.25,
1708786800,2024-02-24 15:00:00,2024-02-24 16:00:00,ringsted,7.05,129.0,4.175,0.0,996.321,76.75,75.0
1708790400,2024-02-24 16:00:00,2024-02-24 17:00:00,ringsted,6.575,68.5,4.05,0.0,996.779,79.0,
1708794000,2024-02-24 17:00:00,2024-02-24 18:00:00,ringsted,5.95,5.5,3.05,0.0,997.312,81.0,
1708797600,2024-02-24 18:00:00,2024-02-24 19:00:00,ringsted,5.9,0.0,2.675,0.0,997.533,81.25,95.0
1708801200,2024-02-24 19:00:00,2024-02-24 20:00:00,ringsted,5.725,0.0,2.625,0.075,997.654,83.0,
1708804800,2024-02-24 20:00:00,2024-02-24 21:00:00,ringsted,5.525,0.0,2.55,0.0,997.912,84.5,
1708808400,2024-02-24 21:00:00,2024-02-24 22:00:00,ringsted,4.9,0.0,4.775,0.575,998.141,87.75,90.0
1708812000,2024-02-24 22:00:00,2024-02-24 23:00:00,ringsted,4.075,0.0,4.225,0.0,998.608,89.25,
1708815600,2024-02-24 23:00:00,2024-02-25 00:00:00,ringsted,3.3,0.0,3.625,0.0,998.779,92.0,
1708819200,2024-02-25 00:00:00,2024-02-25 01:00:00,ringsted,3.05,0.0,3.125,0.0,998.933,93.0,0.0
1708822800,2024-02-25 01:00:00,2024-02-25 02:00:00,ringsted,2.875,0.0,3.4,0.0,999.237,92.75,
1708826400,2024-02-25 02:00:00,2024-02-25 03:00:00,ringsted,3.375,0.0,3.85,0.025,999.429,91.0,
1708830000,2024-02-25 03:00:00,2024-02-25 04:00:00,ringsted,3.525,0.0,4.025,0.025,999.638,90.0,90.0
1708833600,2024-02-25 04:00:00,2024-02-25 05:00:00,ringsted,3.5,0.0,3.825,0.0,999.675,89.75,
1708837200,2024-02-25 05:00:00,2024-02-25 06:00:00,ringsted,3.0,0.0,3.725,0.0,999.917,90.75,
1708840800,2024-02-25 06:00:00,2024-02-25 07:00:00,ringsted,2.625,0.0,3.875,0.0,1000.26,91.5,45.0
1708844400,2024-02-25 07:00:00,2024-02-25 08:00:00,ringsted,2.575,15.5,3.075,0.0,1000.28,91.25,
1708848000,2024-02-25 08:00:00,2024-02-25 09:00:00,ringsted,3.05,69.5,2.875,0.0,1000.37,89.0,
1708851600,2024-02-25 09:00:00,2024-02-25 10:00:00,ringsted,3.7,125.0,3.475,0.0,1000.11,88.0,40.0
1708855200,2024-02-25 10:00:00,2024-02-25 11:00:00,ringsted,4.725,232.5,4.125,0.0,999.783,82.75,
1708858800,2024-02-25 11:00:00,2024-02-25 12:00:00,ringsted,5.625,184.0,4.525,0.0,999.546,76.75,
1708862400,2024-02-25 12:00:00,2024-02-25 13:00:00,ringsted,5.475,153.5,5.5,0.325,999.146,79.25,90.0
1708866000,2024-02-25 13:00:00,2024-02-25 14:00:00,ringsted,5.35,139.5,4.175,0.225,998.783,81.5,
1708869600,2024-02-25 14:00:00,2024-02-25 15:00:00,ringsted,5.55,102.5,3.975,0.0,998.725,80.75,
1708873200,2024-02-25 15:00:00,2024-02-25 16:00:00,ringsted,5.475,100.0,4.05,0.0,998.842,82.25,95.0
1708876800,2024-02-25 16:00:00,2024-02-25 17:00:00,ringsted,5.25,68.5,3.2,0.25,998.85,84.75,
1708880400,2024-02-25 17:00:00,2024-02-25 18:00:00,ringsted,4.8,10.0,2.325,0.0,998.908,86.75,
1708884000,2024-02-25 18:00:00,2024-02-25 19:00:00,ringsted,4.275,0.0,2.175,0.0,999.033,88.75,95.0
1708887600,2024-02-25 19:00:00,2024-02-25 20:00:00,ringsted,4.2,0.0,2.575,0.0,999.217,89.25,
1708891200,2024-02-25 20:00:00,2024-02-25 21:00:00,ringsted,4.075,0.0,2.825,0.0,999.3,90.25,
1708894800,2024-02-25 21:00:00,2024-02-25 22:00:00,ringsted,3.775,0.0,2.025,0.025,999.367,92.0,65.0
1708898400,2024-02-25 22:00:00,2024-02-25 23:00:00,ringsted,2.85,0.0,1.225,0.0,999.575,94.0,
1708902000,2024-02-25 23:00:00,2024-02-26 00:00:00,ringsted,2.3,0.0,1.025,0.0,999.876,95.75,
1708905600,2024-02-26 00:00:00,2024-02-26 01:00:00,ringsted,1.95,0.0,0.975,0.0,1000.07,96.75,95.0
1708909200,2024-02-26 01:00:00,2024-02-26 02:00:00,ringsted,1.55,0.0,1.425,0.0,1000.19,97.0,
1708912800,2024-02-26 02:00:00,2024-02-26 03:00:00,ringsted,1.3,0.0,0.825,0.0,1000.36,97.5,
1708916400,2024-02-26 03:00:00,2024-02-26 04:00:00,ringsted,1.325,0.0,0.85,0.0,1000.68,98.0,87.5
1708920000,2024-02-26 04:00:00,2024-02-26 05:00:00,ringsted,1.575,0.0,0.575,0.0,1001.15,98.0,
1708923600,2024-02-26 05:00:00,2024-02-26 06:00:00,ringsted,1.7,0.0,0.325,0.0,1001.59,98.0,
1708927200,2024-02-26 06:00:00,2024-02-26 07:00:00,ringsted,1.55,0.0,0.375,0.0,1002.48,98.0,82.5
1708930800,2024-02-26 07:00:00,2024-02-26 08:00:00,ringsted,1.2,13.0,0.4,0.0,1003.29,98.5,
1708934400,2024-02-26 08:00:00,2024-02-26 09:00:00,ringsted,1.575,68.0,0.5,0.0,1003.85,98.5,
1708938000,2024-02-26 09:00:00,2024-02-26 10:00:00,ringsted,3.075,121.0,0.75,0.0,1004.4,96.5,50.0
1708941600,2024-02-26 10:00:00,2024-02-26 11:00:00,ringsted,4.35,225.0,1.325,0.0,1004.83,92.75,
1708945200,2024-02-26 11:00:00,2024-02-26 12:00:00,ringsted,5.425,307.0,1.4,0.0,1005.25,89.0,
1708948800,2024-02-26 12:00:00,2024-02-26 13:00:00,ringsted,6.525,344.5,1.75,0.0,1005.65,80.75,40.0
1708952400,2024-02-26 13:00:00,2024-02-26 14:00:00,ringsted,6.9,280.5,1.925,0.0,1006.08,76.5,
1708956000,2024-02-26 14:00:00,2024-02-26 15:00:00,ringsted,7.075,233.5,2.425,0.0,1006.72,76.0,
1708959600,2024-02-26 15:00:00,2024-02-26 16:00:00,ringsted,6.65,81.0,2.35,0.0,1007.45,80.5,95.0
1708963200,2024-02-26 16:00:00,2024-02-26 17:00:00,ringsted,6.05,41.0,2.025,0.0,1008.2,83.5,
1708966800,2024-02-26 17:00:00,2024-02-26 18:00:00,ringsted,5.1,10.0,1.95,0.0,1009.04,88.0,
1708970400,2024-02-26 18:00:00,2024-02-26 19:00:00,ringsted,4.2,0.0,2.825,0.0,1009.81,91.5,35.0
1708974000,2024-02-26 19:00:00,2024-02-26 20:00:00,ringsted,3.175,0.0,3.575,0.0,1010.5,95.75,
1708977600,2024-02-26 20:00:00,2024-02-26 21:00:00,ringsted,2.725,0.0,3.725,0.0,1011.09,97.25,
1708981200,2024-02-26 21:00:00,2024-02-26 22:00:00,ringsted,2.625,0.0,3.6,0.0,1011.53,96.75,90.0
1708984800,2024-02-26 22:00:00,2024-02-26 23:00:00,ringsted,2.55,0.0,3.725,0.0,1012.11,96.5,
1708988400,2024-02-26 23:00:00,2024-02-27 00:00:00,ringsted,2.475,0.0,3.05,0.0,1012.42,97.0,
1708992000,2024-02-27 00:00:00,2024-02-27 01:00:00,ringsted,2.1,0.0,3.075,0.0,1012.6,97.5,45.0
1708995600,2024-02-27 01:00:00,2024-02-27 02:00:00,ringsted,2.0,0.0,3.525,0.0,1012.8,97.75,
1708999200,2024-02-27 02:00:00,2024-02-27 03:00:00,ringsted,2.15,0.0,3.875,0.0,1013.03,97.75,
1709002800,2024-02-27 03:00:00,2024-02-27 04:00:00,ringsted,2.23333,0.0,3.425,0.0,1013.3,97.25,90.0
1709006400,2024-02-27 04:00:00,2024-02-27 05:00:00,ringsted,2.25,0.0,4.075,0.0,1013.39,96.75,
1709010000,2024-02-27 05:00:00,2024-02-27 06:00:00,ringsted,2.425,0.0,4.25,0.0,1013.67,94.25,
1709013600,2024-02-27 06:00:00,2024-02-27 07:00:00,ringsted,2.3,0.0,2.95,0.0,1014.17,92.25,100.0
1709017200,2024-02-27 07:00:00,2024-02-27 08:00:00,ringsted,2.4,9.0,2.55,0.0,1014.44,90.25,
1709020800,2024-02-27 08:00:00,2024-02-27 09:00:00,ringsted,2.65,41.0,2.625,0.0,1014.65,88.75,
1709024400,2024-02-27 09:00:00,2024-02-27 10:00:00,ringsted,3.05,114.0,2.2,0.0,1014.52,86.0,95.0
1709028000,2024-02-27 10:00:00,2024-02-27 11:00:00,ringsted,3.4,205.0,1.425,0.0,1014.58,82.6667,
1709031600,2024-02-27 11:00:00,2024-02-27 12:00:00,ringsted,4.125,260.5,1.275,0.025,1014.62,80.5,
1709035200,2024-02-27 12:00:00,2024-02-27 13:00:00,ringsted,4.5,276.5,1.3,0.0,1014.3,79.25,100.0
1709038800,2024-02-27 13:00:00,2024-02-27 14:00:00,ringsted,4.575,149.5,1.25,0.05,1014.03,80.5,
1709042400,2024-02-27 14:00:00,2024-02-27 15:00:00,ringsted,4.45,168.0,1.875,0.0,1013.88,82.0,
1709046000,2024-02-27 15:00:00,2024-02-27 16:00:00,ringsted,3.66667,128.0,1.975,0.0,1014.0,84.0,100.0
1709049600,2024-02-27 16:00:00,2024-02-27 17:00:00,ringsted,3.23333,39.5,2.0,0.0,1014.2,84.5,
1709053200,2024-02-27 17:00:00,2024-02-27 18:00:00,ringsted,2.7,6.0,2.25,0.0,1014.55,88.6667,
1709056800,2024-02-27 18:00:00,2024-02-27 19:00:00,ringsted,2.43333,0.0,1.85,0.0,1014.65,89.75,100.0
1709060400,2024-02-27 19:00:00,2024-02-27 20:00:00,ringsted,2.23333,0.0,1.86667,0.0,1014.74,89.3333,
1709064000,2024-02-27 20:00:00,2024-02-27 21:00:00,ringsted,1.5,0.5,1.275,0.0,1014.73,92.3333,
1709067600,2024-02-27 21:00:00,2024-02-27 22:00:00,ringsted,1.85,0.0,1.55,0.0,1014.86,90.75,100.0
1709071200,2024-02-27 22:00:00,2024-02-27 23:00:00,ringsted,1.825,0.0,1.525,0.0,1014.95,90.0,
1709074800,2024-02-27 23:00:00,2024-02-28 00:00:00,ringsted,2.0,0.0,1.725,0.0,1015.05,88.75,
1709078400,2024-02-28 00:00:00,2024-02-28 01:00:00,ringsted,1.975,0.0,2.075,0.0,1014.87,87.75,100.0
1709082000,2024-02-28 01:00:00,2024-02-28 02:00:00,ringsted,1.975,0.0,2.075,0.0,1014.57,86.5,
1709085600,2024-02-28 02:00:00,2024-02-28 03:00:00,ringsted,1.875,0.0,2.375,0.0,1014.2,88.25,
1709089200,2024-02-28 03:00:00,2024-02-28 04:00:00,ringsted,1.8,0.0,2.5,0.0,1014.09,90.0,100.0
1709092800,2024-02-28 04:00:00,2024-02-28 05:00:00,ringsted,1.9,0.0,2.575,0.0,1014.01,89.6667,
1709096400,2024-02-28 05:00:00,2024-02-28 06:00:00,ringsted,1.95,0.0,2.525,0.0,1013.93,90.0,
1709100000,2024-02-28 06:00:00,2024-02-28 07:00:00,ringsted,2.075,0.0,2.775,0.0,1014.22,88.0,95.0
1709103600,2024-02-28 07:00:00,2024-02-28 08:00:00,ringsted,2.16667,8.0,3.475,0.0,1014.66,86.0,
1709107200,2024-02-28 08:00:00,2024-02-28 09:00:00,ringsted,2.4,45.5,4.075,0.0,1014.93,85.0,
1709110800,2024-02-28 09:00:00,2024-02-28 10:00:00,ringsted,2.9,143.0,4.5,0.025,1015.05,83.75,90.0
1709114400,2024-02-28 10:00:00,2024-02-28 11:00:00,ringsted,3.325,122.0,4.95,0.0,1015.27,83.0,
1709118000,2024-02-28 11:00:00,2024-02-28 12:00:00,ringsted,3.6,151.0,5.125,0.0,1015.34,83.25,
1709121600,2024-02-28 12:00:00,2024-02-28 13:00:00,ringsted,3.775,138.0,5.075,0.0,1015.1,85.75,95.0
1709125200,2024-02-28 13:00:00,2024-02-28 14:00:00,ringsted,4.025,148.0,4.825,0.0,1014.9,86.5,
1709128800,2024-02-28 14:00:00,2024-02-28 15:00:00,ringsted,4.36667,137.5,4.975,0.0,1014.83,85.6667,
1709132400,2024-02-28 15:00:00,2024-02-28 16:00:00,ringsted,4.55,81.0,4.7,0.0,1015.13,86.0,95.0
1709136000,2024-02-28 16:00:00,2024-02-28 17:00:00,ringsted,4.525,36.0,3.875,0.0,1015.42,87.75,
1709139600,2024-02-28 17:00:00,2024-02-28 18:00:00,ringsted,4.33333,3.5,3.1,0.0,1015.57,89.75,
1709143200,2024-02-28 18:00:00,2024-02-28 19:00:00,ringsted,4.13333,0.0,2.625,0.0,1015.45,91.5,95.0
1709146800,2024-02-28 19:00:00,2024-02-28 20:00:00,ringsted,4.1,0.0,2.775,0.0,1015.22,92.75,
1709150400,2024-02-28 20:00:00,2024-02-28 21:00:00,ringsted,4.25,0.0,2.95,0.0,1015.22,92.25,
1709154000,2024-02-28 21:00:00,2024-02-28 22:00:00,ringsted,4.4,0.0,2.9,0.0,1015.08,91.25,95.0
1709157600,2024-02-28 22:00:00,2024-02-28 23:00:00,ringsted,4.53333,0.0,2.95,0.0,1014.65,89.6667,
1709161200,2024-02-28 23:00:00,2024-02-29 00:00:00,ringsted,4.55,0.0,3.575,0.0,1014.28,90.5,
1709164800,2024-02-29 00:00:00,2024-02-29 01:00:00,ringsted,4.625,0.0,3.8,0.0,1013.89,89.75,100.0
1709168400,2024-02-29 01:00:00,2024-02-29 02:00:00,ringsted,4.675,0.0,4.175,0.0,1013.19,88.5,
1709172000,2024-02-29 02:00:00,2024-02-29 03:00:00,ringsted,4.3,0.0,3.925,0.0,1012.38,88.6667,
1709175600,2024-02-29 03:00:00,2024-02-29 04:00:00,ringsted,4.15,0.0,4.6,0.0,1011.49,89.0,90.0
1709179200,2024-02-29 04:00:00,2024-02-29 05:00:00,ringsted,4.1,0.0,5.4,0.0,1010.94,87.25,
1709182800,2024-02-29 05:00:00,2024-02-29 06:00:00,ringsted,3.9,0.0,5.625,0.0,1010.3,85.6667,
1709186400,2024-02-29 06:00:00,2024-02-29 07:00:00,ringsted,3.6,0.0,6.35,0.0,1010.02,85.0,90.0
1709190000,2024-02-29 07:00:00,2024-02-29 08:00:00,ringsted,3.36667,31.5,6.05,0.0,1009.67,83.75,
1709193600,2024-02-29 08:00:00,2024-02-29 09:00:00,ringsted,3.8,96.5,6.125,0.0,1009.18,80.6667,
1709197200,2024-02-29 09:00:00,2024-02-29 10:00:00,ringsted,4.5,212.0,6.55,0.0,1008.77,78.0,50.0
1709200800,2024-02-29 10:00:00,2024-02-29 11:00:00,ringsted,5.525,319.0,6.625,0.0,1008.49,73.75,
1709204400,2024-02-29 11:00:00,2024-02-29 12:00:00,ringsted,6.275,351.5,6.75,0.0,1008.1,71.75,
1709208000,2024-02-29 12:00:00,2024-02-29 13:00:00,ringsted,7.03333,398.0,6.975,0.0,1007.5,69.0,70.0
1709211600,2024-02-29 13:00:00,2024-02-29 14:00:00,ringsted,7.46667,304.0,6.875,0.0,1007.04,68.5,
1709215200,2024-02-29 14:00:00,2024-02-29 15:00:00,ringsted,7.825,248.0,6.975,0.0,1006.55,66.75,
1709218800,2024-02-29 15:00:00,2024-02-29 16:00:00,ringsted,8.03333,146.5,6.35,0.0,1006.17,65.3333,50.0
1709222400,2024-02-29 16:00:00,2024-02-29 17:00:00,ringsted,7.7,77.5,5.66667,0.0,1005.92,66.3333,
1709226000,2024-02-29 17:00:00,2024-02-29 18:00:00,ringsted,6.93333,12.5,4.66667,0.0,1005.81,69.3333,
1709229600,2024-02-29 18:00:00,2024-02-29 19:00:00,ringsted,6.3,0.0,4.125,0.0,1005.53,74.0,45.0
1709233200,2024-02-29 19:00:00,2024-02-29 20:00:00,ringsted,6.03333,0.0,4.6,0.0,1005.36,75.6667,
1709236800,2024-02-29 20:00:00,2024-02-29 21:00:00,ringsted,5.63333,0.0,4.93333,0.0,1005.12,77.6667,
1709240400,2024-02-29 21:00:00,2024-02-29 22:00:00,ringsted,4.8,0.0,4.46667,0.0,1004.81,82.0,0.0
1709244000,2024-02-29 22:00:00,2024-02-29 23:00:00,ringsted,4.5,0.0,4.43333,0.0,1004.44,83.6667,
1709247600,2024-02-29 23:00:00,2024-03-01 00:00:00,ringsted,4.16667,0.0,4.525,0.0,1004.02,86.3333,
1709251200,2024-03-01 00:00:00,2024-03-01 01:00:00,ringsted,3.86667,0.0,4.7,0.0,1003.69,89.3333,0.0
1709254800,2024-03-01 01:00:00,2024-03-01 02:00:00,ringsted,3.53333,0.0,4.63333,0.0,1003.19,91.0,
1709258400,2024-03-01 02:00:00,2024-03-01 03:00:00,ringsted,3.5,0.0,4.5,0.0,1002.41,91.6667,
1709262000,2024-03-01 03:00:00,2024-03-01 04:00:00,ringsted,3.46667,0.0,4.5,0.0,1001.87,92.6667,45.0
1709265600,2024-03-01 04:00:00,2024-03-01 05:00:00,ringsted,3.5,0.0,4.56667,0.0,1001.75,94.0,
1709269200,2024-03-01 05:00:00,2024-03-01 06:00:00,ringsted,3.66667,0.0,4.76667,0.0,1001.55,94.3333,
1709272800,2024-03-01 06:00:00,2024-03-01 07:00:00,ringsted,3.86667,0.0,4.625,0.0333333,1001.52,95.0,50.0
1709276400,2024-03-01 07:00:00,2024-03-01 08:00:00,ringsted,4.06667,18.0,4.5,0.0,1001.48,95.3333,
1709280000,2024-03-01 08:00:00,2024-03-01 09:00:00,ringsted,4.73333,61.5,4.66667,0.0,1001.55,95.3333,
1709283600,2024-03-01 09:00:00,2024-03-01 10:00:00,ringsted,5.06667,101.0,4.6,0.0333333,1001.55,94.6667,95.0
1709287200,2024-03-01 10:00:00,2024-03-01 11:00:00,ringsted,5.53333,118.0,4.5,0.0,1001.4,93.0,
1709290800,2024-03-01 11:00:00,2024-03-01 12:00:00,ringsted,5.83333,124.5,4.63333,0.0,1001.35,91.3333,
1709294400,2024-03-01 12:00:00,2024-03-01 13:00:00,ringsted,6.43333,208.5,4.56667,0.0,1001.27,87.3333,70.0
1709298000,2024-03-01 13:00:00,2024-03-01 14:00:00,ringsted,7.43333,356.5,4.66667,0.0,1001.4,82.3333,
1709301600,2024-03-01 14:00:00,2024-03-01 15:00:00,ringsted,7.7,248.5,4.86667,0.0,1001.53,80.6667,
1709305200,2024-03-01 15:00:00,2024-03-01 16:00:00,ringsted,7.53333,182.0,4.43333,0.0,1001.81,82.3333,90.0
1709308800,2024-03-01 16:00:00,2024-03-01 17:00:00,ringsted,8.33333,113.0,3.56667,0.0,1001.95,80.3333,
1709312400,2024-03-01 17:00:00,2024-03-01 18:00:00,ringsted,6.46667,24.5,3.0,0.0,1002.35,88.0,
1709316000,2024-03-01 18:00:00,2024-03-01 19:00:00,ringsted,5.7,0.0,2.775,0.0,1002.79,93.0,45.0
1709319600,2024-03-01 19:00:00,2024-03-01 20:00:00,ringsted,5.6,0.0,3.33333,0.0,1003.32,93.3333,
1709323200,2024-03-01 20:00:00,2024-03-01 21:00:00,ringsted,5.43333,0.0,3.4,0.0,1003.16,95.0,
1709326800,2024-03-01 21:00:00,2024-03-01 22:00:00,ringsted,5.33333,0.0,2.46667,0.0,1002.88,95.3333,45.0
1709330400,2024-03-01 22:00:00,2024-03-01 23:00:00,ringsted,5.33333,0.0,1.93333,0.0,1003.04,95.0,
1709334000,2024-03-01 23:00:00,2024-03-02 00:00:00,ringsted,5.46667,0.0,2.7,0.0,1003.21,94.6667,
1709337600,2024-03-02 00:00:00,2024-03-02 01:00:00,ringsted,4.8,0.0,2.65,0.0,1002.85,96.75,45.0
1709341200,2024-03-02 01:00:00,2024-03-02 02:00:00,ringsted,4.73333,0.0,3.06667,0.0,1002.45,97.6667,
1709344800,2024-03-02 02:00:00,2024-03-02 03:00:00,ringsted,4.7,0.0,3.03333,0.0,1001.95,98.6667,
1709348400,2024-03-02 03:00:00,2024-03-02 04:00:00,ringsted,5.06667,0.0,3.8,0.0,1001.66,99.0,50.0
1709352000,2024-03-02 04:00:00,2024-03-02 05:00:00,ringsted,5.4,0.0,3.7,0.0,1001.58,99.3333,
1709355600,2024-03-02 05:00:00,2024-03-02 06:00:00,ringsted,5.53333,0.0,3.56667,0.0,1001.58,99.3333,
1709359200,2024-03-02 06:00:00,2024-03-02 07:00:00,ringsted,5.6,0.0,3.43333,0.0333333,1001.65,99.0,100.0
1709362800,2024-03-02 07:00:00,2024-03-02 08:00:00,ringsted,5.6,12.0,3.86667,0.0666667,1001.82,99.0,
1709366400,2024-03-02 08:00:00,2024-03-02 09:00:00,ringsted,5.63333,37.5,4.03333,0.1,1002.13,98.6667,
1709370000,2024-03-02 09:00:00,2024-03-02 10:00:00,ringsted,5.9,79.0,3.66667,0.233333,1002.25,98.0,95.0
1709373600,2024-03-02 10:00:00,2024-03-02 11:00:00,ringsted,6.375,94.0,2.8,0.1,1002.35,97.25,
1709377200,2024-03-02 11:00:00,2024-03-02 12:00:00,ringsted,6.73333,104.0,3.2,0.0333333,1002.6,94.6667,
1709380800,2024-03-02 12:00:00,2024-03-02 13:00:00,ringsted,7.06667,88.0,2.9,0.0,1002.84,94.3333,100.0
1709384400,2024-03-02 13:00:00,2024-03-02 14:00:00,ringsted,7.1,217.0,2.83333,0.1,1002.7,94.6667,
1709388000,2024-03-02 14:00:00,2024-03-02 15:00:00,ringsted,7.73333,275.0,2.86667,0.0,1002.95,94.0,
1709391600,2024-03-02 15:00:00,2024-03-02 16:00:00,ringsted,7.7,215.0,3.3,0.0,1003.08,94.0,5.0
1709395200,2024-03-02 16:00:00,2024-03-02 17:00:00,ringsted,7.43333,61.5,2.9,0.0,1003.38,95.0,
1709398800,2024-03-02 17:00:00,2024-03-02 18:00:00,ringsted,6.83333,15.0,3.0,0.0,1003.91,97.3333,
1709402400,2024-03-02 18:00:00,2024-03-02 19:00:00,ringsted,6.35,0.0,2.8,0.0,1004.2,99.0,0.0
1709406000,2024-03-02 19:00:00,2024-03-02 20:00:00,ringsted,6.13333,0.0,3.8,0.0,1004.54,99.0,
1709409600,2024-03-02 20:00:00,2024-03-02 21:00:00,ringsted,6.26667,0.0,3.76667,0.0,1004.69,99.6667,
1709413200,2024-03-02 21:00:00,2024-03-02 22:00:00,ringsted,6.475,0.0,3.125,0.0,1004.62,100.0,95.0
1709416800,2024-03-02 22:00:00,2024-03-02 23:00:00,ringsted,6.33333,0.0,3.7,0.0,1004.6,99.6667,
1709420400,2024-03-02 23:00:00,2024-03-03 00:00:00,ringsted,6.23333,0.0,3.7,0.0,1004.58,99.3333,
1709424000,2024-03-03 00:00:00,2024-03-03 01:00:00,ringsted,6.175,0.0,2.95,0.0,1004.43,99.5,95.0
1709427600,2024-03-03 01:00:00,2024-03-03 02:00:00,ringsted,6.46667,0.0,3.53333,0.0333333,1004.25,98.3333,
1709431200,2024-03-03 02:00:00,2024-03-03 03:00:00,ringsted,6.53333,0.0,3.36667,0.0,1004.08,98.0,
1709434800,2024-03-03 03:00:00,2024-03-03 04:00:00,ringsted,6.5,0.0,3.76667,0.0,1004.05,98.0,90.0
1709438400,2024-03-03 04:00:00,2024-03-03 05:00:00,ringsted,6.35,0.0,3.3,0.025,1004.03,98.25,
1709442000,2024-03-03 05:00:00,2024-03-03 06:00:00,ringsted,6.2,0.0,4.46667,0.0,1004.21,97.6667,
1709445600,2024-03-03 06:00:00,2024-03-03 07:00:00,ringsted,5.75,0.5,4.825,0.0,1004.38,98.5,95.0
1709449200,2024-03-03 07:00:00,2024-03-03 08:00:00,ringsted,5.75,9.5,4.925,0.0,1004.59,98.25,
1709452800,2024-03-03 08:00:00,2024-03-03 09:00:00,ringsted,6.1,36.0,6.33333,0.0,1004.76,97.3333,
1709456400,2024-03-03 09:00:00,2024-03-03 10:00:00,ringsted,6.175,65.5,6.6,0.0,1004.97,97.0,80.0
1709460000,2024-03-03 10:00:00,2024-03-03 11:00:00,ringsted,6.56667,79.5,7.26667,0.0,1004.84,95.0,
1709463600,2024-03-03 11:00:00,2024-03-03 12:00:00,ringsted,7.03333,153.0,6.66667,0.0,1004.55,93.3333,
1709467200,2024-03-03 12:00:00,2024-03-03 13:00:00,ringsted,7.275,145.5,6.35,0.075,1004.29,93.75,70.0
1709470800,2024-03-03 13:00:00,2024-03-03 14:00:00,ringsted,7.025,79.0,6.05,0.25,1004.1,94.75,
1709474400,2024-03-03 14:00:00,2024-03-03 15:00:00,ringsted,7.06667,79.0,5.96667,0.0666667,1004.14,94.6667,
1709478000,2024-03-03 15:00:00,2024-03-03 16:00:00,ringsted,7.1,72.5,5.3,0.0,1004.25,94.0,95.0
1709481600,2024-03-03 16:00:00,2024-03-03 17:00:00,ringsted,6.96667,38.5,5.7,0.0,1004.61,92.6667,
1709485200,2024-03-03 17:00:00,2024-03-03 18:00:00,ringsted,6.325,8.5,4.95,0.0,1004.88,93.5,
1709488800,2024-03-03 18:00:00,2024-03-03 19:00:00,ringsted,5.925,0.5,5.1,0.0,1005.28,92.75,70.0
1709492400,2024-03-03 19:00:00,2024-03-03 20:00:00,ringsted,5.5,1.0,5.35,0.0,1005.54,91.25,
1709496000,2024-03-03 20:00:00,2024-03-03 21:00:00,ringsted,4.85,0.5,4.775,0.0,1005.75,91.75,
1709499600,2024-03-03 21:00:00,2024-03-03 22:00:00,ringsted,4.25,0.0,4.175,0.0,1005.92,92.75,10.0
1709503200,2024-03-03 22:00:00,2024-03-03 23:00:00,ringsted,4.0,0.5,4.4,0.0,1006.16,91.6667,
1709506800,2024-03-03 23:00:00,2024-03-04 00:00:00,ringsted,3.975,0.5,4.175,0.0,1006.11,92.25,
1709510400,2024-03-04 00:00:00,2024-03-04 01:00:00,ringsted,4.075,0.5,3.775,0.0,1006.25,92.5,45.0
1709514000,2024-03-04 01:00:00,2024-03-04 02:00:00,ringsted,3.8,0.5,3.525,0.0,1006.38,93.0,
1709517600,2024-03-04 02:00:00,2024-03-04 03:00:00,ringsted,3.925,0.5,3.55,0.0,1006.54,93.0,
1709521200,2024-03-04 03:00:00,2024-03-04 04:00:00,ringsted,4.025,0.0,3.65,0.0,1006.92,92.5,50.0
1709524800,2024-03-04 04:00:00,2024-03-04 05:00:00,ringsted,4.1,0.0,3.7,0.0,1007.31,92.5,
1709528400,2024-03-04 05:00:00,2024-03-04 06:00:00,ringsted,4.025,0.0,3.725,0.0,1007.76,93.0,
1709532000,2024-03-04 06:00:00,2024-03-04 07:00:00,ringsted,3.95,0.5,4.225,0.0,1008.54,94.0,57.5
1709535600,2024-03-04 07:00:00,2024-03-04 08:00:00,ringsted,3.875,18.0,5.0,0.0,1009.12,94.75,
1709539200,2024-03-04 08:00:00,2024-03-04 09:00:00,ringsted,4.35,88.5,5.725,0.0,1009.63,92.75,
1709542800,2024-03-04 09:00:00,2024-03-04 10:00:00,ringsted,5.225,247.0,6.225,0.0,1010.21,87.75,37.5
1709546400,2024-03-04 10:00:00,2024-03-04 11:00:00,ringsted,6.2,360.5,7.225,0.0,1010.73,82.25,
1709550000,2024-03-04 11:00:00,2024-03-04 12:00:00,ringsted,6.725,425.0,7.975,0.0,1010.92,78.5,2.5
1709553600,2024-03-04 12:00:00,2024-03-04 13:00:00,ringsted,7.0,452.0,8.55,0.0,1011.22,74.75,0.0
1709557200,2024-03-04 13:00:00,2024-03-04 14:00:00,ringsted,7.025,418.0,8.575,0.0,1011.55,72.25,16.25
1709560800,2024-03-04 14:00:00,2024-03-04 15:00:00,ringsted,6.875,364.5,8.775,0.0,1011.86,68.75,26.6667
1709564400,2024-03-04 15:00:00,2024-03-04 16:00:00,ringsted,6.525,254.0,8.825,0.0,1012.39,63.5,0.833333
1709568000,2024-03-04 16:00:00,2024-03-04 17:00:00,ringsted,5.825,149.5,8.5,0.0,1012.88,62.25,0.0
1709571600,2024-03-04 17:00:00,2024-03-04 18:00:00,ringsted,4.85,34.0,7.0,0.0,1013.4,65.5,0.0
1709575200,2024-03-04 18:00:00,2024-03-04 19:00:00,ringsted,4.175,0.5,5.375,0.0,1013.64,67.0,0.0
1709578800,2024-03-04 19:00:00,2024-03-04 20:00:00,ringsted,3.6,0.0,5.175,0.0,1014.01,70.5,0.0
1709582400,2024-03-04 20:00:00,2024-03-04 21:00:00,ringsted,3.125,0.0,5.425,0.0,1014.32,75.75,0.0
1709586000,2024-03-04 21:00:00,2024-03-04 22:00:00,ringsted,2.75,0.0,5.675,0.0,1014.65,78.25,0.0
1709589600,2024-03-04 22:00:00,2024-03-04 23:00:00,ringsted,2.625,0.0,5.375,0.0,1014.77,79.0,0.0
1709593200,2024-03-04 23:00:00,2024-03-05 00:00:00,ringsted,2.45,0.0,5.225,0.0,1014.94,79.5,0.0
1709596800,2024-03-05 00:00:00,2024-03-05 01:00:00,ringsted,2.175,0.0,4.65,0.0,1015.14,78.25,0.0
1709600400,2024-03-05 01:00:00,2024-03-05 02:00:00,ringsted,1.85,0.0,4.5,0.0,1015.29,79.25,0.0
1709604000,2024-03-05 02:00:00,2024-03-05 03:00:00,ringsted,1.575,0.0,4.7,0.0,1015.32,80.0,0.0
1709607600,2024-03-05 03:00:00,2024-03-05 04:00:00,ringsted,1.3,0.0,5.25,0.0,1015.45,81.5,0.0
1709611200,2024-03-05 04:00:00,2024-03-05 05:00:00,ringsted,1.0,0.0,5.3,0.0,1015.73,83.5,0.0
1709614800,2024-03-05 05:00:00,2024-03-05 06:00:00,ringsted,0.925,0.0,5.675,0.0,1016.06,85.25,0.0
1709618400,2024-03-05 06:00:00,2024-03-05 07:00:00,ringsted,0.825,0.5,6.3,0.0,1016.6,86.0,60.8333
1709622000,2024-03-05 07:00:00,2024-03-05 08:00:00,ringsted,1.15,12.5,6.225,0.0,1016.93,84.25,96.6667
1709625600,2024-03-05 08:00:00,2024-03-05 09:00:00,ringsted,1.65,63.5,5.8,0.0,1017.12,82.0,58.75
1709629200,2024-03-05 09:00:00,2024-03-05 10:00:00,ringsted,2.425,128.5,5.65,0.0,1017.41,79.0,73.75
1709632800,2024-03-05 10:00:00,2024-03-05 11:00:00,ringsted,2.7,181.0,6.35,0.0,1017.7,77.25,85.0
1709636400,2024-03-05 11:00:00,2024-03-05 12:00:00,ringsted,2.7,116.5,6.025,0.0,1017.73,78.0,98.3333
1709640000,2024-03-05 12:00:00,2024-03-05 13:00:00,ringsted,2.725,93.5,5.3,0.0,1017.46,79.75,99.1667
1709643600,2024-03-05 13:00:00,2024-03-05 14:00:00,ringsted,3.05,69.5,4.9,0.0,1017.19,80.5,99.1667
1709647200,2024-03-05 14:00:00,2024-03-05 15:00:00,ringsted,3.675,94.0,4.75,0.0,1017.01,78.0,95.0
1709650800,2024-03-05 15:00:00,2024-03-05 16:00:00,ringsted,4.4,106.0,4.275,0.0,1017.01,75.75,91.6667
1709654400,2024-03-05 16:00:00,2024-03-05 17:00:00,ringsted,4.875,74.5,4.0,0.0,1017.31,73.0,90.8333
1709658000,2024-03-05 17:00:00,2024-03-05 18:00:00,ringsted,4.9,12.5,4.475,0.0,1017.9,72.0,97.5
1709661600,2024-03-05 18:00:00,2024-03-05 19:00:00,ringsted,4.2,0.0,5.45,0.05,1018.28,78.25,97.5
1709665200,2024-03-05 19:00:00,2024-03-05 20:00:00,ringsted,2.925,0.0,4.75,0.225,1018.31,88.25,96.6667
1709668800,2024-03-05 20:00:00,2024-03-05 21:00:00,ringsted,2.35,0.0,3.85,0.175,1018.35,92.5,95.0
1709672400,2024-03-05 21:00:00,2024-03-05 22:00:00,ringsted,2.225,0.0,3.875,0.225,1018.47,92.25,95.0
1709676000,2024-03-05 22:00:00,2024-03-05 23:00:00,ringsted,1.925,0.0,4.325,0.3,1018.55,91.75,96.6667
1709679600,2024-03-05 23:00:00,2024-03-06 00:00:00,ringsted,1.4,0.0,4.425,0.225,1018.5,93.5,96.6667
1709683200,2024-03-06 00:00:00,2024-03-06 01:00:00,ringsted,1.225,0.5,4.25,0.125,1018.64,94.25,95.0
1709686800,2024-03-06 01:00:00,2024-03-06 02:00:00,ringsted,1.425,0.0,3.7,0.125,1018.79,94.0,98.3333
1709690400,2024-03-06 02:00:00,2024-03-06 03:00:00,ringsted,1.7,0.0,3.775,0.025,1018.83,95.0,98.3333
1709694000,2024-03-06 03:00:00,2024-03-06 04:00:00,ringsted,1.975,0.5,3.85,0.05,1018.98,96.75,98.3333
1709697600,2024-03-06 04:00:00,2024-03-06 05:00:00,ringsted,2.375,0.0,3.7,0.025,1019.47,97.0,97.5
1709701200,2024-03-06 05:00:00,2024-03-06 06:00:00,ringsted,2.7,0.0,3.8,0.025,1020.07,95.75,96.6667
1709704800,2024-03-06 06:00:00,2024-03-06 07:00:00,ringsted,2.9,0.0,4.05,0.0,1020.84,94.75,95.8333
1709708400,2024-03-06 07:00:00,2024-03-06 08:00:00,ringsted,2.93333,10.0,3.7,0.0,1021.5,94.5,98.3333
1709712000,2024-03-06 08:00:00,2024-03-06 09:00:00,ringsted,3.3,50.0,3.45,0.025,1022.03,94.25,87.5
1709715600,2024-03-06 09:00:00,2024-03-06 10:00:00,ringsted,3.75,107.0,3.9,0.0,1022.74,92.25,95.0
1709719200,2024-03-06 10:00:00,2024-03-06 11:00:00,ringsted,4.05,111.0,4.05,0.0,1023.27,89.25,95.0
1709722800,2024-03-06 11:00:00,2024-03-06 12:00:00,ringsted,4.275,118.0,3.7,0.0,1023.56,89.0,92.5
1709726400,2024-03-06 12:00:00,2024-03-06 13:00:00,ringsted,4.275,133.0,4.225,0.0,1023.8,90.0,95.0
1709730000,2024-03-06 13:00:00,2024-03-06 14:00:00,ringsted,4.1,93.0,4.625,0.0,1024.01,93.0,95.8333
1709733600,2024-03-06 14:00:00,2024-03-06 15:00:00,ringsted,4.0,58.5,4.475,0.0,1024.2,91.0,95.8333
1709737200,2024-03-06 15:00:00,2024-03-06 16:00:00,ringsted,3.875,36.5,3.975,0.0,1024.46,90.25,99.1667
1709740800,2024-03-06 16:00:00,2024-03-06 17:00:00,ringsted,3.775,27.0,3.625,0.0,1024.75,88.25,98.3333
1709744400,2024-03-06 17:00:00,2024-03-06 18:00:00,ringsted,3.725,6.5,3.525,0.0,1025.23,87.5,97.5
1709748000,2024-03-06 18:00:00,2024-03-06 19:00:00,ringsted,3.625,0.0,2.95,0.0,1025.62,87.5,94.1667
1709751600,2024-03-06 19:00:00,2024-03-06 20:00:00,ringsted,3.475,0.0,2.55,0.0,1025.97,86.5,66.6667
1709755200,2024-03-06 20:00:00,2024-03-06 21:00:00,ringsted,2.775,0.0,3.125,0.0,1026.34,86.75,43.3333
1709758800,2024-03-06 21:00:00,2024-03-06 22:00:00,ringsted,1.775,0.0,3.05,0.0,1026.54,87.25,23.3333
1709762400,2024-03-06 22:00:00,2024-03-06 23:00:00,ringsted,1.175,0.0,3.25,0.0,1026.68,85.75,8.33333
1709766000,2024-03-06 23:00:00,2024-03-07 00:00:00,ringsted,0.55,0.0,2.8,0.0,1026.82,87.5,32.9167
1709769600,2024-03-07 00:00:00,2024-03-07 01:00:00,ringsted,0.5,0.0,3.125,0.0,1026.82,86.75,56.6667
1709773200,2024-03-07 01:00:00,2024-03-07 02:00:00,ringsted,0.4,0.0,3.125,0.0,1026.67,85.75,85.0
1709776800,2024-03-07 02:00:00,2024-03-07 03:00:00,ringsted,0.333333,0.0,2.75,0.0,1026.47,85.25,50.0
1709780400,2024-03-07 03:00:00,2024-03-07 04:00:00,ringsted,-0.0666667,0.0,2.775,0.0,1026.31,86.5,45.0
1709784000,2024-03-07 04:00:00,2024-03-07 05:00:00,ringsted,-0.05,0.0,3.175,0.0,1026.19,87.75,45.8333
1709787600,2024-03-07 05:00:00,2024-03-07 06:00:00,ringsted,-0.075,0.0,2.8,0.0,1026.24,89.25,47.5
1709791200,2024-03-07 06:00:00,2024-03-07 07:00:00,ringsted,0.275,1.0,2.8,0.0,1026.55,90.0,77.9167
1709794800,2024-03-07 07:00:00,2024-03-07 08:00:00,ringsted,0.525,15.0,3.2,0.0,1026.7,89.75,99.1667
1709798400,2024-03-07 08:00:00,2024-03-07 09:00:00,ringsted,1.075,42.0,3.75,0.0,1026.8,89.0,99.1667
1709802000,2024-03-07 09:00:00,2024-03-07 10:00:00,ringsted,1.275,69.0,3.95,0.0,1027.24,89.0,99.1667
1709805600,2024-03-07 10:00:00,2024-03-07 11:00:00,ringsted,1.4,102.5,3.53333,0.0,1027.41,88.0,98.3333
1709809200,2024-03-07 11:00:00,2024-03-07 12:00:00,ringsted,1.73333,118.5,3.36667,0.0,1027.26,87.0,98.3333
1709812800,2024-03-07 12:00:00,2024-03-07 13:00:00,ringsted,2.1,154.5,3.33333,0.0,1026.83,85.3333,84.1667
1709816400,2024-03-07 13:00:00,2024-03-07 14:00:00,ringsted,2.4,161.0,3.26667,0.0,1026.39,83.6667,65.0
1709820000,2024-03-07 14:00:00,2024-03-07 15:00:00,ringsted,2.83333,176.0,2.86667,0.0333333,1025.88,81.3333,44.1667
1709823600,2024-03-07 15:00:00,2024-03-07 16:00:00,ringsted,3.16667,157.5,2.93333,0.0,1025.34,79.0,25.0
1709827200,2024-03-07 16:00:00,2024-03-07 17:00:00,ringsted,2.93333,129.0,2.83333,0.0,1024.93,81.3333,10.0
1709830800,2024-03-07 17:00:00,2024-03-07 18:00:00,ringsted,2.13333,45.5,1.76667,0.0,1024.81,85.0,0.833333
1709834400,2024-03-07 18:00:00,2024-03-07 19:00:00,ringsted,0.766667,0.5,0.9,0.0,1024.74,91.0,0.0
1709838000,2024-03-07 19:00:00,2024-03-07 20:00:00,ringsted,-0.233333,0.0,1.06667,0.0,1024.63,93.6667,0.0
1709841600,2024-03-07 20:00:00,2024-03-07 21:00:00,ringsted,-0.966667,0.0,0.933333,0.0,1024.44,96.3333,0.0
1709845200,2024-03-07 21:00:00,2024-03-07 22:00:00,ringsted,-1.26667,0.0,1.0,0.0,1024.12,97.6667,18.3333
1709848800,2024-03-07 22:00:00,2024-03-07 23:00:00,ringsted,-1.1,0.0,1.5,0.0,1023.9,98.0,44.5455
1709852400,2024-03-07 23:00:00,2024-03-08 00:00:00,ringsted,-0.566667,0.0,1.66667,0.0,1023.56,97.6667,0.0
1709856000,2024-03-08 00:00:00,2024-03-08 01:00:00,ringsted,-0.466667,0.0,1.76667,0.0,1023.21,97.3333,16.0
1709859600,2024-03-08 01:00:00,2024-03-08 02:00:00,ringsted,-0.766667,0.0,1.46667,0.0,1022.84,97.0,0.0
1709863200,2024-03-08 02:00:00,2024-03-08 03:00:00,ringsted,-1.63333,0.0,1.06667,0.0,1022.22,98.6667,1.66667
1709866800,2024-03-08 03:00:00,2024-03-08 04:00:00,ringsted,-2.26667,0.0,1.1,0.0,1021.76,99.0,68.7
1709870400,2024-03-08 04:00:00,2024-03-08 05:00:00,ringsted,-2.56667,0.0,0.966667,0.0,1021.51,99.0,48.3333
1709874000,2024-03-08 05:00:00,2024-03-08 06:00:00,ringsted,-2.7,0.0,0.666667,0.0,1021.22,99.0,48.3333
1709877600,2024-03-08 06:00:00,2024-03-08 07:00:00,ringsted,-3.33333,0.5,0.7,0.0,1021.16,98.6667,47.5
1709881200,2024-03-08 07:00:00,2024-03-08 08:00:00,ringsted,-2.75,29.0,1.06667,0.0,1020.67,98.0,43.6364
1709884800,2024-03-08 08:00:00,2024-03-08 09:00:00,ringsted,-1.0,81.0,1.825,0.0,1020.3,98.0,71.8182
1709888400,2024-03-08 09:00:00,2024-03-08 10:00:00,ringsted,-0.35,150.5,2.375,0.0,1020.01,97.0,86.6667
1709892000,2024-03-08 10:00:00,2024-03-08 11:00:00,ringsted,0.275,242.5,2.55,0.0,1019.68,95.5,70.4167
1709895600,2024-03-08 11:00:00,2024-03-08 12:00:00,ringsted,1.225,412.0,2.9,0.0,1019.27,91.5,8.33333
1709899200,2024-03-08 12:00:00,2024-03-08 13:00:00,ringsted,2.3,529.5,3.325,0.0,1018.59,84.5,0.0
1709902800,2024-03-08 13:00:00,2024-03-08 14:00:00,ringsted,2.85,506.0,3.3,0.0,1018.05,80.25,0.0
1709906400,2024-03-08 14:00:00,2024-03-08 15:00:00,ringsted,3.2,435.0,3.6,0.0,1017.41,77.25,0.0
1709910000,2024-03-08 15:00:00,2024-03-08 16:00:00,ringsted,2.9,324.0,3.8,0.0,1016.81,78.25,0.0
1709913600,2024-03-08 16:00:00,2024-03-08 17:00:00,ringsted,2.075,192.0,3.925,0.0,1016.34,83.0,5.83333
1709917200,2024-03-08 17:00:00,2024-03-08 18:00:00,ringsted,0.95,54.0,4.1,0.0,1016.1,89.0,5.0
1709920800,2024-03-08 18:00:00,2024-03-08 19:00:00,ringsted,-0.175,0.5,3.35,0.0,1015.73,94.75,0.0
1709924400,2024-03-08 19:00:00,2024-03-08 20:00:00,ringsted,-0.366667,0.0,2.95,0.0,1015.36,95.3333,0.0
1709928000,2024-03-08 20:00:00,2024-03-08 21:00:00,ringsted,-0.466667,0.0,3.0,0.0,1014.92,93.6667,0.0
1709931600,2024-03-08 21:00:00,2024-03-08 22:00:00,ringsted,0.3,0.0,4.25,0.0,1014.4,90.0,0.0
1709935200,2024-03-08 22:00:00,2024-03-08 23:00:00,ringsted,0.475,0.0,4.2,0.0,1014.1,89.0,2.08333
1709938800,2024-03-08 23:00:00,2024-03-09 00:00:00,ringsted,0.4,0.0,4.85,0.0,1013.87,91.25,26.6667
1709942400,2024-03-09 00:00:00,2024-03-09 01:00:00,ringsted,0.25,0.0,5.2,0.025,1013.58,93.25,45.0
1709946000,2024-03-09 01:00:00,2024-03-09 02:00:00,ringsted,0.25,0.0,5.225,0.0,1013.13,92.75,46.6667
1709949600,2024-03-09 02:00:00,2024-03-09 03:00:00,ringsted,0.4,0.0,5.7,0.0,1012.52,92.5,59.1667
1709953200,2024-03-09 03:00:00,2024-03-09 04:00:00,ringsted,0.466667,0.0,6.25,0.025,1012.13,92.75,89.0909
1709956800,2024-03-09 04:00:00,2024-03-09 05:00:00,ringsted,0.65,0.0,6.525,0.0,1011.92,92.0,95.0
1709960400,2024-03-09 05:00:00,2024-03-09 06:00:00,ringsted,0.65,0.0,6.7,0.0,1011.64,92.0,95.0
1709964000,2024-03-09 06:00:00,2024-03-09 07:00:00,ringsted,0.666667,1.5,6.875,0.0,1011.44,92.0,95.8333
1709967600,2024-03-09 07:00:00,2024-03-09 08:00:00,ringsted,0.8,21.0,7.125,0.0,1011.55,91.0,95.0
1709971200,2024-03-09 08:00:00,2024-03-09 09:00:00,ringsted,1.075,64.5,7.325,0.0,1011.43,89.25,82.5
1709974800,2024-03-09 09:00:00,2024-03-09 10:00:00,ringsted,1.53333,129.0,7.775,0.0,1011.1,87.0,87.5
1709978400,2024-03-09 10:00:00,2024-03-09 11:00:00,ringsted,1.93333,186.0,8.125,0.0,1010.63,85.0,69.1667
1709982000,2024-03-09 11:00:00,2024-03-09 12:00:00,ringsted,2.375,303.0,9.0,0.0,1010.16,84.25,29.5833
1709985600,2024-03-09 12:00:00,2024-03-09 13:00:00,ringsted,2.96667,375.0,8.925,0.0,1009.57,81.3333,48.75
1709989200,2024-03-09 13:00:00,2024-03-09 14:00:00,ringsted,3.13333,382.5,8.625,0.0,1008.99,81.0,8.33333
1709992800,2024-03-09 14:00:00,2024-03-09 15:00:00,ringsted,3.475,405.5,8.575,0.0,1008.36,80.0,2.5
1709996400,2024-03-09 15:00:00,2024-03-09 16:00:00,ringsted,3.23333,294.5,8.8,0.0,1008.0,79.0,0.833333
1710000000,2024-03-09 16:00:00,2024-03-09 17:00:00,ringsted,2.925,168.5,8.375,0.0,1007.81,80.0,2.5
1710003600,2024-03-09 17:00:00,2024-03-09 18:00:00,ringsted,2.1,50.0,8.225,0.0,1008.22,82.5,22.0833
1710007200,2024-03-09 18:00:00,2024-03-09 19:00:00,ringsted,1.23333,1.0,8.575,0.0,1008.53,84.75,73.3333
1710010800,2024-03-09 19:00:00,2024-03-09 20:00:00,ringsted,1.025,0.0,8.625,0.0,1008.42,85.75,87.5
1710014400,2024-03-09 20:00:00,2024-03-09 21:00:00,ringsted,0.933333,0.0,8.4,0.0,1008.33,85.5,90.0
1710018000,2024-03-09 21:00:00,2024-03-09 22:00:00,ringsted,1.03333,0.0,8.1,0.0,1008.28,85.3333,90.8333
1710021600,2024-03-09 22:00:00,2024-03-09 23:00:00,ringsted,1.2,0.0,7.85,0.0,1007.85,85.3333,93.3333
1710025200,2024-03-09 23:00:00,2024-03-10 00:00:00,ringsted,1.26667,0.0,7.8,0.0,1007.55,86.25,93.3333
1710028800,2024-03-10 00:00:00,2024-03-10 01:00:00,ringsted,1.45,0.0,8.0,0.025,1007.31,87.0,94.1667
1710032400,2024-03-10 01:00:00,2024-03-10 02:00:00,ringsted,1.46667,0.0,8.56667,0.0,1007.12,87.3333,95.0
1710036000,2024-03-10 02:00:00,2024-03-10 03:00:00,ringsted,1.5,0.0,8.5,0.0,1006.94,87.3333,95.8333
1710039600,2024-03-10 03:00:00,2024-03-10 04:00:00,ringsted,1.43333,0.0,8.7,0.1,1006.72,87.5,95.0
1710043200,2024-03-10 04:00:00,2024-03-10 05:00:00,ringsted,1.43333,0.0,8.6,0.0,1006.63,87.0,95.8333
1710046800,2024-03-10 05:00:00,2024-03-10 06:00:00,ringsted,1.43333,0.0,8.825,0.0,1006.72,87.3333,98.3333
1710050400,2024-03-10 06:00:00,2024-03-10 07:00:00,ringsted,1.5,0.5,9.33333,0.0,1006.8,87.6667,98.3333
1710054000,2024-03-10 07:00:00,2024-03-10 08:00:00,ringsted,1.6,6.0,9.73333,0.0,1006.85,88.6667,97.5
1710057600,2024-03-10 08:00:00,2024-03-10 09:00:00,ringsted,1.76667,19.5,9.675,0.0,1006.85,89.5,98.3333
1710061200,2024-03-10 09:00:00,2024-03-10 10:00:00,ringsted,2.06667,38.5,9.75,0.0,1006.82,89.6667,98.3333
1710064800,2024-03-10 10:00:00,2024-03-10 11:00:00,ringsted,2.46667,59.5,9.675,0.0,1006.49,88.6667,97.2727
1710068400,2024-03-10 11:00:00,2024-03-10 12:00:00,ringsted,2.8,90.5,10.25,0.0,1006.48,87.0,98.3333
1710072000,2024-03-10 12:00:00,2024-03-10 13:00:00,ringsted,3.16667,121.5,10.7667,0.0,1006.0,85.3333,90.0
1710075600,2024-03-10 13:00:00,2024-03-10 14:00:00,ringsted,3.66667,222.0,10.35,0.0,1005.48,83.3333,90.0
1710079200,2024-03-10 14:00:00,2024-03-10 15:00:00,ringsted,4.13333,281.5,11.1667,0.0,1005.08,81.0,64.5833
1710082800,2024-03-10 15:00:00,2024-03-10 16:00:00,ringsted,4.16667,195.5,10.625,0.0,1005.01,80.0,60.0
1710086400,2024-03-10 16:00:00,2024-03-10 17:00:00,ringsted,3.83333,99.0,10.525,0.0,1005.17,80.3333,70.8333
1710090000,2024-03-10 17:00:00,2024-03-10 18:00:00,ringsted,3.03333,24.0,9.9,0.0,1005.62,82.6667,67.5
1710093600,2024-03-10 18:00:00,2024-03-10 19:00:00,ringsted,2.66667,1.0,9.5,0.0,1005.88,84.0,85.0
1710097200,2024-03-10 19:00:00,2024-03-10 20:00:00,ringsted,2.6,0.5,9.5,0.0,1005.74,84.0,90.0
1710100800,2024-03-10 20:00:00,2024-03-10 21:00:00,ringsted,2.7,0.5,9.525,0.0,1005.7,83.3333,70.4167
1710104400,2024-03-10 21:00:00,2024-03-10 22:00:00,ringsted,2.66667,0.5,9.73333,0.0,1005.48,82.0,75.4167
1710108000,2024-03-10 22:00:00,2024-03-10 23:00:00,ringsted,2.83333,0.0,9.33333,0.0,1005.1,80.3333,84.1667
1710111600,2024-03-10 23:00:00,2024-03-11 00:00:00,ringsted,3.0,0.0,9.2,0.0,1004.84,80.0,80.8333
1710115200,2024-03-11 00:00:00,2024-03-11 01:00:00,ringsted,3.0,0.0,8.575,0.0,1004.57,79.3333,62.9167
1710118800,2024-03-11 01:00:00,2024-03-11 02:00:00,ringsted,3.13333,0.0,8.4,0.0,1004.28,79.6667,77.5
1710122400,2024-03-11 02:00:00,2024-03-11 03:00:00,ringsted,3.23333,0.0,8.35,0.0,1003.82,79.6667,98.3333
1710126000,2024-03-11 03:00:00,2024-03-11 04:00:00,ringsted,3.26667,0.0,9.6,0.0,1003.62,80.0,94.5833
1710129600,2024-03-11 04:00:00,2024-03-11 05:00:00,ringsted,3.2,0.0,8.425,0.0,1003.55,80.6667,70.4167
1710133200,2024-03-11 05:00:00,2024-03-11 06:00:00,ringsted,3.03333,0.0,9.03333,0.0,1003.35,81.6667,4.16667
1710136800,2024-03-11 06:00:00,2024-03-11 07:00:00,ringsted,2.9,5.0,9.7,0.0,1003.53,82.6667,2.5
1710140400,2024-03-11 07:00:00,2024-03-11 08:00:00,ringsted,3.175,38.5,8.925,0.0,1003.5,83.25,16.6667
1710144000,2024-03-11 08:00:00,2024-03-11 09:00:00,ringsted,3.8,132.5,9.175,0.0,1003.7,81.25,7.5
1710147600,2024-03-11 09:00:00,2024-03-11 10:00:00,ringsted,4.5,272.5,9.775,0.0,1004.06,78.75,12.9167
1710151200,2024-03-11 10:00:00,2024-03-11 11:00:00,ringsted,5.025,268.5,9.125,0.0,1004.25,77.25,75.4167
1710154800,2024-03-11 11:00:00,2024-03-11 12:00:00,ringsted,5.0,195.5,9.1,0.025,1004.33,77.5,95.0
1710158400,2024-03-11 12:00:00,2024-03-11 13:00:00,ringsted,4.925,154.5,8.7,0.0,1004.74,77.75,97.5
1710162000,2024-03-11 13:00:00,2024-03-11 14:00:00,ringsted,4.525,82.0,8.7,0.0,1004.92,79.25,98.3333
1710165600,2024-03-11 14:00:00,2024-03-11 15:00:00,ringsted,4.025,59.0,8.15,0.0,1005.09,82.75,96.6667
1710169200,2024-03-11 15:00:00,2024-03-11 16:00:00,ringsted,3.7,39.5,7.8,0.0,1005.38,84.5,96.6667
1710172800,2024-03-11 16:00:00,2024-03-11 17:00:00,ringsted,3.5,16.5,7.875,0.0,1005.92,85.75,99.1667
1710176400,2024-03-11 17:00:00,2024-03-11 18:00:00,ringsted,3.175,5.5,7.45,0.0,1006.36,88.75,98.3333
1710180000,2024-03-11 18:00:00,2024-03-11 19:00:00,ringsted,2.975,0.5,7.425,0.0,1006.7,90.75,98.3333
1710183600,2024-03-11 19:00:00,2024-03-11 20:00:00,ringsted,2.85,0.0,6.75,0.0,1006.84,92.5,98.3333
1710187200,2024-03-11 20:00:00,2024-03-11 21:00:00,ringsted,2.825,0.0,6.4,0.0,1007.28,92.5,96.6667
1710190800,2024-03-11 21:00:00,2024-03-11 22:00:00,ringsted,2.825,0.0,5.75,0.0,1007.71,92.75,98.3333
1710194400,2024-03-11 22:00:00,2024-03-11 23:00:00,ringsted,2.95,0.0,5.125,0.0,1007.8,92.25,97.5
1710198000,2024-03-11 23:00:00,2024-03-12 00:00:00,ringsted,2.925,0.0,4.675,0.0,1007.72,93.25,98.3333
1710201600,2024-03-12 00:00:00,2024-03-12 01:00:00,ringsted,2.825,0.5,4.45,0.0,1007.63,95.25,97.5
1710205200,2024-03-12 01:00:00,2024-03-12 02:00:00,ringsted,2.85,0.0,3.825,0.0,1007.68,96.25,96.6667
1710208800,2024-03-12 02:00:00,2024-03-12 03:00:00,ringsted,2.9,0.0,3.45,0.0,1007.65,96.0,96.6667
1710212400,2024-03-12 03:00:00,2024-03-12 04:00:00,ringsted,2.925,0.0,3.35,0.0,1007.66,95.75,99.1667
1710216000,2024-03-12 04:00:00,2024-03-12 05:00:00,ringsted,2.9,0.0,3.3,0.0,1007.79,96.0,99.1667
1710219600,2024-03-12 05:00:00,2024-03-12 06:00:00,ringsted,2.875,0.0,3.325,0.0,1008.05,96.5,99.1667
1710223200,2024-03-12 06:00:00,2024-03-12 07:00:00,ringsted,2.8,0.5,2.95,0.0,1008.55,97.5,99.1667
1710226800,2024-03-12 07:00:00,2024-03-12 08:00:00,ringsted,2.8,10.5,2.65,0.0,1008.87,97.5,99.1667
1710230400,2024-03-12 08:00:00,2024-03-12 09:00:00,ringsted,2.975,32.0,2.65,0.0,1009.16,97.5,99.1667
1710234000,2024-03-12 09:00:00,2024-03-12 10:00:00,ringsted,3.225,60.5,2.925,0.0,1009.51,96.5,97.5
1710237600,2024-03-12 10:00:00,2024-03-12 11:00:00,ringsted,3.475,80.0,2.95,0.0,1009.75,95.5,99.1667
1710241200,2024-03-12 11:00:00,2024-03-12 12:00:00,ringsted,3.675,81.5,2.55,0.0,1009.72,94.5,99.1667
1710244800,2024-03-12 12:00:00,2024-03-12 13:00:00,ringsted,3.925,87.5,2.475,0.0,1009.64,93.75,99.1667
1710248400,2024-03-12 13:00:00,2024-03-12 14:00:00,ringsted,4.1,85.5,2.475,0.0,1009.63,92.75,95.8333
1710252000,2024-03-12 14:00:00,2024-03-12 15:00:00,ringsted,4.3,97.5,2.475,0.0,1009.82,91.5,97.5
1710255600,2024-03-12 15:00:00,2024-03-12 16:00:00,ringsted,4.175,54.5,2.375,0.0,1010.06,92.25,96.6667
1710259200,2024-03-12 16:00:00,2024-03-12 17:00:00,ringsted,3.925,26.5,2.125,0.0,1010.2,94.0,95.8333
1710262800,2024-03-12 17:00:00,2024-03-12 18:00:00,ringsted,3.8,10.0,2.0,0.0,1010.46,94.5,98.3333
1710266400,2024-03-12 18:00:00,2024-03-12 19:00:00,ringsted,3.625,0.0,1.9,0.0,1010.74,95.5,98.3333
1710270000,2024-03-12 19:00:00,2024-03-12 20:00:00,ringsted,3.475,0.0,1.95,0.0,1010.9,96.5,80.8333
1710273600,2024-03-12 20:00:00,2024-03-12 21:00:00,ringsted,3.35,0.0,2.175,0.0,1010.97,97.75,96.6667
1710277200,2024-03-12 21:00:00,2024-03-12 22:00:00,ringsted,3.325,0.0,2.2,0.0,1010.85,98.0,97.5
1710280800,2024-03-12 22:00:00,2024-03-12 23:00:00,ringsted,3.3,0.0,2.425,0.0,1010.85,98.25,90.0
1710284400,2024-03-12 23:00:00,2024-03-13 00:00:00,ringsted,3.275,0.0,2.675,0.0,1011.01,99.0,96.6667
1710288000,2024-03-13 00:00:00,2024-03-13 01:00:00,ringsted,3.25,0.0,2.35,0.0,1010.95,99.25,99.1667
1710291600,2024-03-13 01:00:00,2024-03-13 02:00:00,ringsted,3.275,0.0,1.75,0.0,1010.88,98.75,96.6667
1710295200,2024-03-13 02:00:00,2024-03-13 03:00:00,ringsted,3.3,0.0,1.3,0.0,1010.76,98.5,96.6667
1710298800,2024-03-13 03:00:00,2024-03-13 04:00:00,ringsted,3.325,0.0,1.45,0.0,1010.45,98.75,96.6667
1710302400,2024-03-13 04:00:00,2024-03-13 05:00:00,ringsted,3.4,0.0,1.875,0.0,1010.26,99.25,45.8333
1710306000,2024-03-13 05:00:00,2024-03-13 06:00:00,ringsted,3.425,0.0,2.15,0.0,1010.54,99.5,44.5455
1710309600,2024-03-13 06:00:00,2024-03-13 07:00:00,ringsted,3.5,1.0,2.05,0.0,1010.83,99.75,39.0
1710313200,2024-03-13 07:00:00,2024-03-13 08:00:00,ringsted,3.675,14.0,2.5,0.0,1010.65,99.75,31.1111
1710316800,2024-03-13 08:00:00,2024-03-13 09:00:00,ringsted,4.075,56.0,2.825,0.0,1010.59,99.75,45.0
1710320400,2024-03-13 09:00:00,2024-03-13 10:00:00,ringsted,4.8,103.5,2.625,0.0,1010.89,100.0,44.1667
1710324000,2024-03-13 10:00:00,2024-03-13 11:00:00,ringsted,5.725,189.0,2.95,0.0,1010.84,98.5,73.3333
1710327600,2024-03-13 11:00:00,2024-03-13 12:00:00,ringsted,6.9,308.5,3.55,0.0,1010.29,93.0,45.8333
1710331200,2024-03-13 12:00:00,2024-03-13 13:00:00,ringsted,8.325,397.0,4.35,0.0,1009.83,83.25,37.9167
1710334800,2024-03-13 13:00:00,2024-03-13 14:00:00,ringsted,8.775,434.0,4.675,0.0,1009.31,79.5,42.5
1710338400,2024-03-13 14:00:00,2024-03-13 15:00:00,ringsted,9.275,400.5,4.825,0.0,1009.05,75.5,27.0833
1710342000,2024-03-13 15:00:00,2024-03-13 16:00:00,ringsted,9.225,229.0,4.9,0.0,1008.83,75.5,46.6667
1710345600,2024-03-13 16:00:00,2024-03-13 17:00:00,ringsted,8.825,101.5,4.725,0.0,1008.64,77.0,87.5
1710349200,2024-03-13 17:00:00,2024-03-13 18:00:00,ringsted,8.375,26.5,4.025,0.0,1008.63,79.5,93.3333
1710352800,2024-03-13 18:00:00,2024-03-13 19:00:00,ringsted,7.75,1.0,3.575,0.0,1008.75,82.5,95.8333
1710356400,2024-03-13 19:00:00,2024-03-13 20:00:00,ringsted,7.475,0.0,3.55,0.0,1008.49,86.0,98.3333
1710360000,2024-03-13 20:00:00,2024-03-13 21:00:00,ringsted,7.2,0.0,3.45,0.0,1008.2,90.75,100.0
1710363600,2024-03-13 21:00:00,2024-03-13 22:00:00,ringsted,7.35,0.0,3.65,0.0,1007.87,93.0,101.714
1710367200,2024-03-13 22:00:00,2024-03-13 23:00:00,ringsted,7.55,0.0,3.925,0.0,1007.71,97.0,97.0
1710370800,2024-03-13 23:00:00,2024-03-14 00:00:00,ringsted,8.175,0.0,4.2,0.025,1007.41,98.75,96.0
1710374400,2024-03-14 00:00:00,2024-03-14 01:00:00,ringsted,8.275,0.0,4.125,0.075,1007.08,98.5,95.0
1710378000,2024-03-14 01:00:00,2024-03-14 02:00:00,ringsted,8.375,0.0,4.2,0.0,1006.55,98.25,98.3333
1710381600,2024-03-14 02:00:00,2024-03-14 03:00:00,ringsted,8.45,0.0,4.625,0.05,1006.24,97.0,99.1667
1710385200,2024-03-14 03:00:00,2024-03-14 04:00:00,ringsted,8.6,0.0,4.8,0.0,1005.92,95.0,98.3333
1710388800,2024-03-14 04:00:00,2024-03-14 05:00:00,ringsted,8.6,0.0,5.25,0.0,1005.59,94.0,99.1667
1710392400,2024-03-14 05:00:00,2024-03-14 06:00:00,ringsted,8.6,0.0,5.425,0.0,1005.44,93.25,98.3333
1710396000,2024-03-14 06:00:00,2024-03-14 07:00:00,ringsted,8.6,1.0,5.55,0.025,1005.25,93.5,98.3333
1710399600,2024-03-14 07:00:00,2024-03-14 08:00:00,ringsted,8.575,15.0,5.35,0.025,1005.41,94.25,98.3333
1710403200,2024-03-14 08:00:00,2024-03-14 09:00:00,ringsted,8.85,37.0,5.7,0.0,1005.69,94.75,98.3333
1710406800,2024-03-14 09:00:00,2024-03-14 10:00:00,ringsted,9.05,65.0,5.85,0.0,1005.67,94.5,98.3333
1710410400,2024-03-14 10:00:00,2024-03-14 11:00:00,ringsted,9.25,83.0,6.175,0.0,1005.72,93.75,97.5
1710414000,2024-03-14 11:00:00,2024-03-14 12:00:00,ringsted,9.4,102.0,6.075,0.0,1005.62,94.0,95.0
1710417600,2024-03-14 12:00:00,2024-03-14 13:00:00,ringsted,9.825,118.0,5.625,0.0,1005.44,91.75,95.0
1710421200,2024-03-14 13:00:00,2024-03-14 14:00:00,ringsted,10.275,136.5,5.65,0.0,1005.24,88.25,87.5
1710424800,2024-03-14 14:00:00,2024-03-14 15:00:00,ringsted,10.675,142.0,5.3,0.0,1005.03,85.0,90.8333
1710428400,2024-03-14 15:00:00,2024-03-14 16:00:00,ringsted,10.925,103.5,5.0,0.0,1004.75,83.0,88.3333
1710432000,2024-03-14 16:00:00,2024-03-14 17:00:00,ringsted,11.025,88.5,4.375,0.0,1004.5,83.5,87.5
1710435600,2024-03-14 17:00:00,2024-03-14 18:00:00,ringsted,10.5,38.0,2.875,0.0,1004.53,86.25,62.5
1710439200,2024-03-14 18:00:00,2024-03-14 19:00:00,ringsted,9.55,2.0,2.625,0.0,1004.54,89.25,12.9167
1710442800,2024-03-14 19:00:00,2024-03-14 20:00:00,ringsted,8.8,0.0,2.775,0.0,1004.35,90.0,61.25
1710446400,2024-03-14 20:00:00,2024-03-14 21:00:00,ringsted,8.25,0.0,2.8,0.0,1004.05,91.25,75.8333
1710450000,2024-03-14 21:00:00,2024-03-14 22:00:00,ringsted,8.1,0.0,2.5,0.0,1003.78,91.25,94.1667
1710453600,2024-03-14 22:00:00,2024-03-14 23:00:00,ringsted,8.15,0.0,2.975,0.0,1003.51,90.0,92.5
1710457200,2024-03-14 23:00:00,2024-03-15 00:00:00,ringsted,8.45,0.0,3.425,0.0,1003.17,88.75,89.5833
1710460800,2024-03-15 00:00:00,2024-03-15 01:00:00,ringsted,8.475,0.0,3.25,0.0,1002.71,88.0,59.5833
1710464400,2024-03-15 01:00:00,2024-03-15 02:00:00,ringsted,8.7,0.0,3.25,0.0,1002.17,86.75,81.25
1710468000,2024-03-15 02:00:00,2024-03-15 03:00:00,ringsted,8.55,0.0,3.35,0.0,1001.72,87.0,75.8333
1710471600,2024-03-15 03:00:00,2024-03-15 04:00:00,ringsted,8.075,0.0,3.1,0.0,1001.3,88.5,82.0833
1710475200,2024-03-15 04:00:00,2024-03-15 05:00:00,ringsted,7.36667,0.0,3.0,0.0,1000.97,90.75,93.3333
1710478800,2024-03-15 05:00:00,2024-03-15 06:00:00,ringsted,7.375,0.0,3.2,0.0,1000.59,91.0,95.0
1710482400,2024-03-15 06:00:00,2024-03-15 07:00:00,ringsted,7.35,5.0,3.35,0.0,1000.48,91.5,91.6667
1710486000,2024-03-15 07:00:00,2024-03-15 08:00:00,ringsted,7.8,48.5,3.35,0.0,1000.43,90.5,92.5
1710489600,2024-03-15 08:00:00,2024-03-15 09:00:00,ringsted,8.825,116.5,3.625,0.0,1000.32,88.5,86.6667
1710493200,2024-03-15 09:00:00,2024-03-15 10:00:00,ringsted,10.15,264.0,4.025,0.0,1000.15,84.0,85.4167
1710496800,2024-03-15 10:00:00,2024-03-15 11:00:00,ringsted,11.45,253.5,4.575,0.0,1000.15,80.0,63.75
1710500400,2024-03-15 11:00:00,2024-03-15 12:00:00,ringsted,12.175,245.5,4.7,0.025,1000.25,77.5,80.4167
1710504000,2024-03-15 12:00:00,2024-03-15 13:00:00,ringsted,12.075,182.5,4.875,0.05,1000.28,79.5,90.0
1710507600,2024-03-15 13:00:00,2024-03-15 14:00:00,ringsted,11.35,126.0,4.9,0.525,1000.3,86.75,95.0
1710511200,2024-03-15 14:00:00,2024-03-15 15:00:00,ringsted,11.225,122.0,4.975,0.375,1000.17,92.25,95.0
1710514800,2024-03-15 15:00:00,2024-03-15 16:00:00,ringsted,11.375,82.5,5.025,0.15,1000.06,91.5,92.5
1710518400,2024-03-15 16:00:00,2024-03-15 17:00:00,ringsted,11.2,55.5,4.85,0.075,1000.15,92.0,87.5
1710522000,2024-03-15 17:00:00,2024-03-15 18:00:00,ringsted,10.8,29.5,4.325,0.25,1000.28,92.5,74.1667
1710525600,2024-03-15 18:00:00,2024-03-15 19:00:00,ringsted,10.3,1.5,3.5,0.0,1000.44,92.75,78.3333
1710529200,2024-03-15 19:00:00,2024-03-15 20:00:00,ringsted,10.15,0.0,3.75,0.025,1000.4,92.25,79.1667
1710532800,2024-03-15 20:00:00,2024-03-15 21:00:00,ringsted,10.1,0.0,3.75,0.0,1000.35,91.25,66.25
1710536400,2024-03-15 21:00:00,2024-03-15 22:00:00,ringsted,9.9,0.0,4.1,0.45,1000.28,92.0,55.8333
1710540000,2024-03-15 22:00:00,2024-03-15 23:00:00,ringsted,9.55,0.0,4.6,0.0,1000.2,93.0,76.25
1710543600,2024-03-15 23:00:00,2024-03-16 00:00:00,ringsted,9.525,0.0,4.725,0.0,1000.11,93.5,89.5833
1710547200,2024-03-16 00:00:00,2024-03-16 01:00:00,ringsted,9.625,0.0,5.1,0.0,999.941,93.75,94.1667
1710550800,2024-03-16 01:00:00,2024-03-16 02:00:00,ringsted,9.75,0.0,5.0,0.05,999.683,93.75,94.1667
1710554400,2024-03-16 02:00:00,2024-03-16 03:00:00,ringsted,9.775,0.0,5.45,0.0,999.467,92.5,92.5
1710558000,2024-03-16 03:00:00,2024-03-16 04:00:00,ringsted,9.575,0.0,5.425,0.0,999.075,93.0,94.1667
1710561600,2024-03-16 04:00:00,2024-03-16 05:00:00,ringsted,9.525,0.0,5.625,0.0,999.079,92.75,97.5
1710565200,2024-03-16 05:00:00,2024-03-16 06:00:00,ringsted,9.5,0.0,6.575,0.0,999.355,91.75,96.6667
1710568800,2024-03-16 06:00:00,2024-03-16 07:00:00,ringsted,8.95,2.5,6.325,0.1,1000.19,94.0,98.3333
1710572400,2024-03-16 07:00:00,2024-03-16 08:00:00,ringsted,8.0,20.5,6.5,0.275,1001.7,93.5,97.5
1710576000,2024-03-16 08:00:00,2024-03-16 09:00:00,ringsted,6.525,75.0,7.775,0.0,1002.78,86.0,80.8333
1710579600,2024-03-16 09:00:00,2024-03-16 10:00:00,ringsted,6.575,240.5,7.7,0.0,1003.42,76.5,41.25
1710583200,2024-03-16 10:00:00,2024-03-16 11:00:00,ringsted,7.4,430.0,8.55,0.0,1004.17,68.75,25.8333
1710586800,2024-03-16 11:00:00,2024-03-16 12:00:00,ringsted,7.85,510.0,8.95,0.0,1004.73,63.75,13.75
1710590400,2024-03-16 12:00:00,2024-03-16 13:00:00,ringsted,8.375,568.5,9.525,0.0,1005.14,58.75,12.5
1710594000,2024-03-16 13:00:00,2024-03-16 14:00:00,ringsted,8.475,552.5,10.15,0.0,1005.46,54.75,28.3333
1710597600,2024-03-16 14:00:00,2024-03-16 15:00:00,ringsted,8.525,472.5,10.55,0.0,1005.88,54.0,71.6667
1710601200,2024-03-16 15:00:00,2024-03-16 16:00:00,ringsted,7.95,261.5,10.75,0.0,1006.58,55.0,76.6667
1710604800,2024-03-16 16:00:00,2024-03-16 17:00:00,ringsted,7.225,135.0,10.45,0.0,1007.31,57.0,96.6667
1710608400,2024-03-16 17:00:00,2024-03-16 18:00:00,ringsted,6.675,28.5,9.825,0.0,1008.23,61.0,99.1667
1710612000,2024-03-16 18:00:00,2024-03-16 19:00:00,ringsted,6.175,0.5,8.7,0.0,1008.95,64.5,98.3333
1710615600,2024-03-16 19:00:00,2024-03-16 20:00:00,ringsted,5.525,0.0,8.325,0.0,1009.84,71.25,94.1667
1710619200,2024-03-16 20:00:00,2024-03-16 21:00:00,ringsted,4.575,0.0,7.825,0.025,1010.89,78.75,90.8333
1710622800,2024-03-16 21:00:00,2024-03-16 22:00:00,ringsted,3.925,0.0,8.0,0.0,1011.89,76.25,64.1667
1710626400,2024-03-16 22:00:00,2024-03-16 23:00:00,ringsted,3.275,0.0,8.625,0.0,1012.69,73.25,87.5
1710630000,2024-03-16 23:00:00,2024-03-17 00:00:00,ringsted,2.925,0.0,8.375,0.0,1013.67,72.75,86.25
1710633600,2024-03-17 00:00:00,2024-03-17 01:00:00,ringsted,2.45,0.0,7.425,0.0,1014.43,75.25,91.6667
1710637200,2024-03-17 01:00:00,2024-03-17 02:00:00,ringsted,2.125,0.0,6.2,0.05,1015.17,78.5,84.5833
1710640800,2024-03-17 02:00:00,2024-03-17 03:00:00,ringsted,2.025,0.0,6.25,0.0,1015.88,78.25,91.6667
1710644400,2024-03-17 03:00:00,2024-03-17 04:00:00,ringsted,1.75,0.0,4.85,0.0,1016.51,79.5,93.3333
1710648000,2024-03-17 04:00:00,2024-03-17 05:00:00,ringsted,1.45,0.0,4.1,0.025,1017.09,82.0,87.5
1710651600,2024-03-17 05:00:00,2024-03-17 06:00:00,ringsted,1.2,0.0,3.975,0.0,1017.88,84.25,85.0
1710655200,2024-03-17 06:00:00,2024-03-17 07:00:00,ringsted,0.85,10.5,3.675,0.025,1018.65,87.25,74.5833
1710658800,2024-03-17 07:00:00,2024-03-17 08:00:00,ringsted,1.2,78.5,3.725,0.025,1019.31,83.75,82.5
1710662400,2024-03-17 08:00:00,2024-03-17 09:00:00,ringsted,1.65,133.5,4.65,0.0,1019.72,76.5,85.8333
1710666000,2024-03-17 09:00:00,2024-03-17 10:00:00,ringsted,2.125,293.5,4.925,0.0,1020.03,70.0,13.3333
1710669600,2024-03-17 10:00:00,2024-03-17 11:00:00,ringsted,2.9,484.0,4.725,0.0,1020.21,65.5,3.33333
1710673200,2024-03-17 11:00:00,2024-03-17 12:00:00,ringsted,3.725,576.5,4.175,0.0,1020.3,61.5,0.0
1710676800,2024-03-17 12:00:00,2024-03-17 13:00:00,ringsted,4.45,588.0,3.65,0.0,1020.44,56.75,0.0
1710680400,2024-03-17 13:00:00,2024-03-17 14:00:00,ringsted,4.9,567.5,3.2,0.0,1020.3,53.0,0.0
1710684000,2024-03-17 14:00:00,2024-03-17 15:00:00,ringsted,5.175,493.0,3.05,0.0,1020.25,50.0,0.0
1710687600,2024-03-17 15:00:00,2024-03-17 16:00:00,ringsted,5.325,377.5,2.45,0.0,1020.07,48.5,0.0
1710691200,2024-03-17 16:00:00,2024-03-17 17:00:00,ringsted,5.025,197.0,2.4,0.0,1020.1,50.75,0.0
1710694800,2024-03-17 17:00:00,2024-03-17 18:00:00,ringsted,4.05,88.5,2.7,0.0,1020.46,56.75,0.0
1710698400,2024-03-17 18:00:00,2024-03-17 19:00:00,ringsted,2.2,3.5,2.35,0.0,1020.54,67.5,0.0
1710702000,2024-03-17 19:00:00,2024-03-17 20:00:00,ringsted,0.975,0.0,1.825,0.0,1020.42,74.25,0.0
1710705600,2024-03-17 20:00:00,2024-03-17 21:00:00,ringsted,0.15,0.0,2.275,0.0,1020.33,79.25,16.6667
1710709200,2024-03-17 21:00:00,2024-03-17 22:00:00,ringsted,-0.3,0.0,1.425,0.0,1020.1,81.25,4.16667
1710712800,2024-03-17 22:00:00,2024-03-17 23:00:00,ringsted,-0.525,0.0,1.375,0.0,1019.92,81.5,29.1667
1710716400,2024-03-17 23:00:00,2024-03-18 00:00:00,ringsted,-0.7,0.0,1.6,0.0,1019.72,82.25,4.16667
1710720000,2024-03-18 00:00:00,2024-03-18 01:00:00,ringsted,-0.75,1.0,1.9,0.0,1019.39,81.0,26.6667
1710723600,2024-03-18 01:00:00,2024-03-18 02:00:00,ringsted,-0.325,0.0,2.25,0.0,1019.13,78.25,22.5
1710727200,2024-03-18 02:00:00,2024-03-18 03:00:00,ringsted,-0.55,0.0,2.375,0.0,1018.75,81.25,25.4167
1710730800,2024-03-18 03:00:00,2024-03-18 04:00:00,ringsted,-0.65,0.0,2.6,0.0,1018.51,83.25,16.25
1710734400,2024-03-18 04:00:00,2024-03-18 05:00:00,ringsted,-0.8,0.0,2.4,0.0,1018.4,88.5,0.833333
1710738000,2024-03-18 05:00:00,2024-03-18 06:00:00,ringsted,-0.625,0.0,2.35,0.0,1018.27,89.25,37.0833
1710741600,2024-03-18 06:00:00,2024-03-18 07:00:00,ringsted,-0.425,20.0,2.675,0.0,1018.2,89.25,54.1667
1710745200,2024-03-18 07:00:00,2024-03-18 08:00:00,ringsted,0.7,112.0,3.575,0.0,1018.17,87.0,70.0
1710748800,2024-03-18 08:00:00,2024-03-18 09:00:00,ringsted,1.625,163.5,4.125,0.0,1018.03,84.75,51.6667
1710752400,2024-03-18 09:00:00,2024-03-18 10:00:00,ringsted,2.375,249.5,4.675,0.0,1017.88,81.25,50.0
1710756000,2024-03-18 10:00:00,2024-03-18 11:00:00,ringsted,3.225,351.0,5.175,0.0,1017.9,74.0,53.75
1710759600,2024-03-18 11:00:00,2024-03-18 12:00:00,ringsted,3.7,426.5,5.1,0.0,1017.83,69.5,12.5
1710763200,2024-03-18 12:00:00,2024-03-18 13:00:00,ringsted,3.725,441.0,5.225,0.0,1017.66,68.75,5.83333
1710766800,2024-03-18 13:00:00,2024-03-18 14:00:00,ringsted,3.55,369.0,5.6,0.0,1017.55,68.25,18.3333
1710770400,2024-03-18 14:00:00,2024-03-18 15:00:00,ringsted,3.15,370.5,5.55,0.0,1017.33,67.75,14.1667
1710774000,2024-03-18 15:00:00,2024-03-18 16:00:00,ringsted,2.625,286.5,5.6,0.0,1017.33,69.25,35.0
1710777600,2024-03-18 16:00:00,2024-03-18 17:00:00,ringsted,1.925,158.0,5.625,0.0,1017.51,72.0,36.6667
1710781200,2024-03-18 17:00:00,2024-03-18 18:00:00,ringsted,1.35,59.0,5.675,0.0,1017.8,76.0,75.8333
1710784800,2024-03-18 18:00:00,2024-03-18 19:00:00,ringsted,0.75,7.0,5.45,0.0,1018.11,78.75,62.5
1710788400,2024-03-18 19:00:00,2024-03-18 20:00:00,ringsted,0.35,0.0,4.9,0.0,1018.38,80.25,20.8333
1710792000,2024-03-18 20:00:00,2024-03-18 21:00:00,ringsted,0.075,0.0,4.575,0.0,1018.32,80.75,51.6667
1710795600,2024-03-18 21:00:00,2024-03-18 22:00:00,ringsted,0.025,0.0,4.975,0.0,1018.4,78.25,67.0833
1710799200,2024-03-18 22:00:00,2024-03-18 23:00:00,ringsted,0.2,0.0,4.45,0.0,1018.46,76.5,95.8333
1710802800,2024-03-18 23:00:00,2024-03-19 00:00:00,ringsted,0.375,0.0,4.35,0.0,1018.34,76.0,89.5833
1710806400,2024-03-19 00:00:00,2024-03-19 01:00:00,ringsted,0.45,0.0,3.775,0.0,1018.31,76.5,87.9167
1710810000,2024-03-19 01:00:00,2024-03-19 02:00:00,ringsted,0.3,0.0,3.225,0.0,1018.11,78.0,87.5
1710813600,2024-03-19 02:00:00,2024-03-19 03:00:00,ringsted,0.15,0.0,3.425,0.0,1017.78,79.0,63.3333
1710817200,2024-03-19 03:00:00,2024-03-19 04:00:00,ringsted,-0.125,0.0,3.2,0.0,1017.67,81.25,43.3333
1710820800,2024-03-19 04:00:00,2024-03-19 05:00:00,ringsted,-0.375,0.0,2.85,0.0,1017.49,83.5,12.9167
1710824400,2024-03-19 05:00:00,2024-03-19 06:00:00,ringsted,-0.325,0.0,3.225,0.0,1017.58,84.75,14.5833
1710828000,2024-03-19 06:00:00,2024-03-19 07:00:00,ringsted,-0.025,15.5,3.225,0.0,1017.45,85.25,53.3333
1710831600,2024-03-19 07:00:00,2024-03-19 08:00:00,ringsted,1.25,150.0,4.2,0.0,1017.66,80.5,26.6667
1710835200,2024-03-19 08:00:00,2024-03-19 09:00:00,ringsted,2.55,277.0,5.625,0.0,1017.83,72.5,37.0833
1710838800,2024-03-19 09:00:00,2024-03-19 10:00:00,ringsted,3.3,378.5,6.15,0.0,1017.86,69.0,22.0833
1710842400,2024-03-19 10:00:00,2024-03-19 11:00:00,ringsted,4.1,490.5,5.925,0.0,1017.74,65.5,2.5
1710846000,2024-03-19 11:00:00,2024-03-19 12:00:00,ringsted,4.725,495.0,5.925,0.0,1017.42,63.0,58.75
1710849600,2024-03-19 12:00:00,2024-03-19 13:00:00,ringsted,4.85,377.5,6.05,0.0,1017.02,64.0,66.6667
1710853200,2024-03-19 13:00:00,2024-03-19 14:00:00,ringsted,4.775,350.0,6.275,0.0,1016.77,65.0,65.8333
1710856800,2024-03-19 14:00:00,2024-03-19 15:00:00,ringsted,4.925,253.5,6.15,0.0,1016.5,65.25,65.4167
1710860400,2024-03-19 15:00:00,2024-03-19 16:00:00,ringsted,5.0,165.0,5.575,0.0,1016.15,65.75,68.75
1710864000,2024-03-19 16:00:00,2024-03-19 17:00:00,ringsted,4.95,101.0,5.175,0.0,1015.9,68.25,89.5833
1710867600,2024-03-19 17:00:00,2024-03-19 18:00:00,ringsted,4.75,27.0,4.575,0.0,1016.0,71.5,91.6667
1710871200,2024-03-19 18:00:00,2024-03-19 19:00:00,ringsted,4.725,4.5,3.875,0.0,1016.17,74.75,96.6667
1710874800,2024-03-19 19:00:00,2024-03-19 20:00:00,ringsted,4.925,0.0,3.4,0.0,1016.14,76.25,95.0
1710878400,2024-03-19 20:00:00,2024-03-19 21:00:00,ringsted,5.1,0.0,3.55,0.0,1015.85,77.5,95.0
1710882000,2024-03-19 21:00:00,2024-03-19 22:00:00,ringsted,5.275,0.0,3.55,0.0,1015.36,77.0,95.8333
1710885600,2024-03-19 22:00:00,2024-03-19 23:00:00,ringsted,5.4,0.0,3.6,0.0,1015.03,77.0,99.1667
1710889200,2024-03-19 23:00:00,2024-03-20 00:00:00,ringsted,5.5,0.0,3.35,0.0,1014.85,77.75,95.0
1710892800,2024-03-20 00:00:00,2024-03-20 01:00:00,ringsted,5.45,0.0,2.675,0.025,1014.5,79.5,95.0
1710896400,2024-03-20 01:00:00,2024-03-20 02:00:00,ringsted,5.5,0.0,2.625,0.15,1014.1,80.5,95.0
1710900000,2024-03-20 02:00:00,2024-03-20 03:00:00,ringsted,5.45,0.0,2.475,0.075,1013.82,84.0,93.3333
1710903600,2024-03-20 03:00:00,2024-03-20 04:00:00,ringsted,5.45,0.0,2.4,0.025,1013.77,85.75,88.75
1710907200,2024-03-20 04:00:00,2024-03-20 05:00:00,ringsted,5.325,0.0,1.725,0.0,1013.82,86.5,98.3333
1710910800,2024-03-20 05:00:00,2024-03-20 06:00:00,ringsted,5.525,0.0,1.65,0.0,1013.94,86.25,98.3333
1710914400,2024-03-20 06:00:00,2024-03-20 07:00:00,ringsted,5.85,6.5,1.575,0.0,1014.17,86.25,98.3333
1710918000,2024-03-20 07:00:00,2024-03-20 08:00:00,ringsted,6.175,28.0,1.2,0.0,1014.43,87.75,98.3333
1710921600,2024-03-20 08:00:00,2024-03-20 09:00:00,ringsted,6.8,66.0,1.45,0.0,1014.78,89.25,98.3333
1710925200,2024-03-20 09:00:00,2024-03-20 10:00:00,ringsted,7.375,102.0,1.8,0.0,1014.96,91.25,98.3333
1710928800,2024-03-20 10:00:00,2024-03-20 11:00:00,ringsted,7.75,136.0,1.7,0.0,1015.04,89.0,98.3333
1710932400,2024-03-20 11:00:00,2024-03-20 12:00:00,ringsted,8.025,155.5,1.475,0.0,1015.03,86.75,98.3333
1710936000,2024-03-20 12:00:00,2024-03-20 13:00:00,ringsted,8.4,169.5,1.225,0.0,1015.01,85.0,99.1667
1710939600,2024-03-20 13:00:00,2024-03-20 14:00:00,ringsted,8.575,133.0,2.025,0.0,1014.82,84.5,94.1667
1710943200,2024-03-20 14:00:00,2024-03-20 15:00:00,ringsted,8.75,219.0,2.075,0.0,1014.57,83.5,82.5
1710946800,2024-03-20 15:00:00,2024-03-20 16:00:00,ringsted,9.2,208.5,1.325,0.0,1014.54,81.25,95.8333
1710950400,2024-03-20 16:00:00,2024-03-20 17:00:00,ringsted,9.175,110.0,2.0,0.0,1014.58,81.5,94.1667
1710954000,2024-03-20 17:00:00,2024-03-20 18:00:00,ringsted,8.675,47.0,1.95,0.0,1014.66,84.0,95.0
1710957600,2024-03-20 18:00:00,2024-03-20 19:00:00,ringsted,7.7,4.5,1.15,0.0,1014.62,87.0,62.5
1710961200,2024-03-20 19:00:00,2024-03-20 20:00:00,ringsted,6.5,0.0,0.825,0.0,1014.61,91.5,35.0
1710964800,2024-03-20 20:00:00,2024-03-20 21:00:00,ringsted,5.2,0.0,0.475,0.0,1014.66,95.0,75.0
1710968400,2024-03-20 21:00:00,2024-03-20 22:00:00,ringsted,4.425,0.0,1.0,0.0,1014.47,97.0,91.4286
1710972000,2024-03-20 22:00:00,2024-03-20 23:00:00,ringsted,4.175,0.0,1.025,0.0,1014.01,98.25,52.5
1710975600,2024-03-20 23:00:00,2024-03-21 00:00:00,ringsted,4.4,0.0,1.55,0.0,1013.35,98.5,68.8889
1710979200,2024-03-21 00:00:00,2024-03-21 01:00:00,ringsted,4.85,0.0,1.925,0.05,1012.7,98.5,74.6667
1710982800,2024-03-21 01:00:00,2024-03-21 02:00:00,ringsted,5.35,0.0,2.2,0.225,1012.11,99.0,98.3333
1710986400,2024-03-21 02:00:00,2024-03-21 03:00:00,ringsted,5.675,0.0,2.675,1.725,1011.48,98.75,97.5
1710990000,2024-03-21 03:00:00,2024-03-21 04:00:00,ringsted,5.725,0.0,2.875,2.4,1010.94,98.75,96.6667
1710993600,2024-03-21 04:00:00,2024-03-21 05:00:00,ringsted,5.875,0.0,2.85,1.825,1011.03,98.75,98.3333
1710997200,2024-03-21 05:00:00,2024-03-21 06:00:00,ringsted,5.825,0.0,2.275,0.925,1011.45,98.75,96.6667
1711000800,2024-03-21 06:00:00,2024-03-21 07:00:00,ringsted,5.575,2.5,2.425,0.325,1011.92,98.75,98.3333
1711004400,2024-03-21 07:00:00,2024-03-21 08:00:00,ringsted,5.4,16.0,3.875,0.1,1012.04,98.5,97.5
1711008000,2024-03-21 08:00:00,2024-03-21 09:00:00,ringsted,5.625,74.0,4.325,0.0,1012.85,97.5,92.7273
1711011600,2024-03-21 09:00:00,2024-03-21 10:00:00,ringsted,6.425,173.0,3.65,0.0,1014.11,94.5,95.8333
1711015200,2024-03-21 10:00:00,2024-03-21 11:00:00,ringsted,6.85,111.0,3.25,0.0,1014.76,91.25,97.5
1711018800,2024-03-21 11:00:00,2024-03-21 12:00:00,ringsted,7.45,155.0,2.85,0.0,1015.34,86.0,98.3333
1711022400,2024-03-21 12:00:00,2024-03-21 13:00:00,ringsted,7.975,201.5,2.325,0.0,1015.44,82.25,96.6667
1711026000,2024-03-21 13:00:00,2024-03-21 14:00:00,ringsted,8.375,178.0,2.2,0.0,1015.47,81.75,89.1667
1711029600,2024-03-21 14:00:00,2024-03-21 15:00:00,ringsted,8.65,276.0,2.45,0.0,1014.92,79.0,11.25
1711033200,2024-03-21 15:00:00,2024-03-21 16:00:00,ringsted,9.1,365.5,1.975,0.0,1014.97,75.0,44.1667
1711036800,2024-03-21 16:00:00,2024-03-21 17:00:00,ringsted,8.975,170.0,3.4,0.0,1014.99,75.25,77.0833
1711040400,2024-03-21 17:00:00,2024-03-21 18:00:00,ringsted,8.1,42.0,2.775,0.0,1014.98,78.25,54.5833
1711044000,2024-03-21 18:00:00,2024-03-21 19:00:00,ringsted,7.275,3.0,2.275,0.0,1014.99,82.5,76.25
1711047600,2024-03-21 19:00:00,2024-03-21 20:00:00,ringsted,7.025,0.0,3.5,0.0,1014.82,83.0,81.6667
1711051200,2024-03-21 20:00:00,2024-03-21 21:00:00,ringsted,6.725,0.0,3.8,0.0,1014.4,84.5,86.25
1711054800,2024-03-21 21:00:00,2024-03-21 22:00:00,ringsted,6.675,0.0,4.125,0.0,1013.79,81.25,98.3333
1711058400,2024-03-21 22:00:00,2024-03-21 23:00:00,ringsted,6.4,0.0,4.425,0.0,1013.4,79.75,96.6667
1711062000,2024-03-21 23:00:00,2024-03-22 00:00:00,ringsted,5.95,0.0,4.85,0.0,1012.55,85.75,97.5
1711065600,2024-03-22 00:00:00,2024-03-22 01:00:00,ringsted,5.85,0.0,5.175,0.15,1011.28,91.5,96.6667
1711069200,2024-03-22 01:00:00,2024-03-22 02:00:00,ringsted,5.9,0.0,5.15,0.125,1010.3,94.75,96.6667
1711072800,2024-03-22 02:00:00,2024-03-22 03:00:00,ringsted,6.125,0.0,5.9,0.0,1009.25,95.25,96.6667
1711076400,2024-03-22 03:00:00,2024-03-22 04:00:00,ringsted,6.225,0.0,6.35,0.0,1008.22,95.75,95.8333
1711080000,2024-03-22 04:00:00,2024-03-22 05:00:00,ringsted,6.45,0.0,6.5,0.0,1007.38,94.75,97.5
1711083600,2024-03-22 05:00:00,2024-03-22 06:00:00,ringsted,6.55,0.0,6.025,0.1,1006.56,95.25,96.6667
1711087200,2024-03-22 06:00:00,2024-03-22 07:00:00,ringsted,6.8,1.5,6.025,0.1,1006.08,96.25,97.5
1711090800,2024-03-22 07:00:00,2024-03-22 08:00:00,ringsted,7.075,11.5,5.65,0.075,1005.4,95.75,97.5
1711094400,2024-03-22 08:00:00,2024-03-22 09:00:00,ringsted,7.375,53.5,5.325,0.475,1004.99,96.0,95.0
1711098000,2024-03-22 09:00:00,2024-03-22 10:00:00,ringsted,7.925,121.5,5.6,0.0,1004.6,95.5,96.6667
1711101600,2024-03-22 10:00:00,2024-03-22 11:00:00,ringsted,8.35,131.5,5.45,0.0,1004.17,94.0,97.5
1711105200,2024-03-22 11:00:00,2024-03-22 12:00:00,ringsted,8.55,107.0,6.0,0.0,1003.72,93.0,96.6667
1711108800,2024-03-22 12:00:00,2024-03-22 13:00:00,ringsted,8.625,115.5,6.15,0.0,1003.3,92.25,98.3333
1711112400,2024-03-22 13:00:00,2024-03-22 14:00:00,ringsted,8.625,135.0,6.4,0.0,1002.96,90.5,91.6667
1711116000,2024-03-22 14:00:00,2024-03-22 15:00:00,ringsted,8.775,186.5,6.1,0.0,1002.64,87.5,34.5833
1711119600,2024-03-22 15:00:00,2024-03-22 16:00:00,ringsted,9.55,318.0,6.75,0.0,1002.4,78.5,45.4167
1711123200,2024-03-22 16:00:00,2024-03-22 17:00:00,ringsted,9.45,193.5,6.425,0.0,1002.33,74.0,41.25
1711126800,2024-03-22 17:00:00,2024-03-22 18:00:00,ringsted,8.85,84.5,5.8,0.0,1002.49,72.25,17.0833
1711130400,2024-03-22 18:00:00,2024-03-22 19:00:00,ringsted,7.725,10.0,5.2,0.0,1002.58,75.75,7.5
1711134000,2024-03-22 19:00:00,2024-03-22 20:00:00,ringsted,6.975,0.0,4.775,0.0,1002.57,79.0,79.5833
1711137600,2024-03-22 20:00:00,2024-03-22 21:00:00,ringsted,6.4,0.0,4.55,0.0,1002.47,82.25,71.6667
1711141200,2024-03-22 21:00:00,2024-03-22 22:00:00,ringsted,5.85,0.0,3.95,0.0,1002.28,85.0,90.8333
1711144800,2024-03-22 22:00:00,2024-03-22 23:00:00,ringsted,5.4,0.0,4.13333,0.0,1001.92,86.75,85.0
1711148400,2024-03-22 23:00:00,2024-03-23 00:00:00,ringsted,4.975,0.0,3.95,0.0,1001.75,88.25,90.0
1711152000,2024-03-23 00:00:00,2024-03-23 01:00:00,ringsted,4.6,0.0,3.775,0.0,1001.38,88.5,76.25
1711155600,2024-03-23 01:00:00,2024-03-23 02:00:00,ringsted,4.175,0.0,3.45,0.0,1000.77,90.75,80.8333
1711159200,2024-03-23 02:00:00,2024-03-23 03:00:00,ringsted,3.9,0.0,3.775,0.0,1000.15,92.25,90.0
1711162800,2024-03-23 03:00:00,2024-03-23 04:00:00,ringsted,3.75,0.0,3.6,0.0,999.487,92.75,72.0833
1711166400,2024-03-23 04:00:00,2024-03-23 05:00:00,ringsted,3.65,0.0,3.675,0.0,998.933,93.5,43.3333
1711170000,2024-03-23 05:00:00,2024-03-23 06:00:00,ringsted,3.575,0.0,3.825,0.0,998.404,94.0,0.0
1711173600,2024-03-23 06:00:00,2024-03-23 07:00:00,ringsted,3.5,15.5,3.475,0.0,998.009,94.25,0.0
1711177200,2024-03-23 07:00:00,2024-03-23 08:00:00,ringsted,4.25,101.5,4.025,0.0,997.975,93.0,0.833333
1711180800,2024-03-23 08:00:00,2024-03-23 09:00:00,ringsted,5.525,263.5,4.6,0.0,997.45,88.25,30.4167
1711184400,2024-03-23 09:00:00,2024-03-23 10:00:00,ringsted,6.7,337.5,5.25,0.0,996.929,81.75,56.25
1711188000,2024-03-23 10:00:00,2024-03-23 11:00:00,ringsted,7.5,421.0,6.05,0.0,996.517,74.5,32.5
1711191600,2024-03-23 11:00:00,2024-03-23 12:00:00,ringsted,7.9,493.0,6.225,0.0,996.167,71.25,26.25
1711195200,2024-03-23 12:00:00,2024-03-23 13:00:00,ringsted,7.525,344.5,6.15,0.2,995.85,70.25,39.1667
1711198800,2024-03-23 13:00:00,2024-03-23 14:00:00,ringsted,7.3,385.0,5.8,0.0,995.508,71.25,45.4167
1711202400,2024-03-23 14:00:00,2024-03-23 15:00:00,ringsted,7.875,453.5,5.975,0.0,995.458,68.5,40.8333
1711206000,2024-03-23 15:00:00,2024-03-23 16:00:00,ringsted,8.15,374.5,6.725,0.0,995.475,64.25,17.0833
1711209600,2024-03-23 16:00:00,2024-03-23 17:00:00,ringsted,7.65,224.5,6.4,0.0,995.438,65.25,16.25
1711213200,2024-03-23 17:00:00,2024-03-23 18:00:00,ringsted,6.825,122.5,6.025,0.0,995.317,66.5,12.5
1711216800,2024-03-23 18:00:00,2024-03-23 19:00:00,ringsted,5.65,7.5,4.875,0.0,995.283,72.75,53.3333
1711220400,2024-03-23 19:00:00,2024-03-23 20:00:00,ringsted,4.7,0.0,4.675,0.15,995.088,79.0,55.8333
1711224000,2024-03-23 20:00:00,2024-03-23 21:00:00,ringsted,4.4,0.0,4.4,0.075,994.783,82.25,52.0833
1711227600,2024-03-23 21:00:00,2024-03-23 22:00:00,ringsted,4.175,0.0,4.6,0.0,994.458,84.5,91.25
1711231200,2024-03-23 22:00:00,2024-03-23 23:00:00,ringsted,4.25,0.0,5.025,0.0,994.017,85.75,90.8333
1711234800,2024-03-23 23:00:00,2024-03-24 00:00:00,ringsted,4.4,0.0,5.05,0.05,993.579,87.25,95.0
1711238400,2024-03-24 00:00:00,2024-03-24 01:00:00,ringsted,4.625,0.0,5.525,0.0,993.129,87.75,98.3333
1711242000,2024-03-24 01:00:00,2024-03-24 02:00:00,ringsted,4.65,0.0,6.35,0.025,992.5,88.75,96.6667
1711245600,2024-03-24 02:00:00,2024-03-24 03:00:00,ringsted,4.575,0.0,6.45,0.075,991.983,89.0,95.8333
1711249200,2024-03-24 03:00:00,2024-03-24 04:00:00,ringsted,4.4,0.0,6.425,0.325,991.45,89.75,99.1667
1711252800,2024-03-24 04:00:00,2024-03-24 05:00:00,ringsted,4.275,0.0,6.175,0.55,991.017,91.0,99.1667
1711256400,2024-03-24 05:00:00,2024-03-24 06:00:00,ringsted,3.975,0.0,5.95,0.45,990.792,91.75,98.3333
1711260000,2024-03-24 06:00:00,2024-03-24 07:00:00,ringsted,3.7,6.0,5.4,0.475,990.554,91.5,96.6667
1711263600,2024-03-24 07:00:00,2024-03-24 08:00:00,ringsted,3.85,39.0,5.325,0.2,990.537,92.5,98.3333
1711267200,2024-03-24 08:00:00,2024-03-24 09:00:00,ringsted,4.15,81.5,5.025,0.025,990.662,92.0,95.8333
1711270800,2024-03-24 09:00:00,2024-03-24 10:00:00,ringsted,4.7,91.5,4.475,0.0,990.796,90.5,93.3333
1711274400,2024-03-24 10:00:00,2024-03-24 11:00:00,ringsted,5.25,222.0,4.55,0.0,990.808,88.75,95.0
1711278000,2024-03-24 11:00:00,2024-03-24 12:00:00,ringsted,5.95,248.0,4.575,0.0,990.729,87.25,92.5
1711281600,2024-03-24 12:00:00,2024-03-24 13:00:00,ringsted,6.475,204.0,4.45,0.0,990.683,84.25,87.5
1711285200,2024-03-24 13:00:00,2024-03-24 14:00:00,ringsted,6.95,258.5,5.1,0.0,990.629,80.5,95.0
1711288800,2024-03-24 14:00:00,2024-03-24 15:00:00,ringsted,7.075,159.5,4.975,0.0,990.558,78.75,95.8333
1711292400,2024-03-24 15:00:00,2024-03-24 16:00:00,ringsted,7.075,122.5,4.45,0.0,990.533,77.25,95.8333
1711296000,2024-03-24 16:00:00,2024-03-24 17:00:00,ringsted,6.725,50.5,3.525,0.125,990.6,79.0,95.8333
1711299600,2024-03-24 17:00:00,2024-03-24 18:00:00,ringsted,6.5,42.0,3.05,0.0,990.883,80.75,97.5
1711303200,2024-03-24 18:00:00,2024-03-24 19:00:00,ringsted,6.075,6.0,1.975,0.0,991.388,83.25,99.1667
1711306800,2024-03-24 19:00:00,2024-03-24 20:00:00,ringsted,5.7,0.0,1.1,0.0,991.746,86.5,96.6667
1711310400,2024-03-24 20:00:00,2024-03-24 21:00:00,ringsted,5.35,0.0,1.1,0.0,992.079,89.25,95.8333
1711314000,2024-03-24 21:00:00,2024-03-24 22:00:00,ringsted,5.0,0.0,0.95,0.0,992.425,91.5,95.8333
1711317600,2024-03-24 22:00:00,2024-03-24 23:00:00,ringsted,4.775,0.0,1.15,0.0,992.775,93.0,99.1667
1711321200,2024-03-24 23:00:00,2024-03-25 00:00:00,ringsted,4.675,0.0,0.975,0.0,993.2,92.75,98.3333
1711324800,2024-03-25 00:00:00,2024-03-25 01:00:00,ringsted,4.55,0.0,1.1,0.0,993.596,93.0,95.0
1711328400,2024-03-25 01:00:00,2024-03-25 02:00:00,ringsted,4.3,0.0,1.275,0.0,993.996,93.0,92.0833
1711332000,2024-03-25 02:00:00,2024-03-25 03:00:00,ringsted,3.925,0.0,1.275,0.0,994.471,94.5,95.8333
1711335600,2024-03-25 03:00:00,2024-03-25 04:00:00,ringsted,3.95,0.0,1.25,0.0,995.054,95.0,91.6667
1711339200,2024-03-25 04:00:00,2024-03-25 05:00:00,ringsted,4.15,0.0,1.5,0.025,995.546,95.25,95.8333
1711342800,2024-03-25 05:00:00,2024-03-25 06:00:00,ringsted,4.3,0.0,2.175,0.075,996.192,95.0,94.1667
1711346400,2024-03-25 06:00:00,2024-03-25 07:00:00,ringsted,4.425,19.0,2.175,0.025,996.879,93.75,88.75
1711350000,2024-03-25 07:00:00,2024-03-25 08:00:00,ringsted,4.65,78.5,2.7,0.275,997.504,93.0,90.0
1711353600,2024-03-25 08:00:00,2024-03-25 09:00:00,ringsted,5.3,184.0,2.925,0.025,998.0,89.25,54.5455
1711357200,2024-03-25 09:00:00,2024-03-25 10:00:00,ringsted,5.6,293.0,2.65,0.175,998.271,83.0,92.5
1711360800,2024-03-25 10:00:00,2024-03-25 11:00:00,ringsted,6.075,272.0,3.2,0.025,998.748,77.75,95.0
1711364400,2024-03-25 11:00:00,2024-03-25 12:00:00,ringsted,6.45,291.5,4.2,0.0,999.004,71.5,94.1667
1711368000,2024-03-25 12:00:00,2024-03-25 13:00:00,ringsted,6.825,425.5,4.2,0.0,999.071,67.25,95.8333
1711371600,2024-03-25 13:00:00,2024-03-25 14:00:00,ringsted,6.575,222.0,3.7,0.0,999.142,69.25,96.6667
1711375200,2024-03-25 14:00:00,2024-03-25 15:00:00,ringsted,6.775,194.5,3.475,0.0,999.117,69.5,88.75
1711378800,2024-03-25 15:00:00,2024-03-25 16:00:00,ringsted,6.825,173.0,3.1,0.0,999.096,69.5,85.0
1711382400,2024-03-25 16:00:00,2024-03-25 17:00:00,ringsted,7.1,147.5,3.0,0.0,999.1,68.25,90.8333
1711386000,2024-03-25 17:00:00,2024-03-25 18:00:00,ringsted,6.8,65.0,2.775,0.0,999.138,68.75,55.0
1711389600,2024-03-25 18:00:00,2024-03-25 19:00:00,ringsted,5.95,8.5,2.15,0.0,999.333,75.0,70.0
1711393200,2024-03-25 19:00:00,2024-03-25 20:00:00,ringsted,4.775,0.0,1.625,0.0,999.521,82.75,83.3333
1711396800,2024-03-25 20:00:00,2024-03-25 21:00:00,ringsted,4.15,0.0,1.7,0.0,999.596,85.0,59.5833
1711400400,2024-03-25 21:00:00,2024-03-25 22:00:00,ringsted,3.75,0.0,1.95,0.0,999.562,85.75,16.25
1711404000,2024-03-25 22:00:00,2024-03-25 23:00:00,ringsted,2.85,0.0,2.225,0.0,999.841,88.5,55.8333
1711407600,2024-03-25 23:00:00,2024-03-26 00:00:00,ringsted,2.525,0.0,1.875,0.0,999.889,90.75,69.1667
1711411200,2024-03-26 00:00:00,2024-03-26 01:00:00,ringsted,1.85,0.0,1.6,0.0,999.783,93.5,75.4167
1711414800,2024-03-26 01:00:00,2024-03-26 02:00:00,ringsted,1.6,0.0,1.0,0.0,999.517,95.25,41.25
1711418400,2024-03-26 02:00:00,2024-03-26 03:00:00,ringsted,1.425,0.0,1.1,0.0,999.258,96.25,60.0
1711422000,2024-03-26 03:00:00,2024-03-26 04:00:00,ringsted,1.45,0.0,1.075,0.0,999.129,96.5,62.9167
1711425600,2024-03-26 04:00:00,2024-03-26 05:00:00,ringsted,1.2,0.0,1.2,0.0,998.942,96.5,63.75
1711429200,2024-03-26 05:00:00,2024-03-26 06:00:00,ringsted,1.4,0.0,1.25,0.0,998.883,96.75,63.75
1711432800,2024-03-26 06:00:00,2024-03-26 07:00:00,ringsted,2.15,24.0,2.125,0.0,998.708,96.75,75.8333
1711436400,2024-03-26 07:00:00,2024-03-26 08:00:00,ringsted,3.425,99.5,2.4,0.0,998.533,95.5,47.5
1711440000,2024-03-26 08:00:00,2024-03-26 09:00:00,ringsted,5.1,244.5,2.85,0.0,998.082,89.5,10.0
1711443600,2024-03-26 09:00:00,2024-03-26 10:00:00,ringsted,6.975,406.0,3.825,0.0,997.85,75.0,31.25
1711447200,2024-03-26 10:00:00,2024-03-26 11:00:00,ringsted,8.025,486.5,4.9,0.0,997.396,65.75,35.0
1711450800,2024-03-26 11:00:00,2024-03-26 12:00:00,ringsted,8.2,528.0,5.9,0.0,996.696,64.25,8.33333
1711454400,2024-03-26 12:00:00,2024-03-26 13:00:00,ringsted,8.6,590.5,5.8,0.0,995.929,63.75,5.41667
1711458000,2024-03-26 13:00:00,2024-03-26 14:00:00,ringsted,8.525,553.5,6.375,0.0,995.162,65.5,32.0833
1711461600,2024-03-26 14:00:00,2024-03-26 15:00:00,ringsted,8.375,485.0,7.025,0.0,994.35,66.5,57.9167
1711465200,2024-03-26 15:00:00,2024-03-26 16:00:00,ringsted,7.875,345.5,6.725,0.0,993.55,70.5,42.5
1711468800,2024-03-26 16:00:00,2024-03-26 17:00:00,ringsted,7.2,223.0,7.0,0.0,992.958,73.75,17.9167
1711472400,2024-03-26 17:00:00,2024-03-26 18:00:00,ringsted,6.5,102.0,7.0,0.0,992.492,75.75,0.0
1711476000,2024-03-26 18:00:00,2024-03-26 19:00:00,ringsted,5.85,13.0,7.0,0.0,992.171,77.5,0.0
1711479600,2024-03-26 19:00:00,2024-03-26 20:00:00,ringsted,5.4,0.0,6.325,0.0,991.662,80.0,0.833333
1711483200,2024-03-26 20:00:00,2024-03-26 21:00:00,ringsted,5.05,0.0,5.875,0.0,991.125,83.0,23.3333
1711486800,2024-03-26 21:00:00,2024-03-26 22:00:00,ringsted,5.125,0.0,5.125,0.0,990.546,83.0,79.5833
1711490400,2024-03-26 22:00:00,2024-03-26 23:00:00,ringsted,5.475,0.0,4.575,0.0,989.771,83.5,92.5
1711494000,2024-03-26 23:00:00,2024-03-27 00:00:00,ringsted,6.0,0.0,4.675,0.0,989.2,82.25,98.3333
1711497600,2024-03-27 00:00:00,2024-03-27 01:00:00,ringsted,6.275,0.0,4.55,0.0,988.588,82.5,97.5
1711501200,2024-03-27 01:00:00,2024-03-27 02:00:00,ringsted,6.175,0.0,4.35,0.0,988.0,83.25,74.1667
1711504800,2024-03-27 02:00:00,2024-03-27 03:00:00,ringsted,5.875,0.0,4.05,0.0,987.662,85.25,48.3333
1711508400,2024-03-27 03:00:00,2024-03-27 04:00:00,ringsted,5.325,0.0,3.65,0.0,987.096,87.0,10.4167
1711512000,2024-03-27 04:00:00,2024-03-27 05:00:00,ringsted,4.95,0.0,3.65,0.0,986.725,87.75,13.3333
1711515600,2024-03-27 05:00:00,2024-03-27 06:00:00,ringsted,4.625,0.5,3.375,0.0,986.071,88.75,27.5
1711519200,2024-03-27 06:00:00,2024-03-27 07:00:00,ringsted,4.675,42.0,3.375,0.0,985.846,88.0,20.0
1711522800,2024-03-27 07:00:00,2024-03-27 08:00:00,ringsted,6.425,163.0,4.125,0.0,985.658,80.25,2.5
1711526400,2024-03-27 08:00:00,2024-03-27 09:00:00,ringsted,7.65,266.5,4.85,0.0,985.812,74.5,8.33333
1711530000,2024-03-27 09:00:00,2024-03-27 10:00:00,ringsted,8.475,315.0,5.15,0.0,985.888,71.0,32.9167
1711533600,2024-03-27 10:00:00,2024-03-27 11:00:00,ringsted,9.175,478.5,5.4,0.0,985.654,68.25,18.3333
1711537200,2024-03-27 11:00:00,2024-03-27 12:00:00,ringsted,10.1,527.5,5.95,0.0,985.483,64.5,3.33333
1711540800,2024-03-27 12:00:00,2024-03-27 13:00:00,ringsted,10.45,556.0,5.925,0.0,985.312,64.5,2.5
1711544400,2024-03-27 13:00:00,2024-03-27 14:00:00,ringsted,10.6,534.5,5.775,0.0,985.4,63.25,2.5
1711548000,2024-03-27 14:00:00,2024-03-27 15:00:00,ringsted,10.25,387.0,5.675,0.0,985.533,64.75,31.6667
1711551600,2024-03-27 15:00:00,2024-03-27 16:00:00,ringsted,9.525,209.5,5.15,0.0,985.458,67.75,28.3333
1711555200,2024-03-27 16:00:00,2024-03-27 17:00:00,ringsted,9.2,159.0,4.85,0.0,985.475,68.25,10.4167
1711558800,2024-03-27 17:00:00,2024-03-27 18:00:00,ringsted,8.875,65.0,4.3,0.0,985.479,68.75,62.0833
1711562400,2024-03-27 18:00:00,2024-03-27 19:00:00,ringsted,8.375,7.0,3.75,0.0,985.242,70.5,85.0
1711566000,2024-03-27 19:00:00,2024-03-27 20:00:00,ringsted,8.075,0.0,3.7,0.0,985.071,72.25,73.3333
1711569600,2024-03-27 20:00:00,2024-03-27 21:00:00,ringsted,7.675,0.0,3.4,0.0,985.071,74.75,50.0
1711573200,2024-03-27 21:00:00,2024-03-27 22:00:00,ringsted,6.65,0.0,2.9,0.0,984.646,79.75,66.6667
1711576800,2024-03-27 22:00:00,2024-03-27 23:00:00,ringsted,6.275,0.0,2.7,0.0,984.046,82.0,90.0
1711580400,2024-03-27 23:00:00,2024-03-28 00:00:00,ringsted,6.175,0.0,2.625,0.0,983.458,83.0,68.3333
1711584000,2024-03-28 00:00:00,2024-03-28 01:00:00,ringsted,5.7,0.0,2.225,0.0,982.871,85.25,81.6667
1711587600,2024-03-28 01:00:00,2024-03-28 02:00:00,ringsted,5.6,0.0,1.8,0.0,982.429,86.0,60.8333
1711591200,2024-03-28 02:00:00,2024-03-28 03:00:00,ringsted,5.5,0.0,2.325,0.0,981.758,86.75,25.4167
1711594800,2024-03-28 03:00:00,2024-03-28 04:00:00,ringsted,5.325,0.0,2.95,0.0,981.121,88.25,12.0833
1711598400,2024-03-28 04:00:00,2024-03-28 05:00:00,ringsted,5.3,0.0,3.075,0.0,980.321,88.75,17.0833
1711602000,2024-03-28 05:00:00,2024-03-28 06:00:00,ringsted,5.5,0.5,3.35,0.0,979.333,89.75,49.1667
1711605600,2024-03-28 06:00:00,2024-03-28 07:00:00,ringsted,6.125,24.5,3.675,0.0,978.496,89.25,48.3333
1711609200,2024-03-28 07:00:00,2024-03-28 08:00:00,ringsted,7.175,126.5,4.6,0.0,978.138,87.25,43.3333
1711612800,2024-03-28 08:00:00,2024-03-28 09:00:00,ringsted,8.475,226.5,4.65,0.0,977.846,83.5,42.9167
1711616400,2024-03-28 09:00:00,2024-03-28 10:00:00,ringsted,9.45,307.0,4.325,0.0,977.438,81.25,68.3333
1711620000,2024-03-28 10:00:00,2024-03-28 11:00:00,ringsted,9.93333,250.0,4.125,0.0,977.204,81.25,92.5
1711623600,2024-03-28 11:00:00,2024-03-28 12:00:00,ringsted,9.33333,170.0,4.35,0.0,977.033,82.75,93.3333
1711627200,2024-03-28 12:00:00,2024-03-28 13:00:00,ringsted,9.4,184.5,4.35,0.0,977.208,84.75,93.3333
1711630800,2024-03-28 13:00:00,2024-03-28 14:00:00,ringsted,7.875,43.0,5.125,0.025,977.904,90.5,95.0
1711634400,2024-03-28 14:00:00,2024-03-28 15:00:00,ringsted,7.225,50.0,6.125,0.075,979.383,92.25,95.0
1711638000,2024-03-28 15:00:00,2024-03-28 16:00:00,ringsted,7.325,78.5,7.625,0.1,980.304,90.75,92.5
1711641600,2024-03-28 16:00:00,2024-03-28 17:00:00,ringsted,7.925,91.0,7.05,0.0,981.179,88.5,76.6667
1711645200,2024-03-28 17:00:00,2024-03-28 18:00:00,ringsted,8.425,116.0,6.275,0.0,981.921,83.75,19.1667
1711648800,2024-03-28 18:00:00,2024-03-28 19:00:00,ringsted,7.85,21.0,3.375,0.0,982.729,83.75,27.0833
1711652400,2024-03-28 19:00:00,2024-03-28 20:00:00,ringsted,6.9,0.0,2.9,0.025,983.571,88.75,87.0833
1711656000,2024-03-28 20:00:00,2024-03-28 21:00:00,ringsted,6.8,0.0,4.1,0.25,984.192,90.5,95.0
1711659600,2024-03-28 21:00:00,2024-03-28 22:00:00,ringsted,6.525,0.0,4.45,1.025,985.046,93.25,95.8333
1711663200,2024-03-28 22:00:00,2024-03-28 23:00:00,ringsted,6.275,0.0,5.225,2.225,986.371,93.25,95.0
1711666800,2024-03-28 23:00:00,2024-03-29 00:00:00,ringsted,6.075,0.0,5.9,2.725,987.675,92.0,95.8333
1711670400,2024-03-29 00:00:00,2024-03-29 01:00:00,ringsted,6.05,0.0,4.85,1.35,988.321,91.0,95.8333
1711674000,2024-03-29 01:00:00,2024-03-29 02:00:00,ringsted,6.275,0.0,4.325,0.225,988.904,92.75,87.5
1711677600,2024-03-29 02:00:00,2024-03-29 03:00:00,ringsted,6.325,0.0,4.2,0.025,989.179,93.0,75.8333
1711681200,2024-03-29 03:00:00,2024-03-29 04:00:00,ringsted,6.2,0.0,3.65,0.0,989.308,92.0,32.0833
1711684800,2024-03-29 04:00:00,2024-03-29 05:00:00,ringsted,5.55,0.0,3.225,0.0,989.483,91.5,42.5
1711688400,2024-03-29 05:00:00,2024-03-29 06:00:00,ringsted,5.15,0.5,3.2,0.0,989.679,91.5,12.9167
1711692000,2024-03-29 06:00:00,2024-03-29 07:00:00,ringsted,5.43333,48.5,3.975,0.0,990.229,88.75,0.0
1711695600,2024-03-29 07:00:00,2024-03-29 08:00:00,ringsted,6.6,182.5,4.95,0.0,990.592,84.0,0.833333
1711699200,2024-03-29 08:00:00,2024-03-29 09:00:00,ringsted,8.05,313.0,5.725,0.0,990.917,78.25,7.5
1711702800,2024-03-29 09:00:00,2024-03-29 10:00:00,ringsted,8.825,369.5,6.775,0.0,991.438,74.0,40.4167
1711706400,2024-03-29 10:00:00,2024-03-29 11:00:00,ringsted,9.1,284.5,6.5,0.0,991.638,72.5,59.5833
1711710000,2024-03-29 11:00:00,2024-03-29 12:00:00,ringsted,9.525,324.5,6.875,0.0,991.758,70.75,85.8333
1711713600,2024-03-29 12:00:00,2024-03-29 13:00:00,ringsted,9.1,166.0,5.825,0.075,991.942,73.5,92.5
1711717200,2024-03-29 13:00:00,2024-03-29 14:00:00,ringsted,8.875,153.5,4.775,0.1,992.075,77.0,96.6667
1711720800,2024-03-29 14:00:00,2024-03-29 15:00:00,ringsted,8.6,122.0,3.85,0.025,992.2,80.75,97.5
1711724400,2024-03-29 15:00:00,2024-03-29 16:00:00,ringsted,7.875,42.0,3.1,0.025,992.275,89.5,95.8333
1711728000,2024-03-29 16:00:00,2024-03-29 17:00:00,ringsted,7.825,80.0,2.675,0.025,992.533,92.0,95.0
1711731600,2024-03-29 17:00:00,2024-03-29 18:00:00,ringsted,7.775,56.0,2.85,0.0,992.95,90.75,74.1667
1711735200,2024-03-29 18:00:00,2024-03-29 19:00:00,ringsted,7.375,18.5,1.775,0.0,993.771,91.75,47.5
1711738800,2024-03-29 19:00:00,2024-03-29 20:00:00,ringsted,6.35,0.0,0.75,0.0,994.583,94.75,12.5
1711742400,2024-03-29 20:00:00,2024-03-29 21:00:00,ringsted,4.975,0.0,0.675,0.0,995.129,96.75,8.33333
1711746000,2024-03-29 21:00:00,2024-03-29 22:00:00,ringsted,4.125,0.0,1.125,0.0,995.5,98.25,9.16667
1711749600,2024-03-29 22:00:00,2024-03-29 23:00:00,ringsted,3.65,0.0,1.225,0.0,996.321,98.5,52.9167
1711753200,2024-03-29 23:00:00,2024-03-30 00:00:00,ringsted,3.75,0.0,1.325,0.0,996.65,98.75,73.3333
1711756800,2024-03-30 00:00:00,2024-03-30 01:00:00,ringsted,3.675,0.0,1.1,0.0,996.9,99.0,90.0
1711760400,2024-03-30 01:00:00,2024-03-30 02:00:00,ringsted,3.85,0.0,1.575,0.0,997.162,98.75,90.0
1711764000,2024-03-30 02:00:00,2024-03-30 03:00:00,ringsted,4.2,0.0,1.625,0.0,997.125,98.5,96.6667
1711767600,2024-03-30 03:00:00,2024-03-30 04:00:00,ringsted,4.55,0.0,1.825,0.0,997.275,97.5,97.5
1711771200,2024-03-30 04:00:00,2024-03-30 05:00:00,ringsted,5.15,0.0,2.35,0.0,997.433,95.5,92.5
1711774800,2024-03-30 05:00:00,2024-03-30 06:00:00,ringsted,6.075,0.5,2.9,0.0,997.542,94.75,92.5
1711778400,2024-03-30 06:00:00,2024-03-30 07:00:00,ringsted,6.35,22.0,3.275,0.0,997.679,94.5,92.5
1711782000,2024-03-30 07:00:00,2024-03-30 08:00:00,ringsted,6.975,78.0,3.85,0.0,997.844,92.5,81.6667
1711785600,2024-03-30 08:00:00,2024-03-30 09:00:00,ringsted,7.525,116.0,4.525,0.0,998.154,91.5,90.0
1711789200,2024-03-30 09:00:00,2024-03-30 10:00:00,ringsted,7.7,153.0,5.25,0.0,998.096,90.75,90.0
1711792800,2024-03-30 10:00:00,2024-03-30 11:00:00,ringsted,7.9,200.5,6.075,0.05,997.638,91.0,79.1667
1711796400,2024-03-30 11:00:00,2024-03-30 12:00:00,ringsted,8.55,285.0,6.05,0.025,997.058,88.5,33.75
1711800000,2024-03-30 12:00:00,2024-03-30 13:00:00,ringsted,10.0,457.5,6.625,0.0,996.792,82.75,10.0
1711803600,2024-03-30 13:00:00,2024-03-30 14:00:00,ringsted,10.9,477.5,6.85,0.0,996.571,77.75,14.1667
1711807200,2024-03-30 14:00:00,2024-03-30 15:00:00,ringsted,10.725,298.5,7.225,0.0,996.417,77.5,7.08333
1711810800,2024-03-30 15:00:00,2024-03-30 16:00:00,ringsted,10.125,172.0,6.4,0.0,996.15,79.25,24.1667
1711814400,2024-03-30 16:00:00,2024-03-30 17:00:00,ringsted,9.75,124.5,5.9,0.0,995.833,80.0,23.75
1711818000,2024-03-30 17:00:00,2024-03-30 18:00:00,ringsted,9.175,55.0,5.575,0.0,995.446,82.0,38.3333
1711821600,2024-03-30 18:00:00,2024-03-30 19:00:00,ringsted,8.775,7.5,6.075,0.0,995.617,82.0,52.9167
1711825200,2024-03-30 19:00:00,2024-03-30 20:00:00,ringsted,8.625,0.0,5.075,0.0,996.304,81.25,45.8333
1711828800,2024-03-30 20:00:00,2024-03-30 21:00:00,ringsted,8.2,0.0,3.15,0.0,996.383,82.5,7.5
1711832400,2024-03-30 21:00:00,2024-03-30 22:00:00,ringsted,7.525,0.0,2.175,0.0,996.146,85.25,5.0
1711836000,2024-03-30 22:00:00,2024-03-30 23:00:00,ringsted,7.25,0.0,3.0,0.0,995.604,86.0,8.33333
1711839600,2024-03-30 23:00:00,2024-03-31 00:00:00,ringsted,7.125,0.0,3.55,0.0,995.175,86.5,65.0
1711843200,2024-03-31 00:00:00,2024-03-31 01:00:00,ringsted,6.875,0.0,3.1,0.0,995.042,88.25,87.5
1711846800,2024-03-31 01:00:00,2024-03-31 03:00:00,ringsted,6.75,0.0,2.2,0.0,995.133,89.5,67.5
1711850400,2024-03-31 02:00:00,2024-03-31 04:00:00,ringsted,6.425,0.0,0.9,0.0,995.408,91.75,37.9167
1711854000,2024-03-31 03:00:00,2024-03-31 05:00:00,ringsted,5.9,0.0,1.05,0.0,995.267,93.5,10.0
1711857600,2024-03-31 04:00:00,2024-03-31 06:00:00,ringsted,5.475,0.0,0.975,0.0,995.112,95.0,11.25
1711861200,2024-03-31 05:00:00,2024-03-31 07:00:00,ringsted,5.075,0.0,1.175,0.0,995.425,95.5,4.58333
1711864800,2024-03-31 06:00:00,2024-03-31 08:00:00,ringsted,4.975,18.5,1.3,0.0,995.558,96.25,2.5
1711868400,2024-03-31 07:00:00,2024-03-31 09:00:00,ringsted,5.775,60.0,0.95,0.0,995.6,96.0,17.9167
1711872000,2024-03-31 08:00:00,2024-03-31 10:00:00,ringsted,7.075,134.0,1.375,0.0,995.567,94.0,18.75
1711875600,2024-03-31 09:00:00,2024-03-31 11:00:00,ringsted,8.6,214.5,2.825,0.0,995.621,89.25,6.66667
1711879200,2024-03-31 10:00:00,2024-03-31 12:00:00,ringsted,9.725,260.0,3.175,0.0,995.717,86.75,22.5
1711882800,2024-03-31 11:00:00,2024-03-31 13:00:00,ringsted,10.375,230.0,3.2,0.0,995.675,85.0,31.6667
1711886400,2024-03-31 12:00:00,2024-03-31 14:00:00,ringsted,10.275,190.0,3.6,0.0,995.575,84.75,63.3333
1711890000,2024-03-31 13:00:00,2024-03-31 15:00:00,ringsted,9.5,128.0,4.275,0.0,995.442,86.0,76.6667
1711893600,2024-03-31 14:00:00,2024-03-31 16:00:00,ringsted,8.75,115.5,4.425,0.0,995.129,87.0,75.8333
1711897200,2024-03-31 15:00:00,2024-03-31 17:00:00,ringsted,8.175,139.0,4.35,0.0,994.946,88.25,90.8333
1711900800,2024-03-31 16:00:00,2024-03-31 18:00:00,ringsted,7.825,83.5,4.1,0.0,995.046,89.0,85.0
1711904400,2024-03-31 17:00:00,2024-03-31 19:00:00,ringsted,7.575,48.5,3.2,0.0,994.888,88.75,80.0
1711908000,2024-03-31 18:00:00,2024-03-31 20:00:00,ringsted,7.25,10.0,2.45,0.0,994.912,90.0,91.6667
1711911600,2024-03-31 19:00:00,2024-03-31 21:00:00,ringsted,6.9,0.0,1.775,0.0,994.971,91.25,95.8333
1711915200,2024-03-31 20:00:00,2024-03-31 22:00:00,ringsted,6.65,0.0,1.525,0.0,994.833,92.75,90.8333
1711918800,2024-03-31 21:00:00,2024-03-31 23:00:00,ringsted,6.275,0.0,0.875,0.0,994.725,93.75,80.0
1711922400,2024-03-31 22:00:00,2024-04-01 00:00:00,ringsted,5.45,0.0,1.0,0.0,994.542,96.5,52.5
1711926000,2024-03-31 23:00:00,2024-04-01 01:00:00,ringsted,4.975,0.0,1.675,0.0,994.263,97.75,25.4167
1711929600,2024-04-01 00:00:00,2024-04-01 02:00:00,ringsted,4.86667,0.0,1.6,0.0,993.963,97.5,10.0
1711933200,2024-04-01 01:00:00,2024-04-01 03:00:00,ringsted,4.725,0.0,1.4,0.0,993.196,98.25,3.33333
1711936800,2024-04-01 02:00:00,2024-04-01 04:00:00,ringsted,4.725,0.0,2.2,0.0,992.479,98.5,2.5
1711940400,2024-04-01 03:00:00,2024-04-01 05:00:00,ringsted,4.775,0.0,2.425,0.0,993.312,98.75,9.16667
1711944000,2024-04-01 04:00:00,2024-04-01 06:00:00,ringsted,4.375,0.0,1.7,0.0,993.154,99.0,48.3333
1711947600,2024-04-01 05:00:00,2024-04-01 07:00:00,ringsted,4.3,1.5,2.8,0.0,993.138,99.0,48.3333
1711951200,2024-04-01 06:00:00,2024-04-01 08:00:00,ringsted,4.3,28.0,2.25,0.0,993.075,99.25,48.3333
1711954800,2024-04-01 07:00:00,2024-04-01 09:00:00,ringsted,4.775,92.5,2.125,0.0,992.838,99.25,0.0
1711958400,2024-04-01 08:00:00,2024-04-01 10:00:00,ringsted,5.4,137.0,2.475,0.0,992.896,99.0,23.75
1711962000,2024-04-01 09:00:00,2024-04-01 11:00:00,ringsted,6.1,201.0,2.5,0.0,992.917,99.0,82.6667
1711965600,2024-04-01 10:00:00,2024-04-01 12:00:00,ringsted,6.95,205.0,3.0,0.0,992.908,98.75,96.6667
1711969200,2024-04-01 11:00:00,2024-04-01 13:00:00,ringsted,7.475,151.0,3.75,0.0,992.421,98.0,95.8333
1711972800,2024-04-01 12:00:00,2024-04-01 14:00:00,ringsted,7.525,132.5,3.725,0.0,992.033,96.75,96.6667
1711976400,2024-04-01 13:00:00,2024-04-01 15:00:00,ringsted,7.5,98.0,3.45,0.0,991.638,96.25,89.1667
1711980000,2024-04-01 14:00:00,2024-04-01 16:00:00,ringsted,7.35,81.5,2.975,0.0,991.213,97.0,44.1667
1711983600,2024-04-01 15:00:00,2024-04-01 17:00:00,ringsted,7.4,80.0,2.35,0.0,990.879,97.75,78.3333
1711987200,2024-04-01 16:00:00,2024-04-01 18:00:00,ringsted,7.525,46.0,2.5,0.025,990.588,98.0,91.6667
1711990800,2024-04-01 17:00:00,2024-04-01 19:00:00,ringsted,7.625,13.0,3.025,0.375,990.112,98.0,91.6667
1711994400,2024-04-01 18:00:00,2024-04-01 20:00:00,ringsted,7.625,1.5,2.85,1.425,990.433,96.5,95.0
1711998000,2024-04-01 19:00:00,2024-04-01 21:00:00,ringsted,7.5,0.0,3.575,1.175,989.796,96.0,95.8333
1712001600,2024-04-01 20:00:00,2024-04-01 22:00:00,ringsted,7.175,0.0,2.7,1.975,989.062,95.25,95.0
1712005200,2024-04-01 21:00:00,2024-04-01 23:00:00,ringsted,7.05,0.0,2.23333,3.425,988.591,96.0,95.0
1712008800,2024-04-01 22:00:00,2024-04-02 00:00:00,ringsted,6.825,0.0,2.725,4.125,988.429,97.0,95.8333
1712012400,2024-04-01 23:00:00,2024-04-02 01:00:00,ringsted,6.55,0.0,3.225,2.1,988.333,97.0,98.3333
1712016000,2024-04-02 00:00:00,2024-04-02 02:00:00,ringsted,5.925,0.0,3.6,1.425,988.213,96.5,95.8333
1712019600,2024-04-02 01:00:00,2024-04-02 03:00:00,ringsted,5.375,0.0,2.825,0.7,988.104,97.25,97.5
1712023200,2024-04-02 02:00:00,2024-04-02 04:00:00,ringsted,5.3,0.0,1.625,0.6,988.029,98.0,97.5
1712026800,2024-04-02 03:00:00,2024-04-02 05:00:00,ringsted,5.25,0.0,1.325,0.35,988.042,98.25,99.1667
1712030400,2024-04-02 04:00:00,2024-04-02 06:00:00,ringsted,5.275,0.0,1.375,1.225,988.179,98.0,99.1667
1712034000,2024-04-02 05:00:00,2024-04-02 07:00:00,ringsted,5.3,0.5,0.975,1.625,988.348,97.75,97.5
1712037600,2024-04-02 06:00:00,2024-04-02 08:00:00,ringsted,5.35,23.5,1.95,1.275,988.85,97.75,97.5
1712041200,2024-04-02 07:00:00,2024-04-02 09:00:00,ringsted,5.525,63.0,3.45,0.625,989.487,97.0,95.0
1712044800,2024-04-02 08:00:00,2024-04-02 10:00:00,ringsted,5.625,92.5,4.675,0.475,990.35,94.25,95.8333
1712048400,2024-04-02 09:00:00,2024-04-02 11:00:00,ringsted,5.4,84.0,4.85,0.6,991.283,93.25,95.0
1712052000,2024-04-02 10:00:00,2024-04-02 12:00:00,ringsted,5.46667,110.0,4.96667,0.733333,992.108,94.0,95.0
1712055600,2024-04-02 11:00:00,2024-04-02 13:00:00,ringsted,5.475,146.5,4.75,0.525,992.846,91.5,95.0
1712059200,2024-04-02 12:00:00,2024-04-02 14:00:00,ringsted,5.5,186.0,4.925,0.075,993.7,89.75,95.0
1712062800,2024-04-02 13:00:00,2024-04-02 15:00:00,ringsted,5.35,152.0,5.625,0.125,994.592,89.0,95.8333
1712066400,2024-04-02 14:00:00,2024-04-02 16:00:00,ringsted,5.05,161.0,5.65,0.3,995.263,88.0,98.3333
1712070000,2024-04-02 15:00:00,2024-04-02 17:00:00,ringsted,4.85,109.0,5.175,0.1,995.779,88.25,95.8333
1712073600,2024-04-02 16:00:00,2024-04-02 18:00:00,ringsted,4.55,78.0,4.525,0.225,996.292,89.75,95.8333
1712077200,2024-04-02 17:00:00,2024-04-02 19:00:00,ringsted,4.03333,35.5,4.13333,0.5,996.8,91.0,93.3333
1712080800,2024-04-02 18:00:00,2024-04-02 20:00:00,ringsted,3.95,7.5,3.35,0.15,997.325,92.0,98.3333
1712084400,2024-04-02 19:00:00,2024-04-02 21:00:00,ringsted,3.6,0.0,3.425,0.225,997.692,92.0,91.6667
1712088000,2024-04-02 20:00:00,2024-04-02 22:00:00,ringsted,3.175,0.0,3.75,0.175,997.9,92.5,95.0
1712091600,2024-04-02 21:00:00,2024-04-02 23:00:00,ringsted,2.85,0.0,3.575,0.025,998.217,92.75,90.8333
1712095200,2024-04-02 22:00:00,2024-04-03 00:00:00,ringsted,2.625,0.0,3.725,0.0,998.522,91.25,86.6667
1712098800,2024-04-02 23:00:00,2024-04-03 01:00:00,ringsted,2.175,0.0,3.6,0.0,998.846,91.75,93.3333
1712102400,2024-04-03 00:00:00,2024-04-03 02:00:00,ringsted,1.85,0.0,3.675,0.05,999.187,91.25,92.5
1712106000,2024-04-03 01:00:00,2024-04-03 03:00:00,ringsted,1.6,0.0,3.4,0.0,999.542,91.25,76.6667
1712109600,2024-04-03 02:00:00,2024-04-03 04:00:00,ringsted,1.2,0.0,3.7,0.0,999.946,91.75,92.5
1712113200,2024-04-03 03:00:00,2024-04-03 05:00:00,ringsted,0.875,0.0,3.225,0.0,1000.38,91.5,99.1667
1712116800,2024-04-03 04:00:00,2024-04-03 06:00:00,ringsted,0.75,0.0,3.175,0.0,1000.73,91.5,94.1667
1712120400,2024-04-03 05:00:00,2024-04-03 07:00:00,ringsted,0.675,2.0,2.775,0.0,1001.24,90.5,94.1667
1712124000,2024-04-03 06:00:00,2024-04-03 08:00:00,ringsted,0.775,44.5,2.4,0.0,1001.37,89.25,95.0
1712127600,2024-04-03 07:00:00,2024-04-03 09:00:00,ringsted,1.225,111.5,3.0,0.0,1001.91,85.5,98.3333
1712131200,2024-04-03 08:00:00,2024-04-03 10:00:00,ringsted,1.5,118.5,3.025,0.0,1002.53,84.0,99.1667
1712134800,2024-04-03 09:00:00,2024-04-03 11:00:00,ringsted,1.875,132.0,2.25,0.0,1003.04,82.75,97.5
1712138400,2024-04-03 10:00:00,2024-04-03 12:00:00,ringsted,2.3,209.5,1.55,0.0,1003.26,81.0,97.5
1712142000,2024-04-03 11:00:00,2024-04-03 13:00:00,ringsted,2.925,372.0,1.575,0.0,1003.47,78.75,96.6667
1712145600,2024-04-03 12:00:00,2024-04-03 14:00:00,ringsted,3.825,438.0,1.175,0.0,1003.6,76.0,97.5
1712149200,2024-04-03 13:00:00,2024-04-03 15:00:00,ringsted,4.25,303.5,1.925,0.0,1003.83,75.75,98.3333
1712152800,2024-04-03 14:00:00,2024-04-03 16:00:00,ringsted,3.925,183.5,3.075,0.0,1003.98,78.5,98.3333
1712156400,2024-04-03 15:00:00,2024-04-03 17:00:00,ringsted,3.575,141.5,3.675,0.0,1004.01,80.25,99.1667
1712160000,2024-04-03 16:00:00,2024-04-03 18:00:00,ringsted,3.125,92.0,4.03333,0.0,1004.0,81.0,99.1667
1712163600,2024-04-03 17:00:00,2024-04-03 19:00:00,ringsted,2.675,41.5,4.175,0.0,1004.3,82.75,96.6667
1712167200,2024-04-03 18:00:00,2024-04-03 20:00:00,ringsted,2.275,12.5,4.425,0.0,1004.43,84.5,97.5
1712170800,2024-04-03 19:00:00,2024-04-03 21:00:00,ringsted,2.05,0.0,5.15,0.0,1004.43,85.25,98.3333
1712174400,2024-04-03 20:00:00,2024-04-03 22:00:00,ringsted,2.25,0.0,5.525,0.0,1004.11,86.0,97.5
1712178000,2024-04-03 21:00:00,2024-04-03 23:00:00,ringsted,2.575,0.0,6.4,0.0,1003.78,87.0,98.3333
1712181600,2024-04-03 22:00:00,2024-04-04 00:00:00,ringsted,2.9,0.0,6.975,0.0,1003.56,88.75,98.3333
1712185200,2024-04-03 23:00:00,2024-04-04 01:00:00,ringsted,3.025,0.0,7.125,0.025,1003.09,89.75,98.3333
1712188800,2024-04-04 00:00:00,2024-04-04 02:00:00,ringsted,3.05,0.0,7.575,0.275,1002.4,91.25,97.5
1712192400,2024-04-04 01:00:00,2024-04-04 03:00:00,ringsted,3.05,0.0,7.975,0.1,1001.9,92.5,97.5
1712196000,2024-04-04 02:00:00,2024-04-04 04:00:00,ringsted,3.125,0.0,7.9,0.8,1001.4,93.75,97.5
1712199600,2024-04-04 03:00:00,2024-04-04 05:00:00,ringsted,3.175,0.0,7.875,1.275,1000.96,94.5,98.3333
1712203200,2024-04-04 04:00:00,2024-04-04 06:00:00,ringsted,3.25,0.0,7.775,1.175,1000.67,94.75,96.6667
1712206800,2024-04-04 05:00:00,2024-04-04 07:00:00,ringsted,3.225,0.0,7.7,0.525,1000.38,95.25,99.1667
1712210400,2024-04-04 06:00:00,2024-04-04 08:00:00,ringsted,3.35,8.5,7.225,0.3,1000.44,95.25,96.6667
1712214000,2024-04-04 07:00:00,2024-04-04 09:00:00,ringsted,3.725,32.5,6.325,0.125,1000.25,96.25,99.1667
1712217600,2024-04-04 08:00:00,2024-04-04 10:00:00,ringsted,4.15,49.0,5.375,0.125,1000.1,96.75,99.1667
1712221200,2024-04-04 09:00:00,2024-04-04 11:00:00,ringsted,4.85,120.0,4.775,0.025,1000.08,97.25,96.6667
1712224800,2024-04-04 10:00:00,2024-04-04 12:00:00,ringsted,6.1,200.0,4.4,0.125,999.722,96.75,92.5
1712228400,2024-04-04 11:00:00,2024-04-04 13:00:00,ringsted,7.4,239.5,4.425,0.025,999.342,94.5,78.3333
1712232000,2024-04-04 12:00:00,2024-04-04 14:00:00,ringsted,7.425,191.0,4.575,0.0,998.967,94.5,80.8333
1712235600,2024-04-04 13:00:00,2024-04-04 15:00:00,ringsted,7.825,183.0,4.475,0.05,998.287,93.25,45.0
1712239200,2024-04-04 14:00:00,2024-04-04 16:00:00,ringsted,8.2,95.5,3.95,0.275,997.708,92.75,95.0
1712242800,2024-04-04 15:00:00,2024-04-04 17:00:00,ringsted,7.8,51.0,4.275,2.1,997.096,96.0,95.8333
1712246400,2024-04-04 16:00:00,2024-04-04 18:00:00,ringsted,7.25,34.0,3.9,2.3,996.55,97.5,97.5
1712250000,2024-04-04 17:00:00,2024-04-04 19:00:00,ringsted,7.575,19.0,3.475,1.3,996.592,97.75,98.3333
1712253600,2024-04-04 18:00:00,2024-04-04 20:00:00,ringsted,7.95,7.0,3.75,0.45,997.029,98.0,97.5
1712257200,2024-04-04 19:00:00,2024-04-04 21:00:00,ringsted,8.0,0.0,3.175,0.075,997.633,98.25,95.0
1712260800,2024-04-04 20:00:00,2024-04-04 22:00:00,ringsted,8.15,0.0,2.35,0.0,998.154,97.5,98.3333
1712264400,2024-04-04 21:00:00,2024-04-04 23:00:00,ringsted,8.325,0.0,4.075,0.0,998.859,96.75,72.9167
1712268000,2024-04-04 22:00:00,2024-04-05 00:00:00,ringsted,8.125,0.0,5.475,0.025,1000.09,92.5,92.0833
1712271600,2024-04-04 23:00:00,2024-04-05 01:00:00,ringsted,7.425,0.0,6.625,0.025,1000.5,85.75,98.3333
1712275200,2024-04-05 00:00:00,2024-04-05 02:00:00,ringsted,7.025,0.0,4.825,0.0,1000.75,84.5,98.3333
1712278800,2024-04-05 01:00:00,2024-04-05 03:00:00,ringsted,6.975,0.0,4.8,0.0,1001.2,86.5,97.5
1712282400,2024-04-05 02:00:00,2024-04-05 04:00:00,ringsted,7.0,0.0,5.075,0.0,1001.33,85.75,99.1667
1712286000,2024-04-05 03:00:00,2024-04-05 05:00:00,ringsted,7.0,0.0,5.95,0.0,1001.69,82.75,96.6667
1712289600,2024-04-05 04:00:00,2024-04-05 06:00:00,ringsted,6.8,0.0,6.25,0.0,1002.3,81.0,98.3333
1712293200,2024-04-05 05:00:00,2024-04-05 07:00:00,ringsted,6.575,2.5,5.575,0.0,1002.69,83.0,86.6667
1712296800,2024-04-05 06:00:00,2024-04-05 08:00:00,ringsted,6.475,63.0,4.4,0.0,1003.35,83.75,56.6667
1712300400,2024-04-05 07:00:00,2024-04-05 09:00:00,ringsted,6.85,159.0,3.95,0.0,1003.76,82.75,62.0833
1712304000,2024-04-05 08:00:00,2024-04-05 10:00:00,ringsted,7.15,141.0,3.825,0.0,1004.05,83.5,57.5
1712307600,2024-04-05 09:00:00,2024-04-05 11:00:00,ringsted,7.7,139.0,3.15,0.0,1003.96,84.0,92.5
1712311200,2024-04-05 10:00:00,2024-04-05 12:00:00,ringsted,8.375,180.5,3.375,0.0,1003.73,87.0,96.6667
1712314800,2024-04-05 11:00:00,2024-04-05 13:00:00,ringsted,8.85,165.5,3.525,0.0,1003.4,91.25,99.1667
1712318400,2024-04-05 12:00:00,2024-04-05 14:00:00,ringsted,9.825,148.0,3.85,0.025,1002.64,92.5,87.5
1712322000,2024-04-05 13:00:00,2024-04-05 15:00:00,ringsted,11.2,284.5,4.125,0.025,1001.53,89.5,92.5
1712325600,2024-04-05 14:00:00,2024-04-05 16:00:00,ringsted,11.475,186.5,4.625,0.0,1000.25,88.0,87.9167
1712329200,2024-04-05 15:00:00,2024-04-05 17:00:00,ringsted,11.825,68.5,4.8,0.725,999.246,88.75,94.1667
1712332800,2024-04-05 16:00:00,2024-04-05 18:00:00,ringsted,11.675,12.0,5.6,3.525,998.233,93.5,95.0
1712336400,2024-04-05 17:00:00,2024-04-05 19:00:00,ringsted,11.65,14.0,7.125,5.0,998.129,94.0,85.0
1712340000,2024-04-05 18:00:00,2024-04-05 20:00:00,ringsted,11.975,23.5,6.825,0.075,998.558,89.75,68.3333
1712343600,2024-04-05 19:00:00,2024-04-05 21:00:00,ringsted,11.6,0.0,6.9,0.0,999.417,88.5,90.0
1712347200,2024-04-05 20:00:00,2024-04-05 22:00:00,ringsted,11.1,0.0,7.675,0.075,1000.24,87.75,94.1667
1712350800,2024-04-05 21:00:00,2024-04-05 23:00:00,ringsted,10.675,0.0,7.1,0.0,1000.97,87.75,85.0
1712354400,2024-04-05 22:00:00,2024-04-06 00:00:00,ringsted,10.35,0.0,6.35,0.0,1001.71,88.5,87.9167
1712358000,2024-04-05 23:00:00,2024-04-06 01:00:00,ringsted,9.9,0.0,5.475,0.0,1002.3,89.25,66.25
1712361600,2024-04-06 00:00:00,2024-04-06 02:00:00,ringsted,9.8,0.0,5.275,0.0,1002.98,89.5,13.75
1712365200,2024-04-06 01:00:00,2024-04-06 03:00:00,ringsted,9.45,0.0,5.1,0.0,1003.71,90.25,9.16667
1712368800,2024-04-06 02:00:00,2024-04-06 04:00:00,ringsted,9.1,0.0,4.975,0.0,1004.33,91.25,44.1667
1712372400,2024-04-06 03:00:00,2024-04-06 05:00:00,ringsted,9.125,0.0,4.375,0.0,1004.73,91.25,56.6667
1712376000,2024-04-06 04:00:00,2024-04-06 06:00:00,ringsted,8.95,0.0,3.925,0.0,1005.3,91.75,44.1667
1712379600,2024-04-06 05:00:00,2024-04-06 07:00:00,ringsted,8.625,6.5,3.75,0.0,1005.92,92.75,50.4167
1712383200,2024-04-06 06:00:00,2024-04-06 08:00:00,ringsted,8.825,65.5,3.575,0.0,1006.47,92.25,59.1667
1712386800,2024-04-06 07:00:00,2024-04-06 09:00:00,ringsted,9.9,211.0,3.875,0.0,1007.1,89.0,29.1667
1712390400,2024-04-06 08:00:00,2024-04-06 10:00:00,ringsted,11.125,347.5,4.4,0.0,1007.83,85.0,54.1667
1712394000,2024-04-06 09:00:00,2024-04-06 11:00:00,ringsted,12.075,426.0,4.375,0.0,1008.41,82.25,29.1667
1712397600,2024-04-06 10:00:00,2024-04-06 12:00:00,ringsted,13.25,523.0,4.65,0.0,1008.6,79.25,24.1667
1712401200,2024-04-06 11:00:00,2024-04-06 13:00:00,ringsted,14.225,600.0,4.55,0.0,1008.49,76.25,19.1667
1712404800,2024-04-06 12:00:00,2024-04-06 14:00:00,ringsted,15.175,579.5,3.85,0.0,1008.65,72.0,17.5
1712408400,2024-04-06 13:00:00,2024-04-06 15:00:00,ringsted,15.65,469.0,4.425,0.0,1008.58,70.5,65.4167
1712412000,2024-04-06 14:00:00,2024-04-06 16:00:00,ringsted,15.975,387.0,4.85,0.0,1008.34,68.75,62.0833
1712415600,2024-04-06 15:00:00,2024-04-06 17:00:00,ringsted,16.2,339.5,4.15,0.0,1007.73,67.5,33.75
1712419200,2024-04-06 16:00:00,2024-04-06 18:00:00,ringsted,16.6,242.5,3.525,0.0,1007.06,65.5,14.5833
1712422800,2024-04-06 17:00:00,2024-04-06 19:00:00,ringsted,15.325,72.0,3.9,0.0,1006.83,73.25,30.0
1712426400,2024-04-06 18:00:00,2024-04-06 20:00:00,ringsted,13.675,18.0,4.2,0.0,1006.74,77.75,10.4167
1712430000,2024-04-06 19:00:00,2024-04-06 21:00:00,ringsted,12.075,0.0,4.675,0.0,1006.66,81.25,2.5
1712433600,2024-04-06 20:00:00,2024-04-06 22:00:00,ringsted,11.8,0.0,4.8,0.0,1006.38,83.5,0.0
1712437200,2024-04-06 21:00:00,2024-04-06 23:00:00,ringsted,11.8,0.0,4.325,0.0,1005.7,85.25,5.83333
1712440800,2024-04-06 22:00:00,2024-04-07 00:00:00,ringsted,12.1,0.0,4.375,0.0,1005.34,84.25,58.75
1712444400,2024-04-06 23:00:00,2024-04-07 01:00:00,ringsted,12.575,0.0,4.075,0.0,1005.25,83.0,77.0833
1712448000,2024-04-07 00:00:00,2024-04-07 02:00:00,ringsted,12.55,0.0,3.9,0.0,1005.06,84.25,78.3333
1712451600,2024-04-07 01:00:00,2024-04-07 03:00:00,ringsted,12.5,0.0,2.95,0.0,1004.66,85.25,79.5833
1712455200,2024-04-07 02:00:00,2024-04-07 04:00:00,ringsted,12.275,0.0,2.225,0.0,1004.27,85.5,66.6667
1712458800,2024-04-07 03:00:00,2024-04-07 05:00:00,ringsted,11.55,0.0,1.175,0.0,1003.89,87.75,68.75
1712462400,2024-04-07 04:00:00,2024-04-07 06:00:00,ringsted,11.6,0.0,1.925,0.0,1003.28,86.25,90.0
1712466000,2024-04-07 05:00:00,2024-04-07 07:00:00,ringsted,11.75,2.0,2.225,0.0,1003.73,85.25,79.5833
1712469600,2024-04-07 06:00:00,2024-04-07 08:00:00,ringsted,11.75,26.0,2.025,0.0,1005.06,86.0,55.4167
1712473200,2024-04-07 07:00:00,2024-04-07 09:00:00,ringsted,13.025,70.0,4.775,0.0,1006.88,81.0,87.9167
1712476800,2024-04-07 08:00:00,2024-04-07 10:00:00,ringsted,13.5,95.5,6.375,0.25,1007.12,80.5,92.5
1712480400,2024-04-07 09:00:00,2024-04-07 11:00:00,ringsted,12.475,159.0,4.725,0.3,1007.26,88.25,74.1667
1712484000,2024-04-07 10:00:00,2024-04-07 12:00:00,ringsted,12.675,241.5,4.225,0.125,1007.4,88.25,41.25
1712487600,2024-04-07 11:00:00,2024-04-07 13:00:00,ringsted,14.0,506.5,5.875,0.0,1007.96,81.5,28.75
1712491200,2024-04-07 12:00:00,2024-04-07 14:00:00,ringsted,15.1,570.0,6.8,0.0,1008.46,75.5,37.5
1712494800,2024-04-07 13:00:00,2024-04-07 15:00:00,ringsted,15.9,584.0,7.35,0.0,1008.93,68.75,25.8333
1712498400,2024-04-07 14:00:00,2024-04-07 16:00:00,ringsted,16.2,553.0,7.425,0.0,1009.26,59.5,12.5
1712502000,2024-04-07 15:00:00,2024-04-07 17:00:00,ringsted,16.175,440.5,6.775,0.0,1009.22,57.0,13.3333
1712505600,2024-04-07 16:00:00,2024-04-07 18:00:00,ringsted,16.15,322.5,4.975,0.0,1008.96,59.5,4.58333
1712509200,2024-04-07 17:00:00,2024-04-07 19:00:00,ringsted,15.975,192.0,3.275,0.0,1009.1,62.75,2.5
1712512800,2024-04-07 18:00:00,2024-04-07 20:00:00,ringsted,14.2333,50.0,2.325,0.0,1009.46,73.6667,12.0833
1712516400,2024-04-07 19:00:00,2024-04-07 21:00:00,ringsted,13.125,0.5,2.25,0.0,1009.43,78.5,17.0833
1712520000,2024-04-07 20:00:00,2024-04-07 22:00:00,ringsted,11.925,0.0,2.15,0.0,1009.1,82.75,5.0
1712523600,2024-04-07 21:00:00,2024-04-07 23:00:00,ringsted,11.375,0.0,2.375,0.0,1008.65,84.0,52.5
1712527200,2024-04-07 22:00:00,2024-04-08 00:00:00,ringsted,11.125,0.0,2.925,0.0,1008.36,85.0,66.25
1712530800,2024-04-07 23:00:00,2024-04-08 01:00:00,ringsted,10.9,0.0,2.975,0.0,1007.69,86.75,88.75
1712534400,2024-04-08 00:00:00,2024-04-08 02:00:00,ringsted,11.0333,0.0,3.2,0.0,1007.28,87.0,95.8333
1712538000,2024-04-08 01:00:00,2024-04-08 03:00:00,ringsted,10.725,0.0,3.275,0.0,1007.11,88.0,95.8333
1712541600,2024-04-08 02:00:00,2024-04-08 04:00:00,ringsted,10.95,0.0,4.2,0.1,1006.89,85.75,95.8333
1712545200,2024-04-08 03:00:00,2024-04-08 05:00:00,ringsted,11.975,0.0,5.1,0.175,1006.98,82.0,87.5
1712548800,2024-04-08 04:00:00,2024-04-08 06:00:00,ringsted,11.875,0.0,5.275,0.225,1007.1,85.25,86.6667
1712552400,2024-04-08 05:00:00,2024-04-08 07:00:00,ringsted,11.4,2.0,4.4,0.075,1007.43,90.5,74.1667
1712556000,2024-04-08 06:00:00,2024-04-08 08:00:00,ringsted,11.375,31.5,3.825,0.0,1007.67,91.5,48.3333
1712559600,2024-04-08 07:00:00,2024-04-08 09:00:00,ringsted,11.725,90.5,3.65,0.0,1007.85,90.75,81.25
1712563200,2024-04-08 08:00:00,2024-04-08 10:00:00,ringsted,12.775,262.5,3.7,0.0,1007.86,87.75,45.4167
1712566800,2024-04-08 09:00:00,2024-04-08 11:00:00,ringsted,14.075,432.5,4.2,0.0,1007.74,81.25,9.16667
1712570400,2024-04-08 10:00:00,2024-04-08 12:00:00,ringsted,15.025,600.0,3.5,0.0,1007.45,76.0,15.4167
1712574000,2024-04-08 11:00:00,2024-04-08 13:00:00,ringsted,15.675,620.5,2.8,0.025,1007.5,71.5,22.5
1712577600,2024-04-08 12:00:00,2024-04-08 14:00:00,ringsted,15.975,545.0,2.8,0.0,1007.43,69.0,48.3333
1712581200,2024-04-08 13:00:00,2024-04-08 15:00:00,ringsted,16.3,398.0,1.925,0.0,1006.7,65.0,90.0
1712584800,2024-04-08 14:00:00,2024-04-08 16:00:00,ringsted,16.125,317.5,2.2,0.0,1006.28,67.0,93.3333
1712588400,2024-04-08 15:00:00,2024-04-08 17:00:00,ringsted,15.275,102.0,2.9,0.0,1006.27,74.5,80.8333
1712592000,2024-04-08 16:00:00,2024-04-08 18:00:00,ringsted,14.95,226.5,3.2,0.0,1005.9,77.0,25.4167
1712595600,2024-04-08 17:00:00,2024-04-08 19:00:00,ringsted,14.675,136.5,2.125,0.0,1005.67,78.25,28.3333
1712599200,2024-04-08 18:00:00,2024-04-08 20:00:00,ringsted,13.65,27.5,1.55,0.0,1005.96,83.25,77.0833
1712602800,2024-04-08 19:00:00,2024-04-08 21:00:00,ringsted,12.475,0.0,2.2,0.0,1005.94,88.75,93.3333
1712606400,2024-04-08 20:00:00,2024-04-08 22:00:00,ringsted,11.95,0.0,1.15,0.15,1005.51,91.25,92.5
1712610000,2024-04-08 21:00:00,2024-04-08 23:00:00,ringsted,11.4,0.0,1.375,0.05,1005.06,94.0,39.5833
1712613600,2024-04-08 22:00:00,2024-04-09 00:00:00,ringsted,10.825,0.0,1.625,0.0,1004.76,95.75,17.9167
1712617200,2024-04-08 23:00:00,2024-04-09 01:00:00,ringsted,9.675,0.0,1.875,0.0,1004.43,97.25,46.25
1712620800,2024-04-09 00:00:00,2024-04-09 02:00:00,ringsted,9.475,0.0,2.175,0.0,1004.21,97.5,59.1667
1712624400,2024-04-09 01:00:00,2024-04-09 03:00:00,ringsted,9.725,0.0,2.275,0.0,1003.85,97.75,6.25
1712628000,2024-04-09 02:00:00,2024-04-09 04:00:00,ringsted,9.775,0.0,3.25,0.0,1003.8,98.25,22.7273
1712631600,2024-04-09 03:00:00,2024-04-09 05:00:00,ringsted,9.675,0.0,3.45,0.0,1003.67,98.0,32.2222
1712635200,2024-04-09 04:00:00,2024-04-09 06:00:00,ringsted,9.525,0.0,3.5,0.0,1003.27,98.0,45.4545
1712638800,2024-04-09 05:00:00,2024-04-09 07:00:00,ringsted,9.325,8.0,4.1,0.0,1003.13,98.0,41.6667
1712642400,2024-04-09 06:00:00,2024-04-09 08:00:00,ringsted,9.225,54.0,3.975,0.0,1003.04,97.25,80.8333
1712646000,2024-04-09 07:00:00,2024-04-09 09:00:00,ringsted,9.9,126.0,4.05,0.0,1002.77,93.25,62.9167
1712649600,2024-04-09 08:00:00,2024-04-09 10:00:00,ringsted,10.525,227.0,5.15,0.0,1002.16,88.25,44.1667
1712653200,2024-04-09 09:00:00,2024-04-09 11:00:00,ringsted,11.375,213.0,6.4,0.0,1001.89,82.75,60.8333
1712656800,2024-04-09 10:00:00,2024-04-09 12:00:00,ringsted,12.35,343.5,5.775,0.0,1002.22,81.0,21.6667
1712660400,2024-04-09 11:00:00,2024-04-09 13:00:00,ringsted,13.75,505.5,4.3,0.0,1002.04,78.5,22.0833
1712664000,2024-04-09 12:00:00,2024-04-09 14:00:00,ringsted,14.875,498.0,3.55,0.0,1001.93,76.25,38.75
1712667600,2024-04-09 13:00:00,2024-04-09 15:00:00,ringsted,15.25,323.5,3.925,0.0,1002.28,78.25,42.5
1712671200,2024-04-09 14:00:00,2024-04-09 16:00:00,ringsted,14.15,173.5,3.575,0.0,1002.97,82.0,33.3333
1712674800,2024-04-09 15:00:00,2024-04-09 17:00:00,ringsted,13.9,127.0,3.15,0.0,1003.95,84.25,55.4167
1712678400,2024-04-09 16:00:00,2024-04-09 18:00:00,ringsted,13.65,47.0,4.95,0.0,1004.6,84.25,90.8333
1712682000,2024-04-09 17:00:00,2024-04-09 19:00:00,ringsted,12.425,21.5,4.5,0.15,1005.26,85.5,94.1667
1712685600,2024-04-09 18:00:00,2024-04-09 20:00:00,ringsted,11.05,5.5,3.375,0.275,1006.21,87.75,95.4545
1712689200,2024-04-09 19:00:00,2024-04-09 21:00:00,ringsted,10.375,0.5,2.525,0.4,1006.86,93.5,98.3333
1712692800,2024-04-09 20:00:00,2024-04-09 22:00:00,ringsted,10.1,0.0,2.45,0.275,1006.97,95.0,91.6667
1712696400,2024-04-09 21:00:00,2024-04-09 23:00:00,ringsted,10.225,0.0,4.225,0.0,1006.99,91.0,80.8333
1712700000,2024-04-09 22:00:00,2024-04-10 00:00:00,ringsted,10.1,0.0,4.35,0.0,1007.22,88.5,55.0
1712703600,2024-04-09 23:00:00,2024-04-10 01:00:00,ringsted,9.875,0.0,4.7,0.0,1007.24,86.0,72.9167
1712707200,2024-04-10 00:00:00,2024-04-10 02:00:00,ringsted,9.825,0.0,5.825,0.0,1007.21,81.0,53.3333
1712710800,2024-04-10 01:00:00,2024-04-10 03:00:00,ringsted,9.55,0.0,6.625,0.0,1007.39,76.75,75.8333
1712714400,2024-04-10 02:00:00,2024-04-10 04:00:00,ringsted,9.425,0.0,7.8,0.0,1007.78,77.5,76.6667
1712718000,2024-04-10 03:00:00,2024-04-10 05:00:00,ringsted,9.05,0.0,8.2,0.0,1008.59,81.0,61.6667
1712721600,2024-04-10 04:00:00,2024-04-10 06:00:00,ringsted,8.5,0.0,8.3,0.0,1009.26,79.0,89.5455
1712725200,2024-04-10 05:00:00,2024-04-10 07:00:00,ringsted,8.225,2.5,8.0,0.0,1010.31,79.5,93.3333
1712728800,2024-04-10 06:00:00,2024-04-10 08:00:00,ringsted,8.075,31.0,7.925,0.0,1011.35,82.25,95.0
1712732400,2024-04-10 07:00:00,2024-04-10 09:00:00,ringsted,8.175,89.0,7.65,0.0,1012.42,82.75,95.8333
1712736000,2024-04-10 08:00:00,2024-04-10 10:00:00,ringsted,8.4,134.0,7.85,0.0,1013.67,81.0,92.5
1712739600,2024-04-10 09:00:00,2024-04-10 11:00:00,ringsted,8.7,244.0,8.1,0.0,1015.2,80.5,90.8333
1712743200,2024-04-10 10:00:00,2024-04-10 12:00:00,ringsted,9.275,258.0,8.45,0.0,1016.45,75.75,71.6667
1712746800,2024-04-10 11:00:00,2024-04-10 13:00:00,ringsted,10.15,495.5,8.45,0.0,1017.53,68.75,82.0833
1712750400,2024-04-10 12:00:00,2024-04-10 14:00:00,ringsted,10.825,555.0,8.475,0.0,1018.32,65.0,53.3333
1712754000,2024-04-10 13:00:00,2024-04-10 15:00:00,ringsted,11.2,505.0,8.725,0.0,1019.21,62.25,47.9167
1712757600,2024-04-10 14:00:00,2024-04-10 16:00:00,ringsted,11.15,469.5,8.725,0.0,1020.1,59.5,25.8333
1712761200,2024-04-10 15:00:00,2024-04-10 17:00:00,ringsted,11.5,480.5,8.525,0.0,1020.8,54.0,23.3333
1712764800,2024-04-10 16:00:00,2024-04-10 18:00:00,ringsted,10.9667,303.0,8.175,0.0,1021.34,54.25,19.1667
1712768400,2024-04-10 17:00:00,2024-04-10 19:00:00,ringsted,10.475,144.0,6.6,0.0,1021.97,56.0,12.5
1712772000,2024-04-10 18:00:00,2024-04-10 20:00:00,ringsted,9.5,36.5,5.15,0.0,1022.42,61.75,0.0
1712775600,2024-04-10 19:00:00,2024-04-10 21:00:00,ringsted,8.1,1.0,3.025,0.0,1022.83,71.0,4.16667
1712779200,2024-04-10 20:00:00,2024-04-10 22:00:00,ringsted,7.2,0.0,2.625,0.0,1022.83,77.25,7.5
1712782800,2024-04-10 21:00:00,2024-04-10 23:00:00,ringsted,6.55,0.0,2.975,0.0,1022.84,82.0,18.3333
1712786400,2024-04-10 22:00:00,2024-04-11 00:00:00,ringsted,6.275,0.0,3.175,0.0,1022.89,85.0,0.0
1712790000,2024-04-10 23:00:00,2024-04-11 01:00:00,ringsted,6.3,0.0,3.525,0.0,1022.84,87.0,5.83333
1712793600,2024-04-11 00:00:00,2024-04-11 02:00:00,ringsted,6.25,0.0,3.53333,0.0,1022.2,85.5,62.9167
1712797200,2024-04-11 01:00:00,2024-04-11 03:00:00,ringsted,6.35,0.0,3.45,0.0,1021.6,86.0,92.5
1712800800,2024-04-11 02:00:00,2024-04-11 04:00:00,ringsted,6.8,0.0,3.675,0.0,1020.72,85.25,86.6667
1712804400,2024-04-11 03:00:00,2024-04-11 05:00:00,ringsted,7.3,0.0,4.75,0.0,1019.88,83.75,93.3333
1712808000,2024-04-11 04:00:00,2024-04-11 06:00:00,ringsted,8.2,0.0,5.65,0.0,1019.32,80.0,96.6667
1712811600,2024-04-11 05:00:00,2024-04-11 07:00:00,ringsted,9.25,1.5,6.85,0.025,1018.92,73.25,95.0
1712815200,2024-04-11 06:00:00,2024-04-11 08:00:00,ringsted,9.275,12.5,7.225,0.225,1018.79,76.25,98.3333
1712818800,2024-04-11 07:00:00,2024-04-11 09:00:00,ringsted,9.025,36.5,7.375,0.475,1018.92,81.25,95.8333
1712822400,2024-04-11 08:00:00,2024-04-11 10:00:00,ringsted,9.0,79.5,7.6,0.525,1019.15,85.5,95.8333
1712826000,2024-04-11 09:00:00,2024-04-11 11:00:00,ringsted,9.15,116.5,7.85,0.675,1019.4,89.5,99.1667
1712829600,2024-04-11 10:00:00,2024-04-11 12:00:00,ringsted,9.575,130.5,7.875,0.2,1019.83,91.5,99.1667
1712833200,2024-04-11 11:00:00,2024-04-11 13:00:00,ringsted,10.125,125.5,7.7,0.0,1020.28,91.75,99.1667
1712836800,2024-04-11 12:00:00,2024-04-11 14:00:00,ringsted,10.7,158.5,7.45,0.0,1020.69,92.25,99.1667
1712840400,2024-04-11 13:00:00,2024-04-11 15:00:00,ringsted,11.35,148.0,7.075,0.025,1021.1,92.25,99.1667
1712844000,2024-04-11 14:00:00,2024-04-11 16:00:00,ringsted,11.5,107.5,6.65,0.025,1021.21,93.0,99.1667
1712847600,2024-04-11 15:00:00,2024-04-11 17:00:00,ringsted,11.825,113.5,6.3,0.0,1021.36,93.0,96.6667
1712851200,2024-04-11 16:00:00,2024-04-11 18:00:00,ringsted,12.075,77.5,6.025,0.0,1021.58,91.75,97.5
1712854800,2024-04-11 17:00:00,2024-04-11 19:00:00,ringsted,12.05,43.5,5.9,0.0,1021.72,91.75,97.5
1712858400,2024-04-11 18:00:00,2024-04-11 20:00:00,ringsted,11.85,13.5,5.85,0.0,1022.16,92.5,96.6667
1712862000,2024-04-11 19:00:00,2024-04-11 21:00:00,ringsted,11.65,0.0,6.125,0.0,1022.55,92.0,96.6667
1712865600,2024-04-11 20:00:00,2024-04-11 22:00:00,ringsted,11.525,0.0,5.875,0.0,1022.74,92.0,76.6667
1712869200,2024-04-11 21:00:00,2024-04-11 23:00:00,ringsted,11.225,0.0,5.85,0.0,1022.91,92.5,30.0
1712872800,2024-04-11 22:00:00,2024-04-12 00:00:00,ringsted,10.6,0.0,5.525,0.0,1023.1,93.25,12.0833
1712876400,2024-04-11 23:00:00,2024-04-12 01:00:00,ringsted,10.025,0.0,5.025,0.0,1023.48,93.75,6.66667
1712880000,2024-04-12 00:00:00,2024-04-12 02:00:00,ringsted,9.475,0.0,4.0,0.0,1023.55,94.5,19.1667
1712883600,2024-04-12 01:00:00,2024-04-12 03:00:00,ringsted,9.125,0.0,4.05,0.0,1023.53,95.75,42.7273
1712887200,2024-04-12 02:00:00,2024-04-12 04:00:00,ringsted,8.9,0.0,4.25,0.0,1023.28,96.5,57.9167
1712890800,2024-04-12 03:00:00,2024-04-12 05:00:00,ringsted,8.875,0.0,3.825,0.0,1022.95,97.0,95.8333
1712894400,2024-04-12 04:00:00,2024-04-12 06:00:00,ringsted,9.325,0.0,4.175,0.0,1022.6,96.75,96.6667
1712898000,2024-04-12 05:00:00,2024-04-12 07:00:00,ringsted,9.65,6.0,3.85,0.0,1022.28,96.75,85.0
1712901600,2024-04-12 06:00:00,2024-04-12 08:00:00,ringsted,10.2,40.5,3.9,0.0,1021.83,96.75,87.5
1712905200,2024-04-12 07:00:00,2024-04-12 09:00:00,ringsted,10.85,54.0,3.95,0.0,1021.29,95.75,93.3333
1712908800,2024-04-12 08:00:00,2024-04-12 10:00:00,ringsted,11.55,105.0,5.05,0.0,1020.88,94.25,97.5
1712912400,2024-04-12 09:00:00,2024-04-12 11:00:00,ringsted,12.125,161.0,5.7,0.0,1020.24,92.75,94.1667
1712916000,2024-04-12 10:00:00,2024-04-12 12:00:00,ringsted,12.85,200.5,6.525,0.025,1019.72,88.25,95.0
1712919600,2024-04-12 11:00:00,2024-04-12 13:00:00,ringsted,12.725,106.5,6.55,0.225,1019.22,89.25,99.1667
1712923200,2024-04-12 12:00:00,2024-04-12 14:00:00,ringsted,12.475,105.5,6.925,0.05,1018.9,92.5,98.3333
1712926800,2024-04-12 13:00:00,2024-04-12 15:00:00,ringsted,12.35,88.0,7.225,0.0,1018.59,94.25,98.3333
1712930400,2024-04-12 14:00:00,2024-04-12 16:00:00,ringsted,12.475,127.5,7.025,0.0,1018.47,93.75,99.1667
1712934000,2024-04-12 15:00:00,2024-04-12 17:00:00,ringsted,12.225,82.5,6.85,0.0,1018.22,93.25,94.1667
1712937600,2024-04-12 16:00:00,2024-04-12 18:00:00,ringsted,11.825,75.0,6.75,0.0,1017.86,92.75,94.1667
1712941200,2024-04-12 17:00:00,2024-04-12 19:00:00,ringsted,11.525,43.5,6.7,0.0,1017.67,92.0,97.5
1712944800,2024-04-12 18:00:00,2024-04-12 20:00:00,ringsted,11.3,6.0,6.63333,0.0,1017.81,91.5,98.3333
1712948400,2024-04-12 19:00:00,2024-04-12 21:00:00,ringsted,11.125,0.0,6.025,0.0,1018.17,91.0,98.3333
1712952000,2024-04-12 20:00:00,2024-04-12 22:00:00,ringsted,10.95,0.0,5.575,0.0,1018.12,91.25,98.3333
1712955600,2024-04-12 21:00:00,2024-04-12 23:00:00,ringsted,10.7,0.0,5.3,0.0,1017.92,91.75,97.5
1712959200,2024-04-12 22:00:00,2024-04-13 00:00:00,ringsted,10.45,0.0,4.75,0.0,1017.81,91.5,89.1667
1712962800,2024-04-12 23:00:00,2024-04-13 01:00:00,ringsted,9.975,0.0,3.825,0.0,1017.81,92.25,89.1667
1712966400,2024-04-13 00:00:00,2024-04-13 02:00:00,ringsted,9.75,0.0,3.775,0.0,1017.38,93.0,60.0
1712970000,2024-04-13 01:00:00,2024-04-13 03:00:00,ringsted,9.35,0.0,3.325,0.0,1016.85,93.75,70.0
1712973600,2024-04-13 02:00:00,2024-04-13 04:00:00,ringsted,9.025,0.0,3.1,0.0,1016.74,94.75,47.5
1712977200,2024-04-13 03:00:00,2024-04-13 05:00:00,ringsted,8.65,0.0,3.0,0.0,1016.47,95.0,65.0
1712980800,2024-04-13 04:00:00,2024-04-13 06:00:00,ringsted,8.5,0.0,3.35,0.0,1016.09,96.0,61.6667
1712984400,2024-04-13 05:00:00,2024-04-13 07:00:00,ringsted,8.475,10.5,3.725,0.0,1015.86,95.5,47.5
1712988000,2024-04-13 06:00:00,2024-04-13 08:00:00,ringsted,8.85,84.0,4.15,0.0,1015.85,94.0,76.25
1712991600,2024-04-13 07:00:00,2024-04-13 09:00:00,ringsted,9.7,177.5,4.575,0.0,1015.55,91.75,86.6667
1712995200,2024-04-13 08:00:00,2024-04-13 10:00:00,ringsted,10.4,262.0,4.775,0.0,1015.4,89.0,65.4167
1712998800,2024-04-13 09:00:00,2024-04-13 11:00:00,ringsted,11.225,354.0,5.125,0.0,1015.36,86.25,70.0
1713002400,2024-04-13 10:00:00,2024-04-13 12:00:00,ringsted,12.1,432.5,5.55,0.0,1015.2,85.25,50.4167
1713006000,2024-04-13 11:00:00,2024-04-13 13:00:00,ringsted,13.025,454.0,6.125,0.0,1015.02,82.25,56.6667
1713009600,2024-04-13 12:00:00,2024-04-13 14:00:00,ringsted,14.175,500.0,6.175,0.0,1014.73,79.0,49.1667
1713013200,2024-04-13 13:00:00,2024-04-13 15:00:00,ringsted,14.825,464.0,6.275,0.0,1014.16,75.75,44.5455
1713016800,2024-04-13 14:00:00,2024-04-13 16:00:00,ringsted,14.95,335.5,6.275,0.0,1013.39,74.25,37.9167
1713020400,2024-04-13 15:00:00,2024-04-13 17:00:00,ringsted,14.625,218.5,6.05,0.0,1012.93,74.75,72.5
1713024000,2024-04-13 16:00:00,2024-04-13 18:00:00,ringsted,14.325,137.0,5.625,0.0,1012.25,74.75,87.5
1713027600,2024-04-13 17:00:00,2024-04-13 19:00:00,ringsted,13.675,61.5,5.325,0.0,1011.29,76.0,92.5
1713031200,2024-04-13 18:00:00,2024-04-13 20:00:00,ringsted,12.925,9.0,4.35,0.0,1010.54,79.5,90.8333
1713034800,2024-04-13 19:00:00,2024-04-13 21:00:00,ringsted,12.45,0.0,3.2,0.0,1009.42,83.0,90.8333
1713038400,2024-04-13 20:00:00,2024-04-13 22:00:00,ringsted,12.125,0.0,2.975,0.0,1008.2,86.0,86.25
1713042000,2024-04-13 21:00:00,2024-04-13 23:00:00,ringsted,12.475,0.0,3.375,0.0,1006.83,85.5,88.3333
1713045600,2024-04-13 22:00:00,2024-04-14 00:00:00,ringsted,12.625,0.0,4.325,0.0,1006.25,84.75,85.0
1713049200,2024-04-13 23:00:00,2024-04-14 01:00:00,ringsted,12.675,0.0,6.55,0.0,1005.82,81.25,93.75
1713052800,2024-04-14 00:00:00,2024-04-14 02:00:00,ringsted,11.65,0.0,6.675,0.0,1005.59,81.25,97.5
1713056400,2024-04-14 01:00:00,2024-04-14 03:00:00,ringsted,10.975,0.0,6.7,0.0,1005.32,86.25,76.6667
1713060000,2024-04-14 02:00:00,2024-04-14 04:00:00,ringsted,10.725,0.0,6.425,0.0,1005.6,87.0,71.6667
1713063600,2024-04-14 03:00:00,2024-04-14 05:00:00,ringsted,10.05,0.0,7.375,0.0,1006.25,79.75,45.4167
1713067200,2024-04-14 04:00:00,2024-04-14 06:00:00,ringsted,8.85,0.0,8.05,0.0,1006.91,75.0,42.5
1713070800,2024-04-14 05:00:00,2024-04-14 07:00:00,ringsted,7.875,20.0,7.15,0.0,1007.47,75.75,48.3333
1713074400,2024-04-14 06:00:00,2024-04-14 08:00:00,ringsted,7.75,109.5,7.1,0.0,1007.92,75.5,75.0
1713078000,2024-04-14 07:00:00,2024-04-14 09:00:00,ringsted,8.1,220.5,8.175,0.0,1008.24,73.75,62.0833
1713081600,2024-04-14 08:00:00,2024-04-14 10:00:00,ringsted,8.775,381.0,8.775,0.0,1008.51,69.5,42.9167
1713085200,2024-04-14 09:00:00,2024-04-14 11:00:00,ringsted,9.45,542.0,9.5,0.0,1008.86,64.0,22.5
1713088800,2024-04-14 10:00:00,2024-04-14 12:00:00,ringsted,10.225,653.0,10.0,0.0,1009.1,60.0,16.6667
1713092400,2024-04-14 11:00:00,2024-04-14 13:00:00,ringsted,10.825,743.5,10.875,0.0,1009.24,56.75,27.0833
1713096000,2024-04-14 12:00:00,2024-04-14 14:00:00,ringsted,11.325,737.0,11.075,0.0,1009.49,55.0,60.4167
1713099600,2024-04-14 13:00:00,2024-04-14 15:00:00,ringsted,11.175,531.5,10.7,0.0,1009.53,55.75,67.9167
1713103200,2024-04-14 14:00:00,2024-04-14 16:00:00,ringsted,11.3,538.0,10.525,0.0,1009.63,55.5,85.0
1713106800,2024-04-14 15:00:00,2024-04-14 17:00:00,ringsted,10.35,255.0,9.275,0.0,1009.72,60.25,68.3333
1713110400,2024-04-14 16:00:00,2024-04-14 18:00:00,ringsted,9.725,166.0,8.075,0.25,1009.75,65.5,63.75
1713114000,2024-04-14 17:00:00,2024-04-14 19:00:00,ringsted,9.125,144.0,6.95,0.05,1009.69,70.25,53.75
1713117600,2024-04-14 18:00:00,2024-04-14 20:00:00,ringsted,8.375,48.0,5.925,0.0,1009.82,74.5,26.6667
1713121200,2024-04-14 19:00:00,2024-04-14 21:00:00,ringsted,7.725,1.5,5.075,0.0,1009.78,77.75,56.6667
1713124800,2024-04-14 20:00:00,2024-04-14 22:00:00,ringsted,7.175,0.0,4.775,0.0,1009.5,81.0,66.25
1713128400,2024-04-14 21:00:00,2024-04-14 23:00:00,ringsted,6.775,0.0,4.475,0.0,1009.14,80.5,44.5833
1713132000,2024-04-14 22:00:00,2024-04-15 00:00:00,ringsted,6.3,0.0,3.775,0.0,1008.66,82.25,21.6667
1713135600,2024-04-14 23:00:00,2024-04-15 01:00:00,ringsted,5.7,0.0,3.65,0.0,1008.21,83.5,27.0833
1713139200,2024-04-15 00:00:00,2024-04-15 02:00:00,ringsted,5.25,0.0,3.53333,0.0,1007.62,86.0,42.0833
1713142800,2024-04-15 01:00:00,2024-04-15 03:00:00,ringsted,4.875,0.0,2.625,0.0,1006.95,88.0,35.8333
1713146400,2024-04-15 02:00:00,2024-04-15 04:00:00,ringsted,4.375,0.0,1.925,0.0,1006.49,90.25,87.0833
1713150000,2024-04-15 03:00:00,2024-04-15 05:00:00,ringsted,4.05,0.0,1.5,0.0,1005.97,92.25,43.3333
1713153600,2024-04-15 04:00:00,2024-04-15 06:00:00,ringsted,3.675,0.0,1.45,0.0,1005.51,93.75,9.16667
1713157200,2024-04-15 05:00:00,2024-04-15 07:00:00,ringsted,3.4,23.5,1.2,0.0,1005.25,94.75,37.5
1713160800,2024-04-15 06:00:00,2024-04-15 08:00:00,ringsted,4.875,136.0,1.325,0.0,1004.9,92.0,10.8333
1713164400,2024-04-15 07:00:00,2024-04-15 09:00:00,ringsted,6.65,253.5,2.5,0.0,1004.29,83.5,53.75
1713168000,2024-04-15 08:00:00,2024-04-15 10:00:00,ringsted,7.35,262.5,2.725,0.0,1003.73,75.5,58.3333
1713171600,2024-04-15 09:00:00,2024-04-15 11:00:00,ringsted,8.0,321.5,3.0,0.0,1002.94,69.75,52.5
1713175200,2024-04-15 10:00:00,2024-04-15 12:00:00,ringsted,9.0,639.5,3.1,0.0,1002.03,63.0,73.75
1713178800,2024-04-15 11:00:00,2024-04-15 13:00:00,ringsted,9.325,590.5,3.85,0.0,1001.13,62.75,55.0
1713182400,2024-04-15 12:00:00,2024-04-15 14:00:00,ringsted,10.075,708.0,4.7,0.0,999.678,60.25,57.9167
1713186000,2024-04-15 13:00:00,2024-04-15 15:00:00,ringsted,10.175,540.5,5.775,0.0,998.313,59.5,58.75
1713189600,2024-04-15 14:00:00,2024-04-15 16:00:00,ringsted,9.925,422.0,6.0,0.0,997.13,56.0,47.0833
1713193200,2024-04-15 15:00:00,2024-04-15 17:00:00,ringsted,9.5,271.0,5.375,0.0,996.425,61.0,65.8333
1713196800,2024-04-15 16:00:00,2024-04-15 18:00:00,ringsted,8.85,169.0,5.25,0.0,995.475,67.75,55.8333
1713200400,2024-04-15 17:00:00,2024-04-15 19:00:00,ringsted,7.875,94.0,5.0,0.0,994.492,75.75,78.3333
1713204000,2024-04-15 18:00:00,2024-04-15 20:00:00,ringsted,7.3,33.0,4.675,0.0,993.604,80.0,84.1667
1713207600,2024-04-15 19:00:00,2024-04-15 21:00:00,ringsted,6.875,1.5,4.775,0.1,992.854,83.25,95.0
1713211200,2024-04-15 20:00:00,2024-04-15 22:00:00,ringsted,6.7,0.0,5.275,0.225,991.875,84.25,88.75
1713214800,2024-04-15 21:00:00,2024-04-15 23:00:00,ringsted,6.25,0.0,6.325,0.125,991.104,87.75,91.6667
1713218400,2024-04-15 22:00:00,2024-04-16 00:00:00,ringsted,6.075,0.0,6.725,0.0,990.308,88.25,92.5
1713222000,2024-04-15 23:00:00,2024-04-16 01:00:00,ringsted,5.9,0.0,6.5,0.175,989.929,88.0,83.3333
1713225600,2024-04-16 00:00:00,2024-04-16 02:00:00,ringsted,5.625,0.0,5.45,0.825,989.846,88.5,85.4167
1713229200,2024-04-16 01:00:00,2024-04-16 03:00:00,ringsted,5.525,0.0,3.975,0.975,989.833,89.5,94.1667
1713232800,2024-04-16 02:00:00,2024-04-16 04:00:00,ringsted,5.45,0.0,3.375,1.3,989.867,90.25,95.0
1713236400,2024-04-16 03:00:00,2024-04-16 05:00:00,ringsted,5.3,0.0,2.575,0.55,989.958,90.5,96.6667
1713240000,2024-04-16 04:00:00,2024-04-16 06:00:00,ringsted,5.125,0.0,2.525,0.6,990.333,91.0,99.1667
1713243600,2024-04-16 05:00:00,2024-04-16 07:00:00,ringsted,5.15,3.0,3.625,0.05,990.933,90.75,97.5
1713247200,2024-04-16 06:00:00,2024-04-16 08:00:00,ringsted,5.15,22.0,3.4,0.0,991.492,90.0,94.1667
1713250800,2024-04-16 07:00:00,2024-04-16 09:00:00,ringsted,5.5,82.5,3.3,0.0,992.158,88.0,86.25
1713254400,2024-04-16 08:00:00,2024-04-16 10:00:00,ringsted,6.125,132.0,3.525,0.0,992.754,83.5,45.8333
1713258000,2024-04-16 09:00:00,2024-04-16 11:00:00,ringsted,7.275,336.5,3.65,0.0,993.583,74.5,14.1667
1713261600,2024-04-16 10:00:00,2024-04-16 12:00:00,ringsted,8.775,648.5,4.15,0.0,994.254,61.25,10.0
1713265200,2024-04-16 11:00:00,2024-04-16 13:00:00,ringsted,9.775,725.0,4.2,0.0,994.879,51.75,47.0833
1713268800,2024-04-16 12:00:00,2024-04-16 14:00:00,ringsted,10.0,665.0,4.65,0.05,995.55,52.0,48.75
1713272400,2024-04-16 13:00:00,2024-04-16 15:00:00,ringsted,9.625,401.0,3.525,0.0,996.2,57.75,50.0
1713276000,2024-04-16 14:00:00,2024-04-16 16:00:00,ringsted,8.4,334.5,3.225,1.45,996.925,65.0,55.0
1713279600,2024-04-16 15:00:00,2024-04-16 17:00:00,ringsted,7.6,252.5,3.3,1.25,997.638,71.75,55.0
1713283200,2024-04-16 16:00:00,2024-04-16 18:00:00,ringsted,7.325,188.5,3.1,0.675,998.142,73.25,66.6667
1713286800,2024-04-16 17:00:00,2024-04-16 19:00:00,ringsted,7.125,153.5,2.425,0.225,998.708,76.5,94.1667
1713290400,2024-04-16 18:00:00,2024-04-16 20:00:00,ringsted,6.5,70.0,2.45,0.125,999.387,81.75,62.5
1713294000,2024-04-16 19:00:00,2024-04-16 21:00:00,ringsted,5.625,5.0,2.1,0.0,999.912,86.25,7.08333
1713297600,2024-04-16 20:00:00,2024-04-16 22:00:00,ringsted,4.525,0.0,2.125,0.0,1000.16,89.75,23.3333
1713301200,2024-04-16 21:00:00,2024-04-16 23:00:00,ringsted,3.8,0.0,1.925,0.0,1000.45,91.75,29.5833
1713304800,2024-04-16 22:00:00,2024-04-17 00:00:00,ringsted,3.15,0.0,1.475,0.0,1000.84,94.75,6.66667
1713308400,2024-04-16 23:00:00,2024-04-17 01:00:00,ringsted,2.85,0.0,1.425,0.0,1001.42,95.0,28.3333
1713312000,2024-04-17 00:00:00,2024-04-17 02:00:00,ringsted,2.725,0.0,1.075,0.0,1001.25,93.5,53.75
1713315600,2024-04-17 01:00:00,2024-04-17 03:00:00,ringsted,2.25,0.0,0.95,0.0,1001.52,93.25,77.0833
1713319200,2024-04-17 02:00:00,2024-04-17 04:00:00,ringsted,2.275,0.0,1.175,0.0,1001.37,93.5,66.6667
1713322800,2024-04-17 03:00:00,2024-04-17 05:00:00,ringsted,1.95,0.0,1.425,0.0,1001.56,95.25,60.0
1713326400,2024-04-17 04:00:00,2024-04-17 06:00:00,ringsted,2.375,0.0,2.775,0.325,1001.87,92.75,65.8333
1713330000,2024-04-17 05:00:00,2024-04-17 07:00:00,ringsted,2.875,17.5,2.5,0.0,1002.18,89.0,83.3333
1713333600,2024-04-17 06:00:00,2024-04-17 08:00:00,ringsted,3.75,87.0,1.2,0.0,1002.58,87.5,59.1667
1713337200,2024-04-17 07:00:00,2024-04-17 09:00:00,ringsted,4.95,258.0,1.825,0.0,1002.99,84.5,64.1667
1713340800,2024-04-17 08:00:00,2024-04-17 10:00:00,ringsted,6.625,310.5,2.625,0.0,1003.28,76.0,63.3333
1713344400,2024-04-17 09:00:00,2024-04-17 11:00:00,ringsted,7.475,471.5,3.525,0.0,1003.7,68.5,86.6667
1713348000,2024-04-17 10:00:00,2024-04-17 12:00:00,ringsted,7.075,458.0,3.475,0.125,1003.99,67.5,82.9167
1713351600,2024-04-17 11:00:00,2024-04-17 13:00:00,ringsted,7.35,602.5,3.175,0.0,1004.37,64.75,85.0
1713355200,2024-04-17 12:00:00,2024-04-17 14:00:00,ringsted,7.425,639.5,3.475,0.25,1004.67,64.0,78.75
1713358800,2024-04-17 13:00:00,2024-04-17 15:00:00,ringsted,8.225,510.0,2.275,0.0,1004.76,55.75,85.8333
1713362400,2024-04-17 14:00:00,2024-04-17 16:00:00,ringsted,8.725,382.0,1.6,0.0,1004.87,49.75,91.25
1713366000,2024-04-17 15:00:00,2024-04-17 17:00:00,ringsted,8.5,215.0,2.35,0.0,1004.95,53.0,65.4167
1713369600,2024-04-17 16:00:00,2024-04-17 18:00:00,ringsted,8.575,301.5,1.85,0.0,1005.28,51.5,90.0
1713373200,2024-04-17 17:00:00,2024-04-17 19:00:00,ringsted,8.175,124.0,1.925,0.0,1005.86,54.5,75.4167
1713376800,2024-04-17 18:00:00,2024-04-17 20:00:00,ringsted,7.425,41.0,1.825,0.0,1006.46,63.75,32.5
1713380400,2024-04-17 19:00:00,2024-04-17 21:00:00,ringsted,6.2,5.5,0.95,0.0,1007.06,72.75,1.66667
1713384000,2024-04-17 20:00:00,2024-04-17 22:00:00,ringsted,4.675,0.0,1.2,0.0,1007.56,78.0,0.0
1713387600,2024-04-17 21:00:00,2024-04-17 23:00:00,ringsted,3.45,0.0,0.75,0.0,1008.03,81.5,0.0
1713391200,2024-04-17 22:00:00,2024-04-18 00:00:00,ringsted,2.55,0.0,0.7,0.0,1008.48,83.25,0.0
1713394800,2024-04-17 23:00:00,2024-04-18 01:00:00,ringsted,1.575,0.0,0.675,0.0,1008.64,89.5,0.0
1713398400,2024-04-18 00:00:00,2024-04-18 02:00:00,ringsted,1.075,0.0,0.675,0.0,1008.77,91.25,0.0
1713402000,2024-04-18 01:00:00,2024-04-18 03:00:00,ringsted,0.55,0.0,0.7,0.0,1008.88,92.25,0.0
1713405600,2024-04-18 02:00:00,2024-04-18 04:00:00,ringsted,0.025,0.0,1.3,0.0,1008.92,92.5,0.0
1713409200,2024-04-18 03:00:00,2024-04-18 05:00:00,ringsted,-0.1,0.0,1.15,0.0,1008.91,92.0,3.75
1713412800,2024-04-18 04:00:00,2024-04-18 06:00:00,ringsted,0.25,0.5,1.075,0.0,1009.16,89.5,30.8333
1713416400,2024-04-18 05:00:00,2024-04-18 07:00:00,ringsted,-0.15,29.5,0.625,0.0,1009.42,92.5,5.83333
1713420000,2024-04-18 06:00:00,2024-04-18 08:00:00,ringsted,2.1,144.5,0.775,0.0,1009.58,85.75,20.4167
1713423600,2024-04-18 07:00:00,2024-04-18 09:00:00,ringsted,6.0,310.0,2.025,0.0,1009.61,69.0,0.0
1713427200,2024-04-18 08:00:00,2024-04-18 10:00:00,ringsted,8.05,466.5,3.25,0.0,1009.55,58.75,0.833333
1713430800,2024-04-18 09:00:00,2024-04-18 11:00:00,ringsted,9.175,563.5,3.775,0.0,1009.3,55.5,20.4167
1713434400,2024-04-18 10:00:00,2024-04-18 12:00:00,ringsted,9.575,664.0,4.575,0.05,1009.12,55.0,66.6667
1713438000,2024-04-18 11:00:00,2024-04-18 13:00:00,ringsted,8.675,497.0,4.875,0.3,1009.09,65.75,73.3333
1713441600,2024-04-18 12:00:00,2024-04-18 14:00:00,ringsted,8.325,419.0,5.125,0.075,1008.91,69.25,48.75
1713445200,2024-04-18 13:00:00,2024-04-18 15:00:00,ringsted,8.8,429.5,5.95,0.125,1008.63,66.25,36.6667
1713448800,2024-04-18 14:00:00,2024-04-18 16:00:00,ringsted,9.3,553.0,5.825,0.0,1008.33,59.5,46.25
1713452400,2024-04-18 15:00:00,2024-04-18 17:00:00,ringsted,8.925,329.5,5.475,0.0,1008.22,59.75,59.1667
1713456000,2024-04-18 16:00:00,2024-04-18 18:00:00,ringsted,8.525,264.5,4.175,0.0,1008.05,63.25,81.6667
1713459600,2024-04-18 17:00:00,2024-04-18 19:00:00,ringsted,8.05,111.0,3.1,0.0,1007.77,64.5,96.6667
1713463200,2024-04-18 18:00:00,2024-04-18 20:00:00,ringsted,7.3,34.5,2.825,0.0,1007.63,67.0,77.5
1713466800,2024-04-18 19:00:00,2024-04-18 21:00:00,ringsted,6.475,3.0,2.25,0.025,1007.48,71.25,90.8333
1713470400,2024-04-18 20:00:00,2024-04-18 22:00:00,ringsted,6.05,0.0,2.375,0.0,1007.02,79.0,90.8333
1713474000,2024-04-18 21:00:00,2024-04-18 23:00:00,ringsted,5.45,0.0,2.55,0.0,1006.4,84.5,95.0
1713477600,2024-04-18 22:00:00,2024-04-19 00:00:00,ringsted,5.35,0.0,2.9,0.0,1005.71,83.5,95.0
1713481200,2024-04-18 23:00:00,2024-04-19 01:00:00,ringsted,5.35,0.0,3.0,0.0,1004.9,84.25,95.0
1713484800,2024-04-19 00:00:00,2024-04-19 02:00:00,ringsted,4.9,0.0,2.3,0.0,1004.02,84.75,98.3333
1713488400,2024-04-19 01:00:00,2024-04-19 03:00:00,ringsted,4.8,0.0,2.375,0.0,1003.15,84.5,98.3333
1713492000,2024-04-19 02:00:00,2024-04-19 04:00:00,ringsted,4.75,0.0,2.175,0.0,1002.23,85.0,97.5
1713495600,2024-04-19 03:00:00,2024-04-19 05:00:00,ringsted,4.675,0.0,1.85,0.025,1001.13,86.25,95.0
1713499200,2024-04-19 04:00:00,2024-04-19 06:00:00,ringsted,4.225,0.0,1.3,0.225,1000.22,90.75,96.6667
1713502800,2024-04-19 05:00:00,2024-04-19 07:00:00,ringsted,4.225,11.5,1.825,0.475,999.35,92.5,96.6667
1713506400,2024-04-19 06:00:00,2024-04-19 08:00:00,ringsted,4.325,41.5,2.425,0.65,998.442,93.25,97.5
1713510000,2024-04-19 07:00:00,2024-04-19 09:00:00,ringsted,4.55,78.5,2.75,0.425,997.626,91.75,98.3333
1713513600,2024-04-19 08:00:00,2024-04-19 10:00:00,ringsted,4.8,122.5,3.325,0.375,997.058,91.5,99.1667
1713517200,2024-04-19 09:00:00,2024-04-19 11:00:00,ringsted,4.875,129.5,3.95,0.45,996.692,91.25,95.8333
1713520800,2024-04-19 10:00:00,2024-04-19 12:00:00,ringsted,5.025,179.0,3.95,0.35,996.438,90.25,95.8333
1713524400,2024-04-19 11:00:00,2024-04-19 13:00:00,ringsted,5.125,198.0,4.575,0.55,996.379,89.0,95.0
1713528000,2024-04-19 12:00:00,2024-04-19 14:00:00,ringsted,5.275,146.5,4.925,0.35,996.608,89.0,95.0
1713531600,2024-04-19 13:00:00,2024-04-19 15:00:00,ringsted,5.325,181.5,5.425,0.275,996.971,89.5,95.8333
1713535200,2024-04-19 14:00:00,2024-04-19 16:00:00,ringsted,5.35,161.5,5.575,0.125,997.542,88.75,95.0
1713538800,2024-04-19 15:00:00,2024-04-19 17:00:00,ringsted,5.275,168.0,6.175,0.075,998.248,88.0,95.0
1713542400,2024-04-19 16:00:00,2024-04-19 18:00:00,ringsted,5.2,120.5,5.825,0.025,999.217,86.75,94.1667
1713546000,2024-04-19 17:00:00,2024-04-19 19:00:00,ringsted,4.875,51.5,5.2,0.1,1000.15,86.0,96.6667
1713549600,2024-04-19 18:00:00,2024-04-19 20:00:00,ringsted,4.875,23.0,4.275,0.0,1001.22,82.5,96.6667
1713553200,2024-04-19 19:00:00,2024-04-19 21:00:00,ringsted,4.7,2.5,3.25,0.0,1002.16,81.0,96.6667
1713556800,2024-04-19 20:00:00,2024-04-19 22:00:00,ringsted,4.575,0.0,2.225,0.0,1003.01,80.75,98.3333
1713560400,2024-04-19 21:00:00,2024-04-19 23:00:00,ringsted,4.425,0.0,2.45,0.0,1003.94,79.5,95.8333
1713564000,2024-04-19 22:00:00,2024-04-20 00:00:00,ringsted,4.125,0.0,3.4,0.125,1004.93,81.25,96.6667
1713567600,2024-04-19 23:00:00,2024-04-20 01:00:00,ringsted,3.575,0.0,3.35,0.0,1005.73,84.0,72.9167
1713571200,2024-04-20 00:00:00,2024-04-20 02:00:00,ringsted,2.825,0.0,3.275,0.1,1006.41,88.0,45.4167
1713574800,2024-04-20 01:00:00,2024-04-20 03:00:00,ringsted,1.875,0.0,2.475,0.0,1007.13,87.75,45.8333
1713578400,2024-04-20 02:00:00,2024-04-20 04:00:00,ringsted,1.425,0.0,2.275,0.0,1007.81,87.25,36.25
1713582000,2024-04-20 03:00:00,2024-04-20 05:00:00,ringsted,0.525,0.0,2.075,0.0,1008.49,89.0,48.3333
1713585600,2024-04-20 04:00:00,2024-04-20 06:00:00,ringsted,0.225,0.5,1.55,0.0,1009.15,91.25,50.8333
1713589200,2024-04-20 05:00:00,2024-04-20 07:00:00,ringsted,0.35,30.5,0.8,0.0,1010.05,91.5,84.1667
1713592800,2024-04-20 06:00:00,2024-04-20 08:00:00,ringsted,1.225,83.5,1.3,0.0,1010.89,89.75,90.4167
1713596400,2024-04-20 07:00:00,2024-04-20 09:00:00,ringsted,2.6,165.0,1.56667,0.0,1011.4,80.75,67.5
1713600000,2024-04-20 08:00:00,2024-04-20 10:00:00,ringsted,3.675,375.0,1.65,0.0,1012.07,71.0,63.75
1713603600,2024-04-20 09:00:00,2024-04-20 11:00:00,ringsted,4.25,506.5,2.5,0.0,1012.55,69.25,37.0833
1713607200,2024-04-20 10:00:00,2024-04-20 12:00:00,ringsted,4.975,491.0,2.75,0.0,1012.69,64.25,35.8333
1713610800,2024-04-20 11:00:00,2024-04-20 13:00:00,ringsted,5.8,632.0,3.1,0.0,1012.82,59.25,16.25
1713614400,2024-04-20 12:00:00,2024-04-20 14:00:00,ringsted,6.525,680.5,3.15,0.0,1013.13,53.5,21.25
1713618000,2024-04-20 13:00:00,2024-04-20 15:00:00,ringsted,7.05,638.5,3.85,0.0,1013.28,50.75,30.4167
1713621600,2024-04-20 14:00:00,2024-04-20 16:00:00,ringsted,7.325,560.0,3.95,0.0,1013.28,49.25,11.6667
1713625200,2024-04-20 15:00:00,2024-04-20 17:00:00,ringsted,7.35,532.5,3.575,0.0,1013.32,49.0,67.5
1713628800,2024-04-20 16:00:00,2024-04-20 18:00:00,ringsted,6.95,171.0,2.95,0.0,1013.47,51.0,90.0
1713632400,2024-04-20 17:00:00,2024-04-20 19:00:00,ringsted,6.425,89.0,2.325,0.0,1013.69,56.75,77.5
1713636000,2024-04-20 18:00:00,2024-04-20 20:00:00,ringsted,5.75,20.5,1.275,0.0,1014.08,64.75,82.5
1713639600,2024-04-20 19:00:00,2024-04-20 21:00:00,ringsted,5.4,3.0,0.925,0.0,1014.74,68.5,67.5
1713643200,2024-04-20 20:00:00,2024-04-20 22:00:00,ringsted,4.275,0.0,0.775,0.0,1015.26,76.5,52.5
1713646800,2024-04-20 21:00:00,2024-04-20 23:00:00,ringsted,3.3,0.0,0.7,0.0,1015.98,82.75,40.8333
1713650400,2024-04-20 22:00:00,2024-04-21 00:00:00,ringsted,2.525,0.0,1.0,0.0,1016.69,84.0,11.6667
1713654000,2024-04-20 23:00:00,2024-04-21 01:00:00,ringsted,2.05,0.0,1.125,0.0,1017.2,84.75,0.0
1713657600,2024-04-21 00:00:00,2024-04-21 02:00:00,ringsted,1.35,0.0,1.1,0.0,1017.78,86.25,0.0
1713661200,2024-04-21 01:00:00,2024-04-21 03:00:00,ringsted,0.625,0.0,1.25,0.0,1018.3,89.25,3.75
1713664800,2024-04-21 02:00:00,2024-04-21 04:00:00,ringsted,0.025,0.0,1.2,0.0,1018.75,91.75,0.833333
1713668400,2024-04-21 03:00:00,2024-04-21 05:00:00,ringsted,-0.325,0.0,1.25,0.0,1019.15,93.0,30.4167
1713672000,2024-04-21 04:00:00,2024-04-21 06:00:00,ringsted,-0.5,0.0,1.125,0.0,1019.58,93.75,34.5833
1713675600,2024-04-21 05:00:00,2024-04-21 07:00:00,ringsted,-0.325,30.0,0.875,0.0,1020.23,94.75,63.3333
1713679200,2024-04-21 06:00:00,2024-04-21 08:00:00,ringsted,1.35,108.5,1.375,0.0,1020.82,92.0,91.6667
1713682800,2024-04-21 07:00:00,2024-04-21 09:00:00,ringsted,3.875,199.5,2.15,0.0,1021.35,87.0,82.9167
1713686400,2024-04-21 08:00:00,2024-04-21 10:00:00,ringsted,5.025,224.5,3.275,0.0,1021.9,79.25,47.0833
1713690000,2024-04-21 09:00:00,2024-04-21 11:00:00,ringsted,5.525,410.0,3.8,0.0,1022.2,73.75,25.0
1713693600,2024-04-21 10:00:00,2024-04-21 12:00:00,ringsted,6.125,641.5,3.975,0.0,1022.29,66.0,5.83333
1713697200,2024-04-21 11:00:00,2024-04-21 13:00:00,ringsted,6.625,654.5,4.25,0.0,1022.33,60.25,17.5
1713700800,2024-04-21 12:00:00,2024-04-21 14:00:00,ringsted,7.15,728.0,3.975,0.0,1022.38,52.75,57.0833
1713704400,2024-04-21 13:00:00,2024-04-21 15:00:00,ringsted,7.125,513.0,4.075,0.0,1022.33,52.5,74.1667
1713708000,2024-04-21 14:00:00,2024-04-21 16:00:00,ringsted,6.65,343.0,3.9,0.0,1022.36,52.25,75.4167
1713711600,2024-04-21 15:00:00,2024-04-21 17:00:00,ringsted,6.5,416.0,3.825,0.0,1022.35,52.5,94.1667
1713715200,2024-04-21 16:00:00,2024-04-21 18:00:00,ringsted,6.025,193.5,3.675,0.0,1022.52,52.0,85.4167
1713718800,2024-04-21 17:00:00,2024-04-21 19:00:00,ringsted,5.7,86.0,3.2,0.0,1022.73,51.0,89.5833
1713722400,2024-04-21 18:00:00,2024-04-21 20:00:00,ringsted,5.1,31.5,1.75,0.0,1022.9,55.0,95.0
1713726000,2024-04-21 19:00:00,2024-04-21 21:00:00,ringsted,4.35,5.5,1.375,0.0,1022.8,61.25,80.4167
1713729600,2024-04-21 20:00:00,2024-04-21 22:00:00,ringsted,3.725,0.0,1.05,0.0,1022.53,69.75,75.0
1713733200,2024-04-21 21:00:00,2024-04-21 23:00:00,ringsted,3.075,0.0,1.375,0.0,1022.4,76.25,82.0833
1713736800,2024-04-21 22:00:00,2024-04-22 00:00:00,ringsted,2.85,0.0,1.325,0.0,1022.25,75.75,67.0833
1713740400,2024-04-21 23:00:00,2024-04-22 01:00:00,ringsted,2.475,0.0,1.325,0.0,1022.11,77.5,62.0833
1713744000,2024-04-22 00:00:00,2024-04-22 02:00:00,ringsted,2.1,0.0,2.8,0.0,1021.72,83.0,66.6667
1713747600,2024-04-22 01:00:00,2024-04-22 03:00:00,ringsted,2.05,0.0,3.325,0.0,1021.5,85.0,55.0
1713751200,2024-04-22 02:00:00,2024-04-22 04:00:00,ringsted,1.725,0.0,3.225,0.0,1021.33,86.25,92.5
1713754800,2024-04-22 03:00:00,2024-04-22 05:00:00,ringsted,1.675,0.0,3.75,0.0,1021.29,86.5,95.0
1713758400,2024-04-22 04:00:00,2024-04-22 06:00:00,ringsted,1.65,1.0,3.5,0.0,1021.33,85.5,95.0
1713762000,2024-04-22 05:00:00,2024-04-22 07:00:00,ringsted,1.35,20.5,3.7,0.0,1021.31,90.0,57.9167
1713765600,2024-04-22 06:00:00,2024-04-22 08:00:00,ringsted,1.55,81.5,3.275,0.0,1021.43,85.5,63.3333
1713769200,2024-04-22 07:00:00,2024-04-22 09:00:00,ringsted,1.8,166.5,3.6,0.0,1021.52,78.5,75.4167
1713772800,2024-04-22 08:00:00,2024-04-22 10:00:00,ringsted,2.2,228.0,3.65,0.0,1021.65,70.75,81.6667
1713776400,2024-04-22 09:00:00,2024-04-22 11:00:00,ringsted,2.675,230.0,3.325,0.0,1021.43,63.0,87.5
1713780000,2024-04-22 10:00:00,2024-04-22 12:00:00,ringsted,3.05,391.0,3.025,0.0,1020.97,56.75,92.5
1713783600,2024-04-22 11:00:00,2024-04-22 13:00:00,ringsted,3.3,427.0,2.425,0.0,1020.34,54.25,85.8333
1713787200,2024-04-22 12:00:00,2024-04-22 14:00:00,ringsted,3.7,455.0,2.65,0.0,1020.05,53.75,79.1667
1713790800,2024-04-22 13:00:00,2024-04-22 15:00:00,ringsted,3.7,409.5,3.425,0.0,1019.97,54.75,88.3333
1713794400,2024-04-22 14:00:00,2024-04-22 16:00:00,ringsted,3.4,288.0,3.6,0.0,1019.76,57.0,96.3636
1713798000,2024-04-22 15:00:00,2024-04-22 17:00:00,ringsted,3.05,216.0,3.55,0.0,1019.74,58.75,99.1667
1713801600,2024-04-22 16:00:00,2024-04-22 18:00:00,ringsted,2.575,110.5,3.625,0.0,1019.58,61.0,99.1667
1713805200,2024-04-22 17:00:00,2024-04-22 19:00:00,ringsted,2.275,71.0,3.375,0.0,1019.47,61.5,97.5
1713808800,2024-04-22 18:00:00,2024-04-22 20:00:00,ringsted,2.0,40.0,2.725,0.0,1019.26,62.75,81.6667
1713812400,2024-04-22 19:00:00,2024-04-22 21:00:00,ringsted,1.75,15.0,1.65,0.0,1018.97,64.5,85.8333
1713816000,2024-04-22 20:00:00,2024-04-22 22:00:00,ringsted,1.45,0.0,1.075,0.0,1018.75,67.5,64.1667
1713819600,2024-04-22 21:00:00,2024-04-22 23:00:00,ringsted,1.125,0.0,0.975,0.0,1018.69,71.25,50.0
1713823200,2024-04-22 22:00:00,2024-04-23 00:00:00,ringsted,0.775,0.0,0.9,0.0,1018.49,76.75,53.3333
1713826800,2024-04-22 23:00:00,2024-04-23 01:00:00,ringsted,0.075,0.0,1.175,0.0,1017.94,80.5,14.5833
1713830400,2024-04-23 00:00:00,2024-04-23 02:00:00,ringsted,-0.6,0.0,1.4,0.0,1017.35,83.5,0.0
1713834000,2024-04-23 01:00:00,2024-04-23 03:00:00,ringsted,-1.15,0.0,1.375,0.0,1016.88,85.25,27.0833
1713837600,2024-04-23 02:00:00,2024-04-23 04:00:00,ringsted,-1.3,0.0,1.625,0.0,1016.42,85.25,50.0
1713841200,2024-04-23 03:00:00,2024-04-23 05:00:00,ringsted,-1.025,0.0,1.375,0.0,1015.95,84.5,35.4167
1713844800,2024-04-23 04:00:00,2024-04-23 06:00:00,ringsted,-1.525,1.0,1.325,0.0,1015.5,86.25,10.8333
1713848400,2024-04-23 05:00:00,2024-04-23 07:00:00,ringsted,-1.53333,56.0,1.225,0.0,1015.0,85.25,37.5
1713852000,2024-04-23 06:00:00,2024-04-23 08:00:00,ringsted,1.275,161.5,1.625,0.05,1014.5,78.0,47.0833
1713855600,2024-04-23 07:00:00,2024-04-23 09:00:00,ringsted,3.5,272.5,2.75,0.0,1013.8,70.25,56.6667
1713859200,2024-04-23 08:00:00,2024-04-23 10:00:00,ringsted,4.925,378.5,4.225,0.0,1013.21,63.0,89.5833
1713862800,2024-04-23 09:00:00,2024-04-23 11:00:00,ringsted,5.675,379.0,4.55,0.0,1012.64,64.75,90.0
1713866400,2024-04-23 10:00:00,2024-04-23 12:00:00,ringsted,6.3,385.0,4.425,0.0,1011.96,65.5,85.0
1713870000,2024-04-23 11:00:00,2024-04-23 13:00:00,ringsted,6.9,288.0,4.75,0.0,1011.12,63.0,80.0
1713873600,2024-04-23 12:00:00,2024-04-23 14:00:00,ringsted,7.225,333.0,4.975,0.0,1010.3,61.75,69.5833
1713877200,2024-04-23 13:00:00,2024-04-23 15:00:00,ringsted,7.675,319.5,5.7,0.0,1009.52,57.0,73.3333
1713880800,2024-04-23 14:00:00,2024-04-23 16:00:00,ringsted,7.5,329.5,5.95,0.0,1008.9,58.5,94.1667
1713884400,2024-04-23 15:00:00,2024-04-23 17:00:00,ringsted,6.25,132.0,5.375,0.075,1008.32,68.0,97.5
1713888000,2024-04-23 16:00:00,2024-04-23 18:00:00,ringsted,5.35,81.5,4.625,0.225,1007.82,76.5,97.5
1713891600,2024-04-23 17:00:00,2024-04-23 19:00:00,ringsted,4.45,40.0,4.15,0.475,1007.36,84.5,95.8333
1713895200,2024-04-23 18:00:00,2024-04-23 20:00:00,ringsted,3.85,14.0,5.15,0.7,1006.98,87.5,96.6667
1713898800,2024-04-23 19:00:00,2024-04-23 21:00:00,ringsted,3.6,1.5,4.875,0.375,1006.69,88.5,98.3333
1713902400,2024-04-23 20:00:00,2024-04-23 22:00:00,ringsted,3.425,0.0,4.85,0.85,1006.3,90.0,98.3333
1713906000,2024-04-23 21:00:00,2024-04-23 23:00:00,ringsted,3.3,0.0,4.7,0.725,1005.99,91.25,95.8333
1713909600,2024-04-23 22:00:00,2024-04-24 00:00:00,ringsted,3.25,0.0,4.425,0.425,1005.51,90.75,98.3333
1713913200,2024-04-23 23:00:00,2024-04-24 01:00:00,ringsted,3.425,0.0,4.1,0.125,1005.03,89.75,96.6667
1713916800,2024-04-24 00:00:00,2024-04-24 02:00:00,ringsted,3.55,0.0,3.65,0.05,1004.53,90.5,95.8333
1713920400,2024-04-24 01:00:00,2024-04-24 03:00:00,ringsted,3.65,0.0,3.525,0.175,1004.0,90.5,91.6667
1713924000,2024-04-24 02:00:00,2024-04-24 04:00:00,ringsted,3.725,0.0,3.3,0.2,1003.53,89.75,95.0
1713927600,2024-04-24 03:00:00,2024-04-24 05:00:00,ringsted,3.85,0.0,2.925,0.1,1003.18,90.25,95.8333
1713931200,2024-04-24 04:00:00,2024-04-24 06:00:00,ringsted,3.95,0.0,3.35,0.15,1003.0,90.75,95.0
1713934800,2024-04-24 05:00:00,2024-04-24 07:00:00,ringsted,4.175,12.5,3.175,0.15,1003.05,88.25,95.0
1713938400,2024-04-24 06:00:00,2024-04-24 08:00:00,ringsted,4.4,36.0,3.175,0.125,1003.17,86.75,95.8333
1713942000,2024-04-24 07:00:00,2024-04-24 09:00:00,ringsted,5.0,81.5,4.025,0.125,1003.28,83.5,84.5833
1713945600,2024-04-24 08:00:00,2024-04-24 10:00:00,ringsted,5.85,235.5,5.275,0.075,1003.33,76.5,78.75
1713949200,2024-04-24 09:00:00,2024-04-24 11:00:00,ringsted,6.1,278.0,5.6,0.0,1003.41,72.5,81.6667
1713952800,2024-04-24 10:00:00,2024-04-24 12:00:00,ringsted,6.7,456.0,5.725,0.0,1003.3,68.0,62.5
1713956400,2024-04-24 11:00:00,2024-04-24 13:00:00,ringsted,7.3,475.0,5.375,0.0,1003.11,64.25,83.75
1713960000,2024-04-24 12:00:00,2024-04-24 14:00:00,ringsted,7.475,433.5,5.275,0.0,1002.89,63.0,80.0
1713963600,2024-04-24 13:00:00,2024-04-24 15:00:00,ringsted,7.675,410.5,5.3,0.0,1002.72,63.5,30.8333
1713967200,2024-04-24 14:00:00,2024-04-24 16:00:00,ringsted,7.675,414.0,5.425,0.0,1002.53,63.0,32.7273
1713970800,2024-04-24 15:00:00,2024-04-24 17:00:00,ringsted,7.55,321.5,5.2,0.0,1002.33,62.75,45.0
1713974400,2024-04-24 16:00:00,2024-04-24 18:00:00,ringsted,7.3,271.0,5.15,0.0,1002.2,62.5,45.0
1713978000,2024-04-24 17:00:00,2024-04-24 19:00:00,ringsted,6.725,202.0,4.975,0.0,1002.13,65.75,35.8333
1713981600,2024-04-24 18:00:00,2024-04-24 20:00:00,ringsted,5.85,71.5,4.225,0.0,1002.3,73.25,34.1667
1713985200,2024-04-24 19:00:00,2024-04-24 21:00:00,ringsted,4.975,6.0,3.375,0.0,1002.36,78.75,45.8333
1713988800,2024-04-24 20:00:00,2024-04-24 22:00:00,ringsted,4.475,0.0,2.725,0.0,1002.29,81.25,47.5
1713992400,2024-04-24 21:00:00,2024-04-24 23:00:00,ringsted,4.175,0.0,2.525,0.0,1002.16,83.0,47.5
1713996000,2024-04-24 22:00:00,2024-04-25 00:00:00,ringsted,3.825,0.0,2.4,0.0,1001.95,84.0,72.0833
1713999600,2024-04-24 23:00:00,2024-04-25 01:00:00,ringsted,3.55,0.0,2.1,0.0,1001.6,86.5,55.4167
1714003200,2024-04-25 00:00:00,2024-04-25 02:00:00,ringsted,3.325,0.0,2.4,0.025,1001.02,88.0,45.0
1714006800,2024-04-25 01:00:00,2024-04-25 03:00:00,ringsted,3.36667,0.0,2.525,0.0,1000.6,87.25,50.4167
1714010400,2024-04-25 02:00:00,2024-04-25 04:00:00,ringsted,3.4,0.0,2.675,0.0,1000.33,88.25,85.0
1714014000,2024-04-25 03:00:00,2024-04-25 05:00:00,ringsted,3.5,0.0,2.4,0.0,1000.14,88.25,93.3333
1714017600,2024-04-25 04:00:00,2024-04-25 06:00:00,ringsted,3.6,1.0,2.6,0.025,1000.09,88.0,92.5
1714021200,2024-04-25 05:00:00,2024-04-25 07:00:00,ringsted,3.775,16.0,2.9,0.0,1000.08,87.25,51.6667
1714024800,2024-04-25 06:00:00,2024-04-25 08:00:00,ringsted,4.275,107.5,2.925,0.0,1000.05,85.0,55.0
1714028400,2024-04-25 07:00:00,2024-04-25 09:00:00,ringsted,4.9,180.0,3.825,0.0,1000.15,81.75,80.0
1714032000,2024-04-25 08:00:00,2024-04-25 10:00:00,ringsted,5.0,262.0,4.05,0.075,1000.2,81.75,71.6667
1714035600,2024-04-25 09:00:00,2024-04-25 11:00:00,ringsted,5.95,322.5,4.025,0.0,1000.18,78.25,43.75
1714039200,2024-04-25 10:00:00,2024-04-25 12:00:00,ringsted,6.675,481.5,4.5,0.0,1000.02,76.0,65.8333
1714042800,2024-04-25 11:00:00,2024-04-25 13:00:00,ringsted,7.15,458.5,5.775,0.125,999.983,74.5,40.5
1714046400,2024-04-25 12:00:00,2024-04-25 14:00:00,ringsted,6.95,436.5,6.0,0.725,999.987,74.75,71.25
1714050000,2024-04-25 13:00:00,2024-04-25 15:00:00,ringsted,7.35,431.0,5.6,0.375,999.865,73.75,70.0
1714053600,2024-04-25 14:00:00,2024-04-25 16:00:00,ringsted,7.65,465.0,5.1,0.15,999.854,70.25,45.0
1714057200,2024-04-25 15:00:00,2024-04-25 17:00:00,ringsted,7.175,330.5,5.025,0.575,999.987,72.5,45.8333
1714060800,2024-04-25 16:00:00,2024-04-25 18:00:00,ringsted,6.55,212.0,5.2,1.075,1000.09,73.25,43.3333
1714064400,2024-04-25 17:00:00,2024-04-25 19:00:00,ringsted,6.275,130.0,4.625,0.025,1000.32,77.25,47.9167
1714068000,2024-04-25 18:00:00,2024-04-25 20:00:00,ringsted,5.825,43.0,4.05,0.0,1000.62,80.75,46.6667
1714071600,2024-04-25 19:00:00,2024-04-25 21:00:00,ringsted,5.2,4.5,3.425,0.275,1000.72,83.25,71.25
1714075200,2024-04-25 20:00:00,2024-04-25 22:00:00,ringsted,5.125,0.0,3.2,0.0,1000.77,82.75,74.1667
1714078800,2024-04-25 21:00:00,2024-04-25 23:00:00,ringsted,5.0,0.0,3.375,0.25,1000.82,87.0,65.4167
1714082400,2024-04-25 22:00:00,2024-04-26 00:00:00,ringsted,4.775,0.0,2.725,0.375,1000.8,89.25,89.1667
1714086000,2024-04-25 23:00:00,2024-04-26 01:00:00,ringsted,4.85,0.0,2.9,0.0,1000.71,88.0,90.0
1714089600,2024-04-26 00:00:00,2024-04-26 02:00:00,ringsted,4.75,0.0,2.575,0.325,1000.55,90.5,95.8333
1714093200,2024-04-26 01:00:00,2024-04-26 03:00:00,ringsted,4.625,0.0,2.125,0.5,1000.49,92.5,96.6667
1714096800,2024-04-26 02:00:00,2024-04-26 04:00:00,ringsted,4.33333,0.0,2.45,1.75,1000.48,93.25,90.0
1714100400,2024-04-26 03:00:00,2024-04-26 05:00:00,ringsted,4.1,0.0,2.3,0.95,1000.56,94.5,75.0
1714104000,2024-04-26 04:00:00,2024-04-26 06:00:00,ringsted,4.025,1.0,2.525,0.125,1000.67,94.75,83.3333
1714107600,2024-04-26 05:00:00,2024-04-26 07:00:00,ringsted,3.95,32.0,2.85,0.4,1000.65,94.75,54.1667
1714111200,2024-04-26 06:00:00,2024-04-26 08:00:00,ringsted,4.75,124.0,3.7,0.1,1000.7,93.5,76.6667
1714114800,2024-04-26 07:00:00,2024-04-26 09:00:00,ringsted,5.95,246.0,4.575,0.425,1000.8,90.0,72.5
1714118400,2024-04-26 08:00:00,2024-04-26 10:00:00,ringsted,6.575,209.5,5.025,0.0,1000.82,85.5,91.6667
1714122000,2024-04-26 09:00:00,2024-04-26 11:00:00,ringsted,6.8,220.0,5.175,0.025,1000.77,85.0,90.0
1714125600,2024-04-26 10:00:00,2024-04-26 12:00:00,ringsted,6.7,170.5,5.8,0.3,1000.65,83.25,94.1667
1714129200,2024-04-26 11:00:00,2024-04-26 13:00:00,ringsted,6.4,113.0,5.475,0.8,1000.47,86.25,95.8333
1714132800,2024-04-26 12:00:00,2024-04-26 14:00:00,ringsted,6.1,117.5,5.125,1.325,1000.55,89.0,99.1667
1714136400,2024-04-26 13:00:00,2024-04-26 15:00:00,ringsted,5.85,100.0,5.375,1.625,1000.68,90.25,97.5
1714140000,2024-04-26 14:00:00,2024-04-26 16:00:00,ringsted,5.675,90.5,4.725,1.975,1000.68,91.0,95.0
1714143600,2024-04-26 15:00:00,2024-04-26 17:00:00,ringsted,5.95,185.5,4.05,1.05,1000.7,90.0,62.5
1714147200,2024-04-26 16:00:00,2024-04-26 18:00:00,ringsted,6.775,247.0,4.25,0.25,1000.98,86.75,66.6667
1714150800,2024-04-26 17:00:00,2024-04-26 19:00:00,ringsted,6.925,184.5,3.4,0.25,1001.4,85.75,75.0
1714154400,2024-04-26 18:00:00,2024-04-26 20:00:00,ringsted,6.775,79.5,2.425,0.0,1001.89,85.75,70.0
1714158000,2024-04-26 19:00:00,2024-04-26 21:00:00,ringsted,5.825,17.0,1.375,0.0,1002.37,90.75,19.5833
1714161600,2024-04-26 20:00:00,2024-04-26 22:00:00,ringsted,4.45,0.0,1.275,0.0,1002.75,93.75,15.0
1714165200,2024-04-26 21:00:00,2024-04-26 23:00:00,ringsted,3.675,0.0,1.05,0.0,1003.18,96.25,15.0
1714168800,2024-04-26 22:00:00,2024-04-27 00:00:00,ringsted,2.925,0.0,0.675,0.0,1003.5,96.75,21.6667
1714172400,2024-04-26 23:00:00,2024-04-27 01:00:00,ringsted,2.375,0.0,1.05,0.0,1003.78,98.0,0.0
1714176000,2024-04-27 00:00:00,2024-04-27 02:00:00,ringsted,1.975,0.0,0.875,0.0,1004.05,98.25,1.66667
1714179600,2024-04-27 01:00:00,2024-04-27 03:00:00,ringsted,1.775,0.0,1.1,0.0,1004.45,98.75,1.66667
1714183200,2024-04-27 02:00:00,2024-04-27 04:00:00,ringsted,1.625,0.0,1.575,0.0,1004.67,98.75,19.1667
1714186800,2024-04-27 03:00:00,2024-04-27 05:00:00,ringsted,1.95,0.0,1.55,0.0,1004.95,98.75,15.0
1714190400,2024-04-27 04:00:00,2024-04-27 06:00:00,ringsted,1.45,3.0,1.2,0.0,1005.32,99.25,3.33333
1714194000,2024-04-27 05:00:00,2024-04-27 07:00:00,ringsted,1.6,39.0,0.95,0.025,1005.88,99.25,29.1667
1714197600,2024-04-27 06:00:00,2024-04-27 08:00:00,ringsted,3.05,113.5,1.1,0.0,1006.36,99.25,39.0909
1714201200,2024-04-27 07:00:00,2024-04-27 09:00:00,ringsted,5.3,248.5,1.45,0.0,1006.87,99.0,16.6667
1714204800,2024-04-27 08:00:00,2024-04-27 10:00:00,ringsted,6.975,406.5,1.575,0.0,1007.26,96.5,94.1667
1714208400,2024-04-27 09:00:00,2024-04-27 11:00:00,ringsted,8.85,434.5,2.7,0.0,1007.55,86.0,78.3333
1714212000,2024-04-27 10:00:00,2024-04-27 12:00:00,ringsted,10.525,589.0,3.525,0.0,1007.62,75.5,46.25
1714215600,2024-04-27 11:00:00,2024-04-27 13:00:00,ringsted,11.725,701.0,4.375,0.0,1007.71,65.5,21.25
1714219200,2024-04-27 12:00:00,2024-04-27 14:00:00,ringsted,12.375,705.5,4.75,0.0,1007.85,61.5,5.83333
1714222800,2024-04-27 13:00:00,2024-04-27 15:00:00,ringsted,12.575,686.0,4.85,0.0,1007.76,59.0,5.0
1714226400,2024-04-27 14:00:00,2024-04-27 16:00:00,ringsted,12.5,618.5,5.125,0.0,1008.0,62.0,2.5
1714230000,2024-04-27 15:00:00,2024-04-27 17:00:00,ringsted,11.6,442.5,5.85,0.0,1008.15,68.0,27.5
1714233600,2024-04-27 16:00:00,2024-04-27 18:00:00,ringsted,10.45,225.5,5.8,0.0,1008.0,71.0,29.5833
1714237200,2024-04-27 17:00:00,2024-04-27 19:00:00,ringsted,10.05,142.5,5.375,0.0,1007.92,71.5,26.25
1714240800,2024-04-27 18:00:00,2024-04-27 20:00:00,ringsted,9.575,68.0,4.875,0.0,1008.22,72.5,78.3333
1714244400,2024-04-27 19:00:00,2024-04-27 21:00:00,ringsted,8.9,14.5,5.225,0.0,1008.58,76.5,90.4167
1714248000,2024-04-27 20:00:00,2024-04-27 22:00:00,ringsted,8.375,0.0,5.525,0.0,1008.71,80.0,92.5
1714251600,2024-04-27 21:00:00,2024-04-27 23:00:00,ringsted,8.35,0.0,5.575,0.0,1008.78,78.75,95.0
1714255200,2024-04-27 22:00:00,2024-04-28 00:00:00,ringsted,8.575,0.0,5.2,0.0,1008.54,75.75,92.5
1714258800,2024-04-27 23:00:00,2024-04-28 01:00:00,ringsted,8.85,0.0,5.125,0.0,1008.42,73.25,91.6667
1714262400,2024-04-28 00:00:00,2024-04-28 02:00:00,ringsted,8.725,0.0,3.725,0.075,1008.02,76.5,96.6667
1714266000,2024-04-28 01:00:00,2024-04-28 03:00:00,ringsted,8.45,0.0,3.0,0.225,1007.62,79.0,70.8333
1714269600,2024-04-28 02:00:00,2024-04-28 04:00:00,ringsted,8.0,0.0,3.75,0.0,1007.49,82.5,65.0
1714273200,2024-04-28 03:00:00,2024-04-28 05:00:00,ringsted,7.925,0.0,3.5,0.0,1007.44,84.25,81.25
1714276800,2024-04-28 04:00:00,2024-04-28 06:00:00,ringsted,7.55,4.0,3.25,0.0,1007.4,87.25,16.6667
1714280400,2024-04-28 05:00:00,2024-04-28 07:00:00,ringsted,8.375,65.0,3.5,0.0,1007.45,83.75,0.0
1714284000,2024-04-28 06:00:00,2024-04-28 08:00:00,ringsted,10.45,183.0,3.55,0.0,1007.6,75.25,0.0
1714287600,2024-04-28 07:00:00,2024-04-28 09:00:00,ringsted,12.3,324.0,4.475,0.0,1007.95,68.75,0.0
1714291200,2024-04-28 08:00:00,2024-04-28 10:00:00,ringsted,13.825,460.0,4.625,0.0,1008.08,64.75,0.0
1714294800,2024-04-28 09:00:00,2024-04-28 11:00:00,ringsted,14.95,583.0,5.55,0.0,1007.98,61.25,3.33333
1714298400,2024-04-28 10:00:00,2024-04-28 12:00:00,ringsted,15.775,602.0,5.6,0.0,1007.94,59.25,4.58333
1714302000,2024-04-28 11:00:00,2024-04-28 13:00:00,ringsted,15.775,612.0,6.0,0.0,1007.74,58.75,24.1667
1714305600,2024-04-28 12:00:00,2024-04-28 14:00:00,ringsted,16.025,665.0,6.65,0.0,1007.69,59.25,12.9167
1714309200,2024-04-28 13:00:00,2024-04-28 15:00:00,ringsted,15.7,569.0,6.625,0.0,1007.42,62.25,9.58333
1714312800,2024-04-28 14:00:00,2024-04-28 16:00:00,ringsted,16.45,590.5,7.0,0.0,1007.7,60.5,4.16667
1714316400,2024-04-28 15:00:00,2024-04-28 17:00:00,ringsted,16.075,267.5,5.8,0.0,1007.72,62.0,61.6667
1714320000,2024-04-28 16:00:00,2024-04-28 18:00:00,ringsted,14.975,134.0,4.7,0.0,1007.4,66.25,73.3333
1714323600,2024-04-28 17:00:00,2024-04-28 19:00:00,ringsted,14.975,138.0,4.45,0.0,1007.42,66.75,55.0
1714327200,2024-04-28 18:00:00,2024-04-28 20:00:00,ringsted,14.575,49.5,3.5,0.0,1007.45,68.5,67.2727
1714330800,2024-04-28 19:00:00,2024-04-28 21:00:00,ringsted,14.0,8.0,3.8,0.0,1007.43,70.75,92.5
1714334400,2024-04-28 20:00:00,2024-04-28 22:00:00,ringsted,14.35,0.0,4.675,0.0,1007.72,69.0,92.5
1714338000,2024-04-28 21:00:00,2024-04-28 23:00:00,ringsted,14.2,0.0,4.35,0.0,1008.56,70.0,94.1667
1714341600,2024-04-28 22:00:00,2024-04-29 00:00:00,ringsted,14.225,0.0,3.4,0.0,1009.54,72.0,90.0
1714345200,2024-04-28 23:00:00,2024-04-29 01:00:00,ringsted,14.175,0.0,3.85,0.0,1010.92,70.75,91.6667
1714348800,2024-04-29 00:00:00,2024-04-29 02:00:00,ringsted,13.225,0.0,5.0,0.0,1011.95,73.75,89.5833
1714352400,2024-04-29 01:00:00,2024-04-29 03:00:00,ringsted,11.925,0.0,3.7,0.0,1012.86,76.5,84.1667
1714356000,2024-04-29 02:00:00,2024-04-29 04:00:00,ringsted,10.9,0.0,3.575,0.0,1013.65,76.25,59.1667
1714359600,2024-04-29 03:00:00,2024-04-29 05:00:00,ringsted,9.55,0.0,2.5,0.0,1014.23,81.25,48.75
1714363200,2024-04-29 04:00:00,2024-04-29 06:00:00,ringsted,8.35,3.0,1.95,0.0,1015.08,84.5,5.0
1714366800,2024-04-29 05:00:00,2024-04-29 07:00:00,ringsted,8.125,45.0,2.1,0.0,1015.75,86.0,2.5
1714370400,2024-04-29 06:00:00,2024-04-29 08:00:00,ringsted,9.3,180.5,2.3,0.0,1016.66,82.5,0.0
1714374000,2024-04-29 07:00:00,2024-04-29 09:00:00,ringsted,10.675,344.0,3.525,0.0,1017.45,75.25,4.16667
1714377600,2024-04-29 08:00:00,2024-04-29 10:00:00,ringsted,11.8,501.0,4.1,0.0,1017.97,67.0,0.833333
1714381200,2024-04-29 09:00:00,2024-04-29 11:00:00,ringsted,12.75,623.0,3.825,0.0,1018.48,62.5,12.5
1714384800,2024-04-29 10:00:00,2024-04-29 12:00:00,ringsted,13.625,700.5,5.1,0.0,1018.83,58.25,10.8333
1714388400,2024-04-29 11:00:00,2024-04-29 13:00:00,ringsted,14.0,638.5,4.975,0.0,1018.98,57.5,15.0
1714392000,2024-04-29 12:00:00,2024-04-29 14:00:00,ringsted,14.375,636.0,4.8,0.0,1019.4,56.25,28.3333
1714395600,2024-04-29 13:00:00,2024-04-29 15:00:00,ringsted,14.925,615.0,4.25,0.0,1019.57,55.75,27.9167
1714399200,2024-04-29 14:00:00,2024-04-29 16:00:00,ringsted,15.525,577.0,3.825,0.0,1019.59,54.75,31.6667
1714402800,2024-04-29 15:00:00,2024-04-29 17:00:00,ringsted,16.0,532.5,3.225,0.0,1019.54,52.75,10.4167
1714406400,2024-04-29 16:00:00,2024-04-29 18:00:00,ringsted,16.075,349.0,3.275,0.0,1019.62,52.75,4.16667
1714410000,2024-04-29 17:00:00,2024-04-29 19:00:00,ringsted,14.9667,242.5,3.475,0.0,1019.88,58.0,22.9167
1714413600,2024-04-29 18:00:00,2024-04-29 20:00:00,ringsted,13.125,56.5,3.35,0.0,1020.08,65.0,52.0833
1714417200,2024-04-29 19:00:00,2024-04-29 21:00:00,ringsted,11.9,18.0,2.925,0.0,1020.54,71.5,91.6667
1714420800,2024-04-29 20:00:00,2024-04-29 22:00:00,ringsted,11.125,0.0,3.125,0.0,1020.77,77.5,90.8333
1714424400,2024-04-29 21:00:00,2024-04-29 23:00:00,ringsted,10.7,0.0,3.075,0.0,1021.05,80.25,90.8333
1714428000,2024-04-29 22:00:00,2024-04-30 00:00:00,ringsted,10.45,0.0,3.025,0.0,1021.16,80.0,90.0
1714431600,2024-04-29 23:00:00,2024-04-30 01:00:00,ringsted,10.025,0.0,3.0,0.0,1020.97,80.25,78.75
1714435200,2024-04-30 00:00:00,2024-04-30 02:00:00,ringsted,9.325,0.0,2.625,0.0,1020.81,81.25,26.25
1714438800,2024-04-30 01:00:00,2024-04-30 03:00:00,ringsted,9.3,0.0,2.65,0.0,1020.71,81.75,50.4167
1714442400,2024-04-30 02:00:00,2024-04-30 04:00:00,ringsted,9.36667,0.0,2.725,0.0,1020.78,79.5,73.75
1714446000,2024-04-30 03:00:00,2024-04-30 05:00:00,ringsted,9.1,0.0,2.75,0.0,1020.45,78.75,95.0
1714449600,2024-04-30 04:00:00,2024-04-30 06:00:00,ringsted,9.1,1.5,2.525,0.0,1020.4,81.25,91.6667
1714453200,2024-04-30 05:00:00,2024-04-30 07:00:00,ringsted,9.45,25.0,2.825,0.0,1020.32,81.0,94.1667
1714456800,2024-04-30 06:00:00,2024-04-30 08:00:00,ringsted,10.625,114.5,4.325,0.0,1020.04,76.5,84.1667
1714460400,2024-04-30 07:00:00,2024-04-30 09:00:00,ringsted,11.875,240.5,5.05,0.0,1019.89,71.75,70.4167
1714464000,2024-04-30 08:00:00,2024-04-30 10:00:00,ringsted,13.35,387.5,5.825,0.0,1019.83,65.5,24.1667
1714467600,2024-04-30 09:00:00,2024-04-30 11:00:00,ringsted,14.675,538.0,6.975,0.0,1019.49,58.25,1.66667
1714471200,2024-04-30 10:00:00,2024-04-30 12:00:00,ringsted,15.65,623.0,7.125,0.0,1018.71,53.25,0.0
1714474800,2024-04-30 11:00:00,2024-04-30 13:00:00,ringsted,16.4,684.0,7.65,0.0,1018.26,49.75,4.16667
1714478400,2024-04-30 12:00:00,2024-04-30 14:00:00,ringsted,16.95,648.5,7.8,0.0,1017.81,47.0,17.5
1714482000,2024-04-30 13:00:00,2024-04-30 15:00:00,ringsted,17.25,620.0,8.375,0.0,1017.16,45.0,47.5
1714485600,2024-04-30 14:00:00,2024-04-30 16:00:00,ringsted,17.65,573.0,8.625,0.0,1016.58,44.0,22.9167
1714489200,2024-04-30 15:00:00,2024-04-30 17:00:00,ringsted,17.725,506.5,8.625,0.0,1015.97,46.75,11.6667
1714492800,2024-04-30 16:00:00,2024-04-30 18:00:00,ringsted,17.1,319.5,8.95,0.0,1015.53,51.75,45.0
1714496400,2024-04-30 17:00:00,2024-04-30 19:00:00,ringsted,16.0,178.5,8.1,0.0,1015.38,55.75,64.5833
1714500000,2024-04-30 18:00:00,2024-04-30 20:00:00,ringsted,14.6,81.5,6.45,0.0,1015.12,62.5,18.75
1714503600,2024-04-30 19:00:00,2024-04-30 21:00:00,ringsted,13.4,15.0,6.375,0.0,1015.12,69.5,10.4167
1714507200,2024-04-30 20:00:00,2024-04-30 22:00:00,ringsted,12.625,0.0,6.525,0.0,1014.96,74.5,20.4167
1714510800,2024-04-30 21:00:00,2024-04-30 23:00:00,ringsted,12.225,0.0,6.325,0.0,1014.6,77.5,0.0
1714514400,2024-04-30 22:00:00,2024-05-01 00:00:00,ringsted,12.15,0.0,6.125,0.0,1014.23,77.25,0.0
1714518000,2024-04-30 23:00:00,2024-05-01 01:00:00,ringsted,11.8,0.0,5.375,0.0,1013.77,78.5,0.0
1714521600,2024-05-01 00:00:00,2024-05-01 02:00:00,ringsted,11.425,0.0,5.25,0.0,1013.29,79.0,0.0
1714525200,2024-05-01 01:00:00,2024-05-01 03:00:00,ringsted,11.1,0.0,5.0,0.0,1012.89,79.5,0.0
1714528800,2024-05-01 02:00:00,2024-05-01 04:00:00,ringsted,10.825,0.0,5.125,0.0,1012.45,80.25,0.0
1714532400,2024-05-01 03:00:00,2024-05-01 05:00:00,ringsted,10.575,0.0,4.6,0.0,1012.28,81.5,0.0
1714536000,2024-05-01 04:00:00,2024-05-01 06:00:00,ringsted,10.3,4.5,4.575,0.0,1012.25,82.75,0.0
1714539600,2024-05-01 05:00:00,2024-05-01 07:00:00,ringsted,10.5,61.5,4.8,0.0,1012.35,82.25,0.0
1714543200,2024-05-01 06:00:00,2024-05-01 08:00:00,ringsted,11.625,177.5,5.325,0.0,1012.34,79.25,0.0
1714546800,2024-05-01 07:00:00,2024-05-01 09:00:00,ringsted,12.8,316.0,5.25,0.0,1012.45,75.75,0.0
1714550400,2024-05-01 08:00:00,2024-05-01 10:00:00,ringsted,13.85,469.5,6.0,0.0,1012.33,72.75,0.833333
1714554000,2024-05-01 09:00:00,2024-05-01 11:00:00,ringsted,15.55,589.0,5.6,0.0,1012.27,68.5,0.0
1714557600,2024-05-01 10:00:00,2024-05-01 12:00:00,ringsted,16.775,669.0,6.15,0.0,1011.95,65.5,2.5
1714561200,2024-05-01 11:00:00,2024-05-01 13:00:00,ringsted,17.65,721.0,6.675,0.0,1011.46,63.5,0.909091
1714564800,2024-05-01 12:00:00,2024-05-01 14:00:00,ringsted,18.4,702.0,7.825,0.0,1010.76,60.0,0.833333
1714568400,2024-05-01 13:00:00,2024-05-01 15:00:00,ringsted,18.5333,732.5,7.33333,0.0,1010.4,59.0,0.0
1714572000,2024-05-01 14:00:00,2024-05-01 16:00:00,ringsted,19.725,660.0,7.125,0.0,1009.98,53.5,0.0
1714575600,2024-05-01 15:00:00,2024-05-01 17:00:00,ringsted,20.575,557.0,7.025,0.0,1009.61,47.25,0.0
1714579200,2024-05-01 16:00:00,2024-05-01 18:00:00,ringsted,19.9,437.5,6.75,0.0,1009.5,47.5,0.0
1714582800,2024-05-01 17:00:00,2024-05-01 19:00:00,ringsted,18.225,262.5,7.05,0.0,1009.38,51.25,0.0
1714586400,2024-05-01 18:00:00,2024-05-01 20:00:00,ringsted,16.925,127.5,6.875,0.0,1009.42,52.0,0.0
1714590000,2024-05-01 19:00:00,2024-05-01 21:00:00,ringsted,15.475,20.0,6.15,0.0,1009.63,55.25,0.833333
1714593600,2024-05-01 20:00:00,2024-05-01 22:00:00,ringsted,14.025,0.0,6.1,0.0,1009.49,60.5,4.16667
1714597200,2024-05-01 21:00:00,2024-05-01 23:00:00,ringsted,13.475,0.0,6.25,0.0,1009.08,64.25,35.4167
1714600800,2024-05-01 22:00:00,2024-05-02 00:00:00,ringsted,13.75,0.0,6.45,0.0,1008.76,62.75,30.8333
1714604400,2024-05-01 23:00:00,2024-05-02 01:00:00,ringsted,13.675,0.0,6.325,0.0,1008.27,63.25,52.0833
1714608000,2024-05-02 00:00:00,2024-05-02 02:00:00,ringsted,13.55,0.0,6.93333,0.0,1007.9,65.75,66.6667
1714611600,2024-05-02 01:00:00,2024-05-02 03:00:00,ringsted,13.3,0.0,5.925,0.0,1007.62,68.0,50.4167
1714615200,2024-05-02 02:00:00,2024-05-02 04:00:00,ringsted,12.825,0.0,5.8,0.0,1007.22,69.25,26.6667
1714618800,2024-05-02 03:00:00,2024-05-02 05:00:00,ringsted,12.1,0.0,5.4,0.0,1006.72,71.25,1.66667
1714622400,2024-05-02 04:00:00,2024-05-02 06:00:00,ringsted,11.825,6.5,5.55,0.0,1006.47,71.5,6.66667
1714626000,2024-05-02 05:00:00,2024-05-02 07:00:00,ringsted,12.2,77.0,6.0,0.0,1006.25,70.5,0.0
1714629600,2024-05-02 06:00:00,2024-05-02 08:00:00,ringsted,12.975,209.5,6.175,0.0,1006.19,68.0,0.0
1714633200,2024-05-02 07:00:00,2024-05-02 09:00:00,ringsted,13.95,349.0,6.425,0.0,1006.12,65.5,0.0
1714636800,2024-05-02 08:00:00,2024-05-02 10:00:00,ringsted,14.95,486.0,6.5,0.0,1006.01,63.0,12.5
1714640400,2024-05-02 09:00:00,2024-05-02 11:00:00,ringsted,16.225,607.0,6.425,0.0,1005.75,60.0,1.66667
1714644000,2024-05-02 10:00:00,2024-05-02 12:00:00,ringsted,17.525,698.0,7.325,0.0,1005.48,56.25,2.5
1714647600,2024-05-02 11:00:00,2024-05-02 13:00:00,ringsted,18.625,752.0,8.025,0.0,1004.97,52.5,2.5
1714651200,2024-05-02 12:00:00,2024-05-02 14:00:00,ringsted,19.125,768.0,8.275,0.0,1004.92,50.25,0.833333
1714654800,2024-05-02 13:00:00,2024-05-02 15:00:00,ringsted,18.95,732.0,8.25,0.0,1004.65,50.0,0.0
1714658400,2024-05-02 14:00:00,2024-05-02 16:00:00,ringsted,18.975,657.0,7.825,0.0,1004.53,50.75,0.0
1714662000,2024-05-02 15:00:00,2024-05-02 17:00:00,ringsted,18.6,547.0,6.875,0.0,1004.36,52.75,0.0
1714665600,2024-05-02 16:00:00,2024-05-02 18:00:00,ringsted,18.3,425.5,6.6,0.0,1004.27,54.0,26.6667
1714669200,2024-05-02 17:00:00,2024-05-02 19:00:00,ringsted,17.4,262.0,5.725,0.0,1004.44,57.25,20.0
1714672800,2024-05-02 18:00:00,2024-05-02 20:00:00,ringsted,16.225,132.0,6.0,0.0,1004.52,59.5,0.0
1714676400,2024-05-02 19:00:00,2024-05-02 21:00:00,ringsted,14.9,26.5,6.05,0.0,1004.77,62.0,3.33333
1714680000,2024-05-02 20:00:00,2024-05-02 22:00:00,ringsted,14.225,0.5,6.8,0.0,1004.8,62.5,3.33333
1714683600,2024-05-02 21:00:00,2024-05-02 23:00:00,ringsted,13.825,0.0,6.825,0.0,1004.97,64.25,0.0
1714687200,2024-05-02 22:00:00,2024-05-03 00:00:00,ringsted,13.75,0.0,6.875,0.0,1005.28,64.75,22.5
1714690800,2024-05-02 23:00:00,2024-05-03 01:00:00,ringsted,13.5,0.0,6.375,0.0,1005.25,65.5,34.5833
1714694400,2024-05-03 00:00:00,2024-05-03 02:00:00,ringsted,12.95,0.0,5.975,0.0,1005.1,68.0,32.9167
1714698000,2024-05-03 01:00:00,2024-05-03 03:00:00,ringsted,12.65,0.0,5.825,0.0,1005.08,70.0,52.9167
1714701600,2024-05-03 02:00:00,2024-05-03 04:00:00,ringsted,12.45,0.0,5.575,0.0,1004.86,71.5,71.25
1714705200,2024-05-03 03:00:00,2024-05-03 05:00:00,ringsted,12.15,0.0,5.3,0.0,1004.79,73.25,55.8333
1714708800,2024-05-03 04:00:00,2024-05-03 06:00:00,ringsted,11.675,5.5,4.625,0.0,1004.94,75.5,8.75
1714712400,2024-05-03 05:00:00,2024-05-03 07:00:00,ringsted,11.625,65.0,5.125,0.0,1005.06,76.0,19.5833
1714716000,2024-05-03 06:00:00,2024-05-03 08:00:00,ringsted,12.6,215.5,5.725,0.0,1005.41,72.5,19.1667
1714719600,2024-05-03 07:00:00,2024-05-03 09:00:00,ringsted,13.4,307.5,5.975,0.0,1005.79,69.75,1.66667
1714723200,2024-05-03 08:00:00,2024-05-03 10:00:00,ringsted,14.6,482.5,6.0,0.0,1005.78,65.75,2.5
1714726800,2024-05-03 09:00:00,2024-05-03 11:00:00,ringsted,15.775,601.5,6.375,0.0,1006.11,62.5,10.8333
1714730400,2024-05-03 10:00:00,2024-05-03 12:00:00,ringsted,16.45,514.5,5.775,0.0,1006.54,61.0,12.9167
1714734000,2024-05-03 11:00:00,2024-05-03 13:00:00,ringsted,17.225,629.5,5.775,0.0,1006.76,59.25,7.91667
1714737600,2024-05-03 12:00:00,2024-05-03 14:00:00,ringsted,17.425,732.5,6.25,0.0,1006.67,59.0,0.833333
1714741200,2024-05-03 13:00:00,2024-05-03 15:00:00,ringsted,17.6,625.5,5.525,0.0,1006.83,58.25,31.6667
1714744800,2024-05-03 14:00:00,2024-05-03 16:00:00,ringsted,17.75,498.5,5.875,0.0,1006.98,57.75,57.9167
1714748400,2024-05-03 15:00:00,2024-05-03 17:00:00,ringsted,17.7,484.5,5.775,0.0,1007.13,57.5,47.5
1714752000,2024-05-03 16:00:00,2024-05-03 18:00:00,ringsted,17.525,353.0,5.625,0.0,1007.42,57.25,62.0833
1714755600,2024-05-03 17:00:00,2024-05-03 19:00:00,ringsted,16.4,221.5,5.2,0.0,1007.67,59.0,72.0833
1714759200,2024-05-03 18:00:00,2024-05-03 20:00:00,ringsted,15.225,186.0,4.875,0.0,1008.13,62.25,82.9167
1714762800,2024-05-03 19:00:00,2024-05-03 21:00:00,ringsted,13.9,24.5,4.475,0.0,1008.75,65.5,72.0833
1714766400,2024-05-03 20:00:00,2024-05-03 22:00:00,ringsted,12.575,0.0,4.525,0.0,1008.88,70.75,94.1667
1714770000,2024-05-03 21:00:00,2024-05-03 23:00:00,ringsted,11.375,0.0,3.475,0.0,1009.3,77.25,76.6667
1714773600,2024-05-03 22:00:00,2024-05-04 00:00:00,ringsted,10.675,0.0,1.925,0.0,1009.41,81.0,51.6667
1714777200,2024-05-03 23:00:00,2024-05-04 01:00:00,ringsted,9.85,0.0,1.775,0.0,1009.63,84.75,68.3333
1714780800,2024-05-04 00:00:00,2024-05-04 02:00:00,ringsted,9.7,0.0,2.23333,0.0,1009.51,86.0,53.3333
1714784400,2024-05-04 01:00:00,2024-05-04 03:00:00,ringsted,9.125,0.0,1.85,0.0,1009.74,89.0,77.5
1714788000,2024-05-04 02:00:00,2024-05-04 04:00:00,ringsted,8.925,0.0,1.65,0.0,1009.7,91.5,52.9167
1714791600,2024-05-04 03:00:00,2024-05-04 05:00:00,ringsted,8.65,0.0,1.425,0.0,1009.56,93.5,91.25
1714795200,2024-05-04 04:00:00,2024-05-04 06:00:00,ringsted,9.025,5.0,1.1,0.0,1009.87,93.75,52.5
1714798800,2024-05-04 05:00:00,2024-05-04 07:00:00,ringsted,9.525,25.5,1.375,0.075,1010.23,94.5,47.5
1714802400,2024-05-04 06:00:00,2024-05-04 08:00:00,ringsted,10.6667,65.0,2.26667,0.0666667,1010.63,94.6667,71.25
1714806000,2024-05-04 07:00:00,2024-05-04 09:00:00,ringsted,11.15,77.5,1.925,0.025,1011.06,93.0,95.0
1714809600,2024-05-04 08:00:00,2024-05-04 10:00:00,ringsted,11.95,81.0,2.05,0.025,1011.31,92.5,95.0
1714813200,2024-05-04 09:00:00,2024-05-04 11:00:00,ringsted,12.575,178.0,2.475,0.05,1011.53,92.0,95.0
1714816800,2024-05-04 10:00:00,2024-05-04 12:00:00,ringsted,12.7333,189.0,3.26667,0.0,1011.92,90.6667,93.3333
1714820400,2024-05-04 11:00:00,2024-05-04 13:00:00,ringsted,13.275,274.0,3.575,0.0,1011.93,87.0,94.1667
1714824000,2024-05-04 12:00:00,2024-05-04 14:00:00,ringsted,13.85,281.0,3.5,0.0,1011.83,82.25,97.5
1714827600,2024-05-04 13:00:00,2024-05-04 15:00:00,ringsted,14.4,389.0,3.33333,0.0,1011.58,76.3333,94.1667
1714831200,2024-05-04 14:00:00,2024-05-04 16:00:00,ringsted,14.725,357.5,2.55,0.0,1011.2,74.0,97.5
1714834800,2024-05-04 15:00:00,2024-05-04 17:00:00,ringsted,14.525,145.0,1.575,0.0,1010.72,74.0,95.0
1714838400,2024-05-04 16:00:00,2024-05-04 18:00:00,ringsted,14.775,185.5,1.35,0.0,1010.44,73.0,62.5
1714842000,2024-05-04 17:00:00,2024-05-04 19:00:00,ringsted,14.525,140.5,1.6,0.0,1010.24,74.25,53.3333
1714845600,2024-05-04 18:00:00,2024-05-04 20:00:00,ringsted,13.8,98.0,1.575,0.0,1010.05,78.5,59.1667
1714849200,2024-05-04 19:00:00,2024-05-04 21:00:00,ringsted,13.075,13.5,1.025,0.0,1009.91,82.75,65.8333
1714852800,2024-05-04 20:00:00,2024-05-04 22:00:00,ringsted,12.125,0.0,0.675,0.0,1009.61,87.5,66.6667
1714856400,2024-05-04 21:00:00,2024-05-04 23:00:00,ringsted,11.025,0.0,0.55,0.0,1009.46,91.0,29.1667
1714860000,2024-05-04 22:00:00,2024-05-05 00:00:00,ringsted,9.65,0.0,0.5,0.0,1009.24,94.5,3.75
1714863600,2024-05-04 23:00:00,2024-05-05 01:00:00,ringsted,8.775,0.0,0.8,0.0,1008.21,96.25,5.0
1714867200,2024-05-05 00:00:00,2024-05-05 02:00:00,ringsted,8.125,0.0,1.66667,0.0,1007.44,97.25,44.1667
1714870800,2024-05-05 01:00:00,2024-05-05 03:00:00,ringsted,8.225,0.0,1.425,0.0,1007.03,97.25,38.3333
1714874400,2024-05-05 02:00:00,2024-05-05 04:00:00,ringsted,7.825,0.0,1.0,0.0,1006.14,97.5,25.0
1714878000,2024-05-05 03:00:00,2024-05-05 05:00:00,ringsted,7.425,0.0,0.65,0.0,1005.87,97.75,37.5
1714881600,2024-05-05 04:00:00,2024-05-05 06:00:00,ringsted,8.2,4.5,1.475,0.0,1005.42,97.75,70.8333
1714885200,2024-05-05 05:00:00,2024-05-05 07:00:00,ringsted,9.25,42.0,2.025,0.0,1004.82,96.75,81.6667
1714888800,2024-05-05 06:00:00,2024-05-05 08:00:00,ringsted,10.325,43.0,2.925,0.0,1004.16,92.75,75.0
1714892400,2024-05-05 07:00:00,2024-05-05 09:00:00,ringsted,11.35,181.0,3.775,0.0,1003.33,87.5,72.9167
1714896000,2024-05-05 08:00:00,2024-05-05 10:00:00,ringsted,12.375,227.5,4.625,0.025,1002.91,83.5,82.0833
1714899600,2024-05-05 09:00:00,2024-05-05 11:00:00,ringsted,12.1,148.5,4.65,0.3,1002.24,87.5,91.6667
1714903200,2024-05-05 10:00:00,2024-05-05 12:00:00,ringsted,12.2,134.5,4.625,0.075,1001.87,88.5,95.0
1714906800,2024-05-05 11:00:00,2024-05-05 13:00:00,ringsted,11.875,111.5,4.45,1.275,1001.43,89.75,95.4545
1714910400,2024-05-05 12:00:00,2024-05-05 14:00:00,ringsted,11.675,265.0,4.1,0.4,1001.13,93.75,95.0
1714914000,2024-05-05 13:00:00,2024-05-05 15:00:00,ringsted,12.55,303.0,3.375,0.775,1000.7,93.25,72.5
1714917600,2024-05-05 14:00:00,2024-05-05 16:00:00,ringsted,14.4,482.0,4.475,0.0,1000.36,84.5,48.3333
1714921200,2024-05-05 15:00:00,2024-05-05 17:00:00,ringsted,14.65,441.5,4.25,0.175,1000.03,81.0,50.0
1714924800,2024-05-05 16:00:00,2024-05-05 18:00:00,ringsted,14.425,389.5,3.75,0.0,1000.07,77.0,10.0
1714928400,2024-05-05 17:00:00,2024-05-05 19:00:00,ringsted,13.7,201.0,3.625,0.0,1000.15,79.0,71.6667
1714932000,2024-05-05 18:00:00,2024-05-05 20:00:00,ringsted,12.65,31.0,3.075,0.1,1000.19,80.5,90.0
1714935600,2024-05-05 19:00:00,2024-05-05 21:00:00,ringsted,11.4,9.0,1.925,0.075,1000.3,86.25,70.0
1714939200,2024-05-05 20:00:00,2024-05-05 22:00:00,ringsted,10.65,0.0,1.625,0.075,1000.13,91.0,71.6667
1714942800,2024-05-05 21:00:00,2024-05-05 23:00:00,ringsted,10.275,0.0,1.6,0.0,999.89,91.75,76.6667
1714946400,2024-05-05 22:00:00,2024-05-06 00:00:00,ringsted,9.925,0.0,1.575,0.075,999.82,94.0,93.3333
1714950000,2024-05-05 23:00:00,2024-05-06 01:00:00,ringsted,9.6,0.0,0.725,1.125,999.7,96.25,93.3333
1714953600,2024-05-06 00:00:00,2024-05-06 02:00:00,ringsted,9.53333,0.0,0.825,0.55,999.737,97.25,93.3333
1714957200,2024-05-06 01:00:00,2024-05-06 03:00:00,ringsted,9.325,0.0,1.125,1.65,999.783,97.5,95.0
1714960800,2024-05-06 02:00:00,2024-05-06 04:00:00,ringsted,9.575,0.0,1.825,0.4,999.626,97.75,96.6667
1714964400,2024-05-06 03:00:00,2024-05-06 05:00:00,ringsted,9.7,0.0,2.2,0.3,999.97,98.0,91.6667
1714968000,2024-05-06 04:00:00,2024-05-06 06:00:00,ringsted,9.6,2.5,2.8,0.125,1000.55,97.75,95.0
1714971600,2024-05-06 05:00:00,2024-05-06 07:00:00,ringsted,9.725,20.0,3.425,0.175,1001.1,97.25,93.3333
1714975200,2024-05-06 06:00:00,2024-05-06 08:00:00,ringsted,9.76667,76.5,4.26667,0.05,1001.59,95.0,91.6667
1714978800,2024-05-06 07:00:00,2024-05-06 09:00:00,ringsted,10.075,118.5,3.925,0.125,1001.93,94.0,90.0
1714982400,2024-05-06 08:00:00,2024-05-06 10:00:00,ringsted,10.25,199.5,4.1,0.0,1002.31,92.5,90.0
1714986000,2024-05-06 09:00:00,2024-05-06 11:00:00,ringsted,10.775,242.5,4.05,0.0,1002.78,89.25,90.0
1714989600,2024-05-06 10:00:00,2024-05-06 12:00:00,ringsted,11.275,322.0,3.85,0.0,1003.27,85.75,58.3333
1714993200,2024-05-06 11:00:00,2024-05-06 13:00:00,ringsted,11.9,377.5,3.6,0.0,1003.76,82.25,95.0
1714996800,2024-05-06 12:00:00,2024-05-06 14:00:00,ringsted,12.075,323.0,3.25,0.0,1004.09,80.25,87.5
1715000400,2024-05-06 13:00:00,2024-05-06 15:00:00,ringsted,12.325,313.5,3.6,0.0,1004.32,79.75,91.6667
1715004000,2024-05-06 14:00:00,2024-05-06 16:00:00,ringsted,12.625,292.5,3.35,0.0,1004.63,79.75,68.75
1715007600,2024-05-06 15:00:00,2024-05-06 17:00:00,ringsted,13.025,304.5,3.0,0.0,1005.07,77.0,91.25
1715011200,2024-05-06 16:00:00,2024-05-06 18:00:00,ringsted,12.85,147.5,3.1,0.0,1005.62,78.75,93.3333
1715014800,2024-05-06 17:00:00,2024-05-06 19:00:00,ringsted,12.85,102.5,2.7,0.0,1006.41,78.25,98.3333
1715018400,2024-05-06 18:00:00,2024-05-06 20:00:00,ringsted,12.625,52.0,2.55,0.0,1007.08,80.0,99.1667
1715022000,2024-05-06 19:00:00,2024-05-06 21:00:00,ringsted,12.225,10.5,1.925,0.0,1007.68,82.75,89.1667
1715025600,2024-05-06 20:00:00,2024-05-06 22:00:00,ringsted,11.7,0.0,2.025,0.0,1008.28,86.5,51.6667
1715029200,2024-05-06 21:00:00,2024-05-06 23:00:00,ringsted,10.875,0.0,2.9,0.0,1008.97,89.0,60.0
1715032800,2024-05-06 22:00:00,2024-05-07 00:00:00,ringsted,10.65,0.0,3.475,0.0,1009.85,90.0,88.3333
1715036400,2024-05-06 23:00:00,2024-05-07 01:00:00,ringsted,10.35,0.0,4.075,0.0,1010.65,90.5,95.0
1715040000,2024-05-07 00:00:00,2024-05-07 02:00:00,ringsted,9.9,0.0,3.775,0.0,1011.67,89.0,95.0
1715043600,2024-05-07 01:00:00,2024-05-07 03:00:00,ringsted,9.35,0.0,3.55,0.05,1012.49,88.75,89.1667
1715047200,2024-05-07 02:00:00,2024-05-07 04:00:00,ringsted,8.875,0.0,3.95,0.0,1013.22,86.75,71.25
1715050800,2024-05-07 03:00:00,2024-05-07 05:00:00,ringsted,8.275,0.0,3.175,0.0,1013.83,85.75,47.5
1715054400,2024-05-07 04:00:00,2024-05-07 06:00:00,ringsted,7.275,13.0,1.975,0.0,1014.38,88.25,13.3333
1715058000,2024-05-07 05:00:00,2024-05-07 07:00:00,ringsted,7.675,97.0,1.9,0.0,1015.04,86.25,0.0
1715061600,2024-05-07 06:00:00,2024-05-07 08:00:00,ringsted,8.775,210.5,3.35,0.0,1015.67,78.5,0.0
1715065200,2024-05-07 07:00:00,2024-05-07 09:00:00,ringsted,9.425,337.5,4.075,0.0,1016.29,71.5,0.0
1715068800,2024-05-07 08:00:00,2024-05-07 10:00:00,ringsted,10.225,472.5,3.7,0.0,1016.97,67.75,0.0
1715072400,2024-05-07 09:00:00,2024-05-07 11:00:00,ringsted,11.0,567.5,3.175,0.0,1017.54,63.75,0.0
1715076000,2024-05-07 10:00:00,2024-05-07 12:00:00,ringsted,11.475,661.0,3.175,0.0,1017.97,63.0,0.0
1715079600,2024-05-07 11:00:00,2024-05-07 13:00:00,ringsted,12.2,716.5,2.85,0.0,1018.21,59.5,1.66667
1715083200,2024-05-07 12:00:00,2024-05-07 14:00:00,ringsted,12.9,733.0,2.95,0.0,1018.33,53.75,10.0
1715086800,2024-05-07 13:00:00,2024-05-07 15:00:00,ringsted,13.3,741.0,2.8,0.0,1018.5,51.75,22.5
1715090400,2024-05-07 14:00:00,2024-05-07 16:00:00,ringsted,13.35,539.5,2.975,0.0,1018.55,55.0,7.5
1715094000,2024-05-07 15:00:00,2024-05-07 17:00:00,ringsted,13.3,518.0,3.3,0.0,1018.79,57.25,0.833333
1715097600,2024-05-07 16:00:00,2024-05-07 18:00:00,ringsted,12.675,412.0,3.675,0.0,1019.14,60.75,0.0
1715101200,2024-05-07 17:00:00,2024-05-07 19:00:00,ringsted,12.075,280.0,3.425,0.0,1019.58,61.5,0.0
1715104800,2024-05-07 18:00:00,2024-05-07 20:00:00,ringsted,11.325,164.5,2.6,0.0,1019.9,61.75,0.0
1715108400,2024-05-07 19:00:00,2024-05-07 21:00:00,ringsted,9.8,38.5,2.0,0.0,1020.3,68.0,0.0
1715112000,2024-05-07 20:00:00,2024-05-07 22:00:00,ringsted,8.225,0.5,1.225,0.0,1020.67,75.0,0.0
1715115600,2024-05-07 21:00:00,2024-05-07 23:00:00,ringsted,7.225,0.0,1.0,0.0,1020.95,80.5,29.1667
1715119200,2024-05-07 22:00:00,2024-05-08 00:00:00,ringsted,6.425,0.0,0.725,0.0,1021.13,84.25,35.0
1715122800,2024-05-07 23:00:00,2024-05-08 01:00:00,ringsted,5.9,0.0,0.725,0.0,1021.24,86.75,57.0833
1715126400,2024-05-08 00:00:00,2024-05-08 02:00:00,ringsted,5.525,0.0,0.575,0.0,1021.35,88.5,80.4167
1715130000,2024-05-08 01:00:00,2024-05-08 03:00:00,ringsted,4.9,0.0,0.575,0.0,1021.36,91.75,37.9167
1715133600,2024-05-08 02:00:00,2024-05-08 04:00:00,ringsted,5.025,0.0,0.575,0.0,1021.55,90.25,0.833333
1715137200,2024-05-08 03:00:00,2024-05-08 05:00:00,ringsted,4.225,0.0,0.3,0.0,1021.9,91.75,0.0
1715140800,2024-05-08 04:00:00,2024-05-08 06:00:00,ringsted,4.15,11.0,0.675,0.0,1022.25,91.25,0.0
1715144400,2024-05-08 05:00:00,2024-05-08 07:00:00,ringsted,4.875,63.5,0.775,0.0,1022.51,90.5,0.0
1715148000,2024-05-08 06:00:00,2024-05-08 08:00:00,ringsted,8.075,176.5,0.85,0.0,1022.73,81.5,0.0
1715151600,2024-05-08 07:00:00,2024-05-08 09:00:00,ringsted,10.65,323.5,1.45,0.0,1023.05,70.0,0.0
1715155200,2024-05-08 08:00:00,2024-05-08 10:00:00,ringsted,12.425,463.5,1.5,0.0,1023.21,61.75,0.0
1715158800,2024-05-08 09:00:00,2024-05-08 11:00:00,ringsted,13.625,567.5,1.55,0.0,1023.17,57.5,0.0
1715162400,2024-05-08 10:00:00,2024-05-08 12:00:00,ringsted,14.75,673.0,1.175,0.0,1023.06,54.5,11.6667
1715166000,2024-05-08 11:00:00,2024-05-08 13:00:00,ringsted,15.25,593.5,1.3,0.0,1022.94,53.0,37.0833
1715169600,2024-05-08 12:00:00,2024-05-08 14:00:00,ringsted,15.7,687.5,2.225,0.0,1022.88,53.25,47.0833
1715173200,2024-05-08 13:00:00,2024-05-08 15:00:00,ringsted,16.075,690.0,2.225,0.0,1022.9,53.5,33.3333
1715176800,2024-05-08 14:00:00,2024-05-08 16:00:00,ringsted,16.25,550.5,2.45,0.0,1022.89,52.25,24.1667
1715180400,2024-05-08 15:00:00,2024-05-08 17:00:00,ringsted,16.325,434.5,2.225,0.0,1022.79,52.0,10.0
1715184000,2024-05-08 16:00:00,2024-05-08 18:00:00,ringsted,16.325,368.0,2.475,0.0,1022.63,52.0,1.66667
1715187600,2024-05-08 17:00:00,2024-05-08 19:00:00,ringsted,15.9,267.5,2.3,0.0,1022.6,52.25,0.0
1715191200,2024-05-08 18:00:00,2024-05-08 20:00:00,ringsted,15.275,150.0,2.225,0.0,1022.73,53.0,0.0
1715194800,2024-05-08 19:00:00,2024-05-08 21:00:00,ringsted,13.55,37.5,1.725,0.0,1022.98,60.25,0.0
1715198400,2024-05-08 20:00:00,2024-05-08 22:00:00,ringsted,11.375,0.5,1.5,0.0,1023.2,73.0,2.5
1715202000,2024-05-08 21:00:00,2024-05-08 23:00:00,ringsted,9.95,0.0,1.575,0.0,1023.38,79.25,5.0
1715205600,2024-05-08 22:00:00,2024-05-09 00:00:00,ringsted,9.4,0.0,1.575,0.0,1023.45,82.25,0.0
1715209200,2024-05-08 23:00:00,2024-05-09 01:00:00,ringsted,8.825,0.0,1.4,0.0,1023.44,85.25,3.33333
1715212800,2024-05-09 00:00:00,2024-05-09 02:00:00,ringsted,8.025,0.0,1.4,0.0,1023.28,87.5,1.66667
1715216400,2024-05-09 01:00:00,2024-05-09 03:00:00,ringsted,7.325,0.0,1.0,0.0,1023.1,89.5,1.66667
1715220000,2024-05-09 02:00:00,2024-05-09 04:00:00,ringsted,6.8,0.0,1.075,0.0,1022.86,91.75,0.0
1715223600,2024-05-09 03:00:00,2024-05-09 05:00:00,ringsted,6.4,0.0,1.15,0.0,1022.67,93.75,32.5
1715227200,2024-05-09 04:00:00,2024-05-09 06:00:00,ringsted,6.325,9.0,1.15,0.0,1022.65,94.25,37.9167
1715230800,2024-05-09 05:00:00,2024-05-09 07:00:00,ringsted,7.05,78.5,0.975,0.0,1022.67,93.75,14.1667
1715234400,2024-05-09 06:00:00,2024-05-09 08:00:00,ringsted,9.525,192.5,0.875,0.0,1022.63,91.25,42.9167
1715238000,2024-05-09 07:00:00,2024-05-09 09:00:00,ringsted,11.3,321.5,2.325,0.0,1022.5,86.0,16.25
1715241600,2024-05-09 08:00:00,2024-05-09 10:00:00,ringsted,12.525,467.0,3.35,0.0,1022.12,79.75,8.33333
1715245200,2024-05-09 09:00:00,2024-05-09 11:00:00,ringsted,13.8,558.0,3.625,0.0,1021.94,74.0,31.6667
1715248800,2024-05-09 10:00:00,2024-05-09 12:00:00,ringsted,14.575,598.0,3.875,0.0,1021.62,69.25,49.5833
1715252400,2024-05-09 11:00:00,2024-05-09 13:00:00,ringsted,15.175,637.5,4.05,0.0,1021.28,66.75,65.8333
1715256000,2024-05-09 12:00:00,2024-05-09 14:00:00,ringsted,15.65,586.0,4.25,0.0,1020.86,65.75,70.0
1715259600,2024-05-09 13:00:00,2024-05-09 15:00:00,ringsted,16.0,485.5,4.425,0.0,1020.43,65.75,81.6667
1715263200,2024-05-09 14:00:00,2024-05-09 16:00:00,ringsted,15.775,263.0,4.675,0.0,1020.07,67.25,90.0
1715266800,2024-05-09 15:00:00,2024-05-09 17:00:00,ringsted,15.275,190.5,4.45,0.0,1019.62,70.25,83.3333
1715270400,2024-05-09 16:00:00,2024-05-09 18:00:00,ringsted,15.425,182.5,4.875,0.0,1019.11,69.25,78.3333
1715274000,2024-05-09 17:00:00,2024-05-09 19:00:00,ringsted,15.15,112.0,4.75,0.0,1018.92,69.75,57.5
1715277600,2024-05-09 18:00:00,2024-05-09 20:00:00,ringsted,14.6,46.5,4.575,0.0,1018.9,69.0,68.3333
1715281200,2024-05-09 19:00:00,2024-05-09 21:00:00,ringsted,13.5,10.5,3.725,0.0,1018.98,73.25,88.3333
1715284800,2024-05-09 20:00:00,2024-05-09 22:00:00,ringsted,12.575,0.0,2.95,0.0,1018.71,80.25,82.5
1715288400,2024-05-09 21:00:00,2024-05-09 23:00:00,ringsted,12.225,0.0,2.775,0.0,1018.47,81.5,50.0
1715292000,2024-05-09 22:00:00,2024-05-10 00:00:00,ringsted,11.8,0.0,3.0,0.0,1018.3,82.75,76.6667
1715295600,2024-05-09 23:00:00,2024-05-10 01:00:00,ringsted,11.35,0.0,3.125,0.0,1018.16,84.25,89.1667
1715299200,2024-05-10 00:00:00,2024-05-10 02:00:00,ringsted,11.225,0.0,3.175,0.0,1017.87,85.75,93.3333
1715302800,2024-05-10 01:00:00,2024-05-10 03:00:00,ringsted,11.15,0.0,3.425,0.0,1017.57,85.25,65.0
1715306400,2024-05-10 02:00:00,2024-05-10 04:00:00,ringsted,10.725,0.0,3.475,0.0,1017.51,85.5,94.1667
1715310000,2024-05-10 03:00:00,2024-05-10 05:00:00,ringsted,10.6,0.0,3.7,0.05,1017.49,89.25,97.5
1715313600,2024-05-10 04:00:00,2024-05-10 06:00:00,ringsted,10.75,2.5,3.775,0.025,1017.49,91.25,98.3333
1715317200,2024-05-10 05:00:00,2024-05-10 07:00:00,ringsted,11.025,17.0,3.75,0.0,1017.81,91.25,99.1667
1715320800,2024-05-10 06:00:00,2024-05-10 08:00:00,ringsted,11.3,46.0,4.0,0.0,1018.01,90.0,99.1667
1715324400,2024-05-10 07:00:00,2024-05-10 09:00:00,ringsted,11.575,76.0,4.15,0.0,1018.07,89.0,99.1667
1715328000,2024-05-10 08:00:00,2024-05-10 10:00:00,ringsted,11.95,113.0,4.575,0.0,1018.41,87.0,99.1667
1715331600,2024-05-10 09:00:00,2024-05-10 11:00:00,ringsted,12.35,145.0,4.35,0.0,1018.61,85.25,98.3333
1715335200,2024-05-10 10:00:00,2024-05-10 12:00:00,ringsted,12.675,154.0,4.0,0.0,1018.84,83.75,98.3333
1715338800,2024-05-10 11:00:00,2024-05-10 13:00:00,ringsted,13.175,186.5,3.825,0.0,1019.05,82.0,97.5
1715342400,2024-05-10 12:00:00,2024-05-10 14:00:00,ringsted,13.6,208.5,3.575,0.0,1019.04,80.25,82.5
1715346000,2024-05-10 13:00:00,2024-05-10 15:00:00,ringsted,14.45,421.0,3.475,0.0,1018.91,75.75,62.0833
1715349600,2024-05-10 14:00:00,2024-05-10 16:00:00,ringsted,15.225,443.0,3.075,0.0,1018.6,71.0,36.25
1715353200,2024-05-10 15:00:00,2024-05-10 17:00:00,ringsted,15.8,449.5,3.05,0.0,1018.37,68.75,12.9167
1715356800,2024-05-10 16:00:00,2024-05-10 18:00:00,ringsted,15.75,324.5,2.9,0.0,1018.21,68.25,48.3333
1715360400,2024-05-10 17:00:00,2024-05-10 19:00:00,ringsted,15.0,134.5,2.625,0.0,1018.15,73.25,35.0
1715364000,2024-05-10 18:00:00,2024-05-10 20:00:00,ringsted,13.575,64.0,2.35,0.0,1018.21,80.75,11.25
1715367600,2024-05-10 19:00:00,2024-05-10 21:00:00,ringsted,12.3,18.5,1.675,0.0,1018.54,87.5,58.3333
1715371200,2024-05-10 20:00:00,2024-05-10 22:00:00,ringsted,11.25,0.5,1.5,0.0,1018.67,91.25,55.0
1715374800,2024-05-10 21:00:00,2024-05-10 23:00:00,ringsted,10.575,0.0,1.05,0.0,1018.84,94.0,44.1667
1715378400,2024-05-10 22:00:00,2024-05-11 00:00:00,ringsted,9.775,0.0,0.375,0.0,1018.9,95.25,70.0
1715382000,2024-05-10 23:00:00,2024-05-11 01:00:00,ringsted,9.225,0.0,0.5,0.0,1018.9,96.25,92.5
1715385600,2024-05-11 00:00:00,2024-05-11 02:00:00,ringsted,9.46667,0.0,0.666667,0.0,1018.91,97.3333,60.4545
1715389200,2024-05-11 01:00:00,2024-05-11 03:00:00,ringsted,8.85,0.0,1.25,0.0,1018.97,97.0,23.75
1715392800,2024-05-11 02:00:00,2024-05-11 04:00:00,ringsted,8.125,0.0,1.45,0.0,1019.17,97.5,52.5
1715396400,2024-05-11 03:00:00,2024-05-11 05:00:00,ringsted,7.675,0.0,1.6,0.0,1019.29,97.75,24.1667
1715400000,2024-05-11 04:00:00,2024-05-11 06:00:00,ringsted,7.05,12.5,1.475,0.0,1019.5,98.0,26.6667
1715403600,2024-05-11 05:00:00,2024-05-11 07:00:00,ringsted,8.25,101.0,1.4,0.0,1019.76,97.0,0.0
1715407200,2024-05-11 06:00:00,2024-05-11 08:00:00,ringsted,11.025,211.0,2.025,0.0,1020.16,89.75,22.0833
1715410800,2024-05-11 07:00:00,2024-05-11 09:00:00,ringsted,12.425,368.0,2.95,0.0,1020.35,82.25,40.8333
1715414400,2024-05-11 08:00:00,2024-05-11 10:00:00,ringsted,13.325,520.0,3.075,0.0,1020.6,78.5,70.8333
1715418000,2024-05-11 09:00:00,2024-05-11 11:00:00,ringsted,13.95,434.5,2.925,0.0,1020.78,75.5,80.0
1715421600,2024-05-11 10:00:00,2024-05-11 12:00:00,ringsted,14.8,542.0,2.9,0.0,1020.85,71.6667,70.4545
1715425200,2024-05-11 11:00:00,2024-05-11 13:00:00,ringsted,15.3,573.0,2.075,0.0,1020.88,69.0,65.8333
1715428800,2024-05-11 12:00:00,2024-05-11 14:00:00,ringsted,15.7,657.5,2.575,0.0,1020.95,69.5,57.9167
1715432400,2024-05-11 13:00:00,2024-05-11 15:00:00,ringsted,15.875,477.5,3.1,0.0,1020.92,68.75,84.5833
1715436000,2024-05-11 14:00:00,2024-05-11 16:00:00,ringsted,15.7,416.5,3.25,0.0,1020.79,68.25,70.0
1715439600,2024-05-11 15:00:00,2024-05-11 17:00:00,ringsted,15.925,446.0,3.0,0.0,1020.68,63.75,51.6667
1715443200,2024-05-11 16:00:00,2024-05-11 18:00:00,ringsted,15.1,358.0,3.275,0.0,1020.78,68.0,48.75
1715446800,2024-05-11 17:00:00,2024-05-11 19:00:00,ringsted,13.725,207.5,3.0,0.0,1020.92,76.75,9.16667
1715450400,2024-05-11 18:00:00,2024-05-11 20:00:00,ringsted,12.75,92.5,2.975,0.0,1021.18,79.75,6.25
1715454000,2024-05-11 19:00:00,2024-05-11 21:00:00,ringsted,11.425,24.0,2.4,0.0,1021.7,84.75,0.0
1715457600,2024-05-11 20:00:00,2024-05-11 22:00:00,ringsted,9.9,0.5,2.675,0.0,1021.92,91.0,2.5
1715461200,2024-05-11 21:00:00,2024-05-11 23:00:00,ringsted,9.025,0.0,2.35,0.0,1022.04,93.75,9.16667
1715464800,2024-05-11 22:00:00,2024-05-12 00:00:00,ringsted,8.25,0.0,2.1,0.0,1022.0,95.5,81.25
1715468400,2024-05-11 23:00:00,2024-05-12 01:00:00,ringsted,8.15,0.0,2.2,0.0,1021.96,97.25,56.25
1715472000,2024-05-12 00:00:00,2024-05-12 02:00:00,ringsted,7.575,0.0,1.85,0.0,1021.88,97.75,48.3333
1715475600,2024-05-12 01:00:00,2024-05-12 03:00:00,ringsted,6.95,0.0,1.275,0.0,1021.99,97.0,35.0
1715479200,2024-05-12 02:00:00,2024-05-12 04:00:00,ringsted,6.25,0.0,1.0,0.0,1022.08,97.25,1.66667
1715482800,2024-05-12 03:00:00,2024-05-12 05:00:00,ringsted,5.475,0.0,1.075,0.0,1022.01,97.5,0.0
1715486400,2024-05-12 04:00:00,2024-05-12 06:00:00,ringsted,5.05,19.0,1.125,0.0,1022.03,98.0,0.0
1715490000,2024-05-12 05:00:00,2024-05-12 07:00:00,ringsted,6.85,111.5,1.0,0.0,1022.06,95.25,0.0
1715493600,2024-05-12 06:00:00,2024-05-12 08:00:00,ringsted,9.625,224.0,1.95,0.0,1022.06,82.0,0.833333
1715497200,2024-05-12 07:00:00,2024-05-12 09:00:00,ringsted,11.2,348.5,3.2,0.0,1022.05,71.0,0.0
1715500800,2024-05-12 08:00:00,2024-05-12 10:00:00,ringsted,12.25,482.5,3.675,0.0,1021.98,69.25,0.0
1715504400,2024-05-12 09:00:00,2024-05-12 11:00:00,ringsted,13.3,580.5,4.225,0.0,1021.94,65.0,0.0
1715508000,2024-05-12 10:00:00,2024-05-12 12:00:00,ringsted,14.1,679.5,4.725,0.0,1021.9,59.5,0.0
1715511600,2024-05-12 11:00:00,2024-05-12 13:00:00,ringsted,14.7,734.5,5.0,0.0,1021.67,51.75,0.833333
1715515200,2024-05-12 12:00:00,2024-05-12 14:00:00,ringsted,15.025,793.0,5.15,0.0,1021.33,46.75,4.16667
1715518800,2024-05-12 13:00:00,2024-05-12 15:00:00,ringsted,14.975,761.5,5.475,0.0,1020.86,41.75,0.0
1715522400,2024-05-12 14:00:00,2024-05-12 16:00:00,ringsted,14.75,742.5,5.725,0.0,1020.39,38.5,0.0
1715526000,2024-05-12 15:00:00,2024-05-12 17:00:00,ringsted,14.475,649.0,5.5,0.0,1019.92,36.25,0.0
1715529600,2024-05-12 16:00:00,2024-05-12 18:00:00,ringsted,13.975,518.0,5.3,0.0,1019.41,36.25,0.0
1715533200,2024-05-12 17:00:00,2024-05-12 19:00:00,ringsted,13.225,359.0,5.2,0.0,1019.07,38.0,0.0
1715536800,2024-05-12 18:00:00,2024-05-12 20:00:00,ringsted,12.3,199.0,4.525,0.0,1018.92,43.75,0.0
1715540400,2024-05-12 19:00:00,2024-05-12 21:00:00,ringsted,10.725,63.5,3.475,0.0,1018.8,53.0,0.0
1715544000,2024-05-12 20:00:00,2024-05-12 22:00:00,ringsted,8.875,2.0,2.95,0.0,1018.49,63.75,0.0
1715547600,2024-05-12 21:00:00,2024-05-12 23:00:00,ringsted,7.85,0.0,2.675,0.0,1018.3,71.25,0.0
1715551200,2024-05-12 22:00:00,2024-05-13 00:00:00,ringsted,7.15,0.0,2.6,0.0,1018.09,76.75,0.0
1715554800,2024-05-12 23:00:00,2024-05-13 01:00:00,ringsted,6.9,0.0,2.475,0.0,1017.83,77.75,0.0
1715558400,2024-05-13 00:00:00,2024-05-13 02:00:00,ringsted,6.45,0.0,3.5,0.0,1017.42,80.5,0.0
1715562000,2024-05-13 01:00:00,2024-05-13 03:00:00,ringsted,6.4,0.0,2.65,0.0,1017.3,81.25,0.0
1715565600,2024-05-13 02:00:00,2024-05-13 04:00:00,ringsted,6.3,0.0,2.6,0.0,1017.13,83.5,0.0
1715569200,2024-05-13 03:00:00,2024-05-13 05:00:00,ringsted,6.225,0.0,2.65,0.0,1016.91,86.25,0.0
1715572800,2024-05-13 04:00:00,2024-05-13 06:00:00,ringsted,6.45,21.5,2.825,0.0,1016.83,88.0,0.0
1715576400,2024-05-13 05:00:00,2024-05-13 07:00:00,ringsted,8.1,113.5,2.875,0.0,1016.62,84.5,0.0
1715580000,2024-05-13 06:00:00,2024-05-13 08:00:00,ringsted,10.85,225.5,3.6,0.0,1016.48,76.5,0.0
1715583600,2024-05-13 07:00:00,2024-05-13 09:00:00,ringsted,12.9,355.0,4.125,0.0,1016.38,68.75,0.0
1715587200,2024-05-13 08:00:00,2024-05-13 10:00:00,ringsted,14.45,497.0,4.85,0.0,1016.42,62.0,0.0
1715590800,2024-05-13 09:00:00,2024-05-13 11:00:00,ringsted,15.525,590.5,5.175,0.0,1016.3,58.5,0.0
1715594400,2024-05-13 10:00:00,2024-05-13 12:00:00,ringsted,15.925,699.5,5.95,0.0,1016.08,56.25,0.0
1715598000,2024-05-13 11:00:00,2024-05-13 13:00:00,ringsted,16.2,745.5,6.325,0.0,1015.68,54.75,0.0
1715601600,2024-05-13 12:00:00,2024-05-13 14:00:00,ringsted,16.55,819.0,7.275,0.0,1015.37,48.75,0.0
1715605200,2024-05-13 13:00:00,2024-05-13 15:00:00,ringsted,16.75,785.5,7.525,0.0,1015.0,40.5,0.0
1715608800,2024-05-13 14:00:00,2024-05-13 16:00:00,ringsted,16.625,750.0,7.125,0.0,1014.57,35.5,0.0
1715612400,2024-05-13 15:00:00,2024-05-13 17:00:00,ringsted,16.225,647.5,6.925,0.0,1014.11,36.0,0.0
1715616000,2024-05-13 16:00:00,2024-05-13 18:00:00,ringsted,15.725,518.5,6.725,0.0,1013.62,39.0,0.0
1715619600,2024-05-13 17:00:00,2024-05-13 19:00:00,ringsted,14.975,361.5,6.7,0.0,1013.4,44.75,0.909091
1715623200,2024-05-13 18:00:00,2024-05-13 20:00:00,ringsted,14.3,200.5,5.975,0.0,1013.35,49.5,0.0
1715626800,2024-05-13 19:00:00,2024-05-13 21:00:00,ringsted,12.975,64.0,4.725,0.0,1013.39,58.25,0.0
1715630400,2024-05-13 20:00:00,2024-05-13 22:00:00,ringsted,11.075,2.0,3.95,0.0,1013.39,69.5,0.0
1715634000,2024-05-13 21:00:00,2024-05-13 23:00:00,ringsted,10.675,0.0,4.15,0.0,1013.32,70.5,0.0
1715637600,2024-05-13 22:00:00,2024-05-14 00:00:00,ringsted,10.575,0.0,4.15,0.0,1013.22,69.25,0.0
1715641200,2024-05-13 23:00:00,2024-05-14 01:00:00,ringsted,10.3,0.0,4.0,0.0,1013.02,70.0,0.0
1715644800,2024-05-14 00:00:00,2024-05-14 02:00:00,ringsted,9.775,0.0,3.575,0.0,1012.78,74.0,0.0
1715648400,2024-05-14 01:00:00,2024-05-14 03:00:00,ringsted,9.35,0.0,3.225,0.0,1012.65,78.25,0.0
1715652000,2024-05-14 02:00:00,2024-05-14 04:00:00,ringsted,8.95,0.0,2.9,0.0,1012.62,82.5,0.0
1715655600,2024-05-14 03:00:00,2024-05-14 05:00:00,ringsted,8.6,0.0,2.8,0.0,1012.65,85.75,0.0
1715659200,2024-05-14 04:00:00,2024-05-14 06:00:00,ringsted,8.775,24.5,3.05,0.0,1012.65,86.75,0.0
1715662800,2024-05-14 05:00:00,2024-05-14 07:00:00,ringsted,10.55,116.0,2.9,0.0,1012.5,80.75,0.0
1715666400,2024-05-14 06:00:00,2024-05-14 08:00:00,ringsted,13.15,229.0,4.15,0.0,1012.69,70.0,0.0
1715670000,2024-05-14 07:00:00,2024-05-14 09:00:00,ringsted,14.7,353.0,4.925,0.0,1012.8,63.5,0.0
1715673600,2024-05-14 08:00:00,2024-05-14 10:00:00,ringsted,15.85,488.0,5.075,0.0,1012.88,58.25,0.0
1715677200,2024-05-14 09:00:00,2024-05-14 11:00:00,ringsted,16.575,586.0,5.5,0.0,1012.89,54.25,0.0
1715680800,2024-05-14 10:00:00,2024-05-14 12:00:00,ringsted,17.1,699.0,6.175,0.0,1012.88,52.25,0.0
1715684400,2024-05-14 11:00:00,2024-05-14 13:00:00,ringsted,17.575,741.0,6.325,0.0,1012.85,49.25,0.0
1715688000,2024-05-14 12:00:00,2024-05-14 14:00:00,ringsted,17.975,810.5,6.5,0.0,1012.5,46.5,0.0
1715691600,2024-05-14 13:00:00,2024-05-14 15:00:00,ringsted,18.425,770.0,7.025,0.0,1012.21,43.5,0.0
1715695200,2024-05-14 14:00:00,2024-05-14 16:00:00,ringsted,18.4,737.0,7.475,0.0,1012.01,42.75,0.0
1715698800,2024-05-14 15:00:00,2024-05-14 17:00:00,ringsted,18.2,637.0,7.425,0.0,1011.76,42.75,0.0
1715702400,2024-05-14 16:00:00,2024-05-14 18:00:00,ringsted,17.725,508.0,7.175,0.0,1011.45,44.75,0.0
1715706000,2024-05-14 17:00:00,2024-05-14 19:00:00,ringsted,17.2,351.0,6.8,0.0,1011.41,45.5,0.0
1715709600,2024-05-14 18:00:00,2024-05-14 20:00:00,ringsted,16.225,193.5,6.375,0.0,1011.39,49.25,0.0
1715713200,2024-05-14 19:00:00,2024-05-14 21:00:00,ringsted,14.7,63.5,5.95,0.0,1011.71,56.0,0.0
1715716800,2024-05-14 20:00:00,2024-05-14 22:00:00,ringsted,13.0,3.0,5.45,0.0,1011.93,65.25,0.0
1715720400,2024-05-14 21:00:00,2024-05-14 23:00:00,ringsted,12.25,0.0,5.05,0.0,1011.88,68.75,0.0
1715724000,2024-05-14 22:00:00,2024-05-15 00:00:00,ringsted,11.775,0.0,4.425,0.0,1011.81,72.75,0.0
1715727600,2024-05-14 23:00:00,2024-05-15 01:00:00,ringsted,11.5,0.0,3.725,0.0,1011.64,75.5,0.0
1715731200,2024-05-15 00:00:00,2024-05-15 02:00:00,ringsted,11.325,0.0,3.75,0.0,1011.56,77.75,0.0
1715734800,2024-05-15 01:00:00,2024-05-15 03:00:00,ringsted,11.225,0.0,4.225,0.0,1011.5,80.5,0.0
1715738400,2024-05-15 02:00:00,2024-05-15 04:00:00,ringsted,10.75,0.0,3.65,0.0,1011.48,84.0,0.0
1715742000,2024-05-15 03:00:00,2024-05-15 05:00:00,ringsted,10.525,0.0,3.65,0.0,1011.52,86.0,0.0
1715745600,2024-05-15 04:00:00,2024-05-15 06:00:00,ringsted,10.6,22.0,3.85,0.0,1011.57,85.75,0.0
1715749200,2024-05-15 05:00:00,2024-05-15 07:00:00,ringsted,11.85,113.0,4.0,0.0,1011.68,81.25,0.0
1715752800,2024-05-15 06:00:00,2024-05-15 08:00:00,ringsted,13.5,216.0,4.175,0.0,1011.97,74.5,0.0
1715756400,2024-05-15 07:00:00,2024-05-15 09:00:00,ringsted,15.05,349.5,4.85,0.0,1012.17,68.5,0.0
1715760000,2024-05-15 08:00:00,2024-05-15 10:00:00,ringsted,16.275,480.5,5.5,0.0,1012.39,63.75,0.0
1715763600,2024-05-15 09:00:00,2024-05-15 11:00:00,ringsted,17.275,582.5,5.65,0.0,1012.42,59.25,0.0
1715767200,2024-05-15 10:00:00,2024-05-15 12:00:00,ringsted,18.0,693.0,5.775,0.0,1012.36,56.5,0.0
1715770800,2024-05-15 11:00:00,2024-05-15 13:00:00,ringsted,18.625,741.5,6.35,0.0,1012.34,53.75,0.0
1715774400,2024-05-15 12:00:00,2024-05-15 14:00:00,ringsted,18.725,793.5,6.85,0.0,1012.29,52.0,0.0
1715778000,2024-05-15 13:00:00,2024-05-15 15:00:00,ringsted,18.375,760.5,7.25,0.0,1012.13,51.25,0.0
1715781600,2024-05-15 14:00:00,2024-05-15 16:00:00,ringsted,18.575,717.0,6.9,0.0,1012.0,51.75,0.0
1715785200,2024-05-15 15:00:00,2024-05-15 17:00:00,ringsted,18.9,610.0,7.2,0.0,1011.8,48.75,0.0
1715788800,2024-05-15 16:00:00,2024-05-15 18:00:00,ringsted,18.925,490.5,7.025,0.0,1011.59,46.25,0.0
1715792400,2024-05-15 17:00:00,2024-05-15 19:00:00,ringsted,18.6,338.5,7.45,0.0,1011.44,46.25,0.0
1715796000,2024-05-15 18:00:00,2024-05-15 20:00:00,ringsted,17.825,186.5,7.0,0.0,1011.4,48.0,0.0
1715799600,2024-05-15 19:00:00,2024-05-15 21:00:00,ringsted,16.8,57.0,6.675,0.0,1011.57,50.5,0.0
1715803200,2024-05-15 20:00:00,2024-05-15 22:00:00,ringsted,15.35,2.5,6.475,0.0,1011.76,55.5,0.0
1715806800,2024-05-15 21:00:00,2024-05-15 23:00:00,ringsted,14.2,0.0,6.3,0.0,1011.88,61.25,0.0
1715810400,2024-05-15 22:00:00,2024-05-16 00:00:00,ringsted,13.4,0.0,5.775,0.0,1011.85,65.0,0.0
1715814000,2024-05-15 23:00:00,2024-05-16 01:00:00,ringsted,12.75,0.0,4.925,0.0,1011.9,68.75,0.0
1715817600,2024-05-16 00:00:00,2024-05-16 02:00:00,ringsted,12.0,0.0,4.075,0.0,1011.71,72.75,0.0
1715821200,2024-05-16 01:00:00,2024-05-16 03:00:00,ringsted,11.675,0.0,3.975,0.0,1011.45,73.25,0.0
1715824800,2024-05-16 02:00:00,2024-05-16 04:00:00,ringsted,12.05,0.0,4.625,0.0,1011.31,69.75,0.0
1715828400,2024-05-16 03:00:00,2024-05-16 05:00:00,ringsted,12.2,0.0,5.225,0.0,1011.19,67.75,0.0
1715832000,2024-05-16 04:00:00,2024-05-16 06:00:00,ringsted,12.2,26.0,5.2,0.0,1011.29,68.25,0.0
1715835600,2024-05-16 05:00:00,2024-05-16 07:00:00,ringsted,12.85,119.5,5.475,0.0,1011.38,67.0,0.0
1715839200,2024-05-16 06:00:00,2024-05-16 08:00:00,ringsted,13.825,234.5,6.375,0.0,1011.62,63.25,0.0
1715842800,2024-05-16 07:00:00,2024-05-16 09:00:00,ringsted,14.625,361.0,6.825,0.0,1011.75,60.5,0.0
1715846400,2024-05-16 08:00:00,2024-05-16 10:00:00,ringsted,15.35,496.5,7.325,0.0,1011.8,58.0,0.0
1715850000,2024-05-16 09:00:00,2024-05-16 11:00:00,ringsted,16.0,601.5,7.675,0.0,1011.91,56.0,0.0
1715853600,2024-05-16 10:00:00,2024-05-16 12:00:00,ringsted,16.65,715.0,7.975,0.0,1011.83,53.0,0.0
1715857200,2024-05-16 11:00:00,2024-05-16 13:00:00,ringsted,17.4,756.5,8.4,0.0,1011.68,49.25,0.0
1715860800,2024-05-16 12:00:00,2024-05-16 14:00:00,ringsted,17.75,823.5,9.725,0.0,1011.62,45.75,0.0
1715864400,2024-05-16 13:00:00,2024-05-16 15:00:00,ringsted,18.15,780.0,10.4,0.0,1011.26,43.25,0.0
1715868000,2024-05-16 14:00:00,2024-05-16 16:00:00,ringsted,18.475,734.0,10.425,0.0,1010.93,42.0,1.66667
1715871600,2024-05-16 15:00:00,2024-05-16 17:00:00,ringsted,18.6,627.0,10.125,0.0,1010.78,41.75,0.833333
1715875200,2024-05-16 16:00:00,2024-05-16 18:00:00,ringsted,18.375,495.5,9.5,0.0,1010.47,42.75,0.0
1715878800,2024-05-16 17:00:00,2024-05-16 19:00:00,ringsted,17.875,341.0,8.95,0.0,1010.3,44.75,0.0
1715882400,2024-05-16 18:00:00,2024-05-16 20:00:00,ringsted,17.05,185.5,7.7,0.0,1010.37,48.0,0.0
1715886000,2024-05-16 19:00:00,2024-05-16 21:00:00,ringsted,15.9,58.0,6.675,0.0,1010.73,51.75,0.0
1715889600,2024-05-16 20:00:00,2024-05-16 22:00:00,ringsted,14.575,3.0,6.475,0.0,1011.0,57.0,0.0
1715893200,2024-05-16 21:00:00,2024-05-16 23:00:00,ringsted,13.525,0.0,5.925,0.0,1011.17,62.25,0.0
1715896800,2024-05-16 22:00:00,2024-05-17 00:00:00,ringsted,12.9,0.0,5.25,0.0,1011.17,65.25,13.75
1715900400,2024-05-16 23:00:00,2024-05-17 01:00:00,ringsted,12.625,0.0,5.275,0.0,1011.13,67.0,39.1667
1715904000,2024-05-17 00:00:00,2024-05-17 02:00:00,ringsted,12.675,0.0,5.175,0.0,1010.99,66.0,9.16667
1715907600,2024-05-17 01:00:00,2024-05-17 03:00:00,ringsted,12.65,0.0,5.175,0.0,1010.76,65.0,4.16667
1715911200,2024-05-17 02:00:00,2024-05-17 04:00:00,ringsted,12.525,0.0,5.2,0.0,1010.66,65.25,10.4167
1715914800,2024-05-17 03:00:00,2024-05-17 05:00:00,ringsted,12.3,0.0,4.925,0.0,1010.93,66.25,12.5
1715918400,2024-05-17 04:00:00,2024-05-17 06:00:00,ringsted,12.15,24.0,4.675,0.0,1011.28,67.75,3.33333
1715922000,2024-05-17 05:00:00,2024-05-17 07:00:00,ringsted,12.675,115.0,5.125,0.0,1011.53,67.0,0.0
1715925600,2024-05-17 06:00:00,2024-05-17 08:00:00,ringsted,13.675,230.0,5.5,0.0,1011.77,64.0,0.0
1715929200,2024-05-17 07:00:00,2024-05-17 09:00:00,ringsted,14.7,358.5,6.35,0.0,1011.75,60.75,0.0
1715932800,2024-05-17 08:00:00,2024-05-17 10:00:00,ringsted,15.575,496.5,6.725,0.0,1011.78,57.25,0.0
1715936400,2024-05-17 09:00:00,2024-05-17 11:00:00,ringsted,16.275,603.5,7.5,0.0,1011.94,54.0,0.0
1715940000,2024-05-17 10:00:00,2024-05-17 12:00:00,ringsted,17.425,724.0,7.975,0.0,1011.86,48.25,0.0
1715943600,2024-05-17 11:00:00,2024-05-17 13:00:00,ringsted,18.45,765.5,8.7,0.0,1011.91,42.0,0.0
1715947200,2024-05-17 12:00:00,2024-05-17 14:00:00,ringsted,18.775,828.0,8.625,0.0,1011.83,39.5,0.0
1715950800,2024-05-17 13:00:00,2024-05-17 15:00:00,ringsted,18.575,787.5,9.4,0.0,1011.57,39.5,0.0
1715954400,2024-05-17 14:00:00,2024-05-17 16:00:00,ringsted,18.475,753.0,9.5,0.0,1011.4,38.75,0.0
1715958000,2024-05-17 15:00:00,2024-05-17 17:00:00,ringsted,18.4,649.5,9.075,0.0,1011.07,37.75,0.0
1715961600,2024-05-17 16:00:00,2024-05-17 18:00:00,ringsted,18.15,521.5,8.825,0.0,1010.99,37.5,0.0
1715965200,2024-05-17 17:00:00,2024-05-17 19:00:00,ringsted,17.525,362.0,7.925,0.0,1011.0,40.5,0.0
1715968800,2024-05-17 18:00:00,2024-05-17 20:00:00,ringsted,16.35,201.5,6.875,0.0,1011.12,45.5,0.0
1715972400,2024-05-17 19:00:00,2024-05-17 21:00:00,ringsted,14.95,69.5,6.35,0.0,1011.33,50.75,0.0
1715976000,2024-05-17 20:00:00,2024-05-17 22:00:00,ringsted,13.625,4.0,5.475,0.0,1011.11,54.75,0.0
1715979600,2024-05-17 21:00:00,2024-05-17 23:00:00,ringsted,12.675,0.0,4.875,0.0,1010.91,59.25,0.0
1715983200,2024-05-17 22:00:00,2024-05-18 00:00:00,ringsted,12.05,0.0,4.475,0.0,1010.9,64.0,0.0
1715986800,2024-05-17 23:00:00,2024-05-18 01:00:00,ringsted,11.175,0.0,3.375,0.0,1010.78,69.5,0.0
1715990400,2024-05-18 00:00:00,2024-05-18 02:00:00,ringsted,10.225,0.0,2.95,0.0,1010.55,75.5,0.0
1715994000,2024-05-18 01:00:00,2024-05-18 03:00:00,ringsted,10.075,0.0,2.925,0.0,1010.39,76.5,0.0
1715997600,2024-05-18 02:00:00,2024-05-18 04:00:00,ringsted,10.075,0.0,3.2,0.0,1010.16,77.5,0.0
1716001200,2024-05-18 03:00:00,2024-05-18 05:00:00,ringsted,9.775,0.0,3.425,0.0,1010.13,80.5,0.0
1716004800,2024-05-18 04:00:00,2024-05-18 06:00:00,ringsted,9.85,29.0,3.075,0.0,1010.33,81.75,0.0
1716008400,2024-05-18 05:00:00,2024-05-18 07:00:00,ringsted,11.1,121.0,3.05,0.0,1010.41,78.25,0.0
1716012000,2024-05-18 06:00:00,2024-05-18 08:00:00,ringsted,12.875,235.0,3.6,0.0,1010.59,72.5,0.0
1716015600,2024-05-18 07:00:00,2024-05-18 09:00:00,ringsted,14.8,362.0,3.75,0.0,1010.64,64.75,0.0
1716019200,2024-05-18 08:00:00,2024-05-18 10:00:00,ringsted,16.4,496.5,4.175,0.0,1010.61,58.5,0.0
1716022800,2024-05-18 09:00:00,2024-05-18 11:00:00,ringsted,17.725,602.0,4.1,0.0,1010.5,55.25,0.0
1716026400,2024-05-18 10:00:00,2024-05-18 12:00:00,ringsted,18.95,718.0,4.85,0.0,1010.28,51.0,0.0
1716030000,2024-05-18 11:00:00,2024-05-18 13:00:00,ringsted,20.175,752.0,5.4,0.0,1010.06,45.75,0.0
1716033600,2024-05-18 12:00:00,2024-05-18 14:00:00,ringsted,21.05,812.0,5.55,0.0,1010.06,41.75,0.0
1716037200,2024-05-18 13:00:00,2024-05-18 15:00:00,ringsted,21.1,771.5,5.775,0.0,1009.97,39.0,0.0
1716040800,2024-05-18 14:00:00,2024-05-18 16:00:00,ringsted,20.775,730.5,5.675,0.0,1009.72,39.75,0.0
1716044400,2024-05-18 15:00:00,2024-05-18 17:00:00,ringsted,20.4,630.5,5.55,0.0,1009.33,40.75,0.0
1716048000,2024-05-18 16:00:00,2024-05-18 18:00:00,ringsted,20.425,507.0,5.3,0.0,1008.94,39.5,0.0
1716051600,2024-05-18 17:00:00,2024-05-18 19:00:00,ringsted,20.025,355.0,4.45,0.0,1008.83,40.25,0.0
1716055200,2024-05-18 18:00:00,2024-05-18 20:00:00,ringsted,18.975,199.0,3.625,0.0,1008.86,43.25,0.0
1716058800,2024-05-18 19:00:00,2024-05-18 21:00:00,ringsted,17.475,70.0,2.925,0.0,1009.08,47.5,0.0
1716062400,2024-05-18 20:00:00,2024-05-18 22:00:00,ringsted,15.15,4.5,2.45,0.0,1009.21,57.0,0.0
1716066000,2024-05-18 21:00:00,2024-05-18 23:00:00,ringsted,14.0,0.0,2.225,0.0,1009.06,61.5,0.0
1716069600,2024-05-18 22:00:00,2024-05-19 00:00:00,ringsted,13.875,0.0,3.1,0.0,1008.83,61.5,0.0
1716073200,2024-05-18 23:00:00,2024-05-19 01:00:00,ringsted,13.6,0.0,2.925,0.0,1008.49,60.75,45.0
1716076800,2024-05-19 00:00:00,2024-05-19 02:00:00,ringsted,13.25,0.0,2.35,0.0,1008.16,60.5,89.1667
1716080400,2024-05-19 01:00:00,2024-05-19 03:00:00,ringsted,12.375,0.0,2.0,0.0,1007.45,65.75,40.4167
1716084000,2024-05-19 02:00:00,2024-05-19 04:00:00,ringsted,11.2667,0.0,2.13333,0.0,1006.86,69.3333,50.0
1716087600,2024-05-19 03:00:00,2024-05-19 05:00:00,ringsted,10.8333,0.0,2.03333,0.0,1006.82,71.6667,46.6667
1716091200,2024-05-19 04:00:00,2024-05-19 06:00:00,ringsted,10.5667,17.0,2.16667,0.0,1006.96,76.3333,41.25
1716094800,2024-05-19 05:00:00,2024-05-19 07:00:00,ringsted,11.6,95.0,1.9,0.0,1006.92,75.6667,45.0
1716098400,2024-05-19 06:00:00,2024-05-19 08:00:00,ringsted,13.7667,184.0,2.3,0.0,1007.02,70.3333,45.0
1716102000,2024-05-19 07:00:00,2024-05-19 09:00:00,ringsted,15.3333,284.0,2.6,0.0,1007.2,67.6667,47.0833
1716105600,2024-05-19 08:00:00,2024-05-19 10:00:00,ringsted,16.8667,436.0,2.36667,0.0,1007.12,65.3333,53.3333
1716109200,2024-05-19 09:00:00,2024-05-19 11:00:00,ringsted,18.2667,485.0,2.63333,0.0,1007.08,61.6667,27.0833
1716112800,2024-05-19 10:00:00,2024-05-19 12:00:00,ringsted,18.9333,518.0,2.9,0.0,1006.96,61.0,10.8333
1716116400,2024-05-19 11:00:00,2024-05-19 13:00:00,ringsted,19.375,732.0,3.325,0.0,1007.34,61.25,8.33333
1716120000,2024-05-19 12:00:00,2024-05-19 14:00:00,ringsted,19.9,716.0,3.875,0.0,1007.22,59.0,15.0
1716123600,2024-05-19 13:00:00,2024-05-19 15:00:00,ringsted,20.15,748.0,4.525,0.0,1006.97,53.5,2.5
1716127200,2024-05-19 14:00:00,2024-05-19 16:00:00,ringsted,20.05,724.5,4.15,0.0,1006.64,53.5,0.833333
1716130800,2024-05-19 15:00:00,2024-05-19 17:00:00,ringsted,20.025,626.5,3.675,0.0,1006.33,52.0,0.0
1716134400,2024-05-19 16:00:00,2024-05-19 18:00:00,ringsted,19.675,504.5,3.625,0.0,1006.25,54.0,0.0
1716138000,2024-05-19 17:00:00,2024-05-19 19:00:00,ringsted,19.05,327.0,3.3,0.0,1006.62,56.5,0.0
1716141600,2024-05-19 18:00:00,2024-05-19 20:00:00,ringsted,17.975,190.0,2.5,0.0,1006.9,61.0,0.0
1716145200,2024-05-19 19:00:00,2024-05-19 21:00:00,ringsted,16.7,66.5,1.55,0.0,1007.29,65.5,0.0
1716148800,2024-05-19 20:00:00,2024-05-19 22:00:00,ringsted,14.475,2.5,1.325,0.0,1007.7,75.75,0.0
1716152400,2024-05-19 21:00:00,2024-05-19 23:00:00,ringsted,12.525,0.0,1.125,0.0,1007.74,83.75,0.0
1716156000,2024-05-19 22:00:00,2024-05-20 00:00:00,ringsted,11.325,0.0,1.125,0.0,1007.83,88.0,0.0
1716159600,2024-05-19 23:00:00,2024-05-20 01:00:00,ringsted,10.8,0.0,1.05,0.0,1007.82,90.0,5.0
1716163200,2024-05-20 00:00:00,2024-05-20 02:00:00,ringsted,10.1,0.0,0.825,0.0,1007.71,92.75,0.833333
1716166800,2024-05-20 01:00:00,2024-05-20 03:00:00,ringsted,9.575,0.0,1.025,0.0,1007.78,93.75,0.0
1716170400,2024-05-20 02:00:00,2024-05-20 04:00:00,ringsted,8.975,0.0,1.15,0.0,1007.95,94.5,0.0
1716174000,2024-05-20 03:00:00,2024-05-20 05:00:00,ringsted,9.3,0.5,1.575,0.0,1008.05,92.75,0.0
1716177600,2024-05-20 04:00:00,2024-05-20 06:00:00,ringsted,9.225,31.0,1.1,0.0,1008.33,92.75,0.0
1716181200,2024-05-20 05:00:00,2024-05-20 07:00:00,ringsted,11.8,121.0,1.075,0.0,1008.62,87.0,0.0
1716184800,2024-05-20 06:00:00,2024-05-20 08:00:00,ringsted,15.525,233.0,1.8,0.0,1008.96,75.25,0.0
1716188400,2024-05-20 07:00:00,2024-05-20 09:00:00,ringsted,17.425,362.0,2.85,0.0,1009.12,65.75,0.0
1716192000,2024-05-20 08:00:00,2024-05-20 10:00:00,ringsted,18.875,485.0,3.15,0.0,1009.53,59.0,0.0
1716195600,2024-05-20 09:00:00,2024-05-20 11:00:00,ringsted,19.525,589.5,4.15,0.0,1009.9,55.0,0.0
1716199200,2024-05-20 10:00:00,2024-05-20 12:00:00,ringsted,19.9,689.5,4.725,0.0,1010.21,57.0,0.0
1716202800,2024-05-20 11:00:00,2024-05-20 13:00:00,ringsted,20.0,731.0,5.25,0.0,1010.56,60.25,0.833333
1716206400,2024-05-20 12:00:00,2024-05-20 14:00:00,ringsted,19.775,759.5,6.175,0.0,1010.69,62.75,5.0
1716210000,2024-05-20 13:00:00,2024-05-20 15:00:00,ringsted,19.6,759.0,6.4,0.0,1010.52,63.25,0.833333
1716213600,2024-05-20 14:00:00,2024-05-20 16:00:00,ringsted,19.575,711.5,6.7,0.0,1010.42,62.75,0.0
1716217200,2024-05-20 15:00:00,2024-05-20 17:00:00,ringsted,19.5,618.0,6.4,0.0,1010.55,61.0,0.0
1716220800,2024-05-20 16:00:00,2024-05-20 18:00:00,ringsted,19.125,495.0,5.675,0.0,1010.64,61.25,0.0
1716224400,2024-05-20 17:00:00,2024-05-20 19:00:00,ringsted,18.025,349.0,4.875,0.0,1011.03,64.25,0.0
1716228000,2024-05-20 18:00:00,2024-05-20 20:00:00,ringsted,16.9,197.5,4.275,0.0,1011.56,69.5,0.0
1716231600,2024-05-20 19:00:00,2024-05-20 21:00:00,ringsted,15.35,69.5,4.325,0.0,1012.14,76.5,0.0
1716235200,2024-05-20 20:00:00,2024-05-20 22:00:00,ringsted,14.125,5.0,4.45,0.0,1012.63,81.5,0.0
1716238800,2024-05-20 21:00:00,2024-05-20 23:00:00,ringsted,13.825,0.0,5.3,0.0,1012.83,79.75,0.0
1716242400,2024-05-20 22:00:00,2024-05-21 00:00:00,ringsted,13.075,0.0,5.625,0.0,1012.9,81.25,0.0
1716246000,2024-05-20 23:00:00,2024-05-21 01:00:00,ringsted,12.675,0.0,5.45,0.0,1012.9,81.75,26.25
1716249600,2024-05-21 00:00:00,2024-05-21 02:00:00,ringsted,12.675,0.0,5.55,0.0,1012.64,79.0,45.0
1716253200,2024-05-21 01:00:00,2024-05-21 03:00:00,ringsted,12.575,0.0,4.8,0.0,1012.58,79.25,45.0
1716256800,2024-05-21 02:00:00,2024-05-21 04:00:00,ringsted,12.35,0.0,4.5,0.0,1012.54,79.5,9.16667
1716260400,2024-05-21 03:00:00,2024-05-21 05:00:00,ringsted,11.95,0.5,4.05,0.0,1012.73,79.75,0.0
1716264000,2024-05-21 04:00:00,2024-05-21 06:00:00,ringsted,11.75,32.0,4.15,0.0,1012.75,79.5,0.0
1716267600,2024-05-21 05:00:00,2024-05-21 07:00:00,ringsted,12.375,124.5,4.925,0.0,1012.8,74.75,0.833333
1716271200,2024-05-21 06:00:00,2024-05-21 08:00:00,ringsted,13.125,230.5,5.025,0.0,1012.96,71.25,0.0
1716274800,2024-05-21 07:00:00,2024-05-21 09:00:00,ringsted,14.3,362.0,5.3,0.0,1013.08,67.0,2.5
1716278400,2024-05-21 08:00:00,2024-05-21 10:00:00,ringsted,15.225,487.5,5.3,0.0,1012.92,66.0,0.0
1716282000,2024-05-21 09:00:00,2024-05-21 11:00:00,ringsted,16.4,589.5,5.2,0.0,1012.82,64.75,0.0
1716285600,2024-05-21 10:00:00,2024-05-21 12:00:00,ringsted,17.6,706.0,5.7,0.0,1012.67,61.25,11.6667
1716289200,2024-05-21 11:00:00,2024-05-21 13:00:00,ringsted,18.35,740.0,6.4,0.0,1012.4,60.5,5.41667
1716292800,2024-05-21 12:00:00,2024-05-21 14:00:00,ringsted,18.9,707.5,6.35,0.0,1012.04,60.25,25.8333
1716296400,2024-05-21 13:00:00,2024-05-21 15:00:00,ringsted,19.425,703.5,6.825,0.0,1011.62,58.25,27.5
1716300000,2024-05-21 14:00:00,2024-05-21 16:00:00,ringsted,19.5,719.0,6.825,0.0,1011.2,60.75,2.5
1716303600,2024-05-21 15:00:00,2024-05-21 17:00:00,ringsted,19.825,617.0,6.825,0.0,1010.73,60.0,0.0
1716307200,2024-05-21 16:00:00,2024-05-21 18:00:00,ringsted,19.775,494.5,6.85,0.0,1010.25,59.0,0.0
1716310800,2024-05-21 17:00:00,2024-05-21 19:00:00,ringsted,19.125,349.5,7.275,0.0,1010.2,59.25,0.0
1716314400,2024-05-21 18:00:00,2024-05-21 20:00:00,ringsted,18.025,198.5,7.325,0.0,1010.36,60.25,0.0
1716318000,2024-05-21 19:00:00,2024-05-21 21:00:00,ringsted,16.775,76.0,6.925,0.0,1010.59,62.0,0.0
1716321600,2024-05-21 20:00:00,2024-05-21 22:00:00,ringsted,15.675,8.0,6.95,0.0,1010.78,57.25,0.0
1716325200,2024-05-21 21:00:00,2024-05-21 23:00:00,ringsted,14.875,0.0,7.05,0.0,1010.48,51.75,0.0
1716328800,2024-05-21 22:00:00,2024-05-22 00:00:00,ringsted,14.5,0.0,6.95,0.0,1010.0,50.25,0.0
1716332400,2024-05-21 23:00:00,2024-05-22 01:00:00,ringsted,14.175,0.0,6.6,0.0,1009.5,53.0,0.0
1716336000,2024-05-22 00:00:00,2024-05-22 02:00:00,ringsted,13.875,0.0,6.075,0.0,1008.98,55.75,0.0
1716339600,2024-05-22 01:00:00,2024-05-22 03:00:00,ringsted,13.55,0.0,5.625,0.0,1008.49,58.75,0.0
1716343200,2024-05-22 02:00:00,2024-05-22 04:00:00,ringsted,13.325,0.0,5.8,0.0,1008.01,62.25,0.0
1716346800,2024-05-22 03:00:00,2024-05-22 05:00:00,ringsted,13.15,1.0,5.725,0.0,1007.54,66.5,0.0
1716350400,2024-05-22 04:00:00,2024-05-22 06:00:00,ringsted,13.2,35.0,6.0,0.0,1007.32,70.5,0.0
1716354000,2024-05-22 05:00:00,2024-05-22 07:00:00,ringsted,14.0,125.0,6.075,0.0,1007.18,73.75,0.0
1716357600,2024-05-22 06:00:00,2024-05-22 08:00:00,ringsted,15.45,230.5,6.3,0.0,1007.28,72.75,0.833333
1716361200,2024-05-22 07:00:00,2024-05-22 09:00:00,ringsted,16.925,350.5,6.875,0.0,1007.22,71.0,0.0
1716364800,2024-05-22 08:00:00,2024-05-22 10:00:00,ringsted,18.35,471.5,7.4,0.0,1007.22,68.25,2.5
1716368400,2024-05-22 09:00:00,2024-05-22 11:00:00,ringsted,19.65,567.5,7.875,0.0,1007.28,64.75,2.5
1716372000,2024-05-22 10:00:00,2024-05-22 12:00:00,ringsted,20.775,642.0,8.625,0.0,1007.24,60.5,5.0
1716375600,2024-05-22 11:00:00,2024-05-22 13:00:00,ringsted,21.8,678.5,9.625,0.0,1007.24,56.25,1.66667
1716379200,2024-05-22 12:00:00,2024-05-22 14:00:00,ringsted,22.35,679.5,9.8,0.0,1007.08,53.5,0.833333
1716382800,2024-05-22 13:00:00,2024-05-22 15:00:00,ringsted,22.625,713.5,9.825,0.0,1006.85,51.25,0.0
1716386400,2024-05-22 14:00:00,2024-05-22 16:00:00,ringsted,22.175,710.5,9.225,0.0,1006.6,52.0,3.63636
1716390000,2024-05-22 15:00:00,2024-05-22 17:00:00,ringsted,21.7,636.0,8.975,0.0,1006.17,53.5,1.66667
1716393600,2024-05-22 16:00:00,2024-05-22 18:00:00,ringsted,20.9,467.5,8.95,0.0,1006.24,57.0,0.0
1716397200,2024-05-22 17:00:00,2024-05-22 19:00:00,ringsted,19.925,314.0,8.575,0.0,1006.58,61.75,0.0
1716400800,2024-05-22 18:00:00,2024-05-22 20:00:00,ringsted,19.075,209.0,8.075,0.0,1006.48,63.75,0.0
1716404400,2024-05-22 19:00:00,2024-05-22 21:00:00,ringsted,18.05,72.5,7.4,0.0,1006.63,67.0,0.0
1716408000,2024-05-22 20:00:00,2024-05-22 22:00:00,ringsted,17.2,6.5,6.7,0.0,1006.88,70.0,0.0
1716411600,2024-05-22 21:00:00,2024-05-22 23:00:00,ringsted,16.6,0.0,5.65,0.0,1006.92,72.0,0.0
1716415200,2024-05-22 22:00:00,2024-05-23 00:00:00,ringsted,15.325,0.0,4.275,0.0,1006.68,76.75,0.0
1716418800,2024-05-22 23:00:00,2024-05-23 01:00:00,ringsted,14.6,0.0,4.625,0.0,1006.35,79.5,1.66667
1716422400,2024-05-23 00:00:00,2024-05-23 02:00:00,ringsted,14.225,0.0,4.325,0.0,1005.98,81.0,1.66667
1716426000,2024-05-23 01:00:00,2024-05-23 03:00:00,ringsted,13.8,0.0,4.375,0.0,1006.04,83.75,10.8333
1716429600,2024-05-23 02:00:00,2024-05-23 04:00:00,ringsted,13.5,0.0,3.7,0.0,1006.05,85.75,40.0
1716433200,2024-05-23 03:00:00,2024-05-23 05:00:00,ringsted,13.3,1.5,4.125,0.0,1006.06,87.5,26.6667
1716436800,2024-05-23 04:00:00,2024-05-23 06:00:00,ringsted,13.275,48.0,3.175,0.0,1006.24,88.75,12.5
1716440400,2024-05-23 05:00:00,2024-05-23 07:00:00,ringsted,14.1,137.5,3.55,0.0,1006.39,86.25,19.5833
1716444000,2024-05-23 06:00:00,2024-05-23 08:00:00,ringsted,14.5,96.5,3.625,0.0,1006.61,86.0,75.8333
1716447600,2024-05-23 07:00:00,2024-05-23 09:00:00,ringsted,14.625,106.0,3.775,0.075,1006.85,87.25,82.0833
1716451200,2024-05-23 08:00:00,2024-05-23 10:00:00,ringsted,14.7,101.5,3.925,0.275,1007.05,89.5,92.9167
1716454800,2024-05-23 09:00:00,2024-05-23 11:00:00,ringsted,14.6,122.0,3.4,0.4,1007.53,92.5,90.0
1716458400,2024-05-23 10:00:00,2024-05-23 12:00:00,ringsted,14.575,73.0,3.45,1.85,1007.6,94.0,93.3333
1716462000,2024-05-23 11:00:00,2024-05-23 13:00:00,ringsted,14.875,140.0,2.475,1.4,1007.68,95.25,64.5833
1716465600,2024-05-23 12:00:00,2024-05-23 14:00:00,ringsted,15.6,130.0,2.925,2.125,1007.97,93.75,72.0833
1716469200,2024-05-23 13:00:00,2024-05-23 15:00:00,ringsted,15.55,133.0,3.25,1.775,1008.3,93.5,92.5
1716472800,2024-05-23 14:00:00,2024-05-23 16:00:00,ringsted,14.825,67.0,3.35,1.6,1008.85,95.0,95.8333
1716476400,2024-05-23 15:00:00,2024-05-23 17:00:00,ringsted,14.175,89.0,3.6,0.35,1009.29,96.0,95.8333
1716480000,2024-05-23 16:00:00,2024-05-23 18:00:00,ringsted,14.55,100.5,2.575,0.1,1009.67,95.25,95.0
1716483600,2024-05-23 17:00:00,2024-05-23 19:00:00,ringsted,15.0,114.0,3.025,0.675,1010.08,92.75,96.6667
1716487200,2024-05-23 18:00:00,2024-05-23 20:00:00,ringsted,15.075,84.0,2.775,0.0,1010.66,91.5,93.3333
1716490800,2024-05-23 19:00:00,2024-05-23 21:00:00,ringsted,14.85,39.5,2.0,0.0,1011.32,92.5,64.1667
1716494400,2024-05-23 20:00:00,2024-05-23 22:00:00,ringsted,14.4,6.5,1.55,0.0,1012.04,94.0,55.8333
1716498000,2024-05-23 21:00:00,2024-05-23 23:00:00,ringsted,13.725,0.0,1.6,0.0,1012.55,96.0,51.6667
1716501600,2024-05-23 22:00:00,2024-05-24 00:00:00,ringsted,13.2,0.0,1.825,0.0,1012.98,96.0,39.5833
1716505200,2024-05-23 23:00:00,2024-05-24 01:00:00,ringsted,12.675,0.0,1.8,0.0,1013.4,96.25,0.833333
1716508800,2024-05-24 00:00:00,2024-05-24 02:00:00,ringsted,12.175,0.0,1.55,0.0,1013.76,96.75,0.0
1716512400,2024-05-24 01:00:00,2024-05-24 03:00:00,ringsted,11.375,0.0,1.15,0.0,1014.15,97.0,0.0
1716516000,2024-05-24 02:00:00,2024-05-24 04:00:00,ringsted,10.525,0.0,1.05,0.0,1014.81,97.75,0.0
1716519600,2024-05-24 03:00:00,2024-05-24 05:00:00,ringsted,10.0,1.0,1.2,0.0,1015.17,98.5,5.0
1716523200,2024-05-24 04:00:00,2024-05-24 06:00:00,ringsted,10.075,35.0,0.95,0.0,1015.68,98.25,2.5
1716526800,2024-05-24 05:00:00,2024-05-24 07:00:00,ringsted,11.375,141.0,0.625,0.0,1016.16,97.5,40.8333
1716530400,2024-05-24 06:00:00,2024-05-24 08:00:00,ringsted,13.025,182.5,1.925,0.0,1016.55,96.0,57.0833
1716534000,2024-05-24 07:00:00,2024-05-24 09:00:00,ringsted,14.3,356.0,2.75,0.0,1016.86,88.5,45.0
1716537600,2024-05-24 08:00:00,2024-05-24 10:00:00,ringsted,15.5,416.5,3.025,0.0,1017.26,79.0,50.8333
1716541200,2024-05-24 09:00:00,2024-05-24 11:00:00,ringsted,16.125,577.5,3.05,0.0,1017.49,74.25,45.0
1716544800,2024-05-24 10:00:00,2024-05-24 12:00:00,ringsted,16.925,711.0,2.925,0.0,1017.57,70.0,45.4167
1716548400,2024-05-24 11:00:00,2024-05-24 13:00:00,ringsted,17.525,728.5,2.925,0.0,1017.4,67.5,49.1667
1716552000,2024-05-24 12:00:00,2024-05-24 14:00:00,ringsted,18.1,842.0,2.825,0.0,1017.35,65.25,35.8333
1716555600,2024-05-24 13:00:00,2024-05-24 15:00:00,ringsted,18.35,643.5,2.625,0.0,1017.18,64.0,11.25
1716559200,2024-05-24 14:00:00,2024-05-24 16:00:00,ringsted,18.525,581.5,2.475,0.0,1017.1,63.75,5.83333
1716562800,2024-05-24 15:00:00,2024-05-24 17:00:00,ringsted,18.575,520.0,2.55,0.0,1016.97,63.25,0.0
1716566400,2024-05-24 16:00:00,2024-05-24 18:00:00,ringsted,18.325,479.0,2.575,0.0,1016.78,64.25,4.54545
1716570000,2024-05-24 17:00:00,2024-05-24 19:00:00,ringsted,17.9,346.5,2.7,0.0,1016.66,66.75,2.5
1716573600,2024-05-24 18:00:00,2024-05-24 20:00:00,ringsted,17.125,162.5,2.55,0.0,1016.59,70.0,0.0
1716577200,2024-05-24 19:00:00,2024-05-24 21:00:00,ringsted,15.725,64.0,2.0,0.0,1016.64,76.0,0.0
1716580800,2024-05-24 20:00:00,2024-05-24 22:00:00,ringsted,13.75,8.0,1.55,0.0,1016.87,84.0,0.0
1716584400,2024-05-24 21:00:00,2024-05-24 23:00:00,ringsted,12.675,0.0,1.975,0.0,1016.95,87.75,0.0
1716588000,2024-05-24 22:00:00,2024-05-25 00:00:00,ringsted,11.925,0.0,2.125,0.0,1016.77,89.5,0.0
1716591600,2024-05-24 23:00:00,2024-05-25 01:00:00,ringsted,11.35,0.0,2.225,0.0,1016.33,92.5,0.0
1716595200,2024-05-25 00:00:00,2024-05-25 02:00:00,ringsted,11.025,0.0,2.3,0.0,1015.97,94.75,0.0
1716598800,2024-05-25 01:00:00,2024-05-25 03:00:00,ringsted,11.075,0.0,2.175,0.0,1015.72,95.5,0.0
1716602400,2024-05-25 02:00:00,2024-05-25 04:00:00,ringsted,10.9,0.0,2.275,0.0,1015.37,96.0,0.0
1716606000,2024-05-25 03:00:00,2024-05-25 05:00:00,ringsted,10.825,1.0,1.825,0.0,1015.4,96.75,0.0
1716609600,2024-05-25 04:00:00,2024-05-25 06:00:00,ringsted,11.3,34.0,1.775,0.0,1015.2,96.25,0.833333
1716613200,2024-05-25 05:00:00,2024-05-25 07:00:00,ringsted,12.725,116.0,1.95,0.0,1015.02,94.0,27.9167
1716616800,2024-05-25 06:00:00,2024-05-25 08:00:00,ringsted,14.65,215.0,2.525,0.0,1014.99,90.25,28.3333
1716620400,2024-05-25 07:00:00,2024-05-25 09:00:00,ringsted,15.5,254.0,2.875,0.0,1014.97,86.0,55.8333
1716624000,2024-05-25 08:00:00,2024-05-25 10:00:00,ringsted,15.425,175.5,2.5,0.0,1014.95,85.5,91.6667
1716627600,2024-05-25 09:00:00,2024-05-25 11:00:00,ringsted,16.15,389.5,2.925,0.0,1014.92,83.25,80.0
1716631200,2024-05-25 10:00:00,2024-05-25 12:00:00,ringsted,17.325,447.0,2.925,0.0,1014.87,77.75,50.8333
1716634800,2024-05-25 11:00:00,2024-05-25 13:00:00,ringsted,18.325,580.0,3.9,0.0,1014.67,69.0,69.5833
1716638400,2024-05-25 12:00:00,2024-05-25 14:00:00,ringsted,18.95,510.0,4.25,0.0,1014.58,65.5,56.25
1716642000,2024-05-25 13:00:00,2024-05-25 15:00:00,ringsted,18.9,597.5,4.625,0.0,1014.74,64.25,69.1667
1716645600,2024-05-25 14:00:00,2024-05-25 16:00:00,ringsted,17.025,303.5,4.5,0.0,1014.52,72.5,52.5
1716649200,2024-05-25 15:00:00,2024-05-25 17:00:00,ringsted,16.85,346.5,3.65,0.0,1014.4,76.25,41.6667
1716652800,2024-05-25 16:00:00,2024-05-25 18:00:00,ringsted,16.125,339.0,3.475,0.0,1014.45,81.5,82.9167
1716656400,2024-05-25 17:00:00,2024-05-25 19:00:00,ringsted,14.95,132.0,2.925,0.0,1014.6,88.75,96.6667
1716660000,2024-05-25 18:00:00,2024-05-25 20:00:00,ringsted,14.675,66.0,2.525,0.0,1014.74,92.0,88.3333
1716663600,2024-05-25 19:00:00,2024-05-25 21:00:00,ringsted,14.45,29.0,2.475,0.0,1015.23,93.0,84.1667
1716667200,2024-05-25 20:00:00,2024-05-25 22:00:00,ringsted,13.525,4.0,2.725,0.0,1015.74,95.75,51.6667
1716670800,2024-05-25 21:00:00,2024-05-25 23:00:00,ringsted,13.2,0.0,2.225,0.0,1016.0,98.0,28.3333
1716674400,2024-05-25 22:00:00,2024-05-26 00:00:00,ringsted,13.025,0.0,2.1,0.0,1016.0,97.75,23.3333
1716678000,2024-05-25 23:00:00,2024-05-26 01:00:00,ringsted,12.825,0.0,1.8,0.0,1015.78,97.5,5.0
1716681600,2024-05-26 00:00:00,2024-05-26 02:00:00,ringsted,12.275,0.0,1.625,0.0,1015.34,97.75,9.16667
1716685200,2024-05-26 01:00:00,2024-05-26 03:00:00,ringsted,11.725,0.0,1.2,0.0,1015.26,98.0,2.91667
1716688800,2024-05-26 02:00:00,2024-05-26 04:00:00,ringsted,11.425,0.0,1.3,0.0,1015.25,98.25,7.5
1716692400,2024-05-26 03:00:00,2024-05-26 05:00:00,ringsted,11.4,1.5,1.375,0.0,1015.18,97.75,51.6667
1716696000,2024-05-26 04:00:00,2024-05-26 06:00:00,ringsted,12.25,33.0,1.875,0.0,1015.36,96.0,77.9167
1716699600,2024-05-26 05:00:00,2024-05-26 07:00:00,ringsted,13.475,78.5,1.975,0.675,1015.39,94.75,80.0
1716703200,2024-05-26 06:00:00,2024-05-26 08:00:00,ringsted,14.5,124.5,1.45,0.15,1015.15,92.75,90.8333
1716706800,2024-05-26 07:00:00,2024-05-26 09:00:00,ringsted,15.375,179.5,1.825,0.525,1014.84,91.25,63.75
1716710400,2024-05-26 08:00:00,2024-05-26 10:00:00,ringsted,17.3,363.0,2.5,0.0,1014.61,84.0,39.1667
1716714000,2024-05-26 09:00:00,2024-05-26 11:00:00,ringsted,18.7,426.0,2.7,0.0,1014.82,79.0,78.3333
1716717600,2024-05-26 10:00:00,2024-05-26 12:00:00,ringsted,19.3,578.5,3.1,0.0,1015.1,77.75,70.0
1716721200,2024-05-26 11:00:00,2024-05-26 13:00:00,ringsted,19.325,506.0,4.1,0.0,1014.86,76.25,54.1667
1716724800,2024-05-26 12:00:00,2024-05-26 14:00:00,ringsted,19.35,757.0,5.525,0.0,1014.29,76.75,8.33333
1716728400,2024-05-26 13:00:00,2024-05-26 15:00:00,ringsted,19.65,728.5,5.6,0.0,1014.08,74.5,10.8333
1716732000,2024-05-26 14:00:00,2024-05-26 16:00:00,ringsted,19.425,710.0,5.5,0.0,1013.71,73.25,1.66667
1716735600,2024-05-26 15:00:00,2024-05-26 17:00:00,ringsted,18.6,459.0,5.2,0.0,1013.75,77.25,8.33333
1716739200,2024-05-26 16:00:00,2024-05-26 18:00:00,ringsted,17.3,210.5,4.25,0.0,1013.22,83.0,47.0833
1716742800,2024-05-26 17:00:00,2024-05-26 19:00:00,ringsted,16.875,219.5,3.45,0.0,1013.45,85.5,38.75
1716746400,2024-05-26 18:00:00,2024-05-26 20:00:00,ringsted,17.175,162.5,3.75,0.0,1013.33,84.5,38.3333
1716750000,2024-05-26 19:00:00,2024-05-26 21:00:00,ringsted,16.025,53.5,3.7,0.0,1013.39,88.0,17.9167
1716753600,2024-05-26 20:00:00,2024-05-26 22:00:00,ringsted,14.95,6.0,2.775,0.0,1012.97,91.0,49.1667
1716757200,2024-05-26 21:00:00,2024-05-26 23:00:00,ringsted,14.225,0.0,2.375,0.0,1012.94,93.25,59.5833
1716760800,2024-05-26 22:00:00,2024-05-27 00:00:00,ringsted,13.925,0.0,2.7,0.0,1012.75,94.0,6.66667
1716764400,2024-05-26 23:00:00,2024-05-27 01:00:00,ringsted,13.425,0.0,2.375,0.0,1012.4,94.75,9.16667
1716768000,2024-05-27 00:00:00,2024-05-27 02:00:00,ringsted,13.125,0.0,2.225,0.0,1011.9,94.75,42.9167
1716771600,2024-05-27 01:00:00,2024-05-27 03:00:00,ringsted,13.25,0.0,2.875,0.0,1011.57,94.75,13.3333
1716775200,2024-05-27 02:00:00,2024-05-27 04:00:00,ringsted,13.275,0.0,2.825,0.0,1011.37,94.75,52.9167
1716778800,2024-05-27 03:00:00,2024-05-27 05:00:00,ringsted,13.375,1.5,2.275,0.0,1011.4,94.75,35.0
1716782400,2024-05-27 04:00:00,2024-05-27 06:00:00,ringsted,13.65,23.5,2.25,0.0,1011.6,95.5,36.25
1716786000,2024-05-27 05:00:00,2024-05-27 07:00:00,ringsted,14.8,100.5,2.5,0.0,1011.78,93.0,40.4167
1716789600,2024-05-27 06:00:00,2024-05-27 08:00:00,ringsted,16.45,224.0,2.425,0.0,1011.62,88.25,76.25
1716793200,2024-05-27 07:00:00,2024-05-27 09:00:00,ringsted,17.4,261.0,2.15,0.95,1012.14,83.75,74.1667
1716796800,2024-05-27 08:00:00,2024-05-27 10:00:00,ringsted,16.825,170.0,2.75,1.475,1012.26,85.5,60.0
1716800400,2024-05-27 09:00:00,2024-05-27 11:00:00,ringsted,16.375,213.5,3.225,2.075,1012.22,86.5,65.4167
1716804000,2024-05-27 10:00:00,2024-05-27 12:00:00,ringsted,17.125,368.5,3.5,0.475,1012.15,85.5,62.0833
1716807600,2024-05-27 11:00:00,2024-05-27 13:00:00,ringsted,18.45,506.5,3.625,0.0,1012.42,81.25,70.0
1716811200,2024-05-27 12:00:00,2024-05-27 14:00:00,ringsted,18.575,426.0,4.025,0.0,1012.52,81.0,69.1667
1716814800,2024-05-27 13:00:00,2024-05-27 15:00:00,ringsted,17.85,356.0,3.4,4.675,1012.32,83.75,48.6364
1716818400,2024-05-27 14:00:00,2024-05-27 16:00:00,ringsted,18.875,623.0,3.6,0.0,1012.13,79.0,27.0833
1716822000,2024-05-27 15:00:00,2024-05-27 17:00:00,ringsted,19.7,595.0,3.875,0.0,1012.16,68.25,12.5
1716825600,2024-05-27 16:00:00,2024-05-27 18:00:00,ringsted,19.875,503.5,3.275,0.0,1012.05,61.0,6.66667
1716829200,2024-05-27 17:00:00,2024-05-27 19:00:00,ringsted,19.75,378.0,2.275,0.0,1012.04,58.5,2.91667
1716832800,2024-05-27 18:00:00,2024-05-27 20:00:00,ringsted,19.45,223.0,1.5,0.0,1012.12,60.0,0.0
1716836400,2024-05-27 19:00:00,2024-05-27 21:00:00,ringsted,17.5,63.5,1.2,0.0,1012.58,73.75,0.0
1716840000,2024-05-27 20:00:00,2024-05-27 22:00:00,ringsted,15.125,6.5,0.825,0.0,1012.69,85.5,2.5
1716843600,2024-05-27 21:00:00,2024-05-27 23:00:00,ringsted,13.45,0.0,1.05,0.0,1012.37,92.75,2.5
1716847200,2024-05-27 22:00:00,2024-05-28 00:00:00,ringsted,12.4,0.0,0.875,0.0,1011.9,95.25,10.4167
1716850800,2024-05-27 23:00:00,2024-05-28 01:00:00,ringsted,11.65,0.0,0.925,0.0,1011.31,96.75,0.833333
1716854400,2024-05-28 00:00:00,2024-05-28 02:00:00,ringsted,11.325,0.0,0.875,0.0,1010.93,97.0,0.833333
1716858000,2024-05-28 01:00:00,2024-05-28 03:00:00,ringsted,10.55,0.0,0.725,0.0,1010.49,97.5,35.0
1716861600,2024-05-28 02:00:00,2024-05-28 04:00:00,ringsted,10.475,0.0,1.15,0.0,1009.98,97.0,83.3333
1716865200,2024-05-28 03:00:00,2024-05-28 05:00:00,ringsted,11.15,1.0,1.5,0.0,1009.52,97.5,90.9091
1716868800,2024-05-28 04:00:00,2024-05-28 06:00:00,ringsted,12.4,18.0,1.825,0.0,1009.21,96.75,90.8333
1716872400,2024-05-28 05:00:00,2024-05-28 07:00:00,ringsted,14.1,42.0,2.975,0.4,1008.6,95.5,90.0
1716876000,2024-05-28 06:00:00,2024-05-28 08:00:00,ringsted,14.475,60.5,2.75,0.825,1008.19,95.25,90.0
1716879600,2024-05-28 07:00:00,2024-05-28 09:00:00,ringsted,14.825,73.5,3.625,1.55,1007.81,94.25,91.6667
1716883200,2024-05-28 08:00:00,2024-05-28 10:00:00,ringsted,15.375,202.5,4.5,0.65,1007.84,94.5,85.0
1716886800,2024-05-28 09:00:00,2024-05-28 11:00:00,ringsted,16.675,364.5,4.85,0.0,1007.97,90.25,87.5
1716890400,2024-05-28 10:00:00,2024-05-28 12:00:00,ringsted,16.85,420.0,5.15,0.025,1008.29,87.25,90.0
1716894000,2024-05-28 11:00:00,2024-05-28 13:00:00,ringsted,16.875,360.5,5.35,0.0,1008.97,84.5,90.0
1716897600,2024-05-28 12:00:00,2024-05-28 14:00:00,ringsted,16.525,331.5,5.825,0.0,1009.59,82.5,85.0
1716901200,2024-05-28 13:00:00,2024-05-28 15:00:00,ringsted,15.675,187.0,5.4,0.0,1009.86,83.5,87.5
1716904800,2024-05-28 14:00:00,2024-05-28 16:00:00,ringsted,15.05,212.0,5.35,0.0,1010.33,83.0,87.5
1716908400,2024-05-28 15:00:00,2024-05-28 17:00:00,ringsted,14.625,186.0,4.825,0.0,1010.45,81.25,71.6667
1716912000,2024-05-28 16:00:00,2024-05-28 18:00:00,ringsted,14.925,402.5,4.65,0.0,1010.73,76.75,64.5833
1716915600,2024-05-28 17:00:00,2024-05-28 19:00:00,ringsted,15.275,306.0,3.875,0.0,1010.86,72.75,20.0
1716919200,2024-05-28 18:00:00,2024-05-28 20:00:00,ringsted,14.925,145.0,3.2,0.0,1011.05,73.25,47.0833
1716922800,2024-05-28 19:00:00,2024-05-28 21:00:00,ringsted,14.275,64.0,2.225,0.0,1011.36,77.75,38.75
1716926400,2024-05-28 20:00:00,2024-05-28 22:00:00,ringsted,13.0,14.5,1.775,0.0,1011.46,85.0,29.5833
1716930000,2024-05-28 21:00:00,2024-05-28 23:00:00,ringsted,11.55,0.0,1.45,0.0,1011.3,90.0,0.0
1716933600,2024-05-28 22:00:00,2024-05-29 00:00:00,ringsted,10.65,0.0,1.55,0.0,1011.09,92.75,0.0
1716937200,2024-05-28 23:00:00,2024-05-29 01:00:00,ringsted,10.4,0.0,1.7,0.0,1010.82,93.75,0.0
1716940800,2024-05-29 00:00:00,2024-05-29 02:00:00,ringsted,9.75,0.0,1.725,0.025,1010.56,95.0,2.5
1716944400,2024-05-29 01:00:00,2024-05-29 03:00:00,ringsted,9.6,0.0,2.2,0.0,1010.13,95.25,2.5
1716948000,2024-05-29 02:00:00,2024-05-29 04:00:00,ringsted,9.45,0.0,2.4,0.0,1009.67,96.75,0.0
1716951600,2024-05-29 03:00:00,2024-05-29 05:00:00,ringsted,10.075,1.5,2.7,0.0,1009.24,96.75,3.75
1716955200,2024-05-29 04:00:00,2024-05-29 06:00:00,ringsted,10.9,44.0,2.95,0.0,1008.65,94.5,11.6667
1716958800,2024-05-29 05:00:00,2024-05-29 07:00:00,ringsted,12.375,156.0,3.325,0.0,1008.19,91.25,19.1667
1716962400,2024-05-29 06:00:00,2024-05-29 08:00:00,ringsted,14.2,303.5,3.975,0.0,1007.78,84.0,35.8333
1716966000,2024-05-29 07:00:00,2024-05-29 09:00:00,ringsted,15.275,325.5,5.0,0.0,1007.45,76.25,67.0833
1716969600,2024-05-29 08:00:00,2024-05-29 10:00:00,ringsted,15.475,274.5,5.25,0.0,1007.2,74.75,93.3333
1716973200,2024-05-29 09:00:00,2024-05-29 11:00:00,ringsted,15.4,256.0,5.45,0.0,1006.8,74.75,91.6667
1716976800,2024-05-29 10:00:00,2024-05-29 12:00:00,ringsted,15.825,391.0,6.275,0.0,1006.4,74.75,91.6667
1716980400,2024-05-29 11:00:00,2024-05-29 13:00:00,ringsted,15.575,241.5,5.975,0.15,1006.08,78.25,95.0
1716984000,2024-05-29 12:00:00,2024-05-29 14:00:00,ringsted,15.35,275.0,5.175,0.45,1005.55,83.75,92.5
1716987600,2024-05-29 13:00:00,2024-05-29 15:00:00,ringsted,15.275,227.0,5.075,0.1,1005.02,86.25,93.3333
1716991200,2024-05-29 14:00:00,2024-05-29 16:00:00,ringsted,15.375,170.0,4.025,0.5,1004.3,89.0,93.3333
1716994800,2024-05-29 15:00:00,2024-05-29 17:00:00,ringsted,15.775,158.5,3.85,0.1,1003.7,87.0,90.0
1716998400,2024-05-29 16:00:00,2024-05-29 18:00:00,ringsted,15.525,84.5,4.0,0.625,1003.55,87.25,91.6667
1717002000,2024-05-29 17:00:00,2024-05-29 19:00:00,ringsted,14.65,45.5,4.3,3.4,1003.54,92.75,82.5
1717005600,2024-05-29 18:00:00,2024-05-29 20:00:00,ringsted,14.375,42.5,3.25,2.8,1003.31,95.75,75.4167
1717009200,2024-05-29 19:00:00,2024-05-29 21:00:00,ringsted,14.475,38.0,2.775,0.275,1003.43,95.75,80.8333
1717012800,2024-05-29 20:00:00,2024-05-29 22:00:00,ringsted,14.25,5.0,2.925,0.0,1003.54,96.25,85.0
1717016400,2024-05-29 21:00:00,2024-05-29 23:00:00,ringsted,13.825,0.0,3.325,0.1,1003.45,96.25,93.3333
1717020000,2024-05-29 22:00:00,2024-05-30 00:00:00,ringsted,13.725,0.0,2.925,0.1,1003.08,96.75,90.0
1717023600,2024-05-29 23:00:00,2024-05-30 01:00:00,ringsted,13.525,0.0,2.625,0.0,1003.03,96.75,90.8333
1717027200,2024-05-30 00:00:00,2024-05-30 02:00:00,ringsted,13.275,0.0,2.5,0.0,1002.88,97.25,95.0
1717030800,2024-05-30 01:00:00,2024-05-30 03:00:00,ringsted,13.35,0.0,2.375,0.0,1002.6,97.5,91.25
1717034400,2024-05-30 02:00:00,2024-05-30 04:00:00,ringsted,13.375,0.0,2.075,0.0,1002.35,97.5,88.3333
1717038000,2024-05-30 03:00:00,2024-05-30 05:00:00,ringsted,13.325,1.0,2.025,0.0,1002.21,97.75,60.0
1717041600,2024-05-30 04:00:00,2024-05-30 06:00:00,ringsted,13.425,21.5,1.9,0.025,1002.1,97.25,57.5
1717045200,2024-05-30 05:00:00,2024-05-30 07:00:00,ringsted,13.75,76.5,2.125,0.0,1002.15,96.75,87.5
1717048800,2024-05-30 06:00:00,2024-05-30 08:00:00,ringsted,14.4,94.5,1.9,0.05,1002.3,95.5,87.5
1717052400,2024-05-30 07:00:00,2024-05-30 09:00:00,ringsted,14.9,237.0,2.175,0.0,1002.51,94.75,52.5
1717056000,2024-05-30 08:00:00,2024-05-30 10:00:00,ringsted,15.85,324.0,2.65,0.0,1002.87,88.75,68.3333
1717059600,2024-05-30 09:00:00,2024-05-30 11:00:00,ringsted,16.45,348.5,3.025,0.0,1003.11,84.5,60.8333
1717063200,2024-05-30 10:00:00,2024-05-30 12:00:00,ringsted,17.0,424.0,3.175,0.0,1003.27,81.5,61.6667
1717066800,2024-05-30 11:00:00,2024-05-30 13:00:00,ringsted,17.3,347.0,3.2,0.0,1003.11,78.25,56.6667
1717070400,2024-05-30 12:00:00,2024-05-30 14:00:00,ringsted,17.95,642.5,2.85,0.0,1002.82,74.0,45.4167
1717074000,2024-05-30 13:00:00,2024-05-30 15:00:00,ringsted,18.375,572.0,2.825,0.0,1003.03,73.0,52.0833
1717077600,2024-05-30 14:00:00,2024-05-30 16:00:00,ringsted,18.35,472.5,3.375,0.0,1003.08,74.25,67.5
1717081200,2024-05-30 15:00:00,2024-05-30 17:00:00,ringsted,18.225,404.5,4.1,0.05,1002.92,74.25,39.1667
1717084800,2024-05-30 16:00:00,2024-05-30 18:00:00,ringsted,18.1,432.0,3.6,0.0,1002.85,76.25,40.4167
1717088400,2024-05-30 17:00:00,2024-05-30 19:00:00,ringsted,17.825,250.5,2.475,0.0,1003.28,76.25,51.6667
1717092000,2024-05-30 18:00:00,2024-05-30 20:00:00,ringsted,16.85,123.0,1.875,0.0,1003.45,80.25,81.25
1717095600,2024-05-30 19:00:00,2024-05-30 21:00:00,ringsted,16.1,28.5,1.3,0.15,1003.54,86.0,95.0
1717099200,2024-05-30 20:00:00,2024-05-30 22:00:00,ringsted,15.4,8.5,1.025,0.0,1003.8,90.5,92.5
1717102800,2024-05-30 21:00:00,2024-05-30 23:00:00,ringsted,15.175,0.0,1.5,0.025,1003.89,90.0,78.75
1717106400,2024-05-30 22:00:00,2024-05-31 00:00:00,ringsted,14.8,0.0,1.25,0.675,1003.67,91.0,87.0833
1717110000,2024-05-30 23:00:00,2024-05-31 01:00:00,ringsted,14.85,0.0,1.675,0.125,1003.23,91.5,78.75
1717113600,2024-05-31 00:00:00,2024-05-31 02:00:00,ringsted,14.6,0.0,2.45,0.125,1003.6,91.25,92.5
1717117200,2024-05-31 01:00:00,2024-05-31 03:00:00,ringsted,14.65,0.0,2.05,1.025,1003.56,91.25,97.5
1717120800,2024-05-31 02:00:00,2024-05-31 04:00:00,ringsted,14.425,0.0,2.225,0.525,1003.37,94.0,93.3333
1717124400,2024-05-31 03:00:00,2024-05-31 05:00:00,ringsted,14.35,0.0,2.2,0.775,1003.27,95.75,91.6667
1717128000,2024-05-31 04:00:00,2024-05-31 06:00:00,ringsted,14.5,12.5,2.3,0.275,1003.85,96.0,94.1667
1717131600,2024-05-31 05:00:00,2024-05-31 07:00:00,ringsted,14.675,7.0,2.625,3.65,1004.36,95.5,92.5
1717135200,2024-05-31 06:00:00,2024-05-31 08:00:00,ringsted,14.7,21.5,2.775,1.625,1004.51,95.75,86.3636
1717138800,2024-05-31 07:00:00,2024-05-31 09:00:00,ringsted,15.15,120.5,2.875,0.7,1004.75,95.0,88.3333
1717142400,2024-05-31 08:00:00,2024-05-31 10:00:00,ringsted,15.675,212.0,3.4,0.3,1005.12,93.25,73.3333
1717146000,2024-05-31 09:00:00,2024-05-31 11:00:00,ringsted,16.725,300.5,3.675,0.0,1005.56,90.25,77.5
1717149600,2024-05-31 10:00:00,2024-05-31 12:00:00,ringsted,17.25,300.5,3.975,0.0,1005.96,88.25,90.0
1717153200,2024-05-31 11:00:00,2024-05-31 13:00:00,ringsted,17.9,368.5,3.575,0.0,1006.16,86.25,63.75
1717156800,2024-05-31 12:00:00,2024-05-31 14:00:00,ringsted,19.075,498.5,3.05,0.0,1006.32,81.5,65.4167
1717160400,2024-05-31 13:00:00,2024-05-31 15:00:00,ringsted,19.7,380.0,2.775,0.0,1006.08,78.25,57.5
1717164000,2024-05-31 14:00:00,2024-05-31 16:00:00,ringsted,20.8,526.5,2.825,0.0,1006.05,74.5,31.25
1717167600,2024-05-31 15:00:00,2024-05-31 17:00:00,ringsted,21.625,624.5,3.4,0.0,1006.18,71.0,11.6667
1717171200,2024-05-31 16:00:00,2024-05-31 18:00:00,ringsted,21.45,404.5,3.05,0.0,1006.4,70.5,18.3333
1717174800,2024-05-31 17:00:00,2024-05-31 19:00:00,ringsted,20.725,343.5,3.025,0.0,1006.86,71.5,11.6667
1717178400,2024-05-31 18:00:00,2024-05-31 20:00:00,ringsted,20.0,187.5,2.45,0.0,1007.39,73.75,0.0
1717182000,2024-05-31 19:00:00,2024-05-31 21:00:00,ringsted,18.95,64.5,1.4,0.0,1007.97,79.5,3.33333
1717185600,2024-05-31 20:00:00,2024-05-31 22:00:00,ringsted,17.425,8.5,0.75,0.0,1008.42,87.0,0.0
1717189200,2024-05-31 21:00:00,2024-05-31 23:00:00,ringsted,16.45,0.0,1.825,0.0,1008.72,88.5,0.0
1717192800,2024-05-31 22:00:00,2024-06-01 00:00:00,ringsted,15.65,0.0,1.8,0.0,1008.91,89.75,17.5
1717196400,2024-05-31 23:00:00,2024-06-01 01:00:00,ringsted,14.85,0.0,1.175,0.0,1008.93,91.75,0.0
1717200000,2024-06-01 00:00:00,2024-06-01 02:00:00,ringsted,14.325,0.0,1.85,0.0,1008.81,92.0,2.5
1717203600,2024-06-01 01:00:00,2024-06-01 03:00:00,ringsted,13.725,0.0,1.675,0.0,1008.77,92.75,0.0
1717207200,2024-06-01 02:00:00,2024-06-01 04:00:00,ringsted,13.625,0.0,1.675,0.0,1008.83,92.25,0.0
1717210800,2024-06-01 03:00:00,2024-06-01 05:00:00,ringsted,13.45,2.0,1.1,0.0,1008.94,92.0,0.0
1717214400,2024-06-01 04:00:00,2024-06-01 06:00:00,ringsted,13.525,46.0,1.425,0.0,1009.24,91.25,0.0
1717218000,2024-06-01 05:00:00,2024-06-01 07:00:00,ringsted,15.325,153.5,2.15,0.0,1009.67,87.25,0.833333
1717221600,2024-06-01 06:00:00,2024-06-01 08:00:00,ringsted,17.25,284.5,2.525,0.0,1009.98,82.0,0.833333
1717225200,2024-06-01 07:00:00,2024-06-01 09:00:00,ringsted,18.925,425.5,2.8,0.0,1010.21,76.0,21.6667
1717228800,2024-06-01 08:00:00,2024-06-01 10:00:00,ringsted,20.325,545.5,2.7,0.0,1010.15,70.0,21.25
1717232400,2024-06-01 09:00:00,2024-06-01 11:00:00,ringsted,21.45,568.5,3.1,0.0,1010.05,64.5,37.5
1717236000,2024-06-01 10:00:00,2024-06-01 12:00:00,ringsted,22.475,725.0,3.3,0.0,1009.94,61.75,25.8333
1717239600,2024-06-01 11:00:00,2024-06-01 13:00:00,ringsted,23.25,706.0,3.425,0.0,1009.82,60.0,34.1667
1717243200,2024-06-01 12:00:00,2024-06-01 14:00:00,ringsted,23.925,691.5,3.85,0.0,1009.7,56.25,25.4167
1717246800,2024-06-01 13:00:00,2024-06-01 15:00:00,ringsted,23.95,716.0,4.525,0.0,1009.46,59.0,7.5
1717250400,2024-06-01 14:00:00,2024-06-01 16:00:00,ringsted,23.675,653.5,4.975,0.0,1009.47,59.5,0.833333
1717254000,2024-06-01 15:00:00,2024-06-01 17:00:00,ringsted,23.275,628.5,5.325,0.0,1009.58,58.25,11.25
1717257600,2024-06-01 16:00:00,2024-06-01 18:00:00,ringsted,23.175,434.0,5.225,0.0,1009.79,56.5,45.0
1717261200,2024-06-01 17:00:00,2024-06-01 19:00:00,ringsted,22.675,270.0,5.075,0.0,1009.89,57.25,43.75
1717264800,2024-06-01 18:00:00,2024-06-01 20:00:00,ringsted,21.95,169.0,4.275,0.0,1009.9,60.0,39.1667
1717268400,2024-06-01 19:00:00,2024-06-01 21:00:00,ringsted,21.1,110.5,3.475,0.0,1010.26,66.5,75.0
1717272000,2024-06-01 20:00:00,2024-06-01 22:00:00,ringsted,19.7,16.5,2.925,0.0,1010.27,72.25,46.6667
1717275600,2024-06-01 21:00:00,2024-06-01 23:00:00,ringsted,18.325,0.0,2.775,0.0,1010.22,79.0,22.9167
1717279200,2024-06-01 22:00:00,2024-06-02 00:00:00,ringsted,17.475,0.0,3.6,0.0,1009.97,82.75,13.3333
1717282800,2024-06-01 23:00:00,2024-06-02 01:00:00,ringsted,17.325,0.0,3.95,0.0,1009.97,85.75,0.833333
1717286400,2024-06-02 00:00:00,2024-06-02 02:00:00,ringsted,16.6,0.0,3.5,0.0,1009.92,91.0,20.0
1717290000,2024-06-02 01:00:00,2024-06-02 03:00:00,ringsted,16.225,0.0,3.15,0.0,1009.75,91.75,0.0
1717293600,2024-06-02 02:00:00,2024-06-02 04:00:00,ringsted,15.8,0.0,2.925,0.0,1009.7,92.5,12.9167
1717297200,2024-06-02 03:00:00,2024-06-02 05:00:00,ringsted,15.325,2.0,2.925,0.0,1009.8,93.75,24.5833
1717300800,2024-06-02 04:00:00,2024-06-02 06:00:00,ringsted,15.4,32.5,2.825,0.0,1010.05,94.5,41.25
1717304400,2024-06-02 05:00:00,2024-06-02 07:00:00,ringsted,15.875,92.5,3.325,0.0,1010.24,93.75,76.6667
1717308000,2024-06-02 06:00:00,2024-06-02 08:00:00,ringsted,16.55,132.5,4.025,0.0,1010.53,92.25,94.1667
1717311600,2024-06-02 07:00:00,2024-06-02 09:00:00,ringsted,17.2,190.5,4.0,0.0,1010.58,89.75,93.3333
1717315200,2024-06-02 08:00:00,2024-06-02 10:00:00,ringsted,18.3,393.5,4.025,0.0,1010.55,86.25,88.3333
1717318800,2024-06-02 09:00:00,2024-06-02 11:00:00,ringsted,19.4,468.0,4.275,0.0,1010.48,82.5,50.4167
1717322400,2024-06-02 10:00:00,2024-06-02 12:00:00,ringsted,20.5,665.0,4.55,0.0,1010.36,78.75,10.0
1717326000,2024-06-02 11:00:00,2024-06-02 13:00:00,ringsted,21.525,784.0,4.275,0.0,1010.21,76.25,0.0
1717329600,2024-06-02 12:00:00,2024-06-02 14:00:00,ringsted,22.25,820.0,4.1,0.0,1009.88,73.5,0.0
1717333200,2024-06-02 13:00:00,2024-06-02 15:00:00,ringsted,22.75,769.0,4.6,0.0,1009.88,70.75,0.0
1717336800,2024-06-02 14:00:00,2024-06-02 16:00:00,ringsted,22.9,729.5,5.45,0.0,1010.2,67.75,0.0
1717340400,2024-06-02 15:00:00,2024-06-02 17:00:00,ringsted,22.725,635.5,5.75,0.0,1010.34,66.0,0.0
1717344000,2024-06-02 16:00:00,2024-06-02 18:00:00,ringsted,22.625,511.5,4.8,0.0,1010.11,66.0,1.66667
1717347600,2024-06-02 17:00:00,2024-06-02 19:00:00,ringsted,22.4,337.5,4.25,0.0,1010.02,67.75,0.833333
1717351200,2024-06-02 18:00:00,2024-06-02 20:00:00,ringsted,21.85,205.0,3.7,0.0,1009.92,70.0,0.833333
1717354800,2024-06-02 19:00:00,2024-06-02 21:00:00,ringsted,20.675,77.0,3.225,0.0,1010.12,76.0,29.1667
1717358400,2024-06-02 20:00:00,2024-06-02 22:00:00,ringsted,18.9,10.5,2.875,0.0,1010.41,83.75,44.5833
1717362000,2024-06-02 21:00:00,2024-06-02 23:00:00,ringsted,17.725,0.0,4.025,0.0,1010.2,84.75,0.0
1717365600,2024-06-02 22:00:00,2024-06-03 00:00:00,ringsted,16.175,0.0,3.375,0.0,1010.45,87.25,23.3333
1717369200,2024-06-02 23:00:00,2024-06-03 01:00:00,ringsted,15.175,0.0,3.85,0.0,1010.55,90.25,76.25
1717372800,2024-06-03 00:00:00,2024-06-03 02:00:00,ringsted,14.725,0.0,4.86667,0.0,1010.28,89.0,52.5
1717376400,2024-06-03 01:00:00,2024-06-03 03:00:00,ringsted,13.7,0.0,3.925,0.0,1010.25,90.0,80.8333
1717380000,2024-06-03 02:00:00,2024-06-03 04:00:00,ringsted,13.1,0.0,4.1,0.0,1010.01,89.75,70.8333
1717383600,2024-06-03 03:00:00,2024-06-03 05:00:00,ringsted,12.425,2.0,4.375,0.0,1009.9,87.5,55.8333
1717387200,2024-06-03 04:00:00,2024-06-03 06:00:00,ringsted,11.825,30.0,4.1,0.0,1009.94,87.75,87.5
1717390800,2024-06-03 05:00:00,2024-06-03 07:00:00,ringsted,12.2,111.5,5.0,0.0,1010.01,84.0,89.1667
1717394400,2024-06-03 06:00:00,2024-06-03 08:00:00,ringsted,12.7,165.0,5.225,0.0,1010.13,80.25,87.9167
1717398000,2024-06-03 07:00:00,2024-06-03 09:00:00,ringsted,13.3,271.0,4.8,0.0,1009.81,77.5,80.0
1717401600,2024-06-03 08:00:00,2024-06-03 10:00:00,ringsted,14.375,443.5,4.35,0.0,1009.7,75.0,83.75
1717405200,2024-06-03 09:00:00,2024-06-03 11:00:00,ringsted,15.275,477.5,4.825,0.0,1009.75,73.5,71.6667
1717408800,2024-06-03 10:00:00,2024-06-03 12:00:00,ringsted,15.975,579.5,5.475,0.0,1009.56,71.5,83.75
1717412400,2024-06-03 11:00:00,2024-06-03 13:00:00,ringsted,16.4,490.5,5.65,0.0,1009.55,71.75,90.9091
1717416000,2024-06-03 12:00:00,2024-06-03 14:00:00,ringsted,16.55,406.5,5.55,0.0,1009.55,74.5,91.6667
1717419600,2024-06-03 13:00:00,2024-06-03 15:00:00,ringsted,17.1,385.5,5.525,0.0,1009.43,74.25,97.5
1717423200,2024-06-03 14:00:00,2024-06-03 16:00:00,ringsted,17.05,242.0,5.55,0.0,1009.44,76.75,96.6667
1717426800,2024-06-03 15:00:00,2024-06-03 17:00:00,ringsted,16.675,164.0,5.65,0.0,1009.4,78.5,95.0
1717430400,2024-06-03 16:00:00,2024-06-03 18:00:00,ringsted,16.45,179.0,5.15,0.0,1009.27,79.75,94.1667
1717434000,2024-06-03 17:00:00,2024-06-03 19:00:00,ringsted,16.525,141.5,4.625,0.0,1009.02,79.0,90.0
1717437600,2024-06-03 18:00:00,2024-06-03 20:00:00,ringsted,16.5,115.0,4.4,0.0,1009.06,79.0,26.25
1717441200,2024-06-03 19:00:00,2024-06-03 21:00:00,ringsted,16.1,84.5,4.625,0.0,1009.3,78.25,9.58333
1717444800,2024-06-03 20:00:00,2024-06-03 22:00:00,ringsted,14.625,21.0,3.975,0.0,1009.47,81.5,1.66667
1717448400,2024-06-03 21:00:00,2024-06-03 23:00:00,ringsted,13.15,0.5,2.85,0.0,1009.64,86.75,0.0
1717452000,2024-06-03 22:00:00,2024-06-04 00:00:00,ringsted,12.275,0.0,2.95,0.0,1009.77,89.5,0.0
1717455600,2024-06-03 23:00:00,2024-06-04 01:00:00,ringsted,11.625,0.0,2.35,0.0,1009.78,91.25,0.0
1717459200,2024-06-04 00:00:00,2024-06-04 02:00:00,ringsted,10.875,0.0,2.1,0.0,1009.83,92.25,0.833333
1717462800,2024-06-04 01:00:00,2024-06-04 03:00:00,ringsted,10.075,0.0,2.1,0.0,1009.8,93.25,0.0
1717466400,2024-06-04 02:00:00,2024-06-04 04:00:00,ringsted,9.425,0.0,1.9,0.0,1009.79,94.25,3.33333
1717470000,2024-06-04 03:00:00,2024-06-04 05:00:00,ringsted,8.9,3.5,1.975,0.0,1009.8,95.0,2.5
1717473600,2024-06-04 04:00:00,2024-06-04 06:00:00,ringsted,9.3,50.5,1.675,0.0,1009.75,95.25,6.66667
1717477200,2024-06-04 05:00:00,2024-06-04 07:00:00,ringsted,10.35,134.5,1.425,0.0,1009.88,94.0,49.1667
1717480800,2024-06-04 06:00:00,2024-06-04 08:00:00,ringsted,12.025,232.5,1.825,0.0,1009.87,89.75,48.75
1717484400,2024-06-04 07:00:00,2024-06-04 09:00:00,ringsted,13.45,313.5,1.95,0.0,1009.71,82.25,45.0
1717488000,2024-06-04 08:00:00,2024-06-04 10:00:00,ringsted,14.7,451.0,1.35,0.0,1009.41,74.5,31.6667
1717491600,2024-06-04 09:00:00,2024-06-04 11:00:00,ringsted,15.975,615.5,1.6,0.0,1009.15,66.75,10.8333
1717495200,2024-06-04 10:00:00,2024-06-04 12:00:00,ringsted,16.9,739.5,2.55,0.0,1008.76,59.25,18.3333
1717498800,2024-06-04 11:00:00,2024-06-04 13:00:00,ringsted,17.375,737.0,3.675,0.0,1008.28,58.5,52.5
1717502400,2024-06-04 12:00:00,2024-06-04 14:00:00,ringsted,17.8,681.0,4.15,0.0,1007.76,60.75,83.3333
1717506000,2024-06-04 13:00:00,2024-06-04 15:00:00,ringsted,17.875,556.5,4.2,0.0,1007.35,62.5,90.8333
1717509600,2024-06-04 14:00:00,2024-06-04 16:00:00,ringsted,17.375,309.0,3.975,0.0,1006.95,67.0,94.1667
1717513200,2024-06-04 15:00:00,2024-06-04 17:00:00,ringsted,16.9,225.5,4.05,0.125,1006.39,77.75,95.0
1717516800,2024-06-04 16:00:00,2024-06-04 18:00:00,ringsted,16.0,144.5,3.575,0.325,1005.8,86.25,80.8333
1717520400,2024-06-04 17:00:00,2024-06-04 19:00:00,ringsted,16.25,126.0,3.275,0.025,1005.19,85.5,84.1667
1717524000,2024-06-04 18:00:00,2024-06-04 20:00:00,ringsted,16.15,53.0,3.2,0.425,1004.76,86.0,90.8333
1717527600,2024-06-04 19:00:00,2024-06-04 21:00:00,ringsted,15.425,9.0,3.175,0.375,1004.33,90.5,95.0
1717531200,2024-06-04 20:00:00,2024-06-04 22:00:00,ringsted,14.875,2.0,3.175,0.7,1003.86,94.5,95.0
1717534800,2024-06-04 21:00:00,2024-06-04 23:00:00,ringsted,14.675,0.0,3.325,0.125,1003.36,94.25,95.0
1717538400,2024-06-04 22:00:00,2024-06-05 00:00:00,ringsted,14.475,0.0,3.275,0.0,1002.77,94.5,66.6667
1717542000,2024-06-04 23:00:00,2024-06-05 01:00:00,ringsted,14.4,0.0,3.3,0.0,1002.18,94.25,47.0833
1717545600,2024-06-05 00:00:00,2024-06-05 02:00:00,ringsted,14.375,0.0,3.55,0.0,1001.51,93.75,33.75
1717549200,2024-06-05 01:00:00,2024-06-05 03:00:00,ringsted,14.25,0.0,3.525,0.0,1000.81,93.5,55.0
1717552800,2024-06-05 02:00:00,2024-06-05 04:00:00,ringsted,14.425,0.0,4.125,0.0,999.908,92.25,81.25
1717556400,2024-06-05 03:00:00,2024-06-05 05:00:00,ringsted,14.675,2.5,4.625,0.0,999.233,90.5,90.0
1717560000,2024-06-05 04:00:00,2024-06-05 06:00:00,ringsted,14.775,13.5,5.0,0.025,998.842,88.5,84.1667
1717563600,2024-06-05 05:00:00,2024-06-05 07:00:00,ringsted,14.925,45.0,5.15,0.0,999.058,86.5,90.0
1717567200,2024-06-05 06:00:00,2024-06-05 08:00:00,ringsted,14.625,47.5,5.875,0.625,1000.08,88.0,92.5
1717570800,2024-06-05 07:00:00,2024-06-05 09:00:00,ringsted,13.35,171.0,5.45,0.2,1001.13,87.5,53.3333
1717574400,2024-06-05 08:00:00,2024-06-05 10:00:00,ringsted,13.55,493.0,5.7,0.05,1002.04,80.0,28.75
1717578000,2024-06-05 09:00:00,2024-06-05 11:00:00,ringsted,14.475,578.0,6.45,0.0,1002.81,67.75,38.3333
1717581600,2024-06-05 10:00:00,2024-06-05 12:00:00,ringsted,14.925,653.0,6.25,0.0,1003.47,58.0,32.5
1717585200,2024-06-05 11:00:00,2024-06-05 13:00:00,ringsted,15.675,746.0,5.975,0.0,1004.07,53.75,58.75
1717588800,2024-06-05 12:00:00,2024-06-05 14:00:00,ringsted,16.025,749.5,5.65,0.0,1004.54,53.25,60.8333
1717592400,2024-06-05 13:00:00,2024-06-05 15:00:00,ringsted,16.15,691.5,5.625,0.0,1004.9,51.75,50.0
1717596000,2024-06-05 14:00:00,2024-06-05 16:00:00,ringsted,15.925,565.5,5.125,0.0,1005.2,51.75,56.6667
1717599600,2024-06-05 15:00:00,2024-06-05 17:00:00,ringsted,15.7,369.5,4.95,0.0,1005.53,52.5,78.3333
1717603200,2024-06-05 16:00:00,2024-06-05 18:00:00,ringsted,15.15,212.5,4.825,0.0,1005.67,53.25,59.1667
1717606800,2024-06-05 17:00:00,2024-06-05 19:00:00,ringsted,14.775,184.5,4.5,0.0,1005.74,55.75,40.4167
1717610400,2024-06-05 18:00:00,2024-06-05 20:00:00,ringsted,14.175,180.5,4.3,0.0,1006.25,59.0,76.25
1717614000,2024-06-05 19:00:00,2024-06-05 21:00:00,ringsted,12.875,48.5,3.875,0.0,1006.8,65.5,79.1667
1717617600,2024-06-05 20:00:00,2024-06-05 22:00:00,ringsted,11.5,10.0,3.05,0.0,1007.22,70.5,7.91667
1717621200,2024-06-05 21:00:00,2024-06-05 23:00:00,ringsted,9.9,0.0,2.55,0.0,1007.58,79.0,1.66667
1717624800,2024-06-05 22:00:00,2024-06-06 00:00:00,ringsted,8.975,0.0,1.75,0.0,1007.92,82.75,10.0
1717628400,2024-06-05 23:00:00,2024-06-06 01:00:00,ringsted,8.575,0.0,2.125,0.0,1008.33,83.0,24.5833
1717632000,2024-06-06 00:00:00,2024-06-06 02:00:00,ringsted,8.5,0.0,2.65,0.0,1008.4,81.75,14.1667
1717635600,2024-06-06 01:00:00,2024-06-06 03:00:00,ringsted,7.95,0.0,2.1,0.0,1008.63,83.5,1.66667
1717639200,2024-06-06 02:00:00,2024-06-06 04:00:00,ringsted,7.675,0.0,2.4,0.0,1009.03,84.5,0.0
1717642800,2024-06-06 03:00:00,2024-06-06 05:00:00,ringsted,7.425,3.5,2.25,0.0,1009.2,86.75,0.833333
1717646400,2024-06-06 04:00:00,2024-06-06 06:00:00,ringsted,7.925,54.5,2.05,0.0,1009.42,87.0,22.5
1717650000,2024-06-06 05:00:00,2024-06-06 07:00:00,ringsted,10.05,137.5,3.225,0.0,1009.74,79.75,37.9167
1717653600,2024-06-06 06:00:00,2024-06-06 08:00:00,ringsted,11.725,220.0,4.35,0.0,1010.02,72.75,47.5
1717657200,2024-06-06 07:00:00,2024-06-06 09:00:00,ringsted,12.175,250.5,5.025,0.275,1010.35,71.25,60.4167
1717660800,2024-06-06 08:00:00,2024-06-06 10:00:00,ringsted,12.425,332.5,5.35,0.075,1010.53,69.25,56.25
1717664400,2024-06-06 09:00:00,2024-06-06 11:00:00,ringsted,13.3,569.5,4.975,0.0,1010.75,68.0,66.6667
1717668000,2024-06-06 10:00:00,2024-06-06 12:00:00,ringsted,13.45,339.5,5.525,0.075,1011.18,67.25,70.4167
1717671600,2024-06-06 11:00:00,2024-06-06 13:00:00,ringsted,12.4,239.5,5.25,0.05,1011.4,70.0,87.5
1717675200,2024-06-06 12:00:00,2024-06-06 14:00:00,ringsted,12.5,341.5,3.825,0.0,1011.5,71.5,80.0
1717678800,2024-06-06 13:00:00,2024-06-06 15:00:00,ringsted,12.825,387.5,4.975,0.075,1011.87,68.75,88.3333
1717682400,2024-06-06 14:00:00,2024-06-06 16:00:00,ringsted,11.4,211.5,3.95,0.275,1011.76,78.25,69.5833
1717686000,2024-06-06 15:00:00,2024-06-06 17:00:00,ringsted,12.125,338.0,4.075,0.025,1011.26,75.25,49.5833
1717689600,2024-06-06 16:00:00,2024-06-06 18:00:00,ringsted,13.125,348.0,4.975,0.0,1011.44,67.25,68.3333
1717693200,2024-06-06 17:00:00,2024-06-06 19:00:00,ringsted,12.8,193.0,4.775,0.0,1011.6,68.0,67.5
1717696800,2024-06-06 18:00:00,2024-06-06 20:00:00,ringsted,12.425,92.0,4.0,0.0,1011.62,70.0,73.3333
1717700400,2024-06-06 19:00:00,2024-06-06 21:00:00,ringsted,11.825,68.5,3.175,0.0,1011.83,75.0,25.4167
1717704000,2024-06-06 20:00:00,2024-06-06 22:00:00,ringsted,10.675,16.5,2.6,0.0,1012.03,80.75,1.66667
1717707600,2024-06-06 21:00:00,2024-06-06 23:00:00,ringsted,9.075,0.0,1.975,0.0,1012.11,87.5,5.83333
1717711200,2024-06-06 22:00:00,2024-06-07 00:00:00,ringsted,8.725,0.0,1.95,0.0,1012.21,88.5,24.1667
1717714800,2024-06-06 23:00:00,2024-06-07 01:00:00,ringsted,8.625,0.0,1.825,0.0,1012.22,88.5,18.3333
1717718400,2024-06-07 00:00:00,2024-06-07 02:00:00,ringsted,7.95,0.0,1.55,0.0,1012.24,90.75,0.833333
1717722000,2024-06-07 01:00:00,2024-06-07 03:00:00,ringsted,7.075,0.0,1.275,0.0,1012.3,93.25,0.0
1717725600,2024-06-07 02:00:00,2024-06-07 04:00:00,ringsted,6.45,0.0,1.175,0.0,1012.27,95.25,7.08333
1717729200,2024-06-07 03:00:00,2024-06-07 05:00:00,ringsted,6.0,3.5,1.05,0.0,1012.24,96.25,2.91667
1717732800,2024-06-07 04:00:00,2024-06-07 06:00:00,ringsted,6.725,54.5,1.225,0.0,1012.3,95.75,0.0
1717736400,2024-06-07 05:00:00,2024-06-07 07:00:00,ringsted,9.2,167.0,1.525,0.0,1012.34,90.75,3.33333
1717740000,2024-06-07 06:00:00,2024-06-07 08:00:00,ringsted,11.425,285.5,2.4,0.0,1012.3,81.75,50.0
1717743600,2024-06-07 07:00:00,2024-06-07 09:00:00,ringsted,11.925,303.5,3.175,0.025,1012.46,72.5,39.1667
1717747200,2024-06-07 08:00:00,2024-06-07 10:00:00,ringsted,12.125,400.5,3.4,0.175,1012.47,70.75,48.3333
1717750800,2024-06-07 09:00:00,2024-06-07 11:00:00,ringsted,12.675,516.0,3.725,0.0,1012.27,68.25,51.6667
1717754400,2024-06-07 10:00:00,2024-06-07 12:00:00,ringsted,13.8,586.0,4.4,0.0,1012.17,63.25,45.0
1717758000,2024-06-07 11:00:00,2024-06-07 13:00:00,ringsted,14.675,793.5,5.225,0.0,1011.98,57.5,42.9167
1717761600,2024-06-07 12:00:00,2024-06-07 14:00:00,ringsted,15.075,733.0,5.5,0.0,1011.88,55.0,61.6667
1717765200,2024-06-07 13:00:00,2024-06-07 15:00:00,ringsted,15.075,582.0,5.4,0.0,1011.7,55.0,70.0
1717768800,2024-06-07 14:00:00,2024-06-07 16:00:00,ringsted,14.775,398.0,5.4,0.0,1011.28,58.75,65.0
1717772400,2024-06-07 15:00:00,2024-06-07 17:00:00,ringsted,14.525,299.0,5.15,0.125,1010.91,60.5,72.5
1717776000,2024-06-07 16:00:00,2024-06-07 18:00:00,ringsted,13.6,194.0,5.05,0.0,1010.72,66.75,68.3333
1717779600,2024-06-07 17:00:00,2024-06-07 19:00:00,ringsted,12.85,166.0,3.85,0.325,1010.47,74.0,68.75
1717783200,2024-06-07 18:00:00,2024-06-07 20:00:00,ringsted,12.875,142.5,2.4,0.0,1010.31,76.25,79.5833
1717786800,2024-06-07 19:00:00,2024-06-07 21:00:00,ringsted,12.1,37.0,2.7,0.075,1010.12,81.0,89.1667
1717790400,2024-06-07 20:00:00,2024-06-07 22:00:00,ringsted,11.45,10.5,2.825,0.15,1010.16,81.75,65.0
1717794000,2024-06-07 21:00:00,2024-06-07 23:00:00,ringsted,11.025,0.0,2.775,0.0,1010.11,83.75,80.4167
1717797600,2024-06-07 22:00:00,2024-06-08 00:00:00,ringsted,10.875,0.0,3.0,0.3,1010.05,85.5,83.3333
1717801200,2024-06-07 23:00:00,2024-06-08 01:00:00,ringsted,10.55,0.0,2.45,0.175,1009.83,87.5,80.0
1717804800,2024-06-08 00:00:00,2024-06-08 02:00:00,ringsted,10.175,0.0,1.9,0.0,1009.46,88.75,43.3333
1717808400,2024-06-08 01:00:00,2024-06-08 03:00:00,ringsted,9.625,0.0,1.775,0.025,1009.05,90.75,2.08333
1717812000,2024-06-08 02:00:00,2024-06-08 04:00:00,ringsted,8.975,0.0,1.775,0.0,1008.71,93.0,52.0833
1717815600,2024-06-08 03:00:00,2024-06-08 05:00:00,ringsted,8.85,3.0,2.375,0.0,1008.26,93.25,54.1667
1717819200,2024-06-08 04:00:00,2024-06-08 06:00:00,ringsted,9.7,49.0,2.4,0.0,1007.72,91.25,62.9167
1717822800,2024-06-08 05:00:00,2024-06-08 07:00:00,ringsted,11.25,124.0,2.925,0.0,1007.28,88.25,75.0
1717826400,2024-06-08 06:00:00,2024-06-08 08:00:00,ringsted,12.65,173.5,4.025,0.0,1006.88,85.25,69.1667
1717830000,2024-06-08 07:00:00,2024-06-08 09:00:00,ringsted,13.425,174.0,4.425,0.0,1006.57,80.25,90.8333
1717833600,2024-06-08 08:00:00,2024-06-08 10:00:00,ringsted,13.675,158.5,4.875,0.0,1006.15,76.75,90.8333
1717837200,2024-06-08 09:00:00,2024-06-08 11:00:00,ringsted,14.2,325.0,5.5,0.05,1005.47,75.0,88.3333
1717840800,2024-06-08 10:00:00,2024-06-08 12:00:00,ringsted,14.4,361.0,6.0,0.0,1004.61,71.0,75.8333
1717844400,2024-06-08 11:00:00,2024-06-08 13:00:00,ringsted,15.25,448.0,6.05,0.0,1003.94,67.0,80.8333
1717848000,2024-06-08 12:00:00,2024-06-08 14:00:00,ringsted,16.225,398.0,6.25,0.0,1003.06,64.25,74.1667
1717851600,2024-06-08 13:00:00,2024-06-08 15:00:00,ringsted,17.05,417.5,6.55,0.0,1001.95,62.0,90.0
1717855200,2024-06-08 14:00:00,2024-06-08 16:00:00,ringsted,17.15,262.5,6.425,0.0,1001.08,61.25,90.0
1717858800,2024-06-08 15:00:00,2024-06-08 17:00:00,ringsted,17.05,219.0,6.45,0.0,1000.98,61.25,93.3333
1717862400,2024-06-08 16:00:00,2024-06-08 18:00:00,ringsted,14.725,43.0,6.225,1.425,1001.47,72.75,95.8333
1717866000,2024-06-08 17:00:00,2024-06-08 19:00:00,ringsted,11.775,39.0,5.4,1.775,1001.58,90.25,92.5
1717869600,2024-06-08 18:00:00,2024-06-08 20:00:00,ringsted,10.65,48.5,3.775,1.025,1001.28,92.0,90.0
1717873200,2024-06-08 19:00:00,2024-06-08 21:00:00,ringsted,10.625,55.5,3.775,0.025,1001.25,90.0,85.8333
1717876800,2024-06-08 20:00:00,2024-06-08 22:00:00,ringsted,10.4,13.0,3.625,0.35,1001.45,89.75,55.4167
1717880400,2024-06-08 21:00:00,2024-06-08 23:00:00,ringsted,9.8,0.0,3.45,0.0,1001.56,87.75,61.6667
1717884000,2024-06-08 22:00:00,2024-06-09 00:00:00,ringsted,9.5,0.0,3.375,0.0,1001.65,87.5,19.1667
1717887600,2024-06-08 23:00:00,2024-06-09 01:00:00,ringsted,8.625,0.0,3.25,0.0,1001.64,88.75,0.0
1717891200,2024-06-09 00:00:00,2024-06-09 02:00:00,ringsted,8.05,0.0,3.325,0.0,1001.47,89.0,0.0
1717894800,2024-06-09 01:00:00,2024-06-09 03:00:00,ringsted,7.775,0.0,3.0,0.0,1001.24,89.5,0.833333
1717898400,2024-06-09 02:00:00,2024-06-09 04:00:00,ringsted,7.85,0.0,3.15,0.0,1000.9,89.25,10.0
1717902000,2024-06-09 03:00:00,2024-06-09 05:00:00,ringsted,8.1,2.5,3.925,0.175,1000.53,86.25,4.16667
1717905600,2024-06-09 04:00:00,2024-06-09 06:00:00,ringsted,8.675,53.5,4.25,0.0,1000.33,84.0,8.33333
1717909200,2024-06-09 05:00:00,2024-06-09 07:00:00,ringsted,9.575,151.5,4.825,0.0,1000.05,81.5,19.1667
1717912800,2024-06-09 06:00:00,2024-06-09 08:00:00,ringsted,10.775,291.0,5.3,0.0,999.862,77.0,60.4167
1717916400,2024-06-09 07:00:00,2024-06-09 09:00:00,ringsted,11.45,365.0,5.975,0.0,999.629,72.75,85.0
1717920000,2024-06-09 08:00:00,2024-06-09 10:00:00,ringsted,11.2,294.5,5.875,0.0,999.392,71.75,52.5
1717923600,2024-06-09 09:00:00,2024-06-09 11:00:00,ringsted,11.9,623.0,6.55,0.025,999.225,70.5,42.0833
1717927200,2024-06-09 10:00:00,2024-06-09 12:00:00,ringsted,12.875,565.5,6.8,0.0,999.083,66.75,72.5
1717930800,2024-06-09 11:00:00,2024-06-09 13:00:00,ringsted,11.925,339.0,7.075,0.825,998.904,74.25,71.6667
1717934400,2024-06-09 12:00:00,2024-06-09 14:00:00,ringsted,11.55,455.5,7.025,0.5,998.474,80.75,65.8333
1717938000,2024-06-09 13:00:00,2024-06-09 15:00:00,ringsted,12.325,513.0,8.0,0.1,998.378,74.5,70.0
1717941600,2024-06-09 14:00:00,2024-06-09 16:00:00,ringsted,12.075,333.5,7.55,0.075,998.329,76.0,65.0
1717945200,2024-06-09 15:00:00,2024-06-09 17:00:00,ringsted,12.55,476.0,7.65,0.1,998.258,75.5,85.0
1717948800,2024-06-09 16:00:00,2024-06-09 18:00:00,ringsted,12.5,295.5,6.7,0.1,998.177,76.0,30.4167
1717952400,2024-06-09 17:00:00,2024-06-09 19:00:00,ringsted,12.575,285.5,6.775,0.05,998.362,73.25,13.3333
1717956000,2024-06-09 18:00:00,2024-06-09 20:00:00,ringsted,12.475,180.0,6.275,0.0,998.414,72.5,6.66667
1717959600,2024-06-09 19:00:00,2024-06-09 21:00:00,ringsted,11.7,59.0,5.275,0.0,998.675,75.0,17.5
1717963200,2024-06-09 20:00:00,2024-06-09 22:00:00,ringsted,10.975,23.0,4.9,0.0,998.825,79.5,4.16667
1717966800,2024-06-09 21:00:00,2024-06-09 23:00:00,ringsted,10.325,0.0,4.55,0.0,998.917,81.5,0.0
1717970400,2024-06-09 22:00:00,2024-06-10 00:00:00,ringsted,9.65,0.0,4.3,0.0,999.046,82.25,0.833333
1717974000,2024-06-09 23:00:00,2024-06-10 01:00:00,ringsted,9.425,0.0,4.5,0.0,998.925,83.0,14.1667
1717977600,2024-06-10 00:00:00,2024-06-10 02:00:00,ringsted,9.425,0.0,4.7,0.0,998.704,82.25,50.4167
1717981200,2024-06-10 01:00:00,2024-06-10 03:00:00,ringsted,9.575,0.0,4.975,0.0,998.326,81.5,63.3333
1717984800,2024-06-10 02:00:00,2024-06-10 04:00:00,ringsted,9.825,0.0,5.25,0.0,998.091,82.0,89.1667
1717988400,2024-06-10 03:00:00,2024-06-10 05:00:00,ringsted,10.025,2.5,5.45,0.0,997.958,82.25,69.1667
1717992000,2024-06-10 04:00:00,2024-06-10 06:00:00,ringsted,10.525,38.5,5.5,0.0,997.804,81.5,64.5833
1717995600,2024-06-10 05:00:00,2024-06-10 07:00:00,ringsted,11.075,146.0,5.825,0.0,997.729,81.0,41.6667
1717999200,2024-06-10 06:00:00,2024-06-10 08:00:00,ringsted,11.9,287.5,5.95,0.0,997.95,78.75,50.4167
1718002800,2024-06-10 07:00:00,2024-06-10 09:00:00,ringsted,12.475,292.5,6.3,0.0,998.283,76.0,47.5
1718006400,2024-06-10 08:00:00,2024-06-10 10:00:00,ringsted,13.275,478.5,6.275,0.0,998.438,72.25,55.0
1718010000,2024-06-10 09:00:00,2024-06-10 11:00:00,ringsted,14.1,595.0,6.15,0.0,998.717,67.75,70.0
1718013600,2024-06-10 10:00:00,2024-06-10 12:00:00,ringsted,14.475,470.0,5.875,0.0,998.963,65.25,61.25
1718017200,2024-06-10 11:00:00,2024-06-10 13:00:00,ringsted,14.9,512.0,5.9,0.0,998.971,64.0,61.6667
1718020800,2024-06-10 12:00:00,2024-06-10 14:00:00,ringsted,15.45,594.0,6.15,0.0,999.025,61.5,53.1818
1718024400,2024-06-10 13:00:00,2024-06-10 15:00:00,ringsted,15.325,574.5,6.15,0.0,998.975,61.5,47.5
1718028000,2024-06-10 14:00:00,2024-06-10 16:00:00,ringsted,15.75,563.5,5.7,0.0,998.95,61.0,43.3333
1718031600,2024-06-10 15:00:00,2024-06-10 17:00:00,ringsted,16.0,568.5,5.65,0.0,998.892,59.0,40.8333
1718035200,2024-06-10 16:00:00,2024-06-10 18:00:00,ringsted,15.55,356.0,5.475,0.0,998.921,59.75,48.3333
1718038800,2024-06-10 17:00:00,2024-06-10 19:00:00,ringsted,15.1,294.5,5.05,0.0,998.888,61.25,45.4167
1718042400,2024-06-10 18:00:00,2024-06-10 20:00:00,ringsted,14.575,185.5,4.175,0.0,998.958,63.75,38.75
1718046000,2024-06-10 19:00:00,2024-06-10 21:00:00,ringsted,13.65,101.5,3.15,0.0,999.092,69.5,47.0833
1718049600,2024-06-10 20:00:00,2024-06-10 22:00:00,ringsted,11.95,15.5,2.35,0.0,999.15,78.25,31.25
1718053200,2024-06-10 21:00:00,2024-06-10 23:00:00,ringsted,10.7,0.0,1.925,0.0,998.979,85.5,82.5
1718056800,2024-06-10 22:00:00,2024-06-11 00:00:00,ringsted,10.95,0.0,1.525,0.0,998.95,86.25,75.8333
1718060400,2024-06-10 23:00:00,2024-06-11 01:00:00,ringsted,11.025,0.0,1.675,0.025,998.733,88.5,97.5
1718064000,2024-06-11 00:00:00,2024-06-11 02:00:00,ringsted,10.7,0.0,1.25,0.0,998.357,91.25,88.3333
1718067600,2024-06-11 01:00:00,2024-06-11 03:00:00,ringsted,10.3,0.0,0.825,0.0,998.138,93.5,93.75
1718071200,2024-06-11 02:00:00,2024-06-11 04:00:00,ringsted,10.1,0.0,0.75,0.0,997.975,94.5,98.3333
1718074800,2024-06-11 03:00:00,2024-06-11 05:00:00,ringsted,10.275,1.0,1.075,0.3,997.938,94.25,97.5
1718078400,2024-06-11 04:00:00,2024-06-11 06:00:00,ringsted,10.3,11.5,1.35,0.55,998.133,95.25,99.1667
1718082000,2024-06-11 05:00:00,2024-06-11 07:00:00,ringsted,10.3,33.0,2.15,0.875,998.513,95.25,95.8333
1718085600,2024-06-11 06:00:00,2024-06-11 08:00:00,ringsted,10.475,97.0,2.6,0.875,999.104,93.5,77.5
1718089200,2024-06-11 07:00:00,2024-06-11 09:00:00,ringsted,10.875,236.0,3.1,0.4,999.588,91.5,70.8333
1718092800,2024-06-11 08:00:00,2024-06-11 10:00:00,ringsted,11.75,326.0,3.25,0.05,1000.12,87.25,92.5
1718096400,2024-06-11 09:00:00,2024-06-11 11:00:00,ringsted,12.55,340.5,3.575,0.0,1000.46,81.5,91.6667
1718100000,2024-06-11 10:00:00,2024-06-11 12:00:00,ringsted,13.25,410.5,4.375,0.0,1001.09,76.75,90.0
1718103600,2024-06-11 11:00:00,2024-06-11 13:00:00,ringsted,13.6333,383.5,4.63333,0.0,1001.84,74.6667,85.0
1718107200,2024-06-11 12:00:00,2024-06-11 14:00:00,ringsted,13.6667,267.5,4.7,0.0,1002.29,74.0,87.5
1718110800,2024-06-11 13:00:00,2024-06-11 15:00:00,ringsted,13.6333,260.0,4.23333,0.0,1002.69,74.3333,83.3333
1718114400,2024-06-11 14:00:00,2024-06-11 16:00:00,ringsted,13.6333,297.0,4.26667,0.0,1002.99,75.0,78.3333
1718118000,2024-06-11 15:00:00,2024-06-11 17:00:00,ringsted,13.8333,195.0,4.4,0.0,1003.19,73.0,89.1667
1718121600,2024-06-11 16:00:00,2024-06-11 18:00:00,ringsted,13.9333,180.5,4.16667,0.0,1003.33,72.0,93.6364
1718125200,2024-06-11 17:00:00,2024-06-11 19:00:00,ringsted,13.5,78.5,3.23333,0.0333333,1003.4,75.0,92.5
1718128800,2024-06-11 18:00:00,2024-06-11 20:00:00,ringsted,13.5667,75.5,3.96667,0.0,1003.88,72.3333,95.0
1718132400,2024-06-11 19:00:00,2024-06-11 21:00:00,ringsted,12.9667,41.0,3.86667,0.1,1004.49,76.0,95.0
1718136000,2024-06-11 20:00:00,2024-06-11 22:00:00,ringsted,12.5667,10.5,3.5,0.0,1004.87,76.6667,90.0
1718139600,2024-06-11 21:00:00,2024-06-11 23:00:00,ringsted,12.1333,0.0,3.43333,0.0,1005.68,76.3333,37.1429
1718143200,2024-06-11 22:00:00,2024-06-12 00:00:00,ringsted,11.1,0.0,3.75,0.0,1005.6,80.0,12.7778
1718146800,2024-06-11 23:00:00,2024-06-12 01:00:00,ringsted,10.3333,0.0,3.9,0.0,1005.47,81.3333,76.25
1718150400,2024-06-12 00:00:00,2024-06-12 02:00:00,ringsted,10.3667,0.0,3.73333,0.0,1005.38,82.3333,95.0
1718154000,2024-06-12 01:00:00,2024-06-12 03:00:00,ringsted,10.5333,0.0,3.66667,0.0,1005.53,83.3333,96.6667
1718157600,2024-06-12 02:00:00,2024-06-12 04:00:00,ringsted,10.3667,0.0,4.06667,0.0333333,1005.65,86.6667,95.8333
1718161200,2024-06-12 03:00:00,2024-06-12 05:00:00,ringsted,10.2667,1.0,4.23333,0.0666667,1005.88,86.3333,95.0
1718164800,2024-06-12 04:00:00,2024-06-12 06:00:00,ringsted,10.2667,12.0,4.16667,0.0,1006.14,85.0,95.0
1718168400,2024-06-12 05:00:00,2024-06-12 07:00:00,ringsted,10.3667,44.5,4.16667,0.0,1006.54,82.0,76.6667
1718172000,2024-06-12 06:00:00,2024-06-12 08:00:00,ringsted,10.7,164.5,4.56667,0.0,1006.96,79.0,57.5
1718175600,2024-06-12 07:00:00,2024-06-12 09:00:00,ringsted,11.3667,332.5,5.7,0.0,1007.24,74.0,75.0
1718179200,2024-06-12 08:00:00,2024-06-12 10:00:00,ringsted,12.4,460.0,6.2,0.0,1007.39,67.3333,57.6471
1718182800,2024-06-12 09:00:00,2024-06-12 11:00:00,ringsted,12.975,482.5,6.225,0.0,1007.54,64.25,58.8889
1718186400,2024-06-12 10:00:00,2024-06-12 12:00:00,ringsted,13.45,422.5,5.825,0.0,1007.8,63.75,58.0556
1718190000,2024-06-12 11:00:00,2024-06-12 13:00:00,ringsted,14.0,604.0,6.375,0.0,1007.86,62.0,46.9444
1718193600,2024-06-12 12:00:00,2024-06-12 14:00:00,ringsted,13.825,446.0,6.325,0.15,1008.08,64.0,38.6111
1718197200,2024-06-12 13:00:00,2024-06-12 15:00:00,ringsted,13.275,433.0,5.85,0.625,1008.17,67.25,33.8889
1718200800,2024-06-12 14:00:00,2024-06-12 16:00:00,ringsted,14.1,698.0,5.475,0.0,1008.25,64.25,50.5556
1718204400,2024-06-12 15:00:00,2024-06-12 17:00:00,ringsted,13.375,401.0,4.975,0.775,1008.23,68.0,58.0556
1718208000,2024-06-12 16:00:00,2024-06-12 18:00:00,ringsted,13.2,229.5,4.425,0.225,1008.22,69.25,52.5
1718211600,2024-06-12 17:00:00,2024-06-12 19:00:00,ringsted,13.125,210.5,4.6,0.0,1008.35,68.0,57.2222
1718215200,2024-06-12 18:00:00,2024-06-12 20:00:00,ringsted,12.875,209.5,4.45,0.0,1008.55,67.25,33.6111
1718218800,2024-06-12 19:00:00,2024-06-12 21:00:00,ringsted,11.825,94.5,3.625,0.05,1008.75,72.25,22.2222
1718222400,2024-06-12 20:00:00,2024-06-12 22:00:00,ringsted,10.35,15.0,3.125,0.0,1009.18,78.0,25.0
1718226000,2024-06-12 21:00:00,2024-06-12 23:00:00,ringsted,9.375,0.0,2.35,0.0,1009.32,81.75,11.3889
1718229600,2024-06-12 22:00:00,2024-06-13 00:00:00,ringsted,8.675,0.0,2.75,0.0,1009.29,85.0,9.72222
1718233200,2024-06-12 23:00:00,2024-06-13 01:00:00,ringsted,8.25,0.0,2.925,0.0,1009.36,84.75,15.2778
1718236800,2024-06-13 00:00:00,2024-06-13 02:00:00,ringsted,8.225,0.0,3.025,0.0,1009.36,87.0,26.9444
1718240400,2024-06-13 01:00:00,2024-06-13 03:00:00,ringsted,7.85,0.0,2.85,0.0,1009.41,89.0,26.1111
1718244000,2024-06-13 02:00:00,2024-06-13 04:00:00,ringsted,7.75,0.0,2.8,0.0,1009.51,90.0,33.0556
1718247600,2024-06-13 03:00:00,2024-06-13 05:00:00,ringsted,7.775,4.0,2.5,0.0,1009.57,90.75,47.7778
1718251200,2024-06-13 04:00:00,2024-06-13 06:00:00,ringsted,8.4,38.0,2.625,0.0,1009.75,89.25,59.7222
1718254800,2024-06-13 05:00:00,2024-06-13 07:00:00,ringsted,9.475,130.5,3.0,0.0,1009.85,85.5,47.2222
1718258400,2024-06-13 06:00:00,2024-06-13 08:00:00,ringsted,10.525,264.0,3.775,0.0,1009.99,79.75,20.5556
1718262000,2024-06-13 07:00:00,2024-06-13 09:00:00,ringsted,11.45,422.5,4.375,0.0,1010.19,72.25,55.5556
1718265600,2024-06-13 08:00:00,2024-06-13 10:00:00,ringsted,11.975,440.5,4.55,0.0,1010.29,67.0,58.8889
1718269200,2024-06-13 09:00:00,2024-06-13 11:00:00,ringsted,12.55,468.5,4.9,0.0,1010.35,64.25,61.1111
1718272800,2024-06-13 10:00:00,2024-06-13 12:00:00,ringsted,13.025,528.0,4.725,0.0,1010.34,63.0,54.4444
1718276400,2024-06-13 11:00:00,2024-06-13 13:00:00,ringsted,13.5,647.5,5.25,0.0,1010.4,62.0,45.2941
1718280000,2024-06-13 12:00:00,2024-06-13 14:00:00,ringsted,13.875,599.0,5.5,0.0,1010.33,61.25,31.3889
1718283600,2024-06-13 13:00:00,2024-06-13 15:00:00,ringsted,14.35,795.5,6.375,0.0,1010.3,60.5,41.6667
1718287200,2024-06-13 14:00:00,2024-06-13 16:00:00,ringsted,14.525,708.0,6.225,0.0,1010.22,59.75,53.8889
1718290800,2024-06-13 15:00:00,2024-06-13 17:00:00,ringsted,14.075,504.0,6.025,0.1,1010.26,62.5,59.7222
1718294400,2024-06-13 16:00:00,2024-06-13 18:00:00,ringsted,12.925,390.0,5.1,0.4,1010.23,70.75,44.1667
1718298000,2024-06-13 17:00:00,2024-06-13 19:00:00,ringsted,13.025,277.0,3.975,0.0,1010.21,71.0,77.5
1718301600,2024-06-13 18:00:00,2024-06-13 20:00:00,ringsted,12.7,177.5,3.85,0.0,1010.27,74.0,73.3333
1718305200,2024-06-13 19:00:00,2024-06-13 21:00:00,ringsted,12.0,38.0,3.25,0.0,1010.4,78.0,70.2778
1718308800,2024-06-13 20:00:00,2024-06-13 22:00:00,ringsted,11.325,11.5,2.375,0.0,1010.5,82.25,51.3889
1718312400,2024-06-13 21:00:00,2024-06-13 23:00:00,ringsted,10.6,0.0,2.2,0.0,1010.44,87.25,66.6667
1718316000,2024-06-13 22:00:00,2024-06-14 00:00:00,ringsted,10.45,0.0,2.0,0.0,1010.34,89.75,43.8889
1718319600,2024-06-13 23:00:00,2024-06-14 01:00:00,ringsted,9.975,0.0,1.575,0.0,1010.1,91.75,31.3889
1718323200,2024-06-14 00:00:00,2024-06-14 02:00:00,ringsted,9.25,0.0,1.6,0.0,1009.69,93.75,27.7778
1718326800,2024-06-14 01:00:00,2024-06-14 03:00:00,ringsted,9.25,0.0,1.575,0.0,1009.33,94.5,46.9444
1718330400,2024-06-14 02:00:00,2024-06-14 04:00:00,ringsted,9.45,0.0,1.65,0.0,1009.03,94.75,73.3333
1718334000,2024-06-14 03:00:00,2024-06-14 05:00:00,ringsted,9.95,2.5,2.025,0.0,1008.78,93.25,59.1667
1718337600,2024-06-14 04:00:00,2024-06-14 06:00:00,ringsted,10.775,22.5,2.425,0.0,1008.61,92.0,46.9444
1718341200,2024-06-14 05:00:00,2024-06-14 07:00:00,ringsted,11.775,71.5,2.8,0.025,1008.37,89.0,63.6111
1718344800,2024-06-14 06:00:00,2024-06-14 08:00:00,ringsted,12.875,167.0,3.425,0.0,1008.07,82.5,46.3889
1718348400,2024-06-14 07:00:00,2024-06-14 09:00:00,ringsted,13.8,234.5,4.05,0.0,1007.96,74.75,58.3333
1718352000,2024-06-14 08:00:00,2024-06-14 10:00:00,ringsted,14.6,311.5,4.725,0.0,1007.76,70.25,80.0
1718355600,2024-06-14 09:00:00,2024-06-14 11:00:00,ringsted,15.6,474.0,5.575,0.0,1007.49,65.0,66.6667
1718359200,2024-06-14 10:00:00,2024-06-14 12:00:00,ringsted,16.65,702.0,6.45,0.0,1007.24,60.0,60.2778
1718362800,2024-06-14 11:00:00,2024-06-14 13:00:00,ringsted,17.2,727.5,6.45,0.0,1006.95,58.5,12.2222
1718366400,2024-06-14 12:00:00,2024-06-14 14:00:00,ringsted,17.65,821.5,6.975,0.0,1006.82,57.75,7.22222
1718370000,2024-06-14 13:00:00,2024-06-14 15:00:00,ringsted,18.025,797.0,7.275,0.0,1006.67,56.75,2.77778
1718373600,2024-06-14 14:00:00,2024-06-14 16:00:00,ringsted,18.225,751.0,7.075,0.0,1006.38,57.0,0.555556
1718377200,2024-06-14 15:00:00,2024-06-14 17:00:00,ringsted,18.225,651.0,6.9,0.0,1006.12,56.75,0.0
1718380800,2024-06-14 16:00:00,2024-06-14 18:00:00,ringsted,18.075,517.0,6.525,0.0,1005.94,57.75,3.05556
1718384400,2024-06-14 17:00:00,2024-06-14 19:00:00,ringsted,17.75,390.5,6.125,0.0,1005.65,60.75,34.4444
1718388000,2024-06-14 18:00:00,2024-06-14 20:00:00,ringsted,17.075,242.5,5.4,0.0,1005.43,63.25,3.61111
1718391600,2024-06-14 19:00:00,2024-06-14 21:00:00,ringsted,15.975,92.5,4.65,0.0,1005.22,70.25,10.8333
1718395200,2024-06-14 20:00:00,2024-06-14 22:00:00,ringsted,14.725,16.5,3.7,0.0,1005.12,78.0,39.1667
1718398800,2024-06-14 21:00:00,2024-06-14 23:00:00,ringsted,14.05,0.0,3.05,0.0,1004.98,80.25,14.4444
1718402400,2024-06-14 22:00:00,2024-06-15 00:00:00,ringsted,13.65,0.0,3.35,0.0,1004.5,81.0,5.55556
1718406000,2024-06-14 23:00:00,2024-06-15 01:00:00,ringsted,13.325,0.0,3.55,0.0,1003.98,84.0,6.66667
1718409600,2024-06-15 00:00:00,2024-06-15 02:00:00,ringsted,13.05,0.0,3.6,0.0,1003.32,86.0,28.3333
1718413200,2024-06-15 01:00:00,2024-06-15 03:00:00,ringsted,12.825,0.0,3.5,0.0,1002.55,88.25,19.4444
1718416800,2024-06-15 02:00:00,2024-06-15 04:00:00,ringsted,12.825,0.0,3.675,0.0,1001.78,89.0,4.44444
1718420400,2024-06-15 03:00:00,2024-06-15 05:00:00,ringsted,12.75,4.5,3.875,0.0,1000.99,90.0,5.0
1718424000,2024-06-15 04:00:00,2024-06-15 06:00:00,ringsted,13.35,38.5,4.55,0.0,1000.38,87.75,30.0
1718427600,2024-06-15 05:00:00,2024-06-15 07:00:00,ringsted,14.425,133.0,5.075,0.0,999.946,84.0,58.6111
1718431200,2024-06-15 06:00:00,2024-06-15 08:00:00,ringsted,15.3,231.5,5.175,0.0,999.146,81.0,32.7778
1718434800,2024-06-15 07:00:00,2024-06-15 09:00:00,ringsted,16.25,375.0,6.15,0.0,998.529,77.0,43.6111
1718438400,2024-06-15 08:00:00,2024-06-15 10:00:00,ringsted,16.225,235.5,6.35,0.0,997.635,77.75,70.8333
1718442000,2024-06-15 09:00:00,2024-06-15 11:00:00,ringsted,15.7,149.5,6.675,1.05,997.242,81.75,72.5
1718445600,2024-06-15 10:00:00,2024-06-15 12:00:00,ringsted,14.3,55.0,6.875,3.45,996.9,92.75,74.4444
1718449200,2024-06-15 11:00:00,2024-06-15 13:00:00,ringsted,14.45,87.0,6.375,2.65,996.708,95.5,76.1111
1718452800,2024-06-15 12:00:00,2024-06-15 14:00:00,ringsted,14.8,126.0,6.15,1.725,996.654,95.25,69.1667
1718456400,2024-06-15 13:00:00,2024-06-15 15:00:00,ringsted,15.075,233.5,6.275,1.225,997.392,92.5,63.3333
1718460000,2024-06-15 14:00:00,2024-06-15 16:00:00,ringsted,13.975,161.5,5.25,0.525,998.087,88.0,59.4444
1718463600,2024-06-15 15:00:00,2024-06-15 17:00:00,ringsted,14.575,435.0,5.6,0.05,998.896,85.0,46.1111
1718467200,2024-06-15 16:00:00,2024-06-15 18:00:00,ringsted,15.625,472.0,6.45,0.0,999.692,77.25,32.7778
1718470800,2024-06-15 17:00:00,2024-06-15 19:00:00,ringsted,15.4,337.0,6.525,0.575,1000.49,76.25,19.4444
1718474400,2024-06-15 18:00:00,2024-06-15 20:00:00,ringsted,15.0,205.5,5.95,0.0,1001.32,75.0,26.3889
1718478000,2024-06-15 19:00:00,2024-06-15 21:00:00,ringsted,14.525,102.0,5.5,0.0,1002.05,75.5,23.3333
1718481600,2024-06-15 20:00:00,2024-06-15 22:00:00,ringsted,13.425,19.0,4.25,0.0,1002.86,79.75,0.555556
1718485200,2024-06-15 21:00:00,2024-06-15 23:00:00,ringsted,11.875,0.0,2.625,0.0,1003.4,87.0,6.66667
1718488800,2024-06-15 22:00:00,2024-06-16 00:00:00,ringsted,10.825,0.0,2.275,0.0,1003.46,91.75,19.4444
1718492400,2024-06-15 23:00:00,2024-06-16 01:00:00,ringsted,10.525,0.0,2.475,0.0,1003.48,92.25,13.3333
1718496000,2024-06-16 00:00:00,2024-06-16 02:00:00,ringsted,10.775,0.0,2.75,0.0,1003.51,92.0,69.1667
1718499600,2024-06-16 01:00:00,2024-06-16 03:00:00,ringsted,11.5,0.0,2.9,0.0,1003.6,91.25,93.8889
1718503200,2024-06-16 02:00:00,2024-06-16 04:00:00,ringsted,12.5,0.0,3.025,0.0,1003.69,90.25,81.6667
1718506800,2024-06-16 03:00:00,2024-06-16 05:00:00,ringsted,12.85,3.5,2.95,0.0,1003.8,88.25,56.9444
1718510400,2024-06-16 04:00:00,2024-06-16 06:00:00,ringsted,12.775,37.0,2.725,0.0,1003.91,87.5,58.6111
1718514000,2024-06-16 05:00:00,2024-06-16 07:00:00,ringsted,13.475,108.5,2.7,0.0,1003.94,84.75,56.9444
1718517600,2024-06-16 06:00:00,2024-06-16 08:00:00,ringsted,14.9,288.5,3.25,0.0,1003.94,78.75,33.0556
1718521200,2024-06-16 07:00:00,2024-06-16 09:00:00,ringsted,16.3,379.0,4.475,0.0,1004.12,70.0,59.1667
1718524800,2024-06-16 08:00:00,2024-06-16 10:00:00,ringsted,16.8,347.5,4.725,0.0,1004.15,67.0,73.0556
1718528400,2024-06-16 09:00:00,2024-06-16 11:00:00,ringsted,17.2,505.5,4.875,0.0,1004.24,65.75,58.6111
1718532000,2024-06-16 10:00:00,2024-06-16 12:00:00,ringsted,18.125,650.5,5.2,0.0,1004.3,62.5,57.7778
1718535600,2024-06-16 11:00:00,2024-06-16 13:00:00,ringsted,18.575,655.5,5.075,0.0,1004.25,60.5,37.5
1718539200,2024-06-16 12:00:00,2024-06-16 14:00:00,ringsted,19.2,795.5,5.625,0.0,1004.18,56.0,30.0
1718542800,2024-06-16 13:00:00,2024-06-16 15:00:00,ringsted,19.625,763.0,5.425,0.0,1004.03,53.5,26.1111
1718546400,2024-06-16 14:00:00,2024-06-16 16:00:00,ringsted,19.575,577.0,4.875,0.0,1004.03,56.0,36.1111
1718550000,2024-06-16 15:00:00,2024-06-16 17:00:00,ringsted,18.475,227.5,3.925,0.35,1003.91,63.75,60.8333
1718553600,2024-06-16 16:00:00,2024-06-16 18:00:00,ringsted,16.875,188.0,3.5,0.2,1003.56,75.0,59.4444
1718557200,2024-06-16 17:00:00,2024-06-16 19:00:00,ringsted,16.95,199.0,3.125,0.0,1003.72,73.75,76.9444
1718560800,2024-06-16 18:00:00,2024-06-16 20:00:00,ringsted,15.625,56.0,3.375,0.45,1003.79,83.25,68.6111
1718564400,2024-06-16 19:00:00,2024-06-16 21:00:00,ringsted,14.95,50.5,2.725,0.0,1004.25,87.0,60.8333
1718568000,2024-06-16 20:00:00,2024-06-16 22:00:00,ringsted,14.7,8.5,3.1,0.175,1004.85,88.5,79.7059
1718571600,2024-06-16 21:00:00,2024-06-16 23:00:00,ringsted,14.225,0.0,3.35,0.275,1004.86,90.25,87.7778
1718575200,2024-06-16 22:00:00,2024-06-17 00:00:00,ringsted,13.7,0.0,2.3,0.05,1004.88,93.75,66.6667
1718578800,2024-06-16 23:00:00,2024-06-17 01:00:00,ringsted,13.175,0.0,2.325,0.0,1005.1,94.5,56.1111
1718582400,2024-06-17 00:00:00,2024-06-17 02:00:00,ringsted,12.875,0.0,2.35,0.0,1005.28,95.25,41.6667
1718586000,2024-06-17 01:00:00,2024-06-17 03:00:00,ringsted,12.2,0.0,1.775,0.0,1005.38,95.75,39.7222
1718589600,2024-06-17 02:00:00,2024-06-17 04:00:00,ringsted,11.6,0.0,1.525,0.0,1005.48,97.25,34.1667
1718593200,2024-06-17 03:00:00,2024-06-17 05:00:00,ringsted,11.325,3.5,1.325,0.0,1005.68,97.25,39.1667
1718596800,2024-06-17 04:00:00,2024-06-17 06:00:00,ringsted,11.75,57.5,0.875,0.0,1005.75,96.75,39.4444
1718600400,2024-06-17 05:00:00,2024-06-17 07:00:00,ringsted,13.6,135.5,0.3,0.0,1005.95,92.75,61.1111
1718604000,2024-06-17 06:00:00,2024-06-17 08:00:00,ringsted,15.225,221.5,1.025,0.0,1006.24,88.0,49.7222
1718607600,2024-06-17 07:00:00,2024-06-17 09:00:00,ringsted,16.225,329.5,1.425,0.0,1006.34,83.0,45.2778
1718611200,2024-06-17 08:00:00,2024-06-17 10:00:00,ringsted,17.175,514.5,1.95,0.0,1006.5,77.75,33.8889
1718614800,2024-06-17 09:00:00,2024-06-17 11:00:00,ringsted,17.65,507.0,2.825,0.0,1006.96,74.75,51.1111
1718618400,2024-06-17 10:00:00,2024-06-17 12:00:00,ringsted,17.675,440.5,3.45,0.0,1007.24,73.25,48.8889
1718622000,2024-06-17 11:00:00,2024-06-17 13:00:00,ringsted,17.525,352.5,3.45,0.0,1007.25,73.75,51.9444
1718625600,2024-06-17 12:00:00,2024-06-17 14:00:00,ringsted,17.8,385.5,3.175,0.025,1007.16,68.25,59.4444
1718629200,2024-06-17 13:00:00,2024-06-17 15:00:00,ringsted,18.4,649.0,3.375,0.0,1007.1,63.75,35.5556
1718632800,2024-06-17 14:00:00,2024-06-17 16:00:00,ringsted,19.025,678.5,3.975,0.0,1007.22,60.0,11.1111
1718636400,2024-06-17 15:00:00,2024-06-17 17:00:00,ringsted,19.375,671.5,4.5,0.0,1007.18,59.25,1.11111
1718640000,2024-06-17 16:00:00,2024-06-17 18:00:00,ringsted,19.4,576.0,4.575,0.0,1007.17,59.75,2.22222
1718643600,2024-06-17 17:00:00,2024-06-17 19:00:00,ringsted,19.25,418.0,3.9,0.0,1007.29,60.0,11.3889
1718647200,2024-06-17 18:00:00,2024-06-17 20:00:00,ringsted,18.55,256.0,3.35,0.0,1007.49,63.0,41.9444
1718650800,2024-06-17 19:00:00,2024-06-17 21:00:00,ringsted,17.6,90.5,2.575,0.0,1007.84,69.75,46.9444
1718654400,2024-06-17 20:00:00,2024-06-17 22:00:00,ringsted,16.125,29.0,2.3,0.0,1008.18,77.5,6.66667
1718658000,2024-06-17 21:00:00,2024-06-17 23:00:00,ringsted,14.025,0.5,1.5,0.0,1008.45,86.75,28.6111
1718661600,2024-06-17 22:00:00,2024-06-18 00:00:00,ringsted,13.125,0.0,1.6,0.0,1008.63,91.0,2.77778
1718665200,2024-06-17 23:00:00,2024-06-18 01:00:00,ringsted,12.425,0.0,1.95,0.0,1008.7,93.25,11.1111
1718668800,2024-06-18 00:00:00,2024-06-18 02:00:00,ringsted,12.4,0.0,2.2,0.0,1008.75,94.75,26.9444
1718672400,2024-06-18 01:00:00,2024-06-18 03:00:00,ringsted,12.275,0.0,1.8,0.0,1008.75,96.5,36.9444
1718676000,2024-06-18 02:00:00,2024-06-18 04:00:00,ringsted,12.25,0.0,1.55,0.0,1009.06,97.0,3.61111
1718679600,2024-06-18 03:00:00,2024-06-18 05:00:00,ringsted,11.85,4.0,1.55,0.0,1009.28,96.25,4.72222
1718683200,2024-06-18 04:00:00,2024-06-18 06:00:00,ringsted,11.875,49.0,1.75,0.0,1009.54,94.25,0.0
1718686800,2024-06-18 05:00:00,2024-06-18 07:00:00,ringsted,13.2,165.0,2.1,0.0,1009.96,90.25,0.0
1718690400,2024-06-18 06:00:00,2024-06-18 08:00:00,ringsted,14.45,300.0,3.025,0.0,1010.23,85.25,12.2222
1718694000,2024-06-18 07:00:00,2024-06-18 09:00:00,ringsted,15.55,438.0,4.025,0.0,1010.44,77.75,21.9444
1718697600,2024-06-18 08:00:00,2024-06-18 10:00:00,ringsted,16.425,549.0,4.0,0.0,1010.85,72.75,36.1111
1718701200,2024-06-18 09:00:00,2024-06-18 11:00:00,ringsted,17.025,529.5,4.3,0.0,1010.84,69.0,47.2222
1718704800,2024-06-18 10:00:00,2024-06-18 12:00:00,ringsted,17.725,691.0,4.35,0.0,1010.93,66.25,40.0
1718708400,2024-06-18 11:00:00,2024-06-18 13:00:00,ringsted,17.9,554.0,4.1,0.0,1010.75,66.0,45.8333
1718712000,2024-06-18 12:00:00,2024-06-18 14:00:00,ringsted,18.125,452.0,3.975,0.0,1010.67,65.5,47.7778
1718715600,2024-06-18 13:00:00,2024-06-18 15:00:00,ringsted,18.275,332.5,4.075,0.0,1010.42,66.5,52.5
1718719200,2024-06-18 14:00:00,2024-06-18 16:00:00,ringsted,18.75,426.0,4.225,0.0,1010.1,64.25,58.0556
1718722800,2024-06-18 15:00:00,2024-06-18 17:00:00,ringsted,18.975,522.5,4.0,0.0,1009.93,62.75,62.2222
1718726400,2024-06-18 16:00:00,2024-06-18 18:00:00,ringsted,18.775,332.0,3.375,0.0,1009.73,64.0,58.6111
1718730000,2024-06-18 17:00:00,2024-06-18 19:00:00,ringsted,18.2,162.0,2.75,0.0,1009.32,66.5,64.1667
1718733600,2024-06-18 18:00:00,2024-06-18 20:00:00,ringsted,17.5,88.5,1.9,0.0,1009.22,71.25,59.4444
1718737200,2024-06-18 19:00:00,2024-06-18 21:00:00,ringsted,17.0,49.5,1.375,0.0,1009.17,73.75,75.5556
1718740800,2024-06-18 20:00:00,2024-06-18 22:00:00,ringsted,16.275,16.5,1.3,0.0,1008.87,76.5,77.7778
1718744400,2024-06-18 21:00:00,2024-06-18 23:00:00,ringsted,15.425,1.0,1.425,0.0,1008.66,75.75,93.8889
1718748000,2024-06-18 22:00:00,2024-06-19 00:00:00,ringsted,14.8,0.0,1.675,0.0,1008.62,77.0,73.0556
1718751600,2024-06-18 23:00:00,2024-06-19 01:00:00,ringsted,14.25,0.0,1.95,0.0,1008.46,79.75,76.1111
1718755200,2024-06-19 00:00:00,2024-06-19 02:00:00,ringsted,13.6,0.0,2.375,0.0,1008.33,81.0,72.2222
1718758800,2024-06-19 01:00:00,2024-06-19 03:00:00,ringsted,12.6,0.0,2.375,0.0,1008.32,85.25,72.2222
1718762400,2024-06-19 02:00:00,2024-06-19 04:00:00,ringsted,12.225,0.0,2.5,0.0,1008.4,86.75,53.8889
1718766000,2024-06-19 03:00:00,2024-06-19 05:00:00,ringsted,11.675,2.5,2.55,0.0,1008.51,89.5,41.3889
1718769600,2024-06-19 04:00:00,2024-06-19 06:00:00,ringsted,11.375,35.0,2.775,0.0,1008.81,89.75,18.0556
1718773200,2024-06-19 05:00:00,2024-06-19 07:00:00,ringsted,11.8,111.5,2.775,0.0,1009.06,87.5,58.6111
1718776800,2024-06-19 06:00:00,2024-06-19 08:00:00,ringsted,12.925,259.5,3.8,0.0,1009.5,79.5,86.3889
1718780400,2024-06-19 07:00:00,2024-06-19 09:00:00,ringsted,13.25,208.5,4.1,0.0,1009.85,76.0,77.7778
1718784000,2024-06-19 08:00:00,2024-06-19 10:00:00,ringsted,13.65,356.5,4.5,0.0,1010.1,74.75,59.7222
1718787600,2024-06-19 09:00:00,2024-06-19 11:00:00,ringsted,14.775,546.0,4.95,0.0,1010.28,68.75,76.1111
1718791200,2024-06-19 10:00:00,2024-06-19 12:00:00,ringsted,15.4,460.0,5.325,0.0,1010.4,65.75,63.3333
1718794800,2024-06-19 11:00:00,2024-06-19 13:00:00,ringsted,15.8,527.5,5.475,0.0,1010.69,63.0,71.3889
1718798400,2024-06-19 12:00:00,2024-06-19 14:00:00,ringsted,16.325,580.0,5.3,0.0,1010.92,61.25,48.6111
1718802000,2024-06-19 13:00:00,2024-06-19 15:00:00,ringsted,16.925,625.5,5.45,0.0,1011.04,60.5,55.0
1718805600,2024-06-19 14:00:00,2024-06-19 16:00:00,ringsted,17.275,527.0,5.925,0.0,1011.28,59.75,62.2222
1718809200,2024-06-19 15:00:00,2024-06-19 17:00:00,ringsted,17.125,453.5,5.95,0.0,1011.28,60.75,50.2778
1718812800,2024-06-19 16:00:00,2024-06-19 18:00:00,ringsted,17.075,522.0,6.6,0.0,1011.61,61.0,38.8889
1718816400,2024-06-19 17:00:00,2024-06-19 19:00:00,ringsted,16.65,405.5,6.85,0.0,1012.21,60.75,46.3889
1718820000,2024-06-19 18:00:00,2024-06-19 20:00:00,ringsted,15.75,235.0,6.675,0.0,1012.84,63.75,26.3889
1718823600,2024-06-19 19:00:00,2024-06-19 21:00:00,ringsted,14.65,104.0,6.125,0.0,1013.45,65.5,6.94444
1718827200,2024-06-19 20:00:00,2024-06-19 22:00:00,ringsted,13.05,13.0,4.675,0.0,1014.16,70.75,12.2222
1718830800,2024-06-19 21:00:00,2024-06-19 23:00:00,ringsted,12.025,0.5,4.125,0.0,1014.78,75.25,6.66667
1718834400,2024-06-19 22:00:00,2024-06-20 00:00:00,ringsted,10.875,0.0,3.45,0.0,1014.96,79.75,0.0
1718838000,2024-06-19 23:00:00,2024-06-20 01:00:00,ringsted,9.925,0.0,3.025,0.0,1015.24,82.75,3.88889
1718841600,2024-06-20 00:00:00,2024-06-20 02:00:00,ringsted,9.275,0.0,2.925,0.0,1015.53,85.5,50.8333
1718845200,2024-06-20 01:00:00,2024-06-20 03:00:00,ringsted,9.35,0.0,2.8,0.0,1015.7,86.75,73.3333
1718848800,2024-06-20 02:00:00,2024-06-20 04:00:00,ringsted,9.475,0.0,3.375,0.0,1015.97,88.0,65.0
1718852400,2024-06-20 03:00:00,2024-06-20 05:00:00,ringsted,9.85,3.5,3.85,0.0,1015.91,88.25,21.6667
1718856000,2024-06-20 04:00:00,2024-06-20 06:00:00,ringsted,9.775,53.0,3.025,0.0,1016.36,89.75,0.0
1718859600,2024-06-20 05:00:00,2024-06-20 07:00:00,ringsted,10.9,168.5,3.725,0.0,1016.78,86.0,7.5
1718863200,2024-06-20 06:00:00,2024-06-20 08:00:00,ringsted,12.25,309.5,4.4,0.0,1016.78,81.0,1.11111
1718866800,2024-06-20 07:00:00,2024-06-20 09:00:00,ringsted,13.775,457.0,4.325,0.0,1017.08,73.0,1.66667
1718870400,2024-06-20 08:00:00,2024-06-20 10:00:00,ringsted,14.875,592.5,4.425,0.0,1016.95,67.0,9.44444
1718874000,2024-06-20 09:00:00,2024-06-20 11:00:00,ringsted,15.875,701.0,4.075,0.0,1016.95,62.25,2.22222
1718877600,2024-06-20 10:00:00,2024-06-20 12:00:00,ringsted,17.125,791.0,3.725,0.0,1017.18,55.75,0.555556
1718881200,2024-06-20 11:00:00,2024-06-20 13:00:00,ringsted,17.95,818.0,3.625,0.0,1017.08,52.5,3.33333
1718884800,2024-06-20 12:00:00,2024-06-20 14:00:00,ringsted,17.95,762.5,3.775,0.0,1017.0,52.75,4.72222
1718888400,2024-06-20 13:00:00,2024-06-20 15:00:00,ringsted,17.925,531.0,3.8,0.0,1016.95,52.0,29.1667
1718892000,2024-06-20 14:00:00,2024-06-20 16:00:00,ringsted,17.8,525.5,4.225,0.0,1016.59,50.75,14.7222
1718895600,2024-06-20 15:00:00,2024-06-20 17:00:00,ringsted,18.225,608.5,3.775,0.0,1016.21,49.75,5.0
1718899200,2024-06-20 16:00:00,2024-06-20 18:00:00,ringsted,17.875,411.5,3.15,0.0,1015.71,53.75,25.2778
1718902800,2024-06-20 17:00:00,2024-06-20 19:00:00,ringsted,17.8,408.0,2.85,0.0,1015.07,53.75,7.77778
1718906400,2024-06-20 18:00:00,2024-06-20 20:00:00,ringsted,17.275,251.5,2.35,0.0,1014.9,53.0,0.0
1718910000,2024-06-20 19:00:00,2024-06-20 21:00:00,ringsted,15.775,100.5,1.975,0.0,1014.35,61.75,11.6667
1718913600,2024-06-20 20:00:00,2024-06-20 22:00:00,ringsted,13.75,15.0,1.2,0.0,1014.47,71.0,52.7778
1718917200,2024-06-20 21:00:00,2024-06-20 23:00:00,ringsted,11.675,0.5,1.125,0.0,1014.73,80.0,69.7222
1718920800,2024-06-20 22:00:00,2024-06-21 00:00:00,ringsted,11.1,0.0,0.9,0.0,1014.55,80.5,81.9444
1718924400,2024-06-20 23:00:00,2024-06-21 01:00:00,ringsted,10.825,0.0,0.825,0.0,1014.17,79.75,62.5
1718928000,2024-06-21 00:00:00,2024-06-21 02:00:00,ringsted,9.65,0.0,0.625,0.0,1014.26,85.75,89.1667
1718931600,2024-06-21 01:00:00,2024-06-21 03:00:00,ringsted,9.975,0.0,0.725,0.0,1013.62,87.25,96.6667
1718935200,2024-06-21 02:00:00,2024-06-21 04:00:00,ringsted,10.325,0.0,0.45,0.0,1013.68,91.0,74.1667
1718938800,2024-06-21 03:00:00,2024-06-21 05:00:00,ringsted,10.475,2.5,0.625,0.0,1013.32,91.75,85.5556
1718942400,2024-06-21 04:00:00,2024-06-21 06:00:00,ringsted,10.55,23.5,0.775,0.0,1013.12,92.25,93.3333
1718946000,2024-06-21 05:00:00,2024-06-21 07:00:00,ringsted,11.725,69.5,0.575,0.0,1012.74,91.75,74.7222
1718949600,2024-06-21 06:00:00,2024-06-21 08:00:00,ringsted,13.65,194.5,0.8,0.0,1012.73,85.25,54.4444
1718953200,2024-06-21 07:00:00,2024-06-21 09:00:00,ringsted,15.9,321.0,1.725,0.0,1012.55,73.25,34.1667
1718956800,2024-06-21 08:00:00,2024-06-21 10:00:00,ringsted,17.2,450.5,2.375,0.0,1012.6,64.0,56.6667
1718960400,2024-06-21 09:00:00,2024-06-21 11:00:00,ringsted,18.275,579.5,2.5,0.0,1012.46,59.0,29.7222
1718964000,2024-06-21 10:00:00,2024-06-21 12:00:00,ringsted,19.3,714.0,2.5,0.0,1011.92,56.0,60.0
1718967600,2024-06-21 11:00:00,2024-06-21 13:00:00,ringsted,19.95,689.5,2.575,0.0,1011.69,56.25,58.3333
1718971200,2024-06-21 12:00:00,2024-06-21 14:00:00,ringsted,19.375,418.5,3.425,0.0,1011.57,59.75,60.2778
1718974800,2024-06-21 13:00:00,2024-06-21 15:00:00,ringsted,19.275,560.0,3.8,0.0,1010.68,59.0,31.3889
1718978400,2024-06-21 14:00:00,2024-06-21 16:00:00,ringsted,19.65,520.5,3.65,0.0,1009.73,56.5,55.2778
1718982000,2024-06-21 15:00:00,2024-06-21 17:00:00,ringsted,18.475,231.0,3.8,0.0,1008.9,59.5,89.7222
1718985600,2024-06-21 16:00:00,2024-06-21 18:00:00,ringsted,17.775,86.0,3.45,0.0,1007.65,62.0,90.8333
1718989200,2024-06-21 17:00:00,2024-06-21 19:00:00,ringsted,17.2,70.0,4.275,0.0,1006.6,64.0,84.7222
1718992800,2024-06-21 18:00:00,2024-06-21 20:00:00,ringsted,17.025,52.5,4.225,0.0,1006.04,66.25,88.6111
1718996400,2024-06-21 19:00:00,2024-06-21 21:00:00,ringsted,16.2,10.0,4.25,0.4,1005.67,74.75,87.7778
1719000000,2024-06-21 20:00:00,2024-06-21 22:00:00,ringsted,15.075,0.5,4.625,0.925,1005.47,85.5,70.0
1719003600,2024-06-21 21:00:00,2024-06-21 23:00:00,ringsted,14.525,0.0,4.45,1.075,1004.92,91.5,71.6667
1719007200,2024-06-21 22:00:00,2024-06-22 00:00:00,ringsted,14.375,0.0,4.95,2.625,1003.94,94.25,74.7222
1719010800,2024-06-21 23:00:00,2024-06-22 01:00:00,ringsted,14.375,0.0,4.625,0.925,1003.13,95.75,78.0556
1719014400,2024-06-22 00:00:00,2024-06-22 02:00:00,ringsted,14.325,0.0,3.675,0.375,1002.29,95.5,87.2222
1719018000,2024-06-22 01:00:00,2024-06-22 03:00:00,ringsted,14.325,0.0,3.25,0.0,1001.72,95.25,81.9444
1719021600,2024-06-22 02:00:00,2024-06-22 04:00:00,ringsted,14.425,0.0,3.2,0.225,1001.07,95.5,82.7778
1719025200,2024-06-22 03:00:00,2024-06-22 05:00:00,ringsted,14.475,0.5,2.5,0.3,1000.47,96.25,99.4444
1719028800,2024-06-22 04:00:00,2024-06-22 06:00:00,ringsted,14.65,7.0,2.075,0.025,1000.15,96.75,101.444
1719032400,2024-06-22 05:00:00,2024-06-22 07:00:00,ringsted,15.025,33.5,2.175,0.025,999.974,96.75,101.667
1719036000,2024-06-22 06:00:00,2024-06-22 08:00:00,ringsted,15.675,36.5,2.35,0.275,1000.27,97.5,102.333
1719039600,2024-06-22 07:00:00,2024-06-22 09:00:00,ringsted,15.9,64.5,3.325,0.05,1000.46,97.75,98.2667
1719043200,2024-06-22 08:00:00,2024-06-22 10:00:00,ringsted,15.775,80.5,3.825,0.0,1000.45,98.0,97.5
1719046800,2024-06-22 09:00:00,2024-06-22 11:00:00,ringsted,15.875,138.0,4.3,0.025,1000.62,96.75,98.3333
1719050400,2024-06-22 10:00:00,2024-06-22 12:00:00,ringsted,15.925,129.0,4.45,0.0,1001.09,95.75,97.6471
1719054000,2024-06-22 11:00:00,2024-06-22 13:00:00,ringsted,15.65,148.0,4.7,0.025,1001.78,95.5,87.7778
1719057600,2024-06-22 12:00:00,2024-06-22 14:00:00,ringsted,15.25,109.5,5.125,0.1,1002.3,95.25,88.3333
1719061200,2024-06-22 13:00:00,2024-06-22 15:00:00,ringsted,14.95,133.0,5.65,0.0,1002.85,93.5,87.7778
1719064800,2024-06-22 14:00:00,2024-06-22 16:00:00,ringsted,14.525,94.0,5.8,0.0,1003.32,93.25,85.2778
1719068400,2024-06-22 15:00:00,2024-06-22 17:00:00,ringsted,14.25,120.5,5.7,0.1,1003.52,93.0,85.0
1719072000,2024-06-22 16:00:00,2024-06-22 18:00:00,ringsted,14.475,76.5,5.15,0.0,1003.84,91.25,88.3333
1719075600,2024-06-22 17:00:00,2024-06-22 19:00:00,ringsted,14.825,80.0,5.375,0.0,1004.4,88.5,78.6111
1719079200,2024-06-22 18:00:00,2024-06-22 20:00:00,ringsted,14.8,43.5,5.45,0.0,1004.91,89.0,74.4444
1719082800,2024-06-22 19:00:00,2024-06-22 21:00:00,ringsted,14.55,20.5,5.325,0.025,1005.46,90.5,74.4444
1719086400,2024-06-22 20:00:00,2024-06-22 22:00:00,ringsted,14.55,9.0,5.275,0.0,1006.1,89.5,76.3889
1719090000,2024-06-22 21:00:00,2024-06-22 23:00:00,ringsted,14.5,0.0,5.05,0.0,1006.5,89.25,83.6111
1719093600,2024-06-22 22:00:00,2024-06-23 00:00:00,ringsted,14.3,0.0,5.075,0.0,1006.83,89.5,72.2222
1719097200,2024-06-22 23:00:00,2024-06-23 01:00:00,ringsted,14.0,0.0,4.975,0.0,1007.2,89.75,65.0
1719100800,2024-06-23 00:00:00,2024-06-23 02:00:00,ringsted,13.475,0.0,4.625,0.0,1007.58,89.25,53.8889
1719104400,2024-06-23 01:00:00,2024-06-23 03:00:00,ringsted,12.95,0.0,4.225,0.0,1007.95,89.75,63.6111
1719108000,2024-06-23 02:00:00,2024-06-23 04:00:00,ringsted,12.675,0.0,4.025,0.0,1008.32,90.5,83.0556
1719111600,2024-06-23 03:00:00,2024-06-23 05:00:00,ringsted,12.475,1.5,3.7,0.0,1008.72,92.0,65.2778
1719115200,2024-06-23 04:00:00,2024-06-23 06:00:00,ringsted,12.4,34.0,3.5,0.0,1009.06,93.25,70.0
1719118800,2024-06-23 05:00:00,2024-06-23 07:00:00,ringsted,12.8,111.0,3.95,0.0,1009.59,92.25,42.7778
1719122400,2024-06-23 06:00:00,2024-06-23 08:00:00,ringsted,13.925,249.5,4.75,0.0,1010.01,87.5,56.9444
1719126000,2024-06-23 07:00:00,2024-06-23 09:00:00,ringsted,14.975,418.5,5.525,0.0,1010.45,81.75,57.7778
1719129600,2024-06-23 08:00:00,2024-06-23 10:00:00,ringsted,15.775,407.0,5.1,0.0,1010.95,77.75,56.1111
1719133200,2024-06-23 09:00:00,2024-06-23 11:00:00,ringsted,16.425,555.5,5.2,0.0,1011.42,74.25,56.9444
1719136800,2024-06-23 10:00:00,2024-06-23 12:00:00,ringsted,16.975,583.5,5.375,0.0,1011.88,71.25,52.7778
1719140400,2024-06-23 11:00:00,2024-06-23 13:00:00,ringsted,17.725,754.0,5.575,0.0,1012.18,68.0,48.6111
1719144000,2024-06-23 12:00:00,2024-06-23 14:00:00,ringsted,18.1,797.5,5.475,0.0,1012.45,66.25,56.3889
1719147600,2024-06-23 13:00:00,2024-06-23 15:00:00,ringsted,18.05,528.0,5.775,0.0,1012.78,67.25,71.6667
1719151200,2024-06-23 14:00:00,2024-06-23 16:00:00,ringsted,17.95,393.5,5.175,0.0,1012.98,68.0,53.6111
1719154800,2024-06-23 15:00:00,2024-06-23 17:00:00,ringsted,18.425,461.0,4.75,0.0,1013.04,66.75,54.7222
1719158400,2024-06-23 16:00:00,2024-06-23 18:00:00,ringsted,18.875,288.0,4.5,0.0,1013.12,65.0,46.1111
1719162000,2024-06-23 17:00:00,2024-06-23 19:00:00,ringsted,18.825,242.0,4.075,0.0,1013.26,64.25,35.0
1719165600,2024-06-23 18:00:00,2024-06-23 20:00:00,ringsted,18.625,200.5,3.95,0.0,1013.43,64.25,41.1111
1719169200,2024-06-23 19:00:00,2024-06-23 21:00:00,ringsted,17.775,100.0,2.9,0.0,1013.7,67.25,6.11111
1719172800,2024-06-23 20:00:00,2024-06-23 22:00:00,ringsted,15.95,32.0,1.9,0.0,1014.1,77.5,1.94444
1719176400,2024-06-23 21:00:00,2024-06-23 23:00:00,ringsted,14.325,0.5,1.5,0.0,1014.35,84.75,9.16667
1719180000,2024-06-23 22:00:00,2024-06-24 00:00:00,ringsted,13.6,0.0,1.825,0.0,1014.47,86.0,2.77778
1719183600,2024-06-23 23:00:00,2024-06-24 01:00:00,ringsted,13.075,0.0,1.975,0.0,1014.57,88.25,0.0
1719187200,2024-06-24 00:00:00,2024-06-24 02:00:00,ringsted,12.35,0.0,2.1,0.0,1014.56,91.25,0.0
1719190800,2024-06-24 01:00:00,2024-06-24 03:00:00,ringsted,12.0,0.0,1.925,0.0,1014.72,93.0,0.0
1719194400,2024-06-24 02:00:00,2024-06-24 04:00:00,ringsted,11.65,0.0,1.825,0.0,1014.89,94.5,0.555556
1719198000,2024-06-24 03:00:00,2024-06-24 05:00:00,ringsted,11.275,3.5,1.7,0.0,1015.08,96.25,17.5
1719201600,2024-06-24 04:00:00,2024-06-24 06:00:00,ringsted,11.725,42.0,1.475,0.0,1015.37,96.25,66.1111
1719205200,2024-06-24 05:00:00,2024-06-24 07:00:00,ringsted,13.05,85.5,1.35,0.0,1015.71,95.25,95.5556
1719208800,2024-06-24 06:00:00,2024-06-24 08:00:00,ringsted,13.725,98.5,2.675,0.0,1016.06,92.5,95.5556
1719212400,2024-06-24 07:00:00,2024-06-24 09:00:00,ringsted,14.4,197.5,2.55,0.0,1016.39,88.0,67.5
1719216000,2024-06-24 08:00:00,2024-06-24 10:00:00,ringsted,15.425,442.0,2.475,0.0,1016.4,81.25,39.1667
1719219600,2024-06-24 09:00:00,2024-06-24 11:00:00,ringsted,17.0,679.5,2.225,0.0,1016.45,73.75,42.7778
1719223200,2024-06-24 10:00:00,2024-06-24 12:00:00,ringsted,18.15,726.5,2.425,0.0,1016.38,70.75,47.2222
1719226800,2024-06-24 11:00:00,2024-06-24 13:00:00,ringsted,18.875,632.5,2.775,0.0,1016.35,69.0,35.0
1719230400,2024-06-24 12:00:00,2024-06-24 14:00:00,ringsted,19.575,738.0,2.875,0.0,1016.33,66.5,12.5
1719234000,2024-06-24 13:00:00,2024-06-24 15:00:00,ringsted,20.15,803.0,3.15,0.0,1016.23,63.25,8.33333
1719237600,2024-06-24 14:00:00,2024-06-24 16:00:00,ringsted,20.45,737.5,3.125,0.0,1016.24,59.0,0.555556
1719241200,2024-06-24 15:00:00,2024-06-24 17:00:00,ringsted,20.8,679.0,2.9,0.0,1016.04,55.0,0.0
1719244800,2024-06-24 16:00:00,2024-06-24 18:00:00,ringsted,20.925,539.0,2.725,0.0,1016.0,54.75,0.0
1719248400,2024-06-24 17:00:00,2024-06-24 19:00:00,ringsted,20.6,383.0,2.675,0.0,1016.13,54.5,0.0
1719252000,2024-06-24 18:00:00,2024-06-24 20:00:00,ringsted,19.675,240.0,2.325,0.0,1016.14,56.5,0.0
1719255600,2024-06-24 19:00:00,2024-06-24 21:00:00,ringsted,18.925,135.5,1.45,0.0,1016.28,64.75,1.66667
1719259200,2024-06-24 20:00:00,2024-06-24 22:00:00,ringsted,17.1,34.5,1.0,0.0,1016.56,74.25,0.0
1719262800,2024-06-24 21:00:00,2024-06-24 23:00:00,ringsted,14.7,0.5,0.7,0.0,1016.77,85.75,0.0
1719266400,2024-06-24 22:00:00,2024-06-25 00:00:00,ringsted,13.025,0.0,0.625,0.0,1016.95,92.0,0.0
1719270000,2024-06-24 23:00:00,2024-06-25 01:00:00,ringsted,12.175,0.0,0.45,0.0,1016.92,94.0,0.0
1719273600,2024-06-25 00:00:00,2024-06-25 02:00:00,ringsted,11.475,0.0,0.375,0.0,1016.76,95.5,0.0
1719277200,2024-06-25 01:00:00,2024-06-25 03:00:00,ringsted,10.65,0.0,0.6,0.0,1016.55,96.5,0.0
1719280800,2024-06-25 02:00:00,2024-06-25 04:00:00,ringsted,10.1,0.0,0.7,0.0,1016.48,96.25,0.0
1719284400,2024-06-25 03:00:00,2024-06-25 05:00:00,ringsted,10.125,3.5,1.05,0.0,1016.6,96.5,0.0
1719288000,2024-06-25 04:00:00,2024-06-25 06:00:00,ringsted,10.975,51.0,0.975,0.0,1016.71,96.5,0.0
1719291600,2024-06-25 05:00:00,2024-06-25 07:00:00,ringsted,13.925,126.5,1.05,0.0,1016.73,93.5,0.0
1719295200,2024-06-25 06:00:00,2024-06-25 08:00:00,ringsted,16.275,275.5,1.675,0.0,1016.89,87.75,0.0
1719298800,2024-06-25 07:00:00,2024-06-25 09:00:00,ringsted,18.375,434.5,1.9,0.0,1017.01,77.0,0.555556
1719302400,2024-06-25 08:00:00,2024-06-25 10:00:00,ringsted,19.7,581.5,2.175,0.0,1016.83,68.25,1.11111
1719306000,2024-06-25 09:00:00,2024-06-25 11:00:00,ringsted,20.425,642.0,2.4,0.925,1016.84,65.25,8.33333
1719309600,2024-06-25 10:00:00,2024-06-25 12:00:00,ringsted,20.825,768.5,2.6,0.325,1016.82,64.5,18.6111
1719313200,2024-06-25 11:00:00,2024-06-25 13:00:00,ringsted,21.225,688.0,2.55,0.0,1016.65,62.25,19.4444
1719316800,2024-06-25 12:00:00,2024-06-25 14:00:00,ringsted,21.475,723.0,2.75,0.0,1016.38,60.75,4.44444
1719320400,2024-06-25 13:00:00,2024-06-25 15:00:00,ringsted,21.975,737.5,2.8,0.0,1016.02,58.0,3.33333
1719324000,2024-06-25 14:00:00,2024-06-25 16:00:00,ringsted,21.85,640.5,3.15,0.0,1015.73,58.5,17.7778
1719327600,2024-06-25 15:00:00,2024-06-25 17:00:00,ringsted,21.8,560.0,2.95,0.0,1015.26,59.0,13.8889
1719331200,2024-06-25 16:00:00,2024-06-25 18:00:00,ringsted,21.475,535.5,3.225,0.0,1014.83,59.25,5.55556
1719334800,2024-06-25 17:00:00,2024-06-25 19:00:00,ringsted,20.775,359.5,3.0,0.0,1014.59,58.5,0.0
1719338400,2024-06-25 18:00:00,2024-06-25 20:00:00,ringsted,19.625,257.5,3.05,0.0,1014.46,63.25,0.0
1719342000,2024-06-25 19:00:00,2024-06-25 21:00:00,ringsted,18.25,125.0,2.6,0.0,1014.47,72.75,0.0
1719345600,2024-06-25 20:00:00,2024-06-25 22:00:00,ringsted,16.2,27.5,1.875,0.0,1014.56,82.75,0.0
1719349200,2024-06-25 21:00:00,2024-06-25 23:00:00,ringsted,14.35,0.0,1.65,0.0,1014.51,90.75,0.0
1719352800,2024-06-25 22:00:00,2024-06-26 00:00:00,ringsted,13.725,0.0,1.75,0.0,1014.41,94.75,0.0
1719356400,2024-06-25 23:00:00,2024-06-26 01:00:00,ringsted,13.35,0.0,1.65,0.0,1014.28,96.5,0.0
1719360000,2024-06-26 00:00:00,2024-06-26 02:00:00,ringsted,13.3,0.0,1.325,0.0,1013.93,97.0,0.0
1719363600,2024-06-26 01:00:00,2024-06-26 03:00:00,ringsted,13.3,0.0,1.45,0.0,1013.69,97.5,3.33333
1719367200,2024-06-26 02:00:00,2024-06-26 04:00:00,ringsted,13.3,0.0,1.775,0.0,1013.45,96.75,28.3333
1719370800,2024-06-26 03:00:00,2024-06-26 05:00:00,ringsted,13.375,2.5,1.875,0.0,1013.33,97.0,32.2222
1719374400,2024-06-26 04:00:00,2024-06-26 06:00:00,ringsted,14.15,39.0,2.15,0.0,1013.23,96.75,14.4444
1719378000,2024-06-26 05:00:00,2024-06-26 07:00:00,ringsted,15.65,147.5,2.3,0.0,1013.12,95.0,0.555556
1719381600,2024-06-26 06:00:00,2024-06-26 08:00:00,ringsted,17.325,280.0,2.675,0.0,1013.12,90.75,0.0
1719385200,2024-06-26 07:00:00,2024-06-26 09:00:00,ringsted,19.325,426.0,2.55,0.0,1012.82,82.25,0.0
1719388800,2024-06-26 08:00:00,2024-06-26 10:00:00,ringsted,21.0,560.0,2.525,0.0,1012.72,74.25,0.555556
1719392400,2024-06-26 09:00:00,2024-06-26 11:00:00,ringsted,22.05,671.0,3.175,0.0,1012.63,68.75,0.555556
1719396000,2024-06-26 10:00:00,2024-06-26 12:00:00,ringsted,22.625,745.5,3.275,0.0,1012.34,65.5,2.22222
1719399600,2024-06-26 11:00:00,2024-06-26 13:00:00,ringsted,23.3,802.0,3.525,0.0,1012.04,61.5,1.66667
1719403200,2024-06-26 12:00:00,2024-06-26 14:00:00,ringsted,23.95,819.0,3.75,0.0,1011.73,58.0,2.77778
1719406800,2024-06-26 13:00:00,2024-06-26 15:00:00,ringsted,24.05,811.0,3.975,0.0,1011.31,57.75,1.66667
1719410400,2024-06-26 14:00:00,2024-06-26 16:00:00,ringsted,24.125,751.0,4.0,0.0,1010.84,56.25,0.0
1719414000,2024-06-26 15:00:00,2024-06-26 17:00:00,ringsted,23.925,649.5,4.125,0.0,1010.57,56.75,0.0
1719417600,2024-06-26 16:00:00,2024-06-26 18:00:00,ringsted,23.725,527.5,3.95,0.0,1010.31,57.25,0.0
1719421200,2024-06-26 17:00:00,2024-06-26 19:00:00,ringsted,23.15,385.5,3.8,0.0,1009.98,58.0,0.0
1719424800,2024-06-26 18:00:00,2024-06-26 20:00:00,ringsted,22.225,245.0,3.375,0.0,1009.9,62.25,0.0
1719428400,2024-06-26 19:00:00,2024-06-26 21:00:00,ringsted,20.825,117.0,2.875,0.0,1009.85,69.5,0.0
1719432000,2024-06-26 20:00:00,2024-06-26 22:00:00,ringsted,18.9,25.0,2.675,0.0,1009.78,78.0,0.0
1719435600,2024-06-26 21:00:00,2024-06-26 23:00:00,ringsted,17.375,0.0,2.625,0.0,1009.78,86.0,0.0
1719439200,2024-06-26 22:00:00,2024-06-27 00:00:00,ringsted,16.825,0.0,1.95,0.0,1009.5,88.5,0.0
1719442800,2024-06-26 23:00:00,2024-06-27 01:00:00,ringsted,15.95,0.0,1.7,0.0,1009.09,91.75,0.0
1719446400,2024-06-27 00:00:00,2024-06-27 02:00:00,ringsted,15.9,0.0,1.75,0.0,1008.73,91.0,0.0
1719450000,2024-06-27 01:00:00,2024-06-27 03:00:00,ringsted,15.525,0.0,1.925,0.0,1008.3,91.75,0.0
1719453600,2024-06-27 02:00:00,2024-06-27 04:00:00,ringsted,15.1,0.0,1.6,0.0,1007.85,93.75,0.0
1719457200,2024-06-27 03:00:00,2024-06-27 05:00:00,ringsted,14.925,3.5,1.8,0.0,1007.48,94.0,0.0
1719460800,2024-06-27 04:00:00,2024-06-27 06:00:00,ringsted,15.65,48.5,2.125,0.0,1007.44,93.0,7.5
1719464400,2024-06-27 05:00:00,2024-06-27 07:00:00,ringsted,17.425,140.5,2.375,0.0,1007.17,90.0,0.555556
1719468000,2024-06-27 06:00:00,2024-06-27 08:00:00,ringsted,18.825,227.5,2.5,0.0,1007.02,85.5,0.0
1719471600,2024-06-27 07:00:00,2024-06-27 09:00:00,ringsted,20.425,388.0,3.075,0.0,1006.72,80.25,0.0
1719475200,2024-06-27 08:00:00,2024-06-27 10:00:00,ringsted,22.05,536.0,3.1,0.0,1006.53,75.0,0.0
1719478800,2024-06-27 09:00:00,2024-06-27 11:00:00,ringsted,23.425,648.5,3.5,0.0,1006.3,70.75,1.66667
1719482400,2024-06-27 10:00:00,2024-06-27 12:00:00,ringsted,24.4,663.5,3.75,0.0,1006.14,67.0,5.83333
1719486000,2024-06-27 11:00:00,2024-06-27 13:00:00,ringsted,24.75,669.0,4.1,0.0,1005.81,66.5,0.0
1719489600,2024-06-27 12:00:00,2024-06-27 14:00:00,ringsted,25.85,795.5,4.375,0.0,1005.46,62.0,2.77778
1719493200,2024-06-27 13:00:00,2024-06-27 15:00:00,ringsted,26.325,742.5,4.65,0.0,1005.28,59.25,1.66667
1719496800,2024-06-27 14:00:00,2024-06-27 16:00:00,ringsted,26.275,721.0,5.125,0.0,1004.81,58.75,5.0
1719500400,2024-06-27 15:00:00,2024-06-27 17:00:00,ringsted,25.775,544.0,5.0,0.0,1004.5,58.25,19.1667
1719504000,2024-06-27 16:00:00,2024-06-27 18:00:00,ringsted,24.925,396.0,4.55,0.0,1004.4,60.5,33.0556
1719507600,2024-06-27 17:00:00,2024-06-27 19:00:00,ringsted,23.825,180.5,3.625,0.0,1004.26,65.25,71.3889
1719511200,2024-06-27 18:00:00,2024-06-27 20:00:00,ringsted,22.475,48.5,3.125,0.0,1004.21,71.0,79.4444
1719514800,2024-06-27 19:00:00,2024-06-27 21:00:00,ringsted,21.725,16.5,3.65,0.0,1004.21,74.5,75.2941
1719518400,2024-06-27 20:00:00,2024-06-27 22:00:00,ringsted,21.0,4.0,3.425,0.0,1004.53,80.0,65.5882
1719522000,2024-06-27 21:00:00,2024-06-27 23:00:00,ringsted,20.3,0.0,3.2,0.425,1004.52,86.25,73.0556
1719525600,2024-06-27 22:00:00,2024-06-28 00:00:00,ringsted,19.625,0.0,2.8,2.55,1004.4,91.75,83.3333
1719529200,2024-06-27 23:00:00,2024-06-28 01:00:00,ringsted,18.95,0.0,1.975,2.725,1003.8,95.0,86.6667
1719532800,2024-06-28 00:00:00,2024-06-28 02:00:00,ringsted,18.7,0.0,0.975,0.625,1003.5,95.5,54.4444
1719536400,2024-06-28 01:00:00,2024-06-28 03:00:00,ringsted,18.55,0.0,0.95,0.075,1003.3,97.25,47.5
1719540000,2024-06-28 02:00:00,2024-06-28 04:00:00,ringsted,18.175,0.0,1.125,0.0,1003.05,97.75,24.1667
1719543600,2024-06-28 03:00:00,2024-06-28 05:00:00,ringsted,17.675,1.0,1.325,0.0,1003.08,98.25,4.72222
1719547200,2024-06-28 04:00:00,2024-06-28 06:00:00,ringsted,17.325,17.5,1.7,0.0,1003.41,98.5,42.3889
1719550800,2024-06-28 05:00:00,2024-06-28 07:00:00,ringsted,18.175,100.0,1.775,0.0,1003.62,98.75,43.6429
1719554400,2024-06-28 06:00:00,2024-06-28 08:00:00,ringsted,18.975,167.5,1.85,0.0,1003.65,98.25,30.0
1719558000,2024-06-28 07:00:00,2024-06-28 09:00:00,ringsted,20.35,231.5,1.8,0.0,1003.99,92.25,57.9167
1719561600,2024-06-28 08:00:00,2024-06-28 10:00:00,ringsted,20.775,178.0,1.975,0.0,1004.11,89.75,47.2727
1719565200,2024-06-28 09:00:00,2024-06-28 11:00:00,ringsted,21.225,278.5,2.25,0.4,1004.2,88.0,49.6875
1719568800,2024-06-28 10:00:00,2024-06-28 12:00:00,ringsted,21.65,416.0,3.375,0.3,1004.5,87.25,54.4444
1719572400,2024-06-28 11:00:00,2024-06-28 13:00:00,ringsted,21.65,527.0,5.125,0.125,1004.99,83.25,37.5
1719576000,2024-06-28 12:00:00,2024-06-28 14:00:00,ringsted,21.95,662.5,5.95,0.0,1005.55,75.75,32.2222
1719579600,2024-06-28 13:00:00,2024-06-28 15:00:00,ringsted,22.55,534.5,6.2,0.0,1006.27,67.25,22.7778
1719583200,2024-06-28 14:00:00,2024-06-28 16:00:00,ringsted,22.475,677.0,7.375,0.0,1007.01,58.75,18.0556
1719586800,2024-06-28 15:00:00,2024-06-28 17:00:00,ringsted,21.95,638.5,7.9,0.0,1007.88,54.75,12.2222
1719590400,2024-06-28 16:00:00,2024-06-28 18:00:00,ringsted,21.325,535.5,7.75,0.0,1008.38,53.5,14.7059
1719594000,2024-06-28 17:00:00,2024-06-28 19:00:00,ringsted,20.175,358.0,7.65,0.0,1008.91,56.25,11.1111
1719597600,2024-06-28 18:00:00,2024-06-28 20:00:00,ringsted,19.4,251.5,6.7,0.0,1009.31,58.25,0.0
1719601200,2024-06-28 19:00:00,2024-06-28 21:00:00,ringsted,18.075,108.0,4.9,0.0,1009.93,64.5,5.83333
1719604800,2024-06-28 20:00:00,2024-06-28 22:00:00,ringsted,16.575,24.5,3.825,0.0,1010.86,72.0,23.6111
1719608400,2024-06-28 21:00:00,2024-06-28 23:00:00,ringsted,15.775,0.5,3.975,0.0,1011.66,76.5,35.8333
1719612000,2024-06-28 22:00:00,2024-06-29 00:00:00,ringsted,15.4,0.0,3.8,0.0,1011.85,77.75,11.6667
1719615600,2024-06-28 23:00:00,2024-06-29 01:00:00,ringsted,14.55,0.0,3.2,0.0,1011.87,80.0,5.55556
1719619200,2024-06-29 00:00:00,2024-06-29 02:00:00,ringsted,13.95,0.0,2.85,0.0,1011.7,82.5,10.8824
1719622800,2024-06-29 01:00:00,2024-06-29 03:00:00,ringsted,13.4,0.0,2.275,0.0,1011.89,85.5,9.72222
1719626400,2024-06-29 02:00:00,2024-06-29 04:00:00,ringsted,12.775,0.0,2.35,0.0,1012.22,88.25,28.8889
1719630000,2024-06-29 03:00:00,2024-06-29 05:00:00,ringsted,13.275,2.5,2.3,0.0,1012.47,87.5,48.6111
1719633600,2024-06-29 04:00:00,2024-06-29 06:00:00,ringsted,13.6,30.5,1.95,0.0,1012.85,87.75,51.1111
1719637200,2024-06-29 05:00:00,2024-06-29 07:00:00,ringsted,14.75,94.5,2.55,0.0,1013.2,83.75,55.0
1719640800,2024-06-29 06:00:00,2024-06-29 08:00:00,ringsted,15.7,191.0,3.0,0.0,1013.53,79.25,48.0556
1719644400,2024-06-29 07:00:00,2024-06-29 09:00:00,ringsted,16.8,326.5,3.9,0.0,1013.73,72.75,72.5
1719648000,2024-06-29 08:00:00,2024-06-29 10:00:00,ringsted,17.325,440.0,4.075,0.0,1013.78,67.25,75.2778
1719651600,2024-06-29 09:00:00,2024-06-29 11:00:00,ringsted,18.1,557.5,3.875,0.0,1013.6,64.0,55.0
1719655200,2024-06-29 10:00:00,2024-06-29 12:00:00,ringsted,18.8,589.5,4.05,0.0,1013.53,59.25,47.2222
1719658800,2024-06-29 11:00:00,2024-06-29 13:00:00,ringsted,19.275,713.0,4.0,0.0,1013.16,57.0,36.1111
1719662400,2024-06-29 12:00:00,2024-06-29 14:00:00,ringsted,19.85,703.5,3.825,0.0,1012.74,54.5,36.3889
1719666000,2024-06-29 13:00:00,2024-06-29 15:00:00,ringsted,20.225,741.5,3.7,0.0,1012.29,53.5,39.7222
1719669600,2024-06-29 14:00:00,2024-06-29 16:00:00,ringsted,20.4,575.5,3.575,0.0,1011.86,52.0,18.8889
1719673200,2024-06-29 15:00:00,2024-06-29 17:00:00,ringsted,20.85,622.0,2.925,0.0,1011.25,49.5,4.16667
1719676800,2024-06-29 16:00:00,2024-06-29 18:00:00,ringsted,21.0,582.5,2.725,0.0,1010.77,49.5,1.11111
1719680400,2024-06-29 17:00:00,2024-06-29 19:00:00,ringsted,20.675,374.0,2.425,0.0,1010.53,53.25,3.88889
1719684000,2024-06-29 18:00:00,2024-06-29 20:00:00,ringsted,19.6,239.5,3.0,0.0,1009.92,61.0,0.0
1719687600,2024-06-29 19:00:00,2024-06-29 21:00:00,ringsted,18.2,109.5,2.725,0.0,1009.75,68.25,0.0
1719691200,2024-06-29 20:00:00,2024-06-29 22:00:00,ringsted,16.25,15.5,2.075,0.0,1009.46,77.0,0.0
1719694800,2024-06-29 21:00:00,2024-06-29 23:00:00,ringsted,14.55,0.0,1.375,0.0,1008.8,84.25,0.0
1719698400,2024-06-29 22:00:00,2024-06-30 00:00:00,ringsted,13.675,0.0,1.825,0.0,1008.2,88.75,2.77778
1719702000,2024-06-29 23:00:00,2024-06-30 01:00:00,ringsted,13.55,0.0,1.95,0.0,1007.28,89.25,36.9444
1719705600,2024-06-30 00:00:00,2024-06-30 02:00:00,ringsted,14.2,0.0,2.25,0.0,1006.31,88.0,63.6111
1719709200,2024-06-30 01:00:00,2024-06-30 03:00:00,ringsted,14.95,0.0,3.0,0.0,1005.33,86.25,67.5
1719712800,2024-06-30 02:00:00,2024-06-30 04:00:00,ringsted,15.525,0.0,2.9,0.075,1004.49,85.75,76.1111
1719716400,2024-06-30 03:00:00,2024-06-30 05:00:00,ringsted,15.45,0.0,2.95,0.025,1003.03,85.0,76.3889
1719720000,2024-06-30 04:00:00,2024-06-30 06:00:00,ringsted,15.4,6.0,4.075,0.15,1001.23,84.5,65.8333
1719723600,2024-06-30 05:00:00,2024-06-30 07:00:00,ringsted,15.725,26.5,4.8,0.0,1001.07,81.5,76.9444
1719727200,2024-06-30 06:00:00,2024-06-30 08:00:00,ringsted,15.425,11.5,3.5,1.425,1000.58,87.25,88.6111
1719730800,2024-06-30 07:00:00,2024-06-30 09:00:00,ringsted,14.85,17.0,2.825,5.45,999.138,94.75,86.6667
1719734400,2024-06-30 08:00:00,2024-06-30 10:00:00,ringsted,14.975,64.0,3.9,2.575,999.175,96.5,95.0
1719738000,2024-06-30 09:00:00,2024-06-30 11:00:00,ringsted,15.025,61.0,3.6,3.225,999.037,97.0,86.7222
1719741600,2024-06-30 10:00:00,2024-06-30 12:00:00,ringsted,14.975,89.0,3.85,7.3,999.067,97.25,73.6111
1719745200,2024-06-30 11:00:00,2024-06-30 13:00:00,ringsted,15.275,133.0,3.9,3.875,999.3,96.75,84.1667
1719748800,2024-06-30 12:00:00,2024-06-30 14:00:00,ringsted,15.55,112.5,3.975,1.15,999.658,96.0,74.1667
1719752400,2024-06-30 13:00:00,2024-06-30 15:00:00,ringsted,15.925,127.0,3.775,0.1,1000.12,95.0,72.7778
1719756000,2024-06-30 14:00:00,2024-06-30 16:00:00,ringsted,16.225,178.0,4.425,0.35,1000.7,93.75,66.9444
1719759600,2024-06-30 15:00:00,2024-06-30 17:00:00,ringsted,16.25,201.0,5.125,0.075,1001.0,92.5,76.9444
1719763200,2024-06-30 16:00:00,2024-06-30 18:00:00,ringsted,16.25,193.5,4.975,0.0,1001.3,90.25,69.1667
1719766800,2024-06-30 17:00:00,2024-06-30 19:00:00,ringsted,16.6,186.5,4.525,0.0,1001.91,86.5,48.8889
1719770400,2024-06-30 18:00:00,2024-06-30 20:00:00,ringsted,16.575,155.0,4.075,0.0,1002.6,85.25,53.0556
1719774000,2024-06-30 19:00:00,2024-06-30 21:00:00,ringsted,16.1,49.5,3.375,0.0,1003.13,87.0,44.1667
1719777600,2024-06-30 20:00:00,2024-06-30 22:00:00,ringsted,15.275,11.5,2.475,0.0,1003.65,90.0,83.6111
1719781200,2024-06-30 21:00:00,2024-06-30 23:00:00,ringsted,14.375,0.0,1.725,0.0,1004.2,93.5,55.5556
1719784800,2024-06-30 22:00:00,2024-07-01 00:00:00,ringsted,13.725,0.0,1.85,0.0,1004.26,95.25,11.9444
1719788400,2024-06-30 23:00:00,2024-07-01 01:00:00,ringsted,13.075,0.0,2.025,0.0,1004.34,96.25,5.27778
1719792000,2024-07-01 00:00:00,2024-07-01 02:00:00,ringsted,12.975,0.0,2.175,0.0,1004.41,96.25,10.8333
1719795600,2024-07-01 01:00:00,2024-07-01 03:00:00,ringsted,12.775,0.0,1.975,0.0,1004.53,96.25,25.8333
1719799200,2024-07-01 02:00:00,2024-07-01 04:00:00,ringsted,12.55,0.0,2.0,0.0,1004.65,95.75,22.7778
1719802800,2024-07-01 03:00:00,2024-07-01 05:00:00,ringsted,12.15,0.5,1.725,0.0,1004.76,95.25,18.8889
1719806400,2024-07-01 04:00:00,2024-07-01 06:00:00,ringsted,11.725,41.0,1.175,0.0,1005.18,95.75,22.2222
1719810000,2024-07-01 05:00:00,2024-07-01 07:00:00,ringsted,13.1,136.0,1.5,0.0,1005.5,93.0,10.5556
1719813600,2024-07-01 06:00:00,2024-07-01 08:00:00,ringsted,14.625,293.5,2.5,0.0,1005.54,86.25,21.9444
1719817200,2024-07-01 07:00:00,2024-07-01 09:00:00,ringsted,15.55,379.5,3.275,0.0,1005.46,76.75,30.2778
1719820800,2024-07-01 08:00:00,2024-07-01 10:00:00,ringsted,16.2,498.0,3.3,0.0,1005.55,70.75,31.1111
1719824400,2024-07-01 09:00:00,2024-07-01 11:00:00,ringsted,17.025,528.0,3.375,0.0,1005.62,64.0,36.3889
1719828000,2024-07-01 10:00:00,2024-07-01 12:00:00,ringsted,17.475,597.5,3.475,0.0,1005.63,61.5,23.0556
1719831600,2024-07-01 11:00:00,2024-07-01 13:00:00,ringsted,17.825,604.0,3.55,0.0,1005.71,60.5,9.16667
1719835200,2024-07-01 12:00:00,2024-07-01 14:00:00,ringsted,18.0,583.0,3.725,0.0,1005.67,58.25,37.2222
1719838800,2024-07-01 13:00:00,2024-07-01 15:00:00,ringsted,18.175,562.5,3.775,0.0,1005.42,59.25,57.2222
1719842400,2024-07-01 14:00:00,2024-07-01 16:00:00,ringsted,17.975,410.0,3.45,0.0,1005.28,63.5,49.1667
1719846000,2024-07-01 15:00:00,2024-07-01 17:00:00,ringsted,17.625,379.5,4.3,0.0,1004.95,65.5,57.2222
1719849600,2024-07-01 16:00:00,2024-07-01 18:00:00,ringsted,17.6,377.5,3.85,0.0,1004.75,65.25,46.3889
1719853200,2024-07-01 17:00:00,2024-07-01 19:00:00,ringsted,17.325,221.0,3.525,0.0,1004.56,66.0,51.6667
1719856800,2024-07-01 18:00:00,2024-07-01 20:00:00,ringsted,17.125,199.5,3.45,0.0,1004.62,65.75,49.4444
1719860400,2024-07-01 19:00:00,2024-07-01 21:00:00,ringsted,16.1,65.5,2.625,0.025,1004.77,72.0,56.9444
1719864000,2024-07-01 20:00:00,2024-07-01 22:00:00,ringsted,14.875,15.5,2.475,0.9,1005.18,80.75,48.0556
1719867600,2024-07-01 21:00:00,2024-07-01 23:00:00,ringsted,13.775,0.0,3.325,0.2,1005.17,87.75,44.7222
1719871200,2024-07-01 22:00:00,2024-07-02 00:00:00,ringsted,13.3,0.0,2.775,0.0,1005.1,89.25,8.05556
1719874800,2024-07-01 23:00:00,2024-07-02 01:00:00,ringsted,12.325,0.0,2.625,0.0,1005.05,90.5,2.77778
1719878400,2024-07-02 00:00:00,2024-07-02 02:00:00,ringsted,11.75,0.0,2.45,0.0,1004.97,91.5,46.9444
1719882000,2024-07-02 01:00:00,2024-07-02 03:00:00,ringsted,11.8,0.0,2.625,0.0,1004.56,91.75,82.2222
1719885600,2024-07-02 02:00:00,2024-07-02 04:00:00,ringsted,12.05,0.0,2.55,0.0,1004.06,91.0,92.5
1719889200,2024-07-02 03:00:00,2024-07-02 05:00:00,ringsted,11.9,2.5,2.525,0.0,1003.96,92.5,78.3333
1719892800,2024-07-02 04:00:00,2024-07-02 06:00:00,ringsted,12.3,24.5,2.7,0.0,1003.81,90.5,87.5
1719896400,2024-07-02 05:00:00,2024-07-02 07:00:00,ringsted,12.75,56.5,2.625,0.0,1003.84,88.75,89.4444
1719900000,2024-07-02 06:00:00,2024-07-02 08:00:00,ringsted,13.3,128.5,3.1,0.0,1003.72,86.5,96.6667
1719903600,2024-07-02 07:00:00,2024-07-02 09:00:00,ringsted,13.725,166.5,3.15,0.0,1003.44,84.5,80.0
1719907200,2024-07-02 08:00:00,2024-07-02 10:00:00,ringsted,14.8,313.5,3.775,0.0,1003.25,78.0,77.5
1719910800,2024-07-02 09:00:00,2024-07-02 11:00:00,ringsted,15.125,260.0,4.025,0.0,1002.85,75.75,78.3333
1719914400,2024-07-02 10:00:00,2024-07-02 12:00:00,ringsted,15.675,287.5,4.6,0.0,1002.39,73.5,83.0556
1719918000,2024-07-02 11:00:00,2024-07-02 13:00:00,ringsted,15.875,252.5,4.825,0.0,1002.08,73.75,88.6111
1719921600,2024-07-02 12:00:00,2024-07-02 14:00:00,ringsted,16.15,323.5,5.275,0.0,1001.86,75.75,71.6667
1719925200,2024-07-02 13:00:00,2024-07-02 15:00:00,ringsted,16.05,233.5,4.7,0.0,1001.66,80.0,69.1667
1719928800,2024-07-02 14:00:00,2024-07-02 16:00:00,ringsted,15.725,181.5,4.325,0.05,1001.72,85.0,72.2222
1719932400,2024-07-02 15:00:00,2024-07-02 17:00:00,ringsted,15.225,176.5,4.825,0.25,1001.6,89.25,65.0
1719936000,2024-07-02 16:00:00,2024-07-02 18:00:00,ringsted,15.65,206.0,4.475,0.0,1001.3,85.0,75.2778
1719939600,2024-07-02 17:00:00,2024-07-02 19:00:00,ringsted,16.075,209.0,5.025,0.0,1001.2,76.25,85.5556
1719943200,2024-07-02 18:00:00,2024-07-02 20:00:00,ringsted,15.575,125.0,5.1,0.0,1001.4,74.0,76.1111
1719946800,2024-07-02 19:00:00,2024-07-02 21:00:00,ringsted,14.625,26.0,5.225,0.0,1001.61,76.0,96.1111
1719950400,2024-07-02 20:00:00,2024-07-02 22:00:00,ringsted,13.9,5.5,4.975,0.0,1001.8,78.0,98.8889
1719954000,2024-07-02 21:00:00,2024-07-02 23:00:00,ringsted,13.325,0.0,4.525,0.0,1001.59,76.75,98.0556
1719957600,2024-07-02 22:00:00,2024-07-03 00:00:00,ringsted,13.15,0.0,4.225,0.0,1001.34,73.25,96.6667
1719961200,2024-07-02 23:00:00,2024-07-03 01:00:00,ringsted,12.975,0.0,3.975,0.0,1001.02,74.0,97.7778
1719964800,2024-07-03 00:00:00,2024-07-03 02:00:00,ringsted,12.775,0.0,4.225,0.0,1000.87,77.0,92.7778
1719968400,2024-07-03 01:00:00,2024-07-03 03:00:00,ringsted,12.575,0.0,4.35,0.0,1000.76,80.5,97.2222
1719972000,2024-07-03 02:00:00,2024-07-03 04:00:00,ringsted,12.4,0.0,4.3,0.0,1000.62,80.5,90.5556
1719975600,2024-07-03 03:00:00,2024-07-03 05:00:00,ringsted,12.125,0.5,3.9,0.0,1000.71,78.0,81.3889
1719979200,2024-07-03 04:00:00,2024-07-03 06:00:00,ringsted,12.0,30.0,3.775,0.0,1000.81,77.0,35.8333
1719982800,2024-07-03 05:00:00,2024-07-03 07:00:00,ringsted,11.95,92.0,3.475,0.0,1000.86,77.75,32.2222
1719986400,2024-07-03 06:00:00,2024-07-03 08:00:00,ringsted,12.625,177.5,4.0,0.0,1000.97,75.25,37.7778
1719990000,2024-07-03 07:00:00,2024-07-03 09:00:00,ringsted,13.875,413.5,4.775,0.0,1000.97,68.75,37.7778
1719993600,2024-07-03 08:00:00,2024-07-03 10:00:00,ringsted,15.0,556.0,5.475,0.0,1000.86,62.5,43.3333
1719997200,2024-07-03 09:00:00,2024-07-03 11:00:00,ringsted,15.7,531.0,5.55,0.0,1000.67,58.5,47.7778
1720000800,2024-07-03 10:00:00,2024-07-03 12:00:00,ringsted,16.175,617.0,6.25,0.0,1000.49,55.5,47.2222
1720004400,2024-07-03 11:00:00,2024-07-03 13:00:00,ringsted,16.575,678.0,5.625,0.0,1000.58,55.0,30.0
1720008000,2024-07-03 12:00:00,2024-07-03 14:00:00,ringsted,17.275,802.0,5.425,0.0,1000.5,51.75,40.2778
1720011600,2024-07-03 13:00:00,2024-07-03 15:00:00,ringsted,17.65,750.0,5.325,0.0,1000.44,51.5,47.5
1720015200,2024-07-03 14:00:00,2024-07-03 16:00:00,ringsted,17.6,582.5,5.15,0.0,1000.35,54.75,54.7222
1720018800,2024-07-03 15:00:00,2024-07-03 17:00:00,ringsted,17.45,507.0,5.175,0.0,1000.21,55.75,47.7778
1720022400,2024-07-03 16:00:00,2024-07-03 18:00:00,ringsted,17.125,446.0,5.1,0.0,1000.3,57.75,42.5
1720026000,2024-07-03 17:00:00,2024-07-03 19:00:00,ringsted,16.425,200.5,4.85,0.0,1000.24,64.5,61.1111
1720029600,2024-07-03 18:00:00,2024-07-03 20:00:00,ringsted,15.675,97.5,4.625,0.0,1000.28,69.0,80.2778
1720033200,2024-07-03 19:00:00,2024-07-03 21:00:00,ringsted,14.85,33.5,4.2,0.0,1000.31,73.0,70.0
1720036800,2024-07-03 20:00:00,2024-07-03 22:00:00,ringsted,14.2,8.0,3.75,0.0,1000.37,78.5,75.8333
1720040400,2024-07-03 21:00:00,2024-07-03 23:00:00,ringsted,13.75,0.0,3.8,0.1,1000.3,82.0,75.8333
1720044000,2024-07-03 22:00:00,2024-07-04 00:00:00,ringsted,13.175,0.0,3.825,0.45,1000.08,88.5,75.2778
1720047600,2024-07-03 23:00:00,2024-07-04 01:00:00,ringsted,12.5,0.0,3.625,1.05,999.908,93.5,79.1667
1720051200,2024-07-04 00:00:00,2024-07-04 02:00:00,ringsted,12.15,0.0,3.5,1.075,999.542,94.25,54.4444
1720054800,2024-07-04 01:00:00,2024-07-04 03:00:00,ringsted,11.575,0.0,2.7,0.575,998.95,95.0,73.0556
1720058400,2024-07-04 02:00:00,2024-07-04 04:00:00,ringsted,11.325,0.0,2.2,0.0,998.492,96.25,74.1667
1720062000,2024-07-04 03:00:00,2024-07-04 05:00:00,ringsted,11.475,0.0,2.625,0.0,998.17,95.5,68.3333
1720065600,2024-07-04 04:00:00,2024-07-04 06:00:00,ringsted,11.8,13.5,3.25,0.15,997.639,94.75,61.6667
1720069200,2024-07-04 05:00:00,2024-07-04 07:00:00,ringsted,12.475,97.0,3.875,0.0,997.129,92.25,66.1111
1720072800,2024-07-04 06:00:00,2024-07-04 08:00:00,ringsted,12.825,101.0,4.275,0.025,996.367,90.25,74.1667
1720076400,2024-07-04 07:00:00,2024-07-04 09:00:00,ringsted,13.325,154.5,4.85,0.025,995.579,88.25,75.5556
1720080000,2024-07-04 08:00:00,2024-07-04 10:00:00,ringsted,14.025,190.5,5.875,0.1,994.946,84.0,79.1667
1720083600,2024-07-04 09:00:00,2024-07-04 11:00:00,ringsted,13.8,124.5,6.325,0.95,994.688,88.0,95.0
1720087200,2024-07-04 10:00:00,2024-07-04 12:00:00,ringsted,13.15,85.0,6.05,2.725,994.779,95.0,69.1667
1720090800,2024-07-04 11:00:00,2024-07-04 13:00:00,ringsted,13.25,325.0,4.55,2.025,995.317,91.25,41.3889
1720094400,2024-07-04 12:00:00,2024-07-04 14:00:00,ringsted,14.25,561.5,4.275,0.1,995.646,82.5,36.9444
1720098000,2024-07-04 13:00:00,2024-07-04 15:00:00,ringsted,16.0,595.5,5.95,0.0,996.142,71.25,21.3889
1720101600,2024-07-04 14:00:00,2024-07-04 16:00:00,ringsted,17.2,726.0,7.625,0.0,996.933,58.5,30.8333
1720105200,2024-07-04 15:00:00,2024-07-04 17:00:00,ringsted,16.85,623.0,8.15,0.0,997.583,56.75,18.0556
1720108800,2024-07-04 16:00:00,2024-07-04 18:00:00,ringsted,16.3,496.0,7.7,0.0,998.083,58.25,11.1111
1720112400,2024-07-04 17:00:00,2024-07-04 19:00:00,ringsted,16.0,353.0,7.1,0.0,998.746,57.0,14.1667
1720116000,2024-07-04 18:00:00,2024-07-04 20:00:00,ringsted,14.675,171.0,5.025,0.25,999.287,65.25,20.5556
1720119600,2024-07-04 19:00:00,2024-07-04 21:00:00,ringsted,13.175,54.0,5.075,0.25,1000.19,72.75,50.8333
1720123200,2024-07-04 20:00:00,2024-07-04 22:00:00,ringsted,11.15,10.5,3.925,0.175,1000.61,81.75,22.2222
1720126800,2024-07-04 21:00:00,2024-07-04 23:00:00,ringsted,10.275,0.0,3.275,0.0,1000.63,85.0,4.16667
1720130400,2024-07-04 22:00:00,2024-07-05 00:00:00,ringsted,10.3,0.0,3.8,0.0,1000.59,85.25,32.2222
1720134000,2024-07-04 23:00:00,2024-07-05 01:00:00,ringsted,10.35,0.0,4.175,0.3,1000.48,85.75,43.8889
1720137600,2024-07-05 00:00:00,2024-07-05 02:00:00,ringsted,10.15,0.0,4.425,0.275,1000.31,87.75,53.8889
1720141200,2024-07-05 01:00:00,2024-07-05 03:00:00,ringsted,10.1,0.0,4.075,0.0,1000.21,87.75,54.1667
1720144800,2024-07-05 02:00:00,2024-07-05 04:00:00,ringsted,10.075,0.0,4.15,0.233333,999.775,90.0,55.2778
1720148400,2024-07-05 03:00:00,2024-07-05 05:00:00,ringsted,10.4,2.0,4.2,0.025,999.625,92.0,26.9444
1720152000,2024-07-05 04:00:00,2024-07-05 06:00:00,ringsted,11.15,35.5,4.325,0.025,999.692,91.0,36.1111
1720155600,2024-07-05 05:00:00,2024-07-05 07:00:00,ringsted,12.225,119.0,4.775,0.075,999.9,87.0,45.2778
1720159200,2024-07-05 06:00:00,2024-07-05 08:00:00,ringsted,13.125,258.0,5.6,0.55,999.925,81.25,51.6667
1720162800,2024-07-05 07:00:00,2024-07-05 09:00:00,ringsted,13.85,260.5,6.525,0.425,1000.0,79.25,56.9444
1720166400,2024-07-05 08:00:00,2024-07-05 10:00:00,ringsted,13.475,255.5,6.575,0.825,1000.15,82.25,31.6667
1720170000,2024-07-05 09:00:00,2024-07-05 11:00:00,ringsted,14.725,636.5,7.175,0.0,1000.12,76.75,28.6111
1720173600,2024-07-05 10:00:00,2024-07-05 12:00:00,ringsted,16.35,626.5,7.475,0.0,1000.5,65.5,49.7222
1720177200,2024-07-05 11:00:00,2024-07-05 13:00:00,ringsted,16.0,523.0,7.6,0.125,1000.7,65.0,44.7222
1720180800,2024-07-05 12:00:00,2024-07-05 14:00:00,ringsted,15.95,693.0,6.45,0.025,1000.43,66.5,57.2222
1720184400,2024-07-05 13:00:00,2024-07-05 15:00:00,ringsted,16.075,483.0,7.025,0.15,1000.32,66.25,61.9444
1720188000,2024-07-05 14:00:00,2024-07-05 16:00:00,ringsted,16.225,484.5,6.85,1.425,1000.28,70.25,66.1111
1720191600,2024-07-05 15:00:00,2024-07-05 17:00:00,ringsted,15.45,341.5,6.7,0.0,999.958,73.0,47.5
1720195200,2024-07-05 16:00:00,2024-07-05 18:00:00,ringsted,16.675,397.0,6.6,0.0,1000.19,67.25,44.4444
1720198800,2024-07-05 17:00:00,2024-07-05 19:00:00,ringsted,15.475,315.0,5.75,0.6,1000.36,75.0,26.6667
1720202400,2024-07-05 18:00:00,2024-07-05 20:00:00,ringsted,15.625,236.0,5.275,0.0,1000.59,72.0,32.5
1720206000,2024-07-05 19:00:00,2024-07-05 21:00:00,ringsted,15.575,97.0,4.825,0.0,1000.92,67.75,21.1111
1720209600,2024-07-05 20:00:00,2024-07-05 22:00:00,ringsted,14.2,17.0,4.0,0.0,1001.31,72.75,18.6111
1720213200,2024-07-05 21:00:00,2024-07-05 23:00:00,ringsted,12.9,0.0,3.525,0.0,1001.51,79.75,10.2778
1720216800,2024-07-05 22:00:00,2024-07-06 00:00:00,ringsted,12.15,0.0,3.175,0.0,1001.47,82.75,20.5556
1720220400,2024-07-05 23:00:00,2024-07-06 01:00:00,ringsted,11.225,0.0,2.15,0.0,1001.3,87.75,22.2222
1720224000,2024-07-06 00:00:00,2024-07-06 02:00:00,ringsted,11.4,0.0,1.975,0.0,1001.23,89.0,40.2778
1720227600,2024-07-06 01:00:00,2024-07-06 03:00:00,ringsted,11.675,0.0,2.0,0.175,1000.92,92.5,65.2778
1720231200,2024-07-06 02:00:00,2024-07-06 04:00:00,ringsted,12.05,0.0,1.575,0.175,1000.42,95.0,79.2778
1720234800,2024-07-06 03:00:00,2024-07-06 05:00:00,ringsted,12.55,0.0,1.55,0.025,1000.09,96.5,75.8333
1720238400,2024-07-06 04:00:00,2024-07-06 06:00:00,ringsted,13.075,16.5,1.8,0.0,999.537,97.25,81.3889
1720242000,2024-07-06 05:00:00,2024-07-06 07:00:00,ringsted,13.825,78.0,2.45,0.025,999.017,96.0,69.4444
1720245600,2024-07-06 06:00:00,2024-07-06 08:00:00,ringsted,14.875,128.5,3.925,0.0,998.521,93.5,48.3333
1720249200,2024-07-06 07:00:00,2024-07-06 09:00:00,ringsted,15.975,229.5,4.45,0.025,997.791,89.25,37.2222
1720252800,2024-07-06 08:00:00,2024-07-06 10:00:00,ringsted,16.8,238.5,4.8,1.225,997.263,85.25,65.5556
1720256400,2024-07-06 09:00:00,2024-07-06 11:00:00,ringsted,16.925,166.0,4.35,2.975,996.833,86.5,75.8333
1720260000,2024-07-06 10:00:00,2024-07-06 12:00:00,ringsted,18.125,404.5,4.3,0.475,995.971,83.5,46.9444
1720263600,2024-07-06 11:00:00,2024-07-06 13:00:00,ringsted,20.425,695.0,6.1,0.0,995.037,75.25,39.1667
1720267200,2024-07-06 12:00:00,2024-07-06 14:00:00,ringsted,22.5,717.5,6.95,0.0,994.158,66.75,44.4444
1720270800,2024-07-06 13:00:00,2024-07-06 15:00:00,ringsted,24.025,710.5,6.9,0.0,993.608,59.75,57.2222
1720274400,2024-07-06 14:00:00,2024-07-06 16:00:00,ringsted,23.825,430.5,6.625,0.0,992.921,59.25,29.1667
1720278000,2024-07-06 15:00:00,2024-07-06 17:00:00,ringsted,23.7,399.0,6.275,0.0,992.304,61.0,32.2222
1720281600,2024-07-06 16:00:00,2024-07-06 18:00:00,ringsted,22.7,180.0,4.375,0.0,992.408,66.75,43.8889
1720285200,2024-07-06 17:00:00,2024-07-06 19:00:00,ringsted,21.675,95.5,3.85,0.025,993.067,69.75,70.2778
1720288800,2024-07-06 18:00:00,2024-07-06 20:00:00,ringsted,18.975,36.5,3.775,4.575,993.642,81.75,50.8333
1720292400,2024-07-06 19:00:00,2024-07-06 21:00:00,ringsted,16.775,47.5,2.825,0.45,994.5,93.5,43.0556
1720296000,2024-07-06 20:00:00,2024-07-06 22:00:00,ringsted,16.45,21.0,5.725,0.0,995.388,85.25,31.3889
1720299600,2024-07-06 21:00:00,2024-07-06 23:00:00,ringsted,15.025,0.5,7.025,0.0,995.9,74.75,16.1111
1720303200,2024-07-06 22:00:00,2024-07-07 00:00:00,ringsted,14.325,0.0,7.575,0.0,996.513,73.75,25.0
1720306800,2024-07-06 23:00:00,2024-07-07 01:00:00,ringsted,13.85,0.0,7.8,0.0,997.232,74.5,34.4118
1720310400,2024-07-07 00:00:00,2024-07-07 02:00:00,ringsted,13.375,0.0,6.8,0.0,998.117,75.25,35.0
1720314000,2024-07-07 01:00:00,2024-07-07 03:00:00,ringsted,13.1,0.0,6.3,0.0,998.656,77.75,26.3889
1720317600,2024-07-07 02:00:00,2024-07-07 04:00:00,ringsted,13.05,0.0,6.225,0.0,999.125,80.25,40.5556
1720321200,2024-07-07 03:00:00,2024-07-07 05:00:00,ringsted,12.875,1.0,5.775,0.0,999.767,82.75,45.2778
1720324800,2024-07-07 04:00:00,2024-07-07 06:00:00,ringsted,13.125,40.0,6.025,0.0,1000.46,82.0,25.8824
1720328400,2024-07-07 05:00:00,2024-07-07 07:00:00,ringsted,13.675,121.0,6.175,0.0,1001.32,80.0,41.3889
1720332000,2024-07-07 06:00:00,2024-07-07 08:00:00,ringsted,14.375,245.5,7.125,0.0,1002.22,77.5,50.2778
1720335600,2024-07-07 07:00:00,2024-07-07 09:00:00,ringsted,15.05,329.0,7.3,0.0,1003.02,74.25,43.0556
1720339200,2024-07-07 08:00:00,2024-07-07 10:00:00,ringsted,15.75,451.5,7.5,0.0,1003.78,72.75,43.3333
1720342800,2024-07-07 09:00:00,2024-07-07 11:00:00,ringsted,16.475,591.5,7.45,0.0,1004.31,69.75,53.3333
1720346400,2024-07-07 10:00:00,2024-07-07 12:00:00,ringsted,17.325,656.5,7.525,0.0,1005.34,64.75,54.7222
1720350000,2024-07-07 11:00:00,2024-07-07 13:00:00,ringsted,17.525,654.5,7.475,0.05,1006.33,64.75,46.9444
1720353600,2024-07-07 12:00:00,2024-07-07 14:00:00,ringsted,17.1,727.0,7.125,0.325,1007.04,68.25,35.2778
1720357200,2024-07-07 13:00:00,2024-07-07 15:00:00,ringsted,17.725,728.5,7.475,0.0,1007.7,63.0,47.7778
1720360800,2024-07-07 14:00:00,2024-07-07 16:00:00,ringsted,17.55,676.5,6.825,0.0,1007.87,59.0,6.66667
1720364400,2024-07-07 15:00:00,2024-07-07 17:00:00,ringsted,18.075,621.5,6.375,0.0,1008.24,56.75,5.55556
1720368000,2024-07-07 16:00:00,2024-07-07 18:00:00,ringsted,18.375,541.5,6.275,0.0,1008.55,52.25,2.77778
1720371600,2024-07-07 17:00:00,2024-07-07 19:00:00,ringsted,18.15,393.5,5.525,0.0,1008.9,51.75,36.9444
1720375200,2024-07-07 18:00:00,2024-07-07 20:00:00,ringsted,17.225,175.0,3.725,0.0,1009.35,59.0,35.5556
1720378800,2024-07-07 19:00:00,2024-07-07 21:00:00,ringsted,16.125,66.5,2.325,0.0,1009.88,65.5,44.1667
1720382400,2024-07-07 20:00:00,2024-07-07 22:00:00,ringsted,14.625,18.0,1.775,0.0,1010.41,77.5,38.8889
1720386000,2024-07-07 21:00:00,2024-07-07 23:00:00,ringsted,13.125,0.0,1.8,0.0,1010.75,85.25,58.3333
1720389600,2024-07-07 22:00:00,2024-07-08 00:00:00,ringsted,12.8,0.0,1.775,0.0,1010.87,87.75,72.5
1720393200,2024-07-07 23:00:00,2024-07-08 01:00:00,ringsted,13.225,0.0,1.525,0.125,1011.03,87.0,61.1111
1720396800,2024-07-08 00:00:00,2024-07-08 02:00:00,ringsted,12.675,0.0,1.675,0.0,1011.04,89.25,85.2778
1720400400,2024-07-08 01:00:00,2024-07-08 03:00:00,ringsted,13.025,0.0,1.975,0.0,1010.9,88.5,68.0556
1720404000,2024-07-08 02:00:00,2024-07-08 04:00:00,ringsted,13.4,0.0,2.4,0.0,1010.72,87.5,78.0556
1720407600,2024-07-08 03:00:00,2024-07-08 05:00:00,ringsted,13.2,0.0,1.875,0.025,1010.72,90.25,79.7222
1720411200,2024-07-08 04:00:00,2024-07-08 06:00:00,ringsted,13.15,12.0,2.15,0.05,1010.92,90.25,73.0556
1720414800,2024-07-08 05:00:00,2024-07-08 07:00:00,ringsted,13.675,44.0,1.85,0.0,1011.41,89.0,67.2222
1720418400,2024-07-08 06:00:00,2024-07-08 08:00:00,ringsted,14.45,94.0,2.05,0.0,1011.88,86.0,58.2353
1720422000,2024-07-08 07:00:00,2024-07-08 09:00:00,ringsted,15.525,204.5,2.85,0.025,1012.22,80.75,69.7222
1720425600,2024-07-08 08:00:00,2024-07-08 10:00:00,ringsted,15.55,210.0,4.025,0.225,1012.5,79.25,74.7222
1720429200,2024-07-08 09:00:00,2024-07-08 11:00:00,ringsted,15.275,268.5,3.775,0.0,1012.44,81.75,38.3333
1720432800,2024-07-08 10:00:00,2024-07-08 12:00:00,ringsted,17.2,647.5,4.4,0.0,1012.58,70.0,12.2222
1720436400,2024-07-08 11:00:00,2024-07-08 13:00:00,ringsted,18.925,815.0,5.25,0.0,1012.77,60.0,21.3889
1720440000,2024-07-08 12:00:00,2024-07-08 14:00:00,ringsted,19.3,805.5,5.825,0.0,1012.91,58.75,27.5
1720443600,2024-07-08 13:00:00,2024-07-08 15:00:00,ringsted,19.6,764.0,5.95,0.0,1013.23,58.0,38.6111
1720447200,2024-07-08 14:00:00,2024-07-08 16:00:00,ringsted,19.3,594.5,5.45,0.0,1013.56,58.5,30.5556
1720450800,2024-07-08 15:00:00,2024-07-08 17:00:00,ringsted,19.1,563.5,5.175,0.0,1013.78,59.25,4.72222
1720454400,2024-07-08 16:00:00,2024-07-08 18:00:00,ringsted,19.45,495.0,5.15,0.0,1013.94,57.5,0.0
1720458000,2024-07-08 17:00:00,2024-07-08 19:00:00,ringsted,19.4,366.5,4.475,0.0,1014.33,55.5,6.11111
1720461600,2024-07-08 18:00:00,2024-07-08 20:00:00,ringsted,18.85,242.0,3.75,0.0,1014.79,57.5,0.0
1720465200,2024-07-08 19:00:00,2024-07-08 21:00:00,ringsted,17.6,118.0,2.75,0.0,1015.43,63.25,0.0
1720468800,2024-07-08 20:00:00,2024-07-08 22:00:00,ringsted,15.675,21.5,1.375,0.0,1016.07,73.0,0.0
1720472400,2024-07-08 21:00:00,2024-07-08 23:00:00,ringsted,13.325,0.5,0.675,0.0,1016.41,84.5,0.0
1720476000,2024-07-08 22:00:00,2024-07-09 00:00:00,ringsted,11.825,0.0,0.5,0.0,1016.7,90.75,0.0
1720479600,2024-07-08 23:00:00,2024-07-09 01:00:00,ringsted,10.75,0.0,0.525,0.0,1016.98,94.25,0.0
1720483200,2024-07-09 00:00:00,2024-07-09 02:00:00,ringsted,10.15,0.0,0.65,0.0,1017.19,95.75,0.0
1720486800,2024-07-09 01:00:00,2024-07-09 03:00:00,ringsted,9.55,0.0,0.575,0.0,1017.26,96.5,0.0
1720490400,2024-07-09 02:00:00,2024-07-09 04:00:00,ringsted,9.075,0.0,0.525,0.0,1017.18,97.0,0.0
1720494000,2024-07-09 03:00:00,2024-07-09 05:00:00,ringsted,8.55,1.5,0.525,0.0,1017.33,97.75,0.0
1720497600,2024-07-09 04:00:00,2024-07-09 06:00:00,ringsted,9.0,40.0,0.475,0.0,1017.59,97.25,15.2778
1720501200,2024-07-09 05:00:00,2024-07-09 07:00:00,ringsted,12.1,137.0,0.55,0.0,1017.73,92.75,70.8333
1720504800,2024-07-09 06:00:00,2024-07-09 08:00:00,ringsted,15.1,206.0,1.225,0.0,1017.87,84.75,91.1111
1720508400,2024-07-09 07:00:00,2024-07-09 09:00:00,ringsted,16.125,147.0,1.925,0.0,1017.88,79.5,95.0
1720512000,2024-07-09 08:00:00,2024-07-09 10:00:00,ringsted,16.625,168.5,2.625,0.0,1017.95,76.75,81.1111
1720515600,2024-07-09 09:00:00,2024-07-09 11:00:00,ringsted,17.225,228.0,2.875,0.0,1017.86,75.25,74.1667
1720519200,2024-07-09 10:00:00,2024-07-09 12:00:00,ringsted,17.7,233.5,3.675,0.0,1017.58,70.25,76.9444
1720522800,2024-07-09 11:00:00,2024-07-09 13:00:00,ringsted,17.7,201.0,4.025,0.0,1017.36,71.25,72.2222
1720526400,2024-07-09 12:00:00,2024-07-09 14:00:00,ringsted,17.775,275.0,4.6,0.0,1016.85,70.5,64.1667
1720530000,2024-07-09 13:00:00,2024-07-09 15:00:00,ringsted,18.825,502.5,5.675,0.0,1016.39,65.75,40.8333
1720533600,2024-07-09 14:00:00,2024-07-09 16:00:00,ringsted,20.25,647.5,6.35,0.0,1015.75,58.75,39.4444
1720537200,2024-07-09 15:00:00,2024-07-09 17:00:00,ringsted,20.6,571.0,6.6,0.0,1015.32,57.0,47.5
1720540800,2024-07-09 16:00:00,2024-07-09 18:00:00,ringsted,20.625,483.0,6.625,0.0,1014.93,55.25,20.0
1720544400,2024-07-09 17:00:00,2024-07-09 19:00:00,ringsted,20.15,329.0,6.425,0.0,1014.42,57.25,1.66667
1720548000,2024-07-09 18:00:00,2024-07-09 20:00:00,ringsted,19.025,140.5,5.725,0.0,1014.17,62.5,5.83333
1720551600,2024-07-09 19:00:00,2024-07-09 21:00:00,ringsted,18.125,58.0,5.5,0.0,1013.79,68.5,20.2778
1720555200,2024-07-09 20:00:00,2024-07-09 22:00:00,ringsted,17.5,8.0,5.4,0.0,1013.48,74.25,9.44444
1720558800,2024-07-09 21:00:00,2024-07-09 23:00:00,ringsted,17.0,0.0,5.25,0.0,1013.25,79.5,3.05556
1720562400,2024-07-09 22:00:00,2024-07-10 00:00:00,ringsted,16.675,0.0,4.725,0.0,1012.97,84.0,0.0
1720566000,2024-07-09 23:00:00,2024-07-10 01:00:00,ringsted,16.8,0.0,4.45,0.0,1012.38,84.75,0.0
1720569600,2024-07-10 00:00:00,2024-07-10 02:00:00,ringsted,17.025,0.0,4.725,0.0,1011.48,83.5,0.0
1720573200,2024-07-10 01:00:00,2024-07-10 03:00:00,ringsted,17.275,0.0,4.8,0.0,1010.65,83.75,0.0
1720576800,2024-07-10 02:00:00,2024-07-10 04:00:00,ringsted,17.55,0.0,5.45,0.025,1009.98,85.0,8.33333
1720580400,2024-07-10 03:00:00,2024-07-10 05:00:00,ringsted,17.55,1.0,5.275,0.025,1009.31,87.0,5.0
1720584000,2024-07-10 04:00:00,2024-07-10 06:00:00,ringsted,17.975,46.0,5.325,0.0,1008.95,86.25,14.4444
1720587600,2024-07-10 05:00:00,2024-07-10 07:00:00,ringsted,18.95,121.5,4.825,0.0,1008.72,83.5,28.3333
1720591200,2024-07-10 06:00:00,2024-07-10 08:00:00,ringsted,19.9,176.0,4.7,0.0,1008.65,81.75,23.6111
1720594800,2024-07-10 07:00:00,2024-07-10 09:00:00,ringsted,21.075,309.5,4.675,0.0,1008.78,78.25,53.3333
1720598400,2024-07-10 08:00:00,2024-07-10 10:00:00,ringsted,21.225,263.0,4.025,0.125,1008.94,79.75,48.3333
1720602000,2024-07-10 09:00:00,2024-07-10 11:00:00,ringsted,21.6,338.5,3.175,0.25,1009.25,80.25,45.2778
1720605600,2024-07-10 10:00:00,2024-07-10 12:00:00,ringsted,21.925,324.5,2.95,1.0,1009.24,79.5,28.8889
1720609200,2024-07-10 11:00:00,2024-07-10 13:00:00,ringsted,21.8,352.5,3.975,0.0,1009.05,80.0,42.7778
1720612800,2024-07-10 12:00:00,2024-07-10 14:00:00,ringsted,22.35,471.5,4.15,0.0,1009.19,76.5,58.6111
1720616400,2024-07-10 13:00:00,2024-07-10 15:00:00,ringsted,21.9,175.5,2.85,0.05,1009.66,79.0,60.0
1720620000,2024-07-10 14:00:00,2024-07-10 16:00:00,ringsted,21.55,301.0,2.5,0.0,1009.92,79.25,51.6667
1720623600,2024-07-10 15:00:00,2024-07-10 17:00:00,ringsted,22.5,414.5,2.7,0.0,1009.92,73.75,58.0556
1720627200,2024-07-10 16:00:00,2024-07-10 18:00:00,ringsted,22.375,404.0,4.025,0.0,1010.14,71.75,17.2222
1720630800,2024-07-10 17:00:00,2024-07-10 19:00:00,ringsted,22.2,312.5,3.55,0.0,1010.44,69.5,18.3333
1720634400,2024-07-10 18:00:00,2024-07-10 20:00:00,ringsted,21.5,169.5,2.25,0.0,1010.54,71.25,7.5
1720638000,2024-07-10 19:00:00,2024-07-10 21:00:00,ringsted,20.15,80.5,1.475,0.0,1010.91,80.0,39.4444
1720641600,2024-07-10 20:00:00,2024-07-10 22:00:00,ringsted,18.8,21.0,0.8,0.0,1010.98,86.5,10.2778
1720645200,2024-07-10 21:00:00,2024-07-10 23:00:00,ringsted,17.35,0.5,0.725,0.0,1010.62,91.75,0.0
1720648800,2024-07-10 22:00:00,2024-07-11 00:00:00,ringsted,16.225,0.0,0.375,0.0,1010.79,94.75,0.0
1720652400,2024-07-10 23:00:00,2024-07-11 01:00:00,ringsted,15.325,0.0,0.6,0.0,1010.89,96.5,1.66667
1720656000,2024-07-11 00:00:00,2024-07-11 02:00:00,ringsted,15.125,0.0,0.725,0.0,1010.83,96.5,12.5
1720659600,2024-07-11 01:00:00,2024-07-11 03:00:00,ringsted,14.55,0.0,0.8,0.0,1010.5,97.0,25.0
1720663200,2024-07-11 02:00:00,2024-07-11 04:00:00,ringsted,14.675,0.0,0.85,0.075,1010.62,97.75,40.5556
1720666800,2024-07-11 03:00:00,2024-07-11 05:00:00,ringsted,14.875,0.5,0.775,0.8,1010.76,97.75,80.8333
1720670400,2024-07-11 04:00:00,2024-07-11 06:00:00,ringsted,15.775,10.5,0.85,1.075,1010.68,97.75,90.2778
1720674000,2024-07-11 05:00:00,2024-07-11 07:00:00,ringsted,16.35,14.5,0.475,2.25,1010.74,98.0,84.1667
1720677600,2024-07-11 06:00:00,2024-07-11 08:00:00,ringsted,16.8,69.5,1.0,1.3,1010.82,97.75,61.6667
1720681200,2024-07-11 07:00:00,2024-07-11 09:00:00,ringsted,17.3,153.0,1.0,0.025,1011.11,95.0,74.4444
1720684800,2024-07-11 08:00:00,2024-07-11 10:00:00,ringsted,18.225,333.5,1.675,0.0,1011.2,87.5,55.2778
1720688400,2024-07-11 09:00:00,2024-07-11 11:00:00,ringsted,19.1,381.5,2.425,0.0,1011.19,78.25,60.0
1720692000,2024-07-11 10:00:00,2024-07-11 12:00:00,ringsted,19.325,447.5,2.375,0.0,1011.29,76.0,64.7222
1720695600,2024-07-11 11:00:00,2024-07-11 13:00:00,ringsted,19.725,478.0,2.65,0.0,1011.5,73.25,60.8333
1720699200,2024-07-11 12:00:00,2024-07-11 14:00:00,ringsted,20.2,559.0,3.025,0.025,1011.5,70.75,36.6667
1720702800,2024-07-11 13:00:00,2024-07-11 15:00:00,ringsted,20.725,470.5,3.3,0.0,1011.39,68.75,47.5
1720706400,2024-07-11 14:00:00,2024-07-11 16:00:00,ringsted,20.8,486.0,3.5,0.0,1011.23,67.5,24.4444
1720710000,2024-07-11 15:00:00,2024-07-11 17:00:00,ringsted,21.625,593.0,4.15,0.0,1011.07,61.25,8.05556
1720713600,2024-07-11 16:00:00,2024-07-11 18:00:00,ringsted,21.9,485.5,4.2,0.0,1010.98,58.5,0.0
1720717200,2024-07-11 17:00:00,2024-07-11 19:00:00,ringsted,21.55,374.0,3.85,0.0,1011.09,60.0,3.33333
1720720800,2024-07-11 18:00:00,2024-07-11 20:00:00,ringsted,20.825,219.5,3.6,0.0,1011.16,61.25,0.555556
1720724400,2024-07-11 19:00:00,2024-07-11 21:00:00,ringsted,19.575,91.0,2.525,0.0,1011.43,69.25,2.77778
1720728000,2024-07-11 20:00:00,2024-07-11 22:00:00,ringsted,17.2,17.5,1.625,0.0,1011.64,82.5,25.5556
1720731600,2024-07-11 21:00:00,2024-07-11 23:00:00,ringsted,15.875,0.0,1.675,0.0,1011.6,88.0,38.8889
1720735200,2024-07-11 22:00:00,2024-07-12 00:00:00,ringsted,15.35,0.0,1.5,0.0,1011.66,89.75,52.5
1720738800,2024-07-11 23:00:00,2024-07-12 01:00:00,ringsted,15.025,0.0,1.125,0.0,1011.67,91.5,88.3333
1720742400,2024-07-12 00:00:00,2024-07-12 02:00:00,ringsted,14.325,0.0,1.15,0.0,1011.7,94.5,75.5556
1720746000,2024-07-12 01:00:00,2024-07-12 03:00:00,ringsted,14.575,0.0,1.2,0.0,1011.6,94.25,66.6667
1720749600,2024-07-12 02:00:00,2024-07-12 04:00:00,ringsted,14.45,0.0,1.1,0.0,1011.51,93.75,43.8889
1720753200,2024-07-12 03:00:00,2024-07-12 05:00:00,ringsted,13.775,3.0,0.825,0.0,1011.75,94.5,46.1111
1720756800,2024-07-12 04:00:00,2024-07-12 06:00:00,ringsted,13.4,27.5,0.475,0.0,1011.71,95.75,19.7222
1720760400,2024-07-12 05:00:00,2024-07-12 07:00:00,ringsted,14.025,67.0,0.675,0.0,1011.79,95.75,15.0
1720764000,2024-07-12 06:00:00,2024-07-12 08:00:00,ringsted,14.975,140.5,0.65,0.0,1011.91,93.0,29.1667
1720767600,2024-07-12 07:00:00,2024-07-12 09:00:00,ringsted,16.575,346.5,1.125,0.0,1011.7,84.0,8.33333
1720771200,2024-07-12 08:00:00,2024-07-12 10:00:00,ringsted,18.0,346.5,1.0,0.0,1011.21,72.75,12.5
1720774800,2024-07-12 09:00:00,2024-07-12 11:00:00,ringsted,19.3,628.5,1.225,0.0,1011.0,67.75,33.3333
1720778400,2024-07-12 10:00:00,2024-07-12 12:00:00,ringsted,20.2,740.5,2.025,0.0,1010.78,65.75,34.1667
1720782000,2024-07-12 11:00:00,2024-07-12 13:00:00,ringsted,20.825,740.0,2.5,0.0,1010.43,63.75,15.2778
1720785600,2024-07-12 12:00:00,2024-07-12 14:00:00,ringsted,21.625,795.5,3.0,0.0,1009.92,61.25,16.6667
1720789200,2024-07-12 13:00:00,2024-07-12 15:00:00,ringsted,21.625,612.5,3.6,0.0,1009.54,61.75,15.8333
1720792800,2024-07-12 14:00:00,2024-07-12 16:00:00,ringsted,21.5,573.5,4.4,0.0,1009.16,63.5,15.5556
1720796400,2024-07-12 15:00:00,2024-07-12 17:00:00,ringsted,21.4,416.5,4.525,0.0,1008.78,62.25,30.8333
1720800000,2024-07-12 16:00:00,2024-07-12 18:00:00,ringsted,20.475,314.5,4.675,0.0,1007.72,67.25,15.8333
1720803600,2024-07-12 17:00:00,2024-07-12 19:00:00,ringsted,20.1,257.0,4.325,0.0,1007.11,70.0,61.6667
1720807200,2024-07-12 18:00:00,2024-07-12 20:00:00,ringsted,19.625,64.0,4.05,0.0,1006.46,69.25,72.7778
1720810800,2024-07-12 19:00:00,2024-07-12 21:00:00,ringsted,19.2,29.0,4.1,0.0,1006.12,72.25,65.0
1720814400,2024-07-12 20:00:00,2024-07-12 22:00:00,ringsted,18.7,4.5,4.6,0.0,1005.83,72.25,70.2778
1720818000,2024-07-12 21:00:00,2024-07-12 23:00:00,ringsted,18.275,0.0,4.975,0.0,1005.34,72.0,87.7778
1720821600,2024-07-12 22:00:00,2024-07-13 00:00:00,ringsted,17.925,0.0,6.05,0.0,1004.94,74.25,88.6111
1720825200,2024-07-12 23:00:00,2024-07-13 01:00:00,ringsted,17.55,0.0,6.25,0.325,1004.45,80.25,75.2778
1720828800,2024-07-13 00:00:00,2024-07-13 02:00:00,ringsted,17.325,0.0,6.125,0.0,1004.06,80.5,81.3889
1720832400,2024-07-13 01:00:00,2024-07-13 03:00:00,ringsted,17.35,0.0,6.5,0.15,1003.54,77.5,53.3333
1720836000,2024-07-13 02:00:00,2024-07-13 04:00:00,ringsted,17.15,0.0,5.575,0.0,1003.22,79.25,56.1111
1720839600,2024-07-13 03:00:00,2024-07-13 05:00:00,ringsted,17.225,0.0,5.45,0.0,1003.33,82.5,83.8889
1720843200,2024-07-13 04:00:00,2024-07-13 06:00:00,ringsted,17.0,3.0,5.775,0.025,1003.52,86.0,96.3889
1720846800,2024-07-13 05:00:00,2024-07-13 07:00:00,ringsted,16.675,13.0,4.725,0.1,1003.64,90.25,98.1667
1720850400,2024-07-13 06:00:00,2024-07-13 08:00:00,ringsted,16.15,17.0,3.725,0.275,1003.88,93.5,84.7222
1720854000,2024-07-13 07:00:00,2024-07-13 09:00:00,ringsted,15.625,34.5,3.8,0.2,1004.15,94.5,86.6667
1720857600,2024-07-13 08:00:00,2024-07-13 10:00:00,ringsted,15.575,57.5,3.6,0.325,1004.47,96.75,88.6111
1720861200,2024-07-13 09:00:00,2024-07-13 11:00:00,ringsted,15.5,63.5,3.3,1.825,1004.53,97.25,76.1111
1720864800,2024-07-13 10:00:00,2024-07-13 12:00:00,ringsted,15.425,82.5,3.075,1.95,1004.52,96.25,75.5556
1720868400,2024-07-13 11:00:00,2024-07-13 13:00:00,ringsted,15.5,77.5,2.575,1.125,1004.75,96.5,83.3333
1720872000,2024-07-13 12:00:00,2024-07-13 14:00:00,ringsted,15.425,69.5,2.0,0.825,1005.08,95.75,98.3333
1720875600,2024-07-13 13:00:00,2024-07-13 15:00:00,ringsted,15.475,79.5,1.8,1.35,1005.39,94.75,90.8333
1720879200,2024-07-13 14:00:00,2024-07-13 16:00:00,ringsted,15.675,72.0,2.075,0.95,1005.47,94.0,69.1667
1720882800,2024-07-13 15:00:00,2024-07-13 17:00:00,ringsted,15.725,139.0,2.05,0.275,1005.53,94.25,60.5556
1720886400,2024-07-13 16:00:00,2024-07-13 18:00:00,ringsted,16.65,250.0,2.4,0.0,1005.56,90.25,51.6667
1720890000,2024-07-13 17:00:00,2024-07-13 19:00:00,ringsted,17.35,267.5,2.9,0.0,1005.42,85.25,47.2222
1720893600,2024-07-13 18:00:00,2024-07-13 20:00:00,ringsted,17.525,209.0,2.775,0.0,1005.3,83.25,8.33333
1720897200,2024-07-13 19:00:00,2024-07-13 21:00:00,ringsted,17.025,97.5,2.55,0.0,1005.55,84.25,25.8333
1720900800,2024-07-13 20:00:00,2024-07-13 22:00:00,ringsted,15.725,9.5,2.475,0.0,1005.79,89.0,30.0
1720904400,2024-07-13 21:00:00,2024-07-13 23:00:00,ringsted,14.675,0.0,2.2,0.0,1006.11,92.5,50.2778
1720908000,2024-07-13 22:00:00,2024-07-14 00:00:00,ringsted,14.725,0.0,2.35,0.15,1005.95,92.25,40.8333
1720911600,2024-07-13 23:00:00,2024-07-14 01:00:00,ringsted,14.45,0.0,2.275,0.0,1005.85,93.0,22.7778
1720915200,2024-07-14 00:00:00,2024-07-14 02:00:00,ringsted,14.325,0.0,2.9,0.0,1005.75,93.5,15.8333
1720918800,2024-07-14 01:00:00,2024-07-14 03:00:00,ringsted,13.95,0.0,2.925,0.0,1005.73,93.5,22.5
1720922400,2024-07-14 02:00:00,2024-07-14 04:00:00,ringsted,14.025,0.0,3.125,0.0,1005.99,94.0,30.2778
1720926000,2024-07-14 03:00:00,2024-07-14 05:00:00,ringsted,14.025,0.5,2.625,0.0,1006.03,93.75,53.3333
1720929600,2024-07-14 04:00:00,2024-07-14 06:00:00,ringsted,14.375,19.0,2.725,0.25,1006.18,93.75,65.5556
1720933200,2024-07-14 05:00:00,2024-07-14 07:00:00,ringsted,14.775,65.5,2.75,0.1,1006.38,93.75,72.2222
1720936800,2024-07-14 06:00:00,2024-07-14 08:00:00,ringsted,15.3,106.0,4.025,0.1,1006.62,90.75,79.7222
1720940400,2024-07-14 07:00:00,2024-07-14 09:00:00,ringsted,15.8,270.5,5.15,0.0,1006.68,86.25,60.8333
1720944000,2024-07-14 08:00:00,2024-07-14 10:00:00,ringsted,16.55,427.5,5.625,0.0,1006.83,80.25,51.6667
1720947600,2024-07-14 09:00:00,2024-07-14 11:00:00,ringsted,17.075,412.0,5.525,0.0,1007.02,74.5,52.5
1720951200,2024-07-14 10:00:00,2024-07-14 12:00:00,ringsted,17.925,544.0,5.875,0.0,1007.12,67.5,43.8889
1720954800,2024-07-14 11:00:00,2024-07-14 13:00:00,ringsted,18.95,828.0,6.275,0.0,1007.31,61.5,32.7778
1720958400,2024-07-14 12:00:00,2024-07-14 14:00:00,ringsted,19.125,635.5,6.0,0.0,1007.3,59.75,57.7778
1720962000,2024-07-14 13:00:00,2024-07-14 15:00:00,ringsted,19.55,668.5,5.8,0.0,1007.48,57.75,39.1667
1720965600,2024-07-14 14:00:00,2024-07-14 16:00:00,ringsted,19.825,652.0,5.65,0.0,1007.44,57.75,27.5
1720969200,2024-07-14 15:00:00,2024-07-14 17:00:00,ringsted,20.15,580.0,5.5,0.0,1007.25,56.5,25.8333
1720972800,2024-07-14 16:00:00,2024-07-14 18:00:00,ringsted,20.175,414.5,4.725,0.0,1007.15,56.75,23.3333
1720976400,2024-07-14 17:00:00,2024-07-14 19:00:00,ringsted,20.175,342.0,4.2,0.0,1007.2,56.25,25.8333
1720980000,2024-07-14 18:00:00,2024-07-14 20:00:00,ringsted,19.275,135.0,2.75,0.0,1007.23,61.75,47.2222
1720983600,2024-07-14 19:00:00,2024-07-14 21:00:00,ringsted,17.6,19.5,2.55,0.175,1007.62,71.25,65.8333
1720987200,2024-07-14 20:00:00,2024-07-14 22:00:00,ringsted,16.05,3.0,3.5,0.45,1007.89,81.5,76.1111
1720990800,2024-07-14 21:00:00,2024-07-14 23:00:00,ringsted,15.375,0.0,2.9,0.025,1007.74,84.5,79.7222
1720994400,2024-07-14 22:00:00,2024-07-15 00:00:00,ringsted,15.075,0.0,2.725,0.0,1007.65,87.25,72.7778
1720998000,2024-07-14 23:00:00,2024-07-15 01:00:00,ringsted,15.2,0.0,2.6,0.0,1007.42,86.75,60.0
1721001600,2024-07-15 00:00:00,2024-07-15 02:00:00,ringsted,14.75,0.0,2.65,0.0,1007.45,86.75,72.5
1721005200,2024-07-15 01:00:00,2024-07-15 03:00:00,ringsted,14.925,0.0,2.975,0.075,1007.51,86.75,64.7222
1721008800,2024-07-15 02:00:00,2024-07-15 04:00:00,ringsted,14.975,0.0,3.475,0.2,1007.26,87.75,64.7222
1721012400,2024-07-15 03:00:00,2024-07-15 05:00:00,ringsted,14.8,0.0,3.2,0.0,1007.19,90.75,66.3889
1721016000,2024-07-15 04:00:00,2024-07-15 06:00:00,ringsted,15.1,10.0,3.35,0.0,1007.12,90.5,56.6667
1721019600,2024-07-15 05:00:00,2024-07-15 07:00:00,ringsted,15.75,44.5,3.65,0.0,1007.2,89.25,67.5
1721023200,2024-07-15 06:00:00,2024-07-15 08:00:00,ringsted,16.4,107.5,4.1,0.0,1007.28,85.0,58.8889
1721026800,2024-07-15 07:00:00,2024-07-15 09:00:00,ringsted,17.225,187.0,4.925,0.0,1007.32,79.5,68.8889
1721030400,2024-07-15 08:00:00,2024-07-15 10:00:00,ringsted,17.925,253.5,5.925,0.0,1007.45,73.0,76.3889
1721034000,2024-07-15 09:00:00,2024-07-15 11:00:00,ringsted,18.625,337.0,6.3,0.0,1007.51,68.25,76.6667
1721037600,2024-07-15 10:00:00,2024-07-15 12:00:00,ringsted,19.325,462.5,6.45,0.0,1007.69,66.5,59.7222
1721041200,2024-07-15 11:00:00,2024-07-15 13:00:00,ringsted,19.8,587.5,6.925,0.0,1007.87,65.0,62.2222
1721044800,2024-07-15 12:00:00,2024-07-15 14:00:00,ringsted,20.025,590.0,7.075,0.0,1008.16,64.25,65.2778
1721048400,2024-07-15 13:00:00,2024-07-15 15:00:00,ringsted,19.775,556.5,6.425,0.0,1008.5,66.5,63.3333
1721052000,2024-07-15 14:00:00,2024-07-15 16:00:00,ringsted,20.3,575.0,6.175,0.0,1008.47,64.25,53.3333
1721055600,2024-07-15 15:00:00,2024-07-15 17:00:00,ringsted,20.425,587.0,6.0,0.0,1008.36,62.75,47.7778
1721059200,2024-07-15 16:00:00,2024-07-15 18:00:00,ringsted,20.35,402.0,5.35,0.0,1008.32,64.0,18.3333
1721062800,2024-07-15 17:00:00,2024-07-15 19:00:00,ringsted,20.175,351.0,4.75,0.0,1008.5,64.75,4.44444
1721066400,2024-07-15 18:00:00,2024-07-15 20:00:00,ringsted,19.75,222.5,3.65,0.0,1008.7,67.0,2.77778
1721070000,2024-07-15 19:00:00,2024-07-15 21:00:00,ringsted,18.525,106.0,2.25,0.0,1008.78,73.5,5.83333
1721073600,2024-07-15 20:00:00,2024-07-15 22:00:00,ringsted,16.8,17.5,1.025,0.0,1008.75,82.0,0.555556
1721077200,2024-07-15 21:00:00,2024-07-15 23:00:00,ringsted,14.75,0.0,0.4,0.0,1009.05,90.25,5.27778
1721080800,2024-07-15 22:00:00,2024-07-16 00:00:00,ringsted,13.375,0.0,0.8,0.0,1008.9,94.75,15.2778
1721084400,2024-07-15 23:00:00,2024-07-16 01:00:00,ringsted,13.05,0.0,1.225,0.0,1008.77,94.5,11.9444
1721088000,2024-07-16 00:00:00,2024-07-16 02:00:00,ringsted,12.925,0.0,1.35,0.0,1008.64,95.5,0.555556
1721091600,2024-07-16 01:00:00,2024-07-16 03:00:00,ringsted,13.0,0.0,1.75,0.0,1008.1,96.25,13.8889
1721095200,2024-07-16 02:00:00,2024-07-16 04:00:00,ringsted,12.975,0.0,1.8,0.0,1007.6,96.25,46.6667
1721098800,2024-07-16 03:00:00,2024-07-16 05:00:00,ringsted,13.325,0.5,2.0,0.0,1007.47,95.5,55.2778
1721102400,2024-07-16 04:00:00,2024-07-16 06:00:00,ringsted,14.05,16.0,1.825,0.0,1007.29,93.5,67.7778
1721106000,2024-07-16 05:00:00,2024-07-16 07:00:00,ringsted,15.0,34.0,2.3,0.0,1007.29,90.75,40.8333
1721109600,2024-07-16 06:00:00,2024-07-16 08:00:00,ringsted,15.95,34.5,2.775,0.1,1007.19,87.25,43.6111
1721113200,2024-07-16 07:00:00,2024-07-16 09:00:00,ringsted,16.475,94.0,2.5,0.475,1006.81,87.0,66.3889
1721116800,2024-07-16 08:00:00,2024-07-16 10:00:00,ringsted,16.9,111.5,2.65,0.25,1006.2,87.0,74.4444
1721120400,2024-07-16 09:00:00,2024-07-16 11:00:00,ringsted,17.5,173.0,3.125,0.225,1006.09,85.0,77.7778
1721124000,2024-07-16 10:00:00,2024-07-16 12:00:00,ringsted,18.1,157.5,3.15,0.0,1006.25,82.25,79.4444
1721127600,2024-07-16 11:00:00,2024-07-16 13:00:00,ringsted,18.225,134.0,2.925,0.0,1006.4,82.5,78.8889
1721131200,2024-07-16 12:00:00,2024-07-16 14:00:00,ringsted,18.25,221.5,3.5,0.125,1006.32,82.5,93.3333
1721134800,2024-07-16 13:00:00,2024-07-16 15:00:00,ringsted,18.425,235.0,3.325,0.075,1005.85,81.5,69.1667
1721138400,2024-07-16 14:00:00,2024-07-16 16:00:00,ringsted,19.05,305.5,3.425,0.025,1005.72,78.5,65.2778
1721142000,2024-07-16 15:00:00,2024-07-16 17:00:00,ringsted,19.6,290.5,2.525,0.075,1005.7,76.0,80.0
1721145600,2024-07-16 16:00:00,2024-07-16 18:00:00,ringsted,19.725,230.5,1.725,0.0,1005.79,76.5,62.2222
1721149200,2024-07-16 17:00:00,2024-07-16 19:00:00,ringsted,19.35,112.5,1.325,0.0,1005.54,78.75,43.3333
1721152800,2024-07-16 18:00:00,2024-07-16 20:00:00,ringsted,19.05,103.5,1.2,0.0,1005.47,81.25,22.2222
1721156400,2024-07-16 19:00:00,2024-07-16 21:00:00,ringsted,18.625,69.0,1.0,0.0,1005.95,83.25,21.9444
1721160000,2024-07-16 20:00:00,2024-07-16 22:00:00,ringsted,16.925,10.5,1.05,0.0,1006.38,90.5,10.0
1721163600,2024-07-16 21:00:00,2024-07-16 23:00:00,ringsted,15.375,0.0,1.3,0.0,1006.59,95.25,44.4444
1721167200,2024-07-16 22:00:00,2024-07-17 00:00:00,ringsted,15.0,0.0,1.275,0.0,1006.86,96.75,13.6111
1721170800,2024-07-16 23:00:00,2024-07-17 01:00:00,ringsted,15.15,0.0,1.775,0.1,1006.92,97.75,64.7222
1721174400,2024-07-17 00:00:00,2024-07-17 02:00:00,ringsted,15.9,0.0,2.575,0.425,1006.89,97.75,68.3333
1721178000,2024-07-17 01:00:00,2024-07-17 03:00:00,ringsted,15.65,0.0,2.1,0.1,1006.89,95.75,51.3889
1721181600,2024-07-17 02:00:00,2024-07-17 04:00:00,ringsted,15.2,0.0,1.575,0.05,1007.13,95.75,58.0556
1721185200,2024-07-17 03:00:00,2024-07-17 05:00:00,ringsted,14.7,0.0,1.875,0.0,1007.45,96.0,54.4444
1721188800,2024-07-17 04:00:00,2024-07-17 06:00:00,ringsted,14.65,19.5,1.725,0.0,1007.82,96.75,59.7222
1721192400,2024-07-17 05:00:00,2024-07-17 07:00:00,ringsted,15.35,37.5,1.6,0.0,1008.12,97.0,72.2222
1721196000,2024-07-17 06:00:00,2024-07-17 08:00:00,ringsted,16.275,74.5,1.925,0.0,1008.43,96.25,67.5
1721199600,2024-07-17 07:00:00,2024-07-17 09:00:00,ringsted,16.9,183.5,3.0,0.225,1008.67,94.0,55.0
1721203200,2024-07-17 08:00:00,2024-07-17 10:00:00,ringsted,17.55,334.5,3.75,0.375,1008.85,89.25,60.8333
1721206800,2024-07-17 09:00:00,2024-07-17 11:00:00,ringsted,17.925,402.5,4.0,0.3,1009.11,86.75,60.5556
1721210400,2024-07-17 10:00:00,2024-07-17 12:00:00,ringsted,18.0,475.5,3.625,0.85,1009.53,86.0,42.7778
1721214000,2024-07-17 11:00:00,2024-07-17 13:00:00,ringsted,19.075,682.0,4.075,0.1,1009.8,80.75,52.7778
1721217600,2024-07-17 12:00:00,2024-07-17 14:00:00,ringsted,20.05,736.0,4.35,0.2,1010.06,74.5,62.7778
1721221200,2024-07-17 13:00:00,2024-07-17 15:00:00,ringsted,20.125,614.5,4.775,0.225,1010.54,73.5,56.9444
1721224800,2024-07-17 14:00:00,2024-07-17 16:00:00,ringsted,20.125,472.5,5.3,0.0,1010.93,75.0,46.1111
1721228400,2024-07-17 15:00:00,2024-07-17 17:00:00,ringsted,20.35,464.0,5.825,0.0,1011.32,74.0,60.8333
1721232000,2024-07-17 16:00:00,2024-07-17 18:00:00,ringsted,19.775,387.0,5.275,0.15,1011.55,78.0,58.6111
1721235600,2024-07-17 17:00:00,2024-07-17 19:00:00,ringsted,19.225,270.0,5.225,0.075,1011.88,79.75,58.0556
1721239200,2024-07-17 18:00:00,2024-07-17 20:00:00,ringsted,19.05,188.5,4.65,0.0,1012.45,80.0,36.9444
1721242800,2024-07-17 19:00:00,2024-07-17 21:00:00,ringsted,18.375,48.0,3.6,0.0,1013.07,83.5,62.2222
1721246400,2024-07-17 20:00:00,2024-07-17 22:00:00,ringsted,17.625,9.5,3.225,0.0,1013.69,85.5,46.9444
1721250000,2024-07-17 21:00:00,2024-07-17 23:00:00,ringsted,16.925,0.0,3.5,0.0,1014.34,86.5,76.9444
1721253600,2024-07-17 22:00:00,2024-07-18 00:00:00,ringsted,16.75,0.0,4.325,0.0,1014.65,85.0,71.9444
1721257200,2024-07-17 23:00:00,2024-07-18 01:00:00,ringsted,16.15,0.0,4.325,0.0,1015.11,84.0,14.4444
1721260800,2024-07-18 00:00:00,2024-07-18 02:00:00,ringsted,14.975,0.0,3.925,0.0,1015.53,86.5,10.0
1721264400,2024-07-18 01:00:00,2024-07-18 03:00:00,ringsted,14.075,0.0,3.55,0.0,1015.96,89.75,13.0556
1721268000,2024-07-18 02:00:00,2024-07-18 04:00:00,ringsted,13.7,0.0,3.7,0.0,1016.26,91.25,1.94444
1721271600,2024-07-18 03:00:00,2024-07-18 05:00:00,ringsted,13.3,0.0,3.35,0.0,1016.41,92.5,0.0
1721275200,2024-07-18 04:00:00,2024-07-18 06:00:00,ringsted,13.325,26.5,3.15,0.0,1016.78,93.0,1.11111
1721278800,2024-07-18 05:00:00,2024-07-18 07:00:00,ringsted,13.975,110.0,3.55,0.0,1017.15,91.0,23.8889
1721282400,2024-07-18 06:00:00,2024-07-18 08:00:00,ringsted,15.05,204.0,4.275,0.0,1017.63,85.75,30.2778
1721286000,2024-07-18 07:00:00,2024-07-18 09:00:00,ringsted,16.3,365.0,5.35,0.0,1017.92,77.25,33.6111
1721289600,2024-07-18 08:00:00,2024-07-18 10:00:00,ringsted,17.35,454.0,5.475,0.0,1018.12,71.5,76.6667
1721293200,2024-07-18 09:00:00,2024-07-18 11:00:00,ringsted,17.725,375.5,5.5,0.0,1018.36,68.75,92.7778
1721296800,2024-07-18 10:00:00,2024-07-18 12:00:00,ringsted,18.125,481.0,5.55,0.0,1018.53,67.75,96.1111
1721300400,2024-07-18 11:00:00,2024-07-18 13:00:00,ringsted,18.45,453.5,5.15,0.0,1018.62,68.0,75.0
1721304000,2024-07-18 12:00:00,2024-07-18 14:00:00,ringsted,18.625,407.0,5.15,0.0,1018.57,69.25,75.2778
1721307600,2024-07-18 13:00:00,2024-07-18 15:00:00,ringsted,18.8,419.5,4.85,0.0,1018.54,68.5,75.0
1721311200,2024-07-18 14:00:00,2024-07-18 16:00:00,ringsted,19.25,513.5,4.65,0.0,1018.45,67.75,92.7778
1721314800,2024-07-18 15:00:00,2024-07-18 17:00:00,ringsted,19.375,386.5,4.5,0.0,1018.35,66.75,59.4444
1721318400,2024-07-18 16:00:00,2024-07-18 18:00:00,ringsted,19.7,346.5,4.3,0.0,1018.33,64.25,39.4444
1721322000,2024-07-18 17:00:00,2024-07-18 19:00:00,ringsted,19.425,224.0,3.725,0.0,1018.23,65.25,33.3333
1721325600,2024-07-18 18:00:00,2024-07-18 20:00:00,ringsted,19.125,198.0,3.275,0.0,1018.24,67.5,6.66667
1721329200,2024-07-18 19:00:00,2024-07-18 21:00:00,ringsted,18.225,86.0,1.875,0.0,1018.4,72.0,3.88889
1721332800,2024-07-18 20:00:00,2024-07-18 22:00:00,ringsted,16.2,14.0,0.95,0.0,1018.47,83.75,2.22222
1721336400,2024-07-18 21:00:00,2024-07-18 23:00:00,ringsted,14.175,0.0,0.75,0.0,1018.48,90.5,0.555556
1721340000,2024-07-18 22:00:00,2024-07-19 00:00:00,ringsted,13.075,0.0,0.85,0.0,1018.51,93.75,21.1111
1721343600,2024-07-18 23:00:00,2024-07-19 01:00:00,ringsted,12.625,0.0,0.875,0.0,1018.63,94.75,2.22222
1721347200,2024-07-19 00:00:00,2024-07-19 02:00:00,ringsted,11.8,0.0,0.825,0.0,1018.59,96.0,0.0
1721350800,2024-07-19 01:00:00,2024-07-19 03:00:00,ringsted,11.25,0.0,0.725,0.0,1018.38,97.0,0.0
1721354400,2024-07-19 02:00:00,2024-07-19 04:00:00,ringsted,10.5,0.0,0.725,0.0,1018.42,97.5,0.0
1721358000,2024-07-19 03:00:00,2024-07-19 05:00:00,ringsted,10.075,0.0,0.725,0.0,1018.51,97.5,0.0
1721361600,2024-07-19 04:00:00,2024-07-19 06:00:00,ringsted,10.125,25.5,0.575,0.0,1018.48,97.25,0.0
1721365200,2024-07-19 05:00:00,2024-07-19 07:00:00,ringsted,11.9,122.5,0.35,0.0,1018.51,96.5,0.0
1721368800,2024-07-19 06:00:00,2024-07-19 08:00:00,ringsted,14.8,252.0,1.575,0.0,1018.58,92.25,0.0
1721372400,2024-07-19 07:00:00,2024-07-19 09:00:00,ringsted,16.9,392.0,2.075,0.0,1018.43,79.25,0.0
1721376000,2024-07-19 08:00:00,2024-07-19 10:00:00,ringsted,18.7,517.0,1.95,0.0,1018.25,68.5,0.0
1721379600,2024-07-19 09:00:00,2024-07-19 11:00:00,ringsted,20.3,643.5,2.15,0.0,1018.1,61.25,0.0
1721383200,2024-07-19 10:00:00,2024-07-19 12:00:00,ringsted,21.35,739.0,2.175,0.0,1017.86,58.5,2.22222
1721386800,2024-07-19 11:00:00,2024-07-19 13:00:00,ringsted,22.225,749.5,1.825,0.0,1017.45,55.75,1.11111
1721390400,2024-07-19 12:00:00,2024-07-19 14:00:00,ringsted,22.7,771.0,2.4,0.0,1017.27,55.25,3.88889
1721394000,2024-07-19 13:00:00,2024-07-19 15:00:00,ringsted,22.975,694.5,2.45,0.0,1017.01,54.75,0.555556
1721397600,2024-07-19 14:00:00,2024-07-19 16:00:00,ringsted,23.175,625.5,2.15,0.0,1016.49,55.0,0.0
1721401200,2024-07-19 15:00:00,2024-07-19 17:00:00,ringsted,23.425,571.0,2.45,0.0,1016.13,53.5,0.0
1721404800,2024-07-19 16:00:00,2024-07-19 18:00:00,ringsted,23.425,477.5,2.3,0.0,1015.76,51.75,0.0
1721408400,2024-07-19 17:00:00,2024-07-19 19:00:00,ringsted,23.15,351.0,2.025,0.0,1015.37,50.25,0.0
1721412000,2024-07-19 18:00:00,2024-07-19 20:00:00,ringsted,21.875,196.0,1.825,0.0,1015.06,57.5,0.0
1721415600,2024-07-19 19:00:00,2024-07-19 21:00:00,ringsted,20.325,90.5,1.475,0.0,1014.85,64.75,0.0
1721419200,2024-07-19 20:00:00,2024-07-19 22:00:00,ringsted,18.125,11.5,1.1,0.0,1014.74,74.75,0.0
1721422800,2024-07-19 21:00:00,2024-07-19 23:00:00,ringsted,16.0,0.0,0.475,0.0,1014.67,83.75,0.0
1721426400,2024-07-19 22:00:00,2024-07-20 00:00:00,ringsted,14.55,0.0,0.625,0.0,1014.65,90.75,0.0
1721430000,2024-07-19 23:00:00,2024-07-20 01:00:00,ringsted,13.925,0.0,1.05,0.0,1014.38,94.0,0.0
1721433600,2024-07-20 00:00:00,2024-07-20 02:00:00,ringsted,13.325,0.0,0.55,0.0,1014.1,95.5,0.0
1721437200,2024-07-20 01:00:00,2024-07-20 03:00:00,ringsted,12.625,0.0,0.775,0.0,1013.68,96.5,0.0
1721440800,2024-07-20 02:00:00,2024-07-20 04:00:00,ringsted,12.35,0.0,0.625,0.0,1013.3,96.75,0.0
1721444400,2024-07-20 03:00:00,2024-07-20 05:00:00,ringsted,11.7,0.0,0.525,0.0,1012.98,96.75,0.0
1721448000,2024-07-20 04:00:00,2024-07-20 06:00:00,ringsted,11.45,22.0,0.675,0.0,1012.76,97.0,0.0
1721451600,2024-07-20 05:00:00,2024-07-20 07:00:00,ringsted,13.75,119.5,0.7,0.0,1012.28,93.5,0.0
1721455200,2024-07-20 06:00:00,2024-07-20 08:00:00,ringsted,17.65,250.0,0.925,0.0,1011.89,81.0,0.0
1721458800,2024-07-20 07:00:00,2024-07-20 09:00:00,ringsted,20.025,392.0,1.825,0.0,1011.78,67.0,0.0
1721462400,2024-07-20 08:00:00,2024-07-20 10:00:00,ringsted,21.275,527.0,2.125,0.0,1011.59,59.75,0.0
1721466000,2024-07-20 09:00:00,2024-07-20 11:00:00,ringsted,22.225,636.5,2.525,0.0,1011.38,56.5,0.555556
1721469600,2024-07-20 10:00:00,2024-07-20 12:00:00,ringsted,22.85,718.5,2.675,0.0,1011.06,54.75,0.0
1721473200,2024-07-20 11:00:00,2024-07-20 13:00:00,ringsted,23.4,768.5,2.9,0.0,1010.62,53.25,0.0
1721476800,2024-07-20 12:00:00,2024-07-20 14:00:00,ringsted,23.725,785.0,2.65,0.0,1010.29,50.5,0.0
1721480400,2024-07-20 13:00:00,2024-07-20 15:00:00,ringsted,24.175,770.0,2.6,0.0,1009.74,47.75,0.0
1721484000,2024-07-20 14:00:00,2024-07-20 16:00:00,ringsted,24.475,712.0,2.225,0.0,1009.26,45.5,0.0
1721487600,2024-07-20 15:00:00,2024-07-20 17:00:00,ringsted,24.75,628.5,2.15,0.0,1008.7,43.5,0.0
1721491200,2024-07-20 16:00:00,2024-07-20 18:00:00,ringsted,24.725,507.0,2.125,0.0,1008.25,42.5,0.0
1721494800,2024-07-20 17:00:00,2024-07-20 19:00:00,ringsted,24.025,365.0,2.675,0.0,1007.82,46.0,0.0
1721498400,2024-07-20 18:00:00,2024-07-20 20:00:00,ringsted,23.025,221.5,2.125,0.0,1007.51,48.75,0.0
1721502000,2024-07-20 19:00:00,2024-07-20 21:00:00,ringsted,21.175,91.5,1.375,0.0,1007.4,57.5,0.0
1721505600,2024-07-20 20:00:00,2024-07-20 22:00:00,ringsted,18.5,11.0,1.35,0.0,1007.55,69.75,0.0
1721509200,2024-07-20 21:00:00,2024-07-20 23:00:00,ringsted,16.175,0.0,1.55,0.0,1007.49,80.0,0.0
1721512800,2024-07-20 22:00:00,2024-07-21 00:00:00,ringsted,15.5,0.0,1.675,0.0,1007.27,84.5,0.0
1721516400,2024-07-20 23:00:00,2024-07-21 01:00:00,ringsted,15.125,0.0,1.525,0.0,1006.92,86.5,0.0
1721520000,2024-07-21 00:00:00,2024-07-21 02:00:00,ringsted,14.5,0.0,1.1,0.0,1006.84,89.5,0.0
1721523600,2024-07-21 01:00:00,2024-07-21 03:00:00,ringsted,14.25,0.0,1.725,0.0,1006.58,92.0,0.0
1721527200,2024-07-21 02:00:00,2024-07-21 04:00:00,ringsted,14.375,0.0,1.275,0.0,1006.26,94.5,0.0
1721530800,2024-07-21 03:00:00,2024-07-21 05:00:00,ringsted,14.225,0.0,1.55,0.0,1005.92,94.5,0.0
1721534400,2024-07-21 04:00:00,2024-07-21 06:00:00,ringsted,14.45,20.0,1.95,0.0,1005.68,94.5,0.0
1721538000,2024-07-21 05:00:00,2024-07-21 07:00:00,ringsted,16.5,112.5,2.2,0.0,1005.7,93.0,0.0
1721541600,2024-07-21 06:00:00,2024-07-21 08:00:00,ringsted,18.975,246.5,3.225,0.0,1005.79,86.75,0.0
1721545200,2024-07-21 07:00:00,2024-07-21 09:00:00,ringsted,20.45,387.5,4.1,0.0,1005.88,76.0,0.0
1721548800,2024-07-21 08:00:00,2024-07-21 10:00:00,ringsted,21.925,513.5,4.425,0.0,1005.92,66.75,0.0
1721552400,2024-07-21 09:00:00,2024-07-21 11:00:00,ringsted,23.0,629.5,4.85,0.0,1005.7,60.25,0.555556
1721556000,2024-07-21 10:00:00,2024-07-21 12:00:00,ringsted,23.7,711.5,5.375,0.0,1005.57,56.75,1.66667
1721559600,2024-07-21 11:00:00,2024-07-21 13:00:00,ringsted,24.25,762.5,5.425,0.0,1005.55,55.5,2.77778
1721563200,2024-07-21 12:00:00,2024-07-21 14:00:00,ringsted,24.6,797.0,5.575,0.0,1005.55,53.0,5.27778
1721566800,2024-07-21 13:00:00,2024-07-21 15:00:00,ringsted,24.35,664.5,5.45,0.0,1005.25,52.25,14.7059
1721570400,2024-07-21 14:00:00,2024-07-21 16:00:00,ringsted,23.9,554.0,5.425,0.0,1005.16,54.25,11.1111
1721574000,2024-07-21 15:00:00,2024-07-21 17:00:00,ringsted,23.725,552.5,5.575,0.0,1005.26,55.25,5.83333
1721577600,2024-07-21 16:00:00,2024-07-21 18:00:00,ringsted,23.6,453.0,5.375,0.0,1005.15,55.0,8.33333
1721581200,2024-07-21 17:00:00,2024-07-21 19:00:00,ringsted,22.65,263.0,4.7,0.0,1005.08,60.5,6.11111
1721584800,2024-07-21 18:00:00,2024-07-21 20:00:00,ringsted,21.05,95.5,3.875,0.0,1004.95,70.75,1.66667
1721588400,2024-07-21 19:00:00,2024-07-21 21:00:00,ringsted,19.825,54.0,3.625,0.0,1004.8,80.0,3.05556
1721592000,2024-07-21 20:00:00,2024-07-21 22:00:00,ringsted,18.975,7.5,3.85,0.0,1004.63,84.5,7.22222
1721595600,2024-07-21 21:00:00,2024-07-21 23:00:00,ringsted,18.525,0.0,3.925,0.0,1004.88,86.75,16.3889
1721599200,2024-07-21 22:00:00,2024-07-22 00:00:00,ringsted,18.4,0.0,3.925,0.0,1005.15,88.25,47.7778
1721602800,2024-07-21 23:00:00,2024-07-22 01:00:00,ringsted,18.25,0.0,2.85,0.0,1005.2,89.0,65.5882
1721606400,2024-07-22 00:00:00,2024-07-22 02:00:00,ringsted,18.275,0.0,2.825,0.0,1004.88,90.5,46.6667
1721610000,2024-07-22 01:00:00,2024-07-22 03:00:00,ringsted,18.3,0.0,2.65,0.375,1004.58,92.75,66.6667
1721613600,2024-07-22 02:00:00,2024-07-22 04:00:00,ringsted,18.25,0.0,2.1,0.275,1004.31,95.0,64.7222
1721617200,2024-07-22 03:00:00,2024-07-22 05:00:00,ringsted,18.0,0.0,2.225,0.625,1004.03,96.0,89.1667
1721620800,2024-07-22 04:00:00,2024-07-22 06:00:00,ringsted,18.05,2.5,2.175,0.0,1003.85,95.5,75.5556
1721624400,2024-07-22 05:00:00,2024-07-22 07:00:00,ringsted,18.125,11.5,2.125,0.0,1003.97,95.0,89.1667
1721628000,2024-07-22 06:00:00,2024-07-22 08:00:00,ringsted,18.4,39.5,1.85,0.0,1004.19,94.5,60.5882
1721631600,2024-07-22 07:00:00,2024-07-22 09:00:00,ringsted,18.9,38.0,1.475,0.15,1004.33,94.25,66.9444
1721635200,2024-07-22 08:00:00,2024-07-22 10:00:00,ringsted,19.15,46.5,1.675,1.975,1004.6,95.0,77.7778
1721638800,2024-07-22 09:00:00,2024-07-22 11:00:00,ringsted,19.05,78.5,1.925,1.85,1005.17,96.25,76.1111
1721642400,2024-07-22 10:00:00,2024-07-22 12:00:00,ringsted,18.875,67.0,2.5,2.325,1005.85,97.0,85.0
1721646000,2024-07-22 11:00:00,2024-07-22 13:00:00,ringsted,18.625,114.5,3.75,0.975,1006.48,95.5,97.8889
1721649600,2024-07-22 12:00:00,2024-07-22 14:00:00,ringsted,17.925,151.0,5.475,0.35,1007.22,95.5,92.5
1721653200,2024-07-22 13:00:00,2024-07-22 15:00:00,ringsted,18.15,265.0,5.35,0.05,1007.93,93.0,79.7222
1721656800,2024-07-22 14:00:00,2024-07-22 16:00:00,ringsted,17.7,121.5,5.625,0.0,1008.57,91.25,73.8889
1721660400,2024-07-22 15:00:00,2024-07-22 17:00:00,ringsted,17.6,268.5,5.275,0.025,1008.95,87.75,56.1111
1721664000,2024-07-22 16:00:00,2024-07-22 18:00:00,ringsted,18.375,410.0,5.0,0.0,1009.38,79.0,62.7778
1721667600,2024-07-22 17:00:00,2024-07-22 19:00:00,ringsted,18.6,241.0,5.1,0.0,1009.81,72.25,46.6667
1721671200,2024-07-22 18:00:00,2024-07-22 20:00:00,ringsted,18.4,175.0,4.5,0.0,1010.33,68.25,4.72222
1721674800,2024-07-22 19:00:00,2024-07-22 21:00:00,ringsted,17.45,80.0,3.475,0.0,1010.92,70.25,0.0
1721678400,2024-07-22 20:00:00,2024-07-22 22:00:00,ringsted,15.45,8.5,2.4,0.0,1011.45,79.0,0.0
1721682000,2024-07-22 21:00:00,2024-07-22 23:00:00,ringsted,14.1,0.0,2.05,0.0,1011.71,84.0,0.0
1721685600,2024-07-22 22:00:00,2024-07-23 00:00:00,ringsted,13.55,0.0,1.775,0.0,1011.91,85.5,0.0
1721689200,2024-07-22 23:00:00,2024-07-23 01:00:00,ringsted,13.175,0.0,1.95,0.0,1011.9,87.5,0.0
1721692800,2024-07-23 00:00:00,2024-07-23 02:00:00,ringsted,12.525,0.0,1.875,0.0,1011.75,89.5,0.0
1721696400,2024-07-23 01:00:00,2024-07-23 03:00:00,ringsted,11.925,0.0,1.6,0.0,1011.66,92.0,0.0
1721700000,2024-07-23 02:00:00,2024-07-23 04:00:00,ringsted,11.275,0.0,1.1,0.0,1011.59,94.25,6.11111
1721703600,2024-07-23 03:00:00,2024-07-23 05:00:00,ringsted,11.025,0.0,0.75,0.0,1011.58,96.0,42.5
1721707200,2024-07-23 04:00:00,2024-07-23 06:00:00,ringsted,11.2,19.5,0.875,0.0,1011.45,97.0,64.4444
1721710800,2024-07-23 05:00:00,2024-07-23 07:00:00,ringsted,12.9,67.5,0.65,0.0,1011.38,96.5,67.7778
1721714400,2024-07-23 06:00:00,2024-07-23 08:00:00,ringsted,14.775,91.5,1.1,0.15,1011.33,93.0,67.5
1721718000,2024-07-23 07:00:00,2024-07-23 09:00:00,ringsted,16.35,161.0,1.975,0.0,1011.09,86.75,76.6667
1721721600,2024-07-23 08:00:00,2024-07-23 10:00:00,ringsted,17.475,222.5,2.6,0.05,1010.6,80.5,62.7778
1721725200,2024-07-23 09:00:00,2024-07-23 11:00:00,ringsted,19.225,389.5,3.975,0.0,1010.28,72.5,81.9444
1721728800,2024-07-23 10:00:00,2024-07-23 12:00:00,ringsted,19.6,305.5,3.85,0.55,1010.03,74.25,81.1111
1721732400,2024-07-23 11:00:00,2024-07-23 13:00:00,ringsted,19.825,219.0,3.125,0.725,1009.73,75.5,59.4444
1721736000,2024-07-23 12:00:00,2024-07-23 14:00:00,ringsted,20.425,383.0,3.275,0.0,1009.45,75.25,54.4444
1721739600,2024-07-23 13:00:00,2024-07-23 15:00:00,ringsted,20.45,383.0,2.925,0.2,1009.17,77.0,39.7222
1721743200,2024-07-23 14:00:00,2024-07-23 16:00:00,ringsted,20.475,241.0,3.4,0.175,1008.97,79.25,59.7222
1721746800,2024-07-23 15:00:00,2024-07-23 17:00:00,ringsted,20.225,317.0,3.25,0.275,1008.67,80.75,37.7778
1721750400,2024-07-23 16:00:00,2024-07-23 18:00:00,ringsted,20.45,374.0,2.5,4.15,1008.72,79.0,23.8889
1721754000,2024-07-23 17:00:00,2024-07-23 19:00:00,ringsted,20.125,232.5,2.0,0.0,1008.71,78.25,3.05556
1721757600,2024-07-23 18:00:00,2024-07-23 20:00:00,ringsted,19.675,127.0,1.525,0.0,1008.53,77.75,17.5
1721761200,2024-07-23 19:00:00,2024-07-23 21:00:00,ringsted,18.75,81.0,1.625,0.0,1008.59,85.5,35.5556
1721764800,2024-07-23 20:00:00,2024-07-23 22:00:00,ringsted,17.775,10.5,1.275,0.0,1008.75,89.75,25.8333
1721768400,2024-07-23 21:00:00,2024-07-23 23:00:00,ringsted,16.425,0.0,0.9,0.0,1008.93,93.75,30.5556
1721772000,2024-07-23 22:00:00,2024-07-24 00:00:00,ringsted,15.625,0.0,0.7,0.0,1009.0,95.25,19.4444
1721775600,2024-07-23 23:00:00,2024-07-24 01:00:00,ringsted,14.675,0.0,0.675,0.0,1009.08,96.75,1.11111
1721779200,2024-07-24 00:00:00,2024-07-24 02:00:00,ringsted,14.0,0.0,0.475,0.0,1009.05,97.75,10.0
1721782800,2024-07-24 01:00:00,2024-07-24 03:00:00,ringsted,13.65,0.0,1.125,0.0,1009.0,98.0,23.8889
1721786400,2024-07-24 02:00:00,2024-07-24 04:00:00,ringsted,14.125,0.0,2.375,0.0,1009.13,98.25,53.3333
1721790000,2024-07-24 03:00:00,2024-07-24 05:00:00,ringsted,14.675,0.0,2.325,0.0,1009.39,98.0,51.3889
1721793600,2024-07-24 04:00:00,2024-07-24 06:00:00,ringsted,15.375,6.5,2.425,0.0,1009.41,98.25,66.3889
1721797200,2024-07-24 05:00:00,2024-07-24 07:00:00,ringsted,15.8,38.0,2.475,0.0,1009.42,97.25,75.0
1721800800,2024-07-24 06:00:00,2024-07-24 08:00:00,ringsted,16.275,89.5,3.2,0.0,1009.44,93.75,83.8235
1721804400,2024-07-24 07:00:00,2024-07-24 09:00:00,ringsted,17.0,217.5,3.95,0.0,1009.68,87.75,84.4444
1721808000,2024-07-24 08:00:00,2024-07-24 10:00:00,ringsted,17.55,299.5,4.45,0.0,1009.9,81.75,63.8889
1721811600,2024-07-24 09:00:00,2024-07-24 11:00:00,ringsted,18.025,369.0,4.625,0.0,1010.05,77.0,68.0556
1721815200,2024-07-24 10:00:00,2024-07-24 12:00:00,ringsted,18.95,555.5,5.125,0.0,1010.22,70.5,51.9444
1721818800,2024-07-24 11:00:00,2024-07-24 13:00:00,ringsted,19.425,544.5,5.325,0.0,1010.27,66.5,40.0
1721822400,2024-07-24 12:00:00,2024-07-24 14:00:00,ringsted,20.1,657.5,5.775,0.0,1010.28,62.25,45.2778
1721826000,2024-07-24 13:00:00,2024-07-24 15:00:00,ringsted,20.65,741.0,6.075,0.0,1010.24,57.75,21.3889
1721829600,2024-07-24 14:00:00,2024-07-24 16:00:00,ringsted,21.25,691.5,6.325,0.0,1010.25,53.0,35.2778
1721833200,2024-07-24 15:00:00,2024-07-24 17:00:00,ringsted,20.95,522.5,6.175,0.0,1010.35,54.0,38.8889
1721836800,2024-07-24 16:00:00,2024-07-24 18:00:00,ringsted,20.45,485.0,6.45,0.0,1010.38,54.75,21.9444
1721840400,2024-07-24 17:00:00,2024-07-24 19:00:00,ringsted,19.775,334.0,6.1,0.0,1010.46,56.5,16.3889
1721844000,2024-07-24 18:00:00,2024-07-24 20:00:00,ringsted,18.9,205.0,5.325,0.0,1010.55,58.5,2.22222
1721847600,2024-07-24 19:00:00,2024-07-24 21:00:00,ringsted,17.5,73.5,3.85,0.0,1010.84,64.25,1.66667
1721851200,2024-07-24 20:00:00,2024-07-24 22:00:00,ringsted,15.575,5.0,2.875,0.0,1010.98,73.25,2.77778
1721854800,2024-07-24 21:00:00,2024-07-24 23:00:00,ringsted,14.175,0.0,2.35,0.0,1011.05,79.5,23.3333
1721858400,2024-07-24 22:00:00,2024-07-25 00:00:00,ringsted,13.575,0.0,2.25,0.0,1011.02,82.0,38.8889
1721862000,2024-07-24 23:00:00,2024-07-25 01:00:00,ringsted,13.35,0.0,2.45,0.0,1011.04,83.5,56.1111
1721865600,2024-07-25 00:00:00,2024-07-25 02:00:00,ringsted,13.075,0.0,2.8,0.0,1010.82,85.5,75.2778
1721869200,2024-07-25 01:00:00,2024-07-25 03:00:00,ringsted,13.225,0.0,2.85,0.0,1010.68,86.5,95.5556
1721872800,2024-07-25 02:00:00,2024-07-25 04:00:00,ringsted,13.575,0.0,2.625,0.0,1010.63,85.75,96.9444
1721876400,2024-07-25 03:00:00,2024-07-25 05:00:00,ringsted,13.7,0.0,2.825,0.0,1010.57,85.25,93.3333
1721880000,2024-07-25 04:00:00,2024-07-25 06:00:00,ringsted,13.525,10.5,2.375,0.0,1010.4,86.25,69.7222
1721883600,2024-07-25 05:00:00,2024-07-25 07:00:00,ringsted,13.7,45.5,2.5,0.0,1010.6,86.0,66.1111
1721887200,2024-07-25 06:00:00,2024-07-25 08:00:00,ringsted,14.475,150.5,3.125,0.0,1010.65,82.25,65.2778
1721890800,2024-07-25 07:00:00,2024-07-25 09:00:00,ringsted,15.425,292.5,3.4,0.0,1010.69,75.25,79.7222
1721894400,2024-07-25 08:00:00,2024-07-25 10:00:00,ringsted,16.2,391.0,3.575,0.0,1010.63,69.5,81.9444
1721898000,2024-07-25 09:00:00,2024-07-25 11:00:00,ringsted,16.775,413.5,3.725,0.0,1010.5,65.0,55.0
1721901600,2024-07-25 10:00:00,2024-07-25 12:00:00,ringsted,17.525,614.5,3.2,0.0,1010.11,60.75,12.2222
1721905200,2024-07-25 11:00:00,2024-07-25 13:00:00,ringsted,18.625,716.0,2.65,0.0,1009.98,56.75,6.94444
1721908800,2024-07-25 12:00:00,2024-07-25 14:00:00,ringsted,19.2,649.0,2.9,0.0,1009.83,56.25,4.44444
1721912400,2024-07-25 13:00:00,2024-07-25 15:00:00,ringsted,19.825,726.5,2.825,0.0,1009.53,53.75,8.33333
1721916000,2024-07-25 14:00:00,2024-07-25 16:00:00,ringsted,20.375,649.0,2.875,0.0,1009.24,51.75,6.11111
1721919600,2024-07-25 15:00:00,2024-07-25 17:00:00,ringsted,20.675,598.0,2.75,0.0,1009.03,50.75,1.94444
1721923200,2024-07-25 16:00:00,2024-07-25 18:00:00,ringsted,20.85,467.5,2.9,0.0,1008.76,49.75,0.555556
1721926800,2024-07-25 17:00:00,2024-07-25 19:00:00,ringsted,20.525,301.0,2.725,0.0,1008.66,51.75,15.5556
1721930400,2024-07-25 18:00:00,2024-07-25 20:00:00,ringsted,19.4,129.5,2.45,0.0,1008.47,58.5,47.5
1721934000,2024-07-25 19:00:00,2024-07-25 21:00:00,ringsted,17.675,36.5,1.8,0.0,1008.33,70.0,37.5
1721937600,2024-07-25 20:00:00,2024-07-25 22:00:00,ringsted,15.875,3.5,1.35,0.0,1008.22,78.0,80.0
1721941200,2024-07-25 21:00:00,2024-07-25 23:00:00,ringsted,15.3,0.0,1.125,0.0,1008.08,80.0,76.3889
1721944800,2024-07-25 22:00:00,2024-07-26 00:00:00,ringsted,15.275,0.0,1.3,0.0,1008.08,81.25,98.3333
1721948400,2024-07-25 23:00:00,2024-07-26 01:00:00,ringsted,15.375,0.0,1.6,0.0,1007.87,82.0,97.2222
1721952000,2024-07-26 00:00:00,2024-07-26 02:00:00,ringsted,15.625,0.0,1.775,0.0,1007.35,80.75,95.2778
1721955600,2024-07-26 01:00:00,2024-07-26 03:00:00,ringsted,15.775,0.0,2.175,0.0,1007.07,80.75,82.5
1721959200,2024-07-26 02:00:00,2024-07-26 04:00:00,ringsted,15.775,0.0,2.325,0.0,1006.75,81.25,65.5556
1721962800,2024-07-26 03:00:00,2024-07-26 05:00:00,ringsted,15.725,0.0,2.675,0.0,1006.61,81.25,57.2222
1721966400,2024-07-26 04:00:00,2024-07-26 06:00:00,ringsted,15.7,3.5,2.6,0.25,1006.34,83.5,35.5556
1721970000,2024-07-26 05:00:00,2024-07-26 07:00:00,ringsted,15.975,29.0,2.675,0.15,1005.95,86.0,61.1111
1721973600,2024-07-26 06:00:00,2024-07-26 08:00:00,ringsted,16.725,68.0,2.375,0.0,1005.75,85.25,57.5
1721977200,2024-07-26 07:00:00,2024-07-26 09:00:00,ringsted,17.825,201.0,2.8,0.0,1005.61,79.25,76.3889
1721980800,2024-07-26 08:00:00,2024-07-26 10:00:00,ringsted,18.95,219.5,3.25,0.0,1005.48,72.5,90.5556
1721984400,2024-07-26 09:00:00,2024-07-26 11:00:00,ringsted,19.725,261.0,3.775,0.0,1005.17,70.0,52.3529
1721988000,2024-07-26 10:00:00,2024-07-26 12:00:00,ringsted,20.375,396.0,4.6,0.0,1005.11,67.75,53.0556
1721991600,2024-07-26 11:00:00,2024-07-26 13:00:00,ringsted,20.375,304.0,4.7,0.1,1005.33,67.0,76.1111
1721995200,2024-07-26 12:00:00,2024-07-26 14:00:00,ringsted,19.65,158.0,4.3,0.375,1005.43,71.5,79.1667
1721998800,2024-07-26 13:00:00,2024-07-26 15:00:00,ringsted,18.625,134.0,3.675,0.375,1005.31,81.25,75.5556
1722002400,2024-07-26 14:00:00,2024-07-26 16:00:00,ringsted,17.575,123.5,3.475,0.7,1005.12,90.5,76.3889
1722006000,2024-07-26 15:00:00,2024-07-26 17:00:00,ringsted,17.475,82.0,3.8,0.075,1005.07,92.25,82.7778
1722009600,2024-07-26 16:00:00,2024-07-26 18:00:00,ringsted,17.45,63.5,4.15,0.225,1004.99,94.0,76.1111
1722013200,2024-07-26 17:00:00,2024-07-26 19:00:00,ringsted,17.175,27.0,3.925,0.4,1004.96,96.0,90.0
1722016800,2024-07-26 18:00:00,2024-07-26 20:00:00,ringsted,17.35,37.0,3.65,0.075,1005.33,97.0,47.7778
1722020400,2024-07-26 19:00:00,2024-07-26 21:00:00,ringsted,17.7,30.0,3.3,0.0,1005.69,97.0,35.0
1722024000,2024-07-26 20:00:00,2024-07-26 22:00:00,ringsted,17.35,4.0,2.6,0.0,1005.99,96.75,25.8333
1722027600,2024-07-26 21:00:00,2024-07-26 23:00:00,ringsted,17.15,0.0,2.325,0.0,1006.24,97.5,32.5
1722031200,2024-07-26 22:00:00,2024-07-27 00:00:00,ringsted,17.125,0.0,2.525,0.0,1006.68,97.0,35.5556
1722034800,2024-07-26 23:00:00,2024-07-27 01:00:00,ringsted,16.675,0.0,2.175,0.0,1007.1,95.75,22.7778
1722038400,2024-07-27 00:00:00,2024-07-27 02:00:00,ringsted,15.55,0.0,2.225,0.0,1007.51,95.75,45.2778
1722042000,2024-07-27 01:00:00,2024-07-27 03:00:00,ringsted,14.7,0.0,1.75,0.0,1007.72,95.75,61.1111
1722045600,2024-07-27 02:00:00,2024-07-27 04:00:00,ringsted,14.175,0.0,1.375,0.0,1007.76,96.75,37.5
1722049200,2024-07-27 03:00:00,2024-07-27 05:00:00,ringsted,13.5,0.0,1.325,0.0,1007.99,97.5,7.22222
1722052800,2024-07-27 04:00:00,2024-07-27 06:00:00,ringsted,13.0,15.0,1.325,0.0,1008.53,98.0,7.77778
1722056400,2024-07-27 05:00:00,2024-07-27 07:00:00,ringsted,13.9,98.0,1.425,0.0,1008.86,97.25,13.3333
1722060000,2024-07-27 06:00:00,2024-07-27 08:00:00,ringsted,15.6,205.5,2.225,0.0,1009.12,93.5,31.6667
1722063600,2024-07-27 07:00:00,2024-07-27 09:00:00,ringsted,16.775,356.5,3.175,0.0,1009.53,86.0,37.7778
1722067200,2024-07-27 08:00:00,2024-07-27 10:00:00,ringsted,17.475,390.0,2.925,0.0,1009.75,79.0,38.3333
1722070800,2024-07-27 09:00:00,2024-07-27 11:00:00,ringsted,18.3,437.0,2.7,0.0,1009.93,72.0,32.2222
1722074400,2024-07-27 10:00:00,2024-07-27 12:00:00,ringsted,19.175,520.0,3.125,0.0,1010.21,66.5,36.6667
1722078000,2024-07-27 11:00:00,2024-07-27 13:00:00,ringsted,20.3,708.5,3.625,0.0,1010.36,61.5,41.3889
1722081600,2024-07-27 12:00:00,2024-07-27 14:00:00,ringsted,20.825,645.0,3.325,0.0,1010.37,56.75,37.5
1722085200,2024-07-27 13:00:00,2024-07-27 15:00:00,ringsted,21.475,774.0,3.275,0.0,1010.3,52.75,16.9444
1722088800,2024-07-27 14:00:00,2024-07-27 16:00:00,ringsted,21.775,646.0,3.3,0.0,1010.27,50.75,6.66667
1722092400,2024-07-27 15:00:00,2024-07-27 17:00:00,ringsted,22.0,549.0,2.85,0.0,1010.14,48.25,13.0556
1722096000,2024-07-27 16:00:00,2024-07-27 18:00:00,ringsted,21.95,401.5,2.8,0.0,1010.31,48.5,13.8889
1722099600,2024-07-27 17:00:00,2024-07-27 19:00:00,ringsted,21.6,278.0,2.5,0.0,1010.35,50.5,14.1667
1722103200,2024-07-27 18:00:00,2024-07-27 20:00:00,ringsted,20.7,150.5,2.3,0.0,1010.58,56.75,4.44444
1722106800,2024-07-27 19:00:00,2024-07-27 21:00:00,ringsted,19.175,60.0,1.6,0.0,1010.92,64.75,24.4444
1722110400,2024-07-27 20:00:00,2024-07-27 22:00:00,ringsted,17.55,6.0,1.05,0.0,1011.05,72.75,67.7778
1722114000,2024-07-27 21:00:00,2024-07-27 23:00:00,ringsted,15.525,0.0,0.65,0.0,1011.0,83.5,66.9444
1722117600,2024-07-27 22:00:00,2024-07-28 00:00:00,ringsted,14.6,0.0,0.9,0.0,1011.1,88.75,61.6667
1722121200,2024-07-27 23:00:00,2024-07-28 01:00:00,ringsted,14.075,0.0,0.45,0.0,1011.13,91.0,70.8333
1722124800,2024-07-28 00:00:00,2024-07-28 02:00:00,ringsted,13.925,0.0,0.725,0.0,1011.3,92.0,72.7778
1722128400,2024-07-28 01:00:00,2024-07-28 03:00:00,ringsted,14.375,0.0,1.525,0.0,1011.51,88.75,86.6667
1722132000,2024-07-28 02:00:00,2024-07-28 04:00:00,ringsted,15.0,0.0,2.15,0.0,1011.74,85.0,73.6111
1722135600,2024-07-28 03:00:00,2024-07-28 05:00:00,ringsted,14.75,0.0,2.0,0.0,1011.99,86.5,76.6667
1722139200,2024-07-28 04:00:00,2024-07-28 06:00:00,ringsted,14.5,5.0,1.825,0.0,1012.46,88.25,49.7222
1722142800,2024-07-28 05:00:00,2024-07-28 07:00:00,ringsted,14.475,42.5,2.0,0.0,1012.85,89.25,11.6667
1722146400,2024-07-28 06:00:00,2024-07-28 08:00:00,ringsted,15.15,138.0,2.15,0.0,1013.28,88.25,10.2778
1722150000,2024-07-28 07:00:00,2024-07-28 09:00:00,ringsted,16.875,292.5,4.35,0.0,1013.44,80.75,18.3333
1722153600,2024-07-28 08:00:00,2024-07-28 10:00:00,ringsted,18.375,474.0,5.75,0.0,1013.65,68.25,12.7778
1722157200,2024-07-28 09:00:00,2024-07-28 11:00:00,ringsted,19.3,628.5,6.725,0.0,1013.92,58.0,2.22222
1722160800,2024-07-28 10:00:00,2024-07-28 12:00:00,ringsted,19.975,722.5,7.25,0.0,1014.33,53.0,1.11111
1722164400,2024-07-28 11:00:00,2024-07-28 13:00:00,ringsted,20.7,773.5,7.75,0.0,1014.76,51.25,8.33333
1722168000,2024-07-28 12:00:00,2024-07-28 14:00:00,ringsted,20.975,661.0,8.225,0.0,1015.11,51.25,37.2222
1722171600,2024-07-28 13:00:00,2024-07-28 15:00:00,ringsted,21.325,677.0,8.1,0.0,1015.42,51.25,38.0556
1722175200,2024-07-28 14:00:00,2024-07-28 16:00:00,ringsted,21.6,703.0,8.2,0.0,1015.65,50.0,27.5
1722178800,2024-07-28 15:00:00,2024-07-28 17:00:00,ringsted,21.475,618.5,8.525,0.0,1015.94,49.5,31.6667
1722182400,2024-07-28 16:00:00,2024-07-28 18:00:00,ringsted,21.025,482.5,8.5,0.0,1016.18,50.0,32.7778
1722186000,2024-07-28 17:00:00,2024-07-28 19:00:00,ringsted,20.325,357.5,7.4,0.0,1016.44,48.75,14.1667
1722189600,2024-07-28 18:00:00,2024-07-28 20:00:00,ringsted,19.5,191.5,6.775,0.0,1016.74,54.25,5.83333
1722193200,2024-07-28 19:00:00,2024-07-28 21:00:00,ringsted,18.375,68.0,5.65,0.0,1017.03,60.0,8.61111
1722196800,2024-07-28 20:00:00,2024-07-28 22:00:00,ringsted,17.0,4.0,4.575,0.0,1017.4,67.75,2.22222
1722200400,2024-07-28 21:00:00,2024-07-28 23:00:00,ringsted,16.025,0.0,4.45,0.0,1017.68,72.25,2.77778
1722204000,2024-07-28 22:00:00,2024-07-29 00:00:00,ringsted,15.35,0.0,4.45,0.0,1018.03,74.75,11.1111
1722207600,2024-07-28 23:00:00,2024-07-29 01:00:00,ringsted,14.8,0.0,4.45,0.0,1018.16,77.75,17.7778
1722211200,2024-07-29 00:00:00,2024-07-29 02:00:00,ringsted,14.425,0.0,4.175,0.0,1018.23,81.25,6.66667
1722214800,2024-07-29 01:00:00,2024-07-29 03:00:00,ringsted,13.775,0.0,3.575,0.0,1018.24,86.0,2.22222
1722218400,2024-07-29 02:00:00,2024-07-29 04:00:00,ringsted,13.475,0.0,3.625,0.0,1018.25,87.75,0.0
1722222000,2024-07-29 03:00:00,2024-07-29 05:00:00,ringsted,13.1,0.0,3.45,0.0,1018.53,89.5,3.88889
1722225600,2024-07-29 04:00:00,2024-07-29 06:00:00,ringsted,13.05,15.5,3.4,0.0,1018.85,89.5,5.0
1722229200,2024-07-29 05:00:00,2024-07-29 07:00:00,ringsted,14.025,110.0,3.9,0.0,1019.07,88.25,5.55556
1722232800,2024-07-29 06:00:00,2024-07-29 08:00:00,ringsted,15.5,206.5,5.15,0.0,1019.0,81.0,10.2778
1722236400,2024-07-29 07:00:00,2024-07-29 09:00:00,ringsted,16.625,355.0,5.625,0.0,1018.98,73.75,15.0
1722240000,2024-07-29 08:00:00,2024-07-29 10:00:00,ringsted,17.75,472.0,5.7,0.0,1018.99,67.75,7.5
1722243600,2024-07-29 09:00:00,2024-07-29 11:00:00,ringsted,18.675,617.0,5.525,0.0,1018.92,63.0,6.11111
1722247200,2024-07-29 10:00:00,2024-07-29 12:00:00,ringsted,19.4,670.5,5.325,0.0,1019.16,60.25,6.94444
1722250800,2024-07-29 11:00:00,2024-07-29 13:00:00,ringsted,19.95,703.0,5.55,0.0,1019.16,59.0,8.33333
1722254400,2024-07-29 12:00:00,2024-07-29 14:00:00,ringsted,20.525,782.5,5.575,0.0,1018.93,56.25,10.0
1722258000,2024-07-29 13:00:00,2024-07-29 15:00:00,ringsted,21.125,762.5,5.325,0.0,1018.78,54.75,0.0
1722261600,2024-07-29 14:00:00,2024-07-29 16:00:00,ringsted,21.525,708.0,4.775,0.0,1018.58,53.75,3.05556
1722265200,2024-07-29 15:00:00,2024-07-29 17:00:00,ringsted,21.725,589.0,5.15,0.0,1018.25,52.25,0.0
1722268800,2024-07-29 16:00:00,2024-07-29 18:00:00,ringsted,21.575,468.5,4.85,0.0,1017.95,52.0,0.0
1722272400,2024-07-29 17:00:00,2024-07-29 19:00:00,ringsted,21.4,325.5,4.3,0.0,1017.82,53.0,1.66667
1722276000,2024-07-29 18:00:00,2024-07-29 20:00:00,ringsted,20.725,176.5,3.175,0.0,1017.55,56.0,7.77778
1722279600,2024-07-29 19:00:00,2024-07-29 21:00:00,ringsted,19.35,58.5,1.75,0.0,1017.32,63.0,0.0
1722283200,2024-07-29 20:00:00,2024-07-29 22:00:00,ringsted,16.425,3.0,0.875,0.0,1017.26,77.0,8.88889
1722286800,2024-07-29 21:00:00,2024-07-29 23:00:00,ringsted,14.25,0.0,0.4,0.0,1017.22,86.75,0.555556
1722290400,2024-07-29 22:00:00,2024-07-30 00:00:00,ringsted,12.975,0.0,0.35,0.0,1017.21,91.0,0.0
1722294000,2024-07-29 23:00:00,2024-07-30 01:00:00,ringsted,11.975,0.0,0.35,0.0,1017.07,94.25,0.0
1722297600,2024-07-30 00:00:00,2024-07-30 02:00:00,ringsted,11.775,0.0,0.3,0.0,1016.84,95.25,0.0
1722301200,2024-07-30 01:00:00,2024-07-30 03:00:00,ringsted,11.525,0.0,0.25,0.0,1016.58,95.75,0.0
1722304800,2024-07-30 02:00:00,2024-07-30 04:00:00,ringsted,10.825,0.0,0.375,0.0,1016.42,96.75,0.0
1722308400,2024-07-30 03:00:00,2024-07-30 05:00:00,ringsted,11.1,0.0,0.55,0.0,1016.37,97.25,0.0
1722312000,2024-07-30 04:00:00,2024-07-30 06:00:00,ringsted,10.725,11.0,0.45,0.0,1016.22,97.25,5.55556
1722315600,2024-07-30 05:00:00,2024-07-30 07:00:00,ringsted,11.6,60.5,0.325,0.0,1016.02,97.75,5.0
1722319200,2024-07-30 06:00:00,2024-07-30 08:00:00,ringsted,14.55,209.0,0.3,0.0,1015.77,96.0,28.0556
1722322800,2024-07-30 07:00:00,2024-07-30 09:00:00,ringsted,17.475,325.0,0.8,0.0,1015.46,86.0,30.0
1722326400,2024-07-30 08:00:00,2024-07-30 10:00:00,ringsted,19.5,532.5,2.25,0.0,1015.16,70.0,17.7778
1722330000,2024-07-30 09:00:00,2024-07-30 11:00:00,ringsted,20.6,652.0,2.95,0.0,1015.0,59.25,16.3889
1722333600,2024-07-30 10:00:00,2024-07-30 12:00:00,ringsted,21.175,531.0,2.6,0.0,1014.99,53.5,21.3889
1722337200,2024-07-30 11:00:00,2024-07-30 13:00:00,ringsted,21.8,687.0,3.05,0.0,1014.63,50.0,25.0
1722340800,2024-07-30 12:00:00,2024-07-30 14:00:00,ringsted,22.575,786.0,2.95,0.0,1014.14,45.75,4.72222
1722344400,2024-07-30 13:00:00,2024-07-30 15:00:00,ringsted,23.275,769.5,2.65,0.0,1013.81,42.5,5.0
1722348000,2024-07-30 14:00:00,2024-07-30 16:00:00,ringsted,23.55,699.5,2.925,0.0,1013.48,42.75,2.22222
1722351600,2024-07-30 15:00:00,2024-07-30 17:00:00,ringsted,23.6,593.5,3.0,0.0,1013.12,44.0,0.0
1722355200,2024-07-30 16:00:00,2024-07-30 18:00:00,ringsted,23.425,471.5,3.275,0.0,1012.8,42.75,0.0
1722358800,2024-07-30 17:00:00,2024-07-30 19:00:00,ringsted,23.025,332.0,2.925,0.0,1012.36,43.5,0.0
1722362400,2024-07-30 18:00:00,2024-07-30 20:00:00,ringsted,22.175,189.5,2.225,0.0,1012.22,48.25,0.0
1722366000,2024-07-30 19:00:00,2024-07-30 21:00:00,ringsted,20.45,63.5,1.1,0.0,1012.38,57.75,0.0
1722369600,2024-07-30 20:00:00,2024-07-30 22:00:00,ringsted,17.5,2.5,0.325,0.0,1012.36,69.5,0.0
1722373200,2024-07-30 21:00:00,2024-07-30 23:00:00,ringsted,14.95,0.0,0.3,0.0,1012.32,81.0,0.0
1722376800,2024-07-30 22:00:00,2024-07-31 00:00:00,ringsted,13.3,0.0,0.275,0.0,1012.33,88.5,0.0
1722380400,2024-07-30 23:00:00,2024-07-31 01:00:00,ringsted,12.85,0.0,0.525,0.0,1012.05,88.25,0.0
1722384000,2024-07-31 00:00:00,2024-07-31 02:00:00,ringsted,12.15,0.0,0.4,0.0,1011.66,90.5,0.0
1722387600,2024-07-31 01:00:00,2024-07-31 03:00:00,ringsted,11.725,0.0,0.45,0.0,1011.4,91.25,0.0
1722391200,2024-07-31 02:00:00,2024-07-31 04:00:00,ringsted,11.725,0.0,0.5,0.0,1011.28,91.0,0.0
1722394800,2024-07-31 03:00:00,2024-07-31 05:00:00,ringsted,11.65,0.0,0.85,0.0,1011.05,92.5,0.0
1722398400,2024-07-31 04:00:00,2024-07-31 06:00:00,ringsted,11.475,11.5,1.1,0.0,1011.24,95.25,0.0
1722402000,2024-07-31 05:00:00,2024-07-31 07:00:00,ringsted,13.575,88.0,1.375,0.0,1011.45,94.75,0.0
1722405600,2024-07-31 06:00:00,2024-07-31 08:00:00,ringsted,16.3,210.0,1.775,0.0,1011.33,89.75,6.94444
1722409200,2024-07-31 07:00:00,2024-07-31 09:00:00,ringsted,18.425,335.5,3.3,0.0,1011.11,80.0,15.8333
1722412800,2024-07-31 08:00:00,2024-07-31 10:00:00,ringsted,19.35,488.5,4.075,0.0,1011.03,73.0,13.8889
1722416400,2024-07-31 09:00:00,2024-07-31 11:00:00,ringsted,20.35,578.5,4.05,0.0,1011.1,66.75,21.6667
1722420000,2024-07-31 10:00:00,2024-07-31 12:00:00,ringsted,21.1,688.5,4.375,0.0,1010.93,61.5,29.4444
1722423600,2024-07-31 11:00:00,2024-07-31 13:00:00,ringsted,21.35,719.5,4.7,0.0,1010.89,60.0,20.0
1722427200,2024-07-31 12:00:00,2024-07-31 14:00:00,ringsted,21.375,677.0,5.275,0.0,1010.89,57.75,15.2778
1722430800,2024-07-31 13:00:00,2024-07-31 15:00:00,ringsted,21.35,714.5,5.175,0.0,1010.63,54.0,0.0
1722434400,2024-07-31 14:00:00,2024-07-31 16:00:00,ringsted,21.45,658.5,4.725,0.0,1010.31,52.5,0.0
1722438000,2024-07-31 15:00:00,2024-07-31 17:00:00,ringsted,21.55,597.0,4.7,0.0,1010.26,49.25,1.11111
1722441600,2024-07-31 16:00:00,2024-07-31 18:00:00,ringsted,21.4,472.5,4.525,0.0,1009.91,48.75,0.0
1722445200,2024-07-31 17:00:00,2024-07-31 19:00:00,ringsted,20.775,330.0,4.525,0.0,1009.71,49.25,0.0
1722448800,2024-07-31 18:00:00,2024-07-31 20:00:00,ringsted,20.0,183.0,3.925,0.0,1009.8,51.0,0.0
1722452400,2024-07-31 19:00:00,2024-07-31 21:00:00,ringsted,18.65,58.5,2.175,0.0,1009.94,57.5,0.0
1722456000,2024-07-31 20:00:00,2024-07-31 22:00:00,ringsted,16.15,2.0,1.275,0.0,1010.01,70.5,0.0
1722459600,2024-07-31 21:00:00,2024-07-31 23:00:00,ringsted,14.05,0.0,0.425,0.0,1010.23,81.0,10.5556
1722463200,2024-07-31 22:00:00,2024-08-01 00:00:00,ringsted,12.425,0.0,0.4,0.0,1010.4,88.75,27.7778
1722466800,2024-07-31 23:00:00,2024-08-01 01:00:00,ringsted,11.925,0.0,0.925,0.0,1010.28,90.5,3.33333
1722470400,2024-08-01 00:00:00,2024-08-01 02:00:00,ringsted,11.675,0.0,1.275,0.0,1010.2,90.0,0.0
1722474000,2024-08-01 01:00:00,2024-08-01 03:00:00,ringsted,11.4,0.0,1.325,0.0,1010.2,91.75,0.0
1722477600,2024-08-01 02:00:00,2024-08-01 04:00:00,ringsted,10.95,0.0,0.9,0.0,1010.07,92.75,0.0
1722481200,2024-08-01 03:00:00,2024-08-01 05:00:00,ringsted,10.125,0.0,1.25,0.0,1009.92,95.0,2.5
1722484800,2024-08-01 04:00:00,2024-08-01 06:00:00,ringsted,9.775,10.0,0.975,0.0,1010.0,96.0,1.11111
1722488400,2024-08-01 05:00:00,2024-08-01 07:00:00,ringsted,10.875,85.5,0.95,0.0,1010.12,95.5,44.7222
1722492000,2024-08-01 06:00:00,2024-08-01 08:00:00,ringsted,13.6,199.0,1.1,0.0,1010.15,88.0,27.2222
1722495600,2024-08-01 07:00:00,2024-08-01 09:00:00,ringsted,15.7,351.0,2.1,0.0,1009.93,77.0,24.4444
1722499200,2024-08-01 08:00:00,2024-08-01 10:00:00,ringsted,16.925,477.5,2.475,0.0,1009.61,68.5,33.3333
1722502800,2024-08-01 09:00:00,2024-08-01 11:00:00,ringsted,17.85,622.5,2.325,0.0,1009.53,63.75,29.7222
1722506400,2024-08-01 10:00:00,2024-08-01 12:00:00,ringsted,18.825,721.0,1.875,0.0,1009.55,59.75,22.6471
1722510000,2024-08-01 11:00:00,2024-08-01 13:00:00,ringsted,19.525,774.5,2.475,0.0,1009.25,57.25,3.88889
1722513600,2024-08-01 12:00:00,2024-08-01 14:00:00,ringsted,20.225,770.5,2.45,0.0,1008.83,53.75,0.0
1722517200,2024-08-01 13:00:00,2024-08-01 15:00:00,ringsted,20.85,755.0,2.15,0.0,1008.71,51.25,0.0
1722520800,2024-08-01 14:00:00,2024-08-01 16:00:00,ringsted,21.55,679.5,2.4,0.0,1008.49,49.25,0.0
1722524400,2024-08-01 15:00:00,2024-08-01 17:00:00,ringsted,21.675,567.5,2.7,0.0,1008.25,50.25,0.0
1722528000,2024-08-01 16:00:00,2024-08-01 18:00:00,ringsted,21.425,449.5,2.925,0.0,1007.97,52.5,0.0
1722531600,2024-08-01 17:00:00,2024-08-01 19:00:00,ringsted,20.95,311.0,2.875,0.0,1007.89,54.75,0.0
1722535200,2024-08-01 18:00:00,2024-08-01 20:00:00,ringsted,19.6,90.0,2.625,0.0,1008.14,59.25,0.0
1722538800,2024-08-01 19:00:00,2024-08-01 21:00:00,ringsted,17.425,31.0,2.125,0.0,1008.18,67.25,0.0
1722542400,2024-08-01 20:00:00,2024-08-01 22:00:00,ringsted,15.8,0.5,1.45,0.0,1008.31,73.25,0.0
1722546000,2024-08-01 21:00:00,2024-08-01 23:00:00,ringsted,14.4,0.0,0.65,0.0,1008.3,80.25,0.0
1722549600,2024-08-01 22:00:00,2024-08-02 00:00:00,ringsted,13.125,0.0,0.95,0.0,1008.33,87.0,0.0
1722553200,2024-08-01 23:00:00,2024-08-02 01:00:00,ringsted,12.35,0.0,0.95,0.0,1008.27,91.0,0.0
1722556800,2024-08-02 00:00:00,2024-08-02 02:00:00,ringsted,11.9,0.0,0.775,0.0,1008.32,92.25,0.0
1722560400,2024-08-02 01:00:00,2024-08-02 03:00:00,ringsted,11.325,0.0,1.1,0.0,1008.22,92.75,0.0
1722564000,2024-08-02 02:00:00,2024-08-02 04:00:00,ringsted,10.85,0.0,0.875,0.0,1008.01,94.75,5.0
1722567600,2024-08-02 03:00:00,2024-08-02 05:00:00,ringsted,10.825,0.0,0.825,0.0,1007.9,95.0,3.33333
1722571200,2024-08-02 04:00:00,2024-08-02 06:00:00,ringsted,10.625,10.0,0.6,0.0,1007.81,95.75,5.0
1722574800,2024-08-02 05:00:00,2024-08-02 07:00:00,ringsted,11.7,81.0,0.75,0.0,1007.75,95.75,8.88889
1722578400,2024-08-02 06:00:00,2024-08-02 08:00:00,ringsted,14.525,180.5,1.15,0.0,1007.77,91.0,24.7222
1722582000,2024-08-02 07:00:00,2024-08-02 09:00:00,ringsted,16.475,271.5,1.9,0.0,1007.84,84.5,24.4444
1722585600,2024-08-02 08:00:00,2024-08-02 10:00:00,ringsted,17.775,344.5,1.675,0.0,1007.81,77.5,25.8333
1722589200,2024-08-02 09:00:00,2024-08-02 11:00:00,ringsted,18.65,366.0,1.525,0.0,1007.82,68.0,31.1111
1722592800,2024-08-02 10:00:00,2024-08-02 12:00:00,ringsted,19.425,428.5,1.725,0.0,1007.72,63.5,26.3889
1722596400,2024-08-02 11:00:00,2024-08-02 13:00:00,ringsted,20.375,686.0,2.05,0.0,1007.61,59.5,40.0
1722600000,2024-08-02 12:00:00,2024-08-02 14:00:00,ringsted,21.0,579.0,2.225,0.0,1007.35,56.75,41.3889
1722603600,2024-08-02 13:00:00,2024-08-02 15:00:00,ringsted,21.4,625.5,2.9,0.0,1007.13,55.0,25.5556
1722607200,2024-08-02 14:00:00,2024-08-02 16:00:00,ringsted,21.85,712.5,3.175,0.0,1006.86,52.25,35.0
1722610800,2024-08-02 15:00:00,2024-08-02 17:00:00,ringsted,22.35,619.5,3.325,0.0,1006.61,49.75,43.0556
1722614400,2024-08-02 16:00:00,2024-08-02 18:00:00,ringsted,21.925,300.5,3.55,0.0,1006.43,50.5,18.0556
1722618000,2024-08-02 17:00:00,2024-08-02 19:00:00,ringsted,21.525,268.5,3.5,0.0,1006.28,49.5,8.33333
1722621600,2024-08-02 18:00:00,2024-08-02 20:00:00,ringsted,20.8,169.0,2.825,0.0,1006.3,53.5,29.7222
1722625200,2024-08-02 19:00:00,2024-08-02 21:00:00,ringsted,19.075,44.5,1.6,0.0,1006.38,63.5,9.72222
1722628800,2024-08-02 20:00:00,2024-08-02 22:00:00,ringsted,16.5,1.5,0.9,0.0,1006.47,76.25,5.0
1722632400,2024-08-02 21:00:00,2024-08-02 23:00:00,ringsted,14.9,0.0,1.025,0.0,1006.35,83.75,1.66667
1722636000,2024-08-02 22:00:00,2024-08-03 00:00:00,ringsted,13.875,0.0,0.8,0.0,1006.45,89.25,6.11111
1722639600,2024-08-02 23:00:00,2024-08-03 01:00:00,ringsted,13.55,0.0,1.075,0.0,1006.58,91.5,11.6667
1722643200,2024-08-03 00:00:00,2024-08-03 02:00:00,ringsted,13.975,0.0,1.325,0.0,1006.42,91.25,43.3333
1722646800,2024-08-03 01:00:00,2024-08-03 03:00:00,ringsted,13.875,0.0,1.25,0.0,1006.03,93.0,28.6111
1722650400,2024-08-03 02:00:00,2024-08-03 04:00:00,ringsted,13.625,0.0,1.15,0.0,1005.73,94.5,71.1111
1722654000,2024-08-03 03:00:00,2024-08-03 05:00:00,ringsted,14.075,0.0,1.325,0.0,1005.66,94.5,49.7222
1722657600,2024-08-03 04:00:00,2024-08-03 06:00:00,ringsted,14.275,6.0,0.775,0.0,1005.88,94.25,68.3333
1722661200,2024-08-03 05:00:00,2024-08-03 07:00:00,ringsted,15.1,47.0,0.925,0.0,1006.2,93.0,71.6667
1722664800,2024-08-03 06:00:00,2024-08-03 08:00:00,ringsted,16.4,131.5,1.65,0.0,1006.25,89.75,76.1111
1722668400,2024-08-03 07:00:00,2024-08-03 09:00:00,ringsted,17.625,261.0,2.1,0.0,1006.3,82.0,55.2778
1722672000,2024-08-03 08:00:00,2024-08-03 10:00:00,ringsted,18.45,303.5,2.725,0.0,1006.34,75.0,48.8889
1722675600,2024-08-03 09:00:00,2024-08-03 11:00:00,ringsted,19.125,406.5,2.95,0.0,1006.31,71.0,45.2778
1722679200,2024-08-03 10:00:00,2024-08-03 12:00:00,ringsted,20.175,544.0,3.075,0.0,1006.31,64.25,40.2778
1722682800,2024-08-03 11:00:00,2024-08-03 13:00:00,ringsted,21.1,620.5,3.4,0.0,1006.3,59.5,49.1667
1722686400,2024-08-03 12:00:00,2024-08-03 14:00:00,ringsted,21.65,569.0,3.075,0.0,1006.08,58.25,54.4444
1722690000,2024-08-03 13:00:00,2024-08-03 15:00:00,ringsted,22.325,619.5,2.875,0.0,1005.97,55.75,38.3333
1722693600,2024-08-03 14:00:00,2024-08-03 16:00:00,ringsted,22.75,561.0,2.875,0.0,1005.8,56.0,31.1111
1722697200,2024-08-03 15:00:00,2024-08-03 17:00:00,ringsted,22.65,401.5,2.95,0.0,1005.68,56.5,19.4118
1722700800,2024-08-03 16:00:00,2024-08-03 18:00:00,ringsted,22.525,228.0,2.775,0.0,1005.58,56.0,37.7778
1722704400,2024-08-03 17:00:00,2024-08-03 19:00:00,ringsted,21.725,102.0,2.575,0.0,1005.47,60.25,33.6111
1722708000,2024-08-03 18:00:00,2024-08-03 20:00:00,ringsted,21.0,61.5,1.825,0.0,1005.27,65.25,41.9444
1722711600,2024-08-03 19:00:00,2024-08-03 21:00:00,ringsted,19.9,20.0,1.075,0.0,1005.38,71.25,40.0
1722715200,2024-08-03 20:00:00,2024-08-03 22:00:00,ringsted,18.725,0.5,0.925,0.0,1005.48,77.75,36.9444
1722718800,2024-08-03 21:00:00,2024-08-03 23:00:00,ringsted,17.85,0.0,0.875,0.0,1005.53,82.75,55.0
1722722400,2024-08-03 22:00:00,2024-08-04 00:00:00,ringsted,17.425,0.0,0.95,0.125,1005.52,86.25,51.3889
1722726000,2024-08-03 23:00:00,2024-08-04 01:00:00,ringsted,17.15,0.0,0.875,0.0,1005.28,88.25,41.9444
1722729600,2024-08-04 00:00:00,2024-08-04 02:00:00,ringsted,17.225,0.0,1.325,0.55,1004.91,92.0,42.2222
1722733200,2024-08-04 01:00:00,2024-08-04 03:00:00,ringsted,17.15,0.0,1.45,0.0,1004.67,95.25,47.5
1722736800,2024-08-04 02:00:00,2024-08-04 04:00:00,ringsted,16.975,0.0,1.575,0.0,1004.4,95.75,40.5556
1722740400,2024-08-04 03:00:00,2024-08-04 05:00:00,ringsted,16.625,0.0,1.3,0.0,1004.24,96.5,51.6667
1722744000,2024-08-04 04:00:00,2024-08-04 06:00:00,ringsted,16.475,2.5,1.4,0.0,1004.2,97.5,38.8889
1722747600,2024-08-04 05:00:00,2024-08-04 07:00:00,ringsted,17.1,36.5,1.425,0.25,1004.11,97.25,79.4444
1722751200,2024-08-04 06:00:00,2024-08-04 08:00:00,ringsted,17.975,83.0,1.3,0.15,1004.04,95.75,48.6111
1722754800,2024-08-04 07:00:00,2024-08-04 09:00:00,ringsted,18.6,96.0,2.05,0.125,1003.88,90.75,54.7222
1722758400,2024-08-04 08:00:00,2024-08-04 10:00:00,ringsted,19.2,137.0,2.025,0.775,1003.97,86.75,69.7222
1722762000,2024-08-04 09:00:00,2024-08-04 11:00:00,ringsted,19.025,161.5,2.325,1.025,1004.11,88.75,50.0
1722765600,2024-08-04 10:00:00,2024-08-04 12:00:00,ringsted,18.8,273.5,3.075,0.075,1004.17,89.75,49.7222
1722769200,2024-08-04 11:00:00,2024-08-04 13:00:00,ringsted,19.375,534.5,4.275,1.2,1004.36,84.75,41.1111
1722772800,2024-08-04 12:00:00,2024-08-04 14:00:00,ringsted,20.175,594.0,4.925,0.0,1004.62,75.5,37.2222
1722776400,2024-08-04 13:00:00,2024-08-04 15:00:00,ringsted,20.9,650.5,5.4,0.0,1004.84,69.75,30.2778
1722780000,2024-08-04 14:00:00,2024-08-04 16:00:00,ringsted,21.4,565.5,4.9,0.0,1004.97,63.75,40.0
1722783600,2024-08-04 15:00:00,2024-08-04 17:00:00,ringsted,21.125,331.5,5.375,0.0,1005.2,61.5,60.2778
1722787200,2024-08-04 16:00:00,2024-08-04 18:00:00,ringsted,20.275,285.0,5.675,0.1,1005.38,65.5,60.2778
1722790800,2024-08-04 17:00:00,2024-08-04 19:00:00,ringsted,19.3,118.5,5.1,0.0,1005.66,67.0,78.6111
1722794400,2024-08-04 18:00:00,2024-08-04 20:00:00,ringsted,18.425,49.0,4.25,0.0,1006.0,71.75,97.2222
1722798000,2024-08-04 19:00:00,2024-08-04 21:00:00,ringsted,17.575,13.5,3.9,0.075,1006.58,74.5,80.5556
1722801600,2024-08-04 20:00:00,2024-08-04 22:00:00,ringsted,16.725,1.0,3.025,0.0,1007.12,77.0,48.3333
1722805200,2024-08-04 21:00:00,2024-08-04 23:00:00,ringsted,16.075,0.0,3.3,0.0,1007.35,76.0,30.5556
1722808800,2024-08-04 22:00:00,2024-08-05 00:00:00,ringsted,15.05,0.0,3.25,0.0,1007.77,76.75,3.61111
1722812400,2024-08-04 23:00:00,2024-08-05 01:00:00,ringsted,14.175,0.0,2.925,0.0,1008.0,77.75,0.555556
1722816000,2024-08-05 00:00:00,2024-08-05 02:00:00,ringsted,12.925,0.0,2.5,0.0,1008.13,83.5,11.1111
1722819600,2024-08-05 01:00:00,2024-08-05 03:00:00,ringsted,12.5,0.0,2.45,0.0,1008.17,87.0,14.7222
1722823200,2024-08-05 02:00:00,2024-08-05 04:00:00,ringsted,12.45,0.0,2.225,0.0,1008.15,89.25,5.83333
1722826800,2024-08-05 03:00:00,2024-08-05 05:00:00,ringsted,11.95,0.0,1.85,0.0,1008.18,92.25,0.555556
1722830400,2024-08-05 04:00:00,2024-08-05 06:00:00,ringsted,11.75,7.5,2.075,0.0,1008.41,94.0,0.0
1722834000,2024-08-05 05:00:00,2024-08-05 07:00:00,ringsted,12.825,85.0,2.0,0.0,1008.81,92.25,0.555556
1722837600,2024-08-05 06:00:00,2024-08-05 08:00:00,ringsted,14.925,217.0,2.75,0.0,1009.1,86.25,11.6667
1722841200,2024-08-05 07:00:00,2024-08-05 09:00:00,ringsted,16.725,339.0,3.9,0.0,1009.39,76.75,31.9444
1722844800,2024-08-05 08:00:00,2024-08-05 10:00:00,ringsted,17.875,427.5,4.625,0.0,1009.64,67.0,25.8333
1722848400,2024-08-05 09:00:00,2024-08-05 11:00:00,ringsted,18.85,591.0,4.625,0.0,1009.85,60.25,17.7778
1722852000,2024-08-05 10:00:00,2024-08-05 12:00:00,ringsted,19.575,641.5,4.3,0.0,1009.9,56.0,19.4444
1722855600,2024-08-05 11:00:00,2024-08-05 13:00:00,ringsted,19.9,549.0,4.175,0.0,1010.08,53.5,16.9444
1722859200,2024-08-05 12:00:00,2024-08-05 14:00:00,ringsted,20.575,662.5,4.15,0.0,1010.12,52.25,16.9444
1722862800,2024-08-05 13:00:00,2024-08-05 15:00:00,ringsted,21.125,679.5,4.175,0.0,1010.19,50.0,23.3333
1722866400,2024-08-05 14:00:00,2024-08-05 16:00:00,ringsted,21.475,642.0,4.05,0.0,1010.3,50.5,9.72222
1722870000,2024-08-05 15:00:00,2024-08-05 17:00:00,ringsted,21.375,430.0,3.625,0.0,1010.45,50.25,14.4444
1722873600,2024-08-05 16:00:00,2024-08-05 18:00:00,ringsted,21.05,437.0,3.15,0.0,1010.42,52.0,43.3333
1722877200,2024-08-05 17:00:00,2024-08-05 19:00:00,ringsted,20.95,287.0,2.925,0.0,1010.52,53.75,40.5556
1722880800,2024-08-05 18:00:00,2024-08-05 20:00:00,ringsted,20.375,147.0,2.1,0.0,1010.76,57.75,63.6111
1722884400,2024-08-05 19:00:00,2024-08-05 21:00:00,ringsted,19.175,46.5,1.175,0.0,1011.02,65.25,36.6667
1722888000,2024-08-05 20:00:00,2024-08-05 22:00:00,ringsted,17.125,1.5,0.55,0.0,1011.16,76.5,23.3333
1722891600,2024-08-05 21:00:00,2024-08-05 23:00:00,ringsted,15.6,0.0,0.975,0.0,1011.33,83.25,33.6111
1722895200,2024-08-05 22:00:00,2024-08-06 00:00:00,ringsted,14.425,0.0,0.75,0.0,1011.39,87.5,22.2222
1722898800,2024-08-05 23:00:00,2024-08-06 01:00:00,ringsted,13.3,0.0,0.425,0.0,1011.47,92.25,11.25
1722902400,2024-08-06 00:00:00,2024-08-06 02:00:00,ringsted,12.7,0.0,0.55,0.0,1011.42,93.75,70.0
1722906000,2024-08-06 01:00:00,2024-08-06 03:00:00,ringsted,12.2333,0.0,0.833333,0.0,1011.16,95.6667,22.0833
1722909600,2024-08-06 02:00:00,2024-08-06 04:00:00,ringsted,12.2,0.0,0.8,0.0,1010.75,96.3333,6.66667
1722913200,2024-08-06 03:00:00,2024-08-06 05:00:00,ringsted,11.875,0.0,0.775,0.0,1010.76,95.5,5.0
1722916800,2024-08-06 04:00:00,2024-08-06 06:00:00,ringsted,11.3,5.5,0.725,0.0,1010.78,96.5,2.77778
1722920400,2024-08-06 05:00:00,2024-08-06 07:00:00,ringsted,12.4,79.0,0.966667,0.0,1010.82,97.0,0.0
1722924000,2024-08-06 06:00:00,2024-08-06 08:00:00,ringsted,16.7,206.5,0.9,0.0,1010.81,85.75,1.11111
1722927600,2024-08-06 07:00:00,2024-08-06 09:00:00,ringsted,19.125,345.0,1.8,0.0,1010.67,77.0,3.33333
1722931200,2024-08-06 08:00:00,2024-08-06 10:00:00,ringsted,20.425,488.5,2.225,0.0,1010.67,65.5,16.1111
1722934800,2024-08-06 09:00:00,2024-08-06 11:00:00,ringsted,21.45,604.5,2.1,0.0,1010.62,58.75,40.5556
1722938400,2024-08-06 10:00:00,2024-08-06 12:00:00,ringsted,22.225,702.0,2.625,0.0,1010.35,54.25,29.4444
1722942000,2024-08-06 11:00:00,2024-08-06 13:00:00,ringsted,22.75,730.5,3.225,0.0,1010.12,54.0,13.8889
1722945600,2024-08-06 12:00:00,2024-08-06 14:00:00,ringsted,23.075,757.0,3.7,0.0,1009.95,53.5,17.5
1722949200,2024-08-06 13:00:00,2024-08-06 15:00:00,ringsted,23.35,725.0,3.925,0.0,1009.75,52.0,11.9444
1722952800,2024-08-06 14:00:00,2024-08-06 16:00:00,ringsted,23.425,659.5,4.15,0.0,1009.51,50.5,0.555556
1722956400,2024-08-06 15:00:00,2024-08-06 17:00:00,ringsted,23.55,560.0,4.275,0.0,1009.24,50.0,0.0
1722960000,2024-08-06 16:00:00,2024-08-06 18:00:00,ringsted,23.35,444.5,3.9,0.0,1008.99,48.25,0.0
1722963600,2024-08-06 17:00:00,2024-08-06 19:00:00,ringsted,22.725,298.5,3.6,0.0,1008.9,51.25,0.0
1722967200,2024-08-06 18:00:00,2024-08-06 20:00:00,ringsted,21.45,115.5,3.3,0.0,1008.87,57.75,12.7778
1722970800,2024-08-06 19:00:00,2024-08-06 21:00:00,ringsted,19.25,25.0,2.75,0.0,1008.92,70.0,61.1111
1722974400,2024-08-06 20:00:00,2024-08-06 22:00:00,ringsted,18.1,0.5,2.775,0.0,1008.95,78.0,57.5
1722978000,2024-08-06 21:00:00,2024-08-06 23:00:00,ringsted,18.05,0.0,2.925,0.0,1008.97,80.25,66.3889
1722981600,2024-08-06 22:00:00,2024-08-07 00:00:00,ringsted,18.175,0.0,2.925,0.0,1008.72,80.75,53.8889
1722985200,2024-08-06 23:00:00,2024-08-07 01:00:00,ringsted,17.75,0.0,2.65,0.0,1008.3,83.0,37.7778
1722988800,2024-08-07 00:00:00,2024-08-07 02:00:00,ringsted,17.525,0.0,2.8,0.0,1008.05,84.75,37.7778
1722992400,2024-08-07 01:00:00,2024-08-07 03:00:00,ringsted,17.7,0.0,3.125,0.0,1007.62,86.75,8.05556
1722996000,2024-08-07 02:00:00,2024-08-07 04:00:00,ringsted,17.3,0.0,3.05,0.0,1007.32,90.75,0.555556
1722999600,2024-08-07 03:00:00,2024-08-07 05:00:00,ringsted,16.925,0.0,2.825,0.0,1007.06,92.75,0.0
1723003200,2024-08-07 04:00:00,2024-08-07 06:00:00,ringsted,16.7,4.5,3.05,0.0,1006.99,93.5,0.0
1723006800,2024-08-07 05:00:00,2024-08-07 07:00:00,ringsted,17.35,74.5,2.875,0.0,1006.98,91.75,0.0
1723010400,2024-08-07 06:00:00,2024-08-07 08:00:00,ringsted,18.95,183.5,3.125,0.0,1006.92,85.0,0.0
1723014000,2024-08-07 07:00:00,2024-08-07 09:00:00,ringsted,20.9,316.0,3.525,0.0,1007.03,73.5,2.22222
1723017600,2024-08-07 08:00:00,2024-08-07 10:00:00,ringsted,22.5,415.0,3.7,0.0,1007.1,63.75,3.33333
1723021200,2024-08-07 09:00:00,2024-08-07 11:00:00,ringsted,23.825,547.5,4.2,0.0,1006.97,58.0,3.33333
1723024800,2024-08-07 10:00:00,2024-08-07 12:00:00,ringsted,24.8,640.0,4.875,0.0,1006.95,53.25,2.77778
1723028400,2024-08-07 11:00:00,2024-08-07 13:00:00,ringsted,25.275,648.0,5.15,0.0,1006.84,50.75,10.2778
1723032000,2024-08-07 12:00:00,2024-08-07 14:00:00,ringsted,25.1,524.5,5.5,0.0,1006.77,49.75,19.1667
1723035600,2024-08-07 13:00:00,2024-08-07 15:00:00,ringsted,24.975,515.0,5.6,0.0,1006.54,50.5,39.1667
1723039200,2024-08-07 14:00:00,2024-08-07 16:00:00,ringsted,24.775,427.5,5.675,0.0,1006.18,51.5,5.27778
1723042800,2024-08-07 15:00:00,2024-08-07 17:00:00,ringsted,24.125,388.5,5.5,0.0,1006.07,56.0,20.0
1723046400,2024-08-07 16:00:00,2024-08-07 18:00:00,ringsted,23.55,202.0,4.95,0.0,1005.78,58.0,41.9444
1723050000,2024-08-07 17:00:00,2024-08-07 19:00:00,ringsted,22.55,103.0,4.4,0.0,1005.97,62.5,49.7222
1723053600,2024-08-07 18:00:00,2024-08-07 20:00:00,ringsted,21.375,32.0,3.85,0.175,1006.24,71.25,69.4444
1723057200,2024-08-07 19:00:00,2024-08-07 21:00:00,ringsted,20.225,4.0,2.9,0.475,1006.85,81.25,58.3333
1723060800,2024-08-07 20:00:00,2024-08-07 22:00:00,ringsted,19.475,0.0,2.4,2.125,1007.11,87.75,70.5556
1723064400,2024-08-07 21:00:00,2024-08-07 23:00:00,ringsted,18.775,0.0,2.025,1.275,1007.0,92.5,65.0
1723068000,2024-08-07 22:00:00,2024-08-08 00:00:00,ringsted,18.15,0.0,1.425,1.175,1006.85,96.25,63.6111
1723071600,2024-08-07 23:00:00,2024-08-08 01:00:00,ringsted,17.825,0.0,1.425,0.25,1007.03,96.75,69.7222
1723075200,2024-08-08 00:00:00,2024-08-08 02:00:00,ringsted,17.65,0.0,1.975,0.075,1007.0,96.75,75.5556
1723078800,2024-08-08 01:00:00,2024-08-08 03:00:00,ringsted,17.375,0.0,2.45,0.175,1007.17,95.25,88.3333
1723082400,2024-08-08 02:00:00,2024-08-08 04:00:00,ringsted,17.0,0.0,2.525,0.0,1007.5,94.5,95.0
1723086000,2024-08-08 03:00:00,2024-08-08 05:00:00,ringsted,16.75,0.0,2.8,0.0,1007.7,93.25,73.8889
1723089600,2024-08-08 04:00:00,2024-08-08 06:00:00,ringsted,16.05,1.0,2.375,0.175,1007.8,93.0,45.0
1723093200,2024-08-08 05:00:00,2024-08-08 07:00:00,ringsted,15.6,50.0,2.225,0.0,1008.15,94.25,21.9444
1723096800,2024-08-08 06:00:00,2024-08-08 08:00:00,ringsted,16.5,190.0,2.475,0.0,1008.63,90.25,3.05556
1723100400,2024-08-08 07:00:00,2024-08-08 09:00:00,ringsted,17.7,338.0,3.4,0.0,1008.94,80.5,10.2778
1723104000,2024-08-08 08:00:00,2024-08-08 10:00:00,ringsted,18.55,424.5,3.9,0.0,1009.17,72.5,23.0556
1723107600,2024-08-08 09:00:00,2024-08-08 11:00:00,ringsted,19.25,452.5,3.875,0.0,1009.43,66.75,25.8333
1723111200,2024-08-08 10:00:00,2024-08-08 12:00:00,ringsted,19.85,450.5,4.275,0.0,1009.59,65.5,37.5
1723114800,2024-08-08 11:00:00,2024-08-08 13:00:00,ringsted,20.0,413.5,4.525,0.0,1009.5,66.5,46.9444
1723118400,2024-08-08 12:00:00,2024-08-08 14:00:00,ringsted,20.5,430.0,4.45,0.0,1009.27,66.0,40.2778
1723122000,2024-08-08 13:00:00,2024-08-08 15:00:00,ringsted,20.9,443.5,4.6,0.1,1009.28,65.25,40.5556
1723125600,2024-08-08 14:00:00,2024-08-08 16:00:00,ringsted,21.225,335.5,5.05,0.0,1009.55,61.5,63.8889
1723129200,2024-08-08 15:00:00,2024-08-08 17:00:00,ringsted,20.225,268.5,5.15,0.0,1009.73,66.75,68.8889
1723132800,2024-08-08 16:00:00,2024-08-08 18:00:00,ringsted,20.475,365.0,3.9,0.0,1009.67,66.0,42.7778
1723136400,2024-08-08 17:00:00,2024-08-08 19:00:00,ringsted,21.125,268.5,3.575,0.0,1009.7,59.25,7.5
1723140000,2024-08-08 18:00:00,2024-08-08 20:00:00,ringsted,20.525,118.0,2.9,0.0,1009.98,59.0,32.2222
1723143600,2024-08-08 19:00:00,2024-08-08 21:00:00,ringsted,19.0,23.5,2.2,0.0,1010.2,66.0,2.5
1723147200,2024-08-08 20:00:00,2024-08-08 22:00:00,ringsted,17.1,0.5,1.475,0.0,1010.39,71.0,0.0
1723150800,2024-08-08 21:00:00,2024-08-08 23:00:00,ringsted,14.925,0.0,0.85,0.0,1010.54,80.75,11.6667
1723154400,2024-08-08 22:00:00,2024-08-09 00:00:00,ringsted,14.225,0.0,0.9,0.0,1010.36,84.25,11.9444
1723158000,2024-08-08 23:00:00,2024-08-09 01:00:00,ringsted,13.775,0.0,0.775,0.0,1010.12,87.75,21.3889
1723161600,2024-08-09 00:00:00,2024-08-09 02:00:00,ringsted,13.35,0.0,1.1,0.0,1009.7,89.75,63.3333
1723165200,2024-08-09 01:00:00,2024-08-09 03:00:00,ringsted,13.525,0.0,1.175,0.0,1009.26,89.25,73.8889
1723168800,2024-08-09 02:00:00,2024-08-09 04:00:00,ringsted,14.3,0.0,1.925,0.0,1008.53,86.0,78.0556
1723172400,2024-08-09 03:00:00,2024-08-09 05:00:00,ringsted,14.625,0.0,2.2,0.0,1007.8,85.25,57.7778
1723176000,2024-08-09 04:00:00,2024-08-09 06:00:00,ringsted,15.35,0.5,2.825,0.125,1007.0,83.0,62.2222
1723179600,2024-08-09 05:00:00,2024-08-09 07:00:00,ringsted,16.5,20.5,3.475,0.125,1006.35,85.25,70.8333
1723183200,2024-08-09 06:00:00,2024-08-09 08:00:00,ringsted,17.825,56.5,4.65,0.3,1005.65,85.25,78.8889
1723186800,2024-08-09 07:00:00,2024-08-09 09:00:00,ringsted,18.6,121.5,5.6,0.275,1004.91,82.5,76.9444
1723190400,2024-08-09 08:00:00,2024-08-09 10:00:00,ringsted,19.15,133.5,6.65,0.0,1004.39,78.25,74.4444
1723194000,2024-08-09 09:00:00,2024-08-09 11:00:00,ringsted,18.475,103.0,7.55,0.125,1003.68,82.25,88.3333
1723197600,2024-08-09 10:00:00,2024-08-09 12:00:00,ringsted,17.65,63.5,7.175,0.6,1003.15,90.5,93.8889
1723201200,2024-08-09 11:00:00,2024-08-09 13:00:00,ringsted,17.6,58.0,6.45,1.675,1002.73,95.0,95.5556
1723204800,2024-08-09 12:00:00,2024-08-09 14:00:00,ringsted,18.0,78.5,6.575,2.075,1002.43,95.25,94.1667
1723208400,2024-08-09 13:00:00,2024-08-09 15:00:00,ringsted,18.55,115.5,6.925,1.825,1002.42,95.0,86.1111
1723212000,2024-08-09 14:00:00,2024-08-09 16:00:00,ringsted,19.35,198.0,6.875,0.175,1002.7,93.75,70.8333
1723215600,2024-08-09 15:00:00,2024-08-09 17:00:00,ringsted,20.35,423.5,6.525,0.075,1003.0,88.0,41.6667
1723219200,2024-08-09 16:00:00,2024-08-09 18:00:00,ringsted,20.925,331.0,6.925,0.0,1003.56,80.0,22.2222
1723222800,2024-08-09 17:00:00,2024-08-09 19:00:00,ringsted,20.75,229.0,7.15,0.0,1004.14,71.25,30.0
1723226400,2024-08-09 18:00:00,2024-08-09 20:00:00,ringsted,19.9,129.5,7.05,0.0,1005.05,69.5,36.1111
1723230000,2024-08-09 19:00:00,2024-08-09 21:00:00,ringsted,18.6,29.5,6.675,0.0,1006.01,71.25,12.7778
1723233600,2024-08-09 20:00:00,2024-08-09 22:00:00,ringsted,17.2,0.0,5.25,0.0,1006.85,72.75,0.0
1723237200,2024-08-09 21:00:00,2024-08-09 23:00:00,ringsted,16.35,0.0,4.85,0.0,1007.54,75.75,25.2778
1723240800,2024-08-09 22:00:00,2024-08-10 00:00:00,ringsted,16.125,0.0,5.1,0.0,1007.89,78.5,29.4444
1723244400,2024-08-09 23:00:00,2024-08-10 01:00:00,ringsted,15.825,0.0,4.675,0.0,1008.07,80.75,12.5
1723248000,2024-08-10 00:00:00,2024-08-10 02:00:00,ringsted,15.4,0.0,4.4,0.0,1008.44,82.5,0.0
1723251600,2024-08-10 01:00:00,2024-08-10 03:00:00,ringsted,15.15,0.0,4.525,0.0,1008.55,84.0,0.0
1723255200,2024-08-10 02:00:00,2024-08-10 04:00:00,ringsted,15.15,0.0,4.375,0.0,1008.78,84.0,23.0556
1723258800,2024-08-10 03:00:00,2024-08-10 05:00:00,ringsted,15.425,0.0,4.3,0.0,1009.02,83.25,47.2222
1723262400,2024-08-10 04:00:00,2024-08-10 06:00:00,ringsted,15.475,2.5,4.175,0.0,1009.33,83.75,61.3889
1723266000,2024-08-10 05:00:00,2024-08-10 07:00:00,ringsted,15.6,35.0,4.06667,0.0,1009.46,83.3333,38.3333
1723269600,2024-08-10 06:00:00,2024-08-10 08:00:00,ringsted,16.2667,93.0,4.2,0.0,1009.95,82.0,23.5714
1723273200,2024-08-10 07:00:00,2024-08-10 09:00:00,ringsted,17.5667,317.0,4.96667,0.0,1010.31,77.3333,36.9444
1723276800,2024-08-10 08:00:00,2024-08-10 10:00:00,ringsted,18.875,452.0,6.55,0.0,1010.29,69.75,31.1111
1723280400,2024-08-10 09:00:00,2024-08-10 11:00:00,ringsted,19.4,515.5,7.1,0.0,1010.22,62.75,30.2778
1723284000,2024-08-10 10:00:00,2024-08-10 12:00:00,ringsted,20.2,523.5,7.45,0.0,1010.14,58.0,21.1111
1723287600,2024-08-10 11:00:00,2024-08-10 13:00:00,ringsted,20.275,469.5,7.6,0.0,1010.15,59.0,25.5556
1723291200,2024-08-10 12:00:00,2024-08-10 14:00:00,ringsted,21.15,593.5,8.375,0.0,1010.27,54.5,38.3333
1723294800,2024-08-10 13:00:00,2024-08-10 15:00:00,ringsted,21.375,572.5,8.4,0.0,1010.44,52.5,20.5556
1723298400,2024-08-10 14:00:00,2024-08-10 16:00:00,ringsted,21.725,503.5,8.25,0.0,1010.87,50.75,32.2222
1723302000,2024-08-10 15:00:00,2024-08-10 17:00:00,ringsted,21.8,456.5,8.0,0.0,1011.22,49.5,10.8333
1723305600,2024-08-10 16:00:00,2024-08-10 18:00:00,ringsted,21.775,393.5,7.55,0.0,1011.38,47.75,21.9444
1723309200,2024-08-10 17:00:00,2024-08-10 19:00:00,ringsted,21.15,268.0,6.85,0.0,1011.4,51.0,12.5
1723312800,2024-08-10 18:00:00,2024-08-10 20:00:00,ringsted,20.375,135.5,6.35,0.0,1011.33,54.25,24.4444
1723316400,2024-08-10 19:00:00,2024-08-10 21:00:00,ringsted,19.25,20.0,5.525,0.0,1011.67,58.75,65.0
1723320000,2024-08-10 20:00:00,2024-08-10 22:00:00,ringsted,18.425,0.0,5.325,0.0,1012.11,64.5,67.2222
1723323600,2024-08-10 21:00:00,2024-08-10 23:00:00,ringsted,17.8,0.0,5.15,0.0,1012.17,71.5,31.3889
1723327200,2024-08-10 22:00:00,2024-08-11 00:00:00,ringsted,16.875,0.0,4.2,0.0,1012.34,77.5,36.3889
1723330800,2024-08-10 23:00:00,2024-08-11 01:00:00,ringsted,16.5,0.0,4.3,0.0,1012.39,81.25,37.7778
1723334400,2024-08-11 00:00:00,2024-08-11 02:00:00,ringsted,16.15,0.0,4.35,0.05,1012.54,84.0,2.5
1723338000,2024-08-11 01:00:00,2024-08-11 03:00:00,ringsted,15.55,0.0,3.925,0.0,1012.7,86.5,0.0
1723341600,2024-08-11 02:00:00,2024-08-11 04:00:00,ringsted,15.225,0.0,4.0,0.0,1012.82,88.25,0.555556
1723345200,2024-08-11 03:00:00,2024-08-11 05:00:00,ringsted,15.1,0.0,4.05,0.0,1012.88,88.75,6.11111
1723348800,2024-08-11 04:00:00,2024-08-11 06:00:00,ringsted,15.175,2.0,4.45,0.0,1013.09,89.75,7.77778
1723352400,2024-08-11 05:00:00,2024-08-11 07:00:00,ringsted,15.6,56.5,4.775,0.0,1013.42,88.25,18.8889
1723356000,2024-08-11 06:00:00,2024-08-11 08:00:00,ringsted,16.55,184.5,5.425,0.0,1013.87,83.25,37.7778
1723359600,2024-08-11 07:00:00,2024-08-11 09:00:00,ringsted,17.5,299.5,6.925,0.0,1014.09,75.25,34.1667
1723363200,2024-08-11 08:00:00,2024-08-11 10:00:00,ringsted,18.3,399.5,7.7,0.0,1014.3,67.0,41.6667
1723366800,2024-08-11 09:00:00,2024-08-11 11:00:00,ringsted,19.025,516.0,7.6,0.0,1014.73,62.25,40.8333
1723370400,2024-08-11 10:00:00,2024-08-11 12:00:00,ringsted,19.525,594.0,7.975,0.0,1015.02,57.25,37.2222
1723374000,2024-08-11 11:00:00,2024-08-11 13:00:00,ringsted,19.975,697.5,7.975,0.0,1015.36,55.0,31.9444
1723377600,2024-08-11 12:00:00,2024-08-11 14:00:00,ringsted,20.175,585.0,7.55,0.0,1015.53,53.0,35.5556
1723381200,2024-08-11 13:00:00,2024-08-11 15:00:00,ringsted,20.425,504.0,7.575,0.0,1015.71,51.5,64.4444
1723384800,2024-08-11 14:00:00,2024-08-11 16:00:00,ringsted,20.325,381.0,6.325,0.0,1015.68,52.75,68.3333
1723388400,2024-08-11 15:00:00,2024-08-11 17:00:00,ringsted,20.45,391.5,6.35,0.0,1015.62,52.75,63.8889
1723392000,2024-08-11 16:00:00,2024-08-11 18:00:00,ringsted,20.3,312.0,5.825,0.0,1015.42,54.5,40.5556
1723395600,2024-08-11 17:00:00,2024-08-11 19:00:00,ringsted,19.95,213.5,5.275,0.0,1015.16,56.75,3.61111
1723399200,2024-08-11 18:00:00,2024-08-11 20:00:00,ringsted,19.2,102.5,4.675,0.0,1015.02,60.0,2.77778
1723402800,2024-08-11 19:00:00,2024-08-11 21:00:00,ringsted,17.825,33.0,3.2,0.0,1015.14,65.75,0.0
1723406400,2024-08-11 20:00:00,2024-08-11 22:00:00,ringsted,15.55,0.0,2.125,0.0,1015.11,75.25,0.0
1723410000,2024-08-11 21:00:00,2024-08-11 23:00:00,ringsted,14.625,0.0,1.95,0.0,1015.03,79.75,0.0
1723413600,2024-08-11 22:00:00,2024-08-12 00:00:00,ringsted,13.925,0.0,2.25,0.0,1014.98,83.75,0.0
1723417200,2024-08-11 23:00:00,2024-08-12 01:00:00,ringsted,13.125,0.0,1.875,0.0,1014.88,87.5,0.0
1723420800,2024-08-12 00:00:00,2024-08-12 02:00:00,ringsted,12.4,0.0,2.3,0.0,1014.47,89.75,0.0
1723424400,2024-08-12 01:00:00,2024-08-12 03:00:00,ringsted,12.075,0.0,2.075,0.0,1014.45,91.0,1.11111
1723428000,2024-08-12 02:00:00,2024-08-12 04:00:00,ringsted,11.675,0.0,2.15,0.0,1014.31,92.0,0.0
1723431600,2024-08-12 03:00:00,2024-08-12 05:00:00,ringsted,11.275,0.0,1.9,0.0,1014.06,93.0,1.66667
1723435200,2024-08-12 04:00:00,2024-08-12 06:00:00,ringsted,10.825,2.0,1.55,0.0,1013.92,93.0,1.66667
1723438800,2024-08-12 05:00:00,2024-08-12 07:00:00,ringsted,11.375,62.0,1.475,0.0,1013.83,93.25,2.5
1723442400,2024-08-12 06:00:00,2024-08-12 08:00:00,ringsted,13.65,191.0,1.875,0.0,1013.72,88.0,2.77778
1723446000,2024-08-12 07:00:00,2024-08-12 09:00:00,ringsted,15.4,309.0,3.225,0.0,1013.54,81.0,22.2222
1723449600,2024-08-12 08:00:00,2024-08-12 10:00:00,ringsted,16.6,455.0,3.6,0.0,1013.39,72.5,30.0
1723453200,2024-08-12 09:00:00,2024-08-12 11:00:00,ringsted,17.6,560.0,3.2,0.0,1013.2,65.75,12.5
1723456800,2024-08-12 10:00:00,2024-08-12 12:00:00,ringsted,18.6,640.0,2.95,0.0,1012.79,59.25,8.05556
1723460400,2024-08-12 11:00:00,2024-08-12 13:00:00,ringsted,19.425,742.5,2.825,0.0,1012.43,55.5,1.94444
1723464000,2024-08-12 12:00:00,2024-08-12 14:00:00,ringsted,20.25,750.0,2.575,0.0,1012.13,50.25,0.0
1723467600,2024-08-12 13:00:00,2024-08-12 15:00:00,ringsted,20.75,723.5,2.85,0.0,1012.01,48.25,0.0
1723471200,2024-08-12 14:00:00,2024-08-12 16:00:00,ringsted,21.125,655.0,3.05,0.0,1011.8,47.25,0.0
1723474800,2024-08-12 15:00:00,2024-08-12 17:00:00,ringsted,21.275,549.5,2.825,0.0,1011.56,46.75,0.0
1723478400,2024-08-12 16:00:00,2024-08-12 18:00:00,ringsted,21.25,421.5,2.825,0.0,1011.24,47.5,0.0
1723482000,2024-08-12 17:00:00,2024-08-12 19:00:00,ringsted,20.875,279.5,2.775,0.0,1011.06,45.75,0.0
1723485600,2024-08-12 18:00:00,2024-08-12 20:00:00,ringsted,19.9,138.0,2.6,0.0,1011.12,49.75,0.0
1723489200,2024-08-12 19:00:00,2024-08-12 21:00:00,ringsted,17.675,25.5,1.675,0.0,1011.29,64.25,0.0
1723492800,2024-08-12 20:00:00,2024-08-12 22:00:00,ringsted,15.25,0.0,1.475,0.0,1011.53,77.0,0.0
1723496400,2024-08-12 21:00:00,2024-08-12 23:00:00,ringsted,13.525,0.0,0.975,0.0,1011.33,86.0,0.0
1723500000,2024-08-12 22:00:00,2024-08-13 00:00:00,ringsted,12.9,0.0,1.225,0.0,1011.47,89.5,0.0
1723503600,2024-08-12 23:00:00,2024-08-13 01:00:00,ringsted,12.35,0.0,1.35,0.0,1011.62,90.25,0.0
1723507200,2024-08-13 00:00:00,2024-08-13 02:00:00,ringsted,12.95,0.0,1.55,0.0,1011.45,90.25,0.0
1723510800,2024-08-13 01:00:00,2024-08-13 03:00:00,ringsted,12.45,0.0,1.225,0.0,1011.37,92.25,0.0
1723514400,2024-08-13 02:00:00,2024-08-13 04:00:00,ringsted,12.125,0.0,1.325,0.0,1011.28,93.25,0.0
1723518000,2024-08-13 03:00:00,2024-08-13 05:00:00,ringsted,12.2,0.0,1.725,0.0,1011.23,94.5,0.0
1723521600,2024-08-13 04:00:00,2024-08-13 06:00:00,ringsted,12.675,2.0,1.925,0.0,1011.05,95.0,0.0
1723525200,2024-08-13 05:00:00,2024-08-13 07:00:00,ringsted,13.575,49.0,2.275,0.0,1011.08,94.0,0.0
1723528800,2024-08-13 06:00:00,2024-08-13 08:00:00,ringsted,16.225,167.5,3.125,0.0,1011.34,88.5,0.0
1723532400,2024-08-13 07:00:00,2024-08-13 09:00:00,ringsted,18.275,323.0,4.05,0.0,1011.43,80.5,1.66667
1723536000,2024-08-13 08:00:00,2024-08-13 10:00:00,ringsted,19.6,459.0,5.35,0.0,1011.51,71.25,7.77778
1723539600,2024-08-13 09:00:00,2024-08-13 11:00:00,ringsted,20.55,571.5,5.85,0.0,1011.56,64.75,6.38889
1723543200,2024-08-13 10:00:00,2024-08-13 12:00:00,ringsted,21.1,633.5,5.65,0.0,1011.48,62.25,0.0
1723546800,2024-08-13 11:00:00,2024-08-13 13:00:00,ringsted,21.55,681.0,5.975,0.0,1011.61,60.25,1.11111
1723550400,2024-08-13 12:00:00,2024-08-13 14:00:00,ringsted,22.0,724.5,6.15,0.0,1011.69,57.0,1.11111
1723554000,2024-08-13 13:00:00,2024-08-13 15:00:00,ringsted,22.05,654.0,5.675,0.0,1011.42,53.75,2.77778
1723557600,2024-08-13 14:00:00,2024-08-13 16:00:00,ringsted,21.625,567.0,5.975,0.0,1011.06,56.25,1.11111
1723561200,2024-08-13 15:00:00,2024-08-13 17:00:00,ringsted,21.325,496.0,6.525,0.0,1010.5,57.0,0.0
1723564800,2024-08-13 16:00:00,2024-08-13 18:00:00,ringsted,21.05,430.5,6.575,0.0,1010.03,59.0,2.77778
1723568400,2024-08-13 17:00:00,2024-08-13 19:00:00,ringsted,20.35,270.0,6.525,0.0,1010.01,64.25,0.555556
1723572000,2024-08-13 18:00:00,2024-08-13 20:00:00,ringsted,19.45,123.5,5.975,0.0,1009.78,71.25,13.6111
1723575600,2024-08-13 19:00:00,2024-08-13 21:00:00,ringsted,18.5,18.5,5.85,0.0,1009.85,77.5,5.55556
1723579200,2024-08-13 20:00:00,2024-08-13 22:00:00,ringsted,18.1,0.0,5.75,0.0,1009.97,78.0,13.3333
1723582800,2024-08-13 21:00:00,2024-08-13 23:00:00,ringsted,17.825,0.0,5.2,0.0,1009.81,80.5,0.0
1723586400,2024-08-13 22:00:00,2024-08-14 00:00:00,ringsted,17.775,0.0,4.925,0.0,1010.36,83.25,15.8333
1723590000,2024-08-13 23:00:00,2024-08-14 01:00:00,ringsted,17.775,0.0,4.15,0.0,1010.28,86.5,21.3889
1723593600,2024-08-14 00:00:00,2024-08-14 02:00:00,ringsted,17.85,0.0,4.125,0.0,1009.92,87.25,5.0
1723597200,2024-08-14 01:00:00,2024-08-14 03:00:00,ringsted,18.0,0.0,3.6,0.0,1010.14,86.25,2.22222
1723600800,2024-08-14 02:00:00,2024-08-14 04:00:00,ringsted,17.85,0.0,3.3,0.0,1010.03,87.0,28.3333
1723604400,2024-08-14 03:00:00,2024-08-14 05:00:00,ringsted,17.675,0.0,3.15,0.0,1009.44,86.5,13.6111
1723608000,2024-08-14 04:00:00,2024-08-14 06:00:00,ringsted,17.75,0.5,4.15,0.0,1009.36,84.0,18.8889
1723611600,2024-08-14 05:00:00,2024-08-14 07:00:00,ringsted,17.95,48.0,4.3,0.0,1009.22,81.25,31.6667
1723615200,2024-08-14 06:00:00,2024-08-14 08:00:00,ringsted,19.175,167.5,4.725,0.0,1009.62,75.5,5.83333
1723618800,2024-08-14 07:00:00,2024-08-14 09:00:00,ringsted,20.55,323.5,4.85,0.0,1010.09,68.5,1.38889
1723622400,2024-08-14 08:00:00,2024-08-14 10:00:00,ringsted,21.775,434.5,4.625,0.0,1009.77,63.0,1.66667
1723626000,2024-08-14 09:00:00,2024-08-14 11:00:00,ringsted,22.875,554.5,4.925,0.0,1009.77,59.0,5.55556
1723629600,2024-08-14 10:00:00,2024-08-14 12:00:00,ringsted,23.125,526.0,4.9,0.0,1009.37,61.0,9.72222
1723633200,2024-08-14 11:00:00,2024-08-14 13:00:00,ringsted,24.0,666.5,5.55,0.0,1009.01,57.75,3.33333
1723636800,2024-08-14 12:00:00,2024-08-14 14:00:00,ringsted,24.025,625.0,6.275,0.0,1009.0,56.5,5.0
1723640400,2024-08-14 13:00:00,2024-08-14 15:00:00,ringsted,23.8,495.0,6.025,0.0,1009.3,57.75,3.33333
1723644000,2024-08-14 14:00:00,2024-08-14 16:00:00,ringsted,23.35,450.5,5.55,0.0,1009.05,60.0,3.33333
1723647600,2024-08-14 15:00:00,2024-08-14 17:00:00,ringsted,23.1,463.0,4.875,0.0,1008.61,64.0,1.11111
1723651200,2024-08-14 16:00:00,2024-08-14 18:00:00,ringsted,23.2,328.5,4.675,0.0,1008.31,62.75,7.77778
1723654800,2024-08-14 17:00:00,2024-08-14 19:00:00,ringsted,22.55,149.0,4.475,0.0,1008.11,63.0,28.3333
1723658400,2024-08-14 18:00:00,2024-08-14 20:00:00,ringsted,21.925,55.5,3.65,0.0,1008.6,63.0,51.1111
1723662000,2024-08-14 19:00:00,2024-08-14 21:00:00,ringsted,20.95,7.0,2.15,0.0,1008.71,67.5,43.3333
1723665600,2024-08-14 20:00:00,2024-08-14 22:00:00,ringsted,20.0,0.0,1.325,0.0,1008.61,72.25,38.6111
1723669200,2024-08-14 21:00:00,2024-08-14 23:00:00,ringsted,19.2,0.0,1.575,0.0,1008.33,78.25,56.9444
1723672800,2024-08-14 22:00:00,2024-08-15 00:00:00,ringsted,19.025,0.0,1.8,0.0,1007.96,80.0,71.3889
1723676400,2024-08-14 23:00:00,2024-08-15 01:00:00,ringsted,18.625,0.0,1.325,0.0,1007.71,82.75,68.0556
1723680000,2024-08-15 00:00:00,2024-08-15 02:00:00,ringsted,18.2,0.0,1.45,0.0,1007.52,85.25,58.0556
1723683600,2024-08-15 01:00:00,2024-08-15 03:00:00,ringsted,17.65,0.0,1.3,0.0,1007.47,87.5,40.5556
1723687200,2024-08-15 02:00:00,2024-08-15 04:00:00,ringsted,16.75,0.0,1.05,0.0,1007.7,91.5,7.5
1723690800,2024-08-15 03:00:00,2024-08-15 05:00:00,ringsted,16.125,0.0,1.45,0.0,1007.9,93.5,11.1111
1723694400,2024-08-15 04:00:00,2024-08-15 06:00:00,ringsted,15.6,0.5,1.275,0.0,1007.8,94.25,1.66667
1723698000,2024-08-15 05:00:00,2024-08-15 07:00:00,ringsted,15.725,33.0,0.85,0.0,1008.2,94.25,10.8333
1723701600,2024-08-15 06:00:00,2024-08-15 08:00:00,ringsted,17.075,95.0,1.3,0.0,1008.62,92.5,4.72222
1723705200,2024-08-15 07:00:00,2024-08-15 09:00:00,ringsted,19.325,236.0,2.3,0.0,1008.85,85.25,8.05556
1723708800,2024-08-15 08:00:00,2024-08-15 10:00:00,ringsted,21.375,357.5,3.125,0.0,1009.19,74.75,5.55556
1723712400,2024-08-15 09:00:00,2024-08-15 11:00:00,ringsted,22.625,489.5,3.475,0.0,1009.32,74.5,25.8333
1723716000,2024-08-15 10:00:00,2024-08-15 12:00:00,ringsted,22.625,331.0,3.55,0.0,1009.3,77.5,58.8889
1723719600,2024-08-15 11:00:00,2024-08-15 13:00:00,ringsted,22.8,400.5,3.6,0.0,1009.22,77.0,77.6471
1723723200,2024-08-15 12:00:00,2024-08-15 14:00:00,ringsted,23.2,416.0,4.075,0.0,1009.3,74.75,50.2778
1723726800,2024-08-15 13:00:00,2024-08-15 15:00:00,ringsted,23.2,365.0,4.475,0.0,1009.19,73.0,37.5
1723730400,2024-08-15 14:00:00,2024-08-15 16:00:00,ringsted,23.375,388.5,4.275,0.0,1009.12,70.0,24.4444
1723734000,2024-08-15 15:00:00,2024-08-15 17:00:00,ringsted,23.625,335.0,4.25,0.0,1008.95,67.0,18.6111
1723737600,2024-08-15 16:00:00,2024-08-15 18:00:00,ringsted,23.825,370.0,4.1,0.0,1008.76,62.5,3.61111
1723741200,2024-08-15 17:00:00,2024-08-15 19:00:00,ringsted,23.425,193.0,4.1,0.0,1008.75,62.25,1.11111
1723744800,2024-08-15 18:00:00,2024-08-15 20:00:00,ringsted,22.325,70.0,3.45,0.0,1008.98,67.0,2.77778
1723748400,2024-08-15 19:00:00,2024-08-15 21:00:00,ringsted,20.525,7.5,2.5,0.0,1009.02,76.5,31.9444
1723752000,2024-08-15 20:00:00,2024-08-15 22:00:00,ringsted,19.35,0.0,2.025,0.0,1009.1,82.75,19.1667
1723755600,2024-08-15 21:00:00,2024-08-15 23:00:00,ringsted,18.5,0.0,1.825,0.0,1009.15,87.75,21.1111
1723759200,2024-08-15 22:00:00,2024-08-16 00:00:00,ringsted,18.275,0.0,1.975,0.0,1008.93,89.75,28.3333
1723762800,2024-08-15 23:00:00,2024-08-16 01:00:00,ringsted,18.475,0.0,2.525,0.0,1008.84,89.0,40.8333
1723766400,2024-08-16 00:00:00,2024-08-16 02:00:00,ringsted,18.875,0.0,2.95,0.0,1008.62,88.0,55.8333
1723770000,2024-08-16 01:00:00,2024-08-16 03:00:00,ringsted,18.975,0.0,2.45,0.0,1008.43,89.25,62.7778
1723773600,2024-08-16 02:00:00,2024-08-16 04:00:00,ringsted,18.95,0.0,2.025,0.0,1008.33,89.75,70.8333
1723777200,2024-08-16 03:00:00,2024-08-16 05:00:00,ringsted,19.0,0.0,2.225,0.025,1008.14,91.25,41.1111
1723780800,2024-08-16 04:00:00,2024-08-16 06:00:00,ringsted,18.975,0.0,2.0,0.275,1007.75,93.0,47.7778
1723784400,2024-08-16 05:00:00,2024-08-16 07:00:00,ringsted,18.85,12.0,2.075,0.025,1007.41,94.5,52.2222
1723788000,2024-08-16 06:00:00,2024-08-16 08:00:00,ringsted,19.15,44.0,2.25,0.0,1007.7,94.0,53.3333
1723791600,2024-08-16 07:00:00,2024-08-16 09:00:00,ringsted,19.625,92.5,2.8,0.0,1007.83,91.5,59.1667
1723795200,2024-08-16 08:00:00,2024-08-16 10:00:00,ringsted,19.8,90.5,3.225,0.1,1007.92,90.25,76.9444
1723798800,2024-08-16 09:00:00,2024-08-16 11:00:00,ringsted,19.7,110.5,3.7,0.2,1007.78,90.25,54.7222
1723802400,2024-08-16 10:00:00,2024-08-16 12:00:00,ringsted,19.55,160.5,4.45,0.4,1008.07,90.25,74.7222
1723806000,2024-08-16 11:00:00,2024-08-16 13:00:00,ringsted,19.65,270.5,4.525,0.2,1008.31,90.75,78.6111
1723809600,2024-08-16 12:00:00,2024-08-16 14:00:00,ringsted,19.65,195.5,4.675,0.05,1008.38,88.25,68.6111
1723813200,2024-08-16 13:00:00,2024-08-16 15:00:00,ringsted,19.75,148.5,4.675,0.0,1008.26,86.75,78.6111
1723816800,2024-08-16 14:00:00,2024-08-16 16:00:00,ringsted,19.825,142.5,4.75,0.025,1008.09,85.25,80.5556
1723820400,2024-08-16 15:00:00,2024-08-16 17:00:00,ringsted,19.875,158.0,4.95,0.025,1007.92,87.0,71.9444
1723824000,2024-08-16 16:00:00,2024-08-16 18:00:00,ringsted,20.2,109.0,4.8,0.0,1007.7,86.25,71.9444
1723827600,2024-08-16 17:00:00,2024-08-16 19:00:00,ringsted,19.8,95.0,3.875,0.025,1007.59,87.5,63.8889
1723831200,2024-08-16 18:00:00,2024-08-16 20:00:00,ringsted,19.275,51.0,3.175,0.05,1007.89,89.75,81.9444
1723834800,2024-08-16 19:00:00,2024-08-16 21:00:00,ringsted,18.325,7.5,2.75,0.15,1008.17,92.0,77.2222
1723838400,2024-08-16 20:00:00,2024-08-16 22:00:00,ringsted,17.2,0.0,1.8,0.125,1008.16,94.0,32.7778
1723842000,2024-08-16 21:00:00,2024-08-16 23:00:00,ringsted,16.125,0.0,1.025,0.0,1008.22,95.75,4.16667
1723845600,2024-08-16 22:00:00,2024-08-17 00:00:00,ringsted,14.975,0.0,1.05,0.0,1008.22,97.25,0.588235
1723849200,2024-08-16 23:00:00,2024-08-17 01:00:00,ringsted,14.05,0.0,0.775,0.0,1008.3,98.25,19.4118
1723852800,2024-08-17 00:00:00,2024-08-17 02:00:00,ringsted,13.6,0.0,0.975,0.0,1008.15,98.25,36.9444
1723856400,2024-08-17 01:00:00,2024-08-17 03:00:00,ringsted,13.575,0.0,0.8,0.0,1008.15,98.25,41.3889
1723860000,2024-08-17 02:00:00,2024-08-17 04:00:00,ringsted,13.4,0.0,1.075,0.0,1008.25,98.25,44.4444
1723863600,2024-08-17 03:00:00,2024-08-17 05:00:00,ringsted,13.425,0.0,1.475,0.0,1008.26,97.5,13.3333
1723867200,2024-08-17 04:00:00,2024-08-17 06:00:00,ringsted,12.925,0.5,1.6,0.0,1008.21,97.5,3.88889
1723870800,2024-08-17 05:00:00,2024-08-17 07:00:00,ringsted,12.45,28.0,2.025,0.0,1008.37,97.0,8.88889
1723874400,2024-08-17 06:00:00,2024-08-17 08:00:00,ringsted,13.375,148.5,1.975,0.0,1008.63,94.25,0.0
1723878000,2024-08-17 07:00:00,2024-08-17 09:00:00,ringsted,15.325,305.5,2.775,0.0,1008.73,84.0,1.11111
1723881600,2024-08-17 08:00:00,2024-08-17 10:00:00,ringsted,16.625,453.5,3.55,0.0,1009.07,73.75,15.0
1723885200,2024-08-17 09:00:00,2024-08-17 11:00:00,ringsted,17.575,503.5,3.15,0.0,1009.15,64.0,51.9444
1723888800,2024-08-17 10:00:00,2024-08-17 12:00:00,ringsted,18.3,561.0,3.375,0.0,1009.21,59.75,46.6667
1723892400,2024-08-17 11:00:00,2024-08-17 13:00:00,ringsted,18.925,569.0,3.325,0.0,1009.02,56.5,47.5
1723896000,2024-08-17 12:00:00,2024-08-17 14:00:00,ringsted,19.125,449.5,3.025,0.0,1009.16,55.25,55.0
1723899600,2024-08-17 13:00:00,2024-08-17 15:00:00,ringsted,19.3,432.5,3.275,0.0,1009.17,56.5,61.9444
1723903200,2024-08-17 14:00:00,2024-08-17 16:00:00,ringsted,19.5,421.0,3.175,0.0,1009.16,56.0,33.8889
1723906800,2024-08-17 15:00:00,2024-08-17 17:00:00,ringsted,19.625,368.5,3.175,0.0,1009.03,55.25,45.8333
1723910400,2024-08-17 16:00:00,2024-08-17 18:00:00,ringsted,19.55,333.0,2.825,0.0,1008.73,53.5,37.7778
1723914000,2024-08-17 17:00:00,2024-08-17 19:00:00,ringsted,19.225,224.0,2.3,0.0,1008.52,53.0,10.5556
1723917600,2024-08-17 18:00:00,2024-08-17 20:00:00,ringsted,18.625,114.5,1.55,0.0,1008.6,55.25,0.0
1723921200,2024-08-17 19:00:00,2024-08-17 21:00:00,ringsted,16.3,16.0,0.25,0.0,1008.79,67.0,0.0
1723924800,2024-08-17 20:00:00,2024-08-17 22:00:00,ringsted,13.2,0.0,0.266667,0.0,1009.17,82.0,0.0
1723928400,2024-08-17 21:00:00,2024-08-17 23:00:00,ringsted,11.625,0.0,0.225,0.0,1008.98,87.5,0.0
1723932000,2024-08-17 22:00:00,2024-08-18 00:00:00,ringsted,10.425,0.0,0.625,0.0,1008.8,91.5,0.0
1723935600,2024-08-17 23:00:00,2024-08-18 01:00:00,ringsted,9.9,0.0,0.625,0.0,1008.53,92.5,0.0
1723939200,2024-08-18 00:00:00,2024-08-18 02:00:00,ringsted,9.425,0.0,0.65,0.0,1008.43,93.25,0.0
1723942800,2024-08-18 01:00:00,2024-08-18 03:00:00,ringsted,8.76667,0.0,0.833333,0.0,1008.08,95.0,0.0
1723946400,2024-08-18 02:00:00,2024-08-18 04:00:00,ringsted,8.75,0.0,0.725,0.0,1007.78,93.5,0.0
1723950000,2024-08-18 03:00:00,2024-08-18 05:00:00,ringsted,8.2,0.0,0.5,0.0,1007.42,94.25,0.0
1723953600,2024-08-18 04:00:00,2024-08-18 06:00:00,ringsted,7.86667,0.5,0.533333,0.0,1007.48,95.6667,8.46154
1723957200,2024-08-18 05:00:00,2024-08-18 07:00:00,ringsted,8.56667,36.5,0.9,0.0,1007.45,95.6667,7.33333
1723960800,2024-08-18 06:00:00,2024-08-18 08:00:00,ringsted,11.15,92.5,0.6,0.0,1007.24,92.0,17.2222
1723964400,2024-08-18 07:00:00,2024-08-18 09:00:00,ringsted,14.3,162.0,0.75,0.0,1007.26,82.0,18.3333
1723968000,2024-08-18 08:00:00,2024-08-18 10:00:00,ringsted,16.5,197.5,1.0,0.0,1007.28,76.0,10.8333
1723971600,2024-08-18 09:00:00,2024-08-18 11:00:00,ringsted,17.875,368.0,1.75,0.0,1007.15,70.25,24.4444
1723975200,2024-08-18 10:00:00,2024-08-18 12:00:00,ringsted,18.65,364.5,1.675,0.0,1006.94,61.75,19.7222
1723978800,2024-08-18 11:00:00,2024-08-18 13:00:00,ringsted,19.225,431.5,1.525,0.0,1006.75,57.75,21.1111
1723982400,2024-08-18 12:00:00,2024-08-18 14:00:00,ringsted,19.65,382.0,1.525,0.0,1006.77,55.75,23.0556
1723986000,2024-08-18 13:00:00,2024-08-18 15:00:00,ringsted,19.675,320.5,2.125,0.0,1006.77,57.25,27.7778
1723989600,2024-08-18 14:00:00,2024-08-18 16:00:00,ringsted,19.7,306.5,2.3,0.0,1006.79,56.25,6.38889
1723993200,2024-08-18 15:00:00,2024-08-18 17:00:00,ringsted,19.8,260.5,2.175,0.0,1006.87,54.75,18.0556
1723996800,2024-08-18 16:00:00,2024-08-18 18:00:00,ringsted,19.55,178.0,2.45,0.0,1006.84,56.75,11.6667
1724000400,2024-08-18 17:00:00,2024-08-18 19:00:00,ringsted,19.2,120.5,2.3,0.0,1007.0,61.0,2.77778
1724004000,2024-08-18 18:00:00,2024-08-18 20:00:00,ringsted,18.4,51.5,1.625,0.0,1007.19,68.25,8.33333
1724007600,2024-08-18 19:00:00,2024-08-18 21:00:00,ringsted,17.45,12.5,1.825,0.0,1007.75,74.0,42.5
1724011200,2024-08-18 20:00:00,2024-08-18 22:00:00,ringsted,15.85,0.0,1.625,0.0,1008.37,79.5,55.2778
1724014800,2024-08-18 21:00:00,2024-08-18 23:00:00,ringsted,15.675,0.0,2.05,0.0,1008.73,79.5,24.4444
1724018400,2024-08-18 22:00:00,2024-08-19 00:00:00,ringsted,14.8,0.0,2.2,0.0,1009.05,80.75,0.555556
1724022000,2024-08-18 23:00:00,2024-08-19 01:00:00,ringsted,13.925,0.0,1.725,0.0,1009.35,82.0,0.0
1724025600,2024-08-19 00:00:00,2024-08-19 02:00:00,ringsted,12.95,0.0,1.46667,0.0,1009.55,85.25,1.47059
1724029200,2024-08-19 01:00:00,2024-08-19 03:00:00,ringsted,11.95,0.0,1.25,0.0,1009.78,89.5,12.2222
1724032800,2024-08-19 02:00:00,2024-08-19 04:00:00,ringsted,11.65,0.0,1.3,0.0,1010.05,91.5,5.55556
1724036400,2024-08-19 03:00:00,2024-08-19 05:00:00,ringsted,11.1,0.0,1.0,0.0,1010.27,93.25,20.8824
1724040000,2024-08-19 04:00:00,2024-08-19 06:00:00,ringsted,10.8,0.5,0.833333,0.0,1010.87,95.6667,26.4706
1724043600,2024-08-19 05:00:00,2024-08-19 07:00:00,ringsted,10.675,34.5,0.625,0.0,1011.24,96.5,20.8333
1724047200,2024-08-19 06:00:00,2024-08-19 08:00:00,ringsted,13.05,124.0,0.625,0.0,1011.53,93.75,27.5
1724050800,2024-08-19 07:00:00,2024-08-19 09:00:00,ringsted,16.025,234.0,1.3,0.0,1011.97,84.25,25.2778
1724054400,2024-08-19 08:00:00,2024-08-19 10:00:00,ringsted,17.5,336.5,2.5,0.0,1012.61,73.25,47.2222
1724058000,2024-08-19 09:00:00,2024-08-19 11:00:00,ringsted,18.15,433.0,3.225,0.0,1013.01,65.75,48.0556
1724061600,2024-08-19 10:00:00,2024-08-19 12:00:00,ringsted,18.425,479.5,3.325,0.0,1013.19,61.75,45.5556
1724065200,2024-08-19 11:00:00,2024-08-19 13:00:00,ringsted,19.0,519.0,2.8,0.0,1013.35,54.25,20.0
1724068800,2024-08-19 12:00:00,2024-08-19 14:00:00,ringsted,19.6,610.5,2.875,0.0,1013.62,50.75,54.4444
1724072400,2024-08-19 13:00:00,2024-08-19 15:00:00,ringsted,19.85,494.0,3.225,0.0,1013.7,50.75,53.6111
1724076000,2024-08-19 14:00:00,2024-08-19 16:00:00,ringsted,20.075,464.0,3.65,0.0,1013.5,49.25,38.8889
1724079600,2024-08-19 15:00:00,2024-08-19 17:00:00,ringsted,20.2,465.5,3.275,0.0,1013.48,45.75,18.3333
1724083200,2024-08-19 16:00:00,2024-08-19 18:00:00,ringsted,20.325,385.0,3.25,0.0,1013.4,42.25,0.0
1724086800,2024-08-19 17:00:00,2024-08-19 19:00:00,ringsted,19.7,229.0,2.675,0.0,1013.31,45.25,0.555556
1724090400,2024-08-19 18:00:00,2024-08-19 20:00:00,ringsted,18.35,82.0,1.775,0.0,1013.58,52.25,0.0
1724094000,2024-08-19 19:00:00,2024-08-19 21:00:00,ringsted,15.675,5.0,0.825,0.0,1013.79,65.5,0.0
1724097600,2024-08-19 20:00:00,2024-08-19 22:00:00,ringsted,13.6,0.0,0.975,0.0,1013.57,74.25,0.0
1724101200,2024-08-19 21:00:00,2024-08-19 23:00:00,ringsted,12.15,0.0,1.05,0.0,1013.63,82.25,0.0
1724104800,2024-08-19 22:00:00,2024-08-20 00:00:00,ringsted,11.4,0.0,1.125,0.0,1013.69,85.5,0.0
1724108400,2024-08-19 23:00:00,2024-08-20 01:00:00,ringsted,11.45,0.0,1.0,0.0,1013.2,86.0,0.0
1724112000,2024-08-20 00:00:00,2024-08-20 02:00:00,ringsted,11.425,0.0,1.3,0.0,1012.93,87.75,0.0
1724115600,2024-08-20 01:00:00,2024-08-20 03:00:00,ringsted,10.95,0.0,1.2,0.0,1012.49,91.25,3.33333
1724119200,2024-08-20 02:00:00,2024-08-20 04:00:00,ringsted,10.8,0.0,1.325,0.0,1011.9,91.5,0.0
1724122800,2024-08-20 03:00:00,2024-08-20 05:00:00,ringsted,11.125,0.0,1.85,0.0,1011.68,90.5,1.38889
1724126400,2024-08-20 04:00:00,2024-08-20 06:00:00,ringsted,11.325,0.0,2.075,0.0,1011.32,92.0,3.88889
1724130000,2024-08-20 05:00:00,2024-08-20 07:00:00,ringsted,11.65,27.0,2.2,0.0,1011.08,92.75,0.0
1724133600,2024-08-20 06:00:00,2024-08-20 08:00:00,ringsted,14.3,117.5,2.65,0.0,1010.94,91.0,1.66667
1724137200,2024-08-20 07:00:00,2024-08-20 09:00:00,ringsted,17.15,229.5,2.9,0.0,1010.69,84.0,3.33333
1724140800,2024-08-20 08:00:00,2024-08-20 10:00:00,ringsted,19.175,359.0,4.525,0.0,1010.42,73.25,0.555556
1724144400,2024-08-20 09:00:00,2024-08-20 11:00:00,ringsted,20.425,481.5,5.675,0.0,1010.1,62.5,16.3889
1724148000,2024-08-20 10:00:00,2024-08-20 12:00:00,ringsted,21.3,552.0,5.725,0.0,1009.68,57.0,14.1667
1724151600,2024-08-20 11:00:00,2024-08-20 13:00:00,ringsted,22.0,523.5,5.5,0.0,1009.3,55.5,11.6667
1724155200,2024-08-20 12:00:00,2024-08-20 14:00:00,ringsted,22.45,514.5,5.525,0.0,1008.84,54.5,18.6111
1724158800,2024-08-20 13:00:00,2024-08-20 15:00:00,ringsted,22.575,484.0,5.7,0.0,1008.33,55.75,27.5
1724162400,2024-08-20 14:00:00,2024-08-20 16:00:00,ringsted,22.525,453.5,5.85,0.0,1007.87,56.0,10.5556
1724166000,2024-08-20 15:00:00,2024-08-20 17:00:00,ringsted,22.15,358.5,5.725,0.0,1007.2,57.25,13.8889
1724169600,2024-08-20 16:00:00,2024-08-20 18:00:00,ringsted,22.325,326.5,5.475,0.0,1006.4,56.5,5.27778
1724173200,2024-08-20 17:00:00,2024-08-20 19:00:00,ringsted,21.475,213.0,5.5,0.0,1006.04,61.5,0.0
1724176800,2024-08-20 18:00:00,2024-08-20 20:00:00,ringsted,20.2,64.5,4.825,0.0,1006.19,71.5,5.55556
1724180400,2024-08-20 19:00:00,2024-08-20 21:00:00,ringsted,19.0,5.5,3.55,0.0,1006.05,77.75,8.88889
1724184000,2024-08-20 20:00:00,2024-08-20 22:00:00,ringsted,17.9,0.0,2.8,0.0,1005.44,84.0,16.9444
1724187600,2024-08-20 21:00:00,2024-08-20 23:00:00,ringsted,17.575,0.0,3.05,0.0,1004.47,87.25,12.5
1724191200,2024-08-20 22:00:00,2024-08-21 00:00:00,ringsted,17.6,0.0,3.375,0.0,1003.62,88.5,11.9444
1724194800,2024-08-20 23:00:00,2024-08-21 01:00:00,ringsted,17.475,0.0,3.7,0.0,1002.83,89.25,13.8889
1724198400,2024-08-21 00:00:00,2024-08-21 02:00:00,ringsted,17.525,0.0,3.5,0.0,1002.05,90.75,23.0556
1724202000,2024-08-21 01:00:00,2024-08-21 03:00:00,ringsted,17.45,0.0,2.675,0.0,1001.4,91.75,24.4444
1724205600,2024-08-21 02:00:00,2024-08-21 04:00:00,ringsted,17.225,0.0,2.25,0.0,1000.8,93.0,45.8333
1724209200,2024-08-21 03:00:00,2024-08-21 05:00:00,ringsted,17.15,0.0,2.325,0.0,1000.56,92.5,45.8333
1724212800,2024-08-21 04:00:00,2024-08-21 06:00:00,ringsted,17.325,0.0,2.075,1.025,1000.63,91.75,76.9444
1724216400,2024-08-21 05:00:00,2024-08-21 07:00:00,ringsted,17.075,9.5,2.8,1.9,1000.5,93.75,60.5556
1724220000,2024-08-21 06:00:00,2024-08-21 08:00:00,ringsted,16.775,32.0,2.325,0.2,1001.08,93.5,54.1667
1724223600,2024-08-21 07:00:00,2024-08-21 09:00:00,ringsted,16.675,46.5,3.25,0.525,1001.83,93.25,65.8333
1724227200,2024-08-21 08:00:00,2024-08-21 10:00:00,ringsted,16.175,81.0,4.45,0.2,1002.78,92.0,49.7222
1724230800,2024-08-21 09:00:00,2024-08-21 11:00:00,ringsted,16.4,307.0,6.225,0.0,1003.35,84.75,40.2778
1724234400,2024-08-21 10:00:00,2024-08-21 12:00:00,ringsted,17.6,566.0,6.9,0.0,1003.85,70.0,38.8889
1724238000,2024-08-21 11:00:00,2024-08-21 13:00:00,ringsted,18.175,520.5,6.75,0.0,1004.34,60.25,40.0
1724241600,2024-08-21 12:00:00,2024-08-21 14:00:00,ringsted,18.8,617.5,6.775,0.0,1004.7,55.0,29.7222
1724245200,2024-08-21 13:00:00,2024-08-21 15:00:00,ringsted,18.5,474.5,6.8,0.0,1004.91,56.25,32.7778
1724248800,2024-08-21 14:00:00,2024-08-21 16:00:00,ringsted,18.55,467.5,6.7,0.2,1005.12,56.75,24.7222
1724252400,2024-08-21 15:00:00,2024-08-21 17:00:00,ringsted,18.3,439.5,6.95,0.0,1005.35,57.75,19.1667
1724256000,2024-08-21 16:00:00,2024-08-21 18:00:00,ringsted,17.5,286.0,5.85,0.125,1005.47,61.5,23.8889
1724259600,2024-08-21 17:00:00,2024-08-21 19:00:00,ringsted,17.075,143.0,5.85,0.025,1005.77,64.25,43.0556
1724263200,2024-08-21 18:00:00,2024-08-21 20:00:00,ringsted,15.7,54.0,5.475,0.275,1006.19,72.5,35.5556
1724266800,2024-08-21 19:00:00,2024-08-21 21:00:00,ringsted,14.8,7.5,4.8,0.025,1006.63,76.25,40.8333
1724270400,2024-08-21 20:00:00,2024-08-21 22:00:00,ringsted,14.375,0.0,4.3,0.0,1006.84,79.0,70.0
1724274000,2024-08-21 21:00:00,2024-08-21 23:00:00,ringsted,14.425,0.0,4.5,0.0,1007.19,78.25,92.7778
1724277600,2024-08-21 22:00:00,2024-08-22 00:00:00,ringsted,14.45,0.0,4.275,0.0,1007.53,78.5,83.2353
1724281200,2024-08-21 23:00:00,2024-08-22 01:00:00,ringsted,14.55,0.0,4.075,0.0,1007.52,77.0,71.3889
1724284800,2024-08-22 00:00:00,2024-08-22 02:00:00,ringsted,14.475,0.0,3.65,0.0,1007.28,76.5,50.0
1724288400,2024-08-22 01:00:00,2024-08-22 03:00:00,ringsted,13.875,0.0,2.65,0.0,1007.19,79.5,39.7222
1724292000,2024-08-22 02:00:00,2024-08-22 04:00:00,ringsted,13.15,0.0,2.4,0.0,1006.88,83.75,65.0
1724295600,2024-08-22 03:00:00,2024-08-22 05:00:00,ringsted,13.275,0.0,2.325,0.0,1006.32,84.25,68.0556
1724299200,2024-08-22 04:00:00,2024-08-22 06:00:00,ringsted,13.65,0.0,2.275,0.0,1006.0,83.75,69.7222
1724302800,2024-08-22 05:00:00,2024-08-22 07:00:00,ringsted,14.15,16.0,3.35,0.0,1005.75,83.5,53.0556
1724306400,2024-08-22 06:00:00,2024-08-22 08:00:00,ringsted,14.8,45.5,3.7,0.0,1005.6,83.0,66.1111
1724310000,2024-08-22 07:00:00,2024-08-22 09:00:00,ringsted,15.3,61.5,3.975,0.0,1005.62,82.5,77.5
1724313600,2024-08-22 08:00:00,2024-08-22 10:00:00,ringsted,15.65,78.5,4.6,0.05,1005.51,82.25,82.2222
1724317200,2024-08-22 09:00:00,2024-08-22 11:00:00,ringsted,16.25,138.5,5.275,0.0,1005.06,80.25,55.8333
1724320800,2024-08-22 10:00:00,2024-08-22 12:00:00,ringsted,16.875,244.0,5.925,0.0,1004.68,76.75,72.2222
1724324400,2024-08-22 11:00:00,2024-08-22 13:00:00,ringsted,17.475,285.0,6.225,0.0,1004.46,72.75,60.0
1724328000,2024-08-22 12:00:00,2024-08-22 14:00:00,ringsted,17.975,355.5,6.3,0.0,1004.07,68.5,58.8889
1724331600,2024-08-22 13:00:00,2024-08-22 15:00:00,ringsted,18.05,221.0,6.2,0.0,1003.82,66.75,59.1667
1724335200,2024-08-22 14:00:00,2024-08-22 16:00:00,ringsted,17.825,110.5,6.125,0.05,1003.43,68.5,63.8889
1724338800,2024-08-22 15:00:00,2024-08-22 17:00:00,ringsted,16.675,72.5,4.9,0.325,1002.97,78.75,55.8333
1724342400,2024-08-22 16:00:00,2024-08-22 18:00:00,ringsted,16.35,71.5,4.55,0.0,1002.98,84.0,68.8889
1724346000,2024-08-22 17:00:00,2024-08-22 19:00:00,ringsted,16.575,46.5,3.75,0.05,1002.69,83.5,88.3333
1724349600,2024-08-22 18:00:00,2024-08-22 20:00:00,ringsted,16.725,16.0,3.875,0.0,1002.57,81.75,85.8333
1724353200,2024-08-22 19:00:00,2024-08-22 21:00:00,ringsted,16.775,1.0,3.8,0.0,1002.55,81.75,81.6667
1724356800,2024-08-22 20:00:00,2024-08-22 22:00:00,ringsted,16.875,0.0,3.875,0.0,1001.96,81.0,81.1111
1724360400,2024-08-22 21:00:00,2024-08-22 23:00:00,ringsted,17.4,0.0,4.6,0.0,1001.53,77.75,84.4444
1724364000,2024-08-22 22:00:00,2024-08-23 00:00:00,ringsted,17.975,0.0,4.525,0.0,1001.15,74.5,75.8333
1724367600,2024-08-22 23:00:00,2024-08-23 01:00:00,ringsted,18.175,0.0,4.125,0.0,1000.89,73.75,86.3889
1724371200,2024-08-23 00:00:00,2024-08-23 02:00:00,ringsted,18.2,0.0,4.075,0.0,1000.56,73.0,55.8333
1724374800,2024-08-23 01:00:00,2024-08-23 03:00:00,ringsted,18.075,0.0,4.025,0.0,1000.29,73.75,68.8889
1724378400,2024-08-23 02:00:00,2024-08-23 04:00:00,ringsted,17.9,0.0,3.65,0.025,999.987,75.0,71.9444
1724382000,2024-08-23 03:00:00,2024-08-23 05:00:00,ringsted,17.725,0.0,3.725,0.025,999.625,76.75,91.6667
1724385600,2024-08-23 04:00:00,2024-08-23 06:00:00,ringsted,17.375,0.0,3.875,0.4,999.046,79.75,76.6667
1724389200,2024-08-23 05:00:00,2024-08-23 07:00:00,ringsted,17.05,5.5,4.175,0.175,998.796,83.25,66.9444
1724392800,2024-08-23 06:00:00,2024-08-23 08:00:00,ringsted,17.25,21.0,4.55,0.125,998.596,84.25,82.2222
1724396400,2024-08-23 07:00:00,2024-08-23 09:00:00,ringsted,17.975,45.5,5.425,0.025,997.987,80.25,81.1111
1724400000,2024-08-23 08:00:00,2024-08-23 10:00:00,ringsted,18.8,120.5,5.75,0.0,997.779,76.0,88.0556
1724403600,2024-08-23 09:00:00,2024-08-23 11:00:00,ringsted,19.5,132.0,6.075,0.0,997.433,72.0,87.5
1724407200,2024-08-23 10:00:00,2024-08-23 12:00:00,ringsted,20.225,211.5,6.725,0.0,996.954,68.0,68.8889
1724410800,2024-08-23 11:00:00,2024-08-23 13:00:00,ringsted,20.35,196.5,6.75,0.025,996.717,66.25,66.1111
1724414400,2024-08-23 12:00:00,2024-08-23 14:00:00,ringsted,20.9,254.0,7.15,0.0,996.442,62.75,54.1667
1724418000,2024-08-23 13:00:00,2024-08-23 15:00:00,ringsted,21.35,148.5,7.4,0.0,996.671,62.25,94.4444
1724421600,2024-08-23 14:00:00,2024-08-23 16:00:00,ringsted,21.15,109.5,7.875,0.025,997.258,67.75,70.8333
1724425200,2024-08-23 15:00:00,2024-08-23 17:00:00,ringsted,20.05,156.0,9.2,0.0,997.775,80.0,60.2778
1724428800,2024-08-23 16:00:00,2024-08-23 18:00:00,ringsted,20.25,151.0,9.1,0.05,998.763,74.5,35.5556
1724432400,2024-08-23 17:00:00,2024-08-23 19:00:00,ringsted,19.85,197.0,8.375,0.0,999.975,70.25,2.5
1724436000,2024-08-23 18:00:00,2024-08-23 20:00:00,ringsted,18.575,77.0,8.175,0.0,1001.58,64.25,19.4444
1724439600,2024-08-23 19:00:00,2024-08-23 21:00:00,ringsted,17.1,4.5,7.225,0.0,1002.93,67.0,22.2222
1724443200,2024-08-23 20:00:00,2024-08-23 22:00:00,ringsted,16.4,0.0,5.775,0.0,1003.92,68.0,5.83333
1724446800,2024-08-23 21:00:00,2024-08-23 23:00:00,ringsted,15.75,0.0,4.975,0.0,1004.63,69.75,8.05556
1724450400,2024-08-23 22:00:00,2024-08-24 00:00:00,ringsted,15.025,0.0,3.9,0.0,1005.41,73.25,14.4444
1724454000,2024-08-23 23:00:00,2024-08-24 01:00:00,ringsted,14.375,0.0,3.075,0.0,1005.79,78.25,25.5556
1724457600,2024-08-24 00:00:00,2024-08-24 02:00:00,ringsted,13.7,0.0,2.5,0.0,1006.15,81.25,7.77778
1724461200,2024-08-24 01:00:00,2024-08-24 03:00:00,ringsted,13.025,0.0,2.45,0.0,1006.47,84.25,21.9444
1724464800,2024-08-24 02:00:00,2024-08-24 04:00:00,ringsted,12.675,0.0,2.625,0.0,1006.58,86.75,57.2222
1724468400,2024-08-24 03:00:00,2024-08-24 05:00:00,ringsted,12.525,0.0,2.175,0.0,1006.76,88.25,6.94444
1724472000,2024-08-24 04:00:00,2024-08-24 06:00:00,ringsted,11.65,0.0,2.05,0.0,1007.14,92.0,0.0
1724475600,2024-08-24 05:00:00,2024-08-24 07:00:00,ringsted,11.975,26.0,2.075,0.0,1007.23,93.0,1.38889
1724479200,2024-08-24 06:00:00,2024-08-24 08:00:00,ringsted,13.875,130.5,2.4,0.0,1007.2,89.0,13.6111
1724482800,2024-08-24 07:00:00,2024-08-24 09:00:00,ringsted,16.175,243.5,2.925,0.0,1007.07,81.75,18.6111
1724486400,2024-08-24 08:00:00,2024-08-24 10:00:00,ringsted,17.75,277.5,3.95,0.0,1006.85,76.0,67.7778
1724490000,2024-08-24 09:00:00,2024-08-24 11:00:00,ringsted,18.6,330.0,4.75,0.0,1006.39,70.25,71.6667
1724493600,2024-08-24 10:00:00,2024-08-24 12:00:00,ringsted,19.675,455.5,5.725,0.0,1005.85,69.0,68.3333
1724497200,2024-08-24 11:00:00,2024-08-24 13:00:00,ringsted,20.525,453.0,6.025,0.0,1005.13,73.5,58.3333
1724500800,2024-08-24 12:00:00,2024-08-24 14:00:00,ringsted,22.05,547.5,5.8,0.0,1004.61,71.75,56.3889
1724504400,2024-08-24 13:00:00,2024-08-24 15:00:00,ringsted,23.025,417.5,6.2,0.0,1004.1,70.5,38.8889
1724508000,2024-08-24 14:00:00,2024-08-24 16:00:00,ringsted,23.95,383.0,6.15,0.0,1003.39,68.75,42.5
1724511600,2024-08-24 15:00:00,2024-08-24 17:00:00,ringsted,23.65,415.0,6.0,0.0,1002.73,67.3333,32.7778
1724515200,2024-08-24 16:00:00,2024-08-24 18:00:00,ringsted,24.675,297.0,5.5,0.0,1002.11,66.5,42.2222
1724518800,2024-08-24 17:00:00,2024-08-24 19:00:00,ringsted,24.175,152.0,4.275,0.0,1001.23,68.75,9.72222
1724522400,2024-08-24 18:00:00,2024-08-24 20:00:00,ringsted,23.075,72.5,3.875,0.0,1000.38,73.0,0.0
1724526000,2024-08-24 19:00:00,2024-08-24 21:00:00,ringsted,21.25,3.5,3.575,0.0,999.371,79.75,0.0
1724529600,2024-08-24 20:00:00,2024-08-24 22:00:00,ringsted,20.7,0.0,3.7,0.0,998.446,80.75,6.11111
1724533200,2024-08-24 21:00:00,2024-08-24 23:00:00,ringsted,21.35,0.0,3.8,0.0,998.304,75.75,54.7222
1724536800,2024-08-24 22:00:00,2024-08-25 00:00:00,ringsted,22.15,0.0,4.125,0.0,998.317,70.75,27.2222
1724540400,2024-08-24 23:00:00,2024-08-25 01:00:00,ringsted,21.275,0.0,3.525,0.0,998.717,74.25,21.6667
1724544000,2024-08-25 00:00:00,2024-08-25 02:00:00,ringsted,19.85,0.0,2.35,0.0,999.838,80.5,73.0556
1724547600,2024-08-25 01:00:00,2024-08-25 03:00:00,ringsted,19.275,0.0,4.775,1.075,999.896,83.25,71.3889
1724551200,2024-08-25 02:00:00,2024-08-25 04:00:00,ringsted,17.4,0.0,3.825,0.925,1000.47,90.0,55.8333
1724554800,2024-08-25 03:00:00,2024-08-25 05:00:00,ringsted,16.725,0.0,5.15,0.0,1001.05,90.75,56.1111
1724558400,2024-08-25 04:00:00,2024-08-25 06:00:00,ringsted,16.55,0.0,5.075,0.0,1001.61,90.5,60.0
1724562000,2024-08-25 05:00:00,2024-08-25 07:00:00,ringsted,16.675,8.0,5.15,0.0,1002.64,89.75,80.0
1724565600,2024-08-25 06:00:00,2024-08-25 08:00:00,ringsted,16.75,57.0,5.325,0.275,1003.8,89.5,73.3333
1724569200,2024-08-25 07:00:00,2024-08-25 09:00:00,ringsted,16.225,97.0,5.025,0.65,1005.61,92.0,57.5
1724572800,2024-08-25 08:00:00,2024-08-25 10:00:00,ringsted,15.975,209.0,5.35,0.475,1007.41,90.0,44.7222
1724576400,2024-08-25 09:00:00,2024-08-25 11:00:00,ringsted,16.625,428.5,6.0,0.1,1008.95,82.0,13.6111
1724580000,2024-08-25 10:00:00,2024-08-25 12:00:00,ringsted,17.325,501.5,5.975,0.0,1009.93,73.5,36.1111
1724583600,2024-08-25 11:00:00,2024-08-25 13:00:00,ringsted,18.0,467.5,6.45,0.025,1010.83,67.25,31.1111
1724587200,2024-08-25 12:00:00,2024-08-25 14:00:00,ringsted,18.45,542.0,6.575,0.0,1011.62,63.0,17.2222
1724590800,2024-08-25 13:00:00,2024-08-25 15:00:00,ringsted,19.475,670.0,7.275,0.0,1012.3,54.0,32.2222
1724594400,2024-08-25 14:00:00,2024-08-25 16:00:00,ringsted,19.35,440.5,7.175,0.0,1012.99,53.75,39.1667
1724598000,2024-08-25 15:00:00,2024-08-25 17:00:00,ringsted,19.225,368.5,6.625,0.0,1013.45,55.75,23.8889
1724601600,2024-08-25 16:00:00,2024-08-25 18:00:00,ringsted,18.95,301.0,6.475,0.0,1013.97,57.75,6.38889
1724605200,2024-08-25 17:00:00,2024-08-25 19:00:00,ringsted,18.575,198.0,5.7,0.0,1014.48,59.0,9.72222
1724608800,2024-08-25 18:00:00,2024-08-25 20:00:00,ringsted,17.575,72.0,4.25,0.0,1015.03,60.75,10.0
1724612400,2024-08-25 19:00:00,2024-08-25 21:00:00,ringsted,16.15,3.5,3.275,0.0,1015.59,65.25,6.94444
1724616000,2024-08-25 20:00:00,2024-08-25 22:00:00,ringsted,14.425,0.0,2.825,0.0,1015.85,76.0,0.0
1724619600,2024-08-25 21:00:00,2024-08-25 23:00:00,ringsted,14.025,0.0,2.85,0.0,1015.9,78.75,0.0
1724623200,2024-08-25 22:00:00,2024-08-26 00:00:00,ringsted,13.175,0.0,2.425,0.0,1015.8,84.0,18.6111
1724626800,2024-08-25 23:00:00,2024-08-26 01:00:00,ringsted,12.825,0.0,2.275,0.0,1015.8,87.5,32.7778
1724630400,2024-08-26 00:00:00,2024-08-26 02:00:00,ringsted,13.5333,0.0,3.15,0.075,1015.75,87.5,39.7222
1724634000,2024-08-26 01:00:00,2024-08-26 03:00:00,ringsted,13.5,0.0,2.75,0.0,1015.75,89.5,11.1111
1724637600,2024-08-26 02:00:00,2024-08-26 04:00:00,ringsted,12.975,0.0,2.65,0.0,1015.62,91.25,0.0
1724641200,2024-08-26 03:00:00,2024-08-26 05:00:00,ringsted,13.05,0.0,3.15,0.0,1015.53,90.5,0.0
1724644800,2024-08-26 04:00:00,2024-08-26 06:00:00,ringsted,13.325,0.0,3.375,0.0,1015.68,87.5,0.0
1724648400,2024-08-26 05:00:00,2024-08-26 07:00:00,ringsted,13.75,20.5,3.525,0.0,1015.95,84.5,0.0
1724652000,2024-08-26 06:00:00,2024-08-26 08:00:00,ringsted,14.825,112.5,3.55,0.0,1016.1,81.0,0.0
1724655600,2024-08-26 07:00:00,2024-08-26 09:00:00,ringsted,16.525,255.0,4.7,0.0,1016.2,75.0,1.11111
1724659200,2024-08-26 08:00:00,2024-08-26 10:00:00,ringsted,17.95,394.0,6.375,0.0,1016.28,67.75,2.77778
1724662800,2024-08-26 09:00:00,2024-08-26 11:00:00,ringsted,18.875,516.0,7.4,0.0,1016.32,61.25,8.05556
1724666400,2024-08-26 10:00:00,2024-08-26 12:00:00,ringsted,19.6,608.5,7.375,0.0,1016.33,55.5,3.61111
1724670000,2024-08-26 11:00:00,2024-08-26 13:00:00,ringsted,20.075,674.5,7.375,0.0,1016.16,52.0,2.77778
1724673600,2024-08-26 12:00:00,2024-08-26 14:00:00,ringsted,20.5,685.5,7.7,0.0,1016.16,49.25,7.5
1724677200,2024-08-26 13:00:00,2024-08-26 15:00:00,ringsted,20.45,623.5,7.525,0.0,1016.28,50.75,19.4444
1724680800,2024-08-26 14:00:00,2024-08-26 16:00:00,ringsted,20.425,561.5,6.9,0.0,1016.46,53.75,23.0556
1724684400,2024-08-26 15:00:00,2024-08-26 17:00:00,ringsted,20.425,464.5,6.575,0.0,1016.31,56.0,17.5
1724688000,2024-08-26 16:00:00,2024-08-26 18:00:00,ringsted,20.125,297.5,6.075,0.0,1016.41,58.25,23.0556
1724691600,2024-08-26 17:00:00,2024-08-26 19:00:00,ringsted,19.75,161.0,5.575,0.0,1016.71,59.75,11.6667
1724695200,2024-08-26 18:00:00,2024-08-26 20:00:00,ringsted,18.775,39.0,3.9,0.0,1017.05,64.75,40.2778
1724698800,2024-08-26 19:00:00,2024-08-26 21:00:00,ringsted,17.375,2.0,2.725,0.0,1017.49,72.0,39.4444
1724702400,2024-08-26 20:00:00,2024-08-26 22:00:00,ringsted,16.425,0.0,1.65,0.0,1017.75,78.5,37.5
1724706000,2024-08-26 21:00:00,2024-08-26 23:00:00,ringsted,15.5,0.0,1.925,0.0,1017.97,84.25,6.66667
1724709600,2024-08-26 22:00:00,2024-08-27 00:00:00,ringsted,14.975,0.0,2.4,0.0,1018.26,85.75,0.555556
1724713200,2024-08-26 23:00:00,2024-08-27 01:00:00,ringsted,14.45,0.0,2.0,0.0,1018.46,88.5,6.11111
1724716800,2024-08-27 00:00:00,2024-08-27 02:00:00,ringsted,14.075,0.0,1.675,0.0,1018.55,90.0,5.55556
1724720400,2024-08-27 01:00:00,2024-08-27 03:00:00,ringsted,13.5,0.0,1.625,0.0,1018.72,93.75,4.72222
1724724000,2024-08-27 02:00:00,2024-08-27 04:00:00,ringsted,13.025,0.0,1.55,0.0,1018.99,95.5,8.61111
1724727600,2024-08-27 03:00:00,2024-08-27 05:00:00,ringsted,12.925,0.0,1.55,0.0,1019.04,96.25,8.33333
1724731200,2024-08-27 04:00:00,2024-08-27 06:00:00,ringsted,12.725,0.0,1.725,0.0,1019.29,97.0,18.0556
1724734800,2024-08-27 05:00:00,2024-08-27 07:00:00,ringsted,12.825,18.5,1.75,0.025,1019.65,97.0,5.55556
1724738400,2024-08-27 06:00:00,2024-08-27 08:00:00,ringsted,14.5,110.5,1.675,0.025,1019.97,95.75,3.05556
1724742000,2024-08-27 07:00:00,2024-08-27 09:00:00,ringsted,16.7,221.5,2.475,0.0,1020.26,88.5,13.6111
1724745600,2024-08-27 08:00:00,2024-08-27 10:00:00,ringsted,18.325,351.5,3.2,0.0,1020.41,79.0,7.5
1724749200,2024-08-27 09:00:00,2024-08-27 11:00:00,ringsted,19.575,527.5,3.325,0.0,1020.44,69.0,20.2778
1724752800,2024-08-27 10:00:00,2024-08-27 12:00:00,ringsted,20.4,584.0,3.825,0.0,1020.45,63.0,17.7778
1724756400,2024-08-27 11:00:00,2024-08-27 13:00:00,ringsted,21.2,645.0,4.15,0.0,1020.34,57.5,15.5556
1724760000,2024-08-27 12:00:00,2024-08-27 14:00:00,ringsted,21.9,648.0,4.025,0.0,1020.13,53.0,5.83333
1724763600,2024-08-27 13:00:00,2024-08-27 15:00:00,ringsted,22.3,574.5,3.7,0.0,1019.95,51.25,6.11111
1724767200,2024-08-27 14:00:00,2024-08-27 16:00:00,ringsted,22.55,485.5,3.375,0.0,1019.61,51.25,11.9444
1724770800,2024-08-27 15:00:00,2024-08-27 17:00:00,ringsted,22.5,417.5,3.4,0.0,1019.24,52.25,18.0556
1724774400,2024-08-27 16:00:00,2024-08-27 18:00:00,ringsted,22.075,330.0,3.275,0.0,1018.95,56.25,1.11111
1724778000,2024-08-27 17:00:00,2024-08-27 19:00:00,ringsted,21.6,189.0,3.15,0.0,1018.85,54.5,0.0
1724781600,2024-08-27 18:00:00,2024-08-27 20:00:00,ringsted,19.825,70.0,3.025,0.0,1019.04,61.25,0.0
1724785200,2024-08-27 19:00:00,2024-08-27 21:00:00,ringsted,17.575,2.0,2.775,0.0,1019.29,73.5,0.0
1724788800,2024-08-27 20:00:00,2024-08-27 22:00:00,ringsted,16.425,0.0,2.5,0.0,1019.3,80.25,0.0
1724792400,2024-08-27 21:00:00,2024-08-27 23:00:00,ringsted,15.925,0.0,2.575,0.0,1019.35,83.25,0.0
1724796000,2024-08-27 22:00:00,2024-08-28 00:00:00,ringsted,16.35,0.0,2.85,0.0,1019.32,86.25,13.6111
1724799600,2024-08-27 23:00:00,2024-08-28 01:00:00,ringsted,16.275,0.0,2.775,0.0,1019.19,87.5,0.555556
1724803200,2024-08-28 00:00:00,2024-08-28 02:00:00,ringsted,16.225,0.0,2.875,0.0,1018.92,88.0,0.0
1724806800,2024-08-28 01:00:00,2024-08-28 03:00:00,ringsted,16.275,0.0,3.05,0.0,1018.75,87.0,0.0
1724810400,2024-08-28 02:00:00,2024-08-28 04:00:00,ringsted,15.775,0.0,2.8,0.0,1018.57,90.0,0.0
1724814000,2024-08-28 03:00:00,2024-08-28 05:00:00,ringsted,15.725,0.0,3.0,0.0,1018.33,91.0,0.0
1724817600,2024-08-28 04:00:00,2024-08-28 06:00:00,ringsted,15.525,0.0,2.9,0.0,1018.22,90.75,0.0
1724821200,2024-08-28 05:00:00,2024-08-28 07:00:00,ringsted,15.5,18.5,2.825,0.0,1018.48,89.75,0.0
1724824800,2024-08-28 06:00:00,2024-08-28 08:00:00,ringsted,16.75,118.0,2.8,0.0,1018.48,86.5,0.0
1724828400,2024-08-28 07:00:00,2024-08-28 09:00:00,ringsted,18.85,257.0,3.625,0.0,1018.44,79.0,0.0
1724832000,2024-08-28 08:00:00,2024-08-28 10:00:00,ringsted,20.95,394.5,3.875,0.0,1018.5,66.0,0.0
1724835600,2024-08-28 09:00:00,2024-08-28 11:00:00,ringsted,22.475,500.5,4.45,0.0,1018.55,55.25,0.0
1724839200,2024-08-28 10:00:00,2024-08-28 12:00:00,ringsted,23.375,606.0,5.275,0.0,1018.35,49.5,1.66667
1724842800,2024-08-28 11:00:00,2024-08-28 13:00:00,ringsted,23.8,663.0,6.1,0.0,1017.95,47.25,12.2222
1724846400,2024-08-28 12:00:00,2024-08-28 14:00:00,ringsted,24.025,637.5,6.425,0.0,1017.45,47.5,4.44444
1724850000,2024-08-28 13:00:00,2024-08-28 15:00:00,ringsted,23.925,637.0,6.825,0.0,1016.88,47.25,3.88889
1724853600,2024-08-28 14:00:00,2024-08-28 16:00:00,ringsted,23.5,573.0,7.35,0.0,1016.5,48.75,0.0
1724857200,2024-08-28 15:00:00,2024-08-28 17:00:00,ringsted,22.95,463.0,7.05,0.0,1016.16,51.75,0.0
1724860800,2024-08-28 16:00:00,2024-08-28 18:00:00,ringsted,22.025,332.0,6.925,0.0,1015.64,57.0,0.0
1724864400,2024-08-28 17:00:00,2024-08-28 19:00:00,ringsted,21.0,189.0,6.75,0.0,1015.25,61.75,0.0
1724868000,2024-08-28 18:00:00,2024-08-28 20:00:00,ringsted,19.95,59.0,6.025,0.0,1015.0,68.25,0.0
1724871600,2024-08-28 19:00:00,2024-08-28 21:00:00,ringsted,19.15,1.5,5.85,0.0,1014.84,74.5,0.0
1724875200,2024-08-28 20:00:00,2024-08-28 22:00:00,ringsted,18.8,0.0,5.85,0.0,1014.41,77.75,0.0
1724878800,2024-08-28 21:00:00,2024-08-28 23:00:00,ringsted,18.7,0.0,5.625,0.0,1014.21,79.0,0.0
1724882400,2024-08-28 22:00:00,2024-08-29 00:00:00,ringsted,18.625,0.0,5.225,0.0,1014.03,81.0,0.0
1724886000,2024-08-28 23:00:00,2024-08-29 01:00:00,ringsted,18.65,0.0,4.8,0.0,1013.57,83.25,0.0
1724889600,2024-08-29 00:00:00,2024-08-29 02:00:00,ringsted,18.75,0.0,4.35,0.0,1013.02,84.25,0.0
1724893200,2024-08-29 01:00:00,2024-08-29 03:00:00,ringsted,18.475,0.0,3.8,0.0,1012.6,86.25,0.0
1724896800,2024-08-29 02:00:00,2024-08-29 04:00:00,ringsted,18.525,0.0,3.975,0.0,1012.13,86.75,0.0
1724900400,2024-08-29 03:00:00,2024-08-29 05:00:00,ringsted,18.6,0.0,4.075,0.0,1011.64,87.0,0.0
1724904000,2024-08-29 04:00:00,2024-08-29 06:00:00,ringsted,18.625,0.0,3.875,0.0,1011.4,88.25,0.0
1724907600,2024-08-29 05:00:00,2024-08-29 07:00:00,ringsted,18.6,15.5,3.625,0.0,1011.29,89.25,0.0
1724911200,2024-08-29 06:00:00,2024-08-29 08:00:00,ringsted,19.375,101.0,3.65,0.0,1011.1,88.25,0.0
1724914800,2024-08-29 07:00:00,2024-08-29 09:00:00,ringsted,20.8,240.5,4.125,0.0,1011.03,83.75,0.0
1724918400,2024-08-29 08:00:00,2024-08-29 10:00:00,ringsted,22.375,378.0,4.45,0.0,1011.27,78.75,6.94444
1724922000,2024-08-29 09:00:00,2024-08-29 11:00:00,ringsted,23.7,447.0,4.275,0.0,1011.26,74.25,2.77778
1724925600,2024-08-29 10:00:00,2024-08-29 12:00:00,ringsted,25.175,564.5,3.875,0.0,1010.9,69.0,0.0
1724929200,2024-08-29 11:00:00,2024-08-29 13:00:00,ringsted,26.625,620.5,3.725,0.0,1010.53,63.5,1.66667
1724932800,2024-08-29 12:00:00,2024-08-29 14:00:00,ringsted,27.725,634.5,4.525,0.0,1010.39,58.25,0.0
1724936400,2024-08-29 13:00:00,2024-08-29 15:00:00,ringsted,27.9,602.0,4.975,0.0,1010.25,55.75,3.61111
1724940000,2024-08-29 14:00:00,2024-08-29 16:00:00,ringsted,27.225,488.5,5.075,0.0,1010.28,58.5,3.61111
1724943600,2024-08-29 15:00:00,2024-08-29 17:00:00,ringsted,27.45,398.0,4.275,0.0,1010.41,58.25,4.72222
1724947200,2024-08-29 16:00:00,2024-08-29 18:00:00,ringsted,27.6,288.0,3.4,0.0,1010.63,54.75,16.6667
1724950800,2024-08-29 17:00:00,2024-08-29 19:00:00,ringsted,27.675,163.0,3.05,0.0,1011.1,52.25,27.5
1724954400,2024-08-29 18:00:00,2024-08-29 20:00:00,ringsted,26.1,47.0,2.45,0.0,1011.62,59.5,26.1111
1724958000,2024-08-29 19:00:00,2024-08-29 21:00:00,ringsted,23.3,0.5,1.825,0.0,1011.94,70.75,15.2778
1724961600,2024-08-29 20:00:00,2024-08-29 22:00:00,ringsted,21.825,0.0,1.425,0.3,1012.27,76.25,22.7778
1724965200,2024-08-29 21:00:00,2024-08-29 23:00:00,ringsted,21.1,0.0,1.675,0.15,1012.44,80.75,32.2222
1724968800,2024-08-29 22:00:00,2024-08-30 00:00:00,ringsted,20.475,0.0,2.525,0.0,1012.7,82.25,34.4444
1724972400,2024-08-29 23:00:00,2024-08-30 01:00:00,ringsted,19.9,0.0,3.225,0.0,1013.12,84.5,48.3333
1724976000,2024-08-30 00:00:00,2024-08-30 02:00:00,ringsted,19.275,0.0,3.075,0.0,1013.5,86.5,51.9444
1724979600,2024-08-30 01:00:00,2024-08-30 03:00:00,ringsted,18.525,0.0,3.325,0.075,1013.94,85.25,48.8889
1724983200,2024-08-30 02:00:00,2024-08-30 04:00:00,ringsted,17.775,0.0,3.375,0.0,1014.01,84.0,43.6111
1724986800,2024-08-30 03:00:00,2024-08-30 05:00:00,ringsted,17.125,0.0,3.25,0.0,1014.25,86.5,33.0556
1724990400,2024-08-30 04:00:00,2024-08-30 06:00:00,ringsted,16.225,0.0,3.25,0.0,1014.82,89.25,16.3889
1724994000,2024-08-30 05:00:00,2024-08-30 07:00:00,ringsted,15.5,11.0,3.1,0.0,1015.52,88.75,8.33333
1724997600,2024-08-30 06:00:00,2024-08-30 08:00:00,ringsted,15.325,71.5,3.1,0.0,1015.95,87.5,7.5
1725001200,2024-08-30 07:00:00,2024-08-30 09:00:00,ringsted,16.15,215.0,3.625,0.0,1016.43,82.0,28.8889
1725004800,2024-08-30 08:00:00,2024-08-30 10:00:00,ringsted,16.75,182.5,3.65,0.0,1017.02,75.5,44.1667
1725008400,2024-08-30 09:00:00,2024-08-30 11:00:00,ringsted,16.875,194.0,3.4,0.0,1017.02,72.25,60.8333
1725012000,2024-08-30 10:00:00,2024-08-30 12:00:00,ringsted,17.175,224.0,2.975,0.0,1017.05,70.5,26.1111
1725015600,2024-08-30 11:00:00,2024-08-30 13:00:00,ringsted,18.45,544.0,3.75,0.0,1017.32,60.75,0.555556
1725019200,2024-08-30 12:00:00,2024-08-30 14:00:00,ringsted,19.5,623.0,4.8,0.0,1017.57,51.5,10.2778
1725022800,2024-08-30 13:00:00,2024-08-30 15:00:00,ringsted,20.05,599.0,4.425,0.0,1017.65,46.5,4.44444
1725026400,2024-08-30 14:00:00,2024-08-30 16:00:00,ringsted,20.375,553.5,4.175,0.0,1017.62,44.5,0.0
1725030000,2024-08-30 15:00:00,2024-08-30 17:00:00,ringsted,20.45,436.0,3.55,0.0,1017.65,42.5,0.555556
1725033600,2024-08-30 16:00:00,2024-08-30 18:00:00,ringsted,20.425,330.0,3.35,0.0,1017.81,43.25,2.77778
1725037200,2024-08-30 17:00:00,2024-08-30 19:00:00,ringsted,19.7,153.5,2.925,0.0,1018.02,49.0,14.7222
1725040800,2024-08-30 18:00:00,2024-08-30 20:00:00,ringsted,18.325,38.0,1.725,0.0,1018.46,58.25,17.2222
1725044400,2024-08-30 19:00:00,2024-08-30 21:00:00,ringsted,16.45,0.5,1.175,0.0,1018.92,67.0,10.2778
1725048000,2024-08-30 20:00:00,2024-08-30 22:00:00,ringsted,15.025,0.0,1.45,0.0,1019.25,73.75,18.8889
1725051600,2024-08-30 21:00:00,2024-08-30 23:00:00,ringsted,14.425,0.0,2.075,0.0,1019.67,78.25,8.33333
1725055200,2024-08-30 22:00:00,2024-08-31 00:00:00,ringsted,14.425,0.0,2.725,0.0,1020.11,79.5,0.0
1725058800,2024-08-30 23:00:00,2024-08-31 01:00:00,ringsted,13.625,0.0,2.5,0.0,1020.42,83.75,0.0
1725062400,2024-08-31 00:00:00,2024-08-31 02:00:00,ringsted,13.45,0.0,2.45,0.0,1020.6,82.75,0.0
1725066000,2024-08-31 01:00:00,2024-08-31 03:00:00,ringsted,12.125,0.0,2.0,0.0,1020.97,85.25,0.0
1725069600,2024-08-31 02:00:00,2024-08-31 04:00:00,ringsted,11.65,0.0,2.375,0.0,1021.08,86.75,0.0
1725073200,2024-08-31 03:00:00,2024-08-31 05:00:00,ringsted,10.925,0.0,1.85,0.0,1021.15,88.25,0.0
1725076800,2024-08-31 04:00:00,2024-08-31 06:00:00,ringsted,10.025,0.0,1.125,0.0,1021.23,91.75,0.0
1725080400,2024-08-31 05:00:00,2024-08-31 07:00:00,ringsted,9.625,13.5,1.275,0.0,1021.63,93.5,0.0
1725084000,2024-08-31 06:00:00,2024-08-31 08:00:00,ringsted,11.05,108.5,1.475,0.0,1022.01,90.25,0.0
1725087600,2024-08-31 07:00:00,2024-08-31 09:00:00,ringsted,13.85,262.5,2.3,0.0,1022.49,81.75,5.83333
1725091200,2024-08-31 08:00:00,2024-08-31 10:00:00,ringsted,15.55,362.5,3.175,0.0,1022.77,73.5,13.0556
1725094800,2024-08-31 09:00:00,2024-08-31 11:00:00,ringsted,16.7,457.0,3.075,0.0,1022.95,65.25,22.2222
1725098400,2024-08-31 10:00:00,2024-08-31 12:00:00,ringsted,17.625,604.0,2.5,0.0,1022.93,60.25,20.5556
1725102000,2024-08-31 11:00:00,2024-08-31 13:00:00,ringsted,18.275,585.0,2.8,0.0,1023.03,59.25,26.1111
1725105600,2024-08-31 12:00:00,2024-08-31 14:00:00,ringsted,18.6,451.5,3.175,0.0,1022.8,59.5,21.9444
1725109200,2024-08-31 13:00:00,2024-08-31 15:00:00,ringsted,18.875,518.5,3.525,0.0,1022.54,58.5,26.1111
1725112800,2024-08-31 14:00:00,2024-08-31 16:00:00,ringsted,19.2,498.5,3.75,0.0,1022.36,56.5,25.2778
1725116400,2024-08-31 15:00:00,2024-08-31 17:00:00,ringsted,19.45,483.0,3.375,0.0,1022.25,53.5,9.16667
1725120000,2024-08-31 16:00:00,2024-08-31 18:00:00,ringsted,19.175,314.0,2.975,0.0,1022.15,53.75,0.0
1725123600,2024-08-31 17:00:00,2024-08-31 19:00:00,ringsted,18.725,193.0,2.775,0.0,1022.09,55.5,0.0
1725127200,2024-08-31 18:00:00,2024-08-31 20:00:00,ringsted,17.525,56.5,2.2,0.0,1022.25,59.5,0.0
1725130800,2024-08-31 19:00:00,2024-08-31 21:00:00,ringsted,15.325,0.5,1.75,0.0,1022.48,68.25,0.0
1725134400,2024-08-31 20:00:00,2024-08-31 22:00:00,ringsted,12.725,0.0,0.9,0.0,1022.6,79.75,0.0
1725138000,2024-08-31 21:00:00,2024-08-31 23:00:00,ringsted,11.675,0.0,1.05,0.0,1022.66,86.5,0.0
1725141600,2024-08-31 22:00:00,2024-09-01 00:00:00,ringsted,11.175,0.0,1.325,0.0,1022.72,89.0,0.0
1725145200,2024-08-31 23:00:00,2024-09-01 01:00:00,ringsted,10.525,0.0,1.575,0.0,1022.86,91.5,0.0
1725148800,2024-09-01 00:00:00,2024-09-01 02:00:00,ringsted,9.6,0.0,1.125,0.0,1022.43,94.0,0.0
1725152400,2024-09-01 01:00:00,2024-09-01 03:00:00,ringsted,9.625,0.0,0.925,0.0,1022.2,95.25,0.0
1725156000,2024-09-01 02:00:00,2024-09-01 04:00:00,ringsted,8.625,0.0,0.95,0.0,1021.82,96.0,0.0
1725159600,2024-09-01 03:00:00,2024-09-01 05:00:00,ringsted,8.35,0.0,1.0,0.0,1021.47,96.75,0.0
1725163200,2024-09-01 04:00:00,2024-09-01 06:00:00,ringsted,8.05,0.0,0.975,0.0,1021.25,97.75,0.0
1725166800,2024-09-01 05:00:00,2024-09-01 07:00:00,ringsted,8.325,19.5,1.05,0.0,1021.13,97.5,0.0
1725170400,2024-09-01 06:00:00,2024-09-01 08:00:00,ringsted,10.4,107.5,0.925,0.0,1021.19,97.0,2.77778
1725174000,2024-09-01 07:00:00,2024-09-01 09:00:00,ringsted,13.8,217.5,1.325,0.0,1021.28,89.75,0.555556
1725177600,2024-09-01 08:00:00,2024-09-01 10:00:00,ringsted,16.475,276.0,1.8,0.0,1021.16,80.25,2.22222
1725181200,2024-09-01 09:00:00,2024-09-01 11:00:00,ringsted,17.925,375.0,1.875,0.0,1020.87,70.0,3.61111
1725184800,2024-09-01 10:00:00,2024-09-01 12:00:00,ringsted,19.0,490.5,2.075,0.0,1020.37,62.5,20.5556
1725188400,2024-09-01 11:00:00,2024-09-01 13:00:00,ringsted,19.775,477.0,2.6,0.0,1019.82,58.0,15.8333
1725192000,2024-09-01 12:00:00,2024-09-01 14:00:00,ringsted,20.25,402.0,3.1,0.0,1019.24,52.5,16.6667
1725195600,2024-09-01 13:00:00,2024-09-01 15:00:00,ringsted,20.1,316.5,3.25,0.0,1018.88,52.25,17.7778
1725199200,2024-09-01 14:00:00,2024-09-01 16:00:00,ringsted,19.925,268.0,2.925,0.0,1018.37,53.0,17.7778
1725202800,2024-09-01 15:00:00,2024-09-01 17:00:00,ringsted,19.6,164.5,2.775,0.0,1018.03,52.0,16.3889
1725206400,2024-09-01 16:00:00,2024-09-01 18:00:00,ringsted,19.225,130.5,2.325,0.0,1017.51,53.0,15.0
1725210000,2024-09-01 17:00:00,2024-09-01 19:00:00,ringsted,18.375,79.0,1.625,0.0,1017.37,60.25,0.0
1725213600,2024-09-01 18:00:00,2024-09-01 20:00:00,ringsted,16.775,20.5,1.15,0.0,1017.32,68.5,0.555556
1725217200,2024-09-01 19:00:00,2024-09-01 21:00:00,ringsted,14.525,0.0,1.075,0.0,1017.27,78.5,1.66667
1725220800,2024-09-01 20:00:00,2024-09-01 22:00:00,ringsted,13.125,0.0,1.05,0.0,1016.99,84.0,0.0
1725224400,2024-09-01 21:00:00,2024-09-01 23:00:00,ringsted,12.225,0.0,1.1,0.0,1017.04,86.75,0.0
1725228000,2024-09-01 22:00:00,2024-09-02 00:00:00,ringsted,12.05,0.0,1.25,0.0,1016.81,88.25,0.0
1725231600,2024-09-01 23:00:00,2024-09-02 01:00:00,ringsted,10.95,0.0,1.575,0.0,1016.55,91.25,0.0
1725235200,2024-09-02 00:00:00,2024-09-02 02:00:00,ringsted,10.25,0.0,1.225,0.0,1015.9,93.5,0.0
1725238800,2024-09-02 01:00:00,2024-09-02 03:00:00,ringsted,10.0,0.0,1.05,0.0,1015.71,95.0,0.0
1725242400,2024-09-02 02:00:00,2024-09-02 04:00:00,ringsted,9.575,0.0,1.0,0.0,1015.46,96.5,0.0
1725246000,2024-09-02 03:00:00,2024-09-02 05:00:00,ringsted,9.65,0.0,0.85,0.0,1014.98,96.25,0.0
1725249600,2024-09-02 04:00:00,2024-09-02 06:00:00,ringsted,9.7,0.0,1.0,0.0,1014.76,96.75,0.0
1725253200,2024-09-02 05:00:00,2024-09-02 07:00:00,ringsted,9.975,6.0,1.15,0.025,1014.63,97.5,2.77778
1725256800,2024-09-02 06:00:00,2024-09-02 08:00:00,ringsted,11.15,72.5,1.075,0.0,1014.58,97.75,3.33333
1725260400,2024-09-02 07:00:00,2024-09-02 09:00:00,ringsted,14.9,209.0,1.575,0.0,1014.58,94.5,6.66667
1725264000,2024-09-02 08:00:00,2024-09-02 10:00:00,ringsted,17.75,371.5,3.125,0.025,1014.6,81.5,15.0
1725267600,2024-09-02 09:00:00,2024-09-02 11:00:00,ringsted,18.7,304.0,3.85,0.0,1014.26,71.75,11.1111
1725271200,2024-09-02 10:00:00,2024-09-02 12:00:00,ringsted,19.225,377.0,4.325,0.0,1013.96,68.25,26.3889
1725274800,2024-09-02 11:00:00,2024-09-02 13:00:00,ringsted,19.675,427.5,4.875,0.0,1013.7,67.25,20.8333
1725278400,2024-09-02 12:00:00,2024-09-02 14:00:00,ringsted,20.1,431.0,5.1,0.0,1013.27,65.0,3.05556
1725282000,2024-09-02 13:00:00,2024-09-02 15:00:00,ringsted,20.65,516.5,5.625,0.0,1013.01,63.25,9.44444
1725285600,2024-09-02 14:00:00,2024-09-02 16:00:00,ringsted,20.7,447.0,5.125,0.0,1012.81,65.0,23.6111
1725289200,2024-09-02 15:00:00,2024-09-02 17:00:00,ringsted,20.325,325.0,5.0,0.0,1012.53,67.75,3.05556
1725292800,2024-09-02 16:00:00,2024-09-02 18:00:00,ringsted,20.125,266.0,5.05,0.0,1012.2,68.0,7.77778
1725296400,2024-09-02 17:00:00,2024-09-02 19:00:00,ringsted,19.475,148.0,5.0,0.0,1012.4,69.75,12.5
1725300000,2024-09-02 18:00:00,2024-09-02 20:00:00,ringsted,18.125,22.0,4.15,0.0,1012.61,74.75,58.0556
1725303600,2024-09-02 19:00:00,2024-09-02 21:00:00,ringsted,17.325,0.0,4.125,0.0,1012.7,78.5,56.9444
1725307200,2024-09-02 20:00:00,2024-09-02 22:00:00,ringsted,17.1,0.0,4.15,0.0,1012.66,80.25,28.3333
1725310800,2024-09-02 21:00:00,2024-09-02 23:00:00,ringsted,16.875,0.0,4.4,0.0,1012.98,84.0,31.1111
1725314400,2024-09-02 22:00:00,2024-09-03 00:00:00,ringsted,16.925,0.0,4.125,0.0,1013.12,85.5,3.61111
1725318000,2024-09-02 23:00:00,2024-09-03 01:00:00,ringsted,16.65,0.0,3.575,0.0,1012.93,88.5,0.555556
1725321600,2024-09-03 00:00:00,2024-09-03 02:00:00,ringsted,16.25,0.0,3.05,0.025,1012.73,91.25,1.11111
1725325200,2024-09-03 01:00:00,2024-09-03 03:00:00,ringsted,16.175,0.0,3.3,0.025,1012.44,93.75,2.22222
1725328800,2024-09-03 02:00:00,2024-09-03 04:00:00,ringsted,16.35,0.0,3.175,0.025,1012.23,94.25,15.5556
1725332400,2024-09-03 03:00:00,2024-09-03 05:00:00,ringsted,16.25,0.0,2.925,0.025,1012.19,94.75,5.83333
1725336000,2024-09-03 04:00:00,2024-09-03 06:00:00,ringsted,16.05,0.0,2.775,0.025,1012.35,95.25,2.22222
1725339600,2024-09-03 05:00:00,2024-09-03 07:00:00,ringsted,16.25,11.0,3.325,0.05,1012.47,95.5,25.5556
1725343200,2024-09-03 06:00:00,2024-09-03 08:00:00,ringsted,17.25,81.5,3.825,0.05,1012.46,93.75,30.0
1725346800,2024-09-03 07:00:00,2024-09-03 09:00:00,ringsted,18.675,207.5,4.475,0.025,1012.5,89.75,30.0
1725350400,2024-09-03 08:00:00,2024-09-03 10:00:00,ringsted,20.1,348.0,5.125,0.0,1012.56,83.75,30.0
1725354000,2024-09-03 09:00:00,2024-09-03 11:00:00,ringsted,21.35,467.5,5.775,0.0,1012.55,78.25,28.3333
1725357600,2024-09-03 10:00:00,2024-09-03 12:00:00,ringsted,22.45,551.0,5.95,0.0,1012.43,73.5,4.72222
1725361200,2024-09-03 11:00:00,2024-09-03 13:00:00,ringsted,23.175,592.0,6.4,0.0,1012.35,70.25,0.0
1725364800,2024-09-03 12:00:00,2024-09-03 14:00:00,ringsted,23.625,576.5,6.175,0.0,1012.38,67.5,0.0
1725368400,2024-09-03 13:00:00,2024-09-03 15:00:00,ringsted,23.9,509.5,6.125,0.0,1012.22,66.5,0.0
1725372000,2024-09-03 14:00:00,2024-09-03 16:00:00,ringsted,23.925,446.5,5.975,0.0,1012.02,66.5,0.0
1725375600,2024-09-03 15:00:00,2024-09-03 17:00:00,ringsted,23.525,351.0,6.05,0.0,1011.8,67.5,0.0
1725379200,2024-09-03 16:00:00,2024-09-03 18:00:00,ringsted,23.125,240.5,5.975,0.0,1011.81,69.25,9.16667
1725382800,2024-09-03 17:00:00,2024-09-03 19:00:00,ringsted,22.125,96.5,5.475,0.0,1011.71,73.75,5.27778
1725386400,2024-09-03 18:00:00,2024-09-03 20:00:00,ringsted,21.05,22.0,4.85,0.0,1011.72,80.0,0.0
1725390000,2024-09-03 19:00:00,2024-09-03 21:00:00,ringsted,20.45,0.0,5.05,0.0,1011.82,83.25,2.77778
1725393600,2024-09-03 20:00:00,2024-09-03 22:00:00,ringsted,20.025,0.0,4.375,0.55,1011.89,86.25,16.3889
1725397200,2024-09-03 21:00:00,2024-09-03 23:00:00,ringsted,19.775,0.0,3.45,1.525,1011.89,88.75,34.4444
1725400800,2024-09-03 22:00:00,2024-09-04 00:00:00,ringsted,19.375,0.0,3.8,6.875,1011.72,93.0,37.2222
1725404400,2024-09-03 23:00:00,2024-09-04 01:00:00,ringsted,19.475,0.0,3.9,2.95,1011.62,93.0,36.3889
1725408000,2024-09-04 00:00:00,2024-09-04 02:00:00,ringsted,19.3,0.0,2.75,0.0,1011.53,93.0,30.2778
1725411600,2024-09-04 01:00:00,2024-09-04 03:00:00,ringsted,18.85,0.0,2.1,0.0,1011.62,94.25,16.9444
1725415200,2024-09-04 02:00:00,2024-09-04 04:00:00,ringsted,18.625,0.0,1.825,1.825,1011.49,95.25,37.5
1725418800,2024-09-04 03:00:00,2024-09-04 05:00:00,ringsted,19.2,0.0,2.45,3.2,1011.58,93.5,48.6111
1725422400,2024-09-04 04:00:00,2024-09-04 06:00:00,ringsted,18.925,0.0,1.5,0.475,1011.59,95.0,43.8889
1725426000,2024-09-04 05:00:00,2024-09-04 07:00:00,ringsted,18.7,5.5,1.575,3.925,1011.88,95.25,43.8889
1725429600,2024-09-04 06:00:00,2024-09-04 08:00:00,ringsted,19.125,77.0,2.3,2.8,1012.33,94.25,13.8889
1725433200,2024-09-04 07:00:00,2024-09-04 09:00:00,ringsted,20.05,155.0,2.15,1.525,1012.99,91.0,35.2778
1725436800,2024-09-04 08:00:00,2024-09-04 10:00:00,ringsted,20.9,222.0,2.3,2.725,1012.65,87.5,41.3889
1725440400,2024-09-04 09:00:00,2024-09-04 11:00:00,ringsted,21.8,294.5,3.925,0.0,1012.75,84.75,21.1111
1725444000,2024-09-04 10:00:00,2024-09-04 12:00:00,ringsted,22.575,399.0,3.875,0.0,1012.91,79.75,29.1667
1725447600,2024-09-04 11:00:00,2024-09-04 13:00:00,ringsted,23.8,500.0,4.05,0.0,1013.38,75.25,21.1111
1725451200,2024-09-04 12:00:00,2024-09-04 14:00:00,ringsted,23.725,348.0,3.5,0.0,1013.0,71.75,20.8333
1725454800,2024-09-04 13:00:00,2024-09-04 15:00:00,ringsted,23.725,343.0,4.125,0.0,1012.59,70.5,16.7647
1725458400,2024-09-04 14:00:00,2024-09-04 16:00:00,ringsted,23.55,299.5,5.075,0.0,1012.47,71.25,3.33333
1725462000,2024-09-04 15:00:00,2024-09-04 17:00:00,ringsted,24.175,343.0,5.275,0.0,1012.39,68.25,7.22222
1725465600,2024-09-04 16:00:00,2024-09-04 18:00:00,ringsted,24.3,254.5,5.225,0.0,1012.45,65.5,2.77778
1725469200,2024-09-04 17:00:00,2024-09-04 19:00:00,ringsted,23.85,101.0,5.4,0.0,1012.66,64.25,0.0
1725472800,2024-09-04 18:00:00,2024-09-04 20:00:00,ringsted,23.0,18.5,5.925,0.0,1013.28,66.75,0.0
1725476400,2024-09-04 19:00:00,2024-09-04 21:00:00,ringsted,22.375,0.0,5.825,0.0,1013.77,67.5,0.0
1725480000,2024-09-04 20:00:00,2024-09-04 22:00:00,ringsted,21.575,0.0,5.5,0.0,1014.05,69.75,0.0
1725483600,2024-09-04 21:00:00,2024-09-04 23:00:00,ringsted,20.675,0.0,5.15,0.0,1014.39,73.75,0.0
1725487200,2024-09-04 22:00:00,2024-09-05 00:00:00,ringsted,19.975,0.0,5.1,0.0,1014.72,78.5,0.0
1725490800,2024-09-04 23:00:00,2024-09-05 01:00:00,ringsted,19.575,0.0,4.525,0.0,1014.78,82.75,0.0
1725494400,2024-09-05 00:00:00,2024-09-05 02:00:00,ringsted,19.225,0.0,4.225,0.0,1014.75,86.0,0.0
1725498000,2024-09-05 01:00:00,2024-09-05 03:00:00,ringsted,18.95,0.0,4.275,0.0,1014.97,88.5,0.0
1725501600,2024-09-05 02:00:00,2024-09-05 04:00:00,ringsted,18.725,0.0,3.7,0.0,1015.15,90.25,0.0
1725505200,2024-09-05 03:00:00,2024-09-05 05:00:00,ringsted,18.475,0.0,3.075,0.0,1015.28,91.5,0.0
1725508800,2024-09-05 04:00:00,2024-09-05 06:00:00,ringsted,18.3,0.0,3.125,0.0,1015.47,92.0,0.0
1725512400,2024-09-05 05:00:00,2024-09-05 07:00:00,ringsted,18.5,7.0,3.75,0.0,1015.81,90.75,0.0
1725516000,2024-09-05 06:00:00,2024-09-05 08:00:00,ringsted,19.175,73.0,3.95,0.025,1015.98,88.0,0.0
1725519600,2024-09-05 07:00:00,2024-09-05 09:00:00,ringsted,20.3,191.0,5.275,0.0,1016.27,83.75,0.0
1725523200,2024-09-05 08:00:00,2024-09-05 10:00:00,ringsted,21.575,320.5,5.925,0.0,1016.55,78.5,0.555556
1725526800,2024-09-05 09:00:00,2024-09-05 11:00:00,ringsted,22.975,439.5,6.15,0.0,1016.87,72.25,0.0
1725530400,2024-09-05 10:00:00,2024-09-05 12:00:00,ringsted,24.2,528.5,6.325,0.0,1017.0,67.25,0.0
1725534000,2024-09-05 11:00:00,2024-09-05 13:00:00,ringsted,25.25,567.0,6.7,0.0,1017.04,62.25,1.66667
1725537600,2024-09-05 12:00:00,2024-09-05 14:00:00,ringsted,25.975,568.0,7.9,0.0,1017.05,54.25,0.0
1725541200,2024-09-05 13:00:00,2024-09-05 15:00:00,ringsted,26.05,544.0,8.275,0.0,1016.85,48.75,0.0
1725544800,2024-09-05 14:00:00,2024-09-05 16:00:00,ringsted,26.075,473.5,7.0,0.0,1016.7,47.0,0.0
1725548400,2024-09-05 15:00:00,2024-09-05 17:00:00,ringsted,25.8,384.0,6.875,0.0,1016.54,46.5,0.0
1725552000,2024-09-05 16:00:00,2024-09-05 18:00:00,ringsted,24.85,269.5,7.0,0.0,1016.54,51.5,0.0
1725555600,2024-09-05 17:00:00,2024-09-05 19:00:00,ringsted,23.75,139.0,6.0,0.0,1016.69,57.25,0.0
1725559200,2024-09-05 18:00:00,2024-09-05 20:00:00,ringsted,22.375,30.0,5.525,0.0,1016.97,62.5,0.0
1725562800,2024-09-05 19:00:00,2024-09-05 21:00:00,ringsted,21.075,0.5,5.65,0.0,1017.21,67.5,0.0
1725566400,2024-09-05 20:00:00,2024-09-05 22:00:00,ringsted,20.35,0.0,5.9,0.0,1017.45,70.0,0.0
1725570000,2024-09-05 21:00:00,2024-09-05 23:00:00,ringsted,19.825,0.0,5.575,0.0,1017.55,73.75,0.0
1725573600,2024-09-05 22:00:00,2024-09-06 00:00:00,ringsted,19.475,0.0,5.525,0.0,1017.54,78.0,0.0
1725577200,2024-09-05 23:00:00,2024-09-06 01:00:00,ringsted,19.275,0.0,5.125,0.0,1017.39,80.25,0.0
1725580800,2024-09-06 00:00:00,2024-09-06 02:00:00,ringsted,19.2,0.0,4.875,0.0,1017.17,82.0,0.0
1725584400,2024-09-06 01:00:00,2024-09-06 03:00:00,ringsted,19.025,0.0,4.675,0.0,1016.95,83.25,0.0
1725588000,2024-09-06 02:00:00,2024-09-06 04:00:00,ringsted,18.925,0.0,4.525,0.0,1016.9,84.5,0.0
1725591600,2024-09-06 03:00:00,2024-09-06 05:00:00,ringsted,18.85,0.0,4.75,0.0,1016.73,85.25,0.0
1725595200,2024-09-06 04:00:00,2024-09-06 06:00:00,ringsted,18.725,0.0,4.65,0.0,1016.58,85.75,0.0
1725598800,2024-09-06 05:00:00,2024-09-06 07:00:00,ringsted,18.725,6.0,4.675,0.0,1016.69,85.0,0.0
1725602400,2024-09-06 06:00:00,2024-09-06 08:00:00,ringsted,19.225,73.5,4.85,0.0,1016.61,82.5,0.0
1725606000,2024-09-06 07:00:00,2024-09-06 09:00:00,ringsted,20.325,199.5,5.5,0.0,1016.6,76.75,0.0
1725609600,2024-09-06 08:00:00,2024-09-06 10:00:00,ringsted,21.6,336.0,6.075,0.0,1016.52,70.75,0.0
1725613200,2024-09-06 09:00:00,2024-09-06 11:00:00,ringsted,22.875,452.5,6.9,0.0,1016.47,63.5,0.0
1725616800,2024-09-06 10:00:00,2024-09-06 12:00:00,ringsted,24.0,540.5,7.575,0.0,1016.12,57.5,0.0
1725620400,2024-09-06 11:00:00,2024-09-06 13:00:00,ringsted,24.6,585.0,8.15,0.0,1015.91,56.0,0.0
1725624000,2024-09-06 12:00:00,2024-09-06 14:00:00,ringsted,24.75,591.5,7.725,0.0,1015.55,55.75,0.0
1725627600,2024-09-06 13:00:00,2024-09-06 15:00:00,ringsted,24.85,551.0,7.175,0.0,1015.17,57.0,0.0
1725631200,2024-09-06 14:00:00,2024-09-06 16:00:00,ringsted,24.775,472.5,6.975,0.0,1014.82,57.5,0.0
1725634800,2024-09-06 15:00:00,2024-09-06 17:00:00,ringsted,24.45,373.0,6.425,0.0,1014.58,58.25,0.0
1725638400,2024-09-06 16:00:00,2024-09-06 18:00:00,ringsted,24.0,247.5,5.825,0.0,1014.47,60.0,0.0
1725642000,2024-09-06 17:00:00,2024-09-06 19:00:00,ringsted,23.1,117.0,5.0,0.0,1014.44,64.25,0.0
1725645600,2024-09-06 18:00:00,2024-09-06 20:00:00,ringsted,21.825,22.0,4.15,0.0,1014.72,68.25,0.0
1725649200,2024-09-06 19:00:00,2024-09-06 21:00:00,ringsted,20.55,0.0,4.125,0.0,1014.78,75.0,0.0
1725652800,2024-09-06 20:00:00,2024-09-06 22:00:00,ringsted,19.75,0.0,4.575,0.0,1014.47,79.75,0.0
1725656400,2024-09-06 21:00:00,2024-09-06 23:00:00,ringsted,19.1,0.0,4.475,0.0,1014.23,83.5,0.0
1725660000,2024-09-06 22:00:00,2024-09-07 00:00:00,ringsted,18.65,0.0,4.225,0.0,1013.97,87.0,0.0
1725663600,2024-09-06 23:00:00,2024-09-07 01:00:00,ringsted,18.475,0.0,3.775,0.0,1013.55,89.0,0.0
1725667200,2024-09-07 00:00:00,2024-09-07 02:00:00,ringsted,18.4,0.0,3.85,0.0,1013.28,89.5,0.0
1725670800,2024-09-07 01:00:00,2024-09-07 03:00:00,ringsted,18.125,0.0,3.15,0.0,1012.78,90.75,0.0
1725674400,2024-09-07 02:00:00,2024-09-07 04:00:00,ringsted,18.0,0.0,3.375,0.0,1012.45,91.0,0.0
1725678000,2024-09-07 03:00:00,2024-09-07 05:00:00,ringsted,17.825,0.0,3.375,0.0,1012.16,91.5,0.0
1725681600,2024-09-07 04:00:00,2024-09-07 06:00:00,ringsted,17.875,0.0,3.325,0.0,1012.1,91.0,8.88889
1725685200,2024-09-07 05:00:00,2024-09-07 07:00:00,ringsted,18.025,7.0,3.45,0.0,1012.12,90.25,25.5556
1725688800,2024-09-07 06:00:00,2024-09-07 08:00:00,ringsted,18.5,59.5,3.425,0.0,1012.17,88.5,15.2778
1725692400,2024-09-07 07:00:00,2024-09-07 09:00:00,ringsted,19.375,126.0,3.85,0.0,1012.09,85.75,28.3333
1725696000,2024-09-07 08:00:00,2024-09-07 10:00:00,ringsted,20.85,326.0,4.875,0.0,1011.97,77.5,23.8889
1725699600,2024-09-07 09:00:00,2024-09-07 11:00:00,ringsted,21.9,421.0,4.625,0.0,1011.79,70.75,37.7778
1725703200,2024-09-07 10:00:00,2024-09-07 12:00:00,ringsted,22.875,569.5,5.075,0.0,1011.54,65.75,31.3889
1725706800,2024-09-07 11:00:00,2024-09-07 13:00:00,ringsted,23.675,545.0,5.5,0.0,1011.28,60.75,0.0
1725710400,2024-09-07 12:00:00,2024-09-07 14:00:00,ringsted,23.8,542.0,5.7,0.0,1011.29,59.0,2.5
1725714000,2024-09-07 13:00:00,2024-09-07 15:00:00,ringsted,23.725,508.5,5.55,0.0,1011.11,60.0,2.5
1725717600,2024-09-07 14:00:00,2024-09-07 16:00:00,ringsted,23.475,432.0,5.2,0.0,1011.05,61.75,6.94444
1725721200,2024-09-07 15:00:00,2024-09-07 17:00:00,ringsted,23.1,330.0,4.85,0.0,1011.03,62.5,0.0
1725724800,2024-09-07 16:00:00,2024-09-07 18:00:00,ringsted,22.2,175.5,4.475,0.0,1010.97,66.25,1.11111
1725728400,2024-09-07 17:00:00,2024-09-07 19:00:00,ringsted,21.225,83.0,3.975,0.0,1010.95,72.5,5.83333
1725732000,2024-09-07 18:00:00,2024-09-07 20:00:00,ringsted,20.025,13.5,3.725,0.0,1011.1,78.0,22.5
1725735600,2024-09-07 19:00:00,2024-09-07 21:00:00,ringsted,19.75,0.0,3.45,0.0,1011.15,78.0,38.3333
1725739200,2024-09-07 20:00:00,2024-09-07 22:00:00,ringsted,19.725,0.0,3.275,0.0,1010.92,78.0,42.5
1725742800,2024-09-07 21:00:00,2024-09-07 23:00:00,ringsted,19.6,0.0,3.225,0.0,1010.55,81.25,63.6111
1725746400,2024-09-07 22:00:00,2024-09-08 00:00:00,ringsted,19.175,0.0,2.85,0.0,1009.93,84.5,48.6111
1725750000,2024-09-07 23:00:00,2024-09-08 01:00:00,ringsted,18.975,0.0,2.825,0.0,1009.45,86.5,30.5556
1725753600,2024-09-08 00:00:00,2024-09-08 02:00:00,ringsted,18.85,0.0,3.25,0.0,1009.3,86.5,40.8333
1725757200,2024-09-08 01:00:00,2024-09-08 03:00:00,ringsted,18.475,0.0,2.925,0.0,1009.05,87.75,31.3889
1725760800,2024-09-08 02:00:00,2024-09-08 04:00:00,ringsted,18.25,0.0,2.6,0.0,1008.55,88.25,24.7222
1725764400,2024-09-08 03:00:00,2024-09-08 05:00:00,ringsted,18.075,0.0,2.825,0.0,1008.25,88.75,0.0
1725768000,2024-09-08 04:00:00,2024-09-08 06:00:00,ringsted,17.9,0.0,2.775,0.0,1007.94,89.75,0.0
1725771600,2024-09-08 05:00:00,2024-09-08 07:00:00,ringsted,17.825,3.5,2.7,0.0,1007.81,90.75,0.0
1725775200,2024-09-08 06:00:00,2024-09-08 08:00:00,ringsted,18.375,55.5,2.825,0.0,1007.54,89.75,0.0
1725778800,2024-09-08 07:00:00,2024-09-08 09:00:00,ringsted,20.1,172.5,3.225,0.0,1007.28,84.5,0.0
1725782400,2024-09-08 08:00:00,2024-09-08 10:00:00,ringsted,22.2,318.5,4.1,0.0,1006.97,75.0,0.0
1725786000,2024-09-08 09:00:00,2024-09-08 11:00:00,ringsted,23.35,445.0,4.95,0.0,1006.47,69.25,1.11111
1725789600,2024-09-08 10:00:00,2024-09-08 12:00:00,ringsted,24.3,525.5,5.525,0.0,1006.05,63.0,0.555556
1725793200,2024-09-08 11:00:00,2024-09-08 13:00:00,ringsted,24.7,577.5,5.575,0.0,1005.5,62.5,3.88889
1725796800,2024-09-08 12:00:00,2024-09-08 14:00:00,ringsted,24.95,600.5,5.5,0.0,1004.96,63.25,3.88889
1725800400,2024-09-08 13:00:00,2024-09-08 15:00:00,ringsted,25.175,557.0,5.35,0.0,1004.18,62.5,1.11111
1725804000,2024-09-08 14:00:00,2024-09-08 16:00:00,ringsted,24.625,426.5,5.625,0.0,1003.79,64.75,0.555556
1725807600,2024-09-08 15:00:00,2024-09-08 17:00:00,ringsted,24.025,354.0,5.525,0.0,1003.44,67.5,5.83333
1725811200,2024-09-08 16:00:00,2024-09-08 18:00:00,ringsted,23.525,164.0,4.45,0.0,1003.1,70.25,18.8889
1725814800,2024-09-08 17:00:00,2024-09-08 19:00:00,ringsted,22.675,65.0,3.45,0.0,1002.79,74.5,26.1111
1725818400,2024-09-08 18:00:00,2024-09-08 20:00:00,ringsted,21.9,12.5,2.925,0.0,1002.47,77.5,54.1667
1725822000,2024-09-08 19:00:00,2024-09-08 21:00:00,ringsted,21.35,0.0,2.7,0.0,1002.04,80.5,72.5
1725825600,2024-09-08 20:00:00,2024-09-08 22:00:00,ringsted,20.875,0.0,2.275,0.0,1001.49,82.5,50.2778
1725829200,2024-09-08 21:00:00,2024-09-08 23:00:00,ringsted,20.1,0.0,1.625,0.0,1000.73,85.5,34.4444
1725832800,2024-09-08 22:00:00,2024-09-09 00:00:00,ringsted,19.325,0.0,1.275,0.0,999.983,90.0,28.3333
1725836400,2024-09-08 23:00:00,2024-09-09 01:00:00,ringsted,18.9,0.0,1.625,0.0,999.246,92.5,34.1667
1725840000,2024-09-09 00:00:00,2024-09-09 02:00:00,ringsted,18.775,0.0,1.5,0.0,998.665,94.0,36.7647
1725843600,2024-09-09 01:00:00,2024-09-09 03:00:00,ringsted,18.325,0.0,1.775,0.0,998.183,95.25,46.3889
1725847200,2024-09-09 02:00:00,2024-09-09 04:00:00,ringsted,18.5,0.0,2.9,0.575,998.279,95.25,78.3333
1725850800,2024-09-09 03:00:00,2024-09-09 05:00:00,ringsted,18.5,0.0,4.325,6.1,997.008,95.25,46.6667
1725854400,2024-09-09 04:00:00,2024-09-09 06:00:00,ringsted,18.15,0.0,4.375,0.3,996.767,94.5,51.3889
1725858000,2024-09-09 05:00:00,2024-09-09 07:00:00,ringsted,17.825,0.5,2.775,0.0,996.521,94.25,67.5
1725861600,2024-09-09 06:00:00,2024-09-09 08:00:00,ringsted,17.625,11.5,2.3,0.3,995.979,95.5,58.3333
1725865200,2024-09-09 07:00:00,2024-09-09 09:00:00,ringsted,17.7,25.0,3.65,1.05,995.975,95.75,64.7222
1725868800,2024-09-09 08:00:00,2024-09-09 10:00:00,ringsted,17.875,38.5,3.5,2.625,996.021,95.25,68.6111
1725872400,2024-09-09 09:00:00,2024-09-09 11:00:00,ringsted,17.825,73.5,3.475,2.125,995.192,96.25,79.2778
1725876000,2024-09-09 10:00:00,2024-09-09 12:00:00,ringsted,17.85,50.0,3.95,1.9,994.567,95.75,80.5556
1725879600,2024-09-09 11:00:00,2024-09-09 13:00:00,ringsted,17.825,60.0,4.075,1.175,994.571,95.25,75.5556
1725883200,2024-09-09 12:00:00,2024-09-09 14:00:00,ringsted,17.925,96.5,3.575,0.9,994.317,94.75,73.6111
1725886800,2024-09-09 13:00:00,2024-09-09 15:00:00,ringsted,18.075,153.0,4.525,0.225,993.987,93.75,95.2778
1725890400,2024-09-09 14:00:00,2024-09-09 16:00:00,ringsted,17.65,115.0,5.3,0.525,993.983,93.0,80.0
1725894000,2024-09-09 15:00:00,2024-09-09 17:00:00,ringsted,16.625,75.5,6.025,0.575,994.121,92.5,67.7778
1725897600,2024-09-09 16:00:00,2024-09-09 18:00:00,ringsted,16.025,54.0,5.625,0.35,994.142,90.75,53.3333
1725901200,2024-09-09 17:00:00,2024-09-09 19:00:00,ringsted,15.975,26.0,4.475,0.275,994.396,91.75,58.8889
1725904800,2024-09-09 18:00:00,2024-09-09 20:00:00,ringsted,16.225,3.0,3.55,0.2,994.567,91.75,93.3333
1725908400,2024-09-09 19:00:00,2024-09-09 21:00:00,ringsted,16.325,0.0,2.975,0.15,994.479,91.25,80.5556
1725912000,2024-09-09 20:00:00,2024-09-09 22:00:00,ringsted,16.475,0.0,3.375,0.05,994.513,89.5,90.8333
1725915600,2024-09-09 21:00:00,2024-09-09 23:00:00,ringsted,16.35,0.0,3.425,0.0,994.85,89.5,85.2778
1725919200,2024-09-09 22:00:00,2024-09-10 00:00:00,ringsted,16.2,0.0,3.75,0.0,995.129,89.75,76.3889
1725922800,2024-09-09 23:00:00,2024-09-10 01:00:00,ringsted,16.175,0.0,4.4,0.0,995.479,89.25,73.8889
1725926400,2024-09-10 00:00:00,2024-09-10 02:00:00,ringsted,15.8,0.0,5.05,0.05,996.162,90.0,74.4444
1725930000,2024-09-10 01:00:00,2024-09-10 03:00:00,ringsted,15.2,0.0,6.55,0.15,997.025,90.75,75.8333
1725933600,2024-09-10 02:00:00,2024-09-10 04:00:00,ringsted,14.3,0.0,6.075,0.0,997.658,88.25,66.9444
1725937200,2024-09-10 03:00:00,2024-09-10 05:00:00,ringsted,13.65,0.0,5.15,0.0,998.104,85.0,55.2778
1725940800,2024-09-10 04:00:00,2024-09-10 06:00:00,ringsted,13.275,0.0,3.775,0.0,998.642,83.25,49.4444
1725944400,2024-09-10 05:00:00,2024-09-10 07:00:00,ringsted,12.875,2.5,3.775,0.0,999.379,81.25,7.5
1725948000,2024-09-10 06:00:00,2024-09-10 08:00:00,ringsted,12.825,70.5,3.3,0.0,999.737,79.75,48.6111
1725951600,2024-09-10 07:00:00,2024-09-10 09:00:00,ringsted,13.625,188.0,4.425,0.0,1000.05,74.75,18.8889
1725955200,2024-09-10 08:00:00,2024-09-10 10:00:00,ringsted,14.5,326.0,5.275,0.0,1000.14,71.0,16.3889
1725958800,2024-09-10 09:00:00,2024-09-10 11:00:00,ringsted,15.225,415.0,5.2,0.0,1000.05,67.25,44.7222
1725962400,2024-09-10 10:00:00,2024-09-10 12:00:00,ringsted,15.8,448.5,5.7,0.0,999.842,64.5,64.1667
1725966000,2024-09-10 11:00:00,2024-09-10 13:00:00,ringsted,16.3,408.0,6.05,0.0,999.608,64.0,47.5
1725969600,2024-09-10 12:00:00,2024-09-10 14:00:00,ringsted,16.65,308.0,7.4,0.0,999.425,67.0,58.8889
1725973200,2024-09-10 13:00:00,2024-09-10 15:00:00,ringsted,16.475,261.5,7.975,0.0,999.083,69.5,61.6667
1725976800,2024-09-10 14:00:00,2024-09-10 16:00:00,ringsted,16.325,178.0,8.125,0.0,998.6,69.75,75.8333
1725980400,2024-09-10 15:00:00,2024-09-10 17:00:00,ringsted,16.35,141.5,7.8,0.0,998.054,69.5,70.5556
1725984000,2024-09-10 16:00:00,2024-09-10 18:00:00,ringsted,16.25,78.5,7.525,0.0,997.467,71.25,75.0
1725987600,2024-09-10 17:00:00,2024-09-10 19:00:00,ringsted,16.025,28.5,7.425,0.025,996.879,73.0,85.8333
1725991200,2024-09-10 18:00:00,2024-09-10 20:00:00,ringsted,15.85,0.5,7.85,0.0,996.425,73.5,93.6111
1725994800,2024-09-10 19:00:00,2024-09-10 21:00:00,ringsted,15.375,0.0,7.95,0.125,995.908,77.5,95.5556
1725998400,2024-09-10 20:00:00,2024-09-10 22:00:00,ringsted,14.9,0.0,7.875,0.275,995.617,83.0,83.0556
1726002000,2024-09-10 21:00:00,2024-09-10 23:00:00,ringsted,14.45,0.0,7.35,0.225,995.65,89.0,78.8889
1726005600,2024-09-10 22:00:00,2024-09-11 00:00:00,ringsted,14.45,0.0,5.9,0.15,995.508,88.75,68.8889
1726009200,2024-09-10 23:00:00,2024-09-11 01:00:00,ringsted,14.325,0.0,3.9,0.0,995.204,86.75,73.8889
1726012800,2024-09-11 00:00:00,2024-09-11 02:00:00,ringsted,13.5,0.0,2.925,1.75,994.908,88.25,73.3333
1726016400,2024-09-11 01:00:00,2024-09-11 03:00:00,ringsted,13.025,0.0,2.075,0.3,994.554,90.0,83.3333
1726020000,2024-09-11 02:00:00,2024-09-11 04:00:00,ringsted,12.475,0.0,1.725,0.8,994.096,91.75,92.2222
1726023600,2024-09-11 03:00:00,2024-09-11 05:00:00,ringsted,12.175,0.0,1.425,0.225,993.812,91.25,66.6667
1726027200,2024-09-11 04:00:00,2024-09-11 06:00:00,ringsted,11.175,0.0,1.725,1.175,993.646,89.5,72.2222
1726030800,2024-09-11 05:00:00,2024-09-11 07:00:00,ringsted,10.625,0.0,1.425,1.6,993.146,94.0,88.0556
1726034400,2024-09-11 06:00:00,2024-09-11 08:00:00,ringsted,10.525,6.5,1.45,1.475,993.425,94.5,63.5294
1726038000,2024-09-11 07:00:00,2024-09-11 09:00:00,ringsted,10.425,17.0,1.575,1.9,993.508,95.25,76.6667
1726041600,2024-09-11 08:00:00,2024-09-11 10:00:00,ringsted,10.375,46.0,0.9,1.85,993.708,93.5,60.0
1726045200,2024-09-11 09:00:00,2024-09-11 11:00:00,ringsted,10.8,168.0,1.825,0.25,994.05,90.0,69.1667
1726048800,2024-09-11 10:00:00,2024-09-11 12:00:00,ringsted,11.45,175.0,2.15,0.0,994.513,85.0,52.5
1726052400,2024-09-11 11:00:00,2024-09-11 13:00:00,ringsted,12.175,281.0,2.95,0.1,995.029,81.5,56.9444
1726056000,2024-09-11 12:00:00,2024-09-11 14:00:00,ringsted,12.25,236.0,3.225,0.45,995.588,78.75,43.0556
1726059600,2024-09-11 13:00:00,2024-09-11 15:00:00,ringsted,12.825,331.0,3.625,0.025,996.242,77.5,40.2778
1726063200,2024-09-11 14:00:00,2024-09-11 16:00:00,ringsted,12.95,302.5,4.95,0.0,996.946,74.0,46.1111
1726066800,2024-09-11 15:00:00,2024-09-11 17:00:00,ringsted,13.15,300.5,4.25,0.0,997.296,71.0,30.5556
1726070400,2024-09-11 16:00:00,2024-09-11 18:00:00,ringsted,13.45,250.5,3.825,0.0,997.654,68.75,21.9444
1726074000,2024-09-11 17:00:00,2024-09-11 19:00:00,ringsted,13.025,119.0,4.0,0.0,998.058,70.5,9.72222
1726077600,2024-09-11 18:00:00,2024-09-11 20:00:00,ringsted,11.9,8.5,3.55,0.05,998.55,75.0,29.1667
1726081200,2024-09-11 19:00:00,2024-09-11 21:00:00,ringsted,11.15,0.0,3.425,0.0,998.912,79.0,18.2353
1726084800,2024-09-11 20:00:00,2024-09-11 22:00:00,ringsted,10.8,0.0,3.475,0.15,999.342,79.5,11.3889
1726088400,2024-09-11 21:00:00,2024-09-11 23:00:00,ringsted,10.225,0.0,2.75,0.05,999.846,80.75,17.2222
1726092000,2024-09-11 22:00:00,2024-09-12 00:00:00,ringsted,10.075,0.0,3.125,0.075,1000.12,82.5,32.8125
1726095600,2024-09-11 23:00:00,2024-09-12 01:00:00,ringsted,9.8,0.0,2.875,0.2,1000.39,84.25,26.9444
1726099200,2024-09-12 00:00:00,2024-09-12 02:00:00,ringsted,9.5,0.0,2.525,0.2,1000.6,85.75,21.1111
1726102800,2024-09-12 01:00:00,2024-09-12 03:00:00,ringsted,8.9,0.0,2.0,0.1,1001.1,89.25,15.2778
1726106400,2024-09-12 02:00:00,2024-09-12 04:00:00,ringsted,8.95,0.0,1.875,0.0,1001.49,89.75,21.3889
1726110000,2024-09-12 03:00:00,2024-09-12 05:00:00,ringsted,8.75,0.0,2.35,0.225,1002.02,90.0,32.2222
1726113600,2024-09-12 04:00:00,2024-09-12 06:00:00,ringsted,9.1,0.0,2.225,0.325,1002.55,87.25,16.3889
1726117200,2024-09-12 05:00:00,2024-09-12 07:00:00,ringsted,8.85,2.0,2.925,4.85,1003.03,87.5,13.6111
1726120800,2024-09-12 06:00:00,2024-09-12 08:00:00,ringsted,9.25,63.5,2.675,0.35,1003.63,88.5,5.27778
1726124400,2024-09-12 07:00:00,2024-09-12 09:00:00,ringsted,10.95,153.5,3.575,0.45,1003.99,82.25,14.4444
1726128000,2024-09-12 08:00:00,2024-09-12 10:00:00,ringsted,12.125,283.0,4.175,0.25,1004.43,78.75,21.3889
1726131600,2024-09-12 09:00:00,2024-09-12 11:00:00,ringsted,12.4,274.0,4.525,0.575,1004.88,77.25,14.7222
1726135200,2024-09-12 10:00:00,2024-09-12 12:00:00,ringsted,13.275,442.0,5.0,0.025,1005.33,72.5,27.7778
1726138800,2024-09-12 11:00:00,2024-09-12 13:00:00,ringsted,13.25,498.5,4.8,0.05,1005.85,70.25,33.6111
1726142400,2024-09-12 12:00:00,2024-09-12 14:00:00,ringsted,13.7,396.5,5.325,0.0,1006.38,66.75,33.6111
1726146000,2024-09-12 13:00:00,2024-09-12 15:00:00,ringsted,13.875,304.5,5.025,0.1,1006.76,66.25,38.8889
1726149600,2024-09-12 14:00:00,2024-09-12 16:00:00,ringsted,14.325,414.5,5.2,0.0,1007.06,64.75,39.4444
1726153200,2024-09-12 15:00:00,2024-09-12 17:00:00,ringsted,14.325,306.5,5.225,0.0,1007.59,64.5,35.5556
1726156800,2024-09-12 16:00:00,2024-09-12 18:00:00,ringsted,14.025,223.5,4.6,0.0,1008.38,67.0,37.7778
1726160400,2024-09-12 17:00:00,2024-09-12 19:00:00,ringsted,13.35,51.0,3.45,0.025,1008.8,70.5,42.5
1726164000,2024-09-12 18:00:00,2024-09-12 20:00:00,ringsted,11.95,4.0,2.05,0.4,1009.15,78.25,15.8333
1726167600,2024-09-12 19:00:00,2024-09-12 21:00:00,ringsted,10.4,0.0,1.55,0.0,1009.53,86.5,6.38889
1726171200,2024-09-12 20:00:00,2024-09-12 22:00:00,ringsted,9.275,0.0,0.75,0.0,1010.03,91.0,2.5
1726174800,2024-09-12 21:00:00,2024-09-12 23:00:00,ringsted,8.275,0.0,0.55,0.0,1010.42,94.25,0.0
1726178400,2024-09-12 22:00:00,2024-09-13 00:00:00,ringsted,7.725,0.0,0.6,0.0,1010.77,96.5,0.0
1726182000,2024-09-12 23:00:00,2024-09-13 01:00:00,ringsted,7.175,0.0,0.525,0.0,1011.02,97.0,0.0
1726185600,2024-09-13 00:00:00,2024-09-13 02:00:00,ringsted,7.025,0.0,0.25,0.0,1011.42,97.5,1.5625
1726189200,2024-09-13 01:00:00,2024-09-13 03:00:00,ringsted,6.925,0.0,0.5,0.0,1011.61,97.75,6.66667
1726192800,2024-09-13 02:00:00,2024-09-13 04:00:00,ringsted,7.1,0.0,0.95,0.0,1012.0,97.25,5.55556
1726196400,2024-09-13 03:00:00,2024-09-13 05:00:00,ringsted,7.775,0.0,0.95,0.0,1012.56,97.0,18.3333
1726200000,2024-09-13 04:00:00,2024-09-13 06:00:00,ringsted,7.775,0.0,0.95,0.0,1013.07,97.25,13.3333
1726203600,2024-09-13 05:00:00,2024-09-13 07:00:00,ringsted,7.625,0.5,1.55,0.0,1013.56,96.25,5.55556
1726207200,2024-09-13 06:00:00,2024-09-13 08:00:00,ringsted,8.5,42.0,2.35,0.0,1014.05,93.0,0.0
1726210800,2024-09-13 07:00:00,2024-09-13 09:00:00,ringsted,10.6,167.0,2.525,0.0,1014.72,88.0,0.0
1726214400,2024-09-13 08:00:00,2024-09-13 10:00:00,ringsted,12.6,253.0,3.325,0.0,1015.13,78.75,5.0
1726218000,2024-09-13 09:00:00,2024-09-13 11:00:00,ringsted,13.375,319.0,4.3,0.0,1015.55,71.75,15.8333
1726221600,2024-09-13 10:00:00,2024-09-13 12:00:00,ringsted,14.025,451.5,4.975,0.0,1015.97,64.5,45.2778
1726225200,2024-09-13 11:00:00,2024-09-13 13:00:00,ringsted,14.25,467.0,4.975,0.0,1016.32,60.0,38.6111
1726228800,2024-09-13 12:00:00,2024-09-13 14:00:00,ringsted,14.425,423.0,4.975,0.0,1016.5,59.0,26.1111
1726232400,2024-09-13 13:00:00,2024-09-13 15:00:00,ringsted,14.475,381.5,5.475,0.0,1016.7,58.0,31.6667
1726236000,2024-09-13 14:00:00,2024-09-13 16:00:00,ringsted,14.475,348.0,5.55,0.0,1016.95,57.75,20.2778
1726239600,2024-09-13 15:00:00,2024-09-13 17:00:00,ringsted,14.35,293.5,5.2,0.0,1017.31,58.0,28.8889
1726243200,2024-09-13 16:00:00,2024-09-13 18:00:00,ringsted,14.15,194.5,4.5,0.0,1017.65,60.0,9.72222
1726246800,2024-09-13 17:00:00,2024-09-13 19:00:00,ringsted,13.65,76.0,4.075,0.0,1018.03,61.0,22.2222
1726250400,2024-09-13 18:00:00,2024-09-13 20:00:00,ringsted,12.475,8.0,3.275,0.0,1018.47,66.5,29.4444
1726254000,2024-09-13 19:00:00,2024-09-13 21:00:00,ringsted,11.725,0.0,2.825,0.0,1018.77,70.75,12.2222
1726257600,2024-09-13 20:00:00,2024-09-13 22:00:00,ringsted,11.275,0.0,3.125,0.0,1019.17,72.75,14.1667
1726261200,2024-09-13 21:00:00,2024-09-13 23:00:00,ringsted,10.875,0.0,3.625,0.0,1019.55,73.75,0.555556
1726264800,2024-09-13 22:00:00,2024-09-14 00:00:00,ringsted,10.625,0.0,3.75,0.0,1019.67,74.0,2.22222
1726268400,2024-09-13 23:00:00,2024-09-14 01:00:00,ringsted,10.25,0.0,3.625,0.0,1019.6,74.25,0.0
1726272000,2024-09-14 00:00:00,2024-09-14 02:00:00,ringsted,9.75,0.0,3.025,0.0,1019.67,77.75,0.0
1726275600,2024-09-14 01:00:00,2024-09-14 03:00:00,ringsted,9.5,0.0,3.075,0.0,1019.68,82.25,0.0
1726279200,2024-09-14 02:00:00,2024-09-14 04:00:00,ringsted,9.25,0.0,2.675,0.0,1019.61,84.5,5.0
1726282800,2024-09-14 03:00:00,2024-09-14 05:00:00,ringsted,9.4,0.0,3.05,0.0,1019.8,84.75,8.05556
1726286400,2024-09-14 04:00:00,2024-09-14 06:00:00,ringsted,9.725,0.0,3.275,0.0,1020.28,83.25,7.5
1726290000,2024-09-14 05:00:00,2024-09-14 07:00:00,ringsted,9.675,2.0,3.5,0.0,1020.59,82.0,0.555556
1726293600,2024-09-14 06:00:00,2024-09-14 08:00:00,ringsted,10.275,65.5,3.825,0.0,1020.86,79.75,3.61111
1726297200,2024-09-14 07:00:00,2024-09-14 09:00:00,ringsted,11.7,200.5,4.1,0.0,1021.06,76.25,17.7778
1726300800,2024-09-14 08:00:00,2024-09-14 10:00:00,ringsted,13.025,310.0,5.175,0.0,1021.25,71.0,15.8333
1726304400,2024-09-14 09:00:00,2024-09-14 11:00:00,ringsted,14.15,443.5,6.175,0.0,1021.44,64.75,24.4444
1726308000,2024-09-14 10:00:00,2024-09-14 12:00:00,ringsted,14.925,524.0,6.05,0.0,1021.53,58.75,40.0
1726311600,2024-09-14 11:00:00,2024-09-14 13:00:00,ringsted,15.35,583.0,5.8,0.0,1021.68,57.0,18.3333
1726315200,2024-09-14 12:00:00,2024-09-14 14:00:00,ringsted,15.725,592.0,6.1,0.0,1021.72,56.25,16.6667
1726318800,2024-09-14 13:00:00,2024-09-14 15:00:00,ringsted,15.75,576.0,6.325,0.0,1021.9,55.0,16.9444
1726322400,2024-09-14 14:00:00,2024-09-14 16:00:00,ringsted,15.75,499.5,6.3,0.0,1021.94,54.25,18.3333
1726326000,2024-09-14 15:00:00,2024-09-14 17:00:00,ringsted,15.5,402.0,6.325,0.0,1021.87,52.75,15.0
1726329600,2024-09-14 16:00:00,2024-09-14 18:00:00,ringsted,15.0,239.5,5.725,0.0,1021.9,55.0,9.44444
1726333200,2024-09-14 17:00:00,2024-09-14 19:00:00,ringsted,14.2,100.0,4.6,0.0,1022.03,60.5,12.2222
1726336800,2024-09-14 18:00:00,2024-09-14 20:00:00,ringsted,12.825,9.0,2.9,0.0,1022.26,68.75,6.66667
1726340400,2024-09-14 19:00:00,2024-09-14 21:00:00,ringsted,11.675,0.0,2.6,0.0,1022.31,74.25,2.22222
1726344000,2024-09-14 20:00:00,2024-09-14 22:00:00,ringsted,10.775,0.0,2.3,0.0,1022.41,77.75,2.22222
1726347600,2024-09-14 21:00:00,2024-09-14 23:00:00,ringsted,10.125,0.0,2.075,0.0,1022.4,80.25,0.0
1726351200,2024-09-14 22:00:00,2024-09-15 00:00:00,ringsted,9.3,0.0,1.7,0.0,1022.23,84.0,0.0
1726354800,2024-09-14 23:00:00,2024-09-15 01:00:00,ringsted,8.775,0.0,1.8,0.0,1022.06,86.5,0.0
1726358400,2024-09-15 00:00:00,2024-09-15 02:00:00,ringsted,8.45,0.0,1.7,0.0,1022.01,88.0,0.0
1726362000,2024-09-15 01:00:00,2024-09-15 03:00:00,ringsted,8.0,0.0,1.6,0.0,1021.8,90.5,0.0
1726365600,2024-09-15 02:00:00,2024-09-15 04:00:00,ringsted,7.975,0.0,1.575,0.0,1021.58,90.5,0.0
1726369200,2024-09-15 03:00:00,2024-09-15 05:00:00,ringsted,7.125,0.0,1.0,0.0,1021.43,92.75,2.22222
1726372800,2024-09-15 04:00:00,2024-09-15 06:00:00,ringsted,6.775,0.0,1.1,0.0,1021.48,94.0,15.2941
1726376400,2024-09-15 05:00:00,2024-09-15 07:00:00,ringsted,6.925,1.0,1.25,0.0,1021.54,93.25,25.2778
1726380000,2024-09-15 06:00:00,2024-09-15 08:00:00,ringsted,8.025,48.5,1.7,0.0,1021.71,91.5,13.3333
1726383600,2024-09-15 07:00:00,2024-09-15 09:00:00,ringsted,10.45,196.5,1.5,0.0,1021.6,86.75,3.61111
1726387200,2024-09-15 08:00:00,2024-09-15 10:00:00,ringsted,12.9,336.0,2.85,0.0,1021.55,77.0,4.72222
1726390800,2024-09-15 09:00:00,2024-09-15 11:00:00,ringsted,14.175,443.0,3.575,0.0,1021.48,70.75,21.3889
1726394400,2024-09-15 10:00:00,2024-09-15 12:00:00,ringsted,15.175,522.0,3.4,0.0,1021.13,64.5,3.33333
1726398000,2024-09-15 11:00:00,2024-09-15 13:00:00,ringsted,15.975,580.5,2.975,0.0,1020.89,59.25,4.72222
1726401600,2024-09-15 12:00:00,2024-09-15 14:00:00,ringsted,16.475,560.0,2.3,0.0,1020.5,56.5,0.555556
1726405200,2024-09-15 13:00:00,2024-09-15 15:00:00,ringsted,16.6,484.5,3.025,0.0,1020.25,56.25,2.77778
1726408800,2024-09-15 14:00:00,2024-09-15 16:00:00,ringsted,16.775,411.5,2.775,0.0,1019.95,54.75,1.11111
1726412400,2024-09-15 15:00:00,2024-09-15 17:00:00,ringsted,16.725,312.5,2.925,0.0,1019.65,55.75,0.0
1726416000,2024-09-15 16:00:00,2024-09-15 18:00:00,ringsted,16.3,204.5,3.3,0.0,1019.55,60.25,2.5
1726419600,2024-09-15 17:00:00,2024-09-15 19:00:00,ringsted,14.725,61.0,3.05,0.0,1019.82,68.75,0.0
1726423200,2024-09-15 18:00:00,2024-09-15 20:00:00,ringsted,12.475,6.5,2.125,0.0,1020.17,78.75,0.0
1726426800,2024-09-15 19:00:00,2024-09-15 21:00:00,ringsted,11.025,0.0,1.625,0.0,1020.17,86.0,0.0
1726430400,2024-09-15 20:00:00,2024-09-15 22:00:00,ringsted,9.825,0.0,1.425,0.0,1019.75,91.25,0.0
1726434000,2024-09-15 21:00:00,2024-09-15 23:00:00,ringsted,9.1,0.0,1.45,0.0,1019.48,93.75,0.0
1726437600,2024-09-15 22:00:00,2024-09-16 00:00:00,ringsted,8.075,0.0,1.075,0.0,1019.05,95.0,0.0
1726441200,2024-09-15 23:00:00,2024-09-16 01:00:00,ringsted,7.66667,0.0,1.03333,0.0,1018.86,96.6667,2.05882
1726444800,2024-09-16 00:00:00,2024-09-16 02:00:00,ringsted,6.975,0.0,1.05,0.0,1018.83,97.0,2.05882
1726448400,2024-09-16 01:00:00,2024-09-16 03:00:00,ringsted,6.6,0.0,0.725,0.0,1019.1,97.5,4.16667
1726452000,2024-09-16 02:00:00,2024-09-16 04:00:00,ringsted,6.175,0.0,0.925,0.0,1019.27,98.0,2.5
1726455600,2024-09-16 03:00:00,2024-09-16 05:00:00,ringsted,6.075,0.0,0.975,0.0,1018.98,98.25,24.4118
1726459200,2024-09-16 04:00:00,2024-09-16 06:00:00,ringsted,6.575,0.0,1.55,0.0,1018.73,98.0,58.0556
1726462800,2024-09-16 05:00:00,2024-09-16 07:00:00,ringsted,7.725,0.0,1.45,0.0,1018.74,97.75,69.1667
1726466400,2024-09-16 06:00:00,2024-09-16 08:00:00,ringsted,8.8,24.0,1.7,0.0,1019.09,97.5,42.2222
1726470000,2024-09-16 07:00:00,2024-09-16 09:00:00,ringsted,10.225,85.5,1.45,0.0,1019.39,95.75,37.2222
1726473600,2024-09-16 08:00:00,2024-09-16 10:00:00,ringsted,12.125,229.0,1.75,0.0,1019.66,88.0,67.2222
1726477200,2024-09-16 09:00:00,2024-09-16 11:00:00,ringsted,14.05,492.0,2.3,0.0,1019.78,79.25,30.2778
1726480800,2024-09-16 10:00:00,2024-09-16 12:00:00,ringsted,15.65,410.0,2.65,0.0,1019.81,63.75,41.9444
1726484400,2024-09-16 11:00:00,2024-09-16 13:00:00,ringsted,16.65,529.0,3.125,0.0,1019.96,59.25,29.7222
1726488000,2024-09-16 12:00:00,2024-09-16 14:00:00,ringsted,17.55,405.5,3.35,0.0,1020.3,55.25,54.1667
1726491600,2024-09-16 13:00:00,2024-09-16 15:00:00,ringsted,17.775,290.0,3.35,0.0,1020.46,52.75,64.7222
1726495200,2024-09-16 14:00:00,2024-09-16 16:00:00,ringsted,17.625,302.5,3.025,0.0,1020.53,51.25,65.2778
1726498800,2024-09-16 15:00:00,2024-09-16 17:00:00,ringsted,17.575,261.0,3.625,0.0,1020.73,49.75,29.7222
1726502400,2024-09-16 16:00:00,2024-09-16 18:00:00,ringsted,16.775,151.5,3.525,0.0,1021.25,52.0,46.3889
1726506000,2024-09-16 17:00:00,2024-09-16 19:00:00,ringsted,15.625,59.0,2.8,0.0,1021.86,56.25,54.7222
1726509600,2024-09-16 18:00:00,2024-09-16 20:00:00,ringsted,13.7,7.0,2.25,0.0,1022.55,66.0,30.0
1726513200,2024-09-16 19:00:00,2024-09-16 21:00:00,ringsted,12.6,0.0,2.025,0.0,1022.92,72.75,29.1667
1726516800,2024-09-16 20:00:00,2024-09-16 22:00:00,ringsted,11.45,0.0,1.8,0.0,1023.26,79.0,5.27778
1726520400,2024-09-16 21:00:00,2024-09-16 23:00:00,ringsted,11.125,0.0,1.55,0.0,1023.62,82.75,39.7222
1726524000,2024-09-16 22:00:00,2024-09-17 00:00:00,ringsted,11.2,0.0,1.75,0.0,1023.8,85.5,53.3333
1726527600,2024-09-16 23:00:00,2024-09-17 01:00:00,ringsted,11.55,0.0,2.0,0.0,1023.7,87.25,7.5
1726531200,2024-09-17 00:00:00,2024-09-17 02:00:00,ringsted,10.775,0.0,1.65,0.0,1023.81,90.75,2.22222
1726534800,2024-09-17 01:00:00,2024-09-17 03:00:00,ringsted,11.05,0.0,2.1,0.0,1023.87,91.5,0.555556
1726538400,2024-09-17 02:00:00,2024-09-17 04:00:00,ringsted,10.75,0.0,1.825,0.0,1024.2,92.25,0.0
1726542000,2024-09-17 03:00:00,2024-09-17 05:00:00,ringsted,10.475,0.0,1.625,0.0,1024.42,93.5,0.0
1726545600,2024-09-17 04:00:00,2024-09-17 06:00:00,ringsted,10.05,0.0,1.125,0.0,1024.87,94.5,0.0
1726549200,2024-09-17 05:00:00,2024-09-17 07:00:00,ringsted,9.975,1.5,1.6,0.0,1025.61,95.25,0.0
1726552800,2024-09-17 06:00:00,2024-09-17 08:00:00,ringsted,10.725,54.0,1.65,0.0,1025.92,95.75,0.0
1726556400,2024-09-17 07:00:00,2024-09-17 09:00:00,ringsted,12.75,160.5,1.1,0.0,1026.35,91.25,0.0
1726560000,2024-09-17 08:00:00,2024-09-17 10:00:00,ringsted,14.9,289.5,1.825,0.0,1026.68,85.5,13.0556
1726563600,2024-09-17 09:00:00,2024-09-17 11:00:00,ringsted,16.1,351.5,2.35,0.0,1026.72,81.25,53.8889
1726567200,2024-09-17 10:00:00,2024-09-17 12:00:00,ringsted,17.05,442.5,2.7,0.0,1026.68,75.75,33.6111
1726570800,2024-09-17 11:00:00,2024-09-17 13:00:00,ringsted,17.825,521.5,2.375,0.0,1026.6,71.5,22.7778
1726574400,2024-09-17 12:00:00,2024-09-17 14:00:00,ringsted,18.55,544.0,1.9,0.0,1026.62,68.25,22.0588
1726578000,2024-09-17 13:00:00,2024-09-17 15:00:00,ringsted,18.825,507.5,1.95,0.0,1026.55,67.75,26.9444
1726581600,2024-09-17 14:00:00,2024-09-17 16:00:00,ringsted,18.775,409.5,2.225,0.0,1026.46,67.5,32.7778
1726585200,2024-09-17 15:00:00,2024-09-17 17:00:00,ringsted,18.275,251.5,1.9,0.0,1026.56,69.25,25.5556
1726588800,2024-09-17 16:00:00,2024-09-17 18:00:00,ringsted,17.375,136.0,2.425,0.0,1026.69,74.75,11.1111
1726592400,2024-09-17 17:00:00,2024-09-17 19:00:00,ringsted,16.1,42.0,1.425,0.0,1027.08,82.25,31.9444
1726596000,2024-09-17 18:00:00,2024-09-17 20:00:00,ringsted,14.7,2.5,1.175,0.0,1027.53,88.0,17.5
1726599600,2024-09-17 19:00:00,2024-09-17 21:00:00,ringsted,14.025,0.0,1.35,0.0,1027.8,91.0,41.1111
1726603200,2024-09-17 20:00:00,2024-09-17 22:00:00,ringsted,13.65,0.0,1.625,0.0,1028.08,93.0,56.9444
1726606800,2024-09-17 21:00:00,2024-09-17 23:00:00,ringsted,13.375,0.0,1.5,0.0,1028.1,94.0,66.3889
1726610400,2024-09-17 22:00:00,2024-09-18 00:00:00,ringsted,13.175,0.0,1.25,0.0,1027.98,95.25,63.2353
1726614000,2024-09-17 23:00:00,2024-09-18 01:00:00,ringsted,12.7,0.0,0.825,0.0,1027.94,96.0,28.8235
1726617600,2024-09-18 00:00:00,2024-09-18 02:00:00,ringsted,11.875,0.0,0.575,0.0,1027.97,97.25,32.6471
1726621200,2024-09-18 01:00:00,2024-09-18 03:00:00,ringsted,11.325,0.0,0.5,0.0,1027.9,98.0,50.0
1726624800,2024-09-18 02:00:00,2024-09-18 04:00:00,ringsted,11.675,0.0,0.625,0.0,1028.09,98.0,63.6667
1726628400,2024-09-18 03:00:00,2024-09-18 05:00:00,ringsted,12.525,0.0,0.9,0.0,1028.01,98.25,77.2222
1726632000,2024-09-18 04:00:00,2024-09-18 06:00:00,ringsted,13.175,0.0,1.375,0.0,1027.88,98.25,65.0
1726635600,2024-09-18 05:00:00,2024-09-18 07:00:00,ringsted,13.475,0.0,0.925,0.0,1028.32,98.25,68.8889
1726639200,2024-09-18 06:00:00,2024-09-18 08:00:00,ringsted,13.85,17.5,1.075,0.0,1028.68,98.25,93.3333
1726642800,2024-09-18 07:00:00,2024-09-18 09:00:00,ringsted,14.575,72.5,1.95,0.0,1028.83,96.25,95.5556
1726646400,2024-09-18 08:00:00,2024-09-18 10:00:00,ringsted,14.975,105.0,2.575,0.0,1029.12,93.5,93.3333
1726650000,2024-09-18 09:00:00,2024-09-18 11:00:00,ringsted,15.5,155.5,2.125,0.0,1029.22,90.0,81.1111
1726653600,2024-09-18 10:00:00,2024-09-18 12:00:00,ringsted,16.15,246.5,2.1,0.0,1029.2,86.0,50.0
1726657200,2024-09-18 11:00:00,2024-09-18 13:00:00,ringsted,16.3,331.5,2.8,0.0,1029.17,84.25,37.5
1726660800,2024-09-18 12:00:00,2024-09-18 14:00:00,ringsted,16.8,428.5,2.575,0.0,1029.04,82.25,27.2222
1726664400,2024-09-18 13:00:00,2024-09-18 15:00:00,ringsted,17.35,501.0,2.525,0.0,1028.97,79.75,29.1111
1726668000,2024-09-18 14:00:00,2024-09-18 16:00:00,ringsted,17.9667,404.5,2.13333,0.0,1028.54,76.6667,13.4444
1726671600,2024-09-18 15:00:00,2024-09-18 17:00:00,ringsted,17.35,309.0,2.2,0.0,1028.37,79.25,0.0
1726675200,2024-09-18 16:00:00,2024-09-18 18:00:00,ringsted,16.8,163.0,1.9,0.0,1028.45,81.75,29.1667
1726678800,2024-09-18 17:00:00,2024-09-18 19:00:00,ringsted,16.025,55.0,1.45,0.0,1028.61,86.0,40.0
1726682400,2024-09-18 18:00:00,2024-09-18 20:00:00,ringsted,14.95,4.5,0.925,0.0,1028.76,90.75,37.5
1726686000,2024-09-18 19:00:00,2024-09-18 21:00:00,ringsted,13.65,0.0,1.075,0.0,1028.53,94.5,31.3889
1726689600,2024-09-18 20:00:00,2024-09-18 22:00:00,ringsted,12.875,0.0,1.1,0.0,1028.42,95.75,2.77778
1726693200,2024-09-18 21:00:00,2024-09-18 23:00:00,ringsted,12.1,0.0,0.95,0.0,1028.4,97.0,0.0
1726696800,2024-09-18 22:00:00,2024-09-19 00:00:00,ringsted,12.175,0.0,1.075,0.0,1028.33,96.0,0.0
1726700400,2024-09-18 23:00:00,2024-09-19 01:00:00,ringsted,12.175,0.0,1.15,0.0,1028.17,96.0,0.0
1726704000,2024-09-19 00:00:00,2024-09-19 02:00:00,ringsted,12.075,0.0,1.35,0.0,1027.95,95.75,0.555556
1726707600,2024-09-19 01:00:00,2024-09-19 03:00:00,ringsted,11.725,0.0,1.525,0.0,1027.75,95.75,3.88889
1726711200,2024-09-19 02:00:00,2024-09-19 04:00:00,ringsted,12.325,0.0,1.675,0.0,1027.43,97.0,11.1111
1726714800,2024-09-19 03:00:00,2024-09-19 05:00:00,ringsted,12.375,0.0,1.625,0.0,1027.23,97.0,0.555556
1726718400,2024-09-19 04:00:00,2024-09-19 06:00:00,ringsted,12.2,0.0,1.775,0.0,1027.14,96.75,0.0
1726722000,2024-09-19 05:00:00,2024-09-19 07:00:00,ringsted,12.575,0.5,2.075,0.0,1027.25,95.25,0.0
1726725600,2024-09-19 06:00:00,2024-09-19 08:00:00,ringsted,12.85,41.0,1.825,0.0,1027.36,94.75,0.555556
1726729200,2024-09-19 07:00:00,2024-09-19 09:00:00,ringsted,14.125,151.5,2.325,0.0,1027.53,91.75,10.5556
1726732800,2024-09-19 08:00:00,2024-09-19 10:00:00,ringsted,15.275,240.5,3.3,0.0,1027.63,87.75,34.4444
1726736400,2024-09-19 09:00:00,2024-09-19 11:00:00,ringsted,16.15,294.5,3.875,0.0,1027.62,84.25,33.3333
1726740000,2024-09-19 10:00:00,2024-09-19 12:00:00,ringsted,16.75,367.5,3.85,0.0,1027.53,79.0,33.3333
1726743600,2024-09-19 11:00:00,2024-09-19 13:00:00,ringsted,17.25,472.5,4.325,0.0,1027.28,78.75,39.1667
1726747200,2024-09-19 12:00:00,2024-09-19 14:00:00,ringsted,17.575,445.5,4.375,0.0,1027.05,79.0,32.2222
1726750800,2024-09-19 13:00:00,2024-09-19 15:00:00,ringsted,18.2,461.5,4.0,0.0,1026.78,77.0,34.4444
1726754400,2024-09-19 14:00:00,2024-09-19 16:00:00,ringsted,18.7,409.5,3.825,0.0,1026.49,76.25,18.8889
1726758000,2024-09-19 15:00:00,2024-09-19 17:00:00,ringsted,18.85,303.0,3.875,0.0,1026.24,76.25,1.66667
1726761600,2024-09-19 16:00:00,2024-09-19 18:00:00,ringsted,18.45,195.5,3.75,0.0,1025.98,78.25,0.0
1726765200,2024-09-19 17:00:00,2024-09-19 19:00:00,ringsted,17.6,65.5,2.825,0.0,1025.91,82.75,0.0
1726768800,2024-09-19 18:00:00,2024-09-19 20:00:00,ringsted,16.225,2.5,2.3,0.0,1026.09,88.25,20.5556
1726772400,2024-09-19 19:00:00,2024-09-19 21:00:00,ringsted,15.7,0.0,2.775,0.0,1026.2,91.75,33.3333
1726776000,2024-09-19 20:00:00,2024-09-19 22:00:00,ringsted,15.325,0.0,2.85,0.0,1026.34,93.5,64.7222
1726779600,2024-09-19 21:00:00,2024-09-19 23:00:00,ringsted,15.425,0.0,4.25,0.0,1026.4,93.0,94.4444
1726783200,2024-09-19 22:00:00,2024-09-20 00:00:00,ringsted,15.375,0.0,3.325,0.0,1026.43,92.75,95.5556
1726786800,2024-09-19 23:00:00,2024-09-20 01:00:00,ringsted,15.125,0.0,2.825,0.0,1026.35,93.25,95.0
1726790400,2024-09-20 00:00:00,2024-09-20 02:00:00,ringsted,15.025,0.0,2.625,0.0,1026.18,93.25,80.0
1726794000,2024-09-20 01:00:00,2024-09-20 03:00:00,ringsted,14.9,0.0,3.025,0.0,1026.07,93.75,90.0
1726797600,2024-09-20 02:00:00,2024-09-20 04:00:00,ringsted,14.725,0.0,3.075,0.0,1026.03,93.5,90.0
1726801200,2024-09-20 03:00:00,2024-09-20 05:00:00,ringsted,14.425,0.0,2.875,0.0,1026.03,94.5,77.2222
1726804800,2024-09-20 04:00:00,2024-09-20 06:00:00,ringsted,14.275,0.0,2.55,0.0,1026.01,95.5,66.3889
1726808400,2024-09-20 05:00:00,2024-09-20 07:00:00,ringsted,14.1,0.0,2.475,0.0,1026.09,95.5,65.8333
1726812000,2024-09-20 06:00:00,2024-09-20 08:00:00,ringsted,14.6,14.0,2.875,0.0,1026.26,95.25,59.1667
1726815600,2024-09-20 07:00:00,2024-09-20 09:00:00,ringsted,15.175,49.0,3.35,0.0,1026.59,94.0,84.4444
1726819200,2024-09-20 08:00:00,2024-09-20 10:00:00,ringsted,16.025,106.5,3.75,0.0,1026.86,91.75,83.8889
1726822800,2024-09-20 09:00:00,2024-09-20 11:00:00,ringsted,16.95,217.0,4.1,0.0,1026.85,87.75,50.5556
1726826400,2024-09-20 10:00:00,2024-09-20 12:00:00,ringsted,17.925,331.0,4.075,0.0,1026.78,82.5,5.55556
1726830000,2024-09-20 11:00:00,2024-09-20 13:00:00,ringsted,18.675,435.5,4.1,0.0,1026.57,78.75,0.0
1726833600,2024-09-20 12:00:00,2024-09-20 14:00:00,ringsted,19.6,566.5,4.2,0.0,1026.24,74.25,0.0
1726837200,2024-09-20 13:00:00,2024-09-20 15:00:00,ringsted,19.975,518.5,3.8,0.0,1025.72,71.25,0.0
1726840800,2024-09-20 14:00:00,2024-09-20 16:00:00,ringsted,20.25,446.5,3.95,0.0,1025.08,68.75,0.0
1726844400,2024-09-20 15:00:00,2024-09-20 17:00:00,ringsted,20.05,338.0,4.025,0.0,1024.72,68.0,0.0
1726848000,2024-09-20 16:00:00,2024-09-20 18:00:00,ringsted,19.35,206.5,4.075,0.0,1024.6,71.0,0.0
1726851600,2024-09-20 17:00:00,2024-09-20 19:00:00,ringsted,17.9,70.0,3.4,0.0,1024.7,78.25,0.0
1726855200,2024-09-20 18:00:00,2024-09-20 20:00:00,ringsted,15.9,2.0,2.65,0.0,1024.81,88.75,0.0
1726858800,2024-09-20 19:00:00,2024-09-20 21:00:00,ringsted,14.65,0.0,2.2,0.0,1024.72,94.25,5.0
1726862400,2024-09-20 20:00:00,2024-09-20 22:00:00,ringsted,14.2,0.0,2.76667,0.0,1024.77,95.6667,7.94118
1726866000,2024-09-20 21:00:00,2024-09-20 23:00:00,ringsted,13.475,0.0,2.2,0.0,1024.75,97.25,0.0
1726869600,2024-09-20 22:00:00,2024-09-21 00:00:00,ringsted,13.65,0.0,2.1,0.0,1024.55,96.75,0.0
1726873200,2024-09-20 23:00:00,2024-09-21 01:00:00,ringsted,12.925,0.0,1.775,0.0,1024.41,97.25,0.0
1726876800,2024-09-21 00:00:00,2024-09-21 02:00:00,ringsted,12.25,0.0,1.725,0.0,1024.1,97.5,0.0
1726880400,2024-09-21 01:00:00,2024-09-21 03:00:00,ringsted,12.35,0.0,1.9,0.0,1024.0,95.75,1.66667
1726884000,2024-09-21 02:00:00,2024-09-21 04:00:00,ringsted,12.05,0.0,1.9,0.025,1023.82,96.25,1.11111
1726887600,2024-09-21 03:00:00,2024-09-21 05:00:00,ringsted,11.925,0.0,1.675,0.025,1023.53,97.25,45.8889
1726891200,2024-09-21 04:00:00,2024-09-21 06:00:00,ringsted,11.875,0.0,1.8,0.025,1023.13,97.0,52.6111
1726894800,2024-09-21 05:00:00,2024-09-21 07:00:00,ringsted,11.875,0.0,2.125,0.025,1022.96,96.75,55.1111
1726898400,2024-09-21 06:00:00,2024-09-21 08:00:00,ringsted,12.575,17.5,2.2,0.025,1022.91,97.25,43.7222
1726902000,2024-09-21 07:00:00,2024-09-21 09:00:00,ringsted,14.05,61.0,2.925,0.025,1022.98,97.0,65.8333
1726905600,2024-09-21 08:00:00,2024-09-21 10:00:00,ringsted,14.75,141.5,3.0,0.0,1023.02,97.0,52.2222
1726909200,2024-09-21 09:00:00,2024-09-21 11:00:00,ringsted,15.6,371.0,3.15,0.05,1022.89,94.25,30.2778
1726912800,2024-09-21 10:00:00,2024-09-21 12:00:00,ringsted,17.25,500.5,2.825,0.0,1022.51,85.0,19.1667
1726916400,2024-09-21 11:00:00,2024-09-21 13:00:00,ringsted,18.625,544.0,3.0,0.0,1022.02,75.5,0.555556
1726920000,2024-09-21 12:00:00,2024-09-21 14:00:00,ringsted,19.2,559.0,3.225,0.0,1021.43,69.5,0.0
1726923600,2024-09-21 13:00:00,2024-09-21 15:00:00,ringsted,19.325,522.5,3.125,0.0,1021.03,68.75,0.0
1726927200,2024-09-21 14:00:00,2024-09-21 16:00:00,ringsted,19.525,453.5,3.0,0.0,1020.48,64.75,1.66667
1726930800,2024-09-21 15:00:00,2024-09-21 17:00:00,ringsted,19.25,313.5,3.1,0.0,1020.08,67.0,0.0
1726934400,2024-09-21 16:00:00,2024-09-21 18:00:00,ringsted,18.55,205.0,2.675,0.0,1019.85,71.75,3.05556
1726938000,2024-09-21 17:00:00,2024-09-21 19:00:00,ringsted,17.325,59.0,2.15,0.0,1019.67,79.25,27.7778
1726941600,2024-09-21 18:00:00,2024-09-21 20:00:00,ringsted,15.725,2.0,2.0,0.0,1019.77,88.0,29.1667
1726945200,2024-09-21 19:00:00,2024-09-21 21:00:00,ringsted,14.95,0.0,1.975,0.0,1019.73,91.75,28.0556
1726948800,2024-09-21 20:00:00,2024-09-21 22:00:00,ringsted,14.525,0.0,2.125,0.0,1019.7,93.75,26.1111
1726952400,2024-09-21 21:00:00,2024-09-21 23:00:00,ringsted,14.075,0.0,1.6,0.0,1019.75,95.25,31.1111
1726956000,2024-09-21 22:00:00,2024-09-22 00:00:00,ringsted,13.75,0.0,1.75,0.0,1019.42,96.5,10.5556
1726959600,2024-09-21 23:00:00,2024-09-22 01:00:00,ringsted,14.1,0.0,2.325,0.0,1019.05,97.5,2.77778
1726963200,2024-09-22 00:00:00,2024-09-22 02:00:00,ringsted,13.9,0.0,2.275,0.0,1018.75,98.25,14.1667
1726966800,2024-09-22 01:00:00,2024-09-22 03:00:00,ringsted,13.775,0.0,2.025,0.025,1018.38,98.25,19.1667
1726970400,2024-09-22 02:00:00,2024-09-22 04:00:00,ringsted,13.725,0.0,2.425,0.025,1017.79,98.25,38.3333
1726974000,2024-09-22 03:00:00,2024-09-22 05:00:00,ringsted,13.7,0.0,2.525,0.025,1017.28,98.25,31.7647
1726977600,2024-09-22 04:00:00,2024-09-22 06:00:00,ringsted,13.7,0.0,2.225,0.0,1016.88,97.75,39.1667
1726981200,2024-09-22 05:00:00,2024-09-22 07:00:00,ringsted,13.3,0.0,2.05,0.0,1016.65,98.25,38.8889
1726984800,2024-09-22 06:00:00,2024-09-22 08:00:00,ringsted,14.025,19.0,2.375,0.0,1016.51,97.5,46.5
1726988400,2024-09-22 07:00:00,2024-09-22 09:00:00,ringsted,14.825,98.0,2.55,0.025,1016.45,96.75,34.4444
1726992000,2024-09-22 08:00:00,2024-09-22 10:00:00,ringsted,15.9,227.0,2.9,0.025,1016.17,94.25,32.7778
1726995600,2024-09-22 09:00:00,2024-09-22 11:00:00,ringsted,17.2,372.5,3.525,0.0,1015.84,87.75,29.7222
1726999200,2024-09-22 10:00:00,2024-09-22 12:00:00,ringsted,18.675,453.5,3.3,0.025,1015.35,78.5,15.5556
1727002800,2024-09-22 11:00:00,2024-09-22 13:00:00,ringsted,19.675,501.5,3.45,0.0,1014.74,70.5,1.94444
1727006400,2024-09-22 12:00:00,2024-09-22 14:00:00,ringsted,20.3,531.5,3.8,0.0,1014.02,60.0,0.0
1727010000,2024-09-22 13:00:00,2024-09-22 15:00:00,ringsted,20.425,495.0,3.65,0.0,1013.32,55.5,0.0
1727013600,2024-09-22 14:00:00,2024-09-22 16:00:00,ringsted,20.225,417.0,3.775,0.0,1012.72,54.5,0.0
1727017200,2024-09-22 15:00:00,2024-09-22 17:00:00,ringsted,19.825,306.5,3.475,0.0,1012.26,56.5,0.0
1727020800,2024-09-22 16:00:00,2024-09-22 18:00:00,ringsted,18.925,179.0,3.025,0.0,1011.99,60.25,0.0
1727024400,2024-09-22 17:00:00,2024-09-22 19:00:00,ringsted,17.2,53.5,2.2,0.0,1011.8,72.0,0.0
1727028000,2024-09-22 18:00:00,2024-09-22 20:00:00,ringsted,15.3,1.0,1.9,0.0,1011.58,82.0,0.0
1727031600,2024-09-22 19:00:00,2024-09-22 21:00:00,ringsted,14.35,0.0,2.0,0.0,1011.23,88.25,0.0
1727035200,2024-09-22 20:00:00,2024-09-22 22:00:00,ringsted,13.9,0.0,1.775,0.0,1010.9,92.25,0.0
1727038800,2024-09-22 21:00:00,2024-09-22 23:00:00,ringsted,13.525,0.0,2.15,0.0,1010.47,95.25,0.555556
1727042400,2024-09-22 22:00:00,2024-09-23 00:00:00,ringsted,13.275,0.0,2.125,0.0,1009.98,96.5,1.66667
1727046000,2024-09-22 23:00:00,2024-09-23 01:00:00,ringsted,13.55,0.0,2.2,0.0,1009.51,97.75,0.555556
1727049600,2024-09-23 00:00:00,2024-09-23 02:00:00,ringsted,13.875,0.0,1.875,0.0,1008.8,98.25,0.0
1727053200,2024-09-23 01:00:00,2024-09-23 03:00:00,ringsted,14.075,0.0,2.1,0.0,1008.11,98.75,12.4444
1727056800,2024-09-23 02:00:00,2024-09-23 04:00:00,ringsted,13.95,0.0,1.9,0.0,1007.58,98.75,37.3333
1727060400,2024-09-23 03:00:00,2024-09-23 05:00:00,ringsted,14.25,0.0,2.175,0.0,1007.17,98.5,54.0
1727064000,2024-09-23 04:00:00,2024-09-23 06:00:00,ringsted,14.525,0.0,2.45,0.0,1006.83,98.5,72.8889
1727067600,2024-09-23 05:00:00,2024-09-23 07:00:00,ringsted,14.525,0.0,2.05,0.025,1006.65,98.25,72.8889
1727071200,2024-09-23 06:00:00,2024-09-23 08:00:00,ringsted,14.45,13.5,2.075,0.0,1006.49,97.75,90.1111
1727074800,2024-09-23 07:00:00,2024-09-23 09:00:00,ringsted,14.625,54.0,2.2,0.0,1006.55,97.5,86.0556
1727078400,2024-09-23 08:00:00,2024-09-23 10:00:00,ringsted,15.025,148.0,2.225,0.025,1006.31,96.75,36.6667
1727082000,2024-09-23 09:00:00,2024-09-23 11:00:00,ringsted,16.05,314.5,2.2,0.0,1005.99,92.5,18.6111
1727085600,2024-09-23 10:00:00,2024-09-23 12:00:00,ringsted,17.95,431.5,2.175,0.0,1005.61,81.25,0.0
1727089200,2024-09-23 11:00:00,2024-09-23 13:00:00,ringsted,19.425,524.5,2.275,0.0,1005.22,72.0,0.0
1727092800,2024-09-23 12:00:00,2024-09-23 14:00:00,ringsted,20.575,524.0,2.525,0.0,1004.81,64.5,0.0
1727096400,2024-09-23 13:00:00,2024-09-23 15:00:00,ringsted,21.175,489.0,3.125,0.0,1004.46,56.25,1.11111
1727100000,2024-09-23 14:00:00,2024-09-23 16:00:00,ringsted,21.075,390.0,3.475,0.0,1004.21,55.75,2.22222
1727103600,2024-09-23 15:00:00,2024-09-23 17:00:00,ringsted,20.5,264.0,3.55,0.0,1003.83,61.75,10.8333
1727107200,2024-09-23 16:00:00,2024-09-23 18:00:00,ringsted,19.575,147.0,2.65,0.0,1003.49,67.5,11.3889
1727110800,2024-09-23 17:00:00,2024-09-23 19:00:00,ringsted,17.675,33.5,2.325,0.0,1003.33,76.0,21.3889
1727114400,2024-09-23 18:00:00,2024-09-23 20:00:00,ringsted,16.05,0.5,2.35,0.0,1003.27,83.25,48.6111
1727118000,2024-09-23 19:00:00,2024-09-23 21:00:00,ringsted,15.45,0.0,2.475,0.0,1003.14,88.5,58.0556
1727121600,2024-09-23 20:00:00,2024-09-23 22:00:00,ringsted,15.35,0.0,2.175,0.0,1002.86,91.0,54.4444
1727125200,2024-09-23 21:00:00,2024-09-23 23:00:00,ringsted,15.0,0.0,1.825,0.0,1002.67,91.25,44.7222
1727128800,2024-09-23 22:00:00,2024-09-24 00:00:00,ringsted,14.95,0.0,1.6,0.0,1002.17,93.0,55.5556
1727132400,2024-09-23 23:00:00,2024-09-24 01:00:00,ringsted,14.775,0.0,1.7,0.0,1001.84,94.25,83.0556
1727136000,2024-09-24 00:00:00,2024-09-24 02:00:00,ringsted,15.125,0.0,1.8,0.0,1001.39,94.75,76.3889
1727139600,2024-09-24 01:00:00,2024-09-24 03:00:00,ringsted,15.275,0.0,1.6,0.0,1000.93,95.0,66.6667
1727143200,2024-09-24 02:00:00,2024-09-24 04:00:00,ringsted,15.05,0.0,1.825,0.0,1000.45,95.5,42.2222
1727146800,2024-09-24 03:00:00,2024-09-24 05:00:00,ringsted,14.85,0.0,1.15,0.075,999.908,96.0,53.3333
1727150400,2024-09-24 04:00:00,2024-09-24 06:00:00,ringsted,14.7333,0.0,0.366667,0.0333333,999.543,97.3333,46.4706
1727154000,2024-09-24 05:00:00,2024-09-24 07:00:00,ringsted,14.5,0.0,0.5,0.3,999.283,97.75,55.8333
1727157600,2024-09-24 06:00:00,2024-09-24 08:00:00,ringsted,14.75,7.5,1.1,1.1,999.083,98.0,62.2222
1727161200,2024-09-24 07:00:00,2024-09-24 09:00:00,ringsted,15.175,27.0,1.1,0.675,999.088,98.0,67.7778
1727164800,2024-09-24 08:00:00,2024-09-24 10:00:00,ringsted,15.55,41.5,1.675,1.1,998.942,98.0,66.1111
1727168400,2024-09-24 09:00:00,2024-09-24 11:00:00,ringsted,16.1,106.5,1.9,0.05,998.654,96.75,53.3333
1727172000,2024-09-24 10:00:00,2024-09-24 12:00:00,ringsted,16.8,186.0,1.95,0.05,998.221,93.5,39.4444
1727175600,2024-09-24 11:00:00,2024-09-24 13:00:00,ringsted,17.3,211.5,2.225,0.0,997.821,90.0,45.0
1727179200,2024-09-24 12:00:00,2024-09-24 14:00:00,ringsted,17.425,141.5,2.175,0.125,997.312,89.75,70.2778
1727182800,2024-09-24 13:00:00,2024-09-24 15:00:00,ringsted,16.95,57.0,2.25,1.65,996.933,92.0,75.5556
1727186400,2024-09-24 14:00:00,2024-09-24 16:00:00,ringsted,16.125,62.5,2.55,4.875,996.55,94.5,72.5
1727190000,2024-09-24 15:00:00,2024-09-24 17:00:00,ringsted,15.525,46.0,2.975,2.2,996.104,93.5,68.0556
1727193600,2024-09-24 16:00:00,2024-09-24 18:00:00,ringsted,15.125,28.5,2.7,0.875,995.675,93.75,59.1667
1727197200,2024-09-24 17:00:00,2024-09-24 19:00:00,ringsted,14.975,7.0,2.025,0.65,995.242,96.0,45.5556
1727200800,2024-09-24 18:00:00,2024-09-24 20:00:00,ringsted,14.825,0.0,2.0,0.5,994.838,96.0,72.7778
1727204400,2024-09-24 19:00:00,2024-09-24 21:00:00,ringsted,14.825,0.0,2.45,0.2,994.546,96.25,70.0
1727208000,2024-09-24 20:00:00,2024-09-24 22:00:00,ringsted,14.925,0.0,3.15,0.1,994.183,96.75,65.0
1727211600,2024-09-24 21:00:00,2024-09-24 23:00:00,ringsted,14.975,0.0,4.35,0.95,993.821,95.0,51.1111
1727215200,2024-09-24 22:00:00,2024-09-25 00:00:00,ringsted,14.875,0.0,5.075,2.4,993.496,94.75,49.1667
1727218800,2024-09-24 23:00:00,2024-09-25 01:00:00,ringsted,14.825,0.0,4.6,1.225,993.154,94.25,45.0
1727222400,2024-09-25 00:00:00,2024-09-25 02:00:00,ringsted,14.8,0.0,4.775,0.0,992.846,92.5,60.8333
1727226000,2024-09-25 01:00:00,2024-09-25 03:00:00,ringsted,14.7,0.0,5.15,0.075,992.679,91.5,45.0
1727229600,2024-09-25 02:00:00,2024-09-25 04:00:00,ringsted,14.55,0.0,5.475,0.725,992.792,91.75,46.9444
1727233200,2024-09-25 03:00:00,2024-09-25 05:00:00,ringsted,14.525,0.0,5.55,0.0,993.15,89.5,30.0
1727236800,2024-09-25 04:00:00,2024-09-25 06:00:00,ringsted,14.025,0.0,5.4,0.0,993.471,85.0,21.3889
1727240400,2024-09-25 05:00:00,2024-09-25 07:00:00,ringsted,13.7,0.0,5.175,0.0,993.838,83.0,33.6111
1727244000,2024-09-25 06:00:00,2024-09-25 08:00:00,ringsted,13.55,23.0,5.05,0.0,994.433,84.25,35.2778
1727247600,2024-09-25 07:00:00,2024-09-25 09:00:00,ringsted,13.95,67.0,5.75,0.2,994.908,84.75,67.7778
1727251200,2024-09-25 08:00:00,2024-09-25 10:00:00,ringsted,13.875,68.0,5.675,0.825,995.375,87.25,59.4444
1727254800,2024-09-25 09:00:00,2024-09-25 11:00:00,ringsted,13.65,92.5,6.25,0.825,995.825,87.5,47.2222
1727258400,2024-09-25 10:00:00,2024-09-25 12:00:00,ringsted,13.975,204.0,6.3,0.125,996.129,85.75,40.0
1727262000,2024-09-25 11:00:00,2024-09-25 13:00:00,ringsted,14.475,286.0,6.6,0.0,996.525,82.0,51.6667
1727265600,2024-09-25 12:00:00,2024-09-25 14:00:00,ringsted,14.8,223.0,7.025,0.3,996.925,80.5,57.2222
1727269200,2024-09-25 13:00:00,2024-09-25 15:00:00,ringsted,14.25,124.0,6.275,0.6,997.133,81.0,56.6667
1727272800,2024-09-25 14:00:00,2024-09-25 16:00:00,ringsted,14.225,99.5,5.425,0.075,996.917,81.75,40.0
1727276400,2024-09-25 15:00:00,2024-09-25 17:00:00,ringsted,14.3,44.0,4.6,0.275,996.529,83.75,57.2222
1727280000,2024-09-25 16:00:00,2024-09-25 18:00:00,ringsted,13.95,72.5,4.525,0.95,996.696,89.25,57.2222
1727283600,2024-09-25 17:00:00,2024-09-25 19:00:00,ringsted,13.775,21.0,4.0,0.225,996.967,88.75,73.6111
1727287200,2024-09-25 18:00:00,2024-09-25 20:00:00,ringsted,13.125,0.5,2.95,0.275,997.071,89.25,56.6667
1727290800,2024-09-25 19:00:00,2024-09-25 21:00:00,ringsted,13.075,0.0,3.05,0.025,997.229,90.0,53.3333
1727294400,2024-09-25 20:00:00,2024-09-25 22:00:00,ringsted,12.825,0.0,2.775,0.0,997.112,90.0,28.3333
1727298000,2024-09-25 21:00:00,2024-09-25 23:00:00,ringsted,12.0,0.0,2.475,0.0,996.987,93.0,27.5
1727301600,2024-09-25 22:00:00,2024-09-26 00:00:00,ringsted,11.625,0.0,2.4,0.0,996.721,94.0,45.8333
1727305200,2024-09-25 23:00:00,2024-09-26 01:00:00,ringsted,11.2,0.0,1.925,0.0,996.271,95.25,36.1111
1727308800,2024-09-26 00:00:00,2024-09-26 02:00:00,ringsted,11.05,0.0,1.85,0.0,995.825,96.0,9.72222
1727312400,2024-09-26 01:00:00,2024-09-26 03:00:00,ringsted,10.5,0.0,1.7,0.0,995.175,96.75,0.555556
1727316000,2024-09-26 02:00:00,2024-09-26 04:00:00,ringsted,9.65,0.0,1.5,0.0,994.154,98.0,0.0
1727319600,2024-09-26 03:00:00,2024-09-26 05:00:00,ringsted,9.15,0.0,1.875,0.0,993.046,98.0,0.0
1727323200,2024-09-26 04:00:00,2024-09-26 06:00:00,ringsted,9.825,0.0,2.1,0.0,991.983,98.0,29.7222
1727326800,2024-09-26 05:00:00,2024-09-26 07:00:00,ringsted,11.075,0.0,2.85,0.05,990.846,96.5,58.8889
1727330400,2024-09-26 06:00:00,2024-09-26 08:00:00,ringsted,12.65,2.0,3.825,0.875,989.679,95.5,77.7778
1727334000,2024-09-26 07:00:00,2024-09-26 09:00:00,ringsted,13.175,14.0,4.175,2.2,988.417,96.0,65.8333
1727337600,2024-09-26 08:00:00,2024-09-26 10:00:00,ringsted,13.525,38.0,4.0,2.25,987.329,97.0,83.6111
1727341200,2024-09-26 09:00:00,2024-09-26 11:00:00,ringsted,13.9,39.5,4.325,2.2,986.367,95.75,83.3333
1727344800,2024-09-26 10:00:00,2024-09-26 12:00:00,ringsted,14.125,68.5,4.375,1.75,985.217,96.0,89.6471
1727348400,2024-09-26 11:00:00,2024-09-26 13:00:00,ringsted,14.125,75.0,4.65,2.8,984.075,96.5,76.1111
1727352000,2024-09-26 12:00:00,2024-09-26 14:00:00,ringsted,14.15,47.0,4.5,3.125,983.171,96.75,92.0588
1727355600,2024-09-26 13:00:00,2024-09-26 15:00:00,ringsted,14.375,51.0,5.15,2.175,982.479,96.75,78.0556
1727359200,2024-09-26 14:00:00,2024-09-26 16:00:00,ringsted,14.825,101.0,5.875,0.675,982.1,95.25,59.1667
1727362800,2024-09-26 15:00:00,2024-09-26 17:00:00,ringsted,15.45,164.5,6.15,0.3,981.492,93.5,46.1111
1727366400,2024-09-26 16:00:00,2024-09-26 18:00:00,ringsted,16.15,76.0,7.05,0.0,981.546,87.25,43.8889
1727370000,2024-09-26 17:00:00,2024-09-26 19:00:00,ringsted,16.05,34.0,9.45,0.0,981.612,80.0,15.0
1727373600,2024-09-26 18:00:00,2024-09-26 20:00:00,ringsted,15.35,0.5,8.25,0.0,982.35,82.0,26.9444
1727377200,2024-09-26 19:00:00,2024-09-26 21:00:00,ringsted,15.275,0.0,8.4,0.0,983.442,83.0,37.5
1727380800,2024-09-26 20:00:00,2024-09-26 22:00:00,ringsted,15.3333,0.0,8.53333,0.0,983.848,83.0,13.75
1727384400,2024-09-26 21:00:00,2024-09-26 23:00:00,ringsted,15.0,0.0,6.275,0.0,983.829,86.0,23.0556
1727388000,2024-09-26 22:00:00,2024-09-27 00:00:00,ringsted,14.75,0.0,5.45,0.0,983.654,88.5,41.6667
1727391600,2024-09-26 23:00:00,2024-09-27 01:00:00,ringsted,14.6,0.0,4.575,0.0,983.604,90.75,49.1667
1727395200,2024-09-27 00:00:00,2024-09-27 02:00:00,ringsted,14.475,0.0,4.375,0.0,983.404,92.0,49.1667
1727398800,2024-09-27 01:00:00,2024-09-27 03:00:00,ringsted,14.625,0.0,4.1,0.0,983.058,91.75,55.8333
1727402400,2024-09-27 02:00:00,2024-09-27 04:00:00,ringsted,14.65,0.0,3.975,0.7,983.004,93.0,52.2222
1727406000,2024-09-27 03:00:00,2024-09-27 05:00:00,ringsted,14.45,0.0,5.35,3.125,983.242,92.75,68.6111
1727409600,2024-09-27 04:00:00,2024-09-27 06:00:00,ringsted,14.1,0.0,6.375,1.0,983.55,92.0,61.9444
1727413200,2024-09-27 05:00:00,2024-09-27 07:00:00,ringsted,13.925,0.0,6.425,0.05,983.9,90.5,57.2222
1727416800,2024-09-27 06:00:00,2024-09-27 08:00:00,ringsted,13.95,8.5,6.95,0.2,984.133,89.5,66.9444
1727420400,2024-09-27 07:00:00,2024-09-27 09:00:00,ringsted,14.175,46.5,8.075,0.05,984.688,86.5,60.5882
1727424000,2024-09-27 08:00:00,2024-09-27 10:00:00,ringsted,14.4,146.0,9.05,0.05,985.35,82.25,51.9444
1727427600,2024-09-27 09:00:00,2024-09-27 11:00:00,ringsted,14.7,291.0,9.275,0.0,986.0,77.5,47.7778
1727431200,2024-09-27 10:00:00,2024-09-27 12:00:00,ringsted,14.825,257.0,9.65,0.0,986.517,72.75,48.0556
1727434800,2024-09-27 11:00:00,2024-09-27 13:00:00,ringsted,14.875,272.5,9.6,0.0,986.95,69.5,49.7222
1727438400,2024-09-27 12:00:00,2024-09-27 14:00:00,ringsted,14.75,160.5,9.575,0.0,987.446,68.0,67.5
1727442000,2024-09-27 13:00:00,2024-09-27 15:00:00,ringsted,14.55,99.0,8.475,0.0,987.688,68.75,68.6111
1727445600,2024-09-27 14:00:00,2024-09-27 16:00:00,ringsted,13.7,93.5,7.775,0.85,987.921,75.25,65.8333
1727449200,2024-09-27 15:00:00,2024-09-27 17:00:00,ringsted,13.45,62.5,6.6,0.275,988.104,76.75,93.3333
1727452800,2024-09-27 16:00:00,2024-09-27 18:00:00,ringsted,13.675,29.0,5.35,0.1,988.483,74.75,90.0
1727456400,2024-09-27 17:00:00,2024-09-27 19:00:00,ringsted,13.45,9.5,4.525,0.275,988.975,76.0,82.2222
1727460000,2024-09-27 18:00:00,2024-09-27 20:00:00,ringsted,13.025,0.0,3.9,0.125,989.146,78.25,69.1667
1727463600,2024-09-27 19:00:00,2024-09-27 21:00:00,ringsted,12.8,0.0,2.875,0.0,989.171,80.5,60.2778
1727467200,2024-09-27 20:00:00,2024-09-27 22:00:00,ringsted,12.6,0.0,2.475,0.25,989.362,80.75,55.2778
1727470800,2024-09-27 21:00:00,2024-09-27 23:00:00,ringsted,12.575,0.0,2.9,0.0,989.892,80.5,68.8889
1727474400,2024-09-27 22:00:00,2024-09-28 00:00:00,ringsted,12.1,0.0,2.55,0.15,990.658,86.0,48.6111
1727478000,2024-09-27 23:00:00,2024-09-28 01:00:00,ringsted,11.475,0.0,2.7,0.0,991.708,89.5,47.5
1727481600,2024-09-28 00:00:00,2024-09-28 02:00:00,ringsted,11.175,0.0,3.025,0.0,992.883,90.5,58.0556
1727485200,2024-09-28 01:00:00,2024-09-28 03:00:00,ringsted,11.225,0.0,4.25,0.0,993.942,87.25,67.5
1727488800,2024-09-28 02:00:00,2024-09-28 04:00:00,ringsted,10.875,0.0,4.15,0.0,995.092,83.75,31.9444
1727492400,2024-09-28 03:00:00,2024-09-28 05:00:00,ringsted,10.325,0.0,4.325,0.0,996.004,84.0,12.5
1727496000,2024-09-28 04:00:00,2024-09-28 06:00:00,ringsted,9.5,0.0,3.925,0.0,997.029,83.0,7.77778
1727499600,2024-09-28 05:00:00,2024-09-28 07:00:00,ringsted,9.175,0.0,4.225,0.0,998.483,84.75,6.94444
1727503200,2024-09-28 06:00:00,2024-09-28 08:00:00,ringsted,9.35,14.0,4.95,0.0,999.95,83.5,22.5
1727506800,2024-09-28 07:00:00,2024-09-28 09:00:00,ringsted,9.925,111.0,5.925,0.0,1001.25,78.0,9.16667
1727510400,2024-09-28 08:00:00,2024-09-28 10:00:00,ringsted,10.625,242.5,7.125,0.0,1002.47,72.0,24.4444
1727514000,2024-09-28 09:00:00,2024-09-28 11:00:00,ringsted,10.975,352.0,8.55,0.0,1003.66,65.75,30.5556
1727517600,2024-09-28 10:00:00,2024-09-28 12:00:00,ringsted,11.125,447.0,8.5,0.0,1004.51,61.5,28.8889
1727521200,2024-09-28 11:00:00,2024-09-28 13:00:00,ringsted,11.175,426.0,8.65,0.0,1005.36,59.5,36.6667
1727524800,2024-09-28 12:00:00,2024-09-28 14:00:00,ringsted,11.6,466.0,8.325,0.0,1006.11,58.0,36.9444
1727528400,2024-09-28 13:00:00,2024-09-28 15:00:00,ringsted,11.875,425.5,7.975,0.0,1006.85,55.25,53.3333
1727532000,2024-09-28 14:00:00,2024-09-28 16:00:00,ringsted,11.95,296.0,7.375,0.025,1007.67,59.0,25.0
1727535600,2024-09-28 15:00:00,2024-09-28 17:00:00,ringsted,11.7,274.0,7.2,0.0,1008.54,62.25,2.77778
1727539200,2024-09-28 16:00:00,2024-09-28 18:00:00,ringsted,11.45,148.0,6.775,0.0,1009.47,65.0,5.55556
1727542800,2024-09-28 17:00:00,2024-09-28 19:00:00,ringsted,10.7,30.5,5.025,0.0,1010.43,70.0,7.05882
1727546400,2024-09-28 18:00:00,2024-09-28 20:00:00,ringsted,9.85,0.0,4.125,0.0,1011.37,76.5,20.8333
1727550000,2024-09-28 19:00:00,2024-09-28 21:00:00,ringsted,9.55,0.0,4.1,0.0,1012.21,78.5,15.0
1727553600,2024-09-28 20:00:00,2024-09-28 22:00:00,ringsted,9.15,0.0,4.1,0.0,1013.18,81.25,4.44444
1727557200,2024-09-28 21:00:00,2024-09-28 23:00:00,ringsted,8.875,0.0,4.325,0.0,1014.07,80.0,0.0
1727560800,2024-09-28 22:00:00,2024-09-29 00:00:00,ringsted,8.4,0.0,3.95,0.0,1014.84,79.5,1.66667
1727564400,2024-09-28 23:00:00,2024-09-29 01:00:00,ringsted,8.075,0.0,3.625,0.0,1015.48,79.25,0.0
1727568000,2024-09-29 00:00:00,2024-09-29 02:00:00,ringsted,7.625,0.0,3.025,0.0,1016.03,82.25,0.0
1727571600,2024-09-29 01:00:00,2024-09-29 03:00:00,ringsted,7.35,0.0,3.225,0.0,1016.51,84.0,0.0
1727575200,2024-09-29 02:00:00,2024-09-29 04:00:00,ringsted,7.375,0.0,3.25,0.0,1016.91,83.5,0.0
1727578800,2024-09-29 03:00:00,2024-09-29 05:00:00,ringsted,7.375,0.0,3.375,0.0,1017.57,83.5,0.0
1727582400,2024-09-29 04:00:00,2024-09-29 06:00:00,ringsted,7.15,0.0,3.0,0.0,1018.07,85.0,0.0
1727586000,2024-09-29 05:00:00,2024-09-29 07:00:00,ringsted,6.9,0.0,2.75,0.0,1018.87,85.25,0.0
1727589600,2024-09-29 06:00:00,2024-09-29 08:00:00,ringsted,6.875,19.5,2.75,0.0,1019.66,85.75,0.0
1727593200,2024-09-29 07:00:00,2024-09-29 09:00:00,ringsted,8.1,132.0,3.0,0.0,1020.29,82.5,0.0
1727596800,2024-09-29 08:00:00,2024-09-29 10:00:00,ringsted,9.75,267.5,3.925,0.0,1020.84,76.75,1.94444
1727600400,2024-09-29 09:00:00,2024-09-29 11:00:00,ringsted,11.0,357.0,4.825,0.0,1021.31,70.5,18.8889
1727604000,2024-09-29 10:00:00,2024-09-29 12:00:00,ringsted,11.875,488.0,5.2,0.0,1021.86,63.5,22.2222
1727607600,2024-09-29 11:00:00,2024-09-29 13:00:00,ringsted,12.375,509.5,4.975,0.0,1022.07,59.75,38.8889
1727611200,2024-09-29 12:00:00,2024-09-29 14:00:00,ringsted,12.975,518.5,4.775,0.0,1022.17,57.0,33.2353
1727614800,2024-09-29 13:00:00,2024-09-29 15:00:00,ringsted,13.15,405.0,4.2,0.0,1022.25,55.75,30.8333
1727618400,2024-09-29 14:00:00,2024-09-29 16:00:00,ringsted,13.0,254.0,3.7,0.0,1022.25,57.25,40.0
1727622000,2024-09-29 15:00:00,2024-09-29 17:00:00,ringsted,13.3,289.0,3.125,0.0,1022.31,57.25,22.5
1727625600,2024-09-29 16:00:00,2024-09-29 18:00:00,ringsted,12.925,132.0,2.4,0.0,1022.47,59.5,2.22222
1727629200,2024-09-29 17:00:00,2024-09-29 19:00:00,ringsted,11.25,30.5,1.175,0.0,1022.64,71.0,0.0
1727632800,2024-09-29 18:00:00,2024-09-29 20:00:00,ringsted,9.15,0.0,1.075,0.0,1022.73,81.5,0.0
1727636400,2024-09-29 19:00:00,2024-09-29 21:00:00,ringsted,7.525,0.0,0.975,0.0,1022.75,88.75,0.0
1727640000,2024-09-29 20:00:00,2024-09-29 22:00:00,ringsted,7.175,0.0,1.0,0.0,1022.84,89.25,0.0
1727643600,2024-09-29 21:00:00,2024-09-29 23:00:00,ringsted,6.475,0.0,1.375,0.0,1022.88,92.0,0.0
1727647200,2024-09-29 22:00:00,2024-09-30 00:00:00,ringsted,6.75,0.0,1.5,0.0,1022.57,91.25,0.0
1727650800,2024-09-29 23:00:00,2024-09-30 01:00:00,ringsted,6.575,0.0,1.225,0.0,1022.56,91.5,0.0
1727654400,2024-09-30 00:00:00,2024-09-30 02:00:00,ringsted,6.25,0.0,1.2,0.0,1022.42,92.25,0.0
1727658000,2024-09-30 01:00:00,2024-09-30 03:00:00,ringsted,5.8,0.0,1.075,0.0,1022.15,93.25,0.0
1727661600,2024-09-30 02:00:00,2024-09-30 04:00:00,ringsted,5.675,0.0,1.175,0.0,1021.72,93.0,1.66667
1727665200,2024-09-30 03:00:00,2024-09-30 05:00:00,ringsted,5.7,0.0,1.3,0.0,1021.41,92.75,19.4444
1727668800,2024-09-30 04:00:00,2024-09-30 06:00:00,ringsted,6.1,0.0,1.5,0.0,1021.19,92.75,18.3333
1727672400,2024-09-30 05:00:00,2024-09-30 07:00:00,ringsted,7.55,0.0,2.35,0.0,1021.08,91.0,30.5556
1727676000,2024-09-30 06:00:00,2024-09-30 08:00:00,ringsted,8.45,17.5,2.3,0.0,1021.06,88.5,33.3333
1727679600,2024-09-30 07:00:00,2024-09-30 09:00:00,ringsted,9.225,107.0,2.35,0.0,1020.88,84.75,33.3333
1727683200,2024-09-30 08:00:00,2024-09-30 10:00:00,ringsted,10.9,196.5,2.75,0.0,1020.55,79.25,38.8889
1727686800,2024-09-30 09:00:00,2024-09-30 11:00:00,ringsted,12.075,342.5,5.65,0.0,1020.31,70.75,33.8889
1727690400,2024-09-30 10:00:00,2024-09-30 12:00:00,ringsted,12.775,383.0,6.925,0.0,1019.94,64.75,12.2222
1727694000,2024-09-30 11:00:00,2024-09-30 13:00:00,ringsted,13.375,446.5,7.175,0.0,1019.42,60.25,30.5556
1727697600,2024-09-30 12:00:00,2024-09-30 14:00:00,ringsted,13.375,431.0,7.125,0.0,1018.78,59.75,47.7778
1727701200,2024-09-30 13:00:00,2024-09-30 15:00:00,ringsted,13.4,410.0,7.575,0.0,1018.1,59.0,37.2222
1727704800,2024-09-30 14:00:00,2024-09-30 16:00:00,ringsted,13.475,372.0,8.075,0.0,1017.42,58.25,10.8333
1727708400,2024-09-30 15:00:00,2024-09-30 17:00:00,ringsted,13.225,292.0,7.9,0.0,1016.82,56.75,11.9444
1727712000,2024-09-30 16:00:00,2024-09-30 18:00:00,ringsted,12.7,152.0,7.7,0.0,1016.5,59.5,23.6111
1727715600,2024-09-30 17:00:00,2024-09-30 19:00:00,ringsted,11.875,20.0,7.075,0.0,1016.31,64.75,25.2778
1727719200,2024-09-30 18:00:00,2024-09-30 20:00:00,ringsted,11.55,0.0,7.15,0.0,1015.97,66.75,38.0556
1727722800,2024-09-30 19:00:00,2024-09-30 21:00:00,ringsted,11.7,0.0,7.125,0.0,1015.74,66.5,50.5556
1727726400,2024-09-30 20:00:00,2024-09-30 22:00:00,ringsted,12.0,0.0,7.35,0.0,1015.3,64.25,53.6111
1727730000,2024-09-30 21:00:00,2024-09-30 23:00:00,ringsted,12.1,0.0,6.85,0.0,1014.85,61.5,35.2778
1727733600,2024-09-30 22:00:00,2024-10-01 00:00:00,ringsted,11.875,0.0,6.75,0.0,1014.25,60.0,34.7222
1727737200,2024-09-30 23:00:00,2024-10-01 01:00:00,ringsted,11.675,0.0,6.8,0.0,1013.65,59.5,35.2778
1727740800,2024-10-01 00:00:00,2024-10-01 02:00:00,ringsted,11.65,0.0,7.025,0.0,1013.03,60.25,31.6667
1727744400,2024-10-01 01:00:00,2024-10-01 03:00:00,ringsted,11.65,0.0,7.2,0.0,1012.44,59.5,27.7778
1727748000,2024-10-01 02:00:00,2024-10-01 04:00:00,ringsted,11.55,0.0,7.0,0.0,1011.9,61.0,25.8333
1727751600,2024-10-01 03:00:00,2024-10-01 05:00:00,ringsted,11.475,0.0,7.125,0.0,1011.45,62.0,46.3889
1727755200,2024-10-01 04:00:00,2024-10-01 06:00:00,ringsted,11.525,0.0,7.575,0.0,1011.2,60.75,77.3529
1727758800,2024-10-01 05:00:00,2024-10-01 07:00:00,ringsted,11.625,0.0,7.775,0.0,1011.1,60.0,57.5
1727762400,2024-10-01 06:00:00,2024-10-01 08:00:00,ringsted,11.75,17.5,7.35,0.0,1011.1,61.75,45.2778
1727766000,2024-10-01 07:00:00,2024-10-01 09:00:00,ringsted,11.975,72.5,7.6,0.0,1011.16,62.25,46.3889
1727769600,2024-10-01 08:00:00,2024-10-01 10:00:00,ringsted,12.325,74.0,8.325,0.0,1011.16,60.75,50.0
1727773200,2024-10-01 09:00:00,2024-10-01 11:00:00,ringsted,12.525,132.0,9.075,0.0,1011.07,59.0,46.6667
1727776800,2024-10-01 10:00:00,2024-10-01 12:00:00,ringsted,12.7,226.0,9.675,0.0,1010.83,58.25,41.9444
1727780400,2024-10-01 11:00:00,2024-10-01 13:00:00,ringsted,12.7,270.5,9.975,0.0,1010.6,58.0,41.6667
1727784000,2024-10-01 12:00:00,2024-10-01 14:00:00,ringsted,12.5,280.0,10.225,0.0,1010.45,57.25,31.6667
1727787600,2024-10-01 13:00:00,2024-10-01 15:00:00,ringsted,12.3,219.0,9.7,0.0,1010.37,58.25,25.8333
1727791200,2024-10-01 14:00:00,2024-10-01 16:00:00,ringsted,12.325,193.5,8.95,0.0,1010.33,59.0,58.3333
1727794800,2024-10-01 15:00:00,2024-10-01 17:00:00,ringsted,12.175,129.0,7.925,0.0,1010.38,60.0,50.2778
1727798400,2024-10-01 16:00:00,2024-10-01 18:00:00,ringsted,11.95,50.0,7.75,0.0,1010.61,59.75,55.8333
1727802000,2024-10-01 17:00:00,2024-10-01 19:00:00,ringsted,11.75,10.5,7.35,0.0,1010.64,61.25,60.2778
1727805600,2024-10-01 18:00:00,2024-10-01 20:00:00,ringsted,11.4,0.0,7.5,0.0,1010.69,63.0,46.1111
1727809200,2024-10-01 19:00:00,2024-10-01 21:00:00,ringsted,10.925,0.0,7.275,0.0,1010.59,65.75,45.5556
1727812800,2024-10-01 20:00:00,2024-10-01 22:00:00,ringsted,10.525,0.0,7.075,0.0,1010.42,66.5,74.1667
1727816400,2024-10-01 21:00:00,2024-10-01 23:00:00,ringsted,10.15,0.0,6.575,0.0,1010.34,67.0,60.0
1727820000,2024-10-01 22:00:00,2024-10-02 00:00:00,ringsted,9.725,0.0,5.85,0.0,1010.28,69.75,52.2222
1727823600,2024-10-01 23:00:00,2024-10-02 01:00:00,ringsted,9.25,0.0,5.275,0.0,1010.15,72.75,28.3333
1727827200,2024-10-02 00:00:00,2024-10-02 02:00:00,ringsted,8.9,0.0,5.0,0.0,1010.15,75.25,6.94444
1727830800,2024-10-02 01:00:00,2024-10-02 03:00:00,ringsted,8.5,0.0,4.975,0.0,1010.15,78.75,25.0
1727834400,2024-10-02 02:00:00,2024-10-02 04:00:00,ringsted,8.0,0.0,4.95,0.0,1010.03,82.25,5.27778
1727838000,2024-10-02 03:00:00,2024-10-02 05:00:00,ringsted,7.5,0.0,4.9,0.0,1010.01,85.5,0.0
1727841600,2024-10-02 04:00:00,2024-10-02 06:00:00,ringsted,7.275,0.0,4.675,0.0,1010.07,86.75,0.0
1727845200,2024-10-02 05:00:00,2024-10-02 07:00:00,ringsted,7.075,0.0,4.425,0.0,1010.44,88.0,0.0
1727848800,2024-10-02 06:00:00,2024-10-02 08:00:00,ringsted,7.1,13.0,4.3,0.0,1010.85,88.75,2.5
1727852400,2024-10-02 07:00:00,2024-10-02 09:00:00,ringsted,7.625,89.0,4.05,0.0,1011.12,87.25,4.44444
1727856000,2024-10-02 08:00:00,2024-10-02 10:00:00,ringsted,8.9,250.0,4.725,0.0,1011.35,81.0,0.555556
1727859600,2024-10-02 09:00:00,2024-10-02 11:00:00,ringsted,10.2,371.0,4.7,0.0,1011.43,74.75,10.5556
1727863200,2024-10-02 10:00:00,2024-10-02 12:00:00,ringsted,11.0,457.0,5.2,0.0,1011.33,69.75,6.38889
1727866800,2024-10-02 11:00:00,2024-10-02 13:00:00,ringsted,11.85,501.0,5.05,0.0,1011.22,65.25,29.7222
1727870400,2024-10-02 12:00:00,2024-10-02 14:00:00,ringsted,12.2,492.0,5.2,0.0,1011.17,63.0,39.1667
1727874000,2024-10-02 13:00:00,2024-10-02 15:00:00,ringsted,12.175,312.0,5.125,0.0,1011.3,63.25,64.7222
1727877600,2024-10-02 14:00:00,2024-10-02 16:00:00,ringsted,12.2,284.0,4.475,0.0,1011.59,62.75,68.0556
1727881200,2024-10-02 15:00:00,2024-10-02 17:00:00,ringsted,11.95,123.0,3.925,0.0,1011.67,63.25,69.4444
1727884800,2024-10-02 16:00:00,2024-10-02 18:00:00,ringsted,11.55,93.5,3.525,0.0,1012.08,64.5,63.6111
1727888400,2024-10-02 17:00:00,2024-10-02 19:00:00,ringsted,10.95,21.5,3.25,0.0,1012.45,67.0,79.7222
1727892000,2024-10-02 18:00:00,2024-10-02 20:00:00,ringsted,10.425,0.0,3.2,0.0,1012.76,68.0,71.6667
1727895600,2024-10-02 19:00:00,2024-10-02 21:00:00,ringsted,9.825,0.0,2.975,0.0,1013.14,71.75,76.1111
1727899200,2024-10-02 20:00:00,2024-10-02 22:00:00,ringsted,9.15,0.0,2.65,0.0,1013.35,75.25,65.0
1727902800,2024-10-02 21:00:00,2024-10-02 23:00:00,ringsted,8.775,0.0,2.7,0.0,1013.46,76.0,46.3889
1727906400,2024-10-02 22:00:00,2024-10-03 00:00:00,ringsted,8.35,0.0,2.9,0.0,1013.52,78.0,22.2222
1727910000,2024-10-02 23:00:00,2024-10-03 01:00:00,ringsted,7.7,0.0,3.1,0.0,1013.5,81.75,21.3889
1727913600,2024-10-03 00:00:00,2024-10-03 02:00:00,ringsted,7.5,0.0,3.425,0.0,1013.66,84.0,63.3333
1727917200,2024-10-03 01:00:00,2024-10-03 03:00:00,ringsted,7.4,0.0,3.35,0.0,1013.75,85.25,37.7778
1727920800,2024-10-03 02:00:00,2024-10-03 04:00:00,ringsted,7.45,0.0,3.5,0.0,1013.76,85.25,33.8889
1727924400,2024-10-03 03:00:00,2024-10-03 05:00:00,ringsted,7.15,0.0,3.725,0.0,1013.81,86.25,13.6111
1727928000,2024-10-03 04:00:00,2024-10-03 06:00:00,ringsted,6.775,0.0,3.6,0.0,1013.93,87.75,19.1667
1727931600,2024-10-03 05:00:00,2024-10-03 07:00:00,ringsted,6.8,0.0,3.925,0.0,1014.28,87.5,20.2778
1727935200,2024-10-03 06:00:00,2024-10-03 08:00:00,ringsted,6.675,9.5,3.2,0.0,1014.56,87.25,0.0
1727938800,2024-10-03 07:00:00,2024-10-03 09:00:00,ringsted,7.35,111.5,3.55,0.0,1014.81,86.25,0.0
1727942400,2024-10-03 08:00:00,2024-10-03 10:00:00,ringsted,8.95,244.5,5.025,0.0,1015.15,79.5,0.0
1727946000,2024-10-03 09:00:00,2024-10-03 11:00:00,ringsted,10.45,365.5,5.55,0.0,1015.3,70.0,0.0
1727949600,2024-10-03 10:00:00,2024-10-03 12:00:00,ringsted,11.675,453.0,5.75,0.0,1015.49,61.25,0.0
1727953200,2024-10-03 11:00:00,2024-10-03 13:00:00,ringsted,12.6,500.0,5.6,0.0,1015.53,55.25,0.0
1727956800,2024-10-03 12:00:00,2024-10-03 14:00:00,ringsted,13.25,505.0,5.775,0.0,1015.44,53.0,0.0
1727960400,2024-10-03 13:00:00,2024-10-03 15:00:00,ringsted,13.525,464.5,5.65,0.0,1015.45,53.25,7.77778
1727964000,2024-10-03 14:00:00,2024-10-03 16:00:00,ringsted,13.65,350.5,5.2,0.0,1015.51,55.0,41.9444
1727967600,2024-10-03 15:00:00,2024-10-03 17:00:00,ringsted,13.5,239.5,4.8,0.0,1015.61,56.5,46.9444
1727971200,2024-10-03 16:00:00,2024-10-03 18:00:00,ringsted,12.9,105.5,3.625,0.0,1015.9,61.5,36.3889
1727974800,2024-10-03 17:00:00,2024-10-03 19:00:00,ringsted,11.775,21.5,2.925,0.0,1016.27,69.25,36.6667
1727978400,2024-10-03 18:00:00,2024-10-03 20:00:00,ringsted,10.15,0.0,2.45,0.0,1016.51,79.75,31.6667
1727982000,2024-10-03 19:00:00,2024-10-03 21:00:00,ringsted,8.9,0.0,2.375,0.0,1016.67,86.0,4.72222
1727985600,2024-10-03 20:00:00,2024-10-03 22:00:00,ringsted,7.95,0.0,1.925,0.0,1016.9,90.25,0.0
1727989200,2024-10-03 21:00:00,2024-10-03 23:00:00,ringsted,7.125,0.0,1.675,0.0,1017.18,93.0,0.0
1727992800,2024-10-03 22:00:00,2024-10-04 00:00:00,ringsted,6.9,0.0,1.5,0.0,1017.29,93.25,0.0
1727996400,2024-10-03 23:00:00,2024-10-04 01:00:00,ringsted,6.35,0.0,1.475,0.0,1017.31,93.5,0.0
1728000000,2024-10-04 00:00:00,2024-10-04 02:00:00,ringsted,6.175,0.0,1.4,0.0,1017.3,93.25,0.0
1728003600,2024-10-04 01:00:00,2024-10-04 03:00:00,ringsted,5.025,0.0,1.025,0.0,1017.18,95.75,0.0
1728007200,2024-10-04 02:00:00,2024-10-04 04:00:00,ringsted,4.275,0.0,1.5,0.0,1017.0,97.5,0.0
1728010800,2024-10-04 03:00:00,2024-10-04 05:00:00,ringsted,3.95,0.0,1.375,0.0,1016.92,98.0,0.0
1728014400,2024-10-04 04:00:00,2024-10-04 06:00:00,ringsted,3.425,0.0,1.2,0.0,1016.97,98.25,0.588235
1728018000,2024-10-04 05:00:00,2024-10-04 07:00:00,ringsted,3.15,0.0,1.325,0.0,1017.27,98.25,0.0
1728021600,2024-10-04 06:00:00,2024-10-04 08:00:00,ringsted,2.875,10.5,1.075,0.0,1017.77,98.25,0.0
1728025200,2024-10-04 07:00:00,2024-10-04 09:00:00,ringsted,4.775,112.0,0.8,0.0,1018.23,97.5,0.0
1728028800,2024-10-04 08:00:00,2024-10-04 10:00:00,ringsted,8.375,241.5,0.725,0.0,1018.55,90.5,0.0
1728032400,2024-10-04 09:00:00,2024-10-04 11:00:00,ringsted,11.375,358.0,0.975,0.0,1018.5,74.25,0.0
1728036000,2024-10-04 10:00:00,2024-10-04 12:00:00,ringsted,12.625,443.5,1.075,0.0,1018.4,62.5,0.0
1728039600,2024-10-04 11:00:00,2024-10-04 13:00:00,ringsted,13.025,489.5,1.3,0.0,1018.08,59.5,0.0
1728043200,2024-10-04 12:00:00,2024-10-04 14:00:00,ringsted,13.6,482.5,1.425,0.0,1017.72,56.25,0.0
1728046800,2024-10-04 13:00:00,2024-10-04 15:00:00,ringsted,13.95,446.5,1.35,0.0,1017.47,55.75,0.0
1728050400,2024-10-04 14:00:00,2024-10-04 16:00:00,ringsted,14.125,368.0,1.9,0.0,1017.39,57.0,0.0
1728054000,2024-10-04 15:00:00,2024-10-04 17:00:00,ringsted,13.975,260.5,1.8,0.0,1017.39,58.0,10.5556
1728057600,2024-10-04 16:00:00,2024-10-04 18:00:00,ringsted,13.325,129.0,1.375,0.0,1017.72,61.75,6.11111
1728061200,2024-10-04 17:00:00,2024-10-04 19:00:00,ringsted,10.975,18.0,1.05,0.0,1018.02,74.5,0.0
1728064800,2024-10-04 18:00:00,2024-10-04 20:00:00,ringsted,8.85,0.0,0.775,0.0,1018.18,85.75,0.0
1728068400,2024-10-04 19:00:00,2024-10-04 21:00:00,ringsted,7.025,0.0,0.625,0.0,1018.23,92.25,0.0
1728072000,2024-10-04 20:00:00,2024-10-04 22:00:00,ringsted,6.15,0.0,0.45,0.0,1018.08,94.5,0.0
1728075600,2024-10-04 21:00:00,2024-10-04 23:00:00,ringsted,5.225,0.0,0.55,0.0,1017.92,96.25,0.0
1728079200,2024-10-04 22:00:00,2024-10-05 00:00:00,ringsted,4.65,0.0,0.725,0.0,1017.9,97.25,0.0
1728082800,2024-10-04 23:00:00,2024-10-05 01:00:00,ringsted,4.075,0.0,0.675,0.0,1017.91,97.75,0.0
1728086400,2024-10-05 00:00:00,2024-10-05 02:00:00,ringsted,3.425,0.0,0.45,0.0,1017.94,98.0,0.0
1728090000,2024-10-05 01:00:00,2024-10-05 03:00:00,ringsted,3.23333,0.0,0.666667,0.0,1017.8,98.0,0.0
1728093600,2024-10-05 02:00:00,2024-10-05 04:00:00,ringsted,2.825,0.0,0.65,0.0,1017.57,98.0,0.0
1728097200,2024-10-05 03:00:00,2024-10-05 05:00:00,ringsted,2.525,0.0,0.475,0.0,1017.51,98.25,0.555556
1728100800,2024-10-05 04:00:00,2024-10-05 06:00:00,ringsted,2.45,0.0,0.475,0.0,1017.5,98.0,0.0
1728104400,2024-10-05 05:00:00,2024-10-05 07:00:00,ringsted,2.5,0.0,0.533333,0.0,1017.54,98.0,0.0
1728108000,2024-10-05 06:00:00,2024-10-05 08:00:00,ringsted,2.325,9.5,0.425,0.0,1017.64,98.0,0.0
1728111600,2024-10-05 07:00:00,2024-10-05 09:00:00,ringsted,4.2,107.0,0.566667,0.0,1017.85,98.0,0.0
1728115200,2024-10-05 08:00:00,2024-10-05 10:00:00,ringsted,8.26667,233.0,0.366667,0.0,1017.75,93.6667,0.0
1728118800,2024-10-05 09:00:00,2024-10-05 11:00:00,ringsted,11.975,349.0,0.7,0.0,1017.53,75.5,0.0
1728122400,2024-10-05 10:00:00,2024-10-05 12:00:00,ringsted,13.2,434.0,1.025,0.0,1017.3,64.0,2.77778
1728126000,2024-10-05 11:00:00,2024-10-05 13:00:00,ringsted,13.625,417.0,0.875,0.0,1016.81,62.0,39.1667
1728129600,2024-10-05 12:00:00,2024-10-05 14:00:00,ringsted,13.55,323.5,0.65,0.0,1016.32,61.75,22.5
1728133200,2024-10-05 13:00:00,2024-10-05 15:00:00,ringsted,13.55,237.5,0.975,0.0,1015.95,62.25,47.7778
1728136800,2024-10-05 14:00:00,2024-10-05 16:00:00,ringsted,13.75,326.5,1.475,0.0,1015.61,61.75,63.6111
1728140400,2024-10-05 15:00:00,2024-10-05 17:00:00,ringsted,13.525,213.0,1.825,0.0,1015.3,62.75,63.8889
1728144000,2024-10-05 16:00:00,2024-10-05 18:00:00,ringsted,12.375,86.0,1.725,0.0,1015.17,69.5,59.4444
1728147600,2024-10-05 17:00:00,2024-10-05 19:00:00,ringsted,10.525,12.5,1.325,0.0,1015.24,79.75,38.6111
1728151200,2024-10-05 18:00:00,2024-10-05 20:00:00,ringsted,8.9,0.0,1.175,0.0,1015.17,86.0,30.0
1728154800,2024-10-05 19:00:00,2024-10-05 21:00:00,ringsted,7.825,0.0,0.875,0.0,1014.84,90.0,29.1667
1728158400,2024-10-05 20:00:00,2024-10-05 22:00:00,ringsted,6.75,0.0,0.85,0.0,1014.64,92.5,6.875
1728162000,2024-10-05 21:00:00,2024-10-05 23:00:00,ringsted,6.075,0.0,0.6,0.0,1014.43,94.75,7.94118
1728165600,2024-10-05 22:00:00,2024-10-06 00:00:00,ringsted,4.76667,0.0,0.7,0.0,1014.11,97.3333,0.0
1728169200,2024-10-05 23:00:00,2024-10-06 01:00:00,ringsted,4.3,0.0,0.7,0.0,1013.84,97.25,0.0
1728172800,2024-10-06 00:00:00,2024-10-06 02:00:00,ringsted,4.4,0.0,0.5,0.0,1013.74,97.75,0.0
1728176400,2024-10-06 01:00:00,2024-10-06 03:00:00,ringsted,3.5,0.0,0.6,0.0,1013.02,98.0,0.0
1728180000,2024-10-06 02:00:00,2024-10-06 04:00:00,ringsted,2.93333,0.0,0.933333,0.0,1012.54,98.6667,0.0
1728183600,2024-10-06 03:00:00,2024-10-06 05:00:00,ringsted,3.2,0.0,0.525,0.025,1012.22,98.75,2.22222
1728187200,2024-10-06 04:00:00,2024-10-06 06:00:00,ringsted,2.625,0.0,0.825,0.0,1012.03,98.75,1.33333
1728190800,2024-10-06 05:00:00,2024-10-06 07:00:00,ringsted,2.4,0.0,0.825,0.0,1011.7,99.0,5.0
1728194400,2024-10-06 06:00:00,2024-10-06 08:00:00,ringsted,2.225,8.0,0.7,0.0,1011.88,98.75,0.0
1728198000,2024-10-06 07:00:00,2024-10-06 09:00:00,ringsted,3.83333,94.5,0.766667,0.0,1011.66,99.0,0.0
1728201600,2024-10-06 08:00:00,2024-10-06 10:00:00,ringsted,8.375,229.5,0.9,0.0,1011.4,96.75,4.72222
1728205200,2024-10-06 09:00:00,2024-10-06 11:00:00,ringsted,11.45,317.5,1.15,0.0,1011.05,82.75,30.2941
1728208800,2024-10-06 10:00:00,2024-10-06 12:00:00,ringsted,12.075,258.5,1.175,0.0,1010.56,76.25,54.1667
1728212400,2024-10-06 11:00:00,2024-10-06 13:00:00,ringsted,12.475,345.5,1.875,0.0,1009.87,73.5,31.3889
1728216000,2024-10-06 12:00:00,2024-10-06 14:00:00,ringsted,13.125,318.5,2.95,0.0,1009.07,70.0,15.8333
1728219600,2024-10-06 13:00:00,2024-10-06 15:00:00,ringsted,12.9,196.0,4.05,0.0,1008.63,70.0,12.7778
1728223200,2024-10-06 14:00:00,2024-10-06 16:00:00,ringsted,12.725,263.0,4.975,0.0,1008.13,65.5,26.9444
1728226800,2024-10-06 15:00:00,2024-10-06 17:00:00,ringsted,12.275,206.0,4.55,0.0,1007.69,64.5,57.7778
1728230400,2024-10-06 16:00:00,2024-10-06 18:00:00,ringsted,11.55,84.0,4.325,0.0,1007.38,66.5,46.1111
1728234000,2024-10-06 17:00:00,2024-10-06 19:00:00,ringsted,10.925,9.0,3.675,0.0,1007.2,69.5,54.1667
1728237600,2024-10-06 18:00:00,2024-10-06 20:00:00,ringsted,10.475,0.0,3.025,0.0,1006.87,72.25,68.3333
1728241200,2024-10-06 19:00:00,2024-10-06 21:00:00,ringsted,10.425,0.0,2.95,0.0,1006.57,72.0,69.4444
1728244800,2024-10-06 20:00:00,2024-10-06 22:00:00,ringsted,10.375,0.0,2.875,0.0,1006.16,70.75,70.0
1728248400,2024-10-06 21:00:00,2024-10-06 23:00:00,ringsted,10.375,0.0,2.7,0.0,1005.74,70.0,69.4444
1728252000,2024-10-06 22:00:00,2024-10-07 00:00:00,ringsted,10.35,0.0,2.925,0.0,1005.12,72.0,65.2778
1728255600,2024-10-06 23:00:00,2024-10-07 01:00:00,ringsted,10.55,0.0,4.05,0.0,1004.7,73.25,66.6667
1728259200,2024-10-07 00:00:00,2024-10-07 02:00:00,ringsted,10.425,0.0,3.5,0.0,1004.12,72.5,66.6667
1728262800,2024-10-07 01:00:00,2024-10-07 03:00:00,ringsted,10.55,0.0,3.625,0.0,1003.45,74.5,51.3889
1728266400,2024-10-07 02:00:00,2024-10-07 04:00:00,ringsted,10.55,0.0,3.8,0.0,1003.07,76.25,44.4444
1728270000,2024-10-07 03:00:00,2024-10-07 05:00:00,ringsted,10.5,0.0,3.9,0.0,1002.4,76.5,61.6667
1728273600,2024-10-07 04:00:00,2024-10-07 06:00:00,ringsted,10.525,0.0,4.3,0.0,1001.73,77.0,67.2222
1728277200,2024-10-07 05:00:00,2024-10-07 07:00:00,ringsted,10.675,0.0,4.775,0.0,1001.33,76.75,70.2778
1728280800,2024-10-07 06:00:00,2024-10-07 08:00:00,ringsted,10.525,5.5,5.45,0.0,1001.36,79.25,46.3889
1728284400,2024-10-07 07:00:00,2024-10-07 09:00:00,ringsted,10.575,63.5,6.025,0.0,1001.3,76.75,46.1111
1728288000,2024-10-07 08:00:00,2024-10-07 10:00:00,ringsted,11.15,157.0,6.325,0.0,1001.14,73.25,53.0556
1728291600,2024-10-07 09:00:00,2024-10-07 11:00:00,ringsted,11.85,220.5,7.075,0.1,1000.86,70.75,50.8333
1728295200,2024-10-07 10:00:00,2024-10-07 12:00:00,ringsted,12.25,285.5,7.0,0.0,1000.62,71.5,51.3889
1728298800,2024-10-07 11:00:00,2024-10-07 13:00:00,ringsted,12.125,179.0,7.05,0.075,1000.18,75.5,63.8889
1728302400,2024-10-07 12:00:00,2024-10-07 14:00:00,ringsted,11.475,122.0,6.375,0.425,999.763,83.25,74.4444
1728306000,2024-10-07 13:00:00,2024-10-07 15:00:00,ringsted,10.875,90.0,5.85,0.125,999.912,91.25,78.0556
1728309600,2024-10-07 14:00:00,2024-10-07 16:00:00,ringsted,10.775,39.5,5.05,0.225,1000.11,94.25,86.1111
1728313200,2024-10-07 15:00:00,2024-10-07 17:00:00,ringsted,10.9,29.5,4.325,0.525,999.933,95.0,73.9444
1728316800,2024-10-07 16:00:00,2024-10-07 18:00:00,ringsted,11.0,16.5,3.475,0.175,999.954,96.0,61.6667
1728320400,2024-10-07 17:00:00,2024-10-07 19:00:00,ringsted,11.2,1.5,3.25,0.0,1000.36,97.0,64.7222
1728324000,2024-10-07 18:00:00,2024-10-07 20:00:00,ringsted,11.375,0.0,2.775,0.3,1000.42,97.25,47.7778
1728327600,2024-10-07 19:00:00,2024-10-07 21:00:00,ringsted,11.475,0.0,2.475,0.0,1000.77,97.75,41.6667
1728331200,2024-10-07 20:00:00,2024-10-07 22:00:00,ringsted,11.6,0.0,2.6,0.0,1001.1,97.5,34.7222
1728334800,2024-10-07 21:00:00,2024-10-07 23:00:00,ringsted,11.2,0.0,2.225,0.0,1001.05,97.5,24.7222
1728338400,2024-10-07 22:00:00,2024-10-08 00:00:00,ringsted,10.775,0.0,1.55,0.0,1000.85,98.0,15.0
1728342000,2024-10-07 23:00:00,2024-10-08 01:00:00,ringsted,10.35,0.0,1.075,0.0,1000.72,98.25,15.5556
1728345600,2024-10-08 00:00:00,2024-10-08 02:00:00,ringsted,9.675,0.0,1.35,0.0,1000.78,98.75,2.5
1728349200,2024-10-08 01:00:00,2024-10-08 03:00:00,ringsted,9.875,0.0,1.625,0.0,1000.53,99.0,24.8889
1728352800,2024-10-08 02:00:00,2024-10-08 04:00:00,ringsted,9.95,0.0,2.075,0.025,1000.33,99.0,48.4444
1728356400,2024-10-08 03:00:00,2024-10-08 05:00:00,ringsted,10.95,0.0,2.825,0.025,1000.07,99.0,42.8889
1728360000,2024-10-08 04:00:00,2024-10-08 06:00:00,ringsted,11.3,0.0,2.8,0.075,999.504,99.0,59.5556
1728363600,2024-10-08 05:00:00,2024-10-08 07:00:00,ringsted,11.5,0.0,3.475,0.1,999.042,99.0,66.7778
1728367200,2024-10-08 06:00:00,2024-10-08 08:00:00,ringsted,11.975,1.0,4.0,0.1,998.987,99.0,81.2222
1728370800,2024-10-08 07:00:00,2024-10-08 09:00:00,ringsted,12.6,15.5,4.575,0.125,998.921,98.75,49.7222
1728374400,2024-10-08 08:00:00,2024-10-08 10:00:00,ringsted,13.025,43.0,4.4,0.1,998.513,97.5,38.3333
1728378000,2024-10-08 09:00:00,2024-10-08 11:00:00,ringsted,13.375,66.5,4.375,0.05,997.939,96.5,76.6667
1728381600,2024-10-08 10:00:00,2024-10-08 12:00:00,ringsted,13.7,82.5,4.975,0.6,997.133,95.75,81.6667
1728385200,2024-10-08 11:00:00,2024-10-08 13:00:00,ringsted,13.725,68.0,5.725,0.675,996.433,96.0,85.0
1728388800,2024-10-08 12:00:00,2024-10-08 14:00:00,ringsted,13.65,54.5,5.8,0.7,996.029,96.75,75.7778
1728392400,2024-10-08 13:00:00,2024-10-08 15:00:00,ringsted,13.525,29.0,5.3,0.425,995.465,97.25,66.5
1728396000,2024-10-08 14:00:00,2024-10-08 16:00:00,ringsted,13.75,34.5,4.4,0.225,995.321,97.5,64.4444
1728399600,2024-10-08 15:00:00,2024-10-08 17:00:00,ringsted,14.05,28.0,4.05,0.05,995.154,97.5,66.6667
1728403200,2024-10-08 16:00:00,2024-10-08 18:00:00,ringsted,14.5,28.0,3.15,0.0,995.308,97.25,58.0556
1728406800,2024-10-08 17:00:00,2024-10-08 19:00:00,ringsted,14.4,2.0,2.35,0.0,995.571,97.5,45.5556
1728410400,2024-10-08 18:00:00,2024-10-08 20:00:00,ringsted,14.225,0.0,2.325,0.025,995.433,97.75,43.8889
1728414000,2024-10-08 19:00:00,2024-10-08 21:00:00,ringsted,14.0,0.0,2.375,0.0,995.104,98.0,14.1667
1728417600,2024-10-08 20:00:00,2024-10-08 22:00:00,ringsted,14.0,0.0,2.25,0.0,994.742,98.25,9.72222
1728421200,2024-10-08 21:00:00,2024-10-08 23:00:00,ringsted,14.0,0.0,1.875,0.025,994.612,98.5,10.0
1728424800,2024-10-08 22:00:00,2024-10-09 00:00:00,ringsted,13.7,0.0,1.45,0.0,994.338,98.75,11.6667
1728428400,2024-10-08 23:00:00,2024-10-09 01:00:00,ringsted,13.475,0.0,1.25,0.0,993.971,98.75,23.3333
1728432000,2024-10-09 00:00:00,2024-10-09 02:00:00,ringsted,13.325,0.0,1.15,0.0,993.783,99.0,18.8889
1728435600,2024-10-09 01:00:00,2024-10-09 03:00:00,ringsted,13.1,0.0,1.2,0.0,993.117,99.0,27.7778
1728439200,2024-10-09 02:00:00,2024-10-09 04:00:00,ringsted,12.9,0.0,0.8,0.0,992.625,99.0,34.7778
1728442800,2024-10-09 03:00:00,2024-10-09 05:00:00,ringsted,12.55,0.0,0.75,0.0,992.179,99.0,40.6667
1728446400,2024-10-09 04:00:00,2024-10-09 06:00:00,ringsted,12.25,0.0,1.15,0.0,991.838,99.25,42.3333
1728450000,2024-10-09 05:00:00,2024-10-09 07:00:00,ringsted,12.125,0.0,1.15,0.0,991.546,99.25,38.4444
1728453600,2024-10-09 06:00:00,2024-10-09 08:00:00,ringsted,11.875,1.0,1.35,0.0,991.233,99.25,25.8333
1728457200,2024-10-09 07:00:00,2024-10-09 09:00:00,ringsted,11.775,31.0,1.375,0.0,990.829,99.0,33.6111
1728460800,2024-10-09 08:00:00,2024-10-09 10:00:00,ringsted,12.55,96.5,1.975,0.0,990.287,98.75,43.0556
1728464400,2024-10-09 09:00:00,2024-10-09 11:00:00,ringsted,13.8,219.5,3.25,0.05,989.858,96.0,42.5
1728468000,2024-10-09 10:00:00,2024-10-09 12:00:00,ringsted,14.8,218.5,3.8,0.0,989.329,90.25,29.1667
1728471600,2024-10-09 11:00:00,2024-10-09 13:00:00,ringsted,15.175,184.5,3.75,0.025,988.696,89.0,56.1111
1728475200,2024-10-09 12:00:00,2024-10-09 14:00:00,ringsted,14.9,103.0,4.45,0.875,988.371,88.5,52.5
1728478800,2024-10-09 13:00:00,2024-10-09 15:00:00,ringsted,13.9,104.0,3.925,2.175,987.967,92.25,49.1667
1728482400,2024-10-09 14:00:00,2024-10-09 16:00:00,ringsted,13.45,91.5,3.275,0.875,987.721,94.25,70.8333
1728486000,2024-10-09 15:00:00,2024-10-09 17:00:00,ringsted,13.55,71.5,3.3,1.05,987.179,94.0,58.0556
1728489600,2024-10-09 16:00:00,2024-10-09 18:00:00,ringsted,13.525,36.5,2.45,0.0,986.946,94.75,52.5
1728493200,2024-10-09 17:00:00,2024-10-09 19:00:00,ringsted,13.15,3.0,2.475,0.075,986.871,96.25,46.1111
1728496800,2024-10-09 18:00:00,2024-10-09 20:00:00,ringsted,12.8,0.0,2.6,0.0,986.371,96.25,59.7222
1728500400,2024-10-09 19:00:00,2024-10-09 21:00:00,ringsted,12.525,0.0,2.425,0.0,985.758,96.75,63.3333
1728504000,2024-10-09 20:00:00,2024-10-09 22:00:00,ringsted,12.575,0.0,2.3,0.0,985.196,97.5,39.7222
1728507600,2024-10-09 21:00:00,2024-10-09 23:00:00,ringsted,12.775,0.0,2.35,0.125,984.575,97.5,57.2222
1728511200,2024-10-09 22:00:00,2024-10-10 00:00:00,ringsted,13.175,0.0,2.5,0.525,983.679,97.5,57.2222
1728514800,2024-10-09 23:00:00,2024-10-10 01:00:00,ringsted,13.25,0.0,2.375,0.8,982.746,97.5,51.3889
1728518400,2024-10-10 00:00:00,2024-10-10 02:00:00,ringsted,13.025,0.0,2.45,1.95,981.692,97.5,83.4444
1728522000,2024-10-10 01:00:00,2024-10-10 03:00:00,ringsted,12.875,0.0,1.775,1.475,980.604,98.0,73.8889
1728525600,2024-10-10 02:00:00,2024-10-10 04:00:00,ringsted,13.1,0.0,1.85,1.225,979.796,98.0,58.6111
1728529200,2024-10-10 03:00:00,2024-10-10 05:00:00,ringsted,13.175,0.0,1.875,1.375,979.021,97.75,60.5
1728532800,2024-10-10 04:00:00,2024-10-10 06:00:00,ringsted,13.15,0.0,1.525,2.1,977.979,98.25,57.0556
1728536400,2024-10-10 05:00:00,2024-10-10 07:00:00,ringsted,13.075,0.0,1.1,2.525,977.263,98.25,74.0
1728540000,2024-10-10 06:00:00,2024-10-10 08:00:00,ringsted,12.95,0.5,1.6,2.175,977.092,98.5,76.2778
1728543600,2024-10-10 07:00:00,2024-10-10 09:00:00,ringsted,12.9,7.5,2.5,2.05,977.4,98.5,82.7778
1728547200,2024-10-10 08:00:00,2024-10-10 10:00:00,ringsted,12.675,28.5,4.075,1.875,977.987,97.5,87.5
1728550800,2024-10-10 09:00:00,2024-10-10 11:00:00,ringsted,12.675,35.0,5.35,1.33333,979.258,96.75,67.2222
1728554400,2024-10-10 10:00:00,2024-10-10 12:00:00,ringsted,12.575,163.0,6.5,0.875,980.704,94.0,50.8333
1728558000,2024-10-10 11:00:00,2024-10-10 13:00:00,ringsted,13.0,173.0,6.45,0.0,982.192,91.0,43.8889
1728561600,2024-10-10 12:00:00,2024-10-10 14:00:00,ringsted,13.325,136.0,6.7,0.025,983.917,89.0,47.5
1728565200,2024-10-10 13:00:00,2024-10-10 15:00:00,ringsted,12.85,126.5,7.45,0.025,985.717,88.5,58.0556
1728568800,2024-10-10 14:00:00,2024-10-10 16:00:00,ringsted,12.05,147.0,8.0,0.0,986.938,82.0,53.3333
1728572400,2024-10-10 15:00:00,2024-10-10 17:00:00,ringsted,11.65,114.0,7.55,0.0,988.0,73.75,51.9444
1728576000,2024-10-10 16:00:00,2024-10-10 18:00:00,ringsted,11.225,52.0,6.875,0.0,988.954,68.5,43.8889
1728579600,2024-10-10 17:00:00,2024-10-10 19:00:00,ringsted,10.425,3.5,6.3,0.0,989.629,68.25,29.1667
1728583200,2024-10-10 18:00:00,2024-10-10 20:00:00,ringsted,9.95,0.0,6.2,0.0,990.558,69.5,23.8889
1728586800,2024-10-10 19:00:00,2024-10-10 21:00:00,ringsted,9.65,0.0,6.75,0.0,991.504,70.5,30.0
1728590400,2024-10-10 20:00:00,2024-10-10 22:00:00,ringsted,9.425,0.0,6.875,0.0,992.558,71.75,32.7778
1728594000,2024-10-10 21:00:00,2024-10-10 23:00:00,ringsted,9.425,0.0,7.825,0.0,993.75,70.75,44.7222
1728597600,2024-10-10 22:00:00,2024-10-11 00:00:00,ringsted,9.275,0.0,7.775,0.0,994.704,69.75,30.0
1728601200,2024-10-10 23:00:00,2024-10-11 01:00:00,ringsted,8.975,0.0,6.95,0.0,995.633,68.75,6.94444
1728604800,2024-10-11 00:00:00,2024-10-11 02:00:00,ringsted,8.4,0.0,6.475,0.0,996.35,70.5,3.05556
1728608400,2024-10-11 01:00:00,2024-10-11 03:00:00,ringsted,8.15,0.0,6.275,0.0,997.142,72.75,1.66667
1728612000,2024-10-11 02:00:00,2024-10-11 04:00:00,ringsted,7.975,0.0,6.3,0.0,998.138,74.5,5.27778
1728615600,2024-10-11 03:00:00,2024-10-11 05:00:00,ringsted,7.775,0.0,5.9,0.0,999.067,76.25,29.1667
1728619200,2024-10-11 04:00:00,2024-10-11 06:00:00,ringsted,7.675,0.0,5.45,0.0,999.858,77.25,13.0556
1728622800,2024-10-11 05:00:00,2024-10-11 07:00:00,ringsted,7.4,0.0,4.775,0.0,1000.61,78.0,0.0
1728626400,2024-10-11 06:00:00,2024-10-11 08:00:00,ringsted,7.025,3.5,4.3,0.0,1001.72,78.75,0.0
1728630000,2024-10-11 07:00:00,2024-10-11 09:00:00,ringsted,7.375,72.0,4.2,0.0,1002.75,77.75,0.0
1728633600,2024-10-11 08:00:00,2024-10-11 10:00:00,ringsted,8.5,196.5,5.025,0.0,1003.72,74.0,0.555556
1728637200,2024-10-11 09:00:00,2024-10-11 11:00:00,ringsted,9.6,309.0,5.7,0.0,1004.57,69.5,21.1111
1728640800,2024-10-11 10:00:00,2024-10-11 12:00:00,ringsted,10.25,389.5,6.65,0.0,1005.22,63.75,35.5556
1728644400,2024-10-11 11:00:00,2024-10-11 13:00:00,ringsted,10.65,407.5,6.45,0.0,1005.85,60.25,41.9444
1728648000,2024-10-11 12:00:00,2024-10-11 14:00:00,ringsted,10.975,430.0,6.15,0.0,1006.57,58.5,33.8889
1728651600,2024-10-11 13:00:00,2024-10-11 15:00:00,ringsted,11.175,371.5,5.625,0.0,1007.17,58.75,31.1111
1728655200,2024-10-11 14:00:00,2024-10-11 16:00:00,ringsted,11.6,312.0,5.95,0.0,1007.61,61.25,27.5
1728658800,2024-10-11 15:00:00,2024-10-11 17:00:00,ringsted,11.375,155.5,5.0,0.0,1008.13,64.5,35.0
1728662400,2024-10-11 16:00:00,2024-10-11 18:00:00,ringsted,10.375,56.5,4.55,0.175,1008.61,72.5,12.5
1728666000,2024-10-11 17:00:00,2024-10-11 19:00:00,ringsted,9.275,3.5,4.0,0.0,1009.03,80.5,20.0
1728669600,2024-10-11 18:00:00,2024-10-11 20:00:00,ringsted,9.3,0.0,4.475,0.0,1009.46,81.75,37.5
1728673200,2024-10-11 19:00:00,2024-10-11 21:00:00,ringsted,9.55,0.0,4.825,0.0,1009.86,81.5,19.4444
1728676800,2024-10-11 20:00:00,2024-10-11 22:00:00,ringsted,9.375,0.0,4.975,0.0,1010.38,83.5,26.1111
1728680400,2024-10-11 21:00:00,2024-10-11 23:00:00,ringsted,9.4,0.0,4.7,0.0,1010.87,83.0,21.9444
1728684000,2024-10-11 22:00:00,2024-10-12 00:00:00,ringsted,9.0,0.0,3.8,0.0,1011.13,84.0,14.4444
1728687600,2024-10-11 23:00:00,2024-10-12 01:00:00,ringsted,8.65,0.0,3.3,0.0,1011.56,85.75,24.1667
1728691200,2024-10-12 00:00:00,2024-10-12 02:00:00,ringsted,8.65,0.0,3.5,0.0,1011.93,87.0,3.05556
1728694800,2024-10-12 01:00:00,2024-10-12 03:00:00,ringsted,7.95,0.0,3.275,0.0,1012.11,89.75,5.0
1728698400,2024-10-12 02:00:00,2024-10-12 04:00:00,ringsted,7.825,0.0,3.15,0.0,1012.25,91.5,22.2222
1728702000,2024-10-12 03:00:00,2024-10-12 05:00:00,ringsted,7.6,0.0,3.025,0.0,1012.42,93.0,27.5
1728705600,2024-10-12 04:00:00,2024-10-12 06:00:00,ringsted,7.775,0.0,3.275,0.0,1012.32,92.25,12.7778
1728709200,2024-10-12 05:00:00,2024-10-12 07:00:00,ringsted,7.625,0.0,2.85,0.0,1012.33,92.75,0.0
1728712800,2024-10-12 06:00:00,2024-10-12 08:00:00,ringsted,6.85,3.0,2.625,0.0,1012.58,94.5,0.0
1728716400,2024-10-12 07:00:00,2024-10-12 09:00:00,ringsted,7.375,74.5,2.8,0.0,1012.99,94.0,0.0
1728720000,2024-10-12 08:00:00,2024-10-12 10:00:00,ringsted,9.15,191.0,3.8,0.0,1013.3,86.75,0.0
1728723600,2024-10-12 09:00:00,2024-10-12 11:00:00,ringsted,10.325,300.5,4.925,0.0,1013.43,76.0,0.0
1728727200,2024-10-12 10:00:00,2024-10-12 12:00:00,ringsted,11.1,371.0,5.1,0.0,1013.17,69.75,13.3333
1728730800,2024-10-12 11:00:00,2024-10-12 13:00:00,ringsted,11.625,412.5,5.55,0.0,1012.49,65.5,11.3889
1728734400,2024-10-12 12:00:00,2024-10-12 14:00:00,ringsted,11.825,354.5,5.475,0.0,1011.63,64.75,17.2222
1728738000,2024-10-12 13:00:00,2024-10-12 15:00:00,ringsted,11.725,265.0,5.425,0.0,1010.76,65.0,6.94444
1728741600,2024-10-12 14:00:00,2024-10-12 16:00:00,ringsted,11.325,185.0,5.125,0.0,1009.89,67.5,13.3333
1728745200,2024-10-12 15:00:00,2024-10-12 17:00:00,ringsted,10.9,92.0,4.825,0.0,1009.25,69.75,23.6111
1728748800,2024-10-12 16:00:00,2024-10-12 18:00:00,ringsted,10.6,25.5,4.55,0.0,1008.46,69.5,55.8333
1728752400,2024-10-12 17:00:00,2024-10-12 19:00:00,ringsted,10.375,0.5,4.6,0.0,1007.41,69.5,65.0
1728756000,2024-10-12 18:00:00,2024-10-12 20:00:00,ringsted,10.325,0.0,5.125,0.0,1006.33,70.75,76.1111
1728759600,2024-10-12 19:00:00,2024-10-12 21:00:00,ringsted,10.525,0.0,6.05,0.0,1005.47,71.0,83.8889
1728763200,2024-10-12 20:00:00,2024-10-12 22:00:00,ringsted,10.475,0.0,5.975,0.0,1004.05,71.0,63.3333
1728766800,2024-10-12 21:00:00,2024-10-12 23:00:00,ringsted,10.45,0.0,5.875,0.0,1002.66,71.75,75.5556
1728770400,2024-10-12 22:00:00,2024-10-13 00:00:00,ringsted,10.425,0.0,6.1,0.0,1001.44,72.0,87.7778
1728774000,2024-10-12 23:00:00,2024-10-13 01:00:00,ringsted,10.35,0.0,5.575,0.0,999.908,72.5,60.0
1728777600,2024-10-13 00:00:00,2024-10-13 02:00:00,ringsted,10.025,0.0,5.0,0.0,998.529,74.25,61.3889
1728781200,2024-10-13 01:00:00,2024-10-13 03:00:00,ringsted,9.75,0.0,4.625,0.0,997.013,77.5,66.1111
1728784800,2024-10-13 02:00:00,2024-10-13 04:00:00,ringsted,9.625,0.0,4.5,0.0,995.583,80.25,44.4444
1728788400,2024-10-13 03:00:00,2024-10-13 05:00:00,ringsted,9.55,0.0,4.05,0.0,994.496,82.0,52.5
1728792000,2024-10-13 04:00:00,2024-10-13 06:00:00,ringsted,9.35,0.0,3.2,0.0,993.554,83.75,60.2778
1728795600,2024-10-13 05:00:00,2024-10-13 07:00:00,ringsted,9.225,0.0,3.0,0.225,992.733,86.25,65.5556
1728799200,2024-10-13 06:00:00,2024-10-13 08:00:00,ringsted,9.075,0.0,2.55,0.85,992.583,90.0,73.8889
1728802800,2024-10-13 07:00:00,2024-10-13 09:00:00,ringsted,8.825,8.5,1.6,0.6,992.85,93.5,67.2222
1728806400,2024-10-13 08:00:00,2024-10-13 10:00:00,ringsted,8.775,43.0,2.1,0.6,993.254,94.5,69.4444
1728810000,2024-10-13 09:00:00,2024-10-13 11:00:00,ringsted,9.225,97.5,2.95,0.125,994.008,93.5,70.0
1728813600,2024-10-13 10:00:00,2024-10-13 12:00:00,ringsted,9.7,113.0,4.1,0.025,994.942,91.25,47.5
1728817200,2024-10-13 11:00:00,2024-10-13 13:00:00,ringsted,9.975,133.5,5.375,0.0,995.933,88.5,42.7778
1728820800,2024-10-13 12:00:00,2024-10-13 14:00:00,ringsted,10.6,282.5,5.7,0.0,996.883,84.25,29.4444
1728824400,2024-10-13 13:00:00,2024-10-13 15:00:00,ringsted,11.45,290.5,5.45,0.0,998.017,78.5,31.9444
1728828000,2024-10-13 14:00:00,2024-10-13 16:00:00,ringsted,11.65,286.0,5.725,0.0,999.035,76.75,58.3333
1728831600,2024-10-13 15:00:00,2024-10-13 17:00:00,ringsted,11.55,141.5,5.4,0.0,1000.23,77.0,34.7222
1728835200,2024-10-13 16:00:00,2024-10-13 18:00:00,ringsted,11.175,59.0,4.425,0.0,1001.07,79.5,38.8889
1728838800,2024-10-13 17:00:00,2024-10-13 19:00:00,ringsted,10.45,1.0,3.5,0.0,1001.67,82.5,36.6667
1728842400,2024-10-13 18:00:00,2024-10-13 20:00:00,ringsted,9.95,0.0,3.525,0.0,1002.35,85.0,55.8333
1728846000,2024-10-13 19:00:00,2024-10-13 21:00:00,ringsted,9.975,0.0,3.9,0.0,1002.91,86.25,50.2778
1728849600,2024-10-13 20:00:00,2024-10-13 22:00:00,ringsted,9.95,0.0,4.1,0.0,1003.42,87.75,43.6111
1728853200,2024-10-13 21:00:00,2024-10-13 23:00:00,ringsted,10.025,0.0,4.025,0.0,1003.94,88.25,44.7222
1728856800,2024-10-13 22:00:00,2024-10-14 00:00:00,ringsted,10.125,0.0,3.925,0.025,1004.42,89.75,51.1111
1728860400,2024-10-13 23:00:00,2024-10-14 01:00:00,ringsted,9.975,0.0,3.25,0.25,1005.16,92.5,43.0556
1728864000,2024-10-14 00:00:00,2024-10-14 02:00:00,ringsted,9.825,0.0,3.375,0.075,1005.97,94.0,41.3889
1728867600,2024-10-14 01:00:00,2024-10-14 03:00:00,ringsted,9.975,0.0,3.925,0.0,1006.36,93.75,39.4444
1728871200,2024-10-14 02:00:00,2024-10-14 04:00:00,ringsted,9.875,0.0,3.9,0.0,1006.58,93.0,18.8889
1728874800,2024-10-14 03:00:00,2024-10-14 05:00:00,ringsted,9.35,0.0,3.325,0.0,1007.11,93.5,12.7778
1728878400,2024-10-14 04:00:00,2024-10-14 06:00:00,ringsted,8.975,0.0,3.125,0.0,1007.52,94.75,36.9444
1728882000,2024-10-14 05:00:00,2024-10-14 07:00:00,ringsted,8.9,0.0,3.025,0.0,1007.92,94.5,36.6667
1728885600,2024-10-14 06:00:00,2024-10-14 08:00:00,ringsted,9.0,0.5,3.35,0.25,1008.32,95.0,21.3889
1728889200,2024-10-14 07:00:00,2024-10-14 09:00:00,ringsted,8.875,29.5,3.3,0.7,1008.91,95.25,22.2222
1728892800,2024-10-14 08:00:00,2024-10-14 10:00:00,ringsted,9.425,114.5,3.7,0.375,1009.51,93.75,37.5
1728896400,2024-10-14 09:00:00,2024-10-14 11:00:00,ringsted,10.125,208.5,5.025,0.025,1010.0,87.25,44.6429
1728900000,2024-10-14 10:00:00,2024-10-14 12:00:00,ringsted,10.6,335.0,5.95,0.0,1010.45,80.25,23.3333
1728903600,2024-10-14 11:00:00,2024-10-14 13:00:00,ringsted,11.125,419.0,6.375,0.0,1010.68,71.5,16.6667
1728907200,2024-10-14 12:00:00,2024-10-14 14:00:00,ringsted,11.325,338.0,5.8,0.0,1010.78,68.5,27.0833
1728910800,2024-10-14 13:00:00,2024-10-14 15:00:00,ringsted,11.15,227.0,5.8,0.0,1010.94,66.5,8.75
1728914400,2024-10-14 14:00:00,2024-10-14 16:00:00,ringsted,10.75,127.0,5.1,0.0,1011.01,66.25,12.5
1728918000,2024-10-14 15:00:00,2024-10-14 17:00:00,ringsted,10.425,88.5,3.925,0.0,1011.17,68.0,18.75
1728921600,2024-10-14 16:00:00,2024-10-14 18:00:00,ringsted,9.7,39.0,2.85,0.0,1011.64,72.0,19.5833
1728925200,2024-10-14 17:00:00,2024-10-14 19:00:00,ringsted,8.45,2.0,2.225,0.0,1012.25,76.75,29.5833
1728928800,2024-10-14 18:00:00,2024-10-14 20:00:00,ringsted,8.0,0.0,1.75,0.0,1012.62,80.0,48.3333
1728932400,2024-10-14 19:00:00,2024-10-14 21:00:00,ringsted,8.125,0.0,2.375,0.0,1013.11,79.5,37.0833
1728936000,2024-10-14 20:00:00,2024-10-14 22:00:00,ringsted,7.65,0.0,2.075,0.0,1013.59,81.75,9.16667
1728939600,2024-10-14 21:00:00,2024-10-14 23:00:00,ringsted,6.725,0.0,2.2,0.0,1014.12,85.0,13.3333
1728943200,2024-10-14 22:00:00,2024-10-15 00:00:00,ringsted,6.0,0.0,2.425,0.0,1014.5,87.0,8.33333
1728946800,2024-10-14 23:00:00,2024-10-15 01:00:00,ringsted,5.775,0.0,2.375,0.0,1014.73,87.5,0.0
1728950400,2024-10-15 00:00:00,2024-10-15 02:00:00,ringsted,5.725,0.0,2.575,0.0,1015.09,87.75,0.0
1728954000,2024-10-15 01:00:00,2024-10-15 03:00:00,ringsted,5.4,0.0,2.75,0.0,1015.39,88.75,0.0
1728957600,2024-10-15 02:00:00,2024-10-15 04:00:00,ringsted,5.35,0.0,2.8,0.0,1015.55,89.0,0.0
1728961200,2024-10-15 03:00:00,2024-10-15 05:00:00,ringsted,5.35,0.0,2.7,0.0,1015.99,89.25,1.66667
1728964800,2024-10-15 04:00:00,2024-10-15 06:00:00,ringsted,4.875,0.0,2.325,0.0,1016.59,90.75,15.4167
1728968400,2024-10-15 05:00:00,2024-10-15 07:00:00,ringsted,4.75,0.0,2.325,0.0,1017.2,91.75,3.33333
1728972000,2024-10-15 06:00:00,2024-10-15 08:00:00,ringsted,4.075,1.0,1.675,0.0,1017.94,93.25,42.0833
1728975600,2024-10-15 07:00:00,2024-10-15 09:00:00,ringsted,4.6,65.5,1.825,0.0,1018.59,92.75,42.9167
1728979200,2024-10-15 08:00:00,2024-10-15 10:00:00,ringsted,7.0,188.5,2.45,0.0,1019.09,86.5,25.8333
1728982800,2024-10-15 09:00:00,2024-10-15 11:00:00,ringsted,8.95,299.5,2.55,0.0,1019.37,80.25,17.5
1728986400,2024-10-15 10:00:00,2024-10-15 12:00:00,ringsted,10.475,372.5,2.8,0.0,1019.96,74.75,25.4167
1728990000,2024-10-15 11:00:00,2024-10-15 13:00:00,ringsted,11.05,392.5,2.375,0.0,1020.22,71.5,5.83333
1728993600,2024-10-15 12:00:00,2024-10-15 14:00:00,ringsted,11.6,354.0,2.25,0.0,1020.33,67.5,0.0
1728997200,2024-10-15 13:00:00,2024-10-15 15:00:00,ringsted,11.875,340.5,1.9,0.0,1020.57,64.5,4.58333
1729000800,2024-10-15 14:00:00,2024-10-15 16:00:00,ringsted,11.625,240.5,2.075,0.0,1020.62,67.25,0.0
1729004400,2024-10-15 15:00:00,2024-10-15 17:00:00,ringsted,11.325,167.5,1.85,0.0,1020.85,69.0,0.0
1729008000,2024-10-15 16:00:00,2024-10-15 18:00:00,ringsted,10.525,58.5,1.375,0.0,1021.1,73.75,0.0
1729011600,2024-10-15 17:00:00,2024-10-15 19:00:00,ringsted,8.425,1.0,0.5,0.0,1021.54,85.75,0.0
1729015200,2024-10-15 18:00:00,2024-10-15 20:00:00,ringsted,6.775,0.0,0.7,0.0,1021.74,91.5,0.0
1729018800,2024-10-15 19:00:00,2024-10-15 21:00:00,ringsted,6.075,0.0,1.15,0.0,1022.0,92.25,0.0
1729022400,2024-10-15 20:00:00,2024-10-15 22:00:00,ringsted,5.275,0.0,0.875,0.0,1022.22,93.5,0.0
1729026000,2024-10-15 21:00:00,2024-10-15 23:00:00,ringsted,4.925,0.0,1.275,0.0,1022.16,93.75,0.0
1729029600,2024-10-15 22:00:00,2024-10-16 00:00:00,ringsted,4.9,0.0,1.55,0.0,1022.05,94.75,0.0
1729033200,2024-10-15 23:00:00,2024-10-16 01:00:00,ringsted,4.6,0.0,1.475,0.0,1021.9,95.25,7.08333
1729036800,2024-10-16 00:00:00,2024-10-16 02:00:00,ringsted,4.15,0.0,1.15,0.0,1021.72,96.0,0.0
1729040400,2024-10-16 01:00:00,2024-10-16 03:00:00,ringsted,4.525,0.0,1.35,0.0,1021.46,95.0,0.0
1729044000,2024-10-16 02:00:00,2024-10-16 04:00:00,ringsted,4.5,0.0,1.475,0.0,1021.4,95.5,15.4167
1729047600,2024-10-16 03:00:00,2024-10-16 05:00:00,ringsted,4.575,0.0,1.9,0.0,1021.39,95.25,0.833333
1729051200,2024-10-16 04:00:00,2024-10-16 06:00:00,ringsted,4.825,0.0,2.575,0.0,1021.19,94.25,0.0
1729054800,2024-10-16 05:00:00,2024-10-16 07:00:00,ringsted,6.075,0.0,3.25,0.0,1021.04,87.0,0.0
1729058400,2024-10-16 06:00:00,2024-10-16 08:00:00,ringsted,6.775,2.5,3.875,0.0,1021.3,82.25,12.2727
1729062000,2024-10-16 07:00:00,2024-10-16 09:00:00,ringsted,7.5,55.0,4.5,0.0,1021.3,80.0,13.75
1729065600,2024-10-16 08:00:00,2024-10-16 10:00:00,ringsted,9.025,168.5,6.1,0.0,1021.11,76.0,10.0
1729069200,2024-10-16 09:00:00,2024-10-16 11:00:00,ringsted,10.05,241.5,7.325,0.0,1020.89,71.25,6.66667
1729072800,2024-10-16 10:00:00,2024-10-16 12:00:00,ringsted,10.775,299.5,8.025,0.0,1020.47,67.75,4.16667
1729076400,2024-10-16 11:00:00,2024-10-16 13:00:00,ringsted,11.25,373.0,8.8,0.0,1019.91,66.5,7.5
1729080000,2024-10-16 12:00:00,2024-10-16 14:00:00,ringsted,11.5,367.0,8.75,0.0,1019.09,66.0,4.16667
1729083600,2024-10-16 13:00:00,2024-10-16 15:00:00,ringsted,11.525,324.5,8.975,0.0,1018.4,65.25,14.5833
1729087200,2024-10-16 14:00:00,2024-10-16 16:00:00,ringsted,11.425,289.5,8.525,0.0,1017.76,65.75,47.5
1729090800,2024-10-16 15:00:00,2024-10-16 17:00:00,ringsted,11.025,177.0,8.725,0.0,1017.43,69.75,45.0
1729094400,2024-10-16 16:00:00,2024-10-16 18:00:00,ringsted,10.375,46.0,8.025,0.0,1017.09,75.0,29.5833
1729098000,2024-10-16 17:00:00,2024-10-16 19:00:00,ringsted,10.05,1.5,7.95,0.0,1016.88,76.0,21.6667
1729101600,2024-10-16 18:00:00,2024-10-16 20:00:00,ringsted,10.2,0.0,7.925,0.0,1017.01,75.25,0.0
1729105200,2024-10-16 19:00:00,2024-10-16 21:00:00,ringsted,10.325,0.0,7.25,0.0,1016.65,74.5,0.0
1729108800,2024-10-16 20:00:00,2024-10-16 22:00:00,ringsted,10.35,0.0,7.15,0.0,1016.22,73.75,0.0
1729112400,2024-10-16 21:00:00,2024-10-16 23:00:00,ringsted,10.325,0.0,7.025,0.0,1015.82,73.5,0.0
1729116000,2024-10-16 22:00:00,2024-10-17 00:00:00,ringsted,10.175,0.0,6.725,0.0,1015.42,75.5,2.5
1729119600,2024-10-16 23:00:00,2024-10-17 01:00:00,ringsted,10.0,0.0,6.675,0.0,1014.98,77.5,9.16667
1729123200,2024-10-17 00:00:00,2024-10-17 02:00:00,ringsted,9.875,0.0,6.525,0.0,1014.51,78.25,42.5
1729126800,2024-10-17 01:00:00,2024-10-17 03:00:00,ringsted,9.8,0.0,6.225,0.0,1013.96,80.0,54.1667
1729130400,2024-10-17 02:00:00,2024-10-17 04:00:00,ringsted,9.725,0.0,6.55,0.0,1013.49,81.5,5.0
1729134000,2024-10-17 03:00:00,2024-10-17 05:00:00,ringsted,9.675,0.0,6.3,0.0,1013.03,82.5,0.0
1729137600,2024-10-17 04:00:00,2024-10-17 06:00:00,ringsted,9.7,0.0,6.5,0.0,1012.63,82.0,0.0
1729141200,2024-10-17 05:00:00,2024-10-17 07:00:00,ringsted,9.575,0.0,6.675,0.0,1012.47,82.5,0.0
1729144800,2024-10-17 06:00:00,2024-10-17 08:00:00,ringsted,9.475,1.0,6.825,0.0,1012.57,82.75,0.0
1729148400,2024-10-17 07:00:00,2024-10-17 09:00:00,ringsted,9.675,49.0,7.0,0.0,1012.6,81.5,0.0
1729152000,2024-10-17 08:00:00,2024-10-17 10:00:00,ringsted,10.35,162.0,7.525,0.0,1012.16,78.75,0.0
1729155600,2024-10-17 09:00:00,2024-10-17 11:00:00,ringsted,10.95,274.5,8.15,0.0,1011.94,75.75,2.5
1729159200,2024-10-17 10:00:00,2024-10-17 12:00:00,ringsted,11.45,345.5,7.85,0.0,1011.67,74.0,0.833333
1729162800,2024-10-17 11:00:00,2024-10-17 13:00:00,ringsted,11.775,344.0,7.95,0.0,1011.58,73.5,3.33333
1729166400,2024-10-17 12:00:00,2024-10-17 14:00:00,ringsted,12.1,354.5,7.475,0.0,1011.32,73.75,5.0
1729170000,2024-10-17 13:00:00,2024-10-17 15:00:00,ringsted,12.0,282.5,7.5,0.0,1011.33,74.5,8.75
1729173600,2024-10-17 14:00:00,2024-10-17 16:00:00,ringsted,11.75,151.5,6.5,0.0,1011.38,77.0,6.66667
1729177200,2024-10-17 15:00:00,2024-10-17 17:00:00,ringsted,11.575,90.0,5.75,0.0,1011.23,79.0,12.5
1729180800,2024-10-17 16:00:00,2024-10-17 18:00:00,ringsted,11.575,44.0,5.15,0.0,1011.4,80.75,1.66667
1729184400,2024-10-17 17:00:00,2024-10-17 19:00:00,ringsted,11.375,2.5,4.075,0.0,1011.6,83.5,0.0
1729188000,2024-10-17 18:00:00,2024-10-17 20:00:00,ringsted,11.3,0.0,4.1,0.0,1011.74,85.75,0.0
1729191600,2024-10-17 19:00:00,2024-10-17 21:00:00,ringsted,11.725,0.0,3.925,0.0,1011.8,84.5,26.25
1729195200,2024-10-17 20:00:00,2024-10-17 22:00:00,ringsted,12.275,0.0,3.625,0.0,1011.96,83.0,54.1667
1729198800,2024-10-17 21:00:00,2024-10-17 23:00:00,ringsted,12.575,0.0,3.625,0.05,1012.08,82.75,60.8333
1729202400,2024-10-17 22:00:00,2024-10-18 00:00:00,ringsted,12.375,0.0,3.05,0.0,1012.21,85.5,50.0
1729206000,2024-10-17 23:00:00,2024-10-18 01:00:00,ringsted,12.35,0.0,2.65,0.0,1012.23,86.0,50.0
1729209600,2024-10-18 00:00:00,2024-10-18 02:00:00,ringsted,12.275,0.0,2.6,0.0,1012.35,86.75,50.0
1729213200,2024-10-18 01:00:00,2024-10-18 03:00:00,ringsted,12.2,0.0,2.35,0.0,1012.19,88.25,53.3333
1729216800,2024-10-18 02:00:00,2024-10-18 04:00:00,ringsted,12.075,0.0,2.1,0.0,1012.05,89.0,50.0
1729220400,2024-10-18 03:00:00,2024-10-18 05:00:00,ringsted,12.05,0.0,2.325,0.0,1012.13,89.25,50.0
1729224000,2024-10-18 04:00:00,2024-10-18 06:00:00,ringsted,12.075,0.0,2.1,0.0,1012.34,90.0,50.0
1729227600,2024-10-18 05:00:00,2024-10-18 07:00:00,ringsted,12.0,0.0,2.2,0.0,1012.76,90.75,50.0
1729231200,2024-10-18 06:00:00,2024-10-18 08:00:00,ringsted,11.925,0.0,2.25,0.0,1013.03,91.5,50.0
1729234800,2024-10-18 07:00:00,2024-10-18 09:00:00,ringsted,11.975,18.0,1.875,0.0,1013.19,91.75,50.0
1729238400,2024-10-18 08:00:00,2024-10-18 10:00:00,ringsted,12.1,39.0,1.425,0.0,1013.27,91.25,50.0
1729242000,2024-10-18 09:00:00,2024-10-18 11:00:00,ringsted,12.475,71.0,1.575,0.0,1013.3,89.75,50.0
1729245600,2024-10-18 10:00:00,2024-10-18 12:00:00,ringsted,12.875,116.5,1.725,0.0,1013.33,89.0,50.0
1729249200,2024-10-18 11:00:00,2024-10-18 13:00:00,ringsted,13.35,129.0,1.95,0.0,1013.09,88.25,50.0
1729252800,2024-10-18 12:00:00,2024-10-18 14:00:00,ringsted,13.85,174.5,2.675,0.0,1012.69,85.5,50.0
1729256400,2024-10-18 13:00:00,2024-10-18 15:00:00,ringsted,13.95,175.5,2.825,0.0,1012.5,83.75,37.0833
1729260000,2024-10-18 14:00:00,2024-10-18 16:00:00,ringsted,13.875,154.5,3.175,0.0,1012.52,83.75,33.3333
1729263600,2024-10-18 15:00:00,2024-10-18 17:00:00,ringsted,13.375,62.0,2.825,0.0,1012.63,85.75,46.6667
1729267200,2024-10-18 16:00:00,2024-10-18 18:00:00,ringsted,12.775,22.5,2.875,0.0,1012.75,88.75,45.0
1729270800,2024-10-18 17:00:00,2024-10-18 19:00:00,ringsted,12.0,0.5,2.975,0.0,1012.67,91.0,45.8333
1729274400,2024-10-18 18:00:00,2024-10-18 20:00:00,ringsted,11.4,0.0,2.9,0.0,1012.81,93.25,49.1667
1729278000,2024-10-18 19:00:00,2024-10-18 21:00:00,ringsted,11.125,0.0,2.75,0.0,1012.68,94.0,10.4167
1729281600,2024-10-18 20:00:00,2024-10-18 22:00:00,ringsted,10.725,0.0,2.45,0.0,1012.5,95.0,0.0
1729285200,2024-10-18 21:00:00,2024-10-18 23:00:00,ringsted,10.35,0.0,2.55,0.0,1012.21,96.0,0.0
1729288800,2024-10-18 22:00:00,2024-10-19 00:00:00,ringsted,10.65,0.0,2.675,0.0,1011.92,95.25,15.4167
1729292400,2024-10-18 23:00:00,2024-10-19 01:00:00,ringsted,10.35,0.0,2.3,0.0,1011.83,95.75,58.3333
1729296000,2024-10-19 00:00:00,2024-10-19 02:00:00,ringsted,10.375,0.0,2.275,0.0,1011.81,96.25,59.1667
1729299600,2024-10-19 01:00:00,2024-10-19 03:00:00,ringsted,10.35,0.0,2.4,0.0,1011.46,95.75,35.0
1729303200,2024-10-19 02:00:00,2024-10-19 04:00:00,ringsted,9.975,0.0,2.05,0.0,1011.0,95.75,5.83333
1729306800,2024-10-19 03:00:00,2024-10-19 05:00:00,ringsted,9.775,0.0,2.225,0.0,1010.85,96.0,15.8333
1729310400,2024-10-19 04:00:00,2024-10-19 06:00:00,ringsted,9.725,0.0,2.1,0.0,1010.99,96.75,0.0
1729314000,2024-10-19 05:00:00,2024-10-19 07:00:00,ringsted,9.175,0.0,1.85,0.0,1011.03,97.0,0.0
1729317600,2024-10-19 06:00:00,2024-10-19 08:00:00,ringsted,8.975,0.5,1.7,0.0,1011.35,97.25,0.0
1729321200,2024-10-19 07:00:00,2024-10-19 09:00:00,ringsted,9.425,33.5,2.525,0.0,1011.48,95.75,0.833333
1729324800,2024-10-19 08:00:00,2024-10-19 10:00:00,ringsted,10.925,105.5,3.025,0.0,1011.42,93.0,22.0833
1729328400,2024-10-19 09:00:00,2024-10-19 11:00:00,ringsted,12.075,185.5,4.1,0.0,1011.31,88.0,35.0
1729332000,2024-10-19 10:00:00,2024-10-19 12:00:00,ringsted,12.75,277.5,4.85,0.0,1011.47,82.25,14.1667
1729335600,2024-10-19 11:00:00,2024-10-19 13:00:00,ringsted,12.9,250.5,4.875,0.0,1011.63,80.25,18.75
1729339200,2024-10-19 12:00:00,2024-10-19 14:00:00,ringsted,12.775,258.5,4.725,0.0,1011.53,81.0,35.4167
1729342800,2024-10-19 13:00:00,2024-10-19 15:00:00,ringsted,12.975,211.5,4.625,0.0,1011.76,81.25,30.4167
1729346400,2024-10-19 14:00:00,2024-10-19 16:00:00,ringsted,12.825,159.5,4.575,0.0,1011.92,83.5,27.9167
1729350000,2024-10-19 15:00:00,2024-10-19 17:00:00,ringsted,12.9,39.5,4.025,0.0,1012.11,86.0,50.0
1729353600,2024-10-19 16:00:00,2024-10-19 18:00:00,ringsted,13.05,5.0,3.525,0.0,1012.3,90.25,50.0
1729357200,2024-10-19 17:00:00,2024-10-19 19:00:00,ringsted,13.275,0.0,3.35,0.0,1012.49,90.5,52.5
1729360800,2024-10-19 18:00:00,2024-10-19 20:00:00,ringsted,13.425,0.0,3.275,0.0,1012.66,90.0,50.0
1729364400,2024-10-19 19:00:00,2024-10-19 21:00:00,ringsted,13.825,0.0,3.525,0.0,1012.97,90.25,50.0
1729368000,2024-10-19 20:00:00,2024-10-19 22:00:00,ringsted,13.975,0.0,3.7,0.0,1013.35,91.0,50.0
1729371600,2024-10-19 21:00:00,2024-10-19 23:00:00,ringsted,14.2,0.0,3.875,0.025,1013.49,91.25,49.1667
1729375200,2024-10-19 22:00:00,2024-10-20 00:00:00,ringsted,14.2,0.0,3.45,0.0,1013.94,92.25,42.9167
1729378800,2024-10-19 23:00:00,2024-10-20 01:00:00,ringsted,14.225,0.0,3.2,0.0,1014.38,93.25,55.0
1729382400,2024-10-20 00:00:00,2024-10-20 02:00:00,ringsted,14.35,0.0,3.4,0.05,1014.57,94.5,50.8333
1729386000,2024-10-20 01:00:00,2024-10-20 03:00:00,ringsted,14.125,0.0,3.575,0.0,1014.74,96.0,50.0
1729389600,2024-10-20 02:00:00,2024-10-20 04:00:00,ringsted,13.7,0.0,3.3,0.025,1014.97,96.5,51.6667
1729393200,2024-10-20 03:00:00,2024-10-20 05:00:00,ringsted,13.1,0.0,2.95,0.025,1015.26,96.5,50.0
1729396800,2024-10-20 04:00:00,2024-10-20 06:00:00,ringsted,12.575,0.0,3.2,0.0,1015.77,96.25,45.8333
1729400400,2024-10-20 05:00:00,2024-10-20 07:00:00,ringsted,12.4,0.0,3.375,0.0,1016.2,96.5,42.5
1729404000,2024-10-20 06:00:00,2024-10-20 08:00:00,ringsted,12.075,0.0,2.9,0.0,1016.08,95.75,14.5833
1729407600,2024-10-20 07:00:00,2024-10-20 09:00:00,ringsted,11.575,33.0,3.0,0.0,1016.49,96.25,0.0
1729411200,2024-10-20 08:00:00,2024-10-20 10:00:00,ringsted,12.725,142.5,2.95,0.0,1016.4,93.25,0.0
1729414800,2024-10-20 09:00:00,2024-10-20 11:00:00,ringsted,14.125,252.5,3.4,0.0,1016.08,88.0,0.833333
1729418400,2024-10-20 10:00:00,2024-10-20 12:00:00,ringsted,15.125,299.0,3.95,0.0,1015.82,84.0,0.0
1729422000,2024-10-20 11:00:00,2024-10-20 13:00:00,ringsted,15.675,279.5,4.725,0.0,1015.67,81.25,7.08333
1729425600,2024-10-20 12:00:00,2024-10-20 14:00:00,ringsted,15.95,257.0,4.725,0.0,1015.28,79.5,9.16667
1729429200,2024-10-20 13:00:00,2024-10-20 15:00:00,ringsted,15.7,186.0,4.35,0.0,1014.86,79.25,4.16667
1729432800,2024-10-20 14:00:00,2024-10-20 16:00:00,ringsted,15.225,116.0,3.925,0.0,1013.97,82.0,4.16667
1729436400,2024-10-20 15:00:00,2024-10-20 17:00:00,ringsted,14.725,49.0,3.925,0.0,1013.55,85.75,50.0
1729440000,2024-10-20 16:00:00,2024-10-20 18:00:00,ringsted,14.3,10.5,3.725,0.0,1012.85,88.25,32.5
1729443600,2024-10-20 17:00:00,2024-10-20 19:00:00,ringsted,14.0,0.0,4.2,0.0,1012.25,89.5,67.0833
1729447200,2024-10-20 18:00:00,2024-10-20 20:00:00,ringsted,14.325,0.0,4.75,0.0,1012.0,87.25,49.5833
1729450800,2024-10-20 19:00:00,2024-10-20 21:00:00,ringsted,14.675,0.0,5.65,0.0,1011.64,86.75,57.5
1729454400,2024-10-20 20:00:00,2024-10-20 22:00:00,ringsted,14.725,0.0,6.025,0.0,1011.67,87.0,96.6667
1729458000,2024-10-20 21:00:00,2024-10-20 23:00:00,ringsted,14.8,0.0,5.925,0.0,1010.99,87.5,81.6667
1729461600,2024-10-20 22:00:00,2024-10-21 00:00:00,ringsted,14.85,0.0,6.0,0.0,1011.0,86.5,48.3333
1729465200,2024-10-20 23:00:00,2024-10-21 01:00:00,ringsted,14.95,0.0,6.0,0.0,1010.84,85.25,47.5
1729468800,2024-10-21 00:00:00,2024-10-21 02:00:00,ringsted,14.95,0.0,6.025,0.0,1010.7,84.0,50.0
1729472400,2024-10-21 01:00:00,2024-10-21 03:00:00,ringsted,14.975,0.0,6.45,0.0,1010.46,82.25,50.0
1729476000,2024-10-21 02:00:00,2024-10-21 04:00:00,ringsted,15.0,0.0,6.575,0.0,1010.57,82.0,50.8333
1729479600,2024-10-21 03:00:00,2024-10-21 05:00:00,ringsted,14.575,0.0,6.525,0.2,1010.62,86.5,51.6667
1729483200,2024-10-21 04:00:00,2024-10-21 06:00:00,ringsted,14.15,0.0,6.275,0.125,1010.89,91.5,45.0
1729486800,2024-10-21 05:00:00,2024-10-21 07:00:00,ringsted,14.2,0.0,6.275,0.0,1011.67,91.5,45.0
1729490400,2024-10-21 06:00:00,2024-10-21 08:00:00,ringsted,14.075,0.0,5.925,0.0,1012.55,91.0,43.75
1729494000,2024-10-21 07:00:00,2024-10-21 09:00:00,ringsted,14.075,26.5,6.175,0.0,1013.31,88.5,37.0833
1729497600,2024-10-21 08:00:00,2024-10-21 10:00:00,ringsted,14.25,109.0,5.975,0.0,1013.91,83.0,8.75
1729501200,2024-10-21 09:00:00,2024-10-21 11:00:00,ringsted,14.475,171.0,6.6,0.0,1014.45,80.75,42.5
1729504800,2024-10-21 10:00:00,2024-10-21 12:00:00,ringsted,14.525,127.0,6.95,0.0,1015.4,79.75,45.8333
1729508400,2024-10-21 11:00:00,2024-10-21 13:00:00,ringsted,14.45,144.5,6.95,0.0,1015.77,80.25,50.0
1729512000,2024-10-21 12:00:00,2024-10-21 14:00:00,ringsted,14.475,152.5,6.725,0.0,1016.29,80.75,50.0
1729515600,2024-10-21 13:00:00,2024-10-21 15:00:00,ringsted,14.575,120.5,6.4,0.0,1016.6,80.5,50.0
1729519200,2024-10-21 14:00:00,2024-10-21 16:00:00,ringsted,14.15,46.0,6.0,0.1,1016.84,83.0,48.3333
1729522800,2024-10-21 15:00:00,2024-10-21 17:00:00,ringsted,13.675,40.5,4.9,0.05,1016.89,87.0,47.5
1729526400,2024-10-21 16:00:00,2024-10-21 18:00:00,ringsted,13.45,15.5,5.0,0.0,1017.35,87.5,45.8333
1729530000,2024-10-21 17:00:00,2024-10-21 19:00:00,ringsted,13.25,0.0,4.9,0.0,1017.93,88.0,60.0
1729533600,2024-10-21 18:00:00,2024-10-21 20:00:00,ringsted,13.1,0.0,4.75,0.0,1017.85,87.5,56.6667
1729537200,2024-10-21 19:00:00,2024-10-21 21:00:00,ringsted,12.775,0.0,3.75,0.0,1018.04,89.0,47.5
1729540800,2024-10-21 20:00:00,2024-10-21 22:00:00,ringsted,12.525,0.0,3.05,0.0,1018.03,90.5,45.8333
1729544400,2024-10-21 21:00:00,2024-10-21 23:00:00,ringsted,12.4,0.0,3.025,0.0,1018.16,91.0,45.8333
1729548000,2024-10-21 22:00:00,2024-10-22 00:00:00,ringsted,12.475,0.0,3.5,0.0,1017.75,90.75,45.0
1729551600,2024-10-21 23:00:00,2024-10-22 01:00:00,ringsted,12.325,0.0,2.775,0.0,1017.43,91.5,69.1667
1729555200,2024-10-22 00:00:00,2024-10-22 02:00:00,ringsted,12.225,0.0,2.325,0.05,1017.3,92.75,73.3333
1729558800,2024-10-22 01:00:00,2024-10-22 03:00:00,ringsted,12.025,0.0,1.9,0.0,1016.79,94.0,85.0
1729562400,2024-10-22 02:00:00,2024-10-22 04:00:00,ringsted,11.9,0.0,1.55,0.525,1016.69,94.75,95.0
1729566000,2024-10-22 03:00:00,2024-10-22 05:00:00,ringsted,11.7,0.0,1.6,1.875,1016.17,96.75,87.5
1729569600,2024-10-22 04:00:00,2024-10-22 06:00:00,ringsted,11.25,0.0,1.275,2.8,1015.75,97.0,92.5
1729573200,2024-10-22 05:00:00,2024-10-22 07:00:00,ringsted,10.75,0.0,1.275,1.225,1016.11,96.5,98.3333
1729576800,2024-10-22 06:00:00,2024-10-22 08:00:00,ringsted,10.1,0.0,2.625,1.875,1016.24,96.5,95.8333
1729580400,2024-10-22 07:00:00,2024-10-22 09:00:00,ringsted,9.7,5.0,2.85,0.6,1016.44,95.5,65.0
1729584000,2024-10-22 08:00:00,2024-10-22 10:00:00,ringsted,9.7,48.0,1.25,0.35,1016.83,95.5,47.5
1729587600,2024-10-22 09:00:00,2024-10-22 11:00:00,ringsted,10.45,213.0,2.0,0.0,1017.66,93.75,18.3333
1729591200,2024-10-22 10:00:00,2024-10-22 12:00:00,ringsted,11.625,315.5,4.5,0.0,1018.11,86.0,20.8333
1729594800,2024-10-22 11:00:00,2024-10-22 13:00:00,ringsted,12.475,348.5,4.8,0.0,1018.35,81.25,10.4167
1729598400,2024-10-22 12:00:00,2024-10-22 14:00:00,ringsted,13.3,373.5,4.95,0.0,1018.51,77.0,12.9167
1729602000,2024-10-22 13:00:00,2024-10-22 15:00:00,ringsted,13.725,311.0,5.6,0.0,1018.72,75.0,24.5833
1729605600,2024-10-22 14:00:00,2024-10-22 16:00:00,ringsted,13.85,217.0,5.275,0.0,1018.99,76.25,27.5
1729609200,2024-10-22 15:00:00,2024-10-22 17:00:00,ringsted,13.725,132.0,4.925,0.0,1019.55,76.25,3.33333
1729612800,2024-10-22 16:00:00,2024-10-22 18:00:00,ringsted,12.775,29.5,4.05,0.0,1020.18,78.75,2.5
1729616400,2024-10-22 17:00:00,2024-10-22 19:00:00,ringsted,11.675,0.0,3.725,0.0,1020.65,84.25,0.0
1729620000,2024-10-22 18:00:00,2024-10-22 20:00:00,ringsted,11.325,0.0,3.95,0.0,1021.15,85.75,0.0
1729623600,2024-10-22 19:00:00,2024-10-22 21:00:00,ringsted,11.325,0.0,4.375,0.0,1021.49,86.25,17.9167
1729627200,2024-10-22 20:00:00,2024-10-22 22:00:00,ringsted,11.475,0.0,4.85,0.0,1022.03,87.5,45.8333
1729630800,2024-10-22 21:00:00,2024-10-22 23:00:00,ringsted,11.8,0.0,5.25,0.125,1022.57,88.25,31.25
1729634400,2024-10-22 22:00:00,2024-10-23 00:00:00,ringsted,11.525,0.0,4.775,0.1,1023.08,89.75,23.3333
1729638000,2024-10-22 23:00:00,2024-10-23 01:00:00,ringsted,11.125,0.0,3.7,0.0,1023.56,90.75,12.0833
1729641600,2024-10-23 00:00:00,2024-10-23 02:00:00,ringsted,10.875,0.0,3.925,0.0,1024.17,90.25,0.0
1729645200,2024-10-23 01:00:00,2024-10-23 03:00:00,ringsted,10.175,0.0,3.3,0.0,1024.45,90.5,0.0
1729648800,2024-10-23 02:00:00,2024-10-23 04:00:00,ringsted,9.65,0.0,3.325,0.0,1024.82,90.5,0.0
1729652400,2024-10-23 03:00:00,2024-10-23 05:00:00,ringsted,9.35,0.0,3.05,0.0,1025.34,91.25,3.75
1729656000,2024-10-23 04:00:00,2024-10-23 06:00:00,ringsted,9.15,0.0,2.725,0.0,1025.78,92.0,0.0
1729659600,2024-10-23 05:00:00,2024-10-23 07:00:00,ringsted,8.875,0.0,2.6,0.0,1026.43,92.75,15.4167
1729663200,2024-10-23 06:00:00,2024-10-23 08:00:00,ringsted,8.45,1.0,2.325,0.0,1027.03,94.0,6.25
1729666800,2024-10-23 07:00:00,2024-10-23 09:00:00,ringsted,9.125,36.5,2.725,0.0,1027.52,93.25,2.5
1729670400,2024-10-23 08:00:00,2024-10-23 10:00:00,ringsted,9.975,93.5,2.975,0.0,1028.09,91.0,0.0
1729674000,2024-10-23 09:00:00,2024-10-23 11:00:00,ringsted,11.275,241.5,3.525,0.0,1028.61,85.25,0.833333
1729677600,2024-10-23 10:00:00,2024-10-23 12:00:00,ringsted,12.275,320.0,4.025,0.0,1028.93,79.75,7.5
1729681200,2024-10-23 11:00:00,2024-10-23 13:00:00,ringsted,12.9,335.5,4.5,0.0,1028.7,76.0,22.0833
1729684800,2024-10-23 12:00:00,2024-10-23 14:00:00,ringsted,13.45,333.0,4.75,0.0,1028.52,70.75,41.8182
1729688400,2024-10-23 13:00:00,2024-10-23 15:00:00,ringsted,13.675,313.0,4.85,0.0,1028.37,68.5,21.25
1729692000,2024-10-23 14:00:00,2024-10-23 16:00:00,ringsted,13.25,158.0,4.45,0.0,1028.16,70.25,5.83333
1729695600,2024-10-23 15:00:00,2024-10-23 17:00:00,ringsted,12.75,111.0,4.025,0.0,1028.07,72.25,10.4167
1729699200,2024-10-23 16:00:00,2024-10-23 18:00:00,ringsted,11.675,20.0,3.625,0.0,1028.22,77.5,47.5
1729702800,2024-10-23 17:00:00,2024-10-23 19:00:00,ringsted,11.1,0.0,3.375,0.0,1028.32,84.75,50.0
1729706400,2024-10-23 18:00:00,2024-10-23 20:00:00,ringsted,10.9,0.0,3.525,0.0,1028.42,87.75,13.75
1729710000,2024-10-23 19:00:00,2024-10-23 21:00:00,ringsted,10.45,0.0,3.55,0.0,1028.72,90.75,0.833333
1729713600,2024-10-23 20:00:00,2024-10-23 22:00:00,ringsted,10.325,0.0,3.45,0.0,1028.88,92.0,2.5
1729717200,2024-10-23 21:00:00,2024-10-23 23:00:00,ringsted,9.775,0.0,2.875,0.0,1029.0,93.5,4.58333
1729720800,2024-10-23 22:00:00,2024-10-24 00:00:00,ringsted,9.4,0.0,2.625,0.0,1029.03,95.25,0.0
1729724400,2024-10-23 23:00:00,2024-10-24 01:00:00,ringsted,9.325,0.0,2.625,0.0,1028.75,95.75,0.0
1729728000,2024-10-24 00:00:00,2024-10-24 02:00:00,ringsted,8.9,0.0,2.225,0.0,1028.52,96.5,14.5833
1729731600,2024-10-24 01:00:00,2024-10-24 03:00:00,ringsted,8.525,0.0,1.725,0.0,1028.32,97.25,46.6667
1729735200,2024-10-24 02:00:00,2024-10-24 04:00:00,ringsted,8.725,0.0,2.075,0.0,1028.19,97.0,25.4167
1729738800,2024-10-24 03:00:00,2024-10-24 05:00:00,ringsted,8.3,0.0,2.025,0.0,1028.03,96.75,34.5833
1729742400,2024-10-24 04:00:00,2024-10-24 06:00:00,ringsted,8.475,0.0,2.475,0.0,1027.66,96.5,25.0
1729746000,2024-10-24 05:00:00,2024-10-24 07:00:00,ringsted,8.125,0.0,2.4,0.0,1027.54,96.75,50.0
1729749600,2024-10-24 06:00:00,2024-10-24 08:00:00,ringsted,7.8,0.0,1.925,0.0,1027.65,97.5,50.0
1729753200,2024-10-24 07:00:00,2024-10-24 09:00:00,ringsted,7.925,13.0,1.925,0.0,1027.8,97.5,47.5
1729756800,2024-10-24 08:00:00,2024-10-24 10:00:00,ringsted,8.175,61.0,2.85,0.0,1027.75,96.25,43.3333
1729760400,2024-10-24 09:00:00,2024-10-24 11:00:00,ringsted,8.875,160.5,3.1,0.0,1027.74,93.75,7.08333
1729764000,2024-10-24 10:00:00,2024-10-24 12:00:00,ringsted,9.7,203.0,2.5,0.0,1027.49,90.5,4.16667
1729767600,2024-10-24 11:00:00,2024-10-24 13:00:00,ringsted,10.4,220.5,2.7,0.0,1027.04,88.75,5.0
1729771200,2024-10-24 12:00:00,2024-10-24 14:00:00,ringsted,10.8,227.5,2.7,0.0,1026.45,87.5,23.3333
1729774800,2024-10-24 13:00:00,2024-10-24 15:00:00,ringsted,11.1,200.5,1.9,0.0,1025.59,87.25,10.8333
1729778400,2024-10-24 14:00:00,2024-10-24 16:00:00,ringsted,11.55,161.0,1.8,0.0,1024.88,86.25,2.5
1729782000,2024-10-24 15:00:00,2024-10-24 17:00:00,ringsted,11.15,91.5,2.2,0.0,1024.4,88.75,0.0
1729785600,2024-10-24 16:00:00,2024-10-24 18:00:00,ringsted,9.55,23.0,2.725,0.0,1024.03,94.25,7.08333
1729789200,2024-10-24 17:00:00,2024-10-24 19:00:00,ringsted,8.55,0.0,3.075,0.0,1023.72,97.25,25.0
1729792800,2024-10-24 18:00:00,2024-10-24 20:00:00,ringsted,8.65,0.0,3.55,0.0,1023.27,98.25,43.3333
1729796400,2024-10-24 19:00:00,2024-10-24 21:00:00,ringsted,9.025,0.0,3.8,0.0,1022.78,98.5,57.5
1729800000,2024-10-24 20:00:00,2024-10-24 22:00:00,ringsted,9.525,0.0,4.075,0.0,1022.43,98.5,37.9167
1729803600,2024-10-24 21:00:00,2024-10-24 23:00:00,ringsted,9.4,0.0,3.45,0.0,1021.93,97.75,0.833333
1729807200,2024-10-24 22:00:00,2024-10-25 00:00:00,ringsted,9.65,0.0,3.825,0.0,1021.19,94.0,0.0
1729810800,2024-10-24 23:00:00,2024-10-25 01:00:00,ringsted,9.575,0.0,3.625,0.0,1020.5,93.0,0.0
1729814400,2024-10-25 00:00:00,2024-10-25 02:00:00,ringsted,9.45,0.0,3.225,0.0,1019.82,92.75,0.0
1729818000,2024-10-25 01:00:00,2024-10-25 03:00:00,ringsted,9.375,0.0,3.425,0.0,1019.07,92.75,0.0
1729821600,2024-10-25 02:00:00,2024-10-25 04:00:00,ringsted,9.25,0.0,3.25,0.0,1018.26,93.5,0.0
1729825200,2024-10-25 03:00:00,2024-10-25 05:00:00,ringsted,9.1,0.0,3.3,0.0,1017.63,94.6667,0.0
1729828800,2024-10-25 04:00:00,2024-10-25 06:00:00,ringsted,9.15,0.0,3.55,0.0,1017.24,94.25,0.0
1729832400,2024-10-25 05:00:00,2024-10-25 07:00:00,ringsted,9.075,0.0,2.825,0.0,1016.91,95.0,15.8333
1729836000,2024-10-25 06:00:00,2024-10-25 08:00:00,ringsted,9.3,0.0,2.325,0.0,1016.92,95.25,50.0
1729839600,2024-10-25 07:00:00,2024-10-25 09:00:00,ringsted,9.725,10.5,2.525,0.0,1016.92,94.75,50.0
1729843200,2024-10-25 08:00:00,2024-10-25 10:00:00,ringsted,10.075,46.5,3.025,0.0,1016.78,94.25,50.8333
1729846800,2024-10-25 09:00:00,2024-10-25 11:00:00,ringsted,10.575,113.0,3.025,0.0,1016.51,93.25,49.1667
1729850400,2024-10-25 10:00:00,2024-10-25 12:00:00,ringsted,11.25,162.0,3.3,0.0,1016.17,90.75,45.0
1729854000,2024-10-25 11:00:00,2024-10-25 13:00:00,ringsted,11.775,229.5,2.95,0.0,1015.7,89.5,45.8333
1729857600,2024-10-25 12:00:00,2024-10-25 14:00:00,ringsted,12.2,255.5,2.925,0.0,1015.33,88.0,50.0
1729861200,2024-10-25 13:00:00,2024-10-25 15:00:00,ringsted,12.125,201.5,3.25,0.0,1014.76,88.75,50.0
1729864800,2024-10-25 14:00:00,2024-10-25 16:00:00,ringsted,11.75,129.0,2.85,0.0,1014.54,89.75,53.3333
1729868400,2024-10-25 15:00:00,2024-10-25 17:00:00,ringsted,11.225,66.5,2.425,0.0,1014.61,92.25,55.8333
1729872000,2024-10-25 16:00:00,2024-10-25 18:00:00,ringsted,10.6,16.0,2.325,0.0,1014.9,94.5,50.0
1729875600,2024-10-25 17:00:00,2024-10-25 19:00:00,ringsted,10.075,0.0,2.05,0.0,1015.02,96.25,50.0
1729879200,2024-10-25 18:00:00,2024-10-25 20:00:00,ringsted,9.775,0.0,1.5,0.0,1014.93,97.0,40.0
1729882800,2024-10-25 19:00:00,2024-10-25 21:00:00,ringsted,9.825,0.0,1.2,0.0,1015.05,97.75,37.0833
1729886400,2024-10-25 20:00:00,2024-10-25 22:00:00,ringsted,10.075,0.0,1.05,0.0,1015.12,97.75,43.75
1729890000,2024-10-25 21:00:00,2024-10-25 23:00:00,ringsted,9.975,0.0,0.775,0.0,1015.25,97.75,30.0
1729893600,2024-10-25 22:00:00,2024-10-26 00:00:00,ringsted,9.775,0.0,0.425,0.0,1015.42,98.0,49.1667
1729897200,2024-10-25 23:00:00,2024-10-26 01:00:00,ringsted,10.075,0.0,0.5,0.0,1015.55,98.0,39.5833
1729900800,2024-10-26 00:00:00,2024-10-26 02:00:00,ringsted,10.125,0.0,0.775,0.0,1015.7,98.0,35.4167
1729904400,2024-10-26 01:00:00,2024-10-26 03:00:00,ringsted,10.25,0.0,1.15,0.0,1015.58,98.25,47.5
1729908000,2024-10-26 02:00:00,2024-10-26 04:00:00,ringsted,10.275,0.0,0.95,0.0,1015.58,98.0,25.0
1729911600,2024-10-26 03:00:00,2024-10-26 05:00:00,ringsted,10.05,0.0,0.95,0.025,1015.72,98.0,0.0
1729915200,2024-10-26 04:00:00,2024-10-26 06:00:00,ringsted,9.15,0.0,0.575,0.0,1015.93,98.5,0.0
1729918800,2024-10-26 05:00:00,2024-10-26 07:00:00,ringsted,9.025,0.0,0.85,0.0,1016.07,98.75,0.0
1729922400,2024-10-26 06:00:00,2024-10-26 08:00:00,ringsted,9.2,0.0,0.825,0.0,1016.28,98.75,33.3333
1729926000,2024-10-26 07:00:00,2024-10-26 09:00:00,ringsted,9.4,13.5,0.875,0.0,1016.76,98.75,50.0
1729929600,2024-10-26 08:00:00,2024-10-26 10:00:00,ringsted,10.05,58.5,1.05,0.0,1017.05,98.75,50.0
1729933200,2024-10-26 09:00:00,2024-10-26 11:00:00,ringsted,10.775,148.5,1.3,0.0,1017.32,98.25,50.0
1729936800,2024-10-26 10:00:00,2024-10-26 12:00:00,ringsted,11.375,178.0,0.775,0.0,1017.12,96.5,48.3333
1729940400,2024-10-26 11:00:00,2024-10-26 13:00:00,ringsted,13.05,288.0,0.8,0.0,1016.69,88.5,25.4167
1729944000,2024-10-26 12:00:00,2024-10-26 14:00:00,ringsted,13.85,290.5,1.575,0.0,1016.27,79.0,9.58333
1729947600,2024-10-26 13:00:00,2024-10-26 15:00:00,ringsted,14.1,273.5,2.175,0.0,1015.79,77.25,0.0
1729951200,2024-10-26 14:00:00,2024-10-26 16:00:00,ringsted,13.65,159.5,2.125,0.0,1015.54,79.5,6.25
1729954800,2024-10-26 15:00:00,2024-10-26 17:00:00,ringsted,12.7,71.0,1.975,0.0,1015.38,84.75,1.66667
1729958400,2024-10-26 16:00:00,2024-10-26 18:00:00,ringsted,11.85,10.0,2.275,0.0,1015.45,91.5,5.0
1729962000,2024-10-26 17:00:00,2024-10-26 19:00:00,ringsted,11.325,0.0,1.975,0.0,1015.46,94.25,47.0833
1729965600,2024-10-26 18:00:00,2024-10-26 20:00:00,ringsted,11.2,0.0,2.475,0.0,1014.97,96.0,23.3333
1729969200,2024-10-26 19:00:00,2024-10-26 21:00:00,ringsted,10.725,0.0,3.3,0.025,1014.61,98.25,0.0
1729972800,2024-10-26 20:00:00,2024-10-26 22:00:00,ringsted,10.75,0.0,3.45,0.025,1014.03,98.75,0.0
1729976400,2024-10-26 21:00:00,2024-10-26 23:00:00,ringsted,10.725,0.0,3.75,0.0,1013.55,99.0,0.0
1729980000,2024-10-26 22:00:00,2024-10-27 00:00:00,ringsted,11.1,0.0,3.925,0.0,1012.61,99.0,0.0
1729983600,2024-10-26 23:00:00,2024-10-27 01:00:00,ringsted,11.325,0.0,4.325,0.025,1011.94,99.25,4.16667
1729987200,2024-10-27 00:00:00,2024-10-27 02:00:00,ringsted,11.525,0.0,4.375,0.025,1011.62,99.25,0.0
1729990800,2024-10-27 01:00:00,2024-10-27 02:00:00,ringsted,11.55,0.0,3.875,0.025,1010.96,99.25,41.6667
1729994400,2024-10-27 02:00:00,2024-10-27 03:00:00,ringsted,11.6,0.0,3.875,0.0,1010.22,99.25,49.1667
1729998000,2024-10-27 03:00:00,2024-10-27 04:00:00,ringsted,11.475,0.0,3.975,0.025,1009.79,98.25,45.0
1730001600,2024-10-27 04:00:00,2024-10-27 05:00:00,ringsted,11.3,0.0,3.525,0.0,1009.38,98.0,30.4167
1730005200,2024-10-27 05:00:00,2024-10-27 06:00:00,ringsted,11.1,0.0,3.525,0.0,1009.08,97.25,4.16667
1730008800,2024-10-27 06:00:00,2024-10-27 07:00:00,ringsted,10.875,0.0,3.55,0.0,1009.01,96.75,48.3333
1730012400,2024-10-27 07:00:00,2024-10-27 08:00:00,ringsted,11.0,14.0,3.775,0.0,1009.25,96.0,50.0
1730016000,2024-10-27 08:00:00,2024-10-27 09:00:00,ringsted,11.475,41.5,3.525,0.0,1009.74,95.25,48.3333
1730019600,2024-10-27 09:00:00,2024-10-27 10:00:00,ringsted,12.25,45.0,3.95,0.05,1010.52,94.0,87.5
1730023200,2024-10-27 10:00:00,2024-10-27 11:00:00,ringsted,12.3,24.0,3.75,0.075,1011.15,94.25,95.8333
1730026800,2024-10-27 11:00:00,2024-10-27 12:00:00,ringsted,12.1,29.0,3.325,0.3,1011.09,89.0,75.0
1730030400,2024-10-27 12:00:00,2024-10-27 13:00:00,ringsted,11.35,28.0,2.375,1.3,1011.17,90.25,58.3333
1730034000,2024-10-27 13:00:00,2024-10-27 14:00:00,ringsted,11.25,137.5,2.85,0.025,1011.55,91.0,49.1667
1730037600,2024-10-27 14:00:00,2024-10-27 15:00:00,ringsted,11.95,87.5,4.3,0.0,1012.2,88.75,50.8333
1730041200,2024-10-27 15:00:00,2024-10-27 16:00:00,ringsted,12.075,35.5,5.05,0.0,1013.32,89.5,37.5
1730044800,2024-10-27 16:00:00,2024-10-27 17:00:00,ringsted,11.3,13.0,5.5,0.0,1014.5,84.0,2.91667
1730048400,2024-10-27 17:00:00,2024-10-27 18:00:00,ringsted,9.5,0.0,3.4,0.0,1015.53,83.0,0.0
1730052000,2024-10-27 18:00:00,2024-10-27 19:00:00,ringsted,8.4,0.0,2.2,0.0,1016.38,85.5,0.833333
1730055600,2024-10-27 19:00:00,2024-10-27 20:00:00,ringsted,7.525,0.0,2.35,0.0,1016.88,86.0,0.0
1730059200,2024-10-27 20:00:00,2024-10-27 21:00:00,ringsted,7.25,0.0,2.2,0.0,1017.25,85.75,0.0
1730062800,2024-10-27 21:00:00,2024-10-27 22:00:00,ringsted,6.55,0.0,2.25,0.0,1017.34,88.25,0.833333
1730066400,2024-10-27 22:00:00,2024-10-27 23:00:00,ringsted,6.625,0.0,2.45,0.0,1017.62,88.75,11.6667
1730070000,2024-10-27 23:00:00,2024-10-28 00:00:00,ringsted,6.85,0.0,2.6,0.0,1017.85,87.75,27.0833
1730073600,2024-10-28 00:00:00,2024-10-28 01:00:00,ringsted,6.6,0.0,2.825,0.0,1017.85,88.5,50.0
1730077200,2024-10-28 01:00:00,2024-10-28 02:00:00,ringsted,6.975,0.0,3.1,0.0,1017.6,90.0,71.6667
1730080800,2024-10-28 02:00:00,2024-10-28 03:00:00,ringsted,7.525,0.0,2.65,0.0,1017.21,89.25,59.1667
1730084400,2024-10-28 03:00:00,2024-10-28 04:00:00,ringsted,7.5,0.0,2.3,0.0,1016.81,90.5,68.3333
1730088000,2024-10-28 04:00:00,2024-10-28 05:00:00,ringsted,7.65,0.0,2.2,0.0,1016.49,91.75,45.8333
1730091600,2024-10-28 05:00:00,2024-10-28 06:00:00,ringsted,7.95,0.0,2.55,0.0,1016.6,92.0,45.8333
1730095200,2024-10-28 06:00:00,2024-10-28 07:00:00,ringsted,8.425,0.0,2.6,0.0,1016.45,92.5,45.0
1730098800,2024-10-28 07:00:00,2024-10-28 08:00:00,ringsted,8.75,2.5,2.325,0.0,1016.15,94.0,55.8333
1730102400,2024-10-28 08:00:00,2024-10-28 09:00:00,ringsted,9.125,16.0,2.225,0.25,1015.8,94.75,92.5
1730106000,2024-10-28 09:00:00,2024-10-28 10:00:00,ringsted,9.725,40.5,2.5,0.55,1015.48,96.5,57.5
1730109600,2024-10-28 10:00:00,2024-10-28 11:00:00,ringsted,10.25,69.0,3.075,0.525,1015.15,97.0,49.1667
1730113200,2024-10-28 11:00:00,2024-10-28 12:00:00,ringsted,10.975,130.5,3.7,0.075,1014.7,95.5,49.1667
1730116800,2024-10-28 12:00:00,2024-10-28 13:00:00,ringsted,11.475,104.5,4.175,0.025,1014.32,92.5,75.8333
1730120400,2024-10-28 13:00:00,2024-10-28 14:00:00,ringsted,11.55,84.0,4.45,0.025,1014.1,91.5,79.1667
1730124000,2024-10-28 14:00:00,2024-10-28 15:00:00,ringsted,11.15,41.0,4.3,0.1,1013.67,90.75,84.1667
1730127600,2024-10-28 15:00:00,2024-10-28 16:00:00,ringsted,10.775,19.5,3.9,0.125,1013.5,93.25,80.0
1730131200,2024-10-28 16:00:00,2024-10-28 17:00:00,ringsted,10.7,2.0,3.9,0.35,1013.58,95.75,90.0
1730134800,2024-10-28 17:00:00,2024-10-28 18:00:00,ringsted,10.875,0.0,3.55,0.275,1013.67,97.5,92.5
1730138400,2024-10-28 18:00:00,2024-10-28 19:00:00,ringsted,11.15,0.0,3.55,0.325,1013.81,97.75,79.1667
1730142000,2024-10-28 19:00:00,2024-10-28 20:00:00,ringsted,11.475,0.0,3.5,0.1,1014.04,97.75,69.1667
1730145600,2024-10-28 20:00:00,2024-10-28 21:00:00,ringsted,11.775,0.0,3.125,0.15,1014.32,98.0,57.5
1730149200,2024-10-28 21:00:00,2024-10-28 22:00:00,ringsted,11.975,0.0,2.625,0.05,1014.64,98.5,50.0
1730152800,2024-10-28 22:00:00,2024-10-28 23:00:00,ringsted,12.075,0.0,2.45,0.025,1015.0,98.25,50.8333
1730156400,2024-10-28 23:00:00,2024-10-29 00:00:00,ringsted,12.1,0.0,2.175,0.05,1015.23,98.25,92.5
1730160000,2024-10-29 00:00:00,2024-10-29 01:00:00,ringsted,12.075,0.0,1.9,0.15,1015.35,98.25,65.0
1730163600,2024-10-29 01:00:00,2024-10-29 02:00:00,ringsted,12.025,0.0,1.5,0.05,1015.39,98.25,53.3333
1730167200,2024-10-29 02:00:00,2024-10-29 03:00:00,ringsted,11.9,0.0,1.25,0.0,1015.51,98.5,50.0
1730170800,2024-10-29 03:00:00,2024-10-29 04:00:00,ringsted,11.8,0.0,1.125,0.0,1015.84,98.75,52.5
1730174400,2024-10-29 04:00:00,2024-10-29 05:00:00,ringsted,11.7,0.0,1.1,0.05,1016.16,98.75,65.0
1730178000,2024-10-29 05:00:00,2024-10-29 06:00:00,ringsted,11.525,0.0,0.875,0.025,1016.34,99.0,60.0
1730181600,2024-10-29 06:00:00,2024-10-29 07:00:00,ringsted,11.45,0.0,0.875,0.1,1016.56,99.0,50.8333
1730185200,2024-10-29 07:00:00,2024-10-29 08:00:00,ringsted,11.5,7.5,0.725,0.025,1016.83,99.25,68.3333
1730188800,2024-10-29 08:00:00,2024-10-29 09:00:00,ringsted,11.825,40.0,0.95,0.05,1016.9,98.75,66.6667
1730192400,2024-10-29 09:00:00,2024-10-29 10:00:00,ringsted,12.25,61.5,1.375,0.025,1016.86,98.0,87.5
1730196000,2024-10-29 10:00:00,2024-10-29 11:00:00,ringsted,12.625,84.0,2.125,0.05,1016.8,97.5,81.6667
1730199600,2024-10-29 11:00:00,2024-10-29 12:00:00,ringsted,12.975,92.5,3.225,0.1,1016.67,97.5,54.1667
1730203200,2024-10-29 12:00:00,2024-10-29 13:00:00,ringsted,13.4,133.5,3.425,0.025,1016.19,96.5,54.1667
1730206800,2024-10-29 13:00:00,2024-10-29 14:00:00,ringsted,13.575,100.5,3.675,0.0,1015.86,96.0,47.5
1730210400,2024-10-29 14:00:00,2024-10-29 15:00:00,ringsted,13.65,54.0,3.575,0.025,1015.88,94.75,47.5
1730214000,2024-10-29 15:00:00,2024-10-29 16:00:00,ringsted,13.425,19.0,3.675,0.0,1015.89,95.0,53.3333
1730217600,2024-10-29 16:00:00,2024-10-29 17:00:00,ringsted,13.15,1.0,3.35,0.025,1015.98,96.5,60.0
1730221200,2024-10-29 17:00:00,2024-10-29 18:00:00,ringsted,13.05,0.0,3.2,0.0,1015.99,97.75,51.6667
1730224800,2024-10-29 18:00:00,2024-10-29 19:00:00,ringsted,13.0,0.0,2.975,0.025,1015.96,98.25,52.5
1730228400,2024-10-29 19:00:00,2024-10-29 20:00:00,ringsted,13.025,0.0,2.925,0.125,1015.85,98.25,52.5
1730232000,2024-10-29 20:00:00,2024-10-29 21:00:00,ringsted,13.05,0.0,3.125,0.0,1015.62,98.0,50.0
1730235600,2024-10-29 21:00:00,2024-10-29 22:00:00,ringsted,12.95,0.0,3.25,0.0,1015.76,97.0,50.0
1730239200,2024-10-29 22:00:00,2024-10-29 23:00:00,ringsted,12.9,0.0,3.375,0.0,1015.94,96.75,48.3333
1730242800,2024-10-29 23:00:00,2024-10-30 00:00:00,ringsted,12.825,0.0,3.575,0.0,1016.08,96.25,43.75
1730246400,2024-10-30 00:00:00,2024-10-30 01:00:00,ringsted,12.5,0.0,3.475,0.0,1015.96,95.75,48.3333
1730250000,2024-10-30 01:00:00,2024-10-30 02:00:00,ringsted,12.35,0.0,4.25,0.0,1015.9,95.25,45.8333
1730253600,2024-10-30 02:00:00,2024-10-30 03:00:00,ringsted,12.325,0.0,4.725,0.0,1016.01,94.0,49.1667
1730257200,2024-10-30 03:00:00,2024-10-30 04:00:00,ringsted,12.4,0.0,4.95,0.0,1016.15,92.25,48.3333
1730260800,2024-10-30 04:00:00,2024-10-30 05:00:00,ringsted,11.9,0.0,5.625,0.0,1016.31,90.75,50.8333
1730264400,2024-10-30 05:00:00,2024-10-30 06:00:00,ringsted,11.275,0.0,6.475,0.0,1016.6,90.25,44.1667
1730268000,2024-10-30 06:00:00,2024-10-30 07:00:00,ringsted,10.925,0.0,5.425,0.0,1016.82,90.0,4.58333
1730271600,2024-10-30 07:00:00,2024-10-30 08:00:00,ringsted,10.35,11.0,4.7,0.0,1017.2,90.75,11.25
1730275200,2024-10-30 08:00:00,2024-10-30 09:00:00,ringsted,10.525,57.0,5.375,0.0,1017.69,90.0,25.8333
1730278800,2024-10-30 09:00:00,2024-10-30 10:00:00,ringsted,11.15,124.0,6.45,0.0,1017.88,85.25,20.4167
1730282400,2024-10-30 10:00:00,2024-10-30 11:00:00,ringsted,11.45,182.5,7.0,0.0,1018.15,79.0,27.5
1730286000,2024-10-30 11:00:00,2024-10-30 12:00:00,ringsted,11.775,273.0,7.425,0.0,1018.18,75.0,20.0
1730289600,2024-10-30 12:00:00,2024-10-30 13:00:00,ringsted,11.85,292.5,7.5,0.0,1018.19,73.0,22.9167
1730293200,2024-10-30 13:00:00,2024-10-30 14:00:00,ringsted,11.95,259.0,7.7,0.0,1018.3,72.0,8.63636
1730296800,2024-10-30 14:00:00,2024-10-30 15:00:00,ringsted,11.75,159.0,6.575,0.0,1018.38,72.5,5.83333
1730300400,2024-10-30 15:00:00,2024-10-30 16:00:00,ringsted,11.2,59.5,6.0,0.0,1018.57,74.0,0.0
1730304000,2024-10-30 16:00:00,2024-10-30 17:00:00,ringsted,10.425,10.0,5.2,0.0,1018.99,77.0,0.0
1730307600,2024-10-30 17:00:00,2024-10-30 18:00:00,ringsted,9.8,0.0,4.85,0.0,1019.39,78.0,32.9167
1730311200,2024-10-30 18:00:00,2024-10-30 19:00:00,ringsted,9.375,0.0,4.525,0.0,1019.43,80.0,50.0
1730314800,2024-10-30 19:00:00,2024-10-30 20:00:00,ringsted,9.2,0.0,4.2,0.0,1019.36,82.0,40.4167
1730318400,2024-10-30 20:00:00,2024-10-30 21:00:00,ringsted,9.05,0.0,3.65,0.0,1019.47,84.5,24.5833
1730322000,2024-10-30 21:00:00,2024-10-30 22:00:00,ringsted,8.85,0.0,3.35,0.0,1019.72,86.25,41.6667
1730325600,2024-10-30 22:00:00,2024-10-30 23:00:00,ringsted,8.625,0.0,3.225,0.0,1019.83,88.25,35.4167
1730329200,2024-10-30 23:00:00,2024-10-31 00:00:00,ringsted,8.4,0.0,3.35,0.0,1019.84,89.75,1.66667
1730332800,2024-10-31 00:00:00,2024-10-31 01:00:00,ringsted,8.225,0.0,2.8,0.0,1019.61,90.75,11.6667
1730336400,2024-10-31 01:00:00,2024-10-31 02:00:00,ringsted,8.0,0.0,3.1,0.0,1019.44,91.75,0.0
1730340000,2024-10-31 02:00:00,2024-10-31 03:00:00,ringsted,7.925,0.0,3.4,0.0,1019.33,92.5,0.833333
1730343600,2024-10-31 03:00:00,2024-10-31 04:00:00,ringsted,8.0,0.0,3.275,0.0,1019.02,91.5,1.66667
1730347200,2024-10-31 04:00:00,2024-10-31 05:00:00,ringsted,7.85,0.0,2.875,0.0,1018.67,92.75,15.8333
1730350800,2024-10-31 05:00:00,2024-10-31 06:00:00,ringsted,8.425,0.0,3.15,0.0,1018.28,93.25,46.6667
1730354400,2024-10-31 06:00:00,2024-10-31 07:00:00,ringsted,9.45,0.0,3.55,0.0,1017.67,92.75,57.5
1730358000,2024-10-31 07:00:00,2024-10-31 08:00:00,ringsted,10.25,4.0,3.975,0.0,1017.32,92.5,52.5
1730361600,2024-10-31 08:00:00,2024-10-31 09:00:00,ringsted,11.075,27.0,5.05,0.0,1016.85,91.5,55.0
1730365200,2024-10-31 09:00:00,2024-10-31 10:00:00,ringsted,11.4,49.5,5.8,0.05,1016.34,92.5,52.5
1730368800,2024-10-31 10:00:00,2024-10-31 11:00:00,ringsted,11.675,53.0,6.475,0.05,1015.73,90.75,50.8333
1730372400,2024-10-31 11:00:00,2024-10-31 12:00:00,ringsted,11.9,62.0,6.55,0.0,1014.73,89.25,51.6667
1730376000,2024-10-31 12:00:00,2024-10-31 13:00:00,ringsted,12.175,78.5,7.4,0.025,1014.35,87.5,46.6667
1730379600,2024-10-31 13:00:00,2024-10-31 14:00:00,ringsted,12.4,68.0,7.975,0.0,1014.21,84.25,50.0
1730383200,2024-10-31 14:00:00,2024-10-31 15:00:00,ringsted,12.425,38.0,7.7,0.0,1013.62,83.0,50.0
1730386800,2024-10-31 15:00:00,2024-10-31 16:00:00,ringsted,12.475,18.0,7.5,0.0,1013.32,82.25,50.0
1730390400,2024-10-31 16:00:00,2024-10-31 17:00:00,ringsted,12.575,1.5,7.425,0.0,1013.08,82.0,50.0
1730394000,2024-10-31 17:00:00,2024-10-31 18:00:00,ringsted,12.675,0.0,8.225,0.0,1012.74,81.25,50.0
1730397600,2024-10-31 18:00:00,2024-10-31 19:00:00,ringsted,12.6,0.0,8.325,0.0,1012.22,82.0,50.8333
1730401200,2024-10-31 19:00:00,2024-10-31 20:00:00,ringsted,12.55,0.0,8.825,0.0,1011.91,82.75,53.3333
1730404800,2024-10-31 20:00:00,2024-10-31 21:00:00,ringsted,12.475,0.0,8.325,0.0,1011.52,84.25,50.0
1730408400,2024-10-31 21:00:00,2024-10-31 22:00:00,ringsted,12.575,0.0,8.05,0.0,1011.14,82.75,50.0
1730412000,2024-10-31 22:00:00,2024-10-31 23:00:00,ringsted,12.625,0.0,7.875,0.0,1010.73,81.5,48.3333
1730415600,2024-10-31 23:00:00,2024-11-01 00:00:00,ringsted,12.65,0.0,8.75,0.0,1010.38,80.75,48.3333
1730419200,2024-11-01 00:00:00,2024-11-01 01:00:00,ringsted,12.625,0.0,8.375,0.0,1010.26,81.0,50.0
1730422800,2024-11-01 01:00:00,2024-11-01 02:00:00,ringsted,12.575,0.0,8.05,0.0,1010.2,81.5,48.3333
1730426400,2024-11-01 02:00:00,2024-11-01 03:00:00,ringsted,12.6,0.0,7.9,0.0,1009.6,81.5,45.0
1730430000,2024-11-01 03:00:00,2024-11-01 04:00:00,ringsted,12.425,0.0,7.725,0.0,1008.9,83.5,23.75
1730433600,2024-11-01 04:00:00,2024-11-01 05:00:00,ringsted,12.325,0.0,7.975,0.0,1008.9,85.75,10.0
1730437200,2024-11-01 05:00:00,2024-11-01 06:00:00,ringsted,12.375,0.0,7.575,0.0,1008.73,87.75,16.25
1730440800,2024-11-01 06:00:00,2024-11-01 07:00:00,ringsted,12.525,0.0,7.525,0.0,1008.92,88.5,45.8333
1730444400,2024-11-01 07:00:00,2024-11-01 08:00:00,ringsted,12.825,9.5,7.7,0.0,1008.94,88.25,45.0
1730448000,2024-11-01 08:00:00,2024-11-01 09:00:00,ringsted,13.175,42.0,7.9,0.0,1009.07,88.25,45.8333
1730451600,2024-11-01 09:00:00,2024-11-01 10:00:00,ringsted,13.525,65.0,7.7,0.0,1009.1,87.25,47.5
1730455200,2024-11-01 10:00:00,2024-11-01 11:00:00,ringsted,13.675,50.5,7.5,0.0,1009.2,86.5,50.0
1730458800,2024-11-01 11:00:00,2024-11-01 12:00:00,ringsted,13.9,69.0,7.725,0.0,1009.15,85.25,49.1667
1730462400,2024-11-01 12:00:00,2024-11-01 13:00:00,ringsted,14.25,112.0,8.125,0.0,1008.96,84.25,50.0
1730466000,2024-11-01 13:00:00,2024-11-01 14:00:00,ringsted,14.3,100.0,8.4,0.0,1009.04,83.5,50.0
1730469600,2024-11-01 14:00:00,2024-11-01 15:00:00,ringsted,14.1,30.5,7.75,0.0,1009.28,84.0,50.0
1730473200,2024-11-01 15:00:00,2024-11-01 16:00:00,ringsted,13.9,26.5,7.475,0.025,1009.74,84.5,46.6667
1730476800,2024-11-01 16:00:00,2024-11-01 17:00:00,ringsted,13.425,2.0,7.75,0.05,1010.46,83.25,47.5
1730480400,2024-11-01 17:00:00,2024-11-01 18:00:00,ringsted,12.5,0.0,8.7,0.0,1011.45,77.5,45.0
1730484000,2024-11-01 18:00:00,2024-11-01 19:00:00,ringsted,11.25,0.0,8.525,0.0,1012.5,72.75,32.9167
1730487600,2024-11-01 19:00:00,2024-11-01 20:00:00,ringsted,10.025,0.0,7.6,0.0,1013.62,68.0,45.8333
1730491200,2024-11-01 20:00:00,2024-11-01 21:00:00,ringsted,9.175,0.0,7.625,0.0,1014.74,65.75,2.08333
1730494800,2024-11-01 21:00:00,2024-11-01 22:00:00,ringsted,8.425,0.0,7.125,0.0,1015.73,66.0,0.0
1730498400,2024-11-01 22:00:00,2024-11-01 23:00:00,ringsted,7.7,0.0,5.5,0.0,1016.89,69.0,5.83333
1730502000,2024-11-01 23:00:00,2024-11-02 00:00:00,ringsted,7.2,0.0,4.45,0.0,1017.9,71.0,16.25
1730505600,2024-11-02 00:00:00,2024-11-02 01:00:00,ringsted,6.65,0.0,3.8,0.0,1019.13,70.5,42.5
1730509200,2024-11-02 01:00:00,2024-11-02 02:00:00,ringsted,6.55,0.0,3.6,0.0,1020.01,67.25,21.6667
1730512800,2024-11-02 02:00:00,2024-11-02 03:00:00,ringsted,5.8,0.0,3.125,0.0,1021.02,69.75,0.0
1730516400,2024-11-02 03:00:00,2024-11-02 04:00:00,ringsted,4.875,0.0,2.25,0.0,1021.98,72.75,21.6667
1730520000,2024-11-02 04:00:00,2024-11-02 05:00:00,ringsted,4.175,0.0,1.9,0.0,1022.84,76.25,12.9167
1730523600,2024-11-02 05:00:00,2024-11-02 06:00:00,ringsted,3.325,0.0,1.425,0.0,1023.65,79.25,23.3333
1730527200,2024-11-02 06:00:00,2024-11-02 07:00:00,ringsted,2.625,0.0,1.2,0.0,1024.43,80.75,6.66667
1730530800,2024-11-02 07:00:00,2024-11-02 08:00:00,ringsted,1.75,12.0,0.75,0.0,1025.32,85.25,0.0
1730534400,2024-11-02 08:00:00,2024-11-02 09:00:00,ringsted,2.975,103.0,0.4,0.0,1026.31,83.75,0.0
1730538000,2024-11-02 09:00:00,2024-11-02 10:00:00,ringsted,5.475,153.5,0.425,0.0,1027.05,74.75,2.5
1730541600,2024-11-02 10:00:00,2024-11-02 11:00:00,ringsted,7.25,227.5,0.9,0.0,1027.47,57.5,1.66667
1730545200,2024-11-02 11:00:00,2024-11-02 12:00:00,ringsted,8.05,243.0,1.3,0.0,1027.76,52.25,0.0
1730548800,2024-11-02 12:00:00,2024-11-02 13:00:00,ringsted,8.65,336.5,1.95,0.0,1027.76,52.5,2.91667
1730552400,2024-11-02 13:00:00,2024-11-02 14:00:00,ringsted,8.75,214.5,1.775,0.0,1027.89,54.25,0.833333
1730556000,2024-11-02 14:00:00,2024-11-02 15:00:00,ringsted,8.4,158.0,1.875,0.0,1027.96,57.0,3.33333
1730559600,2024-11-02 15:00:00,2024-11-02 16:00:00,ringsted,7.875,88.0,1.45,0.0,1028.06,61.5,24.1667
1730563200,2024-11-02 16:00:00,2024-11-02 17:00:00,ringsted,6.025,7.5,1.175,0.0,1027.95,71.75,14.5833
1730566800,2024-11-02 17:00:00,2024-11-02 18:00:00,ringsted,4.725,0.0,1.2,0.0,1028.0,77.0,25.8333
1730570400,2024-11-02 18:00:00,2024-11-02 19:00:00,ringsted,3.675,0.0,0.95,0.0,1027.86,81.5,41.25
1730574000,2024-11-02 19:00:00,2024-11-02 20:00:00,ringsted,2.75,0.0,0.95,0.0,1027.62,87.0,35.8333
1730577600,2024-11-02 20:00:00,2024-11-02 21:00:00,ringsted,2.325,0.0,0.725,0.0,1027.72,87.75,17.5
1730581200,2024-11-02 21:00:00,2024-11-02 22:00:00,ringsted,2.1,0.0,0.975,0.0,1028.01,88.25,40.0
1730584800,2024-11-02 22:00:00,2024-11-02 23:00:00,ringsted,2.6,0.0,1.4,0.0,1027.82,85.0,10.0
1730588400,2024-11-02 23:00:00,2024-11-03 00:00:00,ringsted,3.0,0.0,1.575,0.0,1027.46,82.25,5.0
1730592000,2024-11-03 00:00:00,2024-11-03 01:00:00,ringsted,3.15,0.0,1.85,0.0,1027.05,83.75,43.3333
1730595600,2024-11-03 01:00:00,2024-11-03 02:00:00,ringsted,4.075,0.0,2.25,0.0,1026.51,82.5,47.5
1730599200,2024-11-03 02:00:00,2024-11-03 03:00:00,ringsted,4.975,0.0,2.45,0.0,1025.68,82.5,45.0
1730602800,2024-11-03 03:00:00,2024-11-03 04:00:00,ringsted,5.725,0.0,3.425,0.0,1025.2,81.25,50.0
1730606400,2024-11-03 04:00:00,2024-11-03 05:00:00,ringsted,6.375,0.0,3.575,0.0,1024.5,81.5,45.8333
1730610000,2024-11-03 05:00:00,2024-11-03 06:00:00,ringsted,6.55,0.0,3.75,0.0,1024.04,83.0,24.1667
1730613600,2024-11-03 06:00:00,2024-11-03 07:00:00,ringsted,6.7,0.0,3.95,0.0,1023.75,84.25,50.0
1730617200,2024-11-03 07:00:00,2024-11-03 08:00:00,ringsted,7.45,3.5,4.075,0.0,1023.71,83.25,50.0
1730620800,2024-11-03 08:00:00,2024-11-03 09:00:00,ringsted,8.075,33.0,4.325,0.0,1023.45,82.25,50.0
1730624400,2024-11-03 09:00:00,2024-11-03 10:00:00,ringsted,8.75,64.0,5.2,0.0,1022.67,82.25,50.0
1730628000,2024-11-03 10:00:00,2024-11-03 11:00:00,ringsted,9.475,109.0,6.3,0.05,1022.09,82.0,50.0
1730631600,2024-11-03 11:00:00,2024-11-03 12:00:00,ringsted,10.075,125.5,6.625,0.025,1021.69,82.25,50.0
1730635200,2024-11-03 12:00:00,2024-11-03 13:00:00,ringsted,10.65,106.5,6.575,0.025,1021.25,83.0,48.3333
1730638800,2024-11-03 13:00:00,2024-11-03 14:00:00,ringsted,11.225,104.5,6.5,0.05,1020.37,84.75,37.5
1730642400,2024-11-03 14:00:00,2024-11-03 15:00:00,ringsted,11.55,112.0,6.9,0.025,1019.93,84.25,48.3333
1730646000,2024-11-03 15:00:00,2024-11-03 16:00:00,ringsted,11.425,34.0,6.7,0.025,1019.7,85.75,45.0
1730649600,2024-11-03 16:00:00,2024-11-03 17:00:00,ringsted,11.45,4.5,7.5,0.0,1019.97,82.0,42.5
1730653200,2024-11-03 17:00:00,2024-11-03 18:00:00,ringsted,11.25,0.0,6.875,0.0,1020.0,80.5,14.5833
1730656800,2024-11-03 18:00:00,2024-11-03 19:00:00,ringsted,11.05,0.0,6.15,0.0,1020.27,81.25,42.5
1730660400,2024-11-03 19:00:00,2024-11-03 20:00:00,ringsted,11.2,0.0,7.1,0.0,1020.28,81.25,43.75
1730664000,2024-11-03 20:00:00,2024-11-03 21:00:00,ringsted,11.075,0.0,6.375,0.0,1020.68,82.75,48.3333
1730667600,2024-11-03 21:00:00,2024-11-03 22:00:00,ringsted,11.075,0.0,6.2,0.0,1021.2,84.0,49.1667
1730671200,2024-11-03 22:00:00,2024-11-03 23:00:00,ringsted,11.1,0.0,5.625,0.0,1021.68,85.25,50.0
1730674800,2024-11-03 23:00:00,2024-11-04 00:00:00,ringsted,11.0,0.0,4.175,0.0,1022.33,87.25,50.0
1730678400,2024-11-04 00:00:00,2024-11-04 01:00:00,ringsted,10.875,0.0,3.275,0.0,1022.8,88.25,50.0
1730682000,2024-11-04 01:00:00,2024-11-04 02:00:00,ringsted,10.525,0.0,2.4,0.0,1023.26,91.5,50.8333
1730685600,2024-11-04 02:00:00,2024-11-04 03:00:00,ringsted,10.175,0.0,1.95,0.0,1023.39,94.75,58.3333
1730689200,2024-11-04 03:00:00,2024-11-04 04:00:00,ringsted,9.975,0.0,1.95,0.0,1023.74,96.5,76.6667
1730692800,2024-11-04 04:00:00,2024-11-04 05:00:00,ringsted,9.9,0.0,1.725,0.0,1024.22,96.75,70.8333
1730696400,2024-11-04 05:00:00,2024-11-04 06:00:00,ringsted,9.85,0.0,1.35,0.0,1024.6,97.0,51.6667
1730700000,2024-11-04 06:00:00,2024-11-04 07:00:00,ringsted,9.75,0.0,1.125,0.0,1024.8,97.75,50.0
1730703600,2024-11-04 07:00:00,2024-11-04 08:00:00,ringsted,9.75,3.5,0.85,0.0,1025.43,97.75,50.0
1730707200,2024-11-04 08:00:00,2024-11-04 09:00:00,ringsted,9.85,20.5,0.85,0.0,1026.03,98.0,50.0
1730710800,2024-11-04 09:00:00,2024-11-04 10:00:00,ringsted,10.15,48.0,0.625,0.0,1026.24,97.5,52.5
1730714400,2024-11-04 10:00:00,2024-11-04 11:00:00,ringsted,10.525,79.0,0.95,0.0,1026.4,94.0,56.6667
1730718000,2024-11-04 11:00:00,2024-11-04 12:00:00,ringsted,10.85,111.5,1.575,0.0,1026.42,90.5,54.1667
1730721600,2024-11-04 12:00:00,2024-11-04 13:00:00,ringsted,11.075,94.5,1.325,0.0,1026.3,88.0,50.8333
1730725200,2024-11-04 13:00:00,2024-11-04 14:00:00,ringsted,10.95,61.0,1.3,0.0,1026.09,89.5,60.0
1730728800,2024-11-04 14:00:00,2024-11-04 15:00:00,ringsted,10.675,46.0,1.7,0.0,1025.95,91.5,50.8333
1730732400,2024-11-04 15:00:00,2024-11-04 16:00:00,ringsted,10.45,19.5,1.775,0.0,1025.77,91.75,52.5
1730736000,2024-11-04 16:00:00,2024-11-04 17:00:00,ringsted,10.25,1.5,1.775,0.0,1025.78,91.25,50.0
1730739600,2024-11-04 17:00:00,2024-11-04 18:00:00,ringsted,10.0,0.0,1.95,0.0,1025.92,90.0,50.0
1730743200,2024-11-04 18:00:00,2024-11-04 19:00:00,ringsted,9.8,0.0,2.1,0.0,1025.95,89.75,50.0
1730746800,2024-11-04 19:00:00,2024-11-04 20:00:00,ringsted,9.575,0.0,2.125,0.0,1025.78,90.75,50.0
1730750400,2024-11-04 20:00:00,2024-11-04 21:00:00,ringsted,9.35,0.0,2.0,0.0,1025.65,91.25,50.0
1730754000,2024-11-04 21:00:00,2024-11-04 22:00:00,ringsted,9.15,0.0,1.85,0.0,1025.47,93.25,50.0
1730757600,2024-11-04 22:00:00,2024-11-04 23:00:00,ringsted,9.125,0.0,2.3,0.0,1025.16,93.5,62.5
1730761200,2024-11-04 23:00:00,2024-11-05 00:00:00,ringsted,9.1,0.0,2.45,0.0,1024.89,92.75,50.0
1730764800,2024-11-05 00:00:00,2024-11-05 01:00:00,ringsted,9.05,0.0,2.1,0.0,1024.6,92.25,50.0
1730768400,2024-11-05 01:00:00,2024-11-05 02:00:00,ringsted,9.025,0.0,1.75,0.0,1024.29,91.25,50.0
1730772000,2024-11-05 02:00:00,2024-11-05 03:00:00,ringsted,8.9,0.0,1.225,0.0,1023.91,92.75,50.0
1730775600,2024-11-05 03:00:00,2024-11-05 04:00:00,ringsted,8.875,0.0,1.125,0.0,1023.49,93.25,50.0
1730779200,2024-11-05 04:00:00,2024-11-05 05:00:00,ringsted,8.875,0.0,1.3,0.0,1023.28,93.25,50.0
1730782800,2024-11-05 05:00:00,2024-11-05 06:00:00,ringsted,9.05,0.0,1.625,0.0,1023.2,90.75,50.0
1730786400,2024-11-05 06:00:00,2024-11-05 07:00:00,ringsted,9.05,0.0,1.475,0.0,1023.3,89.0,75.0
1730790000,2024-11-05 07:00:00,2024-11-05 08:00:00,ringsted,9.0,1.0,1.63333,0.0,1023.38,86.6667,100.0
1730793600,2024-11-05 08:00:00,2024-11-05 09:00:00,ringsted,9.13333,14.0,1.53333,0.0,1023.5,84.6667,100.0
1730797200,2024-11-05 09:00:00,2024-11-05 10:00:00,ringsted,9.3,34.0,1.4,0.0,1023.41,84.6667,100.0
1730800800,2024-11-05 10:00:00,2024-11-05 11:00:00,ringsted,9.5,56.0,1.46667,0.0,1022.98,82.6667,100.0
1730804400,2024-11-05 11:00:00,2024-11-05 12:00:00,ringsted,9.53333,71.0,2.03333,0.0,1022.79,81.3333,100.0
1730808000,2024-11-05 12:00:00,2024-11-05 13:00:00,ringsted,9.53333,61.0,1.53333,0.0,1022.5,82.0,100.0
1730811600,2024-11-05 13:00:00,2024-11-05 14:00:00,ringsted,9.4,43.0,1.0,0.0,1022.16,82.6667,100.0
1730815200,2024-11-05 14:00:00,2024-11-05 15:00:00,ringsted,9.3,21.0,0.733333,0.0,1022.12,82.6667,50.0
1730818800,2024-11-05 15:00:00,2024-11-05 16:00:00,ringsted,9.05,9.5,1.025,0.0,1022.03,83.75,50.0
1730822400,2024-11-05 16:00:00,2024-11-05 17:00:00,ringsted,8.825,0.5,1.15,0.0,1022.22,85.25,50.0
1730826000,2024-11-05 17:00:00,2024-11-05 18:00:00,ringsted,8.65,0.0,1.075,0.0,1022.42,86.0,50.0
1730829600,2024-11-05 18:00:00,2024-11-05 19:00:00,ringsted,8.55,0.0,0.975,0.0,1022.52,87.0,50.0
1730833200,2024-11-05 19:00:00,2024-11-05 20:00:00,ringsted,8.45,0.0,0.9,0.0,1022.56,87.75,50.0
1730836800,2024-11-05 20:00:00,2024-11-05 21:00:00,ringsted,8.375,0.0,1.075,0.0,1022.7,87.75,50.0
1730840400,2024-11-05 21:00:00,2024-11-05 22:00:00,ringsted,8.275,0.0,1.075,0.0,1022.75,87.5,50.0
1730844000,2024-11-05 22:00:00,2024-11-05 23:00:00,ringsted,8.175,0.0,0.925,0.0,1022.78,86.75,50.0
1730847600,2024-11-05 23:00:00,2024-11-06 00:00:00,ringsted,8.1,0.0,0.75,0.0,1023.13,87.25,50.0
1730851200,2024-11-06 00:00:00,2024-11-06 01:00:00,ringsted,8.025,0.0,0.575,0.0,1023.33,87.75,50.0
1730854800,2024-11-06 01:00:00,2024-11-06 02:00:00,ringsted,8.0,0.0,0.825,0.0,1023.4,88.0,50.0
1730858400,2024-11-06 02:00:00,2024-11-06 03:00:00,ringsted,7.925,0.0,0.975,0.0,1023.56,88.0,50.0
1730862000,2024-11-06 03:00:00,2024-11-06 04:00:00,ringsted,7.875,0.0,0.85,0.0,1023.74,88.5,50.0
1730865600,2024-11-06 04:00:00,2024-11-06 05:00:00,ringsted,7.8,0.0,0.75,0.0,1024.03,88.25,50.0
1730869200,2024-11-06 05:00:00,2024-11-06 06:00:00,ringsted,7.7,0.0,0.825,0.0,1024.17,88.75,50.0
1730872800,2024-11-06 06:00:00,2024-11-06 07:00:00,ringsted,7.75,0.0,0.775,0.0,1024.74,88.0,50.0
1730876400,2024-11-06 07:00:00,2024-11-06 08:00:00,ringsted,7.7,1.5,0.55,0.0,1025.56,88.0,50.0
1730880000,2024-11-06 08:00:00,2024-11-06 09:00:00,ringsted,7.825,11.5,0.4,0.0,1025.99,88.0,50.0
1730883600,2024-11-06 09:00:00,2024-11-06 10:00:00,ringsted,8.0,28.5,0.9,0.0,1026.37,86.5,50.0
1730887200,2024-11-06 10:00:00,2024-11-06 11:00:00,ringsted,8.225,51.5,0.975,0.0,1026.66,85.75,50.8333
1730890800,2024-11-06 11:00:00,2024-11-06 12:00:00,ringsted,8.375,51.0,1.15,0.0,1026.65,84.5,52.5
1730894400,2024-11-06 12:00:00,2024-11-06 13:00:00,ringsted,8.475,53.0,0.85,0.0,1026.73,83.5,50.0
1730898000,2024-11-06 13:00:00,2024-11-06 14:00:00,ringsted,8.525,45.5,1.225,0.0,1026.8,83.25,50.0
1730901600,2024-11-06 14:00:00,2024-11-06 15:00:00,ringsted,8.225,27.5,1.95,0.0,1026.94,84.75,50.0
1730905200,2024-11-06 15:00:00,2024-11-06 16:00:00,ringsted,7.9,12.5,1.95,0.0,1027.07,86.0,50.0
1730908800,2024-11-06 16:00:00,2024-11-06 17:00:00,ringsted,7.65,1.0,1.375,0.0,1027.14,86.75,50.0
1730912400,2024-11-06 17:00:00,2024-11-06 18:00:00,ringsted,7.45,0.0,1.1,0.0,1027.3,87.5,50.0
1730916000,2024-11-06 18:00:00,2024-11-06 19:00:00,ringsted,7.325,0.0,0.9,0.0,1027.7,88.5,50.0
1730919600,2024-11-06 19:00:00,2024-11-06 20:00:00,ringsted,7.2,0.0,1.425,0.0,1028.16,88.5,50.0
1730923200,2024-11-06 20:00:00,2024-11-06 21:00:00,ringsted,7.125,0.0,1.45,0.0,1028.62,89.0,50.0
1730926800,2024-11-06 21:00:00,2024-11-06 22:00:00,ringsted,7.25,0.0,1.4,0.0,1028.73,89.5,50.0
1730930400,2024-11-06 22:00:00,2024-11-06 23:00:00,ringsted,7.2,0.0,2.1,0.0,1028.72,90.5,50.0
1730934000,2024-11-06 23:00:00,2024-11-07 00:00:00,ringsted,7.15,0.0,2.275,0.0,1028.5,90.0,50.0
1730937600,2024-11-07 00:00:00,2024-11-07 01:00:00,ringsted,7.15,0.0,2.275,0.0,1028.35,91.0,50.0
1730941200,2024-11-07 01:00:00,2024-11-07 02:00:00,ringsted,7.05,0.0,2.025,0.0,1028.18,93.0,50.0
1730944800,2024-11-07 02:00:00,2024-11-07 03:00:00,ringsted,6.875,0.0,2.1,0.0,1028.29,92.0,50.0
1730948400,2024-11-07 03:00:00,2024-11-07 04:00:00,ringsted,6.85,0.0,1.325,0.0,1028.46,92.5,50.0
1730952000,2024-11-07 04:00:00,2024-11-07 05:00:00,ringsted,6.95,0.0,0.95,0.0,1028.63,92.5,50.0
1730955600,2024-11-07 05:00:00,2024-11-07 06:00:00,ringsted,7.025,0.0,1.3,0.0,1028.66,92.5,50.0
1730959200,2024-11-07 06:00:00,2024-11-07 07:00:00,ringsted,7.175,0.0,1.375,0.0,1028.9,93.25,50.0
1730962800,2024-11-07 07:00:00,2024-11-07 08:00:00,ringsted,7.575,1.0,1.475,0.0,1029.2,92.5,50.0
1730966400,2024-11-07 08:00:00,2024-11-07 09:00:00,ringsted,8.1,10.0,1.65,0.0,1029.51,92.0,50.0
1730970000,2024-11-07 09:00:00,2024-11-07 10:00:00,ringsted,8.55,21.0,1.525,0.0,1029.79,91.75,50.0
1730973600,2024-11-07 10:00:00,2024-11-07 11:00:00,ringsted,9.03333,34.0,1.33333,0.0,1029.89,91.3333,60.0
1730977200,2024-11-07 11:00:00,2024-11-07 12:00:00,ringsted,9.23333,39.0,1.46667,0.0,1029.82,90.3333,50.0
1730980800,2024-11-07 12:00:00,2024-11-07 13:00:00,ringsted,9.575,38.0,1.475,0.0,1029.62,90.75,54.5455
1730984400,2024-11-07 13:00:00,2024-11-07 14:00:00,ringsted,9.63333,28.0,1.26667,0.0,1029.57,88.6667,50.0
1730988000,2024-11-07 14:00:00,2024-11-07 15:00:00,ringsted,9.65,18.0,1.45,0.0,1029.7,90.5,50.0
1730991600,2024-11-07 15:00:00,2024-11-07 16:00:00,ringsted,9.525,5.5,1.325,0.0,1029.85,90.75,50.0
1730995200,2024-11-07 16:00:00,2024-11-07 17:00:00,ringsted,9.375,0.0,1.15,0.0,1030.19,90.75,50.0
1730998800,2024-11-07 17:00:00,2024-11-07 18:00:00,ringsted,9.2,0.0,0.8,0.0,1030.58,90.5,50.0
1731002400,2024-11-07 18:00:00,2024-11-07 19:00:00,ringsted,9.05,0.0,0.625,0.0,1030.8,91.25,50.0
1731006000,2024-11-07 19:00:00,2024-11-07 20:00:00,ringsted,8.825,0.0,0.575,0.0,1030.85,93.5,50.0
1731009600,2024-11-07 20:00:00,2024-11-07 21:00:00,ringsted,8.65,0.0,0.875,0.0,1030.9,95.0,50.0
1731013200,2024-11-07 21:00:00,2024-11-07 22:00:00,ringsted,8.55,0.0,0.625,0.0,1031.13,95.5,50.0
1731016800,2024-11-07 22:00:00,2024-11-07 23:00:00,ringsted,8.475,0.0,0.625,0.0,1031.03,95.5,50.0
1731020400,2024-11-07 23:00:00,2024-11-08 00:00:00,ringsted,8.45,0.0,0.85,0.0,1030.87,94.5,50.0
1731024000,2024-11-08 00:00:00,2024-11-08 01:00:00,ringsted,8.5,0.0,0.425,0.0,1030.75,93.0,50.0
1731027600,2024-11-08 01:00:00,2024-11-08 02:00:00,ringsted,8.425,0.0,0.35,0.0,1030.8,94.25,50.0
1731031200,2024-11-08 02:00:00,2024-11-08 03:00:00,ringsted,8.45,0.0,0.675,0.025,1030.58,94.25,50.0
1731034800,2024-11-08 03:00:00,2024-11-08 04:00:00,ringsted,8.475,0.0,0.975,0.025,1030.43,93.0,50.0
1731038400,2024-11-08 04:00:00,2024-11-08 05:00:00,ringsted,8.55,0.0,1.225,0.0,1030.38,91.25,50.8333
1731042000,2024-11-08 05:00:00,2024-11-08 06:00:00,ringsted,8.45,0.0,1.075,0.025,1030.35,92.0,50.0
1731045600,2024-11-08 06:00:00,2024-11-08 07:00:00,ringsted,8.45,0.0,1.075,0.0,1030.47,91.75,51.6667
1731049200,2024-11-08 07:00:00,2024-11-08 08:00:00,ringsted,8.375,0.5,0.975,0.0,1030.46,93.0,55.0
1731052800,2024-11-08 08:00:00,2024-11-08 09:00:00,ringsted,8.55,9.0,1.45,0.0,1030.53,91.5,50.0
1731056400,2024-11-08 09:00:00,2024-11-08 10:00:00,ringsted,8.95,27.0,2.225,0.0,1030.47,88.25,50.0
1731060000,2024-11-08 10:00:00,2024-11-08 11:00:00,ringsted,9.4,60.5,2.675,0.0,1030.31,85.75,50.0
1731063600,2024-11-08 11:00:00,2024-11-08 12:00:00,ringsted,9.725,53.5,3.25,0.0,1029.86,83.0,52.5
1731067200,2024-11-08 12:00:00,2024-11-08 13:00:00,ringsted,9.8,60.0,3.5,0.0,1029.48,82.0,50.0
1731070800,2024-11-08 13:00:00,2024-11-08 14:00:00,ringsted,9.625,44.0,3.775,0.0,1029.22,81.5,51.6667
1731074400,2024-11-08 14:00:00,2024-11-08 15:00:00,ringsted,9.225,29.5,3.85,0.0,1029.08,86.0,70.0
1731078000,2024-11-08 15:00:00,2024-11-08 16:00:00,ringsted,8.55,13.0,3.525,0.0,1028.95,92.0,55.0
1731081600,2024-11-08 16:00:00,2024-11-08 17:00:00,ringsted,8.275,0.5,3.925,0.025,1028.72,88.25,50.8333
1731085200,2024-11-08 17:00:00,2024-11-08 18:00:00,ringsted,8.075,0.0,4.35,0.0,1028.61,85.5,50.0
1731088800,2024-11-08 18:00:00,2024-11-08 19:00:00,ringsted,8.025,0.0,4.45,0.0,1028.35,84.0,50.0
1731092400,2024-11-08 19:00:00,2024-11-08 20:00:00,ringsted,8.025,0.0,4.225,0.0,1028.2,83.5,50.0
1731096000,2024-11-08 20:00:00,2024-11-08 21:00:00,ringsted,7.8,0.0,4.85,0.0,1028.14,82.75,50.0
1731099600,2024-11-08 21:00:00,2024-11-08 22:00:00,ringsted,7.5,0.0,4.4,0.0,1027.87,84.5,50.0
1731103200,2024-11-08 22:00:00,2024-11-08 23:00:00,ringsted,7.25,0.0,4.6,0.0,1027.77,84.5,50.0
1731106800,2024-11-08 23:00:00,2024-11-09 00:00:00,ringsted,7.0,0.0,4.35,0.0,1027.65,84.25,50.0
1731110400,2024-11-09 00:00:00,2024-11-09 01:00:00,ringsted,6.775,0.0,4.275,0.0,1027.37,85.5,50.0
1731114000,2024-11-09 01:00:00,2024-11-09 02:00:00,ringsted,6.55,0.0,3.95,0.0,1026.92,86.25,50.0
1731117600,2024-11-09 02:00:00,2024-11-09 03:00:00,ringsted,6.45,0.0,4.0,0.0,1026.69,85.75,50.0
1731121200,2024-11-09 03:00:00,2024-11-09 04:00:00,ringsted,6.45,0.0,4.075,0.0,1026.31,85.5,50.0
1731124800,2024-11-09 04:00:00,2024-11-09 05:00:00,ringsted,6.5,0.0,3.775,0.0,1026.09,85.25,50.0
1731128400,2024-11-09 05:00:00,2024-11-09 06:00:00,ringsted,6.5,0.0,3.8,0.0,1025.91,86.0,50.0
1731132000,2024-11-09 06:00:00,2024-11-09 07:00:00,ringsted,6.575,0.0,4.075,0.0,1025.94,85.75,50.0
1731135600,2024-11-09 07:00:00,2024-11-09 08:00:00,ringsted,6.525,0.0,3.975,0.0,1026.13,86.5,50.0
1731139200,2024-11-09 08:00:00,2024-11-09 09:00:00,ringsted,6.325,5.0,4.45,0.0,1026.24,87.25,50.0
1731142800,2024-11-09 09:00:00,2024-11-09 10:00:00,ringsted,6.2,18.0,4.0,0.0,1026.12,87.25,50.0
1731146400,2024-11-09 10:00:00,2024-11-09 11:00:00,ringsted,6.175,28.5,4.025,0.0,1025.92,86.75,50.0
1731150000,2024-11-09 11:00:00,2024-11-09 12:00:00,ringsted,6.25,30.0,3.5,0.0,1025.62,86.5,50.0
1731153600,2024-11-09 12:00:00,2024-11-09 13:00:00,ringsted,6.3,30.5,3.775,0.0,1025.31,85.75,50.0
1731157200,2024-11-09 13:00:00,2024-11-09 14:00:00,ringsted,6.25,22.5,3.625,0.0,1025.07,85.75,50.0
1731160800,2024-11-09 14:00:00,2024-11-09 15:00:00,ringsted,6.2,15.5,3.625,0.0,1024.98,85.75,50.0
1731164400,2024-11-09 15:00:00,2024-11-09 16:00:00,ringsted,6.15,5.5,3.325,0.0,1024.86,86.5,50.0
1731168000,2024-11-09 16:00:00,2024-11-09 17:00:00,ringsted,5.975,0.5,3.6,0.0,1024.77,86.25,50.0
1731171600,2024-11-09 17:00:00,2024-11-09 18:00:00,ringsted,5.925,0.0,3.25,0.0,1024.84,87.0,50.0
1731175200,2024-11-09 18:00:00,2024-11-09 19:00:00,ringsted,5.95,0.0,3.475,0.0,1024.84,86.25,50.0
1731178800,2024-11-09 19:00:00,2024-11-09 20:00:00,ringsted,6.0,0.0,3.45,0.0,1024.65,86.25,50.0
1731182400,2024-11-09 20:00:00,2024-11-09 21:00:00,ringsted,5.95,0.0,3.5,0.0,1024.64,87.0,50.0
1731186000,2024-11-09 21:00:00,2024-11-09 22:00:00,ringsted,5.925,0.0,3.325,0.0,1024.59,87.75,50.0
1731189600,2024-11-09 22:00:00,2024-11-09 23:00:00,ringsted,5.9,0.0,3.175,0.0,1024.6,88.25,50.0
1731193200,2024-11-09 23:00:00,2024-11-10 00:00:00,ringsted,5.75,0.0,3.025,0.0,1024.71,88.5,50.0
1731196800,2024-11-10 00:00:00,2024-11-10 01:00:00,ringsted,5.65,0.0,3.1,0.0,1024.54,88.0,50.0
1731200400,2024-11-10 01:00:00,2024-11-10 02:00:00,ringsted,5.5,0.0,2.875,0.0,1024.24,88.25,50.0
1731204000,2024-11-10 02:00:00,2024-11-10 03:00:00,ringsted,5.35,0.0,2.325,0.0,1023.83,89.0,50.0
1731207600,2024-11-10 03:00:00,2024-11-10 04:00:00,ringsted,5.25,0.0,2.25,0.0,1023.77,89.25,50.0
1731211200,2024-11-10 04:00:00,2024-11-10 05:00:00,ringsted,5.1,0.0,2.95,0.0,1023.62,89.0,50.0
1731214800,2024-11-10 05:00:00,2024-11-10 06:00:00,ringsted,4.8,0.0,2.525,0.0,1023.58,90.25,50.0
1731218400,2024-11-10 06:00:00,2024-11-10 07:00:00,ringsted,4.675,0.0,2.625,0.0,1023.76,90.5,50.0
1731222000,2024-11-10 07:00:00,2024-11-10 08:00:00,ringsted,4.525,0.0,2.575,0.0,1024.04,91.75,50.0
1731225600,2024-11-10 08:00:00,2024-11-10 09:00:00,ringsted,4.475,3.0,2.65,0.0,1024.05,92.25,50.0
1731229200,2024-11-10 09:00:00,2024-11-10 10:00:00,ringsted,4.525,12.0,2.4,0.0,1023.92,92.75,50.0
1731232800,2024-11-10 10:00:00,2024-11-10 11:00:00,ringsted,4.7,18.5,2.5,0.0,1023.63,92.25,50.0
1731236400,2024-11-10 11:00:00,2024-11-10 12:00:00,ringsted,4.775,21.0,2.575,0.0,1023.4,92.0,50.0
1731240000,2024-11-10 12:00:00,2024-11-10 13:00:00,ringsted,4.825,17.5,2.3,0.0,1023.14,92.0,50.0
1731243600,2024-11-10 13:00:00,2024-11-10 14:00:00,ringsted,4.975,15.0,1.975,0.0,1022.8,93.0,50.0
1731247200,2024-11-10 14:00:00,2024-11-10 15:00:00,ringsted,5.075,12.0,2.075,0.025,1022.68,94.5,50.8333
1731250800,2024-11-10 15:00:00,2024-11-10 16:00:00,ringsted,5.2,4.5,2.0,0.05,1022.6,95.25,51.6667
1731254400,2024-11-10 16:00:00,2024-11-10 17:00:00,ringsted,5.4,0.0,1.75,0.075,1022.62,97.0,50.0
1731258000,2024-11-10 17:00:00,2024-11-10 18:00:00,ringsted,5.575,0.0,2.0,0.075,1022.64,97.25,50.0
1731261600,2024-11-10 18:00:00,2024-11-10 19:00:00,ringsted,5.725,0.0,1.9,0.025,1022.67,96.5,50.0
1731265200,2024-11-10 19:00:00,2024-11-10 20:00:00,ringsted,5.825,0.0,2.175,0.0,1022.62,96.0,50.0
1731268800,2024-11-10 20:00:00,2024-11-10 21:00:00,ringsted,6.025,0.0,2.775,0.0,1022.6,95.75,50.0
1731272400,2024-11-10 21:00:00,2024-11-10 22:00:00,ringsted,6.35,0.0,3.2,0.0,1022.42,94.75,50.0
1731276000,2024-11-10 22:00:00,2024-11-10 23:00:00,ringsted,6.6,0.0,3.725,0.0,1022.13,94.0,50.0
1731279600,2024-11-10 23:00:00,2024-11-11 00:00:00,ringsted,6.725,0.0,3.75,0.0,1021.72,94.25,50.0
1731283200,2024-11-11 00:00:00,2024-11-11 01:00:00,ringsted,6.875,0.0,3.875,0.0,1021.27,94.75,50.0
1731286800,2024-11-11 01:00:00,2024-11-11 02:00:00,ringsted,7.05,0.0,3.725,0.025,1021.24,95.25,50.0
1731290400,2024-11-11 02:00:00,2024-11-11 03:00:00,ringsted,7.325,0.0,3.775,0.0,1021.02,95.75,50.8333
1731294000,2024-11-11 03:00:00,2024-11-11 04:00:00,ringsted,7.475,0.0,3.525,0.025,1020.83,96.25,51.6667
1731297600,2024-11-11 04:00:00,2024-11-11 05:00:00,ringsted,7.475,0.0,3.225,0.05,1020.71,96.5,50.0
1731301200,2024-11-11 05:00:00,2024-11-11 06:00:00,ringsted,7.55,0.0,3.075,0.15,1020.44,97.25,50.0
1731304800,2024-11-11 06:00:00,2024-11-11 07:00:00,ringsted,7.55,0.0,2.975,0.0,1020.53,97.5,50.0
1731308400,2024-11-11 07:00:00,2024-11-11 08:00:00,ringsted,7.675,1.0,2.9,0.05,1020.62,97.5,50.0
1731312000,2024-11-11 08:00:00,2024-11-11 09:00:00,ringsted,7.75,8.5,2.725,0.025,1020.66,97.5,50.0
1731315600,2024-11-11 09:00:00,2024-11-11 10:00:00,ringsted,7.9,35.5,3.15,0.025,1020.75,97.5,50.0
1731319200,2024-11-11 10:00:00,2024-11-11 11:00:00,ringsted,8.175,49.5,2.925,0.0,1020.9,96.25,50.0
1731322800,2024-11-11 11:00:00,2024-11-11 12:00:00,ringsted,8.325,44.5,2.725,0.025,1020.93,95.75,50.0
1731326400,2024-11-11 12:00:00,2024-11-11 13:00:00,ringsted,8.4,49.0,2.1,0.05,1020.97,95.25,50.0
1731330000,2024-11-11 13:00:00,2024-11-11 14:00:00,ringsted,8.425,40.0,1.45,0.0,1021.23,94.5,50.0
1731333600,2024-11-11 14:00:00,2024-11-11 15:00:00,ringsted,8.45,27.5,0.85,0.0,1021.65,94.0,50.0
1731337200,2024-11-11 15:00:00,2024-11-11 16:00:00,ringsted,8.325,11.5,0.775,0.025,1022.17,94.5,50.0
1731340800,2024-11-11 16:00:00,2024-11-11 17:00:00,ringsted,8.125,1.0,0.975,0.0,1022.56,95.75,50.0
1731344400,2024-11-11 17:00:00,2024-11-11 18:00:00,ringsted,7.9,0.0,1.075,0.0,1023.25,96.25,50.0
1731348000,2024-11-11 18:00:00,2024-11-11 19:00:00,ringsted,7.7,0.0,0.825,0.025,1023.87,96.5,47.5
1731351600,2024-11-11 19:00:00,2024-11-11 20:00:00,ringsted,7.575,0.0,0.725,0.0,1024.44,96.75,50.0
1731355200,2024-11-11 20:00:00,2024-11-11 21:00:00,ringsted,7.425,0.0,0.55,0.0,1025.02,97.0,50.0
1731358800,2024-11-11 21:00:00,2024-11-11 22:00:00,ringsted,7.35,0.0,0.35,0.0,1025.49,97.25,50.0
1731362400,2024-11-11 22:00:00,2024-11-11 23:00:00,ringsted,7.25,0.0,0.8,0.0,1025.89,97.5,50.0
1731366000,2024-11-11 23:00:00,2024-11-12 00:00:00,ringsted,7.3,0.0,1.025,0.0,1026.24,97.75,50.0
1731369600,2024-11-12 00:00:00,2024-11-12 01:00:00,ringsted,7.4,0.0,1.1,0.0,1026.61,97.75,51.6667
1731373200,2024-11-12 01:00:00,2024-11-12 02:00:00,ringsted,7.55,0.0,1.475,0.05,1027.02,97.75,52.5
1731376800,2024-11-12 02:00:00,2024-11-12 03:00:00,ringsted,7.65,0.0,1.65,0.0,1027.38,97.75,50.0
1731380400,2024-11-12 03:00:00,2024-11-12 04:00:00,ringsted,7.65,0.0,1.6,0.0,1027.6,97.75,50.0
1731384000,2024-11-12 04:00:00,2024-11-12 05:00:00,ringsted,7.625,0.0,1.35,0.0,1027.97,97.75,22.9167
1731387600,2024-11-12 05:00:00,2024-11-12 06:00:00,ringsted,6.975,0.0,1.85,0.0,1028.58,97.5,37.0833
1731391200,2024-11-12 06:00:00,2024-11-12 07:00:00,ringsted,6.775,0.0,2.725,0.0,1028.98,97.0,10.4167
1731394800,2024-11-12 07:00:00,2024-11-12 08:00:00,ringsted,5.775,1.0,2.475,0.0,1029.62,96.5,0.0
1731398400,2024-11-12 08:00:00,2024-11-12 09:00:00,ringsted,5.55,37.0,1.775,0.0,1029.89,95.75,0.0
1731402000,2024-11-12 09:00:00,2024-11-12 10:00:00,ringsted,6.225,139.5,1.75,0.0,1029.98,93.5,0.833333
1731405600,2024-11-12 10:00:00,2024-11-12 11:00:00,ringsted,7.35,217.0,2.125,0.0,1030.57,88.25,43.75
1731409200,2024-11-12 11:00:00,2024-11-12 12:00:00,ringsted,7.875,187.5,3.775,0.0,1030.4,83.5,50.8333
1731412800,2024-11-12 12:00:00,2024-11-12 13:00:00,ringsted,7.7,107.5,3.625,0.0,1029.84,83.5,45.8333
1731416400,2024-11-12 13:00:00,2024-11-12 14:00:00,ringsted,7.7,115.0,3.85,0.0,1029.54,82.75,49.0909
1731420000,2024-11-12 14:00:00,2024-11-12 15:00:00,ringsted,7.475,101.0,3.775,0.0,1029.3,84.5,45.8333
1731423600,2024-11-12 15:00:00,2024-11-12 16:00:00,ringsted,6.9,28.5,3.7,0.0,1029.37,86.5,53.3333
1731427200,2024-11-12 16:00:00,2024-11-12 17:00:00,ringsted,6.0,1.0,3.525,0.0,1029.35,90.0,89.1667
1731430800,2024-11-12 17:00:00,2024-11-12 18:00:00,ringsted,5.6,0.0,3.75,0.0,1029.4,91.25,63.3333
1731434400,2024-11-12 18:00:00,2024-11-12 19:00:00,ringsted,5.35,0.0,3.3,0.0,1029.25,91.75,57.5
1731438000,2024-11-12 19:00:00,2024-11-12 20:00:00,ringsted,5.25,0.0,2.525,0.0,1029.03,92.75,50.0
1731441600,2024-11-12 20:00:00,2024-11-12 21:00:00,ringsted,5.175,0.0,2.175,0.0,1028.67,93.25,54.1667
1731445200,2024-11-12 21:00:00,2024-11-12 22:00:00,ringsted,5.05,0.0,1.575,0.0,1028.44,94.0,50.0
1731448800,2024-11-12 22:00:00,2024-11-12 23:00:00,ringsted,5.025,0.0,1.1,0.0,1028.13,95.0,64.1667
1731452400,2024-11-12 23:00:00,2024-11-13 00:00:00,ringsted,4.9,0.0,0.9,0.0,1027.8,95.75,65.8333
1731456000,2024-11-13 00:00:00,2024-11-13 01:00:00,ringsted,4.575,0.0,0.925,0.0,1027.05,96.5,69.0909
1731459600,2024-11-13 01:00:00,2024-11-13 02:00:00,ringsted,4.35,0.0,1.075,0.0,1026.67,97.25,55.0
1731463200,2024-11-13 02:00:00,2024-11-13 03:00:00,ringsted,4.6,0.0,0.925,0.0,1026.14,97.5,55.0
1731466800,2024-11-13 03:00:00,2024-11-13 04:00:00,ringsted,4.575,0.0,0.475,0.0,1025.56,97.5,47.5
1731470400,2024-11-13 04:00:00,2024-11-13 05:00:00,ringsted,4.725,0.0,0.725,0.0,1025.2,98.25,50.0
1731474000,2024-11-13 05:00:00,2024-11-13 06:00:00,ringsted,4.975,0.0,0.65,0.0,1024.85,98.25,45.8333
1731477600,2024-11-13 06:00:00,2024-11-13 07:00:00,ringsted,5.125,0.0,0.7,0.0,1024.82,98.5,50.0
1731481200,2024-11-13 07:00:00,2024-11-13 08:00:00,ringsted,5.4,1.0,0.85,0.0,1024.75,98.25,54.5455
1731484800,2024-11-13 08:00:00,2024-11-13 09:00:00,ringsted,5.675,13.0,0.75,0.0,1024.4,98.0,70.0
1731488400,2024-11-13 09:00:00,2024-11-13 10:00:00,ringsted,6.175,34.0,1.1,0.0,1024.23,97.75,70.0
1731492000,2024-11-13 10:00:00,2024-11-13 11:00:00,ringsted,6.875,46.5,1.525,0.0,1023.75,96.75,60.0
1731495600,2024-11-13 11:00:00,2024-11-13 12:00:00,ringsted,7.525,61.0,2.125,0.025,1023.37,95.0,40.6667
1731499200,2024-11-13 12:00:00,2024-11-13 13:00:00,ringsted,8.175,91.0,2.96667,0.0,1022.79,91.5,30.0
1731502800,2024-11-13 13:00:00,2024-11-13 14:00:00,ringsted,8.475,58.0,3.2,0.0,1021.83,91.0,61.6667
1731506400,2024-11-13 14:00:00,2024-11-13 15:00:00,ringsted,8.55,60.5,3.05,0.0,1021.01,91.75,66.6667
1731510000,2024-11-13 15:00:00,2024-11-13 16:00:00,ringsted,8.525,21.0,2.475,0.025,1020.47,92.75,65.0
1731513600,2024-11-13 16:00:00,2024-11-13 17:00:00,ringsted,8.4,0.0,2.575,0.0,1019.87,94.0,68.3333
1731517200,2024-11-13 17:00:00,2024-11-13 18:00:00,ringsted,8.325,0.0,2.85,0.025,1019.23,94.75,76.6667
1731520800,2024-11-13 18:00:00,2024-11-13 19:00:00,ringsted,8.375,0.0,3.4,0.025,1018.94,95.75,72.7778
1731524400,2024-11-13 19:00:00,2024-11-13 20:00:00,ringsted,8.525,0.0,3.325,0.175,1018.29,97.75,69.4444
1731528000,2024-11-13 20:00:00,2024-11-13 21:00:00,ringsted,8.8,0.0,3.6,0.2,1017.83,97.75,66.6667
1731531600,2024-11-13 21:00:00,2024-11-13 22:00:00,ringsted,9.1,0.0,3.25,0.075,1017.28,98.0,66.6667
1731535200,2024-11-13 22:00:00,2024-11-13 23:00:00,ringsted,9.1,0.0,2.7,0.025,1016.78,95.25,52.2222
1731538800,2024-11-13 23:00:00,2024-11-14 00:00:00,ringsted,8.875,0.0,2.825,0.0,1016.3,93.75,56.3889
1731542400,2024-11-14 00:00:00,2024-11-14 01:00:00,ringsted,8.575,0.0,3.125,0.0,1015.67,92.25,60.0
1731546000,2024-11-14 01:00:00,2024-11-14 02:00:00,ringsted,8.425,0.0,3.325,0.0,1015.11,90.0,65.0
1731549600,2024-11-14 02:00:00,2024-11-14 03:00:00,ringsted,8.4,0.0,3.55,0.0,1014.55,88.75,65.5556
1731553200,2024-11-14 03:00:00,2024-11-14 04:00:00,ringsted,8.3,0.0,3.775,0.0,1014.17,88.0,63.8889
1731556800,2024-11-14 04:00:00,2024-11-14 05:00:00,ringsted,8.125,0.0,3.95,0.0,1014.0,88.0,36.1111
1731560400,2024-11-14 05:00:00,2024-11-14 06:00:00,ringsted,7.625,0.0,4.025,0.0,1014.12,89.75,33.3333
1731564000,2024-11-14 06:00:00,2024-11-14 07:00:00,ringsted,7.025,0.0,3.975,0.0,1014.35,91.25,9.33333
1731567600,2024-11-14 07:00:00,2024-11-14 08:00:00,ringsted,6.325,1.0,3.125,0.0,1014.25,93.0,0.0
1731571200,2024-11-14 08:00:00,2024-11-14 09:00:00,ringsted,6.225,43.5,2.975,0.0,1014.89,94.0,0.0
1731574800,2024-11-14 09:00:00,2024-11-14 10:00:00,ringsted,7.65,142.0,3.175,0.0,1015.11,90.5,2.5
1731578400,2024-11-14 10:00:00,2024-11-14 11:00:00,ringsted,9.075,229.0,3.85,0.0,1015.15,84.5,0.0
1731582000,2024-11-14 11:00:00,2024-11-14 12:00:00,ringsted,9.675,211.0,4.075,0.0,1015.1,80.5,2.91667
1731585600,2024-11-14 12:00:00,2024-11-14 13:00:00,ringsted,9.825,204.0,4.225,0.0,1015.33,80.0,19.6875
1731589200,2024-11-14 13:00:00,2024-11-14 14:00:00,ringsted,9.925,198.0,4.925,0.0,1015.76,79.5,10.7143
1731592800,2024-11-14 14:00:00,2024-11-14 15:00:00,ringsted,9.525,98.0,4.525,0.0,1016.04,81.25,2.5
1731596400,2024-11-14 15:00:00,2024-11-14 16:00:00,ringsted,8.675,26.0,3.425,0.0,1016.6,85.5,0.0
1731600000,2024-11-14 16:00:00,2024-11-14 17:00:00,ringsted,7.325,0.5,2.525,0.0,1016.94,90.25,0.0
1731603600,2024-11-14 17:00:00,2024-11-14 18:00:00,ringsted,6.25,0.0,2.675,0.0,1017.22,93.5,0.0
1731607200,2024-11-14 18:00:00,2024-11-14 19:00:00,ringsted,5.825,0.0,2.375,0.0,1017.43,94.5,0.0
1731610800,2024-11-14 19:00:00,2024-11-14 20:00:00,ringsted,4.9,0.0,2.2,0.0,1017.26,96.0,0.0
1731614400,2024-11-14 20:00:00,2024-11-14 21:00:00,ringsted,4.575,0.0,2.05,0.0,1017.67,96.75,4.16667
1731618000,2024-11-14 21:00:00,2024-11-14 22:00:00,ringsted,4.0,0.0,1.825,0.0,1017.74,97.5,4.16667
1731621600,2024-11-14 22:00:00,2024-11-14 23:00:00,ringsted,3.825,0.0,1.775,0.0,1017.68,98.0,0.0
1731625200,2024-11-14 23:00:00,2024-11-15 00:00:00,ringsted,3.625,0.0,1.7,0.0,1017.34,98.0,29.4118
1731628800,2024-11-15 00:00:00,2024-11-15 01:00:00,ringsted,3.975,0.0,1.875,0.0,1016.79,98.25,22.0588
1731632400,2024-11-15 01:00:00,2024-11-15 02:00:00,ringsted,3.925,0.0,1.8,0.0,1016.3,98.5,0.0
1731636000,2024-11-15 02:00:00,2024-11-15 03:00:00,ringsted,4.35,0.0,2.475,0.0,1015.91,98.5,0.0
1731639600,2024-11-15 03:00:00,2024-11-15 04:00:00,ringsted,4.925,0.0,2.925,0.0,1015.77,98.0,33.3333
1731643200,2024-11-15 04:00:00,2024-11-15 05:00:00,ringsted,5.7,0.0,3.525,0.025,1015.45,96.75,54.4118
1731646800,2024-11-15 05:00:00,2024-11-15 06:00:00,ringsted,6.575,0.0,3.725,0.025,1015.25,95.5,66.6667
1731650400,2024-11-15 06:00:00,2024-11-15 07:00:00,ringsted,7.175,0.0,3.6,0.05,1015.17,96.0,63.8889
1731654000,2024-11-15 07:00:00,2024-11-15 08:00:00,ringsted,7.625,0.0,3.9,0.0666667,1015.27,96.25,63.3333
1731657600,2024-11-15 08:00:00,2024-11-15 09:00:00,ringsted,8.2,11.0,4.075,0.075,1015.25,95.5,65.5556
1731661200,2024-11-15 09:00:00,2024-11-15 10:00:00,ringsted,8.85,33.5,4.4,0.075,1015.21,95.0,67.2222
1731664800,2024-11-15 10:00:00,2024-11-15 11:00:00,ringsted,9.225,47.0,4.625,0.075,1014.96,95.5,68.3333
1731668400,2024-11-15 11:00:00,2024-11-15 12:00:00,ringsted,9.55,58.0,5.075,0.1,1014.91,96.75,66.6667
1731672000,2024-11-15 12:00:00,2024-11-15 13:00:00,ringsted,9.95,57.5,5.45,0.075,1014.94,96.5,66.6667
1731675600,2024-11-15 13:00:00,2024-11-15 14:00:00,ringsted,10.35,50.0,4.85,0.075,1014.82,95.75,66.6667
1731679200,2024-11-15 14:00:00,2024-11-15 15:00:00,ringsted,10.75,25.5,4.925,0.05,1014.65,94.5,68.3333
1731682800,2024-11-15 15:00:00,2024-11-15 16:00:00,ringsted,10.85,7.0,5.025,0.0,1014.41,92.25,67.2222
1731686400,2024-11-15 16:00:00,2024-11-15 17:00:00,ringsted,10.7,0.0,4.025,0.025,1014.2,94.0,66.6667
1731690000,2024-11-15 17:00:00,2024-11-15 18:00:00,ringsted,10.625,0.0,3.875,0.025,1014.04,95.5,66.6667
1731693600,2024-11-15 18:00:00,2024-11-15 19:00:00,ringsted,10.75,0.0,4.4,0.0,1013.7,95.25,66.6667
1731697200,2024-11-15 19:00:00,2024-11-15 20:00:00,ringsted,10.725,0.0,5.475,0.025,1013.19,94.75,66.6667
1731700800,2024-11-15 20:00:00,2024-11-15 21:00:00,ringsted,10.45,0.0,6.2,0.0,1013.01,93.25,66.6667
1731704400,2024-11-15 21:00:00,2024-11-15 22:00:00,ringsted,10.05,0.0,7.35,0.0,1012.81,90.5,70.5556
1731708000,2024-11-15 22:00:00,2024-11-15 23:00:00,ringsted,9.475,0.0,7.025,0.0,1012.28,91.0,76.1111
1731711600,2024-11-15 23:00:00,2024-11-16 00:00:00,ringsted,9.375,0.0,6.55,0.0,1011.3,90.75,66.6667
1731715200,2024-11-16 00:00:00,2024-11-16 01:00:00,ringsted,9.575,0.0,6.425,0.0,1010.21,87.5,66.6667
1731718800,2024-11-16 01:00:00,2024-11-16 02:00:00,ringsted,9.675,0.0,7.375,0.0,1009.49,85.0,66.6667
1731722400,2024-11-16 02:00:00,2024-11-16 03:00:00,ringsted,9.7,0.0,8.075,0.0,1008.88,83.5,66.6667
1731726000,2024-11-16 03:00:00,2024-11-16 04:00:00,ringsted,9.625,0.0,8.2,0.0,1008.1,83.5,66.6667
1731729600,2024-11-16 04:00:00,2024-11-16 05:00:00,ringsted,9.675,0.0,8.075,0.0,1007.78,82.0,66.6667
1731733200,2024-11-16 05:00:00,2024-11-16 06:00:00,ringsted,9.6,0.0,7.125,0.0,1007.2,84.25,66.6667
1731736800,2024-11-16 06:00:00,2024-11-16 07:00:00,ringsted,9.5,0.0,7.425,0.0,1006.41,85.5,66.6667
1731740400,2024-11-16 07:00:00,2024-11-16 08:00:00,ringsted,9.625,0.0,7.8,0.0,1006.04,84.75,66.6667
1731744000,2024-11-16 08:00:00,2024-11-16 09:00:00,ringsted,9.65,5.5,8.0,0.0,1005.81,85.5,67.7778
1731747600,2024-11-16 09:00:00,2024-11-16 10:00:00,ringsted,9.575,19.0,8.025,0.0,1005.24,87.75,67.2222
1731751200,2024-11-16 10:00:00,2024-11-16 11:00:00,ringsted,9.475,31.5,7.7,0.0,1004.69,90.5,70.0
1731754800,2024-11-16 11:00:00,2024-11-16 12:00:00,ringsted,9.5,30.5,7.825,0.0,1003.92,91.25,68.8889
1731758400,2024-11-16 12:00:00,2024-11-16 13:00:00,ringsted,9.45,33.0,8.2,0.0,1003.09,92.5,66.6667
1731762000,2024-11-16 13:00:00,2024-11-16 14:00:00,ringsted,9.475,29.5,7.925,0.0,1002.47,93.25,73.8889
1731765600,2024-11-16 14:00:00,2024-11-16 15:00:00,ringsted,9.425,18.5,7.175,0.525,1002.28,94.75,97.2222
1731769200,2024-11-16 15:00:00,2024-11-16 16:00:00,ringsted,8.975,6.0,5.975,0.475,1002.07,93.25,88.8889
1731772800,2024-11-16 16:00:00,2024-11-16 17:00:00,ringsted,8.5,0.0,4.325,0.325,1001.72,92.0,72.7778
1731776400,2024-11-16 17:00:00,2024-11-16 18:00:00,ringsted,8.45,0.0,4.425,0.225,1001.47,90.5,48.6111
1731780000,2024-11-16 18:00:00,2024-11-16 19:00:00,ringsted,8.15,0.0,4.325,0.0,1001.31,91.0,53.0556
1731783600,2024-11-16 19:00:00,2024-11-16 20:00:00,ringsted,7.75,0.0,3.625,0.0,1001.05,91.0,40.2778
1731787200,2024-11-16 20:00:00,2024-11-16 21:00:00,ringsted,7.45,0.0,3.325,0.0,1000.75,88.5,7.33333
1731790800,2024-11-16 21:00:00,2024-11-16 22:00:00,ringsted,6.9,0.0,3.625,0.0,999.917,87.0,2.66667
1731794400,2024-11-16 22:00:00,2024-11-16 23:00:00,ringsted,6.575,0.0,3.65,0.0,999.287,86.5,36.1111
1731798000,2024-11-16 23:00:00,2024-11-17 00:00:00,ringsted,6.775,0.0,4.475,0.025,998.696,84.25,67.2222
1731801600,2024-11-17 00:00:00,2024-11-17 01:00:00,ringsted,6.9,0.0,3.925,0.0,998.104,86.0,65.0
1731805200,2024-11-17 01:00:00,2024-11-17 02:00:00,ringsted,6.8,0.0,3.925,0.0,997.592,87.5,52.5
1731808800,2024-11-17 02:00:00,2024-11-17 03:00:00,ringsted,6.425,0.0,3.825,0.0,996.858,87.25,25.5882
1731812400,2024-11-17 03:00:00,2024-11-17 04:00:00,ringsted,6.35,0.0,4.275,0.0,996.333,87.5,33.0556
1731816000,2024-11-17 04:00:00,2024-11-17 05:00:00,ringsted,6.125,0.0,4.175,0.0,995.9,86.75,36.6667
1731819600,2024-11-17 05:00:00,2024-11-17 06:00:00,ringsted,5.9,0.0,4.4,0.0,995.317,86.5,14.7059
1731823200,2024-11-17 06:00:00,2024-11-17 07:00:00,ringsted,5.725,0.0,4.175,0.0,994.696,85.0,11.9444
1731826800,2024-11-17 07:00:00,2024-11-17 08:00:00,ringsted,5.675,0.5,4.875,0.0,994.433,84.0,6.5625
1731830400,2024-11-17 08:00:00,2024-11-17 09:00:00,ringsted,6.025,27.0,5.6,0.0,994.112,81.0,13.3333
1731834000,2024-11-17 09:00:00,2024-11-17 10:00:00,ringsted,6.6,115.5,5.975,0.0,993.737,78.0,26.1111
1731837600,2024-11-17 10:00:00,2024-11-17 11:00:00,ringsted,6.95,157.0,6.75,0.0,993.217,77.0,47.5
1731841200,2024-11-17 11:00:00,2024-11-17 12:00:00,ringsted,7.325,201.5,7.275,0.0,992.792,76.75,55.0
1731844800,2024-11-17 12:00:00,2024-11-17 13:00:00,ringsted,7.65,159.0,7.3,0.0,992.513,77.0,58.8889
1731848400,2024-11-17 13:00:00,2024-11-17 14:00:00,ringsted,7.8,129.5,7.175,0.0,992.379,74.75,31.3889
1731852000,2024-11-17 14:00:00,2024-11-17 15:00:00,ringsted,7.3,92.5,6.45,0.0,992.567,75.25,20.5556
1731855600,2024-11-17 15:00:00,2024-11-17 16:00:00,ringsted,6.425,15.0,5.9,0.0,992.775,78.5,38.8462
1731859200,2024-11-17 16:00:00,2024-11-17 17:00:00,ringsted,5.85,0.5,5.8,0.0,992.812,81.0,16.1538
1731862800,2024-11-17 17:00:00,2024-11-17 18:00:00,ringsted,5.45,0.0,5.375,0.0,992.883,82.25,3.33333
1731866400,2024-11-17 18:00:00,2024-11-17 19:00:00,ringsted,5.175,0.0,5.075,0.0,993.046,82.75,11.5625
1731870000,2024-11-17 19:00:00,2024-11-17 20:00:00,ringsted,5.1,0.0,5.5,0.0,993.146,82.0,12.8125
1731873600,2024-11-17 20:00:00,2024-11-17 21:00:00,ringsted,5.025,0.0,5.65,0.0,993.346,80.5,15.5882
1731877200,2024-11-17 21:00:00,2024-11-17 22:00:00,ringsted,4.65,0.0,5.525,0.0,993.475,81.75,32.9412
1731880800,2024-11-17 22:00:00,2024-11-17 23:00:00,ringsted,4.575,0.0,5.675,0.05,993.492,83.25,61.1111
1731884400,2024-11-17 23:00:00,2024-11-18 00:00:00,ringsted,4.275,0.0,4.7,0.075,993.575,86.0,31.3889
1731888000,2024-11-18 00:00:00,2024-11-18 01:00:00,ringsted,4.025,0.0,5.075,0.0,993.471,86.0,8.0
1731891600,2024-11-18 01:00:00,2024-11-18 02:00:00,ringsted,3.95,0.0,5.175,0.0,993.333,84.5,0.769231
1731895200,2024-11-18 02:00:00,2024-11-18 03:00:00,ringsted,3.875,0.0,4.9,0.0,992.925,84.25,15.8824
1731898800,2024-11-18 03:00:00,2024-11-18 04:00:00,ringsted,3.85,0.0,4.875,0.0,992.667,84.0,14.4444
1731902400,2024-11-18 04:00:00,2024-11-18 05:00:00,ringsted,3.825,0.0,5.1,0.0,992.642,83.25,33.3333
1731906000,2024-11-18 05:00:00,2024-11-18 06:00:00,ringsted,3.75,0.0,4.85,0.0,992.263,83.75,35.0
1731909600,2024-11-18 06:00:00,2024-11-18 07:00:00,ringsted,3.65,0.0,5.1,0.0,991.992,85.25,46.3889
1731913200,2024-11-18 07:00:00,2024-11-18 08:00:00,ringsted,3.75,0.5,4.85,0.025,992.117,86.25,44.4444
1731916800,2024-11-18 08:00:00,2024-11-18 09:00:00,ringsted,3.6,15.5,4.4,0.075,992.379,89.75,46.9444
1731920400,2024-11-18 09:00:00,2024-11-18 10:00:00,ringsted,4.025,50.5,5.1,0.125,992.921,91.25,50.0
1731924000,2024-11-18 10:00:00,2024-11-18 11:00:00,ringsted,4.75,118.0,5.475,0.075,993.342,89.5,49.7222
1731927600,2024-11-18 11:00:00,2024-11-18 12:00:00,ringsted,5.375,159.5,5.775,0.3,993.7,85.0,50.8333
1731931200,2024-11-18 12:00:00,2024-11-18 13:00:00,ringsted,6.1,152.0,6.075,0.1,993.942,82.0,23.5714
1731934800,2024-11-18 13:00:00,2024-11-18 14:00:00,ringsted,6.6,141.5,6.175,0.0,994.108,73.75,7.64706
1731938400,2024-11-18 14:00:00,2024-11-18 15:00:00,ringsted,6.45,103.5,5.775,0.0,994.4,70.5,13.8889
1731942000,2024-11-18 15:00:00,2024-11-18 16:00:00,ringsted,5.775,20.5,5.0,0.0,994.592,70.5,32.2222
1731945600,2024-11-18 16:00:00,2024-11-18 17:00:00,ringsted,4.975,0.5,4.85,0.0,994.804,75.5,16.1765
1731949200,2024-11-18 17:00:00,2024-11-18 18:00:00,ringsted,4.45,0.0,4.825,0.0,995.138,78.5,39.4444
1731952800,2024-11-18 18:00:00,2024-11-18 19:00:00,ringsted,4.425,0.0,4.875,0.0,995.388,81.25,21.3333
1731956400,2024-11-18 19:00:00,2024-11-18 20:00:00,ringsted,4.35,0.0,5.025,0.0,995.617,80.5,27.9167
1731960000,2024-11-18 20:00:00,2024-11-18 21:00:00,ringsted,4.3,0.0,5.73333,0.0,995.939,79.0,3.33333
1731963600,2024-11-18 21:00:00,2024-11-18 22:00:00,ringsted,4.0,0.0,5.475,0.0,996.379,78.75,0.833333
1731967200,2024-11-18 22:00:00,2024-11-18 23:00:00,ringsted,3.45,0.0,5.15,0.0,996.662,80.5,0.0
1731970800,2024-11-18 23:00:00,2024-11-19 00:00:00,ringsted,2.975,0.0,4.3,0.0,996.829,84.25,2.0
1731974400,2024-11-19 00:00:00,2024-11-19 01:00:00,ringsted,2.7,0.0,3.9,0.0,996.879,87.0,11.6667
1731978000,2024-11-19 01:00:00,2024-11-19 02:00:00,ringsted,2.6,0.0,3.675,0.0,996.6,86.75,0.833333
1731981600,2024-11-19 02:00:00,2024-11-19 03:00:00,ringsted,2.05,0.0,2.825,0.0,996.108,88.5,0.0
1731985200,2024-11-19 03:00:00,2024-11-19 04:00:00,ringsted,1.625,0.0,2.25,0.0,995.542,89.75,0.0
1731988800,2024-11-19 04:00:00,2024-11-19 05:00:00,ringsted,1.25,0.0,1.7,0.0,994.858,91.5,18.0769
1731992400,2024-11-19 05:00:00,2024-11-19 06:00:00,ringsted,0.225,0.0,1.4,0.0,994.017,93.75,32.2222
1731996000,2024-11-19 06:00:00,2024-11-19 07:00:00,ringsted,0.2,0.0,1.05,0.0,993.3,95.5,47.2222
1731999600,2024-11-19 07:00:00,2024-11-19 08:00:00,ringsted,0.35,0.0,0.9,0.0,992.767,95.5,37.1875
1732003200,2024-11-19 08:00:00,2024-11-19 09:00:00,ringsted,0.5,12.0,1.5,0.0,992.143,96.0,50.5882
1732006800,2024-11-19 09:00:00,2024-11-19 10:00:00,ringsted,1.275,23.5,1.2,0.35,991.485,95.25,57.8571
1732010400,2024-11-19 10:00:00,2024-11-19 11:00:00,ringsted,2.13333,46.5,1.26667,0.0,990.57,95.3333,38.5714
1732014000,2024-11-19 11:00:00,2024-11-19 12:00:00,ringsted,2.425,38.5,1.8,0.175,989.567,92.75,41.7857
1732017600,2024-11-19 12:00:00,2024-11-19 13:00:00,ringsted,2.45,52.0,1.675,0.175,988.642,92.75,53.6111
1732021200,2024-11-19 13:00:00,2024-11-19 14:00:00,ringsted,2.35,51.0,1.35,0.325,987.675,93.0,46.9231
1732024800,2024-11-19 14:00:00,2024-11-19 15:00:00,ringsted,2.45,24.0,1.55,0.125,986.912,93.5,50.0
1732028400,2024-11-19 15:00:00,2024-11-19 16:00:00,ringsted,2.25,4.0,2.175,0.275,986.346,94.5,46.4286
1732032000,2024-11-19 16:00:00,2024-11-19 17:00:00,ringsted,1.85,0.0,1.775,0.425,985.846,95.75,50.2778
1732035600,2024-11-19 17:00:00,2024-11-19 18:00:00,ringsted,1.925,0.0,2.325,0.2,985.329,95.5,47.3529
1732039200,2024-11-19 18:00:00,2024-11-19 19:00:00,ringsted,1.8,0.0,2.85,0.25,984.946,95.25,68.3333
1732042800,2024-11-19 19:00:00,2024-11-19 20:00:00,ringsted,1.625,0.0,3.075,0.125,984.679,95.75,66.6667
1732046400,2024-11-19 20:00:00,2024-11-19 21:00:00,ringsted,1.325,0.0,3.325,0.425,984.617,96.25,66.6667
1732050000,2024-11-19 21:00:00,2024-11-19 22:00:00,ringsted,1.125,0.0,3.425,0.275,984.508,95.75,65.0
1732053600,2024-11-19 22:00:00,2024-11-19 23:00:00,ringsted,1.0,0.0,3.225,0.2,984.483,95.75,47.3529
1732057200,2024-11-19 23:00:00,2024-11-20 00:00:00,ringsted,0.875,0.0,2.975,0.175,984.588,95.5,45.3571
1732060800,2024-11-20 00:00:00,2024-11-20 01:00:00,ringsted,0.925,0.0,2.575,0.025,984.65,96.0,45.3571
1732064400,2024-11-20 01:00:00,2024-11-20 02:00:00,ringsted,0.775,0.0,2.575,0.0,984.796,96.25,38.2143
1732068000,2024-11-20 02:00:00,2024-11-20 03:00:00,ringsted,0.275,0.0,2.7,0.0,985.092,97.0,14.5833
1732071600,2024-11-20 03:00:00,2024-11-20 04:00:00,ringsted,-1.38778e-17,0.0,2.425,0.0,985.412,96.75,40.8333
1732075200,2024-11-20 04:00:00,2024-11-20 05:00:00,ringsted,-0.025,0.0,2.2,0.0,985.675,97.0,45.6667
1732078800,2024-11-20 05:00:00,2024-11-20 06:00:00,ringsted,0.275,0.0,2.3,0.15,986.221,97.0,39.6154
1732082400,2024-11-20 06:00:00,2024-11-20 07:00:00,ringsted,-0.075,0.0,2.125,0.1,986.858,96.75,30.3333
1732086000,2024-11-20 07:00:00,2024-11-20 08:00:00,ringsted,-0.1,0.0,1.8,0.0,987.25,96.25,1.42857
1732089600,2024-11-20 08:00:00,2024-11-20 09:00:00,ringsted,-0.175,26.5,1.9,0.0,987.608,95.75,8.33333
1732093200,2024-11-20 09:00:00,2024-11-20 10:00:00,ringsted,0.05,108.0,2.15,0.0,987.971,96.0,47.8571
1732096800,2024-11-20 10:00:00,2024-11-20 11:00:00,ringsted,0.825,166.5,2.175,0.025,988.092,94.5,50.8333
1732100400,2024-11-20 11:00:00,2024-11-20 12:00:00,ringsted,1.55,154.5,2.6,0.275,988.004,92.75,59.7222
1732104000,2024-11-20 12:00:00,2024-11-20 13:00:00,ringsted,1.725,202.0,2.775,0.075,987.95,90.5,50.5556
1732107600,2024-11-20 13:00:00,2024-11-20 14:00:00,ringsted,1.675,130.0,2.675,0.125,988.175,90.75,50.2778
1732111200,2024-11-20 14:00:00,2024-11-20 15:00:00,ringsted,0.975,47.0,2.0,0.175,988.438,94.0,50.8333
1732114800,2024-11-20 15:00:00,2024-11-20 16:00:00,ringsted,0.575,12.0,1.7,0.025,988.779,95.25,37.6667
1732118400,2024-11-20 16:00:00,2024-11-20 17:00:00,ringsted,0.25,0.0,2.35,0.0,989.058,96.5,52.0588
1732122000,2024-11-20 17:00:00,2024-11-20 18:00:00,ringsted,-0.025,0.0,2.2,0.0,989.292,96.5,43.2353
1732125600,2024-11-20 18:00:00,2024-11-20 19:00:00,ringsted,-0.15,0.0,2.4,0.075,989.412,96.25,39.1667
1732129200,2024-11-20 19:00:00,2024-11-20 20:00:00,ringsted,-0.4,0.0,2.85,0.05,989.55,95.75,40.3333
1732132800,2024-11-20 20:00:00,2024-11-20 21:00:00,ringsted,-0.375,0.0,2.45,0.125,989.708,94.75,30.8333
1732136400,2024-11-20 21:00:00,2024-11-20 22:00:00,ringsted,-0.825,0.0,2.425,0.0,989.967,93.25,40.0
1732140000,2024-11-20 22:00:00,2024-11-20 23:00:00,ringsted,-0.525,0.0,2.75,0.0,990.152,93.25,30.0
1732143600,2024-11-20 23:00:00,2024-11-21 00:00:00,ringsted,-0.325,0.0,2.85,0.225,990.179,93.0,45.8333
1732147200,2024-11-21 00:00:00,2024-11-21 01:00:00,ringsted,-0.8,0.0,2.8,0.15,990.292,92.5,45.0
1732150800,2024-11-21 01:00:00,2024-11-21 02:00:00,ringsted,-0.325,0.0,3.2,0.025,990.171,93.0,44.1667
1732154400,2024-11-21 02:00:00,2024-11-21 03:00:00,ringsted,-0.4,0.0,3.1,0.0,990.033,92.75,50.2778
1732158000,2024-11-21 03:00:00,2024-11-21 04:00:00,ringsted,-0.325,0.0,3.225,0.025,990.042,92.25,36.9444
1732161600,2024-11-21 04:00:00,2024-11-21 05:00:00,ringsted,-1.1,0.0,2.6,0.0,989.825,91.0,26.4286
1732165200,2024-11-21 05:00:00,2024-11-21 06:00:00,ringsted,-1.0,0.0,2.525,0.0,989.525,88.5,44.4444
1732168800,2024-11-21 06:00:00,2024-11-21 07:00:00,ringsted,-0.925,0.0,2.1,0.0,989.254,88.0,22.2222
1732172400,2024-11-21 07:00:00,2024-11-21 08:00:00,ringsted,-1.5,0.0,1.575,0.125,988.842,91.0,33.8889
1732176000,2024-11-21 08:00:00,2024-11-21 09:00:00,ringsted,-1.975,11.0,0.9,0.325,988.196,95.25,38.6111
1732179600,2024-11-21 09:00:00,2024-11-21 10:00:00,ringsted,-1.775,33.0,0.65,0.425,987.865,96.75,22.9412
1732183200,2024-11-21 10:00:00,2024-11-21 11:00:00,ringsted,-0.366667,71.5,0.4,0.1,987.327,97.0,55.0
1732186800,2024-11-21 11:00:00,2024-11-21 12:00:00,ringsted,-0.65,47.5,0.65,0.125,986.714,96.75,51.875
1732190400,2024-11-21 12:00:00,2024-11-21 13:00:00,ringsted,-0.4,52.5,0.7,1.15,986.091,97.25,56.1765
1732194000,2024-11-21 13:00:00,2024-11-21 14:00:00,ringsted,-0.325,54.5,0.425,0.625,985.458,97.5,67.2222
1732197600,2024-11-21 14:00:00,2024-11-21 15:00:00,ringsted,0.266667,41.5,0.733333,0.5,985.245,97.6667,56.4286
1732201200,2024-11-21 15:00:00,2024-11-21 16:00:00,ringsted,0.233333,13.0,1.33333,0.666667,984.938,98.0,59.3333
1732204800,2024-11-21 16:00:00,2024-11-21 17:00:00,ringsted,-0.3,0.5,1.25,0.125,984.625,98.25,49.4444
1732208400,2024-11-21 17:00:00,2024-11-21 18:00:00,ringsted,-0.85,0.0,0.6,0.025,984.477,98.0,9.61539
1732212000,2024-11-21 18:00:00,2024-11-21 19:00:00,ringsted,-2.05,0.0,0.65,0.0,984.523,98.0,22.6667
1732215600,2024-11-21 19:00:00,2024-11-21 20:00:00,ringsted,-3.75,0.0,0.7,0.0,984.55,98.0,42.5
1732219200,2024-11-21 20:00:00,2024-11-21 21:00:00,ringsted,-4.675,0.0,0.775,0.0,984.743,97.0,12.6471
1732222800,2024-11-21 21:00:00,2024-11-21 22:00:00,ringsted,-5.525,0.0,0.775,0.0,984.958,96.25,18.2353
1732226400,2024-11-21 22:00:00,2024-11-21 23:00:00,ringsted,-5.875,0.0,0.875,0.0,985.346,95.25,14.6667
1732230000,2024-11-21 23:00:00,2024-11-22 00:00:00,ringsted,-5.55,0.0,0.775,0.0,985.775,95.0,33.8462
1732233600,2024-11-22 00:00:00,2024-11-22 01:00:00,ringsted,-6.125,0.0,1.075,0.0,985.954,93.75,43.75
1732237200,2024-11-22 01:00:00,2024-11-22 02:00:00,ringsted,-5.525,0.0,1.25,0.0,986.242,93.5,48.3333
1732240800,2024-11-22 02:00:00,2024-11-22 03:00:00,ringsted,-5.6,0.0,1.2,0.0,986.463,93.5,46.25
1732244400,2024-11-22 03:00:00,2024-11-22 04:00:00,ringsted,-4.95,0.0,1.0,0.0,986.746,93.5,22.0
1732248000,2024-11-22 04:00:00,2024-11-22 05:00:00,ringsted,-4.775,0.0,0.775,0.0,987.267,93.25,11.0
1732251600,2024-11-22 05:00:00,2024-11-22 06:00:00,ringsted,-5.8,0.0,0.95,0.0,987.867,93.25,18.6667
1732255200,2024-11-22 06:00:00,2024-11-22 07:00:00,ringsted,-6.225,0.0,1.05,0.0,988.413,92.25,39.5833
1732258800,2024-11-22 07:00:00,2024-11-22 08:00:00,ringsted,-5.93333,0.5,0.7,0.0,988.961,93.0,43.2143
1732262400,2024-11-22 08:00:00,2024-11-22 09:00:00,ringsted,-5.575,20.5,0.8,0.0,989.042,93.75,50.8333
1732266000,2024-11-22 09:00:00,2024-11-22 10:00:00,ringsted,-3.475,70.5,1.525,0.0,989.246,94.25,77.7778
1732269600,2024-11-22 10:00:00,2024-11-22 11:00:00,ringsted,-1.9,56.5,2.075,0.325,988.938,92.0,78.3333
1732273200,2024-11-22 11:00:00,2024-11-22 12:00:00,ringsted,-0.6,61.0,2.5,0.55,988.383,91.0,70.0
1732276800,2024-11-22 12:00:00,2024-11-22 13:00:00,ringsted,0.3,71.0,3.35,0.85,988.058,96.0,75.0
1732280400,2024-11-22 13:00:00,2024-11-22 14:00:00,ringsted,0.875,46.0,4.575,1.15,987.825,96.25,69.4444
1732284000,2024-11-22 14:00:00,2024-11-22 15:00:00,ringsted,0.725,20.5,4.1,1.1,988.029,96.25,66.6667
1732287600,2024-11-22 15:00:00,2024-11-22 16:00:00,ringsted,0.675,6.5,3.375,0.25,988.658,96.75,66.6667
1732291200,2024-11-22 16:00:00,2024-11-22 17:00:00,ringsted,0.725,0.0,2.775,0.35,989.771,97.25,66.6667
1732294800,2024-11-22 17:00:00,2024-11-22 18:00:00,ringsted,0.6,0.0,3.275,0.45,991.388,96.5,66.6667
1732298400,2024-11-22 18:00:00,2024-11-22 19:00:00,ringsted,0.075,0.0,4.725,0.1,993.112,94.25,71.3889
1732302000,2024-11-22 19:00:00,2024-11-22 20:00:00,ringsted,-0.35,0.0,3.475,0.15,994.917,92.0,55.2778
1732305600,2024-11-22 20:00:00,2024-11-22 21:00:00,ringsted,-0.95,0.0,2.625,0.0,996.425,93.0,17.6923
1732309200,2024-11-22 21:00:00,2024-11-22 22:00:00,ringsted,-1.5,0.0,2.325,0.0,997.517,92.0,9.58333
1732312800,2024-11-22 22:00:00,2024-11-22 23:00:00,ringsted,-2.05,0.0,2.3,0.0,998.379,91.5,0.0
1732316400,2024-11-22 23:00:00,2024-11-23 00:00:00,ringsted,-2.6,0.0,2.75,0.0,999.596,89.75,5.0
1732320000,2024-11-23 00:00:00,2024-11-23 01:00:00,ringsted,-2.125,0.0,3.225,0.0,1000.56,87.0,34.5833
1732323600,2024-11-23 01:00:00,2024-11-23 02:00:00,ringsted,-0.9,0.0,3.65,0.0,1001.19,83.75,7.5
1732327200,2024-11-23 02:00:00,2024-11-23 03:00:00,ringsted,-0.45,0.0,3.525,0.0,1001.98,86.5,0.0
1732330800,2024-11-23 03:00:00,2024-11-23 04:00:00,ringsted,0.275,0.0,4.4,0.0,1002.84,89.25,0.0
1732334400,2024-11-23 04:00:00,2024-11-23 05:00:00,ringsted,0.625,0.0,4.2,0.025,1003.77,88.75,0.0
1732338000,2024-11-23 05:00:00,2024-11-23 06:00:00,ringsted,0.65,0.0,3.775,0.0,1004.55,87.75,0.0
1732341600,2024-11-23 06:00:00,2024-11-23 07:00:00,ringsted,0.725,0.0,3.925,0.0,1005.53,86.75,1.66667
1732345200,2024-11-23 07:00:00,2024-11-23 08:00:00,ringsted,1.2,0.0,4.125,0.0,1006.17,84.75,2.5
1732348800,2024-11-23 08:00:00,2024-11-23 09:00:00,ringsted,1.225,21.5,3.525,0.0,1006.93,84.5,0.0
1732352400,2024-11-23 09:00:00,2024-11-23 10:00:00,ringsted,2.075,104.5,3.9,0.025,1007.76,82.25,0.0
1732356000,2024-11-23 10:00:00,2024-11-23 11:00:00,ringsted,2.825,159.5,4.35,0.075,1008.39,80.75,6.25
1732359600,2024-11-23 11:00:00,2024-11-23 12:00:00,ringsted,3.375,192.5,4.725,0.0,1008.63,81.75,0.769231
1732363200,2024-11-23 12:00:00,2024-11-23 13:00:00,ringsted,3.675,199.5,4.625,0.0,1008.66,82.5,3.07692
1732366800,2024-11-23 13:00:00,2024-11-23 14:00:00,ringsted,3.875,190.0,4.125,0.0,1008.53,83.5,10.8824
1732370400,2024-11-23 14:00:00,2024-11-23 15:00:00,ringsted,4.05,109.0,3.975,0.0,1008.55,83.75,27.5
1732374000,2024-11-23 15:00:00,2024-11-23 16:00:00,ringsted,3.1,16.0,2.925,0.0,1008.5,88.75,68.6111
1732377600,2024-11-23 16:00:00,2024-11-23 17:00:00,ringsted,2.475,0.0,2.925,0.0,1008.23,92.25,64.4444
1732381200,2024-11-23 17:00:00,2024-11-23 18:00:00,ringsted,2.575,0.0,4.175,0.0,1007.86,92.75,66.6667
1732384800,2024-11-23 18:00:00,2024-11-23 19:00:00,ringsted,2.65,0.0,4.425,0.0,1007.03,92.5,63.8889
1732388400,2024-11-23 19:00:00,2024-11-23 20:00:00,ringsted,2.775,0.0,4.675,0.0,1006.15,91.0,69.4444
1732392000,2024-11-23 20:00:00,2024-11-23 21:00:00,ringsted,3.075,0.0,5.225,0.05,1005.43,90.0,95.0
1732395600,2024-11-23 21:00:00,2024-11-23 22:00:00,ringsted,3.15,0.0,5.525,0.425,1004.45,90.25,82.7778
1732399200,2024-11-23 22:00:00,2024-11-23 23:00:00,ringsted,2.9,0.0,5.575,0.85,1003.4,92.25,66.6667
1732402800,2024-11-23 23:00:00,2024-11-24 00:00:00,ringsted,2.825,0.0,5.3,0.9,1002.48,93.0,68.6111
1732406400,2024-11-24 00:00:00,2024-11-24 01:00:00,ringsted,3.1,0.0,6.35,0.775,1001.75,91.25,90.5556
1732410000,2024-11-24 01:00:00,2024-11-24 02:00:00,ringsted,2.75,0.0,6.35,0.35,1001.24,91.75,72.2222
1732413600,2024-11-24 02:00:00,2024-11-24 03:00:00,ringsted,2.5,0.0,5.475,0.175,1000.54,94.5,73.3333
1732417200,2024-11-24 03:00:00,2024-11-24 04:00:00,ringsted,2.875,0.0,5.3,0.175,1000.22,95.5,69.4444
1732420800,2024-11-24 04:00:00,2024-11-24 05:00:00,ringsted,3.325,0.0,4.975,0.425,999.833,95.0,87.7778
1732424400,2024-11-24 05:00:00,2024-11-24 06:00:00,ringsted,3.825,0.0,5.425,0.3,999.621,95.75,88.3333
1732428000,2024-11-24 06:00:00,2024-11-24 07:00:00,ringsted,4.3,0.0,5.3,0.525,999.463,96.0,93.3333
1732431600,2024-11-24 07:00:00,2024-11-24 08:00:00,ringsted,4.5,0.0,5.15,0.75,999.308,97.0,72.7778
1732435200,2024-11-24 08:00:00,2024-11-24 09:00:00,ringsted,4.975,1.0,5.35,0.35,999.317,97.5,85.5556
1732438800,2024-11-24 09:00:00,2024-11-24 10:00:00,ringsted,5.775,9.5,5.375,0.325,999.496,97.5,74.4444
1732442400,2024-11-24 10:00:00,2024-11-24 11:00:00,ringsted,6.675,11.5,5.25,0.525,999.392,97.75,71.6667
1732446000,2024-11-24 11:00:00,2024-11-24 12:00:00,ringsted,7.65,18.0,5.375,1.375,999.196,97.75,67.7778
1732449600,2024-11-24 12:00:00,2024-11-24 13:00:00,ringsted,8.725,39.0,6.325,0.875,998.925,96.5,63.6111
1732453200,2024-11-24 13:00:00,2024-11-24 14:00:00,ringsted,9.375,49.5,6.85,0.1,998.629,93.0,53.6111
1732456800,2024-11-24 14:00:00,2024-11-24 15:00:00,ringsted,9.8,31.5,6.525,0.025,998.596,89.0,52.7778
1732460400,2024-11-24 15:00:00,2024-11-24 16:00:00,ringsted,10.075,8.0,6.7,0.025,998.517,86.5,61.1111
1732464000,2024-11-24 16:00:00,2024-11-24 17:00:00,ringsted,10.55,0.0,7.225,0.0,998.55,83.0,39.6154
1732467600,2024-11-24 17:00:00,2024-11-24 18:00:00,ringsted,10.825,0.0,7.525,0.0,998.513,80.5,43.75
1732471200,2024-11-24 18:00:00,2024-11-24 19:00:00,ringsted,11.05,0.0,7.9,0.0,998.521,78.75,32.8571
1732474800,2024-11-24 19:00:00,2024-11-24 20:00:00,ringsted,11.6,0.0,8.3,0.0,998.533,76.25,50.5556
1732478400,2024-11-24 20:00:00,2024-11-24 21:00:00,ringsted,11.975,0.0,8.075,0.0,998.463,74.75,71.6667
1732482000,2024-11-24 21:00:00,2024-11-24 22:00:00,ringsted,12.375,0.0,8.125,0.0,998.287,73.5,71.6667
1732485600,2024-11-24 22:00:00,2024-11-24 23:00:00,ringsted,12.825,0.0,8.375,0.0,998.217,71.5,41.4286
1732489200,2024-11-24 23:00:00,2024-11-25 00:00:00,ringsted,12.625,0.0,7.95,0.0,998.048,72.5,63.0556
1732492800,2024-11-25 00:00:00,2024-11-25 01:00:00,ringsted,12.7,0.0,8.1,0.0,997.943,71.3333,74.4444
1732496400,2024-11-25 01:00:00,2024-11-25 02:00:00,ringsted,12.875,0.0,8.1,0.0,997.93,71.25,87.7778
1732500000,2024-11-25 02:00:00,2024-11-25 03:00:00,ringsted,13.0,0.0,7.85,0.0,997.787,70.0,71.6667
1732503600,2024-11-25 03:00:00,2024-11-25 04:00:00,ringsted,12.9,0.0,7.975,0.0,997.571,70.0,70.0
1732507200,2024-11-25 04:00:00,2024-11-25 05:00:00,ringsted,12.525,0.0,7.525,0.0,997.175,71.0,68.3333
1732510800,2024-11-25 05:00:00,2024-11-25 06:00:00,ringsted,12.625,0.0,7.875,0.0,996.912,69.75,66.1111
1732514400,2024-11-25 06:00:00,2024-11-25 07:00:00,ringsted,12.55,0.0,7.925,0.0,996.933,69.75,70.5556
1732518000,2024-11-25 07:00:00,2024-11-25 08:00:00,ringsted,12.6,0.0,8.0,0.0,997.033,68.5,70.0
1732521600,2024-11-25 08:00:00,2024-11-25 09:00:00,ringsted,12.575,9.5,7.75,0.0,997.237,68.5,70.0
1732525200,2024-11-25 09:00:00,2024-11-25 10:00:00,ringsted,12.7,22.0,7.75,0.0,997.179,68.25,66.1111
1732528800,2024-11-25 10:00:00,2024-11-25 11:00:00,ringsted,12.775,18.0,7.575,0.0,996.713,68.25,75.2941
1732532400,2024-11-25 11:00:00,2024-11-25 12:00:00,ringsted,12.875,17.0,7.35,0.0,996.292,68.0,71.6667
1732536000,2024-11-25 12:00:00,2024-11-25 13:00:00,ringsted,12.7,21.0,7.1,0.0,995.904,68.5,66.6667
1732539600,2024-11-25 13:00:00,2024-11-25 14:00:00,ringsted,12.775,19.5,6.85,0.0,995.633,69.25,74.4444
1732543200,2024-11-25 14:00:00,2024-11-25 15:00:00,ringsted,12.825,13.5,6.325,0.0,995.287,69.75,80.0
1732546800,2024-11-25 15:00:00,2024-11-25 16:00:00,ringsted,13.0,1.0,6.325,0.0,995.229,69.0,70.0
1732550400,2024-11-25 16:00:00,2024-11-25 17:00:00,ringsted,13.15,0.0,6.025,0.0,995.171,68.75,72.7778
1732554000,2024-11-25 17:00:00,2024-11-25 18:00:00,ringsted,13.325,0.0,5.95,0.0,995.983,69.0,79.4118
1732557600,2024-11-25 18:00:00,2024-11-25 19:00:00,ringsted,12.275,0.0,6.15,0.1,997.229,76.75,86.1111
1732561200,2024-11-25 19:00:00,2024-11-25 20:00:00,ringsted,9.35,0.0,5.125,0.15,997.763,91.75,64.7222
1732564800,2024-11-25 20:00:00,2024-11-25 21:00:00,ringsted,8.75,0.0,4.75,0.05,998.562,93.5,58.8889
1732568400,2024-11-25 21:00:00,2024-11-25 22:00:00,ringsted,9.0,0.0,5.575,0.0,999.229,92.75,54.1667
1732572000,2024-11-25 22:00:00,2024-11-25 23:00:00,ringsted,9.225,0.0,5.6,0.0,1000.15,91.75,56.9444
1732575600,2024-11-25 23:00:00,2024-11-26 00:00:00,ringsted,9.075,0.0,5.6,0.0,1000.7,91.0,59.6667
1732579200,2024-11-26 00:00:00,2024-11-26 01:00:00,ringsted,8.7,0.0,5.625,0.0,1001.35,90.5,67.7778
1732582800,2024-11-26 01:00:00,2024-11-26 02:00:00,ringsted,8.6,0.0,5.55,0.0,1002.09,90.0,69.4444
1732586400,2024-11-26 02:00:00,2024-11-26 03:00:00,ringsted,8.525,0.0,5.65,0.0,1002.34,89.75,60.8333
1732590000,2024-11-26 03:00:00,2024-11-26 04:00:00,ringsted,8.3,0.0,5.85,0.0,1003.11,88.5,37.6667
1732593600,2024-11-26 04:00:00,2024-11-26 05:00:00,ringsted,7.925,0.0,6.025,0.0,1003.87,89.5,37.2222
1732597200,2024-11-26 05:00:00,2024-11-26 06:00:00,ringsted,7.725,0.0,6.15,0.0,1004.28,89.5,15.5556
1732600800,2024-11-26 06:00:00,2024-11-26 07:00:00,ringsted,7.575,0.0,6.325,0.0,1004.42,89.0,34.1667
1732604400,2024-11-26 07:00:00,2024-11-26 08:00:00,ringsted,7.475,0.0,6.4,0.0,1005.09,88.5,17.2222
1732608000,2024-11-26 08:00:00,2024-11-26 09:00:00,ringsted,7.35,8.5,6.025,0.0,1005.94,88.25,22.2222
1732611600,2024-11-26 09:00:00,2024-11-26 10:00:00,ringsted,7.525,69.5,6.1,0.0,1006.42,87.0,25.0
1732615200,2024-11-26 10:00:00,2024-11-26 11:00:00,ringsted,8.0,133.5,6.55,0.0,1006.68,84.5,11.5385
1732618800,2024-11-26 11:00:00,2024-11-26 12:00:00,ringsted,8.375,167.5,7.1,0.0,1007.1,82.25,49.4444
1732622400,2024-11-26 12:00:00,2024-11-26 13:00:00,ringsted,8.5,135.0,7.125,0.0,1007.3,81.5,56.1111
1732626000,2024-11-26 13:00:00,2024-11-26 14:00:00,ringsted,8.425,119.0,7.175,0.0,1007.58,82.0,38.3333
1732629600,2024-11-26 14:00:00,2024-11-26 15:00:00,ringsted,8.25,66.0,6.85,0.0,1007.89,82.25,43.75
1732633200,2024-11-26 15:00:00,2024-11-26 16:00:00,ringsted,7.825,19.5,6.075,0.0,1008.21,83.75,42.6667
1732636800,2024-11-26 16:00:00,2024-11-26 17:00:00,ringsted,7.45,0.0,5.925,0.0,1008.62,86.0,58.3333
1732640400,2024-11-26 17:00:00,2024-11-26 18:00:00,ringsted,7.4,0.0,6.025,0.0,1009.0,86.75,35.9375
1732644000,2024-11-26 18:00:00,2024-11-26 19:00:00,ringsted,7.075,0.0,5.25,0.0,1009.43,86.0,38.6111
1732647600,2024-11-26 19:00:00,2024-11-26 20:00:00,ringsted,6.775,0.0,4.775,0.0,1009.62,87.0,33.3333
1732651200,2024-11-26 20:00:00,2024-11-26 21:00:00,ringsted,6.625,0.0,4.925,0.0,1009.72,88.25,12.3529
1732654800,2024-11-26 21:00:00,2024-11-26 22:00:00,ringsted,6.4,0.0,4.975,0.0,1009.96,90.0,0.0
1732658400,2024-11-26 22:00:00,2024-11-26 23:00:00,ringsted,6.2,0.0,4.825,0.0,1010.24,90.0,0.0
1732662000,2024-11-26 23:00:00,2024-11-27 00:00:00,ringsted,5.975,0.0,4.775,0.0,1010.35,91.0,8.75
1732665600,2024-11-27 00:00:00,2024-11-27 01:00:00,ringsted,5.55,0.0,4.175,0.0,1010.63,92.25,27.5
1732669200,2024-11-27 01:00:00,2024-11-27 02:00:00,ringsted,5.525,0.0,4.225,0.0,1010.81,93.5,33.3333
1732672800,2024-11-27 02:00:00,2024-11-27 03:00:00,ringsted,5.7,0.0,4.45,0.0,1011.02,94.0,25.2778
1732676400,2024-11-27 03:00:00,2024-11-27 04:00:00,ringsted,5.725,0.0,4.325,0.0,1011.34,94.0,46.6667
1732680000,2024-11-27 04:00:00,2024-11-27 05:00:00,ringsted,5.875,0.0,4.375,0.0,1011.57,93.75,33.8889
1732683600,2024-11-27 05:00:00,2024-11-27 06:00:00,ringsted,5.675,0.0,3.975,0.0,1011.76,93.25,21.0714
1732687200,2024-11-27 06:00:00,2024-11-27 07:00:00,ringsted,5.425,0.0,3.625,0.0,1012.08,93.25,30.8333
1732690800,2024-11-27 07:00:00,2024-11-27 08:00:00,ringsted,5.1,0.0,3.2,0.0,1012.76,94.25,32.9167
1732694400,2024-11-27 08:00:00,2024-11-27 09:00:00,ringsted,4.85,12.5,2.85,0.0,1013.15,95.0,57.5
1732698000,2024-11-27 09:00:00,2024-11-27 10:00:00,ringsted,5.625,66.5,3.175,0.0,1013.44,95.0,53.0556
1732701600,2024-11-27 10:00:00,2024-11-27 11:00:00,ringsted,6.3,128.5,3.675,0.0,1013.6,93.25,63.3333
1732705200,2024-11-27 11:00:00,2024-11-27 12:00:00,ringsted,6.7,144.5,3.725,0.0,1013.34,91.5,61.6667
1732708800,2024-11-27 12:00:00,2024-11-27 13:00:00,ringsted,6.65,97.0,3.6,0.0,1013.08,91.0,53.0556
1732712400,2024-11-27 13:00:00,2024-11-27 14:00:00,ringsted,6.225,38.0,3.175,0.0,1012.71,92.0,47.7778
1732716000,2024-11-27 14:00:00,2024-11-27 15:00:00,ringsted,5.9,19.0,2.85,0.0,1012.11,93.0,50.8333
1732719600,2024-11-27 15:00:00,2024-11-27 16:00:00,ringsted,5.55,2.5,2.45,0.0,1011.47,93.5,63.8889
1732723200,2024-11-27 16:00:00,2024-11-27 17:00:00,ringsted,5.25,0.0,2.525,0.0,1010.64,94.0,63.3333
1732726800,2024-11-27 17:00:00,2024-11-27 18:00:00,ringsted,5.225,0.0,3.15,0.0,1009.82,94.25,65.5556
1732730400,2024-11-27 18:00:00,2024-11-27 19:00:00,ringsted,5.375,0.0,3.45,0.0,1008.9,93.25,67.2222
1732734000,2024-11-27 19:00:00,2024-11-27 20:00:00,ringsted,5.5,0.0,4.725,0.15,1007.6,92.0,47.2222
1732737600,2024-11-27 20:00:00,2024-11-27 21:00:00,ringsted,5.4,0.0,5.85,0.475,1005.72,90.75,60.625
1732741200,2024-11-27 21:00:00,2024-11-27 22:00:00,ringsted,5.425,0.0,7.45,0.725,1003.9,88.5,77.3529
1732744800,2024-11-27 22:00:00,2024-11-27 23:00:00,ringsted,5.525,0.0,8.125,1.875,1002.17,90.5,86.3889
1732748400,2024-11-27 23:00:00,2024-11-28 00:00:00,ringsted,5.55,0.0,9.075,2.8,1000.79,91.0,97.2222
1732752000,2024-11-28 00:00:00,2024-11-28 01:00:00,ringsted,5.75,0.0,9.075,3.2,999.617,92.25,96.6667
1732755600,2024-11-28 01:00:00,2024-11-28 02:00:00,ringsted,5.95,0.0,7.8,1.85,998.917,93.25,83.3333
1732759200,2024-11-28 02:00:00,2024-11-28 03:00:00,ringsted,5.975,0.0,7.3,1.8,998.683,93.75,77.2222
1732762800,2024-11-28 03:00:00,2024-11-28 04:00:00,ringsted,6.0,0.0,6.95,1.7,998.883,93.75,77.2222
1732766400,2024-11-28 04:00:00,2024-11-28 05:00:00,ringsted,5.75,0.0,7.025,1.325,999.588,93.5,89.1667
1732770000,2024-11-28 05:00:00,2024-11-28 06:00:00,ringsted,5.475,0.0,7.925,1.15,1000.9,92.75,88.0556
1732773600,2024-11-28 06:00:00,2024-11-28 07:00:00,ringsted,5.175,0.0,8.325,0.7,1002.45,91.75,68.8889
1732777200,2024-11-28 07:00:00,2024-11-28 08:00:00,ringsted,4.675,0.0,8.45,0.45,1004.09,90.5,40.8333
1732780800,2024-11-28 08:00:00,2024-11-28 09:00:00,ringsted,4.475,4.0,8.1,0.225,1005.73,90.25,59.4118
1732784400,2024-11-28 09:00:00,2024-11-28 10:00:00,ringsted,4.4,15.5,8.3,0.425,1007.29,90.0,70.0
1732788000,2024-11-28 10:00:00,2024-11-28 11:00:00,ringsted,4.725,26.0,7.925,0.2,1008.68,90.0,65.5882
1732791600,2024-11-28 11:00:00,2024-11-28 12:00:00,ringsted,5.1,45.0,7.725,0.15,1009.89,89.25,51.6667
1732795200,2024-11-28 12:00:00,2024-11-28 13:00:00,ringsted,5.4,52.5,7.275,0.05,1011.28,87.75,61.6667
1732798800,2024-11-28 13:00:00,2024-11-28 14:00:00,ringsted,5.7,58.5,6.6,0.0,1012.85,85.75,65.5556
1732802400,2024-11-28 14:00:00,2024-11-28 15:00:00,ringsted,5.75,39.0,6.275,0.0,1014.41,86.0,65.0
1732806000,2024-11-28 15:00:00,2024-11-28 16:00:00,ringsted,5.575,8.0,6.2,0.0,1015.99,85.75,66.6667
1732809600,2024-11-28 16:00:00,2024-11-28 17:00:00,ringsted,5.425,0.0,5.95,0.0,1017.31,83.75,55.0
1732813200,2024-11-28 17:00:00,2024-11-28 18:00:00,ringsted,5.15,0.0,5.3,0.0,1018.63,83.0,65.0
1732816800,2024-11-28 18:00:00,2024-11-28 19:00:00,ringsted,5.025,0.0,4.375,0.0,1019.85,83.5,66.6667
1732820400,2024-11-28 19:00:00,2024-11-28 20:00:00,ringsted,4.9,0.0,3.525,0.0,1020.76,82.25,63.8889
1732824000,2024-11-28 20:00:00,2024-11-28 21:00:00,ringsted,4.725,0.0,3.175,0.0,1021.74,84.25,66.6667
1732827600,2024-11-28 21:00:00,2024-11-28 22:00:00,ringsted,4.65,0.0,3.625,0.0,1022.5,83.75,66.6667
1732831200,2024-11-28 22:00:00,2024-11-28 23:00:00,ringsted,4.425,0.0,4.075,0.0,1022.99,86.0,66.6667
1732834800,2024-11-28 23:00:00,2024-11-29 00:00:00,ringsted,4.15,0.0,3.875,0.0,1023.62,87.25,66.6667
1732838400,2024-11-29 00:00:00,2024-11-29 01:00:00,ringsted,3.95,0.0,3.75,0.0,1024.18,87.0,66.6667
1732842000,2024-11-29 01:00:00,2024-11-29 02:00:00,ringsted,3.85,0.0,2.975,0.0,1024.9,87.0,66.1111
1732845600,2024-11-29 02:00:00,2024-11-29 03:00:00,ringsted,3.9,0.0,2.525,0.0,1025.5,86.25,65.5556
1732849200,2024-11-29 03:00:00,2024-11-29 04:00:00,ringsted,4.0,0.0,2.425,0.0,1025.76,85.75,66.1111
1732852800,2024-11-29 04:00:00,2024-11-29 05:00:00,ringsted,4.075,0.0,1.425,0.0,1026.02,86.25,63.3333
1732856400,2024-11-29 05:00:00,2024-11-29 06:00:00,ringsted,4.15,0.0,1.975,0.0,1026.07,84.5,65.5556
1732860000,2024-11-29 06:00:00,2024-11-29 07:00:00,ringsted,4.225,0.0,2.125,0.0,1026.45,84.0,66.6667
1732863600,2024-11-29 07:00:00,2024-11-29 08:00:00,ringsted,4.2,0.0,2.175,0.0,1027.1,83.75,66.6667
1732867200,2024-11-29 08:00:00,2024-11-29 09:00:00,ringsted,4.15,3.5,2.525,0.0,1027.61,84.0,66.6667
1732870800,2024-11-29 09:00:00,2024-11-29 10:00:00,ringsted,3.925,18.0,2.675,0.0,1027.89,84.5,66.6667
1732874400,2024-11-29 10:00:00,2024-11-29 11:00:00,ringsted,3.85,34.5,2.725,0.0,1028.03,85.25,66.6667
1732878000,2024-11-29 11:00:00,2024-11-29 12:00:00,ringsted,3.8,77.0,3.175,0.0,1028.02,85.25,70.5882
1732881600,2024-11-29 12:00:00,2024-11-29 13:00:00,ringsted,4.15,72.5,3.175,0.0,1027.93,84.75,66.6667
1732885200,2024-11-29 13:00:00,2024-11-29 14:00:00,ringsted,4.3,83.0,3.3,0.0,1027.72,84.25,63.8889
1732888800,2024-11-29 14:00:00,2024-11-29 15:00:00,ringsted,4.5,54.0,2.725,0.0,1027.84,84.75,66.1111
1732892400,2024-11-29 15:00:00,2024-11-29 16:00:00,ringsted,4.1,19.0,2.15,0.0,1027.69,87.25,67.2222
1732896000,2024-11-29 16:00:00,2024-11-29 17:00:00,ringsted,3.675,0.0,2.55,0.0,1027.78,90.75,68.3333
1732899600,2024-11-29 17:00:00,2024-11-29 18:00:00,ringsted,3.775,0.0,2.575,0.0,1027.76,91.25,69.1667
1732903200,2024-11-29 18:00:00,2024-11-29 19:00:00,ringsted,3.65,0.0,2.625,0.0,1027.84,92.5,56.3889
1732906800,2024-11-29 19:00:00,2024-11-29 20:00:00,ringsted,3.575,0.0,2.5,0.0,1027.98,93.0,78.0556
1732910400,2024-11-29 20:00:00,2024-11-29 21:00:00,ringsted,3.725,0.0,2.9,0.0,1028.0,92.25,75.8333
1732914000,2024-11-29 21:00:00,2024-11-29 22:00:00,ringsted,3.95,0.0,3.2,0.0,1027.85,91.0,74.4444
1732917600,2024-11-29 22:00:00,2024-11-29 23:00:00,ringsted,4.25,0.0,3.8,0.0,1027.8,88.75,58.6111
1732921200,2024-11-29 23:00:00,2024-11-30 00:00:00,ringsted,4.125,0.0,3.525,0.0,1027.59,89.0,41.3333
1732924800,2024-11-30 00:00:00,2024-11-30 01:00:00,ringsted,3.875,0.0,3.75,0.0,1027.34,89.5,20.3571
1732928400,2024-11-30 01:00:00,2024-11-30 02:00:00,ringsted,3.625,0.0,4.05,0.0,1027.15,88.75,61.7647
1732932000,2024-11-30 02:00:00,2024-11-30 03:00:00,ringsted,3.725,0.0,4.15,0.0,1026.8,87.5,87.7778
1732935600,2024-11-30 03:00:00,2024-11-30 04:00:00,ringsted,3.85,0.0,4.55,0.0,1026.27,85.5,71.6667
1732939200,2024-11-30 04:00:00,2024-11-30 05:00:00,ringsted,3.65,0.0,5.05,0.0,1025.92,85.5,59.7222
1732942800,2024-11-30 05:00:00,2024-11-30 06:00:00,ringsted,3.425,0.0,5.05,0.0,1025.75,86.5,39.4118
1732946400,2024-11-30 06:00:00,2024-11-30 07:00:00,ringsted,3.175,0.0,5.2,0.0,1025.43,87.5,24.7059
1732950000,2024-11-30 07:00:00,2024-11-30 08:00:00,ringsted,2.95,0.0,5.325,0.0,1025.24,88.75,17.5
1732953600,2024-11-30 08:00:00,2024-11-30 09:00:00,ringsted,2.6,12.0,4.95,0.0,1025.14,89.75,2.69231
1732957200,2024-11-30 09:00:00,2024-11-30 10:00:00,ringsted,2.95,57.5,4.85,0.0,1024.96,88.5,27.6471
1732960800,2024-11-30 10:00:00,2024-11-30 11:00:00,ringsted,3.725,124.5,5.55,0.0,1024.54,85.75,28.75
1732964400,2024-11-30 11:00:00,2024-11-30 12:00:00,ringsted,4.4,180.0,6.125,0.0,1023.96,83.0,25.8824
1732968000,2024-11-30 12:00:00,2024-11-30 13:00:00,ringsted,4.95,211.0,6.025,0.0,1023.42,80.0,18.3333
1732971600,2024-11-30 13:00:00,2024-11-30 14:00:00,ringsted,5.025,146.5,5.775,0.0,1022.92,79.25,0.833333
1732975200,2024-11-30 14:00:00,2024-11-30 15:00:00,ringsted,4.7,90.0,5.075,0.0,1022.68,81.25,1.66667
1732978800,2024-11-30 15:00:00,2024-11-30 16:00:00,ringsted,3.85,17.0,4.05,0.0,1022.62,84.5,15.3125
1732982400,2024-11-30 16:00:00,2024-11-30 17:00:00,ringsted,3.075,0.0,3.675,0.0,1022.4,87.25,23.3333
1732986000,2024-11-30 17:00:00,2024-11-30 18:00:00,ringsted,2.675,0.0,3.65,0.0,1022.24,89.25,64.6875
1732989600,2024-11-30 18:00:00,2024-11-30 19:00:00,ringsted,2.875,0.0,3.575,0.0,1022.32,89.25,72.2222
1732993200,2024-11-30 19:00:00,2024-11-30 20:00:00,ringsted,3.25,0.0,3.4,0.0,1022.38,88.0,56.3889
1732996800,2024-11-30 20:00:00,2024-11-30 21:00:00,ringsted,3.275,0.0,3.0,0.05,1022.14,88.5,56.1111
1733000400,2024-11-30 21:00:00,2024-11-30 22:00:00,ringsted,3.525,0.0,3.525,0.0,1022.01,88.25,48.6111
1733004000,2024-11-30 22:00:00,2024-11-30 23:00:00,ringsted,3.425,0.0,3.4,0.0,1021.87,88.25,35.5556
1733007600,2024-11-30 23:00:00,2024-12-01 00:00:00,ringsted,3.0,0.0,2.675,0.0,1021.63,89.75,20.0
1733011200,2024-12-01 00:00:00,2024-12-01 01:00:00,ringsted,2.725,0.0,1.975,0.0,1021.18,89.25,45.5556
1733014800,2024-12-01 01:00:00,2024-12-01 02:00:00,ringsted,2.65,0.0,2.275,0.0,1021.0,89.0,25.8824
1733018400,2024-12-01 02:00:00,2024-12-01 03:00:00,ringsted,2.425,0.0,2.35,0.0,1020.63,91.5,0.0
1733022000,2024-12-01 03:00:00,2024-12-01 04:00:00,ringsted,2.125,0.0,2.5,0.0,1020.3,93.0,8.33333
1733025600,2024-12-01 04:00:00,2024-12-01 05:00:00,ringsted,1.85,0.0,2.45,0.0,1019.96,94.25,33.3333
1733029200,2024-12-01 05:00:00,2024-12-01 06:00:00,ringsted,1.7,0.0,2.475,0.0,1019.47,95.0,33.3333
1733032800,2024-12-01 06:00:00,2024-12-01 07:00:00,ringsted,1.675,0.0,2.175,0.0,1019.53,95.25,50.0
1733036400,2024-12-01 07:00:00,2024-12-01 08:00:00,ringsted,1.65,0.0,2.275,0.0,1019.42,95.25,32.5
1733040000,2024-12-01 08:00:00,2024-12-01 09:00:00,ringsted,1.625,10.0,2.35,0.0,1019.22,95.25,32.9167
1733043600,2024-12-01 09:00:00,2024-12-01 10:00:00,ringsted,2.6,66.0,2.6,0.0,1018.91,94.0,38.3333
1733047200,2024-12-01 10:00:00,2024-12-01 11:00:00,ringsted,3.85,122.5,3.175,0.0,1018.22,90.25,0.833333
1733050800,2024-12-01 11:00:00,2024-12-01 12:00:00,ringsted,4.625,120.5,3.65,0.0,1017.54,87.5,3.66667
1733054400,2024-12-01 12:00:00,2024-12-01 13:00:00,ringsted,5.25,117.5,3.5,0.0,1016.85,83.25,56.7647
1733058000,2024-12-01 13:00:00,2024-12-01 14:00:00,ringsted,5.375,103.0,3.375,0.0,1016.28,82.5,66.6667
1733061600,2024-12-01 14:00:00,2024-12-01 15:00:00,ringsted,5.3,45.0,3.25,0.0,1015.83,83.75,66.6667
1733065200,2024-12-01 15:00:00,2024-12-01 16:00:00,ringsted,4.95,5.5,3.25,0.0,1015.3,86.0,60.0
1733068800,2024-12-01 16:00:00,2024-12-01 17:00:00,ringsted,4.425,0.0,2.825,0.0,1014.44,87.0,51.6667
1733072400,2024-12-01 17:00:00,2024-12-01 18:00:00,ringsted,3.525,0.0,2.825,0.0,1013.63,89.0,4.16667
1733076000,2024-12-01 18:00:00,2024-12-01 19:00:00,ringsted,2.75,0.0,3.45,0.0,1012.9,89.75,0.0
1733079600,2024-12-01 19:00:00,2024-12-01 20:00:00,ringsted,2.85,0.0,3.675,0.0,1011.86,88.5,0.0
1733083200,2024-12-01 20:00:00,2024-12-01 21:00:00,ringsted,2.775,0.0,4.275,0.0,1011.08,88.75,0.0
1733086800,2024-12-01 21:00:00,2024-12-01 22:00:00,ringsted,2.9,0.0,4.725,0.0,1010.55,88.0,13.3333
1733090400,2024-12-01 22:00:00,2024-12-01 23:00:00,ringsted,2.9,0.0,4.325,0.0,1009.91,87.75,34.1667
1733094000,2024-12-01 23:00:00,2024-12-02 00:00:00,ringsted,2.625,0.0,4.05,0.0,1008.97,88.25,42.2222
1733097600,2024-12-02 00:00:00,2024-12-02 01:00:00,ringsted,2.45,0.0,4.25,0.0,1008.02,89.25,48.0
1733101200,2024-12-02 01:00:00,2024-12-02 02:00:00,ringsted,2.65,0.0,4.65,0.0,1007.6,88.5,34.4444
1733104800,2024-12-02 02:00:00,2024-12-02 03:00:00,ringsted,3.05,0.0,4.525,0.0,1007.12,87.25,70.5556
1733108400,2024-12-02 03:00:00,2024-12-02 04:00:00,ringsted,3.625,0.0,4.2,0.075,1006.75,86.5,67.7778
1733112000,2024-12-02 04:00:00,2024-12-02 05:00:00,ringsted,4.175,0.0,4.675,0.375,1006.42,88.5,67.7778
1733115600,2024-12-02 05:00:00,2024-12-02 06:00:00,ringsted,4.3,0.0,4.625,0.075,1006.28,93.0,66.6667
1733119200,2024-12-02 06:00:00,2024-12-02 07:00:00,ringsted,4.73333,0.0,4.7,0.0333333,1006.37,93.6667,65.2941
1733122800,2024-12-02 07:00:00,2024-12-02 08:00:00,ringsted,5.025,0.0,4.525,0.125,1006.28,96.5,66.6667
1733126400,2024-12-02 08:00:00,2024-12-02 09:00:00,ringsted,5.4,0.0,4.375,0.1,1006.3,97.0,66.6667
1733130000,2024-12-02 09:00:00,2024-12-02 10:00:00,ringsted,5.725,8.0,5.125,0.075,1006.1,97.75,66.6667
1733133600,2024-12-02 10:00:00,2024-12-02 11:00:00,ringsted,6.05,23.0,5.1,0.1,1005.69,98.0,61.6667
1733137200,2024-12-02 11:00:00,2024-12-02 12:00:00,ringsted,6.4,30.5,4.7,0.025,1005.16,98.0,66.6667
1733140800,2024-12-02 12:00:00,2024-12-02 13:00:00,ringsted,6.675,28.0,5.175,0.075,1004.68,97.75,66.6667
1733144400,2024-12-02 13:00:00,2024-12-02 14:00:00,ringsted,6.825,19.0,5.15,0.05,1004.44,97.5,66.6667
1733148000,2024-12-02 14:00:00,2024-12-02 15:00:00,ringsted,6.95,8.0,5.3,0.025,1004.26,97.75,69.4444
1733151600,2024-12-02 15:00:00,2024-12-02 16:00:00,ringsted,7.075,2.0,5.225,0.175,1004.14,98.25,66.6667
1733155200,2024-12-02 16:00:00,2024-12-02 17:00:00,ringsted,7.225,0.0,4.775,0.125,1004.02,97.75,68.8889
1733158800,2024-12-02 17:00:00,2024-12-02 18:00:00,ringsted,7.35,0.0,5.075,0.05,1003.86,98.25,66.6667
1733162400,2024-12-02 18:00:00,2024-12-02 19:00:00,ringsted,7.475,0.0,4.775,0.025,1003.72,98.5,66.6667
1733166000,2024-12-02 19:00:00,2024-12-02 20:00:00,ringsted,7.575,0.0,4.65,0.05,1003.72,98.0,50.0
1733169600,2024-12-02 20:00:00,2024-12-02 21:00:00,ringsted,7.6,0.0,4.7,0.05,1003.59,98.5,33.3333
1733173200,2024-12-02 21:00:00,2024-12-02 22:00:00,ringsted,7.675,0.0,4.5,0.05,1003.53,98.75,66.6667
1733176800,2024-12-02 22:00:00,2024-12-02 23:00:00,ringsted,7.725,0.0,4.325,0.025,1003.38,98.5,66.6667
1733180400,2024-12-02 23:00:00,2024-12-03 00:00:00,ringsted,7.775,0.0,4.5,0.0,1003.28,97.5,66.6667
1733184000,2024-12-03 00:00:00,2024-12-03 01:00:00,ringsted,7.775,0.0,4.1,0.0,1003.35,97.25,66.6667
1733187600,2024-12-03 01:00:00,2024-12-03 02:00:00,ringsted,7.775,0.0,4.0,0.0,1003.2,97.5,66.6667
1733191200,2024-12-03 02:00:00,2024-12-03 03:00:00,ringsted,7.75,0.0,3.75,0.0,1003.22,97.25,65.2778
1733194800,2024-12-03 03:00:00,2024-12-03 04:00:00,ringsted,7.75,0.0,3.55,0.0,1003.52,97.25,68.3333
1733198400,2024-12-03 04:00:00,2024-12-03 05:00:00,ringsted,7.75,0.0,3.125,0.0,1003.69,97.0,66.6667
1733202000,2024-12-03 05:00:00,2024-12-03 06:00:00,ringsted,7.375,0.0,2.2,0.1,1004.05,96.75,68.3333
1733205600,2024-12-03 06:00:00,2024-12-03 07:00:00,ringsted,6.95,0.0,2.125,0.025,1004.68,96.0,67.2222
1733209200,2024-12-03 07:00:00,2024-12-03 08:00:00,ringsted,6.4,0.0,1.85,0.0,1005.36,94.5,65.0
1733212800,2024-12-03 08:00:00,2024-12-03 09:00:00,ringsted,5.95,3.0,1.525,0.0,1006.05,94.0,59.1667
1733216400,2024-12-03 09:00:00,2024-12-03 10:00:00,ringsted,5.75,27.5,1.25,0.0,1006.58,92.75,25.8333
1733220000,2024-12-03 10:00:00,2024-12-03 11:00:00,ringsted,5.925,95.0,1.525,0.0,1007.02,89.5,8.33333
1733223600,2024-12-03 11:00:00,2024-12-03 12:00:00,ringsted,6.175,105.0,1.825,0.0,1007.42,86.0,0.0
1733227200,2024-12-03 12:00:00,2024-12-03 13:00:00,ringsted,6.725,132.5,1.875,0.0,1007.83,80.0,2.08333
1733230800,2024-12-03 13:00:00,2024-12-03 14:00:00,ringsted,6.725,117.0,1.375,0.0,1008.43,77.5,40.3846
1733234400,2024-12-03 14:00:00,2024-12-03 15:00:00,ringsted,6.4,51.0,0.975,0.0,1009.26,79.5,64.1667
1733238000,2024-12-03 15:00:00,2024-12-03 16:00:00,ringsted,5.625,8.0,0.75,0.0,1009.99,85.0,66.6667
1733241600,2024-12-03 16:00:00,2024-12-03 17:00:00,ringsted,5.35,0.0,0.975,0.0,1010.72,88.5,66.6667
1733245200,2024-12-03 17:00:00,2024-12-03 18:00:00,ringsted,5.275,0.0,1.075,0.0,1011.53,89.5,66.6667
1733248800,2024-12-03 18:00:00,2024-12-03 19:00:00,ringsted,5.225,0.0,2.05,0.0,1012.35,90.25,66.6667
1733252400,2024-12-03 19:00:00,2024-12-03 20:00:00,ringsted,4.925,0.0,3.025,0.1,1013.16,90.75,66.6667
1733256000,2024-12-03 20:00:00,2024-12-03 21:00:00,ringsted,4.55,0.0,4.275,0.125,1013.74,92.75,82.2222
1733259600,2024-12-03 21:00:00,2024-12-03 22:00:00,ringsted,4.175,0.0,4.85,0.075,1014.22,92.25,72.2222
1733263200,2024-12-03 22:00:00,2024-12-03 23:00:00,ringsted,4.075,0.0,4.625,0.0,1014.63,91.0,54.4118
1733266800,2024-12-03 23:00:00,2024-12-04 00:00:00,ringsted,3.9,0.0,4.725,0.0,1015.12,91.5,50.0
1733270400,2024-12-04 00:00:00,2024-12-04 01:00:00,ringsted,3.7,0.0,4.35,0.05,1015.36,93.0,50.0
1733274000,2024-12-04 01:00:00,2024-12-04 02:00:00,ringsted,3.5,0.0,4.6,0.075,1015.63,94.25,50.0
1733277600,2024-12-04 02:00:00,2024-12-04 03:00:00,ringsted,3.35,0.0,5.325,0.2,1015.76,94.25,50.0
1733281200,2024-12-04 03:00:00,2024-12-04 04:00:00,ringsted,3.1,0.0,5.875,0.225,1015.91,92.5,39.1667
1733284800,2024-12-04 04:00:00,2024-12-04 05:00:00,ringsted,2.925,0.0,5.675,0.025,1016.38,92.0,39.1176
1733288400,2024-12-04 05:00:00,2024-12-04 06:00:00,ringsted,2.75,0.0,5.475,0.0,1016.65,92.0,40.0
1733292000,2024-12-04 06:00:00,2024-12-04 07:00:00,ringsted,2.65,0.0,5.45,0.025,1016.97,92.0,44.2857
1733295600,2024-12-04 07:00:00,2024-12-04 08:00:00,ringsted,2.65,0.0,5.3,0.025,1017.59,92.0,47.5
1733299200,2024-12-04 08:00:00,2024-12-04 09:00:00,ringsted,2.95,4.5,5.05,0.025,1018.24,91.5,36.6667
1733302800,2024-12-04 09:00:00,2024-12-04 10:00:00,ringsted,3.25,34.5,4.85,0.05,1018.83,90.5,46.9231
1733306400,2024-12-04 10:00:00,2024-12-04 11:00:00,ringsted,3.5,53.5,5.05,0.0,1019.01,88.5,60.0
1733310000,2024-12-04 11:00:00,2024-12-04 12:00:00,ringsted,3.825,89.0,5.3,0.0,1019.03,83.75,48.6111
1733313600,2024-12-04 12:00:00,2024-12-04 13:00:00,ringsted,3.825,80.5,4.75,0.0,1019.34,82.0,57.5
1733317200,2024-12-04 13:00:00,2024-12-04 14:00:00,ringsted,3.925,76.5,4.275,0.0,1019.66,80.5,73.3333
1733320800,2024-12-04 14:00:00,2024-12-04 15:00:00,ringsted,3.8,35.5,3.575,0.0,1020.12,79.75,70.0
1733324400,2024-12-04 15:00:00,2024-12-04 16:00:00,ringsted,3.425,8.5,3.125,0.0,1020.51,82.0,65.8333
1733328000,2024-12-04 16:00:00,2024-12-04 17:00:00,ringsted,2.95,0.0,2.675,0.0,1020.82,83.5,42.7778
1733331600,2024-12-04 17:00:00,2024-12-04 18:00:00,ringsted,2.3,0.0,2.675,0.0,1021.1,84.75,33.3333
1733335200,2024-12-04 18:00:00,2024-12-04 19:00:00,ringsted,1.9,0.0,2.575,0.0,1021.32,84.75,51.9444
1733338800,2024-12-04 19:00:00,2024-12-04 20:00:00,ringsted,1.25,0.0,2.525,0.0,1021.17,85.75,4.28571
1733342400,2024-12-04 20:00:00,2024-12-04 21:00:00,ringsted,0.575,0.0,2.2,0.0,1021.17,87.0,5.0
1733346000,2024-12-04 21:00:00,2024-12-04 22:00:00,ringsted,0.575,0.0,2.025,0.0,1021.26,86.0,10.9375
1733349600,2024-12-04 22:00:00,2024-12-04 23:00:00,ringsted,-0.025,0.0,1.65,0.0,1021.02,88.75,26.7857
1733353200,2024-12-04 23:00:00,2024-12-05 00:00:00,ringsted,0.433333,0.0,1.73333,0.0,1020.88,90.3333,62.3529
1733356800,2024-12-05 00:00:00,2024-12-05 01:00:00,ringsted,-0.025,0.0,1.475,0.0,1020.76,90.75,66.6667
1733360400,2024-12-05 01:00:00,2024-12-05 02:00:00,ringsted,0.5,0.0,1.225,0.0,1020.62,89.5,66.1111
1733364000,2024-12-05 02:00:00,2024-12-05 03:00:00,ringsted,0.525,0.0,1.45,0.0,1020.1,91.25,63.3333
1733367600,2024-12-05 03:00:00,2024-12-05 04:00:00,ringsted,0.925,0.0,1.05,0.0,1019.48,90.75,65.0
1733371200,2024-12-05 04:00:00,2024-12-05 05:00:00,ringsted,1.1,0.0,0.9,0.0,1018.72,90.75,66.6667
1733374800,2024-12-05 05:00:00,2024-12-05 06:00:00,ringsted,1.225,0.0,1.6,0.0,1018.16,91.5,51.1765
1733378400,2024-12-05 06:00:00,2024-12-05 07:00:00,ringsted,0.975,0.0,1.925,0.0,1017.6,92.5,29.5833
1733382000,2024-12-05 07:00:00,2024-12-05 08:00:00,ringsted,0.775,0.0,2.325,0.0,1017.38,94.75,48.3333
1733385600,2024-12-05 08:00:00,2024-12-05 09:00:00,ringsted,1.15,3.0,1.9,0.0,1016.93,95.5,50.0
1733389200,2024-12-05 09:00:00,2024-12-05 10:00:00,ringsted,1.925,20.0,2.15,0.0,1016.22,96.5,66.1111
1733392800,2024-12-05 10:00:00,2024-12-05 11:00:00,ringsted,3.15,84.0,2.6,0.0,1015.11,93.25,64.1667
1733396400,2024-12-05 11:00:00,2024-12-05 12:00:00,ringsted,4.35,85.5,4.1,0.0,1014.12,87.25,50.3571
1733400000,2024-12-05 12:00:00,2024-12-05 13:00:00,ringsted,4.775,94.0,4.45,0.0,1012.9,84.25,47.0588
1733403600,2024-12-05 13:00:00,2024-12-05 14:00:00,ringsted,4.725,89.0,5.475,0.0,1011.62,83.25,60.2778
1733407200,2024-12-05 14:00:00,2024-12-05 15:00:00,ringsted,4.325,34.0,6.35,0.0,1010.85,84.5,65.0
1733410800,2024-12-05 15:00:00,2024-12-05 16:00:00,ringsted,3.975,5.5,6.275,0.0,1009.75,86.25,81.6667
1733414400,2024-12-05 16:00:00,2024-12-05 17:00:00,ringsted,3.7,0.0,6.0,0.0,1008.21,87.0,66.1111
1733418000,2024-12-05 17:00:00,2024-12-05 18:00:00,ringsted,3.875,0.0,6.575,0.0,1006.88,86.25,66.6667
1733421600,2024-12-05 18:00:00,2024-12-05 19:00:00,ringsted,4.0,0.0,7.4,0.025,1006.11,84.5,63.3333
1733425200,2024-12-05 19:00:00,2024-12-05 20:00:00,ringsted,3.925,0.0,7.0,0.0,1004.86,84.75,63.3333
1733428800,2024-12-05 20:00:00,2024-12-05 21:00:00,ringsted,3.725,0.0,6.7,0.05,1003.39,86.0,63.8889
1733432400,2024-12-05 21:00:00,2024-12-05 22:00:00,ringsted,3.65,0.0,6.975,0.15,1002.28,85.25,70.8333
1733436000,2024-12-05 22:00:00,2024-12-05 23:00:00,ringsted,3.625,0.0,7.0,0.025,1001.29,84.75,76.1111
1733439600,2024-12-05 23:00:00,2024-12-06 00:00:00,ringsted,3.675,0.0,6.725,0.0,999.933,83.25,65.0
1733443200,2024-12-06 00:00:00,2024-12-06 01:00:00,ringsted,3.5,0.0,7.075,0.0,998.579,83.25,68.3333
1733446800,2024-12-06 01:00:00,2024-12-06 02:00:00,ringsted,3.35,0.0,6.825,0.0,997.246,83.25,66.6667
1733450400,2024-12-06 02:00:00,2024-12-06 03:00:00,ringsted,3.225,0.0,6.875,0.0,996.035,86.25,68.75
1733454000,2024-12-06 03:00:00,2024-12-06 04:00:00,ringsted,3.15,0.0,7.15,0.075,994.896,87.0,75.0
1733457600,2024-12-06 04:00:00,2024-12-06 05:00:00,ringsted,2.95,0.0,7.275,0.0,994.158,89.75,70.5556
1733461200,2024-12-06 05:00:00,2024-12-06 06:00:00,ringsted,2.85,0.0,7.3,0.025,993.963,91.25,91.6667
1733464800,2024-12-06 06:00:00,2024-12-06 07:00:00,ringsted,2.8,0.0,7.3,0.45,993.942,92.0,67.7778
1733468400,2024-12-06 07:00:00,2024-12-06 08:00:00,ringsted,2.85,0.0,6.65,0.2,994.375,92.75,67.7778
1733472000,2024-12-06 08:00:00,2024-12-06 09:00:00,ringsted,2.95,2.0,6.375,0.075,994.817,94.0,66.6667
1733475600,2024-12-06 09:00:00,2024-12-06 10:00:00,ringsted,3.3,15.0,5.96667,0.0666667,995.987,94.3333,64.7059
1733479200,2024-12-06 10:00:00,2024-12-06 11:00:00,ringsted,3.5,22.5,5.625,0.05,996.833,94.0,68.6111
1733482800,2024-12-06 11:00:00,2024-12-06 12:00:00,ringsted,3.6,36.5,4.825,0.05,997.429,93.75,70.0
1733486400,2024-12-06 12:00:00,2024-12-06 13:00:00,ringsted,3.725,49.0,4.35,0.0,998.1,94.25,66.6667
1733490000,2024-12-06 13:00:00,2024-12-06 14:00:00,ringsted,3.775,28.0,4.25,0.05,999.117,93.75,66.6667
1733493600,2024-12-06 14:00:00,2024-12-06 15:00:00,ringsted,3.875,6.0,4.275,0.025,1000.28,92.75,66.6667
1733497200,2024-12-06 15:00:00,2024-12-06 16:00:00,ringsted,4.025,1.0,3.475,0.0,1001.59,92.0,66.6667
1733500800,2024-12-06 16:00:00,2024-12-06 17:00:00,ringsted,4.0,0.0,2.35,0.0,1002.29,92.0,66.6667
1733504400,2024-12-06 17:00:00,2024-12-06 18:00:00,ringsted,3.95,0.0,1.725,0.0,1003.0,93.0,66.6667
1733508000,2024-12-06 18:00:00,2024-12-06 19:00:00,ringsted,3.95,0.0,1.65,0.0,1003.76,93.5,66.6667
1733511600,2024-12-06 19:00:00,2024-12-06 20:00:00,ringsted,3.825,0.0,1.3,0.025,1004.52,95.0,63.8889
1733515200,2024-12-06 20:00:00,2024-12-06 21:00:00,ringsted,3.725,0.0,1.65,0.025,1004.53,96.5,55.5556
1733518800,2024-12-06 21:00:00,2024-12-06 22:00:00,ringsted,3.625,0.0,2.15,0.025,1004.85,97.25,66.6667
1733522400,2024-12-06 22:00:00,2024-12-06 23:00:00,ringsted,3.65,0.0,1.6,0.0,1004.93,97.0,66.6667
1733526000,2024-12-06 23:00:00,2024-12-07 00:00:00,ringsted,3.7,0.0,1.2,0.025,1004.65,97.0,66.6667
1733529600,2024-12-07 00:00:00,2024-12-07 01:00:00,ringsted,3.7,0.0,0.85,0.0,1004.32,97.0,66.6667
1733533200,2024-12-07 01:00:00,2024-12-07 02:00:00,ringsted,3.725,0.0,0.975,0.0,1004.08,97.25,66.6667
1733536800,2024-12-07 02:00:00,2024-12-07 03:00:00,ringsted,3.75,0.0,0.95,0.0,1003.67,97.75,64.7059
1733540400,2024-12-07 03:00:00,2024-12-07 04:00:00,ringsted,3.65,0.0,0.925,0.025,1002.68,97.6667,66.6667
1733544000,2024-12-07 04:00:00,2024-12-07 05:00:00,ringsted,3.65,0.0,1.4,0.05,1002.1,97.75,66.1111
1733547600,2024-12-07 05:00:00,2024-12-07 06:00:00,ringsted,3.7,0.0,1.625,0.1,1001.53,98.25,66.6667
1733551200,2024-12-07 06:00:00,2024-12-07 07:00:00,ringsted,3.825,0.0,2.425,0.025,1000.65,98.25,67.7778
1733554800,2024-12-07 07:00:00,2024-12-07 08:00:00,ringsted,4.1,0.0,3.1,0.025,1000.38,96.75,70.0
1733558400,2024-12-07 08:00:00,2024-12-07 09:00:00,ringsted,4.375,1.0,3.575,0.125,999.888,95.5,67.7778
1733562000,2024-12-07 09:00:00,2024-12-07 10:00:00,ringsted,4.4,19.0,3.95,0.075,998.996,96.5,66.6667
1733565600,2024-12-07 10:00:00,2024-12-07 11:00:00,ringsted,4.65,30.5,4.7,0.025,998.139,96.75,66.6667
1733569200,2024-12-07 11:00:00,2024-12-07 12:00:00,ringsted,4.95,36.5,4.925,0.0,997.604,95.25,67.2222
1733572800,2024-12-07 12:00:00,2024-12-07 13:00:00,ringsted,5.1,42.5,4.675,0.0,997.15,94.0,67.2222
1733576400,2024-12-07 13:00:00,2024-12-07 14:00:00,ringsted,5.3,26.0,4.575,0.0,996.433,92.75,68.3333
1733580000,2024-12-07 14:00:00,2024-12-07 15:00:00,ringsted,5.275,10.0,5.175,0.0,996.275,92.5,66.6667
1733583600,2024-12-07 15:00:00,2024-12-07 16:00:00,ringsted,5.225,1.5,5.4,0.0,996.442,92.25,66.1111
1733587200,2024-12-07 16:00:00,2024-12-07 17:00:00,ringsted,5.3,0.0,5.65,0.0,996.596,91.0,63.3333
1733590800,2024-12-07 17:00:00,2024-12-07 18:00:00,ringsted,5.5,0.0,5.65,0.05,996.642,88.75,74.4444
1733594400,2024-12-07 18:00:00,2024-12-07 19:00:00,ringsted,5.575,0.0,5.825,0.1,997.013,88.0,93.3333
1733598000,2024-12-07 19:00:00,2024-12-07 20:00:00,ringsted,5.5,0.0,5.7,0.375,997.625,88.75,89.1667
1733601600,2024-12-07 20:00:00,2024-12-07 21:00:00,ringsted,5.06667,0.0,5.26667,0.466667,998.13,90.3333,62.7778
1733605200,2024-12-07 21:00:00,2024-12-07 22:00:00,ringsted,4.8,0.0,4.66667,0.766667,998.643,92.0,68.0556
1733608800,2024-12-07 22:00:00,2024-12-07 23:00:00,ringsted,4.775,0.0,4.4,0.625,999.333,92.0,62.7778
1733612400,2024-12-07 23:00:00,2024-12-08 00:00:00,ringsted,4.8,0.0,4.275,0.575,999.958,92.5,79.4444
1733616000,2024-12-08 00:00:00,2024-12-08 01:00:00,ringsted,5.0,0.0,4.7,0.375,1000.72,93.75,71.6667
1733619600,2024-12-08 01:00:00,2024-12-08 02:00:00,ringsted,5.275,0.0,4.6,0.175,1001.55,92.25,76.3889
1733623200,2024-12-08 02:00:00,2024-12-08 03:00:00,ringsted,5.525,0.0,4.625,0.025,1002.48,90.5,62.2222
1733626800,2024-12-08 03:00:00,2024-12-08 04:00:00,ringsted,5.7,0.0,4.275,0.1,1003.42,89.0,53.8889
1733630400,2024-12-08 04:00:00,2024-12-08 05:00:00,ringsted,5.725,0.0,3.75,0.25,1004.57,90.25,70.0
1733634000,2024-12-08 05:00:00,2024-12-08 06:00:00,ringsted,5.8,0.0,4.35,0.175,1005.6,90.5,60.2778
1733637600,2024-12-08 06:00:00,2024-12-08 07:00:00,ringsted,5.775,0.0,4.575,0.3,1006.75,90.5,58.6111
1733641200,2024-12-08 07:00:00,2024-12-08 08:00:00,ringsted,5.775,0.0,4.55,0.075,1008.11,90.0,51.4286
1733644800,2024-12-08 08:00:00,2024-12-08 09:00:00,ringsted,5.7,1.5,4.4,0.025,1009.59,89.0,62.2222
1733648400,2024-12-08 09:00:00,2024-12-08 10:00:00,ringsted,5.825,14.5,4.45,0.05,1011.03,88.0,68.3333
1733652000,2024-12-08 10:00:00,2024-12-08 11:00:00,ringsted,5.95,9.5,4.7,0.0,1012.09,87.25,67.2222
1733655600,2024-12-08 11:00:00,2024-12-08 12:00:00,ringsted,6.025,16.5,4.225,0.05,1013.01,87.5,66.1111
1733659200,2024-12-08 12:00:00,2024-12-08 13:00:00,ringsted,6.05,28.0,4.1,0.0,1013.87,87.5,63.8889
1733662800,2024-12-08 13:00:00,2024-12-08 14:00:00,ringsted,6.2,49.0,4.6,0.0,1014.72,86.75,66.1111
1733666400,2024-12-08 14:00:00,2024-12-08 15:00:00,ringsted,5.9,19.0,4.675,0.0,1015.76,88.0,64.4444
1733670000,2024-12-08 15:00:00,2024-12-08 16:00:00,ringsted,5.7,1.5,5.275,0.05,1016.69,87.5,51.6667
1733673600,2024-12-08 16:00:00,2024-12-08 17:00:00,ringsted,5.525,0.0,5.075,0.05,1017.5,86.5,66.6667
1733677200,2024-12-08 17:00:00,2024-12-08 18:00:00,ringsted,5.3,0.0,5.25,0.0,1018.29,84.75,66.6667
1733680800,2024-12-08 18:00:00,2024-12-08 19:00:00,ringsted,5.175,0.0,5.2,0.0,1019.09,84.5,66.6667
1733684400,2024-12-08 19:00:00,2024-12-08 20:00:00,ringsted,5.05,0.0,5.075,0.0,1019.7,84.25,66.6667
1733688000,2024-12-08 20:00:00,2024-12-08 21:00:00,ringsted,4.925,0.0,4.75,0.0,1020.48,84.75,66.6667
1733691600,2024-12-08 21:00:00,2024-12-08 22:00:00,ringsted,4.85,0.0,4.7,0.0,1020.94,84.75,66.6667
1733695200,2024-12-08 22:00:00,2024-12-08 23:00:00,ringsted,4.775,0.0,4.975,0.0,1021.38,85.25,66.6667
1733698800,2024-12-08 23:00:00,2024-12-09 00:00:00,ringsted,4.75,0.0,5.225,0.0,1021.89,85.75,60.0
1733702400,2024-12-09 00:00:00,2024-12-09 01:00:00,ringsted,4.475,0.0,5.75,0.0,1022.43,88.75,52.3529
1733706000,2024-12-09 01:00:00,2024-12-09 02:00:00,ringsted,4.375,0.0,5.725,0.025,1022.82,89.75,64.7222
1733709600,2024-12-09 02:00:00,2024-12-09 03:00:00,ringsted,4.575,0.0,5.75,0.0,1023.24,87.0,65.5556
1733713200,2024-12-09 03:00:00,2024-12-09 04:00:00,ringsted,4.875,0.0,6.725,0.0,1023.74,84.25,63.8889
1733716800,2024-12-09 04:00:00,2024-12-09 05:00:00,ringsted,4.875,0.0,7.1,0.0,1024.38,83.25,66.6667
1733720400,2024-12-09 05:00:00,2024-12-09 06:00:00,ringsted,4.875,0.0,7.0,0.0,1025.15,82.0,65.5556
1733724000,2024-12-09 06:00:00,2024-12-09 07:00:00,ringsted,4.775,0.0,6.525,0.0,1025.82,80.5,66.1111
1733727600,2024-12-09 07:00:00,2024-12-09 08:00:00,ringsted,4.575,0.0,6.425,0.0,1026.46,81.0,72.7778
1733731200,2024-12-09 08:00:00,2024-12-09 09:00:00,ringsted,4.575,2.0,6.375,0.0,1027.3,80.75,68.3333
1733734800,2024-12-09 09:00:00,2024-12-09 10:00:00,ringsted,4.55,17.0,6.625,0.0,1027.89,80.0,66.6667
1733738400,2024-12-09 10:00:00,2024-12-09 11:00:00,ringsted,4.375,31.5,6.425,0.0,1028.32,79.75,66.6667
1733742000,2024-12-09 11:00:00,2024-12-09 12:00:00,ringsted,4.325,18.0,6.075,0.0,1028.72,79.5,64.4444
1733745600,2024-12-09 12:00:00,2024-12-09 13:00:00,ringsted,4.225,34.5,6.3,0.0,1029.1,80.0,66.6667
1733749200,2024-12-09 13:00:00,2024-12-09 14:00:00,ringsted,3.8,34.5,6.4,0.0,1029.21,82.25,66.6667
1733752800,2024-12-09 14:00:00,2024-12-09 15:00:00,ringsted,3.5,21.0,5.65,0.0,1029.63,83.25,66.6667
1733756400,2024-12-09 15:00:00,2024-12-09 16:00:00,ringsted,3.5,3.5,5.775,0.0,1030.21,81.25,70.5882
1733760000,2024-12-09 16:00:00,2024-12-09 17:00:00,ringsted,3.65,0.0,5.9,0.0,1030.44,79.25,66.6667
1733763600,2024-12-09 17:00:00,2024-12-09 18:00:00,ringsted,3.75,0.0,5.6,0.0,1030.57,77.75,66.6667
1733767200,2024-12-09 18:00:00,2024-12-09 19:00:00,ringsted,3.675,0.0,5.225,0.0,1030.91,78.5,66.6667
1733770800,2024-12-09 19:00:00,2024-12-09 20:00:00,ringsted,3.65,0.0,5.375,0.0,1030.97,79.0,66.6667
1733774400,2024-12-09 20:00:00,2024-12-09 21:00:00,ringsted,3.55,0.0,4.6,0.0,1031.4,79.5,66.6667
1733778000,2024-12-09 21:00:00,2024-12-09 22:00:00,ringsted,3.575,0.0,4.425,0.0,1031.4,80.75,66.6667
1733781600,2024-12-09 22:00:00,2024-12-09 23:00:00,ringsted,3.625,0.0,4.55,0.0,1031.47,79.25,66.6667
1733785200,2024-12-09 23:00:00,2024-12-10 00:00:00,ringsted,3.625,0.0,4.475,0.0,1031.53,78.75,66.6667
1733788800,2024-12-10 00:00:00,2024-12-10 01:00:00,ringsted,3.65,0.0,4.025,0.0,1031.45,78.0,66.6667
1733792400,2024-12-10 01:00:00,2024-12-10 02:00:00,ringsted,3.625,0.0,3.5,0.0,1031.39,78.0,66.6667
1733796000,2024-12-10 02:00:00,2024-12-10 03:00:00,ringsted,3.4,0.0,3.8,0.0,1031.25,79.25,66.6667
1733799600,2024-12-10 03:00:00,2024-12-10 04:00:00,ringsted,3.225,0.0,3.8,0.0,1031.11,79.75,66.6667
1733803200,2024-12-10 04:00:00,2024-12-10 05:00:00,ringsted,3.025,0.0,3.875,0.0,1030.93,79.75,66.6667
1733806800,2024-12-10 05:00:00,2024-12-10 06:00:00,ringsted,2.8,0.0,3.625,0.0,1030.82,80.5,66.6667
1733810400,2024-12-10 06:00:00,2024-12-10 07:00:00,ringsted,2.675,0.0,3.875,0.0,1030.98,80.75,66.6667
1733814000,2024-12-10 07:00:00,2024-12-10 08:00:00,ringsted,2.6,0.0,3.375,0.0,1030.97,81.0,66.6667
1733817600,2024-12-10 08:00:00,2024-12-10 09:00:00,ringsted,2.55,2.5,2.825,0.0,1031.11,81.25,66.6667
1733821200,2024-12-10 09:00:00,2024-12-10 10:00:00,ringsted,2.55,14.5,2.675,0.0,1030.99,81.25,66.6667
1733824800,2024-12-10 10:00:00,2024-12-10 11:00:00,ringsted,2.625,33.0,2.725,0.0,1030.86,81.25,66.6667
1733828400,2024-12-10 11:00:00,2024-12-10 12:00:00,ringsted,2.6,44.0,2.525,0.0,1030.61,81.0,66.6667
1733832000,2024-12-10 12:00:00,2024-12-10 13:00:00,ringsted,2.55,43.0,1.9,0.0,1030.36,81.25,66.6667
1733835600,2024-12-10 13:00:00,2024-12-10 14:00:00,ringsted,2.35,32.0,2.1,0.0,1030.5,82.25,66.6667
1733839200,2024-12-10 14:00:00,2024-12-10 15:00:00,ringsted,2.075,16.0,2.3,0.0,1030.3,82.75,66.6667
1733842800,2024-12-10 15:00:00,2024-12-10 16:00:00,ringsted,1.725,2.5,1.75,0.0,1029.97,84.0,66.6667
1733846400,2024-12-10 16:00:00,2024-12-10 17:00:00,ringsted,1.35,0.0,1.825,0.0,1029.78,85.5,66.6667
1733850000,2024-12-10 17:00:00,2024-12-10 18:00:00,ringsted,0.925,0.0,1.6,0.0,1029.7,86.75,66.6667
1733853600,2024-12-10 18:00:00,2024-12-10 19:00:00,ringsted,0.625,0.0,1.35,0.0,1029.82,88.0,66.6667
1733857200,2024-12-10 19:00:00,2024-12-10 20:00:00,ringsted,0.475,0.0,1.2,0.0,1029.42,89.0,66.6667
1733860800,2024-12-10 20:00:00,2024-12-10 21:00:00,ringsted,0.2,0.0,1.05,0.0,1029.11,89.75,66.6667
1733864400,2024-12-10 21:00:00,2024-12-10 22:00:00,ringsted,-0.025,0.0,1.25,0.0,1028.8,90.5,66.6667
1733868000,2024-12-10 22:00:00,2024-12-10 23:00:00,ringsted,-0.15,0.0,1.85,0.0,1028.42,91.75,66.6667
1733871600,2024-12-10 23:00:00,2024-12-11 00:00:00,ringsted,-0.25,0.0,2.125,0.0,1028.19,93.0,66.6667
1733875200,2024-12-11 00:00:00,2024-12-11 01:00:00,ringsted,-0.325,0.0,2.525,0.0,1028.04,93.75,66.6667
1733878800,2024-12-11 01:00:00,2024-12-11 02:00:00,ringsted,-0.275,0.0,2.025,0.0,1027.55,94.5,66.6667
1733882400,2024-12-11 02:00:00,2024-12-11 03:00:00,ringsted,-0.075,0.0,2.175,0.0,1027.2,94.5,66.6667
1733886000,2024-12-11 03:00:00,2024-12-11 04:00:00,ringsted,0.15,0.0,2.55,0.0,1026.79,94.5,70.5882
1733889600,2024-12-11 04:00:00,2024-12-11 05:00:00,ringsted,0.4,0.0,2.625,0.0,1026.15,93.0,66.6667
1733893200,2024-12-11 05:00:00,2024-12-11 06:00:00,ringsted,0.45,0.0,2.675,0.0,1026.01,92.25,66.6667
1733896800,2024-12-11 06:00:00,2024-12-11 07:00:00,ringsted,0.45,0.0,3.075,0.0,1026.11,92.0,66.6667
1733900400,2024-12-11 07:00:00,2024-12-11 08:00:00,ringsted,0.55,0.0,3.6,0.0,1025.8,93.0,66.6667
1733904000,2024-12-11 08:00:00,2024-12-11 09:00:00,ringsted,0.5,1.0,2.65,0.0,1025.88,93.5,66.6667
1733907600,2024-12-11 09:00:00,2024-12-11 10:00:00,ringsted,0.675,12.5,2.3,0.0,1026.02,94.5,66.6667
1733911200,2024-12-11 10:00:00,2024-12-11 11:00:00,ringsted,1.275,26.5,1.2,0.0,1025.57,94.0,66.6667
1733914800,2024-12-11 11:00:00,2024-12-11 12:00:00,ringsted,1.75,34.0,0.95,0.0,1025.23,94.0,66.6667
1733918400,2024-12-11 12:00:00,2024-12-11 13:00:00,ringsted,2.225,31.0,0.975,0.0,1024.93,93.5,66.6667
1733922000,2024-12-11 13:00:00,2024-12-11 14:00:00,ringsted,2.45,25.0,1.175,0.0,1024.66,94.0,68.3333
1733925600,2024-12-11 14:00:00,2024-12-11 15:00:00,ringsted,2.53333,12.0,1.1,0.0,1024.9,95.0,64.7059
1733929200,2024-12-11 15:00:00,2024-12-11 16:00:00,ringsted,2.7,1.5,0.933333,0.0,1024.94,95.3333,64.7059
1733932800,2024-12-11 16:00:00,2024-12-11 17:00:00,ringsted,2.5,0.0,1.06667,0.0333333,1024.97,97.0,64.7059
1733936400,2024-12-11 17:00:00,2024-12-11 18:00:00,ringsted,2.4,0.0,1.36667,0.1,1025.19,97.3333,64.7059
1733940000,2024-12-11 18:00:00,2024-12-11 19:00:00,ringsted,2.325,0.0,1.225,0.025,1025.43,98.25,66.6667
1733943600,2024-12-11 19:00:00,2024-12-11 20:00:00,ringsted,2.325,0.0,1.375,0.025,1025.75,97.5,66.6667
1733947200,2024-12-11 20:00:00,2024-12-11 21:00:00,ringsted,2.4,0.0,1.3,0.0,1026.01,97.0,63.3333
1733950800,2024-12-11 21:00:00,2024-12-11 22:00:00,ringsted,2.35,0.0,1.85,0.0,1026.38,95.5,50.8333
1733954400,2024-12-11 22:00:00,2024-12-11 23:00:00,ringsted,2.025,0.0,1.7,0.0,1026.78,94.75,59.1667
1733958000,2024-12-11 23:00:00,2024-12-12 00:00:00,ringsted,1.925,0.0,2.325,0.0,1026.9,94.25,66.6667
1733961600,2024-12-12 00:00:00,2024-12-12 01:00:00,ringsted,1.9,0.0,2.25,0.0,1027.02,94.25,66.6667
1733965200,2024-12-12 01:00:00,2024-12-12 02:00:00,ringsted,1.975,0.0,1.575,0.0,1027.04,92.5,70.5882
1733968800,2024-12-12 02:00:00,2024-12-12 03:00:00,ringsted,1.9,0.0,1.375,0.0,1027.04,92.5,66.6667
1733972400,2024-12-12 03:00:00,2024-12-12 04:00:00,ringsted,1.95,0.0,1.25,0.0,1027.07,93.5,70.5882
1733976000,2024-12-12 04:00:00,2024-12-12 05:00:00,ringsted,2.05,0.0,0.975,0.0,1027.07,93.75,65.0
1733979600,2024-12-12 05:00:00,2024-12-12 06:00:00,ringsted,2.175,0.0,1.05,0.0,1027.28,93.5,85.7143
1733983200,2024-12-12 06:00:00,2024-12-12 07:00:00,ringsted,2.1,0.0,1.26667,0.0,1027.23,94.0,100.0
1733986800,2024-12-12 07:00:00,2024-12-12 08:00:00,ringsted,1.93333,0.0,1.33333,0.0,1027.53,94.3333,73.125
1733990400,2024-12-12 08:00:00,2024-12-12 09:00:00,ringsted,2.025,2.5,1.275,0.0,1027.87,94.5,80.0
1733994000,2024-12-12 09:00:00,2024-12-12 10:00:00,ringsted,2.175,18.0,1.6,0.0,1028.17,94.25,70.5882
1733997600,2024-12-12 10:00:00,2024-12-12 11:00:00,ringsted,2.13333,45.0,1.66667,0.0,1028.02,95.0,100.0
1734001200,2024-12-12 11:00:00,2024-12-12 12:00:00,ringsted,2.6,65.0,0.933333,0.0,1027.89,92.6667,100.0
1734004800,2024-12-12 12:00:00,2024-12-12 13:00:00,ringsted,3.06667,75.0,0.966667,0.0,1027.93,89.6667,100.0
1734008400,2024-12-12 13:00:00,2024-12-12 14:00:00,ringsted,3.26667,48.0,1.56667,0.0,1028.0,88.0,70.5882
1734012000,2024-12-12 14:00:00,2024-12-12 15:00:00,ringsted,3.3,15.5,1.55,0.0,1028.03,87.0,70.5882
1734015600,2024-12-12 15:00:00,2024-12-12 16:00:00,ringsted,3.0,2.0,1.06667,0.0,1028.09,86.3333,100.0
1734019200,2024-12-12 16:00:00,2024-12-12 17:00:00,ringsted,2.86667,0.0,1.06667,0.0,1028.32,85.6667,70.5882
1734022800,2024-12-12 17:00:00,2024-12-12 18:00:00,ringsted,2.8,0.0,1.025,0.0,1028.45,85.75,70.5882
1734026400,2024-12-12 18:00:00,2024-12-12 19:00:00,ringsted,2.66667,0.0,0.566667,0.0,1028.64,83.6667,100.0
1734030000,2024-12-12 19:00:00,2024-12-12 20:00:00,ringsted,2.56667,0.0,0.666667,0.0,1029.01,84.6667,75.0
1734033600,2024-12-12 20:00:00,2024-12-12 21:00:00,ringsted,2.55,0.0,0.8,0.0,1029.44,84.75,75.0
1734037200,2024-12-12 21:00:00,2024-12-12 22:00:00,ringsted,2.43333,0.0,0.666667,0.0,1029.56,84.3333,100.0
1734040800,2024-12-12 22:00:00,2024-12-12 23:00:00,ringsted,2.4,0.0,0.666667,0.0,1029.87,84.6667,75.0
1734044400,2024-12-12 23:00:00,2024-12-13 00:00:00,ringsted,2.375,0.0,0.95,0.0,1029.86,86.5,70.5882
1734048000,2024-12-13 00:00:00,2024-12-13 01:00:00,ringsted,2.36667,0.0,1.0,0.0,1029.72,85.3333,100.0
1734051600,2024-12-13 01:00:00,2024-12-13 02:00:00,ringsted,2.26667,0.0,0.766667,0.0,1029.63,87.3333,75.0
1734055200,2024-12-13 02:00:00,2024-12-13 03:00:00,ringsted,2.225,0.0,1.175,0.0,1029.47,88.75,80.0
1734058800,2024-12-13 03:00:00,2024-12-13 04:00:00,ringsted,2.2,0.0,1.16667,0.0,1029.24,88.0,100.0
1734062400,2024-12-13 04:00:00,2024-12-13 05:00:00,ringsted,2.23333,0.0,1.2,0.0,1029.07,88.3333,73.4375
1734066000,2024-12-13 05:00:00,2024-12-13 06:00:00,ringsted,2.275,0.0,1.15,0.0,1028.84,90.0,55.0
1734069600,2024-12-13 06:00:00,2024-12-13 07:00:00,ringsted,2.16667,0.0,1.2,0.0666667,1028.62,93.6667,89.2857
1734073200,2024-12-13 07:00:00,2024-12-13 08:00:00,ringsted,2.36667,0.0,1.53333,0.0666667,1028.64,95.0,76.6667
1734076800,2024-12-13 08:00:00,2024-12-13 09:00:00,ringsted,2.7,0.0,1.93333,0.0,1028.68,92.3333,92.3077
1734080400,2024-12-13 09:00:00,2024-12-13 10:00:00,ringsted,2.96667,8.0,2.4,0.0,1028.41,92.0,100.0
1734084000,2024-12-13 10:00:00,2024-12-13 11:00:00,ringsted,3.2,22.0,3.0,0.0,1027.65,86.0,70.5882
1734087600,2024-12-13 11:00:00,2024-12-13 12:00:00,ringsted,3.2,32.5,4.15,0.0,1026.85,82.75,67.7778
1734091200,2024-12-13 12:00:00,2024-12-13 13:00:00,ringsted,3.0,37.0,4.55,0.0,1026.03,80.0,66.6667
1734094800,2024-12-13 13:00:00,2024-12-13 14:00:00,ringsted,2.8,33.0,4.125,0.0,1024.99,80.0,66.6667
1734098400,2024-12-13 14:00:00,2024-12-13 15:00:00,ringsted,2.575,18.0,3.85,0.0,1024.41,79.5,66.6667
1734102000,2024-12-13 15:00:00,2024-12-13 16:00:00,ringsted,2.4,3.0,3.375,0.0,1023.53,80.5,66.6667
1734105600,2024-12-13 16:00:00,2024-12-13 17:00:00,ringsted,2.3,0.0,3.4,0.0,1022.71,81.25,66.6667
1734109200,2024-12-13 17:00:00,2024-12-13 18:00:00,ringsted,2.3,0.0,3.925,0.0,1021.68,80.75,66.6667
1734112800,2024-12-13 18:00:00,2024-12-13 19:00:00,ringsted,2.375,0.0,4.1,0.0,1020.73,81.25,66.6667
1734116400,2024-12-13 19:00:00,2024-12-13 20:00:00,ringsted,2.425,0.0,4.25,0.0,1019.79,81.25,66.6667
1734120000,2024-12-13 20:00:00,2024-12-13 21:00:00,ringsted,2.15,0.0,4.575,0.0,1018.68,82.25,66.6667
1734123600,2024-12-13 21:00:00,2024-12-13 22:00:00,ringsted,1.875,0.0,4.375,0.0,1017.71,84.0,66.6667
1734127200,2024-12-13 22:00:00,2024-12-13 23:00:00,ringsted,1.55,0.0,4.55,0.0,1016.73,85.75,66.6667
1734130800,2024-12-13 23:00:00,2024-12-14 00:00:00,ringsted,1.35,0.0,4.425,0.0,1015.69,87.25,66.6667
1734134400,2024-12-14 00:00:00,2024-12-14 01:00:00,ringsted,1.025,0.0,4.65,0.0,1014.58,89.5,66.6667
1734138000,2024-12-14 01:00:00,2024-12-14 02:00:00,ringsted,0.725,0.0,4.575,0.0,1013.49,90.75,66.6667
1734141600,2024-12-14 02:00:00,2024-12-14 03:00:00,ringsted,0.675,0.0,4.6,0.0,1012.67,90.25,66.6667
1734145200,2024-12-14 03:00:00,2024-12-14 04:00:00,ringsted,0.325,0.0,4.725,0.0,1011.63,89.0,66.6667
1734148800,2024-12-14 04:00:00,2024-12-14 05:00:00,ringsted,0.1,0.0,4.2,0.0,1010.4,88.0,68.3333
1734152400,2024-12-14 05:00:00,2024-12-14 06:00:00,ringsted,0.125,0.0,3.975,0.0,1009.22,90.25,68.3333
1734156000,2024-12-14 06:00:00,2024-12-14 07:00:00,ringsted,0.275,0.0,4.275,0.025,1008.11,93.5,66.6667
1734159600,2024-12-14 07:00:00,2024-12-14 08:00:00,ringsted,0.85,0.0,5.05,0.0,1007.51,94.75,66.6667
1734163200,2024-12-14 08:00:00,2024-12-14 09:00:00,ringsted,1.525,0.0,5.575,0.025,1006.78,95.0,66.6667
1734166800,2024-12-14 09:00:00,2024-12-14 10:00:00,ringsted,1.85,5.5,6.025,0.075,1006.35,95.5,66.6667
1734170400,2024-12-14 10:00:00,2024-12-14 11:00:00,ringsted,1.975,11.5,6.55,0.175,1005.43,96.25,66.6667
1734174000,2024-12-14 11:00:00,2024-12-14 12:00:00,ringsted,2.225,15.5,6.65,0.075,1004.47,96.25,66.6667
1734177600,2024-12-14 12:00:00,2024-12-14 13:00:00,ringsted,2.525,16.5,7.0,0.125,1003.46,96.0,66.6667
1734181200,2024-12-14 13:00:00,2024-12-14 14:00:00,ringsted,3.05,19.5,6.775,0.2,1002.79,95.5,66.6667
1734184800,2024-12-14 14:00:00,2024-12-14 15:00:00,ringsted,3.45,9.5,6.05,0.35,1002.72,96.0,66.6667
1734188400,2024-12-14 15:00:00,2024-12-14 16:00:00,ringsted,4.075,2.0,5.225,0.1,1002.84,96.0,65.5556
1734192000,2024-12-14 16:00:00,2024-12-14 17:00:00,ringsted,4.4,0.0,4.4,0.025,1003.03,95.25,30.3125
1734195600,2024-12-14 17:00:00,2024-12-14 18:00:00,ringsted,4.375,0.0,4.425,0.0,1003.08,94.0,22.5
1734199200,2024-12-14 18:00:00,2024-12-14 19:00:00,ringsted,4.2,0.0,4.45,0.025,1003.47,92.75,12.0833
1734202800,2024-12-14 19:00:00,2024-12-14 20:00:00,ringsted,3.925,0.0,4.925,0.0,1003.99,91.25,14.1667
1734206400,2024-12-14 20:00:00,2024-12-14 21:00:00,ringsted,3.7,0.0,4.975,0.0,1004.17,91.0,13.3333
1734210000,2024-12-14 21:00:00,2024-12-14 22:00:00,ringsted,3.45,0.0,4.75,0.0,1004.43,90.5,0.0
1734213600,2024-12-14 22:00:00,2024-12-14 23:00:00,ringsted,3.2,0.0,4.75,0.0,1004.91,91.0,0.0
1734217200,2024-12-14 23:00:00,2024-12-15 00:00:00,ringsted,3.025,0.0,4.7,0.0,1005.18,90.5,0.0
1734220800,2024-12-15 00:00:00,2024-12-15 01:00:00,ringsted,2.975,0.0,5.0,0.0,1005.28,89.75,0.0
1734224400,2024-12-15 01:00:00,2024-12-15 02:00:00,ringsted,2.85,0.0,4.675,0.0,1005.74,88.75,5.0
1734228000,2024-12-15 02:00:00,2024-12-15 03:00:00,ringsted,2.975,0.0,5.35,0.0,1006.35,87.25,6.25
1734231600,2024-12-15 03:00:00,2024-12-15 04:00:00,ringsted,2.95,0.0,5.3,0.0,1006.83,87.0,7.5
1734235200,2024-12-15 04:00:00,2024-12-15 05:00:00,ringsted,3.0,0.0,4.575,0.0,1007.31,87.0,0.0
1734238800,2024-12-15 05:00:00,2024-12-15 06:00:00,ringsted,2.85,0.0,4.45,0.0,1007.48,88.75,0.0
1734242400,2024-12-15 06:00:00,2024-12-15 07:00:00,ringsted,2.75,0.0,4.1,0.0,1007.9,90.0,0.833333
1734246000,2024-12-15 07:00:00,2024-12-15 08:00:00,ringsted,2.825,0.0,3.8,0.0,1008.78,89.75,9.16667
1734249600,2024-12-15 08:00:00,2024-12-15 09:00:00,ringsted,2.975,4.0,3.675,0.0,1009.0,90.5,1.53846
1734253200,2024-12-15 09:00:00,2024-12-15 10:00:00,ringsted,3.325,39.5,3.6,0.0,1009.53,91.0,23.6111
1734256800,2024-12-15 10:00:00,2024-12-15 11:00:00,ringsted,4.325,82.5,4.3,0.0,1009.21,89.75,49.7222
1734260400,2024-12-15 11:00:00,2024-12-15 12:00:00,ringsted,4.975,54.0,4.375,0.0,1008.5,89.0,78.3333
1734264000,2024-12-15 12:00:00,2024-12-15 13:00:00,ringsted,5.2,33.5,4.875,0.35,1007.48,92.25,74.4444
1734267600,2024-12-15 13:00:00,2024-12-15 14:00:00,ringsted,5.5,23.0,5.875,0.775,1006.4,96.0,70.0
1734271200,2024-12-15 14:00:00,2024-12-15 15:00:00,ringsted,6.05,9.5,6.95,0.925,1005.58,96.0,66.6667
1734274800,2024-12-15 15:00:00,2024-12-15 16:00:00,ringsted,6.775,1.0,6.875,0.5,1005.2,96.5,66.6667
1734278400,2024-12-15 16:00:00,2024-12-15 17:00:00,ringsted,7.6,0.0,6.9,0.2,1004.97,97.0,66.6667
1734282000,2024-12-15 17:00:00,2024-12-15 18:00:00,ringsted,8.475,0.0,7.6,0.125,1005.49,96.0,66.6667
1734285600,2024-12-15 18:00:00,2024-12-15 19:00:00,ringsted,9.0,0.0,7.95,0.1,1005.37,95.25,66.6667
1734289200,2024-12-15 19:00:00,2024-12-15 20:00:00,ringsted,9.2,0.0,7.55,0.05,1004.8,94.0,66.6667
1734292800,2024-12-15 20:00:00,2024-12-15 21:00:00,ringsted,9.025,0.0,8.275,0.075,1004.72,94.25,66.6667
1734296400,2024-12-15 21:00:00,2024-12-15 22:00:00,ringsted,9.2,0.0,9.55,0.025,1004.6,93.25,66.6667
1734300000,2024-12-15 22:00:00,2024-12-15 23:00:00,ringsted,9.5,0.0,8.7,0.025,1004.32,91.25,66.6667
1734303600,2024-12-15 23:00:00,2024-12-16 00:00:00,ringsted,9.775,0.0,9.6,0.0,1004.31,90.0,66.6667
1734307200,2024-12-16 00:00:00,2024-12-16 01:00:00,ringsted,9.775,0.0,9.1,0.0,1003.74,90.25,66.6667
1734310800,2024-12-16 01:00:00,2024-12-16 02:00:00,ringsted,9.85,0.0,9.325,0.0,1003.6,89.75,66.6667
1734314400,2024-12-16 02:00:00,2024-12-16 03:00:00,ringsted,10.25,0.0,9.775,0.0,1003.68,87.5,64.4444
1734318000,2024-12-16 03:00:00,2024-12-16 04:00:00,ringsted,10.475,0.0,9.975,0.0,1003.67,86.5,66.6667
1734321600,2024-12-16 04:00:00,2024-12-16 05:00:00,ringsted,10.525,0.0,10.2,0.0,1004.06,86.0,66.6667
1734325200,2024-12-16 05:00:00,2024-12-16 06:00:00,ringsted,10.6,0.0,10.3,0.0,1004.9,86.75,70.5556
1734328800,2024-12-16 06:00:00,2024-12-16 07:00:00,ringsted,10.175,0.0,9.775,0.025,1006.26,89.5,59.4444
1734332400,2024-12-16 07:00:00,2024-12-16 08:00:00,ringsted,9.825,0.0,9.25,0.0,1007.44,82.75,66.1111
1734336000,2024-12-16 08:00:00,2024-12-16 09:00:00,ringsted,9.4,1.0,8.375,0.0,1008.42,74.75,65.0
1734339600,2024-12-16 09:00:00,2024-12-16 10:00:00,ringsted,9.2,18.0,7.15,0.0,1009.33,72.5,66.6667
1734343200,2024-12-16 10:00:00,2024-12-16 11:00:00,ringsted,9.075,45.5,6.6,0.0,1009.78,75.25,67.2222
1734346800,2024-12-16 11:00:00,2024-12-16 12:00:00,ringsted,9.05,92.5,6.825,0.0,1009.87,79.0,69.4444
1734350400,2024-12-16 12:00:00,2024-12-16 13:00:00,ringsted,9.1,82.5,7.525,0.0,1009.8,82.5,77.7778
1734354000,2024-12-16 13:00:00,2024-12-16 14:00:00,ringsted,8.975,55.0,6.975,0.0,1009.78,85.5,67.7778
1734357600,2024-12-16 14:00:00,2024-12-16 15:00:00,ringsted,8.95,27.0,6.7,0.075,1009.49,87.75,84.4444
1734361200,2024-12-16 15:00:00,2024-12-16 16:00:00,ringsted,8.55,3.5,6.95,0.075,1008.98,94.75,66.6667
1734364800,2024-12-16 16:00:00,2024-12-16 17:00:00,ringsted,8.625,0.0,6.825,0.125,1008.46,95.75,66.6667
1734368400,2024-12-16 17:00:00,2024-12-16 18:00:00,ringsted,8.6,0.0,8.45,0.05,1008.21,95.0,66.6667
1734372000,2024-12-16 18:00:00,2024-12-16 19:00:00,ringsted,8.525,0.0,8.275,0.125,1007.84,95.5,66.6667
1734375600,2024-12-16 19:00:00,2024-12-16 20:00:00,ringsted,8.575,0.0,8.925,0.15,1007.7,95.0,66.6667
1734379200,2024-12-16 20:00:00,2024-12-16 21:00:00,ringsted,8.625,0.0,8.825,0.025,1007.89,94.5,68.3333
1734382800,2024-12-16 21:00:00,2024-12-16 22:00:00,ringsted,8.6,0.0,8.35,0.0,1007.88,94.75,66.6667
1734386400,2024-12-16 22:00:00,2024-12-16 23:00:00,ringsted,8.625,0.0,8.85,0.0,1007.78,94.25,66.6667
1734390000,2024-12-16 23:00:00,2024-12-17 00:00:00,ringsted,8.625,0.0,9.025,0.0,1007.85,93.25,66.6667
1734393600,2024-12-17 00:00:00,2024-12-17 01:00:00,ringsted,8.675,0.0,9.075,0.0,1008.08,93.0,67.7778
1734397200,2024-12-17 01:00:00,2024-12-17 02:00:00,ringsted,8.825,0.0,8.8,0.0,1008.63,92.0,67.2222
1734400800,2024-12-17 02:00:00,2024-12-17 03:00:00,ringsted,9.1,0.0,8.025,0.075,1009.05,89.75,69.4444
1734404400,2024-12-17 03:00:00,2024-12-17 04:00:00,ringsted,9.15,0.0,7.725,0.05,1009.22,89.25,66.6667
1734408000,2024-12-17 04:00:00,2024-12-17 05:00:00,ringsted,9.125,0.0,8.25,0.0,1009.73,88.75,67.2222
1734411600,2024-12-17 05:00:00,2024-12-17 06:00:00,ringsted,8.9,0.0,7.25,0.025,1010.45,90.0,69.4444
1734415200,2024-12-17 06:00:00,2024-12-17 07:00:00,ringsted,8.625,0.0,6.75,0.0,1011.04,91.5,64.4444
1734418800,2024-12-17 07:00:00,2024-12-17 08:00:00,ringsted,8.425,0.0,6.65,0.0,1012.0,90.25,63.3333
1734422400,2024-12-17 08:00:00,2024-12-17 09:00:00,ringsted,8.35,1.5,5.9,0.0,1012.7,89.25,60.8333
1734426000,2024-12-17 09:00:00,2024-12-17 10:00:00,ringsted,8.175,21.5,5.0,0.0,1012.97,90.75,68.3333
1734429600,2024-12-17 10:00:00,2024-12-17 11:00:00,ringsted,8.4,37.0,5.525,0.0,1013.24,90.25,66.6667
1734433200,2024-12-17 11:00:00,2024-12-17 12:00:00,ringsted,8.55,58.0,6.05,0.0,1013.47,89.75,52.2222
1734436800,2024-12-17 12:00:00,2024-12-17 13:00:00,ringsted,8.65,82.0,6.15,0.0,1013.83,87.75,40.8333
1734440400,2024-12-17 13:00:00,2024-12-17 14:00:00,ringsted,8.75,70.0,5.375,0.0,1014.1,85.5,37.7778
1734444000,2024-12-17 14:00:00,2024-12-17 15:00:00,ringsted,8.375,26.0,4.65,0.0,1014.39,88.75,38.3333
1734447600,2024-12-17 15:00:00,2024-12-17 16:00:00,ringsted,7.975,5.0,4.0,0.025,1014.47,92.5,57.7778
1734451200,2024-12-17 16:00:00,2024-12-17 17:00:00,ringsted,8.175,0.0,4.15,0.0,1014.47,93.5,67.7778
1734454800,2024-12-17 17:00:00,2024-12-17 18:00:00,ringsted,8.225,0.0,4.225,0.1,1014.25,94.75,66.6667
1734458400,2024-12-17 18:00:00,2024-12-17 19:00:00,ringsted,8.1,0.0,4.35,0.175,1014.11,96.0,66.6667
1734462000,2024-12-17 19:00:00,2024-12-17 20:00:00,ringsted,8.25,0.0,4.375,0.1,1013.88,94.5,65.0
1734465600,2024-12-17 20:00:00,2024-12-17 21:00:00,ringsted,8.2,0.0,4.2,0.0,1013.63,92.5,66.1111
1734469200,2024-12-17 21:00:00,2024-12-17 22:00:00,ringsted,8.15,0.0,4.025,0.0,1013.44,93.25,66.6667
1734472800,2024-12-17 22:00:00,2024-12-17 23:00:00,ringsted,8.1,0.0,4.1,0.0,1013.17,93.75,66.6667
1734476400,2024-12-17 23:00:00,2024-12-18 00:00:00,ringsted,7.975,0.0,4.4,0.0,1012.74,94.0,66.6667
1734480000,2024-12-18 00:00:00,2024-12-18 01:00:00,ringsted,7.675,0.0,4.625,0.0,1012.11,94.75,66.6667
1734483600,2024-12-18 01:00:00,2024-12-18 02:00:00,ringsted,7.4,0.0,4.925,0.0,1011.24,94.25,66.6667
1734487200,2024-12-18 02:00:00,2024-12-18 03:00:00,ringsted,7.2,0.0,4.85,0.0,1010.22,93.0,64.4444
1734490800,2024-12-18 03:00:00,2024-12-18 04:00:00,ringsted,7.0,0.0,5.175,0.0,1009.1,92.25,56.3889
1734494400,2024-12-18 04:00:00,2024-12-18 05:00:00,ringsted,6.8,0.0,5.3,0.0,1007.82,91.75,62.2222
1734498000,2024-12-18 05:00:00,2024-12-18 06:00:00,ringsted,6.575,0.0,5.2,0.0,1006.12,91.75,61.9444
1734501600,2024-12-18 06:00:00,2024-12-18 07:00:00,ringsted,6.425,0.0,5.975,0.0,1004.65,90.25,65.0
1734505200,2024-12-18 07:00:00,2024-12-18 08:00:00,ringsted,6.5,0.0,6.5,0.05,1003.83,89.5,67.2222
1734508800,2024-12-18 08:00:00,2024-12-18 09:00:00,ringsted,6.45,0.0,6.475,0.3,1002.59,90.25,69.1667
1734512400,2024-12-18 09:00:00,2024-12-18 10:00:00,ringsted,6.35,7.0,6.6,0.55,1001.35,91.0,77.7778
1734516000,2024-12-18 10:00:00,2024-12-18 11:00:00,ringsted,6.4,19.0,6.75,0.325,1000.41,91.75,71.1765
1734519600,2024-12-18 11:00:00,2024-12-18 12:00:00,ringsted,6.55,24.5,7.1,0.2,999.338,91.75,68.8889
1734523200,2024-12-18 12:00:00,2024-12-18 13:00:00,ringsted,6.775,22.5,7.225,0.25,998.1,92.75,67.7778
1734526800,2024-12-18 13:00:00,2024-12-18 14:00:00,ringsted,7.125,21.0,7.15,0.075,997.213,92.0,69.4444
1734530400,2024-12-18 14:00:00,2024-12-18 15:00:00,ringsted,7.525,8.5,7.65,0.05,996.079,92.5,66.6667
1734534000,2024-12-18 15:00:00,2024-12-18 16:00:00,ringsted,7.9,0.5,8.35,0.025,995.246,94.0,69.4444
1734537600,2024-12-18 16:00:00,2024-12-18 17:00:00,ringsted,8.4,0.0,8.675,0.2,994.029,95.0,73.3333
1734541200,2024-12-18 17:00:00,2024-12-18 18:00:00,ringsted,8.9,0.0,8.825,0.4,993.154,95.5,68.8889
1734544800,2024-12-18 18:00:00,2024-12-18 19:00:00,ringsted,9.3,0.0,9.4,0.1,993.162,95.5,67.2222
1734548400,2024-12-18 19:00:00,2024-12-18 20:00:00,ringsted,9.675,0.0,9.05,0.075,993.442,95.75,68.8889
1734552000,2024-12-18 20:00:00,2024-12-18 21:00:00,ringsted,10.0,0.0,8.2,0.0,993.95,92.75,67.2222
1734555600,2024-12-18 21:00:00,2024-12-18 22:00:00,ringsted,9.9,0.0,7.8,0.0,994.446,90.25,66.6667
1734559200,2024-12-18 22:00:00,2024-12-18 23:00:00,ringsted,9.7,0.0,7.85,0.0,994.746,88.5,66.6667
1734562800,2024-12-18 23:00:00,2024-12-19 00:00:00,ringsted,9.525,0.0,7.15,0.0,994.654,86.5,70.5882
1734566400,2024-12-19 00:00:00,2024-12-19 01:00:00,ringsted,9.1,0.0,5.475,0.0,994.213,87.75,62.2222
1734570000,2024-12-19 01:00:00,2024-12-19 02:00:00,ringsted,8.8,0.0,5.625,0.0,993.537,89.5,63.3333
1734573600,2024-12-19 02:00:00,2024-12-19 03:00:00,ringsted,8.5,0.0,4.775,0.0,992.008,92.0,66.1111
1734577200,2024-12-19 03:00:00,2024-12-19 04:00:00,ringsted,8.325,0.0,3.625,0.025,990.412,94.75,77.2222
1734580800,2024-12-19 04:00:00,2024-12-19 05:00:00,ringsted,8.4,0.0,3.1,1.0,988.508,97.0,95.0
1734584400,2024-12-19 05:00:00,2024-12-19 06:00:00,ringsted,8.575,0.0,3.575,1.35,986.325,98.25,69.4444
1734588000,2024-12-19 06:00:00,2024-12-19 07:00:00,ringsted,9.025,0.0,5.925,0.725,984.529,97.5,72.7778
1734591600,2024-12-19 07:00:00,2024-12-19 08:00:00,ringsted,9.4,0.0,7.45,1.575,982.942,95.75,66.6667
1734595200,2024-12-19 08:00:00,2024-12-19 09:00:00,ringsted,9.5,0.0,8.5,1.575,981.8,95.0,67.7778
1734598800,2024-12-19 09:00:00,2024-12-19 10:00:00,ringsted,9.8,3.5,9.0,1.8,981.025,94.75,77.2222
1734602400,2024-12-19 10:00:00,2024-12-19 11:00:00,ringsted,10.075,19.0,9.075,0.625,980.625,94.5,76.1111
1734606000,2024-12-19 11:00:00,2024-12-19 12:00:00,ringsted,9.75,39.0,8.7,0.25,981.25,93.25,81.6667
1734609600,2024-12-19 12:00:00,2024-12-19 13:00:00,ringsted,7.75,45.5,7.025,0.075,982.425,93.25,70.5556
1734613200,2024-12-19 13:00:00,2024-12-19 14:00:00,ringsted,5.8,45.0,6.375,0.0,983.621,92.5,66.6667
1734616800,2024-12-19 14:00:00,2024-12-19 15:00:00,ringsted,5.65,25.0,5.0,0.0,984.446,90.0,65.5556
1734620400,2024-12-19 15:00:00,2024-12-19 16:00:00,ringsted,5.55,4.0,3.825,0.0,985.296,90.0,66.6667
1734624000,2024-12-19 16:00:00,2024-12-19 17:00:00,ringsted,5.6,0.0,4.475,0.0,985.592,90.25,53.8889
1734627600,2024-12-19 17:00:00,2024-12-19 18:00:00,ringsted,5.625,0.0,4.85,0.0,985.979,88.0,31.25
1734631200,2024-12-19 18:00:00,2024-12-19 19:00:00,ringsted,5.425,0.0,5.35,0.0,986.15,86.5,0.0
1734634800,2024-12-19 19:00:00,2024-12-19 20:00:00,ringsted,5.15,0.0,6.175,0.0,986.392,83.75,4.23077
1734638400,2024-12-19 20:00:00,2024-12-19 21:00:00,ringsted,5.025,0.0,6.975,0.0,986.833,83.25,8.92857
1734642000,2024-12-19 21:00:00,2024-12-19 22:00:00,ringsted,4.975,0.0,7.4,0.0,987.088,84.0,27.5
1734645600,2024-12-19 22:00:00,2024-12-19 23:00:00,ringsted,5.05,0.0,7.975,0.0,987.758,83.5,35.0
1734649200,2024-12-19 23:00:00,2024-12-20 00:00:00,ringsted,5.25,0.0,8.325,0.0,988.517,82.0,45.8333
1734652800,2024-12-20 00:00:00,2024-12-20 01:00:00,ringsted,5.45,0.0,8.2,0.0,989.062,79.25,45.2778
1734656400,2024-12-20 01:00:00,2024-12-20 02:00:00,ringsted,5.65,0.0,8.65,0.0,990.121,75.0,47.7778
1734660000,2024-12-20 02:00:00,2024-12-20 03:00:00,ringsted,5.65,0.0,8.85,0.0,991.338,74.0,36.9444
1734663600,2024-12-20 03:00:00,2024-12-20 04:00:00,ringsted,5.45,0.0,8.525,0.0,992.592,74.25,9.23077
1734667200,2024-12-20 04:00:00,2024-12-20 05:00:00,ringsted,5.125,0.0,8.025,0.0,993.742,72.75,22.5
1734670800,2024-12-20 05:00:00,2024-12-20 06:00:00,ringsted,4.875,0.0,7.45,0.0,995.121,72.75,0.0
1734674400,2024-12-20 06:00:00,2024-12-20 07:00:00,ringsted,4.6,0.0,7.4,0.0,996.446,71.75,0.0
1734678000,2024-12-20 07:00:00,2024-12-20 08:00:00,ringsted,4.4,0.0,7.05,0.0,997.929,72.5,6.66667
1734681600,2024-12-20 08:00:00,2024-12-20 09:00:00,ringsted,4.225,2.5,6.75,0.0,999.287,72.5,1.42857
1734685200,2024-12-20 09:00:00,2024-12-20 10:00:00,ringsted,4.325,35.5,6.675,0.0,1000.34,72.25,0.0
1734688800,2024-12-20 10:00:00,2024-12-20 11:00:00,ringsted,4.775,104.0,7.175,0.0,1001.11,71.75,0.0
1734692400,2024-12-20 11:00:00,2024-12-20 12:00:00,ringsted,5.225,150.0,7.925,0.0,1001.9,69.0,5.0
1734696000,2024-12-20 12:00:00,2024-12-20 13:00:00,ringsted,5.45,157.5,8.0,0.0,1002.64,68.5,5.0
1734699600,2024-12-20 13:00:00,2024-12-20 14:00:00,ringsted,5.475,128.0,7.3,0.0,1003.45,69.5,2.5
1734703200,2024-12-20 14:00:00,2024-12-20 15:00:00,ringsted,5.25,61.5,6.5,0.0,1004.15,71.0,0.833333
1734706800,2024-12-20 15:00:00,2024-12-20 16:00:00,ringsted,4.675,9.0,5.15,0.0,1004.82,73.5,0.0
1734710400,2024-12-20 16:00:00,2024-12-20 17:00:00,ringsted,4.2,0.0,4.625,0.0,1005.3,77.5,0.769231
1734714000,2024-12-20 17:00:00,2024-12-20 18:00:00,ringsted,3.95,0.0,4.475,0.0,1005.81,80.75,34.4444
1734717600,2024-12-20 18:00:00,2024-12-20 19:00:00,ringsted,4.175,0.0,3.95,0.0,1006.08,83.25,63.8889
1734721200,2024-12-20 19:00:00,2024-12-20 20:00:00,ringsted,4.55,0.0,4.1,0.0,1006.31,83.75,63.8889
1734724800,2024-12-20 20:00:00,2024-12-20 21:00:00,ringsted,4.75,0.0,4.275,0.0,1006.26,85.25,64.4444
1734728400,2024-12-20 21:00:00,2024-12-20 22:00:00,ringsted,4.875,0.0,4.7,0.0,1005.9,86.5,66.6667
1734732000,2024-12-20 22:00:00,2024-12-20 23:00:00,ringsted,5.0,0.0,5.25,0.075,1005.45,89.0,68.3333
1734735600,2024-12-20 23:00:00,2024-12-21 00:00:00,ringsted,5.1,0.0,6.05,0.05,1004.95,91.25,65.0
1734739200,2024-12-21 00:00:00,2024-12-21 01:00:00,ringsted,5.225,0.0,6.7,0.025,1004.57,91.0,66.6667
1734742800,2024-12-21 01:00:00,2024-12-21 02:00:00,ringsted,5.425,0.0,6.825,0.0,1003.85,89.5,66.6667
1734746400,2024-12-21 02:00:00,2024-12-21 03:00:00,ringsted,5.425,0.0,7.3,0.0,1003.16,89.25,66.6667
1734750000,2024-12-21 03:00:00,2024-12-21 04:00:00,ringsted,5.35,0.0,7.55,0.05,1002.5,90.25,66.6667
1734753600,2024-12-21 04:00:00,2024-12-21 05:00:00,ringsted,5.225,0.0,7.75,0.175,1001.53,91.75,66.6667
1734757200,2024-12-21 05:00:00,2024-12-21 06:00:00,ringsted,5.25,0.0,8.0,0.5,1000.75,93.0,67.7778
1734760800,2024-12-21 06:00:00,2024-12-21 07:00:00,ringsted,5.46667,0.0,8.8,0.0333333,1000.65,93.3333,63.125
1734764400,2024-12-21 07:00:00,2024-12-21 08:00:00,ringsted,5.825,0.0,7.875,0.05,1000.78,92.75,67.7778
1734768000,2024-12-21 08:00:00,2024-12-21 09:00:00,ringsted,6.05,0.5,6.65,0.125,1000.52,93.5,67.7778
1734771600,2024-12-21 09:00:00,2024-12-21 10:00:00,ringsted,6.3,27.0,5.8,0.025,1000.42,93.5,63.3333
1734775200,2024-12-21 10:00:00,2024-12-21 11:00:00,ringsted,6.575,46.0,5.525,0.0,999.867,93.0,65.0
1734778800,2024-12-21 11:00:00,2024-12-21 12:00:00,ringsted,6.825,54.0,5.8,0.0,999.171,91.5,64.4444
1734782400,2024-12-21 12:00:00,2024-12-21 13:00:00,ringsted,7.0,46.5,6.425,0.0,998.454,90.0,66.6667
1734786000,2024-12-21 13:00:00,2024-12-21 14:00:00,ringsted,6.975,28.0,6.625,0.075,997.713,89.75,64.4444
1734789600,2024-12-21 14:00:00,2024-12-21 15:00:00,ringsted,6.85,11.0,6.975,0.0,997.017,89.75,65.0
1734793200,2024-12-21 15:00:00,2024-12-21 16:00:00,ringsted,6.85,3.0,7.425,0.0,996.1,87.75,66.6667
1734796800,2024-12-21 16:00:00,2024-12-21 17:00:00,ringsted,6.65,0.0,7.525,0.0,994.958,87.75,69.4444
1734800400,2024-12-21 17:00:00,2024-12-21 18:00:00,ringsted,6.3,0.0,7.975,0.225,993.429,91.5,70.5556
1734804000,2024-12-21 18:00:00,2024-12-21 19:00:00,ringsted,6.06667,0.0,9.06667,0.566667,991.809,92.6667,68.8235
1734807600,2024-12-21 19:00:00,2024-12-21 20:00:00,ringsted,5.9,0.0,9.25,0.4,990.362,95.0,68.8889
1734811200,2024-12-21 20:00:00,2024-12-21 21:00:00,ringsted,6.075,0.0,9.4,0.25,989.263,94.5,68.3333
1734814800,2024-12-21 21:00:00,2024-12-21 22:00:00,ringsted,6.25,0.0,9.15,0.125,988.304,94.25,68.8889
1734818400,2024-12-21 22:00:00,2024-12-21 23:00:00,ringsted,6.55,0.0,8.025,0.375,987.596,95.0,66.1111
1734822000,2024-12-21 23:00:00,2024-12-22 00:00:00,ringsted,6.975,0.0,6.85,0.1,987.15,93.75,65.5556
1734825600,2024-12-22 00:00:00,2024-12-22 01:00:00,ringsted,7.075,0.0,6.325,0.025,986.463,92.75,49.1667
1734829200,2024-12-22 01:00:00,2024-12-22 02:00:00,ringsted,6.55,0.0,5.225,0.525,985.971,90.0,64.4444
1734832800,2024-12-22 02:00:00,2024-12-22 03:00:00,ringsted,6.275,0.0,5.05,0.1,985.408,87.75,65.8333
1734836400,2024-12-22 03:00:00,2024-12-22 04:00:00,ringsted,6.125,0.0,4.4,0.0,984.971,88.25,63.8889
1734840000,2024-12-22 04:00:00,2024-12-22 05:00:00,ringsted,5.85,0.0,4.675,0.0,984.429,88.0,60.2778
1734843600,2024-12-22 05:00:00,2024-12-22 06:00:00,ringsted,5.575,0.0,4.3,0.0,984.158,89.5,61.6667
1734847200,2024-12-22 06:00:00,2024-12-22 07:00:00,ringsted,5.35,0.0,4.325,0.075,983.842,89.25,47.0588
1734850800,2024-12-22 07:00:00,2024-12-22 08:00:00,ringsted,5.025,0.0,4.6,0.0,983.821,88.25,34.1176
1734854400,2024-12-22 08:00:00,2024-12-22 09:00:00,ringsted,4.625,1.5,4.275,0.0,983.871,88.5,24.7222
1734858000,2024-12-22 09:00:00,2024-12-22 10:00:00,ringsted,4.625,33.5,4.45,0.0,983.992,87.5,35.8333
1734861600,2024-12-22 10:00:00,2024-12-22 11:00:00,ringsted,5.1,81.0,5.225,0.0,983.8,86.25,31.6667
1734865200,2024-12-22 11:00:00,2024-12-22 12:00:00,ringsted,5.375,107.5,5.725,0.0,983.646,85.0,48.6111
1734868800,2024-12-22 12:00:00,2024-12-22 13:00:00,ringsted,5.45,90.0,5.075,0.0,983.742,84.5,60.0
1734872400,2024-12-22 13:00:00,2024-12-22 14:00:00,ringsted,5.35,97.0,5.4,0.0,984.329,84.5,50.8333
1734876000,2024-12-22 14:00:00,2024-12-22 15:00:00,ringsted,5.125,55.0,5.0,0.0,984.8,85.5,54.4444
1734879600,2024-12-22 15:00:00,2024-12-22 16:00:00,ringsted,4.85,12.5,4.425,0.0,985.458,86.75,60.0
1734883200,2024-12-22 16:00:00,2024-12-22 17:00:00,ringsted,4.525,0.0,4.15,0.0,986.108,88.5,55.2778
1734886800,2024-12-22 17:00:00,2024-12-22 18:00:00,ringsted,4.35,0.0,3.95,0.0,986.683,89.25,42.5
1734890400,2024-12-22 18:00:00,2024-12-22 19:00:00,ringsted,4.0,0.0,3.95,0.0,987.379,89.75,30.2778
1734894000,2024-12-22 19:00:00,2024-12-22 20:00:00,ringsted,3.825,0.0,3.875,0.0,988.221,90.75,57.7778
1734897600,2024-12-22 20:00:00,2024-12-22 21:00:00,ringsted,3.825,0.0,3.475,0.0,988.946,90.5,55.0
1734901200,2024-12-22 21:00:00,2024-12-22 22:00:00,ringsted,3.725,0.0,3.15,0.125,989.479,91.0,60.8333
1734904800,2024-12-22 22:00:00,2024-12-22 23:00:00,ringsted,3.45,0.0,3.35,0.1,989.9,93.0,61.9444
1734908400,2024-12-22 23:00:00,2024-12-23 00:00:00,ringsted,3.575,0.0,3.8,0.05,990.287,93.5,25.6667
1734912000,2024-12-23 00:00:00,2024-12-23 01:00:00,ringsted,3.15,0.0,4.025,0.0,990.517,92.5,0.0
1734915600,2024-12-23 01:00:00,2024-12-23 02:00:00,ringsted,3.525,0.0,4.0,0.0,990.596,93.5,6.25
1734919200,2024-12-23 02:00:00,2024-12-23 03:00:00,ringsted,3.875,0.0,4.7,0.0,990.371,92.5,51.6667
1734922800,2024-12-23 03:00:00,2024-12-23 04:00:00,ringsted,4.35,0.0,6.1,0.075,989.775,92.0,71.1111
1734926400,2024-12-23 04:00:00,2024-12-23 05:00:00,ringsted,4.6,0.0,6.975,0.2,989.213,93.0,72.7778
1734930000,2024-12-23 05:00:00,2024-12-23 06:00:00,ringsted,4.6,0.0,6.925,0.775,988.767,93.25,79.4444
1734933600,2024-12-23 06:00:00,2024-12-23 07:00:00,ringsted,4.625,0.0,6.25,1.3,988.796,95.25,71.6667
1734937200,2024-12-23 07:00:00,2024-12-23 08:00:00,ringsted,4.825,0.0,5.4,1.075,989.454,96.0,67.7778
1734940800,2024-12-23 08:00:00,2024-12-23 09:00:00,ringsted,5.025,0.5,4.35,0.15,990.638,96.25,67.7778
1734944400,2024-12-23 09:00:00,2024-12-23 10:00:00,ringsted,5.0,14.5,3.325,0.05,992.167,96.25,66.6667
1734948000,2024-12-23 10:00:00,2024-12-23 11:00:00,ringsted,5.0,32.5,4.95,0.0,993.592,95.75,66.6667
1734951600,2024-12-23 11:00:00,2024-12-23 12:00:00,ringsted,5.05,44.0,5.15,0.0,994.8,94.5,78.8889
1734955200,2024-12-23 12:00:00,2024-12-23 13:00:00,ringsted,5.125,43.0,5.6,0.05,996.03,93.5,55.8824
1734958800,2024-12-23 13:00:00,2024-12-23 14:00:00,ringsted,5.025,41.5,5.475,0.1,997.233,93.5,66.1111
1734962400,2024-12-23 14:00:00,2024-12-23 15:00:00,ringsted,4.9,19.5,5.025,0.225,998.513,93.5,66.1111
1734966000,2024-12-23 15:00:00,2024-12-23 16:00:00,ringsted,4.725,2.5,4.6,0.225,999.867,93.25,71.1111
1734969600,2024-12-23 16:00:00,2024-12-23 17:00:00,ringsted,4.625,0.0,4.925,0.25,1001.13,93.25,70.0
1734973200,2024-12-23 17:00:00,2024-12-23 18:00:00,ringsted,4.5,0.0,4.475,0.2,1002.31,92.75,65.2778
1734976800,2024-12-23 18:00:00,2024-12-23 19:00:00,ringsted,4.3,0.0,3.375,0.1,1003.54,95.0,67.2222
1734980400,2024-12-23 19:00:00,2024-12-23 20:00:00,ringsted,4.2,0.0,2.95,0.025,1004.65,96.0,59.7222
1734984000,2024-12-23 20:00:00,2024-12-23 21:00:00,ringsted,4.1,0.0,2.75,0.0,1006.01,96.75,63.3333
1734987600,2024-12-23 21:00:00,2024-12-23 22:00:00,ringsted,3.925,0.0,2.9,0.025,1007.34,96.5,66.3889
1734991200,2024-12-23 22:00:00,2024-12-23 23:00:00,ringsted,4.125,0.0,2.55,0.0,1008.55,96.75,65.5556
1734994800,2024-12-23 23:00:00,2024-12-24 00:00:00,ringsted,4.1,0.0,1.7,0.0,1009.78,96.75,66.6667
1734998400,2024-12-24 00:00:00,2024-12-24 01:00:00,ringsted,4.125,0.0,1.5,0.0,1010.6,96.75,66.6667
1735002000,2024-12-24 01:00:00,2024-12-24 02:00:00,ringsted,3.975,0.0,0.975,0.0,1011.58,97.0,66.6667
1735005600,2024-12-24 02:00:00,2024-12-24 03:00:00,ringsted,3.85,0.0,1.2,0.0,1012.47,96.75,66.6667
1735009200,2024-12-24 03:00:00,2024-12-24 04:00:00,ringsted,3.95,0.0,0.975,0.0,1013.12,94.75,66.6667
1735012800,2024-12-24 04:00:00,2024-12-24 05:00:00,ringsted,3.825,0.0,1.1,0.0,1014.09,96.25,66.6667
1735016400,2024-12-24 05:00:00,2024-12-24 06:00:00,ringsted,3.725,0.0,0.95,0.0,1014.74,96.75,66.6667
1735020000,2024-12-24 06:00:00,2024-12-24 07:00:00,ringsted,3.725,0.0,0.825,0.025,1015.7,96.5,66.6667
1735023600,2024-12-24 07:00:00,2024-12-24 08:00:00,ringsted,3.925,0.0,1.175,0.075,1016.23,96.25,66.6667
1735027200,2024-12-24 08:00:00,2024-12-24 09:00:00,ringsted,3.85,2.5,1.275,0.0,1016.68,96.5,64.4444
1735030800,2024-12-24 09:00:00,2024-12-24 10:00:00,ringsted,3.675,33.0,1.4,0.0,1017.46,95.75,66.6667
1735034400,2024-12-24 10:00:00,2024-12-24 11:00:00,ringsted,4.0,71.5,1.5,0.0,1018.05,93.75,64.1667
1735038000,2024-12-24 11:00:00,2024-12-24 12:00:00,ringsted,4.15,51.5,1.65,0.0,1018.36,91.75,63.0556
1735041600,2024-12-24 12:00:00,2024-12-24 13:00:00,ringsted,4.15,46.5,2.225,0.0,1018.86,90.5,62.2222
1735045200,2024-12-24 13:00:00,2024-12-24 14:00:00,ringsted,4.275,69.5,2.15,0.0,1019.31,88.75,60.5556
1735048800,2024-12-24 14:00:00,2024-12-24 15:00:00,ringsted,4.375,35.5,1.9,0.0,1019.54,88.0,61.3889
1735052400,2024-12-24 15:00:00,2024-12-24 16:00:00,ringsted,4.1,7.0,2.35,0.0,1019.99,89.5,56.1111
1735056000,2024-12-24 16:00:00,2024-12-24 17:00:00,ringsted,3.825,0.0,2.325,0.0,1020.32,91.5,65.0
1735059600,2024-12-24 17:00:00,2024-12-24 18:00:00,ringsted,4.075,0.0,3.275,0.0,1020.8,92.0,66.1111
1735063200,2024-12-24 18:00:00,2024-12-24 19:00:00,ringsted,4.375,0.0,3.05,0.0,1021.1,92.75,63.3333
1735066800,2024-12-24 19:00:00,2024-12-24 20:00:00,ringsted,4.475,0.0,3.475,0.0,1021.34,93.25,64.4444
1735070400,2024-12-24 20:00:00,2024-12-24 21:00:00,ringsted,4.775,0.0,4.025,0.0,1021.56,91.75,71.1111
1735074000,2024-12-24 21:00:00,2024-12-24 22:00:00,ringsted,5.0,0.0,4.525,0.175,1021.8,90.75,59.4444
1735077600,2024-12-24 22:00:00,2024-12-24 23:00:00,ringsted,4.85,0.0,5.4,0.075,1022.0,92.25,65.0
1735081200,2024-12-24 23:00:00,2024-12-25 00:00:00,ringsted,4.875,0.0,5.225,0.0,1022.38,92.75,66.6667
1735084800,2024-12-25 00:00:00,2024-12-25 01:00:00,ringsted,4.925,0.0,5.0,0.025,1022.66,93.75,66.6667
1735088400,2024-12-25 01:00:00,2024-12-25 02:00:00,ringsted,4.95,0.0,4.8,0.0,1022.86,95.25,66.6667
1735092000,2024-12-25 02:00:00,2024-12-25 03:00:00,ringsted,5.0,0.0,5.175,0.025,1022.79,97.0,66.6667
1735095600,2024-12-25 03:00:00,2024-12-25 04:00:00,ringsted,5.125,0.0,5.125,0.05,1022.97,97.5,66.6667
1735099200,2024-12-25 04:00:00,2024-12-25 05:00:00,ringsted,5.225,0.0,4.95,0.025,1023.25,97.25,66.6667
1735102800,2024-12-25 05:00:00,2024-12-25 06:00:00,ringsted,5.325,0.0,4.975,0.025,1023.62,98.0,66.6667
1735106400,2024-12-25 06:00:00,2024-12-25 07:00:00,ringsted,5.45,0.0,4.2,0.025,1023.99,98.25,66.6667
1735110000,2024-12-25 07:00:00,2024-12-25 08:00:00,ringsted,5.575,0.0,4.85,0.05,1024.19,98.25,66.6667
1735113600,2024-12-25 08:00:00,2024-12-25 09:00:00,ringsted,5.725,0.0,4.9,0.05,1024.95,98.0,66.6667
1735117200,2024-12-25 09:00:00,2024-12-25 10:00:00,ringsted,5.975,8.5,4.475,0.05,1025.47,98.5,66.6667
1735120800,2024-12-25 10:00:00,2024-12-25 11:00:00,ringsted,6.2,26.0,4.75,0.05,1025.76,98.0,66.6667
1735124400,2024-12-25 11:00:00,2024-12-25 12:00:00,ringsted,6.4,37.5,4.875,0.05,1026.05,98.25,66.6667
1735128000,2024-12-25 12:00:00,2024-12-25 13:00:00,ringsted,6.6,33.5,4.875,0.05,1026.12,98.25,66.6667
1735131600,2024-12-25 13:00:00,2024-12-25 14:00:00,ringsted,6.775,31.0,4.75,0.05,1026.33,98.5,66.6667
1735135200,2024-12-25 14:00:00,2024-12-25 15:00:00,ringsted,7.0,17.5,4.4,0.05,1026.59,98.5,66.6667
1735138800,2024-12-25 15:00:00,2024-12-25 16:00:00,ringsted,7.075,2.5,3.825,0.05,1026.87,98.5,66.6667
1735142400,2024-12-25 16:00:00,2024-12-25 17:00:00,ringsted,7.175,0.0,4.075,0.05,1027.13,98.75,66.6667
1735146000,2024-12-25 17:00:00,2024-12-25 18:00:00,ringsted,7.325,0.0,3.975,0.025,1027.62,98.75,66.6667
1735149600,2024-12-25 18:00:00,2024-12-25 19:00:00,ringsted,7.46667,0.0,3.6,0.0333333,1028.06,98.6667,64.7059
1735153200,2024-12-25 19:00:00,2024-12-25 20:00:00,ringsted,7.55,0.0,3.6,0.0,1028.11,99.0,66.6667
1735156800,2024-12-25 20:00:00,2024-12-25 21:00:00,ringsted,7.525,0.0,2.95,0.025,1028.28,99.0,66.6667
1735160400,2024-12-25 21:00:00,2024-12-25 22:00:00,ringsted,7.45,0.0,3.2,0.0,1028.56,99.0,66.6667
1735164000,2024-12-25 22:00:00,2024-12-25 23:00:00,ringsted,7.5,0.0,3.5,0.025,1028.61,99.0,66.6667
1735167600,2024-12-25 23:00:00,2024-12-26 00:00:00,ringsted,7.375,0.0,3.875,0.0,1028.7,98.5,66.6667
1735171200,2024-12-26 00:00:00,2024-12-26 01:00:00,ringsted,7.075,0.0,3.925,0.025,1028.91,98.5,66.6667
1735174800,2024-12-26 01:00:00,2024-12-26 02:00:00,ringsted,6.95,0.0,3.75,0.0,1029.34,98.5,66.6667
1735178400,2024-12-26 02:00:00,2024-12-26 03:00:00,ringsted,6.925,0.0,3.65,0.0,1029.43,98.25,66.6667
1735182000,2024-12-26 03:00:00,2024-12-26 04:00:00,ringsted,6.775,0.0,3.8,0.0,1029.64,97.5,66.6667
1735185600,2024-12-26 04:00:00,2024-12-26 05:00:00,ringsted,6.65,0.0,3.15,0.025,1029.85,97.75,67.2222
1735189200,2024-12-26 05:00:00,2024-12-26 06:00:00,ringsted,6.525,0.0,2.975,0.0,1030.01,97.75,66.6667
1735192800,2024-12-26 06:00:00,2024-12-26 07:00:00,ringsted,6.425,0.0,2.9,0.0,1030.25,97.5,66.6667
1735196400,2024-12-26 07:00:00,2024-12-26 08:00:00,ringsted,6.45,0.0,2.775,0.0,1030.73,97.5,66.1111
1735200000,2024-12-26 08:00:00,2024-12-26 09:00:00,ringsted,6.425,1.0,2.775,0.0,1031.18,97.25,66.6667
1735203600,2024-12-26 09:00:00,2024-12-26 10:00:00,ringsted,6.475,21.5,2.575,0.0,1031.53,97.0,66.6667
1735207200,2024-12-26 10:00:00,2024-12-26 11:00:00,ringsted,6.7,37.0,3.425,0.0,1031.57,96.5,66.6667
1735210800,2024-12-26 11:00:00,2024-12-26 12:00:00,ringsted,6.8,41.5,3.35,0.0,1031.52,95.25,67.2222
1735214400,2024-12-26 12:00:00,2024-12-26 13:00:00,ringsted,7.0,46.5,3.575,0.0,1031.54,94.5,70.5882
1735218000,2024-12-26 13:00:00,2024-12-26 14:00:00,ringsted,7.075,38.5,2.95,0.0,1031.73,94.0,66.6667
1735221600,2024-12-26 14:00:00,2024-12-26 15:00:00,ringsted,7.0,16.5,2.4,0.0,1031.75,94.75,66.6667
1735225200,2024-12-26 15:00:00,2024-12-26 16:00:00,ringsted,6.8,3.5,2.425,0.0,1031.78,95.25,66.6667
1735228800,2024-12-26 16:00:00,2024-12-26 17:00:00,ringsted,6.65,0.0,2.225,0.0,1031.75,96.25,66.6667
1735232400,2024-12-26 17:00:00,2024-12-26 18:00:00,ringsted,6.5,0.0,2.575,0.0,1031.84,97.0,66.6667
1735236000,2024-12-26 18:00:00,2024-12-26 19:00:00,ringsted,6.3,0.0,2.425,0.0,1031.98,97.0,66.6667
1735239600,2024-12-26 19:00:00,2024-12-26 20:00:00,ringsted,6.2,0.0,2.325,0.0,1032.1,97.0,66.6667
1735243200,2024-12-26 20:00:00,2024-12-26 21:00:00,ringsted,6.075,0.0,2.4,0.0,1032.01,97.0,66.6667
1735246800,2024-12-26 21:00:00,2024-12-26 22:00:00,ringsted,6.0,0.0,2.675,0.0,1031.83,97.25,66.6667
1735250400,2024-12-26 22:00:00,2024-12-26 23:00:00,ringsted,5.9,0.0,2.425,0.0,1031.8,97.25,66.6667
1735254000,2024-12-26 23:00:00,2024-12-27 00:00:00,ringsted,5.85,0.0,2.275,0.0,1031.48,97.25,66.6667
1735257600,2024-12-27 00:00:00,2024-12-27 01:00:00,ringsted,5.7,0.0,2.075,0.0,1031.38,97.5,66.6667
1735261200,2024-12-27 01:00:00,2024-12-27 02:00:00,ringsted,5.475,0.0,2.1,0.0,1031.57,98.0,44.4444
1735264800,2024-12-27 02:00:00,2024-12-27 03:00:00,ringsted,5.325,0.0,2.025,0.0,1031.38,98.5,50.0
1735268400,2024-12-27 03:00:00,2024-12-27 04:00:00,ringsted,5.3,0.0,1.875,0.0,1031.26,99.0,50.0
1735272000,2024-12-27 04:00:00,2024-12-27 05:00:00,ringsted,5.325,0.0,2.05,0.0,1031.07,99.0,66.6667
1735275600,2024-12-27 05:00:00,2024-12-27 06:00:00,ringsted,5.325,0.0,1.75,0.0,1031.04,98.75,66.6667
1735279200,2024-12-27 06:00:00,2024-12-27 07:00:00,ringsted,5.325,0.0,1.45,0.0,1030.96,98.75,66.6667
1735282800,2024-12-27 07:00:00,2024-12-27 08:00:00,ringsted,5.3,0.0,1.2,0.0,1030.81,98.75,66.6667
1735286400,2024-12-27 08:00:00,2024-12-27 09:00:00,ringsted,5.325,0.0,1.175,0.0,1030.42,98.75,66.6667
1735290000,2024-12-27 09:00:00,2024-12-27 10:00:00,ringsted,5.35,11.0,1.8,0.0,1030.39,98.5,65.0
1735293600,2024-12-27 10:00:00,2024-12-27 11:00:00,ringsted,5.325,27.5,2.35,0.0,1030.18,97.75,66.6667
1735297200,2024-12-27 11:00:00,2024-12-27 12:00:00,ringsted,5.3,26.0,2.45,0.0,1029.73,96.75,66.6667
1735300800,2024-12-27 12:00:00,2024-12-27 13:00:00,ringsted,5.15,27.0,2.9,0.0,1029.28,96.75,66.6667
1735304400,2024-12-27 13:00:00,2024-12-27 14:00:00,ringsted,5.0,18.5,2.875,0.0,1028.72,97.0,66.6667
1735308000,2024-12-27 14:00:00,2024-12-27 15:00:00,ringsted,4.75,9.0,2.725,0.0,1028.36,96.5,66.6667
1735311600,2024-12-27 15:00:00,2024-12-27 16:00:00,ringsted,4.575,2.0,2.2,0.0,1028.3,96.75,66.6667
1735315200,2024-12-27 16:00:00,2024-12-27 17:00:00,ringsted,4.475,0.0,1.9,0.0,1028.2,97.25,66.6667
1735318800,2024-12-27 17:00:00,2024-12-27 18:00:00,ringsted,4.375,0.0,1.825,0.0,1027.99,97.5,66.6667
1735322400,2024-12-27 18:00:00,2024-12-27 19:00:00,ringsted,4.35,0.0,1.45,0.025,1027.92,97.5,66.6667
1735326000,2024-12-27 19:00:00,2024-12-27 20:00:00,ringsted,4.325,0.0,1.525,0.0,1027.92,97.5,66.6667
1735329600,2024-12-27 20:00:00,2024-12-27 21:00:00,ringsted,4.275,0.0,1.775,0.0,1027.71,97.25,66.6667
1735333200,2024-12-27 21:00:00,2024-12-27 22:00:00,ringsted,4.125,0.0,1.825,0.0,1027.49,97.25,66.6667
1735336800,2024-12-27 22:00:00,2024-12-27 23:00:00,ringsted,4.0,0.0,1.85,0.0,1027.09,97.5,66.6667
1735340400,2024-12-27 23:00:00,2024-12-28 00:00:00,ringsted,3.925,0.0,1.825,0.0,1026.77,97.5,66.6667
1735344000,2024-12-28 00:00:00,2024-12-28 01:00:00,ringsted,3.95,0.0,1.9,0.0,1026.47,97.0,66.6667
1735347600,2024-12-28 01:00:00,2024-12-28 02:00:00,ringsted,3.8,0.0,2.125,0.0,1026.33,97.5,66.6667
1735351200,2024-12-28 02:00:00,2024-12-28 03:00:00,ringsted,3.65,0.0,2.075,0.0,1026.05,97.0,66.6667
1735354800,2024-12-28 03:00:00,2024-12-28 04:00:00,ringsted,3.6,0.0,2.0,0.0,1025.7,97.0,66.6667
1735358400,2024-12-28 04:00:00,2024-12-28 05:00:00,ringsted,3.55,0.0,1.875,0.0,1025.24,96.75,66.6667
1735362000,2024-12-28 05:00:00,2024-12-28 06:00:00,ringsted,3.6,0.0,1.725,0.0,1024.92,96.5,66.6667
1735365600,2024-12-28 06:00:00,2024-12-28 07:00:00,ringsted,3.575,0.0,1.725,0.025,1024.96,96.5,66.6667
1735369200,2024-12-28 07:00:00,2024-12-28 08:00:00,ringsted,3.5,0.0,1.6,0.025,1024.96,96.25,66.6667
1735372800,2024-12-28 08:00:00,2024-12-28 09:00:00,ringsted,3.5,0.0,1.475,0.025,1025.07,96.75,68.8889
1735376400,2024-12-28 09:00:00,2024-12-28 10:00:00,ringsted,3.45,6.5,1.75,0.0,1024.95,96.5,66.6667
1735380000,2024-12-28 10:00:00,2024-12-28 11:00:00,ringsted,3.375,18.0,1.775,0.0,1024.61,96.5,66.6667
1735383600,2024-12-28 11:00:00,2024-12-28 12:00:00,ringsted,3.35,28.5,2.35,0.0,1024.04,95.75,66.6667
1735387200,2024-12-28 12:00:00,2024-12-28 13:00:00,ringsted,3.3,31.0,2.475,0.0,1023.49,96.0,66.6667
1735390800,2024-12-28 13:00:00,2024-12-28 14:00:00,ringsted,3.175,22.5,2.425,0.0,1022.92,97.0,66.6667
1735394400,2024-12-28 14:00:00,2024-12-28 15:00:00,ringsted,2.95,11.5,2.45,0.0,1022.62,97.5,66.6667
1735398000,2024-12-28 15:00:00,2024-12-28 16:00:00,ringsted,2.825,3.5,2.55,0.0,1022.33,98.25,66.6667
1735401600,2024-12-28 16:00:00,2024-12-28 17:00:00,ringsted,2.775,0.0,3.0,0.0,1021.9,98.25,50.0
1735405200,2024-12-28 17:00:00,2024-12-28 18:00:00,ringsted,2.875,0.0,3.075,0.0,1021.64,98.75,66.6667
1735408800,2024-12-28 18:00:00,2024-12-28 19:00:00,ringsted,2.95,0.0,3.05,0.0,1021.26,99.0,66.6667
1735412400,2024-12-28 19:00:00,2024-12-28 20:00:00,ringsted,3.075,0.0,3.6,0.0,1020.88,99.0,66.6667
1735416000,2024-12-28 20:00:00,2024-12-28 21:00:00,ringsted,3.075,0.0,3.875,0.0,1020.52,98.75,66.6667
1735419600,2024-12-28 21:00:00,2024-12-28 22:00:00,ringsted,3.0,0.0,3.75,0.0,1020.26,98.5,66.6667
1735423200,2024-12-28 22:00:00,2024-12-28 23:00:00,ringsted,2.925,0.0,3.85,0.0,1019.75,98.25,61.1111
1735426800,2024-12-28 23:00:00,2024-12-29 00:00:00,ringsted,2.8,0.0,3.475,0.0,1019.31,98.75,66.6667
1735430400,2024-12-29 00:00:00,2024-12-29 01:00:00,ringsted,2.75,0.0,3.575,0.0,1018.82,98.75,33.3333
1735434000,2024-12-29 01:00:00,2024-12-29 02:00:00,ringsted,2.65,0.0,3.9,0.0,1018.34,98.75,44.4444
1735437600,2024-12-29 02:00:00,2024-12-29 03:00:00,ringsted,2.85,0.0,3.975,0.0,1017.84,99.0,66.6667
1735441200,2024-12-29 03:00:00,2024-12-29 04:00:00,ringsted,3.05,0.0,4.125,0.0,1017.39,99.0,66.6667
1735444800,2024-12-29 04:00:00,2024-12-29 05:00:00,ringsted,3.5,0.0,4.075,0.0,1016.98,99.0,66.6667
1735448400,2024-12-29 05:00:00,2024-12-29 06:00:00,ringsted,4.0,0.0,4.575,0.025,1016.54,99.0,66.6667
1735452000,2024-12-29 06:00:00,2024-12-29 07:00:00,ringsted,4.45,0.0,5.0,0.025,1016.57,98.75,66.6667
1735455600,2024-12-29 07:00:00,2024-12-29 08:00:00,ringsted,4.775,0.0,4.95,0.025,1016.75,98.75,66.6667
1735459200,2024-12-29 08:00:00,2024-12-29 09:00:00,ringsted,5.075,0.0,4.875,0.05,1016.88,98.5,66.6667
1735462800,2024-12-29 09:00:00,2024-12-29 10:00:00,ringsted,5.25,7.5,5.225,0.025,1017.04,98.25,66.6667
1735466400,2024-12-29 10:00:00,2024-12-29 11:00:00,ringsted,5.425,15.5,5.525,0.025,1016.85,98.25,66.6667
1735470000,2024-12-29 11:00:00,2024-12-29 12:00:00,ringsted,5.6,21.5,5.55,0.025,1016.23,98.5,66.6667
1735473600,2024-12-29 12:00:00,2024-12-29 13:00:00,ringsted,5.7,30.5,5.825,0.025,1015.78,98.25,66.6667
1735477200,2024-12-29 13:00:00,2024-12-29 14:00:00,ringsted,5.825,20.5,5.9,0.025,1015.47,97.5,66.6667
1735480800,2024-12-29 14:00:00,2024-12-29 15:00:00,ringsted,5.75,13.5,6.175,0.025,1015.41,97.0,66.6667
1735484400,2024-12-29 15:00:00,2024-12-29 16:00:00,ringsted,5.675,2.5,6.175,0.0,1015.16,96.75,65.0
1735488000,2024-12-29 16:00:00,2024-12-29 17:00:00,ringsted,5.75,0.0,6.675,0.0,1014.96,96.75,63.3333
1735491600,2024-12-29 17:00:00,2024-12-29 18:00:00,ringsted,6.05,0.0,6.775,0.0,1014.71,95.5,66.6667
1735495200,2024-12-29 18:00:00,2024-12-29 19:00:00,ringsted,6.45,0.0,6.8,0.0,1014.06,94.0,66.6667
1735498800,2024-12-29 19:00:00,2024-12-29 20:00:00,ringsted,6.675,0.0,7.45,0.0,1013.95,93.5,66.6667
1735502400,2024-12-29 20:00:00,2024-12-29 21:00:00,ringsted,6.95,0.0,7.775,0.0,1013.87,91.75,66.6667
1735506000,2024-12-29 21:00:00,2024-12-29 22:00:00,ringsted,7.025,0.0,7.675,0.0,1013.55,91.25,66.6667
1735509600,2024-12-29 22:00:00,2024-12-29 23:00:00,ringsted,6.875,0.0,7.575,0.0,1013.03,93.25,66.6667
1735513200,2024-12-29 23:00:00,2024-12-30 00:00:00,ringsted,6.875,0.0,7.55,0.0,1012.72,94.75,66.6667
1735516800,2024-12-30 00:00:00,2024-12-30 01:00:00,ringsted,7.05,0.0,7.825,0.0,1012.47,94.0,69.4444
1735520400,2024-12-30 01:00:00,2024-12-30 02:00:00,ringsted,7.15,0.0,7.35,0.025,1012.34,93.25,67.2222
1735524000,2024-12-30 02:00:00,2024-12-30 03:00:00,ringsted,7.35,0.0,7.325,0.025,1012.11,92.25,66.6667
1735527600,2024-12-30 03:00:00,2024-12-30 04:00:00,ringsted,7.625,0.0,7.375,0.025,1012.06,90.0,66.6667
1735531200,2024-12-30 04:00:00,2024-12-30 05:00:00,ringsted,7.8,0.0,7.525,0.0,1011.8,89.25,66.6667
1735534800,2024-12-30 05:00:00,2024-12-30 06:00:00,ringsted,7.875,0.0,7.8,0.0,1011.65,89.25,66.6667
1735538400,2024-12-30 06:00:00,2024-12-30 07:00:00,ringsted,7.525,0.0,7.275,0.0,1011.75,92.5,66.6667
1735542000,2024-12-30 07:00:00,2024-12-30 08:00:00,ringsted,7.525,0.0,7.25,0.0,1011.85,93.25,66.6667
1735545600,2024-12-30 08:00:00,2024-12-30 09:00:00,ringsted,7.525,0.0,7.375,0.0,1011.93,94.0,68.8889
1735549200,2024-12-30 09:00:00,2024-12-30 10:00:00,ringsted,7.525,8.0,7.575,0.05,1012.15,95.0,66.6667
1735552800,2024-12-30 10:00:00,2024-12-30 11:00:00,ringsted,7.65,22.5,7.25,0.0,1011.88,94.5,66.6667
1735556400,2024-12-30 11:00:00,2024-12-30 12:00:00,ringsted,7.925,20.5,7.85,0.0,1011.32,92.0,71.1111
1735560000,2024-12-30 12:00:00,2024-12-30 13:00:00,ringsted,7.85,19.0,8.275,0.025,1010.89,92.25,67.2222
1735563600,2024-12-30 13:00:00,2024-12-30 14:00:00,ringsted,7.675,14.5,8.35,0.025,1010.56,94.5,67.2222
1735567200,2024-12-30 14:00:00,2024-12-30 15:00:00,ringsted,7.75,9.0,8.2,0.0,1010.28,91.75,67.2222
1735570800,2024-12-30 15:00:00,2024-12-30 16:00:00,ringsted,7.75,1.0,8.65,0.025,1009.94,91.25,67.7778
1735574400,2024-12-30 16:00:00,2024-12-30 17:00:00,ringsted,7.475,0.0,9.25,0.025,1009.85,91.0,66.6667
1735578000,2024-12-30 17:00:00,2024-12-30 18:00:00,ringsted,7.1,0.0,9.125,0.025,1009.78,92.5,66.6667
1735581600,2024-12-30 18:00:00,2024-12-30 19:00:00,ringsted,6.95,0.0,8.825,0.0,1009.77,92.25,68.8889
1735585200,2024-12-30 19:00:00,2024-12-30 20:00:00,ringsted,6.925,0.0,8.125,0.25,1009.65,94.0,71.6667
1735588800,2024-12-30 20:00:00,2024-12-30 21:00:00,ringsted,7.2,0.0,8.25,0.175,1009.72,94.25,66.6667
1735592400,2024-12-30 21:00:00,2024-12-30 22:00:00,ringsted,7.35,0.0,8.5,0.1,1010.05,95.5,70.0
1735596000,2024-12-30 22:00:00,2024-12-30 23:00:00,ringsted,7.575,0.0,8.6,0.1,1010.49,95.25,66.6667
1735599600,2024-12-30 23:00:00,2024-12-31 00:00:00,ringsted,7.8,0.0,8.225,0.0,1010.81,94.5,67.2222
1735603200,2024-12-31 00:00:00,2024-12-31 01:00:00,ringsted,7.925,0.0,7.9,0.075,1010.95,94.75,66.6667
1735606800,2024-12-31 01:00:00,2024-12-31 02:00:00,ringsted,8.125,0.0,7.75,0.025,1011.2,94.25,66.6667
1735610400,2024-12-31 02:00:00,2024-12-31 03:00:00,ringsted,8.325,0.0,6.95,0.0,1011.75,92.5,66.6667
1735614000,2024-12-31 03:00:00,2024-12-31 04:00:00,ringsted,8.15,0.0,6.425,0.0,1012.28,90.25,67.7778
1735617600,2024-12-31 04:00:00,2024-12-31 05:00:00,ringsted,7.425,0.0,5.575,0.0,1012.65,90.75,83.3333
1735621200,2024-12-31 05:00:00,2024-12-31 06:00:00,ringsted,6.85,0.0,4.2,0.1,1013.08,93.0,88.3333
1735624800,2024-12-31 06:00:00,2024-12-31 07:00:00,ringsted,6.175,0.0,2.9,0.275,1013.09,96.5,72.7778
1735628400,2024-12-31 07:00:00,2024-12-31 08:00:00,ringsted,6.025,0.0,2.125,0.475,1012.78,97.5,69.4444
1735632000,2024-12-31 08:00:00,2024-12-31 09:00:00,ringsted,6.275,0.0,4.275,0.175,1012.66,98.0,68.3333
1735635600,2024-12-31 09:00:00,2024-12-31 10:00:00,ringsted,6.5,5.0,6.225,0.1,1012.63,97.5,66.6667
1735639200,2024-12-31 10:00:00,2024-12-31 11:00:00,ringsted,6.825,16.5,7.4,0.0,1012.45,94.5,66.6667
1735642800,2024-12-31 11:00:00,2024-12-31 12:00:00,ringsted,6.85,27.0,7.575,0.0,1011.9,91.75,65.5556
1735646400,2024-12-31 12:00:00,2024-12-31 13:00:00,ringsted,6.9,23.0,7.475,0.0,1011.3,89.25,65.0
1735650000,2024-12-31 13:00:00,2024-12-31 14:00:00,ringsted,6.8,15.5,7.15,0.0,1010.28,88.25,70.5882
1735653600,2024-12-31 14:00:00,2024-12-31 15:00:00,ringsted,6.5,7.5,7.725,0.0,1009.48,89.5,66.6667
1735657200,2024-12-31 15:00:00,2024-12-31 16:00:00,ringsted,6.05,1.0,7.95,0.0,1008.68,91.25,66.6667
1735660800,2024-12-31 16:00:00,2024-12-31 17:00:00,ringsted,5.675,0.0,7.95,0.0,1007.94,91.25,66.6667
1735664400,2024-12-31 17:00:00,2024-12-31 18:00:00,ringsted,5.325,0.0,8.675,0.0,1007.11,92.25,66.6667
1735668000,2024-12-31 18:00:00,2024-12-31 19:00:00,ringsted,4.975,0.0,8.775,0.0,1006.05,92.75,66.6667
1735671600,2024-12-31 19:00:00,2024-12-31 20:00:00,ringsted,4.725,0.0,9.275,0.0,1005.15,94.0,66.6667
1735675200,2024-12-31 20:00:00,2024-12-31 21:00:00,ringsted,4.825,0.0,9.825,0.0,1004.16,93.75,67.7778
1735678800,2024-12-31 21:00:00,2024-12-31 22:00:00,ringsted,4.825,0.0,10.625,0.0,1003.23,93.0,67.2222
1735682400,2024-12-31 22:00:00,2024-12-31 23:00:00,ringsted,4.8,0.0,10.15,0.025,1002.18,93.75,66.6667
1735686000,2024-12-31 23:00:00,2025-01-01 00:00:00,ringsted,5.125,0.0,10.2,0.05,1001.13,92.75,66.6667
